association_identity_teacher_only,partition,event,observations,distinct_traversals,full_visibility_rows,star_variants,canonical_exit_count
0,fit,geometry_transition,3,2,3,1,2
1,fit,geometry_transition,5,2,5,1,2
2,fit,geometry_transition,1,1,1,1,2
3,fit,geometry_transition,5,2,5,1,2
4,fit,geometry_transition,5,2,5,1,2
5,fit,geometry_transition,8,2,8,1,2
6,fit,geometry_transition,3,2,3,1,2
7,fit,geometry_transition,2,2,2,1,2
8,fit,geometry_transition,6,2,6,1,2
9,fit,geometry_transition,3,2,3,1,2
10,fit,geometry_transition,3,2,3,1,2
11,fit,geometry_transition,4,2,4,1,2
12,fit,geometry_transition,3,2,3,1,2
13,fit,geometry_transition,4,2,4,1,2
14,fit,geometry_transition,3,2,3,1,2
15,fit,geometry_transition,6,2,6,1,2
16,fit,geometry_transition,1,1,1,1,2
17,fit,geometry_transition,1,1,1,1,2
18,fit,geometry_transition,6,2,6,1,2
19,fit,geometry_transition,7,2,7,1,2
20,fit,geometry_transition,2,2,2,1,2
21,fit,geometry_transition,5,2,5,1,2
22,fit,geometry_transition,3,2,3,1,2
23,fit,geometry_transition,6,2,6,1,2
24,fit,geometry_transition,3,2,3,1,2
25,fit,geometry_transition,5,2,5,1,2
26,fit,geometry_transition,3,2,3,1,2
27,fit,geometry_transition,8,2,8,1,2
28,fit,geometry_transition,6,2,6,1,2
29,fit,geometry_transition,8,2,8,1,2
30,fit,geometry_transition,13,2,13,1,2
31,fit,junction,48,6,48,1,3
32,fit,terminal,17,2,17,1,1
33,fit,terminal,17,2,17,1,1
34,fit,junction,44,6,44,1,3
35,fit,terminal,14,2,14,1,1
36,fit,terminal,17,2,17,1,1
37,fit,junction,40,6,40,1,3
38,fit,terminal,17,2,17,1,1
39,fit,geometry_transition,1,1,1,1,2
40,fit,turn,1,1,1,1,2
41,fit,geometry_transition,8,2,8,1,2
42,fit,turn,3,2,3,1,2
43,fit,geometry_transition,2,2,2,1,2
44,fit,geometry_transition,9,2,9,1,2
45,fit,geometry_transition,9,2,9,1,2
46,fit,geometry_transition,12,2,12,1,2
47,fit,terminal,17,2,17,1,1
48,fit,terminal,15,2,15,1,1
49,fit,junction,29,6,29,1,3
50,fit,junction,37,6,37,1,3
51,fit,terminal,17,2,17,1,1
52,fit,terminal,16,2,16,1,1
53,fit,terminal,17,2,17,1,1
54,fit,junction,48,6,48,1,3
55,fit,geometry_transition,6,2,6,1,2
56,fit,geometry_transition,14,2,14,1,2
57,fit,geometry_transition,4,2,4,1,2
58,fit,geometry_transition,1,1,1,1,2
59,fit,geometry_transition,2,2,2,1,2
60,fit,geometry_transition,2,2,2,1,2
61,fit,geometry_transition,1,1,1,1,2
62,fit,geometry_transition,8,2,8,1,2
63,fit,geometry_transition,4,2,4,1,2
64,fit,geometry_transition,4,2,4,1,2
65,fit,geometry_transition,4,2,4,1,2
66,fit,geometry_transition,12,2,12,1,2
67,fit,geometry_transition,12,2,12,1,2
68,fit,geometry_transition,1,1,1,1,2
69,fit,geometry_transition,16,2,16,1,2
70,fit,geometry_transition,1,1,1,1,2
71,fit,geometry_transition,8,2,8,1,2
72,fit,geometry_transition,3,2,3,1,2
73,fit,geometry_transition,1,1,1,1,2
74,fit,geometry_transition,12,2,12,1,2
75,fit,geometry_transition,13,2,13,1,2
76,fit,geometry_transition,1,1,1,1,2
77,fit,geometry_transition,1,1,1,1,2
78,fit,geometry_transition,6,2,6,1,2
79,fit,geometry_transition,14,2,14,1,2
80,fit,geometry_transition,18,2,18,1,2
81,fit,terminal,17,2,17,1,1
82,fit,junction,51,6,51,1,3
83,fit,terminal,17,2,17,1,1
84,fit,terminal,16,2,16,1,1
85,fit,junction,51,6,51,1,3
86,fit,terminal,17,2,17,1,1
87,fit,turn,6,2,6,1,2
88,fit,geometry_transition,2,1,2,1,2
89,fit,geometry_transition,1,1,1,1,2
90,fit,geometry_transition,2,2,2,1,2
91,fit,geometry_transition,2,2,2,1,2
92,fit,geometry_transition,4,2,4,1,2
93,fit,geometry_transition,3,2,3,1,2
94,fit,geometry_transition,5,2,5,1,2
95,fit,geometry_transition,8,2,8,1,2
96,fit,geometry_transition,1,1,1,1,2
97,fit,geometry_transition,10,2,10,1,2
98,fit,geometry_transition,2,2,2,1,2
99,fit,geometry_transition,12,2,12,1,2
100,fit,geometry_transition,12,2,12,1,2
101,fit,geometry_transition,8,2,8,1,2
102,fit,geometry_transition,2,2,2,1,2
103,fit,geometry_transition,17,2,17,1,2
104,fit,geometry_transition,9,2,9,1,2
105,fit,junction,38,6,38,1,3
106,fit,terminal,10,2,10,1,1
107,fit,terminal,1,1,1,1,1
108,fit,terminal,16,2,16,1,1
109,fit,terminal,10,2,10,1,1
110,fit,junction,32,6,32,1,3
111,fit,junction,33,6,33,1,3
112,fit,terminal,17,2,17,1,1
113,fit,geometry_transition,7,2,7,1,2
114,fit,geometry_transition,8,2,8,1,2
115,fit,geometry_transition,12,2,12,1,2
116,fit,geometry_transition,5,2,5,1,2
117,fit,geometry_transition,6,2,6,1,2
118,fit,geometry_transition,9,2,9,1,2
119,fit,geometry_transition,9,2,9,1,2
120,fit,geometry_transition,4,2,4,1,2
121,fit,geometry_transition,2,2,2,1,2
122,fit,geometry_transition,4,2,4,1,2
123,fit,geometry_transition,9,2,9,1,2
124,fit,geometry_transition,7,2,7,1,2
125,fit,geometry_transition,5,2,5,1,2
126,fit,geometry_transition,2,2,2,1,2
127,fit,geometry_transition,12,2,12,1,2
128,fit,geometry_transition,7,2,7,1,2
129,fit,geometry_transition,10,2,10,1,2
130,fit,geometry_transition,21,2,21,1,2
131,fit,geometry_transition,7,2,7,1,2
132,fit,geometry_transition,10,2,10,1,2
133,fit,geometry_transition,3,2,3,1,2
134,fit,geometry_transition,3,2,3,1,2
135,fit,geometry_transition,10,2,10,1,2
136,fit,geometry_transition,7,2,7,1,2
137,fit,geometry_transition,1,1,1,1,2
138,fit,geometry_transition,4,2,4,1,2
139,fit,geometry_transition,3,2,3,1,2
140,fit,geometry_transition,1,1,1,1,2
141,fit,geometry_transition,9,2,9,1,2
142,fit,geometry_transition,2,1,2,1,2
143,fit,geometry_transition,8,2,8,1,2
144,fit,geometry_transition,3,2,3,1,2
145,fit,geometry_transition,1,1,1,1,2
146,fit,geometry_transition,2,2,2,1,2
147,fit,geometry_transition,1,1,1,1,2
148,fit,terminal,17,2,17,1,1
149,fit,terminal,17,2,17,1,1
150,fit,terminal,17,2,17,1,1
151,fit,junction,51,6,51,1,3
152,fit,junction,48,6,48,1,3
153,fit,terminal,12,2,12,1,1
154,fit,junction,34,6,34,1,3
155,fit,terminal,14,2,14,1,1
156,fit,geometry_transition,1,1,1,1,2
157,fit,geometry_transition,1,1,1,1,2
158,fit,turn,5,2,5,1,2
159,fit,turn,4,2,4,1,2
160,fit,turn,7,2,7,1,2
161,fit,geometry_transition,2,2,2,1,2
162,fit,turn,4,2,4,1,2
163,fit,turn,8,2,8,1,2
164,fit,geometry_transition,1,1,1,1,2
165,fit,geometry_transition,1,1,1,1,2
166,fit,geometry_transition,1,1,1,1,2
167,fit,geometry_transition,3,2,3,1,2
168,fit,geometry_transition,1,1,1,1,2
169,fit,geometry_transition,2,1,2,1,2
170,fit,geometry_transition,10,2,10,1,2
171,fit,geometry_transition,10,2,10,1,2
172,fit,geometry_transition,1,1,1,1,2
173,fit,geometry_transition,1,1,1,1,2
174,fit,geometry_transition,3,2,3,1,2
175,fit,geometry_transition,8,2,8,1,2
176,fit,geometry_transition,5,2,5,1,2
177,fit,geometry_transition,5,2,5,1,2
178,fit,geometry_transition,8,2,8,1,2
179,fit,geometry_transition,4,2,4,1,2
180,fit,terminal,12,2,12,1,1
181,fit,terminal,17,2,17,1,1
182,fit,junction,44,6,44,1,3
183,fit,junction,51,6,51,1,3
184,fit,terminal,17,2,17,1,1
185,fit,terminal,17,2,17,1,1
186,selection,geometry_transition,1,1,1,1,2
187,selection,geometry_transition,6,2,6,1,2
188,selection,geometry_transition,5,2,5,1,2
189,selection,geometry_transition,5,2,5,1,2
190,selection,geometry_transition,7,2,7,1,2
191,selection,geometry_transition,1,1,1,1,2
192,selection,geometry_transition,2,2,2,1,2
193,selection,turn,5,2,5,1,2
194,selection,turn,3,2,3,1,2
195,selection,terminal,17,2,17,1,1
196,selection,terminal,11,2,11,1,1
197,selection,junction,47,6,47,1,3
198,selection,terminal,14,2,14,1,1
199,selection,junction,49,6,49,1,3
200,selection,junction,41,6,41,1,3
201,selection,terminal,17,2,17,1,1
202,selection,terminal,14,2,14,1,1
203,selection,geometry_transition,2,2,2,1,2
204,selection,geometry_transition,14,2,14,1,2
205,selection,geometry_transition,19,2,19,1,2
206,selection,geometry_transition,2,1,2,1,2
207,selection,geometry_transition,24,2,24,1,2
208,selection,geometry_transition,4,2,4,1,2
209,selection,geometry_transition,1,1,1,1,2
210,selection,geometry_transition,5,2,5,1,2
211,selection,geometry_transition,1,1,1,1,2
212,selection,geometry_transition,3,1,3,1,2
213,selection,geometry_transition,7,2,7,1,2
214,selection,geometry_transition,6,2,6,1,2
215,selection,geometry_transition,5,2,5,1,2
216,selection,geometry_transition,21,2,21,1,2
217,selection,geometry_transition,16,2,16,1,2
218,selection,geometry_transition,8,2,8,1,2
219,selection,geometry_transition,7,2,7,1,2
220,selection,geometry_transition,8,2,8,1,2
221,selection,geometry_transition,10,2,10,1,2
222,selection,geometry_transition,4,2,4,1,2
223,selection,junction,35,6,35,1,3
224,selection,junction,52,8,52,1,4
225,selection,terminal,17,2,17,1,1
226,selection,junction,46,6,46,1,3
227,selection,terminal,8,2,8,1,1
228,selection,terminal,17,2,17,1,1
229,selection,junction,46,6,46,1,3
230,selection,terminal,17,2,17,1,1
231,selection,terminal,17,2,17,1,1
262,fit,geometry_transition,17,2,17,1,2
263,fit,geometry_transition,16,2,16,1,2
264,fit,geometry_transition,3,2,3,1,2
265,fit,geometry_transition,6,2,6,1,2
266,fit,geometry_transition,4,2,4,1,2
267,fit,geometry_transition,2,1,2,1,2
268,fit,geometry_transition,4,2,4,1,2
269,fit,geometry_transition,7,2,7,1,2
270,fit,geometry_transition,3,2,3,1,2
271,fit,geometry_transition,4,2,4,1,2
272,fit,geometry_transition,15,2,15,1,2
273,fit,geometry_transition,1,1,1,1,2
274,fit,geometry_transition,11,2,11,1,2
275,fit,geometry_transition,1,1,1,1,2
276,fit,geometry_transition,6,2,6,1,2
277,fit,geometry_transition,4,2,4,1,2
278,fit,geometry_transition,5,2,5,1,2
279,fit,geometry_transition,4,2,4,1,2
280,fit,geometry_transition,6,2,6,1,2
281,fit,geometry_transition,2,2,2,1,2
282,fit,geometry_transition,2,2,2,1,2
283,fit,geometry_transition,1,1,1,1,2
284,fit,geometry_transition,14,2,14,1,2
285,fit,geometry_transition,3,2,3,1,2
286,fit,geometry_transition,7,2,7,1,2
287,fit,terminal,17,2,17,1,1
288,fit,terminal,17,2,17,1,1
289,fit,terminal,16,2,16,1,1
290,fit,junction,44,6,44,1,3
291,fit,junction,45,6,45,1,3
292,fit,terminal,17,2,17,1,1
293,fit,geometry_transition,6,2,6,1,2
294,fit,geometry_transition,6,2,6,1,2
295,fit,geometry_transition,2,1,2,1,2
296,fit,geometry_transition,6,2,6,1,2
297,fit,geometry_transition,3,2,3,1,2
298,fit,geometry_transition,4,2,4,1,2
299,fit,geometry_transition,1,1,1,1,2
300,fit,turn,6,2,6,1,2
301,fit,geometry_transition,1,1,1,1,2
302,fit,turn,1,1,1,1,2
303,fit,geometry_transition,1,1,1,1,2
304,fit,geometry_transition,5,2,5,1,2
305,fit,geometry_transition,2,2,2,1,2
306,fit,geometry_transition,9,2,9,1,2
307,fit,geometry_transition,1,1,1,1,2
308,fit,geometry_transition,1,1,1,1,2
309,fit,geometry_transition,4,2,4,1,2
310,fit,turn,3,2,3,1,2
311,fit,geometry_transition,8,2,8,1,2
312,fit,geometry_transition,1,1,1,1,2
313,fit,geometry_transition,1,1,1,1,2
314,fit,terminal,7,2,7,1,1
315,fit,junction,44,6,44,1,3
316,fit,terminal,17,2,17,1,1
317,fit,junction,48,6,48,1,3
318,fit,junction,45,6,45,1,3
319,fit,terminal,17,2,17,1,1
320,fit,terminal,14,2,14,1,1
321,fit,terminal,16,2,16,1,1
322,fit,geometry_transition,2,2,2,1,2
323,fit,geometry_transition,17,2,17,1,2
324,fit,geometry_transition,2,2,2,1,2
325,fit,geometry_transition,4,2,4,1,2
326,fit,geometry_transition,4,2,4,1,2
327,fit,geometry_transition,1,1,1,1,2
328,fit,geometry_transition,4,2,4,1,2
329,fit,geometry_transition,6,2,6,1,2
330,fit,turn,10,2,10,1,2
331,fit,geometry_transition,5,2,5,1,2
332,fit,geometry_transition,4,2,4,1,2
333,fit,turn,8,2,8,1,2
334,fit,turn,3,2,3,1,2
335,fit,geometry_transition,5,2,5,1,2
336,fit,geometry_transition,1,1,1,1,2
337,fit,geometry_transition,5,2,5,1,2
338,fit,geometry_transition,3,2,3,1,2
339,fit,geometry_transition,1,1,1,1,2
340,fit,geometry_transition,1,1,1,1,2
341,fit,geometry_transition,7,2,7,1,2
342,fit,terminal,17,2,17,1,1
343,fit,junction,51,6,51,1,3
344,fit,junction,51,6,51,1,3
345,fit,junction,51,6,51,1,3
346,fit,terminal,17,2,17,1,1
347,fit,terminal,15,2,15,1,1
348,fit,terminal,17,2,17,1,1
349,fit,terminal,17,2,17,1,1
350,fit,geometry_transition,9,2,9,1,2
351,fit,geometry_transition,3,2,3,1,2
352,fit,geometry_transition,2,2,2,1,2
353,fit,geometry_transition,8,2,8,1,2
354,fit,turn,4,2,4,1,2
355,fit,geometry_transition,3,2,3,1,2
356,fit,geometry_transition,4,2,4,1,2
357,fit,geometry_transition,5,2,5,1,2
358,fit,turn,5,2,5,1,2
359,fit,turn,2,2,2,1,2
360,fit,geometry_transition,6,2,6,1,2
361,fit,turn,5,2,5,1,2
362,fit,geometry_transition,2,2,2,1,2
363,fit,geometry_transition,6,2,6,1,2
364,fit,geometry_transition,3,1,3,1,2
365,fit,geometry_transition,4,2,4,1,2
366,fit,geometry_transition,3,1,3,1,2
367,fit,geometry_transition,4,2,4,1,2
368,fit,geometry_transition,3,2,3,1,2
369,fit,geometry_transition,3,2,3,1,2
370,fit,geometry_transition,7,2,7,1,2
371,fit,turn,3,2,3,1,2
372,fit,geometry_transition,1,1,1,1,2
373,fit,turn,13,2,13,1,2
374,fit,turn,3,2,3,1,2
375,fit,junction,39,6,39,1,3
376,fit,terminal,8,2,8,1,1
377,fit,terminal,17,2,17,1,1
378,fit,junction,37,6,37,1,3
379,fit,terminal,17,2,17,1,1
380,fit,terminal,17,2,17,1,1
381,fit,geometry_transition,9,2,9,1,2
382,fit,geometry_transition,7,2,7,1,2
383,fit,geometry_transition,14,2,14,1,2
384,fit,geometry_transition,1,1,1,1,2
385,fit,turn,4,2,4,1,2
386,fit,geometry_transition,2,2,2,1,2
387,fit,geometry_transition,2,2,2,1,2
388,fit,turn,5,2,5,1,2
389,fit,turn,1,1,1,1,2
390,fit,turn,1,1,1,1,2
391,fit,geometry_transition,1,1,1,1,2
392,fit,geometry_transition,7,2,7,1,2
393,fit,geometry_transition,6,2,6,1,2
394,fit,geometry_transition,4,2,4,1,2
395,fit,geometry_transition,5,2,5,1,2
396,fit,geometry_transition,4,2,4,1,2
397,fit,geometry_transition,6,2,6,1,2
398,fit,geometry_transition,6,2,6,1,2
399,fit,geometry_transition,3,2,3,1,2
400,fit,geometry_transition,4,2,4,1,2
401,fit,geometry_transition,8,2,8,1,2
402,fit,geometry_transition,9,2,9,1,2
403,fit,geometry_transition,3,2,3,1,2
404,fit,terminal,17,2,17,1,1
405,fit,terminal,5,2,5,1,1
406,fit,junction,51,6,51,1,3
407,fit,terminal,17,2,17,1,1
408,fit,junction,37,6,37,1,3
409,fit,junction,43,6,43,1,3
410,fit,terminal,16,2,16,1,1
411,fit,terminal,17,2,17,1,1
412,fit,turn,6,2,6,1,2
413,fit,geometry_transition,7,2,7,1,2
414,fit,turn,6,2,6,1,2
415,fit,geometry_transition,3,2,3,1,2
416,fit,geometry_transition,1,1,1,1,2
417,fit,geometry_transition,7,2,7,1,2
418,fit,geometry_transition,1,1,1,1,2
419,fit,geometry_transition,1,1,1,1,2
420,fit,geometry_transition,11,2,11,1,2
421,fit,turn,12,2,12,1,2
422,fit,geometry_transition,2,2,2,1,2
423,fit,turn,2,2,2,1,2
424,fit,geometry_transition,1,1,1,1,2
425,fit,geometry_transition,2,1,2,1,2
426,fit,geometry_transition,6,2,6,1,2
427,fit,geometry_transition,6,2,6,1,2
428,fit,geometry_transition,7,2,7,1,2
429,fit,geometry_transition,7,2,7,1,2
430,fit,geometry_transition,1,1,1,1,2
431,fit,geometry_transition,1,1,1,1,2
432,fit,geometry_transition,5,2,5,1,2
433,fit,geometry_transition,6,2,6,1,2
434,fit,geometry_transition,1,1,1,1,2
435,fit,geometry_transition,4,2,4,1,2
436,fit,geometry_transition,14,2,14,1,2
437,fit,geometry_transition,9,2,9,1,2
438,fit,geometry_transition,6,2,6,1,2
439,fit,geometry_transition,9,2,9,1,2
440,fit,geometry_transition,2,1,2,1,2
441,fit,geometry_transition,8,2,8,1,2
442,fit,geometry_transition,9,2,9,1,2
443,fit,geometry_transition,3,2,3,1,2
444,fit,geometry_transition,7,2,7,1,2
445,fit,geometry_transition,1,1,1,1,2
446,fit,geometry_transition,1,1,1,1,2
447,fit,geometry_transition,4,2,4,1,2
448,fit,geometry_transition,3,2,3,1,2
449,fit,geometry_transition,5,2,5,1,2
450,fit,geometry_transition,8,2,8,1,2
451,fit,geometry_transition,13,2,13,1,2
452,fit,terminal,17,2,17,1,1
453,fit,junction,51,6,51,1,3
454,fit,terminal,15,2,15,1,1
455,fit,terminal,17,2,17,1,1
456,fit,junction,51,6,51,1,3
457,fit,terminal,7,2,7,1,1
458,selection,geometry_transition,3,1,3,1,2
459,selection,turn,11,2,11,1,2
460,selection,geometry_transition,2,2,2,1,2
461,selection,turn,13,2,13,1,2
462,selection,geometry_transition,3,2,3,1,2
463,selection,geometry_transition,8,2,8,1,2
464,selection,geometry_transition,2,2,2,1,2
465,selection,geometry_transition,2,2,2,1,2
466,selection,turn,2,2,2,1,2
467,selection,geometry_transition,10,2,10,1,2
468,selection,geometry_transition,2,2,2,1,2
469,selection,turn,4,2,4,1,2
470,selection,geometry_transition,5,2,5,1,2
471,selection,geometry_transition,8,2,8,1,2
472,selection,geometry_transition,2,2,2,1,2
473,selection,geometry_transition,3,2,3,1,2
474,selection,terminal,17,2,17,1,1
475,selection,terminal,17,2,17,1,1
476,selection,terminal,17,2,17,1,1
477,selection,junction,27,6,27,1,3
478,selection,junction,41,6,41,1,3
479,selection,terminal,10,2,10,1,1
480,selection,geometry_transition,2,1,2,1,2
481,selection,geometry_transition,6,2,6,1,2
482,selection,geometry_transition,5,2,5,1,2
483,selection,geometry_transition,7,2,7,1,2
484,selection,geometry_transition,4,2,4,1,2
485,selection,geometry_transition,1,1,1,1,2
486,selection,geometry_transition,1,1,1,1,2
487,selection,geometry_transition,4,2,4,1,2
488,selection,geometry_transition,19,2,19,1,2
489,selection,geometry_transition,5,2,5,1,2
490,selection,geometry_transition,5,2,5,1,2
491,selection,geometry_transition,2,2,2,1,2
492,selection,geometry_transition,3,1,3,1,2
493,selection,geometry_transition,9,2,9,1,2
494,selection,geometry_transition,3,1,3,1,2
495,selection,geometry_transition,2,1,2,1,2
496,selection,geometry_transition,11,2,11,1,2
497,selection,geometry_transition,4,2,4,1,2
498,selection,geometry_transition,5,2,5,1,2
499,selection,geometry_transition,2,2,2,1,2
500,selection,terminal,17,2,17,1,1
501,selection,junction,51,6,51,1,3
502,selection,junction,51,6,51,1,3
503,selection,junction,45,6,45,1,3
504,selection,terminal,17,2,17,1,1
505,selection,terminal,17,2,17,1,1
506,selection,terminal,17,2,17,1,1
507,selection,terminal,12,2,12,1,1
562,fit,turn,2,2,2,1,2
563,fit,geometry_transition,18,2,18,1,2
564,fit,geometry_transition,5,2,5,1,2
565,fit,geometry_transition,4,2,4,1,2
566,fit,geometry_transition,1,1,1,1,2
567,fit,geometry_transition,4,2,4,1,2
568,fit,geometry_transition,11,2,11,1,2
569,fit,geometry_transition,4,2,4,1,2
570,fit,geometry_transition,5,2,5,1,2
571,fit,geometry_transition,2,2,2,1,2
572,fit,geometry_transition,6,2,6,1,2
573,fit,geometry_transition,9,2,9,1,2
574,fit,geometry_transition,2,2,2,1,2
575,fit,geometry_transition,7,2,7,1,2
576,fit,terminal,8,2,8,1,1
577,fit,terminal,17,2,17,1,1
578,fit,junction,51,6,51,1,3
579,fit,terminal,7,2,7,1,1
580,fit,junction,51,6,51,1,3
581,fit,junction,51,6,51,1,3
582,fit,junction,51,6,51,1,3
583,fit,terminal,17,2,17,1,1
584,fit,geometry_transition,5,2,5,1,2
585,fit,geometry_transition,2,2,2,1,2
586,fit,geometry_transition,2,2,2,1,2
587,fit,geometry_transition,6,2,6,1,2
588,fit,geometry_transition,2,2,2,1,2
589,fit,geometry_transition,1,1,1,1,2
590,fit,geometry_transition,4,2,4,1,2
591,fit,geometry_transition,2,1,2,1,2
592,fit,geometry_transition,3,2,3,1,2
593,fit,geometry_transition,8,2,8,1,2
594,fit,geometry_transition,8,2,8,1,2
595,fit,geometry_transition,3,2,3,1,2
596,fit,geometry_transition,13,2,13,1,2
597,fit,geometry_transition,7,2,7,1,2
598,fit,geometry_transition,12,2,12,1,2
599,fit,geometry_transition,10,2,10,1,2
600,fit,geometry_transition,3,2,3,1,2
601,fit,geometry_transition,1,1,1,1,2
602,fit,geometry_transition,3,2,3,1,2
603,fit,geometry_transition,3,2,3,1,2
604,fit,geometry_transition,6,2,6,1,2
605,fit,geometry_transition,12,2,12,1,2
606,fit,geometry_transition,8,2,8,1,2
607,fit,geometry_transition,1,1,1,1,2
608,fit,geometry_transition,8,2,8,1,2
609,fit,geometry_transition,2,2,2,1,2
610,fit,geometry_transition,1,1,1,1,2
611,fit,geometry_transition,4,2,4,1,2
612,fit,geometry_transition,1,1,1,1,2
613,fit,geometry_transition,6,2,6,1,2
614,fit,geometry_transition,3,2,3,1,2
615,fit,geometry_transition,6,2,6,1,2
616,fit,geometry_transition,2,2,2,1,2
617,fit,geometry_transition,16,2,16,1,2
618,fit,geometry_transition,14,2,14,1,2
619,fit,geometry_transition,12,2,12,1,2
620,fit,terminal,17,2,17,1,1
621,fit,junction,49,6,49,1,3
622,fit,terminal,17,2,17,1,1
623,fit,junction,51,6,51,1,3
624,fit,junction,46,6,46,1,3
625,fit,junction,51,6,51,1,3
626,fit,terminal,17,2,17,1,1
627,fit,terminal,17,2,17,1,1
628,fit,geometry_transition,9,2,9,1,2
629,fit,geometry_transition,2,2,2,1,2
630,fit,geometry_transition,3,2,3,1,2
631,fit,geometry_transition,3,2,3,1,2
632,fit,geometry_transition,17,2,17,1,2
633,fit,geometry_transition,1,1,1,1,2
634,fit,geometry_transition,4,2,4,1,2
635,fit,geometry_transition,6,2,6,1,2
636,fit,geometry_transition,18,2,18,1,2
637,fit,geometry_transition,4,2,4,1,2
638,fit,geometry_transition,4,2,4,1,2
639,fit,geometry_transition,4,2,4,1,2
640,fit,geometry_transition,5,2,5,1,2
641,fit,geometry_transition,6,2,6,1,2
642,fit,geometry_transition,7,2,7,1,2
643,fit,geometry_transition,9,2,9,1,2
644,fit,geometry_transition,11,2,11,1,2
645,fit,geometry_transition,9,2,9,1,2
646,fit,geometry_transition,1,1,1,1,2
647,fit,geometry_transition,1,1,1,1,2
648,fit,geometry_transition,6,2,6,1,2
649,fit,geometry_transition,2,1,2,1,2
650,fit,geometry_transition,1,1,1,1,2
651,fit,geometry_transition,4,2,4,1,2
652,fit,geometry_transition,9,2,9,1,2
653,fit,geometry_transition,7,2,7,1,2
654,fit,geometry_transition,8,2,8,1,2
655,fit,geometry_transition,1,1,1,1,2
656,fit,geometry_transition,5,2,5,1,2
657,fit,terminal,17,2,17,1,1
658,fit,terminal,8,2,8,1,1
659,fit,junction,42,6,42,1,3
660,fit,junction,35,6,35,1,3
661,fit,terminal,6,2,6,1,1
662,fit,junction,51,6,51,1,3
663,fit,terminal,17,2,17,1,1
664,fit,junction,51,6,51,1,3
665,fit,junction,51,6,51,1,3
666,fit,terminal,17,2,17,1,1
667,fit,geometry_transition,10,2,10,1,2
668,fit,geometry_transition,14,2,14,1,2
669,fit,geometry_transition,9,2,9,1,2
670,fit,turn,9,2,9,1,2
671,fit,geometry_transition,1,1,1,1,2
672,fit,turn,11,2,11,1,2
673,fit,geometry_transition,2,2,2,1,2
674,fit,turn,1,1,1,1,2
675,fit,turn,1,1,1,1,2
676,fit,geometry_transition,8,2,8,1,2
677,fit,geometry_transition,1,1,1,1,2
678,fit,geometry_transition,8,2,8,1,2
679,fit,geometry_transition,10,2,10,1,2
680,fit,geometry_transition,4,2,4,1,2
681,fit,geometry_transition,11,2,11,1,2
682,fit,geometry_transition,4,2,4,1,2
683,fit,geometry_transition,1,1,1,1,2
684,fit,geometry_transition,2,1,2,1,2
685,fit,geometry_transition,4,2,4,1,2
686,fit,geometry_transition,8,2,8,1,2
687,fit,terminal,14,2,14,1,1
688,fit,junction,42,6,42,1,3
689,fit,terminal,17,2,17,1,1
690,fit,terminal,10,2,10,1,1
691,fit,junction,48,6,48,1,3
692,fit,junction,51,6,51,1,3
693,fit,terminal,17,2,17,1,1
694,fit,junction,51,6,51,1,3
695,fit,geometry_transition,7,2,7,1,2
696,fit,geometry_transition,2,1,2,1,2
697,fit,geometry_transition,3,2,3,1,2
698,fit,geometry_transition,4,2,4,1,2
699,fit,geometry_transition,7,2,7,1,2
700,fit,geometry_transition,4,2,4,1,2
701,fit,geometry_transition,1,1,1,1,2
702,fit,geometry_transition,1,1,1,1,2
703,fit,geometry_transition,8,2,8,1,2
704,fit,geometry_transition,2,2,2,1,2
705,fit,geometry_transition,7,2,7,1,2
706,fit,geometry_transition,11,2,11,1,2
707,fit,geometry_transition,8,2,8,1,2
708,fit,geometry_transition,14,2,14,1,2
709,fit,geometry_transition,2,2,2,1,2
710,fit,geometry_transition,2,2,2,1,2
711,fit,geometry_transition,8,2,8,1,2
712,fit,geometry_transition,10,2,10,1,2
713,fit,geometry_transition,10,2,10,1,2
714,fit,geometry_transition,4,2,4,1,2
715,fit,geometry_transition,5,2,5,1,2
716,fit,geometry_transition,12,2,12,1,2
717,fit,geometry_transition,1,1,1,1,2
718,fit,geometry_transition,7,2,7,1,2
719,fit,geometry_transition,5,2,5,1,2
720,fit,geometry_transition,3,2,3,1,2
721,fit,geometry_transition,4,2,4,1,2
722,fit,geometry_transition,5,2,5,1,2
723,fit,geometry_transition,14,2,14,1,2
724,fit,geometry_transition,4,2,4,1,2
725,fit,geometry_transition,9,2,9,1,2
726,fit,geometry_transition,1,1,1,1,2
727,fit,geometry_transition,30,2,30,1,2
728,fit,geometry_transition,4,2,4,1,2
729,fit,geometry_transition,11,2,11,1,2
730,fit,geometry_transition,8,2,8,1,2
731,fit,geometry_transition,10,2,10,1,2
732,fit,geometry_transition,13,2,13,1,2
733,fit,geometry_transition,17,2,17,1,2
734,fit,geometry_transition,6,2,6,1,2
735,fit,geometry_transition,10,2,10,1,2
736,fit,geometry_transition,14,2,14,1,2
737,fit,geometry_transition,4,2,4,1,2
738,fit,geometry_transition,1,1,1,1,2
739,fit,geometry_transition,1,1,1,1,2
740,fit,junction,42,6,42,1,3
741,fit,junction,51,6,51,1,3
742,fit,terminal,15,2,15,1,1
743,fit,junction,49,6,49,1,3
744,fit,junction,45,6,45,1,3
745,fit,terminal,17,2,17,1,1
746,fit,terminal,17,2,17,1,1
747,fit,junction,51,6,51,1,3
748,fit,terminal,17,2,17,1,1
749,fit,terminal,17,2,17,1,1
750,fit,geometry_transition,1,1,1,1,2
751,fit,geometry_transition,5,2,5,1,2
752,fit,geometry_transition,2,2,2,1,2
753,fit,geometry_transition,3,2,3,1,2
754,fit,geometry_transition,4,2,4,1,2
755,fit,geometry_transition,5,2,5,1,2
756,fit,geometry_transition,12,2,12,1,2
757,fit,geometry_transition,1,1,1,1,2
758,fit,geometry_transition,4,2,4,1,2
759,fit,geometry_transition,6,2,6,1,2
760,fit,geometry_transition,2,2,2,1,2
761,fit,turn,1,1,1,1,2
762,fit,geometry_transition,4,2,4,1,2
763,fit,geometry_transition,6,2,6,1,2
764,fit,geometry_transition,1,1,1,1,2
765,fit,geometry_transition,1,1,1,1,2
766,fit,geometry_transition,12,2,12,1,2
767,fit,geometry_transition,2,2,2,1,2
768,fit,geometry_transition,11,2,11,1,2
769,fit,geometry_transition,1,1,1,1,2
770,fit,geometry_transition,3,2,3,1,2
771,fit,geometry_transition,4,2,4,1,2
772,fit,geometry_transition,1,1,1,1,2
773,fit,turn,2,2,2,1,2
774,fit,geometry_transition,8,2,8,1,2
775,fit,geometry_transition,6,2,6,1,2
776,fit,geometry_transition,3,2,3,1,2
777,fit,geometry_transition,9,2,9,1,2
778,fit,geometry_transition,1,1,1,1,2
779,fit,geometry_transition,7,2,7,1,2
780,fit,geometry_transition,8,2,8,1,2
781,fit,terminal,12,2,12,1,1
782,fit,terminal,17,2,17,1,1
783,fit,junction,44,6,44,1,3
784,fit,junction,51,6,51,1,3
785,fit,junction,48,6,48,1,3
786,fit,terminal,10,2,10,1,1
787,fit,terminal,17,2,17,1,1
788,fit,junction,31,6,31,1,3
789,selection,geometry_transition,2,2,2,1,2
790,selection,geometry_transition,6,2,6,1,2
791,selection,geometry_transition,5,2,5,1,2
792,selection,geometry_transition,10,2,10,1,2
793,selection,geometry_transition,1,1,1,1,2
794,selection,geometry_transition,1,1,1,1,2
795,selection,geometry_transition,6,2,6,1,2
796,selection,geometry_transition,9,2,9,1,2
797,selection,turn,4,2,4,1,2
798,selection,turn,2,1,2,1,2
799,selection,turn,2,1,2,1,2
800,selection,turn,2,2,2,1,2
801,selection,geometry_transition,1,1,1,1,2
802,selection,terminal,12,2,12,1,1
803,selection,terminal,17,2,17,1,1
804,selection,terminal,17,2,17,1,1
805,selection,junction,51,6,51,1,3
806,selection,junction,40,6,40,1,3
807,selection,junction,49,6,49,1,3
808,selection,junction,31,6,31,1,3
809,selection,junction,27,6,27,1,3
810,selection,terminal,12,2,12,1,1
811,selection,terminal,15,2,15,1,1
812,selection,geometry_transition,4,2,4,1,2
813,selection,geometry_transition,8,2,8,1,2
814,selection,geometry_transition,1,1,1,1,2
815,selection,geometry_transition,6,2,6,1,2
816,selection,geometry_transition,5,2,5,1,2
817,selection,geometry_transition,1,1,1,1,2
818,selection,geometry_transition,2,2,2,1,2
819,selection,geometry_transition,2,2,2,1,2
820,selection,geometry_transition,2,1,2,1,2
821,selection,geometry_transition,1,1,1,1,2
822,selection,geometry_transition,5,2,5,1,2
823,selection,geometry_transition,2,2,2,1,2
824,selection,turn,2,2,2,1,2
825,selection,geometry_transition,3,2,3,1,2
826,selection,geometry_transition,9,2,9,1,2
827,selection,turn,6,2,6,1,2
828,selection,geometry_transition,7,2,7,1,2
829,selection,geometry_transition,5,2,5,1,2
830,selection,junction,50,6,50,1,3
831,selection,terminal,12,2,12,1,1
832,selection,junction,51,6,51,1,3
833,selection,terminal,16,2,16,1,1
834,selection,terminal,17,2,17,1,1
835,selection,junction,66,8,66,1,4
836,selection,terminal,17,2,17,1,1
881,fit,turn,6,2,6,1,2
882,fit,geometry_transition,4,2,4,1,2
883,fit,geometry_transition,3,2,3,1,2
884,fit,turn,4,2,4,1,2
885,fit,geometry_transition,8,2,8,1,2
886,fit,geometry_transition,2,2,2,1,2
887,fit,geometry_transition,7,2,7,1,2
888,fit,geometry_transition,5,2,5,1,2
889,fit,geometry_transition,2,2,2,1,2
890,fit,geometry_transition,4,2,4,1,2
891,fit,geometry_transition,6,2,6,1,2
892,fit,turn,1,1,1,1,2
893,fit,turn,1,1,1,1,2
894,fit,geometry_transition,4,2,4,1,2
895,fit,geometry_transition,7,2,7,1,2
896,fit,geometry_transition,2,2,2,1,2
897,fit,turn,3,2,3,1,2
898,fit,geometry_transition,2,2,2,1,2
899,fit,turn,6,2,6,1,2
900,fit,geometry_transition,1,1,1,1,2
901,fit,geometry_transition,4,2,4,1,2
902,fit,geometry_transition,10,2,10,1,2
903,fit,geometry_transition,1,1,1,1,2
904,fit,geometry_transition,2,2,2,1,2
905,fit,turn,1,1,1,1,2
906,fit,turn,1,1,1,1,2
907,fit,geometry_transition,2,2,2,1,2
908,fit,geometry_transition,2,2,2,1,2
909,fit,geometry_transition,7,2,7,1,2
910,fit,geometry_transition,2,2,2,1,2
911,fit,turn,3,2,3,1,2
912,fit,turn,2,2,2,1,2
913,fit,geometry_transition,5,2,5,1,2
914,fit,geometry_transition,7,2,7,1,2
915,fit,geometry_transition,2,2,2,1,2
916,fit,geometry_transition,6,2,6,1,2
917,fit,geometry_transition,19,2,19,1,2
918,fit,geometry_transition,7,2,7,1,2
919,fit,geometry_transition,5,2,5,1,2
920,fit,junction,43,6,43,1,3
921,fit,junction,34,6,34,1,3
922,fit,terminal,16,2,16,1,1
923,fit,terminal,15,2,15,1,1
924,fit,junction,51,6,51,1,3
925,fit,terminal,17,2,17,1,1
926,fit,junction,48,6,48,1,3
927,fit,geometry_transition,7,2,7,1,2
928,fit,geometry_transition,3,2,3,1,2
929,fit,geometry_transition,3,2,3,1,2
930,fit,geometry_transition,10,2,10,1,2
931,fit,geometry_transition,11,2,11,1,2
932,fit,geometry_transition,14,2,14,1,2
933,fit,geometry_transition,4,2,4,1,2
934,fit,geometry_transition,4,2,4,1,2
935,fit,geometry_transition,2,2,2,1,2
936,fit,geometry_transition,12,2,12,1,2
937,fit,geometry_transition,8,2,8,1,2
938,fit,geometry_transition,2,2,2,1,2
939,fit,geometry_transition,8,2,8,1,2
940,fit,geometry_transition,12,2,12,1,2
941,fit,geometry_transition,1,1,1,1,2
942,fit,geometry_transition,2,2,2,1,2
943,fit,geometry_transition,5,2,5,1,2
944,fit,terminal,12,2,12,1,1
945,fit,terminal,5,2,5,1,1
946,fit,terminal,2,1,2,1,1
947,fit,junction,45,6,45,1,3
948,fit,junction,45,6,45,1,3
949,fit,junction,43,6,43,1,3
950,fit,terminal,17,2,17,1,1
951,fit,junction,40,6,40,1,3
952,fit,terminal,12,2,12,1,1
953,fit,junction,33,6,33,1,3
954,fit,geometry_transition,1,1,1,1,2
955,fit,geometry_transition,2,2,2,1,2
956,fit,geometry_transition,1,1,1,1,2
957,fit,geometry_transition,3,2,3,1,2
958,fit,geometry_transition,5,2,5,1,2
959,fit,geometry_transition,4,2,4,1,2
960,fit,geometry_transition,4,2,4,1,2
961,fit,geometry_transition,4,2,4,1,2
962,fit,geometry_transition,4,2,4,1,2
963,fit,geometry_transition,1,1,1,1,2
964,fit,geometry_transition,5,2,5,1,2
965,fit,geometry_transition,1,1,1,1,2
966,fit,geometry_transition,1,1,1,1,2
967,fit,geometry_transition,4,2,4,1,2
968,fit,turn,1,1,1,1,2
969,fit,geometry_transition,9,2,9,1,2
970,fit,geometry_transition,9,2,9,1,2
971,fit,geometry_transition,5,2,5,1,2
972,fit,geometry_transition,5,2,5,1,2
973,fit,geometry_transition,1,1,1,1,2
974,fit,geometry_transition,4,2,4,1,2
975,fit,geometry_transition,9,2,9,1,2
976,fit,geometry_transition,1,1,1,1,2
977,fit,geometry_transition,6,2,6,1,2
978,fit,geometry_transition,3,2,3,1,2
979,fit,geometry_transition,9,2,9,1,2
980,fit,geometry_transition,3,2,3,1,2
981,fit,geometry_transition,9,2,9,1,2
982,fit,geometry_transition,4,2,4,1,2
983,fit,turn,12,2,12,1,2
984,fit,junction,51,6,51,1,3
985,fit,terminal,17,2,17,1,1
986,fit,terminal,17,2,17,1,1
987,fit,junction,51,6,51,1,3
988,fit,junction,51,6,51,1,3
989,fit,terminal,17,2,17,1,1
990,fit,junction,51,6,51,1,3
991,fit,junction,51,6,51,1,3
992,fit,terminal,17,2,17,1,1
993,fit,terminal,17,2,17,1,1
994,fit,geometry_transition,2,2,2,1,2
995,fit,geometry_transition,2,2,2,1,2
996,fit,geometry_transition,10,2,10,1,2
997,fit,geometry_transition,2,2,2,1,2
998,fit,geometry_transition,3,2,3,1,2
999,fit,geometry_transition,8,2,8,1,2
1000,fit,geometry_transition,2,2,2,1,2
1001,fit,geometry_transition,1,1,1,1,2
1002,fit,geometry_transition,2,2,2,1,2
1003,fit,geometry_transition,1,1,1,1,2
1004,fit,geometry_transition,4,2,4,1,2
1005,fit,geometry_transition,4,2,4,1,2
1006,fit,geometry_transition,16,2,16,1,2
1007,fit,geometry_transition,8,2,8,1,2
1008,fit,geometry_transition,1,1,1,1,2
1009,fit,geometry_transition,2,2,2,1,2
1010,fit,geometry_transition,16,2,16,1,2
1011,fit,geometry_transition,4,2,4,1,2
1012,fit,geometry_transition,1,1,1,1,2
1013,fit,geometry_transition,18,2,18,1,2
1014,fit,geometry_transition,5,2,5,1,2
1015,fit,geometry_transition,22,2,22,1,2
1016,fit,geometry_transition,6,2,6,1,2
1017,fit,geometry_transition,2,2,2,1,2
1018,fit,terminal,12,2,12,1,1
1019,fit,terminal,16,2,16,1,1
1020,fit,junction,37,6,37,1,3
1021,fit,terminal,16,2,16,1,1
1022,fit,junction,27,6,27,1,3
1023,fit,junction,46,6,46,1,3
1024,fit,junction,42,6,42,1,3
1025,fit,junction,51,6,51,1,3
1026,fit,terminal,17,2,17,1,1
1027,fit,turn,13,2,13,1,2
1028,fit,geometry_transition,2,2,2,1,2
1029,fit,turn,5,2,5,1,2
1030,fit,turn,2,2,2,1,2
1031,fit,geometry_transition,2,2,2,1,2
1032,fit,turn,8,2,8,1,2
1033,fit,geometry_transition,2,2,2,1,2
1034,fit,turn,7,2,7,1,2
1035,fit,geometry_transition,1,1,1,1,2
1036,fit,geometry_transition,4,2,4,1,2
1037,fit,turn,9,2,9,1,2
1038,fit,geometry_transition,8,2,8,1,2
1039,fit,turn,7,2,7,1,2
1040,fit,geometry_transition,1,1,1,1,2
1041,fit,turn,16,2,16,1,2
1042,fit,geometry_transition,2,2,2,1,2
1043,fit,geometry_transition,1,1,1,1,2
1044,fit,geometry_transition,2,1,2,1,2
1045,fit,geometry_transition,1,1,1,1,2
1046,fit,geometry_transition,9,2,9,1,2
1047,fit,geometry_transition,6,2,6,1,2
1048,fit,terminal,17,2,17,1,1
1049,fit,junction,35,6,35,1,3
1050,fit,terminal,10,2,10,1,1
1051,fit,junction,49,6,49,1,3
1052,fit,terminal,15,2,15,1,1
1053,fit,terminal,1,1,1,1,1
1054,fit,junction,42,6,42,1,3
1055,fit,junction,44,6,44,1,3
1056,fit,junction,46,6,46,1,3
1057,fit,terminal,14,2,14,1,1
1058,fit,geometry_transition,3,2,3,1,2
1059,fit,geometry_transition,6,2,6,1,2
1060,fit,geometry_transition,1,1,1,1,2
1061,fit,geometry_transition,4,2,4,1,2
1062,fit,geometry_transition,4,2,4,1,2
1063,fit,geometry_transition,8,2,8,1,2
1064,fit,geometry_transition,10,2,10,1,2
1065,fit,geometry_transition,8,2,8,1,2
1066,fit,geometry_transition,6,2,6,1,2
1067,fit,geometry_transition,3,2,3,1,2
1068,fit,geometry_transition,5,2,5,1,2
1069,fit,geometry_transition,1,1,1,1,2
1070,fit,geometry_transition,10,2,10,1,2
1071,fit,geometry_transition,1,1,1,1,2
1072,fit,geometry_transition,9,2,9,1,2
1073,fit,geometry_transition,7,2,7,1,2
1074,fit,geometry_transition,1,1,1,1,2
1075,fit,geometry_transition,6,2,6,1,2
1076,fit,geometry_transition,6,2,6,1,2
1077,fit,geometry_transition,1,1,1,1,2
1078,fit,geometry_transition,2,2,2,1,2
1079,fit,geometry_transition,3,1,3,1,2
1080,fit,geometry_transition,3,2,3,1,2
1081,fit,geometry_transition,10,2,10,1,2
1082,fit,geometry_transition,3,2,3,1,2
1083,fit,geometry_transition,12,2,12,1,2
1084,fit,geometry_transition,1,1,1,1,2
1085,fit,geometry_transition,7,2,7,1,2
1086,fit,geometry_transition,6,2,6,1,2
1087,fit,geometry_transition,6,2,6,1,2
1088,fit,geometry_transition,6,2,6,1,2
1089,fit,geometry_transition,3,1,3,1,2
1090,fit,geometry_transition,3,2,3,1,2
1091,fit,geometry_transition,3,2,3,1,2
1092,fit,geometry_transition,1,1,1,1,2
1093,fit,terminal,17,2,17,1,1
1094,fit,terminal,17,2,17,1,1
1095,fit,junction,48,6,48,1,3
1096,fit,junction,47,6,47,1,3
1097,fit,terminal,14,2,14,1,1
1098,fit,junction,47,6,47,1,3
1099,fit,junction,51,6,51,1,3
1100,fit,terminal,3,1,3,1,1
1101,fit,junction,48,6,48,1,3
1102,selection,geometry_transition,1,1,1,1,2
1103,selection,geometry_transition,4,2,4,1,2
1104,selection,geometry_transition,2,2,2,1,2
1105,selection,geometry_transition,2,1,2,1,2
1106,selection,geometry_transition,1,1,1,1,2
1107,selection,geometry_transition,14,2,14,1,2
1108,selection,geometry_transition,8,2,8,1,2
1109,selection,geometry_transition,7,2,7,1,2
1110,selection,geometry_transition,2,2,2,1,2
1111,selection,turn,12,2,12,1,2
1112,selection,geometry_transition,9,2,9,1,2
1113,selection,geometry_transition,2,1,2,1,2
1114,selection,geometry_transition,2,2,2,1,2
1115,selection,geometry_transition,9,2,9,1,2
1116,selection,turn,2,1,2,1,2
1117,selection,turn,7,2,7,1,2
1118,selection,geometry_transition,6,2,6,1,2
1119,selection,geometry_transition,7,2,7,1,2
1120,selection,geometry_transition,8,2,8,1,2
1121,selection,geometry_transition,1,1,1,1,2
1122,selection,geometry_transition,1,1,1,1,2
1123,selection,geometry_transition,10,2,10,1,2
1124,selection,geometry_transition,6,2,6,1,2
1125,selection,turn,4,2,4,1,2
1126,selection,turn,9,2,9,1,2
1127,selection,terminal,17,2,17,1,1
1128,selection,junction,51,6,49,1,3
1129,selection,junction,49,6,49,1,3
1130,selection,terminal,3,1,3,1,1
1131,selection,junction,48,6,44,1,3
1132,selection,terminal,15,2,15,1,1
1133,selection,terminal,6,2,6,1,1
1134,selection,junction,43,6,43,1,3
1135,selection,junction,43,6,43,1,3
1136,selection,geometry_transition,2,2,2,1,2
1137,selection,geometry_transition,2,2,2,1,2
1138,selection,geometry_transition,6,2,6,1,2
1139,selection,geometry_transition,6,2,6,1,2
1140,selection,geometry_transition,2,2,2,1,2
1141,selection,geometry_transition,6,2,6,1,2
1142,selection,geometry_transition,5,2,5,1,2
1143,selection,geometry_transition,5,2,5,1,2
1144,selection,geometry_transition,5,2,5,1,2
1145,selection,geometry_transition,14,2,14,1,2
1146,selection,geometry_transition,3,2,3,1,2
1147,selection,geometry_transition,6,2,6,1,2
1148,selection,geometry_transition,2,2,2,1,2
1149,selection,turn,1,1,1,1,2
1150,selection,turn,1,1,1,1,2
1151,selection,geometry_transition,6,2,6,1,2
1152,selection,geometry_transition,4,2,4,1,2
1153,selection,geometry_transition,8,2,8,1,2
1154,selection,geometry_transition,16,2,16,1,2
1155,selection,turn,5,2,5,1,2
1156,selection,geometry_transition,1,1,1,1,2
1157,selection,geometry_transition,4,2,4,1,2
1158,selection,turn,5,2,5,1,2
1159,selection,turn,8,2,8,1,2
1160,selection,geometry_transition,1,1,1,1,2
1161,selection,geometry_transition,6,2,6,1,2
1162,selection,geometry_transition,11,2,11,1,2
1163,selection,turn,4,2,4,1,2
1164,selection,geometry_transition,2,2,2,1,2
1165,selection,geometry_transition,3,2,3,1,2
1166,selection,geometry_transition,5,2,5,1,2
1167,selection,geometry_transition,2,2,2,1,2
1168,selection,geometry_transition,9,2,9,1,2
1169,selection,turn,6,2,6,1,2
1170,selection,geometry_transition,1,1,1,1,2
1171,selection,geometry_transition,9,2,9,1,2
1172,selection,geometry_transition,1,1,1,1,2
1173,selection,geometry_transition,1,1,1,1,2
1174,selection,junction,51,6,51,1,3
1175,selection,junction,50,6,50,1,3
1176,selection,terminal,17,2,17,1,1
1177,selection,terminal,17,2,17,1,1
1178,selection,terminal,17,2,17,1,1
1179,selection,junction,50,6,50,1,3
1180,selection,junction,49,6,49,1,3
1181,selection,terminal,10,2,10,1,1
1234,fit,geometry_transition,7,2,7,1,2
1235,fit,geometry_transition,2,2,2,1,2
1236,fit,geometry_transition,5,2,5,1,2
1237,fit,geometry_transition,10,2,10,1,2
1238,fit,turn,1,1,1,1,2
1239,fit,geometry_transition,10,2,10,1,2
1240,fit,turn,1,1,1,1,2
1241,fit,geometry_transition,10,2,10,1,2
1242,fit,geometry_transition,1,1,1,1,2
1243,fit,geometry_transition,2,2,2,1,2
1244,fit,geometry_transition,11,2,11,1,2
1245,fit,geometry_transition,9,2,9,1,2
1246,fit,geometry_transition,6,2,6,1,2
1247,fit,geometry_transition,1,1,1,1,2
1248,fit,geometry_transition,4,2,4,1,2
1249,fit,geometry_transition,4,2,4,1,2
1250,fit,geometry_transition,1,1,1,1,2
1251,fit,geometry_transition,2,2,2,1,2
1252,fit,geometry_transition,6,2,6,1,2
1253,fit,geometry_transition,7,2,7,1,2
1254,fit,geometry_transition,6,2,6,1,2
1255,fit,geometry_transition,1,1,1,1,2
1256,fit,geometry_transition,2,2,2,1,2
1257,fit,geometry_transition,6,2,6,1,2
1258,fit,geometry_transition,8,2,8,1,2
1259,fit,geometry_transition,2,2,2,1,2
1260,fit,geometry_transition,4,2,4,1,2
1261,fit,geometry_transition,5,2,5,1,2
1262,fit,geometry_transition,6,2,6,1,2
1263,fit,geometry_transition,2,2,2,1,2
1264,fit,geometry_transition,3,1,3,1,2
1265,fit,geometry_transition,5,2,5,1,2
1266,fit,geometry_transition,9,2,9,1,2
1267,fit,geometry_transition,5,2,5,1,2
1268,fit,geometry_transition,13,2,13,1,2
1269,fit,geometry_transition,1,1,1,1,2
1270,fit,terminal,15,2,15,1,1
1271,fit,junction,37,6,37,1,3
1272,fit,terminal,16,2,16,1,1
1273,fit,terminal,15,2,15,1,1
1274,fit,junction,46,6,46,1,3
1275,fit,terminal,17,2,17,1,1
1276,fit,junction,49,6,49,1,3
1277,fit,terminal,17,2,17,1,1
1278,fit,junction,66,8,66,1,4
1279,fit,junction,51,6,51,1,3
1280,fit,terminal,17,2,17,1,1
1281,fit,geometry_transition,2,2,2,1,2
1282,fit,geometry_transition,5,2,5,1,2
1283,fit,geometry_transition,12,2,12,1,2
1284,fit,geometry_transition,8,2,8,1,2
1285,fit,geometry_transition,4,2,4,1,2
1286,fit,geometry_transition,8,2,8,1,2
1287,fit,geometry_transition,4,2,4,1,2
1288,fit,geometry_transition,6,2,6,1,2
1289,fit,geometry_transition,13,2,13,1,2
1290,fit,geometry_transition,13,2,13,1,2
1291,fit,geometry_transition,28,2,28,1,2
1292,fit,geometry_transition,22,2,22,1,2
1293,fit,geometry_transition,5,2,5,1,2
1294,fit,geometry_transition,2,2,2,1,2
1295,fit,geometry_transition,15,2,15,1,2
1296,fit,geometry_transition,10,2,10,1,2
1297,fit,geometry_transition,8,2,8,1,2
1298,fit,geometry_transition,7,2,7,1,2
1299,fit,geometry_transition,7,2,7,1,2
1300,fit,geometry_transition,6,2,6,1,2
1301,fit,geometry_transition,10,2,10,1,2
1302,fit,geometry_transition,17,2,17,1,2
1303,fit,geometry_transition,4,2,4,1,2
1304,fit,geometry_transition,2,2,2,1,2
1305,fit,geometry_transition,1,1,1,1,2
1306,fit,geometry_transition,4,2,4,1,2
1307,fit,geometry_transition,15,2,15,1,2
1308,fit,geometry_transition,1,1,1,1,2
1309,fit,geometry_transition,3,2,3,1,2
1310,fit,geometry_transition,2,2,2,1,2
1311,fit,geometry_transition,4,2,4,1,2
1312,fit,geometry_transition,3,2,3,1,2
1313,fit,geometry_transition,11,2,11,1,2
1314,fit,geometry_transition,2,2,2,1,2
1315,fit,geometry_transition,1,1,1,1,2
1316,fit,geometry_transition,20,2,20,1,2
1317,fit,geometry_transition,4,2,4,1,2
1318,fit,geometry_transition,2,2,2,1,2
1319,fit,geometry_transition,16,2,16,1,2
1320,fit,geometry_transition,8,2,8,1,2
1321,fit,geometry_transition,3,1,3,1,2
1322,fit,geometry_transition,1,1,1,1,2
1323,fit,geometry_transition,6,2,6,1,2
1324,fit,geometry_transition,2,2,2,1,2
1325,fit,geometry_transition,8,2,8,1,2
1326,fit,geometry_transition,8,2,8,1,2
1327,fit,geometry_transition,6,2,6,1,2
1328,fit,turn,6,2,6,1,2
1329,fit,geometry_transition,3,1,3,1,2
1330,fit,geometry_transition,3,2,3,1,2
1331,fit,geometry_transition,2,2,2,1,2
1332,fit,turn,2,2,2,1,2
1333,fit,geometry_transition,1,1,1,1,2
1334,fit,geometry_transition,6,2,6,1,2
1335,fit,geometry_transition,2,2,2,1,2
1336,fit,terminal,17,2,17,1,1
1337,fit,terminal,17,2,17,1,1
1338,fit,junction,51,6,51,1,3
1339,fit,junction,37,6,37,1,3
1340,fit,junction,50,6,50,1,3
1341,fit,terminal,17,2,17,1,1
1342,fit,terminal,17,2,17,1,1
1343,fit,junction,68,8,68,1,4
1344,fit,terminal,17,2,17,1,1
1345,fit,terminal,3,1,3,1,1
1346,fit,junction,50,6,50,1,3
1347,fit,geometry_transition,1,1,1,1,2
1348,fit,geometry_transition,3,2,3,1,2
1349,fit,geometry_transition,12,2,12,1,2
1350,fit,geometry_transition,9,2,9,1,2
1351,fit,geometry_transition,4,2,4,1,2
1352,fit,geometry_transition,4,2,4,1,2
1353,fit,geometry_transition,11,2,11,1,2
1354,fit,geometry_transition,4,2,4,1,2
1355,fit,geometry_transition,10,2,10,1,2
1356,fit,geometry_transition,6,2,6,1,2
1357,fit,geometry_transition,18,2,18,1,2
1358,fit,geometry_transition,10,2,10,1,2
1359,fit,geometry_transition,3,2,3,1,2
1360,fit,geometry_transition,7,2,7,1,2
1361,fit,geometry_transition,1,1,1,1,2
1362,fit,geometry_transition,3,2,3,1,2
1363,fit,geometry_transition,1,1,1,1,2
1364,fit,turn,3,2,3,1,2
1365,fit,geometry_transition,6,2,6,1,2
1366,fit,geometry_transition,7,2,7,1,2
1367,fit,geometry_transition,2,2,2,1,2
1368,fit,geometry_transition,6,2,6,1,2
1369,fit,geometry_transition,5,2,5,1,2
1370,fit,geometry_transition,2,2,2,1,2
1371,fit,geometry_transition,10,2,10,1,2
1372,fit,geometry_transition,2,2,2,1,2
1373,fit,geometry_transition,10,2,10,1,2
1374,fit,geometry_transition,2,2,2,1,2
1375,fit,geometry_transition,8,2,8,1,2
1376,fit,geometry_transition,5,2,5,1,2
1377,fit,geometry_transition,2,1,2,1,2
1378,fit,geometry_transition,1,1,1,1,2
1379,fit,turn,1,1,1,1,2
1380,fit,turn,1,1,1,1,2
1381,fit,geometry_transition,5,2,5,1,2
1382,fit,turn,6,2,6,1,2
1383,fit,geometry_transition,2,2,2,1,2
1384,fit,terminal,17,2,17,1,1
1385,fit,terminal,17,2,17,1,1
1386,fit,junction,49,6,49,1,3
1387,fit,junction,51,6,51,1,3
1388,fit,junction,63,8,63,1,4
1389,fit,terminal,14,2,14,1,1
1390,fit,terminal,17,2,17,1,1
1391,fit,junction,48,6,48,1,3
1392,fit,junction,51,6,51,1,3
1393,fit,terminal,17,2,17,1,1
1394,fit,terminal,17,2,17,1,1
1395,fit,geometry_transition,4,2,4,1,2
1396,fit,turn,1,1,1,1,2
1397,fit,geometry_transition,3,1,3,1,2
1398,fit,geometry_transition,3,1,3,1,2
1399,fit,geometry_transition,1,1,1,1,2
1400,fit,geometry_transition,16,2,16,1,2
1401,fit,geometry_transition,4,2,4,1,2
1402,fit,geometry_transition,3,2,3,1,2
1403,fit,geometry_transition,1,1,1,1,2
1404,fit,geometry_transition,11,2,11,1,2
1405,fit,geometry_transition,4,2,4,1,2
1406,fit,geometry_transition,5,2,5,1,2
1407,fit,geometry_transition,8,2,8,1,2
1408,fit,geometry_transition,5,2,5,1,2
1409,fit,geometry_transition,4,2,4,1,2
1410,fit,geometry_transition,8,2,8,1,2
1411,fit,geometry_transition,16,2,16,1,2
1412,fit,geometry_transition,6,2,6,1,2
1413,fit,geometry_transition,9,2,9,1,2
1414,fit,geometry_transition,2,2,2,1,2
1415,fit,geometry_transition,10,2,10,1,2
1416,fit,geometry_transition,6,2,6,1,2
1417,fit,geometry_transition,16,2,16,1,2
1418,fit,geometry_transition,5,2,5,1,2
1419,fit,geometry_transition,9,2,9,1,2
1420,fit,geometry_transition,2,2,2,1,2
1421,fit,geometry_transition,10,2,10,1,2
1422,fit,geometry_transition,3,2,3,1,2
1423,fit,geometry_transition,6,2,6,1,2
1424,fit,geometry_transition,4,2,4,1,2
1425,fit,geometry_transition,10,2,10,1,2
1426,fit,geometry_transition,1,1,1,1,2
1427,fit,geometry_transition,1,1,1,1,2
1428,fit,geometry_transition,14,2,14,1,2
1429,fit,geometry_transition,6,2,6,1,2
1430,fit,geometry_transition,1,1,1,1,2
1431,fit,geometry_transition,12,2,12,1,2
1432,fit,geometry_transition,1,1,1,1,2
1433,fit,geometry_transition,1,1,1,1,2
1434,fit,geometry_transition,6,2,6,1,2
1435,fit,terminal,17,2,17,1,1
1436,fit,junction,51,6,51,1,3
1437,fit,junction,46,6,46,1,3
1438,fit,terminal,17,2,17,1,1
1439,fit,terminal,17,2,17,1,1
1440,fit,junction,30,6,30,1,3
1441,fit,terminal,12,2,12,1,1
1442,fit,junction,58,8,58,1,4
1443,fit,terminal,4,2,4,1,1
1444,fit,terminal,7,2,7,1,1
1445,fit,terminal,17,2,17,1,1
1446,fit,junction,44,6,44,1,3
1447,fit,junction,51,6,51,1,3
1448,fit,geometry_transition,1,1,1,1,2
1449,fit,geometry_transition,6,2,6,1,2
1450,fit,geometry_transition,7,2,7,1,2
1451,fit,geometry_transition,3,2,3,1,2
1452,fit,geometry_transition,4,2,4,1,2
1453,fit,geometry_transition,5,2,5,1,2
1454,fit,geometry_transition,1,1,1,1,2
1455,fit,geometry_transition,5,2,5,1,2
1456,fit,geometry_transition,7,2,7,1,2
1457,fit,geometry_transition,2,2,2,1,2
1458,fit,geometry_transition,4,2,4,1,2
1459,fit,geometry_transition,11,2,11,1,2
1460,fit,geometry_transition,2,2,2,1,2
1461,fit,turn,1,1,1,1,2
1462,fit,geometry_transition,6,2,6,1,2
1463,fit,geometry_transition,3,1,3,1,2
1464,fit,turn,5,2,5,1,2
1465,fit,turn,1,1,1,1,2
1466,fit,turn,1,1,1,1,2
1467,fit,turn,5,2,5,1,2
1468,fit,turn,5,2,5,1,2
1469,fit,turn,10,2,10,1,2
1470,fit,geometry_transition,1,1,1,1,2
1471,fit,geometry_transition,1,1,1,1,2
1472,fit,geometry_transition,6,2,6,1,2
1473,fit,geometry_transition,7,2,7,1,2
1474,fit,geometry_transition,6,2,6,1,2
1475,fit,geometry_transition,6,2,6,1,2
1476,fit,geometry_transition,9,2,9,1,2
1477,fit,geometry_transition,5,2,5,1,2
1478,fit,geometry_transition,7,2,7,1,2
1479,fit,geometry_transition,2,1,2,1,2
1480,fit,terminal,17,2,17,1,1
1481,fit,junction,51,6,51,1,3
1482,fit,terminal,17,2,17,1,1
1483,fit,junction,50,6,50,1,3
1484,fit,junction,41,6,41,1,3
1485,fit,junction,44,6,44,1,3
1486,fit,junction,48,6,48,1,3
1487,fit,junction,46,6,46,1,3
1488,fit,junction,48,6,48,1,3
1489,fit,terminal,14,2,14,1,1
1490,fit,terminal,17,2,17,1,1
1491,fit,terminal,10,2,10,1,1
1492,fit,terminal,17,2,17,1,1
1493,fit,geometry_transition,10,2,10,1,2
1494,fit,geometry_transition,1,1,1,1,2
1495,fit,geometry_transition,1,1,1,1,2
1496,fit,geometry_transition,20,2,20,1,2
1497,fit,geometry_transition,3,2,3,1,2
1498,fit,geometry_transition,14,2,14,1,2
1499,fit,geometry_transition,13,2,13,1,2
1500,fit,geometry_transition,6,2,6,1,2
1501,fit,geometry_transition,8,2,8,1,2
1502,fit,geometry_transition,6,2,6,1,2
1503,fit,geometry_transition,7,2,7,1,2
1504,fit,geometry_transition,11,2,11,1,2
1505,fit,geometry_transition,9,2,9,1,2
1506,fit,geometry_transition,5,2,5,1,2
1507,fit,geometry_transition,6,2,6,1,2
1508,fit,geometry_transition,3,2,3,1,2
1509,fit,geometry_transition,3,2,3,1,2
1510,fit,geometry_transition,18,2,18,1,2
1511,fit,geometry_transition,3,2,3,1,2
1512,fit,geometry_transition,8,2,8,1,2
1513,fit,geometry_transition,8,2,8,1,2
1514,fit,geometry_transition,13,2,13,1,2
1515,fit,geometry_transition,8,2,8,1,2
1516,fit,geometry_transition,2,2,2,1,2
1517,fit,geometry_transition,4,2,4,1,2
1518,fit,geometry_transition,7,2,7,1,2
1519,fit,geometry_transition,6,2,6,1,2
1520,fit,geometry_transition,12,2,12,1,2
1521,fit,geometry_transition,9,2,9,1,2
1522,fit,geometry_transition,13,2,13,1,2
1523,fit,geometry_transition,2,2,2,1,2
1524,fit,geometry_transition,8,2,8,1,2
1525,fit,geometry_transition,1,1,1,1,2
1526,fit,geometry_transition,12,2,12,1,2
1527,fit,geometry_transition,8,2,8,1,2
1528,fit,geometry_transition,10,2,10,1,2
1529,fit,geometry_transition,12,2,12,1,2
1530,fit,geometry_transition,12,2,12,1,2
1531,fit,geometry_transition,1,1,1,1,2
1532,fit,geometry_transition,1,1,1,1,2
1533,fit,geometry_transition,9,2,9,1,2
1534,fit,turn,1,1,1,1,2
1535,fit,geometry_transition,9,2,9,1,2
1536,fit,geometry_transition,4,2,4,1,2
1537,fit,geometry_transition,6,2,6,1,2
1538,fit,geometry_transition,4,2,4,1,2
1539,fit,geometry_transition,5,2,5,1,2
1540,fit,geometry_transition,6,2,6,1,2
1541,fit,geometry_transition,1,1,1,1,2
1542,fit,geometry_transition,1,1,1,1,2
1543,fit,geometry_transition,7,2,7,1,2
1544,fit,geometry_transition,4,2,4,1,2
1545,fit,geometry_transition,3,2,3,1,2
1546,fit,geometry_transition,9,2,9,1,2
1547,fit,geometry_transition,7,2,7,1,2
1548,fit,geometry_transition,2,2,2,1,2
1549,fit,geometry_transition,8,2,8,1,2
1550,fit,geometry_transition,18,2,18,1,2
1551,fit,geometry_transition,7,2,7,1,2
1552,fit,geometry_transition,8,2,8,1,2
1553,fit,geometry_transition,24,2,24,1,2
1554,fit,geometry_transition,4,2,4,1,2
1555,fit,geometry_transition,8,2,8,1,2
1556,fit,geometry_transition,13,2,13,1,2
1557,fit,terminal,17,2,17,1,1
1558,fit,terminal,17,2,17,1,1
1559,fit,junction,51,6,51,1,3
1560,fit,junction,51,6,51,1,3
1561,fit,junction,51,6,51,1,3
1562,fit,terminal,17,2,17,1,1
1563,fit,junction,51,6,51,1,3
1564,fit,terminal,17,2,17,1,1
1565,fit,junction,51,6,51,1,3
1566,fit,junction,51,6,51,1,3
1567,fit,terminal,17,2,17,1,1
1568,fit,terminal,17,2,17,1,1
1569,fit,junction,51,6,51,1,3
1570,fit,terminal,17,2,17,1,1
1571,selection,geometry_transition,8,2,8,1,2
1572,selection,geometry_transition,11,2,11,1,2
1573,selection,geometry_transition,9,2,9,1,2
1574,selection,geometry_transition,4,2,4,1,2
1575,selection,geometry_transition,10,2,10,1,2
1576,selection,geometry_transition,1,1,1,1,2
1577,selection,geometry_transition,10,2,10,1,2
1578,selection,geometry_transition,1,1,1,1,2
1579,selection,geometry_transition,8,2,8,1,2
1580,selection,geometry_transition,9,2,9,1,2
1581,selection,geometry_transition,6,2,6,1,2
1582,selection,geometry_transition,6,2,6,1,2
1583,selection,geometry_transition,4,2,4,1,2
1584,selection,geometry_transition,6,2,6,1,2
1585,selection,geometry_transition,2,2,2,1,2
1586,selection,geometry_transition,7,2,7,1,2
1587,selection,geometry_transition,8,2,8,1,2
1588,selection,geometry_transition,2,2,2,1,2
1589,selection,geometry_transition,3,1,3,1,2
1590,selection,geometry_transition,4,2,4,1,2
1591,selection,geometry_transition,5,2,5,1,2
1592,selection,turn,4,2,4,1,2
1593,selection,turn,5,2,5,1,2
1594,selection,geometry_transition,2,2,2,1,2
1595,selection,turn,7,2,7,1,2
1596,selection,geometry_transition,4,2,4,1,2
1597,selection,geometry_transition,7,2,7,1,2
1598,selection,terminal,17,2,17,1,1
1599,selection,terminal,17,2,17,1,1
1600,selection,junction,51,6,51,1,3
1601,selection,junction,45,6,45,1,3
1602,selection,terminal,17,2,17,1,1
1603,selection,junction,46,6,46,1,3
1604,selection,terminal,6,2,6,1,1
1605,selection,junction,30,6,30,1,3
1606,selection,junction,41,6,41,1,3
1607,selection,terminal,16,2,16,1,1
1608,selection,geometry_transition,6,2,6,1,2
1609,selection,geometry_transition,8,2,8,1,2
1610,selection,geometry_transition,1,1,1,1,2
1611,selection,geometry_transition,8,2,8,1,2
1612,selection,geometry_transition,4,2,4,1,2
1613,selection,geometry_transition,6,2,6,1,2
1614,selection,geometry_transition,4,2,4,1,2
1615,selection,geometry_transition,8,2,8,1,2
1616,selection,geometry_transition,6,2,6,1,2
1617,selection,geometry_transition,3,2,3,1,2
1618,selection,geometry_transition,2,2,2,1,2
1619,selection,geometry_transition,6,2,6,1,2
1620,selection,geometry_transition,9,2,9,1,2
1621,selection,turn,4,2,4,1,2
1622,selection,turn,7,2,7,1,2
1623,selection,geometry_transition,1,1,1,1,2
1624,selection,geometry_transition,3,2,3,1,2
1625,selection,geometry_transition,1,1,1,1,2
1626,selection,geometry_transition,10,2,10,1,2
1627,selection,geometry_transition,8,2,8,1,2
1628,selection,geometry_transition,10,2,10,1,2
1629,selection,geometry_transition,6,2,6,1,2
1630,selection,geometry_transition,6,2,6,1,2
1631,selection,geometry_transition,6,2,6,1,2
1632,selection,geometry_transition,10,2,10,1,2
1633,selection,geometry_transition,6,2,6,1,2
1634,selection,geometry_transition,6,2,6,1,2
1635,selection,geometry_transition,3,2,3,1,2
1636,selection,geometry_transition,1,1,1,1,2
1637,selection,geometry_transition,9,2,9,1,2
1638,selection,geometry_transition,1,1,1,1,2
1639,selection,geometry_transition,5,2,5,1,2
1640,selection,geometry_transition,6,2,6,1,2
1641,selection,geometry_transition,14,2,14,1,2
1642,selection,geometry_transition,5,2,5,1,2
1643,selection,geometry_transition,4,2,4,1,2
1644,selection,geometry_transition,7,2,7,1,2
1645,selection,geometry_transition,3,1,3,1,2
1646,selection,junction,48,6,44,1,3
1647,selection,terminal,17,2,17,1,1
1648,selection,terminal,17,2,17,1,1
1649,selection,junction,28,6,28,1,3
1650,selection,junction,51,6,51,1,3
1651,selection,junction,51,6,51,1,3
1652,selection,junction,44,6,44,1,3
1653,selection,terminal,10,2,10,1,1
1654,selection,terminal,11,2,11,1,1
1655,selection,junction,51,6,51,1,3
1656,selection,junction,51,6,51,1,3
1657,selection,terminal,17,2,17,1,1
1658,selection,terminal,17,2,17,1,1
1659,selection,terminal,17,2,17,1,1
1711,fit,geometry_transition,2,2,2,1,2
1712,fit,geometry_transition,8,2,8,1,2
1713,fit,geometry_transition,12,2,12,1,2
1714,fit,turn,8,2,8,1,2
1715,fit,geometry_transition,2,2,2,1,2
1716,fit,turn,3,2,3,1,2
1717,fit,geometry_transition,4,2,4,1,2
1718,fit,geometry_transition,7,2,7,1,2
1719,fit,turn,3,2,3,1,2
1720,fit,turn,19,2,19,1,2
1721,fit,geometry_transition,4,2,4,1,2
1722,fit,geometry_transition,2,2,2,1,2
1723,fit,turn,12,2,12,1,2
1724,fit,turn,3,2,3,1,2
1725,fit,turn,7,2,7,1,2
1726,fit,geometry_transition,4,2,4,1,2
1727,fit,geometry_transition,1,1,1,1,2
1728,fit,turn,5,2,5,1,2
1729,fit,turn,6,2,6,1,2
1730,fit,geometry_transition,1,1,1,1,2
1731,fit,turn,1,1,1,1,2
1732,fit,turn,10,2,10,1,2
1733,fit,turn,2,2,2,1,2
1734,fit,junction,51,6,51,1,3
1735,fit,terminal,12,2,12,1,1
1736,fit,terminal,12,2,12,1,1
1737,fit,junction,39,6,39,1,3
1738,fit,terminal,17,2,17,1,1
1739,fit,junction,47,6,47,1,3
1740,fit,terminal,15,2,15,1,1
1741,fit,junction,37,6,37,1,3
1742,fit,junction,47,6,47,1,3
1743,fit,junction,44,6,44,1,3
1744,fit,terminal,6,2,6,1,1
1745,fit,junction,47,6,47,1,3
1746,fit,terminal,11,2,11,1,1
1747,fit,terminal,17,2,17,1,1
1748,fit,geometry_transition,8,2,8,1,2
1749,fit,geometry_transition,5,2,5,1,2
1750,fit,geometry_transition,2,2,2,1,2
1751,fit,geometry_transition,2,1,2,1,2
1752,fit,geometry_transition,5,2,5,1,2
1753,fit,geometry_transition,3,2,3,1,2
1754,fit,geometry_transition,12,2,12,1,2
1755,fit,geometry_transition,3,2,3,1,2
1756,fit,geometry_transition,3,2,3,1,2
1757,fit,geometry_transition,9,2,9,1,2
1758,fit,geometry_transition,1,1,1,1,2
1759,fit,geometry_transition,9,2,9,1,2
1760,fit,geometry_transition,2,2,2,1,2
1761,fit,geometry_transition,4,2,4,1,2
1762,fit,geometry_transition,1,1,1,1,2
1763,fit,geometry_transition,5,2,5,1,2
1764,fit,geometry_transition,8,2,8,1,2
1765,fit,geometry_transition,5,2,5,1,2
1766,fit,geometry_transition,5,2,5,1,2
1767,fit,geometry_transition,4,2,4,1,2
1768,fit,geometry_transition,6,2,6,1,2
1769,fit,geometry_transition,2,2,2,1,2
1770,fit,geometry_transition,5,2,5,1,2
1771,fit,geometry_transition,9,2,9,1,2
1772,fit,geometry_transition,10,2,10,1,2
1773,fit,geometry_transition,5,2,5,1,2
1774,fit,turn,3,2,3,1,2
1775,fit,geometry_transition,3,2,3,1,2
1776,fit,geometry_transition,3,2,3,1,2
1777,fit,geometry_transition,11,2,11,1,2
1778,fit,geometry_transition,1,1,1,1,2
1779,fit,turn,1,1,1,1,2
1780,fit,geometry_transition,2,1,2,1,2
1781,fit,geometry_transition,4,2,4,1,2
1782,fit,geometry_transition,3,2,3,1,2
1783,fit,geometry_transition,3,2,3,1,2
1784,fit,turn,2,2,2,1,2
1785,fit,geometry_transition,10,2,10,1,2
1786,fit,geometry_transition,2,2,2,1,2
1787,fit,geometry_transition,1,1,1,1,2
1788,fit,geometry_transition,6,2,6,1,2
1789,fit,geometry_transition,1,1,1,1,2
1790,fit,turn,10,2,10,1,2
1791,fit,geometry_transition,5,2,5,1,2
1792,fit,geometry_transition,13,2,13,1,2
1793,fit,geometry_transition,9,2,9,1,2
1794,fit,geometry_transition,2,2,2,1,2
1795,fit,turn,6,2,6,1,2
1796,fit,geometry_transition,5,2,5,1,2
1797,fit,geometry_transition,7,2,7,1,2
1798,fit,geometry_transition,6,2,6,1,2
1799,fit,geometry_transition,5,2,5,1,2
1800,fit,geometry_transition,3,2,3,1,2
1801,fit,turn,5,2,5,1,2
1802,fit,geometry_transition,4,2,4,1,2
1803,fit,geometry_transition,8,2,8,1,2
1804,fit,turn,2,2,2,1,2
1805,fit,geometry_transition,4,2,4,1,2
1806,fit,turn,5,2,5,1,2
1807,fit,junction,41,6,41,1,3
1808,fit,terminal,17,2,17,1,1
1809,fit,junction,48,6,48,1,3
1810,fit,terminal,16,2,16,1,1
1811,fit,terminal,16,2,16,1,1
1812,fit,junction,51,6,51,1,3
1813,fit,junction,42,6,42,1,3
1814,fit,terminal,17,2,17,1,1
1815,fit,junction,49,6,49,1,3
1816,fit,terminal,17,2,17,1,1
1817,fit,geometry_transition,2,2,2,1,2
1818,fit,turn,4,2,4,1,2
1819,fit,geometry_transition,2,2,2,1,2
1820,fit,geometry_transition,6,2,6,1,2
1821,fit,geometry_transition,1,1,1,1,2
1822,fit,geometry_transition,4,2,4,1,2
1823,fit,geometry_transition,4,2,4,1,2
1824,fit,turn,4,2,4,1,2
1825,fit,geometry_transition,2,2,2,1,2
1826,fit,geometry_transition,2,2,2,1,2
1827,fit,geometry_transition,8,2,8,1,2
1828,fit,geometry_transition,4,2,4,1,2
1829,fit,turn,4,2,4,1,2
1830,fit,geometry_transition,11,2,11,1,2
1831,fit,geometry_transition,1,1,1,1,2
1832,fit,geometry_transition,9,2,9,1,2
1833,fit,geometry_transition,16,2,16,1,2
1834,fit,geometry_transition,1,1,1,1,2
1835,fit,geometry_transition,4,2,4,1,2
1836,fit,geometry_transition,3,2,3,1,2
1837,fit,geometry_transition,1,1,1,1,2
1838,fit,geometry_transition,2,2,2,1,2
1839,fit,geometry_transition,6,2,6,1,2
1840,fit,geometry_transition,1,1,1,1,2
1841,fit,geometry_transition,1,1,1,1,2
1842,fit,turn,6,2,6,1,2
1843,fit,turn,7,2,7,1,2
1844,fit,geometry_transition,13,2,13,1,2
1845,fit,geometry_transition,3,2,3,1,2
1846,fit,geometry_transition,18,2,18,1,2
1847,fit,geometry_transition,10,2,10,1,2
1848,fit,geometry_transition,8,2,8,1,2
1849,fit,geometry_transition,15,2,15,1,2
1850,fit,geometry_transition,8,2,8,1,2
1851,fit,geometry_transition,4,2,4,1,2
1852,fit,geometry_transition,2,2,2,1,2
1853,fit,geometry_transition,1,1,1,1,2
1854,fit,terminal,17,2,17,1,1
1855,fit,junction,39,6,39,1,3
1856,fit,terminal,17,2,17,1,1
1857,fit,terminal,10,2,10,1,1
1858,fit,junction,47,6,47,1,3
1859,fit,junction,51,6,51,1,3
1860,fit,terminal,17,2,17,1,1
1861,fit,terminal,16,2,16,1,1
1862,fit,terminal,17,2,17,1,1
1863,fit,junction,51,6,51,1,3
1864,fit,junction,44,6,44,1,3
1865,fit,junction,44,6,44,1,3
1866,fit,junction,46,6,46,1,3
1867,fit,terminal,17,2,17,1,1
1868,fit,geometry_transition,6,2,6,1,2
1869,fit,geometry_transition,4,2,4,1,2
1870,fit,geometry_transition,4,2,4,1,2
1871,fit,geometry_transition,4,2,4,1,2
1872,fit,geometry_transition,5,2,5,1,2
1873,fit,geometry_transition,3,1,3,1,2
1874,fit,geometry_transition,4,2,4,1,2
1875,fit,geometry_transition,10,2,10,1,2
1876,fit,geometry_transition,8,2,8,1,2
1877,fit,geometry_transition,12,2,12,1,2
1878,fit,turn,13,2,13,1,2
1879,fit,geometry_transition,2,2,2,1,2
1880,fit,geometry_transition,8,2,8,1,2
1881,fit,geometry_transition,2,2,2,1,2
1882,fit,geometry_transition,6,2,6,1,2
1883,fit,geometry_transition,1,1,1,1,2
1884,fit,geometry_transition,5,2,5,1,2
1885,fit,geometry_transition,7,2,7,1,2
1886,fit,geometry_transition,20,2,20,1,2
1887,fit,geometry_transition,11,2,11,1,2
1888,fit,geometry_transition,9,2,9,1,2
1889,fit,geometry_transition,2,1,2,1,2
1890,fit,geometry_transition,6,2,6,1,2
1891,fit,geometry_transition,8,2,8,1,2
1892,fit,geometry_transition,7,2,7,1,2
1893,fit,geometry_transition,10,2,10,1,2
1894,fit,geometry_transition,5,2,5,1,2
1895,fit,geometry_transition,8,2,8,1,2
1896,fit,geometry_transition,2,2,2,1,2
1897,fit,geometry_transition,3,2,3,1,2
1898,fit,geometry_transition,1,1,1,1,2
1899,fit,geometry_transition,1,1,1,1,2
1900,fit,geometry_transition,15,2,15,1,2
1901,fit,geometry_transition,1,1,1,1,2
1902,fit,geometry_transition,1,1,1,1,2
1903,fit,geometry_transition,6,2,6,1,2
1904,fit,geometry_transition,3,2,3,1,2
1905,fit,geometry_transition,6,2,6,1,2
1906,fit,geometry_transition,10,2,10,1,2
1907,fit,geometry_transition,3,2,3,1,2
1908,fit,geometry_transition,8,2,8,1,2
1909,fit,geometry_transition,2,2,2,1,2
1910,fit,geometry_transition,4,2,4,1,2
1911,fit,geometry_transition,10,2,10,1,2
1912,fit,geometry_transition,2,2,2,1,2
1913,fit,geometry_transition,12,2,12,1,2
1914,fit,geometry_transition,21,2,21,1,2
1915,fit,geometry_transition,6,2,6,1,2
1916,fit,geometry_transition,14,2,14,1,2
1917,fit,geometry_transition,6,2,6,1,2
1918,fit,geometry_transition,7,2,7,1,2
1919,fit,geometry_transition,5,2,5,1,2
1920,fit,geometry_transition,14,2,14,1,2
1921,fit,geometry_transition,16,2,16,1,2
1922,fit,geometry_transition,6,2,6,1,2
1923,fit,geometry_transition,11,2,11,1,2
1924,fit,geometry_transition,7,2,7,1,2
1925,fit,geometry_transition,8,2,8,1,2
1926,fit,geometry_transition,7,2,7,1,2
1927,fit,geometry_transition,10,2,10,1,2
1928,fit,geometry_transition,4,2,4,1,2
1929,fit,geometry_transition,14,2,14,1,2
1930,fit,terminal,17,2,17,1,1
1931,fit,terminal,17,2,17,1,1
1932,fit,junction,51,6,51,1,3
1933,fit,junction,51,6,51,1,3
1934,fit,junction,51,6,51,1,3
1935,fit,terminal,17,2,17,1,1
1936,fit,terminal,17,2,17,1,1
1937,fit,terminal,17,2,17,1,1
1938,fit,junction,51,6,51,1,3
1939,fit,junction,51,6,51,1,3
1940,fit,geometry_transition,4,2,4,1,2
1941,fit,geometry_transition,7,2,7,1,2
1942,fit,geometry_transition,7,2,7,1,2
1943,fit,geometry_transition,6,2,6,1,2
1944,fit,geometry_transition,7,2,7,1,2
1945,fit,geometry_transition,12,2,12,1,2
1946,fit,geometry_transition,6,2,6,1,2
1947,fit,geometry_transition,20,2,20,1,2
1948,fit,geometry_transition,6,2,6,1,2
1949,fit,geometry_transition,4,2,4,1,2
1950,fit,geometry_transition,23,2,23,1,2
1951,fit,geometry_transition,1,1,1,1,2
1952,fit,geometry_transition,7,2,7,1,2
1953,fit,geometry_transition,2,2,2,1,2
1954,fit,geometry_transition,1,1,1,1,2
1955,fit,turn,8,2,8,1,2
1956,fit,geometry_transition,8,2,8,1,2
1957,fit,geometry_transition,22,2,22,1,2
1958,fit,geometry_transition,6,2,6,1,2
1959,fit,turn,4,2,4,1,2
1960,fit,geometry_transition,14,2,14,1,2
1961,fit,turn,5,2,5,1,2
1962,fit,geometry_transition,5,2,5,1,2
1963,fit,geometry_transition,9,2,9,1,2
1964,fit,geometry_transition,22,2,22,1,2
1965,fit,geometry_transition,1,1,1,1,2
1966,fit,geometry_transition,8,2,8,1,2
1967,fit,geometry_transition,16,2,16,1,2
1968,fit,geometry_transition,21,2,21,1,2
1969,fit,geometry_transition,4,2,4,1,2
1970,fit,geometry_transition,3,2,3,1,2
1971,fit,geometry_transition,3,2,3,1,2
1972,fit,geometry_transition,2,2,2,1,2
1973,fit,geometry_transition,14,2,14,1,2
1974,fit,geometry_transition,1,1,1,1,2
1975,fit,geometry_transition,7,2,7,1,2
1976,fit,junction,51,6,51,1,3
1977,fit,terminal,17,2,17,1,1
1978,fit,junction,51,6,51,1,3
1979,fit,terminal,17,2,17,1,1
1980,fit,junction,42,6,42,1,3
1981,fit,junction,52,8,52,1,4
1982,fit,terminal,16,2,16,1,1
1983,fit,terminal,12,2,12,1,1
1984,fit,junction,51,6,51,1,3
1985,fit,terminal,17,2,17,1,1
1986,fit,terminal,17,2,17,1,1
1987,fit,geometry_transition,1,1,1,1,2
1988,fit,geometry_transition,1,1,1,1,2
1989,fit,geometry_transition,5,2,5,1,2
1990,fit,geometry_transition,9,2,9,1,2
1991,fit,turn,7,2,7,1,2
1992,fit,geometry_transition,3,2,3,1,2
1993,fit,geometry_transition,1,1,1,1,2
1994,fit,geometry_transition,14,2,14,1,2
1995,fit,geometry_transition,3,2,3,1,2
1996,fit,geometry_transition,7,2,7,1,2
1997,fit,geometry_transition,1,1,1,1,2
1998,fit,geometry_transition,2,2,2,1,2
1999,fit,geometry_transition,6,2,6,1,2
2000,fit,turn,3,2,3,1,2
2001,fit,geometry_transition,6,2,6,1,2
2002,fit,turn,5,2,5,1,2
2003,fit,geometry_transition,3,2,3,1,2
2004,fit,geometry_transition,1,1,1,1,2
2005,fit,geometry_transition,6,2,6,1,2
2006,fit,junction,47,6,47,1,3
2007,fit,terminal,17,2,17,1,1
2008,fit,terminal,8,2,8,1,1
2009,fit,terminal,10,2,10,1,1
2010,fit,junction,65,8,65,1,4
2011,fit,junction,48,6,48,1,3
2012,fit,terminal,17,2,17,1,1
2013,fit,terminal,17,2,17,1,1
2014,fit,junction,49,6,49,1,3
2015,selection,turn,1,1,1,1,2
2016,selection,geometry_transition,7,2,7,1,2
2017,selection,geometry_transition,3,2,3,1,2
2018,selection,turn,6,2,6,1,2
2019,selection,geometry_transition,8,2,8,1,2
2020,selection,geometry_transition,4,2,4,1,2
2021,selection,geometry_transition,13,2,13,1,2
2022,selection,geometry_transition,2,2,2,1,2
2023,selection,geometry_transition,8,2,8,1,2
2024,selection,geometry_transition,10,2,10,1,2
2025,selection,geometry_transition,2,2,2,1,2
2026,selection,geometry_transition,4,2,4,1,2
2027,selection,geometry_transition,2,2,2,1,2
2028,selection,geometry_transition,9,2,9,1,2
2029,selection,geometry_transition,4,2,4,1,2
2030,selection,geometry_transition,5,2,5,1,2
2031,selection,geometry_transition,13,2,13,1,2
2032,selection,geometry_transition,4,2,4,1,2
2033,selection,geometry_transition,1,1,1,1,2
2034,selection,terminal,17,2,17,1,1
2035,selection,junction,51,6,51,1,3
2036,selection,terminal,14,2,14,1,1
2037,selection,junction,68,8,68,1,4
2038,selection,junction,51,6,51,1,3
2039,selection,terminal,17,2,17,1,1
2040,selection,junction,44,6,44,1,3
2041,selection,terminal,17,2,17,1,1
2042,selection,terminal,17,2,17,1,1
2043,selection,geometry_transition,2,1,2,1,2
2044,selection,geometry_transition,2,1,2,1,2
2045,selection,geometry_transition,6,2,6,1,2
2046,selection,geometry_transition,2,2,2,1,2
2047,selection,geometry_transition,10,2,10,1,2
2048,selection,geometry_transition,3,2,3,1,2
2049,selection,geometry_transition,7,2,7,1,2
2050,selection,geometry_transition,8,2,8,1,2
2051,selection,geometry_transition,7,2,7,1,2
2052,selection,geometry_transition,4,2,4,1,2
2053,selection,geometry_transition,1,1,1,1,2
2054,selection,geometry_transition,1,1,1,1,2
2055,selection,geometry_transition,6,2,6,1,2
2056,selection,geometry_transition,5,2,5,1,2
2057,selection,geometry_transition,2,1,2,1,2
2058,selection,geometry_transition,1,1,1,1,2
2059,selection,geometry_transition,4,2,4,1,2
2060,selection,geometry_transition,7,2,7,1,2
2061,selection,geometry_transition,3,2,3,1,2
2062,selection,geometry_transition,2,1,2,1,2
2063,selection,geometry_transition,1,1,1,1,2
2064,selection,geometry_transition,1,1,1,1,2
2065,selection,geometry_transition,3,2,3,1,2
2066,selection,geometry_transition,5,2,5,1,2
2067,selection,geometry_transition,3,2,3,1,2
2068,selection,geometry_transition,2,2,2,1,2
2069,selection,geometry_transition,10,2,10,1,2
2070,selection,geometry_transition,8,2,8,1,2
2071,selection,geometry_transition,2,2,2,1,2
2072,selection,geometry_transition,2,2,2,1,2
2073,selection,geometry_transition,1,1,1,1,2
2074,selection,geometry_transition,5,2,5,1,2
2075,selection,geometry_transition,6,2,6,1,2
2076,selection,geometry_transition,3,2,3,1,2
2077,selection,geometry_transition,3,2,3,1,2
2078,selection,geometry_transition,10,2,10,1,2
2079,selection,geometry_transition,3,2,3,1,2
2080,selection,junction,41,6,41,1,3
2081,selection,junction,51,6,51,1,3
2082,selection,junction,50,6,50,1,3
2083,selection,terminal,17,2,17,1,1
2084,selection,terminal,17,2,17,1,1
2085,selection,junction,48,6,48,1,3
2086,selection,terminal,17,2,17,1,1
2087,selection,terminal,17,2,17,1,1
2088,selection,junction,51,6,51,1,3
2089,selection,terminal,17,2,17,1,1
2090,selection,terminal,17,2,17,1,1
2091,selection,terminal,17,2,17,1,1
2092,selection,junction,43,6,43,1,3
2093,selection,junction,49,6,49,1,3
2139,fit,geometry_transition,5,2,5,1,2
2140,fit,geometry_transition,2,2,2,1,2
2141,fit,geometry_transition,10,2,10,1,2
2142,fit,geometry_transition,12,2,12,1,2
2143,fit,geometry_transition,7,2,7,1,2
2144,fit,geometry_transition,2,2,2,1,2
2145,fit,geometry_transition,5,2,5,1,2
2146,fit,geometry_transition,10,2,10,1,2
2147,fit,geometry_transition,2,2,2,1,2
2148,fit,geometry_transition,2,2,2,1,2
2149,fit,geometry_transition,2,1,2,1,2
2150,fit,geometry_transition,11,2,11,1,2
2151,fit,geometry_transition,2,2,2,1,2
2152,fit,geometry_transition,4,2,4,1,2
2153,fit,geometry_transition,5,2,5,1,2
2154,fit,geometry_transition,3,2,3,1,2
2155,fit,geometry_transition,5,2,5,1,2
2156,fit,geometry_transition,6,2,6,1,2
2157,fit,geometry_transition,6,2,6,1,2
2158,fit,geometry_transition,11,2,11,1,2
2159,fit,geometry_transition,12,2,12,1,2
2160,fit,geometry_transition,1,1,1,1,2
2161,fit,geometry_transition,11,2,11,1,2
2162,fit,geometry_transition,4,2,4,1,2
2163,fit,geometry_transition,26,2,26,1,2
2164,fit,geometry_transition,4,2,4,1,2
2165,fit,geometry_transition,3,2,3,1,2
2166,fit,geometry_transition,9,2,9,1,2
2167,fit,geometry_transition,2,2,2,1,2
2168,fit,geometry_transition,5,2,5,1,2
2169,fit,geometry_transition,4,2,4,1,2
2170,fit,geometry_transition,2,2,2,1,2
2171,fit,geometry_transition,1,1,1,1,2
2172,fit,geometry_transition,5,2,5,1,2
2173,fit,geometry_transition,10,2,10,1,2
2174,fit,geometry_transition,2,2,2,1,2
2175,fit,geometry_transition,2,2,2,1,2
2176,fit,geometry_transition,10,2,10,1,2
2177,fit,geometry_transition,1,1,1,1,2
2178,fit,geometry_transition,16,2,16,1,2
2179,fit,geometry_transition,1,1,1,1,2
2180,fit,geometry_transition,13,2,13,1,2
2181,fit,geometry_transition,7,2,7,1,2
2182,fit,geometry_transition,9,2,9,1,2
2183,fit,geometry_transition,1,1,1,1,2
2184,fit,geometry_transition,7,2,7,1,2
2185,fit,geometry_transition,6,2,6,1,2
2186,fit,geometry_transition,5,2,5,1,2
2187,fit,geometry_transition,5,2,5,1,2
2188,fit,geometry_transition,2,1,2,1,2
2189,fit,geometry_transition,1,1,1,1,2
2190,fit,geometry_transition,1,1,1,1,2
2191,fit,geometry_transition,8,2,8,1,2
2192,fit,geometry_transition,10,2,10,1,2
2193,fit,geometry_transition,4,2,4,1,2
2194,fit,geometry_transition,6,2,6,1,2
2195,fit,geometry_transition,1,1,1,1,2
2196,fit,geometry_transition,2,2,2,1,2
2197,fit,geometry_transition,2,1,2,1,2
2198,fit,geometry_transition,1,1,1,1,2
2199,fit,turn,17,2,17,1,2
2200,fit,geometry_transition,1,1,1,1,2
2201,fit,geometry_transition,1,1,1,1,2
2202,fit,geometry_transition,3,2,3,1,2
2203,fit,geometry_transition,3,2,3,1,2
2204,fit,geometry_transition,1,1,1,1,2
2205,fit,geometry_transition,1,1,1,1,2
2206,fit,geometry_transition,5,2,5,1,2
2207,fit,geometry_transition,1,1,1,1,2
2208,fit,geometry_transition,5,2,5,1,2
2209,fit,geometry_transition,1,1,1,1,2
2210,fit,geometry_transition,3,1,3,1,2
2211,fit,geometry_transition,1,1,1,1,2
2212,fit,geometry_transition,4,2,4,1,2
2213,fit,terminal,17,2,17,1,1
2214,fit,junction,51,6,51,1,3
2215,fit,terminal,15,2,15,1,1
2216,fit,junction,51,6,51,1,3
2217,fit,junction,51,6,51,1,3
2218,fit,junction,46,6,46,1,3
2219,fit,terminal,17,2,17,1,1
2220,fit,terminal,17,2,17,1,1
2221,fit,junction,51,6,51,1,3
2222,fit,terminal,14,2,14,1,1
2223,fit,junction,51,6,51,1,3
2224,fit,junction,51,6,51,1,3
2225,fit,junction,51,6,51,1,3
2226,fit,terminal,14,2,14,1,1
2227,fit,terminal,17,2,17,1,1
2228,fit,junction,51,6,51,1,3
2229,fit,junction,39,6,39,1,3
2230,fit,terminal,17,2,17,1,1
2231,fit,geometry_transition,4,2,4,1,2
2232,fit,geometry_transition,3,2,3,1,2
2233,fit,geometry_transition,7,2,7,1,2
2234,fit,geometry_transition,5,2,5,1,2
2235,fit,geometry_transition,11,2,11,1,2
2236,fit,geometry_transition,1,1,1,1,2
2237,fit,geometry_transition,3,2,3,1,2
2238,fit,geometry_transition,3,2,3,1,2
2239,fit,turn,6,2,6,1,2
2240,fit,turn,6,2,6,1,2
2241,fit,turn,5,2,5,1,2
2242,fit,geometry_transition,2,2,2,1,2
2243,fit,geometry_transition,6,2,6,1,2
2244,fit,turn,2,2,2,1,2
2245,fit,turn,3,2,3,1,2
2246,fit,turn,1,1,1,1,2
2247,fit,geometry_transition,8,2,8,1,2
2248,fit,geometry_transition,8,2,8,1,2
2249,fit,turn,10,2,10,1,2
2250,fit,turn,8,2,8,1,2
2251,fit,turn,14,2,14,1,2
2252,fit,geometry_transition,3,2,3,1,2
2253,fit,turn,4,2,4,1,2
2254,fit,turn,6,2,6,1,2
2255,fit,geometry_transition,7,2,7,1,2
2256,fit,geometry_transition,4,2,4,1,2
2257,fit,geometry_transition,9,2,9,1,2
2258,fit,turn,8,2,8,1,2
2259,fit,turn,3,2,3,1,2
2260,fit,junction,29,4,29,1,2
2261,fit,junction,42,6,42,1,3
2262,fit,terminal,17,2,17,1,1
2263,fit,junction,51,6,51,1,3
2264,fit,junction,51,6,51,1,3
2265,fit,junction,50,6,50,1,3
2266,fit,junction,62,8,62,1,4
2267,fit,junction,51,6,51,1,3
2268,fit,terminal,17,2,17,1,1
2269,fit,junction,50,6,50,1,3
2270,fit,terminal,17,2,17,1,1
2271,fit,terminal,17,2,17,1,1
2272,fit,terminal,16,2,16,1,1
2273,fit,terminal,17,2,17,1,1
2274,fit,junction,51,6,51,1,3
2275,fit,junction,51,6,51,1,3
2276,fit,junction,51,6,51,1,3
2277,fit,junction,51,6,51,1,3
2278,fit,terminal,17,2,17,1,1
2279,fit,terminal,17,2,17,1,1
2280,fit,junction,51,6,51,1,3
2281,fit,geometry_transition,7,2,7,1,2
2282,fit,geometry_transition,9,2,9,1,2
2283,fit,geometry_transition,12,2,12,1,2
2284,fit,geometry_transition,6,2,6,1,2
2285,fit,geometry_transition,3,2,3,1,2
2286,fit,turn,3,2,3,1,2
2287,fit,geometry_transition,3,2,3,1,2
2288,fit,turn,7,2,7,1,2
2289,fit,geometry_transition,12,2,12,1,2
2290,fit,geometry_transition,7,2,7,1,2
2291,fit,geometry_transition,2,2,2,1,2
2292,fit,geometry_transition,4,2,4,1,2
2293,fit,geometry_transition,4,2,4,1,2
2294,fit,geometry_transition,9,2,9,1,2
2295,fit,geometry_transition,2,2,2,1,2
2296,fit,geometry_transition,2,2,2,1,2
2297,fit,geometry_transition,4,2,4,1,2
2298,fit,geometry_transition,10,2,10,1,2
2299,fit,geometry_transition,4,2,4,1,2
2300,fit,turn,6,2,6,1,2
2301,fit,geometry_transition,1,1,1,1,2
2302,fit,geometry_transition,5,2,5,1,2
2303,fit,geometry_transition,3,2,3,1,2
2304,fit,geometry_transition,1,1,1,1,2
2305,fit,geometry_transition,11,2,11,1,2
2306,fit,geometry_transition,9,2,9,1,2
2307,fit,geometry_transition,1,1,1,1,2
2308,fit,geometry_transition,1,1,1,1,2
2309,fit,geometry_transition,10,2,10,1,2
2310,fit,geometry_transition,4,2,4,1,2
2311,fit,geometry_transition,7,2,7,1,2
2312,fit,geometry_transition,11,2,11,1,2
2313,fit,geometry_transition,5,2,5,1,2
2314,fit,geometry_transition,3,2,3,1,2
2315,fit,geometry_transition,4,2,4,1,2
2316,fit,geometry_transition,1,1,1,1,2
2317,fit,geometry_transition,8,2,8,1,2
2318,fit,geometry_transition,5,2,5,1,2
2319,fit,geometry_transition,3,2,3,1,2
2320,fit,geometry_transition,3,2,3,1,2
2321,fit,geometry_transition,7,2,7,1,2
2322,fit,geometry_transition,11,2,11,1,2
2323,fit,geometry_transition,4,2,4,1,2
2324,fit,geometry_transition,11,2,11,1,2
2325,fit,geometry_transition,1,1,1,1,2
2326,fit,geometry_transition,5,2,5,1,2
2327,fit,geometry_transition,5,2,5,1,2
2328,fit,geometry_transition,4,2,4,1,2
2329,fit,geometry_transition,5,2,5,1,2
2330,fit,turn,5,2,5,1,2
2331,fit,geometry_transition,1,1,1,1,2
2332,fit,geometry_transition,2,2,2,1,2
2333,fit,geometry_transition,1,1,1,1,2
2334,fit,geometry_transition,8,2,8,1,2
2335,fit,geometry_transition,1,1,1,1,2
2336,fit,geometry_transition,8,2,8,1,2
2337,fit,geometry_transition,4,2,4,1,2
2338,fit,geometry_transition,5,2,5,1,2
2339,fit,geometry_transition,2,2,2,1,2
2340,fit,geometry_transition,2,2,2,1,2
2341,fit,geometry_transition,2,2,2,1,2
2342,fit,geometry_transition,3,2,3,1,2
2343,fit,turn,3,2,3,1,2
2344,fit,geometry_transition,7,2,7,1,2
2345,fit,geometry_transition,3,1,3,1,2
2346,fit,geometry_transition,3,2,3,1,2
2347,fit,geometry_transition,9,2,9,1,2
2348,fit,geometry_transition,12,2,12,1,2
2349,fit,geometry_transition,8,2,8,1,2
2350,fit,geometry_transition,5,2,5,1,2
2351,fit,geometry_transition,8,2,8,1,2
2352,fit,geometry_transition,6,2,6,1,2
2353,fit,geometry_transition,5,2,5,1,2
2354,fit,geometry_transition,6,2,6,1,2
2355,fit,geometry_transition,2,2,2,1,2
2356,fit,geometry_transition,5,2,5,1,2
2357,fit,turn,4,2,4,1,2
2358,fit,geometry_transition,2,2,2,1,2
2359,fit,geometry_transition,8,2,8,1,2
2360,fit,geometry_transition,5,2,5,1,2
2361,fit,geometry_transition,10,2,10,1,2
2362,fit,geometry_transition,12,2,12,1,2
2363,fit,terminal,17,2,17,1,1
2364,fit,terminal,10,2,10,1,1
2365,fit,junction,51,6,51,1,3
2366,fit,junction,48,6,48,1,3
2367,fit,terminal,15,2,15,1,1
2368,fit,junction,43,6,43,1,3
2369,fit,terminal,15,2,15,1,1
2370,fit,junction,48,6,48,1,3
2371,fit,junction,37,6,37,1,3
2372,fit,junction,40,6,40,1,3
2373,fit,junction,48,6,48,1,3
2374,fit,junction,64,8,64,1,4
2375,fit,terminal,16,2,16,1,1
2376,fit,junction,49,6,49,1,3
2377,fit,terminal,2,1,2,1,1
2378,fit,terminal,17,2,17,1,1
2379,fit,terminal,14,2,14,1,1
2380,fit,geometry_transition,8,2,8,1,2
2381,fit,geometry_transition,4,2,4,1,2
2382,fit,geometry_transition,9,2,9,1,2
2383,fit,geometry_transition,7,2,7,1,2
2384,fit,geometry_transition,8,2,8,1,2
2385,fit,geometry_transition,8,2,8,1,2
2386,fit,geometry_transition,3,1,3,1,2
2387,fit,geometry_transition,2,2,2,1,2
2388,fit,geometry_transition,1,1,1,1,2
2389,fit,geometry_transition,6,2,6,1,2
2390,fit,geometry_transition,10,2,10,1,2
2391,fit,geometry_transition,4,2,4,1,2
2392,fit,geometry_transition,11,2,11,1,2
2393,fit,geometry_transition,7,2,7,1,2
2394,fit,geometry_transition,13,2,13,1,2
2395,fit,geometry_transition,5,2,5,1,2
2396,fit,geometry_transition,2,1,2,1,2
2397,fit,geometry_transition,8,2,8,1,2
2398,fit,geometry_transition,6,2,6,1,2
2399,fit,geometry_transition,3,2,3,1,2
2400,fit,geometry_transition,6,2,6,1,2
2401,fit,geometry_transition,1,1,1,1,2
2402,fit,geometry_transition,3,1,3,1,2
2403,fit,geometry_transition,3,2,3,1,2
2404,fit,geometry_transition,1,1,1,1,2
2405,fit,geometry_transition,11,2,11,1,2
2406,fit,geometry_transition,6,2,6,1,2
2407,fit,geometry_transition,1,1,1,1,2
2408,fit,geometry_transition,1,1,1,1,2
2409,fit,geometry_transition,8,2,8,1,2
2410,fit,geometry_transition,2,2,2,1,2
2411,fit,geometry_transition,4,2,4,1,2
2412,fit,geometry_transition,1,1,1,1,2
2413,fit,geometry_transition,1,1,1,1,2
2414,fit,geometry_transition,4,2,4,1,2
2415,fit,geometry_transition,5,2,5,1,2
2416,fit,geometry_transition,2,2,2,1,2
2417,fit,geometry_transition,1,1,1,1,2
2418,fit,geometry_transition,7,2,7,1,2
2419,fit,geometry_transition,4,2,4,1,2
2420,fit,geometry_transition,6,2,6,1,2
2421,fit,geometry_transition,12,2,12,1,2
2422,fit,geometry_transition,2,2,2,1,2
2423,fit,geometry_transition,2,2,2,1,2
2424,fit,geometry_transition,24,2,24,1,2
2425,fit,geometry_transition,5,2,5,1,2
2426,fit,geometry_transition,4,2,4,1,2
2427,fit,geometry_transition,1,1,1,1,2
2428,fit,geometry_transition,3,2,3,1,2
2429,fit,geometry_transition,6,2,6,1,2
2430,fit,terminal,17,2,17,1,1
2431,fit,terminal,17,2,17,1,1
2432,fit,junction,51,6,51,1,3
2433,fit,terminal,17,2,17,1,1
2434,fit,terminal,17,2,17,1,1
2435,fit,terminal,14,2,14,1,1
2436,fit,junction,45,6,45,1,3
2437,fit,terminal,17,2,17,1,1
2438,fit,junction,51,6,51,1,3
2439,fit,terminal,8,2,8,1,1
2440,fit,junction,48,6,48,1,3
2441,fit,junction,51,6,51,1,3
2442,fit,junction,43,6,43,1,3
2443,fit,junction,51,6,51,1,3
2444,fit,junction,47,6,47,1,3
2445,fit,junction,51,6,51,1,3
2446,fit,junction,51,6,51,1,3
2447,fit,junction,51,6,51,1,3
2448,fit,terminal,17,2,17,1,1
2449,fit,junction,68,8,68,1,4
2450,fit,terminal,17,2,17,1,1
2451,fit,geometry_transition,5,2,5,1,2
2452,fit,geometry_transition,4,2,4,1,2
2453,fit,geometry_transition,8,2,8,1,2
2454,fit,geometry_transition,8,2,8,1,2
2455,fit,geometry_transition,4,2,4,1,2
2456,fit,geometry_transition,1,1,1,1,2
2457,fit,geometry_transition,2,2,2,1,2
2458,fit,geometry_transition,5,2,5,1,2
2459,fit,geometry_transition,6,2,6,1,2
2460,fit,geometry_transition,1,1,1,1,2
2461,fit,geometry_transition,5,2,5,1,2
2462,fit,geometry_transition,8,2,8,1,2
2463,fit,geometry_transition,6,2,6,1,2
2464,fit,geometry_transition,6,2,6,1,2
2465,fit,geometry_transition,2,2,2,1,2
2466,fit,geometry_transition,1,1,1,1,2
2467,fit,geometry_transition,4,2,4,1,2
2468,fit,geometry_transition,10,2,10,1,2
2469,fit,geometry_transition,4,2,4,1,2
2470,fit,geometry_transition,8,2,8,1,2
2471,fit,geometry_transition,3,1,3,1,2
2472,fit,geometry_transition,2,1,2,1,2
2473,fit,geometry_transition,2,2,2,1,2
2474,fit,geometry_transition,6,2,6,1,2
2475,fit,geometry_transition,1,1,1,1,2
2476,fit,geometry_transition,14,2,14,1,2
2477,fit,geometry_transition,1,1,1,1,2
2478,fit,geometry_transition,5,2,5,1,2
2479,fit,geometry_transition,3,2,3,1,2
2480,fit,geometry_transition,4,2,4,1,2
2481,fit,geometry_transition,2,2,2,1,2
2482,fit,geometry_transition,5,2,5,1,2
2483,fit,geometry_transition,2,2,2,1,2
2484,fit,geometry_transition,3,2,3,1,2
2485,fit,geometry_transition,14,2,14,1,2
2486,fit,geometry_transition,4,2,4,1,2
2487,fit,geometry_transition,2,2,2,1,2
2488,fit,geometry_transition,1,1,1,1,2
2489,fit,geometry_transition,2,2,2,1,2
2490,fit,terminal,15,2,15,1,1
2491,fit,junction,54,8,54,1,4
2492,fit,terminal,16,2,16,1,1
2493,fit,junction,46,6,46,1,3
2494,fit,terminal,17,2,17,1,1
2495,fit,junction,49,6,49,1,3
2496,fit,terminal,12,2,12,1,1
2497,fit,junction,49,6,49,1,3
2498,fit,terminal,17,2,17,1,1
2499,fit,junction,45,6,45,1,3
2500,fit,junction,51,6,51,1,3
2501,fit,terminal,17,2,17,1,1
2502,fit,junction,51,6,51,1,3
2503,fit,terminal,17,2,17,1,1
2504,fit,junction,51,6,51,1,3
2505,fit,junction,68,8,68,1,4
2506,fit,terminal,6,2,6,1,1
2507,fit,terminal,17,2,17,1,1
2508,fit,turn,6,2,6,1,2
2509,fit,geometry_transition,4,2,4,1,2
2510,fit,geometry_transition,7,2,7,1,2
2511,fit,geometry_transition,2,1,2,1,2
2512,fit,geometry_transition,6,2,6,1,2
2513,fit,geometry_transition,4,2,4,1,2
2514,fit,geometry_transition,8,2,8,1,2
2515,fit,geometry_transition,4,2,4,1,2
2516,fit,geometry_transition,1,1,1,1,2
2517,fit,geometry_transition,4,2,4,1,2
2518,fit,geometry_transition,8,2,8,1,2
2519,fit,geometry_transition,10,2,10,1,2
2520,fit,geometry_transition,6,2,6,1,2
2521,fit,geometry_transition,3,2,3,1,2
2522,fit,geometry_transition,2,1,2,1,2
2523,fit,geometry_transition,6,2,6,1,2
2524,fit,geometry_transition,12,2,12,1,2
2525,fit,geometry_transition,8,2,8,1,2
2526,fit,geometry_transition,8,2,8,1,2
2527,fit,geometry_transition,6,2,6,1,2
2528,fit,geometry_transition,2,2,2,1,2
2529,fit,geometry_transition,3,2,3,1,2
2530,fit,geometry_transition,4,2,4,1,2
2531,fit,geometry_transition,5,2,5,1,2
2532,fit,geometry_transition,1,1,1,1,2
2533,fit,geometry_transition,6,2,6,1,2
2534,fit,geometry_transition,2,2,2,1,2
2535,fit,geometry_transition,2,1,2,1,2
2536,fit,geometry_transition,4,2,4,1,2
2537,fit,geometry_transition,2,1,2,1,2
2538,fit,geometry_transition,10,2,10,1,2
2539,fit,geometry_transition,1,1,1,1,2
2540,fit,geometry_transition,6,2,6,1,2
2541,fit,geometry_transition,6,2,6,1,2
2542,fit,geometry_transition,7,2,7,1,2
2543,fit,turn,4,2,4,1,2
2544,fit,geometry_transition,1,1,1,1,2
2545,fit,turn,11,2,11,1,2
2546,fit,geometry_transition,8,2,8,1,2
2547,fit,geometry_transition,5,2,5,1,2
2548,fit,geometry_transition,4,2,4,1,2
2549,fit,geometry_transition,12,2,12,1,2
2550,fit,turn,2,2,2,1,2
2551,fit,junction,46,6,46,1,3
2552,fit,terminal,10,2,10,1,1
2553,fit,terminal,17,2,17,1,1
2554,fit,junction,49,6,48,1,3
2555,fit,terminal,17,2,17,1,1
2556,fit,junction,50,6,50,1,3
2557,fit,junction,51,6,51,1,3
2558,fit,junction,51,6,51,1,3
2559,fit,junction,45,6,45,1,3
2560,fit,junction,49,6,49,1,3
2561,fit,terminal,17,2,17,1,1
2562,fit,junction,49,6,49,1,3
2563,fit,terminal,17,2,17,1,1
2564,fit,terminal,15,2,15,1,1
2565,fit,junction,51,6,51,1,3
2566,fit,junction,51,6,51,1,3
2567,fit,terminal,17,2,17,1,1
2568,fit,terminal,17,2,17,1,1
2569,selection,geometry_transition,1,1,1,1,2
2570,selection,geometry_transition,4,2,4,1,2
2571,selection,geometry_transition,3,1,3,1,2
2572,selection,geometry_transition,5,2,5,1,2
2573,selection,geometry_transition,11,2,11,1,2
2574,selection,geometry_transition,2,2,2,1,2
2575,selection,geometry_transition,1,1,1,1,2
2576,selection,geometry_transition,1,1,1,1,2
2577,selection,geometry_transition,1,1,1,1,2
2578,selection,geometry_transition,5,2,5,1,2
2579,selection,geometry_transition,1,1,1,1,2
2580,selection,geometry_transition,3,2,3,1,2
2581,selection,geometry_transition,2,2,2,1,2
2582,selection,geometry_transition,9,2,9,1,2
2583,selection,geometry_transition,5,2,5,1,2
2584,selection,geometry_transition,4,2,4,1,2
2585,selection,geometry_transition,11,2,11,1,2
2586,selection,geometry_transition,7,2,7,1,2
2587,selection,geometry_transition,7,2,7,1,2
2588,selection,geometry_transition,2,2,2,1,2
2589,selection,geometry_transition,2,2,2,1,2
2590,selection,geometry_transition,8,2,8,1,2
2591,selection,turn,14,2,14,1,2
2592,selection,turn,9,2,9,1,2
2593,selection,geometry_transition,9,2,9,1,2
2594,selection,geometry_transition,7,2,7,1,2
2595,selection,geometry_transition,2,2,2,1,2
2596,selection,geometry_transition,10,2,10,1,2
2597,selection,geometry_transition,18,2,18,1,2
2598,selection,geometry_transition,4,2,4,1,2
2599,selection,geometry_transition,9,2,9,1,2
2600,selection,geometry_transition,15,2,15,1,2
2601,selection,geometry_transition,7,2,7,1,2
2602,selection,turn,1,1,1,1,2
2603,selection,terminal,17,2,17,1,1
2604,selection,terminal,14,2,14,1,1
2605,selection,junction,43,6,43,1,3
2606,selection,junction,51,6,51,1,3
2607,selection,junction,44,6,44,1,3
2608,selection,terminal,6,2,6,1,1
2609,selection,junction,44,6,44,1,3
2610,selection,junction,31,6,31,1,3
2611,selection,junction,33,6,33,1,3
2612,selection,junction,46,6,46,1,3
2613,selection,junction,62,8,62,1,4
2614,selection,terminal,17,2,17,1,1
2615,selection,terminal,17,2,17,1,1
2616,selection,terminal,17,2,17,1,1
2617,selection,junction,51,6,51,1,3
2618,selection,junction,51,6,51,1,3
2619,selection,terminal,15,2,15,1,1
2620,selection,geometry_transition,4,2,4,1,2
2621,selection,geometry_transition,2,2,2,1,2
2622,selection,geometry_transition,6,2,6,1,2
2623,selection,geometry_transition,13,2,13,1,2
2624,selection,geometry_transition,3,2,3,1,2
2625,selection,geometry_transition,2,2,2,1,2
2626,selection,geometry_transition,4,2,4,1,2
2627,selection,geometry_transition,4,2,4,1,2
2628,selection,turn,7,2,7,1,2
2629,selection,turn,7,2,7,1,2
2630,selection,turn,1,1,1,1,2
2631,selection,geometry_transition,2,2,2,1,2
2632,selection,geometry_transition,1,1,1,1,2
2633,selection,turn,1,1,1,1,2
2634,selection,geometry_transition,2,2,2,1,2
2635,selection,geometry_transition,11,2,11,1,2
2636,selection,geometry_transition,2,2,2,1,2
2637,selection,geometry_transition,4,2,4,1,2
2638,selection,geometry_transition,2,2,2,1,2
2639,selection,geometry_transition,1,1,1,1,2
2640,selection,turn,6,2,6,1,2
2641,selection,geometry_transition,11,2,11,1,2
2642,selection,junction,48,6,48,1,3
2643,selection,terminal,17,2,17,1,1
2644,selection,junction,42,6,42,1,3
2645,selection,terminal,17,2,17,1,1
2646,selection,terminal,17,2,17,1,1
2647,selection,junction,44,6,44,1,3
2648,selection,terminal,10,2,10,1,1
2649,selection,terminal,1,1,1,1,1
2650,selection,junction,54,8,54,1,4
2651,selection,junction,32,6,32,1,3
2652,selection,junction,39,6,39,1,3
2653,selection,terminal,14,2,14,1,1
2654,selection,junction,46,6,46,1,3
2655,selection,junction,31,6,31,1,3
2656,selection,terminal,15,2,15,1,1
2657,selection,junction,49,6,49,1,3
2658,selection,junction,49,6,49,1,3
2659,selection,terminal,17,2,17,1,1
2660,selection,terminal,17,2,17,1,1
2750,fit,turn,5,2,5,1,2
2751,fit,geometry_transition,3,2,3,1,2
2752,fit,geometry_transition,1,1,1,1,2
2753,fit,geometry_transition,2,1,2,1,2
2754,fit,turn,9,2,9,1,2
2755,fit,geometry_transition,6,2,6,1,2
2756,fit,geometry_transition,3,2,3,1,2
2757,fit,geometry_transition,12,2,12,1,2
2758,fit,geometry_transition,6,2,6,1,2
2759,fit,geometry_transition,6,2,6,1,2
2760,fit,geometry_transition,2,1,2,1,2
2761,fit,geometry_transition,7,2,7,1,2
2762,fit,geometry_transition,6,2,6,1,2
2763,fit,geometry_transition,5,2,5,1,2
2764,fit,geometry_transition,3,2,3,1,2
2765,fit,geometry_transition,5,2,5,1,2
2766,fit,geometry_transition,1,1,1,1,2
2767,fit,geometry_transition,6,2,6,1,2
2768,fit,geometry_transition,7,2,7,1,2
2769,fit,geometry_transition,8,2,8,1,2
2770,fit,geometry_transition,1,1,1,1,2
2771,fit,geometry_transition,7,2,7,1,2
2772,fit,geometry_transition,4,2,4,1,2
2773,fit,geometry_transition,12,2,12,1,2
2774,fit,geometry_transition,1,1,1,1,2
2775,fit,geometry_transition,7,2,7,1,2
2776,fit,geometry_transition,2,2,2,1,2
2777,fit,geometry_transition,1,1,1,1,2
2778,fit,geometry_transition,8,2,8,1,2
2779,fit,geometry_transition,3,2,3,1,2
2780,fit,geometry_transition,10,2,10,1,2
2781,fit,geometry_transition,5,2,5,1,2
2782,fit,geometry_transition,10,2,10,1,2
2783,fit,geometry_transition,7,2,7,1,2
2784,fit,geometry_transition,20,2,20,1,2
2785,fit,geometry_transition,5,2,5,1,2
2786,fit,geometry_transition,7,2,7,1,2
2787,fit,geometry_transition,4,2,4,1,2
2788,fit,geometry_transition,10,2,10,1,2
2789,fit,geometry_transition,10,2,10,1,2
2790,fit,geometry_transition,8,2,8,1,2
2791,fit,geometry_transition,6,2,6,1,2
2792,fit,geometry_transition,7,2,7,1,2
2793,fit,geometry_transition,12,2,12,1,2
2794,fit,geometry_transition,3,2,3,1,2
2795,fit,geometry_transition,3,2,3,1,2
2796,fit,geometry_transition,10,2,10,1,2
2797,fit,geometry_transition,1,1,1,1,2
2798,fit,geometry_transition,16,2,16,1,2
2799,fit,geometry_transition,9,2,9,1,2
2800,fit,geometry_transition,8,2,8,1,2
2801,fit,geometry_transition,6,2,6,1,2
2802,fit,geometry_transition,8,2,8,1,2
2803,fit,geometry_transition,3,2,3,1,2
2804,fit,geometry_transition,2,2,2,1,2
2805,fit,geometry_transition,12,2,12,1,2
2806,fit,geometry_transition,16,2,16,1,2
2807,fit,geometry_transition,3,2,3,1,2
2808,fit,geometry_transition,3,2,3,1,2
2809,fit,geometry_transition,7,2,7,1,2
2810,fit,junction,44,6,44,1,3
2811,fit,junction,44,6,44,1,3
2812,fit,terminal,14,2,14,1,1
2813,fit,junction,44,6,44,1,3
2814,fit,terminal,17,2,17,1,1
2815,fit,junction,43,6,43,1,3
2816,fit,junction,50,6,50,1,3
2817,fit,terminal,17,2,17,1,1
2818,fit,junction,51,6,51,1,3
2819,fit,junction,65,8,65,1,4
2820,fit,terminal,17,2,17,1,1
2821,fit,terminal,12,2,12,1,1
2822,fit,junction,51,6,51,1,3
2823,fit,terminal,17,2,17,1,1
2824,fit,geometry_transition,1,1,1,1,2
2825,fit,geometry_transition,9,2,9,1,2
2826,fit,geometry_transition,4,2,4,1,2
2827,fit,geometry_transition,9,2,9,1,2
2828,fit,geometry_transition,2,2,2,1,2
2829,fit,geometry_transition,2,2,2,1,2
2830,fit,geometry_transition,2,2,2,1,2
2831,fit,geometry_transition,24,2,24,1,2
2832,fit,geometry_transition,6,2,6,1,2
2833,fit,geometry_transition,3,1,3,1,2
2834,fit,geometry_transition,6,2,6,1,2
2835,fit,geometry_transition,2,2,2,1,2
2836,fit,geometry_transition,3,2,3,1,2
2837,fit,geometry_transition,5,2,5,1,2
2838,fit,geometry_transition,8,2,8,1,2
2839,fit,geometry_transition,4,2,4,1,2
2840,fit,geometry_transition,13,2,13,1,2
2841,fit,geometry_transition,6,2,6,1,2
2842,fit,geometry_transition,11,2,11,1,2
2843,fit,geometry_transition,1,1,1,1,2
2844,fit,geometry_transition,2,2,2,1,2
2845,fit,geometry_transition,5,2,5,1,2
2846,fit,geometry_transition,8,2,8,1,2
2847,fit,geometry_transition,12,2,12,1,2
2848,fit,geometry_transition,4,2,4,1,2
2849,fit,geometry_transition,3,1,3,1,2
2850,fit,geometry_transition,2,2,2,1,2
2851,fit,geometry_transition,1,1,1,1,2
2852,fit,geometry_transition,1,1,1,1,2
2853,fit,geometry_transition,9,2,9,1,2
2854,fit,geometry_transition,2,2,2,1,2
2855,fit,turn,11,2,11,1,2
2856,fit,geometry_transition,1,1,1,1,2
2857,fit,geometry_transition,2,2,2,1,2
2858,fit,turn,4,2,4,1,2
2859,fit,geometry_transition,14,2,14,1,2
2860,fit,geometry_transition,1,1,1,1,2
2861,fit,junction,51,6,51,1,3
2862,fit,terminal,17,2,17,1,1
2863,fit,terminal,17,2,17,1,1
2864,fit,terminal,15,2,15,1,1
2865,fit,junction,37,6,37,1,3
2866,fit,junction,68,8,68,1,4
2867,fit,junction,51,6,51,1,3
2868,fit,terminal,17,2,17,1,1
2869,fit,junction,51,6,51,1,3
2870,fit,junction,51,6,51,1,3
2871,fit,junction,42,6,42,1,3
2872,fit,terminal,1,1,1,1,1
2873,fit,junction,46,6,46,1,3
2874,fit,junction,44,6,44,1,3
2875,fit,terminal,17,2,17,1,1
2876,fit,terminal,17,2,17,1,1
2877,fit,terminal,17,2,17,1,1
2878,fit,geometry_transition,1,1,1,1,2
2879,fit,geometry_transition,6,2,6,1,2
2880,fit,geometry_transition,6,2,6,1,2
2881,fit,turn,1,1,1,1,2
2882,fit,turn,1,1,1,1,2
2883,fit,geometry_transition,10,2,10,1,2
2884,fit,geometry_transition,2,2,2,1,2
2885,fit,geometry_transition,1,1,1,1,2
2886,fit,geometry_transition,2,2,2,1,2
2887,fit,geometry_transition,12,2,12,1,2
2888,fit,geometry_transition,6,2,6,1,2
2889,fit,geometry_transition,6,2,6,1,2
2890,fit,geometry_transition,12,2,12,1,2
2891,fit,geometry_transition,1,1,1,1,2
2892,fit,geometry_transition,12,2,12,1,2
2893,fit,geometry_transition,1,1,1,1,2
2894,fit,geometry_transition,7,2,7,1,2
2895,fit,geometry_transition,9,2,9,1,2
2896,fit,geometry_transition,15,2,15,1,2
2897,fit,geometry_transition,15,2,15,1,2
2898,fit,geometry_transition,2,1,2,1,2
2899,fit,geometry_transition,12,2,12,1,2
2900,fit,geometry_transition,18,2,18,1,2
2901,fit,geometry_transition,12,2,12,1,2
2902,fit,geometry_transition,6,2,6,1,2
2903,fit,geometry_transition,11,2,11,1,2
2904,fit,geometry_transition,1,1,1,1,2
2905,fit,geometry_transition,11,2,11,1,2
2906,fit,geometry_transition,4,2,4,1,2
2907,fit,geometry_transition,5,2,5,1,2
2908,fit,geometry_transition,4,2,4,1,2
2909,fit,geometry_transition,5,2,5,1,2
2910,fit,geometry_transition,10,2,10,1,2
2911,fit,geometry_transition,8,2,8,1,2
2912,fit,geometry_transition,8,2,8,1,2
2913,fit,geometry_transition,5,2,5,1,2
2914,fit,geometry_transition,2,1,2,1,2
2915,fit,geometry_transition,12,2,12,1,2
2916,fit,geometry_transition,2,2,2,1,2
2917,fit,geometry_transition,8,2,8,1,2
2918,fit,geometry_transition,14,2,14,1,2
2919,fit,geometry_transition,3,1,3,1,2
2920,fit,geometry_transition,7,2,7,1,2
2921,fit,geometry_transition,12,2,12,1,2
2922,fit,turn,1,1,1,1,2
2923,fit,geometry_transition,2,2,2,1,2
2924,fit,geometry_transition,1,1,1,1,2
2925,fit,geometry_transition,2,2,2,1,2
2926,fit,geometry_transition,3,1,3,1,2
2927,fit,geometry_transition,7,2,7,1,2
2928,fit,turn,5,2,5,1,2
2929,fit,turn,4,2,4,1,2
2930,fit,turn,3,2,3,1,2
2931,fit,geometry_transition,2,2,2,1,2
2932,fit,turn,2,2,2,1,2
2933,fit,geometry_transition,6,2,6,1,2
2934,fit,geometry_transition,14,2,14,1,2
2935,fit,geometry_transition,12,2,12,1,2
2936,fit,turn,4,2,4,1,2
2937,fit,geometry_transition,5,2,5,1,2
2938,fit,geometry_transition,2,2,2,1,2
2939,fit,turn,5,2,5,1,2
2940,fit,terminal,17,2,17,1,1
2941,fit,junction,46,6,46,1,3
2942,fit,terminal,17,2,17,1,1
2943,fit,junction,48,6,48,1,3
2944,fit,terminal,10,2,10,1,1
2945,fit,junction,30,6,30,1,3
2946,fit,terminal,12,2,12,1,1
2947,fit,junction,44,6,43,1,3
2948,fit,junction,37,6,37,1,3
2949,fit,junction,36,6,36,1,3
2950,fit,junction,30,6,30,1,3
2951,fit,terminal,10,2,10,1,1
2952,fit,junction,35,6,35,1,3
2953,fit,geometry_transition,10,2,10,1,2
2954,fit,geometry_transition,1,1,1,1,2
2955,fit,geometry_transition,3,2,3,1,2
2956,fit,geometry_transition,8,2,8,1,2
2957,fit,geometry_transition,2,2,2,1,2
2958,fit,turn,1,1,1,1,2
2959,fit,geometry_transition,8,2,8,1,2
2960,fit,geometry_transition,7,2,7,1,2
2961,fit,geometry_transition,5,2,5,1,2
2962,fit,geometry_transition,23,2,23,1,2
2963,fit,geometry_transition,6,2,6,1,2
2964,fit,geometry_transition,7,2,7,1,2
2965,fit,geometry_transition,3,2,3,1,2
2966,fit,geometry_transition,1,1,1,1,2
2967,fit,geometry_transition,6,2,6,1,2
2968,fit,geometry_transition,1,1,1,1,2
2969,fit,geometry_transition,2,2,2,1,2
2970,fit,geometry_transition,1,1,1,1,2
2971,fit,geometry_transition,1,1,1,1,2
2972,fit,geometry_transition,8,2,8,1,2
2973,fit,geometry_transition,5,2,5,1,2
2974,fit,geometry_transition,5,2,5,1,2
2975,fit,geometry_transition,4,2,4,1,2
2976,fit,geometry_transition,5,2,5,1,2
2977,fit,geometry_transition,8,2,8,1,2
2978,fit,geometry_transition,2,2,2,1,2
2979,fit,geometry_transition,7,2,7,1,2
2980,fit,geometry_transition,4,2,4,1,2
2981,fit,geometry_transition,11,2,11,1,2
2982,fit,geometry_transition,6,2,6,1,2
2983,fit,geometry_transition,9,2,9,1,2
2984,fit,geometry_transition,4,2,4,1,2
2985,fit,geometry_transition,2,1,2,1,2
2986,fit,geometry_transition,4,2,4,1,2
2987,fit,geometry_transition,9,2,9,1,2
2988,fit,geometry_transition,14,2,14,1,2
2989,fit,geometry_transition,6,2,6,1,2
2990,fit,geometry_transition,1,1,1,1,2
2991,fit,geometry_transition,8,2,8,1,2
2992,fit,geometry_transition,15,2,15,1,2
2993,fit,geometry_transition,6,2,6,1,2
2994,fit,geometry_transition,11,2,11,1,2
2995,fit,geometry_transition,4,2,4,1,2
2996,fit,geometry_transition,3,2,3,1,2
2997,fit,geometry_transition,8,2,8,1,2
2998,fit,geometry_transition,2,2,2,1,2
2999,fit,geometry_transition,3,2,3,1,2
3000,fit,geometry_transition,1,1,1,1,2
3001,fit,turn,3,2,3,1,2
3002,fit,geometry_transition,2,2,2,1,2
3003,fit,geometry_transition,7,2,7,1,2
3004,fit,geometry_transition,5,2,5,1,2
3005,fit,turn,4,2,4,1,2
3006,fit,geometry_transition,7,2,7,1,2
3007,fit,geometry_transition,3,2,3,1,2
3008,fit,geometry_transition,16,2,16,1,2
3009,fit,geometry_transition,3,2,3,1,2
3010,fit,geometry_transition,3,2,3,1,2
3011,fit,geometry_transition,1,1,1,1,2
3012,fit,geometry_transition,6,2,6,1,2
3013,fit,geometry_transition,3,2,3,1,2
3014,fit,geometry_transition,6,2,6,1,2
3015,fit,geometry_transition,1,1,1,1,2
3016,fit,geometry_transition,2,2,2,1,2
3017,fit,terminal,17,2,17,1,1
3018,fit,junction,51,6,51,1,3
3019,fit,terminal,17,2,17,1,1
3020,fit,junction,51,6,51,1,3
3021,fit,junction,44,6,44,1,3
3022,fit,terminal,17,2,17,1,1
3023,fit,junction,51,6,51,1,3
3024,fit,junction,44,6,44,1,3
3025,fit,terminal,17,2,17,1,1
3026,fit,junction,51,6,51,1,3
3027,fit,junction,51,6,51,1,3
3028,fit,junction,51,6,51,1,3
3029,fit,terminal,17,2,17,1,1
3030,fit,terminal,17,2,17,1,1
3031,fit,junction,68,8,68,1,4
3032,fit,terminal,16,2,16,1,1
3033,fit,terminal,17,2,17,1,1
3034,fit,geometry_transition,3,2,3,1,2
3035,fit,geometry_transition,2,1,2,1,2
3036,fit,geometry_transition,4,2,4,1,2
3037,fit,geometry_transition,2,2,2,1,2
3038,fit,geometry_transition,4,2,4,1,2
3039,fit,geometry_transition,8,2,8,1,2
3040,fit,geometry_transition,10,2,10,1,2
3041,fit,geometry_transition,9,2,9,1,2
3042,fit,geometry_transition,8,2,8,1,2
3043,fit,turn,4,2,4,1,2
3044,fit,geometry_transition,5,2,5,1,2
3045,fit,geometry_transition,11,2,11,1,2
3046,fit,geometry_transition,3,2,3,1,2
3047,fit,turn,9,2,9,1,2
3048,fit,geometry_transition,4,2,4,1,2
3049,fit,turn,4,2,4,1,2
3050,fit,geometry_transition,3,2,3,1,2
3051,fit,turn,10,2,10,1,2
3052,fit,geometry_transition,2,2,2,1,2
3053,fit,turn,11,2,11,1,2
3054,fit,turn,3,2,3,1,2
3055,fit,geometry_transition,3,2,3,1,2
3056,fit,turn,5,2,5,1,2
3057,fit,geometry_transition,1,1,1,1,2
3058,fit,geometry_transition,10,2,10,1,2
3059,fit,geometry_transition,1,1,1,1,2
3060,fit,geometry_transition,1,1,1,1,2
3061,fit,geometry_transition,1,1,1,1,2
3062,fit,turn,3,1,3,1,2
3063,fit,geometry_transition,12,2,12,1,2
3064,fit,geometry_transition,14,2,14,1,2
3065,fit,geometry_transition,1,1,1,1,2
3066,fit,turn,3,1,3,1,2
3067,fit,geometry_transition,4,2,4,1,2
3068,fit,geometry_transition,8,2,8,1,2
3069,fit,geometry_transition,4,2,4,1,2
3070,fit,geometry_transition,1,1,1,1,2
3071,fit,turn,6,2,6,1,2
3072,fit,geometry_transition,1,1,1,1,2
3073,fit,geometry_transition,6,2,6,1,2
3074,fit,geometry_transition,4,2,4,1,2
3075,fit,geometry_transition,7,2,7,1,2
3076,fit,geometry_transition,5,2,5,1,2
3077,fit,geometry_transition,1,1,1,1,2
3078,fit,turn,3,1,3,1,2
3079,fit,geometry_transition,8,2,8,1,2
3080,fit,geometry_transition,2,1,2,1,2
3081,fit,geometry_transition,9,2,9,1,2
3082,fit,geometry_transition,1,1,1,1,2
3083,fit,geometry_transition,6,2,6,1,2
3084,fit,geometry_transition,10,2,10,1,2
3085,fit,geometry_transition,2,2,2,1,2
3086,fit,geometry_transition,1,1,1,1,2
3087,fit,geometry_transition,6,2,6,1,2
3088,fit,geometry_transition,9,2,9,1,2
3089,fit,geometry_transition,6,2,6,1,2
3090,fit,geometry_transition,8,2,8,1,2
3091,fit,geometry_transition,5,2,5,1,2
3092,fit,geometry_transition,3,2,3,1,2
3093,fit,terminal,17,2,17,1,1
3094,fit,terminal,10,2,10,1,1
3095,fit,junction,45,6,45,1,3
3096,fit,junction,49,6,49,1,3
3097,fit,junction,32,6,32,1,3
3098,fit,terminal,12,2,12,1,1
3099,fit,junction,65,8,65,1,4
3100,fit,terminal,17,2,17,1,1
3101,fit,junction,51,6,51,1,3
3102,fit,junction,43,6,43,1,3
3103,fit,terminal,7,2,7,1,1
3104,fit,junction,48,6,48,1,3
3105,fit,terminal,17,2,17,1,1
3106,fit,junction,51,6,51,1,3
3107,fit,turn,10,2,10,1,2
3108,fit,geometry_transition,2,2,2,1,2
3109,fit,turn,7,2,7,1,2
3110,fit,turn,7,2,7,1,2
3111,fit,geometry_transition,12,2,12,1,2
3112,fit,geometry_transition,8,2,8,1,2
3113,fit,geometry_transition,9,2,9,1,2
3114,fit,turn,5,2,5,1,2
3115,fit,geometry_transition,2,2,2,1,2
3116,fit,geometry_transition,7,2,7,1,2
3117,fit,geometry_transition,14,2,14,1,2
3118,fit,geometry_transition,6,2,6,1,2
3119,fit,geometry_transition,4,2,4,1,2
3120,fit,geometry_transition,24,2,24,1,2
3121,fit,geometry_transition,9,2,9,1,2
3122,fit,geometry_transition,8,2,8,1,2
3123,fit,geometry_transition,12,2,12,1,2
3124,fit,geometry_transition,2,2,2,1,2
3125,fit,geometry_transition,8,2,8,1,2
3126,fit,turn,9,2,9,1,2
3127,fit,turn,9,2,9,1,2
3128,fit,geometry_transition,6,2,6,1,2
3129,fit,geometry_transition,2,2,2,1,2
3130,fit,geometry_transition,15,2,15,1,2
3131,fit,turn,5,2,5,1,2
3132,fit,geometry_transition,3,2,3,1,2
3133,fit,turn,1,1,1,1,2
3134,fit,geometry_transition,6,2,6,1,2
3135,fit,geometry_transition,1,1,1,1,2
3136,fit,geometry_transition,8,2,8,1,2
3137,fit,geometry_transition,5,2,5,1,2
3138,fit,turn,2,2,2,1,2
3139,fit,geometry_transition,1,1,1,1,2
3140,fit,turn,6,2,6,1,2
3141,fit,turn,9,2,9,1,2
3142,fit,geometry_transition,1,1,1,1,2
3143,fit,geometry_transition,1,1,1,1,2
3144,fit,geometry_transition,1,1,1,1,2
3145,fit,geometry_transition,1,1,1,1,2
3146,fit,geometry_transition,3,2,3,1,2
3147,fit,turn,9,2,9,1,2
3148,fit,turn,2,2,2,1,2
3149,fit,turn,1,1,1,1,2
3150,fit,turn,4,2,4,1,2
3151,fit,turn,1,1,1,1,2
3152,fit,turn,2,2,2,1,2
3153,fit,geometry_transition,1,1,1,1,2
3154,fit,geometry_transition,15,2,15,1,2
3155,fit,geometry_transition,2,2,2,1,2
3156,fit,geometry_transition,7,2,7,1,2
3157,fit,geometry_transition,5,2,5,1,2
3158,fit,geometry_transition,3,2,3,1,2
3159,fit,geometry_transition,1,1,1,1,2
3160,fit,geometry_transition,4,2,4,1,2
3161,fit,geometry_transition,11,2,11,1,2
3162,fit,geometry_transition,2,2,2,1,2
3163,fit,geometry_transition,1,1,1,1,2
3164,fit,geometry_transition,3,2,3,1,2
3165,fit,geometry_transition,6,2,6,1,2
3166,fit,geometry_transition,3,2,3,1,2
3167,fit,junction,47,6,47,1,3
3168,fit,terminal,7,2,7,1,1
3169,fit,junction,41,6,41,1,3
3170,fit,terminal,17,2,17,1,1
3171,fit,junction,51,6,51,1,3
3172,fit,terminal,17,2,17,1,1
3173,fit,terminal,14,2,14,1,1
3174,fit,junction,43,6,43,1,3
3175,fit,junction,51,6,51,1,3
3176,fit,terminal,12,2,12,1,1
3177,fit,junction,49,6,49,1,3
3178,fit,junction,43,6,43,1,3
3179,fit,terminal,17,2,17,1,1
3180,fit,junction,51,6,51,1,3
3181,fit,junction,46,6,46,1,3
3182,fit,terminal,17,2,17,1,1
3183,fit,junction,51,6,51,1,3
3184,fit,terminal,17,2,17,1,1
3185,selection,geometry_transition,4,2,4,1,2
3186,selection,geometry_transition,6,2,6,1,2
3187,selection,geometry_transition,9,2,9,1,2
3188,selection,geometry_transition,2,1,2,1,2
3189,selection,geometry_transition,8,2,8,1,2
3190,selection,geometry_transition,12,2,12,1,2
3191,selection,geometry_transition,9,2,9,1,2
3192,selection,geometry_transition,1,1,1,1,2
3193,selection,geometry_transition,12,2,12,1,2
3194,selection,geometry_transition,14,2,14,1,2
3195,selection,geometry_transition,9,2,9,1,2
3196,selection,geometry_transition,23,2,23,1,2
3197,selection,geometry_transition,13,2,13,1,2
3198,selection,geometry_transition,7,2,7,1,2
3199,selection,geometry_transition,6,2,6,1,2
3200,selection,geometry_transition,3,2,3,1,2
3201,selection,geometry_transition,6,2,6,1,2
3202,selection,geometry_transition,6,2,6,1,2
3203,selection,geometry_transition,2,2,2,1,2
3204,selection,geometry_transition,7,2,7,1,2
3205,selection,geometry_transition,4,2,4,1,2
3206,selection,geometry_transition,4,2,4,1,2
3207,selection,geometry_transition,3,2,3,1,2
3208,selection,geometry_transition,4,2,4,1,2
3209,selection,geometry_transition,4,2,4,1,2
3210,selection,geometry_transition,7,2,7,1,2
3211,selection,turn,8,2,8,1,2
3212,selection,geometry_transition,18,2,18,1,2
3213,selection,turn,7,2,7,1,2
3214,selection,geometry_transition,8,2,8,1,2
3215,selection,geometry_transition,2,2,2,1,2
3216,selection,geometry_transition,5,2,5,1,2
3217,selection,geometry_transition,3,2,3,1,2
3218,selection,geometry_transition,11,2,11,1,2
3219,selection,geometry_transition,3,2,3,1,2
3220,selection,geometry_transition,4,2,4,1,2
3221,selection,geometry_transition,16,2,16,1,2
3222,selection,geometry_transition,2,2,2,1,2
3223,selection,geometry_transition,1,1,1,1,2
3224,selection,geometry_transition,1,1,1,1,2
3225,selection,geometry_transition,8,2,8,1,2
3226,selection,geometry_transition,16,2,16,1,2
3227,selection,geometry_transition,6,2,6,1,2
3228,selection,geometry_transition,4,2,4,1,2
3229,selection,geometry_transition,1,1,1,1,2
3230,selection,geometry_transition,1,1,1,1,2
3231,selection,geometry_transition,16,2,16,1,2
3232,selection,geometry_transition,2,2,2,1,2
3233,selection,geometry_transition,8,2,8,1,2
3234,selection,geometry_transition,3,2,3,1,2
3235,selection,geometry_transition,2,2,2,1,2
3236,selection,geometry_transition,8,2,8,1,2
3237,selection,geometry_transition,9,2,9,1,2
3238,selection,geometry_transition,13,2,13,1,2
3239,selection,turn,4,2,4,1,2
3240,selection,geometry_transition,4,2,4,1,2
3241,selection,geometry_transition,10,2,10,1,2
3242,selection,turn,18,2,18,1,2
3243,selection,turn,7,2,7,1,2
3244,selection,geometry_transition,1,1,1,1,2
3245,selection,geometry_transition,3,2,3,1,2
3246,selection,turn,10,2,10,1,2
3247,selection,geometry_transition,11,2,11,1,2
3248,selection,geometry_transition,5,2,5,1,2
3249,selection,turn,5,2,5,1,2
3250,selection,geometry_transition,23,2,23,1,2
3251,selection,geometry_transition,15,2,15,1,2
3252,selection,geometry_transition,4,2,4,1,2
3253,selection,turn,15,2,15,1,2
3254,selection,geometry_transition,10,2,10,1,2
3255,selection,turn,9,2,9,1,2
3256,selection,geometry_transition,7,2,7,1,2
3257,selection,geometry_transition,8,2,8,1,2
3258,selection,geometry_transition,13,2,13,1,2
3259,selection,geometry_transition,3,2,3,1,2
3260,selection,geometry_transition,9,2,9,1,2
3261,selection,geometry_transition,6,2,6,1,2
3262,selection,turn,1,1,1,1,2
3263,selection,turn,3,2,3,1,2
3264,selection,turn,5,2,5,1,2
3265,selection,geometry_transition,4,2,4,1,2
3266,selection,geometry_transition,3,2,3,1,2
3267,selection,geometry_transition,1,1,1,1,2
3268,selection,geometry_transition,3,2,3,1,2
3269,selection,geometry_transition,3,2,3,1,2
3270,selection,geometry_transition,5,2,5,1,2
3271,selection,turn,1,1,1,1,2
3272,selection,geometry_transition,1,1,1,1,2
3273,selection,geometry_transition,1,1,1,1,2
3274,selection,geometry_transition,2,2,2,1,2
3275,selection,turn,12,2,12,1,2
3276,selection,geometry_transition,5,2,5,1,2
3277,selection,geometry_transition,1,1,1,1,2
3278,selection,geometry_transition,6,2,6,1,2
3279,selection,geometry_transition,4,2,4,1,2
3280,selection,geometry_transition,7,2,7,1,2
3281,selection,geometry_transition,5,2,5,1,2
3282,selection,geometry_transition,7,2,7,1,2
3283,selection,geometry_transition,2,1,2,1,2
3284,selection,geometry_transition,8,2,8,1,2
3285,selection,geometry_transition,12,2,12,1,2
3286,selection,geometry_transition,9,2,9,1,2
3287,selection,geometry_transition,11,2,11,1,2
3288,selection,geometry_transition,6,2,6,1,2
3289,selection,terminal,17,2,17,1,1
3290,selection,junction,51,6,51,1,3
3291,selection,terminal,17,2,17,1,1
3292,selection,junction,51,6,50,1,3
3293,selection,junction,51,6,51,1,3
3294,selection,terminal,17,2,17,1,1
3295,selection,junction,49,6,49,1,3
3296,selection,junction,51,6,51,1,3
3297,selection,terminal,15,2,15,1,1
3298,selection,junction,50,6,50,1,3
3299,selection,junction,51,6,51,1,3
3300,selection,terminal,17,2,17,1,1
3301,selection,junction,46,6,46,1,3
3302,selection,terminal,17,2,17,1,1
3303,selection,geometry_transition,11,2,11,1,2
3304,selection,geometry_transition,12,2,12,1,2
3305,selection,geometry_transition,7,2,7,1,2
3306,selection,geometry_transition,24,2,24,1,2
3307,selection,geometry_transition,9,2,9,1,2
3308,selection,geometry_transition,23,2,23,1,2
3309,selection,geometry_transition,6,2,6,1,2
3310,selection,geometry_transition,12,2,12,1,2
3311,selection,geometry_transition,12,2,12,1,2
3312,selection,geometry_transition,1,1,1,1,2
3313,selection,geometry_transition,14,2,14,1,2
3314,selection,geometry_transition,3,1,3,1,2
3315,selection,geometry_transition,8,2,8,1,2
3316,selection,geometry_transition,7,2,7,1,2
3317,selection,geometry_transition,6,2,6,1,2
3318,selection,geometry_transition,1,1,1,1,2
3319,selection,geometry_transition,10,2,10,1,2
3320,selection,turn,7,2,7,1,2
3321,selection,geometry_transition,1,1,1,1,2
3322,selection,geometry_transition,7,2,7,1,2
3323,selection,geometry_transition,6,2,6,1,2
3324,selection,geometry_transition,8,2,8,1,2
3325,selection,turn,7,2,7,1,2
3326,selection,turn,2,2,2,1,2
3327,selection,geometry_transition,6,2,6,1,2
3328,selection,turn,1,1,1,1,2
3329,selection,turn,3,2,3,1,2
3330,selection,geometry_transition,5,2,5,1,2
3331,selection,turn,1,1,1,1,2
3332,selection,geometry_transition,3,2,3,1,2
3333,selection,turn,8,2,8,1,2
3334,selection,geometry_transition,3,1,3,1,2
3335,selection,geometry_transition,5,2,5,1,2
3336,selection,geometry_transition,6,2,6,1,2
3337,selection,geometry_transition,3,1,3,1,2
3338,selection,geometry_transition,8,2,8,1,2
3339,selection,turn,3,2,3,1,2
3340,selection,geometry_transition,7,2,7,1,2
3341,selection,geometry_transition,7,2,7,1,2
3342,selection,geometry_transition,13,2,13,1,2
3343,selection,geometry_transition,11,2,11,1,2
3344,selection,geometry_transition,10,2,10,1,2
3345,selection,geometry_transition,7,2,7,1,2
3346,selection,geometry_transition,1,1,1,1,2
3347,selection,geometry_transition,1,1,1,1,2
3348,selection,turn,5,2,5,1,2
3349,selection,turn,1,1,1,1,2
3350,selection,turn,3,2,3,1,2
3351,selection,turn,2,2,2,1,2
3352,selection,turn,7,2,7,1,2
3353,selection,geometry_transition,2,2,2,1,2
3354,selection,turn,8,2,8,1,2
3355,selection,geometry_transition,1,1,1,1,2
3356,selection,turn,6,2,6,1,2
3357,selection,turn,1,1,1,1,2
3358,selection,turn,1,1,1,1,2
3359,selection,geometry_transition,5,2,5,1,2
3360,selection,turn,7,2,7,1,2
3361,selection,geometry_transition,2,2,2,1,2
3362,selection,geometry_transition,1,1,1,1,2
3363,selection,geometry_transition,3,2,3,1,2
3364,selection,turn,1,1,1,1,2
3365,selection,turn,3,2,3,1,2
3366,selection,turn,7,2,7,1,2
3367,selection,geometry_transition,12,2,12,1,2
3368,selection,geometry_transition,7,2,7,1,2
3369,selection,turn,2,2,2,1,2
3370,selection,geometry_transition,3,2,3,1,2
3371,selection,geometry_transition,6,2,6,1,2
3372,selection,geometry_transition,3,2,3,1,2
3373,selection,turn,3,2,3,1,2
3374,selection,geometry_transition,5,2,5,1,2
3375,selection,terminal,17,2,17,1,1
3376,selection,terminal,17,2,17,1,1
3377,selection,junction,49,6,49,1,3
3378,selection,junction,51,6,51,1,3
3379,selection,junction,49,6,49,1,3
3380,selection,junction,49,6,49,1,3
3381,selection,terminal,16,2,16,1,1
3382,selection,terminal,17,2,17,1,1
3383,selection,junction,50,6,50,1,3
3384,selection,junction,51,6,51,1,3
3385,selection,terminal,17,2,17,1,1
3386,selection,terminal,15,2,15,1,1
3387,selection,junction,51,6,51,1,3
3388,selection,terminal,17,2,17,1,1
3389,selection,junction,48,6,48,1,3
3390,selection,junction,59,8,59,1,4
3391,selection,terminal,17,2,17,1,1
3465,fit,geometry_transition,2,2,2,1,2
3466,fit,geometry_transition,1,1,1,1,2
3467,fit,geometry_transition,2,2,2,1,2
3468,fit,geometry_transition,1,1,1,1,2
3469,fit,geometry_transition,1,1,1,1,2
3470,fit,geometry_transition,10,2,10,1,2
3471,fit,geometry_transition,2,2,2,1,2
3472,fit,geometry_transition,7,2,7,1,2
3473,fit,geometry_transition,2,2,2,1,2
3474,fit,geometry_transition,8,2,8,1,2
3475,fit,geometry_transition,18,2,18,1,2
3476,fit,geometry_transition,1,1,1,1,2
3477,fit,geometry_transition,7,2,7,1,2
3478,fit,geometry_transition,7,2,7,1,2
3479,fit,geometry_transition,6,2,6,1,2
3480,fit,geometry_transition,17,2,17,1,2
3481,fit,geometry_transition,4,2,4,1,2
3482,fit,geometry_transition,6,2,6,1,2
3483,fit,geometry_transition,10,2,10,1,2
3484,fit,geometry_transition,18,2,18,1,2
3485,fit,geometry_transition,3,2,3,1,2
3486,fit,geometry_transition,10,2,10,1,2
3487,fit,geometry_transition,3,2,3,1,2
3488,fit,geometry_transition,8,2,8,1,2
3489,fit,geometry_transition,5,2,5,1,2
3490,fit,geometry_transition,2,2,2,1,2
3491,fit,geometry_transition,2,2,2,1,2
3492,fit,geometry_transition,4,2,4,1,2
3493,fit,turn,9,2,9,1,2
3494,fit,turn,2,2,2,1,2
3495,fit,geometry_transition,1,1,1,1,2
3496,fit,terminal,14,2,14,1,1
3497,fit,terminal,17,2,17,1,1
3498,fit,terminal,17,2,17,1,1
3499,fit,junction,51,6,51,1,3
3500,fit,junction,51,6,51,1,3
3501,fit,junction,51,6,51,1,3
3502,fit,junction,51,6,51,1,3
3503,fit,terminal,17,2,17,1,1
3504,fit,junction,51,6,51,1,3
3505,fit,terminal,17,2,17,1,1
3506,fit,junction,51,6,51,1,3
3507,fit,junction,50,6,50,1,3
3508,fit,junction,65,8,65,1,4
3509,fit,junction,48,6,48,1,3
3510,fit,terminal,9,2,9,1,1
3511,fit,junction,49,6,49,1,3
3512,fit,junction,40,6,40,1,3
3513,fit,terminal,17,2,17,1,1
3514,fit,junction,30,6,30,1,3
3515,fit,terminal,17,2,17,1,1
3516,fit,turn,5,2,5,1,2
3517,fit,turn,4,2,4,1,2
3518,fit,turn,6,2,6,1,2
3519,fit,turn,4,2,4,1,2
3520,fit,turn,4,2,4,1,2
3521,fit,geometry_transition,10,2,10,1,2
3522,fit,geometry_transition,18,2,18,1,2
3523,fit,turn,6,2,6,1,2
3524,fit,geometry_transition,4,2,4,1,2
3525,fit,geometry_transition,9,2,9,1,2
3526,fit,geometry_transition,3,2,3,1,2
3527,fit,geometry_transition,4,2,4,1,2
3528,fit,geometry_transition,2,1,2,1,2
3529,fit,geometry_transition,4,2,4,1,2
3530,fit,geometry_transition,4,2,4,1,2
3531,fit,geometry_transition,1,1,1,1,2
3532,fit,geometry_transition,7,2,7,1,2
3533,fit,geometry_transition,9,2,9,1,2
3534,fit,geometry_transition,8,2,8,1,2
3535,fit,geometry_transition,8,2,8,1,2
3536,fit,geometry_transition,3,1,3,1,2
3537,fit,geometry_transition,6,2,6,1,2
3538,fit,geometry_transition,1,1,1,1,2
3539,fit,geometry_transition,1,1,1,1,2
3540,fit,geometry_transition,6,2,6,1,2
3541,fit,geometry_transition,4,2,4,1,2
3542,fit,geometry_transition,6,2,6,1,2
3543,fit,geometry_transition,4,2,4,1,2
3544,fit,geometry_transition,2,2,2,1,2
3545,fit,geometry_transition,13,2,13,1,2
3546,fit,geometry_transition,3,2,3,1,2
3547,fit,geometry_transition,12,2,12,1,2
3548,fit,geometry_transition,1,1,1,1,2
3549,fit,geometry_transition,11,2,11,1,2
3550,fit,geometry_transition,12,2,12,1,2
3551,fit,turn,4,2,4,1,2
3552,fit,geometry_transition,2,2,2,1,2
3553,fit,turn,3,2,3,1,2
3554,fit,geometry_transition,4,2,4,1,2
3555,fit,geometry_transition,4,2,4,1,2
3556,fit,geometry_transition,5,2,5,1,2
3557,fit,geometry_transition,13,2,13,1,2
3558,fit,turn,1,1,1,1,2
3559,fit,geometry_transition,1,1,1,1,2
3560,fit,geometry_transition,10,2,10,1,2
3561,fit,geometry_transition,2,2,2,1,2
3562,fit,geometry_transition,6,2,6,1,2
3563,fit,turn,1,1,1,1,2
3564,fit,geometry_transition,4,2,4,1,2
3565,fit,geometry_transition,8,2,8,1,2
3566,fit,geometry_transition,2,1,2,1,2
3567,fit,geometry_transition,18,2,18,1,2
3568,fit,geometry_transition,2,2,2,1,2
3569,fit,geometry_transition,4,2,4,1,2
3570,fit,geometry_transition,5,2,5,1,2
3571,fit,turn,5,2,5,1,2
3572,fit,geometry_transition,4,2,4,1,2
3573,fit,turn,4,2,4,1,2
3574,fit,geometry_transition,2,2,2,1,2
3575,fit,terminal,17,2,17,1,1
3576,fit,terminal,17,2,17,1,1
3577,fit,junction,50,6,50,1,3
3578,fit,terminal,17,2,17,1,1
3579,fit,terminal,17,2,17,1,1
3580,fit,junction,51,6,51,1,3
3581,fit,junction,39,6,39,1,3
3582,fit,terminal,17,2,17,1,1
3583,fit,junction,50,6,50,1,3
3584,fit,terminal,14,2,14,1,1
3585,fit,junction,50,6,50,1,3
3586,fit,junction,46,6,46,1,3
3587,fit,terminal,16,2,16,1,1
3588,fit,junction,45,6,45,1,3
3589,fit,junction,48,6,48,1,3
3590,fit,junction,50,6,50,1,3
3591,fit,junction,50,6,50,1,3
3592,fit,terminal,14,2,14,1,1
3593,fit,junction,51,6,51,1,3
3594,fit,junction,39,6,39,1,3
3595,fit,turn,7,2,7,1,2
3596,fit,turn,2,1,2,1,2
3597,fit,turn,10,2,10,1,2
3598,fit,geometry_transition,1,1,1,1,2
3599,fit,geometry_transition,3,2,3,1,2
3600,fit,geometry_transition,8,2,8,1,2
3601,fit,geometry_transition,1,1,1,1,2
3602,fit,geometry_transition,3,2,3,1,2
3603,fit,geometry_transition,6,2,6,1,2
3604,fit,geometry_transition,1,1,1,1,2
3605,fit,geometry_transition,4,2,4,1,2
3606,fit,turn,6,2,6,1,2
3607,fit,geometry_transition,7,2,7,1,2
3608,fit,geometry_transition,3,2,3,1,2
3609,fit,geometry_transition,3,2,3,1,2
3610,fit,geometry_transition,6,2,6,1,2
3611,fit,geometry_transition,4,2,4,1,2
3612,fit,geometry_transition,2,2,2,1,2
3613,fit,geometry_transition,7,2,7,1,2
3614,fit,geometry_transition,8,2,8,1,2
3615,fit,geometry_transition,6,2,6,1,2
3616,fit,geometry_transition,1,1,1,1,2
3617,fit,geometry_transition,2,2,2,1,2
3618,fit,geometry_transition,4,2,4,1,2
3619,fit,geometry_transition,5,2,5,1,2
3620,fit,geometry_transition,5,2,5,1,2
3621,fit,geometry_transition,6,2,6,1,2
3622,fit,geometry_transition,16,2,16,1,2
3623,fit,geometry_transition,2,2,2,1,2
3624,fit,geometry_transition,6,2,6,1,2
3625,fit,turn,5,2,5,1,2
3626,fit,geometry_transition,2,2,2,1,2
3627,fit,geometry_transition,3,2,3,1,2
3628,fit,geometry_transition,4,2,4,1,2
3629,fit,geometry_transition,3,2,3,1,2
3630,fit,geometry_transition,4,2,4,1,2
3631,fit,geometry_transition,6,2,6,1,2
3632,fit,geometry_transition,4,2,4,1,2
3633,fit,geometry_transition,5,2,5,1,2
3634,fit,geometry_transition,2,1,2,1,2
3635,fit,geometry_transition,1,1,1,1,2
3636,fit,geometry_transition,5,2,5,1,2
3637,fit,geometry_transition,2,1,2,1,2
3638,fit,geometry_transition,4,2,4,1,2
3639,fit,geometry_transition,2,2,2,1,2
3640,fit,geometry_transition,6,2,6,1,2
3641,fit,geometry_transition,4,2,4,1,2
3642,fit,geometry_transition,10,2,10,1,2
3643,fit,geometry_transition,8,2,8,1,2
3644,fit,geometry_transition,8,2,8,1,2
3645,fit,geometry_transition,3,2,3,1,2
3646,fit,geometry_transition,6,2,6,1,2
3647,fit,geometry_transition,12,2,12,1,2
3648,fit,geometry_transition,8,2,8,1,2
3649,fit,geometry_transition,5,2,5,1,2
3650,fit,geometry_transition,12,2,12,1,2
3651,fit,geometry_transition,4,2,4,1,2
3652,fit,geometry_transition,2,2,2,1,2
3653,fit,turn,10,2,10,1,2
3654,fit,geometry_transition,8,2,8,1,2
3655,fit,geometry_transition,3,2,3,1,2
3656,fit,geometry_transition,1,1,1,1,2
3657,fit,geometry_transition,2,2,2,1,2
3658,fit,geometry_transition,2,2,2,1,2
3659,fit,geometry_transition,3,2,3,1,2
3660,fit,geometry_transition,3,2,3,1,2
3661,fit,geometry_transition,2,2,2,1,2
3662,fit,geometry_transition,10,2,10,1,2
3663,fit,geometry_transition,2,2,2,1,2
3664,fit,geometry_transition,4,2,4,1,2
3665,fit,geometry_transition,10,2,10,1,2
3666,fit,geometry_transition,2,2,2,1,2
3667,fit,terminal,17,2,17,1,1
3668,fit,terminal,17,2,17,1,1
3669,fit,terminal,17,2,17,1,1
3670,fit,junction,51,6,51,1,3
3671,fit,junction,49,6,49,1,3
3672,fit,junction,51,6,51,1,3
3673,fit,terminal,12,2,12,1,1
3674,fit,junction,36,6,36,1,3
3675,fit,junction,51,6,51,1,3
3676,fit,junction,48,6,48,1,3
3677,fit,junction,37,6,37,1,3
3678,fit,terminal,17,2,17,1,1
3679,fit,junction,51,6,51,1,3
3680,fit,junction,35,6,35,1,3
3681,fit,terminal,8,2,8,1,1
3682,fit,junction,37,6,36,1,3
3683,fit,junction,47,6,47,1,3
3684,fit,terminal,16,2,16,1,1
3685,fit,junction,51,6,51,1,3
3686,fit,terminal,14,2,14,1,1
3687,fit,geometry_transition,12,2,12,1,2
3688,fit,geometry_transition,1,1,1,1,2
3689,fit,geometry_transition,3,2,3,1,2
3690,fit,geometry_transition,5,2,5,1,2
3691,fit,geometry_transition,2,1,2,1,2
3692,fit,geometry_transition,4,2,4,1,2
3693,fit,geometry_transition,3,2,3,1,2
3694,fit,geometry_transition,6,2,6,1,2
3695,fit,geometry_transition,4,2,4,1,2
3696,fit,geometry_transition,8,2,8,1,2
3697,fit,geometry_transition,8,2,8,1,2
3698,fit,geometry_transition,10,2,10,1,2
3699,fit,geometry_transition,3,2,3,1,2
3700,fit,geometry_transition,3,2,3,1,2
3701,fit,geometry_transition,4,2,4,1,2
3702,fit,geometry_transition,2,2,2,1,2
3703,fit,geometry_transition,9,2,9,1,2
3704,fit,geometry_transition,3,2,3,1,2
3705,fit,geometry_transition,7,2,7,1,2
3706,fit,geometry_transition,7,2,7,1,2
3707,fit,geometry_transition,4,2,4,1,2
3708,fit,geometry_transition,9,2,9,1,2
3709,fit,geometry_transition,10,2,10,1,2
3710,fit,geometry_transition,13,2,13,1,2
3711,fit,geometry_transition,1,1,1,1,2
3712,fit,turn,1,1,1,1,2
3713,fit,terminal,10,2,10,1,1
3714,fit,junction,51,6,51,1,3
3715,fit,junction,50,6,50,1,3
3716,fit,terminal,17,2,17,1,1
3717,fit,terminal,17,2,17,1,1
3718,fit,terminal,16,2,16,1,1
3719,fit,junction,51,6,51,1,3
3720,fit,terminal,17,2,17,1,1
3721,fit,junction,49,6,49,1,3
3722,fit,junction,42,6,42,1,3
3723,fit,junction,51,6,51,1,3
3724,fit,junction,51,6,51,1,3
3725,fit,terminal,17,2,17,1,1
3726,fit,junction,51,6,51,1,3
3727,fit,junction,38,6,38,1,3
3728,fit,terminal,17,2,17,1,1
3729,fit,terminal,15,2,15,1,1
3730,fit,junction,51,6,51,1,3
3731,fit,junction,41,6,41,1,3
3732,fit,junction,51,6,51,1,3
3733,fit,junction,45,6,45,1,3
3734,fit,terminal,14,2,14,1,1
3735,fit,geometry_transition,4,2,4,1,2
3736,fit,geometry_transition,6,2,6,1,2
3737,fit,geometry_transition,2,2,2,1,2
3738,fit,geometry_transition,3,2,3,1,2
3739,fit,geometry_transition,4,2,4,1,2
3740,fit,geometry_transition,4,2,4,1,2
3741,fit,geometry_transition,5,2,5,1,2
3742,fit,geometry_transition,3,2,3,1,2
3743,fit,geometry_transition,5,2,5,1,2
3744,fit,geometry_transition,10,2,10,1,2
3745,fit,geometry_transition,4,2,4,1,2
3746,fit,geometry_transition,6,2,6,1,2
3747,fit,geometry_transition,5,2,5,1,2
3748,fit,geometry_transition,1,1,1,1,2
3749,fit,geometry_transition,6,2,6,1,2
3750,fit,geometry_transition,1,1,1,1,2
3751,fit,geometry_transition,6,2,6,1,2
3752,fit,geometry_transition,10,2,10,1,2
3753,fit,geometry_transition,3,2,3,1,2
3754,fit,geometry_transition,8,2,8,1,2
3755,fit,geometry_transition,12,2,12,1,2
3756,fit,geometry_transition,2,2,2,1,2
3757,fit,geometry_transition,20,2,20,1,2
3758,fit,geometry_transition,9,2,9,1,2
3759,fit,geometry_transition,1,1,1,1,2
3760,fit,geometry_transition,5,2,5,1,2
3761,fit,geometry_transition,8,2,8,1,2
3762,fit,geometry_transition,2,2,2,1,2
3763,fit,turn,5,2,5,1,2
3764,fit,geometry_transition,6,2,6,1,2
3765,fit,geometry_transition,1,1,1,1,2
3766,fit,geometry_transition,6,2,6,1,2
3767,fit,geometry_transition,6,2,6,1,2
3768,fit,turn,11,2,11,1,2
3769,fit,turn,9,2,9,1,2
3770,fit,geometry_transition,1,1,1,1,2
3771,fit,geometry_transition,9,2,9,1,2
3772,fit,geometry_transition,5,2,5,1,2
3773,fit,geometry_transition,2,2,2,1,2
3774,fit,geometry_transition,9,2,9,1,2
3775,fit,geometry_transition,1,1,1,1,2
3776,fit,geometry_transition,6,2,6,1,2
3777,fit,geometry_transition,2,2,2,1,2
3778,fit,geometry_transition,3,1,3,1,2
3779,fit,geometry_transition,4,2,4,1,2
3780,fit,geometry_transition,3,2,3,1,2
3781,fit,geometry_transition,2,1,2,1,2
3782,fit,geometry_transition,9,2,9,1,2
3783,fit,geometry_transition,4,2,4,1,2
3784,fit,geometry_transition,2,2,2,1,2
3785,fit,geometry_transition,11,2,11,1,2
3786,fit,geometry_transition,3,2,3,1,2
3787,fit,geometry_transition,7,2,7,1,2
3788,fit,geometry_transition,4,2,4,1,2
3789,fit,geometry_transition,1,1,1,1,2
3790,fit,geometry_transition,6,2,6,1,2
3791,fit,geometry_transition,4,2,4,1,2
3792,fit,geometry_transition,6,2,6,1,2
3793,fit,geometry_transition,1,1,1,1,2
3794,fit,geometry_transition,5,2,5,1,2
3795,fit,geometry_transition,2,2,2,1,2
3796,fit,geometry_transition,21,2,21,1,2
3797,fit,geometry_transition,3,2,3,1,2
3798,fit,geometry_transition,5,2,5,1,2
3799,fit,geometry_transition,6,2,6,1,2
3800,fit,geometry_transition,1,1,1,1,2
3801,fit,geometry_transition,11,2,11,1,2
3802,fit,geometry_transition,7,2,7,1,2
3803,fit,geometry_transition,1,1,1,1,2
3804,fit,geometry_transition,8,2,8,1,2
3805,fit,geometry_transition,2,2,2,1,2
3806,fit,geometry_transition,9,2,9,1,2
3807,fit,geometry_transition,1,1,1,1,2
3808,fit,geometry_transition,7,2,7,1,2
3809,fit,geometry_transition,6,2,6,1,2
3810,fit,geometry_transition,2,2,2,1,2
3811,fit,turn,2,1,2,1,2
3812,fit,terminal,17,2,17,1,1
3813,fit,junction,37,6,37,1,3
3814,fit,junction,51,6,51,1,3
3815,fit,junction,49,6,49,1,3
3816,fit,junction,48,6,48,1,3
3817,fit,junction,51,6,51,1,3
3818,fit,junction,51,6,51,1,3
3819,fit,terminal,16,2,16,1,1
3820,fit,junction,51,6,51,1,3
3821,fit,terminal,17,2,17,1,1
3822,fit,terminal,17,2,17,1,1
3823,fit,junction,44,6,44,1,3
3824,fit,terminal,13,2,13,1,1
3825,fit,junction,45,6,45,1,3
3826,fit,terminal,17,2,17,1,1
3827,fit,terminal,17,2,17,1,1
3828,fit,junction,51,6,51,1,3
3829,fit,junction,49,6,49,1,3
3830,fit,terminal,17,2,17,1,1
3831,fit,junction,34,4,34,1,2
3832,fit,junction,34,4,34,1,2
3833,fit,junction,51,6,51,1,3
3834,fit,terminal,17,2,17,1,1
3835,fit,junction,50,6,50,1,3
3836,fit,junction,51,6,51,1,3
3837,fit,terminal,16,2,16,1,1
3838,fit,geometry_transition,4,2,4,1,2
3839,fit,geometry_transition,2,2,2,1,2
3840,fit,turn,3,2,3,1,2
3841,fit,geometry_transition,1,1,1,1,2
3842,fit,geometry_transition,3,2,3,1,2
3843,fit,geometry_transition,2,2,2,1,2
3844,fit,turn,1,1,1,1,2
3845,fit,geometry_transition,5,2,5,1,2
3846,fit,geometry_transition,1,1,1,1,2
3847,fit,turn,5,2,5,1,2
3848,fit,geometry_transition,1,1,1,1,2
3849,fit,turn,10,2,10,1,2
3850,fit,turn,6,2,6,1,2
3851,fit,turn,8,2,8,1,2
3852,fit,turn,8,2,8,1,2
3853,fit,geometry_transition,1,1,1,1,2
3854,fit,geometry_transition,10,2,10,1,2
3855,fit,turn,9,2,9,1,2
3856,fit,geometry_transition,2,2,2,1,2
3857,fit,geometry_transition,1,1,1,1,2
3858,fit,geometry_transition,10,2,10,1,2
3859,fit,geometry_transition,13,2,13,1,2
3860,fit,geometry_transition,4,2,4,1,2
3861,fit,turn,6,2,6,1,2
3862,fit,geometry_transition,4,2,4,1,2
3863,fit,turn,1,1,1,1,2
3864,fit,geometry_transition,3,2,3,1,2
3865,fit,geometry_transition,5,2,5,1,2
3866,fit,geometry_transition,7,2,7,1,2
3867,fit,geometry_transition,2,1,2,1,2
3868,fit,geometry_transition,8,2,8,1,2
3869,fit,geometry_transition,3,2,3,1,2
3870,fit,geometry_transition,15,2,15,1,2
3871,fit,geometry_transition,8,2,8,1,2
3872,fit,geometry_transition,10,2,10,1,2
3873,fit,geometry_transition,7,2,7,1,2
3874,fit,geometry_transition,4,2,4,1,2
3875,fit,geometry_transition,2,1,2,1,2
3876,fit,geometry_transition,3,2,3,1,2
3877,fit,geometry_transition,4,2,4,1,2
3878,fit,geometry_transition,1,1,1,1,2
3879,fit,geometry_transition,5,2,5,1,2
3880,fit,geometry_transition,3,2,3,1,2
3881,fit,geometry_transition,5,2,5,1,2
3882,fit,geometry_transition,5,2,5,1,2
3883,fit,geometry_transition,1,1,1,1,2
3884,fit,geometry_transition,6,2,6,1,2
3885,fit,geometry_transition,8,2,8,1,2
3886,fit,geometry_transition,6,2,6,1,2
3887,fit,geometry_transition,1,1,1,1,2
3888,fit,geometry_transition,3,2,3,1,2
3889,fit,geometry_transition,1,1,1,1,2
3890,fit,geometry_transition,4,2,4,1,2
3891,fit,geometry_transition,2,1,2,1,2
3892,fit,geometry_transition,4,2,4,1,2
3893,fit,geometry_transition,1,1,1,1,2
3894,fit,geometry_transition,7,2,7,1,2
3895,fit,geometry_transition,1,1,1,1,2
3896,fit,geometry_transition,5,2,5,1,2
3897,fit,geometry_transition,9,2,9,1,2
3898,fit,terminal,17,2,17,1,1
3899,fit,junction,49,6,49,1,3
3900,fit,junction,41,6,41,1,3
3901,fit,terminal,12,2,12,1,1
3902,fit,junction,51,6,51,1,3
3903,fit,junction,40,6,40,1,3
3904,fit,junction,49,6,49,1,3
3905,fit,junction,51,6,51,1,3
3906,fit,terminal,17,2,17,1,1
3907,fit,junction,51,6,51,1,3
3908,fit,terminal,17,2,17,1,1
3909,fit,terminal,17,2,17,1,1
3910,fit,terminal,16,2,16,1,1
3911,fit,junction,51,6,51,1,3
3912,fit,terminal,17,2,17,1,1
3913,fit,junction,51,6,51,1,3
3914,fit,junction,48,6,48,1,3
3915,fit,junction,51,6,51,1,3
3916,fit,terminal,17,2,17,1,1
3917,fit,junction,32,6,32,1,3
3918,fit,junction,46,6,46,1,3
3919,fit,terminal,14,2,14,1,1
3920,selection,geometry_transition,3,2,3,1,2
3921,selection,geometry_transition,9,2,9,1,2
3922,selection,geometry_transition,10,2,10,1,2
3923,selection,geometry_transition,4,2,4,1,2
3924,selection,geometry_transition,12,2,12,1,2
3925,selection,geometry_transition,4,2,4,1,2
3926,selection,geometry_transition,5,2,5,1,2
3927,selection,geometry_transition,8,2,8,1,2
3928,selection,geometry_transition,7,2,7,1,2
3929,selection,geometry_transition,5,2,5,1,2
3930,selection,geometry_transition,3,2,3,1,2
3931,selection,geometry_transition,1,1,1,1,2
3932,selection,geometry_transition,3,2,3,1,2
3933,selection,geometry_transition,9,2,9,1,2
3934,selection,geometry_transition,7,2,7,1,2
3935,selection,geometry_transition,4,2,4,1,2
3936,selection,geometry_transition,1,1,1,1,2
3937,selection,geometry_transition,12,2,12,1,2
3938,selection,geometry_transition,6,2,6,1,2
3939,selection,geometry_transition,5,2,5,1,2
3940,selection,geometry_transition,7,2,7,1,2
3941,selection,geometry_transition,5,2,5,1,2
3942,selection,geometry_transition,6,2,6,1,2
3943,selection,geometry_transition,2,2,2,1,2
3944,selection,geometry_transition,6,2,6,1,2
3945,selection,geometry_transition,6,2,6,1,2
3946,selection,geometry_transition,4,2,4,1,2
3947,selection,geometry_transition,2,2,2,1,2
3948,selection,geometry_transition,1,1,1,1,2
3949,selection,geometry_transition,7,2,7,1,2
3950,selection,geometry_transition,1,1,1,1,2
3951,selection,geometry_transition,1,1,1,1,2
3952,selection,geometry_transition,4,2,4,1,2
3953,selection,geometry_transition,2,2,2,1,2
3954,selection,geometry_transition,7,2,7,1,2
3955,selection,geometry_transition,2,2,2,1,2
3956,selection,geometry_transition,2,2,2,1,2
3957,selection,geometry_transition,2,1,2,1,2
3958,selection,geometry_transition,4,2,4,1,2
3959,selection,geometry_transition,3,2,3,1,2
3960,selection,geometry_transition,1,1,1,1,2
3961,selection,geometry_transition,4,2,4,1,2
3962,selection,geometry_transition,2,2,2,1,2
3963,selection,geometry_transition,5,2,5,1,2
3964,selection,terminal,17,2,17,1,1
3965,selection,terminal,17,2,17,1,1
3966,selection,junction,43,6,43,1,3
3967,selection,terminal,17,2,17,1,1
3968,selection,junction,51,6,51,1,3
3969,selection,junction,50,6,50,1,3
3970,selection,terminal,17,2,17,1,1
3971,selection,terminal,17,2,17,1,1
3972,selection,junction,51,6,51,1,3
3973,selection,junction,34,4,34,1,2
3974,selection,junction,33,4,33,1,2
3975,selection,terminal,17,2,17,1,1
3976,selection,junction,36,6,36,1,3
3977,selection,junction,37,6,37,1,3
3978,selection,terminal,10,2,10,1,1
3979,selection,junction,63,8,63,1,4
3980,selection,junction,47,6,47,1,3
3981,selection,junction,51,6,51,1,3
3982,selection,junction,51,6,51,1,3
3983,selection,junction,49,6,49,1,3
3984,selection,junction,49,6,49,1,3
3985,selection,terminal,17,2,17,1,1
3986,selection,terminal,17,2,17,1,1
3987,selection,geometry_transition,20,2,20,1,2
3988,selection,geometry_transition,5,2,5,1,2
3989,selection,geometry_transition,20,2,20,1,2
3990,selection,geometry_transition,2,2,2,1,2
3991,selection,geometry_transition,2,2,2,1,2
3992,selection,geometry_transition,10,2,10,1,2
3993,selection,geometry_transition,9,2,9,1,2
3994,selection,geometry_transition,7,2,7,1,2
3995,selection,geometry_transition,7,2,7,1,2
3996,selection,geometry_transition,3,2,3,1,2
3997,selection,geometry_transition,3,2,3,1,2
3998,selection,geometry_transition,3,1,3,1,2
3999,selection,geometry_transition,6,2,6,1,2
4000,selection,geometry_transition,3,2,3,1,2
4001,selection,geometry_transition,12,2,12,1,2
4002,selection,geometry_transition,4,2,4,1,2
4003,selection,geometry_transition,1,1,1,1,2
4004,selection,geometry_transition,11,2,11,1,2
4005,selection,geometry_transition,3,2,3,1,2
4006,selection,geometry_transition,2,1,2,1,2
4007,selection,geometry_transition,8,2,8,1,2
4008,selection,geometry_transition,18,2,18,1,2
4009,selection,geometry_transition,8,2,8,1,2
4010,selection,turn,2,2,2,1,2
4011,selection,geometry_transition,12,2,12,1,2
4012,selection,geometry_transition,8,2,8,1,2
4013,selection,geometry_transition,1,1,1,1,2
4014,selection,geometry_transition,10,2,10,1,2
4015,selection,geometry_transition,8,2,8,1,2
4016,selection,geometry_transition,8,2,8,1,2
4017,selection,geometry_transition,8,2,8,1,2
4018,selection,geometry_transition,3,2,3,1,2
4019,selection,geometry_transition,5,2,5,1,2
4020,selection,geometry_transition,1,1,1,1,2
4021,selection,geometry_transition,1,1,1,1,2
4022,selection,geometry_transition,18,2,18,1,2
4023,selection,geometry_transition,4,2,4,1,2
4024,selection,geometry_transition,19,2,19,1,2
4025,selection,geometry_transition,9,2,9,1,2
4026,selection,geometry_transition,6,2,6,1,2
4027,selection,geometry_transition,2,2,2,1,2
4028,selection,geometry_transition,9,2,9,1,2
4029,selection,turn,2,2,2,1,2
4030,selection,geometry_transition,3,2,3,1,2
4031,selection,geometry_transition,4,2,4,1,2
4032,selection,geometry_transition,3,2,3,1,2
4033,selection,geometry_transition,8,2,8,1,2
4034,selection,geometry_transition,1,1,1,1,2
4035,selection,geometry_transition,2,2,2,1,2
4036,selection,geometry_transition,2,2,2,1,2
4037,selection,geometry_transition,3,2,3,1,2
4038,selection,geometry_transition,17,2,17,1,2
4039,selection,geometry_transition,6,2,6,1,2
4040,selection,geometry_transition,3,2,3,1,2
4041,selection,geometry_transition,7,2,7,1,2
4042,selection,geometry_transition,7,2,7,1,2
4043,selection,geometry_transition,4,2,4,1,2
4044,selection,geometry_transition,8,2,8,1,2
4045,selection,geometry_transition,5,2,5,1,2
4046,selection,geometry_transition,1,1,1,1,2
4047,selection,geometry_transition,8,2,8,1,2
4048,selection,geometry_transition,1,1,1,1,2
4049,selection,geometry_transition,2,2,2,1,2
4050,selection,geometry_transition,14,2,14,1,2
4051,selection,geometry_transition,2,1,2,1,2
4052,selection,geometry_transition,3,2,3,1,2
4053,selection,geometry_transition,1,1,1,1,2
4054,selection,geometry_transition,1,1,1,1,2
4055,selection,geometry_transition,22,2,22,1,2
4056,selection,geometry_transition,4,2,4,1,2
4057,selection,geometry_transition,8,2,8,1,2
4058,selection,geometry_transition,7,2,7,1,2
4059,selection,geometry_transition,1,1,1,1,2
4060,selection,geometry_transition,2,1,2,1,2
4061,selection,geometry_transition,13,2,13,1,2
4062,selection,geometry_transition,10,2,10,1,2
4063,selection,geometry_transition,7,2,7,1,2
4064,selection,geometry_transition,2,2,2,1,2
4065,selection,geometry_transition,17,2,17,1,2
4066,selection,geometry_transition,2,2,2,1,2
4067,selection,geometry_transition,2,2,2,1,2
4068,selection,geometry_transition,8,2,8,1,2
4069,selection,geometry_transition,4,2,4,1,2
4070,selection,geometry_transition,2,2,2,1,2
4071,selection,geometry_transition,1,1,1,1,2
4072,selection,geometry_transition,4,2,4,1,2
4073,selection,geometry_transition,10,2,10,1,2
4074,selection,geometry_transition,24,2,24,1,2
4075,selection,geometry_transition,1,1,1,1,2
4076,selection,geometry_transition,4,2,4,1,2
4077,selection,geometry_transition,2,2,2,1,2
4078,selection,geometry_transition,5,2,5,1,2
4079,selection,geometry_transition,12,2,12,1,2
4080,selection,geometry_transition,10,2,10,1,2
4081,selection,geometry_transition,6,2,6,1,2
4082,selection,junction,51,6,51,1,3
4083,selection,terminal,17,2,17,1,1
4084,selection,junction,51,6,51,1,3
4085,selection,junction,49,6,49,1,3
4086,selection,terminal,17,2,17,1,1
4087,selection,junction,51,6,51,1,3
4088,selection,terminal,17,2,17,1,1
4089,selection,terminal,17,2,17,1,1
4090,selection,junction,49,6,49,1,3
4091,selection,junction,51,6,51,1,3
4092,selection,terminal,17,2,17,1,1
4093,selection,terminal,17,2,17,1,1
4094,selection,terminal,17,2,17,1,1
4095,selection,junction,49,6,49,1,3
4096,selection,junction,51,6,51,1,3
4097,selection,junction,51,6,51,1,3
4098,selection,junction,50,6,50,1,3
4099,selection,terminal,17,2,17,1,1
4100,selection,junction,51,6,51,1,3
4101,selection,junction,42,6,42,1,3
4102,selection,junction,29,4,29,1,2
4103,selection,junction,51,6,51,1,3
4104,selection,terminal,15,2,15,1,1
4105,selection,junction,51,6,51,1,3
4106,selection,junction,34,4,34,1,2
4107,selection,terminal,17,2,17,1,1
4182,fit,geometry_transition,7,2,7,1,2
4183,fit,geometry_transition,7,2,7,1,2
4184,fit,geometry_transition,9,2,9,1,2
4185,fit,geometry_transition,11,2,11,1,2
4186,fit,geometry_transition,9,2,9,1,2
4187,fit,geometry_transition,4,2,4,1,2
4188,fit,geometry_transition,1,1,1,1,2
4189,fit,turn,9,2,9,1,2
4190,fit,turn,4,2,4,1,2
4191,fit,turn,6,2,6,1,2
4192,fit,turn,5,2,5,1,2
4193,fit,turn,6,2,6,1,2
4194,fit,turn,4,2,4,1,2
4195,fit,turn,1,1,1,1,2
4196,fit,turn,2,2,2,1,2
4197,fit,geometry_transition,4,2,4,1,2
4198,fit,geometry_transition,10,2,10,1,2
4199,fit,turn,1,1,1,1,2
4200,fit,geometry_transition,4,2,4,1,2
4201,fit,geometry_transition,2,2,2,1,2
4202,fit,geometry_transition,2,2,2,1,2
4203,fit,geometry_transition,6,2,6,1,2
4204,fit,geometry_transition,7,2,7,1,2
4205,fit,geometry_transition,5,2,5,1,2
4206,fit,turn,2,2,2,1,2
4207,fit,turn,11,2,11,1,2
4208,fit,geometry_transition,2,2,2,1,2
4209,fit,turn,2,2,2,1,2
4210,fit,geometry_transition,3,2,3,1,2
4211,fit,geometry_transition,8,2,8,1,2
4212,fit,geometry_transition,2,2,2,1,2
4213,fit,geometry_transition,2,2,2,1,2
4214,fit,geometry_transition,2,2,2,1,2
4215,fit,geometry_transition,4,2,4,1,2
4216,fit,geometry_transition,8,2,8,1,2
4217,fit,geometry_transition,1,1,1,1,2
4218,fit,geometry_transition,8,2,8,1,2
4219,fit,geometry_transition,10,2,10,1,2
4220,fit,geometry_transition,5,2,5,1,2
4221,fit,terminal,17,2,17,1,1
4222,fit,terminal,2,1,2,1,1
4223,fit,junction,44,6,44,1,3
4224,fit,junction,56,8,56,1,4
4225,fit,terminal,14,2,14,1,1
4226,fit,junction,33,6,33,1,3
4227,fit,terminal,1,1,1,1,1
4228,fit,junction,42,6,42,1,3
4229,fit,junction,41,6,41,1,3
4230,fit,terminal,16,2,16,1,1
4231,fit,junction,40,6,40,1,3
4232,fit,junction,50,6,50,1,3
4233,fit,terminal,17,2,17,1,1
4234,fit,junction,39,6,39,1,3
4235,fit,junction,33,6,33,1,3
4236,fit,junction,50,6,50,1,3
4237,fit,terminal,14,2,14,1,1
4238,fit,junction,41,6,41,1,3
4239,fit,junction,32,6,32,1,3
4240,fit,terminal,6,2,6,1,1
4241,fit,geometry_transition,4,2,4,1,2
4242,fit,turn,8,2,8,1,2
4243,fit,geometry_transition,4,2,4,1,2
4244,fit,geometry_transition,8,2,8,1,2
4245,fit,turn,9,2,9,1,2
4246,fit,turn,6,2,6,1,2
4247,fit,turn,5,2,5,1,2
4248,fit,geometry_transition,4,2,4,1,2
4249,fit,turn,2,2,2,1,2
4250,fit,turn,6,2,6,1,2
4251,fit,geometry_transition,2,2,2,1,2
4252,fit,turn,5,2,5,1,2
4253,fit,geometry_transition,2,2,2,1,2
4254,fit,turn,6,2,6,1,2
4255,fit,geometry_transition,6,2,6,1,2
4256,fit,turn,1,1,1,1,2
4257,fit,turn,3,2,3,1,2
4258,fit,geometry_transition,18,2,18,1,2
4259,fit,turn,8,2,8,1,2
4260,fit,turn,2,2,2,1,2
4261,fit,geometry_transition,1,1,1,1,2
4262,fit,turn,8,2,8,1,2
4263,fit,geometry_transition,15,2,15,1,2
4264,fit,geometry_transition,11,2,11,1,2
4265,fit,geometry_transition,7,2,7,1,2
4266,fit,geometry_transition,6,2,6,1,2
4267,fit,geometry_transition,6,2,6,1,2
4268,fit,geometry_transition,3,2,3,1,2
4269,fit,geometry_transition,3,2,3,1,2
4270,fit,geometry_transition,4,2,4,1,2
4271,fit,geometry_transition,4,2,4,1,2
4272,fit,geometry_transition,6,2,6,1,2
4273,fit,geometry_transition,4,2,4,1,2
4274,fit,geometry_transition,5,2,5,1,2
4275,fit,geometry_transition,7,2,7,1,2
4276,fit,geometry_transition,4,2,4,1,2
4277,fit,geometry_transition,1,1,1,1,2
4278,fit,geometry_transition,23,2,23,1,2
4279,fit,geometry_transition,3,2,3,1,2
4280,fit,geometry_transition,5,2,5,1,2
4281,fit,geometry_transition,8,2,8,1,2
4282,fit,geometry_transition,16,2,16,1,2
4283,fit,geometry_transition,4,2,4,1,2
4284,fit,geometry_transition,5,2,5,1,2
4285,fit,turn,1,1,1,1,2
4286,fit,geometry_transition,8,2,8,1,2
4287,fit,geometry_transition,2,1,2,1,2
4288,fit,geometry_transition,7,2,7,1,2
4289,fit,turn,3,2,3,1,2
4290,fit,geometry_transition,3,2,3,1,2
4291,fit,geometry_transition,1,1,1,1,2
4292,fit,geometry_transition,14,2,14,1,2
4293,fit,geometry_transition,5,2,5,1,2
4294,fit,geometry_transition,12,2,12,1,2
4295,fit,geometry_transition,2,1,2,1,2
4296,fit,geometry_transition,4,2,4,1,2
4297,fit,geometry_transition,1,1,1,1,2
4298,fit,geometry_transition,5,2,5,1,2
4299,fit,turn,1,1,1,1,2
4300,fit,geometry_transition,7,2,7,1,2
4301,fit,geometry_transition,11,2,11,1,2
4302,fit,geometry_transition,10,2,10,1,2
4303,fit,geometry_transition,1,1,1,1,2
4304,fit,geometry_transition,1,1,1,1,2
4305,fit,geometry_transition,2,2,2,1,2
4306,fit,geometry_transition,18,2,18,1,2
4307,fit,geometry_transition,4,2,4,1,2
4308,fit,geometry_transition,2,2,2,1,2
4309,fit,geometry_transition,16,2,16,1,2
4310,fit,geometry_transition,8,2,8,1,2
4311,fit,geometry_transition,1,1,1,1,2
4312,fit,geometry_transition,11,2,11,1,2
4313,fit,geometry_transition,1,1,1,1,2
4314,fit,geometry_transition,4,2,4,1,2
4315,fit,geometry_transition,3,2,3,1,2
4316,fit,geometry_transition,5,2,5,1,2
4317,fit,geometry_transition,2,2,2,1,2
4318,fit,geometry_transition,2,1,2,1,2
4319,fit,geometry_transition,21,2,21,1,2
4320,fit,geometry_transition,25,2,25,1,2
4321,fit,geometry_transition,1,1,1,1,2
4322,fit,geometry_transition,1,1,1,1,2
4323,fit,geometry_transition,5,2,5,1,2
4324,fit,geometry_transition,11,2,11,1,2
4325,fit,geometry_transition,4,2,4,1,2
4326,fit,geometry_transition,2,2,2,1,2
4327,fit,geometry_transition,1,1,1,1,2
4328,fit,geometry_transition,2,2,2,1,2
4329,fit,geometry_transition,3,2,3,1,2
4330,fit,geometry_transition,9,2,9,1,2
4331,fit,geometry_transition,1,1,1,1,2
4332,fit,geometry_transition,7,2,7,1,2
4333,fit,geometry_transition,12,2,12,1,2
4334,fit,turn,8,2,8,1,2
4335,fit,geometry_transition,5,2,5,1,2
4336,fit,geometry_transition,9,2,9,1,2
4337,fit,turn,1,1,1,1,2
4338,fit,turn,1,1,1,1,2
4339,fit,turn,5,2,5,1,2
4340,fit,geometry_transition,2,2,2,1,2
4341,fit,geometry_transition,5,2,5,1,2
4342,fit,turn,10,2,10,1,2
4343,fit,turn,11,2,11,1,2
4344,fit,turn,1,1,1,1,2
4345,fit,turn,5,2,5,1,2
4346,fit,geometry_transition,2,2,2,1,2
4347,fit,geometry_transition,10,2,10,1,2
4348,fit,geometry_transition,14,2,14,1,2
4349,fit,geometry_transition,8,2,8,1,2
4350,fit,geometry_transition,6,2,6,1,2
4351,fit,geometry_transition,4,2,4,1,2
4352,fit,terminal,8,2,8,1,1
4353,fit,junction,50,6,40,1,3
4354,fit,terminal,17,2,17,1,1
4355,fit,junction,51,6,51,1,3
4356,fit,junction,67,8,67,1,4
4357,fit,junction,44,6,44,1,3
4358,fit,terminal,17,2,17,1,1
4359,fit,junction,51,6,45,1,3
4360,fit,junction,46,6,46,1,3
4361,fit,junction,48,6,48,1,3
4362,fit,terminal,7,2,7,1,1
4363,fit,junction,51,6,51,1,3
4364,fit,junction,51,6,51,1,3
4365,fit,terminal,10,2,10,1,1
4366,fit,terminal,17,2,17,1,1
4367,fit,geometry_transition,10,2,10,1,2
4368,fit,geometry_transition,2,2,2,1,2
4369,fit,geometry_transition,4,2,4,1,2
4370,fit,geometry_transition,11,2,11,1,2
4371,fit,geometry_transition,3,2,3,1,2
4372,fit,geometry_transition,10,2,10,1,2
4373,fit,geometry_transition,10,2,10,1,2
4374,fit,geometry_transition,4,2,4,1,2
4375,fit,geometry_transition,2,2,2,1,2
4376,fit,geometry_transition,4,2,4,1,2
4377,fit,geometry_transition,6,2,6,1,2
4378,fit,geometry_transition,4,2,4,1,2
4379,fit,geometry_transition,11,2,11,1,2
4380,fit,geometry_transition,3,2,3,1,2
4381,fit,turn,1,1,1,1,2
4382,fit,geometry_transition,5,2,5,1,2
4383,fit,geometry_transition,1,1,1,1,2
4384,fit,geometry_transition,9,2,9,1,2
4385,fit,geometry_transition,6,2,6,1,2
4386,fit,geometry_transition,5,2,5,1,2
4387,fit,geometry_transition,7,2,7,1,2
4388,fit,turn,11,2,11,1,2
4389,fit,turn,2,2,2,1,2
4390,fit,turn,8,2,8,1,2
4391,fit,geometry_transition,4,2,4,1,2
4392,fit,geometry_transition,2,2,2,1,2
4393,fit,geometry_transition,11,2,11,1,2
4394,fit,turn,6,2,6,1,2
4395,fit,geometry_transition,4,2,4,1,2
4396,fit,turn,1,1,1,1,2
4397,fit,turn,4,2,4,1,2
4398,fit,geometry_transition,8,2,8,1,2
4399,fit,turn,4,2,4,1,2
4400,fit,turn,3,2,3,1,2
4401,fit,geometry_transition,2,2,2,1,2
4402,fit,turn,3,2,3,1,2
4403,fit,geometry_transition,2,2,2,1,2
4404,fit,geometry_transition,3,2,3,1,2
4405,fit,geometry_transition,1,1,1,1,2
4406,fit,turn,5,2,5,1,2
4407,fit,turn,4,2,4,1,2
4408,fit,geometry_transition,2,2,2,1,2
4409,fit,turn,7,2,7,1,2
4410,fit,turn,4,2,4,1,2
4411,fit,geometry_transition,3,2,3,1,2
4412,fit,geometry_transition,3,2,3,1,2
4413,fit,geometry_transition,12,2,12,1,2
4414,fit,geometry_transition,1,1,1,1,2
4415,fit,geometry_transition,1,1,1,1,2
4416,fit,geometry_transition,2,2,2,1,2
4417,fit,geometry_transition,9,2,9,1,2
4418,fit,geometry_transition,6,2,6,1,2
4419,fit,geometry_transition,2,2,2,1,2
4420,fit,geometry_transition,1,1,1,1,2
4421,fit,geometry_transition,6,2,6,1,2
4422,fit,geometry_transition,2,2,2,1,2
4423,fit,geometry_transition,1,1,1,1,2
4424,fit,geometry_transition,1,1,1,1,2
4425,fit,geometry_transition,11,2,11,1,2
4426,fit,geometry_transition,3,2,3,1,2
4427,fit,geometry_transition,14,2,14,1,2
4428,fit,geometry_transition,8,2,8,1,2
4429,fit,geometry_transition,3,2,3,1,2
4430,fit,geometry_transition,4,2,4,1,2
4431,fit,geometry_transition,9,2,9,1,2
4432,fit,geometry_transition,1,1,1,1,2
4433,fit,geometry_transition,2,2,2,1,2
4434,fit,turn,4,2,4,1,2
4435,fit,geometry_transition,2,2,2,1,2
4436,fit,geometry_transition,6,2,6,1,2
4437,fit,geometry_transition,5,2,5,1,2
4438,fit,geometry_transition,1,1,1,1,2
4439,fit,geometry_transition,1,1,1,1,2
4440,fit,geometry_transition,2,2,2,1,2
4441,fit,geometry_transition,3,2,3,1,2
4442,fit,geometry_transition,3,1,3,1,2
4443,fit,geometry_transition,3,2,3,1,2
4444,fit,geometry_transition,2,2,2,1,2
4445,fit,geometry_transition,4,2,4,1,2
4446,fit,geometry_transition,7,2,7,1,2
4447,fit,geometry_transition,1,1,1,1,2
4448,fit,geometry_transition,6,2,6,1,2
4449,fit,geometry_transition,4,2,4,1,2
4450,fit,junction,50,6,50,1,3
4451,fit,junction,41,6,41,1,3
4452,fit,junction,49,6,49,1,3
4453,fit,junction,42,6,42,1,3
4454,fit,terminal,17,2,17,1,1
4455,fit,junction,48,6,48,1,3
4456,fit,terminal,17,2,17,1,1
4457,fit,junction,50,8,50,1,4
4458,fit,terminal,10,2,10,1,1
4459,fit,terminal,17,2,17,1,1
4460,fit,terminal,8,2,8,1,1
4461,fit,junction,51,6,51,1,3
4462,fit,junction,49,6,49,1,3
4463,fit,junction,51,6,51,1,3
4464,fit,junction,51,6,51,1,3
4465,fit,terminal,3,1,3,1,1
4466,fit,junction,43,6,31,1,3
4467,fit,terminal,14,2,14,1,1
4468,fit,junction,49,6,49,1,3
4469,fit,terminal,12,2,12,1,1
4470,fit,terminal,17,2,17,1,1
4471,fit,geometry_transition,1,1,1,1,2
4472,fit,geometry_transition,1,1,1,1,2
4473,fit,geometry_transition,2,1,2,1,2
4474,fit,geometry_transition,9,2,9,1,2
4475,fit,geometry_transition,8,2,8,1,2
4476,fit,geometry_transition,2,1,2,1,2
4477,fit,geometry_transition,4,2,4,1,2
4478,fit,geometry_transition,3,2,3,1,2
4479,fit,geometry_transition,9,2,9,1,2
4480,fit,geometry_transition,4,2,4,1,2
4481,fit,geometry_transition,16,2,16,1,2
4482,fit,geometry_transition,7,2,7,1,2
4483,fit,geometry_transition,1,1,1,1,2
4484,fit,geometry_transition,9,2,9,1,2
4485,fit,geometry_transition,11,2,11,1,2
4486,fit,geometry_transition,3,1,3,1,2
4487,fit,geometry_transition,4,2,4,1,2
4488,fit,geometry_transition,3,2,3,1,2
4489,fit,geometry_transition,7,2,7,1,2
4490,fit,geometry_transition,8,2,8,1,2
4491,fit,geometry_transition,6,2,6,1,2
4492,fit,geometry_transition,1,1,1,1,2
4493,fit,geometry_transition,1,1,1,1,2
4494,fit,geometry_transition,3,2,3,1,2
4495,fit,geometry_transition,3,2,3,1,2
4496,fit,geometry_transition,6,2,6,1,2
4497,fit,geometry_transition,11,2,11,1,2
4498,fit,geometry_transition,8,2,8,1,2
4499,fit,geometry_transition,21,2,21,1,2
4500,fit,geometry_transition,3,2,3,1,2
4501,fit,geometry_transition,2,2,2,1,2
4502,fit,geometry_transition,9,2,9,1,2
4503,fit,geometry_transition,10,2,10,1,2
4504,fit,geometry_transition,4,2,4,1,2
4505,fit,geometry_transition,6,2,6,1,2
4506,fit,geometry_transition,1,1,1,1,2
4507,fit,geometry_transition,2,2,2,1,2
4508,fit,geometry_transition,12,2,12,1,2
4509,fit,geometry_transition,18,2,18,1,2
4510,fit,geometry_transition,7,2,7,1,2
4511,fit,geometry_transition,10,2,10,1,2
4512,fit,geometry_transition,12,2,12,1,2
4513,fit,geometry_transition,15,2,15,1,2
4514,fit,geometry_transition,9,2,9,1,2
4515,fit,geometry_transition,11,2,11,1,2
4516,fit,geometry_transition,8,2,8,1,2
4517,fit,geometry_transition,8,2,8,1,2
4518,fit,geometry_transition,6,2,6,1,2
4519,fit,geometry_transition,1,1,1,1,2
4520,fit,geometry_transition,4,2,4,1,2
4521,fit,geometry_transition,6,2,6,1,2
4522,fit,geometry_transition,5,2,5,1,2
4523,fit,geometry_transition,6,2,6,1,2
4524,fit,geometry_transition,13,2,13,1,2
4525,fit,geometry_transition,3,2,3,1,2
4526,fit,geometry_transition,7,2,7,1,2
4527,fit,geometry_transition,11,2,11,1,2
4528,fit,geometry_transition,1,1,1,1,2
4529,fit,geometry_transition,12,2,12,1,2
4530,fit,geometry_transition,1,1,1,1,2
4531,fit,geometry_transition,5,2,5,1,2
4532,fit,geometry_transition,1,1,1,1,2
4533,fit,geometry_transition,4,2,4,1,2
4534,fit,geometry_transition,2,1,2,1,2
4535,fit,geometry_transition,5,2,5,1,2
4536,fit,geometry_transition,9,2,9,1,2
4537,fit,geometry_transition,9,2,9,1,2
4538,fit,geometry_transition,5,2,5,1,2
4539,fit,geometry_transition,5,2,5,1,2
4540,fit,geometry_transition,3,2,3,1,2
4541,fit,geometry_transition,6,2,6,1,2
4542,fit,geometry_transition,6,2,6,1,2
4543,fit,geometry_transition,8,2,8,1,2
4544,fit,geometry_transition,7,2,7,1,2
4545,fit,geometry_transition,7,2,7,1,2
4546,fit,geometry_transition,8,2,8,1,2
4547,fit,geometry_transition,8,2,8,1,2
4548,fit,terminal,15,2,15,1,1
4549,fit,junction,43,6,43,1,3
4550,fit,junction,42,6,42,1,3
4551,fit,terminal,15,2,15,1,1
4552,fit,junction,48,6,48,1,3
4553,fit,junction,24,6,24,1,3
4554,fit,terminal,17,2,17,1,1
4555,fit,terminal,10,2,10,1,1
4556,fit,junction,44,6,44,1,3
4557,fit,junction,51,6,51,1,3
4558,fit,junction,51,6,51,1,3
4559,fit,junction,51,6,51,1,3
4560,fit,terminal,17,2,17,1,1
4561,fit,junction,46,6,46,1,3
4562,fit,terminal,14,2,14,1,1
4563,fit,junction,44,6,44,1,3
4564,fit,terminal,15,2,15,1,1
4565,fit,terminal,12,2,12,1,1
4566,fit,junction,43,6,43,1,3
4567,fit,terminal,17,2,17,1,1
4568,fit,junction,62,8,62,1,4
4569,fit,geometry_transition,4,2,4,1,2
4570,fit,turn,7,2,7,1,2
4571,fit,turn,13,2,13,1,2
4572,fit,turn,5,2,5,1,2
4573,fit,geometry_transition,1,1,1,1,2
4574,fit,turn,3,2,3,1,2
4575,fit,turn,5,2,5,1,2
4576,fit,turn,2,2,2,1,2
4577,fit,geometry_transition,5,2,5,1,2
4578,fit,geometry_transition,3,1,3,1,2
4579,fit,turn,1,1,1,1,2
4580,fit,turn,5,2,5,1,2
4581,fit,geometry_transition,4,2,4,1,2
4582,fit,geometry_transition,7,2,7,1,2
4583,fit,geometry_transition,1,1,1,1,2
4584,fit,geometry_transition,6,2,6,1,2
4585,fit,geometry_transition,4,2,4,1,2
4586,fit,turn,13,2,13,1,2
4587,fit,turn,6,2,6,1,2
4588,fit,geometry_transition,8,2,8,1,2
4589,fit,geometry_transition,4,2,4,1,2
4590,fit,turn,1,1,1,1,2
4591,fit,geometry_transition,10,2,10,1,2
4592,fit,geometry_transition,5,2,5,1,2
4593,fit,turn,10,2,10,1,2
4594,fit,geometry_transition,3,2,3,1,2
4595,fit,turn,15,2,15,1,2
4596,fit,geometry_transition,8,2,8,1,2
4597,fit,turn,4,2,4,1,2
4598,fit,turn,9,2,9,1,2
4599,fit,turn,1,1,1,1,2
4600,fit,geometry_transition,3,2,3,1,2
4601,fit,geometry_transition,1,1,1,1,2
4602,fit,turn,6,2,6,1,2
4603,fit,geometry_transition,5,2,5,1,2
4604,fit,geometry_transition,2,2,2,1,2
4605,fit,turn,5,2,5,1,2
4606,fit,turn,6,2,6,1,2
4607,fit,geometry_transition,1,1,1,1,2
4608,fit,geometry_transition,8,2,8,1,2
4609,fit,turn,1,1,1,1,2
4610,fit,geometry_transition,3,2,3,1,2
4611,fit,geometry_transition,2,2,2,1,2
4612,fit,geometry_transition,4,2,4,1,2
4613,fit,geometry_transition,2,2,2,1,2
4614,fit,turn,4,2,4,1,2
4615,fit,geometry_transition,2,2,2,1,2
4616,fit,geometry_transition,4,2,4,1,2
4617,fit,geometry_transition,1,1,1,1,2
4618,fit,geometry_transition,6,2,6,1,2
4619,fit,geometry_transition,10,2,10,1,2
4620,fit,geometry_transition,4,2,4,1,2
4621,fit,geometry_transition,4,2,4,1,2
4622,fit,geometry_transition,8,2,8,1,2
4623,fit,geometry_transition,10,2,10,1,2
4624,fit,geometry_transition,3,1,3,1,2
4625,fit,geometry_transition,2,2,2,1,2
4626,fit,geometry_transition,1,1,1,1,2
4627,fit,geometry_transition,6,2,6,1,2
4628,fit,geometry_transition,3,2,3,1,2
4629,fit,geometry_transition,6,2,6,1,2
4630,fit,geometry_transition,5,2,5,1,2
4631,fit,geometry_transition,2,2,2,1,2
4632,fit,geometry_transition,6,2,6,1,2
4633,fit,geometry_transition,4,2,4,1,2
4634,fit,geometry_transition,4,2,4,1,2
4635,fit,geometry_transition,1,1,1,1,2
4636,fit,geometry_transition,3,2,3,1,2
4637,fit,geometry_transition,1,1,1,1,2
4638,fit,geometry_transition,4,2,4,1,2
4639,fit,geometry_transition,1,1,1,1,2
4640,fit,geometry_transition,4,2,4,1,2
4641,fit,geometry_transition,1,1,1,1,2
4642,fit,geometry_transition,2,2,2,1,2
4643,fit,geometry_transition,1,1,1,1,2
4644,fit,geometry_transition,4,2,4,1,2
4645,fit,geometry_transition,8,2,8,1,2
4646,fit,geometry_transition,1,1,1,1,2
4647,fit,geometry_transition,3,2,3,1,2
4648,fit,geometry_transition,1,1,1,1,2
4649,fit,geometry_transition,4,2,4,1,2
4650,fit,geometry_transition,1,1,1,1,2
4651,fit,geometry_transition,5,2,5,1,2
4652,fit,geometry_transition,2,2,2,1,2
4653,fit,geometry_transition,8,2,8,1,2
4654,fit,geometry_transition,10,2,10,1,2
4655,fit,geometry_transition,3,2,3,1,2
4656,fit,geometry_transition,10,2,10,1,2
4657,fit,geometry_transition,1,1,1,1,2
4658,fit,geometry_transition,2,2,2,1,2
4659,fit,geometry_transition,5,2,5,1,2
4660,fit,geometry_transition,1,1,1,1,2
4661,fit,geometry_transition,1,1,1,1,2
4662,fit,geometry_transition,3,2,3,1,2
4663,fit,turn,5,2,5,1,2
4664,fit,geometry_transition,4,2,4,1,2
4665,fit,terminal,14,2,14,1,1
4666,fit,junction,30,6,30,1,3
4667,fit,junction,42,6,42,1,3
4668,fit,terminal,6,2,6,1,1
4669,fit,junction,67,8,67,1,4
4670,fit,junction,34,6,34,1,3
4671,fit,terminal,17,2,17,1,1
4672,fit,terminal,16,2,16,1,1
4673,fit,junction,43,6,43,1,3
4674,fit,junction,50,6,50,1,3
4675,fit,terminal,17,2,17,1,1
4676,fit,junction,33,6,33,1,3
4677,fit,terminal,15,2,15,1,1
4678,fit,junction,49,6,49,1,3
4679,fit,terminal,7,2,7,1,1
4680,fit,junction,49,6,49,1,3
4681,fit,junction,50,6,50,1,3
4682,fit,junction,44,6,44,1,3
4683,fit,junction,50,6,50,1,3
4684,fit,terminal,15,2,15,1,1
4685,fit,terminal,14,2,14,1,1
4686,fit,geometry_transition,5,2,5,1,2
4687,fit,geometry_transition,6,2,6,1,2
4688,fit,turn,3,2,3,1,2
4689,fit,geometry_transition,1,1,1,1,2
4690,fit,geometry_transition,5,2,5,1,2
4691,fit,geometry_transition,10,2,10,1,2
4692,fit,geometry_transition,6,2,6,1,2
4693,fit,geometry_transition,1,1,1,1,2
4694,fit,geometry_transition,7,2,7,1,2
4695,fit,geometry_transition,5,2,5,1,2
4696,fit,turn,2,2,2,1,2
4697,fit,turn,7,2,7,1,2
4698,fit,geometry_transition,1,1,1,1,2
4699,fit,turn,2,2,2,1,2
4700,fit,geometry_transition,1,1,1,1,2
4701,fit,geometry_transition,1,1,1,1,2
4702,fit,turn,3,2,3,1,2
4703,fit,turn,4,2,4,1,2
4704,fit,turn,4,2,4,1,2
4705,fit,turn,3,2,3,1,2
4706,fit,geometry_transition,3,2,3,1,2
4707,fit,geometry_transition,6,2,6,1,2
4708,fit,turn,4,2,4,1,2
4709,fit,geometry_transition,6,2,6,1,2
4710,fit,geometry_transition,6,2,6,1,2
4711,fit,geometry_transition,4,2,4,1,2
4712,fit,turn,6,2,6,1,2
4713,fit,geometry_transition,2,2,2,1,2
4714,fit,geometry_transition,1,1,1,1,2
4715,fit,geometry_transition,4,2,4,1,2
4716,fit,geometry_transition,5,2,5,1,2
4717,fit,turn,2,2,2,1,2
4718,fit,geometry_transition,1,1,1,1,2
4719,fit,turn,6,2,6,1,2
4720,fit,geometry_transition,1,1,1,1,2
4721,fit,turn,14,2,14,1,2
4722,fit,geometry_transition,4,2,4,1,2
4723,fit,turn,2,2,2,1,2
4724,fit,geometry_transition,5,2,5,1,2
4725,fit,geometry_transition,3,2,3,1,2
4726,fit,geometry_transition,2,2,2,1,2
4727,fit,geometry_transition,7,2,7,1,2
4728,fit,geometry_transition,4,2,4,1,2
4729,fit,geometry_transition,7,2,7,1,2
4730,fit,turn,6,2,6,1,2
4731,fit,geometry_transition,5,2,5,1,2
4732,fit,geometry_transition,1,1,1,1,2
4733,fit,geometry_transition,4,2,4,1,2
4734,fit,geometry_transition,2,2,2,1,2
4735,fit,geometry_transition,8,2,8,1,2
4736,fit,turn,1,1,1,1,2
4737,fit,geometry_transition,7,2,7,1,2
4738,fit,geometry_transition,1,1,1,1,2
4739,fit,geometry_transition,2,2,2,1,2
4740,fit,geometry_transition,2,2,2,1,2
4741,fit,geometry_transition,3,2,3,1,2
4742,fit,geometry_transition,1,1,1,1,2
4743,fit,geometry_transition,8,2,8,1,2
4744,fit,geometry_transition,2,2,2,1,2
4745,fit,geometry_transition,1,1,1,1,2
4746,fit,geometry_transition,6,2,6,1,2
4747,fit,junction,50,6,50,1,3
4748,fit,terminal,10,2,10,1,1
4749,fit,junction,48,6,48,1,3
4750,fit,junction,51,6,51,1,3
4751,fit,terminal,17,2,17,1,1
4752,fit,junction,67,8,67,1,4
4753,fit,terminal,6,2,6,1,1
4754,fit,terminal,17,2,17,1,1
4755,fit,junction,51,6,51,1,3
4756,fit,terminal,14,2,14,1,1
4757,fit,junction,32,6,32,1,3
4758,fit,junction,51,6,51,1,3
4759,fit,terminal,16,2,16,1,1
4760,fit,junction,52,8,52,1,4
4761,fit,terminal,13,2,13,1,1
4762,fit,terminal,5,2,5,1,1
4763,fit,terminal,17,2,17,1,1
4764,fit,terminal,14,2,14,1,1
4765,fit,junction,51,6,51,1,3
4766,fit,junction,44,6,44,1,3
4767,fit,junction,49,6,49,1,3
4768,fit,terminal,7,2,7,1,1
4769,fit,junction,51,6,51,1,3
4770,fit,junction,50,6,50,1,3
4771,selection,geometry_transition,4,2,4,1,2
4772,selection,geometry_transition,4,2,4,1,2
4773,selection,geometry_transition,3,1,3,1,2
4774,selection,geometry_transition,1,1,1,1,2
4775,selection,geometry_transition,2,2,2,1,2
4776,selection,geometry_transition,2,2,2,1,2
4777,selection,geometry_transition,4,2,4,1,2
4778,selection,geometry_transition,5,2,5,1,2
4779,selection,geometry_transition,4,2,4,1,2
4780,selection,geometry_transition,5,2,5,1,2
4781,selection,geometry_transition,1,1,1,1,2
4782,selection,geometry_transition,2,1,2,1,2
4783,selection,geometry_transition,1,1,1,1,2
4784,selection,geometry_transition,1,1,1,1,2
4785,selection,geometry_transition,1,1,1,1,2
4786,selection,geometry_transition,1,1,1,1,2
4787,selection,geometry_transition,2,2,2,1,2
4788,selection,geometry_transition,8,2,8,1,2
4789,selection,geometry_transition,8,2,8,1,2
4790,selection,geometry_transition,8,2,8,1,2
4791,selection,geometry_transition,10,2,10,1,2
4792,selection,geometry_transition,2,2,2,1,2
4793,selection,geometry_transition,10,2,10,1,2
4794,selection,geometry_transition,1,1,1,1,2
4795,selection,geometry_transition,3,2,3,1,2
4796,selection,geometry_transition,1,1,1,1,2
4797,selection,geometry_transition,14,2,14,1,2
4798,selection,geometry_transition,19,2,19,1,2
4799,selection,geometry_transition,6,2,6,1,2
4800,selection,geometry_transition,1,1,1,1,2
4801,selection,geometry_transition,2,2,2,1,2
4802,selection,geometry_transition,8,2,8,1,2
4803,selection,geometry_transition,12,2,12,1,2
4804,selection,geometry_transition,11,2,11,1,2
4805,selection,geometry_transition,5,2,5,1,2
4806,selection,turn,5,2,5,1,2
4807,selection,geometry_transition,5,2,5,1,2
4808,selection,geometry_transition,21,2,21,1,2
4809,selection,geometry_transition,6,2,6,1,2
4810,selection,geometry_transition,13,2,13,1,2
4811,selection,geometry_transition,5,2,5,1,2
4812,selection,geometry_transition,1,1,1,1,2
4813,selection,geometry_transition,5,2,5,1,2
4814,selection,geometry_transition,9,2,9,1,2
4815,selection,geometry_transition,11,2,11,1,2
4816,selection,geometry_transition,2,1,2,1,2
4817,selection,geometry_transition,9,2,9,1,2
4818,selection,turn,6,2,6,1,2
4819,selection,turn,3,2,3,1,2
4820,selection,geometry_transition,20,2,20,1,2
4821,selection,geometry_transition,5,2,5,1,2
4822,selection,geometry_transition,1,1,1,1,2
4823,selection,geometry_transition,9,2,9,1,2
4824,selection,geometry_transition,3,2,3,1,2
4825,selection,geometry_transition,1,1,1,1,2
4826,selection,geometry_transition,4,2,4,1,2
4827,selection,geometry_transition,3,1,3,1,2
4828,selection,geometry_transition,11,2,11,1,2
4829,selection,turn,3,2,3,1,2
4830,selection,geometry_transition,6,2,6,1,2
4831,selection,turn,15,2,15,1,2
4832,selection,geometry_transition,2,2,2,1,2
4833,selection,geometry_transition,3,2,3,1,2
4834,selection,geometry_transition,1,1,1,1,2
4835,selection,turn,13,2,13,1,2
4836,selection,geometry_transition,4,2,4,1,2
4837,selection,geometry_transition,6,2,6,1,2
4838,selection,geometry_transition,4,2,4,1,2
4839,selection,geometry_transition,10,2,10,1,2
4840,selection,geometry_transition,6,2,6,1,2
4841,selection,junction,49,6,49,1,3
4842,selection,terminal,17,2,17,1,1
4843,selection,terminal,12,2,12,1,1
4844,selection,terminal,17,2,17,1,1
4845,selection,junction,51,6,51,1,3
4846,selection,junction,38,6,38,1,3
4847,selection,junction,51,6,51,1,3
4848,selection,junction,50,6,50,1,3
4849,selection,junction,51,6,51,1,3
4850,selection,junction,51,6,51,1,3
4851,selection,junction,49,6,49,1,3
4852,selection,terminal,17,2,17,1,1
4853,selection,junction,51,6,51,1,3
4854,selection,junction,51,6,51,1,3
4855,selection,terminal,17,2,17,1,1
4856,selection,terminal,17,2,17,1,1
4857,selection,junction,46,6,46,1,3
4858,selection,junction,49,6,49,1,3
4859,selection,terminal,17,2,17,1,1
4860,selection,terminal,17,2,17,1,1
4861,selection,junction,37,6,37,1,3
4862,selection,terminal,17,2,17,1,1
4863,selection,geometry_transition,12,2,12,1,2
4864,selection,geometry_transition,25,2,25,1,2
4865,selection,geometry_transition,2,2,2,1,2
4866,selection,geometry_transition,1,1,1,1,2
4867,selection,geometry_transition,9,2,9,1,2
4868,selection,geometry_transition,4,2,4,1,2
4869,selection,geometry_transition,4,2,4,1,2
4870,selection,geometry_transition,1,1,1,1,2
4871,selection,geometry_transition,1,1,1,1,2
4872,selection,geometry_transition,9,2,9,1,2
4873,selection,geometry_transition,1,1,1,1,2
4874,selection,geometry_transition,14,2,14,1,2
4875,selection,geometry_transition,2,2,2,1,2
4876,selection,geometry_transition,3,2,3,1,2
4877,selection,geometry_transition,1,1,1,1,2
4878,selection,geometry_transition,9,2,9,1,2
4879,selection,geometry_transition,5,2,5,1,2
4880,selection,geometry_transition,1,1,1,1,2
4881,selection,geometry_transition,1,1,1,1,2
4882,selection,geometry_transition,1,1,1,1,2
4883,selection,geometry_transition,2,1,2,1,2
4884,selection,geometry_transition,5,2,5,1,2
4885,selection,geometry_transition,2,2,2,1,2
4886,selection,geometry_transition,5,2,5,1,2
4887,selection,geometry_transition,1,1,1,1,2
4888,selection,geometry_transition,2,2,2,1,2
4889,selection,geometry_transition,16,2,16,1,2
4890,selection,geometry_transition,10,2,10,1,2
4891,selection,geometry_transition,6,2,6,1,2
4892,selection,geometry_transition,3,2,3,1,2
4893,selection,geometry_transition,5,2,5,1,2
4894,selection,geometry_transition,6,2,6,1,2
4895,selection,geometry_transition,26,2,26,1,2
4896,selection,geometry_transition,1,1,1,1,2
4897,selection,geometry_transition,13,2,13,1,2
4898,selection,geometry_transition,8,2,8,1,2
4899,selection,turn,5,2,5,1,2
4900,selection,geometry_transition,12,2,12,1,2
4901,selection,turn,10,2,10,1,2
4902,selection,geometry_transition,6,2,6,1,2
4903,selection,geometry_transition,1,1,1,1,2
4904,selection,geometry_transition,5,2,5,1,2
4905,selection,geometry_transition,8,2,8,1,2
4906,selection,geometry_transition,4,2,4,1,2
4907,selection,geometry_transition,9,2,9,1,2
4908,selection,geometry_transition,2,2,2,1,2
4909,selection,geometry_transition,8,2,8,1,2
4910,selection,geometry_transition,12,2,12,1,2
4911,selection,geometry_transition,7,2,7,1,2
4912,selection,geometry_transition,1,1,1,1,2
4913,selection,geometry_transition,7,2,7,1,2
4914,selection,geometry_transition,12,2,12,1,2
4915,selection,geometry_transition,3,2,3,1,2
4916,selection,geometry_transition,9,2,9,1,2
4917,selection,turn,2,2,2,1,2
4918,selection,geometry_transition,17,2,17,1,2
4919,selection,turn,4,2,4,1,2
4920,selection,geometry_transition,10,2,10,1,2
4921,selection,geometry_transition,5,2,5,1,2
4922,selection,geometry_transition,3,2,3,1,2
4923,selection,geometry_transition,6,2,6,1,2
4924,selection,geometry_transition,1,1,1,1,2
4925,selection,geometry_transition,1,1,1,1,2
4926,selection,geometry_transition,8,2,8,1,2
4927,selection,geometry_transition,4,2,4,1,2
4928,selection,geometry_transition,10,2,10,1,2
4929,selection,geometry_transition,2,2,2,1,2
4930,selection,geometry_transition,9,2,9,1,2
4931,selection,geometry_transition,12,2,12,1,2
4932,selection,geometry_transition,21,2,21,1,2
4933,selection,geometry_transition,13,2,13,1,2
4934,selection,geometry_transition,3,2,3,1,2
4935,selection,geometry_transition,2,2,2,1,2
4936,selection,geometry_transition,8,2,8,1,2
4937,selection,geometry_transition,3,1,3,1,2
4938,selection,geometry_transition,13,2,13,1,2
4939,selection,geometry_transition,3,2,3,1,2
4940,selection,geometry_transition,1,1,1,1,2
4941,selection,geometry_transition,7,2,7,1,2
4942,selection,geometry_transition,6,2,6,1,2
4943,selection,geometry_transition,17,2,17,1,2
4944,selection,geometry_transition,1,1,1,1,2
4945,selection,geometry_transition,4,2,4,1,2
4946,selection,geometry_transition,5,2,5,1,2
4947,selection,geometry_transition,3,2,3,1,2
4948,selection,geometry_transition,2,2,2,1,2
4949,selection,geometry_transition,15,2,15,1,2
4950,selection,geometry_transition,16,2,16,1,2
4951,selection,geometry_transition,8,2,8,1,2
4952,selection,geometry_transition,6,2,6,1,2
4953,selection,geometry_transition,2,2,2,1,2
4954,selection,geometry_transition,2,2,2,1,2
4955,selection,turn,5,2,5,1,2
4956,selection,turn,6,2,6,1,2
4957,selection,turn,6,2,6,1,2
4958,selection,geometry_transition,1,1,1,1,2
4959,selection,geometry_transition,11,2,11,1,2
4960,selection,geometry_transition,1,1,1,1,2
4961,selection,geometry_transition,4,2,4,1,2
4962,selection,geometry_transition,2,2,2,1,2
4963,selection,turn,10,2,10,1,2
4964,selection,turn,12,2,12,1,2
4965,selection,geometry_transition,1,1,1,1,2
4966,selection,geometry_transition,13,2,13,1,2
4967,selection,geometry_transition,17,2,17,1,2
4968,selection,geometry_transition,4,2,4,1,2
4969,selection,geometry_transition,3,2,3,1,2
4970,selection,geometry_transition,4,2,4,1,2
4971,selection,geometry_transition,8,2,8,1,2
4972,selection,geometry_transition,2,2,2,1,2
4973,selection,geometry_transition,16,2,16,1,2
4974,selection,geometry_transition,4,2,4,1,2
4975,selection,geometry_transition,17,2,17,1,2
4976,selection,turn,8,2,8,1,2
4977,selection,geometry_transition,1,1,1,1,2
4978,selection,turn,10,2,10,1,2
4979,selection,geometry_transition,10,2,10,1,2
4980,selection,geometry_transition,4,2,4,1,2
4981,selection,terminal,17,2,17,1,1
4982,selection,junction,50,6,38,1,3
4983,selection,junction,41,6,41,1,3
4984,selection,junction,51,6,51,1,3
4985,selection,terminal,8,2,8,1,1
4986,selection,junction,51,6,51,1,3
4987,selection,terminal,17,2,17,1,1
4988,selection,terminal,9,2,9,1,1
4989,selection,junction,51,6,51,1,3
4990,selection,junction,51,6,51,1,3
4991,selection,junction,51,6,51,1,3
4992,selection,junction,51,6,51,1,3
4993,selection,junction,51,6,51,1,3
4994,selection,terminal,17,2,17,1,1
4995,selection,junction,51,6,51,1,3
4996,selection,terminal,16,2,16,1,1
4997,selection,terminal,10,2,10,1,1
4998,selection,junction,51,6,51,1,3
4999,selection,terminal,16,2,16,1,1
5000,selection,junction,30,6,30,1,3
5001,selection,junction,45,6,45,1,3
5002,selection,junction,49,6,44,1,3
5003,selection,terminal,17,2,17,1,1
5004,selection,terminal,17,2,17,1,1
