partition,family,event,incident_degree,query_identity,query_global_sequence_index,positive_global_sequence_index,positive_view_kind,hard_negative_identity,hard_negative_global_sequence_index,hard_negative_objective_profile_distance,query_profile_observations
fit,S01,junction,3,S01_flat_tree_small_C01:node:node_0000,13,35,different_physical_edge,S09_flat_complex_C04:node:node_0082,157252,0.018688698607055333,5
fit,S01,terminal,1,S01_flat_tree_small_C01:node:node_0008,216,230,same_edge_reverse_view,S09_flat_complex_C04:node:node_0105,157848,0.007715387950573672,5
fit,S01,terminal,1,S01_flat_tree_small_C01:node:node_0020,543,530,same_edge_reverse_view,S09_flat_complex_C06:node:node_0153,166524,0.003815841460378725,5
fit,S01,junction,3,S01_flat_tree_small_C01:node:node_0024,478,574,different_physical_edge,S09_flat_complex_C05:node:node_0047,159926,0.011614680069201092,5
fit,S01,terminal,1,S01_flat_tree_small_C01:node:node_0030,628,635,same_edge_reverse_view,S05_flat_branch_medium_C06:node:node_0083,62014,0.004894282556989144,5
fit,S01,terminal,1,S01_flat_tree_small_C01:node:node_0038,803,817,same_edge_reverse_view,S09_flat_complex_C05:node:node_0095,161224,0.005965705760322144,5
fit,S01,junction,3,S01_flat_tree_small_C01:node:node_0046,950,1004,different_physical_edge,S03_flat_unicyclic_small_C04:node:node_0059,29306,0.004230988426665109,5
fit,S01,terminal,1,S01_flat_tree_small_C01:node:node_0047,1031,1018,same_edge_reverse_view,S09_flat_complex_C05:node:node_0095,161224,0.007188957371988015,5
fit,S01,terminal,1,S01_flat_tree_small_C02:node:node_0000,1266,1256,same_edge_reverse_view,S03_flat_unicyclic_small_C01:node:node_0031,23189,0.004861780222453925,5
fit,S01,terminal,1,S01_flat_tree_small_C02:node:node_0013,1602,1594,same_edge_reverse_view,S01_flat_tree_small_C03:node:node_0020,2897,0.0047519693769179135,5
fit,S01,junction,3,S01_flat_tree_small_C02:node:node_0016,1610,1645,different_physical_edge,S09_flat_complex_C06:node:node_0017,163554,0.005895239812944136,5
fit,S01,junction,3,S01_flat_tree_small_C02:node:node_0029,1756,1811,different_physical_edge,S07_flat_loop_rich_C04:node:node_0010,97684,0.00823696220076878,5
fit,S01,terminal,1,S01_flat_tree_small_C02:node:node_0031,1774,1786,same_edge_reverse_view,S05_flat_branch_medium_C04:node:node_0000,55488,0.01405779838421423,5
fit,S01,terminal,1,S01_flat_tree_small_C02:node:node_0038,2003,1994,same_edge_reverse_view,S09_flat_complex_C03:node:node_0155,154824,0.012407445881091213,5
fit,S01,terminal,1,S01_flat_tree_small_C02:node:node_0046,2056,2066,same_edge_reverse_view,S05_flat_branch_medium_C03:node:node_0047,54369,0.006755677721563172,5
fit,S01,junction,3,S01_flat_tree_small_C02:node:node_0049,2150,2212,different_physical_edge,S05_flat_branch_medium_C04:node:node_0043,56622,0.021557943150808747,5
fit,S01,terminal,1,S01_flat_tree_small_C03:node:node_0011,2614,2628,same_edge_reverse_view,S05_flat_branch_medium_C02:node:node_0079,52642,0.008300985576114295,5
fit,S01,junction,3,S01_flat_tree_small_C03:node:node_0013,2686,2724,different_physical_edge,S08_3d_loop_rich_C06:node:node_0089,131854,0.05417141846399611,5
fit,S01,terminal,1,S01_flat_tree_small_C03:node:node_0020,2897,2911,same_edge_reverse_view,S01_flat_tree_small_C02:node:node_0013,1602,0.0047519693769179135,5
fit,S01,terminal,1,S01_flat_tree_small_C03:node:node_0033,3317,3308,same_edge_reverse_view,S05_flat_branch_medium_C02:node:node_0000,50608,0.008918448386451436,5
fit,S01,junction,3,S01_flat_tree_small_C03:node:node_0037,3233,3388,different_physical_edge,S07_flat_loop_rich_C04:node:node_0010,97684,0.006571443671346327,5
fit,S01,terminal,1,S01_flat_tree_small_C03:node:node_0041,3540,3514,same_edge_reverse_view,S05_flat_branch_medium_C06:node:node_0070,61387,0.007880486596105936,5
fit,S01,junction,3,S01_flat_tree_small_C04:node:node_0010,4078,4128,different_physical_edge,S07_flat_loop_rich_C06:node:node_0099,105754,0.007214345272335717,5
fit,S01,terminal,1,S01_flat_tree_small_C04:node:node_0012,4151,4146,same_edge_reverse_view,S09_flat_complex_C02:node:node_0081,149696,0.008474165068899597,5
fit,S01,terminal,1,S01_flat_tree_small_C04:node:node_0015,4123,4123,singleton_circular_shift_augmentation,S09_flat_complex_C03:node:node_0145,154619,0.011239745379190806,5
fit,S01,terminal,1,S01_flat_tree_small_C04:node:node_0016,4094,4103,same_edge_reverse_view,S10_3d_complex_C03:node:node_0148,188336,0.010896895044677989,5
fit,S01,terminal,1,S01_flat_tree_small_C04:node:node_0023,4247,4242,same_edge_reverse_view,S07_flat_loop_rich_C04:node:node_0039,98603,0.005316803821311162,5
fit,S01,junction,3,S01_flat_tree_small_C04:node:node_0026,4258,4278,different_physical_edge,S09_flat_complex_C04:node:node_0015,155370,0.03782730186300038,5
fit,S01,junction,3,S01_flat_tree_small_C04:node:node_0037,4385,4343,different_physical_edge,S07_flat_loop_rich_C01:node:node_0078,89802,0.009068095200389484,5
fit,S01,terminal,1,S01_flat_tree_small_C04:node:node_0054,4742,4756,same_edge_reverse_view,S01_flat_tree_small_C06:node:node_0038,6702,0.006640063583261088,5
fit,S01,terminal,1,S01_flat_tree_small_C05:node:node_0004,4950,4934,same_edge_reverse_view,S07_flat_loop_rich_C06:node:node_0115,106367,0.008911096050899875,5
fit,S01,terminal,1,S01_flat_tree_small_C05:node:node_0006,4903,4917,same_edge_reverse_view,S03_flat_unicyclic_small_C06:node:node_0042,31826,0.005971895946841325,5
fit,S01,terminal,1,S01_flat_tree_small_C05:node:node_0008,5046,5028,same_edge_reverse_view,S03_flat_unicyclic_small_C03:node:node_0060,27839,0.005256484119019704,5
fit,S01,junction,3,S01_flat_tree_small_C05:node:node_0018,5248,5314,different_physical_edge,S03_flat_unicyclic_small_C03:node:node_0045,27256,0.021154341715311675,5
fit,S01,junction,3,S01_flat_tree_small_C05:node:node_0028,5610,5642,different_physical_edge,S09_flat_complex_C03:node:node_0050,152484,0.0057922974564218474,5
fit,S01,terminal,1,S01_flat_tree_small_C05:node:node_0033,5728,5722,same_edge_reverse_view,S06_3d_branch_medium_C01:node:node_0071,70092,0.006364980527493818,5
fit,S01,junction,3,S01_flat_tree_small_C05:node:node_0041,5800,5828,different_physical_edge,S05_flat_branch_medium_C05:node:node_0059,58820,0.008877277509246974,5
fit,S01,terminal,1,S01_flat_tree_small_C05:node:node_0044,5861,5854,same_edge_reverse_view,S03_flat_unicyclic_small_C03:node:node_0040,27163,0.009381963986169483,5
fit,S01,terminal,1,S01_flat_tree_small_C06:node:node_0008,6096,6090,same_edge_reverse_view,S07_flat_loop_rich_C03:node:node_0096,96930,0.051883353110632524,5
fit,S01,terminal,1,S01_flat_tree_small_C06:node:node_0009,6122,6102,same_edge_reverse_view,S07_flat_loop_rich_C05:node:node_0060,101996,0.005975232808777274,5
fit,S01,junction,3,S01_flat_tree_small_C06:node:node_0024,6230,6345,different_physical_edge,S05_flat_branch_medium_C03:node:node_0079,54970,0.008311655669155479,5
fit,S01,junction,3,S01_flat_tree_small_C06:node:node_0035,6544,6585,different_physical_edge,S09_flat_complex_C02:node:node_0077,149756,0.004324671342598305,5
fit,S01,terminal,1,S01_flat_tree_small_C06:node:node_0038,6702,6666,same_edge_reverse_view,S01_flat_tree_small_C04:node:node_0054,4742,0.006640063583261088,5
fit,S01,terminal,1,S01_flat_tree_small_C06:node:node_0044,6778,6790,same_edge_reverse_view,S09_flat_complex_C01:node:node_0086,146001,0.005712740612052834,5
selection,S01,terminal,1,S01_flat_tree_small_C07:node:node_0000,7186,7172,same_edge_reverse_view,S01_flat_tree_small_C07:node:node_0003,7253,0.006616042899786439,5
selection,S01,terminal,1,S01_flat_tree_small_C07:node:node_0003,7253,7235,same_edge_reverse_view,S01_flat_tree_small_C07:node:node_0000,7186,0.006616042899786439,5
selection,S01,junction,3,S01_flat_tree_small_C07:node:node_0010,7236,7340,different_physical_edge,S09_flat_complex_C08:node:node_0002,170288,0.018961508774815793,5
selection,S01,terminal,1,S01_flat_tree_small_C07:node:node_0023,7663,7656,same_edge_reverse_view,S04_3d_unicyclic_small_C08:node:node_0034,46288,0.012875191925972407,5
selection,S01,junction,3,S01_flat_tree_small_C07:node:node_0025,7570,7698,different_physical_edge,S09_flat_complex_C08:node:node_0142,174023,0.00680209080993168,5
selection,S01,junction,3,S01_flat_tree_small_C07:node:node_0044,7946,8037,different_physical_edge,S05_flat_branch_medium_C07:node:node_0088,64275,0.024113669706916835,5
selection,S01,terminal,1,S01_flat_tree_small_C07:node:node_0049,8074,8087,same_edge_reverse_view,S05_flat_branch_medium_C08:node:node_0070,65707,0.009402592703374072,5
selection,S01,terminal,1,S01_flat_tree_small_C07:node:node_0054,8157,8150,same_edge_reverse_view,S07_flat_loop_rich_C07:node:node_0004,106694,0.01173211009794313,5
selection,S01,junction,3,S01_flat_tree_small_C08:node:node_0010,8316,8442,different_physical_edge,S07_flat_loop_rich_C08:node:node_0115,111653,0.011113298141149348,5
selection,S01,junction,4,S01_flat_tree_small_C08:node:node_0015,8470,8508,different_physical_edge,S09_flat_complex_C07:node:node_0101,168833,0.0462578721187204,5
selection,S01,terminal,1,S01_flat_tree_small_C08:node:node_0023,8801,8790,same_edge_reverse_view,S05_flat_branch_medium_C07:node:node_0058,63809,0.016012305066106017,5
selection,S01,junction,3,S01_flat_tree_small_C08:node:node_0027,8594,8704,different_physical_edge,S03_flat_unicyclic_small_C07:node:node_0040,33004,0.027582519553168077,5
selection,S01,terminal,1,S01_flat_tree_small_C08:node:node_0032,8963,8967,same_edge_reverse_view,S09_flat_complex_C07:node:node_0078,168668,0.013876210221751532,4
selection,S01,terminal,1,S01_flat_tree_small_C08:node:node_0035,8674,8688,same_edge_reverse_view,S09_flat_complex_C07:node:node_0007,166821,0.009623856323462023,5
selection,S01,junction,3,S01_flat_tree_small_C08:node:node_0039,9004,9088,different_physical_edge,S05_flat_branch_medium_C07:node:node_0071,63958,0.027897580952872425,5
selection,S01,terminal,1,S01_flat_tree_small_C08:node:node_0048,9254,9268,same_edge_reverse_view,S03_flat_unicyclic_small_C07:node:node_0000,32270,0.006498443542189149,5
selection,S01,terminal,1,S01_flat_tree_small_C08:node:node_0050,9330,9320,same_edge_reverse_view,S09_flat_complex_C07:node:node_0078,168668,0.013993302821821919,5
fit,S02,terminal,1,S02_3d_tree_small_C01:node:node_0000,10881,10868,same_edge_reverse_view,S04_3d_unicyclic_small_C05:node:node_0059,42698,0.01880581269354565,5
fit,S02,terminal,1,S02_3d_tree_small_C01:node:node_0009,11127,11116,same_edge_reverse_view,S06_3d_branch_medium_C01:node:node_0038,69600,0.005905689474475628,5
fit,S02,terminal,1,S02_3d_tree_small_C01:node:node_0021,11469,11460,same_edge_reverse_view,S08_3d_loop_rich_C02:node:node_0125,120996,0.017842639817384254,5
fit,S02,junction,3,S02_3d_tree_small_C01:node:node_0040,11682,11826,different_physical_edge,S08_3d_loop_rich_C05:node:node_0109,129378,0.02192931329317657,5
fit,S02,junction,3,S02_3d_tree_small_C01:node:node_0048,11636,11966,different_physical_edge,S04_3d_unicyclic_small_C02:node:node_0017,37470,0.025768961633938436,5
fit,S02,terminal,1,S02_3d_tree_small_C01:node:node_0055,12153,12167,same_edge_reverse_view,S02_3d_tree_small_C02:node:node_0050,13310,0.018997901422406625,5
fit,S02,terminal,1,S02_3d_tree_small_C02:node:node_0009,12505,12487,same_edge_reverse_view,S10_3d_complex_C04:node:node_0146,192392,0.015286693214753929,5
fit,S02,junction,3,S02_3d_tree_small_C02:node:node_0011,12490,12560,different_physical_edge,S06_3d_branch_medium_C02:node:node_0063,71902,0.022453317552168867,5
fit,S02,terminal,1,S02_3d_tree_small_C02:node:node_0013,12517,12531,same_edge_reverse_view,S06_3d_branch_medium_C04:node:node_0084,76632,0.011947605157848318,5
fit,S02,junction,3,S02_3d_tree_small_C02:node:node_0022,12706,12751,different_physical_edge,S10_3d_complex_C03:node:node_0127,187930,0.015128536464041591,5
fit,S02,junction,3,S02_3d_tree_small_C02:node:node_0036,13010,13083,different_physical_edge,S04_3d_unicyclic_small_C06:node:node_0043,43384,0.017190607055000865,5
fit,S02,terminal,1,S02_3d_tree_small_C02:node:node_0042,13198,13186,same_edge_reverse_view,S07_flat_loop_rich_C05:node:node_0108,103266,0.007812205990878389,5
fit,S02,terminal,1,S02_3d_tree_small_C02:node:node_0050,13310,13317,same_edge_reverse_view,S04_3d_unicyclic_small_C01:node:node_0074,37290,0.015890098008158663,5
fit,S02,terminal,1,S02_3d_tree_small_C02:node:node_0056,13376,13385,same_edge_reverse_view,S09_flat_complex_C02:node:node_0081,149696,0.019634996933867093,5
fit,S02,terminal,1,S02_3d_tree_small_C03:node:node_0000,13407,13394,same_edge_reverse_view,S06_3d_branch_medium_C02:node:node_0052,71594,0.010713345868580618,5
fit,S02,junction,3,S02_3d_tree_small_C03:node:node_0013,13732,13848,different_physical_edge,S02_3d_tree_small_C03:node:node_0028,14242,0.011373167330731319,5
fit,S02,junction,3,S02_3d_tree_small_C03:node:node_0022,14018,14164,different_physical_edge,S09_flat_complex_C01:node:node_0039,144319,0.008437146953121602,5
fit,S02,junction,3,S02_3d_tree_small_C03:node:node_0028,14242,14346,different_physical_edge,S10_3d_complex_C06:node:node_0077,198068,0.011327573814892985,5
fit,S02,terminal,1,S02_3d_tree_small_C03:node:node_0031,14434,14422,same_edge_reverse_view,S10_3d_complex_C04:node:node_0161,192285,0.015969794846390488,5
fit,S02,terminal,1,S02_3d_tree_small_C03:node:node_0032,14382,14390,same_edge_reverse_view,S04_3d_unicyclic_small_C04:node:node_0010,40528,0.0148555058923572,5
fit,S02,terminal,1,S02_3d_tree_small_C03:node:node_0039,14634,14606,same_edge_reverse_view,S06_3d_branch_medium_C01:node:node_0090,70467,0.009377660547024765,5
fit,S02,terminal,1,S02_3d_tree_small_C03:node:node_0056,14992,15002,same_edge_reverse_view,S04_3d_unicyclic_small_C04:node:node_0064,41593,0.017311767521501577,5
fit,S02,junction,3,S02_3d_tree_small_C04:node:node_0017,15301,15321,different_physical_edge,S08_3d_loop_rich_C02:node:node_0108,120629,0.04229173978874995,5
fit,S02,terminal,1,S02_3d_tree_small_C04:node:node_0028,15465,15469,same_edge_reverse_view,S08_3d_loop_rich_C02:node:node_0081,120295,0.012292341285804625,4
fit,S02,terminal,1,S02_3d_tree_small_C04:node:node_0029,15332,15344,same_edge_reverse_view,S04_3d_unicyclic_small_C05:node:node_0006,41746,0.007838163703625108,5
fit,S02,junction,3,S02_3d_tree_small_C04:node:node_0041,15736,15792,different_physical_edge,S10_3d_complex_C01:node:node_0062,179286,0.032090674305329144,5
fit,S02,terminal,1,S02_3d_tree_small_C04:node:node_0044,15751,15765,same_edge_reverse_view,S08_3d_loop_rich_C05:node:node_0088,128768,0.009758855774795065,5
fit,S02,terminal,1,S02_3d_tree_small_C04:node:node_0046,15884,15874,same_edge_reverse_view,S02_3d_tree_small_C04:node:node_0028,15465,0.016825272454667386,5
fit,S02,terminal,1,S02_3d_tree_small_C05:node:node_0017,16374,16384,same_edge_reverse_view,S04_3d_unicyclic_small_C04:node:node_0009,40576,0.012151180337074957,5
fit,S02,terminal,1,S02_3d_tree_small_C05:node:node_0019,16462,16444,same_edge_reverse_view,S08_3d_loop_rich_C04:node:node_0095,126057,0.0106263401328774,5
fit,S02,junction,3,S02_3d_tree_small_C05:node:node_0021,16394,16448,different_physical_edge,S07_flat_loop_rich_C06:node:node_0073,105048,0.021221870563103446,5
fit,S02,terminal,1,S02_3d_tree_small_C05:node:node_0023,16554,16542,same_edge_reverse_view,S06_3d_branch_medium_C02:node:node_0079,72342,0.025785644652500918,5
fit,S02,junction,3,S02_3d_tree_small_C05:node:node_0031,16606,16632,different_physical_edge,S07_flat_loop_rich_C02:node:node_0024,91816,0.008928046639549046,5
fit,S02,junction,3,S02_3d_tree_small_C05:node:node_0035,16698,16757,different_physical_edge,S10_3d_complex_C01:node:node_0129,180590,0.01719596070137585,5
fit,S02,terminal,1,S02_3d_tree_small_C05:node:node_0041,16842,16851,same_edge_reverse_view,S06_3d_branch_medium_C04:node:node_0053,75960,0.009285792630455144,5
fit,S02,terminal,1,S02_3d_tree_small_C05:node:node_0043,16930,16910,same_edge_reverse_view,S04_3d_unicyclic_small_C06:node:node_0009,42907,0.01188267156632197,5
fit,S02,terminal,1,S02_3d_tree_small_C06:node:node_0003,17486,17466,same_edge_reverse_view,S01_flat_tree_small_C01:node:node_0008,216,0.012478460253003802,5
fit,S02,junction,3,S02_3d_tree_small_C06:node:node_0010,17600,17696,different_physical_edge,S10_3d_complex_C06:node:node_0077,198068,0.013468640045779157,5
fit,S02,terminal,1,S02_3d_tree_small_C06:node:node_0017,17808,17816,same_edge_reverse_view,S05_flat_branch_medium_C05:node:node_0079,59314,0.011536053735985199,5
fit,S02,terminal,1,S02_3d_tree_small_C06:node:node_0043,18448,18438,same_edge_reverse_view,S10_3d_complex_C04:node:node_0146,192392,0.005912881367684466,5
fit,S02,junction,3,S02_3d_tree_small_C06:node:node_0044,18414,18468,different_physical_edge,S10_3d_complex_C04:node:node_0062,189887,0.011909441619636044,5
fit,S02,terminal,1,S02_3d_tree_small_C06:node:node_0048,18481,18487,same_edge_reverse_view,S06_3d_branch_medium_C06:node:node_0040,80398,0.00853806573191169,5
selection,S02,terminal,1,S02_3d_tree_small_C07:node:node_0000,18896,18884,same_edge_reverse_view,S10_3d_complex_C08:node:node_0163,208198,0.021025654205662037,5
selection,S02,terminal,1,S02_3d_tree_small_C07:node:node_0033,19366,19380,same_edge_reverse_view,S10_3d_complex_C08:node:node_0000,204296,0.015947539565214074,5
selection,S02,terminal,1,S02_3d_tree_small_C07:node:node_0042,19572,19585,same_edge_reverse_view,S10_3d_complex_C07:node:node_0129,203276,0.02682448198221632,5
selection,S02,junction,3,S02_3d_tree_small_C07:node:node_0044,19626,19641,different_physical_edge,S10_3d_complex_C07:node:node_0076,201692,0.027849918138590453,5
selection,S02,junction,3,S02_3d_tree_small_C07:node:node_0052,19732,19758,different_physical_edge,S10_3d_complex_C08:node:node_0019,204637,0.01917166335041612,5
selection,S02,terminal,1,S02_3d_tree_small_C07:node:node_0055,19796,19801,same_edge_reverse_view,S08_3d_loop_rich_C07:node:node_0105,136224,0.012253039875964824,5
selection,S02,terminal,1,S02_3d_tree_small_C08:node:node_0002,19892,19882,same_edge_reverse_view,S04_3d_unicyclic_small_C08:node:node_0024,45898,0.015438856252247057,5
selection,S02,junction,3,S02_3d_tree_small_C08:node:node_0012,20076,20128,different_physical_edge,S10_3d_complex_C07:node:node_0074,201756,0.04156739696170398,5
selection,S02,junction,3,S02_3d_tree_small_C08:node:node_0033,20662,20740,different_physical_edge,S10_3d_complex_C07:node:node_0119,203056,0.01043396083176422,5
selection,S02,junction,3,S02_3d_tree_small_C08:node:node_0034,20614,20726,different_physical_edge,S10_3d_complex_C07:node:node_0137,203560,0.026433549019619754,5
selection,S02,terminal,1,S02_3d_tree_small_C08:node:node_0036,20693,20707,same_edge_reverse_view,S06_3d_branch_medium_C08:node:node_0028,84203,0.008923868172745687,5
selection,S02,terminal,1,S02_3d_tree_small_C08:node:node_0043,20852,20866,same_edge_reverse_view,S06_3d_branch_medium_C07:node:node_0082,83480,0.02232182594032448,5
selection,S02,terminal,1,S02_3d_tree_small_C08:node:node_0048,21092,21106,same_edge_reverse_view,S06_3d_branch_medium_C08:node:node_0036,84444,0.017215487786083727,5
selection,S02,terminal,1,S02_3d_tree_small_C08:node:node_0052,21230,21236,same_edge_reverse_view,S06_3d_branch_medium_C07:node:node_0001,81927,0.03772276179462595,5
fit,S03,terminal,1,S03_flat_unicyclic_small_C01:node:node_0019,22995,22999,same_edge_reverse_view,S05_flat_branch_medium_C05:node:node_0074,59142,0.005545985233759873,4
fit,S03,terminal,1,S03_flat_unicyclic_small_C01:node:node_0022,23106,23094,same_edge_reverse_view,S03_flat_unicyclic_small_C02:node:node_0049,25732,0.0047642152838268375,5
fit,S03,junction,3,S03_flat_unicyclic_small_C01:node:node_0025,23021,23173,different_physical_edge,S07_flat_loop_rich_C03:node:node_0074,96488,0.004729932252215824,5
fit,S03,terminal,1,S03_flat_unicyclic_small_C01:node:node_0031,23189,23195,same_edge_reverse_view,S01_flat_tree_small_C02:node:node_0000,1266,0.004861780222453925,5
fit,S03,junction,3,S03_flat_unicyclic_small_C01:node:node_0032,23230,23328,different_physical_edge,S07_flat_loop_rich_C03:node:node_0043,95834,0.008031169533935133,5
fit,S03,junction,3,S03_flat_unicyclic_small_C01:node:node_0038,23422,23544,different_physical_edge,S07_flat_loop_rich_C02:node:node_0093,93618,0.008211594656411659,5
fit,S03,junction,3,S03_flat_unicyclic_small_C01:node:node_0042,23489,23586,different_physical_edge,S07_flat_loop_rich_C02:node:node_0032,92062,0.0013471288438638054,5
fit,S03,terminal,1,S03_flat_unicyclic_small_C01:node:node_0062,24205,24219,same_edge_reverse_view,S09_flat_complex_C01:node:node_0099,146412,0.0076412695836846935,5
fit,S03,terminal,1,S03_flat_unicyclic_small_C02:node:node_0000,24256,24240,same_edge_reverse_view,S07_flat_loop_rich_C04:node:node_0039,98603,0.00998030968587429,5
fit,S03,junction,3,S03_flat_unicyclic_small_C02:node:node_0002,24272,24310,different_physical_edge,S09_flat_complex_C05:node:node_0031,159534,0.004717944625591428,5
fit,S03,terminal,1,S03_flat_unicyclic_small_C02:node:node_0019,24764,24744,same_edge_reverse_view,S05_flat_branch_medium_C04:node:node_0037,56609,0.004713439456741879,5
fit,S03,junction,3,S03_flat_unicyclic_small_C02:node:node_0032,25014,25038,different_physical_edge,S07_flat_loop_rich_C03:node:node_0066,96260,0.04408367154753929,5
fit,S03,junction,3,S03_flat_unicyclic_small_C02:node:node_0044,25464,25580,different_physical_edge,S09_flat_complex_C01:node:node_0018,143675,0.005905168822289094,5
fit,S03,junction,3,S03_flat_unicyclic_small_C02:node:node_0046,25352,25649,different_physical_edge,S09_flat_complex_C02:node:node_0055,149080,0.008127538319409175,5
fit,S03,terminal,1,S03_flat_unicyclic_small_C02:node:node_0049,25732,25718,same_edge_reverse_view,S03_flat_unicyclic_small_C01:node:node_0022,23106,0.0047642152838268375,5
fit,S03,terminal,1,S03_flat_unicyclic_small_C02:node:node_0066,26082,26093,same_edge_reverse_view,S09_flat_complex_C02:node:node_0064,149397,0.006623585738360274,5
fit,S03,terminal,1,S03_flat_unicyclic_small_C03:node:node_0004,26212,26226,same_edge_reverse_view,S07_flat_loop_rich_C05:node:node_0122,103567,0.00536440379789887,5
fit,S03,terminal,1,S03_flat_unicyclic_small_C03:node:node_0006,26309,26305,same_edge_reverse_view,S05_flat_branch_medium_C06:node:node_0070,61387,0.005568007067352822,4
fit,S03,junction,3,S03_flat_unicyclic_small_C03:node:node_0010,26338,26359,different_physical_edge,S09_flat_complex_C04:node:node_0100,157785,0.012494583138837192,5
fit,S03,junction,3,S03_flat_unicyclic_small_C03:node:node_0030,26899,26920,different_physical_edge,S09_flat_complex_C02:node:node_0103,150252,0.013764659164346467,5
fit,S03,terminal,1,S03_flat_unicyclic_small_C03:node:node_0036,27070,27073,same_edge_reverse_view,S09_flat_complex_C02:node:node_0094,150243,0.0039000380581011,3
fit,S03,junction,3,S03_flat_unicyclic_small_C03:node:node_0039,26992,27184,different_physical_edge,S05_flat_branch_medium_C05:node:node_0062,58926,0.0045561927849855745,5
fit,S03,terminal,1,S03_flat_unicyclic_small_C03:node:node_0040,27163,27177,same_edge_reverse_view,S01_flat_tree_small_C01:node:node_0038,803,0.0072382834299778796,5
fit,S03,junction,3,S03_flat_unicyclic_small_C03:node:node_0045,27256,27356,different_physical_edge,S09_flat_complex_C06:node:node_0066,164427,0.010709491280993255,5
fit,S03,junction,3,S03_flat_unicyclic_small_C03:node:node_0054,27424,27594,different_physical_edge,S01_flat_tree_small_C05:node:node_0028,5610,0.009969415157882435,5
fit,S03,terminal,1,S03_flat_unicyclic_small_C03:node:node_0060,27839,27853,same_edge_reverse_view,S09_flat_complex_C06:node:node_0088,165182,0.003960346019830466,5
fit,S03,terminal,1,S03_flat_unicyclic_small_C04:node:node_0007,28113,28106,same_edge_reverse_view,S07_flat_loop_rich_C02:node:node_0078,93210,0.012204548113179515,5
fit,S03,junction,3,S03_flat_unicyclic_small_C04:node:node_0012,28174,28198,different_physical_edge,S06_3d_branch_medium_C01:node:node_0069,70070,0.03697102651734888,5
fit,S03,terminal,1,S03_flat_unicyclic_small_C04:node:node_0015,28298,28276,same_edge_reverse_view,S07_flat_loop_rich_C05:node:node_0000,100806,0.009360346496320353,5
fit,S03,terminal,1,S03_flat_unicyclic_small_C04:node:node_0017,28317,28312,same_edge_reverse_view,S09_flat_complex_C02:node:node_0014,148252,0.009989774164531607,5
fit,S03,junction,3,S03_flat_unicyclic_small_C04:node:node_0026,28414,28430,different_physical_edge,S09_flat_complex_C06:node:node_0024,163720,0.012475482876635793,5
fit,S03,junction,3,S03_flat_unicyclic_small_C04:node:node_0043,28956,28977,different_physical_edge,S09_flat_complex_C02:node:node_0077,149756,0.006535465960676824,5
fit,S03,terminal,1,S03_flat_unicyclic_small_C04:node:node_0058,29372,29362,same_edge_reverse_view,S03_flat_unicyclic_small_C06:node:node_0004,30918,0.008268297615063156,5
fit,S03,junction,3,S03_flat_unicyclic_small_C04:node:node_0059,29306,29330,different_physical_edge,S01_flat_tree_small_C01:node:node_0046,950,0.004230988426665109,5
fit,S03,junction,3,S03_flat_unicyclic_small_C05:node:node_0006,29492,29562,different_physical_edge,S05_flat_branch_medium_C05:node:node_0009,57753,0.008118769934120373,5
fit,S03,junction,3,S03_flat_unicyclic_small_C05:node:node_0011,29584,29665,different_physical_edge,S03_flat_unicyclic_small_C05:node:node_0023,29793,0.0073290070493820195,5
fit,S03,terminal,1,S03_flat_unicyclic_small_C05:node:node_0021,29824,29832,same_edge_reverse_view,S03_flat_unicyclic_small_C06:node:node_0004,30918,0.006032472193930497,5
fit,S03,junction,3,S03_flat_unicyclic_small_C05:node:node_0022,29840,29864,different_physical_edge,S07_flat_loop_rich_C03:node:node_0083,96638,0.006807216346237179,5
fit,S03,junction,3,S03_flat_unicyclic_small_C05:node:node_0023,29793,29910,different_physical_edge,S07_flat_loop_rich_C05:node:node_0101,102949,0.0034941525774117013,5
fit,S03,terminal,1,S03_flat_unicyclic_small_C05:node:node_0026,29954,29964,same_edge_reverse_view,S07_flat_loop_rich_C05:node:node_0080,102478,0.005947542556606334,5
fit,S03,terminal,1,S03_flat_unicyclic_small_C05:node:node_0029,30052,30032,same_edge_reverse_view,S09_flat_complex_C06:node:node_0153,166524,0.00916335420401511,5
fit,S03,junction,3,S03_flat_unicyclic_small_C05:node:node_0039,30266,30310,different_physical_edge,S10_3d_complex_C04:node:node_0107,190775,0.013924516885248112,5
fit,S03,terminal,1,S03_flat_unicyclic_small_C05:node:node_0040,30376,30360,same_edge_reverse_view,S01_flat_tree_small_C03:node:node_0041,3540,0.013130530406188197,5
fit,S03,terminal,1,S03_flat_unicyclic_small_C05:node:node_0056,30852,30866,same_edge_reverse_view,S01_flat_tree_small_C05:node:node_0008,5046,0.005572254070750486,5
fit,S03,terminal,1,S03_flat_unicyclic_small_C06:node:node_0004,30918,30924,same_edge_reverse_view,S03_flat_unicyclic_small_C05:node:node_0021,29824,0.006032472193930497,5
fit,S03,terminal,1,S03_flat_unicyclic_small_C06:node:node_0006,30969,30956,same_edge_reverse_view,S05_flat_branch_medium_C02:node:node_0071,52456,0.0046616695676098266,5
fit,S03,junction,3,S03_flat_unicyclic_small_C06:node:node_0014,31060,31107,different_physical_edge,S01_flat_tree_small_C04:node:node_0010,4078,0.008959959440035945,5
fit,S03,junction,3,S03_flat_unicyclic_small_C06:node:node_0021,31240,31280,different_physical_edge,S07_flat_loop_rich_C01:node:node_0065,89502,0.00950574494447047,5
fit,S03,junction,3,S03_flat_unicyclic_small_C06:node:node_0032,31584,31668,different_physical_edge,S05_flat_branch_medium_C06:node:node_0021,60148,0.00734629275860976,5
fit,S03,terminal,1,S03_flat_unicyclic_small_C06:node:node_0034,31713,31708,same_edge_reverse_view,S09_flat_complex_C04:node:node_0035,155834,0.005002812922107269,5
fit,S03,terminal,1,S03_flat_unicyclic_small_C06:node:node_0042,31826,31838,same_edge_reverse_view,S01_flat_tree_small_C05:node:node_0006,4903,0.005971895946841325,5
fit,S03,junction,3,S03_flat_unicyclic_small_C06:node:node_0044,31798,31789,different_physical_edge,S05_flat_branch_medium_C03:node:node_0079,54970,0.004869486495073903,5
selection,S03,terminal,1,S03_flat_unicyclic_small_C07:node:node_0000,32270,32264,same_edge_reverse_view,S09_flat_complex_C07:node:node_0056,168096,0.005893832881972653,5
selection,S03,terminal,1,S03_flat_unicyclic_small_C07:node:node_0007,32391,32378,same_edge_reverse_view,S03_flat_unicyclic_small_C08:node:node_0036,33928,0.004456441804348838,5
selection,S03,terminal,1,S03_flat_unicyclic_small_C07:node:node_0010,32462,32442,same_edge_reverse_view,S07_flat_loop_rich_C08:node:node_0018,109924,0.010027667550654675,5
selection,S03,junction,3,S03_flat_unicyclic_small_C07:node:node_0019,32588,32610,different_physical_edge,S08_3d_loop_rich_C07:node:node_0035,134182,0.028474332741360672,5
selection,S03,junction,3,S03_flat_unicyclic_small_C07:node:node_0022,32660,32740,different_physical_edge,S05_flat_branch_medium_C07:node:node_0054,63649,0.011630166941089272,5
selection,S03,junction,3,S03_flat_unicyclic_small_C07:node:node_0029,32778,32845,different_physical_edge,S09_flat_complex_C07:node:node_0094,168908,0.02991113725152322,5
selection,S03,junction,3,S03_flat_unicyclic_small_C07:node:node_0035,32940,32930,different_physical_edge,S07_flat_loop_rich_C07:node:node_0055,107842,0.0548312923770226,5
selection,S03,junction,3,S03_flat_unicyclic_small_C07:node:node_0040,33004,32991,different_physical_edge,S09_flat_complex_C07:node:node_0093,168884,0.027449155190303626,5
selection,S03,terminal,1,S03_flat_unicyclic_small_C07:node:node_0046,33054,33060,same_edge_reverse_view,S09_flat_complex_C08:node:node_0061,171952,0.02129484859042727,5
selection,S03,terminal,1,S03_flat_unicyclic_small_C07:node:node_0049,33038,33046,same_edge_reverse_view,S09_flat_complex_C08:node:node_0061,171952,0.01895456292817719,5
selection,S03,junction,3,S03_flat_unicyclic_small_C08:node:node_0019,33558,33578,different_physical_edge,S01_flat_tree_small_C08:node:node_0027,8594,0.030541642629655603,5
selection,S03,terminal,1,S03_flat_unicyclic_small_C08:node:node_0020,33596,33602,same_edge_reverse_view,S07_flat_loop_rich_C08:node:node_0122,111923,0.01169835078476525,5
selection,S03,junction,3,S03_flat_unicyclic_small_C08:node:node_0021,33528,33644,different_physical_edge,S07_flat_loop_rich_C07:node:node_0032,107342,0.007905872134265702,5
selection,S03,terminal,1,S03_flat_unicyclic_small_C08:node:node_0036,33928,33937,same_edge_reverse_view,S03_flat_unicyclic_small_C07:node:node_0007,32391,0.004456441804348838,5
selection,S03,terminal,1,S03_flat_unicyclic_small_C08:node:node_0037,34016,34004,same_edge_reverse_view,S09_flat_complex_C08:node:node_0102,173219,0.009745344658435233,5
selection,S03,junction,4,S03_flat_unicyclic_small_C08:node:node_0047,34148,34164,different_physical_edge,S07_flat_loop_rich_C07:node:node_0080,108092,0.11586789440299666,5
selection,S03,terminal,1,S03_flat_unicyclic_small_C08:node:node_0055,34436,34420,same_edge_reverse_view,S05_flat_branch_medium_C08:node:node_0070,65707,0.00853714928205267,5
fit,S04,junction,3,S04_3d_unicyclic_small_C01:node:node_0009,36178,36216,different_physical_edge,S10_3d_complex_C05:node:node_0099,195095,0.019115067574418325,5
fit,S04,junction,3,S04_3d_unicyclic_small_C01:node:node_0013,36236,36246,different_physical_edge,S10_3d_complex_C03:node:node_0123,187622,0.02290743568446698,5
fit,S04,terminal,1,S04_3d_unicyclic_small_C01:node:node_0016,36306,36315,same_edge_reverse_view,S10_3d_complex_C05:node:node_0104,195362,0.009549534065068201,5
fit,S04,terminal,1,S04_3d_unicyclic_small_C01:node:node_0049,36868,36860,same_edge_reverse_view,S02_3d_tree_small_C06:node:node_0043,18448,0.015182033574400367,5
fit,S04,junction,3,S04_3d_unicyclic_small_C01:node:node_0053,36794,36876,different_physical_edge,S10_3d_complex_C02:node:node_0113,183942,0.018603303466425067,5
fit,S04,terminal,1,S04_3d_unicyclic_small_C01:node:node_0074,37290,37303,same_edge_reverse_view,S02_3d_tree_small_C02:node:node_0050,13310,0.015890098008158663,5
fit,S04,junction,3,S04_3d_unicyclic_small_C01:node:node_0076,37344,37382,different_physical_edge,S08_3d_loop_rich_C06:node:node_0060,130914,0.011700931878520941,5
fit,S04,terminal,1,S04_3d_unicyclic_small_C02:node:node_0000,37464,37458,same_edge_reverse_view,S04_3d_unicyclic_small_C06:node:node_0062,44097,0.007642864517987309,5
fit,S04,terminal,1,S04_3d_unicyclic_small_C02:node:node_0001,37484,37466,same_edge_reverse_view,S08_3d_loop_rich_C01:node:node_0097,116827,0.05524637802851174,5
fit,S04,terminal,1,S04_3d_unicyclic_small_C02:node:node_0002,37504,37505,same_identity_distinct_observation,S06_3d_branch_medium_C06:node:node_0074,81320,0.015857718956193492,5
fit,S04,junction,3,S04_3d_unicyclic_small_C02:node:node_0009,37510,37665,different_physical_edge,S03_flat_unicyclic_small_C02:node:node_0032,25014,0.05476390604329497,5
fit,S04,junction,3,S04_3d_unicyclic_small_C02:node:node_0012,37492,37556,different_physical_edge,S10_3d_complex_C02:node:node_0095,183602,0.017738068169710033,5
fit,S04,junction,3,S04_3d_unicyclic_small_C02:node:node_0017,37470,37836,different_physical_edge,S02_3d_tree_small_C01:node:node_0048,11636,0.025768961633938436,5
fit,S04,terminal,1,S04_3d_unicyclic_small_C02:node:node_0024,37938,37928,same_edge_reverse_view,S08_3d_loop_rich_C04:node:node_0032,124593,0.012772985499426383,5
fit,S04,junction,3,S04_3d_unicyclic_small_C02:node:node_0038,38114,38193,different_physical_edge,S08_3d_loop_rich_C06:node:node_0092,131906,0.010081766244737953,5
fit,S04,terminal,1,S04_3d_unicyclic_small_C02:node:node_0046,38308,38302,same_edge_reverse_view,S07_flat_loop_rich_C03:node:node_0022,95281,0.020455027393984204,5
fit,S04,junction,3,S04_3d_unicyclic_small_C02:node:node_0060,38503,38519,different_physical_edge,S10_3d_complex_C05:node:node_0069,194196,0.05507803707735506,5
fit,S04,junction,3,S04_3d_unicyclic_small_C03:node:node_0000,38644,38690,different_physical_edge,S08_3d_loop_rich_C05:node:node_0028,127712,0.018847864736138857,5
fit,S04,terminal,1,S04_3d_unicyclic_small_C03:node:node_0005,38888,38902,same_edge_reverse_view,S08_3d_loop_rich_C02:node:node_0124,120928,0.011188904315160645,5
fit,S04,terminal,1,S04_3d_unicyclic_small_C03:node:node_0015,39321,39310,same_edge_reverse_view,S10_3d_complex_C01:node:node_0136,180741,0.006317050264624774,5
fit,S04,junction,3,S04_3d_unicyclic_small_C03:node:node_0019,38991,39264,different_physical_edge,S08_3d_loop_rich_C02:node:node_0072,119794,0.006387038194789626,5
fit,S04,junction,3,S04_3d_unicyclic_small_C03:node:node_0022,39332,39524,different_physical_edge,S08_3d_loop_rich_C06:node:node_0079,131764,0.017536823900344695,5
fit,S04,terminal,1,S04_3d_unicyclic_small_C03:node:node_0027,39462,39474,same_edge_reverse_view,S06_3d_branch_medium_C04:node:node_0084,76632,0.02015714640274725,5
fit,S04,junction,3,S04_3d_unicyclic_small_C03:node:node_0036,39564,39736,different_physical_edge,S06_3d_branch_medium_C04:node:node_0088,76808,0.017639952910591422,5
fit,S04,junction,3,S04_3d_unicyclic_small_C03:node:node_0045,39849,40102,different_physical_edge,S04_3d_unicyclic_small_C05:node:node_0012,41782,0.03539178426117224,5
fit,S04,terminal,1,S04_3d_unicyclic_small_C03:node:node_0053,40270,40284,same_edge_reverse_view,S04_3d_unicyclic_small_C06:node:node_0009,42907,0.02626014422516448,5
fit,S04,terminal,1,S04_3d_unicyclic_small_C03:node:node_0058,40362,40374,same_edge_reverse_view,S08_3d_loop_rich_C06:node:node_0088,132177,0.02346847884217589,5
fit,S04,terminal,1,S04_3d_unicyclic_small_C04:node:node_0009,40576,40570,same_edge_reverse_view,S03_flat_unicyclic_small_C01:node:node_0019,22995,0.007701390651215561,5
fit,S04,terminal,1,S04_3d_unicyclic_small_C04:node:node_0010,40528,40537,same_edge_reverse_view,S08_3d_loop_rich_C02:node:node_0017,118584,0.010421077373189768,5
fit,S04,junction,3,S04_3d_unicyclic_small_C04:node:node_0014,40586,40628,different_physical_edge,S09_flat_complex_C03:node:node_0143,154440,0.03569318968296133,5
fit,S04,terminal,1,S04_3d_unicyclic_small_C04:node:node_0026,40748,40757,same_edge_reverse_view,S09_flat_complex_C04:node:node_0092,157588,0.011207450508108683,5
fit,S04,junction,3,S04_3d_unicyclic_small_C04:node:node_0031,40870,40837,different_physical_edge,S02_3d_tree_small_C02:node:node_0022,12706,0.02230959593423251,5
fit,S04,junction,3,S04_3d_unicyclic_small_C04:node:node_0040,40986,41008,different_physical_edge,S05_flat_branch_medium_C06:node:node_0068,61292,0.01474614638504977,5
fit,S04,junction,3,S04_3d_unicyclic_small_C04:node:node_0042,40952,41080,different_physical_edge,S08_3d_loop_rich_C01:node:node_0019,114930,0.011280130555588148,5
fit,S04,junction,3,S04_3d_unicyclic_small_C04:node:node_0060,41452,41472,different_physical_edge,S04_3d_unicyclic_small_C06:node:node_0051,43766,0.04553791722132385,5
fit,S04,terminal,1,S04_3d_unicyclic_small_C04:node:node_0064,41593,41607,same_edge_reverse_view,S02_3d_tree_small_C03:node:node_0056,14992,0.017311767521501577,5
fit,S04,terminal,1,S04_3d_unicyclic_small_C05:node:node_0006,41746,41736,same_edge_reverse_view,S02_3d_tree_small_C04:node:node_0029,15332,0.007838163703625108,5
fit,S04,junction,3,S04_3d_unicyclic_small_C05:node:node_0012,41782,41821,different_physical_edge,S09_flat_complex_C05:node:node_0088,160751,0.018680199865158318,5
fit,S04,terminal,1,S04_3d_unicyclic_small_C05:node:node_0015,41846,41851,same_edge_reverse_view,S02_3d_tree_small_C06:node:node_0043,18448,0.009369814843347509,5
fit,S04,junction,3,S04_3d_unicyclic_small_C05:node:node_0017,41856,41890,different_physical_edge,S09_flat_complex_C05:node:node_0026,159144,0.013079975269888433,5
fit,S04,terminal,1,S04_3d_unicyclic_small_C05:node:node_0019,41950,41942,same_edge_reverse_view,S06_3d_branch_medium_C04:node:node_0084,76632,0.007751795215079938,5
fit,S04,terminal,1,S04_3d_unicyclic_small_C05:node:node_0029,42143,42143,singleton_circular_shift_augmentation,S07_flat_loop_rich_C06:node:node_0016,103724,0.013083306032350374,5
fit,S04,junction,3,S04_3d_unicyclic_small_C05:node:node_0031,42044,42132,different_physical_edge,S08_3d_loop_rich_C04:node:node_0087,125871,0.08426795309907248,5
fit,S04,junction,3,S04_3d_unicyclic_small_C05:node:node_0036,42149,42202,different_physical_edge,S06_3d_branch_medium_C04:node:node_0045,75628,0.012742413013966749,5
fit,S04,junction,3,S04_3d_unicyclic_small_C05:node:node_0038,42213,42330,different_physical_edge,S02_3d_tree_small_C03:node:node_0028,14242,0.01774529010143287,5
fit,S04,terminal,1,S04_3d_unicyclic_small_C05:node:node_0059,42698,42705,same_edge_reverse_view,S04_3d_unicyclic_small_C06:node:node_0031,43457,0.013781885063581066,5
fit,S04,terminal,1,S04_3d_unicyclic_small_C06:node:node_0000,42722,42712,same_edge_reverse_view,S03_flat_unicyclic_small_C03:node:node_0004,26212,0.006206963411418627,5
fit,S04,terminal,1,S04_3d_unicyclic_small_C06:node:node_0009,42907,42896,same_edge_reverse_view,S06_3d_branch_medium_C03:node:node_0031,72878,0.010466169453327085,5
fit,S04,junction,3,S04_3d_unicyclic_small_C06:node:node_0017,42954,43130,different_physical_edge,S05_flat_branch_medium_C05:node:node_0041,58592,0.008456676943238919,5
fit,S04,junction,3,S04_3d_unicyclic_small_C06:node:node_0030,43370,43420,different_physical_edge,S10_3d_complex_C04:node:node_0043,189462,0.030854726262052008,5
fit,S04,terminal,1,S04_3d_unicyclic_small_C06:node:node_0031,43457,43450,same_edge_reverse_view,S08_3d_loop_rich_C06:node:node_0006,130043,0.011009630485722842,5
fit,S04,junction,3,S04_3d_unicyclic_small_C06:node:node_0043,43384,43576,different_physical_edge,S09_flat_complex_C04:node:node_0114,157981,0.014956449562189568,5
fit,S04,junction,3,S04_3d_unicyclic_small_C06:node:node_0051,43766,43791,different_physical_edge,S10_3d_complex_C06:node:node_0130,199222,0.03373698060754698,5
fit,S04,terminal,1,S04_3d_unicyclic_small_C06:node:node_0062,44097,44098,same_identity_distinct_observation,S04_3d_unicyclic_small_C02:node:node_0000,37464,0.007642864517987309,5
fit,S04,junction,3,S04_3d_unicyclic_small_C06:node:node_0063,44036,44084,different_physical_edge,S10_3d_complex_C01:node:node_0097,179996,0.10561427474964453,5
selection,S04,terminal,1,S04_3d_unicyclic_small_C07:node:node_0000,44131,44120,same_edge_reverse_view,S06_3d_branch_medium_C08:node:node_0053,84987,0.02169991004369084,5
selection,S04,junction,3,S04_3d_unicyclic_small_C07:node:node_0007,44284,44306,different_physical_edge,S10_3d_complex_C08:node:node_0061,205823,0.019826377416478986,5
selection,S04,junction,3,S04_3d_unicyclic_small_C07:node:node_0010,44352,44402,different_physical_edge,S10_3d_complex_C08:node:node_0052,205578,0.02165112216336884,5
selection,S04,terminal,1,S04_3d_unicyclic_small_C07:node:node_0012,44299,44300,same_identity_distinct_observation,S08_3d_loop_rich_C08:node:node_0075,138586,0.0647257686214326,5
selection,S04,junction,3,S04_3d_unicyclic_small_C07:node:node_0031,44632,44646,different_physical_edge,S10_3d_complex_C07:node:node_0120,202932,0.0444950279076424,5
selection,S04,terminal,1,S04_3d_unicyclic_small_C07:node:node_0032,44792,44784,same_edge_reverse_view,S10_3d_complex_C08:node:node_0163,208198,0.016772268556820975,5
selection,S04,terminal,1,S04_3d_unicyclic_small_C07:node:node_0043,44985,44982,same_edge_reverse_view,S10_3d_complex_C07:node:node_0144,203421,0.017526157625170388,3
selection,S04,junction,3,S04_3d_unicyclic_small_C07:node:node_0049,45062,45085,different_physical_edge,S10_3d_complex_C07:node:node_0158,204042,0.02708885657557126,5
selection,S04,junction,3,S04_3d_unicyclic_small_C07:node:node_0058,45146,45162,different_physical_edge,S07_flat_loop_rich_C07:node:node_0053,107568,0.05536471488717285,5
selection,S04,junction,3,S04_3d_unicyclic_small_C08:node:node_0007,45490,45570,different_physical_edge,S03_flat_unicyclic_small_C08:node:node_0021,33528,0.01577749922055544,5
selection,S04,junction,3,S04_3d_unicyclic_small_C08:node:node_0019,45696,45804,different_physical_edge,S09_flat_complex_C07:node:node_0018,167040,0.020314956659426738,5
selection,S04,terminal,1,S04_3d_unicyclic_small_C08:node:node_0022,45725,45739,same_edge_reverse_view,S10_3d_complex_C07:node:node_0161,204130,0.015256094634316602,5
selection,S04,terminal,1,S04_3d_unicyclic_small_C08:node:node_0024,45898,45912,same_edge_reverse_view,S02_3d_tree_small_C08:node:node_0002,19892,0.015438856252247057,5
selection,S04,terminal,1,S04_3d_unicyclic_small_C08:node:node_0034,46288,46278,same_edge_reverse_view,S01_flat_tree_small_C07:node:node_0023,7663,0.012875191925972407,5
selection,S04,junction,3,S04_3d_unicyclic_small_C08:node:node_0039,46214,46298,different_physical_edge,S10_3d_complex_C07:node:node_0076,201692,0.041406834817461206,5
selection,S04,junction,3,S04_3d_unicyclic_small_C08:node:node_0048,46544,46565,different_physical_edge,S06_3d_branch_medium_C08:node:node_0076,85252,0.010509708007583461,5
selection,S04,terminal,1,S04_3d_unicyclic_small_C08:node:node_0057,46709,46704,same_edge_reverse_view,S01_flat_tree_small_C07:node:node_0023,7663,0.039566251325137705,5
fit,S05,terminal,1,S05_flat_branch_medium_C01:node:node_0005,48540,48532,same_edge_reverse_view,S09_flat_complex_C05:node:node_0065,160269,0.011658946940321045,5
fit,S05,junction,3,S05_flat_branch_medium_C01:node:node_0010,48602,48660,different_physical_edge,S07_flat_loop_rich_C02:node:node_0062,92719,0.006852066192225283,5
fit,S05,terminal,1,S05_flat_branch_medium_C01:node:node_0015,48616,48625,same_edge_reverse_view,S07_flat_loop_rich_C05:node:node_0027,101194,0.005898718597255596,5
fit,S05,terminal,1,S05_flat_branch_medium_C01:node:node_0034,48950,48958,same_edge_reverse_view,S09_flat_complex_C05:node:node_0039,159897,0.012256682666512517,5
fit,S05,junction,3,S05_flat_branch_medium_C01:node:node_0047,49170,49210,different_physical_edge,S05_flat_branch_medium_C01:node:node_0059,49575,0.006780226654487796,5
fit,S05,terminal,1,S05_flat_branch_medium_C01:node:node_0050,49292,49306,same_edge_reverse_view,S07_flat_loop_rich_C01:node:node_0057,89090,0.005713653667891039,5
fit,S05,junction,3,S05_flat_branch_medium_C01:node:node_0059,49575,49660,different_physical_edge,S09_flat_complex_C01:node:node_0123,147115,0.00632260750286001,5
fit,S05,terminal,1,S05_flat_branch_medium_C01:node:node_0060,49722,49692,same_edge_reverse_view,S07_flat_loop_rich_C01:node:node_0057,89090,0.004018490153287131,5
fit,S05,junction,4,S05_flat_branch_medium_C01:node:node_0070,49882,50019,different_physical_edge,S08_3d_loop_rich_C01:node:node_0090,116792,0.06384092888233676,5
fit,S05,junction,3,S05_flat_branch_medium_C01:node:node_0071,49919,49952,different_physical_edge,S07_flat_loop_rich_C03:node:node_0028,95368,0.00728421582327837,5
fit,S05,terminal,1,S05_flat_branch_medium_C01:node:node_0087,50557,50571,same_edge_reverse_view,S07_flat_loop_rich_C05:node:node_0039,101508,0.005929504826546715,5
fit,S05,terminal,1,S05_flat_branch_medium_C02:node:node_0000,50608,50594,same_edge_reverse_view,S09_flat_complex_C02:node:node_0064,149397,0.00806539089464072,5
fit,S05,terminal,1,S05_flat_branch_medium_C02:node:node_0010,50856,50828,same_edge_reverse_view,S09_flat_complex_C03:node:node_0025,151958,0.0059514633369721496,5
fit,S05,junction,3,S05_flat_branch_medium_C02:node:node_0023,51114,51142,different_physical_edge,S07_flat_loop_rich_C05:node:node_0057,101892,0.010724012737013467,5
fit,S05,junction,3,S05_flat_branch_medium_C02:node:node_0034,51313,51560,different_physical_edge,S07_flat_loop_rich_C01:node:node_0072,89702,0.01113969716332816,5
fit,S05,junction,3,S05_flat_branch_medium_C02:node:node_0043,51662,51692,different_physical_edge,S07_flat_loop_rich_C02:node:node_0021,91684,0.005015773775078827,5
fit,S05,terminal,1,S05_flat_branch_medium_C02:node:node_0062,52074,52084,same_edge_reverse_view,S09_flat_complex_C03:node:node_0044,152412,0.010375965294450463,5
fit,S05,terminal,1,S05_flat_branch_medium_C02:node:node_0071,52456,52428,same_edge_reverse_view,S03_flat_unicyclic_small_C06:node:node_0006,30969,0.0046616695676098266,5
fit,S05,junction,4,S05_flat_branch_medium_C02:node:node_0077,52362,52492,different_physical_edge,S07_flat_loop_rich_C05:node:node_0104,103035,0.02890893965794716,5
fit,S05,terminal,1,S05_flat_branch_medium_C02:node:node_0079,52642,52630,same_edge_reverse_view,S01_flat_tree_small_C03:node:node_0011,2614,0.008300985576114295,5
fit,S05,terminal,1,S05_flat_branch_medium_C02:node:node_0083,52599,52600,same_identity_distinct_observation,S05_flat_branch_medium_C04:node:node_0061,56925,0.0289460120341796,5
fit,S05,junction,3,S05_flat_branch_medium_C02:node:node_0094,52862,52882,different_physical_edge,S08_3d_loop_rich_C01:node:node_0032,115168,0.029399499441587797,5
fit,S05,terminal,1,S05_flat_branch_medium_C03:node:node_0006,53268,53238,same_edge_reverse_view,S09_flat_complex_C06:node:node_0153,166524,0.006506959265691715,5
fit,S05,terminal,1,S05_flat_branch_medium_C03:node:node_0009,53380,53370,same_edge_reverse_view,S09_flat_complex_C02:node:node_0081,149696,0.013591366044635303,5
fit,S05,junction,3,S05_flat_branch_medium_C03:node:node_0015,53457,53490,different_physical_edge,S05_flat_branch_medium_C03:node:node_0065,54625,0.00838579092782529,5
fit,S05,junction,3,S05_flat_branch_medium_C03:node:node_0026,53701,53752,different_physical_edge,S09_flat_complex_C01:node:node_0091,146055,0.006470236414610845,5
fit,S05,junction,4,S05_flat_branch_medium_C03:node:node_0036,53894,53984,different_physical_edge,S10_3d_complex_C06:node:node_0040,197544,0.015322046366162986,5
fit,S05,terminal,1,S05_flat_branch_medium_C03:node:node_0047,54369,54362,same_edge_reverse_view,S09_flat_complex_C04:node:node_0105,157848,0.006168148409725307,5
fit,S05,terminal,1,S05_flat_branch_medium_C03:node:node_0061,54493,54507,same_edge_reverse_view,S03_flat_unicyclic_small_C05:node:node_0026,29954,0.007583144526005807,5
fit,S05,junction,3,S05_flat_branch_medium_C03:node:node_0065,54625,54724,different_physical_edge,S07_flat_loop_rich_C01:node:node_0078,89802,0.006522713159935292,5
fit,S05,junction,3,S05_flat_branch_medium_C03:node:node_0079,54970,55001,different_physical_edge,S03_flat_unicyclic_small_C06:node:node_0044,31798,0.004869486495073903,5
fit,S05,terminal,1,S05_flat_branch_medium_C03:node:node_0089,55434,55412,same_edge_reverse_view,S07_flat_loop_rich_C01:node:node_0084,90263,0.009089429060791727,5
fit,S05,terminal,1,S05_flat_branch_medium_C03:node:node_0090,55311,55325,same_edge_reverse_view,S01_flat_tree_small_C03:node:node_0020,2897,0.005954705432672075,5
fit,S05,terminal,1,S05_flat_branch_medium_C04:node:node_0000,55488,55474,same_edge_reverse_view,S07_flat_loop_rich_C06:node:node_0093,105866,0.013051354464213334,5
fit,S05,junction,3,S05_flat_branch_medium_C04:node:node_0017,55932,55993,different_physical_edge,S07_flat_loop_rich_C03:node:node_0028,95368,0.00849287267619761,5
fit,S05,junction,3,S05_flat_branch_medium_C04:node:node_0023,56317,56262,different_physical_edge,S09_flat_complex_C03:node:node_0134,154292,0.0063487402960784745,5
fit,S05,terminal,1,S05_flat_branch_medium_C04:node:node_0032,56227,56241,same_edge_reverse_view,S07_flat_loop_rich_C04:node:node_0021,98148,0.0029632078626549213,5
fit,S05,terminal,1,S05_flat_branch_medium_C04:node:node_0037,56609,56596,same_edge_reverse_view,S03_flat_unicyclic_small_C02:node:node_0019,24764,0.004713439456741879,5
fit,S05,junction,3,S05_flat_branch_medium_C04:node:node_0043,56622,56724,different_physical_edge,S01_flat_tree_small_C02:node:node_0049,2150,0.021557943150808747,5
fit,S05,terminal,1,S05_flat_branch_medium_C04:node:node_0044,56688,56694,same_edge_reverse_view,S07_flat_loop_rich_C06:node:node_0080,105468,0.010620440150042307,5
fit,S05,junction,4,S05_flat_branch_medium_C04:node:node_0055,56737,56860,different_physical_edge,S07_flat_loop_rich_C05:node:node_0104,103035,0.01257741925969688,5
fit,S05,terminal,1,S05_flat_branch_medium_C04:node:node_0060,56943,56945,same_edge_reverse_view,S09_flat_complex_C05:node:node_0078,160671,0.0022592207283843677,2
fit,S05,terminal,1,S05_flat_branch_medium_C04:node:node_0061,56925,56931,same_edge_reverse_view,S05_flat_branch_medium_C02:node:node_0083,52599,0.0289460120341796,5
fit,S05,terminal,1,S05_flat_branch_medium_C04:node:node_0062,57044,57028,same_edge_reverse_view,S09_flat_complex_C02:node:node_0081,149696,0.00921708299088457,5
fit,S05,junction,3,S05_flat_branch_medium_C04:node:node_0068,57076,57106,different_physical_edge,S07_flat_loop_rich_C05:node:node_0057,101892,0.005892617489481486,5
fit,S05,junction,3,S05_flat_branch_medium_C04:node:node_0078,57331,57426,different_physical_edge,S09_flat_complex_C03:node:node_0152,154653,0.013969391607417501,5
fit,S05,terminal,1,S05_flat_branch_medium_C05:node:node_0005,57818,57788,same_edge_reverse_view,S03_flat_unicyclic_small_C03:node:node_0004,26212,0.006170027538627614,5
fit,S05,junction,3,S05_flat_branch_medium_C05:node:node_0009,57753,57939,different_physical_edge,S09_flat_complex_C06:node:node_0042,163932,0.00640831080176724,5
fit,S05,terminal,1,S05_flat_branch_medium_C05:node:node_0018,58144,58156,same_edge_reverse_view,S05_flat_branch_medium_C06:node:node_0051,61024,0.008173532815897454,5
fit,S05,junction,3,S05_flat_branch_medium_C05:node:node_0022,58122,58262,different_physical_edge,S07_flat_loop_rich_C03:node:node_0083,96638,0.006187188381818233,5
fit,S05,junction,3,S05_flat_branch_medium_C05:node:node_0028,58074,58354,different_physical_edge,S07_flat_loop_rich_C04:node:node_0060,98925,0.01611033581808759,5
fit,S05,junction,3,S05_flat_branch_medium_C05:node:node_0038,58524,58546,different_physical_edge,S09_flat_complex_C01:node:node_0156,147798,0.02584954976007848,5
fit,S05,junction,3,S05_flat_branch_medium_C05:node:node_0041,58592,58658,different_physical_edge,S09_flat_complex_C05:node:node_0038,159360,0.0037281499492421957,5
fit,S05,junction,3,S05_flat_branch_medium_C05:node:node_0059,58820,59006,different_physical_edge,S05_flat_branch_medium_C05:node:node_0062,58926,0.007353040314885674,5
fit,S05,junction,3,S05_flat_branch_medium_C05:node:node_0062,58926,59081,different_physical_edge,S03_flat_unicyclic_small_C03:node:node_0039,26992,0.0045561927849855745,5
fit,S05,terminal,1,S05_flat_branch_medium_C05:node:node_0069,59106,59113,same_edge_reverse_view,S07_flat_loop_rich_C02:node:node_0063,93041,0.0061725991290897675,5
fit,S05,terminal,1,S05_flat_branch_medium_C05:node:node_0074,59142,59154,same_edge_reverse_view,S03_flat_unicyclic_small_C01:node:node_0019,22995,0.005545985233759873,5
fit,S05,terminal,1,S05_flat_branch_medium_C05:node:node_0079,59314,59319,same_edge_reverse_view,S07_flat_loop_rich_C02:node:node_0076,93192,0.011333900489832177,5
fit,S05,terminal,1,S05_flat_branch_medium_C05:node:node_0085,59502,59516,same_edge_reverse_view,S07_flat_loop_rich_C05:node:node_0080,102478,0.005208078496360703,5
fit,S05,terminal,1,S05_flat_branch_medium_C06:node:node_0000,59562,59542,same_edge_reverse_view,S05_flat_branch_medium_C05:node:node_0005,57818,0.009272645354572681,5
fit,S05,terminal,1,S05_flat_branch_medium_C06:node:node_0003,59654,59628,same_edge_reverse_view,S01_flat_tree_small_C01:node:node_0038,803,0.011772010561493369,5
fit,S05,junction,3,S05_flat_branch_medium_C06:node:node_0005,59634,59713,different_physical_edge,S09_flat_complex_C04:node:node_0128,158220,0.010572419660924216,5
fit,S05,junction,3,S05_flat_branch_medium_C06:node:node_0011,59850,59876,different_physical_edge,S05_flat_branch_medium_C04:node:node_0078,57331,0.019909746937270018,5
fit,S05,junction,3,S05_flat_branch_medium_C06:node:node_0021,60148,60225,different_physical_edge,S03_flat_unicyclic_small_C04:node:node_0059,29306,0.007104315262475061,5
fit,S05,terminal,1,S05_flat_branch_medium_C06:node:node_0036,60660,60650,same_edge_reverse_view,S09_flat_complex_C03:node:node_0155,154824,0.016983274069806955,5
fit,S05,junction,3,S05_flat_branch_medium_C06:node:node_0045,60720,60820,different_physical_edge,S03_flat_unicyclic_small_C06:node:node_0032,31584,0.008820756039054013,5
fit,S05,terminal,1,S05_flat_branch_medium_C06:node:node_0051,61024,61006,same_edge_reverse_view,S05_flat_branch_medium_C05:node:node_0018,58144,0.008173532815897454,5
fit,S05,junction,3,S05_flat_branch_medium_C06:node:node_0066,61166,61249,different_physical_edge,S07_flat_loop_rich_C04:node:node_0101,100102,0.008504745549652916,5
fit,S05,junction,3,S05_flat_branch_medium_C06:node:node_0068,61292,61505,different_physical_edge,S07_flat_loop_rich_C03:node:node_0043,95834,0.00780846314116369,5
fit,S05,terminal,1,S05_flat_branch_medium_C06:node:node_0070,61387,61401,same_edge_reverse_view,S03_flat_unicyclic_small_C03:node:node_0006,26309,0.005568007067352822,5
fit,S05,terminal,1,S05_flat_branch_medium_C06:node:node_0074,61561,61575,same_edge_reverse_view,S09_flat_complex_C05:node:node_0055,160061,0.006256014989062285,5
fit,S05,junction,3,S05_flat_branch_medium_C06:node:node_0075,61599,61692,different_physical_edge,S10_3d_complex_C01:node:node_0107,180196,0.025727839440586098,5
fit,S05,terminal,1,S05_flat_branch_medium_C06:node:node_0083,62014,61990,same_edge_reverse_view,S01_flat_tree_small_C01:node:node_0030,628,0.004894282556989144,5
selection,S05,terminal,1,S05_flat_branch_medium_C07:node:node_0007,62542,62530,same_edge_reverse_view,S07_flat_loop_rich_C08:node:node_0097,111220,0.0031937683902547786,5
selection,S05,terminal,1,S05_flat_branch_medium_C07:node:node_0014,62700,62712,same_edge_reverse_view,S08_3d_loop_rich_C08:node:node_0087,138979,0.018233992789143973,5
selection,S05,junction,3,S05_flat_branch_medium_C07:node:node_0016,62665,62762,different_physical_edge,S07_flat_loop_rich_C08:node:node_0103,111384,0.002752396358020467,5
selection,S05,junction,3,S05_flat_branch_medium_C07:node:node_0022,62932,62956,different_physical_edge,S07_flat_loop_rich_C08:node:node_0083,111048,0.020607099609498008,5
selection,S05,terminal,1,S05_flat_branch_medium_C07:node:node_0052,63704,63678,same_edge_reverse_view,S05_flat_branch_medium_C08:node:node_0069,65732,0.007718835887326719,5
selection,S05,junction,3,S05_flat_branch_medium_C07:node:node_0054,63649,63719,different_physical_edge,S07_flat_loop_rich_C08:node:node_0011,109557,0.009390130115787652,5
selection,S05,terminal,1,S05_flat_branch_medium_C07:node:node_0058,63809,63806,same_edge_reverse_view,S09_flat_complex_C07:node:node_0049,168058,0.00903683862137144,3
selection,S05,junction,3,S05_flat_branch_medium_C07:node:node_0071,63958,63975,different_physical_edge,S07_flat_loop_rich_C07:node:node_0055,107842,0.026033708734526713,5
selection,S05,junction,3,S05_flat_branch_medium_C07:node:node_0088,64275,64304,different_physical_edge,S01_flat_tree_small_C07:node:node_0044,7946,0.024113669706916835,5
selection,S05,terminal,1,S05_flat_branch_medium_C07:node:node_0091,64344,64353,same_edge_reverse_view,S09_flat_complex_C08:node:node_0075,171983,0.013649698301812927,5
selection,S05,junction,3,S05_flat_branch_medium_C08:node:node_0000,64372,64395,different_physical_edge,S09_flat_complex_C08:node:node_0104,173188,0.0077759662860832825,5
selection,S05,terminal,1,S05_flat_branch_medium_C08:node:node_0009,64631,64620,same_edge_reverse_view,S07_flat_loop_rich_C07:node:node_0118,109286,0.007811985609026313,5
selection,S05,terminal,1,S05_flat_branch_medium_C08:node:node_0011,64532,64546,same_edge_reverse_view,S09_flat_complex_C08:node:node_0075,171983,0.010716743384631381,5
selection,S05,junction,3,S05_flat_branch_medium_C08:node:node_0048,65302,65413,different_physical_edge,S07_flat_loop_rich_C08:node:node_0019,109892,0.03097110637675464,5
selection,S05,junction,3,S05_flat_branch_medium_C08:node:node_0056,65318,65532,different_physical_edge,S05_flat_branch_medium_C08:node:node_0000,64372,0.013438802693263398,5
selection,S05,junction,3,S05_flat_branch_medium_C08:node:node_0062,65354,65668,different_physical_edge,S09_flat_complex_C08:node:node_0080,172514,0.005027933960969133,5
selection,S05,junction,3,S05_flat_branch_medium_C08:node:node_0066,65446,65618,different_physical_edge,S05_flat_branch_medium_C08:node:node_0080,66051,0.010970616722405263,5
selection,S05,terminal,1,S05_flat_branch_medium_C08:node:node_0069,65732,65737,same_edge_reverse_view,S05_flat_branch_medium_C07:node:node_0052,63704,0.007718835887326719,5
selection,S05,terminal,1,S05_flat_branch_medium_C08:node:node_0070,65707,65717,same_edge_reverse_view,S03_flat_unicyclic_small_C08:node:node_0055,34436,0.00853714928205267,5
selection,S05,junction,3,S05_flat_branch_medium_C08:node:node_0080,66051,66084,different_physical_edge,S05_flat_branch_medium_C08:node:node_0066,65446,0.010970616722405263,5
selection,S05,junction,3,S05_flat_branch_medium_C08:node:node_0084,66177,66241,different_physical_edge,S09_flat_complex_C08:node:node_0133,173904,0.007537343432058963,5
selection,S05,terminal,1,S05_flat_branch_medium_C08:node:node_0088,66426,66404,same_edge_reverse_view,S09_flat_complex_C08:node:node_0102,173219,0.006575347804654855,5
selection,S05,terminal,1,S05_flat_branch_medium_C08:node:node_0094,66569,66583,same_edge_reverse_view,S05_flat_branch_medium_C07:node:node_0052,63704,0.011912037189719196,5
selection,S05,terminal,1,S05_flat_branch_medium_C08:node:node_0098,66714,66726,same_edge_reverse_view,S07_flat_loop_rich_C07:node:node_0106,108976,0.004775391902573001,5
fit,S06,junction,3,S06_3d_branch_medium_C01:node:node_0002,68883,68956,different_physical_edge,S08_3d_loop_rich_C02:node:node_0028,118914,0.010877322910134452,5
fit,S06,terminal,1,S06_3d_branch_medium_C01:node:node_0011,69160,69166,same_edge_reverse_view,S10_3d_complex_C01:node:node_0056,179331,0.020746414137465526,5
fit,S06,terminal,1,S06_3d_branch_medium_C01:node:node_0014,69224,69218,same_edge_reverse_view,S02_3d_tree_small_C01:node:node_0021,11469,0.022546541213660367,5
fit,S06,junction,3,S06_3d_branch_medium_C01:node:node_0022,69262,69392,different_physical_edge,S10_3d_complex_C02:node:node_0106,183504,0.017600502080763508,5
fit,S06,terminal,1,S06_3d_branch_medium_C01:node:node_0029,69352,69364,same_edge_reverse_view,S10_3d_complex_C01:node:node_0000,178354,0.01605836359751431,5
fit,S06,junction,3,S06_3d_branch_medium_C01:node:node_0037,69454,69550,different_physical_edge,S08_3d_loop_rich_C02:node:node_0028,118914,0.01596007724246638,5
fit,S06,terminal,1,S06_3d_branch_medium_C01:node:node_0038,69600,69592,same_edge_reverse_view,S02_3d_tree_small_C01:node:node_0009,11127,0.005905689474475628,5
fit,S06,junction,3,S06_3d_branch_medium_C01:node:node_0052,69764,69858,different_physical_edge,S09_flat_complex_C03:node:node_0075,152990,0.03035157944010945,5
fit,S06,junction,3,S06_3d_branch_medium_C01:node:node_0060,69920,69981,different_physical_edge,S10_3d_complex_C05:node:node_0069,194196,0.03210634813414548,5
fit,S06,junction,3,S06_3d_branch_medium_C01:node:node_0069,70070,70100,different_physical_edge,S10_3d_complex_C03:node:node_0123,187622,0.031667072991203526,5
fit,S06,terminal,1,S06_3d_branch_medium_C01:node:node_0071,70092,70095,same_edge_reverse_view,S01_flat_tree_small_C05:node:node_0033,5728,0.006364980527493818,3
fit,S06,junction,3,S06_3d_branch_medium_C01:node:node_0074,70200,70262,different_physical_edge,S10_3d_complex_C03:node:node_0030,185890,0.024689647905740963,5
fit,S06,terminal,1,S06_3d_branch_medium_C01:node:node_0076,70157,70167,same_edge_reverse_view,S10_3d_complex_C05:node:node_0022,193345,0.026266661176456887,5
fit,S06,terminal,1,S06_3d_branch_medium_C01:node:node_0090,70467,70481,same_edge_reverse_view,S02_3d_tree_small_C03:node:node_0039,14634,0.009377660547024765,5
fit,S06,junction,3,S06_3d_branch_medium_C02:node:node_0001,70514,70557,different_physical_edge,S06_3d_branch_medium_C01:node:node_0069,70070,0.03211889925550041,5
fit,S06,terminal,1,S06_3d_branch_medium_C02:node:node_0012,70865,70854,same_edge_reverse_view,S10_3d_complex_C04:node:node_0049,189670,0.011401552501279485,5
fit,S06,junction,3,S06_3d_branch_medium_C02:node:node_0024,70878,71034,different_physical_edge,S06_3d_branch_medium_C05:node:node_0004,77340,0.028321049500026393,5
fit,S06,terminal,1,S06_3d_branch_medium_C02:node:node_0031,71377,71368,same_edge_reverse_view,S08_3d_loop_rich_C04:node:node_0091,126110,0.006599705139953711,5
fit,S06,terminal,1,S06_3d_branch_medium_C02:node:node_0052,71594,71603,same_edge_reverse_view,S08_3d_loop_rich_C06:node:node_0119,132856,0.00995857211883474,5
fit,S06,junction,3,S06_3d_branch_medium_C02:node:node_0061,71669,71792,different_physical_edge,S04_3d_unicyclic_small_C03:node:node_0022,39332,0.017646620591400434,5
fit,S06,junction,3,S06_3d_branch_medium_C02:node:node_0063,71902,72040,different_physical_edge,S02_3d_tree_small_C02:node:node_0011,12490,0.022453317552168867,5
fit,S06,terminal,1,S06_3d_branch_medium_C02:node:node_0064,72065,72054,same_edge_reverse_view,S08_3d_loop_rich_C03:node:node_0018,121639,0.011715332895418611,5
fit,S06,junction,3,S06_3d_branch_medium_C02:node:node_0069,71760,71995,different_physical_edge,S07_flat_loop_rich_C06:node:node_0070,104957,0.02384804073439592,5
fit,S06,terminal,1,S06_3d_branch_medium_C02:node:node_0079,72342,72322,same_edge_reverse_view,S10_3d_complex_C04:node:node_0031,189400,0.013328161697918969,5
fit,S06,terminal,1,S06_3d_branch_medium_C03:node:node_0007,72558,72548,same_edge_reverse_view,S02_3d_tree_small_C06:node:node_0003,17486,0.016266731813805488,5
fit,S06,junction,3,S06_3d_branch_medium_C03:node:node_0017,72576,72676,different_physical_edge,S06_3d_branch_medium_C03:node:node_0085,74047,0.02657029773715556,5
fit,S06,terminal,1,S06_3d_branch_medium_C03:node:node_0028,72936,72926,same_edge_reverse_view,S04_3d_unicyclic_small_C02:node:node_0002,37504,0.017400030476687586,5
fit,S06,terminal,1,S06_3d_branch_medium_C03:node:node_0031,72878,72883,same_edge_reverse_view,S04_3d_unicyclic_small_C06:node:node_0009,42907,0.010466169453327085,5
fit,S06,junction,3,S06_3d_branch_medium_C03:node:node_0040,73082,73146,different_physical_edge,S08_3d_loop_rich_C01:node:node_0018,114916,0.01832685120205593,5
fit,S06,junction,3,S06_3d_branch_medium_C03:node:node_0050,73246,73326,different_physical_edge,S07_flat_loop_rich_C06:node:node_0110,106171,0.03299790933401146,5
fit,S06,terminal,1,S06_3d_branch_medium_C03:node:node_0053,73268,73280,same_edge_reverse_view,S02_3d_tree_small_C03:node:node_0000,13407,0.013018120012126693,5
fit,S06,terminal,1,S06_3d_branch_medium_C03:node:node_0054,73501,73492,same_edge_reverse_view,S01_flat_tree_small_C02:node:node_0046,2056,0.008326028863732016,5
fit,S06,terminal,1,S06_3d_branch_medium_C03:node:node_0059,73403,73417,same_edge_reverse_view,S07_flat_loop_rich_C04:node:node_0007,97566,0.01194410314020543,5
fit,S06,junction,3,S06_3d_branch_medium_C03:node:node_0062,73510,73561,different_physical_edge,S02_3d_tree_small_C05:node:node_0021,16394,0.022176934098586436,5
fit,S06,junction,3,S06_3d_branch_medium_C03:node:node_0069,73754,73776,different_physical_edge,S08_3d_loop_rich_C05:node:node_0128,129639,0.021195915815436922,5
fit,S06,junction,3,S06_3d_branch_medium_C03:node:node_0079,73988,74010,different_physical_edge,S02_3d_tree_small_C03:node:node_0022,14018,0.015301710877551137,5
fit,S06,junction,3,S06_3d_branch_medium_C03:node:node_0085,74047,74122,different_physical_edge,S08_3d_loop_rich_C01:node:node_0019,114930,0.011176602218719358,5
fit,S06,terminal,1,S06_3d_branch_medium_C03:node:node_0087,74181,74195,same_edge_reverse_view,S06_3d_branch_medium_C03:node:node_0059,73403,0.01222898307920063,5
fit,S06,terminal,1,S06_3d_branch_medium_C04:node:node_0000,74228,74210,same_edge_reverse_view,S10_3d_complex_C05:node:node_0114,195540,0.021615282086514104,5
fit,S06,terminal,1,S06_3d_branch_medium_C04:node:node_0003,74360,74332,same_edge_reverse_view,S06_3d_branch_medium_C02:node:node_0031,71377,0.010796277705279985,5
fit,S06,junction,3,S06_3d_branch_medium_C04:node:node_0017,74670,74856,different_physical_edge,S06_3d_branch_medium_C06:node:node_0056,80642,0.01907940858535206,5
fit,S06,junction,3,S06_3d_branch_medium_C04:node:node_0035,75326,75432,different_physical_edge,S10_3d_complex_C06:node:node_0021,197259,0.016990962951341965,5
fit,S06,junction,3,S06_3d_branch_medium_C04:node:node_0045,75628,75696,different_physical_edge,S04_3d_unicyclic_small_C05:node:node_0036,42149,0.012742413013966749,5
fit,S06,terminal,1,S06_3d_branch_medium_C04:node:node_0053,75960,75950,same_edge_reverse_view,S02_3d_tree_small_C05:node:node_0041,16842,0.009285792630455144,5
fit,S06,terminal,1,S06_3d_branch_medium_C04:node:node_0055,75970,75981,same_edge_reverse_view,S06_3d_branch_medium_C05:node:node_0014,77696,0.009478153265466353,5
fit,S06,terminal,1,S06_3d_branch_medium_C04:node:node_0084,76632,76646,same_edge_reverse_view,S04_3d_unicyclic_small_C05:node:node_0019,41950,0.007751795215079938,5
fit,S06,junction,3,S06_3d_branch_medium_C04:node:node_0086,76849,76879,different_physical_edge,S02_3d_tree_small_C05:node:node_0031,16606,0.01580599620342591,5
fit,S06,junction,3,S06_3d_branch_medium_C04:node:node_0088,76808,77015,different_physical_edge,S04_3d_unicyclic_small_C03:node:node_0036,39564,0.017639952910591422,5
fit,S06,junction,3,S06_3d_branch_medium_C05:node:node_0004,77340,77370,different_physical_edge,S06_3d_branch_medium_C02:node:node_0024,70878,0.028321049500026393,5
fit,S06,terminal,1,S06_3d_branch_medium_C05:node:node_0005,77310,77324,same_edge_reverse_view,S10_3d_complex_C06:node:node_0115,198948,0.014096040830417732,5
fit,S06,junction,3,S06_3d_branch_medium_C05:node:node_0009,77476,77515,different_physical_edge,S06_3d_branch_medium_C05:node:node_0073,78865,0.010196922527417591,5
fit,S06,terminal,1,S06_3d_branch_medium_C05:node:node_0014,77696,77664,same_edge_reverse_view,S06_3d_branch_medium_C04:node:node_0055,75970,0.009478153265466353,5
fit,S06,junction,3,S06_3d_branch_medium_C05:node:node_0034,78156,78248,different_physical_edge,S07_flat_loop_rich_C02:node:node_0014,91472,0.007281696532681644,5
fit,S06,junction,4,S06_3d_branch_medium_C05:node:node_0040,78112,78208,different_physical_edge,S10_3d_complex_C06:node:node_0106,198742,0.06966002555184342,5
fit,S06,terminal,1,S06_3d_branch_medium_C05:node:node_0043,78294,78303,same_edge_reverse_view,S10_3d_complex_C01:node:node_0042,178858,0.006904502247566288,5
fit,S06,terminal,1,S06_3d_branch_medium_C05:node:node_0047,78506,78500,same_edge_reverse_view,S06_3d_branch_medium_C01:node:node_0011,69160,0.025714531650688557,5
fit,S06,junction,3,S06_3d_branch_medium_C05:node:node_0073,78865,78894,different_physical_edge,S06_3d_branch_medium_C05:node:node_0009,77476,0.010196922527417591,5
fit,S06,terminal,1,S06_3d_branch_medium_C05:node:node_0075,79089,79076,same_edge_reverse_view,S08_3d_loop_rich_C06:node:node_0106,132488,0.010984419785079781,5
fit,S06,terminal,1,S06_3d_branch_medium_C05:node:node_0091,79390,79404,same_edge_reverse_view,S10_3d_complex_C03:node:node_0088,186972,0.01392780715370437,5
fit,S06,junction,3,S06_3d_branch_medium_C06:node:node_0025,79948,80140,different_physical_edge,S09_flat_complex_C05:node:node_0088,160751,0.01751082530957467,5
fit,S06,terminal,1,S06_3d_branch_medium_C06:node:node_0040,80398,80408,same_edge_reverse_view,S02_3d_tree_small_C06:node:node_0048,18481,0.00853806573191169,5
fit,S06,terminal,1,S06_3d_branch_medium_C06:node:node_0041,80473,80477,same_edge_reverse_view,S10_3d_complex_C01:node:node_0056,179331,0.024328409341667342,4
fit,S06,terminal,1,S06_3d_branch_medium_C06:node:node_0042,80547,80542,same_edge_reverse_view,S10_3d_complex_C06:node:node_0120,199186,0.01532156310752306,5
fit,S06,junction,4,S06_3d_branch_medium_C06:node:node_0054,80575,80738,different_physical_edge,S10_3d_complex_C03:node:node_0065,186725,0.05841970513513764,5
fit,S06,junction,3,S06_3d_branch_medium_C06:node:node_0056,80642,80931,different_physical_edge,S08_3d_loop_rich_C01:node:node_0056,115638,0.011001282863074656,5
fit,S06,terminal,1,S06_3d_branch_medium_C06:node:node_0074,81320,81302,same_edge_reverse_view,S10_3d_complex_C03:node:node_0077,186852,0.012524657325161562,5
fit,S06,terminal,1,S06_3d_branch_medium_C06:node:node_0088,81626,81594,same_edge_reverse_view,S08_3d_loop_rich_C02:node:node_0126,121210,0.012532405216625185,5
fit,S06,junction,3,S06_3d_branch_medium_C06:node:node_0098,81762,81782,different_physical_edge,S04_3d_unicyclic_small_C04:node:node_0014,40586,0.10564687289465828,5
selection,S06,terminal,1,S06_3d_branch_medium_C07:node:node_0001,81927,81916,same_edge_reverse_view,S06_3d_branch_medium_C08:node:node_0019,84027,0.021651212126353927,5
selection,S06,junction,3,S06_3d_branch_medium_C07:node:node_0014,82028,82094,different_physical_edge,S10_3d_complex_C07:node:node_0158,204042,0.01828142554225346,5
selection,S06,terminal,1,S06_3d_branch_medium_C07:node:node_0020,82126,82133,same_edge_reverse_view,S10_3d_complex_C07:node:node_0129,203276,0.030102583214087465,5
selection,S06,junction,4,S06_3d_branch_medium_C07:node:node_0058,82864,82904,different_physical_edge,S08_3d_loop_rich_C08:node:node_0106,138700,0.031563368404563995,5
selection,S06,junction,3,S06_3d_branch_medium_C07:node:node_0065,82982,83090,different_physical_edge,S06_3d_branch_medium_C07:node:node_0080,83428,0.04432560587607926,5
selection,S06,terminal,1,S06_3d_branch_medium_C07:node:node_0073,83211,83225,same_edge_reverse_view,S06_3d_branch_medium_C08:node:node_0019,84027,0.031148428843239484,5
selection,S06,junction,3,S06_3d_branch_medium_C07:node:node_0080,83428,83464,different_physical_edge,S06_3d_branch_medium_C07:node:node_0065,82982,0.04432560587607926,5
selection,S06,terminal,1,S06_3d_branch_medium_C07:node:node_0082,83480,83491,same_edge_reverse_view,S02_3d_tree_small_C08:node:node_0043,20852,0.02232182594032448,5
selection,S06,terminal,1,S06_3d_branch_medium_C07:node:node_0085,83550,83561,same_edge_reverse_view,S10_3d_complex_C07:node:node_0144,203421,0.013028661887589308,5
selection,S06,junction,3,S06_3d_branch_medium_C08:node:node_0006,83690,83738,different_physical_edge,S08_3d_loop_rich_C08:node:node_0039,137412,0.029342395352995092,5
selection,S06,junction,3,S06_3d_branch_medium_C08:node:node_0013,83814,83880,different_physical_edge,S06_3d_branch_medium_C08:node:node_0018,83852,0.026794728189487024,5
selection,S06,junction,3,S06_3d_branch_medium_C08:node:node_0018,83852,83966,different_physical_edge,S10_3d_complex_C07:node:node_0055,201430,0.009915294558599895,5
selection,S06,terminal,1,S06_3d_branch_medium_C08:node:node_0019,84027,84016,same_edge_reverse_view,S06_3d_branch_medium_C07:node:node_0001,81927,0.021651212126353927,5
selection,S06,terminal,1,S06_3d_branch_medium_C08:node:node_0028,84203,84192,same_edge_reverse_view,S02_3d_tree_small_C08:node:node_0036,20693,0.008923868172745687,5
selection,S06,junction,3,S06_3d_branch_medium_C08:node:node_0029,84158,84240,different_physical_edge,S08_3d_loop_rich_C08:node:node_0085,138469,0.0824067202431258,5
selection,S06,terminal,1,S06_3d_branch_medium_C08:node:node_0036,84444,84416,same_edge_reverse_view,S02_3d_tree_small_C08:node:node_0048,21092,0.017215487786083727,5
selection,S06,terminal,1,S06_3d_branch_medium_C08:node:node_0042,84670,84644,same_edge_reverse_view,S10_3d_complex_C07:node:node_0147,203625,0.013578790017788427,5
selection,S06,junction,3,S06_3d_branch_medium_C08:node:node_0044,84423,84738,different_physical_edge,S10_3d_complex_C08:node:node_0052,205578,0.015747443788990397,5
selection,S06,terminal,1,S06_3d_branch_medium_C08:node:node_0053,84987,84974,same_edge_reverse_view,S04_3d_unicyclic_small_C07:node:node_0000,44131,0.02169991004369084,5
selection,S06,terminal,1,S06_3d_branch_medium_C08:node:node_0060,85147,85136,same_edge_reverse_view,S10_3d_complex_C08:node:node_0047,205522,0.029365332467777196,5
selection,S06,terminal,1,S06_3d_branch_medium_C08:node:node_0062,84869,84883,same_edge_reverse_view,S08_3d_loop_rich_C08:node:node_0051,137880,0.012791076776702569,5
selection,S06,junction,3,S06_3d_branch_medium_C08:node:node_0076,85252,85340,different_physical_edge,S10_3d_complex_C07:node:node_0141,203589,0.009338687220892495,5
selection,S06,junction,3,S06_3d_branch_medium_C08:node:node_0078,85163,85506,different_physical_edge,S08_3d_loop_rich_C08:node:node_0037,137359,0.015467780431050921,5
fit,S07,terminal,1,S07_flat_loop_rich_C01:node:node_0000,87842,87828,same_edge_reverse_view,S09_flat_complex_C01:node:node_0086,146001,0.002373681991896639,5
fit,S07,junction,3,S07_flat_loop_rich_C01:node:node_0005,87963,88006,different_physical_edge,S07_flat_loop_rich_C04:node:node_0107,100299,0.005972545955889886,5
fit,S07,terminal,1,S07_flat_loop_rich_C01:node:node_0009,88150,88142,same_edge_reverse_view,S05_flat_branch_medium_C02:node:node_0010,50856,0.006331640060518262,5
fit,S07,junction,3,S07_flat_loop_rich_C01:node:node_0026,88415,88511,different_physical_edge,S07_flat_loop_rich_C01:node:node_0039,88667,0.00498180187024269,5
fit,S07,junction,3,S07_flat_loop_rich_C01:node:node_0039,88667,88797,different_physical_edge,S07_flat_loop_rich_C01:node:node_0026,88415,0.00498180187024269,5
fit,S07,junction,3,S07_flat_loop_rich_C01:node:node_0040,88756,88816,different_physical_edge,S07_flat_loop_rich_C06:node:node_0077,105105,0.01383157577164193,5
fit,S07,terminal,1,S07_flat_loop_rich_C01:node:node_0044,89006,88982,same_edge_reverse_view,S09_flat_complex_C01:node:node_0167,147866,0.01371302883000722,5
fit,S07,terminal,1,S07_flat_loop_rich_C01:node:node_0057,89090,89104,same_edge_reverse_view,S05_flat_branch_medium_C01:node:node_0060,49722,0.004018490153287131,5
fit,S07,junction,3,S07_flat_loop_rich_C01:node:node_0065,89502,89650,different_physical_edge,S09_flat_complex_C05:node:node_0026,159144,0.009197277062004945,5
fit,S07,terminal,1,S07_flat_loop_rich_C01:node:node_0066,89691,89684,same_edge_reverse_view,S09_flat_complex_C05:node:node_0095,161224,0.011847085639028728,5
fit,S07,junction,3,S07_flat_loop_rich_C01:node:node_0072,89702,89884,different_physical_edge,S05_flat_branch_medium_C04:node:node_0023,56317,0.00822152847657271,5
fit,S07,junction,3,S07_flat_loop_rich_C01:node:node_0078,89802,90032,different_physical_edge,S05_flat_branch_medium_C03:node:node_0065,54625,0.006522713159935292,5
fit,S07,junction,3,S07_flat_loop_rich_C01:node:node_0080,89831,90156,different_physical_edge,S07_flat_loop_rich_C01:node:node_0099,90373,0.006866042988380857,5
fit,S07,terminal,1,S07_flat_loop_rich_C01:node:node_0084,90263,90256,same_edge_reverse_view,S03_flat_unicyclic_small_C01:node:node_0031,23189,0.005954156739034922,5
fit,S07,terminal,1,S07_flat_loop_rich_C01:node:node_0092,90402,90415,same_edge_reverse_view,S07_flat_loop_rich_C05:node:node_0027,101194,0.00935335760900525,5
fit,S07,junction,3,S07_flat_loop_rich_C01:node:node_0099,90373,90559,different_physical_edge,S07_flat_loop_rich_C01:node:node_0080,89831,0.006866042988380857,5
fit,S07,junction,3,S07_flat_loop_rich_C01:node:node_0114,90862,90925,different_physical_edge,S09_flat_complex_C01:node:node_0164,147840,0.01439483119852221,5
fit,S07,terminal,1,S07_flat_loop_rich_C01:node:node_0130,91246,91230,same_edge_reverse_view,S09_flat_complex_C05:node:node_0055,160061,0.014114888150411896,5
fit,S07,junction,2,S07_flat_loop_rich_C02:node:node_0008,91376,91406,different_physical_edge,S09_flat_complex_C05:node:node_0128,162022,0.00834224212098278,5
fit,S07,junction,3,S07_flat_loop_rich_C02:node:node_0014,91472,91518,different_physical_edge,S05_flat_branch_medium_C05:node:node_0022,58122,0.006634036180548223,5
fit,S07,terminal,1,S07_flat_loop_rich_C02:node:node_0018,91578,91592,same_edge_reverse_view,S03_flat_unicyclic_small_C05:node:node_0026,29954,0.006198549068489824,5
fit,S07,junction,3,S07_flat_loop_rich_C02:node:node_0021,91684,91730,different_physical_edge,S05_flat_branch_medium_C02:node:node_0043,51662,0.005015773775078827,5
fit,S07,junction,3,S07_flat_loop_rich_C02:node:node_0024,91816,91854,different_physical_edge,S07_flat_loop_rich_C04:node:node_0060,98925,0.0049878124713015875,5
fit,S07,junction,3,S07_flat_loop_rich_C02:node:node_0032,92062,92134,different_physical_edge,S03_flat_unicyclic_small_C01:node:node_0042,23489,0.0013471288438638054,5
fit,S07,junction,4,S07_flat_loop_rich_C02:node:node_0046,92311,92368,different_physical_edge,S05_flat_branch_medium_C03:node:node_0036,53894,0.025949330468008996,5
fit,S07,junction,3,S07_flat_loop_rich_C02:node:node_0049,92382,92618,different_physical_edge,S07_flat_loop_rich_C06:node:node_0057,104779,0.014172188743411508,5
fit,S07,terminal,1,S07_flat_loop_rich_C02:node:node_0058,92886,92898,same_edge_reverse_view,S09_flat_complex_C05:node:node_0113,161755,0.003947023348260369,5
fit,S07,junction,3,S07_flat_loop_rich_C02:node:node_0062,92719,92781,different_physical_edge,S09_flat_complex_C01:node:node_0039,144319,0.005743359110276934,5
fit,S07,terminal,1,S07_flat_loop_rich_C02:node:node_0063,93041,93030,same_edge_reverse_view,S05_flat_branch_medium_C05:node:node_0069,59106,0.0061725991290897675,5
fit,S07,terminal,1,S07_flat_loop_rich_C02:node:node_0072,93248,93236,same_edge_reverse_view,S09_flat_complex_C05:node:node_0170,163283,0.004926521747787436,5
fit,S07,terminal,1,S07_flat_loop_rich_C02:node:node_0076,93192,93201,same_edge_reverse_view,S07_flat_loop_rich_C02:node:node_0063,93041,0.007501573368545124,5
fit,S07,terminal,1,S07_flat_loop_rich_C02:node:node_0078,93210,93223,same_edge_reverse_view,S07_flat_loop_rich_C04:node:node_0039,98603,0.01162309594490342,5
fit,S07,junction,3,S07_flat_loop_rich_C02:node:node_0086,93315,93486,different_physical_edge,S09_flat_complex_C02:node:node_0036,148752,0.005580322157991409,5
fit,S07,junction,3,S07_flat_loop_rich_C02:node:node_0093,93618,93692,different_physical_edge,S03_flat_unicyclic_small_C01:node:node_0038,23422,0.008211594656411659,5
fit,S07,junction,3,S07_flat_loop_rich_C02:node:node_0105,93823,93962,different_physical_edge,S07_flat_loop_rich_C04:node:node_0088,99672,0.0047600658682446124,5
fit,S07,junction,3,S07_flat_loop_rich_C02:node:node_0109,93783,94080,different_physical_edge,S09_flat_complex_C01:node:node_0083,145876,0.004427202582841537,5
fit,S07,terminal,1,S07_flat_loop_rich_C02:node:node_0120,93920,93933,same_edge_reverse_view,S03_flat_unicyclic_small_C01:node:node_0031,23189,0.006469861223705223,5
fit,S07,terminal,1,S07_flat_loop_rich_C02:node:node_0123,93981,93995,same_edge_reverse_view,S05_flat_branch_medium_C04:node:node_0061,56925,0.054744788796788235,5
fit,S07,junction,3,S07_flat_loop_rich_C02:node:node_0126,93852,94535,different_physical_edge,S09_flat_complex_C01:node:node_0114,146770,0.003480757748982877,5
fit,S07,terminal,1,S07_flat_loop_rich_C03:node:node_0021,95144,95157,same_edge_reverse_view,S09_flat_complex_C04:node:node_0028,155673,0.0046825325615175535,5
fit,S07,terminal,1,S07_flat_loop_rich_C03:node:node_0022,95281,95276,same_edge_reverse_view,S04_3d_unicyclic_small_C02:node:node_0046,38308,0.020455027393984204,5
fit,S07,junction,3,S07_flat_loop_rich_C03:node:node_0028,95368,95456,different_physical_edge,S05_flat_branch_medium_C01:node:node_0071,49919,0.00728421582327837,5
fit,S07,junction,3,S07_flat_loop_rich_C03:node:node_0043,95834,95902,different_physical_edge,S05_flat_branch_medium_C06:node:node_0068,61292,0.00780846314116369,5
fit,S07,terminal,1,S07_flat_loop_rich_C03:node:node_0047,96028,96020,same_edge_reverse_view,S05_flat_branch_medium_C01:node:node_0015,48616,0.01131695820771343,5
fit,S07,junction,3,S07_flat_loop_rich_C03:node:node_0052,96107,96134,different_physical_edge,S07_flat_loop_rich_C05:node:node_0028,101253,0.07155717405585332,5
fit,S07,terminal,1,S07_flat_loop_rich_C03:node:node_0057,96170,96178,same_edge_reverse_view,S07_flat_loop_rich_C03:node:node_0096,96930,0.0807825755193032,5
fit,S07,junction,3,S07_flat_loop_rich_C03:node:node_0059,96194,96214,different_physical_edge,S09_flat_complex_C03:node:node_0068,152764,0.022461608685176687,5
fit,S07,junction,3,S07_flat_loop_rich_C03:node:node_0066,96260,96274,different_physical_edge,S03_flat_unicyclic_small_C02:node:node_0032,25014,0.04408367154753929,5
fit,S07,junction,3,S07_flat_loop_rich_C03:node:node_0074,96488,96561,different_physical_edge,S03_flat_unicyclic_small_C01:node:node_0025,23021,0.004729932252215824,5
fit,S07,junction,3,S07_flat_loop_rich_C03:node:node_0083,96638,96732,different_physical_edge,S05_flat_branch_medium_C05:node:node_0022,58122,0.006187188381818233,5
fit,S07,junction,4,S07_flat_loop_rich_C03:node:node_0088,96602,96784,different_physical_edge,S05_flat_branch_medium_C01:node:node_0070,49882,0.10828169240291165,5
fit,S07,terminal,1,S07_flat_loop_rich_C03:node:node_0096,96930,96939,same_edge_reverse_view,S09_flat_complex_C01:node:node_0125,147081,0.040962753356316106,5
fit,S07,junction,3,S07_flat_loop_rich_C03:node:node_0097,96948,97013,different_physical_edge,S10_3d_complex_C05:node:node_0007,193087,0.028468412872133076,5
fit,S07,terminal,1,S07_flat_loop_rich_C03:node:node_0100,97007,97008,same_identity_distinct_observation,S05_flat_branch_medium_C01:node:node_0034,48950,0.07185462685063476,5
fit,S07,terminal,1,S07_flat_loop_rich_C03:node:node_0112,97260,97274,same_edge_reverse_view,S05_flat_branch_medium_C06:node:node_0036,60660,0.022917963107978986,5
fit,S07,terminal,1,S07_flat_loop_rich_C03:node:node_0114,97357,97350,same_edge_reverse_view,S03_flat_unicyclic_small_C02:node:node_0019,24764,0.008036387953127,5
fit,S07,terminal,1,S07_flat_loop_rich_C04:node:node_0007,97566,97580,same_edge_reverse_view,S07_flat_loop_rich_C04:node:node_0111,100570,0.007141866755674688,5
fit,S07,terminal,1,S07_flat_loop_rich_C04:node:node_0008,97702,97680,same_edge_reverse_view,S05_flat_branch_medium_C06:node:node_0070,61387,0.007308690255769923,5
fit,S07,junction,3,S07_flat_loop_rich_C04:node:node_0010,97684,97792,different_physical_edge,S09_flat_complex_C03:node:node_0152,154653,0.00347046014153903,5
fit,S07,terminal,1,S07_flat_loop_rich_C04:node:node_0021,98148,98138,same_edge_reverse_view,S05_flat_branch_medium_C04:node:node_0032,56227,0.0029632078626549213,5
fit,S07,terminal,1,S07_flat_loop_rich_C04:node:node_0024,98238,98216,same_edge_reverse_view,S05_flat_branch_medium_C02:node:node_0010,50856,0.010237315446534912,5
fit,S07,terminal,1,S07_flat_loop_rich_C04:node:node_0029,98379,98372,same_edge_reverse_view,S09_flat_complex_C01:node:node_0012,143602,0.005854948902218395,5
fit,S07,junction,3,S07_flat_loop_rich_C04:node:node_0033,98298,98408,different_physical_edge,S07_flat_loop_rich_C02:node:node_0014,91472,0.006912520809005227,5
fit,S07,terminal,1,S07_flat_loop_rich_C04:node:node_0039,98603,98617,same_edge_reverse_view,S01_flat_tree_small_C04:node:node_0023,4247,0.005316803821311162,5
fit,S07,junction,3,S07_flat_loop_rich_C04:node:node_0040,98386,98498,different_physical_edge,S09_flat_complex_C01:node:node_0156,147798,0.019636433697353843,5
fit,S07,terminal,1,S07_flat_loop_rich_C04:node:node_0042,98699,98695,same_edge_reverse_view,S03_flat_unicyclic_small_C01:node:node_0062,24205,0.012038188365209063,4
fit,S07,junction,3,S07_flat_loop_rich_C04:node:node_0046,98447,98783,different_physical_edge,S07_flat_loop_rich_C03:node:node_0074,96488,0.004876185455843626,5
fit,S07,junction,3,S07_flat_loop_rich_C04:node:node_0060,98925,99124,different_physical_edge,S07_flat_loop_rich_C02:node:node_0109,93783,0.0049570605468285,5
fit,S07,junction,3,S07_flat_loop_rich_C04:node:node_0062,99044,99193,different_physical_edge,S03_flat_unicyclic_small_C01:node:node_0032,23230,0.01433017243960064,5
fit,S07,junction,3,S07_flat_loop_rich_C04:node:node_0068,99020,99296,different_physical_edge,S07_flat_loop_rich_C02:node:node_0126,93852,0.004861670497905343,5
fit,S07,junction,3,S07_flat_loop_rich_C04:node:node_0083,99514,99626,different_physical_edge,S10_3d_complex_C06:node:node_0128,199200,0.053315794350540416,5
fit,S07,junction,3,S07_flat_loop_rich_C04:node:node_0088,99672,99810,different_physical_edge,S07_flat_loop_rich_C02:node:node_0105,93823,0.0047600658682446124,5
fit,S07,junction,3,S07_flat_loop_rich_C04:node:node_0101,100102,100163,different_physical_edge,S05_flat_branch_medium_C03:node:node_0026,53701,0.007231148970594525,5
fit,S07,junction,3,S07_flat_loop_rich_C04:node:node_0107,100299,100354,different_physical_edge,S07_flat_loop_rich_C02:node:node_0109,93783,0.005425279917118182,5
fit,S07,terminal,1,S07_flat_loop_rich_C04:node:node_0111,100570,100552,same_edge_reverse_view,S07_flat_loop_rich_C05:node:node_0080,102478,0.0031242185724415263,5
fit,S07,junction,4,S07_flat_loop_rich_C04:node:node_0117,100590,100694,different_physical_edge,S09_flat_complex_C01:node:node_0120,146966,0.015326000719770224,5
fit,S07,terminal,1,S07_flat_loop_rich_C04:node:node_0118,100767,100781,same_edge_reverse_view,S05_flat_branch_medium_C05:node:node_0005,57818,0.007292849166800966,5
fit,S07,terminal,1,S07_flat_loop_rich_C05:node:node_0000,100806,100798,same_edge_reverse_view,S02_3d_tree_small_C02:node:node_0042,13198,0.008433738917397344,5
fit,S07,junction,4,S07_flat_loop_rich_C05:node:node_0015,101000,101080,different_physical_edge,S08_3d_loop_rich_C05:node:node_0086,128832,0.07771297231585224,5
fit,S07,terminal,1,S07_flat_loop_rich_C05:node:node_0027,101194,101203,same_edge_reverse_view,S05_flat_branch_medium_C01:node:node_0015,48616,0.005898718597255596,5
fit,S07,junction,3,S07_flat_loop_rich_C05:node:node_0028,101253,101274,different_physical_edge,S07_flat_loop_rich_C03:node:node_0066,96260,0.046032373348720186,5
fit,S07,terminal,1,S07_flat_loop_rich_C05:node:node_0039,101508,101486,same_edge_reverse_view,S09_flat_complex_C05:node:node_0055,160061,0.0055789758255451,5
fit,S07,junction,3,S07_flat_loop_rich_C05:node:node_0045,101572,101589,different_physical_edge,S03_flat_unicyclic_small_C01:node:node_0032,23230,0.012793842046417304,5
fit,S07,terminal,1,S07_flat_loop_rich_C05:node:node_0047,101618,101624,same_edge_reverse_view,S09_flat_complex_C05:node:node_0170,163283,0.0025924443277442182,5
fit,S07,junction,3,S07_flat_loop_rich_C05:node:node_0057,101892,101967,different_physical_edge,S05_flat_branch_medium_C04:node:node_0068,57076,0.005892617489481486,5
fit,S07,terminal,1,S07_flat_loop_rich_C05:node:node_0060,101996,102007,same_edge_reverse_view,S09_flat_complex_C05:node:node_0113,161755,0.0021188078337750138,5
fit,S07,junction,3,S07_flat_loop_rich_C05:node:node_0068,102222,102320,different_physical_edge,S03_flat_unicyclic_small_C01:node:node_0042,23489,0.007062033104896256,5
fit,S07,junction,3,S07_flat_loop_rich_C05:node:node_0070,102105,102282,different_physical_edge,S09_flat_complex_C05:node:node_0037,159563,0.0047828397370937295,5
fit,S07,terminal,1,S07_flat_loop_rich_C05:node:node_0080,102478,102490,same_edge_reverse_view,S07_flat_loop_rich_C04:node:node_0111,100570,0.0031242185724415263,5
fit,S07,junction,3,S07_flat_loop_rich_C05:node:node_0085,102603,102708,different_physical_edge,S09_flat_complex_C05:node:node_0018,159046,0.005525939294041667,5
fit,S07,terminal,1,S07_flat_loop_rich_C05:node:node_0095,102966,102946,same_edge_reverse_view,S05_flat_branch_medium_C02:node:node_0083,52599,0.038516387741231325,5
fit,S07,junction,3,S07_flat_loop_rich_C05:node:node_0101,102949,102980,different_physical_edge,S03_flat_unicyclic_small_C05:node:node_0023,29793,0.0034941525774117013,5
fit,S07,junction,4,S07_flat_loop_rich_C05:node:node_0104,103035,103122,different_physical_edge,S05_flat_branch_medium_C04:node:node_0055,56737,0.01257741925969688,5
fit,S07,terminal,1,S07_flat_loop_rich_C05:node:node_0108,103266,103269,same_edge_reverse_view,S02_3d_tree_small_C02:node:node_0042,13198,0.007812205990878389,3
fit,S07,terminal,1,S07_flat_loop_rich_C05:node:node_0122,103567,103581,same_edge_reverse_view,S03_flat_unicyclic_small_C03:node:node_0004,26212,0.00536440379789887,5
fit,S07,junction,3,S07_flat_loop_rich_C06:node:node_0012,103712,103748,different_physical_edge,S04_3d_unicyclic_small_C04:node:node_0014,40586,0.05013846949037834,5
fit,S07,terminal,1,S07_flat_loop_rich_C06:node:node_0016,103724,103729,same_edge_reverse_view,S01_flat_tree_small_C02:node:node_0000,1266,0.012588255151557277,5
fit,S07,terminal,1,S07_flat_loop_rich_C06:node:node_0022,103949,103963,same_edge_reverse_view,S09_flat_complex_C05:node:node_0065,160269,0.003021038904077464,5
fit,S07,junction,3,S07_flat_loop_rich_C06:node:node_0023,103978,104007,different_physical_edge,S09_flat_complex_C04:node:node_0076,156964,0.018896458501063165,5
fit,S07,terminal,1,S07_flat_loop_rich_C06:node:node_0033,104299,104288,same_edge_reverse_view,S07_flat_loop_rich_C04:node:node_0008,97702,0.016515843844343417,5
fit,S07,junction,3,S07_flat_loop_rich_C06:node:node_0057,104779,104863,different_physical_edge,S07_flat_loop_rich_C02:node:node_0049,92382,0.014172188743411508,5
fit,S07,junction,3,S07_flat_loop_rich_C06:node:node_0069,105006,105254,different_physical_edge,S09_flat_complex_C05:node:node_0011,158900,0.032226384665986915,5
fit,S07,junction,3,S07_flat_loop_rich_C06:node:node_0070,104957,105127,different_physical_edge,S06_3d_branch_medium_C06:node:node_0025,79948,0.023594358518129965,5
fit,S07,junction,3,S07_flat_loop_rich_C06:node:node_0073,105048,105326,different_physical_edge,S09_flat_complex_C03:node:node_0043,152276,0.01905092351441756,5
fit,S07,junction,3,S07_flat_loop_rich_C06:node:node_0077,105105,105162,different_physical_edge,S07_flat_loop_rich_C01:node:node_0040,88756,0.01383157577164193,5
fit,S07,terminal,1,S07_flat_loop_rich_C06:node:node_0080,105468,105478,same_edge_reverse_view,S09_flat_complex_C03:node:node_0114,153825,0.010341480068981055,5
fit,S07,junction,3,S07_flat_loop_rich_C06:node:node_0086,105550,105628,different_physical_edge,S09_flat_complex_C05:node:node_0018,159046,0.005078085267302442,5
fit,S07,terminal,1,S07_flat_loop_rich_C06:node:node_0093,105866,105856,same_edge_reverse_view,S05_flat_branch_medium_C04:node:node_0000,55488,0.013051354464213334,5
fit,S07,terminal,1,S07_flat_loop_rich_C06:node:node_0097,105876,105884,same_edge_reverse_view,S07_flat_loop_rich_C04:node:node_0007,97566,0.0075641447556382985,5
fit,S07,junction,3,S07_flat_loop_rich_C06:node:node_0099,105754,105892,different_physical_edge,S01_flat_tree_small_C04:node:node_0010,4078,0.007214345272335717,5
fit,S07,junction,3,S07_flat_loop_rich_C06:node:node_0110,106171,106272,different_physical_edge,S09_flat_complex_C04:node:node_0015,155370,0.030152599385910594,5
fit,S07,terminal,1,S07_flat_loop_rich_C06:node:node_0115,106367,106381,same_edge_reverse_view,S01_flat_tree_small_C05:node:node_0004,4950,0.008911096050899875,5
fit,S07,terminal,1,S07_flat_loop_rich_C06:node:node_0117,106406,106420,same_edge_reverse_view,S09_flat_complex_C02:node:node_0029,148675,0.005929899469196554,5
selection,S07,terminal,1,S07_flat_loop_rich_C07:node:node_0000,106636,106624,same_edge_reverse_view,S09_flat_complex_C07:node:node_0049,168058,0.004565069238309133,5
selection,S07,terminal,1,S07_flat_loop_rich_C07:node:node_0004,106694,106701,same_edge_reverse_view,S07_flat_loop_rich_C08:node:node_0025,109969,0.011172859185153016,5
selection,S07,junction,3,S07_flat_loop_rich_C07:node:node_0010,106812,106874,different_physical_edge,S09_flat_complex_C08:node:node_0133,173904,0.007953772441299344,5
selection,S07,junction,3,S07_flat_loop_rich_C07:node:node_0023,107018,107146,different_physical_edge,S01_flat_tree_small_C07:node:node_0025,7570,0.00774358193350235,5
selection,S07,junction,3,S07_flat_loop_rich_C07:node:node_0032,107342,107428,different_physical_edge,S03_flat_unicyclic_small_C08:node:node_0021,33528,0.007905872134265702,5
selection,S07,terminal,1,S07_flat_loop_rich_C07:node:node_0041,107540,107543,same_edge_reverse_view,S05_flat_branch_medium_C08:node:node_0088,66426,0.009382823810907766,3
selection,S07,junction,3,S07_flat_loop_rich_C07:node:node_0053,107568,107645,different_physical_edge,S04_3d_unicyclic_small_C07:node:node_0058,45146,0.05536471488717285,5
selection,S07,junction,3,S07_flat_loop_rich_C07:node:node_0055,107842,107631,different_physical_edge,S05_flat_branch_medium_C07:node:node_0071,63958,0.026033708734526713,5
selection,S07,junction,3,S07_flat_loop_rich_C07:node:node_0075,108132,108173,different_physical_edge,S09_flat_complex_C07:node:node_0018,167040,0.04205609597320712,5
selection,S07,junction,3,S07_flat_loop_rich_C07:node:node_0078,107918,108242,different_physical_edge,S07_flat_loop_rich_C08:node:node_0069,110736,0.008744619990804663,5
selection,S07,junction,4,S07_flat_loop_rich_C07:node:node_0080,108092,108307,different_physical_edge,S08_3d_loop_rich_C08:node:node_0106,138700,0.049433844623733944,5
selection,S07,terminal,1,S07_flat_loop_rich_C07:node:node_0084,108026,108040,same_edge_reverse_view,S09_flat_complex_C08:node:node_0039,171404,0.005298712973655273,5
selection,S07,terminal,1,S07_flat_loop_rich_C07:node:node_0101,108710,108721,same_edge_reverse_view,S09_flat_complex_C07:node:node_0096,168996,0.010036504633800488,5
selection,S07,terminal,1,S07_flat_loop_rich_C07:node:node_0106,108976,108956,same_edge_reverse_view,S05_flat_branch_medium_C08:node:node_0098,66714,0.004775391902573001,5
selection,S07,junction,3,S07_flat_loop_rich_C07:node:node_0107,108741,108926,different_physical_edge,S10_3d_complex_C07:node:node_0000,200160,0.043939049822808676,5
selection,S07,junction,3,S07_flat_loop_rich_C07:node:node_0108,108898,109050,different_physical_edge,S09_flat_complex_C07:node:node_0026,167206,0.0031053074824063677,5
selection,S07,terminal,1,S07_flat_loop_rich_C07:node:node_0118,109286,109294,same_edge_reverse_view,S05_flat_branch_medium_C08:node:node_0009,64631,0.007811985609026313,5
selection,S07,junction,3,S07_flat_loop_rich_C08:node:node_0011,109557,109696,different_physical_edge,S05_flat_branch_medium_C08:node:node_0084,66177,0.007751303707798031,5
selection,S07,terminal,1,S07_flat_loop_rich_C08:node:node_0018,109924,109912,same_edge_reverse_view,S03_flat_unicyclic_small_C07:node:node_0010,32462,0.010027667550654675,5
selection,S07,junction,3,S07_flat_loop_rich_C08:node:node_0019,109892,109954,different_physical_edge,S05_flat_branch_medium_C08:node:node_0048,65302,0.03097110637675464,5
selection,S07,terminal,1,S07_flat_loop_rich_C08:node:node_0025,109969,109983,same_edge_reverse_view,S07_flat_loop_rich_C07:node:node_0004,106694,0.011172859185153016,5
selection,S07,terminal,1,S07_flat_loop_rich_C08:node:node_0028,110162,110150,same_edge_reverse_view,S09_flat_complex_C08:node:node_0064,172207,0.01029999637868695,5
selection,S07,junction,3,S07_flat_loop_rich_C08:node:node_0035,110242,110268,different_physical_edge,S07_flat_loop_rich_C08:node:node_0075,110763,0.010564214430224188,5
selection,S07,terminal,1,S07_flat_loop_rich_C08:node:node_0037,110303,110298,same_edge_reverse_view,S09_flat_complex_C08:node:node_0075,171983,0.005158786531607287,5
selection,S07,terminal,1,S07_flat_loop_rich_C08:node:node_0040,110361,110361,singleton_circular_shift_augmentation,S09_flat_complex_C07:node:node_0134,169962,0.006964631345332506,5
selection,S07,junction,4,S07_flat_loop_rich_C08:node:node_0043,110409,110444,different_physical_edge,S03_flat_unicyclic_small_C08:node:node_0047,34148,0.12250261204604368,5
selection,S07,junction,3,S07_flat_loop_rich_C08:node:node_0066,110716,110754,different_physical_edge,S01_flat_tree_small_C07:node:node_0044,7946,0.048945603167698463,5
selection,S07,junction,3,S07_flat_loop_rich_C08:node:node_0069,110736,110832,different_physical_edge,S07_flat_loop_rich_C07:node:node_0078,107918,0.008744619990804663,5
selection,S07,terminal,1,S07_flat_loop_rich_C08:node:node_0073,110865,110858,same_edge_reverse_view,S07_flat_loop_rich_C08:node:node_0040,110361,0.007230788111971642,5
selection,S07,junction,3,S07_flat_loop_rich_C08:node:node_0075,110763,110888,different_physical_edge,S07_flat_loop_rich_C08:node:node_0115,111653,0.007551390713223028,5
selection,S07,junction,3,S07_flat_loop_rich_C08:node:node_0083,111048,111063,different_physical_edge,S05_flat_branch_medium_C07:node:node_0022,62932,0.020607099609498008,5
selection,S07,terminal,1,S07_flat_loop_rich_C08:node:node_0097,111220,111228,same_edge_reverse_view,S05_flat_branch_medium_C07:node:node_0007,62542,0.0031937683902547786,5
selection,S07,junction,3,S07_flat_loop_rich_C08:node:node_0103,111384,111468,different_physical_edge,S05_flat_branch_medium_C07:node:node_0016,62665,0.002752396358020467,5
selection,S07,junction,3,S07_flat_loop_rich_C08:node:node_0115,111653,111722,different_physical_edge,S09_flat_complex_C07:node:node_0045,167807,0.005287632966582832,5
selection,S07,terminal,1,S07_flat_loop_rich_C08:node:node_0117,111776,111790,same_edge_reverse_view,S07_flat_loop_rich_C08:node:node_0122,111923,0.005499755362359094,5
selection,S07,terminal,1,S07_flat_loop_rich_C08:node:node_0122,111923,111937,same_edge_reverse_view,S07_flat_loop_rich_C08:node:node_0117,111776,0.005499755362359094,5
fit,S08,junction,3,S08_3d_loop_rich_C01:node:node_0018,114916,114979,different_physical_edge,S10_3d_complex_C03:node:node_0144,188246,0.007452946529413411,5
fit,S08,junction,3,S08_3d_loop_rich_C01:node:node_0019,114930,114946,different_physical_edge,S06_3d_branch_medium_C03:node:node_0085,74047,0.011176602218719358,5
fit,S08,terminal,1,S08_3d_loop_rich_C01:node:node_0020,114958,114965,same_edge_reverse_view,S08_3d_loop_rich_C05:node:node_0019,127648,0.014725109601497297,5
fit,S08,junction,3,S08_3d_loop_rich_C01:node:node_0032,115168,115189,different_physical_edge,S07_flat_loop_rich_C04:node:node_0062,99044,0.025039693138867183,5
fit,S08,terminal,1,S08_3d_loop_rich_C01:node:node_0042,115341,115355,same_edge_reverse_view,S08_3d_loop_rich_C01:node:node_0117,117380,0.016244672603387807,5
fit,S08,junction,3,S08_3d_loop_rich_C01:node:node_0056,115638,115818,different_physical_edge,S08_3d_loop_rich_C02:node:node_0072,119794,0.010620863183669624,5
fit,S08,junction,3,S08_3d_loop_rich_C01:node:node_0058,115740,115920,different_physical_edge,S01_flat_tree_small_C02:node:node_0029,1756,0.020952334648894844,5
fit,S08,terminal,1,S08_3d_loop_rich_C01:node:node_0075,116138,116152,same_edge_reverse_view,S10_3d_complex_C04:node:node_0001,188726,0.008226392782513005,5
fit,S08,junction,3,S08_3d_loop_rich_C01:node:node_0088,116588,116666,different_physical_edge,S10_3d_complex_C02:node:node_0058,182324,0.01320785780388543,5
fit,S08,junction,4,S08_3d_loop_rich_C01:node:node_0090,116792,116913,different_physical_edge,S05_flat_branch_medium_C01:node:node_0070,49882,0.06384092888233676,5
fit,S08,terminal,1,S08_3d_loop_rich_C01:node:node_0097,116827,116841,same_edge_reverse_view,S06_3d_branch_medium_C05:node:node_0075,79089,0.01465041379819234,5
fit,S08,terminal,1,S08_3d_loop_rich_C01:node:node_0117,117380,117386,same_edge_reverse_view,S08_3d_loop_rich_C01:node:node_0042,115341,0.016244672603387807,5
fit,S08,junction,3,S08_3d_loop_rich_C01:node:node_0127,117647,117682,different_physical_edge,S08_3d_loop_rich_C03:node:node_0117,123511,0.010189201021772993,5
fit,S08,terminal,1,S08_3d_loop_rich_C01:node:node_0133,117889,117903,same_edge_reverse_view,S06_3d_branch_medium_C04:node:node_0053,75960,0.011540200671039837,5
fit,S08,junction,3,S08_3d_loop_rich_C02:node:node_0000,117940,117980,different_physical_edge,S10_3d_complex_C04:node:node_0110,190992,0.03289108527363576,5
fit,S08,terminal,1,S08_3d_loop_rich_C02:node:node_0007,118132,118145,same_edge_reverse_view,S10_3d_complex_C02:node:node_0081,183195,0.011321181092833296,5
fit,S08,terminal,1,S08_3d_loop_rich_C02:node:node_0017,118584,118562,same_edge_reverse_view,S04_3d_unicyclic_small_C04:node:node_0010,40528,0.010421077373189768,5
fit,S08,terminal,1,S08_3d_loop_rich_C02:node:node_0020,118674,118666,same_edge_reverse_view,S06_3d_branch_medium_C03:node:node_0028,72936,0.02456239276259691,5
fit,S08,junction,3,S08_3d_loop_rich_C02:node:node_0028,118914,118929,different_physical_edge,S06_3d_branch_medium_C01:node:node_0002,68883,0.010877322910134452,5
fit,S08,junction,4,S08_3d_loop_rich_C02:node:node_0044,118870,119150,different_physical_edge,S10_3d_complex_C01:node:node_0029,178688,0.01201754948106891,5
fit,S08,junction,3,S08_3d_loop_rich_C02:node:node_0057,119608,119716,different_physical_edge,S08_3d_loop_rich_C05:node:node_0116,129466,0.06632939213287932,5
fit,S08,terminal,1,S08_3d_loop_rich_C02:node:node_0061,119569,119583,same_edge_reverse_view,S02_3d_tree_small_C05:node:node_0043,16930,0.012667842581158282,5
fit,S08,junction,3,S08_3d_loop_rich_C02:node:node_0071,119684,120174,different_physical_edge,S10_3d_complex_C06:node:node_0006,196775,0.01699604997146264,5
fit,S08,junction,3,S08_3d_loop_rich_C02:node:node_0072,119794,119830,different_physical_edge,S04_3d_unicyclic_small_C03:node:node_0019,38991,0.006387038194789626,5
fit,S08,junction,3,S08_3d_loop_rich_C02:node:node_0077,120252,120262,different_physical_edge,S03_flat_unicyclic_small_C02:node:node_0046,25352,0.014669704364757685,5
fit,S08,terminal,1,S08_3d_loop_rich_C02:node:node_0081,120295,120295,singleton_circular_shift_augmentation,S02_3d_tree_small_C04:node:node_0028,15465,0.012292341285804625,5
fit,S08,junction,3,S08_3d_loop_rich_C02:node:node_0107,120696,120832,different_physical_edge,S10_3d_complex_C01:node:node_0081,179634,0.02239306301623935,5
fit,S08,junction,3,S08_3d_loop_rich_C02:node:node_0108,120629,120816,different_physical_edge,S02_3d_tree_small_C04:node:node_0017,15301,0.04229173978874995,5
fit,S08,terminal,1,S08_3d_loop_rich_C02:node:node_0124,120928,120941,same_edge_reverse_view,S04_3d_unicyclic_small_C03:node:node_0005,38888,0.011188904315160645,5
fit,S08,terminal,1,S08_3d_loop_rich_C02:node:node_0125,120996,121008,same_edge_reverse_view,S02_3d_tree_small_C01:node:node_0021,11469,0.017842639817384254,5
fit,S08,terminal,1,S08_3d_loop_rich_C02:node:node_0126,121210,121221,same_edge_reverse_view,S08_3d_loop_rich_C06:node:node_0041,131113,0.009653375784003418,5
fit,S08,terminal,1,S08_3d_loop_rich_C03:node:node_0001,121232,121242,same_edge_reverse_view,S08_3d_loop_rich_C05:node:node_0088,128768,0.01957614532223195,5
fit,S08,junction,3,S08_3d_loop_rich_C03:node:node_0016,121548,121616,different_physical_edge,S09_flat_complex_C04:node:node_0128,158220,0.013768826493674958,5
fit,S08,terminal,1,S08_3d_loop_rich_C03:node:node_0018,121639,121653,same_edge_reverse_view,S06_3d_branch_medium_C02:node:node_0064,72065,0.011715332895418611,5
fit,S08,junction,3,S08_3d_loop_rich_C03:node:node_0042,122402,122485,different_physical_edge,S06_3d_branch_medium_C01:node:node_0037,69454,0.017248239712875747,5
fit,S08,terminal,1,S08_3d_loop_rich_C03:node:node_0043,122529,122524,same_edge_reverse_view,S10_3d_complex_C02:node:node_0012,181187,0.02688031171662462,5
fit,S08,junction,3,S08_3d_loop_rich_C03:node:node_0058,122708,122732,different_physical_edge,S10_3d_complex_C03:node:node_0038,185752,0.013738194268049926,5
fit,S08,terminal,1,S08_3d_loop_rich_C03:node:node_0066,122828,122834,same_edge_reverse_view,S06_3d_branch_medium_C05:node:node_0047,78506,0.052303800196595425,5
fit,S08,junction,3,S08_3d_loop_rich_C03:node:node_0068,122798,122873,different_physical_edge,S08_3d_loop_rich_C05:node:node_0128,129639,0.01904942884063945,5
fit,S08,junction,3,S08_3d_loop_rich_C03:node:node_0070,122857,122946,different_physical_edge,S06_3d_branch_medium_C05:node:node_0004,77340,0.057469644267221086,5
fit,S08,junction,3,S08_3d_loop_rich_C03:node:node_0082,122988,123032,different_physical_edge,S09_flat_complex_C06:node:node_0064,164474,0.05471880519119799,5
fit,S08,junction,3,S08_3d_loop_rich_C03:node:node_0091,123223,123179,different_physical_edge,S08_3d_loop_rich_C05:node:node_0054,128402,0.05563075947654984,5
fit,S08,terminal,1,S08_3d_loop_rich_C03:node:node_0105,123344,123349,same_edge_reverse_view,S02_3d_tree_small_C04:node:node_0029,15332,0.00997112762793643,5
fit,S08,junction,3,S08_3d_loop_rich_C03:node:node_0117,123511,123575,different_physical_edge,S08_3d_loop_rich_C01:node:node_0127,117647,0.010189201021772993,5
fit,S08,terminal,1,S08_3d_loop_rich_C04:node:node_0000,123626,123596,same_edge_reverse_view,S10_3d_complex_C03:node:node_0088,186972,0.012662370767604854,5
fit,S08,junction,3,S08_3d_loop_rich_C04:node:node_0006,123762,123806,different_physical_edge,S09_flat_complex_C06:node:node_0066,164427,0.013559960249939164,5
fit,S08,terminal,1,S08_3d_loop_rich_C04:node:node_0032,124593,124582,same_edge_reverse_view,S04_3d_unicyclic_small_C02:node:node_0024,37938,0.012772985499426383,5
fit,S08,junction,3,S08_3d_loop_rich_C04:node:node_0040,124702,124859,different_physical_edge,S10_3d_complex_C02:node:node_0112,183541,0.01212393223201444,5
fit,S08,junction,3,S08_3d_loop_rich_C04:node:node_0043,124785,124961,different_physical_edge,S10_3d_complex_C03:node:node_0127,187930,0.008474608984636638,5
fit,S08,terminal,1,S08_3d_loop_rich_C04:node:node_0045,125028,125016,same_edge_reverse_view,S08_3d_loop_rich_C02:node:node_0081,120295,0.014321954579448327,5
fit,S08,junction,3,S08_3d_loop_rich_C04:node:node_0061,125209,125352,different_physical_edge,S04_3d_unicyclic_small_C03:node:node_0019,38991,0.013313297112571731,5
fit,S08,junction,3,S08_3d_loop_rich_C04:node:node_0063,125162,125286,different_physical_edge,S09_flat_complex_C06:node:node_0083,164960,0.027417630068872927,5
fit,S08,terminal,1,S08_3d_loop_rich_C04:node:node_0064,125302,125316,same_edge_reverse_view,S10_3d_complex_C03:node:node_0077,186852,0.026558657559539168,5
fit,S08,junction,3,S08_3d_loop_rich_C04:node:node_0067,125258,125548,different_physical_edge,S08_3d_loop_rich_C04:node:node_0090,126025,0.009818465039622462,5
fit,S08,junction,3,S08_3d_loop_rich_C04:node:node_0087,125871,125944,different_physical_edge,S08_3d_loop_rich_C04:node:node_0063,125162,0.03337035212245635,5
fit,S08,junction,3,S08_3d_loop_rich_C04:node:node_0090,126025,126306,different_physical_edge,S10_3d_complex_C06:node:node_0148,199605,0.007001402216939275,5
fit,S08,terminal,1,S08_3d_loop_rich_C04:node:node_0091,126110,126121,same_edge_reverse_view,S06_3d_branch_medium_C02:node:node_0031,71377,0.006599705139953711,5
fit,S08,terminal,1,S08_3d_loop_rich_C04:node:node_0095,126057,126071,same_edge_reverse_view,S02_3d_tree_small_C05:node:node_0019,16462,0.0106263401328774,5
fit,S08,junction,4,S08_3d_loop_rich_C04:node:node_0104,126348,126472,different_physical_edge,S09_flat_complex_C01:node:node_0120,146966,0.0410085634516232,5
fit,S08,terminal,1,S08_3d_loop_rich_C04:node:node_0108,126719,126710,same_edge_reverse_view,S04_3d_unicyclic_small_C03:node:node_0015,39321,0.025782831313099448,5
fit,S08,terminal,1,S08_3d_loop_rich_C04:node:node_0126,127220,127233,same_edge_reverse_view,S08_3d_loop_rich_C06:node:node_0088,132177,0.014337541821199245,5
fit,S08,terminal,1,S08_3d_loop_rich_C05:node:node_0000,127259,127246,same_edge_reverse_view,S02_3d_tree_small_C03:node:node_0056,14992,0.024174376912674402,5
fit,S08,terminal,1,S08_3d_loop_rich_C05:node:node_0019,127648,127653,same_edge_reverse_view,S06_3d_branch_medium_C05:node:node_0043,78294,0.008516702019347573,5
fit,S08,junction,3,S08_3d_loop_rich_C05:node:node_0028,127712,127913,different_physical_edge,S04_3d_unicyclic_small_C03:node:node_0000,38644,0.018847864736138857,5
fit,S08,junction,3,S08_3d_loop_rich_C05:node:node_0051,128030,128316,different_physical_edge,S08_3d_loop_rich_C04:node:node_0006,123762,0.016308825708374757,5
fit,S08,junction,3,S08_3d_loop_rich_C05:node:node_0054,128402,128415,different_physical_edge,S10_3d_complex_C01:node:node_0062,179286,0.044273434173995076,5
fit,S08,terminal,1,S08_3d_loop_rich_C05:node:node_0057,128428,128422,same_edge_reverse_view,S10_3d_complex_C05:node:node_0166,196538,0.024107966057214675,5
fit,S08,junction,4,S08_3d_loop_rich_C05:node:node_0086,128832,128863,different_physical_edge,S08_3d_loop_rich_C02:node:node_0044,118870,0.036546683802862454,5
fit,S08,terminal,1,S08_3d_loop_rich_C05:node:node_0088,128768,128780,same_edge_reverse_view,S02_3d_tree_small_C04:node:node_0044,15751,0.009758855774795065,5
fit,S08,junction,3,S08_3d_loop_rich_C05:node:node_0107,129260,129302,different_physical_edge,S10_3d_complex_C04:node:node_0043,189462,0.027925039658194428,5
fit,S08,junction,3,S08_3d_loop_rich_C05:node:node_0109,129378,129434,different_physical_edge,S02_3d_tree_small_C01:node:node_0040,11682,0.02192931329317657,5
fit,S08,terminal,1,S08_3d_loop_rich_C05:node:node_0113,129563,129545,same_edge_reverse_view,S06_3d_branch_medium_C03:node:node_0087,74181,0.01237669313773741,5
fit,S08,junction,3,S08_3d_loop_rich_C05:node:node_0116,129466,129548,different_physical_edge,S10_3d_complex_C03:node:node_0111,187492,0.029909575856688467,5
fit,S08,terminal,1,S08_3d_loop_rich_C05:node:node_0120,129738,129722,same_edge_reverse_view,S06_3d_branch_medium_C01:node:node_0038,69600,0.011587179908550781,5
fit,S08,junction,3,S08_3d_loop_rich_C05:node:node_0128,129639,129838,different_physical_edge,S10_3d_complex_C03:node:node_0053,186064,0.014337669805777307,5
fit,S08,junction,3,S08_3d_loop_rich_C06:node:node_0004,130024,130052,different_physical_edge,S08_3d_loop_rich_C04:node:node_0061,125209,0.014666962516485148,5
fit,S08,terminal,1,S08_3d_loop_rich_C06:node:node_0006,130043,130049,same_edge_reverse_view,S04_3d_unicyclic_small_C06:node:node_0031,43457,0.011009630485722842,5
fit,S08,junction,3,S08_3d_loop_rich_C06:node:node_0014,130210,130264,different_physical_edge,S03_flat_unicyclic_small_C04:node:node_0026,28414,0.014271674504328438,5
fit,S08,terminal,1,S08_3d_loop_rich_C06:node:node_0019,130392,130362,same_edge_reverse_view,S02_3d_tree_small_C05:node:node_0043,16930,0.018756449668694324,5
fit,S08,junction,3,S08_3d_loop_rich_C06:node:node_0030,130452,130758,different_physical_edge,S08_3d_loop_rich_C05:node:node_0028,127712,0.019244803672515916,5
fit,S08,terminal,1,S08_3d_loop_rich_C06:node:node_0041,131113,131100,same_edge_reverse_view,S06_3d_branch_medium_C05:node:node_0014,77696,0.009537429497379346,5
fit,S08,terminal,1,S08_3d_loop_rich_C06:node:node_0053,131413,131406,same_edge_reverse_view,S10_3d_complex_C05:node:node_0057,193984,0.024509561768067324,5
fit,S08,junction,3,S08_3d_loop_rich_C06:node:node_0058,131314,131357,different_physical_edge,S07_flat_loop_rich_C04:node:node_0083,99514,0.058869018069396394,5
fit,S08,junction,3,S08_3d_loop_rich_C06:node:node_0060,130914,131368,different_physical_edge,S04_3d_unicyclic_small_C01:node:node_0076,37344,0.011700931878520941,5
fit,S08,terminal,1,S08_3d_loop_rich_C06:node:node_0066,131698,131692,same_edge_reverse_view,S06_3d_branch_medium_C05:node:node_0043,78294,0.016605766839544817,5
fit,S08,junction,3,S08_3d_loop_rich_C06:node:node_0071,131281,131536,different_physical_edge,S02_3d_tree_small_C01:node:node_0048,11636,0.02597607835688978,5
fit,S08,junction,3,S08_3d_loop_rich_C06:node:node_0079,131764,131986,different_physical_edge,S04_3d_unicyclic_small_C03:node:node_0022,39332,0.017536823900344695,5
fit,S08,terminal,1,S08_3d_loop_rich_C06:node:node_0088,132177,132166,same_edge_reverse_view,S10_3d_complex_C06:node:node_0086,198701,0.011642285691336624,5
fit,S08,junction,3,S08_3d_loop_rich_C06:node:node_0089,131854,132020,different_physical_edge,S09_flat_complex_C04:node:node_0024,155650,0.04145673777129902,5
fit,S08,junction,3,S08_3d_loop_rich_C06:node:node_0092,131906,132146,different_physical_edge,S10_3d_complex_C02:node:node_0095,183602,0.00868469675748522,5
fit,S08,terminal,1,S08_3d_loop_rich_C06:node:node_0106,132488,132464,same_edge_reverse_view,S06_3d_branch_medium_C05:node:node_0075,79089,0.010984419785079781,5
fit,S08,junction,3,S08_3d_loop_rich_C06:node:node_0112,132559,132636,different_physical_edge,S08_3d_loop_rich_C01:node:node_0018,114916,0.01743363915433667,5
fit,S08,terminal,1,S08_3d_loop_rich_C06:node:node_0119,132856,132870,same_edge_reverse_view,S06_3d_branch_medium_C02:node:node_0052,71594,0.00995857211883474,5
selection,S08,terminal,1,S08_3d_loop_rich_C07:node:node_0006,133457,133444,same_edge_reverse_view,S10_3d_complex_C07:node:node_0106,202762,0.022666526982541346,5
selection,S08,junction,3,S08_3d_loop_rich_C07:node:node_0012,133557,133708,different_physical_edge,S05_flat_branch_medium_C07:node:node_0054,63649,0.01387416886418439,5
selection,S08,terminal,1,S08_3d_loop_rich_C07:node:node_0014,133685,133699,same_edge_reverse_view,S10_3d_complex_C07:node:node_0161,204130,0.013885169807766596,5
selection,S08,junction,3,S08_3d_loop_rich_C07:node:node_0015,133598,133749,different_physical_edge,S10_3d_complex_C08:node:node_0111,207104,0.023737608878060482,5
selection,S08,junction,3,S08_3d_loop_rich_C07:node:node_0035,134182,134240,different_physical_edge,S03_flat_unicyclic_small_C07:node:node_0019,32588,0.028474332741360672,5
selection,S08,terminal,1,S08_3d_loop_rich_C07:node:node_0038,134416,134400,same_edge_reverse_view,S10_3d_complex_C07:node:node_0106,202762,0.023634273652914758,5
selection,S08,junction,3,S08_3d_loop_rich_C07:node:node_0043,134473,134534,different_physical_edge,S05_flat_branch_medium_C08:node:node_0066,65446,0.05398042749490541,5
selection,S08,junction,3,S08_3d_loop_rich_C07:node:node_0048,134602,134720,different_physical_edge,S10_3d_complex_C08:node:node_0133,207327,0.02766254583114388,5
selection,S08,terminal,1,S08_3d_loop_rich_C07:node:node_0067,135266,135258,same_edge_reverse_view,S08_3d_loop_rich_C08:node:node_0075,138586,0.022694772108369076,5
selection,S08,junction,3,S08_3d_loop_rich_C07:node:node_0068,135064,135114,different_physical_edge,S08_3d_loop_rich_C08:node:node_0037,137359,0.026875967264696484,5
selection,S08,junction,3,S08_3d_loop_rich_C07:node:node_0091,135768,135897,different_physical_edge,S10_3d_complex_C08:node:node_0037,205202,0.02832834301084755,5
selection,S08,terminal,1,S08_3d_loop_rich_C07:node:node_0105,136224,136212,same_edge_reverse_view,S02_3d_tree_small_C07:node:node_0055,19796,0.012253039875964824,5
selection,S08,junction,3,S08_3d_loop_rich_C07:node:node_0109,136236,136258,different_physical_edge,S05_flat_branch_medium_C08:node:node_0056,65318,0.017806809862888413,5
selection,S08,terminal,1,S08_3d_loop_rich_C07:node:node_0118,136554,136542,same_edge_reverse_view,S08_3d_loop_rich_C08:node:node_0119,139590,0.009737521364378398,5
selection,S08,terminal,1,S08_3d_loop_rich_C08:node:node_0000,136670,136644,same_edge_reverse_view,S02_3d_tree_small_C08:node:node_0036,20693,0.01182619141036699,5
selection,S08,terminal,1,S08_3d_loop_rich_C08:node:node_0001,136708,136684,same_edge_reverse_view,S10_3d_complex_C07:node:node_0144,203421,0.025470327951695827,5
selection,S08,junction,3,S08_3d_loop_rich_C08:node:node_0034,137444,137479,different_physical_edge,S05_flat_branch_medium_C07:node:node_0071,63958,0.042303139950831424,5
selection,S08,junction,3,S08_3d_loop_rich_C08:node:node_0037,137359,137751,different_physical_edge,S06_3d_branch_medium_C08:node:node_0078,85163,0.015467780431050921,5
selection,S08,junction,3,S08_3d_loop_rich_C08:node:node_0039,137412,137826,different_physical_edge,S10_3d_complex_C07:node:node_0080,202178,0.008634272937597753,5
selection,S08,junction,3,S08_3d_loop_rich_C08:node:node_0040,137586,137850,different_physical_edge,S07_flat_loop_rich_C07:node:node_0078,107918,0.01873535426791268,5
selection,S08,terminal,1,S08_3d_loop_rich_C08:node:node_0051,137880,137889,same_edge_reverse_view,S06_3d_branch_medium_C08:node:node_0062,84869,0.012791076776702569,5
selection,S08,terminal,1,S08_3d_loop_rich_C08:node:node_0053,137766,137780,same_edge_reverse_view,S06_3d_branch_medium_C08:node:node_0042,84670,0.017370282355149494,5
selection,S08,junction,3,S08_3d_loop_rich_C08:node:node_0058,137934,138230,different_physical_edge,S04_3d_unicyclic_small_C08:node:node_0019,45696,0.04058601254880523,5
selection,S08,junction,3,S08_3d_loop_rich_C08:node:node_0062,138088,138401,different_physical_edge,S06_3d_branch_medium_C08:node:node_0018,83852,0.014175554221018717,5
selection,S08,terminal,1,S08_3d_loop_rich_C08:node:node_0073,138268,138282,same_edge_reverse_view,S09_flat_complex_C07:node:node_0134,169962,0.019421803441092372,5
selection,S08,terminal,1,S08_3d_loop_rich_C08:node:node_0075,138586,138594,same_edge_reverse_view,S08_3d_loop_rich_C07:node:node_0067,135266,0.022694772108369076,5
selection,S08,junction,3,S08_3d_loop_rich_C08:node:node_0085,138469,138891,different_physical_edge,S06_3d_branch_medium_C08:node:node_0029,84158,0.0824067202431258,5
selection,S08,terminal,1,S08_3d_loop_rich_C08:node:node_0087,138979,138966,same_edge_reverse_view,S07_flat_loop_rich_C07:node:node_0084,108026,0.017946182946896497,5
selection,S08,junction,3,S08_3d_loop_rich_C08:node:node_0088,138814,138999,different_physical_edge,S06_3d_branch_medium_C07:node:node_0014,82028,0.019937052345560632,5
selection,S08,junction,4,S08_3d_loop_rich_C08:node:node_0106,138700,139346,different_physical_edge,S06_3d_branch_medium_C07:node:node_0058,82864,0.031563368404563995,5
selection,S08,terminal,1,S08_3d_loop_rich_C08:node:node_0119,139590,139576,same_edge_reverse_view,S08_3d_loop_rich_C07:node:node_0118,136554,0.009737521364378398,5
fit,S09,terminal,1,S09_flat_complex_C01:node:node_0005,143416,143423,same_edge_reverse_view,S01_flat_tree_small_C01:node:node_0030,628,0.007272610673295334,5
fit,S09,terminal,1,S09_flat_complex_C01:node:node_0012,143602,143568,same_edge_reverse_view,S09_flat_complex_C05:node:node_0142,162648,0.004217483765922458,5
fit,S09,terminal,1,S09_flat_complex_C01:node:node_0014,143658,143638,same_edge_reverse_view,S09_flat_complex_C01:node:node_0086,146001,0.0034982326821086816,5
fit,S09,junction,3,S09_flat_complex_C01:node:node_0018,143675,143711,different_physical_edge,S09_flat_complex_C01:node:node_0039,144319,0.003399871525579977,5
fit,S09,junction,3,S09_flat_complex_C01:node:node_0039,144319,144384,different_physical_edge,S09_flat_complex_C01:node:node_0018,143675,0.003399871525579977,5
fit,S09,junction,3,S09_flat_complex_C01:node:node_0078,145538,145770,different_physical_edge,S09_flat_complex_C04:node:node_0144,158568,0.012627129124473183,5
fit,S09,junction,3,S09_flat_complex_C01:node:node_0083,145876,146018,different_physical_edge,S07_flat_loop_rich_C02:node:node_0109,93783,0.004427202582841537,5
fit,S09,terminal,1,S09_flat_complex_C01:node:node_0086,146001,146015,same_edge_reverse_view,S07_flat_loop_rich_C01:node:node_0000,87842,0.002373681991896639,5
fit,S09,junction,3,S09_flat_complex_C01:node:node_0091,146055,146179,different_physical_edge,S09_flat_complex_C05:node:node_0038,159360,0.003579530321622868,5
fit,S09,terminal,1,S09_flat_complex_C01:node:node_0099,146412,146425,same_edge_reverse_view,S03_flat_unicyclic_small_C01:node:node_0062,24205,0.0076412695836846935,5
fit,S09,junction,3,S09_flat_complex_C01:node:node_0113,146686,146736,different_physical_edge,S09_flat_complex_C04:node:node_0082,157252,0.0189807084644118,5
fit,S09,junction,3,S09_flat_complex_C01:node:node_0114,146770,146790,different_physical_edge,S07_flat_loop_rich_C02:node:node_0126,93852,0.003480757748982877,5
fit,S09,junction,4,S09_flat_complex_C01:node:node_0120,146966,147046,different_physical_edge,S07_flat_loop_rich_C04:node:node_0117,100590,0.015326000719770224,5
fit,S09,junction,3,S09_flat_complex_C01:node:node_0123,147115,147216,different_physical_edge,S09_flat_complex_C01:node:node_0091,146055,0.005355978803504729,5
fit,S09,terminal,1,S09_flat_complex_C01:node:node_0125,147081,147089,same_edge_reverse_view,S07_flat_loop_rich_C03:node:node_0096,96930,0.040962753356316106,5
fit,S09,junction,3,S09_flat_complex_C01:node:node_0137,147412,147490,different_physical_edge,S04_3d_unicyclic_small_C04:node:node_0014,40586,0.03670063646499868,5
fit,S09,junction,3,S09_flat_complex_C01:node:node_0156,147798,147826,different_physical_edge,S07_flat_loop_rich_C04:node:node_0040,98386,0.019636433697353843,5
fit,S09,terminal,1,S09_flat_complex_C01:node:node_0158,147722,147736,same_edge_reverse_view,S09_flat_complex_C04:node:node_0092,157588,0.005267202775727348,5
fit,S09,junction,3,S09_flat_complex_C01:node:node_0164,147840,147914,different_physical_edge,S07_flat_loop_rich_C01:node:node_0114,90862,0.01439483119852221,5
fit,S09,terminal,1,S09_flat_complex_C01:node:node_0167,147866,147876,same_edge_reverse_view,S07_flat_loop_rich_C06:node:node_0080,105468,0.010503496658283387,5
fit,S09,terminal,1,S09_flat_complex_C02:node:node_0014,148252,148264,same_edge_reverse_view,S03_flat_unicyclic_small_C04:node:node_0017,28317,0.009989774164531607,5
fit,S09,terminal,1,S09_flat_complex_C02:node:node_0029,148675,148662,same_edge_reverse_view,S07_flat_loop_rich_C06:node:node_0117,106406,0.005929899469196554,5
fit,S09,junction,3,S09_flat_complex_C02:node:node_0036,148752,148772,different_physical_edge,S07_flat_loop_rich_C02:node:node_0086,93315,0.005580322157991409,5
fit,S09,terminal,1,S09_flat_complex_C02:node:node_0038,148790,148802,same_edge_reverse_view,S01_flat_tree_small_C04:node:node_0012,4151,0.015938265180461708,5
fit,S09,terminal,1,S09_flat_complex_C02:node:node_0039,148888,148878,same_edge_reverse_view,S09_flat_complex_C03:node:node_0023,151905,0.0056613541815880635,5
fit,S09,junction,3,S09_flat_complex_C02:node:node_0055,149080,149224,different_physical_edge,S03_flat_unicyclic_small_C02:node:node_0046,25352,0.008127538319409175,5
fit,S09,junction,3,S09_flat_complex_C02:node:node_0056,149142,149291,different_physical_edge,S07_flat_loop_rich_C04:node:node_0101,100102,0.01302931076445316,5
fit,S09,terminal,1,S09_flat_complex_C02:node:node_0064,149397,149411,same_edge_reverse_view,S09_flat_complex_C04:node:node_0035,155834,0.0042461575741614375,5
fit,S09,junction,3,S09_flat_complex_C02:node:node_0077,149756,149792,different_physical_edge,S01_flat_tree_small_C06:node:node_0035,6544,0.004324671342598305,5
fit,S09,terminal,1,S09_flat_complex_C02:node:node_0081,149696,149703,same_edge_reverse_view,S01_flat_tree_small_C04:node:node_0012,4151,0.008474165068899597,5
fit,S09,junction,3,S09_flat_complex_C02:node:node_0086,149644,149947,different_physical_edge,S09_flat_complex_C01:node:node_0039,144319,0.005546049412675645,5
fit,S09,junction,3,S09_flat_complex_C02:node:node_0087,149711,150022,different_physical_edge,S09_flat_complex_C02:node:node_0077,149756,0.00647239668382276,5
fit,S09,terminal,1,S09_flat_complex_C02:node:node_0094,150243,150234,same_edge_reverse_view,S03_flat_unicyclic_small_C03:node:node_0036,27070,0.0039000380581011,5
fit,S09,junction,3,S09_flat_complex_C02:node:node_0103,150252,150444,different_physical_edge,S09_flat_complex_C03:node:node_0039,152176,0.008393233326426728,5
fit,S09,junction,3,S09_flat_complex_C02:node:node_0107,150292,150515,different_physical_edge,S09_flat_complex_C06:node:node_0104,165403,0.004298499293241815,5
fit,S09,junction,3,S09_flat_complex_C02:node:node_0110,150314,150562,different_physical_edge,S09_flat_complex_C03:node:node_0050,152484,0.006980682974120125,5
fit,S09,junction,3,S09_flat_complex_C02:node:node_0114,150544,150686,different_physical_edge,S09_flat_complex_C02:node:node_0087,149711,0.007659946015909401,5
fit,S09,terminal,1,S09_flat_complex_C02:node:node_0118,150787,150780,same_edge_reverse_view,S09_flat_complex_C01:node:node_0099,146412,0.008187343671012709,5
fit,S09,junction,3,S09_flat_complex_C02:node:node_0127,150729,150856,different_physical_edge,S09_flat_complex_C06:node:node_0151,166343,0.003795762519583355,5
fit,S09,junction,3,S09_flat_complex_C02:node:node_0148,151268,151254,different_physical_edge,S09_flat_complex_C05:node:node_0101,161166,0.022886020005629493,5
fit,S09,terminal,1,S09_flat_complex_C03:node:node_0005,151474,151464,same_edge_reverse_view,S09_flat_complex_C01:node:node_0158,147722,0.00790467129170072,5
fit,S09,terminal,1,S09_flat_complex_C03:node:node_0023,151905,151892,same_edge_reverse_view,S09_flat_complex_C05:node:node_0000,158708,0.004396448740462357,5
fit,S09,terminal,1,S09_flat_complex_C03:node:node_0025,151958,151948,same_edge_reverse_view,S05_flat_branch_medium_C02:node:node_0010,50856,0.0059514633369721496,5
fit,S09,junction,3,S09_flat_complex_C03:node:node_0032,151968,152012,different_physical_edge,S05_flat_branch_medium_C04:node:node_0043,56622,0.027364928523272245,5
fit,S09,junction,3,S09_flat_complex_C03:node:node_0039,152176,152236,different_physical_edge,S09_flat_complex_C02:node:node_0103,150252,0.008393233326426728,5
fit,S09,junction,3,S09_flat_complex_C03:node:node_0043,152276,152368,different_physical_edge,S09_flat_complex_C05:node:node_0011,158900,0.0095476383547613,5
fit,S09,terminal,1,S09_flat_complex_C03:node:node_0044,152412,152406,same_edge_reverse_view,S01_flat_tree_small_C01:node:node_0030,628,0.008898653626093928,5
fit,S09,junction,3,S09_flat_complex_C03:node:node_0050,152484,152553,different_physical_edge,S09_flat_complex_C05:node:node_0037,159563,0.0049078424900127786,5
fit,S09,junction,3,S09_flat_complex_C03:node:node_0059,152303,152672,different_physical_edge,S05_flat_branch_medium_C03:node:node_0079,54970,0.0060409131990976465,5
fit,S09,junction,3,S09_flat_complex_C03:node:node_0068,152764,152833,different_physical_edge,S07_flat_loop_rich_C03:node:node_0059,96194,0.022461608685176687,5
fit,S09,junction,3,S09_flat_complex_C03:node:node_0075,152990,153050,different_physical_edge,S09_flat_complex_C04:node:node_0024,155650,0.021658238120486558,5
fit,S09,terminal,1,S09_flat_complex_C03:node:node_0084,153184,153194,same_edge_reverse_view,S07_flat_loop_rich_C04:node:node_0007,97566,0.010568526262212139,5
fit,S09,junction,3,S09_flat_complex_C03:node:node_0096,153340,153436,different_physical_edge,S09_flat_complex_C05:node:node_0026,159144,0.010633831872377668,5
fit,S09,junction,3,S09_flat_complex_C03:node:node_0104,153608,153668,different_physical_edge,S09_flat_complex_C05:node:node_0038,159360,0.007337410839751092,5
fit,S09,terminal,1,S09_flat_complex_C03:node:node_0114,153825,153829,same_edge_reverse_view,S03_flat_unicyclic_small_C05:node:node_0056,30852,0.005728508139478843,4
fit,S09,junction,3,S09_flat_complex_C03:node:node_0134,154292,154351,different_physical_edge,S05_flat_branch_medium_C04:node:node_0023,56317,0.0063487402960784745,5
fit,S09,junction,3,S09_flat_complex_C03:node:node_0143,154440,154516,different_physical_edge,S04_3d_unicyclic_small_C04:node:node_0014,40586,0.03569318968296133,5
fit,S09,terminal,1,S09_flat_complex_C03:node:node_0145,154619,154610,same_edge_reverse_view,S01_flat_tree_small_C04:node:node_0015,4123,0.011239745379190806,5
fit,S09,junction,3,S09_flat_complex_C03:node:node_0152,154653,154773,different_physical_edge,S07_flat_loop_rich_C04:node:node_0010,97684,0.00347046014153903,5
fit,S09,terminal,1,S09_flat_complex_C03:node:node_0155,154824,154831,same_edge_reverse_view,S01_flat_tree_small_C02:node:node_0038,2003,0.012407445881091213,5
fit,S09,terminal,1,S09_flat_complex_C04:node:node_0000,155183,155178,same_edge_reverse_view,S03_flat_unicyclic_small_C03:node:node_0006,26309,0.006455494997070675,5
fit,S09,junction,3,S09_flat_complex_C04:node:node_0015,155370,155424,different_physical_edge,S05_flat_branch_medium_C06:node:node_0075,61599,0.026629806383048193,5
fit,S09,junction,3,S09_flat_complex_C04:node:node_0024,155650,155715,different_physical_edge,S09_flat_complex_C03:node:node_0075,152990,0.021658238120486558,5
fit,S09,terminal,1,S09_flat_complex_C04:node:node_0028,155673,155687,same_edge_reverse_view,S07_flat_loop_rich_C03:node:node_0021,95144,0.0046825325615175535,5
fit,S09,terminal,1,S09_flat_complex_C04:node:node_0034,155902,155916,same_edge_reverse_view,S07_flat_loop_rich_C05:node:node_0122,103567,0.007288652384848594,5
fit,S09,terminal,1,S09_flat_complex_C04:node:node_0035,155834,155843,same_edge_reverse_view,S09_flat_complex_C02:node:node_0064,149397,0.0042461575741614375,5
fit,S09,junction,3,S09_flat_complex_C04:node:node_0040,156102,156184,different_physical_edge,S09_flat_complex_C06:node:node_0116,165782,0.005044958295811128,5
fit,S09,terminal,1,S09_flat_complex_C04:node:node_0041,156132,156146,same_edge_reverse_view,S03_flat_unicyclic_small_C03:node:node_0004,26212,0.008128040118019564,5
fit,S09,junction,3,S09_flat_complex_C04:node:node_0061,156692,156711,different_physical_edge,S10_3d_complex_C06:node:node_0128,199200,0.04593566473568874,5
fit,S09,junction,3,S09_flat_complex_C04:node:node_0063,156822,156918,different_physical_edge,S09_flat_complex_C06:node:node_0116,165782,0.005027477142325691,5
fit,S09,junction,3,S09_flat_complex_C04:node:node_0076,156964,157184,different_physical_edge,S07_flat_loop_rich_C06:node:node_0023,103978,0.018896458501063165,5
fit,S09,junction,3,S09_flat_complex_C04:node:node_0082,157252,157278,different_physical_edge,S01_flat_tree_small_C01:node:node_0000,13,0.018688698607055333,5
fit,S09,terminal,1,S09_flat_complex_C04:node:node_0092,157588,157562,same_edge_reverse_view,S09_flat_complex_C01:node:node_0158,147722,0.005267202775727348,5
fit,S09,junction,3,S09_flat_complex_C04:node:node_0098,157538,157692,different_physical_edge,S03_flat_unicyclic_small_C04:node:node_0043,28956,0.009235162216946004,5
fit,S09,junction,3,S09_flat_complex_C04:node:node_0100,157785,157664,different_physical_edge,S09_flat_complex_C02:node:node_0110,150314,0.007456946896815524,5
fit,S09,terminal,1,S09_flat_complex_C04:node:node_0105,157848,157858,same_edge_reverse_view,S09_flat_complex_C04:node:node_0149,158684,0.005738203800600035,5
fit,S09,terminal,1,S09_flat_complex_C04:node:node_0111,157940,157948,same_edge_reverse_view,S05_flat_branch_medium_C03:node:node_0047,54369,0.006319532932858882,5
fit,S09,junction,3,S09_flat_complex_C04:node:node_0114,157981,158078,different_physical_edge,S03_flat_unicyclic_small_C02:node:node_0002,24272,0.006437679651286437,5
fit,S09,junction,3,S09_flat_complex_C04:node:node_0128,158220,158282,different_physical_edge,S09_flat_complex_C06:node:node_0110,165560,0.010353936887747673,5
fit,S09,junction,3,S09_flat_complex_C04:node:node_0138,158438,158458,different_physical_edge,S07_flat_loop_rich_C01:node:node_0005,87963,0.0330933900534605,5
fit,S09,junction,3,S09_flat_complex_C04:node:node_0144,158568,158582,different_physical_edge,S09_flat_complex_C01:node:node_0078,145538,0.012627129124473183,5
fit,S09,terminal,1,S09_flat_complex_C04:node:node_0149,158684,158691,same_edge_reverse_view,S09_flat_complex_C04:node:node_0105,157848,0.005738203800600035,5
fit,S09,terminal,1,S09_flat_complex_C05:node:node_0000,158708,158698,same_edge_reverse_view,S09_flat_complex_C03:node:node_0023,151905,0.004396448740462357,5
fit,S09,junction,3,S09_flat_complex_C05:node:node_0011,158900,158976,different_physical_edge,S09_flat_complex_C03:node:node_0043,152276,0.0095476383547613,5
fit,S09,junction,3,S09_flat_complex_C05:node:node_0018,159046,159120,different_physical_edge,S07_flat_loop_rich_C06:node:node_0086,105550,0.005078085267302442,5
fit,S09,junction,3,S09_flat_complex_C05:node:node_0026,159144,159446,different_physical_edge,S07_flat_loop_rich_C06:node:node_0086,105550,0.006517073689087088,5
fit,S09,junction,3,S09_flat_complex_C05:node:node_0031,159534,159620,different_physical_edge,S03_flat_unicyclic_small_C02:node:node_0002,24272,0.004717944625591428,5
fit,S09,junction,3,S09_flat_complex_C05:node:node_0037,159563,159800,different_physical_edge,S07_flat_loop_rich_C05:node:node_0070,102105,0.0047828397370937295,5
fit,S09,junction,3,S09_flat_complex_C05:node:node_0038,159360,159760,different_physical_edge,S09_flat_complex_C01:node:node_0091,146055,0.003579530321622868,5
fit,S09,terminal,1,S09_flat_complex_C05:node:node_0039,159897,159888,same_edge_reverse_view,S05_flat_branch_medium_C01:node:node_0034,48950,0.012256682666512517,5
fit,S09,junction,3,S09_flat_complex_C05:node:node_0047,159926,159992,different_physical_edge,S01_flat_tree_small_C01:node:node_0024,478,0.011614680069201092,5
fit,S09,terminal,1,S09_flat_complex_C05:node:node_0055,160061,160075,same_edge_reverse_view,S07_flat_loop_rich_C05:node:node_0039,101508,0.0055789758255451,5
fit,S09,terminal,1,S09_flat_complex_C05:node:node_0065,160269,160283,same_edge_reverse_view,S07_flat_loop_rich_C06:node:node_0022,103949,0.003021038904077464,5
fit,S09,junction,3,S09_flat_complex_C05:node:node_0070,160482,160663,different_physical_edge,S07_flat_loop_rich_C01:node:node_0078,89802,0.008038453046794089,5
fit,S09,terminal,1,S09_flat_complex_C05:node:node_0078,160671,160683,same_edge_reverse_view,S05_flat_branch_medium_C04:node:node_0060,56943,0.0022592207283843677,5
fit,S09,junction,3,S09_flat_complex_C05:node:node_0088,160751,160954,different_physical_edge,S06_3d_branch_medium_C06:node:node_0025,79948,0.01751082530957467,5
fit,S09,terminal,1,S09_flat_complex_C05:node:node_0089,161048,161036,same_edge_reverse_view,S07_flat_loop_rich_C06:node:node_0022,103949,0.008074665169034828,5
fit,S09,terminal,1,S09_flat_complex_C05:node:node_0095,161224,161198,same_edge_reverse_view,S01_flat_tree_small_C01:node:node_0038,803,0.005965705760322144,5
fit,S09,junction,3,S09_flat_complex_C05:node:node_0101,161166,161396,different_physical_edge,S09_flat_complex_C02:node:node_0148,151268,0.022886020005629493,5
fit,S09,junction,3,S09_flat_complex_C05:node:node_0104,161268,161326,different_physical_edge,S07_flat_loop_rich_C01:node:node_0080,89831,0.008947263027571734,5
fit,S09,terminal,1,S09_flat_complex_C05:node:node_0113,161755,161742,same_edge_reverse_view,S07_flat_loop_rich_C05:node:node_0060,101996,0.0021188078337750138,5
fit,S09,junction,2,S09_flat_complex_C05:node:node_0125,161968,162130,different_physical_edge,S07_flat_loop_rich_C02:node:node_0008,91376,0.06043934766657905,5
fit,S09,junction,2,S09_flat_complex_C05:node:node_0128,162022,162228,different_physical_edge,S07_flat_loop_rich_C02:node:node_0008,91376,0.00834224212098278,5
fit,S09,junction,3,S09_flat_complex_C05:node:node_0137,162342,162491,different_physical_edge,S07_flat_loop_rich_C01:node:node_0099,90373,0.0093215641807352,5
fit,S09,terminal,1,S09_flat_complex_C05:node:node_0142,162648,162626,same_edge_reverse_view,S09_flat_complex_C01:node:node_0012,143602,0.004217483765922458,5
fit,S09,junction,3,S09_flat_complex_C05:node:node_0150,162783,162812,different_physical_edge,S09_flat_complex_C03:node:node_0134,154292,0.007446663695264279,5
fit,S09,junction,3,S09_flat_complex_C05:node:node_0157,162954,163038,different_physical_edge,S07_flat_loop_rich_C04:node:node_0107,100299,0.010788934830437972,5
fit,S09,terminal,1,S09_flat_complex_C05:node:node_0170,163283,163274,same_edge_reverse_view,S07_flat_loop_rich_C05:node:node_0047,101618,0.0025924443277442182,5
fit,S09,terminal,1,S09_flat_complex_C06:node:node_0016,163532,163543,same_edge_reverse_view,S01_flat_tree_small_C05:node:node_0008,5046,0.006821002571490037,5
fit,S09,junction,3,S09_flat_complex_C06:node:node_0017,163554,163584,different_physical_edge,S09_flat_complex_C06:node:node_0124,165846,0.005184832309106224,5
fit,S09,junction,3,S09_flat_complex_C06:node:node_0024,163720,163784,different_physical_edge,S03_flat_unicyclic_small_C04:node:node_0026,28414,0.012475482876635793,5
fit,S09,terminal,1,S09_flat_complex_C06:node:node_0031,163926,163920,same_edge_reverse_view,S06_3d_branch_medium_C01:node:node_0071,70092,0.012683352704092044,5
fit,S09,junction,3,S09_flat_complex_C06:node:node_0042,163932,164099,different_physical_edge,S09_flat_complex_C06:node:node_0151,166343,0.00407949673345399,5
fit,S09,junction,3,S09_flat_complex_C06:node:node_0047,164036,164074,different_physical_edge,S10_3d_complex_C05:node:node_0007,193087,0.017962716924753305,5
fit,S09,junction,3,S09_flat_complex_C06:node:node_0064,164474,164540,different_physical_edge,S08_3d_loop_rich_C03:node:node_0082,122988,0.05471880519119799,5
fit,S09,junction,3,S09_flat_complex_C06:node:node_0066,164427,164568,different_physical_edge,S03_flat_unicyclic_small_C03:node:node_0045,27256,0.010709491280993255,5
fit,S09,terminal,1,S09_flat_complex_C06:node:node_0078,164773,164787,same_edge_reverse_view,S05_flat_branch_medium_C05:node:node_0074,59142,0.005691422732041395,5
fit,S09,junction,3,S09_flat_complex_C06:node:node_0083,164960,164983,different_physical_edge,S09_flat_complex_C01:node:node_0156,147798,0.02195116378776895,5
fit,S09,terminal,1,S09_flat_complex_C06:node:node_0086,165132,165120,same_edge_reverse_view,S09_flat_complex_C04:node:node_0092,157588,0.007986665076614994,5
fit,S09,terminal,1,S09_flat_complex_C06:node:node_0088,165182,165170,same_edge_reverse_view,S03_flat_unicyclic_small_C03:node:node_0060,27839,0.003960346019830466,5
fit,S09,terminal,1,S09_flat_complex_C06:node:node_0100,165441,165432,same_edge_reverse_view,S09_flat_complex_C04:node:node_0035,155834,0.006509352089743615,5
fit,S09,junction,3,S09_flat_complex_C06:node:node_0104,165403,165526,different_physical_edge,S09_flat_complex_C02:node:node_0107,150292,0.004298499293241815,5
fit,S09,terminal,1,S09_flat_complex_C06:node:node_0109,165468,165480,same_edge_reverse_view,S05_flat_branch_medium_C06:node:node_0083,62014,0.005928605094720801,5
fit,S09,junction,3,S09_flat_complex_C06:node:node_0110,165560,165636,different_physical_edge,S09_flat_complex_C04:node:node_0128,158220,0.010353936887747673,5
fit,S09,junction,3,S09_flat_complex_C06:node:node_0116,165782,165809,different_physical_edge,S09_flat_complex_C04:node:node_0063,156822,0.005027477142325691,5
fit,S09,junction,3,S09_flat_complex_C06:node:node_0124,165846,165938,different_physical_edge,S09_flat_complex_C06:node:node_0017,163554,0.005184832309106224,5
fit,S09,terminal,1,S09_flat_complex_C06:node:node_0135,166234,166208,same_edge_reverse_view,S09_flat_complex_C05:node:node_0113,161755,0.0023280807549626186,5
fit,S09,junction,3,S09_flat_complex_C06:node:node_0138,166248,166306,different_physical_edge,S05_flat_branch_medium_C05:node:node_0028,58074,0.019400451383866677,5
fit,S09,junction,3,S09_flat_complex_C06:node:node_0151,166343,166512,different_physical_edge,S09_flat_complex_C02:node:node_0127,150729,0.003795762519583355,5
fit,S09,terminal,1,S09_flat_complex_C06:node:node_0153,166524,166531,same_edge_reverse_view,S01_flat_tree_small_C01:node:node_0020,543,0.003815841460378725,5
selection,S09,terminal,1,S09_flat_complex_C07:node:node_0007,166821,166835,same_edge_reverse_view,S07_flat_loop_rich_C07:node:node_0000,106636,0.008310919464639686,5
selection,S09,terminal,1,S09_flat_complex_C07:node:node_0017,167106,167078,same_edge_reverse_view,S07_flat_loop_rich_C07:node:node_0101,108710,0.012718998533301058,5
selection,S09,junction,3,S09_flat_complex_C07:node:node_0018,167040,167066,different_physical_edge,S04_3d_unicyclic_small_C08:node:node_0019,45696,0.020314956659426738,5
selection,S09,terminal,1,S09_flat_complex_C07:node:node_0024,167158,167172,same_edge_reverse_view,S01_flat_tree_small_C07:node:node_0000,7186,0.009182437627331806,5
selection,S09,junction,3,S09_flat_complex_C07:node:node_0026,167206,167289,different_physical_edge,S07_flat_loop_rich_C07:node:node_0108,108898,0.0031053074824063677,5
selection,S09,junction,3,S09_flat_complex_C07:node:node_0045,167807,167886,different_physical_edge,S07_flat_loop_rich_C08:node:node_0115,111653,0.005287632966582832,5
selection,S09,terminal,1,S09_flat_complex_C07:node:node_0049,168058,168046,same_edge_reverse_view,S07_flat_loop_rich_C07:node:node_0000,106636,0.004565069238309133,5
selection,S09,terminal,1,S09_flat_complex_C07:node:node_0056,168096,168110,same_edge_reverse_view,S03_flat_unicyclic_small_C07:node:node_0000,32270,0.005893832881972653,5
selection,S09,junction,3,S09_flat_complex_C07:node:node_0057,168132,168198,different_physical_edge,S09_flat_complex_C08:node:node_0058,172029,0.02553467591080211,5
selection,S09,junction,2,S09_flat_complex_C07:node:node_0058,168169,168309,different_physical_edge,S09_flat_complex_C07:node:node_0063,168352,0.013853604943713847,5
selection,S09,junction,2,S09_flat_complex_C07:node:node_0063,168352,168432,different_physical_edge,S09_flat_complex_C07:node:node_0058,168169,0.013853604943713847,5
selection,S09,terminal,1,S09_flat_complex_C07:node:node_0078,168668,168680,same_edge_reverse_view,S01_flat_tree_small_C07:node:node_0003,7253,0.00731208418876088,5
selection,S09,junction,3,S09_flat_complex_C07:node:node_0093,168884,168943,different_physical_edge,S03_flat_unicyclic_small_C07:node:node_0040,33004,0.027449155190303626,5
selection,S09,junction,3,S09_flat_complex_C07:node:node_0094,168908,168983,different_physical_edge,S03_flat_unicyclic_small_C07:node:node_0029,32778,0.02991113725152322,5
selection,S09,terminal,1,S09_flat_complex_C07:node:node_0096,168996,169001,same_edge_reverse_view,S07_flat_loop_rich_C08:node:node_0073,110865,0.008806170418719018,5
selection,S09,junction,4,S09_flat_complex_C07:node:node_0101,168833,168920,different_physical_edge,S01_flat_tree_small_C08:node:node_0015,8470,0.0462578721187204,5
selection,S09,junction,3,S09_flat_complex_C07:node:node_0107,169174,169223,different_physical_edge,S09_flat_complex_C08:node:node_0058,172029,0.027181575785993502,5
selection,S09,junction,3,S09_flat_complex_C07:node:node_0117,169258,169396,different_physical_edge,S09_flat_complex_C08:node:node_0022,170788,0.008733954104109725,5
selection,S09,junction,3,S09_flat_complex_C07:node:node_0122,169530,169586,different_physical_edge,S09_flat_complex_C07:node:node_0117,169258,0.01040552067916348,5
selection,S09,junction,3,S09_flat_complex_C07:node:node_0126,169668,169716,different_physical_edge,S09_flat_complex_C08:node:node_0142,174023,0.01100916403175974,5
selection,S09,junction,3,S09_flat_complex_C07:node:node_0133,169834,169906,different_physical_edge,S09_flat_complex_C07:node:node_0057,168132,0.030529967015006907,5
selection,S09,terminal,1,S09_flat_complex_C07:node:node_0134,169962,169950,same_edge_reverse_view,S07_flat_loop_rich_C08:node:node_0040,110361,0.006964631345332506,5
selection,S09,terminal,1,S09_flat_complex_C07:node:node_0138,169974,169984,same_edge_reverse_view,S07_flat_loop_rich_C08:node:node_0037,110303,0.011513529928318542,5
selection,S09,junction,3,S09_flat_complex_C08:node:node_0002,170288,170363,different_physical_edge,S09_flat_complex_C08:node:node_0117,173590,0.01217167489777667,5
selection,S09,terminal,1,S09_flat_complex_C08:node:node_0020,170752,170766,same_edge_reverse_view,S09_flat_complex_C07:node:node_0007,166821,0.016482043177876285,5
selection,S09,junction,3,S09_flat_complex_C08:node:node_0021,170814,170874,different_physical_edge,S05_flat_branch_medium_C08:node:node_0066,65446,0.02728738342939503,5
selection,S09,junction,3,S09_flat_complex_C08:node:node_0022,170788,170932,different_physical_edge,S09_flat_complex_C07:node:node_0117,169258,0.008733954104109725,5
selection,S09,terminal,1,S09_flat_complex_C08:node:node_0025,171058,171048,same_edge_reverse_view,S03_flat_unicyclic_small_C07:node:node_0049,33038,0.03389324967144103,5
selection,S09,junction,3,S09_flat_complex_C08:node:node_0033,171182,171234,different_physical_edge,S09_flat_complex_C07:node:node_0122,169530,0.013167280303629866,5
selection,S09,terminal,1,S09_flat_complex_C08:node:node_0039,171404,171418,same_edge_reverse_view,S07_flat_loop_rich_C07:node:node_0084,108026,0.005298712973655273,5
selection,S09,terminal,1,S09_flat_complex_C08:node:node_0050,171782,171764,same_edge_reverse_view,S09_flat_complex_C07:node:node_0007,166821,0.010957997407750986,5
selection,S09,junction,3,S09_flat_complex_C08:node:node_0058,172029,172056,different_physical_edge,S09_flat_complex_C07:node:node_0057,168132,0.02553467591080211,5
selection,S09,junction,3,S09_flat_complex_C08:node:node_0059,171827,171882,different_physical_edge,S09_flat_complex_C08:node:node_0033,171182,0.014527582157596176,5
selection,S09,terminal,1,S09_flat_complex_C08:node:node_0061,171952,171963,same_edge_reverse_view,S03_flat_unicyclic_small_C07:node:node_0049,33038,0.01895456292817719,5
selection,S09,terminal,1,S09_flat_complex_C08:node:node_0064,172207,172196,same_edge_reverse_view,S07_flat_loop_rich_C08:node:node_0028,110162,0.01029999637868695,5
selection,S09,terminal,1,S09_flat_complex_C08:node:node_0075,171983,171997,same_edge_reverse_view,S07_flat_loop_rich_C08:node:node_0037,110303,0.005158786531607287,5
selection,S09,junction,3,S09_flat_complex_C08:node:node_0077,172166,172570,different_physical_edge,S07_flat_loop_rich_C08:node:node_0069,110736,0.018944717236416626,5
selection,S09,junction,3,S09_flat_complex_C08:node:node_0080,172514,172684,different_physical_edge,S05_flat_branch_medium_C08:node:node_0062,65354,0.005027933960969133,5
selection,S09,junction,3,S09_flat_complex_C08:node:node_0083,172470,172790,different_physical_edge,S09_flat_complex_C08:node:node_0117,173590,0.012784538493332508,5
selection,S09,junction,3,S09_flat_complex_C08:node:node_0092,172754,173017,different_physical_edge,S07_flat_loop_rich_C07:node:node_0010,106812,0.023207381906560604,5
selection,S09,terminal,1,S09_flat_complex_C08:node:node_0102,173219,173233,same_edge_reverse_view,S05_flat_branch_medium_C08:node:node_0088,66426,0.006575347804654855,5
selection,S09,junction,3,S09_flat_complex_C08:node:node_0104,173188,173387,different_physical_edge,S05_flat_branch_medium_C08:node:node_0000,64372,0.0077759662860832825,5
selection,S09,junction,3,S09_flat_complex_C08:node:node_0117,173590,173745,different_physical_edge,S09_flat_complex_C08:node:node_0002,170288,0.01217167489777667,5
selection,S09,junction,2,S09_flat_complex_C08:node:node_0129,173842,173985,different_physical_edge,S09_flat_complex_C08:node:node_0143,174082,0.028101621516562886,5
selection,S09,junction,3,S09_flat_complex_C08:node:node_0133,173904,173945,different_physical_edge,S09_flat_complex_C08:node:node_0142,174023,0.0059425439121797135,5
selection,S09,terminal,1,S09_flat_complex_C08:node:node_0140,174142,174150,same_edge_reverse_view,S09_flat_complex_C08:node:node_0064,172207,0.018483811060869507,5
selection,S09,junction,3,S09_flat_complex_C08:node:node_0142,174023,174161,different_physical_edge,S09_flat_complex_C08:node:node_0133,173904,0.0059425439121797135,5
selection,S09,junction,2,S09_flat_complex_C08:node:node_0143,174082,174277,different_physical_edge,S09_flat_complex_C07:node:node_0058,168169,0.0263253211926197,5
selection,S09,terminal,1,S09_flat_complex_C08:node:node_0148,174363,174352,same_edge_reverse_view,S09_flat_complex_C07:node:node_0138,169974,0.014223355320287645,5
fit,S10,terminal,1,S10_3d_complex_C01:node:node_0000,178354,178344,same_edge_reverse_view,S06_3d_branch_medium_C01:node:node_0029,69352,0.01605836359751431,5
fit,S10,terminal,1,S10_3d_complex_C01:node:node_0015,178744,178745,same_identity_distinct_observation,S01_flat_tree_small_C01:node:node_0008,216,0.038996834738213595,5
fit,S10,junction,3,S10_3d_complex_C01:node:node_0017,178732,178773,different_physical_edge,S08_3d_loop_rich_C02:node:node_0000,117940,0.06722691767296689,5
fit,S10,junction,4,S10_3d_complex_C01:node:node_0029,178688,178962,different_physical_edge,S08_3d_loop_rich_C02:node:node_0044,118870,0.01201754948106891,5
fit,S10,terminal,1,S10_3d_complex_C01:node:node_0042,178858,178865,same_edge_reverse_view,S06_3d_branch_medium_C05:node:node_0043,78294,0.006904502247566288,5
fit,S10,junction,3,S10_3d_complex_C01:node:node_0045,179154,179186,different_physical_edge,S09_flat_complex_C03:node:node_0032,151968,0.03515797296750307,5
fit,S10,terminal,1,S10_3d_complex_C01:node:node_0056,179331,179331,singleton_circular_shift_augmentation,S06_3d_branch_medium_C01:node:node_0011,69160,0.020746414137465526,5
fit,S10,junction,3,S10_3d_complex_C01:node:node_0058,179268,179320,different_physical_edge,S05_flat_branch_medium_C05:node:node_0038,58524,0.029321876160352638,5
fit,S10,junction,3,S10_3d_complex_C01:node:node_0062,179286,179370,different_physical_edge,S02_3d_tree_small_C04:node:node_0041,15736,0.032090674305329144,5
fit,S10,terminal,1,S10_3d_complex_C01:node:node_0069,179336,179345,same_edge_reverse_view,S02_3d_tree_small_C03:node:node_0039,14634,0.037386872125560515,5
fit,S10,junction,3,S10_3d_complex_C01:node:node_0081,179634,179752,different_physical_edge,S08_3d_loop_rich_C02:node:node_0107,120696,0.02239306301623935,5
fit,S10,junction,3,S10_3d_complex_C01:node:node_0097,179996,180014,different_physical_edge,S10_3d_complex_C02:node:node_0071,182742,0.05229831125765701,5
fit,S10,terminal,1,S10_3d_complex_C01:node:node_0099,180122,180106,same_edge_reverse_view,S05_flat_branch_medium_C05:node:node_0069,59106,0.008415039465464827,5
fit,S10,junction,3,S10_3d_complex_C01:node:node_0107,180196,180281,different_physical_edge,S09_flat_complex_C05:node:node_0101,161166,0.02413700967959939,5
fit,S10,junction,3,S10_3d_complex_C01:node:node_0119,180378,180400,different_physical_edge,S08_3d_loop_rich_C01:node:node_0127,117647,0.02542398516074929,5
fit,S10,junction,3,S10_3d_complex_C01:node:node_0120,180429,180461,different_physical_edge,S09_flat_complex_C02:node:node_0107,150292,0.008126318863748296,5
fit,S10,terminal,1,S10_3d_complex_C01:node:node_0125,180571,180564,same_edge_reverse_view,S06_3d_branch_medium_C04:node:node_0055,75970,0.012772872155362684,5
fit,S10,junction,3,S10_3d_complex_C01:node:node_0129,180590,180620,different_physical_edge,S02_3d_tree_small_C05:node:node_0035,16698,0.01719596070137585,5
fit,S10,junction,3,S10_3d_complex_C01:node:node_0132,180578,180683,different_physical_edge,S06_3d_branch_medium_C03:node:node_0062,73510,0.035909528620169016,5
fit,S10,terminal,1,S10_3d_complex_C01:node:node_0136,180741,180738,same_edge_reverse_view,S04_3d_unicyclic_small_C03:node:node_0015,39321,0.006317050264624774,3
fit,S10,terminal,1,S10_3d_complex_C02:node:node_0012,181187,181191,same_edge_reverse_view,S08_3d_loop_rich_C03:node:node_0043,122529,0.02688031171662462,4
fit,S10,junction,3,S10_3d_complex_C02:node:node_0038,181772,181899,different_physical_edge,S08_3d_loop_rich_C06:node:node_0030,130452,0.04196411636433798,5
fit,S10,terminal,1,S10_3d_complex_C02:node:node_0055,182436,182424,same_edge_reverse_view,S04_3d_unicyclic_small_C01:node:node_0074,37290,0.02120353325815353,5
fit,S10,junction,3,S10_3d_complex_C02:node:node_0058,182324,182522,different_physical_edge,S08_3d_loop_rich_C01:node:node_0088,116588,0.01320785780388543,5
fit,S10,junction,4,S10_3d_complex_C02:node:node_0070,182714,182770,different_physical_edge,S07_flat_loop_rich_C03:node:node_0088,96602,0.12498415811015509,5
fit,S10,junction,3,S10_3d_complex_C02:node:node_0071,182742,182942,different_physical_edge,S10_3d_complex_C02:node:node_0095,183602,0.03277009577593214,5
fit,S10,terminal,1,S10_3d_complex_C02:node:node_0081,183195,183209,same_edge_reverse_view,S08_3d_loop_rich_C02:node:node_0007,118132,0.011321181092833296,5
fit,S10,junction,3,S10_3d_complex_C02:node:node_0083,182994,183334,different_physical_edge,S04_3d_unicyclic_small_C04:node:node_0031,40870,0.026104664472243907,5
fit,S10,junction,3,S10_3d_complex_C02:node:node_0095,183602,183687,different_physical_edge,S08_3d_loop_rich_C06:node:node_0092,131906,0.00868469675748522,5
fit,S10,junction,3,S10_3d_complex_C02:node:node_0106,183504,183884,different_physical_edge,S04_3d_unicyclic_small_C05:node:node_0036,42149,0.015372271982774228,5
fit,S10,terminal,1,S10_3d_complex_C02:node:node_0107,183957,183939,same_edge_reverse_view,S07_flat_loop_rich_C05:node:node_0047,101618,0.016733891837300147,5
fit,S10,junction,3,S10_3d_complex_C02:node:node_0112,183541,183728,different_physical_edge,S08_3d_loop_rich_C04:node:node_0040,124702,0.01212393223201444,5
fit,S10,junction,3,S10_3d_complex_C02:node:node_0113,183942,184124,different_physical_edge,S04_3d_unicyclic_small_C01:node:node_0053,36794,0.018603303466425067,5
fit,S10,terminal,1,S10_3d_complex_C02:node:node_0142,184609,184604,same_edge_reverse_view,S06_3d_branch_medium_C01:node:node_0011,69160,0.03463743012017484,5
fit,S10,terminal,1,S10_3d_complex_C02:node:node_0163,184994,185007,same_edge_reverse_view,S08_3d_loop_rich_C04:node:node_0091,126110,0.013108745011211412,5
fit,S10,junction,3,S10_3d_complex_C03:node:node_0019,185480,185626,different_physical_edge,S07_flat_loop_rich_C02:node:node_0014,91472,0.009420780955150785,5
fit,S10,junction,3,S10_3d_complex_C03:node:node_0028,185836,185937,different_physical_edge,S04_3d_unicyclic_small_C01:node:node_0076,37344,0.025261819602223772,5
fit,S10,junction,3,S10_3d_complex_C03:node:node_0030,185890,186006,different_physical_edge,S06_3d_branch_medium_C01:node:node_0074,70200,0.024689647905740963,5
fit,S10,junction,3,S10_3d_complex_C03:node:node_0038,185752,186208,different_physical_edge,S08_3d_loop_rich_C03:node:node_0058,122708,0.013738194268049926,5
fit,S10,terminal,1,S10_3d_complex_C03:node:node_0051,186146,186157,same_edge_reverse_view,S08_3d_loop_rich_C02:node:node_0007,118132,0.02478038599501842,5
fit,S10,junction,3,S10_3d_complex_C03:node:node_0053,186064,186431,different_physical_edge,S08_3d_loop_rich_C05:node:node_0128,129639,0.014337669805777307,5
fit,S10,terminal,1,S10_3d_complex_C03:node:node_0057,186540,186508,same_edge_reverse_view,S08_3d_loop_rich_C05:node:node_0120,129738,0.012718001062492648,5
fit,S10,junction,4,S10_3d_complex_C03:node:node_0065,186725,186750,different_physical_edge,S06_3d_branch_medium_C06:node:node_0054,80575,0.05841970513513764,5
fit,S10,terminal,1,S10_3d_complex_C03:node:node_0077,186852,186857,same_edge_reverse_view,S06_3d_branch_medium_C06:node:node_0074,81320,0.012524657325161562,5
fit,S10,terminal,1,S10_3d_complex_C03:node:node_0088,186972,186986,same_edge_reverse_view,S08_3d_loop_rich_C04:node:node_0000,123626,0.012662370767604854,5
fit,S10,terminal,1,S10_3d_complex_C03:node:node_0099,187245,187249,same_edge_reverse_view,S02_3d_tree_small_C04:node:node_0029,15332,0.011395078353553802,4
fit,S10,junction,3,S10_3d_complex_C03:node:node_0111,187492,187512,different_physical_edge,S10_3d_complex_C02:node:node_0058,182324,0.021171882732339397,5
fit,S10,junction,3,S10_3d_complex_C03:node:node_0114,187606,187654,different_physical_edge,S10_3d_complex_C05:node:node_0109,195486,0.02503881410234957,5
fit,S10,junction,3,S10_3d_complex_C03:node:node_0123,187622,187856,different_physical_edge,S04_3d_unicyclic_small_C01:node:node_0013,36236,0.02290743568446698,5
fit,S10,junction,3,S10_3d_complex_C03:node:node_0127,187930,187958,different_physical_edge,S08_3d_loop_rich_C04:node:node_0043,124785,0.008474608984636638,5
fit,S10,terminal,1,S10_3d_complex_C03:node:node_0129,187983,187984,same_identity_distinct_observation,S09_flat_complex_C06:node:node_0031,163926,0.024303854508802777,5
fit,S10,junction,3,S10_3d_complex_C03:node:node_0135,188020,188096,different_physical_edge,S10_3d_complex_C03:node:node_0114,187606,0.02615389418831097,5
fit,S10,terminal,1,S10_3d_complex_C03:node:node_0140,188178,188185,same_edge_reverse_view,S10_3d_complex_C05:node:node_0104,195362,0.00905627476905607,5
fit,S10,junction,3,S10_3d_complex_C03:node:node_0144,188246,188274,different_physical_edge,S05_flat_branch_medium_C01:node:node_0047,49170,0.006788473956426953,5
fit,S10,terminal,1,S10_3d_complex_C03:node:node_0148,188336,188342,same_edge_reverse_view,S05_flat_branch_medium_C04:node:node_0037,56609,0.006269733619181699,5
fit,S10,terminal,1,S10_3d_complex_C03:node:node_0161,188695,188709,same_edge_reverse_view,S02_3d_tree_small_C01:node:node_0055,12153,0.029366669168659616,5
fit,S10,terminal,1,S10_3d_complex_C04:node:node_0001,188726,188734,same_edge_reverse_view,S08_3d_loop_rich_C01:node:node_0075,116138,0.008226392782513005,5
fit,S10,junction,3,S10_3d_complex_C04:node:node_0006,188828,188848,different_physical_edge,S08_3d_loop_rich_C02:node:node_0071,119684,0.01738861741862077,5
fit,S10,junction,3,S10_3d_complex_C04:node:node_0025,189164,189218,different_physical_edge,S06_3d_branch_medium_C05:node:node_0009,77476,0.011052703436784363,5
fit,S10,terminal,1,S10_3d_complex_C04:node:node_0031,189400,189392,same_edge_reverse_view,S06_3d_branch_medium_C02:node:node_0079,72342,0.013328161697918969,5
fit,S10,junction,3,S10_3d_complex_C04:node:node_0043,189462,189565,different_physical_edge,S04_3d_unicyclic_small_C02:node:node_0012,37492,0.02284979747156965,5
fit,S10,junction,3,S10_3d_complex_C04:node:node_0044,189498,189607,different_physical_edge,S04_3d_unicyclic_small_C02:node:node_0009,37510,0.0756072324272735,5
fit,S10,terminal,1,S10_3d_complex_C04:node:node_0049,189670,189650,same_edge_reverse_view,S02_3d_tree_small_C03:node:node_0000,13407,0.01138988328723796,5
fit,S10,terminal,1,S10_3d_complex_C04:node:node_0056,189684,189689,same_edge_reverse_view,S06_3d_branch_medium_C02:node:node_0031,71377,0.011810774193306003,5
fit,S10,junction,3,S10_3d_complex_C04:node:node_0062,189887,189924,different_physical_edge,S05_flat_branch_medium_C06:node:node_0066,61166,0.009959497232569265,5
fit,S10,junction,3,S10_3d_complex_C04:node:node_0097,190962,191127,different_physical_edge,S03_flat_unicyclic_small_C03:node:node_0039,26992,0.01853199550387191,5
fit,S10,junction,3,S10_3d_complex_C04:node:node_0107,190775,191190,different_physical_edge,S05_flat_branch_medium_C06:node:node_0021,60148,0.009751524497742992,5
fit,S10,junction,3,S10_3d_complex_C04:node:node_0110,190992,191500,different_physical_edge,S08_3d_loop_rich_C04:node:node_0090,126025,0.008501142791852342,5
fit,S10,terminal,1,S10_3d_complex_C04:node:node_0119,191784,191748,same_edge_reverse_view,S05_flat_branch_medium_C01:node:node_0050,49292,0.009452458142020061,5
fit,S10,junction,3,S10_3d_complex_C04:node:node_0121,191592,191826,different_physical_edge,S08_3d_loop_rich_C02:node:node_0028,118914,0.015284549455058671,5
fit,S10,terminal,1,S10_3d_complex_C04:node:node_0131,192085,192078,same_edge_reverse_view,S08_3d_loop_rich_C06:node:node_0088,132177,0.013516575687305878,5
fit,S10,junction,3,S10_3d_complex_C04:node:node_0145,192174,192363,different_physical_edge,S08_3d_loop_rich_C05:node:node_0128,129639,0.02238928924220428,5
fit,S10,terminal,1,S10_3d_complex_C04:node:node_0146,192392,192400,same_edge_reverse_view,S02_3d_tree_small_C06:node:node_0043,18448,0.005912881367684466,5
fit,S10,terminal,1,S10_3d_complex_C04:node:node_0153,192544,192538,same_edge_reverse_view,S08_3d_loop_rich_C06:node:node_0106,132488,0.012374014645943968,5
fit,S10,junction,3,S10_3d_complex_C04:node:node_0159,192526,192574,different_physical_edge,S06_3d_branch_medium_C03:node:node_0069,73754,0.028530188212392983,5
fit,S10,terminal,1,S10_3d_complex_C04:node:node_0161,192285,192299,same_edge_reverse_view,S09_flat_complex_C05:node:node_0095,161224,0.011835126772775574,5
fit,S10,junction,4,S10_3d_complex_C04:node:node_0164,192550,192650,different_physical_edge,S10_3d_complex_C01:node:node_0029,178688,0.037358052612761476,5
fit,S10,terminal,1,S10_3d_complex_C05:node:node_0000,193015,193008,same_edge_reverse_view,S06_3d_branch_medium_C02:node:node_0031,71377,0.0073716641860898085,5
fit,S10,junction,3,S10_3d_complex_C05:node:node_0007,193087,193073,different_physical_edge,S09_flat_complex_C06:node:node_0047,164036,0.017962716924753305,5
fit,S10,junction,3,S10_3d_complex_C05:node:node_0017,193243,193266,different_physical_edge,S10_3d_complex_C05:node:node_0069,194196,0.029965528442096902,5
fit,S10,terminal,1,S10_3d_complex_C05:node:node_0022,193345,193342,same_edge_reverse_view,S08_3d_loop_rich_C06:node:node_0066,131698,0.023179208850189148,3
fit,S10,junction,4,S10_3d_complex_C05:node:node_0027,193310,193438,different_physical_edge,S06_3d_branch_medium_C06:node:node_0054,80575,0.061197973392898196,5
fit,S10,junction,3,S10_3d_complex_C05:node:node_0048,193898,193910,different_physical_edge,S10_3d_complex_C01:node:node_0062,179286,0.039089121564227156,5
fit,S10,terminal,1,S10_3d_complex_C05:node:node_0053,193762,193776,same_edge_reverse_view,S06_3d_branch_medium_C06:node:node_0074,81320,0.015059984839993225,5
fit,S10,terminal,1,S10_3d_complex_C05:node:node_0057,193984,193993,same_edge_reverse_view,S10_3d_complex_C06:node:node_0011,196957,0.02314407241557085,5
fit,S10,junction,3,S10_3d_complex_C05:node:node_0069,194196,194457,different_physical_edge,S10_3d_complex_C05:node:node_0017,193243,0.029965528442096902,5
fit,S10,junction,3,S10_3d_complex_C05:node:node_0099,195095,195174,different_physical_edge,S10_3d_complex_C05:node:node_0109,195486,0.017925434351625545,5
fit,S10,terminal,1,S10_3d_complex_C05:node:node_0104,195362,195376,same_edge_reverse_view,S10_3d_complex_C03:node:node_0140,188178,0.00905627476905607,5
fit,S10,junction,3,S10_3d_complex_C05:node:node_0109,195486,195522,different_physical_edge,S10_3d_complex_C05:node:node_0099,195095,0.017925434351625545,5
fit,S10,terminal,1,S10_3d_complex_C05:node:node_0114,195540,195548,same_edge_reverse_view,S10_3d_complex_C05:node:node_0132,195873,0.011983822007911706,5
fit,S10,junction,3,S10_3d_complex_C05:node:node_0128,195718,195784,different_physical_edge,S04_3d_unicyclic_small_C06:node:node_0051,43766,0.046821920641598805,5
fit,S10,terminal,1,S10_3d_complex_C05:node:node_0132,195873,195879,same_edge_reverse_view,S04_3d_unicyclic_small_C05:node:node_0015,41846,0.010620750511813142,5
fit,S10,junction,3,S10_3d_complex_C05:node:node_0134,195810,195956,different_physical_edge,S10_3d_complex_C05:node:node_0155,196372,0.006995925983568815,5
fit,S10,junction,3,S10_3d_complex_C05:node:node_0146,196128,196197,different_physical_edge,S10_3d_complex_C05:node:node_0134,195810,0.019641313570240446,5
fit,S10,junction,3,S10_3d_complex_C05:node:node_0155,196372,196399,different_physical_edge,S10_3d_complex_C05:node:node_0134,195810,0.006995925983568815,5
fit,S10,junction,3,S10_3d_complex_C05:node:node_0163,196436,196496,different_physical_edge,S07_flat_loop_rich_C03:node:node_0066,96260,0.06109376349624988,5
fit,S10,terminal,1,S10_3d_complex_C05:node:node_0165,196407,196420,same_edge_reverse_view,S10_3d_complex_C05:node:node_0000,193015,0.05983735971455282,5
fit,S10,terminal,1,S10_3d_complex_C05:node:node_0166,196538,196545,same_edge_reverse_view,S08_3d_loop_rich_C05:node:node_0057,128428,0.024107966057214675,5
fit,S10,junction,3,S10_3d_complex_C06:node:node_0006,196775,196806,different_physical_edge,S08_3d_loop_rich_C02:node:node_0071,119684,0.01699604997146264,5
fit,S10,terminal,1,S10_3d_complex_C06:node:node_0011,196957,196952,same_edge_reverse_view,S10_3d_complex_C05:node:node_0057,193984,0.02314407241557085,5
fit,S10,junction,3,S10_3d_complex_C06:node:node_0021,197259,197281,different_physical_edge,S10_3d_complex_C06:node:node_0077,198068,0.01032524557224792,5
fit,S10,junction,3,S10_3d_complex_C06:node:node_0030,197104,197418,different_physical_edge,S09_flat_complex_C06:node:node_0017,163554,0.02419779374297113,5
fit,S10,terminal,1,S10_3d_complex_C06:node:node_0032,197178,197192,same_edge_reverse_view,S05_flat_branch_medium_C06:node:node_0051,61024,0.01517643002917403,5
fit,S10,junction,4,S10_3d_complex_C06:node:node_0040,197544,197671,different_physical_edge,S05_flat_branch_medium_C03:node:node_0036,53894,0.015322046366162986,5
fit,S10,terminal,1,S10_3d_complex_C06:node:node_0041,197747,197744,same_edge_reverse_view,S08_3d_loop_rich_C05:node:node_0057,128428,0.03429682133057607,3
fit,S10,terminal,1,S10_3d_complex_C06:node:node_0044,197798,197778,same_edge_reverse_view,S02_3d_tree_small_C01:node:node_0000,10881,0.022126411844483263,5
fit,S10,junction,3,S10_3d_complex_C06:node:node_0054,197630,197984,different_physical_edge,S08_3d_loop_rich_C02:node:node_0072,119794,0.022233075327097732,5
fit,S10,terminal,1,S10_3d_complex_C06:node:node_0061,198183,198176,same_edge_reverse_view,S02_3d_tree_small_C03:node:node_0032,14382,0.01599468290406366,5
fit,S10,junction,3,S10_3d_complex_C06:node:node_0066,198106,198275,different_physical_edge,S10_3d_complex_C03:node:node_0030,185890,0.0396979079569224,5
fit,S10,junction,3,S10_3d_complex_C06:node:node_0077,198068,198450,different_physical_edge,S10_3d_complex_C06:node:node_0021,197259,0.01032524557224792,5
fit,S10,terminal,1,S10_3d_complex_C06:node:node_0086,198701,198692,same_edge_reverse_view,S08_3d_loop_rich_C06:node:node_0088,132177,0.011642285691336624,5
fit,S10,junction,4,S10_3d_complex_C06:node:node_0106,198742,198858,different_physical_edge,S06_3d_branch_medium_C05:node:node_0040,78112,0.06966002555184342,5
fit,S10,terminal,1,S10_3d_complex_C06:node:node_0107,198465,198477,same_edge_reverse_view,S10_3d_complex_C04:node:node_0161,192285,0.015693464552416096,5
fit,S10,terminal,1,S10_3d_complex_C06:node:node_0112,199214,199196,same_edge_reverse_view,S07_flat_loop_rich_C03:node:node_0100,97007,0.09318118681023149,5
fit,S10,terminal,1,S10_3d_complex_C06:node:node_0115,198948,198961,same_edge_reverse_view,S06_3d_branch_medium_C05:node:node_0005,77310,0.014096040830417732,5
fit,S10,terminal,1,S10_3d_complex_C06:node:node_0120,199186,199193,same_edge_reverse_view,S06_3d_branch_medium_C06:node:node_0042,80547,0.01532156310752306,5
fit,S10,junction,3,S10_3d_complex_C06:node:node_0123,198762,199408,different_physical_edge,S04_3d_unicyclic_small_C05:node:node_0017,41856,0.01353537365969403,5
fit,S10,junction,3,S10_3d_complex_C06:node:node_0128,199200,199486,different_physical_edge,S09_flat_complex_C04:node:node_0061,156692,0.04593566473568874,5
fit,S10,junction,3,S10_3d_complex_C06:node:node_0130,199222,199462,different_physical_edge,S06_3d_branch_medium_C05:node:node_0073,78865,0.02828229942984821,5
fit,S10,terminal,1,S10_3d_complex_C06:node:node_0142,199421,199427,same_edge_reverse_view,S06_3d_branch_medium_C03:node:node_0059,73403,0.012000203969577995,5
fit,S10,junction,3,S10_3d_complex_C06:node:node_0148,199605,199732,different_physical_edge,S08_3d_loop_rich_C04:node:node_0090,126025,0.007001402216939275,5
fit,S10,junction,3,S10_3d_complex_C06:node:node_0157,199974,199992,different_physical_edge,S07_flat_loop_rich_C06:node:node_0077,105105,0.04572953559914243,5
selection,S10,junction,3,S10_3d_complex_C07:node:node_0000,200160,200186,different_physical_edge,S01_flat_tree_small_C07:node:node_0044,7946,0.0256480516165862,5
selection,S10,terminal,1,S10_3d_complex_C07:node:node_0004,200229,200243,same_edge_reverse_view,S03_flat_unicyclic_small_C08:node:node_0055,34436,0.01006091758490052,5
selection,S10,terminal,1,S10_3d_complex_C07:node:node_0017,200604,200598,same_edge_reverse_view,S10_3d_complex_C08:node:node_0020,204669,0.011290851001544294,5
selection,S10,terminal,1,S10_3d_complex_C07:node:node_0022,200694,200670,same_edge_reverse_view,S09_flat_complex_C07:node:node_0017,167106,0.0909803658405751,5
selection,S10,junction,3,S10_3d_complex_C07:node:node_0028,200675,200770,different_physical_edge,S10_3d_complex_C08:node:node_0015,204593,0.03324733696994897,5
selection,S10,junction,3,S10_3d_complex_C07:node:node_0044,201044,201115,different_physical_edge,S09_flat_complex_C07:node:node_0094,168908,0.03586437092888318,5
selection,S10,junction,3,S10_3d_complex_C07:node:node_0055,201430,201456,different_physical_edge,S06_3d_branch_medium_C08:node:node_0018,83852,0.009915294558599895,5
selection,S10,junction,3,S10_3d_complex_C07:node:node_0074,201756,201884,different_physical_edge,S10_3d_complex_C07:node:node_0141,203589,0.02720313815904811,5
selection,S10,junction,3,S10_3d_complex_C07:node:node_0075,201727,201902,different_physical_edge,S10_3d_complex_C07:node:node_0120,202932,0.016735841583730107,5
selection,S10,junction,3,S10_3d_complex_C07:node:node_0076,201692,201934,different_physical_edge,S02_3d_tree_small_C07:node:node_0044,19626,0.027849918138590453,5
selection,S10,junction,3,S10_3d_complex_C07:node:node_0080,202178,202220,different_physical_edge,S08_3d_loop_rich_C08:node:node_0039,137412,0.008634272937597753,5
selection,S10,terminal,1,S10_3d_complex_C07:node:node_0106,202762,202776,same_edge_reverse_view,S06_3d_branch_medium_C08:node:node_0062,84869,0.01891393883029798,5
selection,S10,junction,3,S10_3d_complex_C07:node:node_0119,203056,203334,different_physical_edge,S02_3d_tree_small_C08:node:node_0033,20662,0.01043396083176422,5
selection,S10,junction,3,S10_3d_complex_C07:node:node_0120,202932,203398,different_physical_edge,S10_3d_complex_C07:node:node_0075,201727,0.016735841583730107,5
selection,S10,terminal,1,S10_3d_complex_C07:node:node_0122,203496,203472,same_edge_reverse_view,S01_flat_tree_small_C08:node:node_0050,9330,0.03053816088855396,5
selection,S10,terminal,1,S10_3d_complex_C07:node:node_0129,203276,203289,same_edge_reverse_view,S02_3d_tree_small_C07:node:node_0042,19572,0.02682448198221632,5
selection,S10,junction,3,S10_3d_complex_C07:node:node_0137,203560,203726,different_physical_edge,S10_3d_complex_C08:node:node_0052,205578,0.022191298693464943,5
selection,S10,junction,3,S10_3d_complex_C07:node:node_0141,203589,203656,different_physical_edge,S06_3d_branch_medium_C08:node:node_0076,85252,0.009338687220892495,5
selection,S10,terminal,1,S10_3d_complex_C07:node:node_0144,203421,203435,same_edge_reverse_view,S06_3d_branch_medium_C07:node:node_0085,83550,0.013028661887589308,5
selection,S10,terminal,1,S10_3d_complex_C07:node:node_0147,203625,203639,same_edge_reverse_view,S06_3d_branch_medium_C08:node:node_0042,84670,0.013578790017788427,5
selection,S10,junction,3,S10_3d_complex_C07:node:node_0158,204042,204066,different_physical_edge,S06_3d_branch_medium_C07:node:node_0014,82028,0.01828142554225346,5
selection,S10,terminal,1,S10_3d_complex_C07:node:node_0161,204130,204120,same_edge_reverse_view,S08_3d_loop_rich_C07:node:node_0014,133685,0.013885169807766596,5
selection,S10,terminal,1,S10_3d_complex_C08:node:node_0000,204296,204274,same_edge_reverse_view,S02_3d_tree_small_C07:node:node_0033,19366,0.015947539565214074,5
selection,S10,junction,3,S10_3d_complex_C08:node:node_0013,204468,204520,different_physical_edge,S08_3d_loop_rich_C07:node:node_0012,133557,0.019744261045428563,5
selection,S10,junction,3,S10_3d_complex_C08:node:node_0015,204593,204618,different_physical_edge,S10_3d_complex_C07:node:node_0076,201692,0.03145599121718385,5
selection,S10,junction,3,S10_3d_complex_C08:node:node_0019,204637,204724,different_physical_edge,S09_flat_complex_C07:node:node_0122,169530,0.013723355314228686,5
selection,S10,terminal,1,S10_3d_complex_C08:node:node_0020,204669,204673,same_edge_reverse_view,S10_3d_complex_C08:node:node_0048,205594,0.007332696094466398,4
selection,S10,junction,3,S10_3d_complex_C08:node:node_0037,205202,205309,different_physical_edge,S08_3d_loop_rich_C07:node:node_0091,135768,0.02832834301084755,5
selection,S10,terminal,1,S10_3d_complex_C08:node:node_0047,205522,205533,same_edge_reverse_view,S10_3d_complex_C08:node:node_0136,207855,0.019027456542959797,5
selection,S10,terminal,1,S10_3d_complex_C08:node:node_0048,205594,205576,same_edge_reverse_view,S10_3d_complex_C08:node:node_0020,204669,0.007332696094466398,5
selection,S10,junction,3,S10_3d_complex_C08:node:node_0052,205578,205720,different_physical_edge,S06_3d_branch_medium_C08:node:node_0044,84423,0.015747443788990397,5
selection,S10,junction,3,S10_3d_complex_C08:node:node_0061,205823,206000,different_physical_edge,S10_3d_complex_C08:node:node_0087,206649,0.015560975829819157,5
selection,S10,junction,3,S10_3d_complex_C08:node:node_0062,205762,205929,different_physical_edge,S08_3d_loop_rich_C07:node:node_0015,133598,0.09808618057121186,5
selection,S10,junction,3,S10_3d_complex_C08:node:node_0079,206418,206448,different_physical_edge,S10_3d_complex_C07:node:node_0055,201430,0.025558545131470444,5
selection,S10,junction,3,S10_3d_complex_C08:node:node_0087,206649,206829,different_physical_edge,S10_3d_complex_C08:node:node_0061,205823,0.015560975829819157,5
selection,S10,terminal,1,S10_3d_complex_C08:node:node_0092,207026,207014,same_edge_reverse_view,S05_flat_branch_medium_C08:node:node_0098,66714,0.009464514956804952,5
selection,S10,junction,3,S10_3d_complex_C08:node:node_0111,207104,207362,different_physical_edge,S10_3d_complex_C08:node:node_0161,208114,0.015760361034565715,5
selection,S10,terminal,1,S10_3d_complex_C08:node:node_0128,207540,207549,same_edge_reverse_view,S08_3d_loop_rich_C08:node:node_0075,138586,0.03351646990482001,5
selection,S10,terminal,1,S10_3d_complex_C08:node:node_0131,207765,207760,same_edge_reverse_view,S09_flat_complex_C08:node:node_0061,171952,0.06395934177386607,5
selection,S10,junction,3,S10_3d_complex_C08:node:node_0133,207327,207704,different_physical_edge,S08_3d_loop_rich_C07:node:node_0048,134602,0.02766254583114388,5
selection,S10,terminal,1,S10_3d_complex_C08:node:node_0136,207855,207846,same_edge_reverse_view,S10_3d_complex_C08:node:node_0047,205522,0.019027456542959797,5
selection,S10,junction,3,S10_3d_complex_C08:node:node_0141,207730,207923,different_physical_edge,S09_flat_complex_C08:node:node_0142,174023,0.010214392365248362,5
selection,S10,junction,3,S10_3d_complex_C08:node:node_0153,207865,208026,different_physical_edge,S08_3d_loop_rich_C08:node:node_0062,138088,0.02406515101804637,5
selection,S10,junction,3,S10_3d_complex_C08:node:node_0161,208114,208176,different_physical_edge,S10_3d_complex_C08:node:node_0111,207104,0.015760361034565715,5
selection,S10,terminal,1,S10_3d_complex_C08:node:node_0162,208078,208092,same_edge_reverse_view,S08_3d_loop_rich_C07:node:node_0006,133457,0.03785508967603403,5
selection,S10,terminal,1,S10_3d_complex_C08:node:node_0163,208198,208212,same_edge_reverse_view,S04_3d_unicyclic_small_C07:node:node_0032,44792,0.016772268556820975,5
