I20260909 04:41:41.482674   759 skeleton_planner.h:31] Setting ESDF layer.
I20260909 04:41:41.574451   759 skeleton_generator.cpp:226] [GVD] Finished finding GVD candidates. Number of skeleton points: 64737 edges: 7090
I20260909 04:41:41.597468   759 skeleton_generator.cpp:1093] [Prune] Number of vertices before prune: 2802 Number of deleted vertices: 713
I20260909 04:41:41.604933   759 skeleton_planner.h:170] Found solution in: 1
I20260909 04:41:41.604945   759 skeleton_planner.h:170] Found solution in: 4
I20260909 04:41:41.604951   759 skeleton_planner.h:170] Found solution in: 4
I20260909 04:41:41.604970   759 skeleton_planner.h:170] Found solution in: 5
I20260909 04:41:41.604977   759 skeleton_planner.h:170] Found solution in: 1
I20260909 04:41:41.604983   759 skeleton_planner.h:170] Found solution in: 4
I20260909 04:41:41.605008   759 skeleton_planner.h:170] Found solution in: 6
I20260909 04:41:41.605016   759 skeleton_planner.h:170] Found solution in: 1
I20260909 04:41:41.605019   759 skeleton_planner.h:170] Found solution in: 2
I20260909 04:41:41.605034   759 skeleton_planner.h:170] Found solution in: 5
I20260909 04:41:41.605043   759 skeleton_planner.h:170] Found solution in: 1
I20260909 04:41:41.605049   759 skeleton_planner.h:170] Found solution in: 6
I20260909 04:41:41.605057   759 skeleton_planner.h:170] Found solution in: 7
I20260909 04:41:41.605063   759 skeleton_planner.h:170] Found solution in: 7
I20260909 04:41:41.605068   759 skeleton_planner.h:170] Found solution in: 5
I20260909 04:41:41.605073   759 skeleton_planner.h:170] Found solution in: 1
I20260909 04:41:41.605079   759 skeleton_planner.h:170] Found solution in: 6
I20260909 04:41:41.605088   759 skeleton_planner.h:170] Found solution in: 8
I20260909 04:41:41.605096   759 skeleton_planner.h:170] Found solution in: 1
I20260909 04:41:41.605115   759 skeleton_planner.h:170] Found solution in: 23
I20260909 04:41:41.605173   759 skeleton_planner.h:170] Found solution in: 64
I20260909 04:41:41.605196   759 skeleton_planner.h:170] Found solution in: 26
I20260909 04:41:41.605290   759 skeleton_planner.h:170] Found solution in: 5
I20260909 04:41:41.605300   759 skeleton_planner.h:170] Found solution in: 1
I20260909 04:41:41.605304   759 skeleton_planner.h:170] Found solution in: 2
I20260909 04:41:41.605324   759 skeleton_planner.h:170] Found solution in: 4
I20260909 04:41:41.605333   759 skeleton_planner.h:170] Found solution in: 1
I20260909 04:41:41.605340   759 skeleton_planner.h:170] Found solution in: 5
I20260909 04:41:41.605345   759 skeleton_planner.h:170] Found solution in: 4
I20260909 04:41:41.605435   759 skeleton_planner.h:170] Found solution in: 5
I20260909 04:41:41.605443   759 skeleton_planner.h:170] Found solution in: 1
I20260909 04:41:41.605455   759 skeleton_planner.h:170] Found solution in: 1
I20260909 04:41:41.605459   759 skeleton_planner.h:170] Found solution in: 3
I20260909 04:41:41.605479   759 skeleton_planner.h:170] Found solution in: 6
I20260909 04:41:41.605487   759 skeleton_planner.h:170] Found solution in: 1
I20260909 04:41:41.605579   759 skeleton_planner.h:170] Found solution in: 3
I20260909 04:41:41.605587   759 skeleton_planner.h:170] Found solution in: 1
I20260909 04:41:41.605590   759 skeleton_planner.h:170] Found solution in: 2
I20260909 04:41:41.605608   759 skeleton_planner.h:170] Found solution in: 5
I20260909 04:41:41.605616   759 skeleton_planner.h:170] Found solution in: 1
I20260909 04:41:41.605705   759 skeleton_planner.h:170] Found solution in: 4
I20260909 04:41:41.605712   759 skeleton_planner.h:170] Found solution in: 1
I20260909 04:41:41.605726   759 skeleton_planner.h:170] Found solution in: 4
I20260909 04:41:41.605738   759 skeleton_planner.h:170] Found solution in: 1
I20260909 04:41:41.605744   759 skeleton_planner.h:170] Found solution in: 6
I20260909 04:41:41.605777   759 skeleton_planner.h:170] Found solution in: 10
I20260909 04:41:41.605785   759 skeleton_planner.h:170] Found solution in: 1
I20260909 04:41:41.605792   759 skeleton_planner.h:170] Found solution in: 1
I20260909 04:41:41.605795   759 skeleton_planner.h:170] Found solution in: 2
I20260909 04:41:41.605813   759 skeleton_planner.h:170] Found solution in: 3
I20260909 04:41:41.605820   759 skeleton_planner.h:170] Found solution in: 1
I20260909 04:41:41.605825   759 skeleton_planner.h:170] Found solution in: 3
I20260909 04:41:41.605831   759 skeleton_planner.h:170] Found solution in: 1
I20260909 04:41:41.605839   759 skeleton_planner.h:170] Found solution in: 1
I20260909 04:41:41.605850   759 skeleton_planner.h:170] Found solution in: 3
I20260909 04:41:41.605857   759 skeleton_planner.h:170] Found solution in: 1
I20260909 04:41:41.605860   759 skeleton_planner.h:170] Found solution in: 2
I20260909 04:41:41.605870   759 skeleton_planner.h:170] Found solution in: 3
I20260909 04:41:41.605878   759 skeleton_planner.h:170] Found solution in: 1
I20260909 04:41:41.605901   759 skeleton_planner.h:170] Found solution in: 25
I20260909 04:41:41.605907   759 skeleton_planner.h:170] Found solution in: 1
I20260909 04:41:41.605911   759 skeleton_planner.h:170] Found solution in: 4
I20260909 04:41:41.605921   759 skeleton_planner.h:170] Found solution in: 1
I20260909 04:41:41.605969   759 skeleton_planner.h:170] Found solution in: 4
I20260909 04:41:41.605976   759 skeleton_planner.h:170] Found solution in: 1
I20260909 04:41:41.605981   759 skeleton_planner.h:170] Found solution in: 4
I20260909 04:41:41.606010   759 skeleton_planner.h:170] Found solution in: 10
I20260909 04:41:41.606020   759 skeleton_planner.h:170] Found solution in: 1
I20260909 04:41:41.606117   759 skeleton_planner.h:170] Found solution in: 3
I20260909 04:41:41.606123   759 skeleton_planner.h:170] Found solution in: 1
I20260909 04:41:41.606130   759 skeleton_planner.h:170] Found solution in: 1
I20260909 04:41:41.606137   759 skeleton_planner.h:170] Found solution in: 1
I20260909 04:41:41.606185   759 skeleton_planner.h:170] Found solution in: 51
I20260909 04:41:41.606192   759 skeleton_planner.h:170] Found solution in: 5
I20260909 04:41:41.606199   759 skeleton_planner.h:170] Found solution in: 1
I20260909 04:41:41.606204   759 skeleton_planner.h:170] Found solution in: 3
I20260909 04:41:41.606266   759 skeleton_planner.h:170] Found solution in: 18
I20260909 04:41:41.606277   759 skeleton_planner.h:170] Found solution in: 1
I20260909 04:41:41.606285   759 skeleton_planner.h:170] Found solution in: 7
I20260909 04:41:41.606294   759 skeleton_planner.h:170] Found solution in: 9
I20260909 04:41:41.606300   759 skeleton_planner.h:170] Found solution in: 1
I20260909 04:41:41.606304   759 skeleton_planner.h:170] Found solution in: 2
I20260909 04:41:41.606316   759 skeleton_planner.h:170] Found solution in: 4
I20260909 04:41:41.606326   759 skeleton_planner.h:170] Found solution in: 1
I20260909 04:41:41.606431   759 skeleton_planner.h:170] Found solution in: 5
I20260909 04:41:41.606438   759 skeleton_planner.h:170] Found solution in: 1
I20260909 04:41:41.606442   759 skeleton_planner.h:170] Found solution in: 2
I20260909 04:41:41.606453   759 skeleton_planner.h:170] Found solution in: 3
I20260909 04:41:41.606462   759 skeleton_planner.h:170] Found solution in: 1
I20260909 04:41:41.606468   759 skeleton_planner.h:170] Found solution in: 5
I20260909 04:41:41.606475   759 skeleton_planner.h:170] Found solution in: 6
I20260909 04:41:41.606483   759 skeleton_planner.h:170] Found solution in: 1
I20260909 04:41:41.606489   759 skeleton_planner.h:170] Found solution in: 1
I20260909 04:41:41.606494   759 skeleton_planner.h:170] Found solution in: 3
I20260909 04:41:41.606498   759 skeleton_planner.h:170] Found solution in: 3
I20260909 04:41:41.606585   759 skeleton_planner.h:170] Found solution in: 5
I20260909 04:41:41.606592   759 skeleton_planner.h:170] Found solution in: 1
I20260909 04:41:41.606601   759 skeleton_planner.h:170] Found solution in: 9
I20260909 04:41:41.606609   759 skeleton_planner.h:170] Found solution in: 1
I20260909 04:41:41.606650   759 skeleton_planner.h:170] Found solution in: 4
I20260909 04:41:41.606660   759 skeleton_planner.h:170] Found solution in: 1
I20260909 04:41:41.606668   759 skeleton_planner.h:170] Found solution in: 9
I20260909 04:41:41.606676   759 skeleton_planner.h:170] Found solution in: 1
I20260909 04:41:41.606685   759 skeleton_planner.h:170] Found solution in: 4
I20260909 04:41:41.606698   759 skeleton_planner.h:170] Found solution in: 4
I20260909 04:41:41.606709   759 skeleton_planner.h:170] Found solution in: 1
I20260909 04:41:41.606716   759 skeleton_planner.h:170] Found solution in: 6
I20260909 04:41:41.606724   759 skeleton_planner.h:170] Found solution in: 6
I20260909 04:41:41.606751   759 skeleton_planner.h:170] Found solution in: 8
I20260909 04:41:41.606761   759 skeleton_planner.h:170] Found solution in: 1
I20260909 04:41:41.606845   759 skeleton_planner.h:170] Found solution in: 5
I20260909 04:41:41.606853   759 skeleton_planner.h:170] Found solution in: 1
I20260909 04:41:41.606943   759 skeleton_planner.h:170] Found solution in: 3
I20260909 04:41:41.606952   759 skeleton_planner.h:170] Found solution in: 1
I20260909 04:41:41.606958   759 skeleton_planner.h:170] Found solution in: 1
I20260909 04:41:41.606962   759 skeleton_planner.h:170] Found solution in: 3
I20260909 04:41:41.606967   759 skeleton_planner.h:170] Found solution in: 5
I20260909 04:41:41.606974   759 skeleton_planner.h:170] Found solution in: 1
I20260909 04:41:41.606978   759 skeleton_planner.h:170] Found solution in: 3
I20260909 04:41:41.606992   759 skeleton_planner.h:170] Found solution in: 4
I20260909 04:41:41.607004   759 skeleton_planner.h:170] Found solution in: 1
I20260909 04:41:41.607010   759 skeleton_planner.h:170] Found solution in: 4
I20260909 04:41:41.607018   759 skeleton_planner.h:170] Found solution in: 7
I20260909 04:41:41.607026   759 skeleton_planner.h:170] Found solution in: 1
I20260909 04:41:41.607029   759 skeleton_planner.h:170] Found solution in: 3
I20260909 04:41:41.607033   759 skeleton_planner.h:170] Found solution in: 3
I20260909 04:41:41.607045   759 skeleton_planner.h:170] Found solution in: 4
I20260909 04:41:41.607054   759 skeleton_planner.h:170] Found solution in: 1
I20260909 04:41:41.607059   759 skeleton_planner.h:170] Found solution in: 2
I20260909 04:41:41.607259   759 skeleton_planner.h:170] Found solution in: 50
I20260909 04:41:41.607378   759 skeleton_planner.h:170] Found solution in: 78
I20260909 04:41:41.607462   759 skeleton_planner.h:170] Found solution in: 41
I20260909 04:41:41.607472   759 skeleton_planner.h:170] Found solution in: 1
I20260909 04:41:41.607477   759 skeleton_planner.h:170] Found solution in: 3
I20260909 04:41:41.607482   759 skeleton_planner.h:170] Found solution in: 5
I20260909 04:41:41.607494   759 skeleton_planner.h:170] Found solution in: 1
I20260909 04:41:41.607498   759 skeleton_planner.h:170] Found solution in: 3
I20260909 04:41:41.607515   759 skeleton_planner.h:170] Found solution in: 5
I20260909 04:41:41.607523   759 skeleton_planner.h:170] Found solution in: 1
I20260909 04:41:41.607527   759 skeleton_planner.h:170] Found solution in: 3
I20260909 04:41:41.607543   759 skeleton_planner.h:170] Found solution in: 3
I20260909 04:41:41.607553   759 skeleton_planner.h:170] Found solution in: 1
I20260909 04:41:41.607555   759 skeleton_planner.h:170] Found solution in: 2
I20260909 04:41:41.607566   759 skeleton_planner.h:170] Found solution in: 3
I20260909 04:41:41.607575   759 skeleton_planner.h:170] Found solution in: 1
I20260909 04:41:41.607589   759 skeleton_planner.h:170] Found solution in: 12
I20260909 04:41:41.607597   759 skeleton_planner.h:170] Found solution in: 6
I20260909 04:41:41.607605   759 skeleton_planner.h:170] Found solution in: 1
I20260909 04:41:41.607609   759 skeleton_planner.h:170] Found solution in: 2
I20260909 04:41:41.607620   759 skeleton_planner.h:170] Found solution in: 3
I20260909 04:41:41.607626   759 skeleton_planner.h:170] Found solution in: 1
I20260909 04:41:41.607638   759 skeleton_planner.h:170] Found solution in: 3
I20260909 04:41:41.607645   759 skeleton_planner.h:170] Found solution in: 1
I20260909 04:41:41.607740   759 skeleton_planner.h:170] Found solution in: 5
I20260909 04:41:41.607748   759 skeleton_planner.h:170] Found solution in: 1
I20260909 04:41:41.607754   759 skeleton_planner.h:170] Found solution in: 4
I20260909 04:41:41.608157   759 skeleton_planner.h:170] Found solution in: 1
I20260909 04:41:41.608172   759 skeleton_planner.h:170] Found solution in: 3
I20260909 04:41:41.608178   759 skeleton_planner.h:170] Found solution in: 1
I20260909 04:41:41.608186   759 skeleton_planner.h:170] Found solution in: 7
I20260909 04:41:41.608217   759 skeleton_planner.h:170] Found solution in: 6
I20260909 04:41:41.608227   759 skeleton_planner.h:170] Found solution in: 1
I20260909 04:41:41.608230   759 skeleton_planner.h:170] Found solution in: 3
I20260909 04:41:41.608254   759 skeleton_planner.h:170] Found solution in: 4
I20260909 04:41:41.608261   759 skeleton_planner.h:170] Found solution in: 1
I20260909 04:41:41.608281   759 skeleton_planner.h:170] Found solution in: 3
I20260909 04:41:41.608287   759 skeleton_planner.h:170] Found solution in: 1
I20260909 04:41:41.608296   759 skeleton_planner.h:170] Found solution in: 3
I20260909 04:41:41.608300   759 skeleton_planner.h:170] Found solution in: 1
I20260909 04:41:41.608316   759 skeleton_planner.h:170] Found solution in: 5
I20260909 04:41:41.608323   759 skeleton_planner.h:170] Found solution in: 1
I20260909 04:41:41.608326   759 skeleton_planner.h:170] Found solution in: 2
I20260909 04:41:41.608335   759 skeleton_planner.h:170] Found solution in: 3
I20260909 04:41:41.608340   759 skeleton_planner.h:170] Found solution in: 1
I20260909 04:41:41.608345   759 skeleton_planner.h:170] Found solution in: 3
I20260909 04:41:41.608355   759 skeleton_planner.h:170] Found solution in: 4
I20260909 04:41:41.608361   759 skeleton_planner.h:170] Found solution in: 1
I20260909 04:41:41.608376   759 skeleton_planner.h:170] Found solution in: 6
I20260909 04:41:41.608382   759 skeleton_planner.h:170] Found solution in: 1
I20260909 04:41:41.608386   759 skeleton_planner.h:170] Found solution in: 3
I20260909 04:41:41.608395   759 skeleton_planner.h:170] Found solution in: 1
I20260909 04:41:41.608493   759 skeleton_planner.h:170] Found solution in: 4
I20260909 04:41:41.608500   759 skeleton_planner.h:170] Found solution in: 1
I20260909 04:41:41.608510   759 skeleton_planner.h:170] Found solution in: 1
I20260909 04:41:41.608522   759 skeleton_planner.h:170] Found solution in: 1
I20260909 04:41:41.608530   759 skeleton_planner.h:170] Found solution in: 7
I20260909 04:41:41.608563   759 skeleton_planner.h:170] Found solution in: 9
I20260909 04:41:41.608573   759 skeleton_planner.h:170] Found solution in: 1
I20260909 04:41:41.608579   759 skeleton_planner.h:170] Found solution in: 1
I20260909 04:41:41.608593   759 skeleton_planner.h:170] Found solution in: 4
I20260909 04:41:41.608601   759 skeleton_planner.h:170] Found solution in: 1
I20260909 04:41:41.608613   759 skeleton_planner.h:170] Found solution in: 12
I20260909 04:41:41.608620   759 skeleton_planner.h:170] Found solution in: 1
I20260909 04:41:41.608623   759 skeleton_planner.h:170] Found solution in: 2
I20260909 04:41:41.608634   759 skeleton_planner.h:170] Found solution in: 3
I20260909 04:41:41.608640   759 skeleton_planner.h:170] Found solution in: 1
I20260909 04:41:41.608650   759 skeleton_planner.h:170] Found solution in: 10
I20260909 04:41:41.608655   759 skeleton_planner.h:170] Found solution in: 5
I20260909 04:41:41.608661   759 skeleton_planner.h:170] Found solution in: 1
I20260909 04:41:41.608680   759 skeleton_planner.h:170] Found solution in: 6
I20260909 04:41:41.608686   759 skeleton_planner.h:170] Found solution in: 1
I20260909 04:41:41.608691   759 skeleton_planner.h:170] Found solution in: 5
I20260909 04:41:41.608752   759 skeleton_planner.h:170] Found solution in: 71
I20260909 04:41:41.608762   759 skeleton_planner.h:170] Found solution in: 1
I20260909 04:41:41.608814   759 skeleton_planner.h:170] Found solution in: 62
I20260909 04:41:41.608870   759 skeleton_planner.h:170] Found solution in: 68
I20260909 04:41:41.608959   759 skeleton_planner.h:170] Found solution in: 4
I20260909 04:41:41.608966   759 skeleton_planner.h:170] Found solution in: 1
I20260909 04:41:41.608973   759 skeleton_planner.h:170] Found solution in: 5
I20260909 04:41:41.609058   759 skeleton_planner.h:170] Found solution in: 3
I20260909 04:41:41.609069   759 skeleton_planner.h:170] Found solution in: 1
I20260909 04:41:41.609083   759 skeleton_planner.h:170] Found solution in: 5
I20260909 04:41:41.609088   759 skeleton_planner.h:170] Found solution in: 1
I20260909 04:41:41.609092   759 skeleton_planner.h:170] Found solution in: 2
I20260909 04:41:41.609105   759 skeleton_planner.h:170] Found solution in: 5
I20260909 04:41:41.609112   759 skeleton_planner.h:170] Found solution in: 1
I20260909 04:41:41.609120   759 skeleton_planner.h:170] Found solution in: 3
I20260909 04:41:41.609127   759 skeleton_planner.h:170] Found solution in: 1
I20260909 04:41:41.609139   759 skeleton_planner.h:170] Found solution in: 5
I20260909 04:41:41.609146   759 skeleton_planner.h:170] Found solution in: 1
I20260909 04:41:41.609162   759 skeleton_planner.h:170] Found solution in: 4
I20260909 04:41:41.609174   759 skeleton_planner.h:170] Found solution in: 1
I20260909 04:41:41.609262   759 skeleton_planner.h:170] Found solution in: 5
I20260909 04:41:41.609270   759 skeleton_planner.h:170] Found solution in: 1
I20260909 04:41:41.609297   759 skeleton_planner.h:170] Found solution in: 31
I20260909 04:41:41.609308   759 skeleton_planner.h:170] Found solution in: 10
I20260909 04:41:41.609314   759 skeleton_planner.h:170] Found solution in: 1
I20260909 04:41:41.609336   759 skeleton_planner.h:170] Found solution in: 28
I20260909 04:41:41.609351   759 skeleton_planner.h:170] Found solution in: 17
I20260909 04:41:41.609463   759 skeleton_planner.h:170] Found solution in: 19
I20260909 04:41:41.609472   759 skeleton_planner.h:170] Found solution in: 1
I20260909 04:41:41.609483   759 skeleton_planner.h:170] Found solution in: 12
I20260909 04:41:41.609508   759 skeleton_planner.h:170] Found solution in: 29
I20260909 04:41:41.609593   759 skeleton_planner.h:170] Found solution in: 4
I20260909 04:41:41.609601   759 skeleton_planner.h:170] Found solution in: 1
I20260909 04:41:41.609604   759 skeleton_planner.h:170] Found solution in: 3
I20260909 04:41:41.609612   759 skeleton_planner.h:170] Found solution in: 9
I20260909 04:41:41.609617   759 skeleton_planner.h:170] Found solution in: 1
I20260909 04:41:41.609622   759 skeleton_planner.h:170] Found solution in: 3
I20260909 04:41:41.609629   759 skeleton_planner.h:170] Found solution in: 9
I20260909 04:41:41.609656   759 skeleton_planner.h:170] Found solution in: 4
I20260909 04:41:41.609663   759 skeleton_planner.h:170] Found solution in: 1
I20260909 04:41:41.609668   759 skeleton_planner.h:170] Found solution in: 1
I20260909 04:41:41.609674   759 skeleton_planner.h:170] Found solution in: 6
I20260909 04:41:41.609689   759 skeleton_planner.h:170] Found solution in: 4
I20260909 04:41:41.609696   759 skeleton_planner.h:170] Found solution in: 1
I20260909 04:41:41.609712   759 skeleton_planner.h:170] Found solution in: 4
I20260909 04:41:41.609720   759 skeleton_planner.h:170] Found solution in: 1
I20260909 04:41:41.609725   759 skeleton_planner.h:170] Found solution in: 1
I20260909 04:41:41.609730   759 skeleton_planner.h:170] Found solution in: 5
I20260909 04:41:41.609736   759 skeleton_planner.h:170] Found solution in: 5
I20260909 04:41:41.609742   759 skeleton_planner.h:170] Found solution in: 6
I20260909 04:41:41.609750   759 skeleton_planner.h:170] Found solution in: 1
I20260909 04:41:41.609755   759 skeleton_planner.h:170] Found solution in: 5
I20260909 04:41:41.609786   759 skeleton_planner.h:170] Found solution in: 9
I20260909 04:41:41.609795   759 skeleton_planner.h:170] Found solution in: 1
I20260909 04:41:41.609820   759 skeleton_planner.h:170] Found solution in: 7
I20260909 04:41:41.609829   759 skeleton_planner.h:170] Found solution in: 1
I20260909 04:41:41.609916   759 skeleton_planner.h:170] Found solution in: 4
I20260909 04:41:41.609925   759 skeleton_planner.h:170] Found solution in: 1
I20260909 04:41:41.609929   759 skeleton_planner.h:170] Found solution in: 3
I20260909 04:41:41.609939   759 skeleton_planner.h:170] Found solution in: 1
I20260909 04:41:41.609948   759 skeleton_planner.h:170] Found solution in: 1
I20260909 04:41:41.609952   759 skeleton_planner.h:170] Found solution in: 3
I20260909 04:41:41.609961   759 skeleton_planner.h:170] Found solution in: 1
I20260909 04:41:41.609963   759 skeleton_planner.h:170] Found solution in: 2
I20260909 04:41:41.609975   759 skeleton_planner.h:170] Found solution in: 3
I20260909 04:41:41.609982   759 skeleton_planner.h:170] Found solution in: 1
I20260909 04:41:41.609987   759 skeleton_planner.h:170] Found solution in: 3
I20260909 04:41:41.610003   759 skeleton_planner.h:170] Found solution in: 4
I20260909 04:41:41.610013   759 skeleton_planner.h:170] Found solution in: 1
I20260909 04:41:41.610023   759 skeleton_planner.h:170] Found solution in: 3
I20260909 04:41:41.610031   759 skeleton_planner.h:170] Found solution in: 1
I20260909 04:41:41.610045   759 skeleton_planner.h:170] Found solution in: 4
I20260909 04:41:41.610054   759 skeleton_planner.h:170] Found solution in: 1
I20260909 04:41:41.610059   759 skeleton_planner.h:170] Found solution in: 7
I20260909 04:41:41.610077   759 skeleton_planner.h:170] Found solution in: 5
I20260909 04:41:41.610087   759 skeleton_planner.h:170] Found solution in: 1
I20260909 04:41:41.610090   759 skeleton_planner.h:170] Found solution in: 3
I20260909 04:41:41.610108   759 skeleton_planner.h:170] Found solution in: 5
I20260909 04:41:41.610117   759 skeleton_planner.h:170] Found solution in: 1
I20260909 04:41:41.610121   759 skeleton_planner.h:170] Found solution in: 3
I20260909 04:41:41.610140   759 skeleton_planner.h:170] Found solution in: 5
I20260909 04:41:41.610149   759 skeleton_planner.h:170] Found solution in: 1
I20260909 04:41:41.610167   759 skeleton_planner.h:170] Found solution in: 4
I20260909 04:41:41.610176   759 skeleton_planner.h:170] Found solution in: 1
I20260909 04:41:41.610184   759 skeleton_planner.h:170] Found solution in: 1
I20260909 04:41:41.610191   759 skeleton_planner.h:170] Found solution in: 8
I20260909 04:41:41.610291   759 skeleton_planner.h:170] Found solution in: 6
I20260909 04:41:41.610301   759 skeleton_planner.h:170] Found solution in: 1
I20260909 04:41:41.610309   759 skeleton_planner.h:170] Found solution in: 6
I20260909 04:41:41.610316   759 skeleton_planner.h:170] Found solution in: 1
I20260909 04:41:41.610325   759 skeleton_planner.h:170] Found solution in: 9
I20260909 04:41:41.610416   759 skeleton_planner.h:170] Found solution in: 4
I20260909 04:41:41.610424   759 skeleton_planner.h:170] Found solution in: 1
I20260909 04:41:41.610523   759 skeleton_planner.h:170] Found solution in: 5
I20260909 04:41:41.610533   759 skeleton_planner.h:170] Found solution in: 1
I20260909 04:41:41.610549   759 skeleton_planner.h:170] Found solution in: 4
I20260909 04:41:41.610556   759 skeleton_planner.h:170] Found solution in: 1
I20260909 04:41:41.610574   759 skeleton_planner.h:170] Found solution in: 4
I20260909 04:41:41.610584   759 skeleton_planner.h:170] Found solution in: 1
I20260909 04:41:41.610682   759 skeleton_planner.h:170] Found solution in: 4
I20260909 04:41:41.610689   759 skeleton_planner.h:170] Found solution in: 1
I20260909 04:41:41.610693   759 skeleton_planner.h:170] Found solution in: 2
I20260909 04:41:41.610709   759 skeleton_planner.h:170] Found solution in: 5
I20260909 04:41:41.610718   759 skeleton_planner.h:170] Found solution in: 1
I20260909 04:41:41.610734   759 skeleton_planner.h:170] Found solution in: 5
I20260909 04:41:41.610740   759 skeleton_planner.h:170] Found solution in: 1
I20260909 04:41:41.610751   759 skeleton_planner.h:170] Found solution in: 3
I20260909 04:41:41.610759   759 skeleton_planner.h:170] Found solution in: 1
I20260909 04:41:41.610762   759 skeleton_planner.h:170] Found solution in: 3
I20260909 04:41:41.610769   759 skeleton_planner.h:170] Found solution in: 1
I20260909 04:41:41.610774   759 skeleton_planner.h:170] Found solution in: 1
I20260909 04:41:41.610778   759 skeleton_planner.h:170] Found solution in: 3
I20260909 04:41:41.610877   759 skeleton_planner.h:170] Found solution in: 45
I20260909 04:41:41.610909   759 skeleton_planner.h:170] Found solution in: 6
I20260909 04:41:41.610919   759 skeleton_planner.h:170] Found solution in: 1
I20260909 04:41:41.610926   759 skeleton_planner.h:170] Found solution in: 1
I20260909 04:41:41.610939   759 skeleton_planner.h:170] Found solution in: 3
I20260909 04:41:41.610947   759 skeleton_planner.h:170] Found solution in: 1
I20260909 04:41:41.610952   759 skeleton_planner.h:170] Found solution in: 4
I20260909 04:41:41.610973   759 skeleton_planner.h:170] Found solution in: 7
I20260909 04:41:41.610981   759 skeleton_planner.h:170] Found solution in: 1
I20260909 04:41:41.610998   759 skeleton_planner.h:170] Found solution in: 4
I20260909 04:41:41.611009   759 skeleton_planner.h:170] Found solution in: 1
I20260909 04:41:41.611018   759 skeleton_planner.h:170] Found solution in: 1
I20260909 04:41:41.611023   759 skeleton_planner.h:170] Found solution in: 5
I20260909 04:41:41.611037   759 skeleton_planner.h:170] Found solution in: 4
I20260909 04:41:41.611045   759 skeleton_planner.h:170] Found solution in: 1
I20260909 04:41:41.611063   759 skeleton_planner.h:170] Found solution in: 6
I20260909 04:41:41.611070   759 skeleton_planner.h:170] Found solution in: 1
I20260909 04:41:41.611078   759 skeleton_planner.h:170] Found solution in: 1
I20260909 04:41:41.611084   759 skeleton_planner.h:170] Found solution in: 5
I20260909 04:41:41.611102   759 skeleton_planner.h:170] Found solution in: 5
I20260909 04:41:41.611109   759 skeleton_planner.h:170] Found solution in: 1
I20260909 04:41:41.611125   759 skeleton_planner.h:170] Found solution in: 4
I20260909 04:41:41.611135   759 skeleton_planner.h:170] Found solution in: 1
I20260909 04:41:41.611138   759 skeleton_planner.h:170] Found solution in: 4
I20260909 04:41:41.611143   759 skeleton_planner.h:170] Found solution in: 1
I20260909 04:41:41.611148   759 skeleton_planner.h:170] Found solution in: 4
I20260909 04:41:41.611155   759 skeleton_planner.h:170] Found solution in: 1
I20260909 04:41:41.611159   759 skeleton_planner.h:170] Found solution in: 4
I20260909 04:41:41.611173   759 skeleton_planner.h:170] Found solution in: 4
I20260909 04:41:41.611181   759 skeleton_planner.h:170] Found solution in: 1
I20260909 04:41:41.611186   759 skeleton_planner.h:170] Found solution in: 1
I20260909 04:41:41.611287   759 skeleton_planner.h:170] Found solution in: 5
I20260909 04:41:41.611300   759 skeleton_planner.h:170] Found solution in: 1
I20260909 04:41:41.611308   759 skeleton_planner.h:170] Found solution in: 5
I20260909 04:41:41.611403   759 skeleton_planner.h:170] Found solution in: 6
I20260909 04:41:41.611415   759 skeleton_planner.h:170] Found solution in: 1
I20260909 04:41:41.611423   759 skeleton_planner.h:170] Found solution in: 1
I20260909 04:41:41.611429   759 skeleton_planner.h:170] Found solution in: 5
I20260909 04:41:41.611439   759 skeleton_planner.h:170] Found solution in: 1
I20260909 04:41:41.611459   759 skeleton_planner.h:170] Found solution in: 6
I20260909 04:41:41.611469   759 skeleton_planner.h:170] Found solution in: 1
I20260909 04:41:41.611475   759 skeleton_planner.h:170] Found solution in: 1
I20260909 04:41:41.611481   759 skeleton_planner.h:170] Found solution in: 5
I20260909 04:41:41.611490   759 skeleton_planner.h:170] Found solution in: 1
I20260909 04:41:41.611495   759 skeleton_planner.h:170] Found solution in: 3
I20260909 04:41:41.611512   759 skeleton_planner.h:170] Found solution in: 6
I20260909 04:41:41.611523   759 skeleton_planner.h:170] Found solution in: 1
I20260909 04:41:41.611541   759 skeleton_planner.h:170] Found solution in: 5
I20260909 04:41:41.611550   759 skeleton_planner.h:170] Found solution in: 1
I20260909 04:41:41.611553   759 skeleton_planner.h:170] Found solution in: 2
I20260909 04:41:41.612241   759 skeleton_planner.h:170] Found solution in: 1
I20260909 04:41:41.612246   759 skeleton_planner.h:170] Found solution in: 2
I20260909 04:41:41.612953   759 skeleton_planner.h:170] Found solution in: 1
I20260909 04:41:41.612970   759 skeleton_planner.h:170] Found solution in: 20
I20260909 04:41:41.612979   759 skeleton_planner.h:170] Found solution in: 1
I20260909 04:41:41.612990   759 skeleton_planner.h:170] Found solution in: 12
I20260909 04:41:41.612999   759 skeleton_planner.h:170] Found solution in: 1
I20260909 04:41:41.613005   759 skeleton_planner.h:170] Found solution in: 6
I20260909 04:41:41.613013   759 skeleton_planner.h:170] Found solution in: 1
I20260909 04:41:41.613020   759 skeleton_planner.h:170] Found solution in: 9
I20260909 04:41:41.613091   759 skeleton_planner.h:170] Found solution in: 8
I20260909 04:41:41.613101   759 skeleton_planner.h:170] Found solution in: 1
I20260909 04:41:41.613106   759 skeleton_planner.h:170] Found solution in: 3
I20260909 04:41:41.613118   759 skeleton_planner.h:170] Found solution in: 4
I20260909 04:41:41.613125   759 skeleton_planner.h:170] Found solution in: 1
I20260909 04:41:41.613145   759 skeleton_planner.h:170] Found solution in: 6
I20260909 04:41:41.613157   759 skeleton_planner.h:170] Found solution in: 1
I20260909 04:41:41.613160   759 skeleton_planner.h:170] Found solution in: 4
I20260909 04:41:41.613178   759 skeleton_planner.h:170] Found solution in: 5
I20260909 04:41:41.613188   759 skeleton_planner.h:170] Found solution in: 1
I20260909 04:41:41.613193   759 skeleton_planner.h:170] Found solution in: 4
I20260909 04:41:41.613205   759 skeleton_planner.h:170] Found solution in: 4
I20260909 04:41:41.613215   759 skeleton_planner.h:170] Found solution in: 1
I20260909 04:41:41.613222   759 skeleton_planner.h:170] Found solution in: 6
I20260909 04:41:41.613246   759 skeleton_planner.h:170] Found solution in: 7
I20260909 04:41:41.613258   759 skeleton_planner.h:170] Found solution in: 1
I20260909 04:41:41.613268   759 skeleton_planner.h:170] Found solution in: 11
I20260909 04:41:41.613279   759 skeleton_planner.h:170] Found solution in: 12
I20260909 04:41:41.613335   759 skeleton_planner.h:170] Found solution in: 8
I20260909 04:41:41.613346   759 skeleton_planner.h:170] Found solution in: 1
I20260909 04:41:41.613350   759 skeleton_planner.h:170] Found solution in: 2
I20260909 04:41:41.613379   759 skeleton_planner.h:170] Found solution in: 9
I20260909 04:41:41.613389   759 skeleton_planner.h:170] Found solution in: 1
I20260909 04:41:41.613415   759 skeleton_planner.h:170] Found solution in: 9
I20260909 04:41:41.613423   759 skeleton_planner.h:170] Found solution in: 1
I20260909 04:41:41.613427   759 skeleton_planner.h:170] Found solution in: 2
I20260909 04:41:41.613436   759 skeleton_planner.h:170] Found solution in: 3
I20260909 04:41:41.613442   759 skeleton_planner.h:170] Found solution in: 1
I20260909 04:41:41.613449   759 skeleton_planner.h:170] Found solution in: 6
I20260909 04:41:41.613515   759 skeleton_planner.h:170] Found solution in: 5
I20260909 04:41:41.613525   759 skeleton_planner.h:170] Found solution in: 1
I20260909 04:41:41.613543   759 skeleton_planner.h:170] Found solution in: 6
I20260909 04:41:41.613554   759 skeleton_planner.h:170] Found solution in: 1
I20260909 04:41:41.613561   759 skeleton_planner.h:170] Found solution in: 1
I20260909 04:41:41.613628   759 skeleton_planner.h:170] Found solution in: 6
I20260909 04:41:41.613639   759 skeleton_planner.h:170] Found solution in: 1
I20260909 04:41:41.613698   759 skeleton_planner.h:170] Found solution in: 3
I20260909 04:41:41.613708   759 skeleton_planner.h:170] Found solution in: 1
I20260909 04:41:41.613720   759 skeleton_planner.h:170] Found solution in: 3
I20260909 04:41:41.613731   759 skeleton_planner.h:170] Found solution in: 1
I20260909 04:41:41.613750   759 skeleton_planner.h:170] Found solution in: 5
I20260909 04:41:41.613759   759 skeleton_planner.h:170] Found solution in: 1
I20260909 04:41:41.613766   759 skeleton_planner.h:170] Found solution in: 1
I20260909 04:41:41.613777   759 skeleton_planner.h:170] Found solution in: 10
I20260909 04:41:41.613785   759 skeleton_planner.h:170] Found solution in: 1
I20260909 04:41:41.613790   759 skeleton_planner.h:170] Found solution in: 5
I20260909 04:41:41.613881   759 skeleton_planner.h:170] Found solution in: 94
I20260909 04:41:41.613893   759 skeleton_planner.h:170] Found solution in: 6
I20260909 04:41:41.613900   759 skeleton_planner.h:170] Found solution in: 1
I20260909 04:41:41.613905   759 skeleton_planner.h:170] Found solution in: 5
I20260909 04:41:41.613969   759 skeleton_planner.h:170] Found solution in: 71
I20260909 04:41:41.613978   759 skeleton_planner.h:170] Found solution in: 1
I20260909 04:41:41.614017   759 skeleton_planner.h:170] Found solution in: 47
I20260909 04:41:41.614028   759 skeleton_planner.h:170] Found solution in: 10
I20260909 04:41:41.614089   759 skeleton_planner.h:170] Found solution in: 78
I20260909 04:41:41.614097   759 skeleton_planner.h:170] Found solution in: 1
I20260909 04:41:41.614105   759 skeleton_planner.h:170] Found solution in: 1
I20260909 04:41:41.614114   759 skeleton_planner.h:170] Found solution in: 9
I20260909 04:41:41.614120   759 skeleton_planner.h:170] Found solution in: 1
I20260909 04:41:41.614130   759 skeleton_planner.h:170] Found solution in: 10
I20260909 04:41:41.614137   759 skeleton_planner.h:170] Found solution in: 1
I20260909 04:41:41.614145   759 skeleton_planner.h:170] Found solution in: 7
I20260909 04:41:41.614194   759 skeleton_planner.h:170] Found solution in: 50
I20260909 04:41:41.614202   759 skeleton_planner.h:170] Found solution in: 1
I20260909 04:41:41.614256   759 skeleton_planner.h:170] Found solution in: 68
I20260909 04:41:41.614295   759 skeleton_planner.h:170] Found solution in: 46
I20260909 04:41:41.614310   759 skeleton_planner.h:170] Found solution in: 1
I20260909 04:41:41.614377   759 skeleton_planner.h:170] Found solution in: 75
I20260909 04:41:41.614385   759 skeleton_planner.h:170] Found solution in: 5
I20260909 04:41:41.614393   759 skeleton_planner.h:170] Found solution in: 7
I20260909 04:41:41.614401   759 skeleton_planner.h:170] Found solution in: 1
I20260909 04:41:41.614410   759 skeleton_planner.h:170] Found solution in: 1
I20260909 04:41:41.614423   759 skeleton_planner.h:170] Found solution in: 3
I20260909 04:41:41.614431   759 skeleton_planner.h:170] Found solution in: 1
I20260909 04:41:41.614518   759 skeleton_planner.h:170] Found solution in: 3
I20260909 04:41:41.614524   759 skeleton_planner.h:170] Found solution in: 1
I20260909 04:41:41.614529   759 skeleton_planner.h:170] Found solution in: 3
I20260909 04:41:41.614549   759 skeleton_planner.h:170] Found solution in: 5
I20260909 04:41:41.614557   759 skeleton_planner.h:170] Found solution in: 1
I20260909 04:41:41.614578   759 skeleton_planner.h:170] Found solution in: 6
I20260909 04:41:41.614588   759 skeleton_planner.h:170] Found solution in: 1
I20260909 04:41:41.614600   759 skeleton_planner.h:170] Found solution in: 4
I20260909 04:41:41.614609   759 skeleton_planner.h:170] Found solution in: 1
I20260909 04:41:41.614635   759 skeleton_planner.h:170] Found solution in: 6
I20260909 04:41:41.614645   759 skeleton_planner.h:170] Found solution in: 1
I20260909 04:41:41.614650   759 skeleton_planner.h:170] Found solution in: 5
I20260909 04:41:41.614749   759 skeleton_planner.h:170] Found solution in: 4
I20260909 04:41:41.614759   759 skeleton_planner.h:170] Found solution in: 1
I20260909 04:41:41.614763   759 skeleton_planner.h:170] Found solution in: 3
I20260909 04:41:41.614773   759 skeleton_planner.h:170] Found solution in: 3
I20260909 04:41:41.614779   759 skeleton_planner.h:170] Found solution in: 1
I20260909 04:41:41.614790   759 skeleton_planner.h:170] Found solution in: 3
I20260909 04:41:41.614796   759 skeleton_planner.h:170] Found solution in: 1
I20260909 04:41:41.614805   759 skeleton_planner.h:170] Found solution in: 3
I20260909 04:41:41.614813   759 skeleton_planner.h:170] Found solution in: 1
I20260909 04:41:41.614820   759 skeleton_planner.h:170] Found solution in: 5
I20260909 04:41:41.614835   759 skeleton_planner.h:170] Found solution in: 16
I20260909 04:41:41.614841   759 skeleton_planner.h:170] Found solution in: 1
I20260909 04:41:41.614848   759 skeleton_planner.h:170] Found solution in: 6
I20260909 04:41:41.614853   759 skeleton_planner.h:170] Found solution in: 1
I20260909 04:41:41.614861   759 skeleton_planner.h:170] Found solution in: 5
I20260909 04:41:41.614867   759 skeleton_planner.h:170] Found solution in: 1
I20260909 04:41:41.614871   759 skeleton_planner.h:170] Found solution in: 2
I20260909 04:41:41.614885   759 skeleton_planner.h:170] Found solution in: 4
I20260909 04:41:41.614893   759 skeleton_planner.h:170] Found solution in: 1
I20260909 04:41:41.614909   759 skeleton_planner.h:170] Found solution in: 5
I20260909 04:41:41.614920   759 skeleton_planner.h:170] Found solution in: 1
I20260909 04:41:41.614924   759 skeleton_planner.h:170] Found solution in: 2
I20260909 04:41:41.614933   759 skeleton_planner.h:170] Found solution in: 1
I20260909 04:41:41.614938   759 skeleton_planner.h:170] Found solution in: 2
I20260909 04:41:41.614949   759 skeleton_planner.h:170] Found solution in: 1
I20260909 04:41:41.615049   759 skeleton_planner.h:170] Found solution in: 6
I20260909 04:41:41.615060   759 skeleton_planner.h:170] Found solution in: 1
I20260909 04:41:41.615152   759 skeleton_planner.h:170] Found solution in: 5
I20260909 04:41:41.615168   759 skeleton_planner.h:170] Found solution in: 1
I20260909 04:41:41.615176   759 skeleton_planner.h:170] Found solution in: 1
I20260909 04:41:41.615258   759 skeleton_planner.h:170] Found solution in: 92
I20260909 04:41:41.615271   759 skeleton_planner.h:170] Found solution in: 1
I20260909 04:41:41.615278   759 skeleton_planner.h:170] Found solution in: 1
I20260909 04:41:41.615284   759 skeleton_planner.h:170] Found solution in: 6
I20260909 04:41:41.615288   759 skeleton_planner.h:170] Found solution in: 1
I20260909 04:41:41.615296   759 skeleton_planner.h:170] Found solution in: 8
I20260909 04:41:41.615303   759 skeleton_planner.h:170] Found solution in: 7
I20260909 04:41:41.615310   759 skeleton_planner.h:170] Found solution in: 1
I20260909 04:41:41.615317   759 skeleton_planner.h:170] Found solution in: 7
I20260909 04:41:41.615329   759 skeleton_planner.h:170] Found solution in: 15
I20260909 04:41:41.615337   759 skeleton_planner.h:170] Found solution in: 9
I20260909 04:41:41.615346   759 skeleton_planner.h:170] Found solution in: 1
I20260909 04:41:41.615442   759 skeleton_planner.h:170] Found solution in: 5
I20260909 04:41:41.615450   759 skeleton_planner.h:170] Found solution in: 1
I20260909 04:41:41.615454   759 skeleton_planner.h:170] Found solution in: 3
I20260909 04:41:41.615468   759 skeleton_planner.h:170] Found solution in: 4
I20260909 04:41:41.615473   759 skeleton_planner.h:170] Found solution in: 1
I20260909 04:41:41.615489   759 skeleton_planner.h:170] Found solution in: 5
I20260909 04:41:41.615494   759 skeleton_planner.h:170] Found solution in: 1
I20260909 04:41:41.615497   759 skeleton_planner.h:170] Found solution in: 2
I20260909 04:41:41.615614   759 skeleton_planner.h:170] Found solution in: 67
I20260909 04:41:41.615645   759 skeleton_planner.h:170] Found solution in: 8
I20260909 04:41:41.615651   759 skeleton_planner.h:170] Found solution in: 1
I20260909 04:41:41.615731   759 skeleton_planner.h:170] Found solution in: 44
I20260909 04:41:41.615744   759 skeleton_planner.h:170] Found solution in: 1
I20260909 04:41:41.615756   759 skeleton_planner.h:170] Found solution in: 3
I20260909 04:41:41.615763   759 skeleton_planner.h:170] Found solution in: 1
I20260909 04:41:41.615767   759 skeleton_planner.h:170] Found solution in: 3
I20260909 04:41:41.615772   759 skeleton_planner.h:170] Found solution in: 6
I20260909 04:41:41.615785   759 skeleton_planner.h:170] Found solution in: 16
I20260909 04:41:41.615792   759 skeleton_planner.h:170] Found solution in: 1
I20260909 04:41:41.615883   759 skeleton_planner.h:170] Found solution in: 5
I20260909 04:41:41.615890   759 skeleton_planner.h:170] Found solution in: 1
I20260909 04:41:41.615895   759 skeleton_planner.h:170] Found solution in: 3
I20260909 04:41:41.615907   759 skeleton_planner.h:170] Found solution in: 16
I20260909 04:41:41.615912   759 skeleton_planner.h:170] Found solution in: 1
I20260909 04:41:41.615927   759 skeleton_planner.h:170] Found solution in: 19
I20260909 04:41:41.615940   759 skeleton_planner.h:170] Found solution in: 12
I20260909 04:41:41.615953   759 skeleton_planner.h:170] Found solution in: 17
I20260909 04:41:41.615963   759 skeleton_planner.h:170] Found solution in: 1
I20260909 04:41:41.616055   759 skeleton_planner.h:170] Found solution in: 5
I20260909 04:41:41.616063   759 skeleton_planner.h:170] Found solution in: 1
I20260909 04:41:41.616068   759 skeleton_planner.h:170] Found solution in: 4
I20260909 04:41:41.616077   759 skeleton_planner.h:170] Found solution in: 10
I20260909 04:41:41.616164   759 skeleton_planner.h:170] Found solution in: 5
I20260909 04:41:41.616176   759 skeleton_planner.h:170] Found solution in: 1
I20260909 04:41:41.616182   759 skeleton_planner.h:170] Found solution in: 5
I20260909 04:41:41.616189   759 skeleton_planner.h:170] Found solution in: 5
I20260909 04:41:41.616195   759 skeleton_planner.h:170] Found solution in: 1
I20260909 04:41:41.616300   759 skeleton_planner.h:170] Found solution in: 5
I20260909 04:41:41.616312   759 skeleton_planner.h:170] Found solution in: 1
I20260909 04:41:41.616318   759 skeleton_planner.h:170] Found solution in: 5
I20260909 04:41:41.616324   759 skeleton_planner.h:170] Found solution in: 1
I20260909 04:41:41.616331   759 skeleton_planner.h:170] Found solution in: 7
I20260909 04:41:41.616338   759 skeleton_planner.h:170] Found solution in: 1
I20260909 04:41:41.616343   759 skeleton_planner.h:170] Found solution in: 6
I20260909 04:41:41.616350   759 skeleton_planner.h:170] Found solution in: 1
I20260909 04:41:41.616359   759 skeleton_planner.h:170] Found solution in: 8
I20260909 04:41:41.616364   759 skeleton_planner.h:170] Found solution in: 1
I20260909 04:41:41.616372   759 skeleton_planner.h:170] Found solution in: 5
I20260909 04:41:41.616377   759 skeleton_planner.h:170] Found solution in: 4
I20260909 04:41:41.616386   759 skeleton_planner.h:170] Found solution in: 1
I20260909 04:41:41.616391   759 skeleton_planner.h:170] Found solution in: 5
I20260909 04:41:41.616398   759 skeleton_planner.h:170] Found solution in: 7
I20260909 04:41:41.616405   759 skeleton_planner.h:170] Found solution in: 1
I20260909 04:41:41.616410   759 skeleton_planner.h:170] Found solution in: 5
I20260909 04:41:41.616416   759 skeleton_planner.h:170] Found solution in: 4
I20260909 04:41:41.616421   759 skeleton_planner.h:170] Found solution in: 1
I20260909 04:41:41.616426   759 skeleton_planner.h:170] Found solution in: 5
I20260909 04:41:41.616432   759 skeleton_planner.h:170] Found solution in: 4
I20260909 04:41:41.616438   759 skeleton_planner.h:170] Found solution in: 1
I20260909 04:41:41.616443   759 skeleton_planner.h:170] Found solution in: 1
I20260909 04:41:41.616447   759 skeleton_planner.h:170] Found solution in: 2
I20260909 04:41:41.616493   759 skeleton_planner.h:170] Found solution in: 14
I20260909 04:41:41.616504   759 skeleton_planner.h:170] Found solution in: 1
I20260909 04:41:41.616508   759 skeleton_planner.h:170] Found solution in: 2
I20260909 04:41:41.616516   759 skeleton_planner.h:170] Found solution in: 1
I20260909 04:41:41.616520   759 skeleton_planner.h:170] Found solution in: 2
I20260909 04:41:41.616542   759 skeleton_planner.h:170] Found solution in: 6
I20260909 04:41:41.616554   759 skeleton_planner.h:170] Found solution in: 1
I20260909 04:41:41.616559   759 skeleton_planner.h:170] Found solution in: 1
I20260909 04:41:41.616562   759 skeleton_planner.h:170] Found solution in: 2
I20260909 04:41:41.616568   759 skeleton_planner.h:170] Found solution in: 1
I20260909 04:41:41.616573   759 skeleton_planner.h:170] Found solution in: 5
I20260909 04:41:41.616626   759 skeleton_planner.h:170] Found solution in: 65
I20260909 04:41:41.616634   759 skeleton_planner.h:170] Found solution in: 1
I20260909 04:41:41.616639   759 skeleton_planner.h:170] Found solution in: 5
I20260909 04:41:41.616647   759 skeleton_planner.h:170] Found solution in: 1
I20260909 04:41:41.616667   759 skeleton_planner.h:170] Found solution in: 26
I20260909 04:41:41.616674   759 skeleton_planner.h:170] Found solution in: 1
I20260909 04:41:41.616688   759 skeleton_planner.h:170] Found solution in: 8
I20260909 04:41:41.616717   759 skeleton_planner.h:170] Found solution in: 31
I20260909 04:41:41.616860   759 skeleton_planner.h:170] Found solution in: 28
I20260909 04:41:41.616870   759 skeleton_planner.h:170] Found solution in: 1
I20260909 04:41:41.616935   759 skeleton_planner.h:170] Found solution in: 23
I20260909 04:41:41.616945   759 skeleton_planner.h:170] Found solution in: 5
I20260909 04:41:41.616952   759 skeleton_planner.h:170] Found solution in: 8
I20260909 04:41:41.616991   759 skeleton_planner.h:170] Found solution in: 8
I20260909 04:41:41.617000   759 skeleton_planner.h:170] Found solution in: 1
I20260909 04:41:41.617004   759 skeleton_planner.h:170] Found solution in: 2
I20260909 04:41:41.617030   759 skeleton_planner.h:170] Found solution in: 9
I20260909 04:41:41.617039   759 skeleton_planner.h:170] Found solution in: 1
I20260909 04:41:41.617084   759 skeleton_planner.h:170] Found solution in: 14
I20260909 04:41:41.617098   759 skeleton_planner.h:170] Found solution in: 1
I20260909 04:41:41.617110   759 skeleton_planner.h:170] Found solution in: 3
I20260909 04:41:41.617122   759 skeleton_planner.h:170] Found solution in: 1
I20260909 04:41:41.617218   759 skeleton_planner.h:170] Found solution in: 4
I20260909 04:41:41.617226   759 skeleton_planner.h:170] Found solution in: 1
I20260909 04:41:41.617236   759 skeleton_planner.h:170] Found solution in: 3
I20260909 04:41:41.617245   759 skeleton_planner.h:170] Found solution in: 1
I20260909 04:41:41.617264   759 skeleton_planner.h:170] Found solution in: 4
I20260909 04:41:41.617273   759 skeleton_planner.h:170] Found solution in: 1
I20260909 04:41:41.617277   759 skeleton_planner.h:170] Found solution in: 3
I20260909 04:41:41.617290   759 skeleton_planner.h:170] Found solution in: 4
I20260909 04:41:41.617300   759 skeleton_planner.h:170] Found solution in: 1
I20260909 04:41:41.617312   759 skeleton_planner.h:170] Found solution in: 3
I20260909 04:41:41.617318   759 skeleton_planner.h:170] Found solution in: 1
I20260909 04:41:41.617331   759 skeleton_planner.h:170] Found solution in: 4
I20260909 04:41:41.617338   759 skeleton_planner.h:170] Found solution in: 1
I20260909 04:41:41.617342   759 skeleton_planner.h:170] Found solution in: 3
I20260909 04:41:41.617357   759 skeleton_planner.h:170] Found solution in: 5
I20260909 04:41:41.617365   759 skeleton_planner.h:170] Found solution in: 1
I20260909 04:41:41.617376   759 skeleton_planner.h:170] Found solution in: 4
I20260909 04:41:41.617383   759 skeleton_planner.h:170] Found solution in: 1
I20260909 04:41:41.617394   759 skeleton_planner.h:170] Found solution in: 3
I20260909 04:41:41.617403   759 skeleton_planner.h:170] Found solution in: 1
I20260909 04:41:41.617430   759 skeleton_planner.h:170] Found solution in: 34
I20260909 04:41:41.617523   759 skeleton_planner.h:170] Found solution in: 4
I20260909 04:41:41.617532   759 skeleton_planner.h:170] Found solution in: 1
I20260909 04:41:41.617537   759 skeleton_planner.h:170] Found solution in: 5
I20260909 04:41:41.617544   759 skeleton_planner.h:170] Found solution in: 6
I20260909 04:41:41.617551   759 skeleton_planner.h:170] Found solution in: 1
I20260909 04:41:41.617555   759 skeleton_planner.h:170] Found solution in: 3
I20260909 04:41:41.617578   759 skeleton_planner.h:170] Found solution in: 7
I20260909 04:41:41.617585   759 skeleton_planner.h:170] Found solution in: 1
I20260909 04:41:41.617607   759 skeleton_planner.h:170] Found solution in: 8
I20260909 04:41:41.617615   759 skeleton_planner.h:170] Found solution in: 1
I20260909 04:41:41.617627   759 skeleton_planner.h:170] Found solution in: 12
I20260909 04:41:41.617645   759 skeleton_planner.h:170] Found solution in: 20
I20260909 04:41:41.617653   759 skeleton_planner.h:170] Found solution in: 1
I20260909 04:41:41.617659   759 skeleton_planner.h:170] Found solution in: 6
I20260909 04:41:41.617673   759 skeleton_planner.h:170] Found solution in: 17
I20260909 04:41:41.617681   759 skeleton_planner.h:170] Found solution in: 1
I20260909 04:41:41.617690   759 skeleton_planner.h:170] Found solution in: 6
I20260909 04:41:41.617705   759 skeleton_planner.h:170] Found solution in: 17
I20260909 04:41:41.617712   759 skeleton_planner.h:170] Found solution in: 1
I20260909 04:41:41.617723   759 skeleton_planner.h:170] Found solution in: 12
I20260909 04:41:41.617729   759 skeleton_planner.h:170] Found solution in: 1
I20260909 04:41:41.617734   759 skeleton_planner.h:170] Found solution in: 1
I20260909 04:41:41.617739   759 skeleton_planner.h:170] Found solution in: 3
I20260909 04:41:41.617743   759 skeleton_planner.h:170] Found solution in: 4
I20260909 04:41:41.617748   759 skeleton_planner.h:170] Found solution in: 1
I20260909 04:41:41.617753   759 skeleton_planner.h:170] Found solution in: 3
I20260909 04:41:41.617756   759 skeleton_planner.h:170] Found solution in: 4
I20260909 04:41:41.617760   759 skeleton_planner.h:170] Found solution in: 1
I20260909 04:41:41.617764   759 skeleton_planner.h:170] Found solution in: 4
I20260909 04:41:41.617769   759 skeleton_planner.h:170] Found solution in: 4
I20260909 04:41:41.617780   759 skeleton_planner.h:170] Found solution in: 12
I20260909 04:41:41.617787   759 skeleton_planner.h:170] Found solution in: 1
I20260909 04:41:41.617791   759 skeleton_planner.h:170] Found solution in: 3
I20260909 04:41:41.617801   759 skeleton_planner.h:170] Found solution in: 1
I20260909 04:41:41.617805   759 skeleton_planner.h:170] Found solution in: 3
I20260909 04:41:41.617815   759 skeleton_planner.h:170] Found solution in: 3
I20260909 04:41:41.617825   759 skeleton_planner.h:170] Found solution in: 1
I20260909 04:41:41.617852   759 skeleton_planner.h:170] Found solution in: 9
I20260909 04:41:41.617861   759 skeleton_planner.h:170] Found solution in: 1
I20260909 04:41:41.617866   759 skeleton_planner.h:170] Found solution in: 4
I20260909 04:41:41.617890   759 skeleton_planner.h:170] Found solution in: 8
I20260909 04:41:41.617897   759 skeleton_planner.h:170] Found solution in: 1
I20260909 04:41:41.617920   759 skeleton_planner.h:170] Found solution in: 9
I20260909 04:41:41.617930   759 skeleton_planner.h:170] Found solution in: 1
I20260909 04:41:41.617942   759 skeleton_planner.h:170] Found solution in: 12
I20260909 04:41:41.617947   759 skeleton_planner.h:170] Found solution in: 3
I20260909 04:41:41.617954   759 skeleton_planner.h:170] Found solution in: 1
I20260909 04:41:41.617961   759 skeleton_planner.h:170] Found solution in: 8
I20260909 04:41:41.617970   759 skeleton_planner.h:170] Found solution in: 1
I20260909 04:41:41.617974   759 skeleton_planner.h:170] Found solution in: 2
I20260909 04:41:41.617985   759 skeleton_planner.h:170] Found solution in: 3
I20260909 04:41:41.617995   759 skeleton_planner.h:170] Found solution in: 1
I20260909 04:41:41.618000   759 skeleton_planner.h:170] Found solution in: 3
I20260909 04:41:41.618023   759 skeleton_planner.h:170] Found solution in: 5
I20260909 04:41:41.618031   759 skeleton_planner.h:170] Found solution in: 1
I20260909 04:41:41.618044   759 skeleton_planner.h:170] Found solution in: 3
I20260909 04:41:41.618053   759 skeleton_planner.h:170] Found solution in: 1
I20260909 04:41:41.618058   759 skeleton_planner.h:170] Found solution in: 4
I20260909 04:41:41.618067   759 skeleton_planner.h:170] Found solution in: 1
I20260909 04:41:41.618072   759 skeleton_planner.h:170] Found solution in: 5
I20260909 04:41:41.618078   759 skeleton_planner.h:170] Found solution in: 6
I20260909 04:41:41.618106   759 skeleton_planner.h:170] Found solution in: 8
I20260909 04:41:41.618117   759 skeleton_planner.h:170] Found solution in: 1
I20260909 04:41:41.618147   759 skeleton_planner.h:170] Found solution in: 6
I20260909 04:41:41.618158   759 skeleton_planner.h:170] Found solution in: 1
I20260909 04:41:41.618162   759 skeleton_planner.h:170] Found solution in: 2
I20260909 04:41:41.618168   759 skeleton_planner.h:170] Found solution in: 1
I20260909 04:41:41.618261   759 skeleton_planner.h:170] Found solution in: 5
I20260909 04:41:41.618271   759 skeleton_planner.h:170] Found solution in: 1
I20260909 04:41:41.618286   759 skeleton_planner.h:170] Found solution in: 14
I20260909 04:41:41.618294   759 skeleton_planner.h:170] Found solution in: 1
I20260909 04:41:41.618302   759 skeleton_planner.h:170] Found solution in: 1
I20260909 04:41:41.618307   759 skeleton_planner.h:170] Found solution in: 2
I20260909 04:41:41.618316   759 skeleton_planner.h:170] Found solution in: 1
I20260909 04:41:41.618320   759 skeleton_planner.h:170] Found solution in: 2
I20260909 04:41:41.618340   759 skeleton_planner.h:170] Found solution in: 10
I20260909 04:41:41.618348   759 skeleton_planner.h:170] Found solution in: 1
I20260909 04:41:41.618448   759 skeleton_planner.h:170] Found solution in: 61
I20260909 04:41:41.618481   759 skeleton_planner.h:170] Found solution in: 10
I20260909 04:41:41.618490   759 skeleton_planner.h:170] Found solution in: 1
I20260909 04:41:41.618497   759 skeleton_planner.h:170] Found solution in: 1
I20260909 04:41:41.618503   759 skeleton_planner.h:170] Found solution in: 1
I20260909 04:41:41.618510   759 skeleton_planner.h:170] Found solution in: 1
I20260909 04:41:41.618516   759 skeleton_planner.h:170] Found solution in: 1
I20260909 04:41:41.618521   759 skeleton_planner.h:170] Found solution in: 1
I20260909 04:41:41.618548   759 skeleton_planner.h:170] Found solution in: 5
I20260909 04:41:41.618556   759 skeleton_planner.h:170] Found solution in: 1
I20260909 04:41:41.618559   759 skeleton_planner.h:170] Found solution in: 2
I20260909 04:41:41.618564   759 skeleton_planner.h:170] Found solution in: 1
I20260909 04:41:41.618568   759 skeleton_planner.h:170] Found solution in: 2
I20260909 04:41:41.618575   759 skeleton_planner.h:170] Found solution in: 1
I20260909 04:41:41.618587   759 skeleton_planner.h:170] Found solution in: 1
I20260909 04:41:41.618595   759 skeleton_planner.h:170] Found solution in: 1
I20260909 04:41:41.618602   759 skeleton_planner.h:170] Found solution in: 5
I20260909 04:41:41.618608   759 skeleton_planner.h:170] Found solution in: 1
I20260909 04:41:41.618660   759 skeleton_planner.h:170] Found solution in: 60
I20260909 04:41:41.618669   759 skeleton_planner.h:170] Found solution in: 5
I20260909 04:41:41.618674   759 skeleton_planner.h:170] Found solution in: 1
I20260909 04:41:41.618701   759 skeleton_planner.h:170] Found solution in: 29
I20260909 04:41:41.618724   759 skeleton_planner.h:170] Found solution in: 23
I20260909 04:41:41.618731   759 skeleton_planner.h:170] Found solution in: 1
I20260909 04:41:41.618813   759 skeleton_planner.h:170] Found solution in: 24
I20260909 04:41:41.618829   759 skeleton_planner.h:170] Found solution in: 1
I20260909 04:41:41.618854   759 skeleton_planner.h:170] Found solution in: 6
I20260909 04:41:41.618867   759 skeleton_planner.h:170] Found solution in: 1
I20260909 04:41:41.618875   759 skeleton_planner.h:170] Found solution in: 9
I20260909 04:41:41.618882   759 skeleton_planner.h:170] Found solution in: 1
I20260909 04:41:41.618888   759 skeleton_planner.h:170] Found solution in: 1
I20260909 04:41:41.618916   759 skeleton_planner.h:170] Found solution in: 6
I20260909 04:41:41.618924   759 skeleton_planner.h:170] Found solution in: 1
I20260909 04:41:41.618932   759 skeleton_planner.h:170] Found solution in: 5
I20260909 04:41:41.618943   759 skeleton_planner.h:170] Found solution in: 10
I20260909 04:41:41.618949   759 skeleton_planner.h:170] Found solution in: 1
I20260909 04:41:41.618965   759 skeleton_planner.h:170] Found solution in: 4
I20260909 04:41:41.618971   759 skeleton_planner.h:170] Found solution in: 1
I20260909 04:41:41.618978   759 skeleton_planner.h:170] Found solution in: 1
I20260909 04:41:41.619063   759 skeleton_planner.h:170] Found solution in: 3
I20260909 04:41:41.619071   759 skeleton_planner.h:170] Found solution in: 1
I20260909 04:41:41.619083   759 skeleton_planner.h:170] Found solution in: 1
I20260909 04:41:41.619086   759 skeleton_planner.h:170] Found solution in: 2
I20260909 04:41:41.619095   759 skeleton_planner.h:170] Found solution in: 3
I20260909 04:41:41.619105   759 skeleton_planner.h:170] Found solution in: 1
I20260909 04:41:41.619118   759 skeleton_planner.h:170] Found solution in: 5
I20260909 04:41:41.619128   759 skeleton_planner.h:170] Found solution in: 1
I20260909 04:41:41.619138   759 skeleton_planner.h:170] Found solution in: 10
I20260909 04:41:41.619144   759 skeleton_planner.h:170] Found solution in: 1
I20260909 04:41:41.619519   759 skeleton_planner.h:170] Found solution in: 6
I20260909 04:41:41.619529   759 skeleton_planner.h:170] Found solution in: 1
I20260909 04:41:41.619534   759 skeleton_planner.h:170] Found solution in: 3
I20260909 04:41:41.619545   759 skeleton_planner.h:170] Found solution in: 13
I20260909 04:41:41.619552   759 skeleton_planner.h:170] Found solution in: 1
I20260909 04:41:41.619560   759 skeleton_planner.h:170] Found solution in: 1
I20260909 04:41:41.619657   759 skeleton_planner.h:170] Found solution in: 4
I20260909 04:41:41.619668   759 skeleton_planner.h:170] Found solution in: 1
I20260909 04:41:41.619673   759 skeleton_planner.h:170] Found solution in: 1
I20260909 04:41:41.619693   759 skeleton_planner.h:170] Found solution in: 23
I20260909 04:41:41.619699   759 skeleton_planner.h:170] Found solution in: 1
I20260909 04:41:41.619706   759 skeleton_planner.h:170] Found solution in: 9
I20260909 04:41:41.619741   759 skeleton_planner.h:170] Found solution in: 47
I20260909 04:41:41.619750   759 skeleton_planner.h:170] Found solution in: 1
I20260909 04:41:41.619757   759 skeleton_planner.h:170] Found solution in: 9
I20260909 04:41:41.619786   759 skeleton_planner.h:170] Found solution in: 38
I20260909 04:41:41.619793   759 skeleton_planner.h:170] Found solution in: 1
I20260909 04:41:41.619801   759 skeleton_planner.h:170] Found solution in: 8
I20260909 04:41:41.619808   759 skeleton_planner.h:170] Found solution in: 8
I20260909 04:41:41.619832   759 skeleton_planner.h:170] Found solution in: 4
I20260909 04:41:41.619841   759 skeleton_planner.h:170] Found solution in: 1
I20260909 04:41:41.619846   759 skeleton_planner.h:170] Found solution in: 1
I20260909 04:41:41.619853   759 skeleton_planner.h:170] Found solution in: 5
I20260909 04:41:41.619863   759 skeleton_planner.h:170] Found solution in: 12
I20260909 04:41:41.619868   759 skeleton_planner.h:170] Found solution in: 1
I20260909 04:41:41.619871   759 skeleton_planner.h:170] Found solution in: 2
I20260909 04:41:41.619886   759 skeleton_planner.h:170] Found solution in: 7
I20260909 04:41:41.619894   759 skeleton_planner.h:170] Found solution in: 1
I20260909 04:41:41.619903   759 skeleton_planner.h:170] Found solution in: 9
I20260909 04:41:41.619908   759 skeleton_planner.h:170] Found solution in: 5
I20260909 04:41:41.619915   759 skeleton_planner.h:170] Found solution in: 1
I20260909 04:41:41.619921   759 skeleton_planner.h:170] Found solution in: 1
I20260909 04:41:41.619928   759 skeleton_planner.h:170] Found solution in: 8
I20260909 04:41:41.620149   759 skeleton_planner.h:170] Found solution in: 1
I20260909 04:41:41.620594   759 skeleton_planner.h:170] Found solution in: 1
I20260909 04:41:41.620599   759 skeleton_planner.h:170] Found solution in: 3
I20260909 04:41:41.620780   759 skeleton_planner.h:170] Found solution in: 1
I20260909 04:41:41.620784   759 skeleton_planner.h:170] Found solution in: 3
I20260909 04:41:41.620965   759 skeleton_planner.h:170] Found solution in: 1
I20260909 04:41:41.620970   759 skeleton_planner.h:170] Found solution in: 3
I20260909 04:41:41.621150   759 skeleton_planner.h:170] Found solution in: 1
I20260909 04:41:41.621153   759 skeleton_planner.h:170] Found solution in: 2
I20260909 04:41:41.621168   759 skeleton_planner.h:170] Found solution in: 5
I20260909 04:41:41.621176   759 skeleton_planner.h:170] Found solution in: 1
I20260909 04:41:41.621202   759 skeleton_planner.h:170] Found solution in: 7
I20260909 04:41:41.621209   759 skeleton_planner.h:170] Found solution in: 1
I20260909 04:41:41.621217   759 skeleton_planner.h:170] Found solution in: 1
I20260909 04:41:41.621220   759 skeleton_planner.h:170] Found solution in: 2
I20260909 04:41:41.621230   759 skeleton_planner.h:170] Found solution in: 3
I20260909 04:41:41.621237   759 skeleton_planner.h:170] Found solution in: 1
I20260909 04:41:41.621320   759 skeleton_planner.h:170] Found solution in: 35
I20260909 04:41:41.621349   759 skeleton_planner.h:170] Found solution in: 7
I20260909 04:41:41.621356   759 skeleton_planner.h:170] Found solution in: 1
I20260909 04:41:41.621371   759 skeleton_planner.h:170] Found solution in: 5
I20260909 04:41:41.621381   759 skeleton_planner.h:170] Found solution in: 1
I20260909 04:41:41.621389   759 skeleton_planner.h:170] Found solution in: 1
I20260909 04:41:41.621397   759 skeleton_planner.h:170] Found solution in: 1
I20260909 04:41:41.621400   759 skeleton_planner.h:170] Found solution in: 3
I20260909 04:41:41.621487   759 skeleton_planner.h:170] Found solution in: 58
I20260909 04:41:41.621500   759 skeleton_planner.h:170] Found solution in: 1
I20260909 04:41:41.621503   759 skeleton_planner.h:170] Found solution in: 3
I20260909 04:41:41.621589   759 skeleton_planner.h:170] Found solution in: 55
I20260909 04:41:41.621600   759 skeleton_planner.h:170] Found solution in: 1
I20260909 04:41:41.621690   759 skeleton_planner.h:170] Found solution in: 3
I20260909 04:41:41.621703   759 skeleton_planner.h:170] Found solution in: 1
I20260909 04:41:41.621791   759 skeleton_planner.h:170] Found solution in: 3
I20260909 04:41:41.621798   759 skeleton_planner.h:170] Found solution in: 1
I20260909 04:41:41.621886   759 skeleton_planner.h:170] Found solution in: 3
I20260909 04:41:41.621896   759 skeleton_planner.h:170] Found solution in: 1
I20260909 04:41:41.621904   759 skeleton_planner.h:170] Found solution in: 10
I20260909 04:41:41.621912   759 skeleton_planner.h:170] Found solution in: 1
I20260909 04:41:41.621919   759 skeleton_planner.h:170] Found solution in: 8
I20260909 04:41:41.621928   759 skeleton_planner.h:170] Found solution in: 1
I20260909 04:41:41.621940   759 skeleton_planner.h:170] Found solution in: 12
I20260909 04:41:41.621946   759 skeleton_planner.h:170] Found solution in: 1
I20260909 04:41:41.621953   759 skeleton_planner.h:170] Found solution in: 1
I20260909 04:41:41.621960   759 skeleton_planner.h:170] Found solution in: 6
I20260909 04:41:41.621966   759 skeleton_planner.h:170] Found solution in: 1
I20260909 04:41:41.621973   759 skeleton_planner.h:170] Found solution in: 6
I20260909 04:41:41.621979   759 skeleton_planner.h:170] Found solution in: 1
I20260909 04:41:41.621987   759 skeleton_planner.h:170] Found solution in: 8
I20260909 04:41:41.621996   759 skeleton_planner.h:170] Found solution in: 1
I20260909 04:41:41.622025   759 skeleton_planner.h:170] Found solution in: 31
I20260909 04:41:41.622092   759 skeleton_planner.h:170] Found solution in: 72
I20260909 04:41:41.622103   759 skeleton_planner.h:170] Found solution in: 1
I20260909 04:41:41.622110   759 skeleton_planner.h:170] Found solution in: 1
I20260909 04:41:41.622134   759 skeleton_planner.h:170] Found solution in: 7
I20260909 04:41:41.622144   759 skeleton_planner.h:170] Found solution in: 1
I20260909 04:41:41.622149   759 skeleton_planner.h:170] Found solution in: 1
I20260909 04:41:41.622169   759 skeleton_planner.h:170] Found solution in: 25
I20260909 04:41:41.622189   759 skeleton_planner.h:170] Found solution in: 26
I20260909 04:41:41.622195   759 skeleton_planner.h:170] Found solution in: 1
I20260909 04:41:41.622200   759 skeleton_planner.h:170] Found solution in: 3
I20260909 04:41:41.622220   759 skeleton_planner.h:170] Found solution in: 29
I20260909 04:41:41.622229   759 skeleton_planner.h:170] Found solution in: 9
I20260909 04:41:41.622236   759 skeleton_planner.h:170] Found solution in: 1
I20260909 04:41:41.622239   759 skeleton_planner.h:170] Found solution in: 3
I20260909 04:41:41.622328   759 skeleton_planner.h:170] Found solution in: 5
I20260909 04:41:41.622336   759 skeleton_planner.h:170] Found solution in: 1
I20260909 04:41:41.622345   759 skeleton_planner.h:170] Found solution in: 10
I20260909 04:41:41.622350   759 skeleton_planner.h:170] Found solution in: 1
I20260909 04:41:41.622354   759 skeleton_planner.h:170] Found solution in: 3
I20260909 04:41:41.622361   759 skeleton_planner.h:170] Found solution in: 6
I20260909 04:41:41.622383   759 skeleton_planner.h:170] Found solution in: 29
I20260909 04:41:41.622390   759 skeleton_planner.h:170] Found solution in: 1
I20260909 04:41:41.622398   759 skeleton_planner.h:170] Found solution in: 9
I20260909 04:41:41.622421   759 skeleton_planner.h:170] Found solution in: 30
I20260909 04:41:41.622426   759 skeleton_planner.h:170] Found solution in: 1
I20260909 04:41:41.622437   759 skeleton_planner.h:170] Found solution in: 13
I20260909 04:41:41.622448   759 skeleton_planner.h:170] Found solution in: 13
I20260909 04:41:41.622457   759 skeleton_planner.h:170] Found solution in: 9
I20260909 04:41:41.622463   759 skeleton_planner.h:170] Found solution in: 1
I20260909 04:41:41.622468   759 skeleton_planner.h:170] Found solution in: 4
I20260909 04:41:41.622493   759 skeleton_planner.h:170] Found solution in: 29
I20260909 04:41:41.622499   759 skeleton_planner.h:170] Found solution in: 1
I20260909 04:41:41.622521   759 skeleton_planner.h:170] Found solution in: 26
I20260909 04:41:41.622527   759 skeleton_planner.h:170] Found solution in: 4
I20260909 04:41:41.622632   759 skeleton_planner.h:170] Found solution in: 5
I20260909 04:41:41.622646   759 skeleton_planner.h:170] Found solution in: 1
I20260909 04:41:41.622650   759 skeleton_planner.h:170] Found solution in: 2
I20260909 04:41:41.622669   759 skeleton_planner.h:170] Found solution in: 6
I20260909 04:41:41.622677   759 skeleton_planner.h:170] Found solution in: 1
I20260909 04:41:41.622695   759 skeleton_planner.h:170] Found solution in: 21
I20260909 04:41:41.622705   759 skeleton_planner.h:170] Found solution in: 1
I20260909 04:41:41.622731   759 skeleton_planner.h:170] Found solution in: 9
I20260909 04:41:41.622742   759 skeleton_planner.h:170] Found solution in: 1
I20260909 04:41:41.622767   759 skeleton_planner.h:170] Found solution in: 5
I20260909 04:41:41.622776   759 skeleton_planner.h:170] Found solution in: 1
I20260909 04:41:41.622781   759 skeleton_planner.h:170] Found solution in: 1
I20260909 04:41:41.622787   759 skeleton_planner.h:170] Found solution in: 4
I20260909 04:41:41.622792   759 skeleton_planner.h:170] Found solution in: 1
I20260909 04:41:41.622797   759 skeleton_planner.h:170] Found solution in: 1
I20260909 04:41:41.622808   759 skeleton_planner.h:170] Found solution in: 14
I20260909 04:41:41.622819   759 skeleton_planner.h:170] Found solution in: 10
I20260909 04:41:41.622851   759 skeleton_planner.h:170] Found solution in: 6
I20260909 04:41:41.622859   759 skeleton_planner.h:170] Found solution in: 1
I20260909 04:41:41.622864   759 skeleton_planner.h:170] Found solution in: 5
I20260909 04:41:41.622871   759 skeleton_planner.h:170] Found solution in: 6
I20260909 04:41:41.622880   759 skeleton_planner.h:170] Found solution in: 1
I20260909 04:41:41.622912   759 skeleton_planner.h:170] Found solution in: 3
I20260909 04:41:41.622920   759 skeleton_planner.h:170] Found solution in: 1
I20260909 04:41:41.623003   759 skeleton_planner.h:170] Found solution in: 4
I20260909 04:41:41.623008   759 skeleton_planner.h:170] Found solution in: 1
I20260909 04:41:41.623018   759 skeleton_planner.h:170] Found solution in: 1
I20260909 04:41:41.623023   759 skeleton_planner.h:170] Found solution in: 1
I20260909 04:41:41.623032   759 skeleton_planner.h:170] Found solution in: 10
I20260909 04:41:41.623039   759 skeleton_planner.h:170] Found solution in: 6
I20260909 04:41:41.623045   759 skeleton_planner.h:170] Found solution in: 1
I20260909 04:41:41.623052   759 skeleton_planner.h:170] Found solution in: 8
I20260909 04:41:41.623057   759 skeleton_planner.h:170] Found solution in: 1
I20260909 04:41:41.623087   759 skeleton_planner.h:170] Found solution in: 4
I20260909 04:41:41.623097   759 skeleton_planner.h:170] Found solution in: 1
I20260909 04:41:41.623107   759 skeleton_planner.h:170] Found solution in: 10
I20260909 04:41:41.623114   759 skeleton_planner.h:170] Found solution in: 6
I20260909 04:41:41.623119   759 skeleton_planner.h:170] Found solution in: 1
I20260909 04:41:41.623365   759 skeleton_planner.h:170] Found solution in: 1
I20260909 04:41:41.623373   759 skeleton_planner.h:170] Found solution in: 3
I20260909 04:41:41.623379   759 skeleton_planner.h:170] Found solution in: 6
I20260909 04:41:41.623386   759 skeleton_planner.h:170] Found solution in: 1
I20260909 04:41:41.623392   759 skeleton_planner.h:170] Found solution in: 5
I20260909 04:41:41.623397   759 skeleton_planner.h:170] Found solution in: 4
I20260909 04:41:41.623404   759 skeleton_planner.h:170] Found solution in: 5
I20260909 04:41:41.623409   759 skeleton_planner.h:170] Found solution in: 1
I20260909 04:41:41.623415   759 skeleton_planner.h:170] Found solution in: 6
I20260909 04:41:41.623425   759 skeleton_planner.h:170] Found solution in: 9
I20260909 04:41:41.623430   759 skeleton_planner.h:170] Found solution in: 1
I20260909 04:41:41.623436   759 skeleton_planner.h:170] Found solution in: 6
I20260909 04:41:41.623446   759 skeleton_planner.h:170] Found solution in: 11
I20260909 04:41:41.623453   759 skeleton_planner.h:170] Found solution in: 1
I20260909 04:41:41.623492   759 skeleton_planner.h:170] Found solution in: 9
I20260909 04:41:41.623499   759 skeleton_planner.h:170] Found solution in: 1
I20260909 04:41:41.623585   759 skeleton_planner.h:170] Found solution in: 3
I20260909 04:41:41.623593   759 skeleton_planner.h:170] Found solution in: 1
I20260909 04:41:41.623605   759 skeleton_planner.h:170] Found solution in: 12
I20260909 04:41:41.623616   759 skeleton_planner.h:170] Found solution in: 14
I20260909 04:41:41.623621   759 skeleton_planner.h:170] Found solution in: 1
I20260909 04:41:41.623659   759 skeleton_planner.h:170] Found solution in: 3
I20260909 04:41:41.623667   759 skeleton_planner.h:170] Found solution in: 1
I20260909 04:41:41.623677   759 skeleton_planner.h:170] Found solution in: 3
I20260909 04:41:41.623683   759 skeleton_planner.h:170] Found solution in: 1
I20260909 04:41:41.623721   759 skeleton_planner.h:170] Found solution in: 3
I20260909 04:41:41.623728   759 skeleton_planner.h:170] Found solution in: 1
I20260909 04:41:41.623740   759 skeleton_planner.h:170] Found solution in: 3
I20260909 04:41:41.623747   759 skeleton_planner.h:170] Found solution in: 1
I20260909 04:41:41.623759   759 skeleton_planner.h:170] Found solution in: 4
I20260909 04:41:41.623766   759 skeleton_planner.h:170] Found solution in: 1
I20260909 04:41:41.623775   759 skeleton_planner.h:170] Found solution in: 8
I20260909 04:41:41.623782   759 skeleton_planner.h:170] Found solution in: 1
I20260909 04:41:41.623804   759 skeleton_planner.h:170] Found solution in: 23
I20260909 04:41:41.623813   759 skeleton_planner.h:170] Found solution in: 1
I20260909 04:41:41.623857   759 skeleton_planner.h:170] Found solution in: 4
I20260909 04:41:41.623864   759 skeleton_planner.h:170] Found solution in: 1
I20260909 04:41:41.623869   759 skeleton_planner.h:170] Found solution in: 1
I20260909 04:41:41.623893   759 skeleton_planner.h:170] Found solution in: 6
I20260909 04:41:41.623903   759 skeleton_planner.h:170] Found solution in: 1
I20260909 04:41:41.623905   759 skeleton_planner.h:170] Found solution in: 2
I20260909 04:41:41.624326   759 skeleton_planner.h:170] Found solution in: 1
I20260909 04:41:41.624330   759 skeleton_planner.h:170] Found solution in: 2
I20260909 04:41:41.624750   759 skeleton_planner.h:170] Found solution in: 1
I20260909 04:41:41.624770   759 skeleton_planner.h:170] Found solution in: 6
I20260909 04:41:41.624784   759 skeleton_planner.h:170] Found solution in: 1
I20260909 04:41:41.624791   759 skeleton_planner.h:170] Found solution in: 5
I20260909 04:41:41.624816   759 skeleton_planner.h:170] Found solution in: 23
I20260909 04:41:41.624825   759 skeleton_planner.h:170] Found solution in: 1
I20260909 04:41:41.624833   759 skeleton_planner.h:170] Found solution in: 7
I20260909 04:41:41.624841   759 skeleton_planner.h:170] Found solution in: 1
I20260909 04:41:41.624857   759 skeleton_planner.h:170] Found solution in: 3
I20260909 04:41:41.624864   759 skeleton_planner.h:170] Found solution in: 1
I20260909 04:41:41.624902   759 skeleton_planner.h:170] Found solution in: 5
I20260909 04:41:41.624910   759 skeleton_planner.h:170] Found solution in: 1
I20260909 04:41:41.624915   759 skeleton_planner.h:170] Found solution in: 4
I20260909 04:41:41.624922   759 skeleton_planner.h:170] Found solution in: 6
I20260909 04:41:41.624940   759 skeleton_planner.h:170] Found solution in: 5
I20260909 04:41:41.624948   759 skeleton_planner.h:170] Found solution in: 1
I20260909 04:41:41.624953   759 skeleton_planner.h:170] Found solution in: 6
I20260909 04:41:41.624959   759 skeleton_planner.h:170] Found solution in: 5
I20260909 04:41:41.624964   759 skeleton_planner.h:170] Found solution in: 5
I20260909 04:41:41.624972   759 skeleton_planner.h:170] Found solution in: 1
I20260909 04:41:41.624994   759 skeleton_planner.h:170] Found solution in: 7
I20260909 04:41:41.625003   759 skeleton_planner.h:170] Found solution in: 1
I20260909 04:41:41.625007   759 skeleton_planner.h:170] Found solution in: 3
I20260909 04:41:41.625011   759 skeleton_planner.h:170] Found solution in: 3
I20260909 04:41:41.625016   759 skeleton_planner.h:170] Found solution in: 5
I20260909 04:41:41.625022   759 skeleton_planner.h:170] Found solution in: 1
I20260909 04:41:41.625026   759 skeleton_planner.h:170] Found solution in: 3
I20260909 04:41:41.625029   759 skeleton_planner.h:170] Found solution in: 3
I20260909 04:41:41.625034   759 skeleton_planner.h:170] Found solution in: 5
I20260909 04:41:41.625041   759 skeleton_planner.h:170] Found solution in: 1
I20260909 04:41:41.625046   759 skeleton_planner.h:170] Found solution in: 3
I20260909 04:41:41.625049   759 skeleton_planner.h:170] Found solution in: 3
I20260909 04:41:41.625054   759 skeleton_planner.h:170] Found solution in: 5
I20260909 04:41:41.625061   759 skeleton_planner.h:170] Found solution in: 1
I20260909 04:41:41.625144   759 skeleton_planner.h:170] Found solution in: 4
I20260909 04:41:41.625155   759 skeleton_planner.h:170] Found solution in: 1
I20260909 04:41:41.625159   759 skeleton_planner.h:170] Found solution in: 3
I20260909 04:41:41.625165   759 skeleton_planner.h:170] Found solution in: 1
I20260909 04:41:41.625169   759 skeleton_planner.h:170] Found solution in: 3
I20260909 04:41:41.625177   759 skeleton_planner.h:170] Found solution in: 1
I20260909 04:41:41.625181   759 skeleton_planner.h:170] Found solution in: 3
I20260909 04:41:41.625192   759 skeleton_planner.h:170] Found solution in: 13
I20260909 04:41:41.625201   759 skeleton_planner.h:170] Found solution in: 1
I20260909 04:41:41.625288   759 skeleton_planner.h:170] Found solution in: 3
I20260909 04:41:41.625299   759 skeleton_planner.h:170] Found solution in: 1
I20260909 04:41:41.625322   759 skeleton_planner.h:170] Found solution in: 5
I20260909 04:41:41.625331   759 skeleton_planner.h:170] Found solution in: 1
I20260909 04:41:41.625344   759 skeleton_planner.h:170] Found solution in: 3
I20260909 04:41:41.625353   759 skeleton_planner.h:170] Found solution in: 1
I20260909 04:41:41.625370   759 skeleton_planner.h:170] Found solution in: 19
I20260909 04:41:41.625433   759 skeleton_planner.h:170] Found solution in: 4
I20260909 04:41:41.625439   759 skeleton_planner.h:170] Found solution in: 1
I20260909 04:41:41.625445   759 skeleton_planner.h:170] Found solution in: 1
I20260909 04:41:41.625458   759 skeleton_planner.h:170] Found solution in: 3
I20260909 04:41:41.625465   759 skeleton_planner.h:170] Found solution in: 1
I20260909 04:41:41.625478   759 skeleton_planner.h:170] Found solution in: 3
I20260909 04:41:41.625484   759 skeleton_planner.h:170] Found solution in: 1
I20260909 04:41:41.625496   759 skeleton_planner.h:170] Found solution in: 3
I20260909 04:41:41.625509   759 skeleton_planner.h:170] Found solution in: 1
I20260909 04:41:41.625540   759 skeleton_planner.h:170] Found solution in: 8
I20260909 04:41:41.625548   759 skeleton_planner.h:170] Found solution in: 1
I20260909 04:41:41.625555   759 skeleton_planner.h:170] Found solution in: 1
I20260909 04:41:41.625569   759 skeleton_planner.h:170] Found solution in: 15
I20260909 04:41:41.625597   759 skeleton_planner.h:170] Found solution in: 34
I20260909 04:41:41.625612   759 skeleton_planner.h:170] Found solution in: 17
I20260909 04:41:41.625622   759 skeleton_planner.h:170] Found solution in: 1
I20260909 04:41:41.625644   759 skeleton_planner.h:170] Found solution in: 6
I20260909 04:41:41.625658   759 skeleton_planner.h:170] Found solution in: 1
I20260909 04:41:41.625669   759 skeleton_planner.h:170] Found solution in: 3
I20260909 04:41:41.625675   759 skeleton_planner.h:170] Found solution in: 1
I20260909 04:41:41.625680   759 skeleton_planner.h:170] Found solution in: 1
I20260909 04:41:41.625700   759 skeleton_planner.h:170] Found solution in: 7
I20260909 04:41:41.625710   759 skeleton_planner.h:170] Found solution in: 1
I20260909 04:41:41.625732   759 skeleton_planner.h:170] Found solution in: 8
I20260909 04:41:41.625744   759 skeleton_planner.h:170] Found solution in: 1
I20260909 04:41:41.625753   759 skeleton_planner.h:170] Found solution in: 1
I20260909 04:41:41.625808   759 skeleton_planner.h:170] Found solution in: 20
I20260909 04:41:41.625820   759 skeleton_planner.h:170] Found solution in: 1
I20260909 04:41:41.625905   759 skeleton_planner.h:170] Found solution in: 3
I20260909 04:41:41.625911   759 skeleton_planner.h:170] Found solution in: 1
I20260909 04:41:41.625916   759 skeleton_planner.h:170] Found solution in: 4
I20260909 04:41:41.625923   759 skeleton_planner.h:170] Found solution in: 1
I20260909 04:41:41.625931   759 skeleton_planner.h:170] Found solution in: 1
I20260909 04:41:41.625937   759 skeleton_planner.h:170] Found solution in: 1
I20260909 04:41:41.625942   759 skeleton_planner.h:170] Found solution in: 1
I20260909 04:41:41.625947   759 skeleton_planner.h:170] Found solution in: 4
I20260909 04:41:41.625962   759 skeleton_planner.h:170] Found solution in: 1
I20260909 04:41:41.626170   759 skeleton_planner.h:170] Found solution in: 1
I20260909 04:41:41.626175   759 skeleton_planner.h:170] Found solution in: 3
I20260909 04:41:41.626183   759 skeleton_planner.h:170] Found solution in: 1
I20260909 04:41:41.626187   759 skeleton_planner.h:170] Found solution in: 3
I20260909 04:41:41.626217   759 skeleton_planner.h:170] Found solution in: 6
I20260909 04:41:41.626227   759 skeleton_planner.h:170] Found solution in: 1
I20260909 04:41:41.626241   759 skeleton_planner.h:170] Found solution in: 4
I20260909 04:41:41.626250   759 skeleton_planner.h:170] Found solution in: 1
I20260909 04:41:41.626253   759 skeleton_planner.h:170] Found solution in: 3
I20260909 04:41:41.626259   759 skeleton_planner.h:170] Found solution in: 1
I20260909 04:41:41.626267   759 skeleton_planner.h:170] Found solution in: 1
I20260909 04:41:41.626279   759 skeleton_planner.h:170] Found solution in: 3
I20260909 04:41:41.626287   759 skeleton_planner.h:170] Found solution in: 1
I20260909 04:41:41.626299   759 skeleton_planner.h:170] Found solution in: 3
I20260909 04:41:41.626307   759 skeleton_planner.h:170] Found solution in: 1
I20260909 04:41:41.626315   759 skeleton_planner.h:170] Found solution in: 1
I20260909 04:41:41.626320   759 skeleton_planner.h:170] Found solution in: 4
I20260909 04:41:41.626328   759 skeleton_planner.h:170] Found solution in: 1
I20260909 04:41:41.626353   759 skeleton_planner.h:170] Found solution in: 25
I20260909 04:41:41.626363   759 skeleton_planner.h:170] Found solution in: 1
I20260909 04:41:41.626368   759 skeleton_planner.h:170] Found solution in: 4
I20260909 04:41:41.626376   759 skeleton_planner.h:170] Found solution in: 1
I20260909 04:41:41.626464   759 skeleton_planner.h:170] Found solution in: 3
I20260909 04:41:41.626477   759 skeleton_planner.h:170] Found solution in: 1
I20260909 04:41:41.626497   759 skeleton_planner.h:170] Found solution in: 6
I20260909 04:41:41.626507   759 skeleton_planner.h:170] Found solution in: 1
I20260909 04:41:41.626514   759 skeleton_planner.h:170] Found solution in: 1
I20260909 04:41:41.626523   759 skeleton_planner.h:170] Found solution in: 8
I20260909 04:41:41.626528   759 skeleton_planner.h:170] Found solution in: 1
I20260909 04:41:41.626533   759 skeleton_planner.h:170] Found solution in: 4
I20260909 04:41:41.626541   759 skeleton_planner.h:170] Found solution in: 8
I20260909 04:41:41.626547   759 skeleton_planner.h:170] Found solution in: 1
I20260909 04:41:41.626554   759 skeleton_planner.h:170] Found solution in: 5
I20260909 04:41:41.626560   759 skeleton_planner.h:170] Found solution in: 7
I20260909 04:41:41.626569   759 skeleton_planner.h:170] Found solution in: 1
I20260909 04:41:41.626583   759 skeleton_planner.h:170] Found solution in: 4
I20260909 04:41:41.626592   759 skeleton_planner.h:170] Found solution in: 1
I20260909 04:41:41.626597   759 skeleton_planner.h:170] Found solution in: 1
I20260909 04:41:41.626602   759 skeleton_planner.h:170] Found solution in: 3
I20260909 04:41:41.626613   759 skeleton_planner.h:170] Found solution in: 3
I20260909 04:41:41.626619   759 skeleton_planner.h:170] Found solution in: 1
I20260909 04:41:41.626629   759 skeleton_planner.h:170] Found solution in: 3
I20260909 04:41:41.626638   759 skeleton_planner.h:170] Found solution in: 1
I20260909 04:41:41.626657   759 skeleton_planner.h:170] Found solution in: 4
I20260909 04:41:41.626665   759 skeleton_planner.h:170] Found solution in: 1
I20260909 04:41:41.626674   759 skeleton_planner.h:170] Found solution in: 8
I20260909 04:41:41.626679   759 skeleton_planner.h:170] Found solution in: 1
I20260909 04:41:41.626689   759 skeleton_planner.h:170] Found solution in: 3
I20260909 04:41:41.626696   759 skeleton_planner.h:170] Found solution in: 1
I20260909 04:41:41.626705   759 skeleton_planner.h:170] Found solution in: 3
I20260909 04:41:41.626715   759 skeleton_planner.h:170] Found solution in: 1
I20260909 04:41:41.626719   759 skeleton_planner.h:170] Found solution in: 4
I20260909 04:41:41.626736   759 skeleton_planner.h:170] Found solution in: 5
I20260909 04:41:41.626744   759 skeleton_planner.h:170] Found solution in: 1
I20260909 04:41:41.626758   759 skeleton_planner.h:170] Found solution in: 4
I20260909 04:41:41.626767   759 skeleton_planner.h:170] Found solution in: 1
I20260909 04:41:41.626781   759 skeleton_planner.h:170] Found solution in: 3
I20260909 04:41:41.626788   759 skeleton_planner.h:170] Found solution in: 1
I20260909 04:41:41.626835   759 skeleton_planner.h:170] Found solution in: 4
I20260909 04:41:41.626845   759 skeleton_planner.h:170] Found solution in: 1
I20260909 04:41:41.626848   759 skeleton_planner.h:170] Found solution in: 2
I20260909 04:41:41.626858   759 skeleton_planner.h:170] Found solution in: 4
I20260909 04:41:41.626866   759 skeleton_planner.h:170] Found solution in: 1
I20260909 04:41:41.626873   759 skeleton_planner.h:170] Found solution in: 1
I20260909 04:41:41.626883   759 skeleton_planner.h:170] Found solution in: 4
I20260909 04:41:41.626889   759 skeleton_planner.h:170] Found solution in: 1
I20260909 04:41:41.626968   759 skeleton_planner.h:170] Found solution in: 26
I20260909 04:41:41.626978   759 skeleton_planner.h:170] Found solution in: 1
I20260909 04:41:41.626983   759 skeleton_planner.h:170] Found solution in: 1
I20260909 04:41:41.626987   759 skeleton_planner.h:170] Found solution in: 3
I20260909 04:41:41.627063   759 skeleton_planner.h:170] Found solution in: 42
I20260909 04:41:41.627084   759 skeleton_planner.h:170] Found solution in: 7
I20260909 04:41:41.627092   759 skeleton_planner.h:170] Found solution in: 1
I20260909 04:41:41.627187   759 skeleton_planner.h:170] Found solution in: 49
I20260909 04:41:41.627198   759 skeleton_planner.h:170] Found solution in: 1
I20260909 04:41:41.627205   759 skeleton_planner.h:170] Found solution in: 1
I20260909 04:41:41.627213   759 skeleton_planner.h:170] Found solution in: 1
I20260909 04:41:41.627220   759 skeleton_planner.h:170] Found solution in: 1
I20260909 04:41:41.627228   759 skeleton_planner.h:170] Found solution in: 1
I20260909 04:41:41.627245   759 skeleton_planner.h:170] Found solution in: 3
I20260909 04:41:41.627254   759 skeleton_planner.h:170] Found solution in: 1
I20260909 04:41:41.627261   759 skeleton_planner.h:170] Found solution in: 1
I20260909 04:41:41.627269   759 skeleton_planner.h:170] Found solution in: 8
I20260909 04:41:41.627276   759 skeleton_planner.h:170] Found solution in: 1
I20260909 04:41:41.627281   759 skeleton_planner.h:170] Found solution in: 4
I20260909 04:41:41.627291   759 skeleton_planner.h:170] Found solution in: 11
I20260909 04:41:41.627296   759 skeleton_planner.h:170] Found solution in: 1
I20260909 04:41:41.627301   759 skeleton_planner.h:170] Found solution in: 4
I20260909 04:41:41.627312   759 skeleton_planner.h:170] Found solution in: 11
I20260909 04:41:41.627362   759 skeleton_planner.h:170] Found solution in: 5
I20260909 04:41:41.627370   759 skeleton_planner.h:170] Found solution in: 1
I20260909 04:41:41.627390   759 skeleton_planner.h:170] Found solution in: 5
I20260909 04:41:41.627398   759 skeleton_planner.h:170] Found solution in: 1
I20260909 04:41:41.627424   759 skeleton_planner.h:170] Found solution in: 5
I20260909 04:41:41.627432   759 skeleton_planner.h:170] Found solution in: 1
I20260909 04:41:41.627439   759 skeleton_planner.h:170] Found solution in: 1
I20260909 04:41:41.627450   759 skeleton_planner.h:170] Found solution in: 12
I20260909 04:41:41.627458   759 skeleton_planner.h:170] Found solution in: 1
I20260909 04:41:41.627478   759 skeleton_planner.h:170] Found solution in: 5
I20260909 04:41:41.627486   759 skeleton_planner.h:170] Found solution in: 1
I20260909 04:41:41.627553   759 skeleton_planner.h:170] Found solution in: 3
I20260909 04:41:41.627560   759 skeleton_planner.h:170] Found solution in: 1
I20260909 04:41:41.627564   759 skeleton_planner.h:170] Found solution in: 4
I20260909 04:41:41.627584   759 skeleton_planner.h:170] Found solution in: 6
I20260909 04:41:41.627593   759 skeleton_planner.h:170] Found solution in: 1
I20260909 04:41:41.627599   759 skeleton_planner.h:170] Found solution in: 1
I20260909 04:41:41.627612   759 skeleton_planner.h:170] Found solution in: 3
I20260909 04:41:41.627619   759 skeleton_planner.h:170] Found solution in: 1
I20260909 04:41:41.627643   759 skeleton_planner.h:170] Found solution in: 9
I20260909 04:41:41.627652   759 skeleton_planner.h:170] Found solution in: 1
I20260909 04:41:41.627835   759 skeleton_planner.h:170] Found solution in: 8
I20260909 04:41:41.627843   759 skeleton_planner.h:170] Found solution in: 1
I20260909 04:41:41.627848   759 skeleton_planner.h:170] Found solution in: 4
I20260909 04:41:41.628029   759 skeleton_planner.h:170] Found solution in: 1
I20260909 04:41:41.628034   759 skeleton_planner.h:170] Found solution in: 1
I20260909 04:41:41.628038   759 skeleton_planner.h:170] Found solution in: 4
I20260909 04:41:41.628218   759 skeleton_planner.h:170] Found solution in: 1
I20260909 04:41:41.628226   759 skeleton_planner.h:170] Found solution in: 9
I20260909 04:41:41.628237   759 skeleton_planner.h:170] Found solution in: 1
I20260909 04:41:41.628247   759 skeleton_planner.h:170] Found solution in: 11
I20260909 04:41:41.628254   759 skeleton_planner.h:170] Found solution in: 1
I20260909 04:41:41.628293   759 skeleton_planner.h:170] Found solution in: 7
I20260909 04:41:41.628307   759 skeleton_planner.h:170] Found solution in: 1
I20260909 04:41:41.628315   759 skeleton_planner.h:170] Found solution in: 1
I20260909 04:41:41.628319   759 skeleton_planner.h:170] Found solution in: 3
I20260909 04:41:41.628353   759 skeleton_planner.h:170] Found solution in: 39
I20260909 04:41:41.628448   759 skeleton_planner.h:170] Found solution in: 4
I20260909 04:41:41.628455   759 skeleton_planner.h:170] Found solution in: 1
I20260909 04:41:41.628468   759 skeleton_planner.h:170] Found solution in: 9
I20260909 04:41:41.628473   759 skeleton_planner.h:170] Found solution in: 1
I20260909 04:41:41.628506   759 skeleton_planner.h:170] Found solution in: 39
I20260909 04:41:41.628600   759 skeleton_planner.h:170] Found solution in: 3
I20260909 04:41:41.628609   759 skeleton_planner.h:170] Found solution in: 1
I20260909 04:41:41.628618   759 skeleton_planner.h:170] Found solution in: 1
I20260909 04:41:41.628629   759 skeleton_planner.h:170] Found solution in: 1
I20260909 04:41:41.628644   759 skeleton_planner.h:170] Found solution in: 5
I20260909 04:41:41.628654   759 skeleton_planner.h:170] Found solution in: 1
I20260909 04:41:41.628667   759 skeleton_planner.h:170] Found solution in: 4
I20260909 04:41:41.628677   759 skeleton_planner.h:170] Found solution in: 1
I20260909 04:41:41.628683   759 skeleton_planner.h:170] Found solution in: 1
I20260909 04:41:41.628705   759 skeleton_planner.h:170] Found solution in: 5
I20260909 04:41:41.628713   759 skeleton_planner.h:170] Found solution in: 1
I20260909 04:41:41.628737   759 skeleton_planner.h:170] Found solution in: 6
I20260909 04:41:41.628746   759 skeleton_planner.h:170] Found solution in: 1
I20260909 04:41:41.628753   759 skeleton_planner.h:170] Found solution in: 1
I20260909 04:41:41.628759   759 skeleton_planner.h:170] Found solution in: 5
I20260909 04:41:41.628765   759 skeleton_planner.h:170] Found solution in: 1
I20260909 04:41:41.628770   759 skeleton_planner.h:170] Found solution in: 5
I20260909 04:41:41.628775   759 skeleton_planner.h:170] Found solution in: 1
I20260909 04:41:41.628866   759 skeleton_planner.h:170] Found solution in: 4
I20260909 04:41:41.628875   759 skeleton_planner.h:170] Found solution in: 1
I20260909 04:41:41.628880   759 skeleton_planner.h:170] Found solution in: 5
I20260909 04:41:41.628912   759 skeleton_planner.h:170] Found solution in: 7
I20260909 04:41:41.628923   759 skeleton_planner.h:170] Found solution in: 1
I20260909 04:41:41.628945   759 skeleton_planner.h:170] Found solution in: 6
I20260909 04:41:41.628955   759 skeleton_planner.h:170] Found solution in: 1
I20260909 04:41:41.628964   759 skeleton_planner.h:170] Found solution in: 1
I20260909 04:41:41.628969   759 skeleton_planner.h:170] Found solution in: 1
I20260909 04:41:41.628976   759 skeleton_planner.h:170] Found solution in: 6
I20260909 04:41:41.628988   759 skeleton_planner.h:170] Found solution in: 1
I20260909 04:41:41.629006   759 skeleton_planner.h:170] Found solution in: 5
I20260909 04:41:41.629015   759 skeleton_planner.h:170] Found solution in: 1
I20260909 04:41:41.629022   759 skeleton_planner.h:170] Found solution in: 6
I20260909 04:41:41.629031   759 skeleton_planner.h:170] Found solution in: 3
I20260909 04:41:41.629058   759 skeleton_planner.h:170] Found solution in: 10
I20260909 04:41:41.629078   759 skeleton_planner.h:170] Found solution in: 5
I20260909 04:41:41.629096   759 skeleton_planner.h:170] Found solution in: 5
I20260909 04:41:41.629110   759 skeleton_planner.h:170] Found solution in: 4
I20260909 04:41:41.629132   759 skeleton_planner.h:170] Found solution in: 5
I20260909 04:41:41.629143   759 skeleton_planner.h:170] Found solution in: 3
I20260909 04:41:41.629154   759 skeleton_planner.h:170] Found solution in: 3
I20260909 04:41:41.629172   759 skeleton_planner.h:170] Found solution in: 6
I20260909 04:41:41.629185   759 skeleton_planner.h:170] Found solution in: 4
I20260909 04:41:41.629211   759 skeleton_planner.h:170] Found solution in: 11
I20260909 04:41:41.629223   759 skeleton_planner.h:170] Found solution in: 4
I20260909 04:41:41.629232   759 skeleton_planner.h:170] Found solution in: 3
I20260909 04:41:41.629240   759 skeleton_planner.h:170] Found solution in: 2
I20260909 04:41:41.629251   759 skeleton_planner.h:170] Found solution in: 4
I20260909 04:41:41.629283   759 skeleton_planner.h:170] Found solution in: 11
I20260909 04:41:41.629298   759 skeleton_planner.h:170] Found solution in: 4
I20260909 04:41:41.629317   759 skeleton_planner.h:170] Found solution in: 5
I20260909 04:41:41.629329   759 skeleton_planner.h:170] Found solution in: 3
I20260909 04:41:41.629343   759 skeleton_planner.h:170] Found solution in: 4
I20260909 04:41:41.629355   759 skeleton_planner.h:170] Found solution in: 4
I20260909 04:41:41.629366   759 skeleton_planner.h:170] Found solution in: 3
I20260909 04:41:41.629379   759 skeleton_planner.h:170] Found solution in: 4
I20260909 04:41:41.629388   759 skeleton_planner.h:170] Found solution in: 3
I20260909 04:41:41.629400   759 skeleton_planner.h:170] Found solution in: 3
I20260909 04:41:41.629410   759 skeleton_planner.h:170] Found solution in: 3
I20260909 04:41:41.629423   759 skeleton_planner.h:170] Found solution in: 4
I20260909 04:41:41.629446   759 skeleton_planner.h:170] Found solution in: 7
I20260909 04:41:41.629462   759 skeleton_planner.h:170] Found solution in: 5
I20260909 04:41:41.629470   759 skeleton_planner.h:170] Found solution in: 2
I20260909 04:41:41.629488   759 skeleton_planner.h:170] Found solution in: 6
I20260909 04:41:41.629500   759 skeleton_planner.h:170] Found solution in: 3
I20260909 04:41:41.629513   759 skeleton_planner.h:170] Found solution in: 4
I20260909 04:41:41.629526   759 skeleton_planner.h:170] Found solution in: 5
I20260909 04:41:41.629539   759 skeleton_planner.h:170] Found solution in: 4
I20260909 04:41:41.629554   759 skeleton_planner.h:170] Found solution in: 6
I20260909 04:41:41.629563   759 skeleton_planner.h:170] Found solution in: 3
I20260909 04:41:41.629575   759 skeleton_planner.h:170] Found solution in: 3
I20260909 04:41:41.629593   759 skeleton_planner.h:170] Found solution in: 6
I20260909 04:41:41.629614   759 skeleton_planner.h:170] Found solution in: 5
I20260909 04:41:41.629626   759 skeleton_planner.h:170] Found solution in: 3
I20260909 04:41:41.629637   759 skeleton_planner.h:170] Found solution in: 3
I20260909 04:41:41.629644   759 skeleton_planner.h:170] Found solution in: 2
I20260909 04:41:41.629669   759 skeleton_planner.h:170] Found solution in: 8
I20260909 04:41:41.629683   759 skeleton_planner.h:170] Found solution in: 4
I20260909 04:41:41.629693   759 skeleton_planner.h:170] Found solution in: 3
I20260909 04:41:41.629703   759 skeleton_planner.h:170] Found solution in: 3
I20260909 04:41:41.629717   759 skeleton_planner.h:170] Found solution in: 4
I20260909 04:41:41.629727   759 skeleton_planner.h:170] Found solution in: 3
I20260909 04:41:41.629742   759 skeleton_planner.h:170] Found solution in: 5
I20260909 04:41:41.629755   759 skeleton_planner.h:170] Found solution in: 3
I20260909 04:41:41.629762   759 skeleton_planner.h:170] Found solution in: 2
I20260909 04:41:41.629771   759 skeleton_planner.h:170] Found solution in: 3
I20260909 04:41:41.629789   759 skeleton_planner.h:170] Found solution in: 5
I20260909 04:41:41.629803   759 skeleton_planner.h:170] Found solution in: 4
I20260909 04:41:41.629820   759 skeleton_planner.h:170] Found solution in: 6
I20260909 04:41:41.629832   759 skeleton_planner.h:170] Found solution in: 3
I20260909 04:41:41.629844   759 skeleton_planner.h:170] Found solution in: 4
I20260909 04:41:41.629855   759 skeleton_planner.h:170] Found solution in: 3
I20260909 04:41:41.629863   759 skeleton_planner.h:170] Found solution in: 2
I20260909 04:41:41.629873   759 skeleton_planner.h:170] Found solution in: 3
I20260909 04:41:41.629881   759 skeleton_planner.h:170] Found solution in: 3
I20260909 04:41:41.629891   759 skeleton_planner.h:170] Found solution in: 3
I20260909 04:41:41.629920   759 skeleton_planner.h:170] Found solution in: 12
I20260909 04:41:41.629933   759 skeleton_planner.h:170] Found solution in: 3
I20260909 04:41:41.629963   759 skeleton_planner.h:170] Found solution in: 10
I20260909 04:41:41.629985   759 skeleton_planner.h:170] Found solution in: 5
I20260909 04:41:41.629997   759 skeleton_planner.h:170] Found solution in: 3
I20260909 04:41:41.630012   759 skeleton_planner.h:170] Found solution in: 5
I20260909 04:41:41.630026   759 skeleton_planner.h:170] Found solution in: 6
I20260909 04:41:41.630036   759 skeleton_planner.h:170] Found solution in: 3
I20260909 04:41:41.630053   759 skeleton_planner.h:170] Found solution in: 5
I20260909 04:41:41.630064   759 skeleton_planner.h:170] Found solution in: 3
I20260909 04:41:41.630074   759 skeleton_planner.h:170] Found solution in: 3
I20260909 04:41:41.630081   759 skeleton_planner.h:170] Found solution in: 2
I20260909 04:41:41.630085   759 skeleton_planner.h:170] Found solution in: 1
I20260909 04:41:41.630095   759 skeleton_planner.h:170] Found solution in: 3
I20260909 04:41:41.630107   759 skeleton_planner.h:170] Found solution in: 4
I20260909 04:41:41.630115   759 skeleton_planner.h:170] Found solution in: 2
I20260909 04:41:41.630187   759 skeleton_planner.h:170] Found solution in: 22
I20260909 04:41:41.630218   759 skeleton_planner.h:170] Found solution in: 5
I20260909 04:41:41.630230   759 skeleton_planner.h:170] Found solution in: 3
I20260909 04:41:41.630239   759 skeleton_planner.h:170] Found solution in: 3
I20260909 04:41:41.630254   759 skeleton_planner.h:170] Found solution in: 5
I20260909 04:41:41.630276   759 skeleton_planner.h:170] Found solution in: 9
I20260909 04:41:41.630288   759 skeleton_planner.h:170] Found solution in: 3
I20260909 04:41:41.630296   759 skeleton_planner.h:170] Found solution in: 2
I20260909 04:41:41.630308   759 skeleton_planner.h:170] Found solution in: 3
I20260909 04:41:41.630318   759 skeleton_planner.h:170] Found solution in: 3
I20260909 04:41:41.630335   759 skeleton_planner.h:170] Found solution in: 5
I20260909 04:41:41.630347   759 skeleton_planner.h:170] Found solution in: 3
I20260909 04:41:41.630357   759 skeleton_planner.h:170] Found solution in: 3
I20260909 04:41:41.630369   759 skeleton_planner.h:170] Found solution in: 4
I20260909 04:41:41.630383   759 skeleton_planner.h:170] Found solution in: 5
I20260909 04:41:41.630396   759 skeleton_planner.h:170] Found solution in: 4
I20260909 04:41:41.630414   759 skeleton_planner.h:170] Found solution in: 6
I20260909 04:41:41.630431   759 skeleton_planner.h:170] Found solution in: 4
I20260909 04:41:41.630439   759 skeleton_planner.h:170] Found solution in: 2
I20260909 04:41:41.630450   759 skeleton_planner.h:170] Found solution in: 4
I20260909 04:41:41.630465   759 skeleton_planner.h:170] Found solution in: 5
I20260909 04:41:41.630479   759 skeleton_planner.h:170] Found solution in: 5
I20260909 04:41:41.630487   759 skeleton_planner.h:170] Found solution in: 2
I20260909 04:41:41.630499   759 skeleton_planner.h:170] Found solution in: 4
I20260909 04:41:41.630513   759 skeleton_planner.h:170] Found solution in: 5
I20260909 04:41:41.630537   759 skeleton_planner.h:170] Found solution in: 9
I20260909 04:41:41.630550   759 skeleton_planner.h:170] Found solution in: 3
I20260909 04:41:41.630569   759 skeleton_planner.h:170] Found solution in: 5
I20260909 04:41:41.630584   759 skeleton_planner.h:170] Found solution in: 5
I20260909 04:41:41.630600   759 skeleton_planner.h:170] Found solution in: 5
I20260909 04:41:41.630615   759 skeleton_planner.h:170] Found solution in: 5
I20260909 04:41:41.630633   759 skeleton_planner.h:170] Found solution in: 7
I20260909 04:41:41.630649   759 skeleton_planner.h:170] Found solution in: 4
I20260909 04:41:41.630666   759 skeleton_planner.h:170] Found solution in: 5
I20260909 04:41:41.630681   759 skeleton_planner.h:170] Found solution in: 5
I20260909 04:41:41.630708   759 skeleton_planner.h:170] Found solution in: 11
I20260909 04:41:41.630728   759 skeleton_planner.h:170] Found solution in: 5
I20260909 04:41:41.630738   759 skeleton_planner.h:170] Found solution in: 3
I20260909 04:41:41.630748   759 skeleton_planner.h:170] Found solution in: 3
I20260909 04:41:41.630759   759 skeleton_planner.h:170] Found solution in: 4
I20260909 04:41:41.630774   759 skeleton_planner.h:170] Found solution in: 5
I20260909 04:41:41.630787   759 skeleton_planner.h:170] Found solution in: 4
I20260909 04:41:41.630797   759 skeleton_planner.h:170] Found solution in: 3
I20260909 04:41:41.630805   759 skeleton_planner.h:170] Found solution in: 2
I20260909 04:41:41.630815   759 skeleton_planner.h:170] Found solution in: 3
I20260909 04:41:41.630823   759 skeleton_planner.h:170] Found solution in: 3
I20260909 04:41:41.630836   759 skeleton_planner.h:170] Found solution in: 4
I20260909 04:41:41.630846   759 skeleton_planner.h:170] Found solution in: 3
I20260909 04:41:41.630856   759 skeleton_planner.h:170] Found solution in: 3
I20260909 04:41:41.630868   759 skeleton_planner.h:170] Found solution in: 4
I20260909 04:41:41.630895   759 skeleton_planner.h:170] Found solution in: 9
I20260909 04:41:41.630916   759 skeleton_planner.h:170] Found solution in: 6
I20260909 04:41:41.630928   759 skeleton_planner.h:170] Found solution in: 3
I20260909 04:41:41.630941   759 skeleton_planner.h:170] Found solution in: 5
I20260909 04:41:41.630954   759 skeleton_planner.h:170] Found solution in: 3
I20260909 04:41:41.630964   759 skeleton_planner.h:170] Found solution in: 3
I20260909 04:41:41.630975   759 skeleton_planner.h:170] Found solution in: 3
I20260909 04:41:41.631014   759 skeleton_planner.h:170] Found solution in: 20
I20260909 04:41:41.631026   759 skeleton_planner.h:170] Found solution in: 3
I20260909 04:41:41.631037   759 skeleton_planner.h:170] Found solution in: 4
I20260909 04:41:41.631048   759 skeleton_planner.h:170] Found solution in: 3
I20260909 04:41:41.631069   759 skeleton_planner.h:170] Found solution in: 7
I20260909 04:41:41.631143   759 skeleton_planner.h:170] Found solution in: 38
I20260909 04:41:41.631160   759 skeleton_planner.h:170] Found solution in: 4
I20260909 04:41:41.631186   759 skeleton_planner.h:170] Found solution in: 7
I20260909 04:41:41.631194   759 skeleton_planner.h:170] Found solution in: 2
I20260909 04:41:41.631206   759 skeleton_planner.h:170] Found solution in: 4
I20260909 04:41:41.631219   759 skeleton_planner.h:170] Found solution in: 4
I20260909 04:41:41.631232   759 skeleton_planner.h:170] Found solution in: 4
I20260909 04:41:41.631245   759 skeleton_planner.h:170] Found solution in: 4
I20260909 04:41:41.631263   759 skeleton_planner.h:170] Found solution in: 5
I20260909 04:41:41.631279   759 skeleton_planner.h:170] Found solution in: 5
I20260909 04:41:41.631299   759 skeleton_planner.h:170] Found solution in: 7
I20260909 04:41:41.631325   759 skeleton_planner.h:170] Found solution in: 8
I20260909 04:41:41.631341   759 skeleton_planner.h:170] Found solution in: 5
I20260909 04:41:41.631352   759 skeleton_planner.h:170] Found solution in: 4
I20260909 04:41:41.631366   759 skeleton_planner.h:170] Found solution in: 4
I20260909 04:41:41.631379   759 skeleton_planner.h:170] Found solution in: 5
I20260909 04:41:41.631390   759 skeleton_planner.h:170] Found solution in: 3
I20260909 04:41:41.631400   759 skeleton_planner.h:170] Found solution in: 3
I20260909 04:41:41.631409   759 skeleton_planner.h:170] Found solution in: 4
I20260909 04:41:41.631422   759 skeleton_planner.h:170] Found solution in: 6
I20260909 04:41:41.631443   759 skeleton_planner.h:170] Found solution in: 8
I20260909 04:41:41.631462   759 skeleton_planner.h:170] Found solution in: 9
I20260909 04:41:41.631492   759 skeleton_planner.h:170] Found solution in: 12
I20260909 04:41:41.631505   759 skeleton_planner.h:170] Found solution in: 4
I20260909 04:41:41.631515   759 skeleton_planner.h:170] Found solution in: 4
I20260909 04:41:41.631534   759 skeleton_planner.h:170] Found solution in: 7
I20260909 04:41:41.631543   759 skeleton_planner.h:170] Found solution in: 3
I20260909 04:41:41.631561   759 skeleton_planner.h:170] Found solution in: 8
I20260909 04:41:41.631582   759 skeleton_planner.h:170] Found solution in: 7
I20260909 04:41:41.631598   759 skeleton_planner.h:170] Found solution in: 5
I20260909 04:41:41.631613   759 skeleton_planner.h:170] Found solution in: 5
I20260909 04:41:41.631631   759 skeleton_planner.h:170] Found solution in: 6
I20260909 04:41:41.631642   759 skeleton_planner.h:170] Found solution in: 3
I20260909 04:41:41.631651   759 skeleton_planner.h:170] Found solution in: 3
I20260909 04:41:41.631681   759 skeleton_planner.h:170] Found solution in: 11
I20260909 04:41:41.631696   759 skeleton_planner.h:170] Found solution in: 5
I20260909 04:41:41.631716   759 skeleton_planner.h:170] Found solution in: 6
I20260909 04:41:41.631739   759 skeleton_planner.h:170] Found solution in: 9
I20260909 04:41:41.631750   759 skeleton_planner.h:170] Found solution in: 3
I20260909 04:41:41.631762   759 skeleton_planner.h:170] Found solution in: 4
I20260909 04:41:41.631774   759 skeleton_planner.h:170] Found solution in: 4
I20260909 04:41:41.631785   759 skeleton_planner.h:170] Found solution in: 3
I20260909 04:41:41.631799   759 skeleton_planner.h:170] Found solution in: 5
I20260909 04:41:41.631814   759 skeleton_planner.h:170] Found solution in: 5
I20260909 04:41:41.631824   759 skeleton_planner.h:170] Found solution in: 3
I20260909 04:41:41.631835   759 skeleton_planner.h:170] Found solution in: 3
I20260909 04:41:41.631848   759 skeleton_planner.h:170] Found solution in: 5
I20260909 04:41:41.631863   759 skeleton_planner.h:170] Found solution in: 5
I20260909 04:41:41.631868   759 skeleton_planner.h:170] Found solution in: 1
I20260909 04:41:41.631878   759 skeleton_planner.h:170] Found solution in: 4
I20260909 04:41:41.631896   759 skeleton_planner.h:170] Found solution in: 6
I20260909 04:41:41.631922   759 skeleton_planner.h:170] Found solution in: 10
I20260909 04:41:41.631945   759 skeleton_planner.h:170] Found solution in: 10
I20260909 04:41:41.631965   759 skeleton_planner.h:170] Found solution in: 6
I20260909 04:41:41.631994   759 skeleton_planner.h:170] Found solution in: 10
I20260909 04:41:41.632035   759 skeleton_planner.h:170] Found solution in: 12
I20260909 04:41:41.632160   759 skeleton_planner.h:170] Found solution in: 34
I20260909 04:41:41.632210   759 skeleton_planner.h:170] Found solution in: 12
I20260909 04:41:41.632251   759 skeleton_planner.h:170] Found solution in: 14
I20260909 04:41:41.632287   759 skeleton_planner.h:170] Found solution in: 13
I20260909 04:41:41.632302   759 skeleton_planner.h:170] Found solution in: 5
I20260909 04:41:41.632313   759 skeleton_planner.h:170] Found solution in: 3
I20260909 04:41:41.632325   759 skeleton_planner.h:170] Found solution in: 5
I20260909 04:41:41.632344   759 skeleton_planner.h:170] Found solution in: 6
I20260909 04:41:41.632360   759 skeleton_planner.h:170] Found solution in: 5
I20260909 04:41:41.632373   759 skeleton_planner.h:170] Found solution in: 4
I20260909 04:41:41.632390   759 skeleton_planner.h:170] Found solution in: 5
I20260909 04:41:41.632404   759 skeleton_planner.h:170] Found solution in: 6
I20260909 04:41:41.632429   759 skeleton_planner.h:170] Found solution in: 9
I20260909 04:41:41.632448   759 skeleton_planner.h:170] Found solution in: 5
I20260909 04:41:41.632468   759 skeleton_planner.h:170] Found solution in: 7
I20260909 04:41:41.632495   759 skeleton_planner.h:170] Found solution in: 11
I20260909 04:41:41.632515   759 skeleton_planner.h:170] Found solution in: 5
I20260909 04:41:41.632537   759 skeleton_planner.h:170] Found solution in: 7
I20260909 04:41:41.632561   759 skeleton_planner.h:170] Found solution in: 8
I20260909 04:41:41.632580   759 skeleton_planner.h:170] Found solution in: 6
I20260909 04:41:41.632594   759 skeleton_planner.h:170] Found solution in: 4
I20260909 04:41:41.632604   759 skeleton_planner.h:170] Found solution in: 3
I20260909 04:41:41.632615   759 skeleton_planner.h:170] Found solution in: 3
I20260909 04:41:41.632634   759 skeleton_planner.h:170] Found solution in: 6
I20260909 04:41:41.632645   759 skeleton_planner.h:170] Found solution in: 3
I20260909 04:41:41.632656   759 skeleton_planner.h:170] Found solution in: 4
I20260909 04:41:41.632669   759 skeleton_planner.h:170] Found solution in: 4
I20260909 04:41:41.632687   759 skeleton_planner.h:170] Found solution in: 5
I20260909 04:41:41.632714   759 skeleton_planner.h:170] Found solution in: 9
I20260909 04:41:41.632728   759 skeleton_planner.h:170] Found solution in: 4
I20260909 04:41:41.632748   759 skeleton_planner.h:170] Found solution in: 5
I20260909 04:41:41.632766   759 skeleton_planner.h:170] Found solution in: 5
I20260909 04:41:41.632778   759 skeleton_planner.h:170] Found solution in: 4
I20260909 04:41:41.632797   759 skeleton_planner.h:170] Found solution in: 6
I20260909 04:41:41.632817   759 skeleton_planner.h:170] Found solution in: 6
I20260909 04:41:41.632829   759 skeleton_planner.h:170] Found solution in: 4
I20260909 04:41:41.632843   759 skeleton_planner.h:170] Found solution in: 4
I20260909 04:41:41.632865   759 skeleton_planner.h:170] Found solution in: 7
I20260909 04:41:41.632879   759 skeleton_planner.h:170] Found solution in: 4
I20260909 04:41:41.632898   759 skeleton_planner.h:170] Found solution in: 7
I20260909 04:41:41.632928   759 skeleton_planner.h:170] Found solution in: 10
I20260909 04:41:41.632937   759 skeleton_planner.h:170] Found solution in: 2
I20260909 04:41:41.632975   759 skeleton_planner.h:170] Found solution in: 13
I20260909 04:41:41.633014   759 skeleton_planner.h:170] Found solution in: 12
I20260909 04:41:41.633035   759 skeleton_planner.h:170] Found solution in: 4
I20260909 04:41:41.633040   759 skeleton_planner.h:170] Found solution in: 1
I20260909 04:41:41.633055   759 skeleton_planner.h:170] Found solution in: 5
I20260909 04:41:41.633072   759 skeleton_planner.h:170] Found solution in: 5
I20260909 04:41:41.633077   759 skeleton_planner.h:170] Found solution in: 1
I20260909 04:41:41.633109   759 skeleton_planner.h:170] Found solution in: 10
I20260909 04:41:41.633137   759 skeleton_planner.h:170] Found solution in: 8
I20260909 04:41:41.633179   759 skeleton_planner.h:170] Found solution in: 15
I20260909 04:41:41.633209   759 skeleton_planner.h:170] Found solution in: 8
I20260909 04:41:41.633255   759 skeleton_planner.h:170] Found solution in: 14
I20260909 04:41:41.633268   759 skeleton_planner.h:170] Found solution in: 3
I20260909 04:41:41.633291   759 skeleton_planner.h:170] Found solution in: 6
I20260909 04:41:41.633322   759 skeleton_planner.h:170] Found solution in: 5
I20260909 04:41:41.633343   759 skeleton_planner.h:170] Found solution in: 7
I20260909 04:41:41.633354   759 skeleton_planner.h:170] Found solution in: 3
I20260909 04:41:41.633373   759 skeleton_planner.h:170] Found solution in: 6
I20260909 04:41:41.633399   759 skeleton_planner.h:170] Found solution in: 10
I20260909 04:41:41.633420   759 skeleton_planner.h:170] Found solution in: 6
I20260909 04:41:41.633441   759 skeleton_planner.h:170] Found solution in: 6
I20260909 04:41:41.633452   759 skeleton_planner.h:170] Found solution in: 3
I20260909 04:41:41.633466   759 skeleton_planner.h:170] Found solution in: 5
I20260909 04:41:41.633476   759 skeleton_planner.h:170] Found solution in: 4
I20260909 04:41:41.633486   759 skeleton_planner.h:170] Found solution in: 4
I20260909 04:41:41.633497   759 skeleton_planner.h:170] Found solution in: 4
I20260909 04:41:41.633502   759 skeleton_planner.h:170] Found solution in: 1
I20260909 04:41:41.633522   759 skeleton_planner.h:170] Found solution in: 6
I20260909 04:41:41.633533   759 skeleton_planner.h:170] Found solution in: 3
I20260909 04:41:41.633556   759 skeleton_planner.h:170] Found solution in: 7
I20260909 04:41:41.633567   759 skeleton_planner.h:170] Found solution in: 3
I20260909 04:41:41.633582   759 skeleton_planner.h:170] Found solution in: 4
I20260909 04:41:41.633592   759 skeleton_planner.h:170] Found solution in: 3
I20260909 04:41:41.633607   759 skeleton_planner.h:170] Found solution in: 5
I20260909 04:41:41.633630   759 skeleton_planner.h:170] Found solution in: 8
I20260909 04:41:41.633647   759 skeleton_planner.h:170] Found solution in: 5
I20260909 04:41:41.633667   759 skeleton_planner.h:170] Found solution in: 7
I20260909 04:41:41.633697   759 skeleton_planner.h:170] Found solution in: 9
I20260909 04:41:41.633710   759 skeleton_planner.h:170] Found solution in: 3
I20260909 04:41:41.633728   759 skeleton_planner.h:170] Found solution in: 5
I20260909 04:41:41.633739   759 skeleton_planner.h:170] Found solution in: 3
I20260909 04:41:41.633777   759 skeleton_planner.h:170] Found solution in: 13
I20260909 04:41:41.633806   759 skeleton_planner.h:170] Found solution in: 8
I20260909 04:41:41.633828   759 skeleton_planner.h:170] Found solution in: 6
I20260909 04:41:41.633847   759 skeleton_planner.h:170] Found solution in: 5
I20260909 04:41:41.633862   759 skeleton_planner.h:170] Found solution in: 5
I20260909 04:41:41.633870   759 skeleton_planner.h:170] Found solution in: 2
I20260909 04:41:41.633896   759 skeleton_planner.h:170] Found solution in: 9
I20260909 04:41:41.633908   759 skeleton_planner.h:170] Found solution in: 3
I20260909 04:41:41.633919   759 skeleton_planner.h:170] Found solution in: 3
I20260909 04:41:41.633961   759 skeleton_planner.h:170] Found solution in: 12
I20260909 04:41:41.633985   759 skeleton_planner.h:170] Found solution in: 6
I20260909 04:41:41.634001   759 skeleton_planner.h:170] Found solution in: 5
I20260909 04:41:41.634023   759 skeleton_planner.h:170] Found solution in: 7
I20260909 04:41:41.634037   759 skeleton_planner.h:170] Found solution in: 5
I20260909 04:41:41.634054   759 skeleton_planner.h:170] Found solution in: 6
I20260909 04:41:41.634059   759 skeleton_planner.h:170] Found solution in: 1
I20260909 04:41:41.634061   759 skeleton_planner.h:170] Found solution in: 1
I20260909 04:41:41.634070   759 skeleton_planner.h:170] Found solution in: 3
I20260909 04:41:41.634080   759 skeleton_planner.h:170] Found solution in: 3
I20260909 04:41:41.634090   759 skeleton_planner.h:170] Found solution in: 3
I20260909 04:41:41.634106   759 skeleton_planner.h:170] Found solution in: 5
I20260909 04:41:41.634128   759 skeleton_planner.h:170] Found solution in: 8
I20260909 04:41:41.634137   759 skeleton_planner.h:170] Found solution in: 2
I20260909 04:41:41.634148   759 skeleton_planner.h:170] Found solution in: 4
I20260909 04:41:41.634167   759 skeleton_planner.h:170] Found solution in: 7
I20260909 04:41:41.634187   759 skeleton_planner.h:170] Found solution in: 6
I20260909 04:41:41.634196   759 skeleton_planner.h:170] Found solution in: 2
I20260909 04:41:41.634217   759 skeleton_planner.h:170] Found solution in: 7
I20260909 04:41:41.634233   759 skeleton_planner.h:170] Found solution in: 4
I20260909 04:41:41.634253   759 skeleton_planner.h:170] Found solution in: 7
I20260909 04:41:41.634259   759 skeleton_planner.h:170] Found solution in: 1
I20260909 04:41:41.634276   759 skeleton_planner.h:170] Found solution in: 6
I20260909 04:41:41.634298   759 skeleton_planner.h:170] Found solution in: 7
I20260909 04:41:41.634334   759 skeleton_planner.h:170] Found solution in: 13
I20260909 04:41:41.634361   759 skeleton_planner.h:170] Found solution in: 7
I20260909 04:41:41.634395   759 skeleton_planner.h:170] Found solution in: 11
I20260909 04:41:41.634431   759 skeleton_planner.h:170] Found solution in: 12
I20260909 04:41:41.634470   759 skeleton_planner.h:170] Found solution in: 13
I20260909 04:41:41.634483   759 skeleton_planner.h:170] Found solution in: 3
I20260909 04:41:41.634523   759 skeleton_planner.h:170] Found solution in: 13
I20260909 04:41:41.634545   759 skeleton_planner.h:170] Found solution in: 5
I20260909 04:41:41.634557   759 skeleton_planner.h:170] Found solution in: 3
I20260909 04:41:41.634598   759 skeleton_planner.h:170] Found solution in: 15
I20260909 04:41:41.634648   759 skeleton_planner.h:170] Found solution in: 17
I20260909 04:41:41.634661   759 skeleton_planner.h:170] Found solution in: 3
I20260909 04:41:41.634681   759 skeleton_planner.h:170] Found solution in: 5
I20260909 04:41:41.634696   759 skeleton_planner.h:170] Found solution in: 4
I20260909 04:41:41.634718   759 skeleton_planner.h:170] Found solution in: 7
I20260909 04:41:41.634745   759 skeleton_planner.h:170] Found solution in: 9
I20260909 04:41:41.634802   759 skeleton_planner.h:170] Found solution in: 21
I20260909 04:41:41.634846   759 skeleton_planner.h:170] Found solution in: 11
I20260909 04:41:41.634868   759 skeleton_planner.h:170] Found solution in: 5
I20260909 04:41:41.634886   759 skeleton_planner.h:170] Found solution in: 5
I20260909 04:41:41.634896   759 skeleton_planner.h:170] Found solution in: 3
I20260909 04:41:41.634938   759 skeleton_planner.h:170] Found solution in: 12
I20260909 04:41:41.634951   759 skeleton_planner.h:170] Found solution in: 3
I20260909 04:41:41.634982   759 skeleton_planner.h:170] Found solution in: 11
I20260909 04:41:41.635012   759 skeleton_planner.h:170] Found solution in: 11
I20260909 04:41:41.635042   759 skeleton_planner.h:170] Found solution in: 11
I20260909 04:41:41.635056   759 skeleton_planner.h:170] Found solution in: 4
I20260909 04:41:41.635100   759 skeleton_planner.h:170] Found solution in: 15
I20260909 04:41:41.635149   759 skeleton_planner.h:170] Found solution in: 15
I20260909 04:41:41.635176   759 skeleton_planner.h:170] Found solution in: 6
I20260909 04:41:41.635191   759 skeleton_planner.h:170] Found solution in: 5
I20260909 04:41:41.635210   759 skeleton_planner.h:170] Found solution in: 7
I20260909 04:41:41.635259   759 skeleton_planner.h:170] Found solution in: 18
I20260909 04:41:41.635275   759 skeleton_planner.h:170] Found solution in: 4
I20260909 04:41:41.635299   759 skeleton_planner.h:170] Found solution in: 6
I20260909 04:41:41.635325   759 skeleton_planner.h:170] Found solution in: 8
I20260909 04:41:41.635349   759 skeleton_planner.h:170] Found solution in: 9
I20260909 04:41:41.635385   759 skeleton_planner.h:170] Found solution in: 13
I20260909 04:41:41.635434   759 skeleton_planner.h:170] Found solution in: 16
I20260909 04:41:41.635448   759 skeleton_planner.h:170] Found solution in: 3
I20260909 04:41:41.635458   759 skeleton_planner.h:170] Found solution in: 3
I20260909 04:41:41.635527   759 skeleton_planner.h:170] Found solution in: 22
I20260909 04:41:41.635543   759 skeleton_planner.h:170] Found solution in: 3
I20260909 04:41:41.635576   759 skeleton_planner.h:170] Found solution in: 9
I20260909 04:41:41.635598   759 skeleton_planner.h:170] Found solution in: 6
I20260909 04:41:41.635614   759 skeleton_planner.h:170] Found solution in: 4
I20260909 04:41:41.635634   759 skeleton_planner.h:170] Found solution in: 6
I20260909 04:41:41.635643   759 skeleton_planner.h:170] Found solution in: 2
I20260909 04:41:41.635653   759 skeleton_planner.h:170] Found solution in: 3
I20260909 04:41:41.635664   759 skeleton_planner.h:170] Found solution in: 3
I20260909 04:41:41.635685   759 skeleton_planner.h:170] Found solution in: 7
I20260909 04:41:41.635715   759 skeleton_planner.h:170] Found solution in: 10
I20260909 04:41:41.635730   759 skeleton_planner.h:170] Found solution in: 5
I20260909 04:41:41.635746   759 skeleton_planner.h:170] Found solution in: 6
I20260909 04:41:41.635769   759 skeleton_planner.h:170] Found solution in: 8
I20260909 04:41:41.635785   759 skeleton_planner.h:170] Found solution in: 7
I20260909 04:41:41.635838   759 skeleton_planner.h:170] Found solution in: 24
I20260909 04:41:41.635874   759 skeleton_planner.h:170] Found solution in: 11
I20260909 04:41:41.635915   759 skeleton_planner.h:170] Found solution in: 13
I20260909 04:41:41.635939   759 skeleton_planner.h:170] Found solution in: 6
I20260909 04:41:41.635949   759 skeleton_planner.h:170] Found solution in: 3
I20260909 04:41:41.635988   759 skeleton_planner.h:170] Found solution in: 11
I20260909 04:41:41.636025   759 skeleton_planner.h:170] Found solution in: 11
I20260909 04:41:41.636050   759 skeleton_planner.h:170] Found solution in: 6
I20260909 04:41:41.636070   759 skeleton_planner.h:170] Found solution in: 6
I20260909 04:41:41.636086   759 skeleton_planner.h:170] Found solution in: 5
I20260909 04:41:41.636099   759 skeleton_planner.h:170] Found solution in: 4
I20260909 04:41:41.636111   759 skeleton_planner.h:170] Found solution in: 4
I20260909 04:41:41.636129   759 skeleton_planner.h:170] Found solution in: 6
I20260909 04:41:41.636153   759 skeleton_planner.h:170] Found solution in: 9
I20260909 04:41:41.636164   759 skeleton_planner.h:170] Found solution in: 3
I20260909 04:41:41.636176   759 skeleton_planner.h:170] Found solution in: 3
I20260909 04:41:41.636188   759 skeleton_planner.h:170] Found solution in: 3
I20260909 04:41:41.636198   759 skeleton_planner.h:170] Found solution in: 3
I20260909 04:41:41.636211   759 skeleton_planner.h:170] Found solution in: 4
I20260909 04:41:41.636224   759 skeleton_planner.h:170] Found solution in: 4
I20260909 04:41:41.636235   759 skeleton_planner.h:170] Found solution in: 3
I20260909 04:41:41.636247   759 skeleton_planner.h:170] Found solution in: 3
I20260909 04:41:41.636292   759 skeleton_planner.h:170] Found solution in: 16
I20260909 04:41:41.636303   759 skeleton_planner.h:170] Found solution in: 2
I20260909 04:41:41.636323   759 skeleton_planner.h:170] Found solution in: 5
I20260909 04:41:41.636341   759 skeleton_planner.h:170] Found solution in: 5
I20260909 04:41:41.636363   759 skeleton_planner.h:170] Found solution in: 8
I20260909 04:41:41.636425   759 skeleton_planner.h:170] Found solution in: 27
I20260909 04:41:41.636440   759 skeleton_planner.h:170] Found solution in: 4
I20260909 04:41:41.636466   759 skeleton_planner.h:170] Found solution in: 7
I20260909 04:41:41.636479   759 skeleton_planner.h:170] Found solution in: 5
I20260909 04:41:41.636507   759 skeleton_planner.h:170] Found solution in: 10
I20260909 04:41:41.636520   759 skeleton_planner.h:170] Found solution in: 3
I20260909 04:41:41.636547   759 skeleton_planner.h:170] Found solution in: 10
I20260909 04:41:41.636566   759 skeleton_planner.h:170] Found solution in: 5
I20260909 04:41:41.636588   759 skeleton_planner.h:170] Found solution in: 7
I20260909 04:41:41.636617   759 skeleton_planner.h:170] Found solution in: 11
I20260909 04:41:41.636799   759 skeleton_planner.h:170] Found solution in: 52
I20260909 04:41:41.636821   759 skeleton_planner.h:170] Found solution in: 3
I20260909 04:41:41.636857   759 skeleton_planner.h:170] Found solution in: 6
I20260909 04:41:41.636888   759 skeleton_planner.h:170] Found solution in: 11
I20260909 04:41:41.636916   759 skeleton_planner.h:170] Found solution in: 11
I20260909 04:41:41.636934   759 skeleton_planner.h:170] Found solution in: 5
I20260909 04:41:41.636946   759 skeleton_planner.h:170] Found solution in: 4
I20260909 04:41:41.636969   759 skeleton_planner.h:170] Found solution in: 10
I20260909 04:41:41.637003   759 skeleton_planner.h:170] Found solution in: 11
I20260909 04:41:41.637043   759 skeleton_planner.h:170] Found solution in: 14
I20260909 04:41:41.637089   759 skeleton_planner.h:170] Found solution in: 16
I20260909 04:41:41.637104   759 skeleton_planner.h:170] Found solution in: 3
I20260909 04:41:41.637142   759 skeleton_planner.h:170] Found solution in: 15
I20260909 04:41:41.637173   759 skeleton_planner.h:170] Found solution in: 12
I20260909 04:41:41.637192   759 skeleton_planner.h:170] Found solution in: 5
I20260909 04:41:41.637212   759 skeleton_planner.h:170] Found solution in: 10
I20260909 04:41:41.637233   759 skeleton_planner.h:170] Found solution in: 6
I20260909 04:41:41.637285   759 skeleton_planner.h:170] Found solution in: 17
I20260909 04:41:41.637312   759 skeleton_planner.h:170] Found solution in: 5
I20260909 04:41:41.637370   759 skeleton_planner.h:170] Found solution in: 20
I20260909 04:41:41.637436   759 skeleton_planner.h:170] Found solution in: 23
I20260909 04:41:41.637462   759 skeleton_planner.h:170] Found solution in: 8
I20260909 04:41:41.637475   759 skeleton_planner.h:170] Found solution in: 3
I20260909 04:41:41.637490   759 skeleton_planner.h:170] Found solution in: 5
I20260909 04:41:41.637501   759 skeleton_planner.h:170] Found solution in: 3
I20260909 04:41:41.637504   759 skeleton_planner.h:170] Found solution in: 1
I20260909 04:41:41.637518   759 skeleton_planner.h:170] Found solution in: 4
I20260909 04:41:41.637527   759 skeleton_planner.h:170] Found solution in: 2
I20260909 04:41:41.637537   759 skeleton_planner.h:170] Found solution in: 3
I20260909 04:41:41.637562   759 skeleton_planner.h:170] Found solution in: 8
I20260909 04:41:41.637575   759 skeleton_planner.h:170] Found solution in: 4
I20260909 04:41:41.637595   759 skeleton_planner.h:170] Found solution in: 7
I20260909 04:41:41.637626   759 skeleton_planner.h:170] Found solution in: 12
I20260909 04:41:41.637665   759 skeleton_planner.h:170] Found solution in: 14
I20260909 04:41:41.637702   759 skeleton_planner.h:170] Found solution in: 14
I20260909 04:41:41.637728   759 skeleton_planner.h:170] Found solution in: 7
I20260909 04:41:41.637740   759 skeleton_planner.h:170] Found solution in: 3
I20260909 04:41:41.637755   759 skeleton_planner.h:170] Found solution in: 6
I20260909 04:41:41.637775   759 skeleton_planner.h:170] Found solution in: 7
I20260909 04:41:41.637785   759 skeleton_planner.h:170] Found solution in: 3
I20260909 04:41:41.637790   759 skeleton_planner.h:170] Found solution in: 1
I20260909 04:41:41.637810   759 skeleton_planner.h:170] Found solution in: 8
I20260909 04:41:41.637835   759 skeleton_planner.h:170] Found solution in: 8
I20260909 04:41:41.637872   759 skeleton_planner.h:170] Found solution in: 12
I20260909 04:41:41.637887   759 skeleton_planner.h:170] Found solution in: 4
I20260909 04:41:41.637904   759 skeleton_planner.h:170] Found solution in: 8
I20260909 04:41:41.637913   759 skeleton_planner.h:170] Found solution in: 3
I20260909 04:41:41.637917   759 skeleton_planner.h:170] Found solution in: 1
I20260909 04:41:41.637936   759 skeleton_planner.h:170] Found solution in: 5
I20260909 04:41:41.637981   759 skeleton_planner.h:170] Found solution in: 13
I20260909 04:41:41.638010   759 skeleton_planner.h:170] Found solution in: 7
I20260909 04:41:41.638017   759 skeleton_planner.h:170] Found solution in: 1
I20260909 04:41:41.638026   759 skeleton_planner.h:170] Found solution in: 3
I20260909 04:41:41.638049   759 skeleton_planner.h:170] Found solution in: 7
I20260909 04:41:41.638057   759 skeleton_planner.h:170] Found solution in: 2
I20260909 04:41:41.638079   759 skeleton_planner.h:170] Found solution in: 8
I20260909 04:41:41.638092   759 skeleton_planner.h:170] Found solution in: 3
I20260909 04:41:41.638106   759 skeleton_planner.h:170] Found solution in: 5
I20260909 04:41:41.638120   759 skeleton_planner.h:170] Found solution in: 5
I20260909 04:41:41.638132   759 skeleton_planner.h:170] Found solution in: 3
I20260909 04:41:41.638150   759 skeleton_planner.h:170] Found solution in: 6
I20260909 04:41:41.638161   759 skeleton_planner.h:170] Found solution in: 3
I20260909 04:41:41.638172   759 skeleton_planner.h:170] Found solution in: 3
I20260909 04:41:41.638193   759 skeleton_planner.h:170] Found solution in: 8
I20260909 04:41:41.638202   759 skeleton_planner.h:170] Found solution in: 2
I20260909 04:41:41.638218   759 skeleton_planner.h:170] Found solution in: 5
I20260909 04:41:41.638230   759 skeleton_planner.h:170] Found solution in: 4
I20260909 04:41:41.638235   759 skeleton_planner.h:170] Found solution in: 1
I20260909 04:41:41.638243   759 skeleton_planner.h:170] Found solution in: 3
I20260909 04:41:41.638248   759 skeleton_planner.h:170] Found solution in: 1
I20260909 04:41:41.638252   759 skeleton_planner.h:170] Found solution in: 1
I20260909 04:41:41.638321   759 skeleton_planner.h:170] Found solution in: 19
I20260909 04:41:41.638339   759 skeleton_planner.h:170] Found solution in: 4
I20260909 04:41:41.638365   759 skeleton_planner.h:170] Found solution in: 5
I20260909 04:41:41.638381   759 skeleton_planner.h:170] Found solution in: 5
I20260909 04:41:41.638401   759 skeleton_planner.h:170] Found solution in: 8
I20260909 04:41:41.638422   759 skeleton_planner.h:170] Found solution in: 7
I20260909 04:41:41.638432   759 skeleton_planner.h:170] Found solution in: 3
I20260909 04:41:41.638443   759 skeleton_planner.h:170] Found solution in: 3
I20260909 04:41:41.638453   759 skeleton_planner.h:170] Found solution in: 3
I20260909 04:41:41.638465   759 skeleton_planner.h:170] Found solution in: 5
I20260909 04:41:41.638469   759 skeleton_planner.h:170] Found solution in: 1
I20260909 04:41:41.638473   759 skeleton_planner.h:170] Found solution in: 1
I20260909 04:41:41.638478   759 skeleton_planner.h:170] Found solution in: 2
I20260909 04:41:41.638487   759 skeleton_planner.h:170] Found solution in: 3
I20260909 04:41:41.638506   759 skeleton_planner.h:170] Found solution in: 7
I20260909 04:41:41.638527   759 skeleton_planner.h:170] Found solution in: 9
I20260909 04:41:41.638574   759 skeleton_planner.h:170] Found solution in: 20
I20260909 04:41:41.638592   759 skeleton_planner.h:170] Found solution in: 5
I20260909 04:41:41.638622   759 skeleton_planner.h:170] Found solution in: 9
I20260909 04:41:41.638641   759 skeleton_planner.h:170] Found solution in: 5
I20260909 04:41:41.638659   759 skeleton_planner.h:170] Found solution in: 5
I20260909 04:41:41.638669   759 skeleton_planner.h:170] Found solution in: 3
I20260909 04:41:41.638689   759 skeleton_planner.h:170] Found solution in: 6
I20260909 04:41:41.638707   759 skeleton_planner.h:170] Found solution in: 5
I20260909 04:41:41.638724   759 skeleton_planner.h:170] Found solution in: 5
I20260909 04:41:41.638748   759 skeleton_planner.h:170] Found solution in: 8
I20260909 04:41:41.638754   759 skeleton_planner.h:170] Found solution in: 1
I20260909 04:41:41.638769   759 skeleton_planner.h:170] Found solution in: 5
I20260909 04:41:41.638790   759 skeleton_planner.h:170] Found solution in: 9
I20260909 04:41:41.638813   759 skeleton_planner.h:170] Found solution in: 9
I20260909 04:41:41.638835   759 skeleton_planner.h:170] Found solution in: 8
I20260909 04:41:41.638849   759 skeleton_planner.h:170] Found solution in: 4
I20260909 04:41:41.638868   759 skeleton_planner.h:170] Found solution in: 8
I20260909 04:41:41.638901   759 skeleton_planner.h:170] Found solution in: 13
I20260909 04:41:41.638939   759 skeleton_planner.h:170] Found solution in: 14
I20260909 04:41:41.638963   759 skeleton_planner.h:170] Found solution in: 8
I20260909 04:41:41.638981   759 skeleton_planner.h:170] Found solution in: 5
I20260909 04:41:41.639000   759 skeleton_planner.h:170] Found solution in: 6
I20260909 04:41:41.639034   759 skeleton_planner.h:170] Found solution in: 13
I20260909 04:41:41.639066   759 skeleton_planner.h:170] Found solution in: 13
I20260909 04:41:41.639073   759 skeleton_planner.h:170] Found solution in: 1
I20260909 04:41:41.639082   759 skeleton_planner.h:170] Found solution in: 3
I20260909 04:41:41.639092   759 skeleton_planner.h:170] Found solution in: 3
I20260909 04:41:41.639117   759 skeleton_planner.h:170] Found solution in: 9
I20260909 04:41:41.639129   759 skeleton_planner.h:170] Found solution in: 4
I20260909 04:41:41.639154   759 skeleton_planner.h:170] Found solution in: 11
I20260909 04:41:41.639185   759 skeleton_planner.h:170] Found solution in: 13
I20260909 04:41:41.639217   759 skeleton_planner.h:170] Found solution in: 10
I20260909 04:41:41.639232   759 skeleton_planner.h:170] Found solution in: 5
I20260909 04:41:41.639246   759 skeleton_planner.h:170] Found solution in: 5
I20260909 04:41:41.639268   759 skeleton_planner.h:170] Found solution in: 7
I20260909 04:41:41.639285   759 skeleton_planner.h:170] Found solution in: 5
I20260909 04:41:41.639312   759 skeleton_planner.h:170] Found solution in: 8
I20260909 04:41:41.639329   759 skeleton_planner.h:170] Found solution in: 5
I20260909 04:41:41.639338   759 skeleton_planner.h:170] Found solution in: 3
I20260909 04:41:41.639374   759 skeleton_planner.h:170] Found solution in: 12
I20260909 04:41:41.639387   759 skeleton_planner.h:170] Found solution in: 3
I20260909 04:41:41.639407   759 skeleton_planner.h:170] Found solution in: 5
I20260909 04:41:41.639416   759 skeleton_planner.h:170] Found solution in: 2
I20260909 04:41:41.639456   759 skeleton_planner.h:170] Found solution in: 14
I20260909 04:41:41.639487   759 skeleton_planner.h:170] Found solution in: 11
I20260909 04:41:41.639508   759 skeleton_planner.h:170] Found solution in: 5
I20260909 04:41:41.639524   759 skeleton_planner.h:170] Found solution in: 6
I20260909 04:41:41.639542   759 skeleton_planner.h:170] Found solution in: 5
I20260909 04:41:41.639567   759 skeleton_planner.h:170] Found solution in: 8
I20260909 04:41:41.639578   759 skeleton_planner.h:170] Found solution in: 3
I20260909 04:41:41.639595   759 skeleton_planner.h:170] Found solution in: 6
I20260909 04:41:41.639613   759 skeleton_planner.h:170] Found solution in: 5
I20260909 04:41:41.639634   759 skeleton_planner.h:170] Found solution in: 7
I20260909 04:41:41.639652   759 skeleton_planner.h:170] Found solution in: 6
I20260909 04:41:41.639688   759 skeleton_planner.h:170] Found solution in: 14
I20260909 04:41:41.639719   759 skeleton_planner.h:170] Found solution in: 11
I20260909 04:41:41.639743   759 skeleton_planner.h:170] Found solution in: 8
I20260909 04:41:41.639752   759 skeleton_planner.h:170] Found solution in: 2
I20260909 04:41:41.639789   759 skeleton_planner.h:170] Found solution in: 14
I20260909 04:41:41.639824   759 skeleton_planner.h:170] Found solution in: 9
I20260909 04:41:41.639847   759 skeleton_planner.h:170] Found solution in: 6
I20260909 04:41:41.639868   759 skeleton_planner.h:170] Found solution in: 7
I20260909 04:41:41.639889   759 skeleton_planner.h:170] Found solution in: 7
I20260909 04:41:41.639904   759 skeleton_planner.h:170] Found solution in: 5
I20260909 04:41:41.639926   759 skeleton_planner.h:170] Found solution in: 7
I20260909 04:41:41.639954   759 skeleton_planner.h:170] Found solution in: 11
I20260909 04:41:41.639986   759 skeleton_planner.h:170] Found solution in: 14
I20260909 04:41:41.640000   759 skeleton_planner.h:170] Found solution in: 4
I20260909 04:41:41.640017   759 skeleton_planner.h:170] Found solution in: 5
I20260909 04:41:41.640035   759 skeleton_planner.h:170] Found solution in: 6
I20260909 04:41:41.640048   759 skeleton_planner.h:170] Found solution in: 4
I20260909 04:41:41.640057   759 skeleton_planner.h:170] Found solution in: 3
I20260909 04:41:41.640067   759 skeleton_planner.h:170] Found solution in: 3
I20260909 04:41:41.640077   759 skeleton_planner.h:170] Found solution in: 3
I20260909 04:41:41.640084   759 skeleton_planner.h:170] Found solution in: 1
I20260909 04:41:41.640100   759 skeleton_planner.h:170] Found solution in: 6
I20260909 04:41:41.640111   759 skeleton_planner.h:170] Found solution in: 4
I20260909 04:41:41.640132   759 skeleton_planner.h:170] Found solution in: 7
I20260909 04:41:41.640196   759 skeleton_planner.h:170] Found solution in: 16
I20260909 04:41:41.640230   759 skeleton_planner.h:170] Found solution in: 7
I20260909 04:41:41.640247   759 skeleton_planner.h:170] Found solution in: 4
I20260909 04:41:41.640260   759 skeleton_planner.h:170] Found solution in: 4
I20260909 04:41:41.640288   759 skeleton_planner.h:170] Found solution in: 11
I20260909 04:41:41.640311   759 skeleton_planner.h:170] Found solution in: 5
I20260909 04:41:41.640328   759 skeleton_planner.h:170] Found solution in: 5
I20260909 04:41:41.640347   759 skeleton_planner.h:170] Found solution in: 5
I20260909 04:41:41.640362   759 skeleton_planner.h:170] Found solution in: 4
I20260909 04:41:41.640379   759 skeleton_planner.h:170] Found solution in: 6
I20260909 04:41:41.640400   759 skeleton_planner.h:170] Found solution in: 6
I20260909 04:41:41.640426   759 skeleton_planner.h:170] Found solution in: 9
I20260909 04:41:41.640460   759 skeleton_planner.h:170] Found solution in: 14
I20260909 04:41:41.640473   759 skeleton_planner.h:170] Found solution in: 4
I20260909 04:41:41.640543   759 skeleton_planner.h:170] Found solution in: 25
I20260909 04:41:41.640552   759 skeleton_planner.h:170] Found solution in: 1
I20260909 04:41:41.640555   759 skeleton_planner.h:170] Found solution in: 1
I20260909 04:41:41.640558   759 skeleton_planner.h:170] Found solution in: 1
I20260909 04:41:41.640561   759 skeleton_planner.h:170] Found solution in: 1
I20260909 04:41:41.640633   759 skeleton_planner.h:170] Found solution in: 21
I20260909 04:41:41.640646   759 skeleton_planner.h:170] Found solution in: 3
I20260909 04:41:41.640676   759 skeleton_planner.h:170] Found solution in: 8
I20260909 04:41:41.640748   759 skeleton_planner.h:170] Found solution in: 19
I20260909 04:41:41.640781   759 skeleton_planner.h:170] Found solution in: 6
I20260909 04:41:41.640801   759 skeleton_planner.h:170] Found solution in: 6
I20260909 04:41:41.640822   759 skeleton_planner.h:170] Found solution in: 6
I20260909 04:41:41.640837   759 skeleton_planner.h:170] Found solution in: 5
I20260909 04:41:41.640851   759 skeleton_planner.h:170] Found solution in: 5
I20260909 04:41:41.640861   759 skeleton_planner.h:170] Found solution in: 3
I20260909 04:41:41.640866   759 skeleton_planner.h:170] Found solution in: 1
I20260909 04:41:41.640878   759 skeleton_planner.h:170] Found solution in: 4
I20260909 04:41:41.640900   759 skeleton_planner.h:170] Found solution in: 8
I20260909 04:41:41.640913   759 skeleton_planner.h:170] Found solution in: 3
I20260909 04:41:41.640949   759 skeleton_planner.h:170] Found solution in: 11
I20260909 04:41:41.641023   759 skeleton_planner.h:170] Found solution in: 22
I20260909 04:41:41.641081   759 skeleton_planner.h:170] Found solution in: 20
I20260909 04:41:41.641105   759 skeleton_planner.h:170] Found solution in: 5
I20260909 04:41:41.641119   759 skeleton_planner.h:170] Found solution in: 5
I20260909 04:41:41.641136   759 skeleton_planner.h:170] Found solution in: 6
I20260909 04:41:41.641141   759 skeleton_planner.h:170] Found solution in: 1
I20260909 04:41:41.641167   759 skeleton_planner.h:170] Found solution in: 10
I20260909 04:41:41.641182   759 skeleton_planner.h:170] Found solution in: 4
I20260909 04:41:41.641211   759 skeleton_planner.h:170] Found solution in: 9
I20260909 04:41:41.641234   759 skeleton_planner.h:170] Found solution in: 8
I20260909 04:41:41.641261   759 skeleton_planner.h:170] Found solution in: 10
I20260909 04:41:41.641281   759 skeleton_planner.h:170] Found solution in: 4
I20260909 04:41:41.641319   759 skeleton_planner.h:170] Found solution in: 9
I20260909 04:41:41.641347   759 skeleton_planner.h:170] Found solution in: 9
I20260909 04:41:41.641373   759 skeleton_planner.h:170] Found solution in: 9
I20260909 04:41:41.641402   759 skeleton_planner.h:170] Found solution in: 10
I20260909 04:41:41.641446   759 skeleton_planner.h:170] Found solution in: 12
I20260909 04:41:41.641470   759 skeleton_planner.h:170] Found solution in: 7
I20260909 04:41:41.641492   759 skeleton_planner.h:170] Found solution in: 7
I20260909 04:41:41.641516   759 skeleton_planner.h:170] Found solution in: 9
I20260909 04:41:41.641530   759 skeleton_planner.h:170] Found solution in: 4
I20260909 04:41:41.641542   759 skeleton_planner.h:170] Found solution in: 4
I20260909 04:41:41.641564   759 skeleton_planner.h:170] Found solution in: 6
I20260909 04:41:41.641634   759 skeleton_planner.h:170] Found solution in: 18
I20260909 04:41:41.641672   759 skeleton_planner.h:170] Found solution in: 8
I20260909 04:41:41.641705   759 skeleton_planner.h:170] Found solution in: 9
I20260909 04:41:41.641721   759 skeleton_planner.h:170] Found solution in: 5
I20260909 04:41:41.641754   759 skeleton_planner.h:170] Found solution in: 12
I20260909 04:41:41.641776   759 skeleton_planner.h:170] Found solution in: 6
I20260909 04:41:41.641798   759 skeleton_planner.h:170] Found solution in: 7
I20260909 04:41:41.641827   759 skeleton_planner.h:170] Found solution in: 10
I20260909 04:41:41.641875   759 skeleton_planner.h:170] Found solution in: 16
I20260909 04:41:41.641882   759 skeleton_planner.h:170] Found solution in: 1
I20260909 04:41:41.641914   759 skeleton_planner.h:170] Found solution in: 12
I20260909 04:41:41.641924   759 skeleton_planner.h:170] Found solution in: 2
I20260909 04:41:41.641966   759 skeleton_planner.h:170] Found solution in: 15
I20260909 04:41:41.641979   759 skeleton_planner.h:170] Found solution in: 3
I20260909 04:41:41.641990   759 skeleton_planner.h:170] Found solution in: 3
I20260909 04:41:41.642001   759 skeleton_planner.h:170] Found solution in: 4
I20260909 04:41:41.642011   759 skeleton_planner.h:170] Found solution in: 3
I20260909 04:41:41.642019   759 skeleton_planner.h:170] Found solution in: 2
I20260909 04:41:41.642030   759 skeleton_planner.h:170] Found solution in: 3
I20260909 04:41:41.642088   759 skeleton_planner.h:170] Found solution in: 20
I20260909 04:41:41.642405   759 skeleton_planner.h:170] Found solution in: 7
I20260909 04:41:41.642498   759 skeleton_planner.h:170] Found solution in: 27
I20260909 04:41:41.642537   759 skeleton_planner.h:170] Found solution in: 8
I20260909 04:41:41.642573   759 skeleton_planner.h:170] Found solution in: 10
I20260909 04:41:41.642584   759 skeleton_planner.h:170] Found solution in: 2
I20260909 04:41:41.642606   759 skeleton_planner.h:170] Found solution in: 6
I20260909 04:41:41.642654   759 skeleton_planner.h:170] Found solution in: 15
I20260909 04:41:41.642688   759 skeleton_planner.h:170] Found solution in: 8
I20260909 04:41:41.642693   759 skeleton_planner.h:170] Found solution in: 1
I20260909 04:41:41.642716   759 skeleton_planner.h:170] Found solution in: 8
I20260909 04:41:41.642743   759 skeleton_planner.h:170] Found solution in: 10
I20260909 04:41:41.642772   759 skeleton_planner.h:170] Found solution in: 10
I20260909 04:41:41.642823   759 skeleton_planner.h:170] Found solution in: 19
I20260909 04:41:41.642843   759 skeleton_planner.h:170] Found solution in: 3
I20260909 04:41:41.642854   759 skeleton_planner.h:170] Found solution in: 3
I20260909 04:41:41.642865   759 skeleton_planner.h:170] Found solution in: 3
I20260909 04:41:41.642885   759 skeleton_planner.h:170] Found solution in: 4
I20260909 04:41:41.642897   759 skeleton_planner.h:170] Found solution in: 3
I20260909 04:41:41.642908   759 skeleton_planner.h:170] Found solution in: 4
I20260909 04:41:41.642918   759 skeleton_planner.h:170] Found solution in: 3
I20260909 04:41:41.642923   759 skeleton_planner.h:170] Found solution in: 1
I20260909 04:41:41.642935   759 skeleton_planner.h:170] Found solution in: 4
I20260909 04:41:41.642951   759 skeleton_planner.h:170] Found solution in: 5
I20260909 04:41:41.642963   759 skeleton_planner.h:170] Found solution in: 5
I20260909 04:41:41.642974   759 skeleton_planner.h:170] Found solution in: 3
I20260909 04:41:41.642994   759 skeleton_planner.h:170] Found solution in: 7
I20260909 04:41:41.643021   759 skeleton_planner.h:170] Found solution in: 9
I20260909 04:41:41.643033   759 skeleton_planner.h:170] Found solution in: 3
I20260909 04:41:41.643049   759 skeleton_planner.h:170] Found solution in: 5
I20260909 04:41:41.643347   759 skeleton_planner.h:170] Found solution in: 76
I20260909 04:41:41.643402   759 skeleton_planner.h:170] Found solution in: 8
I20260909 04:41:41.643409   759 skeleton_planner.h:170] Found solution in: 1
I20260909 04:41:41.643431   759 skeleton_planner.h:170] Found solution in: 6
I20260909 04:41:41.643538   759 skeleton_planner.h:170] Found solution in: 33
I20260909 04:41:41.643555   759 skeleton_planner.h:170] Found solution in: 3
I20260909 04:41:41.643563   759 skeleton_planner.h:170] Found solution in: 3
I20260909 04:41:41.643567   759 skeleton_planner.h:170] Found solution in: 1
I20260909 04:41:41.643569   759 skeleton_planner.h:170] Found solution in: 1
I20260909 04:41:41.643595   759 skeleton_planner.h:170] Found solution in: 5
I20260909 04:41:41.643606   759 skeleton_planner.h:170] Found solution in: 3
I20260909 04:41:41.643633   759 skeleton_planner.h:170] Found solution in: 9
I20260909 04:41:41.643656   759 skeleton_planner.h:170] Found solution in: 7
I20260909 04:41:41.643669   759 skeleton_planner.h:170] Found solution in: 4
I20260909 04:41:41.643685   759 skeleton_planner.h:170] Found solution in: 5
I20260909 04:41:41.643702   759 skeleton_planner.h:170] Found solution in: 5
I20260909 04:41:41.643715   759 skeleton_planner.h:170] Found solution in: 4
I20260909 04:41:41.643745   759 skeleton_planner.h:170] Found solution in: 11
I20260909 04:41:41.643795   759 skeleton_planner.h:170] Found solution in: 14
I20260909 04:41:41.643872   759 skeleton_planner.h:170] Found solution in: 22
I20260909 04:41:41.643903   759 skeleton_planner.h:170] Found solution in: 7
I20260909 04:41:41.643929   759 skeleton_planner.h:170] Found solution in: 8
I20260909 04:41:41.643940   759 skeleton_planner.h:170] Found solution in: 3
I20260909 04:41:41.643963   759 skeleton_planner.h:170] Found solution in: 8
I20260909 04:41:41.643981   759 skeleton_planner.h:170] Found solution in: 4
I20260909 04:41:41.643989   759 skeleton_planner.h:170] Found solution in: 2
I20260909 04:41:41.643999   759 skeleton_planner.h:170] Found solution in: 4
I20260909 04:41:41.644014   759 skeleton_planner.h:170] Found solution in: 7
I20260909 04:41:41.644029   759 skeleton_planner.h:170] Found solution in: 8
I20260909 04:41:41.644039   759 skeleton_planner.h:170] Found solution in: 3
I20260909 04:41:41.644102   759 skeleton_planner.h:170] Found solution in: 27
I20260909 04:41:41.644189   759 skeleton_planner.h:170] Found solution in: 29
I20260909 04:41:41.644222   759 skeleton_planner.h:170] Found solution in: 9
I20260909 04:41:41.644232   759 skeleton_planner.h:170] Found solution in: 3
I20260909 04:41:41.644250   759 skeleton_planner.h:170] Found solution in: 7
I20260909 04:41:41.644264   759 skeleton_planner.h:170] Found solution in: 5
I20260909 04:41:41.644276   759 skeleton_planner.h:170] Found solution in: 4
I20260909 04:41:41.644289   759 skeleton_planner.h:170] Found solution in: 5
I20260909 04:41:41.644299   759 skeleton_planner.h:170] Found solution in: 3
I20260909 04:41:41.644311   759 skeleton_planner.h:170] Found solution in: 3
I20260909 04:41:41.644327   759 skeleton_planner.h:170] Found solution in: 4
I20260909 04:41:41.644362   759 skeleton_planner.h:170] Found solution in: 12
I20260909 04:41:41.644380   759 skeleton_planner.h:170] Found solution in: 4
I20260909 04:41:41.644411   759 skeleton_planner.h:170] Found solution in: 9
I20260909 04:41:41.644436   759 skeleton_planner.h:170] Found solution in: 7
I20260909 04:41:41.644452   759 skeleton_planner.h:170] Found solution in: 4
I20260909 04:41:41.644469   759 skeleton_planner.h:170] Found solution in: 5
I20260909 04:41:41.644488   759 skeleton_planner.h:170] Found solution in: 6
I20260909 04:41:41.644515   759 skeleton_planner.h:170] Found solution in: 11
I20260909 04:41:41.644594   759 skeleton_planner.h:170] Found solution in: 37
I20260909 04:41:41.644609   759 skeleton_planner.h:170] Found solution in: 3
I20260909 04:41:41.644620   759 skeleton_planner.h:170] Found solution in: 4
I20260909 04:41:41.644632   759 skeleton_planner.h:170] Found solution in: 4
I20260909 04:41:41.644642   759 skeleton_planner.h:170] Found solution in: 3
I20260909 04:41:41.644649   759 skeleton_planner.h:170] Found solution in: 2
I20260909 04:41:41.644722   759 skeleton_planner.h:170] Found solution in: 34
I20260909 04:41:41.644750   759 skeleton_planner.h:170] Found solution in: 7
I20260909 04:41:41.644755   759 skeleton_planner.h:170] Found solution in: 1
I20260909 04:41:41.644774   759 skeleton_planner.h:170] Found solution in: 6
I20260909 04:41:41.644799   759 skeleton_planner.h:170] Found solution in: 8
I20260909 04:41:41.644825   759 skeleton_planner.h:170] Found solution in: 9
I20260909 04:41:41.644856   759 skeleton_planner.h:170] Found solution in: 11
I20260909 04:41:41.644881   759 skeleton_planner.h:170] Found solution in: 9
I20260909 04:41:41.644905   759 skeleton_planner.h:170] Found solution in: 10
I20260909 04:41:41.644920   759 skeleton_planner.h:170] Found solution in: 4
I20260909 04:41:41.644975   759 skeleton_planner.h:170] Found solution in: 24
I20260909 04:41:41.645081   759 skeleton_planner.h:170] Found solution in: 49
I20260909 04:41:41.645113   759 skeleton_planner.h:170] Found solution in: 8
I20260909 04:41:41.645135   759 skeleton_planner.h:170] Found solution in: 8
I20260909 04:41:41.645164   759 skeleton_planner.h:170] Found solution in: 13
I20260909 04:41:41.645201   759 skeleton_planner.h:170] Found solution in: 16
I20260909 04:41:41.645340   759 skeleton_planner.h:170] Found solution in: 32
I20260909 04:41:41.645429   759 skeleton_planner.h:170] Found solution in: 24
I20260909 04:41:41.645483   759 skeleton_planner.h:170] Found solution in: 14
I20260909 04:41:41.645498   759 skeleton_planner.h:170] Found solution in: 3
I20260909 04:41:41.645509   759 skeleton_planner.h:170] Found solution in: 4
I20260909 04:41:41.645521   759 skeleton_planner.h:170] Found solution in: 4
I20260909 04:41:41.645534   759 skeleton_planner.h:170] Found solution in: 5
I20260909 04:41:41.645557   759 skeleton_planner.h:170] Found solution in: 7
I20260909 04:41:41.645570   759 skeleton_planner.h:170] Found solution in: 4
I20260909 04:41:41.645587   759 skeleton_planner.h:170] Found solution in: 5
I20260909 04:41:41.645599   759 skeleton_planner.h:170] Found solution in: 3
I20260909 04:41:41.645617   759 skeleton_planner.h:170] Found solution in: 6
I20260909 04:41:41.645639   759 skeleton_planner.h:170] Found solution in: 8
I20260909 04:41:41.645761   759 skeleton_planner.h:170] Found solution in: 33
I20260909 04:41:41.645799   759 skeleton_planner.h:170] Found solution in: 5
I20260909 04:41:41.645814   759 skeleton_planner.h:170] Found solution in: 4
I20260909 04:41:41.645838   759 skeleton_planner.h:170] Found solution in: 8
I20260909 04:41:41.645862   759 skeleton_planner.h:170] Found solution in: 7
I20260909 04:41:41.645886   759 skeleton_planner.h:170] Found solution in: 8
I20260909 04:41:41.646139   759 skeleton_planner.h:170] Found solution in: 63
I20260909 04:41:41.646194   759 skeleton_planner.h:170] Found solution in: 7
I20260909 04:41:41.646214   759 skeleton_planner.h:170] Found solution in: 7
I20260909 04:41:41.646225   759 skeleton_planner.h:170] Found solution in: 3
I20260909 04:41:41.646265   759 skeleton_planner.h:170] Found solution in: 12
I20260909 04:41:41.646292   759 skeleton_planner.h:170] Found solution in: 7
I20260909 04:41:41.646342   759 skeleton_planner.h:170] Found solution in: 16
I20260909 04:41:41.646373   759 skeleton_planner.h:170] Found solution in: 6
I20260909 04:41:41.646404   759 skeleton_planner.h:170] Found solution in: 9
I20260909 04:41:41.646410   759 skeleton_planner.h:170] Found solution in: 1
I20260909 04:41:41.646428   759 skeleton_planner.h:170] Found solution in: 5
I20260909 04:41:41.646440   759 skeleton_planner.h:170] Found solution in: 3
I20260909 04:41:41.646452   759 skeleton_planner.h:170] Found solution in: 4
I20260909 04:41:41.646484   759 skeleton_planner.h:170] Found solution in: 10
I20260909 04:41:41.646512   759 skeleton_planner.h:170] Found solution in: 8
I20260909 04:41:41.646520   759 skeleton_planner.h:170] Found solution in: 2
I20260909 04:41:41.646538   759 skeleton_planner.h:170] Found solution in: 5
I20260909 04:41:41.646555   759 skeleton_planner.h:170] Found solution in: 4
I20260909 04:41:41.646579   759 skeleton_planner.h:170] Found solution in: 7
I20260909 04:41:41.646612   759 skeleton_planner.h:170] Found solution in: 9
I20260909 04:41:41.646625   759 skeleton_planner.h:170] Found solution in: 3
I20260909 04:41:41.646642   759 skeleton_planner.h:170] Found solution in: 5
I20260909 04:41:41.646661   759 skeleton_planner.h:170] Found solution in: 6
I20260909 04:41:41.646682   759 skeleton_planner.h:170] Found solution in: 6
I20260909 04:41:41.646701   759 skeleton_planner.h:170] Found solution in: 6
I20260909 04:41:41.646724   759 skeleton_planner.h:170] Found solution in: 7
I20260909 04:41:41.646735   759 skeleton_planner.h:170] Found solution in: 3
I20260909 04:41:41.646749   759 skeleton_planner.h:170] Found solution in: 4
I20260909 04:41:41.646785   759 skeleton_planner.h:170] Found solution in: 10
I20260909 04:41:41.646803   759 skeleton_planner.h:170] Found solution in: 4
I20260909 04:41:41.646814   759 skeleton_planner.h:170] Found solution in: 3
I20260909 04:41:41.646819   759 skeleton_generator.cpp:1655] [Simplify Vertices] Vertex removals: 787 / 799, Edges added: 267
I20260909 04:41:41.647223   759 skeleton_generator.cpp:1697] [Subgraph] Number of disconnected subgraphs: 24
I20260909 04:41:41.649945   759 skeleton_planner.h:170] Found solution in: 4
I20260909 04:41:41.650085   759 skeleton_planner.h:170] Found solution in: 3
I20260909 04:41:41.650472   759 skeleton_planner.h:170] Found solution in: 6
I20260909 04:41:41.650557   759 skeleton_planner.h:170] Found solution in: 4
I20260909 04:41:41.652406   759 skeleton_planner.h:170] Found solution in: 42
I20260909 04:41:41.653162   759 skeleton_planner.h:170] Found solution in: 7
I20260909 04:41:41.653216   759 skeleton_planner.h:170] Found solution in: 6
I20260909 04:41:41.654538   759 skeleton_planner.h:170] Found solution in: 7
I20260909 04:41:41.654583   759 skeleton_planner.h:170] Found solution in: 11
I20260909 04:41:41.654631   759 skeleton_planner.h:170] Found solution in: 3
I20260909 04:41:41.654858   759 skeleton_planner.h:170] Found solution in: 4
I20260909 04:41:41.654937   759 skeleton_planner.h:170] Found solution in: 9
I20260909 04:41:41.655040   759 skeleton_planner.h:170] Found solution in: 3
I20260909 04:41:41.655670   759 skeleton_planner.h:170] Found solution in: 21
I20260909 04:41:41.656417   759 skeleton_planner.h:170] Found solution in: 47
I20260909 04:41:41.656538   759 skeleton_planner.h:170] Found solution in: 53
I20260909 04:41:41.661985   759 skeleton_planner.h:170] Found solution in: 6
I20260909 04:41:41.662348   759 skeleton_planner.h:170] Found solution in: 27
I20260909 04:41:41.662557   759 skeleton_planner.h:170] Found solution in: 10
I20260909 04:41:41.662688   759 skeleton_generator.cpp:1756] [Subgraph] Potential edge candidates: 64 diagram candidates: 19
I20260909 04:41:41.662740   759 skeleton_generator.cpp:1771] [Subgraph] Final number of disconnected subgraphs: 6
I20260909 04:41:41.662746   759 skeleton_generator.cpp:633] [Sparse Graph] Vertices: 1212 Edges: 1964
