I20260909 04:37:29.520681     9 skeleton_planner.h:31] Setting ESDF layer.
I20260909 04:37:29.605868     9 skeleton_generator.cpp:226] [GVD] Finished finding GVD candidates. Number of skeleton points: 61845 edges: 6924
I20260909 04:37:29.629024     9 skeleton_generator.cpp:1093] [Prune] Number of vertices before prune: 2907 Number of deleted vertices: 778
I20260909 04:37:29.637058     9 skeleton_planner.h:170] Found solution in: 1
I20260909 04:37:29.637069     9 skeleton_planner.h:170] Found solution in: 2
I20260909 04:37:29.637089     9 skeleton_planner.h:170] Found solution in: 5
I20260909 04:37:29.637099     9 skeleton_planner.h:170] Found solution in: 1
I20260909 04:37:29.637121     9 skeleton_planner.h:170] Found solution in: 23
I20260909 04:37:29.637128     9 skeleton_planner.h:170] Found solution in: 1
I20260909 04:37:29.637148     9 skeleton_planner.h:170] Found solution in: 3
I20260909 04:37:29.637158     9 skeleton_planner.h:170] Found solution in: 1
I20260909 04:37:29.637274     9 skeleton_planner.h:170] Found solution in: 5
I20260909 04:37:29.637284     9 skeleton_planner.h:170] Found solution in: 1
I20260909 04:37:29.637298     9 skeleton_planner.h:170] Found solution in: 16
I20260909 04:37:29.637310     9 skeleton_planner.h:170] Found solution in: 9
I20260909 04:37:29.637318     9 skeleton_planner.h:170] Found solution in: 1
I20260909 04:37:29.637413     9 skeleton_planner.h:170] Found solution in: 4
I20260909 04:37:29.637420     9 skeleton_planner.h:170] Found solution in: 1
I20260909 04:37:29.637424     9 skeleton_planner.h:170] Found solution in: 3
I20260909 04:37:29.637439     9 skeleton_planner.h:170] Found solution in: 4
I20260909 04:37:29.637449     9 skeleton_planner.h:170] Found solution in: 1
I20260909 04:37:29.637454     9 skeleton_planner.h:170] Found solution in: 5
I20260909 04:37:29.637462     9 skeleton_planner.h:170] Found solution in: 9
I20260909 04:37:29.637467     9 skeleton_planner.h:170] Found solution in: 4
I20260909 04:37:29.637475     9 skeleton_planner.h:170] Found solution in: 1
I20260909 04:37:29.637481     9 skeleton_planner.h:170] Found solution in: 7
I20260909 04:37:29.637487     9 skeleton_planner.h:170] Found solution in: 1
I20260909 04:37:29.637491     9 skeleton_planner.h:170] Found solution in: 3
I20260909 04:37:29.637496     9 skeleton_planner.h:170] Found solution in: 5
I20260909 04:37:29.637513     9 skeleton_planner.h:170] Found solution in: 4
I20260909 04:37:29.637521     9 skeleton_planner.h:170] Found solution in: 1
I20260909 04:37:29.637526     9 skeleton_planner.h:170] Found solution in: 6
I20260909 04:37:29.637535     9 skeleton_planner.h:170] Found solution in: 1
I20260909 04:37:29.637539     9 skeleton_planner.h:170] Found solution in: 3
I20260909 04:37:29.637557     9 skeleton_planner.h:170] Found solution in: 7
I20260909 04:37:29.637564     9 skeleton_planner.h:170] Found solution in: 1
I20260909 04:37:29.637581     9 skeleton_planner.h:170] Found solution in: 5
I20260909 04:37:29.637588     9 skeleton_planner.h:170] Found solution in: 1
I20260909 04:37:29.637589     9 skeleton_planner.h:170] Found solution in: 2
I20260909 04:37:29.637599     9 skeleton_planner.h:170] Found solution in: 4
I20260909 04:37:29.637604     9 skeleton_planner.h:170] Found solution in: 1
I20260909 04:37:29.637619     9 skeleton_planner.h:170] Found solution in: 7
I20260909 04:37:29.637629     9 skeleton_planner.h:170] Found solution in: 1
I20260909 04:37:29.637632     9 skeleton_planner.h:170] Found solution in: 2
I20260909 04:37:29.637643     9 skeleton_planner.h:170] Found solution in: 3
I20260909 04:37:29.637651     9 skeleton_planner.h:170] Found solution in: 1
I20260909 04:37:29.637668     9 skeleton_planner.h:170] Found solution in: 4
I20260909 04:37:29.637677     9 skeleton_planner.h:170] Found solution in: 1
I20260909 04:37:29.637758     9 skeleton_planner.h:170] Found solution in: 3
I20260909 04:37:29.637766     9 skeleton_planner.h:170] Found solution in: 1
I20260909 04:37:29.637773     9 skeleton_planner.h:170] Found solution in: 5
I20260909 04:37:29.637778     9 skeleton_planner.h:170] Found solution in: 6
I20260909 04:37:29.637811     9 skeleton_planner.h:170] Found solution in: 7
I20260909 04:37:29.637820     9 skeleton_planner.h:170] Found solution in: 1
I20260909 04:37:29.637827     9 skeleton_planner.h:170] Found solution in: 9
I20260909 04:37:29.637847     9 skeleton_planner.h:170] Found solution in: 5
I20260909 04:37:29.637856     9 skeleton_planner.h:170] Found solution in: 1
I20260909 04:37:29.637859     9 skeleton_planner.h:170] Found solution in: 3
I20260909 04:37:29.637923     9 skeleton_planner.h:170] Found solution in: 22
I20260909 04:37:29.637936     9 skeleton_planner.h:170] Found solution in: 1
I20260909 04:37:29.637943     9 skeleton_planner.h:170] Found solution in: 5
I20260909 04:37:29.637960     9 skeleton_planner.h:170] Found solution in: 5
I20260909 04:37:29.637966     9 skeleton_planner.h:170] Found solution in: 1
I20260909 04:37:29.637977     9 skeleton_planner.h:170] Found solution in: 3
I20260909 04:37:29.637986     9 skeleton_planner.h:170] Found solution in: 1
I20260909 04:37:29.638003     9 skeleton_planner.h:170] Found solution in: 3
I20260909 04:37:29.638010     9 skeleton_planner.h:170] Found solution in: 1
I20260909 04:37:29.638015     9 skeleton_planner.h:170] Found solution in: 3
I20260909 04:37:29.638037     9 skeleton_planner.h:170] Found solution in: 3
I20260909 04:37:29.638048     9 skeleton_planner.h:170] Found solution in: 1
I20260909 04:37:29.638051     9 skeleton_planner.h:170] Found solution in: 2
I20260909 04:37:29.638069     9 skeleton_planner.h:170] Found solution in: 7
I20260909 04:37:29.638077     9 skeleton_planner.h:170] Found solution in: 1
I20260909 04:37:29.638096     9 skeleton_planner.h:170] Found solution in: 24
I20260909 04:37:29.638199     9 skeleton_planner.h:170] Found solution in: 5
I20260909 04:37:29.638209     9 skeleton_planner.h:170] Found solution in: 1
I20260909 04:37:29.638213     9 skeleton_planner.h:170] Found solution in: 2
I20260909 04:37:29.638227     9 skeleton_planner.h:170] Found solution in: 5
I20260909 04:37:29.638235     9 skeleton_planner.h:170] Found solution in: 1
I20260909 04:37:29.638243     9 skeleton_planner.h:170] Found solution in: 1
I20260909 04:37:29.638248     9 skeleton_planner.h:170] Found solution in: 4
I20260909 04:37:29.638331     9 skeleton_planner.h:170] Found solution in: 96
I20260909 04:37:29.638341     9 skeleton_planner.h:170] Found solution in: 1
I20260909 04:37:29.638351     9 skeleton_planner.h:170] Found solution in: 4
I20260909 04:37:29.638357     9 skeleton_planner.h:170] Found solution in: 1
I20260909 04:37:29.638360     9 skeleton_planner.h:170] Found solution in: 2
I20260909 04:37:29.638372     9 skeleton_planner.h:170] Found solution in: 4
I20260909 04:37:29.638382     9 skeleton_planner.h:170] Found solution in: 1
I20260909 04:37:29.638387     9 skeleton_planner.h:170] Found solution in: 4
I20260909 04:37:29.638487     9 skeleton_planner.h:170] Found solution in: 4
I20260909 04:37:29.638497     9 skeleton_planner.h:170] Found solution in: 1
I20260909 04:37:29.638509     9 skeleton_planner.h:170] Found solution in: 1
I20260909 04:37:29.638604     9 skeleton_planner.h:170] Found solution in: 6
I20260909 04:37:29.638614     9 skeleton_planner.h:170] Found solution in: 1
I20260909 04:37:29.638619     9 skeleton_planner.h:170] Found solution in: 4
I20260909 04:37:29.638674     9 skeleton_planner.h:170] Found solution in: 22
I20260909 04:37:29.638684     9 skeleton_planner.h:170] Found solution in: 1
I20260909 04:37:29.638695     9 skeleton_planner.h:170] Found solution in: 7
I20260909 04:37:29.638701     9 skeleton_planner.h:170] Found solution in: 1
I20260909 04:37:29.638707     9 skeleton_planner.h:170] Found solution in: 5
I20260909 04:37:29.638717     9 skeleton_planner.h:170] Found solution in: 9
I20260909 04:37:29.638729     9 skeleton_planner.h:170] Found solution in: 1
I20260909 04:37:29.638734     9 skeleton_planner.h:170] Found solution in: 4
I20260909 04:37:29.638741     9 skeleton_planner.h:170] Found solution in: 8
I20260909 04:37:29.638767     9 skeleton_planner.h:170] Found solution in: 6
I20260909 04:37:29.638782     9 skeleton_planner.h:170] Found solution in: 1
I20260909 04:37:29.638872     9 skeleton_planner.h:170] Found solution in: 4
I20260909 04:37:29.638883     9 skeleton_planner.h:170] Found solution in: 1
I20260909 04:37:29.638890     9 skeleton_planner.h:170] Found solution in: 1
I20260909 04:37:29.638918     9 skeleton_planner.h:170] Found solution in: 5
I20260909 04:37:29.638928     9 skeleton_planner.h:170] Found solution in: 1
I20260909 04:37:29.638934     9 skeleton_planner.h:170] Found solution in: 5
I20260909 04:37:29.638942     9 skeleton_planner.h:170] Found solution in: 1
I20260909 04:37:29.638950     9 skeleton_planner.h:170] Found solution in: 1
I20260909 04:37:29.639037     9 skeleton_planner.h:170] Found solution in: 3
I20260909 04:37:29.639045     9 skeleton_planner.h:170] Found solution in: 1
I20260909 04:37:29.639060     9 skeleton_planner.h:170] Found solution in: 3
I20260909 04:37:29.639070     9 skeleton_planner.h:170] Found solution in: 1
I20260909 04:37:29.639086     9 skeleton_planner.h:170] Found solution in: 4
I20260909 04:37:29.639096     9 skeleton_planner.h:170] Found solution in: 1
I20260909 04:37:29.639194     9 skeleton_planner.h:170] Found solution in: 8
I20260909 04:37:29.639205     9 skeleton_planner.h:170] Found solution in: 1
I20260909 04:37:29.639216     9 skeleton_planner.h:170] Found solution in: 11
I20260909 04:37:29.639308     9 skeleton_planner.h:170] Found solution in: 8
I20260909 04:37:29.639318     9 skeleton_planner.h:170] Found solution in: 1
I20260909 04:37:29.639806     9 skeleton_planner.h:170] Found solution in: 13
I20260909 04:37:29.639815     9 skeleton_planner.h:170] Found solution in: 1
I20260909 04:37:29.639819     9 skeleton_planner.h:170] Found solution in: 2
I20260909 04:37:29.639829     9 skeleton_planner.h:170] Found solution in: 4
I20260909 04:37:29.639837     9 skeleton_planner.h:170] Found solution in: 1
I20260909 04:37:29.639846     9 skeleton_planner.h:170] Found solution in: 3
I20260909 04:37:29.639853     9 skeleton_planner.h:170] Found solution in: 1
I20260909 04:37:29.639878     9 skeleton_planner.h:170] Found solution in: 3
I20260909 04:37:29.639884     9 skeleton_planner.h:170] Found solution in: 1
I20260909 04:37:29.639915     9 skeleton_planner.h:170] Found solution in: 5
I20260909 04:37:29.639925     9 skeleton_planner.h:170] Found solution in: 1
I20260909 04:37:29.639936     9 skeleton_planner.h:170] Found solution in: 12
I20260909 04:37:29.640024     9 skeleton_planner.h:170] Found solution in: 6
I20260909 04:37:29.640035     9 skeleton_planner.h:170] Found solution in: 1
I20260909 04:37:29.640048     9 skeleton_planner.h:170] Found solution in: 4
I20260909 04:37:29.640056     9 skeleton_planner.h:170] Found solution in: 1
I20260909 04:37:29.640079     9 skeleton_planner.h:170] Found solution in: 17
I20260909 04:37:29.640090     9 skeleton_planner.h:170] Found solution in: 1
I20260909 04:37:29.640095     9 skeleton_planner.h:170] Found solution in: 4
I20260909 04:37:29.640115     9 skeleton_planner.h:170] Found solution in: 6
I20260909 04:37:29.640122     9 skeleton_planner.h:170] Found solution in: 1
I20260909 04:37:29.640139     9 skeleton_planner.h:170] Found solution in: 6
I20260909 04:37:29.640149     9 skeleton_planner.h:170] Found solution in: 1
I20260909 04:37:29.640183     9 skeleton_planner.h:170] Found solution in: 3
I20260909 04:37:29.640194     9 skeleton_planner.h:170] Found solution in: 1
I20260909 04:37:29.640213     9 skeleton_planner.h:170] Found solution in: 5
I20260909 04:37:29.640220     9 skeleton_planner.h:170] Found solution in: 1
I20260909 04:37:29.640224     9 skeleton_planner.h:170] Found solution in: 3
I20260909 04:37:29.640239     9 skeleton_planner.h:170] Found solution in: 5
I20260909 04:37:29.640245     9 skeleton_planner.h:170] Found solution in: 1
I20260909 04:37:29.640259     9 skeleton_planner.h:170] Found solution in: 5
I20260909 04:37:29.640266     9 skeleton_planner.h:170] Found solution in: 1
I20260909 04:37:29.640276     9 skeleton_planner.h:170] Found solution in: 3
I20260909 04:37:29.640285     9 skeleton_planner.h:170] Found solution in: 1
I20260909 04:37:29.640292     9 skeleton_planner.h:170] Found solution in: 1
I20260909 04:37:29.640297     9 skeleton_planner.h:170] Found solution in: 1
I20260909 04:37:29.640333     9 skeleton_planner.h:170] Found solution in: 4
I20260909 04:37:29.640345     9 skeleton_planner.h:170] Found solution in: 1
I20260909 04:37:29.640348     9 skeleton_planner.h:170] Found solution in: 2
I20260909 04:37:29.640373     9 skeleton_planner.h:170] Found solution in: 12
I20260909 04:37:29.640383     9 skeleton_planner.h:170] Found solution in: 1
I20260909 04:37:29.640398     9 skeleton_planner.h:170] Found solution in: 7
I20260909 04:37:29.640408     9 skeleton_planner.h:170] Found solution in: 1
I20260909 04:37:29.640419     9 skeleton_planner.h:170] Found solution in: 11
I20260909 04:37:29.640429     9 skeleton_planner.h:170] Found solution in: 1
I20260909 04:37:29.640442     9 skeleton_planner.h:170] Found solution in: 3
I20260909 04:37:29.640453     9 skeleton_planner.h:170] Found solution in: 1
I20260909 04:37:29.640486     9 skeleton_planner.h:170] Found solution in: 5
I20260909 04:37:29.640496     9 skeleton_planner.h:170] Found solution in: 1
I20260909 04:37:29.640512     9 skeleton_planner.h:170] Found solution in: 4
I20260909 04:37:29.640522     9 skeleton_planner.h:170] Found solution in: 1
I20260909 04:37:29.640527     9 skeleton_planner.h:170] Found solution in: 4
I20260909 04:37:29.640532     9 skeleton_planner.h:170] Found solution in: 1
I20260909 04:37:29.640535     9 skeleton_planner.h:170] Found solution in: 2
I20260909 04:37:29.640549     9 skeleton_planner.h:170] Found solution in: 4
I20260909 04:37:29.640558     9 skeleton_planner.h:170] Found solution in: 1
I20260909 04:37:29.640563     9 skeleton_planner.h:170] Found solution in: 4
I20260909 04:37:29.640578     9 skeleton_planner.h:170] Found solution in: 4
I20260909 04:37:29.640588     9 skeleton_planner.h:170] Found solution in: 1
I20260909 04:37:29.640604     9 skeleton_planner.h:170] Found solution in: 4
I20260909 04:37:29.640612     9 skeleton_planner.h:170] Found solution in: 1
I20260909 04:37:29.640627     9 skeleton_planner.h:170] Found solution in: 4
I20260909 04:37:29.640635     9 skeleton_planner.h:170] Found solution in: 1
I20260909 04:37:29.640640     9 skeleton_planner.h:170] Found solution in: 1
I20260909 04:37:29.640653     9 skeleton_planner.h:170] Found solution in: 4
I20260909 04:37:29.640661     9 skeleton_planner.h:170] Found solution in: 1
I20260909 04:37:29.640681     9 skeleton_planner.h:170] Found solution in: 3
I20260909 04:37:29.640689     9 skeleton_planner.h:170] Found solution in: 1
I20260909 04:37:29.640693     9 skeleton_planner.h:170] Found solution in: 3
I20260909 04:37:29.640704     9 skeleton_planner.h:170] Found solution in: 3
I20260909 04:37:29.640710     9 skeleton_planner.h:170] Found solution in: 1
I20260909 04:37:29.640722     9 skeleton_planner.h:170] Found solution in: 3
I20260909 04:37:29.640729     9 skeleton_planner.h:170] Found solution in: 1
I20260909 04:37:29.640765     9 skeleton_planner.h:170] Found solution in: 9
I20260909 04:37:29.640774     9 skeleton_planner.h:170] Found solution in: 1
I20260909 04:37:29.640781     9 skeleton_planner.h:170] Found solution in: 1
I20260909 04:37:29.640784     9 skeleton_planner.h:170] Found solution in: 2
I20260909 04:37:29.640805     9 skeleton_planner.h:170] Found solution in: 5
I20260909 04:37:29.640811     9 skeleton_planner.h:170] Found solution in: 1
I20260909 04:37:29.640828     9 skeleton_planner.h:170] Found solution in: 5
I20260909 04:37:29.640836     9 skeleton_planner.h:170] Found solution in: 1
I20260909 04:37:29.640839     9 skeleton_planner.h:170] Found solution in: 2
I20260909 04:37:29.640848     9 skeleton_planner.h:170] Found solution in: 3
I20260909 04:37:29.640856     9 skeleton_planner.h:170] Found solution in: 1
I20260909 04:37:29.640865     9 skeleton_planner.h:170] Found solution in: 3
I20260909 04:37:29.640877     9 skeleton_planner.h:170] Found solution in: 1
I20260909 04:37:29.640892     9 skeleton_planner.h:170] Found solution in: 4
I20260909 04:37:29.640899     9 skeleton_planner.h:170] Found solution in: 1
I20260909 04:37:29.640903     9 skeleton_planner.h:170] Found solution in: 1
I20260909 04:37:29.640906     9 skeleton_planner.h:170] Found solution in: 2
I20260909 04:37:29.640921     9 skeleton_planner.h:170] Found solution in: 4
I20260909 04:37:29.640928     9 skeleton_planner.h:170] Found solution in: 1
I20260909 04:37:29.640949     9 skeleton_planner.h:170] Found solution in: 5
I20260909 04:37:29.640955     9 skeleton_planner.h:170] Found solution in: 1
I20260909 04:37:29.640961     9 skeleton_planner.h:170] Found solution in: 1
I20260909 04:37:29.640982     9 skeleton_planner.h:170] Found solution in: 6
I20260909 04:37:29.640995     9 skeleton_planner.h:170] Found solution in: 1
I20260909 04:37:29.641017     9 skeleton_planner.h:170] Found solution in: 8
I20260909 04:37:29.641027     9 skeleton_planner.h:170] Found solution in: 1
I20260909 04:37:29.641033     9 skeleton_planner.h:170] Found solution in: 1
I20260909 04:37:29.641036     9 skeleton_planner.h:170] Found solution in: 2
I20260909 04:37:29.642216     9 skeleton_planner.h:170] Found solution in: 1
I20260909 04:37:29.642225     9 skeleton_planner.h:170] Found solution in: 6
I20260909 04:37:29.642246     9 skeleton_planner.h:170] Found solution in: 6
I20260909 04:37:29.642253     9 skeleton_planner.h:170] Found solution in: 1
I20260909 04:37:29.642691     9 skeleton_planner.h:170] Found solution in: 7
I20260909 04:37:29.642699     9 skeleton_planner.h:170] Found solution in: 1
I20260909 04:37:29.642704     9 skeleton_planner.h:170] Found solution in: 3
I20260909 04:37:29.642719     9 skeleton_planner.h:170] Found solution in: 5
I20260909 04:37:29.642728     9 skeleton_planner.h:170] Found solution in: 1
I20260909 04:37:29.642741     9 skeleton_planner.h:170] Found solution in: 12
I20260909 04:37:29.642748     9 skeleton_planner.h:170] Found solution in: 1
I20260909 04:37:29.642753     9 skeleton_planner.h:170] Found solution in: 1
I20260909 04:37:29.642757     9 skeleton_planner.h:170] Found solution in: 2
I20260909 04:37:29.642935     9 skeleton_planner.h:170] Found solution in: 1
I20260909 04:37:29.642967     9 skeleton_planner.h:170] Found solution in: 7
I20260909 04:37:29.642977     9 skeleton_planner.h:170] Found solution in: 1
I20260909 04:37:29.642985     9 skeleton_planner.h:170] Found solution in: 1
I20260909 04:37:29.642995     9 skeleton_planner.h:170] Found solution in: 3
I20260909 04:37:29.643002     9 skeleton_planner.h:170] Found solution in: 1
I20260909 04:37:29.643033     9 skeleton_planner.h:170] Found solution in: 10
I20260909 04:37:29.643045     9 skeleton_planner.h:170] Found solution in: 1
I20260909 04:37:29.643059     9 skeleton_planner.h:170] Found solution in: 3
I20260909 04:37:29.643070     9 skeleton_planner.h:170] Found solution in: 1
I20260909 04:37:29.643074     9 skeleton_planner.h:170] Found solution in: 3
I20260909 04:37:29.643086     9 skeleton_planner.h:170] Found solution in: 3
I20260909 04:37:29.643097     9 skeleton_planner.h:170] Found solution in: 1
I20260909 04:37:29.643116     9 skeleton_planner.h:170] Found solution in: 5
I20260909 04:37:29.643126     9 skeleton_planner.h:170] Found solution in: 1
I20260909 04:37:29.643136     9 skeleton_planner.h:170] Found solution in: 3
I20260909 04:37:29.643147     9 skeleton_planner.h:170] Found solution in: 1
I20260909 04:37:29.643154     9 skeleton_planner.h:170] Found solution in: 6
I20260909 04:37:29.643159     9 skeleton_planner.h:170] Found solution in: 1
I20260909 04:37:29.643163     9 skeleton_planner.h:170] Found solution in: 2
I20260909 04:37:29.643177     9 skeleton_planner.h:170] Found solution in: 5
I20260909 04:37:29.643188     9 skeleton_planner.h:170] Found solution in: 1
I20260909 04:37:29.643199     9 skeleton_planner.h:170] Found solution in: 3
I20260909 04:37:29.643206     9 skeleton_planner.h:170] Found solution in: 1
I20260909 04:37:29.643301     9 skeleton_planner.h:170] Found solution in: 3
I20260909 04:37:29.643309     9 skeleton_planner.h:170] Found solution in: 1
I20260909 04:37:29.643325     9 skeleton_planner.h:170] Found solution in: 5
I20260909 04:37:29.643338     9 skeleton_planner.h:170] Found solution in: 1
I20260909 04:37:29.643352     9 skeleton_planner.h:170] Found solution in: 3
I20260909 04:37:29.643360     9 skeleton_planner.h:170] Found solution in: 1
I20260909 04:37:29.643373     9 skeleton_planner.h:170] Found solution in: 3
I20260909 04:37:29.643383     9 skeleton_planner.h:170] Found solution in: 1
I20260909 04:37:29.643391     9 skeleton_planner.h:170] Found solution in: 1
I20260909 04:37:29.643397     9 skeleton_planner.h:170] Found solution in: 1
I20260909 04:37:29.643406     9 skeleton_planner.h:170] Found solution in: 8
I20260909 04:37:29.643411     9 skeleton_planner.h:170] Found solution in: 1
I20260909 04:37:29.643421     9 skeleton_planner.h:170] Found solution in: 11
I20260909 04:37:29.643427     9 skeleton_planner.h:170] Found solution in: 4
I20260909 04:37:29.643438     9 skeleton_planner.h:170] Found solution in: 1
I20260909 04:37:29.643450     9 skeleton_planner.h:170] Found solution in: 12
I20260909 04:37:29.643457     9 skeleton_planner.h:170] Found solution in: 1
I20260909 04:37:29.643462     9 skeleton_planner.h:170] Found solution in: 3
I20260909 04:37:29.643474     9 skeleton_planner.h:170] Found solution in: 3
I20260909 04:37:29.643482     9 skeleton_planner.h:170] Found solution in: 1
I20260909 04:37:29.643492     9 skeleton_planner.h:170] Found solution in: 3
I20260909 04:37:29.643498     9 skeleton_planner.h:170] Found solution in: 1
I20260909 04:37:29.643514     9 skeleton_planner.h:170] Found solution in: 17
I20260909 04:37:29.643523     9 skeleton_planner.h:170] Found solution in: 1
I20260909 04:37:29.643543     9 skeleton_planner.h:170] Found solution in: 6
I20260909 04:37:29.643553     9 skeleton_planner.h:170] Found solution in: 1
I20260909 04:37:29.643558     9 skeleton_planner.h:170] Found solution in: 4
I20260909 04:37:29.643568     9 skeleton_planner.h:170] Found solution in: 11
I20260909 04:37:29.643575     9 skeleton_planner.h:170] Found solution in: 1
I20260909 04:37:29.643584     9 skeleton_planner.h:170] Found solution in: 1
I20260909 04:37:29.643589     9 skeleton_planner.h:170] Found solution in: 2
I20260909 04:37:29.643600     9 skeleton_planner.h:170] Found solution in: 4
I20260909 04:37:29.643610     9 skeleton_planner.h:170] Found solution in: 1
I20260909 04:37:29.643707     9 skeleton_planner.h:170] Found solution in: 3
I20260909 04:37:29.643718     9 skeleton_planner.h:170] Found solution in: 1
I20260909 04:37:29.643734     9 skeleton_planner.h:170] Found solution in: 4
I20260909 04:37:29.643745     9 skeleton_planner.h:170] Found solution in: 1
I20260909 04:37:29.643852     9 skeleton_planner.h:170] Found solution in: 6
I20260909 04:37:29.643862     9 skeleton_planner.h:170] Found solution in: 1
I20260909 04:37:29.643869     9 skeleton_planner.h:170] Found solution in: 5
I20260909 04:37:29.643891     9 skeleton_planner.h:170] Found solution in: 28
I20260909 04:37:29.643901     9 skeleton_planner.h:170] Found solution in: 9
I20260909 04:37:29.643913     9 skeleton_planner.h:170] Found solution in: 1
I20260909 04:37:29.643920     9 skeleton_planner.h:170] Found solution in: 1
I20260909 04:37:29.643929     9 skeleton_planner.h:170] Found solution in: 1
I20260909 04:37:29.643950     9 skeleton_planner.h:170] Found solution in: 5
I20260909 04:37:29.643960     9 skeleton_planner.h:170] Found solution in: 1
I20260909 04:37:29.643967     9 skeleton_planner.h:170] Found solution in: 1
I20260909 04:37:29.643975     9 skeleton_planner.h:170] Found solution in: 8
I20260909 04:37:29.643981     9 skeleton_planner.h:170] Found solution in: 1
I20260909 04:37:29.643988     9 skeleton_planner.h:170] Found solution in: 7
I20260909 04:37:29.643996     9 skeleton_planner.h:170] Found solution in: 1
I20260909 04:37:29.643999     9 skeleton_planner.h:170] Found solution in: 2
I20260909 04:37:29.644007     9 skeleton_planner.h:170] Found solution in: 3
I20260909 04:37:29.644014     9 skeleton_planner.h:170] Found solution in: 1
I20260909 04:37:29.644025     9 skeleton_planner.h:170] Found solution in: 4
I20260909 04:37:29.644032     9 skeleton_planner.h:170] Found solution in: 1
I20260909 04:37:29.644042     9 skeleton_planner.h:170] Found solution in: 3
I20260909 04:37:29.644049     9 skeleton_planner.h:170] Found solution in: 1
I20260909 04:37:29.644088     9 skeleton_planner.h:170] Found solution in: 18
I20260909 04:37:29.644176     9 skeleton_planner.h:170] Found solution in: 42
I20260909 04:37:29.644197     9 skeleton_planner.h:170] Found solution in: 6
I20260909 04:37:29.644207     9 skeleton_planner.h:170] Found solution in: 1
I20260909 04:37:29.644295     9 skeleton_planner.h:170] Found solution in: 5
I20260909 04:37:29.644304     9 skeleton_planner.h:170] Found solution in: 1
I20260909 04:37:29.644327     9 skeleton_planner.h:170] Found solution in: 6
I20260909 04:37:29.644335     9 skeleton_planner.h:170] Found solution in: 1
I20260909 04:37:29.644341     9 skeleton_planner.h:170] Found solution in: 6
I20260909 04:37:29.644352     9 skeleton_planner.h:170] Found solution in: 1
I20260909 04:37:29.644378     9 skeleton_planner.h:170] Found solution in: 9
I20260909 04:37:29.644387     9 skeleton_planner.h:170] Found solution in: 1
I20260909 04:37:29.644397     9 skeleton_planner.h:170] Found solution in: 11
I20260909 04:37:29.644403     9 skeleton_planner.h:170] Found solution in: 1
I20260909 04:37:29.644408     9 skeleton_planner.h:170] Found solution in: 1
I20260909 04:37:29.644418     9 skeleton_planner.h:170] Found solution in: 9
I20260909 04:37:29.644435     9 skeleton_planner.h:170] Found solution in: 23
I20260909 04:37:29.644444     9 skeleton_planner.h:170] Found solution in: 1
I20260909 04:37:29.644461     9 skeleton_planner.h:170] Found solution in: 5
I20260909 04:37:29.644469     9 skeleton_planner.h:170] Found solution in: 1
I20260909 04:37:29.644491     9 skeleton_planner.h:170] Found solution in: 8
I20260909 04:37:29.644501     9 skeleton_planner.h:170] Found solution in: 1
I20260909 04:37:29.644507     9 skeleton_planner.h:170] Found solution in: 1
I20260909 04:37:29.644513     9 skeleton_planner.h:170] Found solution in: 1
I20260909 04:37:29.644517     9 skeleton_planner.h:170] Found solution in: 2
I20260909 04:37:29.644526     9 skeleton_planner.h:170] Found solution in: 3
I20260909 04:37:29.644531     9 skeleton_planner.h:170] Found solution in: 1
I20260909 04:37:29.644543     9 skeleton_planner.h:170] Found solution in: 4
I20260909 04:37:29.644549     9 skeleton_planner.h:170] Found solution in: 1
I20260909 04:37:29.644553     9 skeleton_planner.h:170] Found solution in: 3
I20260909 04:37:29.644565     9 skeleton_planner.h:170] Found solution in: 4
I20260909 04:37:29.644572     9 skeleton_planner.h:170] Found solution in: 1
I20260909 04:37:29.644585     9 skeleton_planner.h:170] Found solution in: 3
I20260909 04:37:29.644593     9 skeleton_planner.h:170] Found solution in: 1
I20260909 04:37:29.644601     9 skeleton_planner.h:170] Found solution in: 3
I20260909 04:37:29.644606     9 skeleton_planner.h:170] Found solution in: 1
I20260909 04:37:29.644614     9 skeleton_planner.h:170] Found solution in: 1
I20260909 04:37:29.644698     9 skeleton_planner.h:170] Found solution in: 3
I20260909 04:37:29.644706     9 skeleton_planner.h:170] Found solution in: 1
I20260909 04:37:29.644794     9 skeleton_planner.h:170] Found solution in: 4
I20260909 04:37:29.644801     9 skeleton_planner.h:170] Found solution in: 1
I20260909 04:37:29.644902     9 skeleton_planner.h:170] Found solution in: 5
I20260909 04:37:29.644914     9 skeleton_planner.h:170] Found solution in: 1
I20260909 04:37:29.644918     9 skeleton_planner.h:170] Found solution in: 2
I20260909 04:37:29.644932     9 skeleton_planner.h:170] Found solution in: 5
I20260909 04:37:29.644941     9 skeleton_planner.h:170] Found solution in: 1
I20260909 04:37:29.644958     9 skeleton_planner.h:170] Found solution in: 6
I20260909 04:37:29.644966     9 skeleton_planner.h:170] Found solution in: 1
I20260909 04:37:29.644979     9 skeleton_planner.h:170] Found solution in: 15
I20260909 04:37:29.645006     9 skeleton_planner.h:170] Found solution in: 5
I20260909 04:37:29.645015     9 skeleton_planner.h:170] Found solution in: 1
I20260909 04:37:29.645040     9 skeleton_planner.h:170] Found solution in: 5
I20260909 04:37:29.645046     9 skeleton_planner.h:170] Found solution in: 1
I20260909 04:37:29.645051     9 skeleton_planner.h:170] Found solution in: 1
I20260909 04:37:29.645058     9 skeleton_planner.h:170] Found solution in: 1
I20260909 04:37:29.645064     9 skeleton_planner.h:170] Found solution in: 6
I20260909 04:37:29.645083     9 skeleton_planner.h:170] Found solution in: 6
I20260909 04:37:29.645093     9 skeleton_planner.h:170] Found solution in: 1
I20260909 04:37:29.645177     9 skeleton_planner.h:170] Found solution in: 3
I20260909 04:37:29.645187     9 skeleton_planner.h:170] Found solution in: 1
I20260909 04:37:29.645195     9 skeleton_planner.h:170] Found solution in: 6
I20260909 04:37:29.645278     9 skeleton_planner.h:170] Found solution in: 5
I20260909 04:37:29.645288     9 skeleton_planner.h:170] Found solution in: 1
I20260909 04:37:29.645293     9 skeleton_planner.h:170] Found solution in: 4
I20260909 04:37:29.645301     9 skeleton_planner.h:170] Found solution in: 1
I20260909 04:37:29.645323     9 skeleton_planner.h:170] Found solution in: 4
I20260909 04:37:29.645329     9 skeleton_planner.h:170] Found solution in: 1
I20260909 04:37:29.645416     9 skeleton_planner.h:170] Found solution in: 4
I20260909 04:37:29.645423     9 skeleton_planner.h:170] Found solution in: 1
I20260909 04:37:29.645430     9 skeleton_planner.h:170] Found solution in: 1
I20260909 04:37:29.645442     9 skeleton_planner.h:170] Found solution in: 3
I20260909 04:37:29.645448     9 skeleton_planner.h:170] Found solution in: 1
I20260909 04:37:29.645453     9 skeleton_planner.h:170] Found solution in: 4
I20260909 04:37:29.645465     9 skeleton_planner.h:170] Found solution in: 5
I20260909 04:37:29.645471     9 skeleton_planner.h:170] Found solution in: 1
I20260909 04:37:29.645591     9 skeleton_planner.h:170] Found solution in: 83
I20260909 04:37:29.645651     9 skeleton_planner.h:170] Found solution in: 30
I20260909 04:37:29.645746     9 skeleton_planner.h:170] Found solution in: 63
I20260909 04:37:29.645830     9 skeleton_planner.h:170] Found solution in: 55
I20260909 04:37:29.645850     9 skeleton_planner.h:170] Found solution in: 7
I20260909 04:37:29.645860     9 skeleton_planner.h:170] Found solution in: 1
I20260909 04:37:29.645882     9 skeleton_planner.h:170] Found solution in: 7
I20260909 04:37:29.645888     9 skeleton_planner.h:170] Found solution in: 1
I20260909 04:37:29.645893     9 skeleton_planner.h:170] Found solution in: 1
I20260909 04:37:29.645902     9 skeleton_planner.h:170] Found solution in: 3
I20260909 04:37:29.645913     9 skeleton_planner.h:170] Found solution in: 1
I20260909 04:37:29.646001     9 skeleton_planner.h:170] Found solution in: 4
I20260909 04:37:29.646008     9 skeleton_planner.h:170] Found solution in: 1
I20260909 04:37:29.646013     9 skeleton_planner.h:170] Found solution in: 3
I20260909 04:37:29.646018     9 skeleton_planner.h:170] Found solution in: 1
I20260909 04:37:29.646028     9 skeleton_planner.h:170] Found solution in: 3
I20260909 04:37:29.646035     9 skeleton_planner.h:170] Found solution in: 1
I20260909 04:37:29.646121     9 skeleton_planner.h:170] Found solution in: 4
I20260909 04:37:29.646126     9 skeleton_planner.h:170] Found solution in: 1
I20260909 04:37:29.646131     9 skeleton_planner.h:170] Found solution in: 3
I20260909 04:37:29.646139     9 skeleton_planner.h:170] Found solution in: 1
I20260909 04:37:29.646142     9 skeleton_planner.h:170] Found solution in: 2
I20260909 04:37:29.646153     9 skeleton_planner.h:170] Found solution in: 4
I20260909 04:37:29.646162     9 skeleton_planner.h:170] Found solution in: 1
I20260909 04:37:29.646167     9 skeleton_planner.h:170] Found solution in: 1
I20260909 04:37:29.646174     9 skeleton_planner.h:170] Found solution in: 1
I20260909 04:37:29.646181     9 skeleton_planner.h:170] Found solution in: 1
I20260909 04:37:29.646189     9 skeleton_planner.h:170] Found solution in: 1
I20260909 04:37:29.646198     9 skeleton_planner.h:170] Found solution in: 1
I20260909 04:37:29.646204     9 skeleton_planner.h:170] Found solution in: 6
I20260909 04:37:29.646212     9 skeleton_planner.h:170] Found solution in: 1
I20260909 04:37:29.646219     9 skeleton_planner.h:170] Found solution in: 1
I20260909 04:37:29.646225     9 skeleton_planner.h:170] Found solution in: 6
I20260909 04:37:29.646234     9 skeleton_planner.h:170] Found solution in: 1
I20260909 04:37:29.646266     9 skeleton_planner.h:170] Found solution in: 6
I20260909 04:37:29.646274     9 skeleton_planner.h:170] Found solution in: 1
I20260909 04:37:29.646281     9 skeleton_planner.h:170] Found solution in: 5
I20260909 04:37:29.646368     9 skeleton_planner.h:170] Found solution in: 4
I20260909 04:37:29.646377     9 skeleton_planner.h:170] Found solution in: 1
I20260909 04:37:29.646394     9 skeleton_planner.h:170] Found solution in: 4
I20260909 04:37:29.646400     9 skeleton_planner.h:170] Found solution in: 1
I20260909 04:37:29.646422     9 skeleton_planner.h:170] Found solution in: 5
I20260909 04:37:29.646431     9 skeleton_planner.h:170] Found solution in: 1
I20260909 04:37:29.646435     9 skeleton_planner.h:170] Found solution in: 3
I20260909 04:37:29.646450     9 skeleton_planner.h:170] Found solution in: 5
I20260909 04:37:29.646459     9 skeleton_planner.h:170] Found solution in: 1
I20260909 04:37:29.646540     9 skeleton_planner.h:170] Found solution in: 5
I20260909 04:37:29.646548     9 skeleton_planner.h:170] Found solution in: 1
I20260909 04:37:29.646565     9 skeleton_planner.h:170] Found solution in: 5
I20260909 04:37:29.646575     9 skeleton_planner.h:170] Found solution in: 1
I20260909 04:37:29.646581     9 skeleton_planner.h:170] Found solution in: 1
I20260909 04:37:29.646593     9 skeleton_planner.h:170] Found solution in: 13
I20260909 04:37:29.646602     9 skeleton_planner.h:170] Found solution in: 1
I20260909 04:37:29.646607     9 skeleton_planner.h:170] Found solution in: 5
I20260909 04:37:29.646613     9 skeleton_planner.h:170] Found solution in: 1
I20260909 04:37:29.646620     9 skeleton_planner.h:170] Found solution in: 6
I20260909 04:37:29.646625     9 skeleton_planner.h:170] Found solution in: 1
I20260909 04:37:29.646637     9 skeleton_planner.h:170] Found solution in: 13
I20260909 04:37:29.646646     9 skeleton_planner.h:170] Found solution in: 1
I20260909 04:37:29.646649     9 skeleton_planner.h:170] Found solution in: 2
I20260909 04:37:29.646663     9 skeleton_planner.h:170] Found solution in: 4
I20260909 04:37:29.646672     9 skeleton_planner.h:170] Found solution in: 1
I20260909 04:37:29.646678     9 skeleton_planner.h:170] Found solution in: 6
I20260909 04:37:29.646687     9 skeleton_planner.h:170] Found solution in: 1
I20260909 04:37:29.646767     9 skeleton_planner.h:170] Found solution in: 4
I20260909 04:37:29.646776     9 skeleton_planner.h:170] Found solution in: 1
I20260909 04:37:29.646785     9 skeleton_planner.h:170] Found solution in: 1
I20260909 04:37:29.646790     9 skeleton_planner.h:170] Found solution in: 1
I20260909 04:37:29.646795     9 skeleton_planner.h:170] Found solution in: 4
I20260909 04:37:29.646811     9 skeleton_planner.h:170] Found solution in: 5
I20260909 04:37:29.646824     9 skeleton_planner.h:170] Found solution in: 1
I20260909 04:37:29.646831     9 skeleton_planner.h:170] Found solution in: 6
I20260909 04:37:29.646853     9 skeleton_planner.h:170] Found solution in: 6
I20260909 04:37:29.646863     9 skeleton_planner.h:170] Found solution in: 1
I20260909 04:37:29.646869     9 skeleton_planner.h:170] Found solution in: 6
I20260909 04:37:29.646875     9 skeleton_planner.h:170] Found solution in: 1
I20260909 04:37:29.646881     9 skeleton_planner.h:170] Found solution in: 6
I20260909 04:37:29.646888     9 skeleton_planner.h:170] Found solution in: 7
I20260909 04:37:29.646894     9 skeleton_planner.h:170] Found solution in: 1
I20260909 04:37:29.646900     9 skeleton_planner.h:170] Found solution in: 6
I20260909 04:37:29.646911     9 skeleton_planner.h:170] Found solution in: 11
I20260909 04:37:29.647001     9 skeleton_planner.h:170] Found solution in: 6
I20260909 04:37:29.647012     9 skeleton_planner.h:170] Found solution in: 1
I20260909 04:37:29.647024     9 skeleton_planner.h:170] Found solution in: 4
I20260909 04:37:29.647032     9 skeleton_planner.h:170] Found solution in: 1
I20260909 04:37:29.647038     9 skeleton_planner.h:170] Found solution in: 1
I20260909 04:37:29.647126     9 skeleton_planner.h:170] Found solution in: 3
I20260909 04:37:29.647135     9 skeleton_planner.h:170] Found solution in: 1
I20260909 04:37:29.647145     9 skeleton_planner.h:170] Found solution in: 3
I20260909 04:37:29.647156     9 skeleton_planner.h:170] Found solution in: 1
I20260909 04:37:29.647243     9 skeleton_planner.h:170] Found solution in: 3
I20260909 04:37:29.647253     9 skeleton_planner.h:170] Found solution in: 1
I20260909 04:37:29.647258     9 skeleton_planner.h:170] Found solution in: 6
I20260909 04:37:29.647382     9 skeleton_planner.h:170] Found solution in: 64
I20260909 04:37:29.647434     9 skeleton_planner.h:170] Found solution in: 15
I20260909 04:37:29.647442     9 skeleton_planner.h:170] Found solution in: 1
I20260909 04:37:29.647495     9 skeleton_planner.h:170] Found solution in: 23
I20260909 04:37:29.647527     9 skeleton_planner.h:170] Found solution in: 9
I20260909 04:37:29.647534     9 skeleton_planner.h:170] Found solution in: 1
I20260909 04:37:29.647547     9 skeleton_planner.h:170] Found solution in: 3
I20260909 04:37:29.647553     9 skeleton_planner.h:170] Found solution in: 1
I20260909 04:37:29.647570     9 skeleton_planner.h:170] Found solution in: 5
I20260909 04:37:29.647578     9 skeleton_planner.h:170] Found solution in: 1
I20260909 04:37:29.648276     9 skeleton_planner.h:170] Found solution in: 1
I20260909 04:37:29.648281     9 skeleton_planner.h:170] Found solution in: 2
I20260909 04:37:29.648293     9 skeleton_planner.h:170] Found solution in: 3
I20260909 04:37:29.648301     9 skeleton_planner.h:170] Found solution in: 1
I20260909 04:37:29.648309     9 skeleton_planner.h:170] Found solution in: 5
I20260909 04:37:29.648315     9 skeleton_planner.h:170] Found solution in: 5
I20260909 04:37:29.648322     9 skeleton_planner.h:170] Found solution in: 1
I20260909 04:37:29.648416     9 skeleton_planner.h:170] Found solution in: 3
I20260909 04:37:29.648423     9 skeleton_planner.h:170] Found solution in: 1
I20260909 04:37:29.648429     9 skeleton_planner.h:170] Found solution in: 5
I20260909 04:37:29.648434     9 skeleton_planner.h:170] Found solution in: 4
I20260909 04:37:29.648439     9 skeleton_planner.h:170] Found solution in: 1
I20260909 04:37:29.648443     9 skeleton_planner.h:170] Found solution in: 4
I20260909 04:37:29.648464     9 skeleton_planner.h:170] Found solution in: 5
I20260909 04:37:29.648473     9 skeleton_planner.h:170] Found solution in: 1
I20260909 04:37:29.648550     9 skeleton_planner.h:170] Found solution in: 4
I20260909 04:37:29.648557     9 skeleton_planner.h:170] Found solution in: 1
I20260909 04:37:29.648562     9 skeleton_planner.h:170] Found solution in: 3
I20260909 04:37:29.649600     9 skeleton_planner.h:170] Found solution in: 1
I20260909 04:37:29.649606     9 skeleton_planner.h:170] Found solution in: 5
I20260909 04:37:29.649621     9 skeleton_planner.h:170] Found solution in: 5
I20260909 04:37:29.649628     9 skeleton_planner.h:170] Found solution in: 1
I20260909 04:37:29.649997     9 skeleton_planner.h:170] Found solution in: 1
I20260909 04:37:29.650004     9 skeleton_planner.h:170] Found solution in: 5
I20260909 04:37:29.650417     9 skeleton_planner.h:170] Found solution in: 1
I20260909 04:37:29.650509     9 skeleton_planner.h:170] Found solution in: 3
I20260909 04:37:29.650518     9 skeleton_planner.h:170] Found solution in: 1
I20260909 04:37:29.650545     9 skeleton_planner.h:170] Found solution in: 34
I20260909 04:37:29.650552     9 skeleton_planner.h:170] Found solution in: 1
I20260909 04:37:29.650566     9 skeleton_planner.h:170] Found solution in: 3
I20260909 04:37:29.650576     9 skeleton_planner.h:170] Found solution in: 1
I20260909 04:37:29.650579     9 skeleton_planner.h:170] Found solution in: 2
I20260909 04:37:29.650591     9 skeleton_planner.h:170] Found solution in: 3
I20260909 04:37:29.650600     9 skeleton_planner.h:170] Found solution in: 1
I20260909 04:37:29.650604     9 skeleton_planner.h:170] Found solution in: 2
I20260909 04:37:29.650614     9 skeleton_planner.h:170] Found solution in: 3
I20260909 04:37:29.650624     9 skeleton_planner.h:170] Found solution in: 1
I20260909 04:37:29.650630     9 skeleton_planner.h:170] Found solution in: 6
I20260909 04:37:29.650637     9 skeleton_planner.h:170] Found solution in: 6
I20260909 04:37:29.650650     9 skeleton_planner.h:170] Found solution in: 15
I20260909 04:37:29.650658     9 skeleton_planner.h:170] Found solution in: 1
I20260909 04:37:29.650733     9 skeleton_planner.h:170] Found solution in: 3
I20260909 04:37:29.650743     9 skeleton_planner.h:170] Found solution in: 1
I20260909 04:37:29.650753     9 skeleton_planner.h:170] Found solution in: 3
I20260909 04:37:29.650761     9 skeleton_planner.h:170] Found solution in: 1
I20260909 04:37:29.650772     9 skeleton_planner.h:170] Found solution in: 3
I20260909 04:37:29.650781     9 skeleton_planner.h:170] Found solution in: 1
I20260909 04:37:29.650796     9 skeleton_planner.h:170] Found solution in: 5
I20260909 04:37:29.650805     9 skeleton_planner.h:170] Found solution in: 1
I20260909 04:37:29.650808     9 skeleton_planner.h:170] Found solution in: 2
I20260909 04:37:29.650820     9 skeleton_planner.h:170] Found solution in: 4
I20260909 04:37:29.650828     9 skeleton_planner.h:170] Found solution in: 1
I20260909 04:37:29.650846     9 skeleton_planner.h:170] Found solution in: 5
I20260909 04:37:29.650856     9 skeleton_planner.h:170] Found solution in: 1
I20260909 04:37:29.650867     9 skeleton_planner.h:170] Found solution in: 3
I20260909 04:37:29.650874     9 skeleton_planner.h:170] Found solution in: 1
I20260909 04:37:29.650880     9 skeleton_planner.h:170] Found solution in: 6
I20260909 04:37:29.650890     9 skeleton_planner.h:170] Found solution in: 1
I20260909 04:37:29.650898     9 skeleton_planner.h:170] Found solution in: 1
I20260909 04:37:29.650909     9 skeleton_planner.h:170] Found solution in: 1
I20260909 04:37:29.650915     9 skeleton_planner.h:170] Found solution in: 1
I20260909 04:37:29.650936     9 skeleton_planner.h:170] Found solution in: 7
I20260909 04:37:29.650947     9 skeleton_planner.h:170] Found solution in: 1
I20260909 04:37:29.650952     9 skeleton_planner.h:170] Found solution in: 4
I20260909 04:37:29.650967     9 skeleton_planner.h:170] Found solution in: 5
I20260909 04:37:29.650978     9 skeleton_planner.h:170] Found solution in: 1
I20260909 04:37:29.650988     9 skeleton_planner.h:170] Found solution in: 1
I20260909 04:37:29.651011     9 skeleton_planner.h:170] Found solution in: 27
I20260909 04:37:29.651018     9 skeleton_planner.h:170] Found solution in: 6
I20260909 04:37:29.651024     9 skeleton_planner.h:170] Found solution in: 1
I20260909 04:37:29.651051     9 skeleton_planner.h:170] Found solution in: 29
I20260909 04:37:29.651060     9 skeleton_planner.h:170] Found solution in: 1
I20260909 04:37:29.651067     9 skeleton_planner.h:170] Found solution in: 1
I20260909 04:37:29.651086     9 skeleton_planner.h:170] Found solution in: 4
I20260909 04:37:29.651094     9 skeleton_planner.h:170] Found solution in: 1
I20260909 04:37:29.651118     9 skeleton_planner.h:170] Found solution in: 3
I20260909 04:37:29.651125     9 skeleton_planner.h:170] Found solution in: 1
I20260909 04:37:29.651130     9 skeleton_planner.h:170] Found solution in: 4
I20260909 04:37:29.651149     9 skeleton_planner.h:170] Found solution in: 5
I20260909 04:37:29.651156     9 skeleton_planner.h:170] Found solution in: 1
I20260909 04:37:29.651175     9 skeleton_planner.h:170] Found solution in: 5
I20260909 04:37:29.651183     9 skeleton_planner.h:170] Found solution in: 1
I20260909 04:37:29.651194     9 skeleton_planner.h:170] Found solution in: 12
I20260909 04:37:29.651218     9 skeleton_planner.h:170] Found solution in: 5
I20260909 04:37:29.651226     9 skeleton_planner.h:170] Found solution in: 1
I20260909 04:37:29.651247     9 skeleton_planner.h:170] Found solution in: 3
I20260909 04:37:29.651253     9 skeleton_planner.h:170] Found solution in: 1
I20260909 04:37:29.651285     9 skeleton_planner.h:170] Found solution in: 14
I20260909 04:37:29.651358     9 skeleton_planner.h:170] Found solution in: 28
I20260909 04:37:29.651368     9 skeleton_planner.h:170] Found solution in: 1
I20260909 04:37:29.651373     9 skeleton_planner.h:170] Found solution in: 1
I20260909 04:37:29.651398     9 skeleton_planner.h:170] Found solution in: 4
I20260909 04:37:29.651407     9 skeleton_planner.h:170] Found solution in: 1
I20260909 04:37:29.651420     9 skeleton_planner.h:170] Found solution in: 7
I20260909 04:37:29.651430     9 skeleton_planner.h:170] Found solution in: 1
I20260909 04:37:29.651641     9 skeleton_planner.h:170] Found solution in: 1
I20260909 04:37:29.651649     9 skeleton_planner.h:170] Found solution in: 1
I20260909 04:37:29.651654     9 skeleton_planner.h:170] Found solution in: 4
I20260909 04:37:29.651659     9 skeleton_planner.h:170] Found solution in: 1
I20260909 04:37:29.651664     9 skeleton_planner.h:170] Found solution in: 4
I20260909 04:37:29.651674     9 skeleton_planner.h:170] Found solution in: 1
I20260909 04:37:29.651680     9 skeleton_planner.h:170] Found solution in: 5
I20260909 04:37:29.651698     9 skeleton_planner.h:170] Found solution in: 4
I20260909 04:37:29.651707     9 skeleton_planner.h:170] Found solution in: 1
I20260909 04:37:29.651727     9 skeleton_planner.h:170] Found solution in: 4
I20260909 04:37:29.651736     9 skeleton_planner.h:170] Found solution in: 1
I20260909 04:37:29.651742     9 skeleton_planner.h:170] Found solution in: 5
I20260909 04:37:29.651757     9 skeleton_planner.h:170] Found solution in: 15
I20260909 04:37:29.651764     9 skeleton_planner.h:170] Found solution in: 1
I20260909 04:37:29.651770     9 skeleton_planner.h:170] Found solution in: 5
I20260909 04:37:29.651778     9 skeleton_planner.h:170] Found solution in: 10
I20260909 04:37:29.651815     9 skeleton_planner.h:170] Found solution in: 9
I20260909 04:37:29.651822     9 skeleton_planner.h:170] Found solution in: 1
I20260909 04:37:29.651829     9 skeleton_planner.h:170] Found solution in: 8
I20260909 04:37:29.651860     9 skeleton_planner.h:170] Found solution in: 11
I20260909 04:37:29.651870     9 skeleton_planner.h:170] Found solution in: 1
I20260909 04:37:29.651875     9 skeleton_planner.h:170] Found solution in: 1
I20260909 04:37:29.651968     9 skeleton_planner.h:170] Found solution in: 4
I20260909 04:37:29.651978     9 skeleton_planner.h:170] Found solution in: 1
I20260909 04:37:29.651988     9 skeleton_planner.h:170] Found solution in: 1
I20260909 04:37:29.652009     9 skeleton_planner.h:170] Found solution in: 6
I20260909 04:37:29.652019     9 skeleton_planner.h:170] Found solution in: 1
I20260909 04:37:29.652030     9 skeleton_planner.h:170] Found solution in: 3
I20260909 04:37:29.652038     9 skeleton_planner.h:170] Found solution in: 1
I20260909 04:37:29.652043     9 skeleton_planner.h:170] Found solution in: 1
I20260909 04:37:29.652136     9 skeleton_planner.h:170] Found solution in: 4
I20260909 04:37:29.652144     9 skeleton_planner.h:170] Found solution in: 1
I20260909 04:37:29.652150     9 skeleton_planner.h:170] Found solution in: 5
I20260909 04:37:29.652158     9 skeleton_planner.h:170] Found solution in: 1
I20260909 04:37:29.652160     9 skeleton_planner.h:170] Found solution in: 2
I20260909 04:37:29.652170     9 skeleton_planner.h:170] Found solution in: 3
I20260909 04:37:29.652179     9 skeleton_planner.h:170] Found solution in: 1
I20260909 04:37:29.652199     9 skeleton_planner.h:170] Found solution in: 6
I20260909 04:37:29.652206     9 skeleton_planner.h:170] Found solution in: 1
I20260909 04:37:29.652210     9 skeleton_planner.h:170] Found solution in: 2
I20260909 04:37:29.652231     9 skeleton_planner.h:170] Found solution in: 9
I20260909 04:37:29.652240     9 skeleton_planner.h:170] Found solution in: 1
I20260909 04:37:29.652246     9 skeleton_planner.h:170] Found solution in: 1
I20260909 04:37:29.652585     9 skeleton_planner.h:170] Found solution in: 1
I20260909 04:37:29.652590     9 skeleton_planner.h:170] Found solution in: 6
I20260909 04:37:29.652595     9 skeleton_planner.h:170] Found solution in: 1
I20260909 04:37:29.652601     9 skeleton_planner.h:170] Found solution in: 6
I20260909 04:37:29.652606     9 skeleton_planner.h:170] Found solution in: 1
I20260909 04:37:29.652611     9 skeleton_planner.h:170] Found solution in: 2
I20260909 04:37:29.652626     9 skeleton_planner.h:170] Found solution in: 6
I20260909 04:37:29.652632     9 skeleton_planner.h:170] Found solution in: 1
I20260909 04:37:29.652653     9 skeleton_planner.h:170] Found solution in: 7
I20260909 04:37:29.652663     9 skeleton_planner.h:170] Found solution in: 1
I20260909 04:37:29.652666     9 skeleton_planner.h:170] Found solution in: 2
I20260909 04:37:29.652678     9 skeleton_planner.h:170] Found solution in: 5
I20260909 04:37:29.652685     9 skeleton_planner.h:170] Found solution in: 1
I20260909 04:37:29.652700     9 skeleton_planner.h:170] Found solution in: 6
I20260909 04:37:29.652707     9 skeleton_planner.h:170] Found solution in: 1
I20260909 04:37:29.652716     9 skeleton_planner.h:170] Found solution in: 9
I20260909 04:37:29.652722     9 skeleton_planner.h:170] Found solution in: 1
I20260909 04:37:29.652727     9 skeleton_planner.h:170] Found solution in: 3
I20260909 04:37:29.653578     9 skeleton_planner.h:170] Found solution in: 84
I20260909 04:37:29.653873     9 skeleton_planner.h:170] Found solution in: 1
I20260909 04:37:29.653878     9 skeleton_planner.h:170] Found solution in: 3
I20260909 04:37:29.654767     9 skeleton_planner.h:170] Found solution in: 94
I20260909 04:37:29.654786     9 skeleton_planner.h:170] Found solution in: 1
I20260909 04:37:29.654790     9 skeleton_planner.h:170] Found solution in: 2
I20260909 04:37:29.655216     9 skeleton_planner.h:170] Found solution in: 6
I20260909 04:37:29.655222     9 skeleton_planner.h:170] Found solution in: 1
I20260909 04:37:29.655606     9 skeleton_planner.h:170] Found solution in: 7
I20260909 04:37:29.655613     9 skeleton_planner.h:170] Found solution in: 1
I20260909 04:37:29.655628     9 skeleton_planner.h:170] Found solution in: 3
I20260909 04:37:29.655635     9 skeleton_planner.h:170] Found solution in: 1
I20260909 04:37:29.655646     9 skeleton_planner.h:170] Found solution in: 3
I20260909 04:37:29.655655     9 skeleton_planner.h:170] Found solution in: 1
I20260909 04:37:29.655673     9 skeleton_planner.h:170] Found solution in: 18
I20260909 04:37:29.655679     9 skeleton_planner.h:170] Found solution in: 5
I20260909 04:37:29.655686     9 skeleton_planner.h:170] Found solution in: 5
I20260909 04:37:29.655692     9 skeleton_planner.h:170] Found solution in: 1
I20260909 04:37:29.655707     9 skeleton_planner.h:170] Found solution in: 17
I20260909 04:37:29.655717     9 skeleton_planner.h:170] Found solution in: 11
I20260909 04:37:29.655725     9 skeleton_planner.h:170] Found solution in: 1
I20260909 04:37:29.655730     9 skeleton_planner.h:170] Found solution in: 6
I20260909 04:37:29.655758     9 skeleton_planner.h:170] Found solution in: 6
I20260909 04:37:29.655768     9 skeleton_planner.h:170] Found solution in: 1
I20260909 04:37:29.655772     9 skeleton_planner.h:170] Found solution in: 2
I20260909 04:37:29.655777     9 skeleton_planner.h:170] Found solution in: 1
I20260909 04:37:29.655781     9 skeleton_planner.h:170] Found solution in: 2
I20260909 04:37:29.655788     9 skeleton_planner.h:170] Found solution in: 1
I20260909 04:37:29.655797     9 skeleton_planner.h:170] Found solution in: 6
I20260909 04:37:29.655895     9 skeleton_planner.h:170] Found solution in: 4
I20260909 04:37:29.655905     9 skeleton_planner.h:170] Found solution in: 1
I20260909 04:37:29.655920     9 skeleton_planner.h:170] Found solution in: 3
I20260909 04:37:29.655927     9 skeleton_planner.h:170] Found solution in: 1
I20260909 04:37:29.656028     9 skeleton_planner.h:170] Found solution in: 4
I20260909 04:37:29.656040     9 skeleton_planner.h:170] Found solution in: 1
I20260909 04:37:29.656047     9 skeleton_planner.h:170] Found solution in: 1
I20260909 04:37:29.656060     9 skeleton_planner.h:170] Found solution in: 4
I20260909 04:37:29.656072     9 skeleton_planner.h:170] Found solution in: 1
I20260909 04:37:29.656091     9 skeleton_planner.h:170] Found solution in: 22
I20260909 04:37:29.656102     9 skeleton_planner.h:170] Found solution in: 1
I20260909 04:37:29.656111     9 skeleton_planner.h:170] Found solution in: 1
I20260909 04:37:29.656119     9 skeleton_planner.h:170] Found solution in: 1
I20260909 04:37:29.656131     9 skeleton_planner.h:170] Found solution in: 1
I20260909 04:37:29.656134     9 skeleton_planner.h:170] Found solution in: 3
I20260909 04:37:29.656152     9 skeleton_planner.h:170] Found solution in: 5
I20260909 04:37:29.656164     9 skeleton_planner.h:170] Found solution in: 1
I20260909 04:37:29.656179     9 skeleton_planner.h:170] Found solution in: 4
I20260909 04:37:29.656188     9 skeleton_planner.h:170] Found solution in: 1
I20260909 04:37:29.656198     9 skeleton_planner.h:170] Found solution in: 1
I20260909 04:37:29.656277     9 skeleton_planner.h:170] Found solution in: 3
I20260909 04:37:29.656287     9 skeleton_planner.h:170] Found solution in: 1
I20260909 04:37:29.656296     9 skeleton_planner.h:170] Found solution in: 9
I20260909 04:37:29.656306     9 skeleton_planner.h:170] Found solution in: 1
I20260909 04:37:29.656322     9 skeleton_planner.h:170] Found solution in: 14
I20260909 04:37:29.656329     9 skeleton_planner.h:170] Found solution in: 1
I20260909 04:37:29.656422     9 skeleton_planner.h:170] Found solution in: 4
I20260909 04:37:29.656432     9 skeleton_planner.h:170] Found solution in: 1
I20260909 04:37:29.656458     9 skeleton_planner.h:170] Found solution in: 8
I20260909 04:37:29.656466     9 skeleton_planner.h:170] Found solution in: 1
I20260909 04:37:29.656477     9 skeleton_planner.h:170] Found solution in: 3
I20260909 04:37:29.656486     9 skeleton_planner.h:170] Found solution in: 1
I20260909 04:37:29.656488     9 skeleton_planner.h:170] Found solution in: 2
I20260909 04:37:29.656507     9 skeleton_planner.h:170] Found solution in: 7
I20260909 04:37:29.656515     9 skeleton_planner.h:170] Found solution in: 1
I20260909 04:37:29.656541     9 skeleton_planner.h:170] Found solution in: 11
I20260909 04:37:29.656553     9 skeleton_planner.h:170] Found solution in: 1
I20260909 04:37:29.656561     9 skeleton_planner.h:170] Found solution in: 1
I20260909 04:37:29.656567     9 skeleton_planner.h:170] Found solution in: 4
I20260909 04:37:29.656574     9 skeleton_planner.h:170] Found solution in: 1
I20260909 04:37:29.656586     9 skeleton_planner.h:170] Found solution in: 14
I20260909 04:37:29.656594     9 skeleton_planner.h:170] Found solution in: 1
I20260909 04:37:29.656698     9 skeleton_planner.h:170] Found solution in: 5
I20260909 04:37:29.656706     9 skeleton_planner.h:170] Found solution in: 1
I20260909 04:37:29.656710     9 skeleton_planner.h:170] Found solution in: 3
I20260909 04:37:29.656714     9 skeleton_planner.h:170] Found solution in: 3
I20260909 04:37:29.656729     9 skeleton_planner.h:170] Found solution in: 5
I20260909 04:37:29.656736     9 skeleton_planner.h:170] Found solution in: 1
I20260909 04:37:29.656740     9 skeleton_planner.h:170] Found solution in: 3
I20260909 04:37:29.656754     9 skeleton_planner.h:170] Found solution in: 6
I20260909 04:37:29.656761     9 skeleton_planner.h:170] Found solution in: 1
I20260909 04:37:29.656781     9 skeleton_planner.h:170] Found solution in: 9
I20260909 04:37:29.656790     9 skeleton_planner.h:170] Found solution in: 1
I20260909 04:37:29.656804     9 skeleton_planner.h:170] Found solution in: 13
I20260909 04:37:29.656812     9 skeleton_planner.h:170] Found solution in: 1
I20260909 04:37:29.656818     9 skeleton_planner.h:170] Found solution in: 1
I20260909 04:37:29.656829     9 skeleton_planner.h:170] Found solution in: 10
I20260909 04:37:29.656836     9 skeleton_planner.h:170] Found solution in: 1
I20260909 04:37:29.656847     9 skeleton_planner.h:170] Found solution in: 6
I20260909 04:37:29.656852     9 skeleton_planner.h:170] Found solution in: 5
I20260909 04:37:29.656857     9 skeleton_planner.h:170] Found solution in: 1
I20260909 04:37:29.656862     9 skeleton_planner.h:170] Found solution in: 1
I20260909 04:37:29.656869     9 skeleton_planner.h:170] Found solution in: 1
I20260909 04:37:29.656873     9 skeleton_planner.h:170] Found solution in: 2
I20260909 04:37:29.656955     9 skeleton_planner.h:170] Found solution in: 49
I20260909 04:37:29.656968     9 skeleton_planner.h:170] Found solution in: 1
I20260909 04:37:29.656971     9 skeleton_planner.h:170] Found solution in: 2
I20260909 04:37:29.657059     9 skeleton_planner.h:170] Found solution in: 53
I20260909 04:37:29.657074     9 skeleton_planner.h:170] Found solution in: 1
I20260909 04:37:29.657081     9 skeleton_planner.h:170] Found solution in: 1
I20260909 04:37:29.657088     9 skeleton_planner.h:170] Found solution in: 8
I20260909 04:37:29.657184     9 skeleton_planner.h:170] Found solution in: 6
I20260909 04:37:29.657194     9 skeleton_planner.h:170] Found solution in: 1
I20260909 04:37:29.657208     9 skeleton_planner.h:170] Found solution in: 4
I20260909 04:37:29.657217     9 skeleton_planner.h:170] Found solution in: 1
I20260909 04:37:29.657226     9 skeleton_planner.h:170] Found solution in: 5
I20260909 04:37:29.657236     9 skeleton_planner.h:170] Found solution in: 12
I20260909 04:37:29.657241     9 skeleton_planner.h:170] Found solution in: 1
I20260909 04:37:29.657248     9 skeleton_planner.h:170] Found solution in: 5
I20260909 04:37:29.657258     9 skeleton_planner.h:170] Found solution in: 12
I20260909 04:37:29.657265     9 skeleton_planner.h:170] Found solution in: 1
I20260909 04:37:29.657284     9 skeleton_planner.h:170] Found solution in: 23
I20260909 04:37:29.657305     9 skeleton_planner.h:170] Found solution in: 25
I20260909 04:37:29.657315     9 skeleton_planner.h:170] Found solution in: 10
I20260909 04:37:29.657322     9 skeleton_planner.h:170] Found solution in: 8
I20260909 04:37:29.657330     9 skeleton_planner.h:170] Found solution in: 1
I20260909 04:37:29.657341     9 skeleton_planner.h:170] Found solution in: 10
I20260909 04:37:29.657346     9 skeleton_planner.h:170] Found solution in: 1
I20260909 04:37:29.657351     9 skeleton_planner.h:170] Found solution in: 5
I20260909 04:37:29.657375     9 skeleton_planner.h:170] Found solution in: 29
I20260909 04:37:29.657382     9 skeleton_planner.h:170] Found solution in: 1
I20260909 04:37:29.657387     9 skeleton_planner.h:170] Found solution in: 4
I20260909 04:37:29.657395     9 skeleton_planner.h:170] Found solution in: 9
I20260909 04:37:29.657418     9 skeleton_planner.h:170] Found solution in: 29
I20260909 04:37:29.657425     9 skeleton_planner.h:170] Found solution in: 1
I20260909 04:37:29.657434     9 skeleton_planner.h:170] Found solution in: 1
I20260909 04:37:29.657441     9 skeleton_planner.h:170] Found solution in: 1
I20260909 04:37:29.657469     9 skeleton_planner.h:170] Found solution in: 8
I20260909 04:37:29.657480     9 skeleton_planner.h:170] Found solution in: 1
I20260909 04:37:29.657505     9 skeleton_planner.h:170] Found solution in: 10
I20260909 04:37:29.657516     9 skeleton_planner.h:170] Found solution in: 1
I20260909 04:37:29.657539     9 skeleton_planner.h:170] Found solution in: 28
I20260909 04:37:29.657619     9 skeleton_planner.h:170] Found solution in: 4
I20260909 04:37:29.657630     9 skeleton_planner.h:170] Found solution in: 1
I20260909 04:37:29.657634     9 skeleton_planner.h:170] Found solution in: 2
I20260909 04:37:29.657667     9 skeleton_planner.h:170] Found solution in: 9
I20260909 04:37:29.657677     9 skeleton_planner.h:170] Found solution in: 1
I20260909 04:37:29.657712     9 skeleton_planner.h:170] Found solution in: 10
I20260909 04:37:29.657722     9 skeleton_planner.h:170] Found solution in: 1
I20260909 04:37:29.657734     9 skeleton_planner.h:170] Found solution in: 3
I20260909 04:37:29.657743     9 skeleton_planner.h:170] Found solution in: 1
I20260909 04:37:29.657758     9 skeleton_planner.h:170] Found solution in: 3
I20260909 04:37:29.657769     9 skeleton_planner.h:170] Found solution in: 1
I20260909 04:37:29.657792     9 skeleton_planner.h:170] Found solution in: 6
I20260909 04:37:29.657799     9 skeleton_planner.h:170] Found solution in: 1
I20260909 04:37:29.657811     9 skeleton_planner.h:170] Found solution in: 3
I20260909 04:37:29.657819     9 skeleton_planner.h:170] Found solution in: 1
I20260909 04:37:29.657912     9 skeleton_planner.h:170] Found solution in: 5
I20260909 04:37:29.657920     9 skeleton_planner.h:170] Found solution in: 1
I20260909 04:37:29.657927     9 skeleton_planner.h:170] Found solution in: 1
I20260909 04:37:29.657934     9 skeleton_planner.h:170] Found solution in: 1
I20260909 04:37:29.657941     9 skeleton_planner.h:170] Found solution in: 7
I20260909 04:37:29.658017     9 skeleton_planner.h:170] Found solution in: 7
I20260909 04:37:29.658025     9 skeleton_planner.h:170] Found solution in: 1
I20260909 04:37:29.658041     9 skeleton_planner.h:170] Found solution in: 20
I20260909 04:37:29.658047     9 skeleton_planner.h:170] Found solution in: 1
I20260909 04:37:29.658062     9 skeleton_planner.h:170] Found solution in: 18
I20260909 04:37:29.658072     9 skeleton_planner.h:170] Found solution in: 1
I20260909 04:37:29.658077     9 skeleton_planner.h:170] Found solution in: 1
I20260909 04:37:29.658079     9 skeleton_planner.h:170] Found solution in: 2
I20260909 04:37:29.658094     9 skeleton_planner.h:170] Found solution in: 3
I20260909 04:37:29.658102     9 skeleton_planner.h:170] Found solution in: 1
I20260909 04:37:29.658114     9 skeleton_planner.h:170] Found solution in: 4
I20260909 04:37:29.658123     9 skeleton_planner.h:170] Found solution in: 1
I20260909 04:37:29.658150     9 skeleton_planner.h:170] Found solution in: 10
I20260909 04:37:29.658159     9 skeleton_planner.h:170] Found solution in: 1
I20260909 04:37:29.658449     9 skeleton_planner.h:170] Found solution in: 69
I20260909 04:37:29.658460     9 skeleton_planner.h:170] Found solution in: 1
I20260909 04:37:29.658466     9 skeleton_planner.h:170] Found solution in: 5
I20260909 04:37:29.658671     9 skeleton_planner.h:170] Found solution in: 1
I20260909 04:37:29.658676     9 skeleton_planner.h:170] Found solution in: 5
I20260909 04:37:29.658835     9 skeleton_planner.h:170] Found solution in: 73
I20260909 04:37:29.658849     9 skeleton_planner.h:170] Found solution in: 1
I20260909 04:37:29.658892     9 skeleton_planner.h:170] Found solution in: 11
I20260909 04:37:29.658900     9 skeleton_planner.h:170] Found solution in: 1
I20260909 04:37:29.658905     9 skeleton_planner.h:170] Found solution in: 1
I20260909 04:37:29.658910     9 skeleton_planner.h:170] Found solution in: 3
I20260909 04:37:29.659570     9 skeleton_planner.h:170] Found solution in: 1
I20260909 04:37:29.660394     9 skeleton_planner.h:170] Found solution in: 10
I20260909 04:37:29.660403     9 skeleton_planner.h:170] Found solution in: 1
I20260909 04:37:29.660408     9 skeleton_planner.h:170] Found solution in: 5
I20260909 04:37:29.660785     9 skeleton_planner.h:170] Found solution in: 1
I20260909 04:37:29.660790     9 skeleton_planner.h:170] Found solution in: 3
I20260909 04:37:29.660799     9 skeleton_planner.h:170] Found solution in: 1
I20260909 04:37:29.660885     9 skeleton_planner.h:170] Found solution in: 3
I20260909 04:37:29.660895     9 skeleton_planner.h:170] Found solution in: 1
I20260909 04:37:29.660900     9 skeleton_planner.h:170] Found solution in: 3
I20260909 04:37:29.660917     9 skeleton_planner.h:170] Found solution in: 4
I20260909 04:37:29.660925     9 skeleton_planner.h:170] Found solution in: 1
I20260909 04:37:29.660934     9 skeleton_planner.h:170] Found solution in: 1
I20260909 04:37:29.660939     9 skeleton_planner.h:170] Found solution in: 4
I20260909 04:37:29.660954     9 skeleton_planner.h:170] Found solution in: 5
I20260909 04:37:29.660961     9 skeleton_planner.h:170] Found solution in: 1
I20260909 04:37:29.660966     9 skeleton_planner.h:170] Found solution in: 1
I20260909 04:37:29.660979     9 skeleton_planner.h:170] Found solution in: 3
I20260909 04:37:29.660989     9 skeleton_planner.h:170] Found solution in: 1
I20260909 04:37:29.661075     9 skeleton_planner.h:170] Found solution in: 4
I20260909 04:37:29.661082     9 skeleton_planner.h:170] Found solution in: 1
I20260909 04:37:29.661095     9 skeleton_planner.h:170] Found solution in: 4
I20260909 04:37:29.661103     9 skeleton_planner.h:170] Found solution in: 1
I20260909 04:37:29.661108     9 skeleton_planner.h:170] Found solution in: 3
I20260909 04:37:29.661118     9 skeleton_planner.h:170] Found solution in: 3
I20260909 04:37:29.661124     9 skeleton_planner.h:170] Found solution in: 1
I20260909 04:37:29.661137     9 skeleton_planner.h:170] Found solution in: 4
I20260909 04:37:29.661146     9 skeleton_planner.h:170] Found solution in: 1
I20260909 04:37:29.661164     9 skeleton_planner.h:170] Found solution in: 5
I20260909 04:37:29.661171     9 skeleton_planner.h:170] Found solution in: 1
I20260909 04:37:29.661182     9 skeleton_planner.h:170] Found solution in: 3
I20260909 04:37:29.661190     9 skeleton_planner.h:170] Found solution in: 1
I20260909 04:37:29.661201     9 skeleton_planner.h:170] Found solution in: 3
I20260909 04:37:29.661207     9 skeleton_planner.h:170] Found solution in: 1
I20260909 04:37:29.661221     9 skeleton_planner.h:170] Found solution in: 4
I20260909 04:37:29.661228     9 skeleton_planner.h:170] Found solution in: 1
I20260909 04:37:29.661311     9 skeleton_planner.h:170] Found solution in: 3
I20260909 04:37:29.661319     9 skeleton_planner.h:170] Found solution in: 1
I20260909 04:37:29.661329     9 skeleton_planner.h:170] Found solution in: 3
I20260909 04:37:29.661335     9 skeleton_planner.h:170] Found solution in: 1
I20260909 04:37:29.661339     9 skeleton_planner.h:170] Found solution in: 2
I20260909 04:37:29.661356     9 skeleton_planner.h:170] Found solution in: 4
I20260909 04:37:29.661365     9 skeleton_planner.h:170] Found solution in: 1
I20260909 04:37:29.661381     9 skeleton_planner.h:170] Found solution in: 4
I20260909 04:37:29.661391     9 skeleton_planner.h:170] Found solution in: 1
I20260909 04:37:29.661404     9 skeleton_planner.h:170] Found solution in: 3
I20260909 04:37:29.661410     9 skeleton_planner.h:170] Found solution in: 1
I20260909 04:37:29.661419     9 skeleton_planner.h:170] Found solution in: 9
I20260909 04:37:29.661429     9 skeleton_planner.h:170] Found solution in: 10
I20260909 04:37:29.661459     9 skeleton_planner.h:170] Found solution in: 37
I20260909 04:37:29.661468     9 skeleton_planner.h:170] Found solution in: 1
I20260909 04:37:29.661476     9 skeleton_planner.h:170] Found solution in: 8
I20260909 04:37:29.661484     9 skeleton_planner.h:170] Found solution in: 1
I20260909 04:37:29.661490     9 skeleton_planner.h:170] Found solution in: 1
I20260909 04:37:29.661513     9 skeleton_planner.h:170] Found solution in: 6
I20260909 04:37:29.661526     9 skeleton_planner.h:170] Found solution in: 1
I20260909 04:37:29.661532     9 skeleton_planner.h:170] Found solution in: 6
I20260909 04:37:29.661540     9 skeleton_planner.h:170] Found solution in: 1
I20260909 04:37:29.661546     9 skeleton_planner.h:170] Found solution in: 6
I20260909 04:37:29.661574     9 skeleton_planner.h:170] Found solution in: 7
I20260909 04:37:29.661583     9 skeleton_planner.h:170] Found solution in: 1
I20260909 04:37:29.661590     9 skeleton_planner.h:170] Found solution in: 5
I20260909 04:37:29.661595     9 skeleton_planner.h:170] Found solution in: 1
I20260909 04:37:29.661602     9 skeleton_planner.h:170] Found solution in: 5
I20260909 04:37:29.661610     9 skeleton_planner.h:170] Found solution in: 1
I20260909 04:37:29.661614     9 skeleton_planner.h:170] Found solution in: 2
I20260909 04:37:29.661621     9 skeleton_planner.h:170] Found solution in: 1
I20260909 04:37:29.661624     9 skeleton_planner.h:170] Found solution in: 2
I20260909 04:37:29.661634     9 skeleton_planner.h:170] Found solution in: 1
I20260909 04:37:29.661643     9 skeleton_planner.h:170] Found solution in: 1
I20260909 04:37:29.661650     9 skeleton_planner.h:170] Found solution in: 1
I20260909 04:37:29.661657     9 skeleton_planner.h:170] Found solution in: 1
I20260909 04:37:29.661660     9 skeleton_planner.h:170] Found solution in: 2
I20260909 04:37:29.661674     9 skeleton_planner.h:170] Found solution in: 4
I20260909 04:37:29.661681     9 skeleton_planner.h:170] Found solution in: 1
I20260909 04:37:29.661698     9 skeleton_planner.h:170] Found solution in: 5
I20260909 04:37:29.661705     9 skeleton_planner.h:170] Found solution in: 1
I20260909 04:37:29.661718     9 skeleton_planner.h:170] Found solution in: 3
I20260909 04:37:29.661725     9 skeleton_planner.h:170] Found solution in: 1
I20260909 04:37:29.661729     9 skeleton_planner.h:170] Found solution in: 2
I20260909 04:37:29.662133     9 skeleton_planner.h:170] Found solution in: 1
I20260909 04:37:29.662137     9 skeleton_planner.h:170] Found solution in: 2
I20260909 04:37:29.662556     9 skeleton_planner.h:170] Found solution in: 1
I20260909 04:37:29.662569     9 skeleton_planner.h:170] Found solution in: 3
I20260909 04:37:29.662580     9 skeleton_planner.h:170] Found solution in: 1
I20260909 04:37:29.662586     9 skeleton_planner.h:170] Found solution in: 1
I20260909 04:37:29.662595     9 skeleton_planner.h:170] Found solution in: 1
I20260909 04:37:29.662599     9 skeleton_planner.h:170] Found solution in: 1
I20260909 04:37:29.662607     9 skeleton_planner.h:170] Found solution in: 7
I20260909 04:37:29.662613     9 skeleton_planner.h:170] Found solution in: 1
I20260909 04:37:29.662690     9 skeleton_planner.h:170] Found solution in: 4
I20260909 04:37:29.662699     9 skeleton_planner.h:170] Found solution in: 1
I20260909 04:37:29.662712     9 skeleton_planner.h:170] Found solution in: 4
I20260909 04:37:29.662720     9 skeleton_planner.h:170] Found solution in: 1
I20260909 04:37:29.662783     9 skeleton_planner.h:170] Found solution in: 3
I20260909 04:37:29.662792     9 skeleton_planner.h:170] Found solution in: 1
I20260909 04:37:29.662904     9 skeleton_planner.h:170] Found solution in: 4
I20260909 04:37:29.662911     9 skeleton_planner.h:170] Found solution in: 1
I20260909 04:37:29.662918     9 skeleton_planner.h:170] Found solution in: 1
I20260909 04:37:29.662925     9 skeleton_planner.h:170] Found solution in: 1
I20260909 04:37:29.662932     9 skeleton_planner.h:170] Found solution in: 1
I20260909 04:37:29.662938     9 skeleton_planner.h:170] Found solution in: 5
I20260909 04:37:29.662947     9 skeleton_planner.h:170] Found solution in: 1
I20260909 04:37:29.662953     9 skeleton_planner.h:170] Found solution in: 1
I20260909 04:37:29.662962     9 skeleton_planner.h:170] Found solution in: 1
I20260909 04:37:29.663065     9 skeleton_planner.h:170] Found solution in: 6
I20260909 04:37:29.663074     9 skeleton_planner.h:170] Found solution in: 1
I20260909 04:37:29.663081     9 skeleton_planner.h:170] Found solution in: 1
I20260909 04:37:29.663085     9 skeleton_planner.h:170] Found solution in: 2
I20260909 04:37:29.663089     9 skeleton_planner.h:170] Found solution in: 1
I20260909 04:37:29.663092     9 skeleton_planner.h:170] Found solution in: 2
I20260909 04:37:29.663100     9 skeleton_planner.h:170] Found solution in: 1
I20260909 04:37:29.663102     9 skeleton_planner.h:170] Found solution in: 2
I20260909 04:37:29.663117     9 skeleton_planner.h:170] Found solution in: 7
I20260909 04:37:29.663125     9 skeleton_planner.h:170] Found solution in: 1
I20260909 04:37:29.663132     9 skeleton_planner.h:170] Found solution in: 1
I20260909 04:37:29.663157     9 skeleton_planner.h:170] Found solution in: 8
I20260909 04:37:29.663170     9 skeleton_planner.h:170] Found solution in: 1
I20260909 04:37:29.663197     9 skeleton_planner.h:170] Found solution in: 12
I20260909 04:37:29.663205     9 skeleton_planner.h:170] Found solution in: 1
I20260909 04:37:29.663424     9 skeleton_planner.h:170] Found solution in: 1
I20260909 04:37:29.663432     9 skeleton_planner.h:170] Found solution in: 1
I20260909 04:37:29.663453     9 skeleton_planner.h:170] Found solution in: 21
I20260909 04:37:29.663465     9 skeleton_planner.h:170] Found solution in: 1
I20260909 04:37:29.663471     9 skeleton_planner.h:170] Found solution in: 6
I20260909 04:37:29.663480     9 skeleton_planner.h:170] Found solution in: 1
I20260909 04:37:29.663486     9 skeleton_planner.h:170] Found solution in: 1
I20260909 04:37:29.663498     9 skeleton_planner.h:170] Found solution in: 3
I20260909 04:37:29.663504     9 skeleton_planner.h:170] Found solution in: 1
I20260909 04:37:29.663596     9 skeleton_planner.h:170] Found solution in: 3
I20260909 04:37:29.663604     9 skeleton_planner.h:170] Found solution in: 1
I20260909 04:37:29.663626     9 skeleton_planner.h:170] Found solution in: 5
I20260909 04:37:29.663635     9 skeleton_planner.h:170] Found solution in: 1
I20260909 04:37:29.663658     9 skeleton_planner.h:170] Found solution in: 5
I20260909 04:37:29.663667     9 skeleton_planner.h:170] Found solution in: 1
I20260909 04:37:29.664016     9 skeleton_planner.h:170] Found solution in: 100
I20260909 04:37:29.664145     9 skeleton_planner.h:170] Found solution in: 71
I20260909 04:37:29.664311     9 skeleton_planner.h:170] Found solution in: 86
I20260909 04:37:29.664410     9 skeleton_planner.h:170] Found solution in: 48
I20260909 04:37:29.664419     9 skeleton_planner.h:170] Found solution in: 1
I20260909 04:37:29.664431     9 skeleton_planner.h:170] Found solution in: 3
I20260909 04:37:29.664438     9 skeleton_planner.h:170] Found solution in: 1
I20260909 04:37:29.664650     9 skeleton_planner.h:170] Found solution in: 4
I20260909 04:37:29.664656     9 skeleton_planner.h:170] Found solution in: 1
I20260909 04:37:29.664927     9 skeleton_planner.h:170] Found solution in: 1
I20260909 04:37:29.664976     9 skeleton_planner.h:170] Found solution in: 6
I20260909 04:37:29.664990     9 skeleton_planner.h:170] Found solution in: 1
I20260909 04:37:29.665004     9 skeleton_planner.h:170] Found solution in: 3
I20260909 04:37:29.665011     9 skeleton_planner.h:170] Found solution in: 1
I20260909 04:37:29.665023     9 skeleton_planner.h:170] Found solution in: 3
I20260909 04:37:29.665032     9 skeleton_planner.h:170] Found solution in: 1
I20260909 04:37:29.665042     9 skeleton_planner.h:170] Found solution in: 3
I20260909 04:37:29.665050     9 skeleton_planner.h:170] Found solution in: 1
I20260909 04:37:29.665057     9 skeleton_planner.h:170] Found solution in: 5
I20260909 04:37:29.665063     9 skeleton_planner.h:170] Found solution in: 5
I20260909 04:37:29.665072     9 skeleton_planner.h:170] Found solution in: 1
I20260909 04:37:29.665082     9 skeleton_planner.h:170] Found solution in: 3
I20260909 04:37:29.665091     9 skeleton_planner.h:170] Found solution in: 1
I20260909 04:37:29.665102     9 skeleton_planner.h:170] Found solution in: 3
I20260909 04:37:29.665109     9 skeleton_planner.h:170] Found solution in: 1
I20260909 04:37:29.665122     9 skeleton_planner.h:170] Found solution in: 3
I20260909 04:37:29.665129     9 skeleton_planner.h:170] Found solution in: 1
I20260909 04:37:29.665146     9 skeleton_planner.h:170] Found solution in: 5
I20260909 04:37:29.665154     9 skeleton_planner.h:170] Found solution in: 1
I20260909 04:37:29.665159     9 skeleton_planner.h:170] Found solution in: 1
I20260909 04:37:29.665169     9 skeleton_planner.h:170] Found solution in: 1
I20260909 04:37:29.665261     9 skeleton_planner.h:170] Found solution in: 6
I20260909 04:37:29.665270     9 skeleton_planner.h:170] Found solution in: 1
I20260909 04:37:29.665279     9 skeleton_planner.h:170] Found solution in: 9
I20260909 04:37:29.665398     9 skeleton_planner.h:170] Found solution in: 6
I20260909 04:37:29.665410     9 skeleton_planner.h:170] Found solution in: 1
I20260909 04:37:29.665416     9 skeleton_planner.h:170] Found solution in: 1
I20260909 04:37:29.665426     9 skeleton_planner.h:170] Found solution in: 3
I20260909 04:37:29.665436     9 skeleton_planner.h:170] Found solution in: 1
I20260909 04:37:29.665444     9 skeleton_planner.h:170] Found solution in: 1
I20260909 04:37:29.665530     9 skeleton_planner.h:170] Found solution in: 4
I20260909 04:37:29.665544     9 skeleton_planner.h:170] Found solution in: 1
I20260909 04:37:29.665556     9 skeleton_planner.h:170] Found solution in: 1
I20260909 04:37:29.665653     9 skeleton_planner.h:170] Found solution in: 4
I20260909 04:37:29.665663     9 skeleton_planner.h:170] Found solution in: 1
I20260909 04:37:29.665674     9 skeleton_planner.h:170] Found solution in: 4
I20260909 04:37:29.665684     9 skeleton_planner.h:170] Found solution in: 1
I20260909 04:37:29.665693     9 skeleton_planner.h:170] Found solution in: 10
I20260909 04:37:29.665791     9 skeleton_planner.h:170] Found solution in: 3
I20260909 04:37:29.665803     9 skeleton_planner.h:170] Found solution in: 1
I20260909 04:37:29.665815     9 skeleton_planner.h:170] Found solution in: 13
I20260909 04:37:29.665906     9 skeleton_planner.h:170] Found solution in: 5
I20260909 04:37:29.665920     9 skeleton_planner.h:170] Found solution in: 1
I20260909 04:37:29.665958     9 skeleton_planner.h:170] Found solution in: 44
I20260909 04:37:29.665966     9 skeleton_planner.h:170] Found solution in: 4
I20260909 04:37:29.665973     9 skeleton_planner.h:170] Found solution in: 1
I20260909 04:37:29.666015     9 skeleton_planner.h:170] Found solution in: 54
I20260909 04:37:29.666107     9 skeleton_planner.h:170] Found solution in: 3
I20260909 04:37:29.666115     9 skeleton_planner.h:170] Found solution in: 1
I20260909 04:37:29.666208     9 skeleton_planner.h:170] Found solution in: 3
I20260909 04:37:29.666217     9 skeleton_planner.h:170] Found solution in: 1
I20260909 04:37:29.666229     9 skeleton_planner.h:170] Found solution in: 3
I20260909 04:37:29.666236     9 skeleton_planner.h:170] Found solution in: 1
I20260909 04:37:29.666249     9 skeleton_planner.h:170] Found solution in: 13
I20260909 04:37:29.666254     9 skeleton_planner.h:170] Found solution in: 1
I20260909 04:37:29.666263     9 skeleton_planner.h:170] Found solution in: 10
I20260909 04:37:29.666272     9 skeleton_planner.h:170] Found solution in: 1
I20260909 04:37:29.666280     9 skeleton_planner.h:170] Found solution in: 8
I20260909 04:37:29.666297     9 skeleton_planner.h:170] Found solution in: 4
I20260909 04:37:29.666306     9 skeleton_planner.h:170] Found solution in: 1
I20260909 04:37:29.666326     9 skeleton_planner.h:170] Found solution in: 4
I20260909 04:37:29.666334     9 skeleton_planner.h:170] Found solution in: 1
I20260909 04:37:29.666340     9 skeleton_planner.h:170] Found solution in: 5
I20260909 04:37:29.666369     9 skeleton_planner.h:170] Found solution in: 38
I20260909 04:37:29.666376     9 skeleton_planner.h:170] Found solution in: 1
I20260909 04:37:29.666402     9 skeleton_planner.h:170] Found solution in: 32
I20260909 04:37:29.666409     9 skeleton_planner.h:170] Found solution in: 5
I20260909 04:37:29.666493     9 skeleton_planner.h:170] Found solution in: 5
I20260909 04:37:29.666501     9 skeleton_planner.h:170] Found solution in: 1
I20260909 04:37:29.666507     9 skeleton_planner.h:170] Found solution in: 5
I20260909 04:37:29.666517     9 skeleton_planner.h:170] Found solution in: 1
I20260909 04:37:29.666534     9 skeleton_planner.h:170] Found solution in: 4
I20260909 04:37:29.666543     9 skeleton_planner.h:170] Found solution in: 1
I20260909 04:37:29.666549     9 skeleton_planner.h:170] Found solution in: 1
I20260909 04:37:29.666556     9 skeleton_planner.h:170] Found solution in: 1
I20260909 04:37:29.666559     9 skeleton_planner.h:170] Found solution in: 2
I20260909 04:37:29.666599     9 skeleton_planner.h:170] Found solution in: 17
I20260909 04:37:29.666607     9 skeleton_planner.h:170] Found solution in: 1
I20260909 04:37:29.666611     9 skeleton_planner.h:170] Found solution in: 2
I20260909 04:37:29.666644     9 skeleton_planner.h:170] Found solution in: 15
I20260909 04:37:29.666740     9 skeleton_planner.h:170] Found solution in: 45
I20260909 04:37:29.666750     9 skeleton_planner.h:170] Found solution in: 1
I20260909 04:37:29.666760     9 skeleton_planner.h:170] Found solution in: 1
I20260909 04:37:29.666769     9 skeleton_planner.h:170] Found solution in: 1
I20260909 04:37:29.666785     9 skeleton_planner.h:170] Found solution in: 17
I20260909 04:37:29.666796     9 skeleton_planner.h:170] Found solution in: 1
I20260909 04:37:29.666810     9 skeleton_planner.h:170] Found solution in: 14
I20260909 04:37:29.666817     9 skeleton_planner.h:170] Found solution in: 1
I20260909 04:37:29.666824     9 skeleton_planner.h:170] Found solution in: 5
I20260909 04:37:29.666832     9 skeleton_planner.h:170] Found solution in: 1
I20260909 04:37:29.666838     9 skeleton_planner.h:170] Found solution in: 5
I20260909 04:37:29.666844     9 skeleton_planner.h:170] Found solution in: 5
I20260909 04:37:29.666853     9 skeleton_planner.h:170] Found solution in: 1
I20260909 04:37:29.666863     9 skeleton_planner.h:170] Found solution in: 1
I20260909 04:37:29.666879     9 skeleton_planner.h:170] Found solution in: 5
I20260909 04:37:29.666893     9 skeleton_planner.h:170] Found solution in: 1
I20260909 04:37:29.666901     9 skeleton_planner.h:170] Found solution in: 1
I20260909 04:37:29.666908     9 skeleton_planner.h:170] Found solution in: 1
I20260909 04:37:29.666917     9 skeleton_planner.h:170] Found solution in: 1
I20260909 04:37:29.666944     9 skeleton_planner.h:170] Found solution in: 6
I20260909 04:37:29.666953     9 skeleton_planner.h:170] Found solution in: 1
I20260909 04:37:29.666960     9 skeleton_planner.h:170] Found solution in: 2
I20260909 04:37:29.666973     9 skeleton_planner.h:170] Found solution in: 4
I20260909 04:37:29.666993     9 skeleton_planner.h:170] Found solution in: 6
I20260909 04:37:29.667011     9 skeleton_planner.h:170] Found solution in: 3
I20260909 04:37:29.667023     9 skeleton_planner.h:170] Found solution in: 4
I20260909 04:37:29.667035     9 skeleton_planner.h:170] Found solution in: 3
I20260909 04:37:29.667045     9 skeleton_planner.h:170] Found solution in: 3
I20260909 04:37:29.667058     9 skeleton_planner.h:170] Found solution in: 4
I20260909 04:37:29.667071     9 skeleton_planner.h:170] Found solution in: 4
I20260909 04:37:29.667088     9 skeleton_planner.h:170] Found solution in: 5
I20260909 04:37:29.667104     9 skeleton_planner.h:170] Found solution in: 6
I20260909 04:37:29.667115     9 skeleton_planner.h:170] Found solution in: 3
I20260909 04:37:29.667135     9 skeleton_planner.h:170] Found solution in: 6
I20260909 04:37:29.667150     9 skeleton_planner.h:170] Found solution in: 5
I20260909 04:37:29.667161     9 skeleton_planner.h:170] Found solution in: 3
I20260909 04:37:29.667179     9 skeleton_planner.h:170] Found solution in: 7
I20260909 04:37:29.667196     9 skeleton_planner.h:170] Found solution in: 5
I20260909 04:37:29.667207     9 skeleton_planner.h:170] Found solution in: 3
I20260909 04:37:29.667218     9 skeleton_planner.h:170] Found solution in: 3
I20260909 04:37:29.667240     9 skeleton_planner.h:170] Found solution in: 9
I20260909 04:37:29.667261     9 skeleton_planner.h:170] Found solution in: 7
I20260909 04:37:29.667275     9 skeleton_planner.h:170] Found solution in: 5
I20260909 04:37:29.667285     9 skeleton_planner.h:170] Found solution in: 3
I20260909 04:37:29.667297     9 skeleton_planner.h:170] Found solution in: 5
I20260909 04:37:29.667310     9 skeleton_planner.h:170] Found solution in: 3
I20260909 04:37:29.667323     9 skeleton_planner.h:170] Found solution in: 5
I20260909 04:37:29.667337     9 skeleton_planner.h:170] Found solution in: 6
I20260909 04:37:29.667351     9 skeleton_planner.h:170] Found solution in: 4
I20260909 04:37:29.667359     9 skeleton_planner.h:170] Found solution in: 2
I20260909 04:37:29.667376     9 skeleton_planner.h:170] Found solution in: 5
I20260909 04:37:29.667387     9 skeleton_planner.h:170] Found solution in: 3
I20260909 04:37:29.667397     9 skeleton_planner.h:170] Found solution in: 3
I20260909 04:37:29.667407     9 skeleton_planner.h:170] Found solution in: 3
I20260909 04:37:29.667415     9 skeleton_planner.h:170] Found solution in: 2
I20260909 04:37:29.667428     9 skeleton_planner.h:170] Found solution in: 3
I20260909 04:37:29.667438     9 skeleton_planner.h:170] Found solution in: 3
I20260909 04:37:29.667471     9 skeleton_planner.h:170] Found solution in: 16
I20260909 04:37:29.667482     9 skeleton_planner.h:170] Found solution in: 2
I20260909 04:37:29.667493     9 skeleton_planner.h:170] Found solution in: 4
I20260909 04:37:29.667506     9 skeleton_planner.h:170] Found solution in: 5
I20260909 04:37:29.667517     9 skeleton_planner.h:170] Found solution in: 3
I20260909 04:37:29.667528     9 skeleton_planner.h:170] Found solution in: 3
I20260909 04:37:29.667538     9 skeleton_planner.h:170] Found solution in: 3
I20260909 04:37:29.667548     9 skeleton_planner.h:170] Found solution in: 3
I20260909 04:37:29.667567     9 skeleton_planner.h:170] Found solution in: 4
I20260909 04:37:29.667586     9 skeleton_planner.h:170] Found solution in: 8
I20260909 04:37:29.667610     9 skeleton_planner.h:170] Found solution in: 10
I20260909 04:37:29.667620     9 skeleton_planner.h:170] Found solution in: 3
I20260909 04:37:29.667634     9 skeleton_planner.h:170] Found solution in: 7
I20260909 04:37:29.667645     9 skeleton_planner.h:170] Found solution in: 3
I20260909 04:37:29.667655     9 skeleton_planner.h:170] Found solution in: 3
I20260909 04:37:29.667665     9 skeleton_planner.h:170] Found solution in: 3
I20260909 04:37:29.667677     9 skeleton_planner.h:170] Found solution in: 4
I20260909 04:37:29.667701     9 skeleton_planner.h:170] Found solution in: 8
I20260909 04:37:29.667716     9 skeleton_planner.h:170] Found solution in: 4
I20260909 04:37:29.667732     9 skeleton_planner.h:170] Found solution in: 5
I20260909 04:37:29.667750     9 skeleton_planner.h:170] Found solution in: 7
I20260909 04:37:29.667763     9 skeleton_planner.h:170] Found solution in: 5
I20260909 04:37:29.667881     9 skeleton_planner.h:170] Found solution in: 41
I20260909 04:37:29.667902     9 skeleton_planner.h:170] Found solution in: 5
I20260909 04:37:29.667917     9 skeleton_planner.h:170] Found solution in: 6
I20260909 04:37:29.667944     9 skeleton_planner.h:170] Found solution in: 5
I20260909 04:37:29.667956     9 skeleton_planner.h:170] Found solution in: 3
I20260909 04:37:29.667969     9 skeleton_planner.h:170] Found solution in: 4
I20260909 04:37:29.667979     9 skeleton_planner.h:170] Found solution in: 2
I20260909 04:37:29.667990     9 skeleton_planner.h:170] Found solution in: 4
I20260909 04:37:29.668006     9 skeleton_planner.h:170] Found solution in: 5
I20260909 04:37:29.668016     9 skeleton_planner.h:170] Found solution in: 3
I20260909 04:37:29.668030     9 skeleton_planner.h:170] Found solution in: 5
I20260909 04:37:29.668051     9 skeleton_planner.h:170] Found solution in: 7
I20260909 04:37:29.668062     9 skeleton_planner.h:170] Found solution in: 4
I20260909 04:37:29.668071     9 skeleton_planner.h:170] Found solution in: 2
I20260909 04:37:29.668082     9 skeleton_planner.h:170] Found solution in: 4
I20260909 04:37:29.668095     9 skeleton_planner.h:170] Found solution in: 4
I20260909 04:37:29.668113     9 skeleton_planner.h:170] Found solution in: 5
I20260909 04:37:29.668131     9 skeleton_planner.h:170] Found solution in: 6
I20260909 04:37:29.668146     9 skeleton_planner.h:170] Found solution in: 5
I20260909 04:37:29.668161     9 skeleton_planner.h:170] Found solution in: 5
I20260909 04:37:29.668170     9 skeleton_planner.h:170] Found solution in: 3
I20260909 04:37:29.668191     9 skeleton_planner.h:170] Found solution in: 6
I20260909 04:37:29.668205     9 skeleton_planner.h:170] Found solution in: 3
I20260909 04:37:29.668221     9 skeleton_planner.h:170] Found solution in: 5
I20260909 04:37:29.668233     9 skeleton_planner.h:170] Found solution in: 4
I20260909 04:37:29.668246     9 skeleton_planner.h:170] Found solution in: 4
I20260909 04:37:29.668259     9 skeleton_planner.h:170] Found solution in: 4
I20260909 04:37:29.668272     9 skeleton_planner.h:170] Found solution in: 4
I20260909 04:37:29.668283     9 skeleton_planner.h:170] Found solution in: 3
I20260909 04:37:29.668313     9 skeleton_planner.h:170] Found solution in: 11
I20260909 04:37:29.668325     9 skeleton_planner.h:170] Found solution in: 3
I20260909 04:37:29.668345     9 skeleton_planner.h:170] Found solution in: 7
I20260909 04:37:29.668357     9 skeleton_planner.h:170] Found solution in: 3
I20260909 04:37:29.668375     9 skeleton_planner.h:170] Found solution in: 7
I20260909 04:37:29.668386     9 skeleton_planner.h:170] Found solution in: 3
I20260909 04:37:29.668401     9 skeleton_planner.h:170] Found solution in: 5
I20260909 04:37:29.668421     9 skeleton_planner.h:170] Found solution in: 6
I20260909 04:37:29.668434     9 skeleton_planner.h:170] Found solution in: 4
I20260909 04:37:29.668444     9 skeleton_planner.h:170] Found solution in: 3
I20260909 04:37:29.668458     9 skeleton_planner.h:170] Found solution in: 5
I20260909 04:37:29.668473     9 skeleton_planner.h:170] Found solution in: 5
I20260909 04:37:29.668493     9 skeleton_planner.h:170] Found solution in: 7
I20260909 04:37:29.668505     9 skeleton_planner.h:170] Found solution in: 3
I20260909 04:37:29.668514     9 skeleton_planner.h:170] Found solution in: 2
I20260909 04:37:29.668524     9 skeleton_planner.h:170] Found solution in: 3
I20260909 04:37:29.668537     9 skeleton_planner.h:170] Found solution in: 5
I20260909 04:37:29.668547     9 skeleton_planner.h:170] Found solution in: 3
I20260909 04:37:29.668565     9 skeleton_planner.h:170] Found solution in: 5
I20260909 04:37:29.668578     9 skeleton_planner.h:170] Found solution in: 4
I20260909 04:37:29.668612     9 skeleton_planner.h:170] Found solution in: 10
I20260909 04:37:29.668627     9 skeleton_planner.h:170] Found solution in: 4
I20260909 04:37:29.668642     9 skeleton_planner.h:170] Found solution in: 6
I20260909 04:37:29.668653     9 skeleton_planner.h:170] Found solution in: 3
I20260909 04:37:29.668679     9 skeleton_planner.h:170] Found solution in: 7
I20260909 04:37:29.668689     9 skeleton_planner.h:170] Found solution in: 2
I20260909 04:37:29.668699     9 skeleton_planner.h:170] Found solution in: 3
I20260909 04:37:29.668711     9 skeleton_planner.h:170] Found solution in: 4
I20260909 04:37:29.668725     9 skeleton_planner.h:170] Found solution in: 4
I20260909 04:37:29.668737     9 skeleton_planner.h:170] Found solution in: 4
I20260909 04:37:29.668744     9 skeleton_planner.h:170] Found solution in: 2
I20260909 04:37:29.668754     9 skeleton_planner.h:170] Found solution in: 3
I20260909 04:37:29.668771     9 skeleton_planner.h:170] Found solution in: 5
I20260909 04:37:29.668782     9 skeleton_planner.h:170] Found solution in: 3
I20260909 04:37:29.668793     9 skeleton_planner.h:170] Found solution in: 3
I20260909 04:37:29.668800     9 skeleton_planner.h:170] Found solution in: 2
I20260909 04:37:29.668823     9 skeleton_planner.h:170] Found solution in: 7
I20260909 04:37:29.668835     9 skeleton_planner.h:170] Found solution in: 3
I20260909 04:37:29.668854     9 skeleton_planner.h:170] Found solution in: 6
I20260909 04:37:29.668898     9 skeleton_planner.h:170] Found solution in: 16
I20260909 04:37:29.668953     9 skeleton_planner.h:170] Found solution in: 20
I20260909 04:37:29.669003     9 skeleton_planner.h:170] Found solution in: 15
I20260909 04:37:29.669018     9 skeleton_planner.h:170] Found solution in: 3
I20260909 04:37:29.669024     9 skeleton_planner.h:170] Found solution in: 2
I20260909 04:37:29.669035     9 skeleton_planner.h:170] Found solution in: 4
I20260909 04:37:29.669040     9 skeleton_planner.h:170] Found solution in: 1
I20260909 04:37:29.669044     9 skeleton_planner.h:170] Found solution in: 1
I20260909 04:37:29.669055     9 skeleton_planner.h:170] Found solution in: 4
I20260909 04:37:29.669080     9 skeleton_planner.h:170] Found solution in: 6
I20260909 04:37:29.669085     9 skeleton_planner.h:170] Found solution in: 1
I20260909 04:37:29.669092     9 skeleton_planner.h:170] Found solution in: 3
I20260909 04:37:29.669103     9 skeleton_planner.h:170] Found solution in: 4
I20260909 04:37:29.669121     9 skeleton_planner.h:170] Found solution in: 6
I20260909 04:37:29.669133     9 skeleton_planner.h:170] Found solution in: 4
I20260909 04:37:29.669147     9 skeleton_planner.h:170] Found solution in: 5
I20260909 04:37:29.669154     9 skeleton_planner.h:170] Found solution in: 2
I20260909 04:37:29.669171     9 skeleton_planner.h:170] Found solution in: 5
I20260909 04:37:29.669176     9 skeleton_planner.h:170] Found solution in: 1
I20260909 04:37:29.669180     9 skeleton_planner.h:170] Found solution in: 1
I20260909 04:37:29.669199     9 skeleton_planner.h:170] Found solution in: 7
I20260909 04:37:29.669214     9 skeleton_planner.h:170] Found solution in: 4
I20260909 04:37:29.669230     9 skeleton_planner.h:170] Found solution in: 5
I20260909 04:37:29.669242     9 skeleton_planner.h:170] Found solution in: 4
I20260909 04:37:29.669250     9 skeleton_planner.h:170] Found solution in: 2
I20260909 04:37:29.669271     9 skeleton_planner.h:170] Found solution in: 8
I20260909 04:37:29.669291     9 skeleton_planner.h:170] Found solution in: 5
I20260909 04:37:29.669302     9 skeleton_planner.h:170] Found solution in: 4
I20260909 04:37:29.669322     9 skeleton_planner.h:170] Found solution in: 6
I20260909 04:37:29.669327     9 skeleton_planner.h:170] Found solution in: 1
I20260909 04:37:29.669330     9 skeleton_planner.h:170] Found solution in: 1
I20260909 04:37:29.669340     9 skeleton_planner.h:170] Found solution in: 3
I20260909 04:37:29.669360     9 skeleton_planner.h:170] Found solution in: 8
I20260909 04:37:29.669384     9 skeleton_planner.h:170] Found solution in: 11
I20260909 04:37:29.669389     9 skeleton_planner.h:170] Found solution in: 1
I20260909 04:37:29.669410     9 skeleton_planner.h:170] Found solution in: 9
I20260909 04:37:29.669428     9 skeleton_planner.h:170] Found solution in: 5
I20260909 04:37:29.669448     9 skeleton_planner.h:170] Found solution in: 7
I20260909 04:37:29.669488     9 skeleton_planner.h:170] Found solution in: 12
I20260909 04:37:29.669504     9 skeleton_planner.h:170] Found solution in: 4
I20260909 04:37:29.669535     9 skeleton_planner.h:170] Found solution in: 11
I20260909 04:37:29.669548     9 skeleton_planner.h:170] Found solution in: 3
I20260909 04:37:29.669567     9 skeleton_planner.h:170] Found solution in: 5
I20260909 04:37:29.669579     9 skeleton_planner.h:170] Found solution in: 3
I20260909 04:37:29.669600     9 skeleton_planner.h:170] Found solution in: 7
I20260909 04:37:29.669631     9 skeleton_planner.h:170] Found solution in: 8
I20260909 04:37:29.669669     9 skeleton_planner.h:170] Found solution in: 10
I20260909 04:37:29.669735     9 skeleton_planner.h:170] Found solution in: 22
I20260909 04:37:29.669760     9 skeleton_planner.h:170] Found solution in: 4
I20260909 04:37:29.669780     9 skeleton_planner.h:170] Found solution in: 6
I20260909 04:37:29.669796     9 skeleton_planner.h:170] Found solution in: 5
I20260909 04:37:29.669813     9 skeleton_planner.h:170] Found solution in: 5
I20260909 04:37:29.669834     9 skeleton_planner.h:170] Found solution in: 7
I20260909 04:37:29.669852     9 skeleton_planner.h:170] Found solution in: 5
I20260909 04:37:29.669891     9 skeleton_planner.h:170] Found solution in: 14
I20260909 04:37:29.669952     9 skeleton_planner.h:170] Found solution in: 19
I20260909 04:37:29.669983     9 skeleton_planner.h:170] Found solution in: 6
I20260909 04:37:29.669998     9 skeleton_planner.h:170] Found solution in: 4
I20260909 04:37:29.670009     9 skeleton_planner.h:170] Found solution in: 3
I20260909 04:37:29.670024     9 skeleton_planner.h:170] Found solution in: 4
I20260909 04:37:29.670038     9 skeleton_planner.h:170] Found solution in: 4
I20260909 04:37:29.670061     9 skeleton_planner.h:170] Found solution in: 8
I20260909 04:37:29.670090     9 skeleton_planner.h:170] Found solution in: 9
I20260909 04:37:29.670117     9 skeleton_planner.h:170] Found solution in: 8
I20260909 04:37:29.670138     9 skeleton_planner.h:170] Found solution in: 5
I20260909 04:37:29.670162     9 skeleton_planner.h:170] Found solution in: 8
I20260909 04:37:29.670174     9 skeleton_planner.h:170] Found solution in: 3
I20260909 04:37:29.670202     9 skeleton_planner.h:170] Found solution in: 7
I20260909 04:37:29.670210     9 skeleton_planner.h:170] Found solution in: 2
I20260909 04:37:29.670248     9 skeleton_planner.h:170] Found solution in: 11
I20260909 04:37:29.670285     9 skeleton_planner.h:170] Found solution in: 10
I20260909 04:37:29.670316     9 skeleton_planner.h:170] Found solution in: 8
I20260909 04:37:29.670336     9 skeleton_planner.h:170] Found solution in: 5
I20260909 04:37:29.670346     9 skeleton_planner.h:170] Found solution in: 3
I20260909 04:37:29.670372     9 skeleton_planner.h:170] Found solution in: 8
I20260909 04:37:29.670406     9 skeleton_planner.h:170] Found solution in: 9
I20260909 04:37:29.670437     9 skeleton_planner.h:170] Found solution in: 9
I20260909 04:37:29.670464     9 skeleton_planner.h:170] Found solution in: 9
I20260909 04:37:29.670485     9 skeleton_planner.h:170] Found solution in: 6
I20260909 04:37:29.670490     9 skeleton_planner.h:170] Found solution in: 1
I20260909 04:37:29.670493     9 skeleton_planner.h:170] Found solution in: 1
I20260909 04:37:29.670503     9 skeleton_planner.h:170] Found solution in: 5
I20260909 04:37:29.670526     9 skeleton_planner.h:170] Found solution in: 10
I20260909 04:37:29.670549     9 skeleton_planner.h:170] Found solution in: 7
I20260909 04:37:29.670581     9 skeleton_planner.h:170] Found solution in: 11
I20260909 04:37:29.670593     9 skeleton_planner.h:170] Found solution in: 3
I20260909 04:37:29.670605     9 skeleton_planner.h:170] Found solution in: 4
I20260909 04:37:29.670629     9 skeleton_planner.h:170] Found solution in: 9
I20260909 04:37:29.670661     9 skeleton_planner.h:170] Found solution in: 18
I20260909 04:37:29.670722     9 skeleton_planner.h:170] Found solution in: 26
I20260909 04:37:29.670739     9 skeleton_planner.h:170] Found solution in: 4
I20260909 04:37:29.670753     9 skeleton_planner.h:170] Found solution in: 4
I20260909 04:37:29.670779     9 skeleton_planner.h:170] Found solution in: 7
I20260909 04:37:29.670797     9 skeleton_planner.h:170] Found solution in: 5
I20260909 04:37:29.670822     9 skeleton_planner.h:170] Found solution in: 7
I20260909 04:37:29.670836     9 skeleton_planner.h:170] Found solution in: 4
I20260909 04:37:29.670855     9 skeleton_planner.h:170] Found solution in: 5
I20260909 04:37:29.670868     9 skeleton_planner.h:170] Found solution in: 5
I20260909 04:37:29.670887     9 skeleton_planner.h:170] Found solution in: 6
I20260909 04:37:29.670902     9 skeleton_planner.h:170] Found solution in: 4
I20260909 04:37:29.670925     9 skeleton_planner.h:170] Found solution in: 9
I20260909 04:37:29.670960     9 skeleton_planner.h:170] Found solution in: 10
I20260909 04:37:29.671005     9 skeleton_planner.h:170] Found solution in: 13
I20260909 04:37:29.671030     9 skeleton_planner.h:170] Found solution in: 7
I20260909 04:37:29.671093     9 skeleton_planner.h:170] Found solution in: 18
I20260909 04:37:29.671108     9 skeleton_planner.h:170] Found solution in: 3
I20260909 04:37:29.671190     9 skeleton_planner.h:170] Found solution in: 25
I20260909 04:37:29.671284     9 skeleton_planner.h:170] Found solution in: 25
I20260909 04:37:29.671300     9 skeleton_planner.h:170] Found solution in: 3
I20260909 04:37:29.671310     9 skeleton_planner.h:170] Found solution in: 2
I20260909 04:37:29.671337     9 skeleton_planner.h:170] Found solution in: 6
I20260909 04:37:29.671350     9 skeleton_planner.h:170] Found solution in: 3
I20260909 04:37:29.671365     9 skeleton_planner.h:170] Found solution in: 5
I20260909 04:37:29.671377     9 skeleton_planner.h:170] Found solution in: 4
I20260909 04:37:29.671393     9 skeleton_planner.h:170] Found solution in: 6
I20260909 04:37:29.671406     9 skeleton_planner.h:170] Found solution in: 4
I20260909 04:37:29.671418     9 skeleton_planner.h:170] Found solution in: 5
I20260909 04:37:29.671428     9 skeleton_planner.h:170] Found solution in: 3
I20260909 04:37:29.671447     9 skeleton_planner.h:170] Found solution in: 5
I20260909 04:37:29.671458     9 skeleton_planner.h:170] Found solution in: 3
I20260909 04:37:29.671473     9 skeleton_planner.h:170] Found solution in: 4
I20260909 04:37:29.671481     9 skeleton_planner.h:170] Found solution in: 2
I20260909 04:37:29.671485     9 skeleton_planner.h:170] Found solution in: 1
I20260909 04:37:29.671504     9 skeleton_planner.h:170] Found solution in: 6
I20260909 04:37:29.671509     9 skeleton_planner.h:170] Found solution in: 1
I20260909 04:37:29.671545     9 skeleton_planner.h:170] Found solution in: 14
I20260909 04:37:29.671564     9 skeleton_planner.h:170] Found solution in: 4
I20260909 04:37:29.671576     9 skeleton_planner.h:170] Found solution in: 3
I20260909 04:37:29.671587     9 skeleton_planner.h:170] Found solution in: 4
I20260909 04:37:29.671598     9 skeleton_planner.h:170] Found solution in: 3
I20260909 04:37:29.671622     9 skeleton_planner.h:170] Found solution in: 7
I20260909 04:37:29.671657     9 skeleton_planner.h:170] Found solution in: 9
I20260909 04:37:29.671670     9 skeleton_planner.h:170] Found solution in: 4
I20260909 04:37:29.671684     9 skeleton_planner.h:170] Found solution in: 6
I20260909 04:37:29.671697     9 skeleton_planner.h:170] Found solution in: 6
I20260909 04:37:29.671720     9 skeleton_planner.h:170] Found solution in: 8
I20260909 04:37:29.671736     9 skeleton_planner.h:170] Found solution in: 6
I20260909 04:37:29.671747     9 skeleton_planner.h:170] Found solution in: 3
I20260909 04:37:29.671757     9 skeleton_planner.h:170] Found solution in: 3
I20260909 04:37:29.671777     9 skeleton_planner.h:170] Found solution in: 7
I20260909 04:37:29.671794     9 skeleton_planner.h:170] Found solution in: 6
I20260909 04:37:29.671816     9 skeleton_planner.h:170] Found solution in: 9
I20260909 04:37:29.671841     9 skeleton_planner.h:170] Found solution in: 10
I20260909 04:37:29.671854     9 skeleton_planner.h:170] Found solution in: 4
I20260909 04:37:29.671864     9 skeleton_planner.h:170] Found solution in: 3
I20260909 04:37:29.671972     9 skeleton_planner.h:170] Found solution in: 39
I20260909 04:37:29.672185     9 skeleton_planner.h:170] Found solution in: 79
I20260909 04:37:29.672210     9 skeleton_planner.h:170] Found solution in: 5
I20260909 04:37:29.672246     9 skeleton_planner.h:170] Found solution in: 8
I20260909 04:37:29.672254     9 skeleton_planner.h:170] Found solution in: 2
I20260909 04:37:29.672267     9 skeleton_planner.h:170] Found solution in: 4
I20260909 04:37:29.672278     9 skeleton_planner.h:170] Found solution in: 4
I20260909 04:37:29.672282     9 skeleton_planner.h:170] Found solution in: 1
I20260909 04:37:29.672295     9 skeleton_planner.h:170] Found solution in: 5
I20260909 04:37:29.672309     9 skeleton_planner.h:170] Found solution in: 5
I20260909 04:37:29.672328     9 skeleton_planner.h:170] Found solution in: 7
I20260909 04:37:29.672346     9 skeleton_planner.h:170] Found solution in: 7
I20260909 04:37:29.672369     9 skeleton_planner.h:170] Found solution in: 9
I20260909 04:37:29.672379     9 skeleton_planner.h:170] Found solution in: 2
I20260909 04:37:29.672381     9 skeleton_planner.h:170] Found solution in: 1
I20260909 04:37:29.672396     9 skeleton_planner.h:170] Found solution in: 8
I20260909 04:37:29.672703     9 skeleton_planner.h:170] Found solution in: 6
I20260909 04:37:29.672719     9 skeleton_planner.h:170] Found solution in: 5
I20260909 04:37:29.672729     9 skeleton_planner.h:170] Found solution in: 3
I20260909 04:37:29.672745     9 skeleton_planner.h:170] Found solution in: 5
I20260909 04:37:29.672758     9 skeleton_planner.h:170] Found solution in: 4
I20260909 04:37:29.672799     9 skeleton_planner.h:170] Found solution in: 8
I20260909 04:37:29.672820     9 skeleton_planner.h:170] Found solution in: 7
I20260909 04:37:29.672835     9 skeleton_planner.h:170] Found solution in: 5
I20260909 04:37:29.672848     9 skeleton_planner.h:170] Found solution in: 4
I20260909 04:37:29.672859     9 skeleton_planner.h:170] Found solution in: 3
I20260909 04:37:29.672876     9 skeleton_planner.h:170] Found solution in: 6
I20260909 04:37:29.672888     9 skeleton_planner.h:170] Found solution in: 4
I20260909 04:37:29.672902     9 skeleton_planner.h:170] Found solution in: 6
I20260909 04:37:29.672914     9 skeleton_planner.h:170] Found solution in: 5
I20260909 04:37:29.672924     9 skeleton_planner.h:170] Found solution in: 3
I20260909 04:37:29.672950     9 skeleton_planner.h:170] Found solution in: 10
I20260909 04:37:29.672971     9 skeleton_planner.h:170] Found solution in: 6
I20260909 04:37:29.672997     9 skeleton_planner.h:170] Found solution in: 10
I20260909 04:37:29.673018     9 skeleton_planner.h:170] Found solution in: 5
I20260909 04:37:29.673038     9 skeleton_planner.h:170] Found solution in: 6
I20260909 04:37:29.673065     9 skeleton_planner.h:170] Found solution in: 8
I20260909 04:37:29.673089     9 skeleton_planner.h:170] Found solution in: 7
I20260909 04:37:29.673107     9 skeleton_planner.h:170] Found solution in: 5
I20260909 04:37:29.673128     9 skeleton_planner.h:170] Found solution in: 6
I20260909 04:37:29.673156     9 skeleton_planner.h:170] Found solution in: 8
I20260909 04:37:29.673174     9 skeleton_planner.h:170] Found solution in: 6
I20260909 04:37:29.673183     9 skeleton_planner.h:170] Found solution in: 3
I20260909 04:37:29.673187     9 skeleton_planner.h:170] Found solution in: 1
I20260909 04:37:29.673190     9 skeleton_planner.h:170] Found solution in: 1
I20260909 04:37:29.673202     9 skeleton_planner.h:170] Found solution in: 5
I20260909 04:37:29.673234     9 skeleton_planner.h:170] Found solution in: 15
I20260909 04:37:29.673255     9 skeleton_planner.h:170] Found solution in: 8
I20260909 04:37:29.673267     9 skeleton_planner.h:170] Found solution in: 5
I20260909 04:37:29.673301     9 skeleton_planner.h:170] Found solution in: 18
I20260909 04:37:29.673347     9 skeleton_planner.h:170] Found solution in: 20
I20260909 04:37:29.673362     9 skeleton_planner.h:170] Found solution in: 5
I20260909 04:37:29.673381     9 skeleton_planner.h:170] Found solution in: 7
I20260909 04:37:29.673400     9 skeleton_planner.h:170] Found solution in: 7
I20260909 04:37:29.673502     9 skeleton_planner.h:170] Found solution in: 36
I20260909 04:37:29.673521     9 skeleton_planner.h:170] Found solution in: 3
I20260909 04:37:29.673534     9 skeleton_planner.h:170] Found solution in: 4
I20260909 04:37:29.673571     9 skeleton_planner.h:170] Found solution in: 8
I20260909 04:37:29.673612     9 skeleton_planner.h:170] Found solution in: 10
I20260909 04:37:29.673647     9 skeleton_planner.h:170] Found solution in: 9
I20260909 04:37:29.673659     9 skeleton_planner.h:170] Found solution in: 3
I20260909 04:37:29.673718     9 skeleton_planner.h:170] Found solution in: 17
I20260909 04:37:29.673775     9 skeleton_planner.h:170] Found solution in: 14
I20260909 04:37:29.673790     9 skeleton_planner.h:170] Found solution in: 4
I20260909 04:37:29.673812     9 skeleton_planner.h:170] Found solution in: 5
I20260909 04:37:29.673825     9 skeleton_planner.h:170] Found solution in: 3
I20260909 04:37:29.673836     9 skeleton_planner.h:170] Found solution in: 4
I20260909 04:37:29.673848     9 skeleton_planner.h:170] Found solution in: 4
I20260909 04:37:29.673861     9 skeleton_planner.h:170] Found solution in: 5
I20260909 04:37:29.673877     9 skeleton_planner.h:170] Found solution in: 5
I20260909 04:37:29.673898     9 skeleton_planner.h:170] Found solution in: 6
I20260909 04:37:29.673918     9 skeleton_planner.h:170] Found solution in: 6
I20260909 04:37:29.673934     9 skeleton_planner.h:170] Found solution in: 6
I20260909 04:37:29.673945     9 skeleton_planner.h:170] Found solution in: 3
I20260909 04:37:29.673962     9 skeleton_planner.h:170] Found solution in: 5
I20260909 04:37:29.673977     9 skeleton_planner.h:170] Found solution in: 5
I20260909 04:37:29.673993     9 skeleton_planner.h:170] Found solution in: 6
I20260909 04:37:29.674018     9 skeleton_planner.h:170] Found solution in: 8
I20260909 04:37:29.674032     9 skeleton_planner.h:170] Found solution in: 4
I20260909 04:37:29.674044     9 skeleton_planner.h:170] Found solution in: 4
I20260909 04:37:29.674063     9 skeleton_planner.h:170] Found solution in: 6
I20260909 04:37:29.674080     9 skeleton_planner.h:170] Found solution in: 5
I20260909 04:37:29.674098     9 skeleton_planner.h:170] Found solution in: 5
I20260909 04:37:29.674117     9 skeleton_planner.h:170] Found solution in: 6
I20260909 04:37:29.674134     9 skeleton_planner.h:170] Found solution in: 4
I20260909 04:37:29.674152     9 skeleton_planner.h:170] Found solution in: 6
I20260909 04:37:29.674177     9 skeleton_planner.h:170] Found solution in: 7
I20260909 04:37:29.674201     9 skeleton_planner.h:170] Found solution in: 8
I20260909 04:37:29.674220     9 skeleton_planner.h:170] Found solution in: 5
I20260909 04:37:29.674234     9 skeleton_planner.h:170] Found solution in: 5
I20260909 04:37:29.674256     9 skeleton_planner.h:170] Found solution in: 6
I20260909 04:37:29.674281     9 skeleton_planner.h:170] Found solution in: 8
I20260909 04:37:29.674302     9 skeleton_planner.h:170] Found solution in: 6
I20260909 04:37:29.674321     9 skeleton_planner.h:170] Found solution in: 6
I20260909 04:37:29.674350     9 skeleton_planner.h:170] Found solution in: 9
I20260909 04:37:29.674413     9 skeleton_planner.h:170] Found solution in: 22
I20260909 04:37:29.674465     9 skeleton_planner.h:170] Found solution in: 16
I20260909 04:37:29.674515     9 skeleton_planner.h:170] Found solution in: 15
I20260909 04:37:29.674578     9 skeleton_planner.h:170] Found solution in: 25
I20260909 04:37:29.674593     9 skeleton_planner.h:170] Found solution in: 4
I20260909 04:37:29.674598     9 skeleton_planner.h:170] Found solution in: 1
I20260909 04:37:29.674605     9 skeleton_planner.h:170] Found solution in: 3
I20260909 04:37:29.674624     9 skeleton_planner.h:170] Found solution in: 4
I20260909 04:37:29.674644     9 skeleton_planner.h:170] Found solution in: 6
I20260909 04:37:29.674667     9 skeleton_planner.h:170] Found solution in: 8
I20260909 04:37:29.674679     9 skeleton_planner.h:170] Found solution in: 3
I20260909 04:37:29.674696     9 skeleton_planner.h:170] Found solution in: 5
I20260909 04:37:29.674711     9 skeleton_planner.h:170] Found solution in: 4
I20260909 04:37:29.674731     9 skeleton_planner.h:170] Found solution in: 7
I20260909 04:37:29.674751     9 skeleton_planner.h:170] Found solution in: 8
I20260909 04:37:29.674777     9 skeleton_planner.h:170] Found solution in: 8
I20260909 04:37:29.674793     9 skeleton_planner.h:170] Found solution in: 4
I20260909 04:37:29.674803     9 skeleton_planner.h:170] Found solution in: 3
I20260909 04:37:29.674832     9 skeleton_planner.h:170] Found solution in: 9
I20260909 04:37:29.674857     9 skeleton_planner.h:170] Found solution in: 6
I20260909 04:37:29.674875     9 skeleton_planner.h:170] Found solution in: 7
I20260909 04:37:29.674880     9 skeleton_planner.h:170] Found solution in: 1
I20260909 04:37:29.675029     9 skeleton_planner.h:170] Found solution in: 74
I20260909 04:37:29.675050     9 skeleton_planner.h:170] Found solution in: 6
I20260909 04:37:29.675081     9 skeleton_planner.h:170] Found solution in: 8
I20260909 04:37:29.675158     9 skeleton_planner.h:170] Found solution in: 36
I20260909 04:37:29.675185     9 skeleton_planner.h:170] Found solution in: 7
I20260909 04:37:29.675197     9 skeleton_planner.h:170] Found solution in: 3
I20260909 04:37:29.675210     9 skeleton_planner.h:170] Found solution in: 4
I20260909 04:37:29.675227     9 skeleton_planner.h:170] Found solution in: 5
I20260909 04:37:29.675251     9 skeleton_planner.h:170] Found solution in: 8
I20260909 04:37:29.675271     9 skeleton_planner.h:170] Found solution in: 5
I20260909 04:37:29.675282     9 skeleton_planner.h:170] Found solution in: 3
I20260909 04:37:29.675298     9 skeleton_planner.h:170] Found solution in: 6
I20260909 04:37:29.675319     9 skeleton_planner.h:170] Found solution in: 7
I20260909 04:37:29.675338     9 skeleton_planner.h:170] Found solution in: 9
I20260909 04:37:29.675359     9 skeleton_planner.h:170] Found solution in: 10
I20260909 04:37:29.675364     9 skeleton_planner.h:170] Found solution in: 1
I20260909 04:37:29.675375     9 skeleton_planner.h:170] Found solution in: 4
I20260909 04:37:29.675396     9 skeleton_planner.h:170] Found solution in: 7
I20260909 04:37:29.675429     9 skeleton_planner.h:170] Found solution in: 9
I20260909 04:37:29.675446     9 skeleton_planner.h:170] Found solution in: 5
I20260909 04:37:29.675472     9 skeleton_planner.h:170] Found solution in: 7
I20260909 04:37:29.675489     9 skeleton_planner.h:170] Found solution in: 4
I20260909 04:37:29.675503     9 skeleton_planner.h:170] Found solution in: 4
I20260909 04:37:29.675531     9 skeleton_planner.h:170] Found solution in: 9
I20260909 04:37:29.675573     9 skeleton_planner.h:170] Found solution in: 11
I20260909 04:37:29.675601     9 skeleton_planner.h:170] Found solution in: 6
I20260909 04:37:29.675619     9 skeleton_planner.h:170] Found solution in: 5
I20260909 04:37:29.675640     9 skeleton_planner.h:170] Found solution in: 7
I20260909 04:37:29.675652     9 skeleton_planner.h:170] Found solution in: 3
I20260909 04:37:29.675673     9 skeleton_planner.h:170] Found solution in: 6
I20260909 04:37:29.675683     9 skeleton_planner.h:170] Found solution in: 3
I20260909 04:37:29.675699     9 skeleton_planner.h:170] Found solution in: 5
I20260909 04:37:29.675724     9 skeleton_planner.h:170] Found solution in: 8
I20260909 04:37:29.675732     9 skeleton_planner.h:170] Found solution in: 2
I20260909 04:37:29.675756     9 skeleton_planner.h:170] Found solution in: 8
I20260909 04:37:29.675768     9 skeleton_planner.h:170] Found solution in: 3
I20260909 04:37:29.675777     9 skeleton_planner.h:170] Found solution in: 2
I20260909 04:37:29.675787     9 skeleton_planner.h:170] Found solution in: 3
I20260909 04:37:29.675800     9 skeleton_planner.h:170] Found solution in: 5
I20260909 04:37:29.675819     9 skeleton_planner.h:170] Found solution in: 7
I20260909 04:37:29.675835     9 skeleton_planner.h:170] Found solution in: 6
I20260909 04:37:29.675853     9 skeleton_planner.h:170] Found solution in: 6
I20260909 04:37:29.675874     9 skeleton_planner.h:170] Found solution in: 8
I20260909 04:37:29.675887     9 skeleton_planner.h:170] Found solution in: 3
I20260909 04:37:29.675899     9 skeleton_planner.h:170] Found solution in: 4
I20260909 04:37:29.675920     9 skeleton_planner.h:170] Found solution in: 7
I20260909 04:37:29.675933     9 skeleton_planner.h:170] Found solution in: 5
I20260909 04:37:29.675943     9 skeleton_planner.h:170] Found solution in: 3
I20260909 04:37:29.675956     9 skeleton_planner.h:170] Found solution in: 6
I20260909 04:37:29.675977     9 skeleton_planner.h:170] Found solution in: 9
I20260909 04:37:29.675990     9 skeleton_planner.h:170] Found solution in: 4
I20260909 04:37:29.676015     9 skeleton_planner.h:170] Found solution in: 10
I20260909 04:37:29.676026     9 skeleton_planner.h:170] Found solution in: 3
I20260909 04:37:29.676043     9 skeleton_planner.h:170] Found solution in: 7
I20260909 04:37:29.676076     9 skeleton_planner.h:170] Found solution in: 12
I20260909 04:37:29.676101     9 skeleton_planner.h:170] Found solution in: 7
I20260909 04:37:29.676120     9 skeleton_planner.h:170] Found solution in: 8
I20260909 04:37:29.676144     9 skeleton_planner.h:170] Found solution in: 9
I20260909 04:37:29.676170     9 skeleton_planner.h:170] Found solution in: 9
I20260909 04:37:29.676192     9 skeleton_planner.h:170] Found solution in: 7
I20260909 04:37:29.676198     9 skeleton_planner.h:170] Found solution in: 1
I20260909 04:37:29.676201     9 skeleton_planner.h:170] Found solution in: 1
I20260909 04:37:29.676213     9 skeleton_planner.h:170] Found solution in: 6
I20260909 04:37:29.676224     9 skeleton_planner.h:170] Found solution in: 4
I20260909 04:37:29.676237     9 skeleton_planner.h:170] Found solution in: 5
I20260909 04:37:29.676254     9 skeleton_planner.h:170] Found solution in: 6
I20260909 04:37:29.676270     9 skeleton_planner.h:170] Found solution in: 6
I20260909 04:37:29.676280     9 skeleton_planner.h:170] Found solution in: 4
I20260909 04:37:29.676334     9 skeleton_planner.h:170] Found solution in: 22
I20260909 04:37:29.676380     9 skeleton_planner.h:170] Found solution in: 16
I20260909 04:37:29.676403     9 skeleton_planner.h:170] Found solution in: 6
I20260909 04:37:29.676417     9 skeleton_planner.h:170] Found solution in: 5
I20260909 04:37:29.676435     9 skeleton_planner.h:170] Found solution in: 6
I20260909 04:37:29.676455     9 skeleton_planner.h:170] Found solution in: 7
I20260909 04:37:29.676476     9 skeleton_planner.h:170] Found solution in: 6
I20260909 04:37:29.676499     9 skeleton_planner.h:170] Found solution in: 11
I20260909 04:37:29.676527     9 skeleton_planner.h:170] Found solution in: 12
I20260909 04:37:29.676551     9 skeleton_planner.h:170] Found solution in: 11
I20260909 04:37:29.676575     9 skeleton_planner.h:170] Found solution in: 11
I20260909 04:37:29.676581     9 skeleton_planner.h:170] Found solution in: 1
I20260909 04:37:29.676587     9 skeleton_planner.h:170] Found solution in: 2
I20260909 04:37:29.676604     9 skeleton_planner.h:170] Found solution in: 6
I20260909 04:37:29.676622     9 skeleton_planner.h:170] Found solution in: 6
I20260909 04:37:29.676643     9 skeleton_planner.h:170] Found solution in: 7
I20260909 04:37:29.676663     9 skeleton_planner.h:170] Found solution in: 6
I20260909 04:37:29.676681     9 skeleton_planner.h:170] Found solution in: 6
I20260909 04:37:29.676694     9 skeleton_planner.h:170] Found solution in: 5
I20260909 04:37:29.676714     9 skeleton_planner.h:170] Found solution in: 7
I20260909 04:37:29.676733     9 skeleton_planner.h:170] Found solution in: 5
I20260909 04:37:29.676759     9 skeleton_planner.h:170] Found solution in: 7
I20260909 04:37:29.676783     9 skeleton_planner.h:170] Found solution in: 7
I20260909 04:37:29.676797     9 skeleton_planner.h:170] Found solution in: 4
I20260909 04:37:29.676805     9 skeleton_planner.h:170] Found solution in: 2
I20260909 04:37:29.676810     9 skeleton_planner.h:170] Found solution in: 2
I20260909 04:37:29.676818     9 skeleton_planner.h:170] Found solution in: 3
I20260909 04:37:29.676831     9 skeleton_planner.h:170] Found solution in: 4
I20260909 04:37:29.676841     9 skeleton_planner.h:170] Found solution in: 3
I20260909 04:37:29.676860     9 skeleton_planner.h:170] Found solution in: 7
I20260909 04:37:29.676882     9 skeleton_planner.h:170] Found solution in: 8
I20260909 04:37:29.676903     9 skeleton_planner.h:170] Found solution in: 8
I20260909 04:37:29.676946     9 skeleton_planner.h:170] Found solution in: 16
I20260909 04:37:29.677048     9 skeleton_planner.h:170] Found solution in: 35
I20260909 04:37:29.677088     9 skeleton_planner.h:170] Found solution in: 10
I20260909 04:37:29.677109     9 skeleton_planner.h:170] Found solution in: 6
I20260909 04:37:29.677139     9 skeleton_planner.h:170] Found solution in: 10
I20260909 04:37:29.677224     9 skeleton_planner.h:170] Found solution in: 33
I20260909 04:37:29.677242     9 skeleton_planner.h:170] Found solution in: 5
I20260909 04:37:29.677253     9 skeleton_planner.h:170] Found solution in: 3
I20260909 04:37:29.677263     9 skeleton_planner.h:170] Found solution in: 4
I20260909 04:37:29.677273     9 skeleton_planner.h:170] Found solution in: 3
I20260909 04:37:29.677277     9 skeleton_planner.h:170] Found solution in: 1
I20260909 04:37:29.677280     9 skeleton_planner.h:170] Found solution in: 1
I20260909 04:37:29.677302     9 skeleton_planner.h:170] Found solution in: 5
I20260909 04:37:29.677312     9 skeleton_planner.h:170] Found solution in: 3
I20260909 04:37:29.677316     9 skeleton_planner.h:170] Found solution in: 1
I20260909 04:37:29.677320     9 skeleton_planner.h:170] Found solution in: 1
I20260909 04:37:29.677338     9 skeleton_planner.h:170] Found solution in: 8
I20260909 04:37:29.677351     9 skeleton_planner.h:170] Found solution in: 4
I20260909 04:37:29.677366     9 skeleton_planner.h:170] Found solution in: 5
I20260909 04:37:29.677381     9 skeleton_planner.h:170] Found solution in: 5
I20260909 04:37:29.677386     9 skeleton_planner.h:170] Found solution in: 1
I20260909 04:37:29.677402     9 skeleton_planner.h:170] Found solution in: 5
I20260909 04:37:29.677415     9 skeleton_planner.h:170] Found solution in: 5
I20260909 04:37:29.677433     9 skeleton_planner.h:170] Found solution in: 5
I20260909 04:37:29.677453     9 skeleton_planner.h:170] Found solution in: 6
I20260909 04:37:29.677472     9 skeleton_planner.h:170] Found solution in: 6
I20260909 04:37:29.677481     9 skeleton_planner.h:170] Found solution in: 2
I20260909 04:37:29.677506     9 skeleton_planner.h:170] Found solution in: 9
I20260909 04:37:29.677531     9 skeleton_planner.h:170] Found solution in: 9
I20260909 04:37:29.677865     9 skeleton_planner.h:170] Found solution in: 6
I20260909 04:37:29.677891     9 skeleton_planner.h:170] Found solution in: 9
I20260909 04:37:29.677909     9 skeleton_planner.h:170] Found solution in: 5
I20260909 04:37:29.677928     9 skeleton_planner.h:170] Found solution in: 6
I20260909 04:37:29.677945     9 skeleton_planner.h:170] Found solution in: 6
I20260909 04:37:29.677982     9 skeleton_planner.h:170] Found solution in: 12
I20260909 04:37:29.678007     9 skeleton_planner.h:170] Found solution in: 6
I20260909 04:37:29.678036     9 skeleton_planner.h:170] Found solution in: 12
I20260909 04:37:29.678052     9 skeleton_planner.h:170] Found solution in: 4
I20260909 04:37:29.678081     9 skeleton_planner.h:170] Found solution in: 9
I20260909 04:37:29.678102     9 skeleton_planner.h:170] Found solution in: 5
I20260909 04:37:29.678125     9 skeleton_planner.h:170] Found solution in: 8
I20260909 04:37:29.678138     9 skeleton_planner.h:170] Found solution in: 3
I20260909 04:37:29.678154     9 skeleton_planner.h:170] Found solution in: 5
I20260909 04:37:29.678175     9 skeleton_planner.h:170] Found solution in: 6
I20260909 04:37:29.678191     9 skeleton_planner.h:170] Found solution in: 4
I20260909 04:37:29.678213     9 skeleton_planner.h:170] Found solution in: 6
I20260909 04:37:29.678234     9 skeleton_planner.h:170] Found solution in: 6
I20260909 04:37:29.678251     9 skeleton_planner.h:170] Found solution in: 3
I20260909 04:37:29.678260     9 skeleton_planner.h:170] Found solution in: 3
I20260909 04:37:29.678275     9 skeleton_planner.h:170] Found solution in: 4
I20260909 04:37:29.678283     9 skeleton_planner.h:170] Found solution in: 2
I20260909 04:37:29.678288     9 skeleton_planner.h:170] Found solution in: 1
I20260909 04:37:29.678292     9 skeleton_planner.h:170] Found solution in: 1
I20260909 04:37:29.678323     9 skeleton_planner.h:170] Found solution in: 9
I20260909 04:37:29.678440     9 skeleton_planner.h:170] Found solution in: 31
I20260909 04:37:29.678459     9 skeleton_planner.h:170] Found solution in: 3
I20260909 04:37:29.678473     9 skeleton_planner.h:170] Found solution in: 5
I20260909 04:37:29.678485     9 skeleton_planner.h:170] Found solution in: 3
I20260909 04:37:29.678496     9 skeleton_planner.h:170] Found solution in: 3
I20260909 04:37:29.678520     9 skeleton_planner.h:170] Found solution in: 4
I20260909 04:37:29.678541     9 skeleton_planner.h:170] Found solution in: 7
I20260909 04:37:29.678552     9 skeleton_planner.h:170] Found solution in: 3
I20260909 04:37:29.678560     9 skeleton_planner.h:170] Found solution in: 2
I20260909 04:37:29.678594     9 skeleton_planner.h:170] Found solution in: 14
I20260909 04:37:29.678615     9 skeleton_planner.h:170] Found solution in: 5
I20260909 04:37:29.678633     9 skeleton_planner.h:170] Found solution in: 6
I20260909 04:37:29.678665     9 skeleton_planner.h:170] Found solution in: 11
I20260909 04:37:29.678709     9 skeleton_planner.h:170] Found solution in: 14
I20260909 04:37:29.678740     9 skeleton_planner.h:170] Found solution in: 9
I20260909 04:37:29.678764     9 skeleton_planner.h:170] Found solution in: 9
I20260909 04:37:29.678789     9 skeleton_planner.h:170] Found solution in: 11
I20260909 04:37:29.678795     9 skeleton_planner.h:170] Found solution in: 1
I20260909 04:37:29.678805     9 skeleton_planner.h:170] Found solution in: 3
I20260909 04:37:29.678821     9 skeleton_planner.h:170] Found solution in: 4
I20260909 04:37:29.678833     9 skeleton_planner.h:170] Found solution in: 3
I20260909 04:37:29.678848     9 skeleton_planner.h:170] Found solution in: 4
I20260909 04:37:29.678866     9 skeleton_planner.h:170] Found solution in: 6
I20260909 04:37:29.678890     9 skeleton_planner.h:170] Found solution in: 7
I20260909 04:37:29.678905     9 skeleton_planner.h:170] Found solution in: 4
I20260909 04:37:29.678917     9 skeleton_planner.h:170] Found solution in: 5
I20260909 04:37:29.678929     9 skeleton_planner.h:170] Found solution in: 3
I20260909 04:37:29.678941     9 skeleton_planner.h:170] Found solution in: 3
I20260909 04:37:29.678962     9 skeleton_planner.h:170] Found solution in: 8
I20260909 04:37:29.678978     9 skeleton_planner.h:170] Found solution in: 4
I20260909 04:37:29.679004     9 skeleton_planner.h:170] Found solution in: 11
I20260909 04:37:29.679028     9 skeleton_planner.h:170] Found solution in: 7
I20260909 04:37:29.679052     9 skeleton_planner.h:170] Found solution in: 8
I20260909 04:37:29.679085     9 skeleton_planner.h:170] Found solution in: 14
I20260909 04:37:29.679098     9 skeleton_planner.h:170] Found solution in: 3
I20260909 04:37:29.679121     9 skeleton_planner.h:170] Found solution in: 7
I20260909 04:37:29.679134     9 skeleton_planner.h:170] Found solution in: 4
I20260909 04:37:29.679153     9 skeleton_planner.h:170] Found solution in: 6
I20260909 04:37:29.679164     9 skeleton_planner.h:170] Found solution in: 3
I20260909 04:37:29.679173     9 skeleton_planner.h:170] Found solution in: 3
I20260909 04:37:29.679185     9 skeleton_planner.h:170] Found solution in: 4
I20260909 04:37:29.679206     9 skeleton_planner.h:170] Found solution in: 8
I20260909 04:37:29.679261     9 skeleton_planner.h:170] Found solution in: 24
I20260909 04:37:29.679270     9 skeleton_planner.h:170] Found solution in: 1
I20260909 04:37:29.679296     9 skeleton_planner.h:170] Found solution in: 8
I20260909 04:37:29.679335     9 skeleton_planner.h:170] Found solution in: 11
I20260909 04:37:29.679366     9 skeleton_planner.h:170] Found solution in: 9
I20260909 04:37:29.679401     9 skeleton_planner.h:170] Found solution in: 10
I20260909 04:37:29.679430     9 skeleton_planner.h:170] Found solution in: 7
I20260909 04:37:29.679435     9 skeleton_planner.h:170] Found solution in: 1
I20260909 04:37:29.679438     9 skeleton_planner.h:170] Found solution in: 1
I20260909 04:37:29.679454     9 skeleton_planner.h:170] Found solution in: 5
I20260909 04:37:29.679476     9 skeleton_planner.h:170] Found solution in: 7
I20260909 04:37:29.679505     9 skeleton_planner.h:170] Found solution in: 9
I20260909 04:37:29.679524     9 skeleton_planner.h:170] Found solution in: 4
I20260909 04:37:29.679549     9 skeleton_planner.h:170] Found solution in: 9
I20260909 04:37:29.679585     9 skeleton_planner.h:170] Found solution in: 9
I20260909 04:37:29.679633     9 skeleton_planner.h:170] Found solution in: 11
I20260909 04:37:29.679663     9 skeleton_planner.h:170] Found solution in: 7
I20260909 04:37:29.679683     9 skeleton_planner.h:170] Found solution in: 5
I20260909 04:37:29.679704     9 skeleton_planner.h:170] Found solution in: 8
I20260909 04:37:29.679718     9 skeleton_planner.h:170] Found solution in: 5
I20260909 04:37:29.679723     9 skeleton_planner.h:170] Found solution in: 1
I20260909 04:37:29.679759     9 skeleton_planner.h:170] Found solution in: 10
I20260909 04:37:29.679781     9 skeleton_planner.h:170] Found solution in: 6
I20260909 04:37:29.679816     9 skeleton_planner.h:170] Found solution in: 9
I20260909 04:37:29.679829     9 skeleton_planner.h:170] Found solution in: 3
I20260909 04:37:29.679840     9 skeleton_planner.h:170] Found solution in: 3
I20260909 04:37:29.679853     9 skeleton_planner.h:170] Found solution in: 4
I20260909 04:37:29.679864     9 skeleton_planner.h:170] Found solution in: 3
I20260909 04:37:29.679901     9 skeleton_planner.h:170] Found solution in: 14
I20260909 04:37:29.679941     9 skeleton_planner.h:170] Found solution in: 16
I20260909 04:37:29.679989     9 skeleton_planner.h:170] Found solution in: 18
I20260909 04:37:29.679996     9 skeleton_planner.h:170] Found solution in: 1
I20260909 04:37:29.680001     9 skeleton_planner.h:170] Found solution in: 1
I20260909 04:37:29.680043     9 skeleton_planner.h:170] Found solution in: 16
I20260909 04:37:29.680189     9 skeleton_planner.h:170] Found solution in: 46
I20260909 04:37:29.680263     9 skeleton_planner.h:170] Found solution in: 25
I20260909 04:37:29.680271     9 skeleton_planner.h:170] Found solution in: 1
I20260909 04:37:29.680328     9 skeleton_planner.h:170] Found solution in: 16
I20260909 04:37:29.680398     9 skeleton_planner.h:170] Found solution in: 22
I20260909 04:37:29.680426     9 skeleton_planner.h:170] Found solution in: 5
I20260909 04:37:29.680440     9 skeleton_planner.h:170] Found solution in: 4
I20260909 04:37:29.680495     9 skeleton_planner.h:170] Found solution in: 23
I20260909 04:37:29.680521     9 skeleton_planner.h:170] Found solution in: 5
I20260909 04:37:29.680536     9 skeleton_planner.h:170] Found solution in: 4
I20260909 04:37:29.680549     9 skeleton_planner.h:170] Found solution in: 4
I20260909 04:37:29.680572     9 skeleton_planner.h:170] Found solution in: 7
I20260909 04:37:29.680584     9 skeleton_planner.h:170] Found solution in: 3
I20260909 04:37:29.680605     9 skeleton_planner.h:170] Found solution in: 6
I20260909 04:37:29.680631     9 skeleton_planner.h:170] Found solution in: 8
I20260909 04:37:29.680644     9 skeleton_planner.h:170] Found solution in: 3
I20260909 04:37:29.680670     9 skeleton_planner.h:170] Found solution in: 9
I20260909 04:37:29.680687     9 skeleton_planner.h:170] Found solution in: 5
I20260909 04:37:29.680698     9 skeleton_planner.h:170] Found solution in: 3
I20260909 04:37:29.680716     9 skeleton_planner.h:170] Found solution in: 6
I20260909 04:37:29.680727     9 skeleton_planner.h:170] Found solution in: 4
I20260909 04:37:29.680752     9 skeleton_planner.h:170] Found solution in: 10
I20260909 04:37:29.680773     9 skeleton_planner.h:170] Found solution in: 6
I20260909 04:37:29.680779     9 skeleton_planner.h:170] Found solution in: 1
I20260909 04:37:29.680788     9 skeleton_planner.h:170] Found solution in: 3
I20260909 04:37:29.680804     9 skeleton_planner.h:170] Found solution in: 5
I20260909 04:37:29.680820     9 skeleton_planner.h:170] Found solution in: 6
I20260909 04:37:29.680843     9 skeleton_planner.h:170] Found solution in: 8
I20260909 04:37:29.680855     9 skeleton_planner.h:170] Found solution in: 3
I20260909 04:37:29.680876     9 skeleton_planner.h:170] Found solution in: 8
I20260909 04:37:29.680903     9 skeleton_planner.h:170] Found solution in: 10
I20260909 04:37:29.680928     9 skeleton_planner.h:170] Found solution in: 6
I20260909 04:37:29.680954     9 skeleton_planner.h:170] Found solution in: 10
I20260909 04:37:29.681007     9 skeleton_planner.h:170] Found solution in: 19
I20260909 04:37:29.681021     9 skeleton_planner.h:170] Found solution in: 3
I20260909 04:37:29.681115     9 skeleton_planner.h:170] Found solution in: 23
I20260909 04:37:29.681133     9 skeleton_planner.h:170] Found solution in: 3
I20260909 04:37:29.681160     9 skeleton_planner.h:170] Found solution in: 7
I20260909 04:37:29.681182     9 skeleton_planner.h:170] Found solution in: 7
I20260909 04:37:29.681205     9 skeleton_planner.h:170] Found solution in: 8
I20260909 04:37:29.681233     9 skeleton_planner.h:170] Found solution in: 10
I20260909 04:37:29.681270     9 skeleton_planner.h:170] Found solution in: 13
I20260909 04:37:29.681327     9 skeleton_planner.h:170] Found solution in: 19
I20260909 04:37:29.681353     9 skeleton_planner.h:170] Found solution in: 5
I20260909 04:37:29.681396     9 skeleton_planner.h:170] Found solution in: 13
I20260909 04:37:29.681406     9 skeleton_planner.h:170] Found solution in: 1
I20260909 04:37:29.681408     9 skeleton_planner.h:170] Found solution in: 1
I20260909 04:37:29.681443     9 skeleton_planner.h:170] Found solution in: 12
I20260909 04:37:29.681456     9 skeleton_planner.h:170] Found solution in: 3
I20260909 04:37:29.681469     9 skeleton_planner.h:170] Found solution in: 4
I20260909 04:37:29.681486     9 skeleton_planner.h:170] Found solution in: 4
I20260909 04:37:29.681501     9 skeleton_planner.h:170] Found solution in: 4
I20260909 04:37:29.681511     9 skeleton_planner.h:170] Found solution in: 3
I20260909 04:37:29.681523     9 skeleton_planner.h:170] Found solution in: 4
I20260909 04:37:29.681571     9 skeleton_planner.h:170] Found solution in: 14
I20260909 04:37:29.681605     9 skeleton_planner.h:170] Found solution in: 8
I20260909 04:37:29.681689     9 skeleton_planner.h:170] Found solution in: 21
I20260909 04:37:29.681731     9 skeleton_planner.h:170] Found solution in: 10
I20260909 04:37:29.681740     9 skeleton_planner.h:170] Found solution in: 2
I20260909 04:37:29.681758     9 skeleton_planner.h:170] Found solution in: 5
I20260909 04:37:29.681772     9 skeleton_planner.h:170] Found solution in: 4
I20260909 04:37:29.681790     9 skeleton_planner.h:170] Found solution in: 6
I20260909 04:37:29.681805     9 skeleton_planner.h:170] Found solution in: 4
I20260909 04:37:29.681810     9 skeleton_planner.h:170] Found solution in: 1
I20260909 04:37:29.681819     9 skeleton_planner.h:170] Found solution in: 3
I20260909 04:37:29.681829     9 skeleton_planner.h:170] Found solution in: 3
I20260909 04:37:29.681847     9 skeleton_planner.h:170] Found solution in: 6
I20260909 04:37:29.681856     9 skeleton_planner.h:170] Found solution in: 2
I20260909 04:37:29.681876     9 skeleton_planner.h:170] Found solution in: 7
I20260909 04:37:29.681903     9 skeleton_planner.h:170] Found solution in: 9
I20260909 04:37:29.681924     9 skeleton_planner.h:170] Found solution in: 7
I20260909 04:37:29.681951     9 skeleton_planner.h:170] Found solution in: 11
I20260909 04:37:29.682003     9 skeleton_planner.h:170] Found solution in: 17
I20260909 04:37:29.682034     9 skeleton_planner.h:170] Found solution in: 9
I20260909 04:37:29.682050     9 skeleton_planner.h:170] Found solution in: 4
I20260909 04:37:29.682062     9 skeleton_planner.h:170] Found solution in: 3
I20260909 04:37:29.682085     9 skeleton_planner.h:170] Found solution in: 8
I20260909 04:37:29.682104     9 skeleton_planner.h:170] Found solution in: 5
I20260909 04:37:29.682121     9 skeleton_planner.h:170] Found solution in: 5
I20260909 04:37:29.682132     9 skeleton_planner.h:170] Found solution in: 3
I20260909 04:37:29.682139     9 skeleton_planner.h:170] Found solution in: 2
I20260909 04:37:29.682150     9 skeleton_planner.h:170] Found solution in: 3
I20260909 04:37:29.682155     9 skeleton_planner.h:170] Found solution in: 1
I20260909 04:37:29.682174     9 skeleton_planner.h:170] Found solution in: 7
I20260909 04:37:29.682209     9 skeleton_planner.h:170] Found solution in: 9
I20260909 04:37:29.682238     9 skeleton_planner.h:170] Found solution in: 9
I20260909 04:37:29.682258     9 skeleton_planner.h:170] Found solution in: 6
I20260909 04:37:29.682277     9 skeleton_planner.h:170] Found solution in: 5
I20260909 04:37:29.682296     9 skeleton_planner.h:170] Found solution in: 6
I20260909 04:37:29.682302     9 skeleton_planner.h:170] Found solution in: 1
I20260909 04:37:29.682317     9 skeleton_planner.h:170] Found solution in: 6
I20260909 04:37:29.682345     9 skeleton_planner.h:170] Found solution in: 11
I20260909 04:37:29.682571     9 skeleton_planner.h:170] Found solution in: 66
I20260909 04:37:29.682653     9 skeleton_planner.h:170] Found solution in: 19
I20260909 04:37:29.682687     9 skeleton_planner.h:170] Found solution in: 9
I20260909 04:37:29.682719     9 skeleton_planner.h:170] Found solution in: 11
I20260909 04:37:29.682751     9 skeleton_planner.h:170] Found solution in: 11
I20260909 04:37:29.682770     9 skeleton_planner.h:170] Found solution in: 6
I20260909 04:37:29.682783     9 skeleton_planner.h:170] Found solution in: 5
I20260909 04:37:29.682806     9 skeleton_planner.h:170] Found solution in: 7
I20260909 04:37:29.682813     9 skeleton_planner.h:170] Found solution in: 2
I20260909 04:37:29.682821     9 skeleton_planner.h:170] Found solution in: 2
I20260909 04:37:29.682827     9 skeleton_planner.h:170] Found solution in: 2
I20260909 04:37:29.682849     9 skeleton_planner.h:170] Found solution in: 8
I20260909 04:37:29.682861     9 skeleton_planner.h:170] Found solution in: 3
I20260909 04:37:29.682873     9 skeleton_planner.h:170] Found solution in: 3
I20260909 04:37:29.682884     9 skeleton_planner.h:170] Found solution in: 4
I20260909 04:37:29.682897     9 skeleton_planner.h:170] Found solution in: 4
I20260909 04:37:29.682914     9 skeleton_planner.h:170] Found solution in: 5
I20260909 04:37:29.682940     9 skeleton_planner.h:170] Found solution in: 8
I20260909 04:37:29.682963     9 skeleton_planner.h:170] Found solution in: 8
I20260909 04:37:29.682996     9 skeleton_planner.h:170] Found solution in: 13
I20260909 04:37:29.683043     9 skeleton_planner.h:170] Found solution in: 14
I20260909 04:37:29.683081     9 skeleton_planner.h:170] Found solution in: 11
I20260909 04:37:29.683156     9 skeleton_planner.h:170] Found solution in: 22
I20260909 04:37:29.683254     9 skeleton_planner.h:170] Found solution in: 30
I20260909 04:37:29.683271     9 skeleton_planner.h:170] Found solution in: 3
I20260909 04:37:29.683284     9 skeleton_planner.h:170] Found solution in: 4
I20260909 04:37:29.683296     9 skeleton_planner.h:170] Found solution in: 4
I20260909 04:37:29.683331     9 skeleton_planner.h:170] Found solution in: 9
I20260909 04:37:29.683372     9 skeleton_planner.h:170] Found solution in: 13
I20260909 04:37:29.683387     9 skeleton_planner.h:170] Found solution in: 4
I20260909 04:37:29.683398     9 skeleton_planner.h:170] Found solution in: 3
I20260909 04:37:29.683437     9 skeleton_planner.h:170] Found solution in: 10
I20260909 04:37:29.683450     9 skeleton_planner.h:170] Found solution in: 3
I20260909 04:37:29.683473     9 skeleton_planner.h:170] Found solution in: 6
I20260909 04:37:29.683493     9 skeleton_planner.h:170] Found solution in: 6
I20260909 04:37:29.683538     9 skeleton_planner.h:170] Found solution in: 12
I20260909 04:37:29.683548     9 skeleton_planner.h:170] Found solution in: 2
I20260909 04:37:29.683558     9 skeleton_planner.h:170] Found solution in: 3
I20260909 04:37:29.683609     9 skeleton_planner.h:170] Found solution in: 14
I20260909 04:37:29.683712     9 skeleton_planner.h:170] Found solution in: 27
I20260909 04:37:29.683753     9 skeleton_planner.h:170] Found solution in: 7
I20260909 04:37:29.683782     9 skeleton_planner.h:170] Found solution in: 8
I20260909 04:37:29.683794     9 skeleton_planner.h:170] Found solution in: 3
I20260909 04:37:29.683813     9 skeleton_planner.h:170] Found solution in: 5
I20260909 04:37:29.683845     9 skeleton_planner.h:170] Found solution in: 9
I20260909 04:37:29.683871     9 skeleton_planner.h:170] Found solution in: 7
I20260909 04:37:29.683887     9 skeleton_planner.h:170] Found solution in: 5
I20260909 04:37:29.683931     9 skeleton_planner.h:170] Found solution in: 13
I20260909 04:37:29.684024     9 skeleton_planner.h:170] Found solution in: 24
I20260909 04:37:29.684104     9 skeleton_planner.h:170] Found solution in: 20
I20260909 04:37:29.684140     9 skeleton_planner.h:170] Found solution in: 9
I20260909 04:37:29.684156     9 skeleton_planner.h:170] Found solution in: 5
I20260909 04:37:29.684176     9 skeleton_planner.h:170] Found solution in: 6
I20260909 04:37:29.684187     9 skeleton_planner.h:170] Found solution in: 3
I20260909 04:37:29.684201     9 skeleton_planner.h:170] Found solution in: 5
I20260909 04:37:29.684212     9 skeleton_planner.h:170] Found solution in: 3
I20260909 04:37:29.684224     9 skeleton_planner.h:170] Found solution in: 4
I20260909 04:37:29.684234     9 skeleton_planner.h:170] Found solution in: 3
I20260909 04:37:29.684244     9 skeleton_planner.h:170] Found solution in: 3
I20260909 04:37:29.684259     9 skeleton_planner.h:170] Found solution in: 5
I20260909 04:37:29.684276     9 skeleton_planner.h:170] Found solution in: 5
I20260909 04:37:29.684309     9 skeleton_planner.h:170] Found solution in: 8
I20260909 04:37:29.684334     9 skeleton_planner.h:170] Found solution in: 6
I20260909 04:37:29.684381     9 skeleton_planner.h:170] Found solution in: 14
I20260909 04:37:29.684406     9 skeleton_planner.h:170] Found solution in: 5
I20260909 04:37:29.684417     9 skeleton_planner.h:170] Found solution in: 3
I20260909 04:37:29.684427     9 skeleton_planner.h:170] Found solution in: 3
I20260909 04:37:29.684445     9 skeleton_planner.h:170] Found solution in: 5
I20260909 04:37:29.684464     9 skeleton_planner.h:170] Found solution in: 6
I20260909 04:37:29.684484     9 skeleton_planner.h:170] Found solution in: 6
I20260909 04:37:29.684506     9 skeleton_planner.h:170] Found solution in: 6
I20260909 04:37:29.684526     9 skeleton_planner.h:170] Found solution in: 6
I20260909 04:37:29.684545     9 skeleton_planner.h:170] Found solution in: 6
I20260909 04:37:29.684557     9 skeleton_planner.h:170] Found solution in: 3
I20260909 04:37:29.684576     9 skeleton_planner.h:170] Found solution in: 6
I20260909 04:37:29.684599     9 skeleton_planner.h:170] Found solution in: 7
I20260909 04:37:29.684615     9 skeleton_planner.h:170] Found solution in: 4
I20260909 04:37:29.684638     9 skeleton_planner.h:170] Found solution in: 9
I20260909 04:37:29.684664     9 skeleton_planner.h:170] Found solution in: 8
I20260909 04:37:29.684695     9 skeleton_planner.h:170] Found solution in: 10
I20260909 04:37:29.684713     9 skeleton_planner.h:170] Found solution in: 5
I20260909 04:37:29.684736     9 skeleton_planner.h:170] Found solution in: 8
I20260909 04:37:29.684760     9 skeleton_planner.h:170] Found solution in: 9
I20260909 04:37:29.684800     9 skeleton_planner.h:170] Found solution in: 11
I20260909 04:37:29.684827     9 skeleton_planner.h:170] Found solution in: 8
I20260909 04:37:29.684849     9 skeleton_planner.h:170] Found solution in: 7
I20260909 04:37:29.684882     9 skeleton_planner.h:170] Found solution in: 11
I20260909 04:37:29.684903     9 skeleton_planner.h:170] Found solution in: 5
I20260909 04:37:29.684929     9 skeleton_planner.h:170] Found solution in: 8
I20260909 04:37:29.684952     9 skeleton_planner.h:170] Found solution in: 6
I20260909 04:37:29.684967     9 skeleton_planner.h:170] Found solution in: 5
I20260909 04:37:29.684986     9 skeleton_planner.h:170] Found solution in: 6
I20260909 04:37:29.684993     9 skeleton_planner.h:170] Found solution in: 1
I20260909 04:37:29.685006     9 skeleton_planner.h:170] Found solution in: 4
I20260909 04:37:29.685014     9 skeleton_planner.h:170] Found solution in: 2
I20260909 04:37:29.685026     9 skeleton_planner.h:170] Found solution in: 4
I20260909 04:37:29.685043     9 skeleton_planner.h:170] Found solution in: 5
I20260909 04:37:29.685057     9 skeleton_planner.h:170] Found solution in: 4
I20260909 04:37:29.685070     9 skeleton_planner.h:170] Found solution in: 3
I20260909 04:37:29.685086     9 skeleton_planner.h:170] Found solution in: 5
I20260909 04:37:29.685096     9 skeleton_planner.h:170] Found solution in: 3
I20260909 04:37:29.685107     9 skeleton_planner.h:170] Found solution in: 3
I20260909 04:37:29.685127     9 skeleton_planner.h:170] Found solution in: 6
I20260909 04:37:29.685139     9 skeleton_planner.h:170] Found solution in: 4
I20260909 04:37:29.685163     9 skeleton_planner.h:170] Found solution in: 8
I20260909 04:37:29.685184     9 skeleton_planner.h:170] Found solution in: 6
I20260909 04:37:29.685207     9 skeleton_planner.h:170] Found solution in: 8
I20260909 04:37:29.685222     9 skeleton_planner.h:170] Found solution in: 4
I20260909 04:37:29.685238     9 skeleton_planner.h:170] Found solution in: 4
I20260909 04:37:29.685280     9 skeleton_planner.h:170] Found solution in: 14
I20260909 04:37:29.685325     9 skeleton_planner.h:170] Found solution in: 12
I20260909 04:37:29.685385     9 skeleton_planner.h:170] Found solution in: 18
I20260909 04:37:29.685401     9 skeleton_planner.h:170] Found solution in: 4
I20260909 04:37:29.685405     9 skeleton_generator.cpp:1655] [Simplify Vertices] Vertex removals: 809 / 825, Edges added: 293
I20260909 04:37:29.685837     9 skeleton_generator.cpp:1697] [Subgraph] Number of disconnected subgraphs: 20
I20260909 04:37:29.689584     9 skeleton_planner.h:170] Found solution in: 4
I20260909 04:37:29.690207     9 skeleton_planner.h:170] Found solution in: 14
I20260909 04:37:29.690274     9 skeleton_planner.h:170] Found solution in: 16
I20260909 04:37:29.692071     9 skeleton_planner.h:170] Found solution in: 18
I20260909 04:37:29.694794     9 skeleton_planner.h:170] Found solution in: 88
I20260909 04:37:29.697945     9 skeleton_planner.h:170] Found solution in: 84
I20260909 04:37:29.700681     9 skeleton_planner.h:170] Found solution in: 49
I20260909 04:37:29.701094     9 skeleton_planner.h:170] Found solution in: 69
I20260909 04:37:29.704568     9 skeleton_planner.h:170] Found solution in: 20
I20260909 04:37:29.704815     9 skeleton_planner.h:170] Found solution in: 17
I20260909 04:37:29.704952     9 skeleton_generator.cpp:1756] [Subgraph] Potential edge candidates: 76 diagram candidates: 10
I20260909 04:37:29.705003     9 skeleton_generator.cpp:1771] [Subgraph] Final number of disconnected subgraphs: 11
I20260909 04:37:29.705006     9 skeleton_generator.cpp:633] [Sparse Graph] Vertices: 1236 Edges: 2062
