I20260909 04:39:20.283990   357 skeleton_planner.h:31] Setting ESDF layer.
I20260909 04:39:20.395823   357 skeleton_generator.cpp:226] [GVD] Finished finding GVD candidates. Number of skeleton points: 75191 edges: 7731
I20260909 04:39:20.420578   357 skeleton_generator.cpp:1093] [Prune] Number of vertices before prune: 3243 Number of deleted vertices: 741
I20260909 04:39:20.429639   357 skeleton_planner.h:170] Found solution in: 1
I20260909 04:39:20.429747   357 skeleton_planner.h:170] Found solution in: 3
I20260909 04:39:20.429756   357 skeleton_planner.h:170] Found solution in: 1
I20260909 04:39:20.429776   357 skeleton_planner.h:170] Found solution in: 3
I20260909 04:39:20.429785   357 skeleton_planner.h:170] Found solution in: 1
I20260909 04:39:20.429791   357 skeleton_planner.h:170] Found solution in: 6
I20260909 04:39:20.429803   357 skeleton_planner.h:170] Found solution in: 1
I20260909 04:39:20.429818   357 skeleton_planner.h:170] Found solution in: 3
I20260909 04:39:20.429824   357 skeleton_planner.h:170] Found solution in: 1
I20260909 04:39:20.429899   357 skeleton_planner.h:170] Found solution in: 3
I20260909 04:39:20.429910   357 skeleton_planner.h:170] Found solution in: 1
I20260909 04:39:20.429914   357 skeleton_planner.h:170] Found solution in: 3
I20260909 04:39:20.430214   357 skeleton_planner.h:170] Found solution in: 6
I20260909 04:39:20.430228   357 skeleton_planner.h:170] Found solution in: 1
I20260909 04:39:20.430238   357 skeleton_planner.h:170] Found solution in: 9
I20260909 04:39:20.430254   357 skeleton_planner.h:170] Found solution in: 21
I20260909 04:39:20.430269   357 skeleton_planner.h:170] Found solution in: 15
I20260909 04:39:20.430274   357 skeleton_planner.h:170] Found solution in: 1
I20260909 04:39:20.430279   357 skeleton_planner.h:170] Found solution in: 3
I20260909 04:39:20.430435   357 skeleton_planner.h:170] Found solution in: 79
I20260909 04:39:20.430457   357 skeleton_planner.h:170] Found solution in: 6
I20260909 04:39:20.430469   357 skeleton_planner.h:170] Found solution in: 1
I20260909 04:39:20.430496   357 skeleton_planner.h:170] Found solution in: 4
I20260909 04:39:20.430505   357 skeleton_planner.h:170] Found solution in: 1
I20260909 04:39:20.430521   357 skeleton_planner.h:170] Found solution in: 3
I20260909 04:39:20.430531   357 skeleton_planner.h:170] Found solution in: 1
I20260909 04:39:20.430562   357 skeleton_planner.h:170] Found solution in: 36
I20260909 04:39:20.430569   357 skeleton_planner.h:170] Found solution in: 1
I20260909 04:39:20.430573   357 skeleton_planner.h:170] Found solution in: 3
I20260909 04:39:20.430593   357 skeleton_planner.h:170] Found solution in: 6
I20260909 04:39:20.430603   357 skeleton_planner.h:170] Found solution in: 1
I20260909 04:39:20.430696   357 skeleton_planner.h:170] Found solution in: 37
I20260909 04:39:20.430783   357 skeleton_planner.h:170] Found solution in: 32
I20260909 04:39:20.430795   357 skeleton_planner.h:170] Found solution in: 8
I20260909 04:39:20.430804   357 skeleton_planner.h:170] Found solution in: 1
I20260909 04:39:20.430825   357 skeleton_planner.h:170] Found solution in: 5
I20260909 04:39:20.430837   357 skeleton_planner.h:170] Found solution in: 1
I20260909 04:39:20.430842   357 skeleton_planner.h:170] Found solution in: 3
I20260909 04:39:20.431051   357 skeleton_planner.h:170] Found solution in: 8
I20260909 04:39:20.431061   357 skeleton_planner.h:170] Found solution in: 1
I20260909 04:39:20.431073   357 skeleton_planner.h:170] Found solution in: 3
I20260909 04:39:20.431083   357 skeleton_planner.h:170] Found solution in: 1
I20260909 04:39:20.431088   357 skeleton_planner.h:170] Found solution in: 4
I20260909 04:39:20.431093   357 skeleton_planner.h:170] Found solution in: 4
I20260909 04:39:20.431118   357 skeleton_planner.h:170] Found solution in: 7
I20260909 04:39:20.431128   357 skeleton_planner.h:170] Found solution in: 1
I20260909 04:39:20.431135   357 skeleton_planner.h:170] Found solution in: 7
I20260909 04:39:20.431143   357 skeleton_planner.h:170] Found solution in: 8
I20260909 04:39:20.431152   357 skeleton_planner.h:170] Found solution in: 1
I20260909 04:39:20.431166   357 skeleton_planner.h:170] Found solution in: 7
I20260909 04:39:20.431173   357 skeleton_planner.h:170] Found solution in: 1
I20260909 04:39:20.431191   357 skeleton_planner.h:170] Found solution in: 4
I20260909 04:39:20.431198   357 skeleton_planner.h:170] Found solution in: 1
I20260909 04:39:20.431202   357 skeleton_planner.h:170] Found solution in: 3
I20260909 04:39:20.431212   357 skeleton_planner.h:170] Found solution in: 3
I20260909 04:39:20.431221   357 skeleton_planner.h:170] Found solution in: 1
I20260909 04:39:20.431226   357 skeleton_planner.h:170] Found solution in: 4
I20260909 04:39:20.431233   357 skeleton_planner.h:170] Found solution in: 1
I20260909 04:39:20.431241   357 skeleton_planner.h:170] Found solution in: 1
I20260909 04:39:20.431244   357 skeleton_planner.h:170] Found solution in: 2
I20260909 04:39:20.431257   357 skeleton_planner.h:170] Found solution in: 3
I20260909 04:39:20.431265   357 skeleton_planner.h:170] Found solution in: 1
I20260909 04:39:20.431270   357 skeleton_planner.h:170] Found solution in: 4
I20260909 04:39:20.431278   357 skeleton_planner.h:170] Found solution in: 6
I20260909 04:39:20.431296   357 skeleton_planner.h:170] Found solution in: 21
I20260909 04:39:20.431309   357 skeleton_planner.h:170] Found solution in: 1
I20260909 04:39:20.431313   357 skeleton_planner.h:170] Found solution in: 2
I20260909 04:39:20.431324   357 skeleton_planner.h:170] Found solution in: 3
I20260909 04:39:20.431337   357 skeleton_planner.h:170] Found solution in: 1
I20260909 04:39:20.431341   357 skeleton_planner.h:170] Found solution in: 2
I20260909 04:39:20.432202   357 skeleton_planner.h:170] Found solution in: 1
I20260909 04:39:20.432298   357 skeleton_planner.h:170] Found solution in: 3
I20260909 04:39:20.432308   357 skeleton_planner.h:170] Found solution in: 1
I20260909 04:39:20.432317   357 skeleton_planner.h:170] Found solution in: 1
I20260909 04:39:20.432323   357 skeleton_planner.h:170] Found solution in: 5
I20260909 04:39:20.432340   357 skeleton_planner.h:170] Found solution in: 14
I20260909 04:39:20.432353   357 skeleton_planner.h:170] Found solution in: 1
I20260909 04:39:20.432421   357 skeleton_planner.h:170] Found solution in: 3
I20260909 04:39:20.432431   357 skeleton_planner.h:170] Found solution in: 1
I20260909 04:39:20.432435   357 skeleton_planner.h:170] Found solution in: 2
I20260909 04:39:20.432456   357 skeleton_planner.h:170] Found solution in: 8
I20260909 04:39:20.432464   357 skeleton_planner.h:170] Found solution in: 1
I20260909 04:39:20.432469   357 skeleton_planner.h:170] Found solution in: 3
I20260909 04:39:20.432494   357 skeleton_planner.h:170] Found solution in: 4
I20260909 04:39:20.432502   357 skeleton_planner.h:170] Found solution in: 1
I20260909 04:39:20.432533   357 skeleton_planner.h:170] Found solution in: 36
I20260909 04:39:20.432541   357 skeleton_planner.h:170] Found solution in: 1
I20260909 04:39:20.432561   357 skeleton_planner.h:170] Found solution in: 3
I20260909 04:39:20.432571   357 skeleton_planner.h:170] Found solution in: 1
I20260909 04:39:20.432590   357 skeleton_planner.h:170] Found solution in: 3
I20260909 04:39:20.432598   357 skeleton_planner.h:170] Found solution in: 1
I20260909 04:39:20.432610   357 skeleton_planner.h:170] Found solution in: 3
I20260909 04:39:20.432616   357 skeleton_planner.h:170] Found solution in: 1
I20260909 04:39:20.432626   357 skeleton_planner.h:170] Found solution in: 3
I20260909 04:39:20.432633   357 skeleton_planner.h:170] Found solution in: 1
I20260909 04:39:20.432637   357 skeleton_planner.h:170] Found solution in: 3
I20260909 04:39:20.432653   357 skeleton_planner.h:170] Found solution in: 5
I20260909 04:39:20.432660   357 skeleton_planner.h:170] Found solution in: 1
I20260909 04:39:20.432665   357 skeleton_planner.h:170] Found solution in: 4
I20260909 04:39:20.432894   357 skeleton_planner.h:170] Found solution in: 7
I20260909 04:39:20.432904   357 skeleton_planner.h:170] Found solution in: 1
I20260909 04:39:20.432911   357 skeleton_planner.h:170] Found solution in: 7
I20260909 04:39:20.432921   357 skeleton_planner.h:170] Found solution in: 8
I20260909 04:39:20.432928   357 skeleton_planner.h:170] Found solution in: 7
I20260909 04:39:20.432933   357 skeleton_planner.h:170] Found solution in: 1
I20260909 04:39:20.432948   357 skeleton_planner.h:170] Found solution in: 3
I20260909 04:39:20.432956   357 skeleton_planner.h:170] Found solution in: 1
I20260909 04:39:20.432961   357 skeleton_planner.h:170] Found solution in: 3
I20260909 04:39:20.432988   357 skeleton_planner.h:170] Found solution in: 10
I20260909 04:39:20.432997   357 skeleton_planner.h:170] Found solution in: 1
I20260909 04:39:20.433004   357 skeleton_planner.h:170] Found solution in: 1
I20260909 04:39:20.433061   357 skeleton_planner.h:170] Found solution in: 30
I20260909 04:39:20.433071   357 skeleton_planner.h:170] Found solution in: 7
I20260909 04:39:20.433173   357 skeleton_planner.h:170] Found solution in: 50
I20260909 04:39:20.433187   357 skeleton_planner.h:170] Found solution in: 1
I20260909 04:39:20.433211   357 skeleton_planner.h:170] Found solution in: 5
I20260909 04:39:20.433223   357 skeleton_planner.h:170] Found solution in: 1
I20260909 04:39:20.433226   357 skeleton_planner.h:170] Found solution in: 3
I20260909 04:39:20.433462   357 skeleton_planner.h:170] Found solution in: 4
I20260909 04:39:20.433471   357 skeleton_planner.h:170] Found solution in: 1
I20260909 04:39:20.433476   357 skeleton_planner.h:170] Found solution in: 3
I20260909 04:39:20.433670   357 skeleton_planner.h:170] Found solution in: 86
I20260909 04:39:20.433857   357 skeleton_planner.h:170] Found solution in: 82
I20260909 04:39:20.433897   357 skeleton_planner.h:170] Found solution in: 8
I20260909 04:39:20.433907   357 skeleton_planner.h:170] Found solution in: 1
I20260909 04:39:20.434583   357 skeleton_planner.h:170] Found solution in: 10
I20260909 04:39:20.434593   357 skeleton_planner.h:170] Found solution in: 1
I20260909 04:39:20.434618   357 skeleton_planner.h:170] Found solution in: 32
I20260909 04:39:20.434638   357 skeleton_planner.h:170] Found solution in: 23
I20260909 04:39:20.434753   357 skeleton_planner.h:170] Found solution in: 5
I20260909 04:39:20.434764   357 skeleton_planner.h:170] Found solution in: 1
I20260909 04:39:20.434767   357 skeleton_planner.h:170] Found solution in: 2
I20260909 04:39:20.434860   357 skeleton_planner.h:170] Found solution in: 56
I20260909 04:39:20.434878   357 skeleton_planner.h:170] Found solution in: 6
I20260909 04:39:20.434887   357 skeleton_planner.h:170] Found solution in: 1
I20260909 04:39:20.434891   357 skeleton_planner.h:170] Found solution in: 3
I20260909 04:39:20.434900   357 skeleton_planner.h:170] Found solution in: 3
I20260909 04:39:20.434906   357 skeleton_planner.h:170] Found solution in: 1
I20260909 04:39:20.434922   357 skeleton_planner.h:170] Found solution in: 3
I20260909 04:39:20.434929   357 skeleton_planner.h:170] Found solution in: 1
I20260909 04:39:20.435076   357 skeleton_planner.h:170] Found solution in: 69
I20260909 04:39:20.435088   357 skeleton_planner.h:170] Found solution in: 4
I20260909 04:39:20.435104   357 skeleton_planner.h:170] Found solution in: 5
I20260909 04:39:20.435114   357 skeleton_planner.h:170] Found solution in: 1
I20260909 04:39:20.435125   357 skeleton_planner.h:170] Found solution in: 10
I20260909 04:39:20.435181   357 skeleton_planner.h:170] Found solution in: 60
I20260909 04:39:20.435189   357 skeleton_planner.h:170] Found solution in: 1
I20260909 04:39:20.435194   357 skeleton_planner.h:170] Found solution in: 3
I20260909 04:39:20.435200   357 skeleton_planner.h:170] Found solution in: 7
I20260909 04:39:20.435212   357 skeleton_planner.h:170] Found solution in: 13
I20260909 04:39:20.435218   357 skeleton_planner.h:170] Found solution in: 1
I20260909 04:39:20.435249   357 skeleton_planner.h:170] Found solution in: 37
I20260909 04:39:20.435256   357 skeleton_planner.h:170] Found solution in: 1
I20260909 04:39:20.435264   357 skeleton_planner.h:170] Found solution in: 8
I20260909 04:39:20.435271   357 skeleton_planner.h:170] Found solution in: 5
I20260909 04:39:20.435280   357 skeleton_planner.h:170] Found solution in: 1
I20260909 04:39:20.435284   357 skeleton_planner.h:170] Found solution in: 3
I20260909 04:39:20.435299   357 skeleton_planner.h:170] Found solution in: 5
I20260909 04:39:20.435309   357 skeleton_planner.h:170] Found solution in: 1
I20260909 04:39:20.435314   357 skeleton_planner.h:170] Found solution in: 4
I20260909 04:39:20.435328   357 skeleton_planner.h:170] Found solution in: 4
I20260909 04:39:20.435335   357 skeleton_planner.h:170] Found solution in: 1
I20260909 04:39:20.435339   357 skeleton_planner.h:170] Found solution in: 2
I20260909 04:39:20.435361   357 skeleton_planner.h:170] Found solution in: 7
I20260909 04:39:20.435374   357 skeleton_planner.h:170] Found solution in: 1
I20260909 04:39:20.435477   357 skeleton_planner.h:170] Found solution in: 9
I20260909 04:39:20.435487   357 skeleton_planner.h:170] Found solution in: 1
I20260909 04:39:20.435500   357 skeleton_planner.h:170] Found solution in: 3
I20260909 04:39:20.435508   357 skeleton_planner.h:170] Found solution in: 1
I20260909 04:39:20.435513   357 skeleton_planner.h:170] Found solution in: 3
I20260909 04:39:20.435532   357 skeleton_planner.h:170] Found solution in: 5
I20260909 04:39:20.435544   357 skeleton_planner.h:170] Found solution in: 1
I20260909 04:39:20.435588   357 skeleton_planner.h:170] Found solution in: 3
I20260909 04:39:20.435596   357 skeleton_planner.h:170] Found solution in: 1
I20260909 04:39:20.435611   357 skeleton_planner.h:170] Found solution in: 3
I20260909 04:39:20.435618   357 skeleton_planner.h:170] Found solution in: 1
I20260909 04:39:20.435628   357 skeleton_planner.h:170] Found solution in: 1
I20260909 04:39:20.435642   357 skeleton_planner.h:170] Found solution in: 15
I20260909 04:39:20.435649   357 skeleton_planner.h:170] Found solution in: 1
I20260909 04:39:20.435655   357 skeleton_planner.h:170] Found solution in: 5
I20260909 04:39:20.435675   357 skeleton_planner.h:170] Found solution in: 5
I20260909 04:39:20.435684   357 skeleton_planner.h:170] Found solution in: 1
I20260909 04:39:20.435690   357 skeleton_planner.h:170] Found solution in: 4
I20260909 04:39:20.435715   357 skeleton_planner.h:170] Found solution in: 5
I20260909 04:39:20.435726   357 skeleton_planner.h:170] Found solution in: 1
I20260909 04:39:20.435729   357 skeleton_planner.h:170] Found solution in: 2
I20260909 04:39:20.435985   357 skeleton_planner.h:170] Found solution in: 25
I20260909 04:39:20.436059   357 skeleton_planner.h:170] Found solution in: 31
I20260909 04:39:20.436079   357 skeleton_planner.h:170] Found solution in: 7
I20260909 04:39:20.436089   357 skeleton_planner.h:170] Found solution in: 1
I20260909 04:39:20.436094   357 skeleton_planner.h:170] Found solution in: 4
I20260909 04:39:20.436270   357 skeleton_planner.h:170] Found solution in: 4
I20260909 04:39:20.436280   357 skeleton_planner.h:170] Found solution in: 1
I20260909 04:39:20.436288   357 skeleton_planner.h:170] Found solution in: 3
I20260909 04:39:20.436295   357 skeleton_planner.h:170] Found solution in: 1
I20260909 04:39:20.436307   357 skeleton_planner.h:170] Found solution in: 1
I20260909 04:39:20.436408   357 skeleton_planner.h:170] Found solution in: 6
I20260909 04:39:20.436419   357 skeleton_planner.h:170] Found solution in: 1
I20260909 04:39:20.436424   357 skeleton_planner.h:170] Found solution in: 3
I20260909 04:39:20.436439   357 skeleton_planner.h:170] Found solution in: 4
I20260909 04:39:20.436446   357 skeleton_planner.h:170] Found solution in: 1
I20260909 04:39:20.436450   357 skeleton_planner.h:170] Found solution in: 3
I20260909 04:39:20.436470   357 skeleton_planner.h:170] Found solution in: 6
I20260909 04:39:20.436480   357 skeleton_planner.h:170] Found solution in: 1
I20260909 04:39:20.436496   357 skeleton_planner.h:170] Found solution in: 3
I20260909 04:39:20.436506   357 skeleton_planner.h:170] Found solution in: 1
I20260909 04:39:20.436527   357 skeleton_planner.h:170] Found solution in: 6
I20260909 04:39:20.436539   357 skeleton_planner.h:170] Found solution in: 1
I20260909 04:39:20.436553   357 skeleton_planner.h:170] Found solution in: 3
I20260909 04:39:20.436565   357 skeleton_planner.h:170] Found solution in: 1
I20260909 04:39:20.436599   357 skeleton_planner.h:170] Found solution in: 39
I20260909 04:39:20.436633   357 skeleton_planner.h:170] Found solution in: 42
I20260909 04:39:20.436645   357 skeleton_planner.h:170] Found solution in: 1
I20260909 04:39:20.436648   357 skeleton_planner.h:170] Found solution in: 2
I20260909 04:39:20.436658   357 skeleton_planner.h:170] Found solution in: 3
I20260909 04:39:20.436666   357 skeleton_planner.h:170] Found solution in: 1
I20260909 04:39:20.436669   357 skeleton_planner.h:170] Found solution in: 2
I20260909 04:39:20.436679   357 skeleton_planner.h:170] Found solution in: 3
I20260909 04:39:20.436688   357 skeleton_planner.h:170] Found solution in: 1
I20260909 04:39:20.436693   357 skeleton_planner.h:170] Found solution in: 4
I20260909 04:39:20.436713   357 skeleton_planner.h:170] Found solution in: 5
I20260909 04:39:20.436720   357 skeleton_planner.h:170] Found solution in: 1
I20260909 04:39:20.436735   357 skeleton_planner.h:170] Found solution in: 4
I20260909 04:39:20.436743   357 skeleton_planner.h:170] Found solution in: 1
I20260909 04:39:20.436753   357 skeleton_planner.h:170] Found solution in: 3
I20260909 04:39:20.436759   357 skeleton_planner.h:170] Found solution in: 1
I20260909 04:39:20.436774   357 skeleton_planner.h:170] Found solution in: 4
I20260909 04:39:20.436780   357 skeleton_planner.h:170] Found solution in: 1
I20260909 04:39:20.436797   357 skeleton_planner.h:170] Found solution in: 5
I20260909 04:39:20.436803   357 skeleton_planner.h:170] Found solution in: 1
I20260909 04:39:20.436816   357 skeleton_planner.h:170] Found solution in: 3
I20260909 04:39:20.436825   357 skeleton_planner.h:170] Found solution in: 1
I20260909 04:39:20.436830   357 skeleton_planner.h:170] Found solution in: 6
I20260909 04:39:20.436928   357 skeleton_planner.h:170] Found solution in: 7
I20260909 04:39:20.436935   357 skeleton_planner.h:170] Found solution in: 1
I20260909 04:39:20.437028   357 skeleton_planner.h:170] Found solution in: 6
I20260909 04:39:20.437042   357 skeleton_planner.h:170] Found solution in: 1
I20260909 04:39:20.437047   357 skeleton_planner.h:170] Found solution in: 3
I20260909 04:39:20.437052   357 skeleton_planner.h:170] Found solution in: 8
I20260909 04:39:20.437088   357 skeleton_planner.h:170] Found solution in: 6
I20260909 04:39:20.437095   357 skeleton_planner.h:170] Found solution in: 1
I20260909 04:39:20.437099   357 skeleton_planner.h:170] Found solution in: 3
I20260909 04:39:20.437114   357 skeleton_planner.h:170] Found solution in: 4
I20260909 04:39:20.437119   357 skeleton_planner.h:170] Found solution in: 1
I20260909 04:39:20.437134   357 skeleton_planner.h:170] Found solution in: 13
I20260909 04:39:20.437143   357 skeleton_planner.h:170] Found solution in: 1
I20260909 04:39:20.437150   357 skeleton_planner.h:170] Found solution in: 8
I20260909 04:39:20.437155   357 skeleton_planner.h:170] Found solution in: 1
I20260909 04:39:20.437160   357 skeleton_planner.h:170] Found solution in: 1
I20260909 04:39:20.437168   357 skeleton_planner.h:170] Found solution in: 1
I20260909 04:39:20.437240   357 skeleton_planner.h:170] Found solution in: 3
I20260909 04:39:20.437248   357 skeleton_planner.h:170] Found solution in: 1
I20260909 04:39:20.437263   357 skeleton_planner.h:170] Found solution in: 5
I20260909 04:39:20.437268   357 skeleton_planner.h:170] Found solution in: 1
I20260909 04:39:20.437276   357 skeleton_planner.h:170] Found solution in: 1
I20260909 04:39:20.437354   357 skeleton_planner.h:170] Found solution in: 3
I20260909 04:39:20.437361   357 skeleton_planner.h:170] Found solution in: 1
I20260909 04:39:20.437435   357 skeleton_planner.h:170] Found solution in: 4
I20260909 04:39:20.437443   357 skeleton_planner.h:170] Found solution in: 1
I20260909 04:39:20.437448   357 skeleton_planner.h:170] Found solution in: 1
I20260909 04:39:20.437461   357 skeleton_planner.h:170] Found solution in: 3
I20260909 04:39:20.437472   357 skeleton_planner.h:170] Found solution in: 1
I20260909 04:39:20.437476   357 skeleton_planner.h:170] Found solution in: 3
I20260909 04:39:20.437491   357 skeleton_planner.h:170] Found solution in: 5
I20260909 04:39:20.437501   357 skeleton_planner.h:170] Found solution in: 1
I20260909 04:39:20.437520   357 skeleton_planner.h:170] Found solution in: 5
I20260909 04:39:20.437529   357 skeleton_planner.h:170] Found solution in: 1
I20260909 04:39:20.437541   357 skeleton_planner.h:170] Found solution in: 13
I20260909 04:39:20.437624   357 skeleton_planner.h:170] Found solution in: 4
I20260909 04:39:20.437633   357 skeleton_planner.h:170] Found solution in: 1
I20260909 04:39:20.437638   357 skeleton_planner.h:170] Found solution in: 1
I20260909 04:39:20.437644   357 skeleton_planner.h:170] Found solution in: 5
I20260909 04:39:20.437661   357 skeleton_planner.h:170] Found solution in: 4
I20260909 04:39:20.437669   357 skeleton_planner.h:170] Found solution in: 1
I20260909 04:39:20.437674   357 skeleton_planner.h:170] Found solution in: 4
I20260909 04:39:20.437680   357 skeleton_planner.h:170] Found solution in: 1
I20260909 04:39:20.437693   357 skeleton_planner.h:170] Found solution in: 3
I20260909 04:39:20.437701   357 skeleton_planner.h:170] Found solution in: 1
I20260909 04:39:20.437790   357 skeleton_planner.h:170] Found solution in: 3
I20260909 04:39:20.437798   357 skeleton_planner.h:170] Found solution in: 1
I20260909 04:39:20.437813   357 skeleton_planner.h:170] Found solution in: 5
I20260909 04:39:20.437825   357 skeleton_planner.h:170] Found solution in: 1
I20260909 04:39:20.437925   357 skeleton_planner.h:170] Found solution in: 38
I20260909 04:39:20.437958   357 skeleton_planner.h:170] Found solution in: 7
I20260909 04:39:20.437971   357 skeleton_planner.h:170] Found solution in: 1
I20260909 04:39:20.437975   357 skeleton_planner.h:170] Found solution in: 3
I20260909 04:39:20.437989   357 skeleton_planner.h:170] Found solution in: 6
I20260909 04:39:20.438001   357 skeleton_planner.h:170] Found solution in: 1
I20260909 04:39:20.438236   357 skeleton_planner.h:170] Found solution in: 11
I20260909 04:39:20.438246   357 skeleton_planner.h:170] Found solution in: 1
I20260909 04:39:20.438251   357 skeleton_planner.h:170] Found solution in: 4
I20260909 04:39:20.438269   357 skeleton_planner.h:170] Found solution in: 4
I20260909 04:39:20.438277   357 skeleton_planner.h:170] Found solution in: 1
I20260909 04:39:20.438289   357 skeleton_planner.h:170] Found solution in: 3
I20260909 04:39:20.438295   357 skeleton_planner.h:170] Found solution in: 1
I20260909 04:39:20.438300   357 skeleton_planner.h:170] Found solution in: 4
I20260909 04:39:20.438316   357 skeleton_planner.h:170] Found solution in: 4
I20260909 04:39:20.438323   357 skeleton_planner.h:170] Found solution in: 1
I20260909 04:39:20.438335   357 skeleton_planner.h:170] Found solution in: 3
I20260909 04:39:20.438340   357 skeleton_planner.h:170] Found solution in: 1
I20260909 04:39:20.438352   357 skeleton_planner.h:170] Found solution in: 3
I20260909 04:39:20.438359   357 skeleton_planner.h:170] Found solution in: 1
I20260909 04:39:20.438370   357 skeleton_planner.h:170] Found solution in: 3
I20260909 04:39:20.438376   357 skeleton_planner.h:170] Found solution in: 1
I20260909 04:39:20.438390   357 skeleton_planner.h:170] Found solution in: 3
I20260909 04:39:20.438397   357 skeleton_planner.h:170] Found solution in: 1
I20260909 04:39:20.438496   357 skeleton_planner.h:170] Found solution in: 4
I20260909 04:39:20.438505   357 skeleton_planner.h:170] Found solution in: 1
I20260909 04:39:20.438513   357 skeleton_planner.h:170] Found solution in: 9
I20260909 04:39:20.438521   357 skeleton_planner.h:170] Found solution in: 9
I20260909 04:39:20.438527   357 skeleton_planner.h:170] Found solution in: 1
I20260909 04:39:20.438577   357 skeleton_planner.h:170] Found solution in: 28
I20260909 04:39:20.438586   357 skeleton_planner.h:170] Found solution in: 5
I20260909 04:39:20.438599   357 skeleton_planner.h:170] Found solution in: 4
I20260909 04:39:20.438607   357 skeleton_planner.h:170] Found solution in: 1
I20260909 04:39:20.438616   357 skeleton_planner.h:170] Found solution in: 6
I20260909 04:39:20.438750   357 skeleton_planner.h:170] Found solution in: 71
I20260909 04:39:20.438761   357 skeleton_planner.h:170] Found solution in: 6
I20260909 04:39:20.438767   357 skeleton_planner.h:170] Found solution in: 1
I20260909 04:39:20.438779   357 skeleton_planner.h:170] Found solution in: 4
I20260909 04:39:20.438788   357 skeleton_planner.h:170] Found solution in: 1
I20260909 04:39:20.438812   357 skeleton_planner.h:170] Found solution in: 5
I20260909 04:39:20.438819   357 skeleton_planner.h:170] Found solution in: 1
I20260909 04:39:20.438910   357 skeleton_planner.h:170] Found solution in: 5
I20260909 04:39:20.438918   357 skeleton_planner.h:170] Found solution in: 1
I20260909 04:39:20.438926   357 skeleton_planner.h:170] Found solution in: 8
I20260909 04:39:20.438949   357 skeleton_planner.h:170] Found solution in: 6
I20260909 04:39:20.438957   357 skeleton_planner.h:170] Found solution in: 1
I20260909 04:39:20.438961   357 skeleton_planner.h:170] Found solution in: 4
I20260909 04:39:20.438982   357 skeleton_planner.h:170] Found solution in: 7
I20260909 04:39:20.438988   357 skeleton_planner.h:170] Found solution in: 1
I20260909 04:39:20.438998   357 skeleton_planner.h:170] Found solution in: 3
I20260909 04:39:20.439005   357 skeleton_planner.h:170] Found solution in: 1
I20260909 04:39:20.439023   357 skeleton_planner.h:170] Found solution in: 5
I20260909 04:39:20.439031   357 skeleton_planner.h:170] Found solution in: 1
I20260909 04:39:20.439038   357 skeleton_planner.h:170] Found solution in: 1
I20260909 04:39:20.439046   357 skeleton_planner.h:170] Found solution in: 1
I20260909 04:39:20.439049   357 skeleton_planner.h:170] Found solution in: 2
I20260909 04:39:20.439067   357 skeleton_planner.h:170] Found solution in: 6
I20260909 04:39:20.439076   357 skeleton_planner.h:170] Found solution in: 1
I20260909 04:39:20.439091   357 skeleton_planner.h:170] Found solution in: 5
I20260909 04:39:20.439100   357 skeleton_planner.h:170] Found solution in: 1
I20260909 04:39:20.439116   357 skeleton_planner.h:170] Found solution in: 19
I20260909 04:39:20.439210   357 skeleton_planner.h:170] Found solution in: 4
I20260909 04:39:20.439218   357 skeleton_planner.h:170] Found solution in: 1
I20260909 04:39:20.439227   357 skeleton_planner.h:170] Found solution in: 9
I20260909 04:39:20.439236   357 skeleton_planner.h:170] Found solution in: 1
I20260909 04:39:20.439249   357 skeleton_planner.h:170] Found solution in: 3
I20260909 04:39:20.439257   357 skeleton_planner.h:170] Found solution in: 1
I20260909 04:39:20.439260   357 skeleton_planner.h:170] Found solution in: 2
I20260909 04:39:20.439275   357 skeleton_planner.h:170] Found solution in: 5
I20260909 04:39:20.439281   357 skeleton_planner.h:170] Found solution in: 1
I20260909 04:39:20.439298   357 skeleton_planner.h:170] Found solution in: 5
I20260909 04:39:20.439314   357 skeleton_planner.h:170] Found solution in: 1
I20260909 04:39:20.439319   357 skeleton_planner.h:170] Found solution in: 3
I20260909 04:39:20.439329   357 skeleton_planner.h:170] Found solution in: 3
I20260909 04:39:20.439338   357 skeleton_planner.h:170] Found solution in: 1
I20260909 04:39:20.439349   357 skeleton_planner.h:170] Found solution in: 3
I20260909 04:39:20.439357   357 skeleton_planner.h:170] Found solution in: 1
I20260909 04:39:20.439361   357 skeleton_planner.h:170] Found solution in: 3
I20260909 04:39:20.439373   357 skeleton_planner.h:170] Found solution in: 3
I20260909 04:39:20.439380   357 skeleton_planner.h:170] Found solution in: 1
I20260909 04:39:20.439388   357 skeleton_planner.h:170] Found solution in: 8
I20260909 04:39:20.439399   357 skeleton_planner.h:170] Found solution in: 12
I20260909 04:39:20.439405   357 skeleton_planner.h:170] Found solution in: 1
I20260909 04:39:20.439410   357 skeleton_planner.h:170] Found solution in: 5
I20260909 04:39:20.439430   357 skeleton_planner.h:170] Found solution in: 5
I20260909 04:39:20.439437   357 skeleton_planner.h:170] Found solution in: 1
I20260909 04:39:20.439448   357 skeleton_planner.h:170] Found solution in: 9
I20260909 04:39:20.439455   357 skeleton_planner.h:170] Found solution in: 5
I20260909 04:39:20.439471   357 skeleton_planner.h:170] Found solution in: 18
I20260909 04:39:20.439478   357 skeleton_planner.h:170] Found solution in: 1
I20260909 04:39:20.439489   357 skeleton_planner.h:170] Found solution in: 3
I20260909 04:39:20.439495   357 skeleton_planner.h:170] Found solution in: 1
I20260909 04:39:20.439502   357 skeleton_planner.h:170] Found solution in: 5
I20260909 04:39:20.439508   357 skeleton_planner.h:170] Found solution in: 6
I20260909 04:39:20.439517   357 skeleton_planner.h:170] Found solution in: 9
I20260909 04:39:20.439524   357 skeleton_planner.h:170] Found solution in: 1
I20260909 04:39:20.439527   357 skeleton_planner.h:170] Found solution in: 2
I20260909 04:39:20.439539   357 skeleton_planner.h:170] Found solution in: 4
I20260909 04:39:20.439548   357 skeleton_planner.h:170] Found solution in: 1
I20260909 04:39:20.439567   357 skeleton_planner.h:170] Found solution in: 7
I20260909 04:39:20.439576   357 skeleton_planner.h:170] Found solution in: 1
I20260909 04:39:20.439585   357 skeleton_planner.h:170] Found solution in: 1
I20260909 04:39:20.439589   357 skeleton_planner.h:170] Found solution in: 2
I20260909 04:39:20.439595   357 skeleton_planner.h:170] Found solution in: 1
I20260909 04:39:20.439599   357 skeleton_planner.h:170] Found solution in: 2
I20260909 04:39:20.439603   357 skeleton_planner.h:170] Found solution in: 1
I20260909 04:39:20.439606   357 skeleton_planner.h:170] Found solution in: 2
I20260909 04:39:20.439612   357 skeleton_planner.h:170] Found solution in: 1
I20260909 04:39:20.439615   357 skeleton_planner.h:170] Found solution in: 2
I20260909 04:39:20.439628   357 skeleton_planner.h:170] Found solution in: 4
I20260909 04:39:20.439639   357 skeleton_planner.h:170] Found solution in: 1
I20260909 04:39:20.439651   357 skeleton_planner.h:170] Found solution in: 3
I20260909 04:39:20.439659   357 skeleton_planner.h:170] Found solution in: 1
I20260909 04:39:20.439675   357 skeleton_planner.h:170] Found solution in: 4
I20260909 04:39:20.439687   357 skeleton_planner.h:170] Found solution in: 1
I20260909 04:39:20.439692   357 skeleton_planner.h:170] Found solution in: 5
I20260909 04:39:20.439715   357 skeleton_planner.h:170] Found solution in: 9
I20260909 04:39:20.439724   357 skeleton_planner.h:170] Found solution in: 1
I20260909 04:39:20.439749   357 skeleton_planner.h:170] Found solution in: 9
I20260909 04:39:20.439757   357 skeleton_planner.h:170] Found solution in: 1
I20260909 04:39:20.439760   357 skeleton_planner.h:170] Found solution in: 2
I20260909 04:39:20.439771   357 skeleton_planner.h:170] Found solution in: 3
I20260909 04:39:20.439778   357 skeleton_planner.h:170] Found solution in: 1
I20260909 04:39:20.439787   357 skeleton_planner.h:170] Found solution in: 3
I20260909 04:39:20.439795   357 skeleton_planner.h:170] Found solution in: 1
I20260909 04:39:20.439800   357 skeleton_planner.h:170] Found solution in: 4
I20260909 04:39:20.440589   357 skeleton_planner.h:170] Found solution in: 1
I20260909 04:39:20.440596   357 skeleton_planner.h:170] Found solution in: 5
I20260909 04:39:20.440611   357 skeleton_planner.h:170] Found solution in: 5
I20260909 04:39:20.440620   357 skeleton_planner.h:170] Found solution in: 1
I20260909 04:39:20.441233   357 skeleton_planner.h:170] Found solution in: 8
I20260909 04:39:20.441243   357 skeleton_planner.h:170] Found solution in: 1
I20260909 04:39:20.441426   357 skeleton_planner.h:170] Found solution in: 5
I20260909 04:39:20.441434   357 skeleton_planner.h:170] Found solution in: 1
I20260909 04:39:20.441447   357 skeleton_planner.h:170] Found solution in: 3
I20260909 04:39:20.441455   357 skeleton_planner.h:170] Found solution in: 1
I20260909 04:39:20.441501   357 skeleton_planner.h:170] Found solution in: 18
I20260909 04:39:20.441565   357 skeleton_planner.h:170] Found solution in: 28
I20260909 04:39:20.441593   357 skeleton_planner.h:170] Found solution in: 8
I20260909 04:39:20.441603   357 skeleton_planner.h:170] Found solution in: 1
I20260909 04:39:20.441649   357 skeleton_planner.h:170] Found solution in: 13
I20260909 04:39:20.441658   357 skeleton_planner.h:170] Found solution in: 1
I20260909 04:39:20.441663   357 skeleton_planner.h:170] Found solution in: 5
I20260909 04:39:20.441694   357 skeleton_planner.h:170] Found solution in: 4
I20260909 04:39:20.441704   357 skeleton_planner.h:170] Found solution in: 1
I20260909 04:39:20.441706   357 skeleton_planner.h:170] Found solution in: 2
I20260909 04:39:20.441726   357 skeleton_planner.h:170] Found solution in: 7
I20260909 04:39:20.441735   357 skeleton_planner.h:170] Found solution in: 1
I20260909 04:39:20.441752   357 skeleton_planner.h:170] Found solution in: 9
I20260909 04:39:20.441761   357 skeleton_planner.h:170] Found solution in: 1
I20260909 04:39:20.441778   357 skeleton_planner.h:170] Found solution in: 6
I20260909 04:39:20.441787   357 skeleton_planner.h:170] Found solution in: 1
I20260909 04:39:20.441792   357 skeleton_planner.h:170] Found solution in: 5
I20260909 04:39:20.441826   357 skeleton_planner.h:170] Found solution in: 5
I20260909 04:39:20.441833   357 skeleton_planner.h:170] Found solution in: 1
I20260909 04:39:20.441843   357 skeleton_planner.h:170] Found solution in: 3
I20260909 04:39:20.441848   357 skeleton_planner.h:170] Found solution in: 1
I20260909 04:39:20.441854   357 skeleton_planner.h:170] Found solution in: 1
I20260909 04:39:20.441860   357 skeleton_planner.h:170] Found solution in: 6
I20260909 04:39:20.441866   357 skeleton_planner.h:170] Found solution in: 1
I20260909 04:39:20.441895   357 skeleton_planner.h:170] Found solution in: 5
I20260909 04:39:20.441902   357 skeleton_planner.h:170] Found solution in: 1
I20260909 04:39:20.441912   357 skeleton_planner.h:170] Found solution in: 10
I20260909 04:39:20.441917   357 skeleton_planner.h:170] Found solution in: 1
I20260909 04:39:20.441926   357 skeleton_planner.h:170] Found solution in: 9
I20260909 04:39:20.441932   357 skeleton_planner.h:170] Found solution in: 5
I20260909 04:39:20.441937   357 skeleton_planner.h:170] Found solution in: 5
I20260909 04:39:20.441943   357 skeleton_planner.h:170] Found solution in: 1
I20260909 04:39:20.441948   357 skeleton_planner.h:170] Found solution in: 5
I20260909 04:39:20.441952   357 skeleton_planner.h:170] Found solution in: 3
I20260909 04:39:20.441962   357 skeleton_planner.h:170] Found solution in: 12
I20260909 04:39:20.441970   357 skeleton_planner.h:170] Found solution in: 1
I20260909 04:39:20.441974   357 skeleton_planner.h:170] Found solution in: 3
I20260909 04:39:20.441979   357 skeleton_planner.h:170] Found solution in: 6
I20260909 04:39:20.441989   357 skeleton_planner.h:170] Found solution in: 12
I20260909 04:39:20.441996   357 skeleton_planner.h:170] Found solution in: 1
I20260909 04:39:20.442003   357 skeleton_planner.h:170] Found solution in: 4
I20260909 04:39:20.442096   357 skeleton_planner.h:170] Found solution in: 4
I20260909 04:39:20.442103   357 skeleton_planner.h:170] Found solution in: 1
I20260909 04:39:20.442109   357 skeleton_planner.h:170] Found solution in: 5
I20260909 04:39:20.442116   357 skeleton_planner.h:170] Found solution in: 1
I20260909 04:39:20.442121   357 skeleton_planner.h:170] Found solution in: 5
I20260909 04:39:20.442129   357 skeleton_planner.h:170] Found solution in: 1
I20260909 04:39:20.442157   357 skeleton_planner.h:170] Found solution in: 5
I20260909 04:39:20.442166   357 skeleton_planner.h:170] Found solution in: 1
I20260909 04:39:20.442173   357 skeleton_planner.h:170] Found solution in: 1
I20260909 04:39:20.442189   357 skeleton_planner.h:170] Found solution in: 5
I20260909 04:39:20.442198   357 skeleton_planner.h:170] Found solution in: 1
I20260909 04:39:20.442212   357 skeleton_planner.h:170] Found solution in: 5
I20260909 04:39:20.442221   357 skeleton_planner.h:170] Found solution in: 1
I20260909 04:39:20.442234   357 skeleton_planner.h:170] Found solution in: 15
I20260909 04:39:20.442240   357 skeleton_planner.h:170] Found solution in: 1
I20260909 04:39:20.442255   357 skeleton_planner.h:170] Found solution in: 17
I20260909 04:39:20.442265   357 skeleton_planner.h:170] Found solution in: 9
I20260909 04:39:20.442272   357 skeleton_planner.h:170] Found solution in: 1
I20260909 04:39:20.442276   357 skeleton_planner.h:170] Found solution in: 3
I20260909 04:39:20.442287   357 skeleton_planner.h:170] Found solution in: 3
I20260909 04:39:20.442293   357 skeleton_planner.h:170] Found solution in: 1
I20260909 04:39:20.442317   357 skeleton_planner.h:170] Found solution in: 7
I20260909 04:39:20.442330   357 skeleton_planner.h:170] Found solution in: 1
I20260909 04:39:20.442536   357 skeleton_planner.h:170] Found solution in: 1
I20260909 04:39:20.442543   357 skeleton_planner.h:170] Found solution in: 5
I20260909 04:39:20.442574   357 skeleton_planner.h:170] Found solution in: 6
I20260909 04:39:20.442584   357 skeleton_planner.h:170] Found solution in: 1
I20260909 04:39:20.442603   357 skeleton_planner.h:170] Found solution in: 5
I20260909 04:39:20.442611   357 skeleton_planner.h:170] Found solution in: 1
I20260909 04:39:20.442631   357 skeleton_planner.h:170] Found solution in: 6
I20260909 04:39:20.442638   357 skeleton_planner.h:170] Found solution in: 1
I20260909 04:39:20.442812   357 skeleton_planner.h:170] Found solution in: 1
I20260909 04:39:20.442994   357 skeleton_planner.h:170] Found solution in: 1
I20260909 04:39:20.443001   357 skeleton_planner.h:170] Found solution in: 5
I20260909 04:39:20.443037   357 skeleton_planner.h:170] Found solution in: 9
I20260909 04:39:20.443045   357 skeleton_planner.h:170] Found solution in: 1
I20260909 04:39:20.443063   357 skeleton_planner.h:170] Found solution in: 5
I20260909 04:39:20.443069   357 skeleton_planner.h:170] Found solution in: 1
I20260909 04:39:20.443076   357 skeleton_planner.h:170] Found solution in: 1
I20260909 04:39:20.443090   357 skeleton_planner.h:170] Found solution in: 14
I20260909 04:39:20.443097   357 skeleton_planner.h:170] Found solution in: 6
I20260909 04:39:20.443104   357 skeleton_planner.h:170] Found solution in: 1
I20260909 04:39:20.443120   357 skeleton_planner.h:170] Found solution in: 13
I20260909 04:39:20.443127   357 skeleton_planner.h:170] Found solution in: 1
I20260909 04:39:20.443135   357 skeleton_planner.h:170] Found solution in: 1
I20260909 04:39:20.443141   357 skeleton_planner.h:170] Found solution in: 6
I20260909 04:39:20.443154   357 skeleton_planner.h:170] Found solution in: 15
I20260909 04:39:20.443212   357 skeleton_planner.h:170] Found solution in: 13
I20260909 04:39:20.443221   357 skeleton_planner.h:170] Found solution in: 1
I20260909 04:39:20.443229   357 skeleton_planner.h:170] Found solution in: 8
I20260909 04:39:20.443235   357 skeleton_planner.h:170] Found solution in: 1
I20260909 04:39:20.443245   357 skeleton_planner.h:170] Found solution in: 10
I20260909 04:39:20.443297   357 skeleton_planner.h:170] Found solution in: 9
I20260909 04:39:20.443307   357 skeleton_planner.h:170] Found solution in: 1
I20260909 04:39:20.443960   357 skeleton_planner.h:170] Found solution in: 9
I20260909 04:39:20.443970   357 skeleton_planner.h:170] Found solution in: 1
I20260909 04:39:20.443988   357 skeleton_planner.h:170] Found solution in: 7
I20260909 04:39:20.443995   357 skeleton_planner.h:170] Found solution in: 1
I20260909 04:39:20.443998   357 skeleton_planner.h:170] Found solution in: 2
I20260909 04:39:20.444011   357 skeleton_planner.h:170] Found solution in: 5
I20260909 04:39:20.444016   357 skeleton_planner.h:170] Found solution in: 1
I20260909 04:39:20.444028   357 skeleton_planner.h:170] Found solution in: 5
I20260909 04:39:20.444036   357 skeleton_planner.h:170] Found solution in: 1
I20260909 04:39:20.444357   357 skeleton_planner.h:170] Found solution in: 54
I20260909 04:39:20.444370   357 skeleton_planner.h:170] Found solution in: 1
I20260909 04:39:20.444382   357 skeleton_planner.h:170] Found solution in: 4
I20260909 04:39:20.444388   357 skeleton_planner.h:170] Found solution in: 1
I20260909 04:39:20.444414   357 skeleton_planner.h:170] Found solution in: 6
I20260909 04:39:20.444424   357 skeleton_planner.h:170] Found solution in: 1
I20260909 04:39:20.444427   357 skeleton_planner.h:170] Found solution in: 2
I20260909 04:39:20.444449   357 skeleton_planner.h:170] Found solution in: 8
I20260909 04:39:20.444458   357 skeleton_planner.h:170] Found solution in: 1
I20260909 04:39:20.444468   357 skeleton_planner.h:170] Found solution in: 3
I20260909 04:39:20.444474   357 skeleton_planner.h:170] Found solution in: 1
I20260909 04:39:20.444485   357 skeleton_planner.h:170] Found solution in: 1
I20260909 04:39:20.444490   357 skeleton_planner.h:170] Found solution in: 4
I20260909 04:39:20.444501   357 skeleton_planner.h:170] Found solution in: 12
I20260909 04:39:20.444510   357 skeleton_planner.h:170] Found solution in: 1
I20260909 04:39:20.444518   357 skeleton_planner.h:170] Found solution in: 1
I20260909 04:39:20.444523   357 skeleton_planner.h:170] Found solution in: 4
I20260909 04:39:20.444537   357 skeleton_planner.h:170] Found solution in: 4
I20260909 04:39:20.444546   357 skeleton_planner.h:170] Found solution in: 1
I20260909 04:39:20.444577   357 skeleton_planner.h:170] Found solution in: 11
I20260909 04:39:20.444585   357 skeleton_planner.h:170] Found solution in: 1
I20260909 04:39:20.444593   357 skeleton_planner.h:170] Found solution in: 8
I20260909 04:39:20.444608   357 skeleton_planner.h:170] Found solution in: 19
I20260909 04:39:20.444655   357 skeleton_planner.h:170] Found solution in: 6
I20260909 04:39:20.444665   357 skeleton_planner.h:170] Found solution in: 1
I20260909 04:39:20.444674   357 skeleton_planner.h:170] Found solution in: 1
I20260909 04:39:20.444696   357 skeleton_planner.h:170] Found solution in: 27
I20260909 04:39:20.444710   357 skeleton_planner.h:170] Found solution in: 13
I20260909 04:39:20.444723   357 skeleton_planner.h:170] Found solution in: 17
I20260909 04:39:20.444731   357 skeleton_planner.h:170] Found solution in: 1
I20260909 04:39:20.444746   357 skeleton_planner.h:170] Found solution in: 19
I20260909 04:39:20.444751   357 skeleton_planner.h:170] Found solution in: 4
I20260909 04:39:20.444773   357 skeleton_planner.h:170] Found solution in: 29
I20260909 04:39:20.444780   357 skeleton_planner.h:170] Found solution in: 1
I20260909 04:39:20.444798   357 skeleton_planner.h:170] Found solution in: 20
I20260909 04:39:20.444804   357 skeleton_planner.h:170] Found solution in: 1
I20260909 04:39:20.444811   357 skeleton_planner.h:170] Found solution in: 6
I20260909 04:39:20.444840   357 skeleton_planner.h:170] Found solution in: 35
I20260909 04:39:20.444849   357 skeleton_planner.h:170] Found solution in: 1
I20260909 04:39:20.444949   357 skeleton_planner.h:170] Found solution in: 3
I20260909 04:39:20.444957   357 skeleton_planner.h:170] Found solution in: 1
I20260909 04:39:20.444963   357 skeleton_planner.h:170] Found solution in: 5
I20260909 04:39:20.444985   357 skeleton_planner.h:170] Found solution in: 25
I20260909 04:39:20.444993   357 skeleton_planner.h:170] Found solution in: 1
I20260909 04:39:20.445000   357 skeleton_planner.h:170] Found solution in: 8
I20260909 04:39:20.445012   357 skeleton_planner.h:170] Found solution in: 13
I20260909 04:39:20.445034   357 skeleton_planner.h:170] Found solution in: 23
I20260909 04:39:20.445137   357 skeleton_planner.h:170] Found solution in: 4
I20260909 04:39:20.445149   357 skeleton_planner.h:170] Found solution in: 1
I20260909 04:39:20.445156   357 skeleton_planner.h:170] Found solution in: 1
I20260909 04:39:20.445254   357 skeleton_planner.h:170] Found solution in: 5
I20260909 04:39:20.445264   357 skeleton_planner.h:170] Found solution in: 1
I20260909 04:39:20.445271   357 skeleton_planner.h:170] Found solution in: 5
I20260909 04:39:20.445277   357 skeleton_planner.h:170] Found solution in: 1
I20260909 04:39:20.445282   357 skeleton_planner.h:170] Found solution in: 3
I20260909 04:39:20.445304   357 skeleton_planner.h:170] Found solution in: 5
I20260909 04:39:20.445314   357 skeleton_planner.h:170] Found solution in: 1
I20260909 04:39:20.445318   357 skeleton_planner.h:170] Found solution in: 2
I20260909 04:39:20.445333   357 skeleton_planner.h:170] Found solution in: 4
I20260909 04:39:20.445339   357 skeleton_planner.h:170] Found solution in: 1
I20260909 04:39:20.445358   357 skeleton_planner.h:170] Found solution in: 5
I20260909 04:39:20.445365   357 skeleton_planner.h:170] Found solution in: 1
I20260909 04:39:20.445778   357 skeleton_planner.h:170] Found solution in: 12
I20260909 04:39:20.445791   357 skeleton_planner.h:170] Found solution in: 1
I20260909 04:39:20.445801   357 skeleton_planner.h:170] Found solution in: 3
I20260909 04:39:20.445808   357 skeleton_planner.h:170] Found solution in: 1
I20260909 04:39:20.445812   357 skeleton_planner.h:170] Found solution in: 3
I20260909 04:39:20.445832   357 skeleton_planner.h:170] Found solution in: 5
I20260909 04:39:20.445840   357 skeleton_planner.h:170] Found solution in: 1
I20260909 04:39:20.445847   357 skeleton_planner.h:170] Found solution in: 5
I20260909 04:39:20.445945   357 skeleton_planner.h:170] Found solution in: 5
I20260909 04:39:20.445957   357 skeleton_planner.h:170] Found solution in: 1
I20260909 04:39:20.445972   357 skeleton_planner.h:170] Found solution in: 16
I20260909 04:39:20.445981   357 skeleton_planner.h:170] Found solution in: 1
I20260909 04:39:20.445993   357 skeleton_planner.h:170] Found solution in: 1
I20260909 04:39:20.445997   357 skeleton_planner.h:170] Found solution in: 2
I20260909 04:39:20.446187   357 skeleton_planner.h:170] Found solution in: 5
I20260909 04:39:20.446197   357 skeleton_planner.h:170] Found solution in: 1
I20260909 04:39:20.446223   357 skeleton_planner.h:170] Found solution in: 7
I20260909 04:39:20.446236   357 skeleton_planner.h:170] Found solution in: 1
I20260909 04:39:20.446240   357 skeleton_planner.h:170] Found solution in: 2
I20260909 04:39:20.446246   357 skeleton_planner.h:170] Found solution in: 1
I20260909 04:39:20.446249   357 skeleton_planner.h:170] Found solution in: 2
I20260909 04:39:20.447464   357 skeleton_planner.h:170] Found solution in: 1
I20260909 04:39:20.447469   357 skeleton_planner.h:170] Found solution in: 2
I20260909 04:39:20.447481   357 skeleton_planner.h:170] Found solution in: 4
I20260909 04:39:20.447489   357 skeleton_planner.h:170] Found solution in: 1
I20260909 04:39:20.447505   357 skeleton_planner.h:170] Found solution in: 7
I20260909 04:39:20.447515   357 skeleton_planner.h:170] Found solution in: 1
I20260909 04:39:20.447546   357 skeleton_planner.h:170] Found solution in: 4
I20260909 04:39:20.447556   357 skeleton_planner.h:170] Found solution in: 1
I20260909 04:39:20.447568   357 skeleton_planner.h:170] Found solution in: 3
I20260909 04:39:20.447577   357 skeleton_planner.h:170] Found solution in: 1
I20260909 04:39:20.447589   357 skeleton_planner.h:170] Found solution in: 4
I20260909 04:39:20.447597   357 skeleton_planner.h:170] Found solution in: 1
I20260909 04:39:20.447607   357 skeleton_planner.h:170] Found solution in: 3
I20260909 04:39:20.447613   357 skeleton_planner.h:170] Found solution in: 1
I20260909 04:39:20.447634   357 skeleton_planner.h:170] Found solution in: 5
I20260909 04:39:20.447641   357 skeleton_planner.h:170] Found solution in: 1
I20260909 04:39:20.447655   357 skeleton_planner.h:170] Found solution in: 3
I20260909 04:39:20.447664   357 skeleton_planner.h:170] Found solution in: 1
I20260909 04:39:20.447675   357 skeleton_planner.h:170] Found solution in: 3
I20260909 04:39:20.447685   357 skeleton_planner.h:170] Found solution in: 1
I20260909 04:39:20.447690   357 skeleton_planner.h:170] Found solution in: 3
I20260909 04:39:20.447710   357 skeleton_planner.h:170] Found solution in: 5
I20260909 04:39:20.447718   357 skeleton_planner.h:170] Found solution in: 1
I20260909 04:39:20.447788   357 skeleton_planner.h:170] Found solution in: 3
I20260909 04:39:20.447794   357 skeleton_planner.h:170] Found solution in: 1
I20260909 04:39:20.447801   357 skeleton_planner.h:170] Found solution in: 7
I20260909 04:39:20.447808   357 skeleton_planner.h:170] Found solution in: 1
I20260909 04:39:20.447868   357 skeleton_planner.h:170] Found solution in: 7
I20260909 04:39:20.447878   357 skeleton_planner.h:170] Found solution in: 1
I20260909 04:39:20.447945   357 skeleton_planner.h:170] Found solution in: 4
I20260909 04:39:20.447952   357 skeleton_planner.h:170] Found solution in: 1
I20260909 04:39:20.447958   357 skeleton_planner.h:170] Found solution in: 6
I20260909 04:39:20.447965   357 skeleton_planner.h:170] Found solution in: 1
I20260909 04:39:20.447968   357 skeleton_planner.h:170] Found solution in: 2
I20260909 04:39:20.447973   357 skeleton_planner.h:170] Found solution in: 1
I20260909 04:39:20.447976   357 skeleton_planner.h:170] Found solution in: 2
I20260909 04:39:20.447986   357 skeleton_planner.h:170] Found solution in: 1
I20260909 04:39:20.447994   357 skeleton_planner.h:170] Found solution in: 1
I20260909 04:39:20.448019   357 skeleton_planner.h:170] Found solution in: 5
I20260909 04:39:20.448027   357 skeleton_planner.h:170] Found solution in: 1
I20260909 04:39:20.448036   357 skeleton_planner.h:170] Found solution in: 1
I20260909 04:39:20.448048   357 skeleton_planner.h:170] Found solution in: 3
I20260909 04:39:20.448053   357 skeleton_planner.h:170] Found solution in: 1
I20260909 04:39:20.448061   357 skeleton_planner.h:170] Found solution in: 6
I20260909 04:39:20.448068   357 skeleton_planner.h:170] Found solution in: 6
I20260909 04:39:20.448073   357 skeleton_planner.h:170] Found solution in: 1
I20260909 04:39:20.448077   357 skeleton_planner.h:170] Found solution in: 3
I20260909 04:39:20.448086   357 skeleton_planner.h:170] Found solution in: 10
I20260909 04:39:20.448092   357 skeleton_planner.h:170] Found solution in: 1
I20260909 04:39:20.448096   357 skeleton_planner.h:170] Found solution in: 3
I20260909 04:39:20.448104   357 skeleton_planner.h:170] Found solution in: 9
I20260909 04:39:20.448112   357 skeleton_planner.h:170] Found solution in: 1
I20260909 04:39:20.448122   357 skeleton_planner.h:170] Found solution in: 3
I20260909 04:39:20.448132   357 skeleton_planner.h:170] Found solution in: 1
I20260909 04:39:20.448145   357 skeleton_planner.h:170] Found solution in: 3
I20260909 04:39:20.448153   357 skeleton_planner.h:170] Found solution in: 1
I20260909 04:39:20.448239   357 skeleton_planner.h:170] Found solution in: 5
I20260909 04:39:20.448247   357 skeleton_planner.h:170] Found solution in: 1
I20260909 04:39:20.448258   357 skeleton_planner.h:170] Found solution in: 3
I20260909 04:39:20.448266   357 skeleton_planner.h:170] Found solution in: 1
I20260909 04:39:20.448292   357 skeleton_planner.h:170] Found solution in: 7
I20260909 04:39:20.448298   357 skeleton_planner.h:170] Found solution in: 1
I20260909 04:39:20.448308   357 skeleton_planner.h:170] Found solution in: 7
I20260909 04:39:20.448318   357 skeleton_planner.h:170] Found solution in: 1
I20260909 04:39:20.448340   357 skeleton_planner.h:170] Found solution in: 5
I20260909 04:39:20.448348   357 skeleton_planner.h:170] Found solution in: 1
I20260909 04:39:20.448356   357 skeleton_planner.h:170] Found solution in: 6
I20260909 04:39:20.448364   357 skeleton_planner.h:170] Found solution in: 1
I20260909 04:39:20.448366   357 skeleton_planner.h:170] Found solution in: 2
I20260909 04:39:20.449585   357 skeleton_planner.h:170] Found solution in: 1
I20260909 04:39:20.449600   357 skeleton_planner.h:170] Found solution in: 3
I20260909 04:39:20.449606   357 skeleton_planner.h:170] Found solution in: 1
I20260909 04:39:20.449611   357 skeleton_planner.h:170] Found solution in: 3
I20260909 04:39:20.449646   357 skeleton_planner.h:170] Found solution in: 7
I20260909 04:39:20.449653   357 skeleton_planner.h:170] Found solution in: 1
I20260909 04:39:20.450014   357 skeleton_planner.h:170] Found solution in: 1
I20260909 04:39:20.450030   357 skeleton_planner.h:170] Found solution in: 4
I20260909 04:39:20.450038   357 skeleton_planner.h:170] Found solution in: 1
I20260909 04:39:20.450045   357 skeleton_planner.h:170] Found solution in: 1
I20260909 04:39:20.450084   357 skeleton_planner.h:170] Found solution in: 45
I20260909 04:39:20.450094   357 skeleton_planner.h:170] Found solution in: 1
I20260909 04:39:20.450109   357 skeleton_planner.h:170] Found solution in: 4
I20260909 04:39:20.450121   357 skeleton_planner.h:170] Found solution in: 1
I20260909 04:39:20.450125   357 skeleton_planner.h:170] Found solution in: 3
I20260909 04:39:20.450136   357 skeleton_planner.h:170] Found solution in: 3
I20260909 04:39:20.450145   357 skeleton_planner.h:170] Found solution in: 1
I20260909 04:39:20.450153   357 skeleton_planner.h:170] Found solution in: 6
I20260909 04:39:20.450165   357 skeleton_planner.h:170] Found solution in: 11
I20260909 04:39:20.450171   357 skeleton_planner.h:170] Found solution in: 1
I20260909 04:39:20.450176   357 skeleton_planner.h:170] Found solution in: 4
I20260909 04:39:20.450199   357 skeleton_planner.h:170] Found solution in: 4
I20260909 04:39:20.450206   357 skeleton_planner.h:170] Found solution in: 1
I20260909 04:39:20.450215   357 skeleton_planner.h:170] Found solution in: 8
I20260909 04:39:20.450222   357 skeleton_planner.h:170] Found solution in: 1
I20260909 04:39:20.450241   357 skeleton_planner.h:170] Found solution in: 6
I20260909 04:39:20.450248   357 skeleton_planner.h:170] Found solution in: 1
I20260909 04:39:20.450259   357 skeleton_planner.h:170] Found solution in: 3
I20260909 04:39:20.450265   357 skeleton_planner.h:170] Found solution in: 1
I20260909 04:39:20.450276   357 skeleton_planner.h:170] Found solution in: 3
I20260909 04:39:20.450282   357 skeleton_planner.h:170] Found solution in: 1
I20260909 04:39:20.450287   357 skeleton_planner.h:170] Found solution in: 3
I20260909 04:39:20.450300   357 skeleton_planner.h:170] Found solution in: 3
I20260909 04:39:20.450310   357 skeleton_planner.h:170] Found solution in: 1
I20260909 04:39:20.450316   357 skeleton_planner.h:170] Found solution in: 2
I20260909 04:39:20.450340   357 skeleton_planner.h:170] Found solution in: 5
I20260909 04:39:20.450350   357 skeleton_planner.h:170] Found solution in: 1
I20260909 04:39:20.450354   357 skeleton_planner.h:170] Found solution in: 3
I20260909 04:39:20.450371   357 skeleton_planner.h:170] Found solution in: 4
I20260909 04:39:20.450377   357 skeleton_planner.h:170] Found solution in: 1
I20260909 04:39:20.450394   357 skeleton_planner.h:170] Found solution in: 5
I20260909 04:39:20.450404   357 skeleton_planner.h:170] Found solution in: 1
I20260909 04:39:20.450408   357 skeleton_planner.h:170] Found solution in: 2
I20260909 04:39:20.450423   357 skeleton_planner.h:170] Found solution in: 4
I20260909 04:39:20.450431   357 skeleton_planner.h:170] Found solution in: 1
I20260909 04:39:20.450446   357 skeleton_planner.h:170] Found solution in: 5
I20260909 04:39:20.450454   357 skeleton_planner.h:170] Found solution in: 1
I20260909 04:39:20.450471   357 skeleton_planner.h:170] Found solution in: 5
I20260909 04:39:20.450479   357 skeleton_planner.h:170] Found solution in: 1
I20260909 04:39:20.450495   357 skeleton_planner.h:170] Found solution in: 4
I20260909 04:39:20.450505   357 skeleton_planner.h:170] Found solution in: 1
I20260909 04:39:20.450510   357 skeleton_planner.h:170] Found solution in: 5
I20260909 04:39:20.450517   357 skeleton_planner.h:170] Found solution in: 1
I20260909 04:39:20.450585   357 skeleton_planner.h:170] Found solution in: 4
I20260909 04:39:20.450596   357 skeleton_planner.h:170] Found solution in: 1
I20260909 04:39:20.450687   357 skeleton_planner.h:170] Found solution in: 4
I20260909 04:39:20.450693   357 skeleton_planner.h:170] Found solution in: 1
I20260909 04:39:20.450700   357 skeleton_planner.h:170] Found solution in: 6
I20260909 04:39:20.450707   357 skeleton_planner.h:170] Found solution in: 1
I20260909 04:39:20.450711   357 skeleton_planner.h:170] Found solution in: 2
I20260909 04:39:20.450721   357 skeleton_planner.h:170] Found solution in: 3
I20260909 04:39:20.450728   357 skeleton_planner.h:170] Found solution in: 1
I20260909 04:39:20.450733   357 skeleton_planner.h:170] Found solution in: 4
I20260909 04:39:20.450739   357 skeleton_planner.h:170] Found solution in: 6
I20260909 04:39:20.450745   357 skeleton_planner.h:170] Found solution in: 1
I20260909 04:39:20.450750   357 skeleton_planner.h:170] Found solution in: 4
I20260909 04:39:20.450760   357 skeleton_planner.h:170] Found solution in: 5
I20260909 04:39:20.450794   357 skeleton_planner.h:170] Found solution in: 6
I20260909 04:39:20.450805   357 skeleton_planner.h:170] Found solution in: 1
I20260909 04:39:20.450824   357 skeleton_planner.h:170] Found solution in: 6
I20260909 04:39:20.450832   357 skeleton_planner.h:170] Found solution in: 1
I20260909 04:39:20.450853   357 skeleton_planner.h:170] Found solution in: 3
I20260909 04:39:20.450861   357 skeleton_planner.h:170] Found solution in: 1
I20260909 04:39:20.450866   357 skeleton_planner.h:170] Found solution in: 3
I20260909 04:39:20.450873   357 skeleton_planner.h:170] Found solution in: 8
I20260909 04:39:20.450878   357 skeleton_planner.h:170] Found solution in: 1
I20260909 04:39:20.450883   357 skeleton_planner.h:170] Found solution in: 3
I20260909 04:39:20.450889   357 skeleton_planner.h:170] Found solution in: 7
I20260909 04:39:20.450893   357 skeleton_planner.h:170] Found solution in: 1
I20260909 04:39:20.450905   357 skeleton_planner.h:170] Found solution in: 14
I20260909 04:39:20.450910   357 skeleton_planner.h:170] Found solution in: 1
I20260909 04:39:20.450923   357 skeleton_planner.h:170] Found solution in: 15
I20260909 04:39:20.450932   357 skeleton_planner.h:170] Found solution in: 1
I20260909 04:39:20.450937   357 skeleton_planner.h:170] Found solution in: 5
I20260909 04:39:20.450955   357 skeleton_planner.h:170] Found solution in: 6
I20260909 04:39:20.450969   357 skeleton_planner.h:170] Found solution in: 1
I20260909 04:39:20.450984   357 skeleton_planner.h:170] Found solution in: 3
I20260909 04:39:20.450994   357 skeleton_planner.h:170] Found solution in: 1
I20260909 04:39:20.451009   357 skeleton_planner.h:170] Found solution in: 5
I20260909 04:39:20.451017   357 skeleton_planner.h:170] Found solution in: 1
I20260909 04:39:20.451030   357 skeleton_planner.h:170] Found solution in: 3
I20260909 04:39:20.451036   357 skeleton_planner.h:170] Found solution in: 1
I20260909 04:39:20.451042   357 skeleton_planner.h:170] Found solution in: 5
I20260909 04:39:20.451057   357 skeleton_planner.h:170] Found solution in: 4
I20260909 04:39:20.451066   357 skeleton_planner.h:170] Found solution in: 1
I20260909 04:39:20.451115   357 skeleton_planner.h:170] Found solution in: 57
I20260909 04:39:20.451206   357 skeleton_planner.h:170] Found solution in: 3
I20260909 04:39:20.451211   357 skeleton_planner.h:170] Found solution in: 1
I20260909 04:39:20.451217   357 skeleton_planner.h:170] Found solution in: 1
I20260909 04:39:20.451238   357 skeleton_planner.h:170] Found solution in: 5
I20260909 04:39:20.451247   357 skeleton_planner.h:170] Found solution in: 1
I20260909 04:39:20.451268   357 skeleton_planner.h:170] Found solution in: 28
I20260909 04:39:20.451287   357 skeleton_planner.h:170] Found solution in: 25
I20260909 04:39:20.451293   357 skeleton_planner.h:170] Found solution in: 1
I20260909 04:39:20.451336   357 skeleton_planner.h:170] Found solution in: 51
I20260909 04:39:20.451344   357 skeleton_planner.h:170] Found solution in: 6
I20260909 04:39:20.451452   357 skeleton_planner.h:170] Found solution in: 6
I20260909 04:39:20.451462   357 skeleton_planner.h:170] Found solution in: 1
I20260909 04:39:20.451468   357 skeleton_planner.h:170] Found solution in: 1
I20260909 04:39:20.451493   357 skeleton_planner.h:170] Found solution in: 27
I20260909 04:39:20.451500   357 skeleton_planner.h:170] Found solution in: 1
I20260909 04:39:20.451507   357 skeleton_planner.h:170] Found solution in: 6
I20260909 04:39:20.451537   357 skeleton_planner.h:170] Found solution in: 6
I20260909 04:39:20.451546   357 skeleton_planner.h:170] Found solution in: 1
I20260909 04:39:20.451551   357 skeleton_planner.h:170] Found solution in: 4
I20260909 04:39:20.451633   357 skeleton_planner.h:170] Found solution in: 39
I20260909 04:39:20.451645   357 skeleton_planner.h:170] Found solution in: 1
I20260909 04:39:20.451664   357 skeleton_planner.h:170] Found solution in: 10
I20260909 04:39:20.451673   357 skeleton_planner.h:170] Found solution in: 1
I20260909 04:39:20.451682   357 skeleton_planner.h:170] Found solution in: 9
I20260909 04:39:20.451689   357 skeleton_planner.h:170] Found solution in: 1
I20260909 04:39:20.451715   357 skeleton_planner.h:170] Found solution in: 8
I20260909 04:39:20.451723   357 skeleton_planner.h:170] Found solution in: 1
I20260909 04:39:20.451730   357 skeleton_planner.h:170] Found solution in: 8
I20260909 04:39:20.451752   357 skeleton_planner.h:170] Found solution in: 26
I20260909 04:39:20.451774   357 skeleton_planner.h:170] Found solution in: 28
I20260909 04:39:20.451786   357 skeleton_planner.h:170] Found solution in: 1
I20260909 04:39:20.451793   357 skeleton_planner.h:170] Found solution in: 1
I20260909 04:39:20.451797   357 skeleton_planner.h:170] Found solution in: 3
I20260909 04:39:20.451805   357 skeleton_planner.h:170] Found solution in: 1
I20260909 04:39:20.451809   357 skeleton_planner.h:170] Found solution in: 3
I20260909 04:39:20.451817   357 skeleton_planner.h:170] Found solution in: 8
I20260909 04:39:20.451823   357 skeleton_planner.h:170] Found solution in: 1
I20260909 04:39:20.451920   357 skeleton_planner.h:170] Found solution in: 4
I20260909 04:39:20.451930   357 skeleton_planner.h:170] Found solution in: 1
I20260909 04:39:20.451952   357 skeleton_planner.h:170] Found solution in: 8
I20260909 04:39:20.451960   357 skeleton_planner.h:170] Found solution in: 1
I20260909 04:39:20.451978   357 skeleton_planner.h:170] Found solution in: 3
I20260909 04:39:20.451984   357 skeleton_planner.h:170] Found solution in: 1
I20260909 04:39:20.451988   357 skeleton_planner.h:170] Found solution in: 3
I20260909 04:39:20.451994   357 skeleton_planner.h:170] Found solution in: 1
I20260909 04:39:20.451998   357 skeleton_planner.h:170] Found solution in: 3
I20260909 04:39:20.452004   357 skeleton_planner.h:170] Found solution in: 1
I20260909 04:39:20.452008   357 skeleton_planner.h:170] Found solution in: 4
I20260909 04:39:20.452032   357 skeleton_planner.h:170] Found solution in: 7
I20260909 04:39:20.452039   357 skeleton_planner.h:170] Found solution in: 1
I20260909 04:39:20.452046   357 skeleton_planner.h:170] Found solution in: 1
I20260909 04:39:20.452056   357 skeleton_planner.h:170] Found solution in: 3
I20260909 04:39:20.452064   357 skeleton_planner.h:170] Found solution in: 1
I20260909 04:39:20.452153   357 skeleton_planner.h:170] Found solution in: 6
I20260909 04:39:20.452160   357 skeleton_planner.h:170] Found solution in: 1
I20260909 04:39:20.452178   357 skeleton_planner.h:170] Found solution in: 5
I20260909 04:39:20.452188   357 skeleton_planner.h:170] Found solution in: 1
I20260909 04:39:20.452194   357 skeleton_planner.h:170] Found solution in: 6
I20260909 04:39:20.452399   357 skeleton_planner.h:170] Found solution in: 1
I20260909 04:39:20.452433   357 skeleton_planner.h:170] Found solution in: 8
I20260909 04:39:20.452445   357 skeleton_planner.h:170] Found solution in: 1
I20260909 04:39:20.452461   357 skeleton_planner.h:170] Found solution in: 16
I20260909 04:39:20.452468   357 skeleton_planner.h:170] Found solution in: 1
I20260909 04:39:20.452481   357 skeleton_planner.h:170] Found solution in: 14
I20260909 04:39:20.452487   357 skeleton_planner.h:170] Found solution in: 1
I20260909 04:39:20.452491   357 skeleton_planner.h:170] Found solution in: 3
I20260909 04:39:20.452505   357 skeleton_planner.h:170] Found solution in: 5
I20260909 04:39:20.452513   357 skeleton_planner.h:170] Found solution in: 1
I20260909 04:39:20.452531   357 skeleton_planner.h:170] Found solution in: 5
I20260909 04:39:20.452540   357 skeleton_planner.h:170] Found solution in: 1
I20260909 04:39:20.452718   357 skeleton_planner.h:170] Found solution in: 46
I20260909 04:39:20.452732   357 skeleton_planner.h:170] Found solution in: 1
I20260909 04:39:20.452750   357 skeleton_planner.h:170] Found solution in: 6
I20260909 04:39:20.452759   357 skeleton_planner.h:170] Found solution in: 1
I20260909 04:39:20.452766   357 skeleton_planner.h:170] Found solution in: 1
I20260909 04:39:20.452795   357 skeleton_planner.h:170] Found solution in: 6
I20260909 04:39:20.452805   357 skeleton_planner.h:170] Found solution in: 1
I20260909 04:39:20.452811   357 skeleton_planner.h:170] Found solution in: 4
I20260909 04:39:20.452816   357 skeleton_planner.h:170] Found solution in: 6
I20260909 04:39:20.452823   357 skeleton_planner.h:170] Found solution in: 7
I20260909 04:39:20.452831   357 skeleton_planner.h:170] Found solution in: 1
I20260909 04:39:20.452836   357 skeleton_planner.h:170] Found solution in: 4
I20260909 04:39:20.452841   357 skeleton_planner.h:170] Found solution in: 6
I20260909 04:39:20.452848   357 skeleton_planner.h:170] Found solution in: 8
I20260909 04:39:20.452855   357 skeleton_planner.h:170] Found solution in: 6
I20260909 04:39:20.452862   357 skeleton_planner.h:170] Found solution in: 1
I20260909 04:39:20.452867   357 skeleton_planner.h:170] Found solution in: 4
I20260909 04:39:20.452872   357 skeleton_planner.h:170] Found solution in: 4
I20260909 04:39:20.452894   357 skeleton_planner.h:170] Found solution in: 4
I20260909 04:39:20.452903   357 skeleton_planner.h:170] Found solution in: 1
I20260909 04:39:20.452906   357 skeleton_planner.h:170] Found solution in: 3
I20260909 04:39:20.452929   357 skeleton_planner.h:170] Found solution in: 5
I20260909 04:39:20.452939   357 skeleton_planner.h:170] Found solution in: 1
I20260909 04:39:20.452945   357 skeleton_planner.h:170] Found solution in: 6
I20260909 04:39:20.452953   357 skeleton_planner.h:170] Found solution in: 1
I20260909 04:39:20.452975   357 skeleton_planner.h:170] Found solution in: 5
I20260909 04:39:20.452982   357 skeleton_planner.h:170] Found solution in: 1
I20260909 04:39:20.453012   357 skeleton_planner.h:170] Found solution in: 5
I20260909 04:39:20.453020   357 skeleton_planner.h:170] Found solution in: 1
I20260909 04:39:20.453025   357 skeleton_planner.h:170] Found solution in: 3
I20260909 04:39:20.453369   357 skeleton_planner.h:170] Found solution in: 1
I20260909 04:39:20.453374   357 skeleton_planner.h:170] Found solution in: 3
I20260909 04:39:20.453706   357 skeleton_planner.h:170] Found solution in: 1
I20260909 04:39:20.453831   357 skeleton_planner.h:170] Found solution in: 54
I20260909 04:39:20.453924   357 skeleton_planner.h:170] Found solution in: 40
I20260909 04:39:20.454329   357 skeleton_planner.h:170] Found solution in: 81
I20260909 04:39:20.454819   357 skeleton_planner.h:170] Found solution in: 1
I20260909 04:39:20.454824   357 skeleton_planner.h:170] Found solution in: 4
I20260909 04:39:20.454830   357 skeleton_planner.h:170] Found solution in: 6
I20260909 04:39:20.454869   357 skeleton_planner.h:170] Found solution in: 9
I20260909 04:39:20.454878   357 skeleton_planner.h:170] Found solution in: 1
I20260909 04:39:20.454893   357 skeleton_planner.h:170] Found solution in: 4
I20260909 04:39:20.454901   357 skeleton_planner.h:170] Found solution in: 1
I20260909 04:39:20.455420   357 skeleton_planner.h:170] Found solution in: 1
I20260909 04:39:20.455423   357 skeleton_planner.h:170] Found solution in: 2
I20260909 04:39:20.455428   357 skeleton_planner.h:170] Found solution in: 1
I20260909 04:39:20.455431   357 skeleton_planner.h:170] Found solution in: 2
I20260909 04:39:20.455438   357 skeleton_planner.h:170] Found solution in: 1
I20260909 04:39:20.455453   357 skeleton_planner.h:170] Found solution in: 4
I20260909 04:39:20.455461   357 skeleton_planner.h:170] Found solution in: 1
I20260909 04:39:20.455468   357 skeleton_planner.h:170] Found solution in: 1
I20260909 04:39:20.455476   357 skeleton_planner.h:170] Found solution in: 1
I20260909 04:39:20.455513   357 skeleton_planner.h:170] Found solution in: 39
I20260909 04:39:20.455528   357 skeleton_planner.h:170] Found solution in: 14
I20260909 04:39:20.455533   357 skeleton_planner.h:170] Found solution in: 1
I20260909 04:39:20.455540   357 skeleton_planner.h:170] Found solution in: 7
I20260909 04:39:20.455551   357 skeleton_planner.h:170] Found solution in: 1
I20260909 04:39:20.455555   357 skeleton_planner.h:170] Found solution in: 3
I20260909 04:39:20.455562   357 skeleton_planner.h:170] Found solution in: 1
I20260909 04:39:20.455667   357 skeleton_planner.h:170] Found solution in: 3
I20260909 04:39:20.455677   357 skeleton_planner.h:170] Found solution in: 1
I20260909 04:39:20.455724   357 skeleton_planner.h:170] Found solution in: 59
I20260909 04:39:20.455802   357 skeleton_planner.h:170] Found solution in: 99
I20260909 04:39:20.455837   357 skeleton_planner.h:170] Found solution in: 42
I20260909 04:39:20.455845   357 skeleton_planner.h:170] Found solution in: 1
I20260909 04:39:20.455912   357 skeleton_planner.h:170] Found solution in: 86
I20260909 04:39:20.455924   357 skeleton_planner.h:170] Found solution in: 9
I20260909 04:39:20.455935   357 skeleton_planner.h:170] Found solution in: 1
I20260909 04:39:20.456004   357 skeleton_planner.h:170] Found solution in: 86
I20260909 04:39:20.456017   357 skeleton_planner.h:170] Found solution in: 12
I20260909 04:39:20.456112   357 skeleton_planner.h:170] Found solution in: 6
I20260909 04:39:20.456125   357 skeleton_planner.h:170] Found solution in: 1
I20260909 04:39:20.456157   357 skeleton_planner.h:170] Found solution in: 34
I20260909 04:39:20.456166   357 skeleton_planner.h:170] Found solution in: 1
I20260909 04:39:20.456179   357 skeleton_planner.h:170] Found solution in: 3
I20260909 04:39:20.456187   357 skeleton_planner.h:170] Found solution in: 1
I20260909 04:39:20.456192   357 skeleton_planner.h:170] Found solution in: 4
I20260909 04:39:20.456207   357 skeleton_planner.h:170] Found solution in: 5
I20260909 04:39:20.456218   357 skeleton_planner.h:170] Found solution in: 1
I20260909 04:39:20.456598   357 skeleton_planner.h:170] Found solution in: 1
I20260909 04:39:20.456614   357 skeleton_planner.h:170] Found solution in: 4
I20260909 04:39:20.456621   357 skeleton_planner.h:170] Found solution in: 1
I20260909 04:39:20.456629   357 skeleton_planner.h:170] Found solution in: 1
I20260909 04:39:20.456821   357 skeleton_planner.h:170] Found solution in: 1
I20260909 04:39:20.456826   357 skeleton_planner.h:170] Found solution in: 3
I20260909 04:39:20.456846   357 skeleton_planner.h:170] Found solution in: 5
I20260909 04:39:20.456856   357 skeleton_planner.h:170] Found solution in: 1
I20260909 04:39:20.456861   357 skeleton_planner.h:170] Found solution in: 1
I20260909 04:39:20.456892   357 skeleton_planner.h:170] Found solution in: 6
I20260909 04:39:20.456898   357 skeleton_planner.h:170] Found solution in: 1
I20260909 04:39:20.456913   357 skeleton_planner.h:170] Found solution in: 4
I20260909 04:39:20.456920   357 skeleton_planner.h:170] Found solution in: 1
I20260909 04:39:20.457155   357 skeleton_planner.h:170] Found solution in: 1
I20260909 04:39:20.457275   357 skeleton_planner.h:170] Found solution in: 56
I20260909 04:39:20.457494   357 skeleton_planner.h:170] Found solution in: 1
I20260909 04:39:20.457508   357 skeleton_planner.h:170] Found solution in: 5
I20260909 04:39:20.457515   357 skeleton_planner.h:170] Found solution in: 1
I20260909 04:39:20.457520   357 skeleton_planner.h:170] Found solution in: 4
I20260909 04:39:20.457525   357 skeleton_planner.h:170] Found solution in: 1
I20260909 04:39:20.457528   357 skeleton_planner.h:170] Found solution in: 4
I20260909 04:39:20.457682   357 skeleton_planner.h:170] Found solution in: 1
I20260909 04:39:20.457695   357 skeleton_planner.h:170] Found solution in: 3
I20260909 04:39:20.457705   357 skeleton_planner.h:170] Found solution in: 1
I20260909 04:39:20.457720   357 skeleton_planner.h:170] Found solution in: 3
I20260909 04:39:20.457729   357 skeleton_planner.h:170] Found solution in: 1
I20260909 04:39:20.457744   357 skeleton_planner.h:170] Found solution in: 5
I20260909 04:39:20.457751   357 skeleton_planner.h:170] Found solution in: 1
I20260909 04:39:20.457782   357 skeleton_planner.h:170] Found solution in: 11
I20260909 04:39:20.457792   357 skeleton_planner.h:170] Found solution in: 1
I20260909 04:39:20.457798   357 skeleton_planner.h:170] Found solution in: 4
I20260909 04:39:20.457814   357 skeleton_planner.h:170] Found solution in: 7
I20260909 04:39:20.457823   357 skeleton_planner.h:170] Found solution in: 1
I20260909 04:39:20.457839   357 skeleton_planner.h:170] Found solution in: 5
I20260909 04:39:20.457849   357 skeleton_planner.h:170] Found solution in: 1
I20260909 04:39:20.457937   357 skeleton_planner.h:170] Found solution in: 3
I20260909 04:39:20.457944   357 skeleton_planner.h:170] Found solution in: 1
I20260909 04:39:20.457949   357 skeleton_planner.h:170] Found solution in: 4
I20260909 04:39:20.457965   357 skeleton_planner.h:170] Found solution in: 22
I20260909 04:39:20.457971   357 skeleton_planner.h:170] Found solution in: 1
I20260909 04:39:20.458014   357 skeleton_planner.h:170] Found solution in: 54
I20260909 04:39:20.458021   357 skeleton_planner.h:170] Found solution in: 1
I20260909 04:39:20.458026   357 skeleton_planner.h:170] Found solution in: 4
I20260909 04:39:20.458060   357 skeleton_planner.h:170] Found solution in: 43
I20260909 04:39:20.458077   357 skeleton_planner.h:170] Found solution in: 22
I20260909 04:39:20.458087   357 skeleton_planner.h:170] Found solution in: 1
I20260909 04:39:20.458101   357 skeleton_planner.h:170] Found solution in: 15
I20260909 04:39:20.458108   357 skeleton_planner.h:170] Found solution in: 1
I20260909 04:39:20.458114   357 skeleton_planner.h:170] Found solution in: 7
I20260909 04:39:20.458132   357 skeleton_planner.h:170] Found solution in: 23
I20260909 04:39:20.458139   357 skeleton_planner.h:170] Found solution in: 1
I20260909 04:39:20.458155   357 skeleton_planner.h:170] Found solution in: 22
I20260909 04:39:20.458163   357 skeleton_planner.h:170] Found solution in: 7
I20260909 04:39:20.458189   357 skeleton_planner.h:170] Found solution in: 33
I20260909 04:39:20.458196   357 skeleton_planner.h:170] Found solution in: 1
I20260909 04:39:20.458214   357 skeleton_planner.h:170] Found solution in: 15
I20260909 04:39:20.458223   357 skeleton_planner.h:170] Found solution in: 1
I20260909 04:39:20.458231   357 skeleton_planner.h:170] Found solution in: 1
I20260909 04:39:20.458243   357 skeleton_planner.h:170] Found solution in: 3
I20260909 04:39:20.458252   357 skeleton_planner.h:170] Found solution in: 1
I20260909 04:39:20.458268   357 skeleton_planner.h:170] Found solution in: 5
I20260909 04:39:20.458278   357 skeleton_planner.h:170] Found solution in: 1
I20260909 04:39:20.458281   357 skeleton_planner.h:170] Found solution in: 2
I20260909 04:39:20.458292   357 skeleton_planner.h:170] Found solution in: 3
I20260909 04:39:20.458299   357 skeleton_planner.h:170] Found solution in: 1
I20260909 04:39:20.458319   357 skeleton_planner.h:170] Found solution in: 6
I20260909 04:39:20.458328   357 skeleton_planner.h:170] Found solution in: 1
I20260909 04:39:20.458348   357 skeleton_planner.h:170] Found solution in: 7
I20260909 04:39:20.458359   357 skeleton_planner.h:170] Found solution in: 1
I20260909 04:39:20.458389   357 skeleton_planner.h:170] Found solution in: 6
I20260909 04:39:20.458396   357 skeleton_planner.h:170] Found solution in: 1
I20260909 04:39:20.458567   357 skeleton_planner.h:170] Found solution in: 1
I20260909 04:39:20.458779   357 skeleton_planner.h:170] Found solution in: 1
I20260909 04:39:20.458792   357 skeleton_planner.h:170] Found solution in: 6
I20260909 04:39:20.458799   357 skeleton_planner.h:170] Found solution in: 1
I20260909 04:39:20.458812   357 skeleton_planner.h:170] Found solution in: 3
I20260909 04:39:20.458819   357 skeleton_planner.h:170] Found solution in: 1
I20260909 04:39:20.458825   357 skeleton_planner.h:170] Found solution in: 1
I20260909 04:39:20.458860   357 skeleton_planner.h:170] Found solution in: 8
I20260909 04:39:20.458869   357 skeleton_planner.h:170] Found solution in: 1
I20260909 04:39:20.458874   357 skeleton_planner.h:170] Found solution in: 4
I20260909 04:39:20.458981   357 skeleton_planner.h:170] Found solution in: 6
I20260909 04:39:20.458989   357 skeleton_planner.h:170] Found solution in: 1
I20260909 04:39:20.459012   357 skeleton_planner.h:170] Found solution in: 3
I20260909 04:39:20.459018   357 skeleton_planner.h:170] Found solution in: 1
I20260909 04:39:20.459024   357 skeleton_planner.h:170] Found solution in: 1
I20260909 04:39:20.459070   357 skeleton_planner.h:170] Found solution in: 19
I20260909 04:39:20.459080   357 skeleton_planner.h:170] Found solution in: 1
I20260909 04:39:20.459086   357 skeleton_planner.h:170] Found solution in: 5
I20260909 04:39:20.459093   357 skeleton_planner.h:170] Found solution in: 7
I20260909 04:39:20.459101   357 skeleton_planner.h:170] Found solution in: 1
I20260909 04:39:20.459124   357 skeleton_planner.h:170] Found solution in: 4
I20260909 04:39:20.459132   357 skeleton_planner.h:170] Found solution in: 1
I20260909 04:39:20.459138   357 skeleton_planner.h:170] Found solution in: 1
I20260909 04:39:20.459162   357 skeleton_planner.h:170] Found solution in: 6
I20260909 04:39:20.459169   357 skeleton_planner.h:170] Found solution in: 1
I20260909 04:39:20.459173   357 skeleton_planner.h:170] Found solution in: 2
I20260909 04:39:20.459272   357 skeleton_planner.h:170] Found solution in: 61
I20260909 04:39:20.459283   357 skeleton_planner.h:170] Found solution in: 1
I20260909 04:39:20.459286   357 skeleton_planner.h:170] Found solution in: 2
I20260909 04:39:20.459408   357 skeleton_planner.h:170] Found solution in: 82
I20260909 04:39:20.459427   357 skeleton_planner.h:170] Found solution in: 1
I20260909 04:39:20.459496   357 skeleton_planner.h:170] Found solution in: 77
I20260909 04:39:20.459504   357 skeleton_planner.h:170] Found solution in: 1
I20260909 04:39:20.459508   357 skeleton_planner.h:170] Found solution in: 2
I20260909 04:39:20.459529   357 skeleton_planner.h:170] Found solution in: 6
I20260909 04:39:20.459537   357 skeleton_planner.h:170] Found solution in: 1
I20260909 04:39:20.459553   357 skeleton_planner.h:170] Found solution in: 4
I20260909 04:39:20.459563   357 skeleton_planner.h:170] Found solution in: 1
I20260909 04:39:20.459573   357 skeleton_planner.h:170] Found solution in: 12
I20260909 04:39:20.459671   357 skeleton_planner.h:170] Found solution in: 4
I20260909 04:39:20.459678   357 skeleton_planner.h:170] Found solution in: 1
I20260909 04:39:20.459682   357 skeleton_planner.h:170] Found solution in: 3
I20260909 04:39:20.459693   357 skeleton_planner.h:170] Found solution in: 3
I20260909 04:39:20.459702   357 skeleton_planner.h:170] Found solution in: 1
I20260909 04:39:20.459789   357 skeleton_planner.h:170] Found solution in: 3
I20260909 04:39:20.459802   357 skeleton_planner.h:170] Found solution in: 1
I20260909 04:39:20.459892   357 skeleton_planner.h:170] Found solution in: 3
I20260909 04:39:20.459901   357 skeleton_planner.h:170] Found solution in: 1
I20260909 04:39:20.459915   357 skeleton_planner.h:170] Found solution in: 3
I20260909 04:39:20.459923   357 skeleton_planner.h:170] Found solution in: 1
I20260909 04:39:20.459928   357 skeleton_planner.h:170] Found solution in: 3
I20260909 04:39:20.459944   357 skeleton_planner.h:170] Found solution in: 6
I20260909 04:39:20.459952   357 skeleton_planner.h:170] Found solution in: 1
I20260909 04:39:20.459966   357 skeleton_planner.h:170] Found solution in: 4
I20260909 04:39:20.459977   357 skeleton_planner.h:170] Found solution in: 1
I20260909 04:39:20.459990   357 skeleton_planner.h:170] Found solution in: 13
I20260909 04:39:20.459997   357 skeleton_planner.h:170] Found solution in: 1
I20260909 04:39:20.460012   357 skeleton_planner.h:170] Found solution in: 4
I20260909 04:39:20.460021   357 skeleton_planner.h:170] Found solution in: 1
I20260909 04:39:20.460036   357 skeleton_planner.h:170] Found solution in: 19
I20260909 04:39:20.460139   357 skeleton_planner.h:170] Found solution in: 7
I20260909 04:39:20.460148   357 skeleton_planner.h:170] Found solution in: 1
I20260909 04:39:20.460235   357 skeleton_planner.h:170] Found solution in: 3
I20260909 04:39:20.460242   357 skeleton_planner.h:170] Found solution in: 1
I20260909 04:39:20.460247   357 skeleton_planner.h:170] Found solution in: 5
I20260909 04:39:20.460254   357 skeleton_planner.h:170] Found solution in: 1
I20260909 04:39:20.460351   357 skeleton_planner.h:170] Found solution in: 5
I20260909 04:39:20.460359   357 skeleton_planner.h:170] Found solution in: 1
I20260909 04:39:20.460373   357 skeleton_planner.h:170] Found solution in: 3
I20260909 04:39:20.460381   357 skeleton_planner.h:170] Found solution in: 1
I20260909 04:39:20.460397   357 skeleton_planner.h:170] Found solution in: 3
I20260909 04:39:20.460403   357 skeleton_planner.h:170] Found solution in: 1
I20260909 04:39:20.460412   357 skeleton_planner.h:170] Found solution in: 1
I20260909 04:39:20.460417   357 skeleton_planner.h:170] Found solution in: 5
I20260909 04:39:20.460424   357 skeleton_planner.h:170] Found solution in: 1
I20260909 04:39:20.460430   357 skeleton_planner.h:170] Found solution in: 5
I20260909 04:39:20.460438   357 skeleton_planner.h:170] Found solution in: 1
I20260909 04:39:20.460525   357 skeleton_planner.h:170] Found solution in: 4
I20260909 04:39:20.460534   357 skeleton_planner.h:170] Found solution in: 1
I20260909 04:39:20.460538   357 skeleton_planner.h:170] Found solution in: 2
I20260909 04:39:20.460548   357 skeleton_planner.h:170] Found solution in: 3
I20260909 04:39:20.460556   357 skeleton_planner.h:170] Found solution in: 1
I20260909 04:39:20.460559   357 skeleton_planner.h:170] Found solution in: 2
I20260909 04:39:20.460568   357 skeleton_planner.h:170] Found solution in: 3
I20260909 04:39:20.460574   357 skeleton_planner.h:170] Found solution in: 1
I20260909 04:39:20.460587   357 skeleton_planner.h:170] Found solution in: 5
I20260909 04:39:20.460593   357 skeleton_planner.h:170] Found solution in: 1
I20260909 04:39:20.460723   357 skeleton_planner.h:170] Found solution in: 66
I20260909 04:39:20.460757   357 skeleton_planner.h:170] Found solution in: 8
I20260909 04:39:20.460764   357 skeleton_planner.h:170] Found solution in: 1
I20260909 04:39:20.461026   357 skeleton_planner.h:170] Found solution in: 1
I20260909 04:39:20.461031   357 skeleton_planner.h:170] Found solution in: 4
I20260909 04:39:20.461045   357 skeleton_planner.h:170] Found solution in: 5
I20260909 04:39:20.461054   357 skeleton_planner.h:170] Found solution in: 1
I20260909 04:39:20.461277   357 skeleton_planner.h:170] Found solution in: 1
I20260909 04:39:20.461282   357 skeleton_planner.h:170] Found solution in: 4
I20260909 04:39:20.461314   357 skeleton_planner.h:170] Found solution in: 36
I20260909 04:39:20.461381   357 skeleton_planner.h:170] Found solution in: 4
I20260909 04:39:20.461391   357 skeleton_planner.h:170] Found solution in: 1
I20260909 04:39:20.461449   357 skeleton_planner.h:170] Found solution in: 7
I20260909 04:39:20.461464   357 skeleton_planner.h:170] Found solution in: 1
I20260909 04:39:20.461520   357 skeleton_planner.h:170] Found solution in: 12
I20260909 04:39:20.461535   357 skeleton_planner.h:170] Found solution in: 1
I20260909 04:39:20.461539   357 skeleton_planner.h:170] Found solution in: 2
I20260909 04:39:20.461545   357 skeleton_planner.h:170] Found solution in: 1
I20260909 04:39:20.461549   357 skeleton_planner.h:170] Found solution in: 2
I20260909 04:39:20.461575   357 skeleton_planner.h:170] Found solution in: 6
I20260909 04:39:20.461584   357 skeleton_planner.h:170] Found solution in: 1
I20260909 04:39:20.461589   357 skeleton_planner.h:170] Found solution in: 3
I20260909 04:39:20.461598   357 skeleton_planner.h:170] Found solution in: 1
I20260909 04:39:20.461620   357 skeleton_planner.h:170] Found solution in: 27
I20260909 04:39:20.461627   357 skeleton_planner.h:170] Found solution in: 1
I20260909 04:39:20.461632   357 skeleton_planner.h:170] Found solution in: 4
I20260909 04:39:20.461725   357 skeleton_planner.h:170] Found solution in: 4
I20260909 04:39:20.461733   357 skeleton_planner.h:170] Found solution in: 1
I20260909 04:39:20.461740   357 skeleton_planner.h:170] Found solution in: 5
I20260909 04:39:20.461745   357 skeleton_planner.h:170] Found solution in: 1
I20260909 04:39:20.461755   357 skeleton_planner.h:170] Found solution in: 10
I20260909 04:39:20.461764   357 skeleton_planner.h:170] Found solution in: 5
I20260909 04:39:20.461792   357 skeleton_planner.h:170] Found solution in: 36
I20260909 04:39:20.461802   357 skeleton_planner.h:170] Found solution in: 10
I20260909 04:39:20.461810   357 skeleton_planner.h:170] Found solution in: 1
I20260909 04:39:20.461822   357 skeleton_planner.h:170] Found solution in: 13
I20260909 04:39:20.461845   357 skeleton_planner.h:170] Found solution in: 28
I20260909 04:39:20.461851   357 skeleton_planner.h:170] Found solution in: 5
I20260909 04:39:20.461858   357 skeleton_planner.h:170] Found solution in: 1
I20260909 04:39:20.461861   357 skeleton_planner.h:170] Found solution in: 3
I20260909 04:39:20.461876   357 skeleton_planner.h:170] Found solution in: 6
I20260909 04:39:20.461884   357 skeleton_planner.h:170] Found solution in: 1
I20260909 04:39:20.461910   357 skeleton_planner.h:170] Found solution in: 8
I20260909 04:39:20.461917   357 skeleton_planner.h:170] Found solution in: 1
I20260909 04:39:20.461922   357 skeleton_planner.h:170] Found solution in: 3
I20260909 04:39:20.461933   357 skeleton_planner.h:170] Found solution in: 13
I20260909 04:39:20.461938   357 skeleton_planner.h:170] Found solution in: 1
I20260909 04:39:20.461946   357 skeleton_planner.h:170] Found solution in: 1
I20260909 04:39:20.461949   357 skeleton_planner.h:170] Found solution in: 1
I20260909 04:39:20.461958   357 skeleton_planner.h:170] Found solution in: 9
I20260909 04:39:20.461967   357 skeleton_planner.h:170] Found solution in: 1
I20260909 04:39:20.461978   357 skeleton_planner.h:170] Found solution in: 3
I20260909 04:39:20.461985   357 skeleton_planner.h:170] Found solution in: 1
I20260909 04:39:20.462007   357 skeleton_planner.h:170] Found solution in: 29
I20260909 04:39:20.462015   357 skeleton_planner.h:170] Found solution in: 7
I20260909 04:39:20.462023   357 skeleton_planner.h:170] Found solution in: 8
I20260909 04:39:20.462028   357 skeleton_planner.h:170] Found solution in: 1
I20260909 04:39:20.462050   357 skeleton_planner.h:170] Found solution in: 26
I20260909 04:39:20.462081   357 skeleton_planner.h:170] Found solution in: 38
I20260909 04:39:20.462095   357 skeleton_planner.h:170] Found solution in: 15
I20260909 04:39:20.462100   357 skeleton_planner.h:170] Found solution in: 1
I20260909 04:39:20.462123   357 skeleton_planner.h:170] Found solution in: 29
I20260909 04:39:20.462131   357 skeleton_planner.h:170] Found solution in: 6
I20260909 04:39:20.462136   357 skeleton_planner.h:170] Found solution in: 4
I20260909 04:39:20.462138   357 skeleton_planner.h:170] Found solution in: 1
I20260909 04:39:20.462143   357 skeleton_planner.h:170] Found solution in: 4
I20260909 04:39:20.462149   357 skeleton_planner.h:170] Found solution in: 6
I20260909 04:39:20.462157   357 skeleton_planner.h:170] Found solution in: 6
I20260909 04:39:20.462162   357 skeleton_planner.h:170] Found solution in: 1
I20260909 04:39:20.462167   357 skeleton_planner.h:170] Found solution in: 6
I20260909 04:39:20.462172   357 skeleton_planner.h:170] Found solution in: 4
I20260909 04:39:20.462178   357 skeleton_planner.h:170] Found solution in: 1
I20260909 04:39:20.462184   357 skeleton_planner.h:170] Found solution in: 5
I20260909 04:39:20.462191   357 skeleton_planner.h:170] Found solution in: 6
I20260909 04:39:20.462196   357 skeleton_planner.h:170] Found solution in: 1
I20260909 04:39:20.462203   357 skeleton_planner.h:170] Found solution in: 5
I20260909 04:39:20.462208   357 skeleton_planner.h:170] Found solution in: 1
I20260909 04:39:20.462214   357 skeleton_planner.h:170] Found solution in: 1
I20260909 04:39:20.462222   357 skeleton_planner.h:170] Found solution in: 9
I20260909 04:39:20.462229   357 skeleton_planner.h:170] Found solution in: 1
I20260909 04:39:20.462237   357 skeleton_planner.h:170] Found solution in: 1
I20260909 04:39:20.462252   357 skeleton_planner.h:170] Found solution in: 3
I20260909 04:39:20.462258   357 skeleton_planner.h:170] Found solution in: 1
I20260909 04:39:20.462261   357 skeleton_planner.h:170] Found solution in: 2
I20260909 04:39:20.462741   357 skeleton_planner.h:170] Found solution in: 19
I20260909 04:39:20.462752   357 skeleton_planner.h:170] Found solution in: 1
I20260909 04:39:20.463196   357 skeleton_planner.h:170] Found solution in: 19
I20260909 04:39:20.463214   357 skeleton_planner.h:170] Found solution in: 1
I20260909 04:39:20.463218   357 skeleton_planner.h:170] Found solution in: 3
I20260909 04:39:20.463232   357 skeleton_planner.h:170] Found solution in: 4
I20260909 04:39:20.463243   357 skeleton_planner.h:170] Found solution in: 1
I20260909 04:39:20.463258   357 skeleton_planner.h:170] Found solution in: 6
I20260909 04:39:20.463264   357 skeleton_planner.h:170] Found solution in: 1
I20260909 04:39:20.463271   357 skeleton_planner.h:170] Found solution in: 1
I20260909 04:39:20.463296   357 skeleton_planner.h:170] Found solution in: 26
I20260909 04:39:20.463310   357 skeleton_planner.h:170] Found solution in: 1
I20260909 04:39:20.463317   357 skeleton_planner.h:170] Found solution in: 6
I20260909 04:39:20.463337   357 skeleton_planner.h:170] Found solution in: 21
I20260909 04:39:20.463343   357 skeleton_planner.h:170] Found solution in: 1
I20260909 04:39:20.463349   357 skeleton_planner.h:170] Found solution in: 5
I20260909 04:39:20.463358   357 skeleton_planner.h:170] Found solution in: 1
I20260909 04:39:20.463371   357 skeleton_planner.h:170] Found solution in: 1
I20260909 04:39:20.463384   357 skeleton_planner.h:170] Found solution in: 14
I20260909 04:39:20.463512   357 skeleton_planner.h:170] Found solution in: 10
I20260909 04:39:20.463522   357 skeleton_planner.h:170] Found solution in: 1
I20260909 04:39:20.463531   357 skeleton_planner.h:170] Found solution in: 1
I20260909 04:39:20.463553   357 skeleton_planner.h:170] Found solution in: 5
I20260909 04:39:20.463562   357 skeleton_planner.h:170] Found solution in: 1
I20260909 04:39:20.463568   357 skeleton_planner.h:170] Found solution in: 7
I20260909 04:39:20.463589   357 skeleton_planner.h:170] Found solution in: 3
I20260909 04:39:20.463595   357 skeleton_planner.h:170] Found solution in: 1
I20260909 04:39:20.463601   357 skeleton_planner.h:170] Found solution in: 5
I20260909 04:39:20.463624   357 skeleton_planner.h:170] Found solution in: 5
I20260909 04:39:20.463631   357 skeleton_planner.h:170] Found solution in: 1
I20260909 04:39:20.463651   357 skeleton_planner.h:170] Found solution in: 3
I20260909 04:39:20.463658   357 skeleton_planner.h:170] Found solution in: 1
I20260909 04:39:20.463665   357 skeleton_planner.h:170] Found solution in: 1
I20260909 04:39:20.463680   357 skeleton_planner.h:170] Found solution in: 5
I20260909 04:39:20.463685   357 skeleton_planner.h:170] Found solution in: 1
I20260909 04:39:20.463692   357 skeleton_planner.h:170] Found solution in: 1
I20260909 04:39:20.463721   357 skeleton_planner.h:170] Found solution in: 9
I20260909 04:39:20.463729   357 skeleton_planner.h:170] Found solution in: 1
I20260909 04:39:20.463735   357 skeleton_planner.h:170] Found solution in: 1
I20260909 04:39:20.463768   357 skeleton_planner.h:170] Found solution in: 6
I20260909 04:39:20.463778   357 skeleton_planner.h:170] Found solution in: 1
I20260909 04:39:20.464236   357 skeleton_planner.h:170] Found solution in: 1
I20260909 04:39:20.464411   357 skeleton_planner.h:170] Found solution in: 6
I20260909 04:39:20.464421   357 skeleton_planner.h:170] Found solution in: 1
I20260909 04:39:20.464433   357 skeleton_planner.h:170] Found solution in: 13
I20260909 04:39:20.464439   357 skeleton_planner.h:170] Found solution in: 1
I20260909 04:39:20.464449   357 skeleton_planner.h:170] Found solution in: 10
I20260909 04:39:20.464454   357 skeleton_planner.h:170] Found solution in: 1
I20260909 04:39:20.464460   357 skeleton_planner.h:170] Found solution in: 4
I20260909 04:39:20.464465   357 skeleton_planner.h:170] Found solution in: 5
I20260909 04:39:20.464475   357 skeleton_planner.h:170] Found solution in: 1
I20260909 04:39:20.464478   357 skeleton_planner.h:170] Found solution in: 2
I20260909 04:39:20.464489   357 skeleton_planner.h:170] Found solution in: 3
I20260909 04:39:20.464497   357 skeleton_planner.h:170] Found solution in: 1
I20260909 04:39:20.464510   357 skeleton_planner.h:170] Found solution in: 4
I20260909 04:39:20.464520   357 skeleton_planner.h:170] Found solution in: 1
I20260909 04:39:20.464545   357 skeleton_planner.h:170] Found solution in: 5
I20260909 04:39:20.464553   357 skeleton_planner.h:170] Found solution in: 1
I20260909 04:39:20.464569   357 skeleton_planner.h:170] Found solution in: 4
I20260909 04:39:20.464577   357 skeleton_planner.h:170] Found solution in: 1
I20260909 04:39:20.464581   357 skeleton_planner.h:170] Found solution in: 2
I20260909 04:39:20.464598   357 skeleton_planner.h:170] Found solution in: 5
I20260909 04:39:20.464607   357 skeleton_planner.h:170] Found solution in: 1
I20260909 04:39:20.464625   357 skeleton_planner.h:170] Found solution in: 6
I20260909 04:39:20.464633   357 skeleton_planner.h:170] Found solution in: 1
I20260909 04:39:20.464718   357 skeleton_planner.h:170] Found solution in: 3
I20260909 04:39:20.464725   357 skeleton_planner.h:170] Found solution in: 1
I20260909 04:39:20.464730   357 skeleton_planner.h:170] Found solution in: 4
I20260909 04:39:20.465261   357 skeleton_planner.h:170] Found solution in: 1
I20260909 04:39:20.465265   357 skeleton_planner.h:170] Found solution in: 2
I20260909 04:39:20.465687   357 skeleton_planner.h:170] Found solution in: 1
I20260909 04:39:20.465690   357 skeleton_planner.h:170] Found solution in: 2
I20260909 04:39:20.465874   357 skeleton_planner.h:170] Found solution in: 1
I20260909 04:39:20.465878   357 skeleton_planner.h:170] Found solution in: 3
I20260909 04:39:20.466321   357 skeleton_planner.h:170] Found solution in: 1
I20260909 04:39:20.466325   357 skeleton_planner.h:170] Found solution in: 3
I20260909 04:39:20.466952   357 skeleton_planner.h:170] Found solution in: 1
I20260909 04:39:20.467149   357 skeleton_planner.h:170] Found solution in: 89
I20260909 04:39:20.467188   357 skeleton_planner.h:170] Found solution in: 7
I20260909 04:39:20.467198   357 skeleton_planner.h:170] Found solution in: 1
I20260909 04:39:20.467242   357 skeleton_planner.h:170] Found solution in: 6
I20260909 04:39:20.467249   357 skeleton_planner.h:170] Found solution in: 1
I20260909 04:39:20.467551   357 skeleton_planner.h:170] Found solution in: 1
I20260909 04:39:20.467555   357 skeleton_planner.h:170] Found solution in: 3
I20260909 04:39:20.467593   357 skeleton_planner.h:170] Found solution in: 8
I20260909 04:39:20.467603   357 skeleton_planner.h:170] Found solution in: 1
I20260909 04:39:20.467610   357 skeleton_planner.h:170] Found solution in: 7
I20260909 04:39:20.467617   357 skeleton_planner.h:170] Found solution in: 1
I20260909 04:39:20.467621   357 skeleton_planner.h:170] Found solution in: 2
I20260909 04:39:20.467640   357 skeleton_planner.h:170] Found solution in: 7
I20260909 04:39:20.467648   357 skeleton_planner.h:170] Found solution in: 1
I20260909 04:39:20.467741   357 skeleton_planner.h:170] Found solution in: 4
I20260909 04:39:20.467752   357 skeleton_planner.h:170] Found solution in: 1
I20260909 04:39:20.467759   357 skeleton_planner.h:170] Found solution in: 1
I20260909 04:39:20.467767   357 skeleton_planner.h:170] Found solution in: 5
I20260909 04:39:20.467772   357 skeleton_planner.h:170] Found solution in: 1
I20260909 04:39:20.467778   357 skeleton_planner.h:170] Found solution in: 1
I20260909 04:39:20.467787   357 skeleton_planner.h:170] Found solution in: 10
I20260909 04:39:20.467891   357 skeleton_planner.h:170] Found solution in: 5
I20260909 04:39:20.467900   357 skeleton_planner.h:170] Found solution in: 1
I20260909 04:39:20.467912   357 skeleton_planner.h:170] Found solution in: 3
I20260909 04:39:20.467922   357 skeleton_planner.h:170] Found solution in: 1
I20260909 04:39:20.467954   357 skeleton_planner.h:170] Found solution in: 10
I20260909 04:39:20.467963   357 skeleton_planner.h:170] Found solution in: 1
I20260909 04:39:20.467971   357 skeleton_planner.h:170] Found solution in: 1
I20260909 04:39:20.468021   357 skeleton_planner.h:170] Found solution in: 4
I20260909 04:39:20.468029   357 skeleton_planner.h:170] Found solution in: 1
I20260909 04:39:20.468072   357 skeleton_planner.h:170] Found solution in: 4
I20260909 04:39:20.468081   357 skeleton_planner.h:170] Found solution in: 1
I20260909 04:39:20.468091   357 skeleton_planner.h:170] Found solution in: 3
I20260909 04:39:20.468101   357 skeleton_planner.h:170] Found solution in: 1
I20260909 04:39:20.468111   357 skeleton_planner.h:170] Found solution in: 1
I20260909 04:39:20.468113   357 skeleton_planner.h:170] Found solution in: 2
I20260909 04:39:20.468134   357 skeleton_planner.h:170] Found solution in: 6
I20260909 04:39:20.468144   357 skeleton_planner.h:170] Found solution in: 1
I20260909 04:39:20.468163   357 skeleton_planner.h:170] Found solution in: 6
I20260909 04:39:20.468174   357 skeleton_planner.h:170] Found solution in: 1
I20260909 04:39:20.468197   357 skeleton_planner.h:170] Found solution in: 7
I20260909 04:39:20.468206   357 skeleton_planner.h:170] Found solution in: 1
I20260909 04:39:20.468212   357 skeleton_planner.h:170] Found solution in: 5
I20260909 04:39:20.468222   357 skeleton_planner.h:170] Found solution in: 1
I20260909 04:39:20.468228   357 skeleton_planner.h:170] Found solution in: 5
I20260909 04:39:20.468240   357 skeleton_planner.h:170] Found solution in: 13
I20260909 04:39:20.468248   357 skeleton_planner.h:170] Found solution in: 1
I20260909 04:39:20.468261   357 skeleton_planner.h:170] Found solution in: 3
I20260909 04:39:20.468267   357 skeleton_planner.h:170] Found solution in: 1
I20260909 04:39:20.468308   357 skeleton_planner.h:170] Found solution in: 46
I20260909 04:39:20.468323   357 skeleton_planner.h:170] Found solution in: 17
I20260909 04:39:20.468416   357 skeleton_planner.h:170] Found solution in: 5
I20260909 04:39:20.468425   357 skeleton_planner.h:170] Found solution in: 1
I20260909 04:39:20.468461   357 skeleton_planner.h:170] Found solution in: 46
I20260909 04:39:20.468489   357 skeleton_planner.h:170] Found solution in: 34
I20260909 04:39:20.468497   357 skeleton_planner.h:170] Found solution in: 1
I20260909 04:39:20.468509   357 skeleton_planner.h:170] Found solution in: 1
I20260909 04:39:20.468580   357 skeleton_planner.h:170] Found solution in: 3
I20260909 04:39:20.468593   357 skeleton_planner.h:170] Found solution in: 1
I20260909 04:39:20.468604   357 skeleton_planner.h:170] Found solution in: 3
I20260909 04:39:20.468612   357 skeleton_planner.h:170] Found solution in: 1
I20260909 04:39:20.468617   357 skeleton_planner.h:170] Found solution in: 1
I20260909 04:39:20.468703   357 skeleton_planner.h:170] Found solution in: 3
I20260909 04:39:20.468711   357 skeleton_planner.h:170] Found solution in: 1
I20260909 04:39:20.468724   357 skeleton_planner.h:170] Found solution in: 3
I20260909 04:39:20.468730   357 skeleton_planner.h:170] Found solution in: 1
I20260909 04:39:20.468743   357 skeleton_planner.h:170] Found solution in: 3
I20260909 04:39:20.468750   357 skeleton_planner.h:170] Found solution in: 1
I20260909 04:39:20.468755   357 skeleton_planner.h:170] Found solution in: 3
I20260909 04:39:20.468771   357 skeleton_planner.h:170] Found solution in: 4
I20260909 04:39:20.468781   357 skeleton_planner.h:170] Found solution in: 1
I20260909 04:39:20.468787   357 skeleton_planner.h:170] Found solution in: 5
I20260909 04:39:20.468793   357 skeleton_planner.h:170] Found solution in: 1
I20260909 04:39:20.468804   357 skeleton_planner.h:170] Found solution in: 3
I20260909 04:39:20.468811   357 skeleton_planner.h:170] Found solution in: 1
I20260909 04:39:20.468817   357 skeleton_planner.h:170] Found solution in: 1
I20260909 04:39:20.468823   357 skeleton_planner.h:170] Found solution in: 5
I20260909 04:39:20.468829   357 skeleton_planner.h:170] Found solution in: 1
I20260909 04:39:20.468837   357 skeleton_planner.h:170] Found solution in: 6
I20260909 04:39:20.468847   357 skeleton_planner.h:170] Found solution in: 1
I20260909 04:39:20.468850   357 skeleton_planner.h:170] Found solution in: 2
I20260909 04:39:20.468865   357 skeleton_planner.h:170] Found solution in: 5
I20260909 04:39:20.468873   357 skeleton_planner.h:170] Found solution in: 1
I20260909 04:39:20.468967   357 skeleton_planner.h:170] Found solution in: 5
I20260909 04:39:20.468978   357 skeleton_planner.h:170] Found solution in: 1
I20260909 04:39:20.468989   357 skeleton_planner.h:170] Found solution in: 3
I20260909 04:39:20.469002   357 skeleton_planner.h:170] Found solution in: 1
I20260909 04:39:20.469022   357 skeleton_planner.h:170] Found solution in: 5
I20260909 04:39:20.469033   357 skeleton_planner.h:170] Found solution in: 1
I20260909 04:39:20.469041   357 skeleton_planner.h:170] Found solution in: 1
I20260909 04:39:20.469049   357 skeleton_planner.h:170] Found solution in: 1
I20260909 04:39:20.469058   357 skeleton_planner.h:170] Found solution in: 9
I20260909 04:39:20.469069   357 skeleton_planner.h:170] Found solution in: 1
I20260909 04:39:20.469094   357 skeleton_planner.h:170] Found solution in: 8
I20260909 04:39:20.469102   357 skeleton_planner.h:170] Found solution in: 1
I20260909 04:39:20.469108   357 skeleton_planner.h:170] Found solution in: 5
I20260909 04:39:20.469113   357 skeleton_planner.h:170] Found solution in: 1
I20260909 04:39:20.469120   357 skeleton_planner.h:170] Found solution in: 5
I20260909 04:39:20.469125   357 skeleton_planner.h:170] Found solution in: 5
I20260909 04:39:20.469130   357 skeleton_planner.h:170] Found solution in: 1
I20260909 04:39:20.469146   357 skeleton_planner.h:170] Found solution in: 5
I20260909 04:39:20.469156   357 skeleton_planner.h:170] Found solution in: 1
I20260909 04:39:20.469161   357 skeleton_planner.h:170] Found solution in: 2
I20260909 04:39:20.469405   357 skeleton_planner.h:170] Found solution in: 98
I20260909 04:39:20.469424   357 skeleton_planner.h:170] Found solution in: 1
I20260909 04:39:20.469702   357 skeleton_planner.h:170] Found solution in: 100
I20260909 04:39:20.469720   357 skeleton_planner.h:170] Found solution in: 1
I20260909 04:39:20.470324   357 skeleton_planner.h:170] Found solution in: 7
I20260909 04:39:20.470330   357 skeleton_planner.h:170] Found solution in: 1
I20260909 04:39:20.470547   357 skeleton_planner.h:170] Found solution in: 4
I20260909 04:39:20.470556   357 skeleton_planner.h:170] Found solution in: 1
I20260909 04:39:20.470568   357 skeleton_planner.h:170] Found solution in: 4
I20260909 04:39:20.470577   357 skeleton_planner.h:170] Found solution in: 1
I20260909 04:39:20.470613   357 skeleton_planner.h:170] Found solution in: 9
I20260909 04:39:20.470623   357 skeleton_planner.h:170] Found solution in: 1
I20260909 04:39:20.470638   357 skeleton_planner.h:170] Found solution in: 3
I20260909 04:39:20.470644   357 skeleton_planner.h:170] Found solution in: 1
I20260909 04:39:20.470652   357 skeleton_planner.h:170] Found solution in: 1
I20260909 04:39:20.470666   357 skeleton_planner.h:170] Found solution in: 5
I20260909 04:39:20.470674   357 skeleton_planner.h:170] Found solution in: 1
I20260909 04:39:20.470687   357 skeleton_planner.h:170] Found solution in: 5
I20260909 04:39:20.470695   357 skeleton_planner.h:170] Found solution in: 1
I20260909 04:39:20.470700   357 skeleton_planner.h:170] Found solution in: 1
I20260909 04:39:20.470703   357 skeleton_planner.h:170] Found solution in: 3
I20260909 04:39:20.470708   357 skeleton_planner.h:170] Found solution in: 1
I20260909 04:39:20.470712   357 skeleton_planner.h:170] Found solution in: 3
I20260909 04:39:20.470718   357 skeleton_planner.h:170] Found solution in: 1
I20260909 04:39:20.470721   357 skeleton_planner.h:170] Found solution in: 2
I20260909 04:39:20.470726   357 skeleton_planner.h:170] Found solution in: 1
I20260909 04:39:20.470728   357 skeleton_planner.h:170] Found solution in: 2
I20260909 04:39:20.470739   357 skeleton_planner.h:170] Found solution in: 1
I20260909 04:39:20.470801   357 skeleton_planner.h:170] Found solution in: 30
I20260909 04:39:20.470860   357 skeleton_planner.h:170] Found solution in: 25
I20260909 04:39:20.471022   357 skeleton_planner.h:170] Found solution in: 78
I20260909 04:39:20.471037   357 skeleton_planner.h:170] Found solution in: 1
I20260909 04:39:20.471045   357 skeleton_planner.h:170] Found solution in: 1
I20260909 04:39:20.471048   357 skeleton_planner.h:170] Found solution in: 2
I20260909 04:39:20.471088   357 skeleton_planner.h:170] Found solution in: 14
I20260909 04:39:20.471098   357 skeleton_planner.h:170] Found solution in: 1
I20260909 04:39:20.471107   357 skeleton_planner.h:170] Found solution in: 1
I20260909 04:39:20.471110   357 skeleton_planner.h:170] Found solution in: 2
I20260909 04:39:20.471163   357 skeleton_planner.h:170] Found solution in: 20
I20260909 04:39:20.471190   357 skeleton_planner.h:170] Found solution in: 7
I20260909 04:39:20.471199   357 skeleton_planner.h:170] Found solution in: 1
I20260909 04:39:20.471216   357 skeleton_planner.h:170] Found solution in: 15
I20260909 04:39:20.471225   357 skeleton_planner.h:170] Found solution in: 1
I20260909 04:39:20.471333   357 skeleton_planner.h:170] Found solution in: 5
I20260909 04:39:20.471342   357 skeleton_planner.h:170] Found solution in: 1
I20260909 04:39:20.471390   357 skeleton_planner.h:170] Found solution in: 56
I20260909 04:39:20.471431   357 skeleton_planner.h:170] Found solution in: 42
I20260909 04:39:20.471439   357 skeleton_planner.h:170] Found solution in: 7
I20260909 04:39:20.471447   357 skeleton_planner.h:170] Found solution in: 1
I20260909 04:39:20.471462   357 skeleton_planner.h:170] Found solution in: 6
I20260909 04:39:20.471472   357 skeleton_planner.h:170] Found solution in: 1
I20260909 04:39:20.471477   357 skeleton_planner.h:170] Found solution in: 1
I20260909 04:39:20.471481   357 skeleton_planner.h:170] Found solution in: 3
I20260909 04:39:20.471498   357 skeleton_planner.h:170] Found solution in: 5
I20260909 04:39:20.471505   357 skeleton_planner.h:170] Found solution in: 1
I20260909 04:39:20.471534   357 skeleton_planner.h:170] Found solution in: 32
I20260909 04:39:20.471542   357 skeleton_planner.h:170] Found solution in: 6
I20260909 04:39:20.471549   357 skeleton_planner.h:170] Found solution in: 1
I20260909 04:39:20.471555   357 skeleton_planner.h:170] Found solution in: 1
I20260909 04:39:20.471561   357 skeleton_planner.h:170] Found solution in: 1
I20260909 04:39:20.471585   357 skeleton_planner.h:170] Found solution in: 6
I20260909 04:39:20.471606   357 skeleton_planner.h:170] Found solution in: 7
I20260909 04:39:20.471624   357 skeleton_planner.h:170] Found solution in: 6
I20260909 04:39:20.471633   357 skeleton_planner.h:170] Found solution in: 1
I20260909 04:39:20.471670   357 skeleton_planner.h:170] Found solution in: 46
I20260909 04:39:20.471685   357 skeleton_planner.h:170] Found solution in: 15
I20260909 04:39:20.471691   357 skeleton_planner.h:170] Found solution in: 5
I20260909 04:39:20.471697   357 skeleton_planner.h:170] Found solution in: 1
I20260909 04:39:20.471704   357 skeleton_planner.h:170] Found solution in: 1
I20260909 04:39:20.471714   357 skeleton_planner.h:170] Found solution in: 3
I20260909 04:39:20.471720   357 skeleton_planner.h:170] Found solution in: 1
I20260909 04:39:20.471727   357 skeleton_planner.h:170] Found solution in: 6
I20260909 04:39:20.471731   357 skeleton_planner.h:170] Found solution in: 4
I20260909 04:39:20.471755   357 skeleton_planner.h:170] Found solution in: 4
I20260909 04:39:20.471761   357 skeleton_planner.h:170] Found solution in: 1
I20260909 04:39:20.471768   357 skeleton_planner.h:170] Found solution in: 7
I20260909 04:39:20.471776   357 skeleton_planner.h:170] Found solution in: 1
I20260909 04:39:20.471782   357 skeleton_planner.h:170] Found solution in: 1
I20260909 04:39:20.471791   357 skeleton_planner.h:170] Found solution in: 9
I20260909 04:39:20.471824   357 skeleton_planner.h:170] Found solution in: 46
I20260909 04:39:20.471836   357 skeleton_planner.h:170] Found solution in: 12
I20260909 04:39:20.471845   357 skeleton_planner.h:170] Found solution in: 1
I20260909 04:39:20.472023   357 skeleton_planner.h:170] Found solution in: 1
I20260909 04:39:20.472039   357 skeleton_planner.h:170] Found solution in: 16
I20260909 04:39:20.472059   357 skeleton_planner.h:170] Found solution in: 21
I20260909 04:39:20.472067   357 skeleton_planner.h:170] Found solution in: 1
I20260909 04:39:20.472074   357 skeleton_planner.h:170] Found solution in: 1
I20260909 04:39:20.472083   357 skeleton_planner.h:170] Found solution in: 1
I20260909 04:39:20.472088   357 skeleton_planner.h:170] Found solution in: 1
I20260909 04:39:20.472121   357 skeleton_planner.h:170] Found solution in: 39
I20260909 04:39:20.472128   357 skeleton_planner.h:170] Found solution in: 5
I20260909 04:39:20.472134   357 skeleton_planner.h:170] Found solution in: 1
I20260909 04:39:20.472139   357 skeleton_planner.h:170] Found solution in: 5
I20260909 04:39:20.472170   357 skeleton_planner.h:170] Found solution in: 39
I20260909 04:39:20.472177   357 skeleton_planner.h:170] Found solution in: 1
I20260909 04:39:20.472184   357 skeleton_planner.h:170] Found solution in: 8
I20260909 04:39:20.472194   357 skeleton_planner.h:170] Found solution in: 11
I20260909 04:39:20.472208   357 skeleton_planner.h:170] Found solution in: 1
I20260909 04:39:20.472215   357 skeleton_planner.h:170] Found solution in: 1
I20260909 04:39:20.472312   357 skeleton_planner.h:170] Found solution in: 3
I20260909 04:39:20.472324   357 skeleton_planner.h:170] Found solution in: 1
I20260909 04:39:20.472339   357 skeleton_planner.h:170] Found solution in: 3
I20260909 04:39:20.472347   357 skeleton_planner.h:170] Found solution in: 1
I20260909 04:39:20.472355   357 skeleton_planner.h:170] Found solution in: 1
I20260909 04:39:20.472457   357 skeleton_planner.h:170] Found solution in: 7
I20260909 04:39:20.472467   357 skeleton_planner.h:170] Found solution in: 1
I20260909 04:39:20.472494   357 skeleton_planner.h:170] Found solution in: 7
I20260909 04:39:20.472506   357 skeleton_planner.h:170] Found solution in: 1
I20260909 04:39:20.472513   357 skeleton_planner.h:170] Found solution in: 1
I20260909 04:39:20.472519   357 skeleton_planner.h:170] Found solution in: 1
I20260909 04:39:20.472528   357 skeleton_planner.h:170] Found solution in: 1
I20260909 04:39:20.472537   357 skeleton_planner.h:170] Found solution in: 1
I20260909 04:39:20.473064   357 skeleton_planner.h:170] Found solution in: 65
I20260909 04:39:20.473080   357 skeleton_planner.h:170] Found solution in: 1
I20260909 04:39:20.473084   357 skeleton_planner.h:170] Found solution in: 2
I20260909 04:39:20.473093   357 skeleton_planner.h:170] Found solution in: 3
I20260909 04:39:20.473099   357 skeleton_planner.h:170] Found solution in: 1
I20260909 04:39:20.473320   357 skeleton_planner.h:170] Found solution in: 1
I20260909 04:39:20.473337   357 skeleton_planner.h:170] Found solution in: 3
I20260909 04:39:20.473349   357 skeleton_planner.h:170] Found solution in: 1
I20260909 04:39:20.473367   357 skeleton_planner.h:170] Found solution in: 21
I20260909 04:39:20.473477   357 skeleton_planner.h:170] Found solution in: 5
I20260909 04:39:20.473490   357 skeleton_planner.h:170] Found solution in: 1
I20260909 04:39:20.473496   357 skeleton_planner.h:170] Found solution in: 1
I20260909 04:39:20.473505   357 skeleton_planner.h:170] Found solution in: 1
I20260909 04:39:20.473508   357 skeleton_planner.h:170] Found solution in: 3
I20260909 04:39:20.473522   357 skeleton_planner.h:170] Found solution in: 5
I20260909 04:39:20.473532   357 skeleton_planner.h:170] Found solution in: 1
I20260909 04:39:20.473551   357 skeleton_planner.h:170] Found solution in: 4
I20260909 04:39:20.473560   357 skeleton_planner.h:170] Found solution in: 1
I20260909 04:39:20.473624   357 skeleton_planner.h:170] Found solution in: 72
I20260909 04:39:20.473635   357 skeleton_planner.h:170] Found solution in: 1
I20260909 04:39:20.473644   357 skeleton_planner.h:170] Found solution in: 1
I20260909 04:39:20.473659   357 skeleton_planner.h:170] Found solution in: 3
I20260909 04:39:20.473667   357 skeleton_planner.h:170] Found solution in: 1
I20260909 04:39:20.473670   357 skeleton_planner.h:170] Found solution in: 2
I20260909 04:39:20.473690   357 skeleton_planner.h:170] Found solution in: 6
I20260909 04:39:20.473701   357 skeleton_planner.h:170] Found solution in: 1
I20260909 04:39:20.473706   357 skeleton_planner.h:170] Found solution in: 3
I20260909 04:39:20.473712   357 skeleton_planner.h:170] Found solution in: 1
I20260909 04:39:20.473716   357 skeleton_planner.h:170] Found solution in: 3
I20260909 04:39:20.473776   357 skeleton_planner.h:170] Found solution in: 74
I20260909 04:39:20.473789   357 skeleton_planner.h:170] Found solution in: 1
I20260909 04:39:20.473809   357 skeleton_planner.h:170] Found solution in: 6
I20260909 04:39:20.473819   357 skeleton_planner.h:170] Found solution in: 1
I20260909 04:39:20.473907   357 skeleton_planner.h:170] Found solution in: 3
I20260909 04:39:20.473917   357 skeleton_planner.h:170] Found solution in: 1
I20260909 04:39:20.473941   357 skeleton_planner.h:170] Found solution in: 7
I20260909 04:39:20.473951   357 skeleton_planner.h:170] Found solution in: 1
I20260909 04:39:20.473959   357 skeleton_planner.h:170] Found solution in: 1
I20260909 04:39:20.473973   357 skeleton_planner.h:170] Found solution in: 1
I20260909 04:39:20.474068   357 skeleton_planner.h:170] Found solution in: 5
I20260909 04:39:20.474076   357 skeleton_planner.h:170] Found solution in: 1
I20260909 04:39:20.474171   357 skeleton_planner.h:170] Found solution in: 4
I20260909 04:39:20.474181   357 skeleton_planner.h:170] Found solution in: 1
I20260909 04:39:20.474193   357 skeleton_planner.h:170] Found solution in: 3
I20260909 04:39:20.474202   357 skeleton_planner.h:170] Found solution in: 1
I20260909 04:39:20.474218   357 skeleton_planner.h:170] Found solution in: 21
I20260909 04:39:20.474229   357 skeleton_planner.h:170] Found solution in: 1
I20260909 04:39:20.474241   357 skeleton_planner.h:170] Found solution in: 14
I20260909 04:39:20.474260   357 skeleton_planner.h:170] Found solution in: 23
I20260909 04:39:20.474277   357 skeleton_planner.h:170] Found solution in: 19
I20260909 04:39:20.474385   357 skeleton_planner.h:170] Found solution in: 6
I20260909 04:39:20.474395   357 skeleton_planner.h:170] Found solution in: 1
I20260909 04:39:20.474406   357 skeleton_planner.h:170] Found solution in: 1
I20260909 04:39:20.474413   357 skeleton_planner.h:170] Found solution in: 1
I20260909 04:39:20.474481   357 skeleton_planner.h:170] Found solution in: 89
I20260909 04:39:20.474493   357 skeleton_planner.h:170] Found solution in: 1
I20260909 04:39:20.474502   357 skeleton_planner.h:170] Found solution in: 9
I20260909 04:39:20.474514   357 skeleton_planner.h:170] Found solution in: 1
I20260909 04:39:20.474617   357 skeleton_planner.h:170] Found solution in: 4
I20260909 04:39:20.474637   357 skeleton_planner.h:170] Found solution in: 5
I20260909 04:39:20.474648   357 skeleton_planner.h:170] Found solution in: 3
I20260909 04:39:20.474660   357 skeleton_planner.h:170] Found solution in: 4
I20260909 04:39:20.474673   357 skeleton_planner.h:170] Found solution in: 5
I20260909 04:39:20.474687   357 skeleton_planner.h:170] Found solution in: 4
I20260909 04:39:20.474699   357 skeleton_planner.h:170] Found solution in: 3
I20260909 04:39:20.474715   357 skeleton_planner.h:170] Found solution in: 5
I20260909 04:39:20.474735   357 skeleton_planner.h:170] Found solution in: 5
I20260909 04:39:20.474751   357 skeleton_planner.h:170] Found solution in: 5
I20260909 04:39:20.474763   357 skeleton_planner.h:170] Found solution in: 4
I20260909 04:39:20.474787   357 skeleton_planner.h:170] Found solution in: 7
I20260909 04:39:20.474807   357 skeleton_planner.h:170] Found solution in: 6
I20260909 04:39:20.474821   357 skeleton_planner.h:170] Found solution in: 4
I20260909 04:39:20.474838   357 skeleton_planner.h:170] Found solution in: 4
I20260909 04:39:20.474856   357 skeleton_planner.h:170] Found solution in: 8
I20260909 04:39:20.474869   357 skeleton_planner.h:170] Found solution in: 3
I20260909 04:39:20.474879   357 skeleton_planner.h:170] Found solution in: 3
I20260909 04:39:20.474890   357 skeleton_planner.h:170] Found solution in: 4
I20260909 04:39:20.474910   357 skeleton_planner.h:170] Found solution in: 6
I20260909 04:39:20.474918   357 skeleton_planner.h:170] Found solution in: 3
I20260909 04:39:20.474936   357 skeleton_planner.h:170] Found solution in: 5
I20260909 04:39:20.474948   357 skeleton_planner.h:170] Found solution in: 4
I20260909 04:39:20.474960   357 skeleton_planner.h:170] Found solution in: 4
I20260909 04:39:20.474972   357 skeleton_planner.h:170] Found solution in: 3
I20260909 04:39:20.474992   357 skeleton_planner.h:170] Found solution in: 6
I20260909 04:39:20.475003   357 skeleton_planner.h:170] Found solution in: 3
I20260909 04:39:20.475018   357 skeleton_planner.h:170] Found solution in: 5
I20260909 04:39:20.475042   357 skeleton_planner.h:170] Found solution in: 8
I20260909 04:39:20.475065   357 skeleton_planner.h:170] Found solution in: 8
I20260909 04:39:20.475081   357 skeleton_planner.h:170] Found solution in: 6
I20260909 04:39:20.475090   357 skeleton_planner.h:170] Found solution in: 3
I20260909 04:39:20.475121   357 skeleton_planner.h:170] Found solution in: 11
I20260909 04:39:20.475134   357 skeleton_planner.h:170] Found solution in: 4
I20260909 04:39:20.475150   357 skeleton_planner.h:170] Found solution in: 5
I20260909 04:39:20.475162   357 skeleton_planner.h:170] Found solution in: 4
I20260909 04:39:20.475174   357 skeleton_planner.h:170] Found solution in: 4
I20260909 04:39:20.475188   357 skeleton_planner.h:170] Found solution in: 5
I20260909 04:39:20.475199   357 skeleton_planner.h:170] Found solution in: 3
I20260909 04:39:20.475219   357 skeleton_planner.h:170] Found solution in: 5
I20260909 04:39:20.475234   357 skeleton_planner.h:170] Found solution in: 5
I20260909 04:39:20.475247   357 skeleton_planner.h:170] Found solution in: 4
I20260909 04:39:20.475258   357 skeleton_planner.h:170] Found solution in: 3
I20260909 04:39:20.475270   357 skeleton_planner.h:170] Found solution in: 3
I20260909 04:39:20.475281   357 skeleton_planner.h:170] Found solution in: 3
I20260909 04:39:20.475296   357 skeleton_planner.h:170] Found solution in: 6
I20260909 04:39:20.475308   357 skeleton_planner.h:170] Found solution in: 3
I20260909 04:39:20.475319   357 skeleton_planner.h:170] Found solution in: 3
I20260909 04:39:20.475335   357 skeleton_planner.h:170] Found solution in: 5
I20260909 04:39:20.475350   357 skeleton_planner.h:170] Found solution in: 4
I20260909 04:39:20.475366   357 skeleton_planner.h:170] Found solution in: 4
I20260909 04:39:20.475380   357 skeleton_planner.h:170] Found solution in: 3
I20260909 04:39:20.475390   357 skeleton_planner.h:170] Found solution in: 3
I20260909 04:39:20.475400   357 skeleton_planner.h:170] Found solution in: 3
I20260909 04:39:20.475410   357 skeleton_planner.h:170] Found solution in: 3
I20260909 04:39:20.475423   357 skeleton_planner.h:170] Found solution in: 4
I20260909 04:39:20.475441   357 skeleton_planner.h:170] Found solution in: 5
I20260909 04:39:20.475466   357 skeleton_planner.h:170] Found solution in: 9
I20260909 04:39:20.475481   357 skeleton_planner.h:170] Found solution in: 5
I20260909 04:39:20.475493   357 skeleton_planner.h:170] Found solution in: 3
I20260909 04:39:20.475504   357 skeleton_planner.h:170] Found solution in: 3
I20260909 04:39:20.475517   357 skeleton_planner.h:170] Found solution in: 4
I20260909 04:39:20.475530   357 skeleton_planner.h:170] Found solution in: 4
I20260909 04:39:20.475543   357 skeleton_planner.h:170] Found solution in: 3
I20260909 04:39:20.475557   357 skeleton_planner.h:170] Found solution in: 4
I20260909 04:39:20.475570   357 skeleton_planner.h:170] Found solution in: 4
I20260909 04:39:20.475582   357 skeleton_planner.h:170] Found solution in: 4
I20260909 04:39:20.475592   357 skeleton_planner.h:170] Found solution in: 3
I20260909 04:39:20.475605   357 skeleton_planner.h:170] Found solution in: 4
I20260909 04:39:20.475622   357 skeleton_planner.h:170] Found solution in: 6
I20260909 04:39:20.475632   357 skeleton_planner.h:170] Found solution in: 3
I20260909 04:39:20.475646   357 skeleton_planner.h:170] Found solution in: 5
I20260909 04:39:20.475664   357 skeleton_planner.h:170] Found solution in: 6
I20260909 04:39:20.475690   357 skeleton_planner.h:170] Found solution in: 8
I20260909 04:39:20.475703   357 skeleton_planner.h:170] Found solution in: 3
I20260909 04:39:20.475723   357 skeleton_planner.h:170] Found solution in: 6
I20260909 04:39:20.475745   357 skeleton_planner.h:170] Found solution in: 8
I20260909 04:39:20.475754   357 skeleton_planner.h:170] Found solution in: 2
I20260909 04:39:20.475788   357 skeleton_planner.h:170] Found solution in: 17
I20260909 04:39:20.475800   357 skeleton_planner.h:170] Found solution in: 3
I20260909 04:39:20.475811   357 skeleton_planner.h:170] Found solution in: 3
I20260909 04:39:20.475829   357 skeleton_planner.h:170] Found solution in: 6
I20260909 04:39:20.475843   357 skeleton_planner.h:170] Found solution in: 5
I20260909 04:39:20.475857   357 skeleton_planner.h:170] Found solution in: 6
I20260909 04:39:20.475867   357 skeleton_planner.h:170] Found solution in: 3
I20260909 04:39:20.475889   357 skeleton_planner.h:170] Found solution in: 8
I20260909 04:39:20.475900   357 skeleton_planner.h:170] Found solution in: 4
I20260909 04:39:20.475914   357 skeleton_planner.h:170] Found solution in: 4
I20260909 04:39:20.475934   357 skeleton_planner.h:170] Found solution in: 6
I20260909 04:39:20.475956   357 skeleton_planner.h:170] Found solution in: 7
I20260909 04:39:20.475971   357 skeleton_planner.h:170] Found solution in: 4
I20260909 04:39:20.475992   357 skeleton_planner.h:170] Found solution in: 6
I20260909 04:39:20.476006   357 skeleton_planner.h:170] Found solution in: 5
I20260909 04:39:20.476015   357 skeleton_planner.h:170] Found solution in: 4
I20260909 04:39:20.476029   357 skeleton_planner.h:170] Found solution in: 5
I20260909 04:39:20.476042   357 skeleton_planner.h:170] Found solution in: 4
I20260909 04:39:20.476055   357 skeleton_planner.h:170] Found solution in: 4
I20260909 04:39:20.476068   357 skeleton_planner.h:170] Found solution in: 3
I20260909 04:39:20.476078   357 skeleton_planner.h:170] Found solution in: 3
I20260909 04:39:20.476087   357 skeleton_planner.h:170] Found solution in: 3
I20260909 04:39:20.476102   357 skeleton_planner.h:170] Found solution in: 5
I20260909 04:39:20.476114   357 skeleton_planner.h:170] Found solution in: 4
I20260909 04:39:20.476133   357 skeleton_planner.h:170] Found solution in: 6
I20260909 04:39:20.476148   357 skeleton_planner.h:170] Found solution in: 5
I20260909 04:39:20.476158   357 skeleton_planner.h:170] Found solution in: 3
I20260909 04:39:20.476176   357 skeleton_planner.h:170] Found solution in: 6
I20260909 04:39:20.476187   357 skeleton_planner.h:170] Found solution in: 3
I20260909 04:39:20.476209   357 skeleton_planner.h:170] Found solution in: 8
I20260909 04:39:20.476227   357 skeleton_planner.h:170] Found solution in: 8
I20260909 04:39:20.476240   357 skeleton_planner.h:170] Found solution in: 4
I20260909 04:39:20.476250   357 skeleton_planner.h:170] Found solution in: 3
I20260909 04:39:20.476269   357 skeleton_planner.h:170] Found solution in: 6
I20260909 04:39:20.476279   357 skeleton_planner.h:170] Found solution in: 2
I20260909 04:39:20.476289   357 skeleton_planner.h:170] Found solution in: 3
I20260909 04:39:20.476300   357 skeleton_planner.h:170] Found solution in: 3
I20260909 04:39:20.476313   357 skeleton_planner.h:170] Found solution in: 3
I20260909 04:39:20.476325   357 skeleton_planner.h:170] Found solution in: 3
I20260909 04:39:20.476336   357 skeleton_planner.h:170] Found solution in: 3
I20260909 04:39:20.476353   357 skeleton_planner.h:170] Found solution in: 6
I20260909 04:39:20.476366   357 skeleton_planner.h:170] Found solution in: 4
I20260909 04:39:20.476377   357 skeleton_planner.h:170] Found solution in: 3
I20260909 04:39:20.476385   357 skeleton_planner.h:170] Found solution in: 2
I20260909 04:39:20.476397   357 skeleton_planner.h:170] Found solution in: 3
I20260909 04:39:20.476410   357 skeleton_planner.h:170] Found solution in: 4
I20260909 04:39:20.476421   357 skeleton_planner.h:170] Found solution in: 3
I20260909 04:39:20.476431   357 skeleton_planner.h:170] Found solution in: 3
I20260909 04:39:20.476442   357 skeleton_planner.h:170] Found solution in: 3
I20260909 04:39:20.476451   357 skeleton_planner.h:170] Found solution in: 3
I20260909 04:39:20.476462   357 skeleton_planner.h:170] Found solution in: 4
I20260909 04:39:20.476481   357 skeleton_planner.h:170] Found solution in: 7
I20260909 04:39:20.476495   357 skeleton_planner.h:170] Found solution in: 4
I20260909 04:39:20.476514   357 skeleton_planner.h:170] Found solution in: 6
I20260909 04:39:20.476533   357 skeleton_planner.h:170] Found solution in: 8
I20260909 04:39:20.476543   357 skeleton_planner.h:170] Found solution in: 4
I20260909 04:39:20.476557   357 skeleton_planner.h:170] Found solution in: 5
I20260909 04:39:20.476569   357 skeleton_planner.h:170] Found solution in: 4
I20260909 04:39:20.476590   357 skeleton_planner.h:170] Found solution in: 8
I20260909 04:39:20.476603   357 skeleton_planner.h:170] Found solution in: 3
I20260909 04:39:20.476611   357 skeleton_planner.h:170] Found solution in: 3
I20260909 04:39:20.476621   357 skeleton_planner.h:170] Found solution in: 3
I20260909 04:39:20.476632   357 skeleton_planner.h:170] Found solution in: 4
I20260909 04:39:20.476651   357 skeleton_planner.h:170] Found solution in: 6
I20260909 04:39:20.476662   357 skeleton_planner.h:170] Found solution in: 3
I20260909 04:39:20.476676   357 skeleton_planner.h:170] Found solution in: 4
I20260909 04:39:20.476713   357 skeleton_planner.h:170] Found solution in: 10
I20260909 04:39:20.476727   357 skeleton_planner.h:170] Found solution in: 3
I20260909 04:39:20.476758   357 skeleton_planner.h:170] Found solution in: 10
I20260909 04:39:20.476779   357 skeleton_planner.h:170] Found solution in: 6
I20260909 04:39:20.476804   357 skeleton_planner.h:170] Found solution in: 8
I20260909 04:39:20.476816   357 skeleton_planner.h:170] Found solution in: 4
I20260909 04:39:20.476837   357 skeleton_planner.h:170] Found solution in: 7
I20260909 04:39:20.476861   357 skeleton_planner.h:170] Found solution in: 7
I20260909 04:39:20.476879   357 skeleton_planner.h:170] Found solution in: 6
I20260909 04:39:20.476903   357 skeleton_planner.h:170] Found solution in: 8
I20260909 04:39:20.476915   357 skeleton_planner.h:170] Found solution in: 3
I20260909 04:39:20.476927   357 skeleton_planner.h:170] Found solution in: 4
I20260909 04:39:20.476946   357 skeleton_planner.h:170] Found solution in: 5
I20260909 04:39:20.476958   357 skeleton_planner.h:170] Found solution in: 4
I20260909 04:39:20.476969   357 skeleton_planner.h:170] Found solution in: 4
I20260909 04:39:20.476980   357 skeleton_planner.h:170] Found solution in: 4
I20260909 04:39:20.476998   357 skeleton_planner.h:170] Found solution in: 7
I20260909 04:39:20.477016   357 skeleton_planner.h:170] Found solution in: 6
I20260909 04:39:20.477028   357 skeleton_planner.h:170] Found solution in: 4
I20260909 04:39:20.477042   357 skeleton_planner.h:170] Found solution in: 5
I20260909 04:39:20.477059   357 skeleton_planner.h:170] Found solution in: 6
I20260909 04:39:20.477070   357 skeleton_planner.h:170] Found solution in: 4
I20260909 04:39:20.477085   357 skeleton_planner.h:170] Found solution in: 6
I20260909 04:39:20.477098   357 skeleton_planner.h:170] Found solution in: 5
I20260909 04:39:20.477118   357 skeleton_planner.h:170] Found solution in: 8
I20260909 04:39:20.477142   357 skeleton_planner.h:170] Found solution in: 10
I20260909 04:39:20.477162   357 skeleton_planner.h:170] Found solution in: 6
I20260909 04:39:20.477183   357 skeleton_planner.h:170] Found solution in: 8
I20260909 04:39:20.477207   357 skeleton_planner.h:170] Found solution in: 8
I20260909 04:39:20.477236   357 skeleton_planner.h:170] Found solution in: 10
I20260909 04:39:20.477246   357 skeleton_planner.h:170] Found solution in: 3
I20260909 04:39:20.477272   357 skeleton_planner.h:170] Found solution in: 9
I20260909 04:39:20.477283   357 skeleton_planner.h:170] Found solution in: 3
I20260909 04:39:20.477296   357 skeleton_planner.h:170] Found solution in: 4
I20260909 04:39:20.477317   357 skeleton_planner.h:170] Found solution in: 6
I20260909 04:39:20.477335   357 skeleton_planner.h:170] Found solution in: 5
I20260909 04:39:20.477346   357 skeleton_planner.h:170] Found solution in: 3
I20260909 04:39:20.477366   357 skeleton_planner.h:170] Found solution in: 6
I20260909 04:39:20.477378   357 skeleton_planner.h:170] Found solution in: 3
I20260909 04:39:20.477396   357 skeleton_planner.h:170] Found solution in: 6
I20260909 04:39:20.477402   357 skeleton_planner.h:170] Found solution in: 1
I20260909 04:39:20.477422   357 skeleton_planner.h:170] Found solution in: 7
I20260909 04:39:20.477450   357 skeleton_planner.h:170] Found solution in: 10
I20260909 04:39:20.477473   357 skeleton_planner.h:170] Found solution in: 6
I20260909 04:39:20.477509   357 skeleton_planner.h:170] Found solution in: 13
I20260909 04:39:20.477551   357 skeleton_planner.h:170] Found solution in: 14
I20260909 04:39:20.477576   357 skeleton_planner.h:170] Found solution in: 7
I20260909 04:39:20.477607   357 skeleton_planner.h:170] Found solution in: 11
I20260909 04:39:20.477619   357 skeleton_planner.h:170] Found solution in: 3
I20260909 04:39:20.477638   357 skeleton_planner.h:170] Found solution in: 4
I20260909 04:39:20.477650   357 skeleton_planner.h:170] Found solution in: 4
I20260909 04:39:20.477666   357 skeleton_planner.h:170] Found solution in: 5
I20260909 04:39:20.477685   357 skeleton_planner.h:170] Found solution in: 6
I20260909 04:39:20.477701   357 skeleton_planner.h:170] Found solution in: 5
I20260909 04:39:20.477721   357 skeleton_planner.h:170] Found solution in: 6
I20260909 04:39:20.477735   357 skeleton_planner.h:170] Found solution in: 4
I20260909 04:39:20.477746   357 skeleton_planner.h:170] Found solution in: 3
I20260909 04:39:20.477753   357 skeleton_planner.h:170] Found solution in: 2
I20260909 04:39:20.477763   357 skeleton_planner.h:170] Found solution in: 3
I20260909 04:39:20.477782   357 skeleton_planner.h:170] Found solution in: 6
I20260909 04:39:20.477802   357 skeleton_planner.h:170] Found solution in: 6
I20260909 04:39:20.477813   357 skeleton_planner.h:170] Found solution in: 3
I20260909 04:39:20.477834   357 skeleton_planner.h:170] Found solution in: 7
I20260909 04:39:20.477842   357 skeleton_planner.h:170] Found solution in: 2
I20260909 04:39:20.477864   357 skeleton_planner.h:170] Found solution in: 7
I20260909 04:39:20.477881   357 skeleton_planner.h:170] Found solution in: 8
I20260909 04:39:20.477905   357 skeleton_planner.h:170] Found solution in: 9
I20260909 04:39:20.478011   357 skeleton_planner.h:170] Found solution in: 56
I20260909 04:39:20.478040   357 skeleton_planner.h:170] Found solution in: 5
I20260909 04:39:20.478060   357 skeleton_planner.h:170] Found solution in: 5
I20260909 04:39:20.478072   357 skeleton_planner.h:170] Found solution in: 4
I20260909 04:39:20.478087   357 skeleton_planner.h:170] Found solution in: 4
I20260909 04:39:20.478111   357 skeleton_planner.h:170] Found solution in: 7
I20260909 04:39:20.478128   357 skeleton_planner.h:170] Found solution in: 5
I20260909 04:39:20.478139   357 skeleton_planner.h:170] Found solution in: 3
I20260909 04:39:20.478150   357 skeleton_planner.h:170] Found solution in: 4
I20260909 04:39:20.478169   357 skeleton_planner.h:170] Found solution in: 6
I20260909 04:39:20.478174   357 skeleton_planner.h:170] Found solution in: 1
I20260909 04:39:20.478192   357 skeleton_planner.h:170] Found solution in: 6
I20260909 04:39:20.478202   357 skeleton_planner.h:170] Found solution in: 3
I20260909 04:39:20.478214   357 skeleton_planner.h:170] Found solution in: 3
I20260909 04:39:20.478229   357 skeleton_planner.h:170] Found solution in: 6
I20260909 04:39:20.478250   357 skeleton_planner.h:170] Found solution in: 7
I20260909 04:39:20.478271   357 skeleton_planner.h:170] Found solution in: 7
I20260909 04:39:20.478307   357 skeleton_planner.h:170] Found solution in: 14
I20260909 04:39:20.478325   357 skeleton_planner.h:170] Found solution in: 6
I20260909 04:39:20.478350   357 skeleton_planner.h:170] Found solution in: 8
I20260909 04:39:20.478366   357 skeleton_planner.h:170] Found solution in: 4
I20260909 04:39:20.478386   357 skeleton_planner.h:170] Found solution in: 7
I20260909 04:39:20.478413   357 skeleton_planner.h:170] Found solution in: 9
I20260909 04:39:20.478437   357 skeleton_planner.h:170] Found solution in: 8
I20260909 04:39:20.478457   357 skeleton_planner.h:170] Found solution in: 6
I20260909 04:39:20.478477   357 skeleton_planner.h:170] Found solution in: 6
I20260909 04:39:20.478511   357 skeleton_planner.h:170] Found solution in: 10
I20260909 04:39:20.478535   357 skeleton_planner.h:170] Found solution in: 5
I20260909 04:39:20.478552   357 skeleton_planner.h:170] Found solution in: 5
I20260909 04:39:20.478565   357 skeleton_planner.h:170] Found solution in: 4
I20260909 04:39:20.478618   357 skeleton_planner.h:170] Found solution in: 15
I20260909 04:39:20.478688   357 skeleton_planner.h:170] Found solution in: 17
I20260909 04:39:20.478718   357 skeleton_planner.h:170] Found solution in: 6
I20260909 04:39:20.478734   357 skeleton_planner.h:170] Found solution in: 4
I20260909 04:39:20.478749   357 skeleton_planner.h:170] Found solution in: 5
I20260909 04:39:20.478762   357 skeleton_planner.h:170] Found solution in: 4
I20260909 04:39:20.478778   357 skeleton_planner.h:170] Found solution in: 5
I20260909 04:39:20.478794   357 skeleton_planner.h:170] Found solution in: 4
I20260909 04:39:20.478811   357 skeleton_planner.h:170] Found solution in: 5
I20260909 04:39:20.478830   357 skeleton_planner.h:170] Found solution in: 5
I20260909 04:39:20.478852   357 skeleton_planner.h:170] Found solution in: 6
I20260909 04:39:20.478865   357 skeleton_planner.h:170] Found solution in: 4
I20260909 04:39:20.478884   357 skeleton_planner.h:170] Found solution in: 5
I20260909 04:39:20.478899   357 skeleton_planner.h:170] Found solution in: 4
I20260909 04:39:20.478909   357 skeleton_planner.h:170] Found solution in: 3
I20260909 04:39:20.478919   357 skeleton_planner.h:170] Found solution in: 3
I20260909 04:39:20.478924   357 skeleton_planner.h:170] Found solution in: 1
I20260909 04:39:20.478926   357 skeleton_planner.h:170] Found solution in: 1
I20260909 04:39:20.478940   357 skeleton_planner.h:170] Found solution in: 5
I20260909 04:39:20.478951   357 skeleton_planner.h:170] Found solution in: 3
I20260909 04:39:20.478962   357 skeleton_planner.h:170] Found solution in: 3
I20260909 04:39:20.478966   357 skeleton_planner.h:170] Found solution in: 1
I20260909 04:39:20.478969   357 skeleton_planner.h:170] Found solution in: 1
I20260909 04:39:20.478978   357 skeleton_planner.h:170] Found solution in: 3
I20260909 04:39:20.478989   357 skeleton_planner.h:170] Found solution in: 4
I20260909 04:39:20.478999   357 skeleton_planner.h:170] Found solution in: 3
I20260909 04:39:20.479003   357 skeleton_planner.h:170] Found solution in: 1
I20260909 04:39:20.479007   357 skeleton_planner.h:170] Found solution in: 1
I20260909 04:39:20.479022   357 skeleton_planner.h:170] Found solution in: 5
I20260909 04:39:20.479041   357 skeleton_planner.h:170] Found solution in: 5
I20260909 04:39:20.479060   357 skeleton_planner.h:170] Found solution in: 6
I20260909 04:39:20.479079   357 skeleton_planner.h:170] Found solution in: 6
I20260909 04:39:20.479084   357 skeleton_planner.h:170] Found solution in: 1
I20260909 04:39:20.479087   357 skeleton_planner.h:170] Found solution in: 1
I20260909 04:39:20.479099   357 skeleton_planner.h:170] Found solution in: 5
I20260909 04:39:20.479110   357 skeleton_planner.h:170] Found solution in: 4
I20260909 04:39:20.479118   357 skeleton_planner.h:170] Found solution in: 3
I20260909 04:39:20.479126   357 skeleton_planner.h:170] Found solution in: 3
I20260909 04:39:20.479130   357 skeleton_planner.h:170] Found solution in: 1
I20260909 04:39:20.479132   357 skeleton_planner.h:170] Found solution in: 1
I20260909 04:39:20.479151   357 skeleton_planner.h:170] Found solution in: 9
I20260909 04:39:20.479187   357 skeleton_planner.h:170] Found solution in: 16
I20260909 04:39:20.479233   357 skeleton_planner.h:170] Found solution in: 18
I20260909 04:39:20.479298   357 skeleton_planner.h:170] Found solution in: 28
I20260909 04:39:20.479357   357 skeleton_planner.h:170] Found solution in: 21
I20260909 04:39:20.479377   357 skeleton_planner.h:170] Found solution in: 8
I20260909 04:39:20.479405   357 skeleton_planner.h:170] Found solution in: 9
I20260909 04:39:20.479440   357 skeleton_planner.h:170] Found solution in: 14
I20260909 04:39:20.479460   357 skeleton_planner.h:170] Found solution in: 6
I20260909 04:39:20.479470   357 skeleton_planner.h:170] Found solution in: 3
I20260909 04:39:20.479488   357 skeleton_planner.h:170] Found solution in: 6
I20260909 04:39:20.479499   357 skeleton_planner.h:170] Found solution in: 3
I20260909 04:39:20.479513   357 skeleton_planner.h:170] Found solution in: 6
I20260909 04:39:20.479526   357 skeleton_planner.h:170] Found solution in: 4
I20260909 04:39:20.479542   357 skeleton_planner.h:170] Found solution in: 5
I20260909 04:39:20.479552   357 skeleton_planner.h:170] Found solution in: 3
I20260909 04:39:20.479568   357 skeleton_planner.h:170] Found solution in: 6
I20260909 04:39:20.479585   357 skeleton_planner.h:170] Found solution in: 6
I20260909 04:39:20.479602   357 skeleton_planner.h:170] Found solution in: 5
I20260909 04:39:20.479620   357 skeleton_planner.h:170] Found solution in: 7
I20260909 04:39:20.479650   357 skeleton_planner.h:170] Found solution in: 14
I20260909 04:39:20.479672   357 skeleton_planner.h:170] Found solution in: 8
I20260909 04:39:20.479696   357 skeleton_planner.h:170] Found solution in: 10
I20260909 04:39:20.479717   357 skeleton_planner.h:170] Found solution in: 7
I20260909 04:39:20.479735   357 skeleton_planner.h:170] Found solution in: 6
I20260909 04:39:20.479756   357 skeleton_planner.h:170] Found solution in: 7
I20260909 04:39:20.479776   357 skeleton_planner.h:170] Found solution in: 5
I20260909 04:39:20.479800   357 skeleton_planner.h:170] Found solution in: 9
I20260909 04:39:20.479815   357 skeleton_planner.h:170] Found solution in: 4
I20260909 04:39:20.479825   357 skeleton_planner.h:170] Found solution in: 3
I20260909 04:39:20.479833   357 skeleton_planner.h:170] Found solution in: 2
I20260909 04:39:20.479849   357 skeleton_planner.h:170] Found solution in: 5
I20260909 04:39:20.479863   357 skeleton_planner.h:170] Found solution in: 4
I20260909 04:39:20.479885   357 skeleton_planner.h:170] Found solution in: 8
I20260909 04:39:20.479907   357 skeleton_planner.h:170] Found solution in: 7
I20260909 04:39:20.479957   357 skeleton_planner.h:170] Found solution in: 18
I20260909 04:39:20.480017   357 skeleton_planner.h:170] Found solution in: 21
I20260909 04:39:20.480065   357 skeleton_planner.h:170] Found solution in: 12
I20260909 04:39:20.480083   357 skeleton_planner.h:170] Found solution in: 5
I20260909 04:39:20.480093   357 skeleton_planner.h:170] Found solution in: 3
I20260909 04:39:20.480116   357 skeleton_planner.h:170] Found solution in: 9
I20260909 04:39:20.480130   357 skeleton_planner.h:170] Found solution in: 4
I20260909 04:39:20.480140   357 skeleton_planner.h:170] Found solution in: 3
I20260909 04:39:20.480150   357 skeleton_planner.h:170] Found solution in: 3
I20260909 04:39:20.480170   357 skeleton_planner.h:170] Found solution in: 7
I20260909 04:39:20.480198   357 skeleton_planner.h:170] Found solution in: 11
I20260909 04:39:20.480211   357 skeleton_planner.h:170] Found solution in: 5
I20260909 04:39:20.480273   357 skeleton_planner.h:170] Found solution in: 26
I20260909 04:39:20.480315   357 skeleton_planner.h:170] Found solution in: 10
I20260909 04:39:20.480338   357 skeleton_planner.h:170] Found solution in: 6
I20260909 04:39:20.480367   357 skeleton_planner.h:170] Found solution in: 8
I20260909 04:39:20.480381   357 skeleton_planner.h:170] Found solution in: 4
I20260909 04:39:20.480403   357 skeleton_planner.h:170] Found solution in: 7
I20260909 04:39:20.480414   357 skeleton_planner.h:170] Found solution in: 3
I20260909 04:39:20.480435   357 skeleton_planner.h:170] Found solution in: 6
I20260909 04:39:20.480446   357 skeleton_planner.h:170] Found solution in: 3
I20260909 04:39:20.480470   357 skeleton_planner.h:170] Found solution in: 8
I20260909 04:39:20.480495   357 skeleton_planner.h:170] Found solution in: 7
I20260909 04:39:20.480508   357 skeleton_planner.h:170] Found solution in: 4
I20260909 04:39:20.480518   357 skeleton_planner.h:170] Found solution in: 3
I20260909 04:39:20.480535   357 skeleton_planner.h:170] Found solution in: 5
I20260909 04:39:20.480557   357 skeleton_planner.h:170] Found solution in: 8
I20260909 04:39:20.480585   357 skeleton_planner.h:170] Found solution in: 11
I20260909 04:39:20.480613   357 skeleton_planner.h:170] Found solution in: 9
I20260909 04:39:20.480624   357 skeleton_planner.h:170] Found solution in: 3
I20260909 04:39:20.480643   357 skeleton_planner.h:170] Found solution in: 7
I20260909 04:39:20.480654   357 skeleton_planner.h:170] Found solution in: 4
I20260909 04:39:20.480671   357 skeleton_planner.h:170] Found solution in: 6
I20260909 04:39:20.480685   357 skeleton_planner.h:170] Found solution in: 5
I20260909 04:39:20.480697   357 skeleton_planner.h:170] Found solution in: 4
I20260909 04:39:20.480743   357 skeleton_planner.h:170] Found solution in: 24
I20260909 04:39:20.480755   357 skeleton_planner.h:170] Found solution in: 4
I20260909 04:39:20.480762   357 skeleton_planner.h:170] Found solution in: 2
I20260909 04:39:20.480767   357 skeleton_planner.h:170] Found solution in: 1
I20260909 04:39:20.480768   357 skeleton_planner.h:170] Found solution in: 1
I20260909 04:39:20.480794   357 skeleton_planner.h:170] Found solution in: 10
I20260909 04:39:20.480808   357 skeleton_planner.h:170] Found solution in: 4
I20260909 04:39:20.480831   357 skeleton_planner.h:170] Found solution in: 10
I20260909 04:39:20.480845   357 skeleton_planner.h:170] Found solution in: 5
I20260909 04:39:20.480857   357 skeleton_planner.h:170] Found solution in: 4
I20260909 04:39:20.480893   357 skeleton_planner.h:170] Found solution in: 14
I20260909 04:39:20.480917   357 skeleton_planner.h:170] Found solution in: 8
I20260909 04:39:20.480926   357 skeleton_planner.h:170] Found solution in: 2
I20260909 04:39:20.480988   357 skeleton_planner.h:170] Found solution in: 27
I20260909 04:39:20.481004   357 skeleton_planner.h:170] Found solution in: 4
I20260909 04:39:20.481033   357 skeleton_planner.h:170] Found solution in: 9
I20260909 04:39:20.481086   357 skeleton_planner.h:170] Found solution in: 17
I20260909 04:39:20.481099   357 skeleton_planner.h:170] Found solution in: 3
I20260909 04:39:20.481146   357 skeleton_planner.h:170] Found solution in: 13
I20260909 04:39:20.481163   357 skeleton_planner.h:170] Found solution in: 4
I20260909 04:39:20.481187   357 skeleton_planner.h:170] Found solution in: 6
I20260909 04:39:20.481195   357 skeleton_planner.h:170] Found solution in: 2
I20260909 04:39:20.481213   357 skeleton_planner.h:170] Found solution in: 6
I20260909 04:39:20.481225   357 skeleton_planner.h:170] Found solution in: 3
I20260909 04:39:20.481240   357 skeleton_planner.h:170] Found solution in: 4
I20260909 04:39:20.481252   357 skeleton_planner.h:170] Found solution in: 4
I20260909 04:39:20.481294   357 skeleton_planner.h:170] Found solution in: 11
I20260909 04:39:20.481325   357 skeleton_planner.h:170] Found solution in: 6
I20260909 04:39:20.481338   357 skeleton_planner.h:170] Found solution in: 3
I20260909 04:39:20.481351   357 skeleton_planner.h:170] Found solution in: 4
I20260909 04:39:20.481365   357 skeleton_planner.h:170] Found solution in: 4
I20260909 04:39:20.481385   357 skeleton_planner.h:170] Found solution in: 6
I20260909 04:39:20.481398   357 skeleton_planner.h:170] Found solution in: 4
I20260909 04:39:20.481412   357 skeleton_planner.h:170] Found solution in: 4
I20260909 04:39:20.481431   357 skeleton_planner.h:170] Found solution in: 6
I20260909 04:39:20.481442   357 skeleton_planner.h:170] Found solution in: 3
I20260909 04:39:20.481462   357 skeleton_planner.h:170] Found solution in: 5
I20260909 04:39:20.481480   357 skeleton_planner.h:170] Found solution in: 6
I20260909 04:39:20.481513   357 skeleton_planner.h:170] Found solution in: 10
I20260909 04:39:20.481546   357 skeleton_planner.h:170] Found solution in: 10
I20260909 04:39:20.481559   357 skeleton_planner.h:170] Found solution in: 3
I20260909 04:39:20.481585   357 skeleton_planner.h:170] Found solution in: 8
I20260909 04:39:20.481596   357 skeleton_planner.h:170] Found solution in: 3
I20260909 04:39:20.481616   357 skeleton_planner.h:170] Found solution in: 6
I20260909 04:39:20.481637   357 skeleton_planner.h:170] Found solution in: 8
I20260909 04:39:20.481655   357 skeleton_planner.h:170] Found solution in: 5
I20260909 04:39:20.481679   357 skeleton_planner.h:170] Found solution in: 8
I20260909 04:39:20.481693   357 skeleton_planner.h:170] Found solution in: 4
I20260909 04:39:20.481704   357 skeleton_planner.h:170] Found solution in: 3
I20260909 04:39:20.481729   357 skeleton_planner.h:170] Found solution in: 8
I20260909 04:39:20.481745   357 skeleton_planner.h:170] Found solution in: 5
I20260909 04:39:20.481769   357 skeleton_planner.h:170] Found solution in: 10
I20260909 04:39:20.481793   357 skeleton_planner.h:170] Found solution in: 8
I20260909 04:39:20.481827   357 skeleton_planner.h:170] Found solution in: 12
I20260909 04:39:20.481841   357 skeleton_planner.h:170] Found solution in: 5
I20260909 04:39:20.481853   357 skeleton_planner.h:170] Found solution in: 3
I20260909 04:39:20.481874   357 skeleton_planner.h:170] Found solution in: 7
I20260909 04:39:20.481900   357 skeleton_planner.h:170] Found solution in: 9
I20260909 04:39:20.481932   357 skeleton_planner.h:170] Found solution in: 12
I20260909 04:39:20.481945   357 skeleton_planner.h:170] Found solution in: 3
I20260909 04:39:20.481962   357 skeleton_planner.h:170] Found solution in: 5
I20260909 04:39:20.481987   357 skeleton_planner.h:170] Found solution in: 11
I20260909 04:39:20.482018   357 skeleton_planner.h:170] Found solution in: 11
I20260909 04:39:20.482061   357 skeleton_planner.h:170] Found solution in: 15
I20260909 04:39:20.482110   357 skeleton_planner.h:170] Found solution in: 16
I20260909 04:39:20.482146   357 skeleton_planner.h:170] Found solution in: 11
I20260909 04:39:20.482184   357 skeleton_planner.h:170] Found solution in: 13
I20260909 04:39:20.482226   357 skeleton_planner.h:170] Found solution in: 14
I20260909 04:39:20.482268   357 skeleton_planner.h:170] Found solution in: 13
I20260909 04:39:20.482302   357 skeleton_planner.h:170] Found solution in: 12
I20260909 04:39:20.482322   357 skeleton_planner.h:170] Found solution in: 6
I20260909 04:39:20.482343   357 skeleton_planner.h:170] Found solution in: 5
I20260909 04:39:20.482354   357 skeleton_planner.h:170] Found solution in: 3
I20260909 04:39:20.482376   357 skeleton_planner.h:170] Found solution in: 8
I20260909 04:39:20.482398   357 skeleton_planner.h:170] Found solution in: 7
I20260909 04:39:20.482422   357 skeleton_planner.h:170] Found solution in: 8
I20260909 04:39:20.482436   357 skeleton_planner.h:170] Found solution in: 4
I20260909 04:39:20.482458   357 skeleton_planner.h:170] Found solution in: 8
I20260909 04:39:20.482491   357 skeleton_planner.h:170] Found solution in: 11
I20260909 04:39:20.482529   357 skeleton_planner.h:170] Found solution in: 11
I20260909 04:39:20.482542   357 skeleton_planner.h:170] Found solution in: 3
I20260909 04:39:20.482569   357 skeleton_planner.h:170] Found solution in: 8
I20260909 04:39:20.482587   357 skeleton_planner.h:170] Found solution in: 5
I20260909 04:39:20.482607   357 skeleton_planner.h:170] Found solution in: 7
I20260909 04:39:20.482627   357 skeleton_planner.h:170] Found solution in: 5
I20260909 04:39:20.482643   357 skeleton_planner.h:170] Found solution in: 5
I20260909 04:39:20.482663   357 skeleton_planner.h:170] Found solution in: 7
I20260909 04:39:20.482686   357 skeleton_planner.h:170] Found solution in: 6
I20260909 04:39:20.482697   357 skeleton_planner.h:170] Found solution in: 3
I20260909 04:39:20.482708   357 skeleton_planner.h:170] Found solution in: 3
I20260909 04:39:20.482728   357 skeleton_planner.h:170] Found solution in: 6
I20260909 04:39:20.482749   357 skeleton_planner.h:170] Found solution in: 7
I20260909 04:39:20.482781   357 skeleton_planner.h:170] Found solution in: 9
I20260909 04:39:20.482788   357 skeleton_planner.h:170] Found solution in: 1
I20260909 04:39:20.482791   357 skeleton_planner.h:170] Found solution in: 1
I20260909 04:39:20.482795   357 skeleton_planner.h:170] Found solution in: 1
I20260909 04:39:20.482815   357 skeleton_planner.h:170] Found solution in: 7
I20260909 04:39:20.482821   357 skeleton_planner.h:170] Found solution in: 1
I20260909 04:39:20.482836   357 skeleton_planner.h:170] Found solution in: 4
I20260909 04:39:20.482851   357 skeleton_planner.h:170] Found solution in: 3
I20260909 04:39:20.482862   357 skeleton_planner.h:170] Found solution in: 3
I20260909 04:39:20.482877   357 skeleton_planner.h:170] Found solution in: 5
I20260909 04:39:20.482895   357 skeleton_planner.h:170] Found solution in: 6
I20260909 04:39:20.482933   357 skeleton_planner.h:170] Found solution in: 12
I20260909 04:39:20.482960   357 skeleton_planner.h:170] Found solution in: 6
I20260909 04:39:20.482978   357 skeleton_planner.h:170] Found solution in: 5
I20260909 04:39:20.482999   357 skeleton_planner.h:170] Found solution in: 6
I20260909 04:39:20.483024   357 skeleton_planner.h:170] Found solution in: 7
I20260909 04:39:20.483036   357 skeleton_planner.h:170] Found solution in: 3
I20260909 04:39:20.483050   357 skeleton_planner.h:170] Found solution in: 5
I20260909 04:39:20.483073   357 skeleton_planner.h:170] Found solution in: 8
I20260909 04:39:20.483093   357 skeleton_planner.h:170] Found solution in: 5
I20260909 04:39:20.483111   357 skeleton_planner.h:170] Found solution in: 6
I20260909 04:39:20.483121   357 skeleton_planner.h:170] Found solution in: 3
I20260909 04:39:20.483134   357 skeleton_planner.h:170] Found solution in: 4
I20260909 04:39:20.483144   357 skeleton_planner.h:170] Found solution in: 3
I20260909 04:39:20.483165   357 skeleton_planner.h:170] Found solution in: 8
I20260909 04:39:20.483181   357 skeleton_planner.h:170] Found solution in: 4
I20260909 04:39:20.483202   357 skeleton_planner.h:170] Found solution in: 7
I20260909 04:39:20.483214   357 skeleton_planner.h:170] Found solution in: 3
I20260909 04:39:20.483219   357 skeleton_planner.h:170] Found solution in: 1
I20260909 04:39:20.483238   357 skeleton_planner.h:170] Found solution in: 6
I20260909 04:39:20.483244   357 skeleton_planner.h:170] Found solution in: 1
I20260909 04:39:20.483261   357 skeleton_planner.h:170] Found solution in: 5
I20260909 04:39:20.483278   357 skeleton_planner.h:170] Found solution in: 5
I20260909 04:39:20.483290   357 skeleton_planner.h:170] Found solution in: 4
I20260909 04:39:20.483307   357 skeleton_planner.h:170] Found solution in: 4
I20260909 04:39:20.483317   357 skeleton_planner.h:170] Found solution in: 3
I20260909 04:39:20.483331   357 skeleton_planner.h:170] Found solution in: 4
I20260909 04:39:20.483340   357 skeleton_planner.h:170] Found solution in: 3
I20260909 04:39:20.483345   357 skeleton_planner.h:170] Found solution in: 1
I20260909 04:39:20.483358   357 skeleton_planner.h:170] Found solution in: 5
I20260909 04:39:20.483381   357 skeleton_planner.h:170] Found solution in: 7
I20260909 04:39:20.483387   357 skeleton_planner.h:170] Found solution in: 1
I20260909 04:39:20.483395   357 skeleton_planner.h:170] Found solution in: 3
I20260909 04:39:20.483412   357 skeleton_planner.h:170] Found solution in: 4
I20260909 04:39:20.483430   357 skeleton_planner.h:170] Found solution in: 6
I20260909 04:39:20.483449   357 skeleton_planner.h:170] Found solution in: 6
I20260909 04:39:20.483455   357 skeleton_planner.h:170] Found solution in: 1
I20260909 04:39:20.483477   357 skeleton_planner.h:170] Found solution in: 7
I20260909 04:39:20.483489   357 skeleton_planner.h:170] Found solution in: 3
I20260909 04:39:20.483503   357 skeleton_planner.h:170] Found solution in: 4
I20260909 04:39:20.483515   357 skeleton_planner.h:170] Found solution in: 3
I20260909 04:39:20.483533   357 skeleton_planner.h:170] Found solution in: 6
I20260909 04:39:20.483546   357 skeleton_planner.h:170] Found solution in: 3
I20260909 04:39:20.483556   357 skeleton_planner.h:170] Found solution in: 3
I20260909 04:39:20.483568   357 skeleton_planner.h:170] Found solution in: 4
I20260909 04:39:20.483589   357 skeleton_planner.h:170] Found solution in: 7
I20260909 04:39:20.483613   357 skeleton_planner.h:170] Found solution in: 8
I20260909 04:39:20.483624   357 skeleton_planner.h:170] Found solution in: 4
I20260909 04:39:20.483633   357 skeleton_planner.h:170] Found solution in: 2
I20260909 04:39:20.483649   357 skeleton_planner.h:170] Found solution in: 5
I20260909 04:39:20.483690   357 skeleton_planner.h:170] Found solution in: 14
I20260909 04:39:20.483713   357 skeleton_planner.h:170] Found solution in: 5
I20260909 04:39:20.483755   357 skeleton_planner.h:170] Found solution in: 16
I20260909 04:39:20.483779   357 skeleton_planner.h:170] Found solution in: 5
I20260909 04:39:20.483784   357 skeleton_planner.h:170] Found solution in: 1
I20260909 04:39:20.483803   357 skeleton_planner.h:170] Found solution in: 7
I20260909 04:39:20.483817   357 skeleton_planner.h:170] Found solution in: 4
I20260909 04:39:20.483829   357 skeleton_planner.h:170] Found solution in: 3
I20260909 04:39:20.483851   357 skeleton_planner.h:170] Found solution in: 10
I20260909 04:39:20.483868   357 skeleton_planner.h:170] Found solution in: 5
I20260909 04:39:20.483925   357 skeleton_planner.h:170] Found solution in: 28
I20260909 04:39:20.483939   357 skeleton_planner.h:170] Found solution in: 3
I20260909 04:39:20.483961   357 skeleton_planner.h:170] Found solution in: 6
I20260909 04:39:20.483979   357 skeleton_planner.h:170] Found solution in: 5
I20260909 04:39:20.484007   357 skeleton_planner.h:170] Found solution in: 8
I20260909 04:39:20.484045   357 skeleton_planner.h:170] Found solution in: 9
I20260909 04:39:20.484058   357 skeleton_planner.h:170] Found solution in: 4
I20260909 04:39:20.484078   357 skeleton_planner.h:170] Found solution in: 5
I20260909 04:39:20.484117   357 skeleton_planner.h:170] Found solution in: 11
I20260909 04:39:20.484151   357 skeleton_planner.h:170] Found solution in: 9
I20260909 04:39:20.484194   357 skeleton_planner.h:170] Found solution in: 12
I20260909 04:39:20.484292   357 skeleton_planner.h:170] Found solution in: 24
I20260909 04:39:20.484328   357 skeleton_planner.h:170] Found solution in: 6
I20260909 04:39:20.484393   357 skeleton_planner.h:170] Found solution in: 17
I20260909 04:39:20.484408   357 skeleton_planner.h:170] Found solution in: 3
I20260909 04:39:20.484421   357 skeleton_planner.h:170] Found solution in: 4
I20260909 04:39:20.484428   357 skeleton_planner.h:170] Found solution in: 2
I20260909 04:39:20.484454   357 skeleton_planner.h:170] Found solution in: 7
I20260909 04:39:20.484481   357 skeleton_planner.h:170] Found solution in: 9
I20260909 04:39:20.484604   357 skeleton_planner.h:170] Found solution in: 56
I20260909 04:39:20.484638   357 skeleton_planner.h:170] Found solution in: 9
I20260909 04:39:20.484658   357 skeleton_planner.h:170] Found solution in: 7
I20260909 04:39:20.484679   357 skeleton_planner.h:170] Found solution in: 8
I20260909 04:39:20.484684   357 skeleton_planner.h:170] Found solution in: 1
I20260909 04:39:20.484699   357 skeleton_planner.h:170] Found solution in: 5
I20260909 04:39:20.484707   357 skeleton_planner.h:170] Found solution in: 2
I20260909 04:39:20.484728   357 skeleton_planner.h:170] Found solution in: 7
I20260909 04:39:20.484741   357 skeleton_planner.h:170] Found solution in: 3
I20260909 04:39:20.484746   357 skeleton_planner.h:170] Found solution in: 1
I20260909 04:39:20.484763   357 skeleton_planner.h:170] Found solution in: 5
I20260909 04:39:20.484768   357 skeleton_planner.h:170] Found solution in: 1
I20260909 04:39:20.484786   357 skeleton_planner.h:170] Found solution in: 5
I20260909 04:39:20.484802   357 skeleton_planner.h:170] Found solution in: 5
I20260909 04:39:20.484828   357 skeleton_planner.h:170] Found solution in: 10
I20260909 04:39:20.484867   357 skeleton_planner.h:170] Found solution in: 12
I20260909 04:39:20.484915   357 skeleton_planner.h:170] Found solution in: 14
I20260909 04:39:20.484989   357 skeleton_planner.h:170] Found solution in: 24
I20260909 04:39:20.485044   357 skeleton_planner.h:170] Found solution in: 15
I20260909 04:39:20.485088   357 skeleton_planner.h:170] Found solution in: 13
I20260909 04:39:20.485122   357 skeleton_planner.h:170] Found solution in: 8
I20260909 04:39:20.485152   357 skeleton_planner.h:170] Found solution in: 9
I20260909 04:39:20.485172   357 skeleton_planner.h:170] Found solution in: 6
I20260909 04:39:20.485193   357 skeleton_planner.h:170] Found solution in: 8
I20260909 04:39:20.485211   357 skeleton_planner.h:170] Found solution in: 6
I20260909 04:39:20.485225   357 skeleton_planner.h:170] Found solution in: 4
I20260909 04:39:20.485237   357 skeleton_planner.h:170] Found solution in: 4
I20260909 04:39:20.485263   357 skeleton_planner.h:170] Found solution in: 9
I20260909 04:39:20.485275   357 skeleton_planner.h:170] Found solution in: 4
I20260909 04:39:20.485311   357 skeleton_planner.h:170] Found solution in: 13
I20260909 04:39:20.485373   357 skeleton_planner.h:170] Found solution in: 22
I20260909 04:39:20.485406   357 skeleton_planner.h:170] Found solution in: 8
I20260909 04:39:20.485453   357 skeleton_planner.h:170] Found solution in: 16
I20260909 04:39:20.485482   357 skeleton_planner.h:170] Found solution in: 7
I20260909 04:39:20.485594   357 skeleton_planner.h:170] Found solution in: 35
I20260909 04:39:20.485630   357 skeleton_planner.h:170] Found solution in: 7
I20260909 04:39:20.485657   357 skeleton_planner.h:170] Found solution in: 9
I20260909 04:39:20.485678   357 skeleton_planner.h:170] Found solution in: 6
I20260909 04:39:20.485705   357 skeleton_planner.h:170] Found solution in: 8
I20260909 04:39:20.485720   357 skeleton_planner.h:170] Found solution in: 4
I20260909 04:39:20.485730   357 skeleton_planner.h:170] Found solution in: 3
I20260909 04:39:20.485749   357 skeleton_planner.h:170] Found solution in: 5
I20260909 04:39:20.485760   357 skeleton_planner.h:170] Found solution in: 4
I20260909 04:39:20.485780   357 skeleton_planner.h:170] Found solution in: 7
I20260909 04:39:20.485814   357 skeleton_planner.h:170] Found solution in: 9
I20260909 04:39:20.485842   357 skeleton_planner.h:170] Found solution in: 9
I20260909 04:39:20.485869   357 skeleton_planner.h:170] Found solution in: 9
I20260909 04:39:20.485895   357 skeleton_planner.h:170] Found solution in: 7
I20260909 04:39:20.485909   357 skeleton_planner.h:170] Found solution in: 4
I20260909 04:39:20.485920   357 skeleton_planner.h:170] Found solution in: 3
I20260909 04:39:20.485925   357 skeleton_planner.h:170] Found solution in: 1
I20260909 04:39:20.485940   357 skeleton_planner.h:170] Found solution in: 5
I20260909 04:39:20.485952   357 skeleton_planner.h:170] Found solution in: 3
I20260909 04:39:20.485965   357 skeleton_planner.h:170] Found solution in: 4
I20260909 04:39:20.485983   357 skeleton_planner.h:170] Found solution in: 6
I20260909 04:39:20.486002   357 skeleton_planner.h:170] Found solution in: 6
I20260909 04:39:20.486007   357 skeleton_planner.h:170] Found solution in: 1
I20260909 04:39:20.486075   357 skeleton_planner.h:170] Found solution in: 25
I20260909 04:39:20.486094   357 skeleton_planner.h:170] Found solution in: 4
I20260909 04:39:20.486119   357 skeleton_planner.h:170] Found solution in: 5
I20260909 04:39:20.486132   357 skeleton_planner.h:170] Found solution in: 4
I20260909 04:39:20.486155   357 skeleton_planner.h:170] Found solution in: 9
I20260909 04:39:20.486171   357 skeleton_planner.h:170] Found solution in: 6
I20260909 04:39:20.486263   357 skeleton_planner.h:170] Found solution in: 30
I20260909 04:39:20.486297   357 skeleton_planner.h:170] Found solution in: 6
I20260909 04:39:20.486315   357 skeleton_planner.h:170] Found solution in: 4
I20260909 04:39:20.486328   357 skeleton_planner.h:170] Found solution in: 4
I20260909 04:39:20.486333   357 skeleton_planner.h:170] Found solution in: 1
I20260909 04:39:20.486341   357 skeleton_planner.h:170] Found solution in: 3
I20260909 04:39:20.486352   357 skeleton_planner.h:170] Found solution in: 3
I20260909 04:39:20.486366   357 skeleton_planner.h:170] Found solution in: 3
I20260909 04:39:20.486380   357 skeleton_planner.h:170] Found solution in: 4
I20260909 04:39:20.486392   357 skeleton_planner.h:170] Found solution in: 3
I20260909 04:39:20.486402   357 skeleton_planner.h:170] Found solution in: 3
I20260909 04:39:20.486418   357 skeleton_planner.h:170] Found solution in: 4
I20260909 04:39:20.486428   357 skeleton_planner.h:170] Found solution in: 3
I20260909 04:39:20.486438   357 skeleton_planner.h:170] Found solution in: 3
I20260909 04:39:20.486454   357 skeleton_planner.h:170] Found solution in: 4
I20260909 04:39:20.486485   357 skeleton_planner.h:170] Found solution in: 11
I20260909 04:39:20.486505   357 skeleton_planner.h:170] Found solution in: 5
I20260909 04:39:20.486511   357 skeleton_planner.h:170] Found solution in: 1
I20260909 04:39:20.486528   357 skeleton_planner.h:170] Found solution in: 5
I20260909 04:39:20.486538   357 skeleton_planner.h:170] Found solution in: 3
I20260909 04:39:20.486557   357 skeleton_planner.h:170] Found solution in: 7
I20260909 04:39:20.486567   357 skeleton_planner.h:170] Found solution in: 3
I20260909 04:39:20.486580   357 skeleton_planner.h:170] Found solution in: 4
I20260909 04:39:20.486591   357 skeleton_planner.h:170] Found solution in: 3
I20260909 04:39:20.486618   357 skeleton_planner.h:170] Found solution in: 11
I20260909 04:39:20.486678   357 skeleton_planner.h:170] Found solution in: 25
I20260909 04:39:20.486747   357 skeleton_planner.h:170] Found solution in: 33
I20260909 04:39:20.486830   357 skeleton_planner.h:170] Found solution in: 26
I20260909 04:39:20.486903   357 skeleton_planner.h:170] Found solution in: 28
I20260909 04:39:20.486946   357 skeleton_planner.h:170] Found solution in: 12
I20260909 04:39:20.486999   357 skeleton_planner.h:170] Found solution in: 18
I20260909 04:39:20.487027   357 skeleton_planner.h:170] Found solution in: 7
I20260909 04:39:20.487042   357 skeleton_planner.h:170] Found solution in: 5
I20260909 04:39:20.487057   357 skeleton_planner.h:170] Found solution in: 7
I20260909 04:39:20.487110   357 skeleton_planner.h:170] Found solution in: 24
I20260909 04:39:20.487123   357 skeleton_planner.h:170] Found solution in: 4
I20260909 04:39:20.487154   357 skeleton_planner.h:170] Found solution in: 11
I20260909 04:39:20.487185   357 skeleton_planner.h:170] Found solution in: 13
I20260909 04:39:20.487195   357 skeleton_planner.h:170] Found solution in: 3
I20260909 04:39:20.487248   357 skeleton_planner.h:170] Found solution in: 29
I20260909 04:39:20.487308   357 skeleton_planner.h:170] Found solution in: 26
I20260909 04:39:20.487330   357 skeleton_planner.h:170] Found solution in: 6
I20260909 04:39:20.487339   357 skeleton_planner.h:170] Found solution in: 3
I20260909 04:39:20.487344   357 skeleton_planner.h:170] Found solution in: 1
I20260909 04:39:20.487346   357 skeleton_planner.h:170] Found solution in: 1
I20260909 04:39:20.487358   357 skeleton_planner.h:170] Found solution in: 4
I20260909 04:39:20.487376   357 skeleton_planner.h:170] Found solution in: 6
I20260909 04:39:20.487402   357 skeleton_planner.h:170] Found solution in: 9
I20260909 04:39:20.487435   357 skeleton_planner.h:170] Found solution in: 13
I20260909 04:39:20.487476   357 skeleton_planner.h:170] Found solution in: 18
I20260909 04:39:20.487520   357 skeleton_planner.h:170] Found solution in: 21
I20260909 04:39:20.487759   357 skeleton_planner.h:170] Found solution in: 84
I20260909 04:39:20.487782   357 skeleton_planner.h:170] Found solution in: 5
I20260909 04:39:20.487793   357 skeleton_planner.h:170] Found solution in: 4
I20260909 04:39:20.487802   357 skeleton_planner.h:170] Found solution in: 3
I20260909 04:39:20.487812   357 skeleton_planner.h:170] Found solution in: 4
I20260909 04:39:20.487823   357 skeleton_planner.h:170] Found solution in: 4
I20260909 04:39:20.487859   357 skeleton_planner.h:170] Found solution in: 8
I20260909 04:39:20.487900   357 skeleton_planner.h:170] Found solution in: 13
I20260909 04:39:20.487965   357 skeleton_planner.h:170] Found solution in: 21
I20260909 04:39:20.487994   357 skeleton_planner.h:170] Found solution in: 5
I20260909 04:39:20.488006   357 skeleton_planner.h:170] Found solution in: 3
I20260909 04:39:20.488016   357 skeleton_planner.h:170] Found solution in: 4
I20260909 04:39:20.488039   357 skeleton_planner.h:170] Found solution in: 7
I20260909 04:39:20.488065   357 skeleton_planner.h:170] Found solution in: 10
I20260909 04:39:20.488085   357 skeleton_planner.h:170] Found solution in: 5
I20260909 04:39:20.488102   357 skeleton_planner.h:170] Found solution in: 5
I20260909 04:39:20.488112   357 skeleton_planner.h:170] Found solution in: 2
I20260909 04:39:20.488132   357 skeleton_planner.h:170] Found solution in: 7
I20260909 04:39:20.488145   357 skeleton_planner.h:170] Found solution in: 3
I20260909 04:39:20.488159   357 skeleton_planner.h:170] Found solution in: 4
I20260909 04:39:20.488176   357 skeleton_planner.h:170] Found solution in: 5
I20260909 04:39:20.488197   357 skeleton_planner.h:170] Found solution in: 8
I20260909 04:39:20.488217   357 skeleton_planner.h:170] Found solution in: 7
I20260909 04:39:20.488222   357 skeleton_planner.h:170] Found solution in: 1
I20260909 04:39:20.488225   357 skeleton_planner.h:170] Found solution in: 1
I20260909 04:39:20.488236   357 skeleton_planner.h:170] Found solution in: 4
I20260909 04:39:20.488260   357 skeleton_planner.h:170] Found solution in: 9
I20260909 04:39:20.488269   357 skeleton_planner.h:170] Found solution in: 3
I20260909 04:39:20.488278   357 skeleton_planner.h:170] Found solution in: 3
I20260909 04:39:20.488282   357 skeleton_planner.h:170] Found solution in: 1
I20260909 04:39:20.488286   357 skeleton_planner.h:170] Found solution in: 1
I20260909 04:39:20.488296   357 skeleton_planner.h:170] Found solution in: 4
I20260909 04:39:20.488312   357 skeleton_planner.h:170] Found solution in: 4
I20260909 04:39:20.488317   357 skeleton_planner.h:170] Found solution in: 1
I20260909 04:39:20.488332   357 skeleton_planner.h:170] Found solution in: 6
I20260909 04:39:20.488363   357 skeleton_planner.h:170] Found solution in: 12
I20260909 04:39:20.488381   357 skeleton_planner.h:170] Found solution in: 5
I20260909 04:39:20.488404   357 skeleton_planner.h:170] Found solution in: 7
I20260909 04:39:20.488430   357 skeleton_planner.h:170] Found solution in: 8
I20260909 04:39:20.488438   357 skeleton_planner.h:170] Found solution in: 2
I20260909 04:39:20.488461   357 skeleton_planner.h:170] Found solution in: 8
I20260909 04:39:20.488471   357 skeleton_planner.h:170] Found solution in: 3
I20260909 04:39:20.488485   357 skeleton_planner.h:170] Found solution in: 5
I20260909 04:39:20.488497   357 skeleton_planner.h:170] Found solution in: 4
I20260909 04:39:20.488561   357 skeleton_planner.h:170] Found solution in: 33
I20260909 04:39:20.488590   357 skeleton_planner.h:170] Found solution in: 9
I20260909 04:39:20.488602   357 skeleton_planner.h:170] Found solution in: 5
I20260909 04:39:20.488617   357 skeleton_planner.h:170] Found solution in: 6
I20260909 04:39:20.488727   357 skeleton_planner.h:170] Found solution in: 51
I20260909 04:39:20.488736   357 skeleton_planner.h:170] Found solution in: 1
I20260909 04:39:20.488758   357 skeleton_planner.h:170] Found solution in: 4
I20260909 04:39:20.488763   357 skeleton_planner.h:170] Found solution in: 1
I20260909 04:39:20.488766   357 skeleton_planner.h:170] Found solution in: 1
I20260909 04:39:20.488783   357 skeleton_planner.h:170] Found solution in: 6
I20260909 04:39:20.488807   357 skeleton_planner.h:170] Found solution in: 8
I20260909 04:39:20.488827   357 skeleton_planner.h:170] Found solution in: 8
I20260909 04:39:20.488844   357 skeleton_planner.h:170] Found solution in: 6
I20260909 04:39:20.488849   357 skeleton_planner.h:170] Found solution in: 1
I20260909 04:39:20.488937   357 skeleton_planner.h:170] Found solution in: 39
I20260909 04:39:20.488966   357 skeleton_planner.h:170] Found solution in: 5
I20260909 04:39:20.488983   357 skeleton_planner.h:170] Found solution in: 4
I20260909 04:39:20.488999   357 skeleton_planner.h:170] Found solution in: 5
I20260909 04:39:20.489013   357 skeleton_planner.h:170] Found solution in: 4
I20260909 04:39:20.489027   357 skeleton_planner.h:170] Found solution in: 4
I20260909 04:39:20.489041   357 skeleton_planner.h:170] Found solution in: 4
I20260909 04:39:20.489053   357 skeleton_planner.h:170] Found solution in: 3
I20260909 04:39:20.489071   357 skeleton_planner.h:170] Found solution in: 6
I20260909 04:39:20.489087   357 skeleton_planner.h:170] Found solution in: 4
I20260909 04:39:20.489110   357 skeleton_planner.h:170] Found solution in: 9
I20260909 04:39:20.489146   357 skeleton_planner.h:170] Found solution in: 10
I20260909 04:39:20.489162   357 skeleton_planner.h:170] Found solution in: 4
I20260909 04:39:20.489173   357 skeleton_planner.h:170] Found solution in: 3
I20260909 04:39:20.489205   357 skeleton_planner.h:170] Found solution in: 10
I20260909 04:39:20.489269   357 skeleton_planner.h:170] Found solution in: 17
I20260909 04:39:20.489298   357 skeleton_planner.h:170] Found solution in: 4
I20260909 04:39:20.489311   357 skeleton_planner.h:170] Found solution in: 3
I20260909 04:39:20.489323   357 skeleton_planner.h:170] Found solution in: 4
I20260909 04:39:20.489346   357 skeleton_planner.h:170] Found solution in: 7
I20260909 04:39:20.489358   357 skeleton_planner.h:170] Found solution in: 3
I20260909 04:39:20.489377   357 skeleton_planner.h:170] Found solution in: 5
I20260909 04:39:20.489405   357 skeleton_planner.h:170] Found solution in: 9
I20260909 04:39:20.489419   357 skeleton_planner.h:170] Found solution in: 3
I20260909 04:39:20.489426   357 skeleton_planner.h:170] Found solution in: 2
I20260909 04:39:20.489445   357 skeleton_planner.h:170] Found solution in: 5
I20260909 04:39:20.489459   357 skeleton_planner.h:170] Found solution in: 4
I20260909 04:39:20.489480   357 skeleton_planner.h:170] Found solution in: 7
I20260909 04:39:20.489498   357 skeleton_planner.h:170] Found solution in: 6
I20260909 04:39:20.489539   357 skeleton_planner.h:170] Found solution in: 11
I20260909 04:39:20.489563   357 skeleton_planner.h:170] Found solution in: 6
I20260909 04:39:20.489588   357 skeleton_planner.h:170] Found solution in: 8
I20260909 04:39:20.489606   357 skeleton_planner.h:170] Found solution in: 5
I20260909 04:39:20.489620   357 skeleton_planner.h:170] Found solution in: 4
I20260909 04:39:20.489636   357 skeleton_planner.h:170] Found solution in: 5
I20260909 04:39:20.489655   357 skeleton_planner.h:170] Found solution in: 5
I20260909 04:39:20.489673   357 skeleton_planner.h:170] Found solution in: 6
I20260909 04:39:20.489696   357 skeleton_planner.h:170] Found solution in: 7
I20260909 04:39:20.489708   357 skeleton_planner.h:170] Found solution in: 3
I20260909 04:39:20.489771   357 skeleton_planner.h:170] Found solution in: 17
I20260909 04:39:20.489800   357 skeleton_planner.h:170] Found solution in: 5
I20260909 04:39:20.489812   357 skeleton_planner.h:170] Found solution in: 3
I20260909 04:39:20.489822   357 skeleton_planner.h:170] Found solution in: 3
I20260909 04:39:20.489835   357 skeleton_planner.h:170] Found solution in: 4
I20260909 04:39:20.489850   357 skeleton_planner.h:170] Found solution in: 7
I20260909 04:39:20.489868   357 skeleton_planner.h:170] Found solution in: 8
I20260909 04:39:20.489889   357 skeleton_planner.h:170] Found solution in: 8
I20260909 04:39:20.489917   357 skeleton_planner.h:170] Found solution in: 10
I20260909 04:39:20.489948   357 skeleton_planner.h:170] Found solution in: 11
I20260909 04:39:20.489985   357 skeleton_planner.h:170] Found solution in: 12
I20260909 04:39:20.490010   357 skeleton_planner.h:170] Found solution in: 8
I20260909 04:39:20.490033   357 skeleton_planner.h:170] Found solution in: 10
I20260909 04:39:20.490047   357 skeleton_planner.h:170] Found solution in: 4
I20260909 04:39:20.490092   357 skeleton_planner.h:170] Found solution in: 13
I20260909 04:39:20.490211   357 skeleton_planner.h:170] Found solution in: 41
I20260909 04:39:20.490329   357 skeleton_planner.h:170] Found solution in: 31
I20260909 04:39:20.490367   357 skeleton_planner.h:170] Found solution in: 7
I20260909 04:39:20.490383   357 skeleton_planner.h:170] Found solution in: 4
I20260909 04:39:20.490406   357 skeleton_planner.h:170] Found solution in: 7
I20260909 04:39:20.490438   357 skeleton_planner.h:170] Found solution in: 12
I20260909 04:39:20.490454   357 skeleton_planner.h:170] Found solution in: 4
I20260909 04:39:20.490465   357 skeleton_planner.h:170] Found solution in: 3
I20260909 04:39:20.490484   357 skeleton_planner.h:170] Found solution in: 5
I20260909 04:39:20.490506   357 skeleton_planner.h:170] Found solution in: 8
I20260909 04:39:20.490520   357 skeleton_planner.h:170] Found solution in: 4
I20260909 04:39:20.490525   357 skeleton_planner.h:170] Found solution in: 1
I20260909 04:39:20.490528   357 skeleton_planner.h:170] Found solution in: 1
I20260909 04:39:20.490533   357 skeleton_planner.h:170] Found solution in: 2
I20260909 04:39:20.490538   357 skeleton_planner.h:170] Found solution in: 1
I20260909 04:39:20.490547   357 skeleton_planner.h:170] Found solution in: 4
I20260909 04:39:20.490593   357 skeleton_planner.h:170] Found solution in: 22
I20260909 04:39:20.490614   357 skeleton_planner.h:170] Found solution in: 5
I20260909 04:39:20.490625   357 skeleton_planner.h:170] Found solution in: 3
I20260909 04:39:20.490636   357 skeleton_planner.h:170] Found solution in: 4
I20260909 04:39:20.490648   357 skeleton_planner.h:170] Found solution in: 4
I20260909 04:39:20.490664   357 skeleton_planner.h:170] Found solution in: 4
I20260909 04:39:20.490677   357 skeleton_planner.h:170] Found solution in: 4
I20260909 04:39:20.490711   357 skeleton_planner.h:170] Found solution in: 18
I20260909 04:39:20.490720   357 skeleton_planner.h:170] Found solution in: 2
I20260909 04:39:20.490728   357 skeleton_planner.h:170] Found solution in: 3
I20260909 04:39:20.490739   357 skeleton_planner.h:170] Found solution in: 4
I20260909 04:39:20.490759   357 skeleton_planner.h:170] Found solution in: 8
I20260909 04:39:20.490778   357 skeleton_planner.h:170] Found solution in: 7
I20260909 04:39:20.490788   357 skeleton_planner.h:170] Found solution in: 3
I20260909 04:39:20.490876   357 skeleton_planner.h:170] Found solution in: 32
I20260909 04:39:20.490892   357 skeleton_planner.h:170] Found solution in: 3
I20260909 04:39:20.490928   357 skeleton_planner.h:170] Found solution in: 11
I20260909 04:39:20.490960   357 skeleton_planner.h:170] Found solution in: 11
I20260909 04:39:20.490986   357 skeleton_planner.h:170] Found solution in: 8
I20260909 04:39:20.491001   357 skeleton_planner.h:170] Found solution in: 5
I20260909 04:39:20.491006   357 skeleton_planner.h:170] Found solution in: 1
I20260909 04:39:20.491017   357 skeleton_planner.h:170] Found solution in: 5
I20260909 04:39:20.491032   357 skeleton_planner.h:170] Found solution in: 7
I20260909 04:39:20.491048   357 skeleton_planner.h:170] Found solution in: 7
I20260909 04:39:20.491060   357 skeleton_planner.h:170] Found solution in: 4
I20260909 04:39:20.491065   357 skeleton_planner.h:170] Found solution in: 1
I20260909 04:39:20.491077   357 skeleton_planner.h:170] Found solution in: 5
I20260909 04:39:20.491096   357 skeleton_planner.h:170] Found solution in: 6
I20260909 04:39:20.491127   357 skeleton_planner.h:170] Found solution in: 16
I20260909 04:39:20.491143   357 skeleton_planner.h:170] Found solution in: 5
I20260909 04:39:20.491161   357 skeleton_planner.h:170] Found solution in: 6
I20260909 04:39:20.491202   357 skeleton_planner.h:170] Found solution in: 15
I20260909 04:39:20.491212   357 skeleton_planner.h:170] Found solution in: 2
I20260909 04:39:20.491235   357 skeleton_planner.h:170] Found solution in: 7
I20260909 04:39:20.491241   357 skeleton_planner.h:170] Found solution in: 1
I20260909 04:39:20.491248   357 skeleton_planner.h:170] Found solution in: 2
I20260909 04:39:20.491251   357 skeleton_planner.h:170] Found solution in: 1
I20260909 04:39:20.491254   357 skeleton_planner.h:170] Found solution in: 1
I20260909 04:39:20.491268   357 skeleton_planner.h:170] Found solution in: 6
I20260909 04:39:20.491292   357 skeleton_planner.h:170] Found solution in: 9
I20260909 04:39:20.491310   357 skeleton_planner.h:170] Found solution in: 6
I20260909 04:39:20.491319   357 skeleton_planner.h:170] Found solution in: 3
I20260909 04:39:20.491323   357 skeleton_planner.h:170] Found solution in: 1
I20260909 04:39:20.491325   357 skeleton_planner.h:170] Found solution in: 1
I20260909 04:39:20.491334   357 skeleton_planner.h:170] Found solution in: 3
I20260909 04:39:20.491348   357 skeleton_planner.h:170] Found solution in: 4
I20260909 04:39:20.491353   357 skeleton_planner.h:170] Found solution in: 1
I20260909 04:39:20.491360   357 skeleton_planner.h:170] Found solution in: 3
I20260909 04:39:20.491380   357 skeleton_planner.h:170] Found solution in: 6
I20260909 04:39:20.491398   357 skeleton_planner.h:170] Found solution in: 6
I20260909 04:39:20.491405   357 skeleton_planner.h:170] Found solution in: 1
I20260909 04:39:20.491413   357 skeleton_planner.h:170] Found solution in: 3
I20260909 04:39:20.491417   357 skeleton_planner.h:170] Found solution in: 1
I20260909 04:39:20.491430   357 skeleton_planner.h:170] Found solution in: 4
I20260909 04:39:20.491436   357 skeleton_planner.h:170] Found solution in: 1
I20260909 04:39:20.491446   357 skeleton_planner.h:170] Found solution in: 4
I20260909 04:39:20.491456   357 skeleton_planner.h:170] Found solution in: 3
I20260909 04:39:20.491466   357 skeleton_planner.h:170] Found solution in: 3
I20260909 04:39:20.491478   357 skeleton_planner.h:170] Found solution in: 4
I20260909 04:39:20.491492   357 skeleton_planner.h:170] Found solution in: 4
I20260909 04:39:20.491497   357 skeleton_planner.h:170] Found solution in: 1
I20260909 04:39:20.491500   357 skeleton_planner.h:170] Found solution in: 1
I20260909 04:39:20.491520   357 skeleton_planner.h:170] Found solution in: 9
I20260909 04:39:20.491542   357 skeleton_planner.h:170] Found solution in: 8
I20260909 04:39:20.491573   357 skeleton_planner.h:170] Found solution in: 14
I20260909 04:39:20.491580   357 skeleton_planner.h:170] Found solution in: 1
I20260909 04:39:20.491602   357 skeleton_planner.h:170] Found solution in: 8
I20260909 04:39:20.491636   357 skeleton_planner.h:170] Found solution in: 13
I20260909 04:39:20.491642   357 skeleton_planner.h:170] Found solution in: 1
I20260909 04:39:20.491657   357 skeleton_planner.h:170] Found solution in: 6
I20260909 04:39:20.491672   357 skeleton_planner.h:170] Found solution in: 5
I20260909 04:39:20.491677   357 skeleton_planner.h:170] Found solution in: 1
I20260909 04:39:20.491689   357 skeleton_planner.h:170] Found solution in: 4
I20260909 04:39:20.491703   357 skeleton_planner.h:170] Found solution in: 4
I20260909 04:39:20.491715   357 skeleton_planner.h:170] Found solution in: 4
I20260909 04:39:20.491729   357 skeleton_planner.h:170] Found solution in: 4
I20260909 04:39:20.491752   357 skeleton_planner.h:170] Found solution in: 7
I20260909 04:39:20.491772   357 skeleton_planner.h:170] Found solution in: 7
I20260909 04:39:20.491793   357 skeleton_planner.h:170] Found solution in: 8
I20260909 04:39:20.491806   357 skeleton_planner.h:170] Found solution in: 4
I20260909 04:39:20.491830   357 skeleton_planner.h:170] Found solution in: 10
I20260909 04:39:20.491843   357 skeleton_planner.h:170] Found solution in: 3
I20260909 04:39:20.491899   357 skeleton_planner.h:170] Found solution in: 21
I20260909 04:39:20.491907   357 skeleton_planner.h:170] Found solution in: 1
I20260909 04:39:20.491910   357 skeleton_planner.h:170] Found solution in: 1
I20260909 04:39:20.491919   357 skeleton_planner.h:170] Found solution in: 3
I20260909 04:39:20.491923   357 skeleton_planner.h:170] Found solution in: 1
I20260909 04:39:20.491952   357 skeleton_planner.h:170] Found solution in: 9
I20260909 04:39:20.491972   357 skeleton_planner.h:170] Found solution in: 5
I20260909 04:39:20.491997   357 skeleton_planner.h:170] Found solution in: 8
I20260909 04:39:20.492017   357 skeleton_planner.h:170] Found solution in: 5
I20260909 04:39:20.492035   357 skeleton_planner.h:170] Found solution in: 6
I20260909 04:39:20.492055   357 skeleton_planner.h:170] Found solution in: 6
I20260909 04:39:20.492090   357 skeleton_planner.h:170] Found solution in: 10
I20260909 04:39:20.492105   357 skeleton_planner.h:170] Found solution in: 4
I20260909 04:39:20.492130   357 skeleton_planner.h:170] Found solution in: 7
I20260909 04:39:20.492169   357 skeleton_planner.h:170] Found solution in: 11
I20260909 04:39:20.492185   357 skeleton_planner.h:170] Found solution in: 5
I20260909 04:39:20.492204   357 skeleton_planner.h:170] Found solution in: 5
I20260909 04:39:20.492223   357 skeleton_planner.h:170] Found solution in: 5
I20260909 04:39:20.492233   357 skeleton_planner.h:170] Found solution in: 3
I20260909 04:39:20.492249   357 skeleton_planner.h:170] Found solution in: 4
I20260909 04:39:20.492260   357 skeleton_planner.h:170] Found solution in: 3
I20260909 04:39:20.492273   357 skeleton_planner.h:170] Found solution in: 4
I20260909 04:39:20.492295   357 skeleton_planner.h:170] Found solution in: 7
I20260909 04:39:20.492321   357 skeleton_planner.h:170] Found solution in: 7
I20260909 04:39:20.492341   357 skeleton_planner.h:170] Found solution in: 6
I20260909 04:39:20.492354   357 skeleton_planner.h:170] Found solution in: 4
I20260909 04:39:20.492359   357 skeleton_planner.h:170] Found solution in: 1
I20260909 04:39:20.492372   357 skeleton_planner.h:170] Found solution in: 4
I20260909 04:39:20.492398   357 skeleton_planner.h:170] Found solution in: 10
I20260909 04:39:20.492448   357 skeleton_planner.h:170] Found solution in: 16
I20260909 04:39:20.492461   357 skeleton_planner.h:170] Found solution in: 3
I20260909 04:39:20.492496   357 skeleton_planner.h:170] Found solution in: 11
I20260909 04:39:20.492518   357 skeleton_planner.h:170] Found solution in: 5
I20260909 04:39:20.492542   357 skeleton_planner.h:170] Found solution in: 9
I20260909 04:39:20.492586   357 skeleton_planner.h:170] Found solution in: 14
I20260909 04:39:20.492604   357 skeleton_planner.h:170] Found solution in: 5
I20260909 04:39:20.492614   357 skeleton_planner.h:170] Found solution in: 3
I20260909 04:39:20.492632   357 skeleton_planner.h:170] Found solution in: 4
I20260909 04:39:20.492647   357 skeleton_planner.h:170] Found solution in: 4
I20260909 04:39:20.492653   357 skeleton_planner.h:170] Found solution in: 1
I20260909 04:39:20.492666   357 skeleton_planner.h:170] Found solution in: 4
I20260909 04:39:20.492686   357 skeleton_planner.h:170] Found solution in: 6
I20260909 04:39:20.492719   357 skeleton_planner.h:170] Found solution in: 9
I20260909 04:39:20.492784   357 skeleton_planner.h:170] Found solution in: 19
I20260909 04:39:20.492799   357 skeleton_planner.h:170] Found solution in: 4
I20260909 04:39:20.492823   357 skeleton_planner.h:170] Found solution in: 6
I20260909 04:39:20.492838   357 skeleton_planner.h:170] Found solution in: 4
I20260909 04:39:20.492869   357 skeleton_planner.h:170] Found solution in: 9
I20260909 04:39:20.492930   357 skeleton_planner.h:170] Found solution in: 18
I20260909 04:39:20.492959   357 skeleton_planner.h:170] Found solution in: 6
I20260909 04:39:20.492980   357 skeleton_planner.h:170] Found solution in: 6
I20260909 04:39:20.492992   357 skeleton_planner.h:170] Found solution in: 4
I20260909 04:39:20.493012   357 skeleton_planner.h:170] Found solution in: 6
I20260909 04:39:20.493036   357 skeleton_planner.h:170] Found solution in: 7
I20260909 04:39:20.493063   357 skeleton_planner.h:170] Found solution in: 8
I20260909 04:39:20.493083   357 skeleton_planner.h:170] Found solution in: 4
I20260909 04:39:20.493095   357 skeleton_planner.h:170] Found solution in: 4
I20260909 04:39:20.493104   357 skeleton_planner.h:170] Found solution in: 3
I20260909 04:39:20.493114   357 skeleton_planner.h:170] Found solution in: 3
I20260909 04:39:20.493158   357 skeleton_planner.h:170] Found solution in: 14
I20260909 04:39:20.493172   357 skeleton_planner.h:170] Found solution in: 3
I20260909 04:39:20.493188   357 skeleton_planner.h:170] Found solution in: 6
I20260909 04:39:20.493201   357 skeleton_planner.h:170] Found solution in: 4
I20260909 04:39:20.493222   357 skeleton_planner.h:170] Found solution in: 6
I20260909 04:39:20.493244   357 skeleton_planner.h:170] Found solution in: 8
I20260909 04:39:20.493332   357 skeleton_planner.h:170] Found solution in: 34
I20260909 04:39:20.493376   357 skeleton_planner.h:170] Found solution in: 10
I20260909 04:39:20.493387   357 skeleton_planner.h:170] Found solution in: 3
I20260909 04:39:20.493394   357 skeleton_planner.h:170] Found solution in: 2
I20260909 04:39:20.493450   357 skeleton_planner.h:170] Found solution in: 18
I20260909 04:39:20.493479   357 skeleton_planner.h:170] Found solution in: 6
I20260909 04:39:20.493562   357 skeleton_planner.h:170] Found solution in: 27
I20260909 04:39:20.493606   357 skeleton_planner.h:170] Found solution in: 12
I20260909 04:39:20.493620   357 skeleton_planner.h:170] Found solution in: 4
I20260909 04:39:20.493646   357 skeleton_planner.h:170] Found solution in: 9
I20260909 04:39:20.493659   357 skeleton_planner.h:170] Found solution in: 3
I20260909 04:39:20.493701   357 skeleton_planner.h:170] Found solution in: 15
I20260909 04:39:20.493731   357 skeleton_planner.h:170] Found solution in: 7
I20260909 04:39:20.493749   357 skeleton_planner.h:170] Found solution in: 5
I20260909 04:39:20.494017   357 skeleton_planner.h:170] Found solution in: 100
I20260909 04:39:20.494059   357 skeleton_planner.h:170] Found solution in: 5
I20260909 04:39:20.494072   357 skeleton_planner.h:170] Found solution in: 5
I20260909 04:39:20.494091   357 skeleton_planner.h:170] Found solution in: 9
I20260909 04:39:20.494104   357 skeleton_planner.h:170] Found solution in: 6
I20260909 04:39:20.494127   357 skeleton_planner.h:170] Found solution in: 10
I20260909 04:39:20.494156   357 skeleton_planner.h:170] Found solution in: 12
I20260909 04:39:20.494185   357 skeleton_planner.h:170] Found solution in: 11
I20260909 04:39:20.494199   357 skeleton_planner.h:170] Found solution in: 5
I20260909 04:39:20.494223   357 skeleton_planner.h:170] Found solution in: 8
I20260909 04:39:20.494249   357 skeleton_planner.h:170] Found solution in: 9
I20260909 04:39:20.494261   357 skeleton_planner.h:170] Found solution in: 3
I20260909 04:39:20.494279   357 skeleton_planner.h:170] Found solution in: 7
I20260909 04:39:20.494344   357 skeleton_planner.h:170] Found solution in: 28
I20260909 04:39:20.494390   357 skeleton_planner.h:170] Found solution in: 13
I20260909 04:39:20.494418   357 skeleton_planner.h:170] Found solution in: 11
I20260909 04:39:20.494439   357 skeleton_planner.h:170] Found solution in: 10
I20260909 04:39:20.494460   357 skeleton_planner.h:170] Found solution in: 8
I20260909 04:39:20.494529   357 skeleton_planner.h:170] Found solution in: 29
I20260909 04:39:20.494585   357 skeleton_planner.h:170] Found solution in: 20
I20260909 04:39:20.494643   357 skeleton_planner.h:170] Found solution in: 21
I20260909 04:39:20.494661   357 skeleton_planner.h:170] Found solution in: 6
I20260909 04:39:20.494691   357 skeleton_planner.h:170] Found solution in: 9
I20260909 04:39:20.494716   357 skeleton_planner.h:170] Found solution in: 8
I20260909 04:39:20.494745   357 skeleton_planner.h:170] Found solution in: 10
I20260909 04:39:20.494766   357 skeleton_planner.h:170] Found solution in: 7
I20260909 04:39:20.494776   357 skeleton_planner.h:170] Found solution in: 2
I20260909 04:39:20.494789   357 skeleton_planner.h:170] Found solution in: 6
I20260909 04:39:20.494814   357 skeleton_planner.h:170] Found solution in: 11
I20260909 04:39:20.494833   357 skeleton_planner.h:170] Found solution in: 6
I20260909 04:39:20.494843   357 skeleton_planner.h:170] Found solution in: 3
I20260909 04:39:20.494863   357 skeleton_planner.h:170] Found solution in: 7
I20260909 04:39:20.494880   357 skeleton_planner.h:170] Found solution in: 6
I20260909 04:39:20.494910   357 skeleton_planner.h:170] Found solution in: 12
I20260909 04:39:20.494930   357 skeleton_planner.h:170] Found solution in: 6
I20260909 04:39:20.494940   357 skeleton_planner.h:170] Found solution in: 3
I20260909 04:39:20.494953   357 skeleton_planner.h:170] Found solution in: 4
I20260909 04:39:20.494978   357 skeleton_planner.h:170] Found solution in: 8
I20260909 04:39:20.494990   357 skeleton_planner.h:170] Found solution in: 3
I20260909 04:39:20.495126   357 skeleton_planner.h:170] Found solution in: 62
I20260909 04:39:20.495142   357 skeleton_planner.h:170] Found solution in: 3
I20260909 04:39:20.495150   357 skeleton_planner.h:170] Found solution in: 3
I20260909 04:39:20.495159   357 skeleton_planner.h:170] Found solution in: 3
I20260909 04:39:20.495168   357 skeleton_planner.h:170] Found solution in: 3
I20260909 04:39:20.495182   357 skeleton_planner.h:170] Found solution in: 5
I20260909 04:39:20.495194   357 skeleton_planner.h:170] Found solution in: 4
I20260909 04:39:20.495227   357 skeleton_planner.h:170] Found solution in: 11
I20260909 04:39:20.495239   357 skeleton_planner.h:170] Found solution in: 3
I20260909 04:39:20.495245   357 skeleton_planner.h:170] Found solution in: 2
I20260909 04:39:20.495250   357 skeleton_planner.h:170] Found solution in: 1
I20260909 04:39:20.495265   357 skeleton_planner.h:170] Found solution in: 5
I20260909 04:39:20.495275   357 skeleton_planner.h:170] Found solution in: 3
I20260909 04:39:20.495286   357 skeleton_planner.h:170] Found solution in: 3
I20260909 04:39:20.495327   357 skeleton_planner.h:170] Found solution in: 12
I20260909 04:39:20.495342   357 skeleton_planner.h:170] Found solution in: 3
I20260909 04:39:20.495389   357 skeleton_planner.h:170] Found solution in: 14
I20260909 04:39:20.495440   357 skeleton_planner.h:170] Found solution in: 14
I20260909 04:39:20.495468   357 skeleton_planner.h:170] Found solution in: 7
I20260909 04:39:20.495481   357 skeleton_planner.h:170] Found solution in: 3
I20260909 04:39:20.495498   357 skeleton_planner.h:170] Found solution in: 5
I20260909 04:39:20.495540   357 skeleton_planner.h:170] Found solution in: 12
I20260909 04:39:20.495548   357 skeleton_planner.h:170] Found solution in: 1
I20260909 04:39:20.495569   357 skeleton_planner.h:170] Found solution in: 5
I20260909 04:39:20.495589   357 skeleton_planner.h:170] Found solution in: 6
I20260909 04:39:20.495594   357 skeleton_planner.h:170] Found solution in: 1
I20260909 04:39:20.495617   357 skeleton_planner.h:170] Found solution in: 8
I20260909 04:39:20.495641   357 skeleton_planner.h:170] Found solution in: 8
I20260909 04:39:20.495680   357 skeleton_planner.h:170] Found solution in: 12
I20260909 04:39:20.495782   357 skeleton_planner.h:170] Found solution in: 29
I20260909 04:39:20.495821   357 skeleton_planner.h:170] Found solution in: 9
I20260909 04:39:20.495854   357 skeleton_planner.h:170] Found solution in: 11
I20260909 04:39:20.495884   357 skeleton_planner.h:170] Found solution in: 13
I20260909 04:39:20.495896   357 skeleton_planner.h:170] Found solution in: 4
I20260909 04:39:20.495909   357 skeleton_planner.h:170] Found solution in: 4
I20260909 04:39:20.495927   357 skeleton_planner.h:170] Found solution in: 6
I20260909 04:39:20.495937   357 skeleton_planner.h:170] Found solution in: 3
I20260909 04:39:20.495987   357 skeleton_planner.h:170] Found solution in: 13
I20260909 04:39:20.496023   357 skeleton_planner.h:170] Found solution in: 10
I20260909 04:39:20.496073   357 skeleton_planner.h:170] Found solution in: 18
I20260909 04:39:20.496111   357 skeleton_planner.h:170] Found solution in: 12
I20260909 04:39:20.496141   357 skeleton_planner.h:170] Found solution in: 10
I20260909 04:39:20.496163   357 skeleton_planner.h:170] Found solution in: 6
I20260909 04:39:20.496181   357 skeleton_planner.h:170] Found solution in: 5
I20260909 04:39:20.496204   357 skeleton_planner.h:170] Found solution in: 7
I20260909 04:39:20.496222   357 skeleton_planner.h:170] Found solution in: 5
I20260909 04:39:20.496241   357 skeleton_planner.h:170] Found solution in: 7
I20260909 04:39:20.496269   357 skeleton_planner.h:170] Found solution in: 9
I20260909 04:39:20.496302   357 skeleton_planner.h:170] Found solution in: 10
I20260909 04:39:20.496327   357 skeleton_planner.h:170] Found solution in: 7
I20260909 04:39:20.496357   357 skeleton_planner.h:170] Found solution in: 11
I20260909 04:39:20.496383   357 skeleton_planner.h:170] Found solution in: 8
I20260909 04:39:20.496421   357 skeleton_planner.h:170] Found solution in: 12
I20260909 04:39:20.496448   357 skeleton_planner.h:170] Found solution in: 7
I20260909 04:39:20.496469   357 skeleton_planner.h:170] Found solution in: 6
I20260909 04:39:20.496508   357 skeleton_planner.h:170] Found solution in: 12
I20260909 04:39:20.496537   357 skeleton_planner.h:170] Found solution in: 7
I20260909 04:39:20.496564   357 skeleton_planner.h:170] Found solution in: 9
I20260909 04:39:20.496593   357 skeleton_planner.h:170] Found solution in: 10
I20260909 04:39:20.496608   357 skeleton_planner.h:170] Found solution in: 4
I20260909 04:39:20.496665   357 skeleton_planner.h:170] Found solution in: 18
I20260909 04:39:20.496688   357 skeleton_planner.h:170] Found solution in: 4
I20260909 04:39:20.496704   357 skeleton_planner.h:170] Found solution in: 5
I20260909 04:39:20.496722   357 skeleton_planner.h:170] Found solution in: 6
I20260909 04:39:20.496745   357 skeleton_planner.h:170] Found solution in: 8
I20260909 04:39:20.496762   357 skeleton_planner.h:170] Found solution in: 5
I20260909 04:39:20.496773   357 skeleton_planner.h:170] Found solution in: 3
I20260909 04:39:20.496806   357 skeleton_planner.h:170] Found solution in: 11
I20260909 04:39:20.496829   357 skeleton_planner.h:170] Found solution in: 5
I20260909 04:39:20.496852   357 skeleton_planner.h:170] Found solution in: 9
I20260909 04:39:20.496891   357 skeleton_planner.h:170] Found solution in: 12
I20260909 04:39:20.496919   357 skeleton_planner.h:170] Found solution in: 8
I20260909 04:39:20.496975   357 skeleton_planner.h:170] Found solution in: 17
I20260909 04:39:20.497013   357 skeleton_planner.h:170] Found solution in: 9
I20260909 04:39:20.497036   357 skeleton_planner.h:170] Found solution in: 6
I20260909 04:39:20.497051   357 skeleton_planner.h:170] Found solution in: 4
I20260909 04:39:20.497066   357 skeleton_planner.h:170] Found solution in: 4
I20260909 04:39:20.497090   357 skeleton_planner.h:170] Found solution in: 9
I20260909 04:39:20.497103   357 skeleton_planner.h:170] Found solution in: 4
I20260909 04:39:20.497121   357 skeleton_planner.h:170] Found solution in: 5
I20260909 04:39:20.497164   357 skeleton_planner.h:170] Found solution in: 14
I20260909 04:39:20.497190   357 skeleton_planner.h:170] Found solution in: 7
I20260909 04:39:20.497242   357 skeleton_planner.h:170] Found solution in: 16
I20260909 04:39:20.497255   357 skeleton_planner.h:170] Found solution in: 3
I20260909 04:39:20.497259   357 skeleton_generator.cpp:1655] [Simplify Vertices] Vertex removals: 1031 / 1057, Edges added: 387
I20260909 04:39:20.497723   357 skeleton_generator.cpp:1697] [Subgraph] Number of disconnected subgraphs: 30
I20260909 04:39:20.501384   357 skeleton_planner.h:170] Found solution in: 6
I20260909 04:39:20.501515   357 skeleton_planner.h:170] Found solution in: 9
I20260909 04:39:20.501544   357 skeleton_planner.h:170] Found solution in: 13
I20260909 04:39:20.501863   357 skeleton_planner.h:170] Found solution in: 13
I20260909 04:39:20.501938   357 skeleton_planner.h:170] Found solution in: 8
I20260909 04:39:20.502651   357 skeleton_planner.h:170] Found solution in: 5
I20260909 04:39:20.502774   357 skeleton_planner.h:170] Found solution in: 29
I20260909 04:39:20.502846   357 skeleton_planner.h:170] Found solution in: 3
I20260909 04:39:20.506203   357 skeleton_planner.h:170] Found solution in: 22
I20260909 04:39:20.508155   357 skeleton_planner.h:170] Found solution in: 8
I20260909 04:39:20.508834   357 skeleton_planner.h:170] Found solution in: 85
I20260909 04:39:20.509338   357 skeleton_planner.h:170] Found solution in: 38
I20260909 04:39:20.511339   357 skeleton_planner.h:170] Found solution in: 94
I20260909 04:39:20.511401   357 skeleton_planner.h:170] Found solution in: 20
I20260909 04:39:20.514781   357 skeleton_planner.h:170] Found solution in: 27
I20260909 04:39:20.515273   357 skeleton_planner.h:170] Found solution in: 61
I20260909 04:39:20.515473   357 skeleton_planner.h:170] Found solution in: 7
I20260909 04:39:20.515609   357 skeleton_planner.h:170] Found solution in: 10
I20260909 04:39:20.516044   357 skeleton_planner.h:170] Found solution in: 30
I20260909 04:39:20.520174   357 skeleton_planner.h:170] Found solution in: 6
I20260909 04:39:20.523001   357 skeleton_generator.cpp:1756] [Subgraph] Potential edge candidates: 105 diagram candidates: 20
I20260909 04:39:20.523074   357 skeleton_generator.cpp:1771] [Subgraph] Final number of disconnected subgraphs: 11
I20260909 04:39:20.523079   357 skeleton_generator.cpp:633] [Sparse Graph] Vertices: 1392 Edges: 2244
