I20260909 04:41:23.693104   705 skeleton_planner.h:31] Setting ESDF layer.
I20260909 04:41:23.808707   705 skeleton_generator.cpp:226] [GVD] Finished finding GVD candidates. Number of skeleton points: 81440 edges: 7470
I20260909 04:41:23.833552   705 skeleton_generator.cpp:1093] [Prune] Number of vertices before prune: 3203 Number of deleted vertices: 708
I20260909 04:41:23.842640   705 skeleton_planner.h:170] Found solution in: 1
I20260909 04:41:23.842657   705 skeleton_planner.h:170] Found solution in: 3
I20260909 04:41:23.842900   705 skeleton_planner.h:170] Found solution in: 7
I20260909 04:41:23.842912   705 skeleton_planner.h:170] Found solution in: 1
I20260909 04:41:23.842919   705 skeleton_planner.h:170] Found solution in: 5
I20260909 04:41:23.842945   705 skeleton_planner.h:170] Found solution in: 6
I20260909 04:41:23.842957   705 skeleton_planner.h:170] Found solution in: 1
I20260909 04:41:23.842962   705 skeleton_planner.h:170] Found solution in: 2
I20260909 04:41:23.842983   705 skeleton_planner.h:170] Found solution in: 7
I20260909 04:41:23.842993   705 skeleton_planner.h:170] Found solution in: 1
I20260909 04:41:23.843005   705 skeleton_planner.h:170] Found solution in: 3
I20260909 04:41:23.843015   705 skeleton_planner.h:170] Found solution in: 1
I20260909 04:41:23.843019   705 skeleton_planner.h:170] Found solution in: 3
I20260909 04:41:23.843036   705 skeleton_planner.h:170] Found solution in: 5
I20260909 04:41:23.843047   705 skeleton_planner.h:170] Found solution in: 1
I20260909 04:41:23.843055   705 skeleton_planner.h:170] Found solution in: 1
I20260909 04:41:23.843096   705 skeleton_planner.h:170] Found solution in: 5
I20260909 04:41:23.843104   705 skeleton_planner.h:170] Found solution in: 1
I20260909 04:41:23.843187   705 skeleton_planner.h:170] Found solution in: 3
I20260909 04:41:23.843194   705 skeleton_planner.h:170] Found solution in: 1
I20260909 04:41:23.843278   705 skeleton_planner.h:170] Found solution in: 4
I20260909 04:41:23.843286   705 skeleton_planner.h:170] Found solution in: 1
I20260909 04:41:23.843295   705 skeleton_planner.h:170] Found solution in: 1
I20260909 04:41:23.843300   705 skeleton_planner.h:170] Found solution in: 4
I20260909 04:41:23.843320   705 skeleton_planner.h:170] Found solution in: 5
I20260909 04:41:23.843330   705 skeleton_planner.h:170] Found solution in: 1
I20260909 04:41:23.843338   705 skeleton_planner.h:170] Found solution in: 1
I20260909 04:41:23.843341   705 skeleton_planner.h:170] Found solution in: 2
I20260909 04:41:23.843356   705 skeleton_planner.h:170] Found solution in: 5
I20260909 04:41:23.843366   705 skeleton_planner.h:170] Found solution in: 1
I20260909 04:41:23.843371   705 skeleton_planner.h:170] Found solution in: 4
I20260909 04:41:23.843398   705 skeleton_planner.h:170] Found solution in: 9
I20260909 04:41:23.843406   705 skeleton_planner.h:170] Found solution in: 1
I20260909 04:41:23.843436   705 skeleton_planner.h:170] Found solution in: 7
I20260909 04:41:23.843446   705 skeleton_planner.h:170] Found solution in: 1
I20260909 04:41:23.843449   705 skeleton_planner.h:170] Found solution in: 2
I20260909 04:41:23.843462   705 skeleton_planner.h:170] Found solution in: 5
I20260909 04:41:23.843469   705 skeleton_planner.h:170] Found solution in: 1
I20260909 04:41:23.843473   705 skeleton_planner.h:170] Found solution in: 2
I20260909 04:41:23.843484   705 skeleton_planner.h:170] Found solution in: 4
I20260909 04:41:23.843493   705 skeleton_planner.h:170] Found solution in: 1
I20260909 04:41:23.843508   705 skeleton_planner.h:170] Found solution in: 16
I20260909 04:41:23.843515   705 skeleton_planner.h:170] Found solution in: 1
I20260909 04:41:23.843519   705 skeleton_planner.h:170] Found solution in: 2
I20260909 04:41:23.843530   705 skeleton_planner.h:170] Found solution in: 4
I20260909 04:41:23.843540   705 skeleton_planner.h:170] Found solution in: 1
I20260909 04:41:23.843561   705 skeleton_planner.h:170] Found solution in: 3
I20260909 04:41:23.843572   705 skeleton_planner.h:170] Found solution in: 1
I20260909 04:41:23.843578   705 skeleton_planner.h:170] Found solution in: 5
I20260909 04:41:23.843603   705 skeleton_planner.h:170] Found solution in: 5
I20260909 04:41:23.843611   705 skeleton_planner.h:170] Found solution in: 1
I20260909 04:41:23.843634   705 skeleton_planner.h:170] Found solution in: 3
I20260909 04:41:23.843644   705 skeleton_planner.h:170] Found solution in: 1
I20260909 04:41:23.843668   705 skeleton_planner.h:170] Found solution in: 3
I20260909 04:41:23.843677   705 skeleton_planner.h:170] Found solution in: 1
I20260909 04:41:23.843684   705 skeleton_planner.h:170] Found solution in: 7
I20260909 04:41:23.843689   705 skeleton_planner.h:170] Found solution in: 4
I20260909 04:41:23.843694   705 skeleton_planner.h:170] Found solution in: 1
I20260909 04:41:23.843698   705 skeleton_planner.h:170] Found solution in: 2
I20260909 04:41:23.843710   705 skeleton_planner.h:170] Found solution in: 4
I20260909 04:41:23.843720   705 skeleton_planner.h:170] Found solution in: 1
I20260909 04:41:23.843724   705 skeleton_planner.h:170] Found solution in: 3
I20260909 04:41:23.843739   705 skeleton_planner.h:170] Found solution in: 4
I20260909 04:41:23.843748   705 skeleton_planner.h:170] Found solution in: 1
I20260909 04:41:23.843752   705 skeleton_planner.h:170] Found solution in: 2
I20260909 04:41:23.843762   705 skeleton_planner.h:170] Found solution in: 3
I20260909 04:41:23.843770   705 skeleton_planner.h:170] Found solution in: 1
I20260909 04:41:23.843784   705 skeleton_planner.h:170] Found solution in: 4
I20260909 04:41:23.843792   705 skeleton_planner.h:170] Found solution in: 1
I20260909 04:41:23.843797   705 skeleton_planner.h:170] Found solution in: 4
I20260909 04:41:23.843803   705 skeleton_planner.h:170] Found solution in: 1
I20260909 04:41:23.843812   705 skeleton_planner.h:170] Found solution in: 8
I20260909 04:41:23.843817   705 skeleton_planner.h:170] Found solution in: 1
I20260909 04:41:23.843822   705 skeleton_planner.h:170] Found solution in: 4
I20260909 04:41:23.843842   705 skeleton_planner.h:170] Found solution in: 4
I20260909 04:41:23.843848   705 skeleton_planner.h:170] Found solution in: 1
I20260909 04:41:23.843852   705 skeleton_planner.h:170] Found solution in: 3
I20260909 04:41:23.843864   705 skeleton_planner.h:170] Found solution in: 3
I20260909 04:41:23.843873   705 skeleton_planner.h:170] Found solution in: 1
I20260909 04:41:23.843878   705 skeleton_planner.h:170] Found solution in: 4
I20260909 04:41:23.843910   705 skeleton_planner.h:170] Found solution in: 4
I20260909 04:41:23.843917   705 skeleton_planner.h:170] Found solution in: 1
I20260909 04:41:23.843920   705 skeleton_planner.h:170] Found solution in: 2
I20260909 04:41:23.844370   705 skeleton_planner.h:170] Found solution in: 6
I20260909 04:41:23.844378   705 skeleton_planner.h:170] Found solution in: 1
I20260909 04:41:23.844383   705 skeleton_planner.h:170] Found solution in: 4
I20260909 04:41:23.844553   705 skeleton_planner.h:170] Found solution in: 8
I20260909 04:41:23.844564   705 skeleton_planner.h:170] Found solution in: 1
I20260909 04:41:23.844575   705 skeleton_planner.h:170] Found solution in: 3
I20260909 04:41:23.844583   705 skeleton_planner.h:170] Found solution in: 1
I20260909 04:41:23.844587   705 skeleton_planner.h:170] Found solution in: 2
I20260909 04:41:23.844597   705 skeleton_planner.h:170] Found solution in: 3
I20260909 04:41:23.844604   705 skeleton_planner.h:170] Found solution in: 1
I20260909 04:41:23.844607   705 skeleton_planner.h:170] Found solution in: 2
I20260909 04:41:23.844625   705 skeleton_planner.h:170] Found solution in: 6
I20260909 04:41:23.844635   705 skeleton_planner.h:170] Found solution in: 1
I20260909 04:41:23.844640   705 skeleton_planner.h:170] Found solution in: 3
I20260909 04:41:23.844655   705 skeleton_planner.h:170] Found solution in: 3
I20260909 04:41:23.844661   705 skeleton_planner.h:170] Found solution in: 1
I20260909 04:41:23.844666   705 skeleton_planner.h:170] Found solution in: 3
I20260909 04:41:23.844789   705 skeleton_planner.h:170] Found solution in: 67
I20260909 04:41:23.844930   705 skeleton_planner.h:170] Found solution in: 59
I20260909 04:41:23.845160   705 skeleton_planner.h:170] Found solution in: 94
I20260909 04:41:23.845208   705 skeleton_planner.h:170] Found solution in: 9
I20260909 04:41:23.845218   705 skeleton_planner.h:170] Found solution in: 1
I20260909 04:41:23.845223   705 skeleton_planner.h:170] Found solution in: 4
I20260909 04:41:23.845256   705 skeleton_planner.h:170] Found solution in: 5
I20260909 04:41:23.845266   705 skeleton_planner.h:170] Found solution in: 1
I20260909 04:41:23.845270   705 skeleton_planner.h:170] Found solution in: 3
I20260909 04:41:23.845290   705 skeleton_planner.h:170] Found solution in: 6
I20260909 04:41:23.845299   705 skeleton_planner.h:170] Found solution in: 1
I20260909 04:41:23.845312   705 skeleton_planner.h:170] Found solution in: 3
I20260909 04:41:23.845322   705 skeleton_planner.h:170] Found solution in: 1
I20260909 04:41:23.845326   705 skeleton_planner.h:170] Found solution in: 3
I20260909 04:41:23.845976   705 skeleton_planner.h:170] Found solution in: 1
I20260909 04:41:23.845991   705 skeleton_planner.h:170] Found solution in: 3
I20260909 04:41:23.846000   705 skeleton_planner.h:170] Found solution in: 1
I20260909 04:41:23.846006   705 skeleton_planner.h:170] Found solution in: 5
I20260909 04:41:23.846101   705 skeleton_planner.h:170] Found solution in: 4
I20260909 04:41:23.846109   705 skeleton_planner.h:170] Found solution in: 1
I20260909 04:41:23.846113   705 skeleton_planner.h:170] Found solution in: 3
I20260909 04:41:23.846125   705 skeleton_planner.h:170] Found solution in: 3
I20260909 04:41:23.846135   705 skeleton_planner.h:170] Found solution in: 1
I20260909 04:41:23.846158   705 skeleton_planner.h:170] Found solution in: 28
I20260909 04:41:23.846171   705 skeleton_planner.h:170] Found solution in: 16
I20260909 04:41:23.846177   705 skeleton_planner.h:170] Found solution in: 1
I20260909 04:41:23.846181   705 skeleton_planner.h:170] Found solution in: 4
I20260909 04:41:23.846195   705 skeleton_planner.h:170] Found solution in: 4
I20260909 04:41:23.846202   705 skeleton_planner.h:170] Found solution in: 1
I20260909 04:41:23.846207   705 skeleton_planner.h:170] Found solution in: 3
I20260909 04:41:23.846228   705 skeleton_planner.h:170] Found solution in: 5
I20260909 04:41:23.846235   705 skeleton_planner.h:170] Found solution in: 1
I20260909 04:41:23.846249   705 skeleton_planner.h:170] Found solution in: 3
I20260909 04:41:23.846261   705 skeleton_planner.h:170] Found solution in: 1
I20260909 04:41:23.846264   705 skeleton_planner.h:170] Found solution in: 2
I20260909 04:41:23.846282   705 skeleton_planner.h:170] Found solution in: 5
I20260909 04:41:23.846292   705 skeleton_planner.h:170] Found solution in: 1
I20260909 04:41:23.846297   705 skeleton_planner.h:170] Found solution in: 6
I20260909 04:41:23.846309   705 skeleton_planner.h:170] Found solution in: 1
I20260909 04:41:23.846313   705 skeleton_planner.h:170] Found solution in: 3
I20260909 04:41:23.846400   705 skeleton_planner.h:170] Found solution in: 45
I20260909 04:41:23.846501   705 skeleton_planner.h:170] Found solution in: 47
I20260909 04:41:23.846827   705 skeleton_planner.h:170] Found solution in: 1
I20260909 04:41:23.846830   705 skeleton_planner.h:170] Found solution in: 2
I20260909 04:41:23.846840   705 skeleton_planner.h:170] Found solution in: 3
I20260909 04:41:23.846850   705 skeleton_planner.h:170] Found solution in: 1
I20260909 04:41:23.846936   705 skeleton_planner.h:170] Found solution in: 3
I20260909 04:41:23.846944   705 skeleton_planner.h:170] Found solution in: 1
I20260909 04:41:23.846948   705 skeleton_planner.h:170] Found solution in: 2
I20260909 04:41:23.846957   705 skeleton_planner.h:170] Found solution in: 3
I20260909 04:41:23.846968   705 skeleton_planner.h:170] Found solution in: 1
I20260909 04:41:23.846972   705 skeleton_planner.h:170] Found solution in: 3
I20260909 04:41:23.846989   705 skeleton_planner.h:170] Found solution in: 4
I20260909 04:41:23.846997   705 skeleton_planner.h:170] Found solution in: 1
I20260909 04:41:23.847013   705 skeleton_planner.h:170] Found solution in: 4
I20260909 04:41:23.847023   705 skeleton_planner.h:170] Found solution in: 1
I20260909 04:41:23.847038   705 skeleton_planner.h:170] Found solution in: 5
I20260909 04:41:23.847046   705 skeleton_planner.h:170] Found solution in: 1
I20260909 04:41:23.847060   705 skeleton_planner.h:170] Found solution in: 4
I20260909 04:41:23.847069   705 skeleton_planner.h:170] Found solution in: 1
I20260909 04:41:23.847079   705 skeleton_planner.h:170] Found solution in: 3
I20260909 04:41:23.847091   705 skeleton_planner.h:170] Found solution in: 1
I20260909 04:41:23.847123   705 skeleton_planner.h:170] Found solution in: 5
I20260909 04:41:23.847131   705 skeleton_planner.h:170] Found solution in: 1
I20260909 04:41:23.847155   705 skeleton_planner.h:170] Found solution in: 4
I20260909 04:41:23.847165   705 skeleton_planner.h:170] Found solution in: 1
I20260909 04:41:23.847170   705 skeleton_planner.h:170] Found solution in: 4
I20260909 04:41:23.847180   705 skeleton_planner.h:170] Found solution in: 12
I20260909 04:41:23.847188   705 skeleton_planner.h:170] Found solution in: 8
I20260909 04:41:23.847287   705 skeleton_planner.h:170] Found solution in: 7
I20260909 04:41:23.847301   705 skeleton_planner.h:170] Found solution in: 1
I20260909 04:41:23.847326   705 skeleton_planner.h:170] Found solution in: 6
I20260909 04:41:23.847333   705 skeleton_planner.h:170] Found solution in: 1
I20260909 04:41:23.847748   705 skeleton_planner.h:170] Found solution in: 6
I20260909 04:41:23.847760   705 skeleton_planner.h:170] Found solution in: 1
I20260909 04:41:23.847764   705 skeleton_planner.h:170] Found solution in: 2
I20260909 04:41:23.847775   705 skeleton_planner.h:170] Found solution in: 3
I20260909 04:41:23.847783   705 skeleton_planner.h:170] Found solution in: 1
I20260909 04:41:23.847798   705 skeleton_planner.h:170] Found solution in: 3
I20260909 04:41:23.847805   705 skeleton_planner.h:170] Found solution in: 1
I20260909 04:41:23.847891   705 skeleton_planner.h:170] Found solution in: 3
I20260909 04:41:23.847903   705 skeleton_planner.h:170] Found solution in: 1
I20260909 04:41:23.847993   705 skeleton_planner.h:170] Found solution in: 6
I20260909 04:41:23.848003   705 skeleton_planner.h:170] Found solution in: 1
I20260909 04:41:23.848012   705 skeleton_planner.h:170] Found solution in: 10
I20260909 04:41:23.848105   705 skeleton_planner.h:170] Found solution in: 7
I20260909 04:41:23.848115   705 skeleton_planner.h:170] Found solution in: 1
I20260909 04:41:23.848127   705 skeleton_planner.h:170] Found solution in: 3
I20260909 04:41:23.848133   705 skeleton_planner.h:170] Found solution in: 1
I20260909 04:41:23.848147   705 skeleton_planner.h:170] Found solution in: 5
I20260909 04:41:23.848158   705 skeleton_planner.h:170] Found solution in: 1
I20260909 04:41:23.848172   705 skeleton_planner.h:170] Found solution in: 6
I20260909 04:41:23.848182   705 skeleton_planner.h:170] Found solution in: 1
I20260909 04:41:23.848186   705 skeleton_planner.h:170] Found solution in: 3
I20260909 04:41:23.848203   705 skeleton_planner.h:170] Found solution in: 4
I20260909 04:41:23.848212   705 skeleton_planner.h:170] Found solution in: 1
I20260909 04:41:23.848224   705 skeleton_planner.h:170] Found solution in: 3
I20260909 04:41:23.848232   705 skeleton_planner.h:170] Found solution in: 1
I20260909 04:41:23.848243   705 skeleton_planner.h:170] Found solution in: 3
I20260909 04:41:23.848251   705 skeleton_planner.h:170] Found solution in: 1
I20260909 04:41:23.848258   705 skeleton_planner.h:170] Found solution in: 1
I20260909 04:41:23.848275   705 skeleton_planner.h:170] Found solution in: 4
I20260909 04:41:23.848284   705 skeleton_planner.h:170] Found solution in: 1
I20260909 04:41:23.848287   705 skeleton_planner.h:170] Found solution in: 3
I20260909 04:41:23.848309   705 skeleton_planner.h:170] Found solution in: 6
I20260909 04:41:23.848317   705 skeleton_planner.h:170] Found solution in: 1
I20260909 04:41:23.848332   705 skeleton_planner.h:170] Found solution in: 4
I20260909 04:41:23.848342   705 skeleton_planner.h:170] Found solution in: 1
I20260909 04:41:23.848347   705 skeleton_planner.h:170] Found solution in: 3
I20260909 04:41:23.848444   705 skeleton_planner.h:170] Found solution in: 3
I20260909 04:41:23.848450   705 skeleton_planner.h:170] Found solution in: 1
I20260909 04:41:23.848466   705 skeleton_planner.h:170] Found solution in: 21
I20260909 04:41:23.848475   705 skeleton_planner.h:170] Found solution in: 9
I20260909 04:41:23.848481   705 skeleton_planner.h:170] Found solution in: 1
I20260909 04:41:23.848486   705 skeleton_planner.h:170] Found solution in: 1
I20260909 04:41:23.848501   705 skeleton_planner.h:170] Found solution in: 19
I20260909 04:41:23.848521   705 skeleton_planner.h:170] Found solution in: 26
I20260909 04:41:23.848532   705 skeleton_planner.h:170] Found solution in: 1
I20260909 04:41:23.848538   705 skeleton_planner.h:170] Found solution in: 6
I20260909 04:41:23.848555   705 skeleton_planner.h:170] Found solution in: 4
I20260909 04:41:23.848565   705 skeleton_planner.h:170] Found solution in: 1
I20260909 04:41:23.848578   705 skeleton_planner.h:170] Found solution in: 4
I20260909 04:41:23.848590   705 skeleton_planner.h:170] Found solution in: 1
I20260909 04:41:23.848613   705 skeleton_planner.h:170] Found solution in: 4
I20260909 04:41:23.848621   705 skeleton_planner.h:170] Found solution in: 1
I20260909 04:41:23.848624   705 skeleton_planner.h:170] Found solution in: 2
I20260909 04:41:23.848636   705 skeleton_planner.h:170] Found solution in: 4
I20260909 04:41:23.848642   705 skeleton_planner.h:170] Found solution in: 1
I20260909 04:41:23.848649   705 skeleton_planner.h:170] Found solution in: 6
I20260909 04:41:23.848656   705 skeleton_planner.h:170] Found solution in: 1
I20260909 04:41:23.848675   705 skeleton_planner.h:170] Found solution in: 5
I20260909 04:41:23.848690   705 skeleton_planner.h:170] Found solution in: 1
I20260909 04:41:23.848708   705 skeleton_planner.h:170] Found solution in: 5
I20260909 04:41:23.848716   705 skeleton_planner.h:170] Found solution in: 1
I20260909 04:41:23.848721   705 skeleton_planner.h:170] Found solution in: 2
I20260909 04:41:23.848732   705 skeleton_planner.h:170] Found solution in: 4
I20260909 04:41:23.848738   705 skeleton_planner.h:170] Found solution in: 1
I20260909 04:41:23.848753   705 skeleton_planner.h:170] Found solution in: 5
I20260909 04:41:23.848762   705 skeleton_planner.h:170] Found solution in: 1
I20260909 04:41:23.848783   705 skeleton_planner.h:170] Found solution in: 7
I20260909 04:41:23.848790   705 skeleton_planner.h:170] Found solution in: 1
I20260909 04:41:23.848824   705 skeleton_planner.h:170] Found solution in: 10
I20260909 04:41:23.848835   705 skeleton_planner.h:170] Found solution in: 1
I20260909 04:41:23.848848   705 skeleton_planner.h:170] Found solution in: 4
I20260909 04:41:23.848857   705 skeleton_planner.h:170] Found solution in: 1
I20260909 04:41:23.848865   705 skeleton_planner.h:170] Found solution in: 7
I20260909 04:41:23.848954   705 skeleton_planner.h:170] Found solution in: 3
I20260909 04:41:23.848961   705 skeleton_planner.h:170] Found solution in: 1
I20260909 04:41:23.848976   705 skeleton_planner.h:170] Found solution in: 3
I20260909 04:41:23.848984   705 skeleton_planner.h:170] Found solution in: 1
I20260909 04:41:23.849073   705 skeleton_planner.h:170] Found solution in: 3
I20260909 04:41:23.849082   705 skeleton_planner.h:170] Found solution in: 1
I20260909 04:41:23.849092   705 skeleton_planner.h:170] Found solution in: 3
I20260909 04:41:23.849098   705 skeleton_planner.h:170] Found solution in: 1
I20260909 04:41:23.849107   705 skeleton_planner.h:170] Found solution in: 10
I20260909 04:41:23.849201   705 skeleton_planner.h:170] Found solution in: 5
I20260909 04:41:23.849210   705 skeleton_planner.h:170] Found solution in: 1
I20260909 04:41:23.849299   705 skeleton_planner.h:170] Found solution in: 5
I20260909 04:41:23.849309   705 skeleton_planner.h:170] Found solution in: 1
I20260909 04:41:23.849313   705 skeleton_planner.h:170] Found solution in: 2
I20260909 04:41:23.850181   705 skeleton_planner.h:170] Found solution in: 1
I20260909 04:41:23.850185   705 skeleton_planner.h:170] Found solution in: 2
I20260909 04:41:23.851027   705 skeleton_planner.h:170] Found solution in: 1
I20260909 04:41:23.851042   705 skeleton_planner.h:170] Found solution in: 3
I20260909 04:41:23.851050   705 skeleton_planner.h:170] Found solution in: 1
I20260909 04:41:23.851061   705 skeleton_planner.h:170] Found solution in: 9
I20260909 04:41:23.851073   705 skeleton_planner.h:170] Found solution in: 1
I20260909 04:41:23.851078   705 skeleton_planner.h:170] Found solution in: 5
I20260909 04:41:23.851086   705 skeleton_planner.h:170] Found solution in: 1
I20260909 04:41:23.851102   705 skeleton_planner.h:170] Found solution in: 3
I20260909 04:41:23.851114   705 skeleton_planner.h:170] Found solution in: 1
I20260909 04:41:23.851128   705 skeleton_planner.h:170] Found solution in: 3
I20260909 04:41:23.851138   705 skeleton_planner.h:170] Found solution in: 1
I20260909 04:41:23.851166   705 skeleton_planner.h:170] Found solution in: 4
I20260909 04:41:23.851176   705 skeleton_planner.h:170] Found solution in: 1
I20260909 04:41:23.851179   705 skeleton_planner.h:170] Found solution in: 2
I20260909 04:41:23.851186   705 skeleton_planner.h:170] Found solution in: 1
I20260909 04:41:23.851190   705 skeleton_planner.h:170] Found solution in: 3
I20260909 04:41:23.851212   705 skeleton_planner.h:170] Found solution in: 6
I20260909 04:41:23.851228   705 skeleton_planner.h:170] Found solution in: 1
I20260909 04:41:23.851244   705 skeleton_planner.h:170] Found solution in: 5
I20260909 04:41:23.851253   705 skeleton_planner.h:170] Found solution in: 1
I20260909 04:41:23.851256   705 skeleton_planner.h:170] Found solution in: 2
I20260909 04:41:23.851260   705 skeleton_planner.h:170] Found solution in: 1
I20260909 04:41:23.851266   705 skeleton_planner.h:170] Found solution in: 6
I20260909 04:41:23.851357   705 skeleton_planner.h:170] Found solution in: 4
I20260909 04:41:23.851366   705 skeleton_planner.h:170] Found solution in: 1
I20260909 04:41:23.851461   705 skeleton_planner.h:170] Found solution in: 6
I20260909 04:41:23.851470   705 skeleton_planner.h:170] Found solution in: 1
I20260909 04:41:23.851483   705 skeleton_planner.h:170] Found solution in: 16
I20260909 04:41:23.851509   705 skeleton_planner.h:170] Found solution in: 37
I20260909 04:41:23.851516   705 skeleton_planner.h:170] Found solution in: 1
I20260909 04:41:23.851519   705 skeleton_planner.h:170] Found solution in: 2
I20260909 04:41:23.851532   705 skeleton_planner.h:170] Found solution in: 4
I20260909 04:41:23.851539   705 skeleton_planner.h:170] Found solution in: 1
I20260909 04:41:23.851560   705 skeleton_planner.h:170] Found solution in: 6
I20260909 04:41:23.851568   705 skeleton_planner.h:170] Found solution in: 1
I20260909 04:41:23.851577   705 skeleton_planner.h:170] Found solution in: 1
I20260909 04:41:23.851581   705 skeleton_planner.h:170] Found solution in: 3
I20260909 04:41:23.851588   705 skeleton_planner.h:170] Found solution in: 7
I20260909 04:41:23.851616   705 skeleton_planner.h:170] Found solution in: 8
I20260909 04:41:23.851624   705 skeleton_planner.h:170] Found solution in: 1
I20260909 04:41:23.851629   705 skeleton_planner.h:170] Found solution in: 3
I20260909 04:41:23.851934   705 skeleton_planner.h:170] Found solution in: 24
I20260909 04:41:23.851948   705 skeleton_planner.h:170] Found solution in: 1
I20260909 04:41:23.851959   705 skeleton_planner.h:170] Found solution in: 10
I20260909 04:41:23.851972   705 skeleton_planner.h:170] Found solution in: 13
I20260909 04:41:23.851980   705 skeleton_planner.h:170] Found solution in: 1
I20260909 04:41:23.851986   705 skeleton_planner.h:170] Found solution in: 1
I20260909 04:41:23.851997   705 skeleton_planner.h:170] Found solution in: 12
I20260909 04:41:23.852005   705 skeleton_planner.h:170] Found solution in: 6
I20260909 04:41:23.852108   705 skeleton_planner.h:170] Found solution in: 4
I20260909 04:41:23.852120   705 skeleton_planner.h:170] Found solution in: 1
I20260909 04:41:23.852211   705 skeleton_planner.h:170] Found solution in: 3
I20260909 04:41:23.852219   705 skeleton_planner.h:170] Found solution in: 1
I20260909 04:41:23.852312   705 skeleton_planner.h:170] Found solution in: 3
I20260909 04:41:23.852322   705 skeleton_planner.h:170] Found solution in: 1
I20260909 04:41:23.852327   705 skeleton_planner.h:170] Found solution in: 4
I20260909 04:41:23.852346   705 skeleton_planner.h:170] Found solution in: 4
I20260909 04:41:23.852355   705 skeleton_planner.h:170] Found solution in: 1
I20260909 04:41:23.852360   705 skeleton_planner.h:170] Found solution in: 3
I20260909 04:41:23.852376   705 skeleton_planner.h:170] Found solution in: 5
I20260909 04:41:23.852384   705 skeleton_planner.h:170] Found solution in: 1
I20260909 04:41:23.852398   705 skeleton_planner.h:170] Found solution in: 4
I20260909 04:41:23.852409   705 skeleton_planner.h:170] Found solution in: 1
I20260909 04:41:23.852422   705 skeleton_planner.h:170] Found solution in: 3
I20260909 04:41:23.852429   705 skeleton_planner.h:170] Found solution in: 1
I20260909 04:41:23.852432   705 skeleton_planner.h:170] Found solution in: 2
I20260909 04:41:23.852437   705 skeleton_planner.h:170] Found solution in: 1
I20260909 04:41:23.852458   705 skeleton_planner.h:170] Found solution in: 6
I20260909 04:41:23.852465   705 skeleton_planner.h:170] Found solution in: 1
I20260909 04:41:23.852468   705 skeleton_planner.h:170] Found solution in: 2
I20260909 04:41:23.852485   705 skeleton_planner.h:170] Found solution in: 5
I20260909 04:41:23.852492   705 skeleton_planner.h:170] Found solution in: 1
I20260909 04:41:23.852499   705 skeleton_planner.h:170] Found solution in: 1
I20260909 04:41:23.852515   705 skeleton_planner.h:170] Found solution in: 3
I20260909 04:41:23.852523   705 skeleton_planner.h:170] Found solution in: 1
I20260909 04:41:23.852555   705 skeleton_planner.h:170] Found solution in: 5
I20260909 04:41:23.852566   705 skeleton_planner.h:170] Found solution in: 1
I20260909 04:41:23.852574   705 skeleton_planner.h:170] Found solution in: 1
I20260909 04:41:23.852658   705 skeleton_planner.h:170] Found solution in: 4
I20260909 04:41:23.852665   705 skeleton_planner.h:170] Found solution in: 1
I20260909 04:41:23.852685   705 skeleton_planner.h:170] Found solution in: 25
I20260909 04:41:23.852694   705 skeleton_planner.h:170] Found solution in: 1
I20260909 04:41:23.852696   705 skeleton_planner.h:170] Found solution in: 2
I20260909 04:41:23.852707   705 skeleton_planner.h:170] Found solution in: 3
I20260909 04:41:23.852713   705 skeleton_planner.h:170] Found solution in: 1
I20260909 04:41:23.852723   705 skeleton_planner.h:170] Found solution in: 3
I20260909 04:41:23.852730   705 skeleton_planner.h:170] Found solution in: 1
I20260909 04:41:23.852742   705 skeleton_planner.h:170] Found solution in: 3
I20260909 04:41:23.852751   705 skeleton_planner.h:170] Found solution in: 1
I20260909 04:41:23.852766   705 skeleton_planner.h:170] Found solution in: 4
I20260909 04:41:23.852772   705 skeleton_planner.h:170] Found solution in: 1
I20260909 04:41:23.852783   705 skeleton_planner.h:170] Found solution in: 3
I20260909 04:41:23.852792   705 skeleton_planner.h:170] Found solution in: 1
I20260909 04:41:23.852795   705 skeleton_planner.h:170] Found solution in: 3
I20260909 04:41:23.852810   705 skeleton_planner.h:170] Found solution in: 6
I20260909 04:41:23.852818   705 skeleton_planner.h:170] Found solution in: 1
I20260909 04:41:23.852833   705 skeleton_planner.h:170] Found solution in: 6
I20260909 04:41:23.852839   705 skeleton_planner.h:170] Found solution in: 1
I20260909 04:41:23.852844   705 skeleton_planner.h:170] Found solution in: 1
I20260909 04:41:23.852855   705 skeleton_planner.h:170] Found solution in: 1
I20260909 04:41:23.852860   705 skeleton_planner.h:170] Found solution in: 6
I20260909 04:41:23.852878   705 skeleton_planner.h:170] Found solution in: 4
I20260909 04:41:23.852886   705 skeleton_planner.h:170] Found solution in: 1
I20260909 04:41:23.852890   705 skeleton_planner.h:170] Found solution in: 3
I20260909 04:41:23.852897   705 skeleton_planner.h:170] Found solution in: 1
I20260909 04:41:23.852908   705 skeleton_planner.h:170] Found solution in: 4
I20260909 04:41:23.852917   705 skeleton_planner.h:170] Found solution in: 1
I20260909 04:41:23.852931   705 skeleton_planner.h:170] Found solution in: 4
I20260909 04:41:23.852943   705 skeleton_planner.h:170] Found solution in: 1
I20260909 04:41:23.852949   705 skeleton_planner.h:170] Found solution in: 4
I20260909 04:41:23.852955   705 skeleton_planner.h:170] Found solution in: 6
I20260909 04:41:23.852974   705 skeleton_planner.h:170] Found solution in: 25
I20260909 04:41:23.852981   705 skeleton_planner.h:170] Found solution in: 1
I20260909 04:41:23.852994   705 skeleton_planner.h:170] Found solution in: 4
I20260909 04:41:23.853004   705 skeleton_planner.h:170] Found solution in: 1
I20260909 04:41:23.853009   705 skeleton_planner.h:170] Found solution in: 4
I20260909 04:41:23.853015   705 skeleton_planner.h:170] Found solution in: 1
I20260909 04:41:23.853101   705 skeleton_planner.h:170] Found solution in: 3
I20260909 04:41:23.853109   705 skeleton_planner.h:170] Found solution in: 1
I20260909 04:41:23.853117   705 skeleton_planner.h:170] Found solution in: 8
I20260909 04:41:23.853123   705 skeleton_planner.h:170] Found solution in: 1
I20260909 04:41:23.853179   705 skeleton_planner.h:170] Found solution in: 71
I20260909 04:41:23.853214   705 skeleton_planner.h:170] Found solution in: 45
I20260909 04:41:23.853222   705 skeleton_planner.h:170] Found solution in: 1
I20260909 04:41:23.853233   705 skeleton_planner.h:170] Found solution in: 13
I20260909 04:41:23.853241   705 skeleton_planner.h:170] Found solution in: 8
I20260909 04:41:23.853248   705 skeleton_planner.h:170] Found solution in: 1
I20260909 04:41:23.853258   705 skeleton_planner.h:170] Found solution in: 11
I20260909 04:41:23.853351   705 skeleton_planner.h:170] Found solution in: 4
I20260909 04:41:23.853359   705 skeleton_planner.h:170] Found solution in: 1
I20260909 04:41:23.853364   705 skeleton_planner.h:170] Found solution in: 4
I20260909 04:41:23.853402   705 skeleton_planner.h:170] Found solution in: 44
I20260909 04:41:23.853411   705 skeleton_planner.h:170] Found solution in: 1
I20260909 04:41:23.853420   705 skeleton_planner.h:170] Found solution in: 1
I20260909 04:41:23.853422   705 skeleton_planner.h:170] Found solution in: 2
I20260909 04:41:23.853442   705 skeleton_planner.h:170] Found solution in: 5
I20260909 04:41:23.853451   705 skeleton_planner.h:170] Found solution in: 1
I20260909 04:41:23.853475   705 skeleton_planner.h:170] Found solution in: 9
I20260909 04:41:23.853485   705 skeleton_planner.h:170] Found solution in: 1
I20260909 04:41:23.853492   705 skeleton_planner.h:170] Found solution in: 5
I20260909 04:41:23.853497   705 skeleton_planner.h:170] Found solution in: 4
I20260909 04:41:23.853591   705 skeleton_planner.h:170] Found solution in: 7
I20260909 04:41:23.853603   705 skeleton_planner.h:170] Found solution in: 1
I20260909 04:41:23.853609   705 skeleton_planner.h:170] Found solution in: 6
I20260909 04:41:23.853628   705 skeleton_planner.h:170] Found solution in: 25
I20260909 04:41:23.853636   705 skeleton_planner.h:170] Found solution in: 1
I20260909 04:41:23.853639   705 skeleton_planner.h:170] Found solution in: 3
I20260909 04:41:23.853652   705 skeleton_planner.h:170] Found solution in: 4
I20260909 04:41:23.853659   705 skeleton_planner.h:170] Found solution in: 1
I20260909 04:41:23.853669   705 skeleton_planner.h:170] Found solution in: 3
I20260909 04:41:23.853678   705 skeleton_planner.h:170] Found solution in: 1
I20260909 04:41:23.853684   705 skeleton_planner.h:170] Found solution in: 5
I20260909 04:41:23.853689   705 skeleton_planner.h:170] Found solution in: 1
I20260909 04:41:23.853700   705 skeleton_planner.h:170] Found solution in: 3
I20260909 04:41:23.853708   705 skeleton_planner.h:170] Found solution in: 1
I20260909 04:41:23.853715   705 skeleton_planner.h:170] Found solution in: 8
I20260909 04:41:23.853720   705 skeleton_planner.h:170] Found solution in: 5
I20260909 04:41:23.853726   705 skeleton_planner.h:170] Found solution in: 1
I20260909 04:41:23.853737   705 skeleton_planner.h:170] Found solution in: 3
I20260909 04:41:23.853744   705 skeleton_planner.h:170] Found solution in: 1
I20260909 04:41:23.853752   705 skeleton_planner.h:170] Found solution in: 9
I20260909 04:41:23.853848   705 skeleton_planner.h:170] Found solution in: 4
I20260909 04:41:23.853856   705 skeleton_planner.h:170] Found solution in: 1
I20260909 04:41:23.853869   705 skeleton_planner.h:170] Found solution in: 4
I20260909 04:41:23.853878   705 skeleton_planner.h:170] Found solution in: 1
I20260909 04:41:23.853968   705 skeleton_planner.h:170] Found solution in: 4
I20260909 04:41:23.853977   705 skeleton_planner.h:170] Found solution in: 1
I20260909 04:41:23.853987   705 skeleton_planner.h:170] Found solution in: 11
I20260909 04:41:23.854079   705 skeleton_planner.h:170] Found solution in: 6
I20260909 04:41:23.854087   705 skeleton_planner.h:170] Found solution in: 1
I20260909 04:41:23.854091   705 skeleton_planner.h:170] Found solution in: 4
I20260909 04:41:23.854102   705 skeleton_planner.h:170] Found solution in: 13
I20260909 04:41:23.854112   705 skeleton_planner.h:170] Found solution in: 1
I20260909 04:41:23.854193   705 skeleton_planner.h:170] Found solution in: 3
I20260909 04:41:23.854202   705 skeleton_planner.h:170] Found solution in: 1
I20260909 04:41:23.854223   705 skeleton_planner.h:170] Found solution in: 4
I20260909 04:41:23.854231   705 skeleton_planner.h:170] Found solution in: 1
I20260909 04:41:23.854243   705 skeleton_planner.h:170] Found solution in: 4
I20260909 04:41:23.854251   705 skeleton_planner.h:170] Found solution in: 1
I20260909 04:41:23.854260   705 skeleton_planner.h:170] Found solution in: 10
I20260909 04:41:23.854266   705 skeleton_planner.h:170] Found solution in: 1
I20260909 04:41:23.854278   705 skeleton_planner.h:170] Found solution in: 3
I20260909 04:41:23.854285   705 skeleton_planner.h:170] Found solution in: 1
I20260909 04:41:23.854321   705 skeleton_planner.h:170] Found solution in: 44
I20260909 04:41:23.854331   705 skeleton_planner.h:170] Found solution in: 1
I20260909 04:41:23.854339   705 skeleton_planner.h:170] Found solution in: 8
I20260909 04:41:23.854347   705 skeleton_planner.h:170] Found solution in: 1
I20260909 04:41:23.854352   705 skeleton_planner.h:170] Found solution in: 1
I20260909 04:41:23.854359   705 skeleton_planner.h:170] Found solution in: 6
I20260909 04:41:23.854377   705 skeleton_planner.h:170] Found solution in: 19
I20260909 04:41:23.854384   705 skeleton_planner.h:170] Found solution in: 1
I20260909 04:41:23.854471   705 skeleton_planner.h:170] Found solution in: 3
I20260909 04:41:23.854480   705 skeleton_planner.h:170] Found solution in: 1
I20260909 04:41:23.854570   705 skeleton_planner.h:170] Found solution in: 4
I20260909 04:41:23.854578   705 skeleton_planner.h:170] Found solution in: 1
I20260909 04:41:23.854581   705 skeleton_planner.h:170] Found solution in: 2
I20260909 04:41:23.854594   705 skeleton_planner.h:170] Found solution in: 4
I20260909 04:41:23.854601   705 skeleton_planner.h:170] Found solution in: 1
I20260909 04:41:23.854624   705 skeleton_planner.h:170] Found solution in: 7
I20260909 04:41:23.854631   705 skeleton_planner.h:170] Found solution in: 1
I20260909 04:41:23.854645   705 skeleton_planner.h:170] Found solution in: 14
I20260909 04:41:23.854650   705 skeleton_planner.h:170] Found solution in: 1
I20260909 04:41:23.854662   705 skeleton_planner.h:170] Found solution in: 12
I20260909 04:41:23.854668   705 skeleton_planner.h:170] Found solution in: 1
I20260909 04:41:23.854676   705 skeleton_planner.h:170] Found solution in: 1
I20260909 04:41:23.854756   705 skeleton_planner.h:170] Found solution in: 3
I20260909 04:41:23.854765   705 skeleton_planner.h:170] Found solution in: 1
I20260909 04:41:23.854770   705 skeleton_planner.h:170] Found solution in: 4
I20260909 04:41:23.854775   705 skeleton_planner.h:170] Found solution in: 1
I20260909 04:41:23.854854   705 skeleton_planner.h:170] Found solution in: 3
I20260909 04:41:23.854861   705 skeleton_planner.h:170] Found solution in: 1
I20260909 04:41:23.854868   705 skeleton_planner.h:170] Found solution in: 8
I20260909 04:41:23.854874   705 skeleton_planner.h:170] Found solution in: 4
I20260909 04:41:23.854880   705 skeleton_planner.h:170] Found solution in: 1
I20260909 04:41:23.854887   705 skeleton_planner.h:170] Found solution in: 7
I20260909 04:41:23.854895   705 skeleton_planner.h:170] Found solution in: 10
I20260909 04:41:23.854903   705 skeleton_planner.h:170] Found solution in: 1
I20260909 04:41:23.854919   705 skeleton_planner.h:170] Found solution in: 3
I20260909 04:41:23.854925   705 skeleton_planner.h:170] Found solution in: 1
I20260909 04:41:23.854940   705 skeleton_planner.h:170] Found solution in: 3
I20260909 04:41:23.854946   705 skeleton_planner.h:170] Found solution in: 1
I20260909 04:41:23.854959   705 skeleton_planner.h:170] Found solution in: 3
I20260909 04:41:23.854966   705 skeleton_planner.h:170] Found solution in: 1
I20260909 04:41:23.854977   705 skeleton_planner.h:170] Found solution in: 3
I20260909 04:41:23.854983   705 skeleton_planner.h:170] Found solution in: 1
I20260909 04:41:23.854995   705 skeleton_planner.h:170] Found solution in: 3
I20260909 04:41:23.855001   705 skeleton_planner.h:170] Found solution in: 1
I20260909 04:41:23.855011   705 skeleton_planner.h:170] Found solution in: 3
I20260909 04:41:23.855018   705 skeleton_planner.h:170] Found solution in: 1
I20260909 04:41:23.855031   705 skeleton_planner.h:170] Found solution in: 3
I20260909 04:41:23.855037   705 skeleton_planner.h:170] Found solution in: 1
I20260909 04:41:23.855057   705 skeleton_planner.h:170] Found solution in: 5
I20260909 04:41:23.855065   705 skeleton_planner.h:170] Found solution in: 1
I20260909 04:41:23.855078   705 skeleton_planner.h:170] Found solution in: 3
I20260909 04:41:23.855085   705 skeleton_planner.h:170] Found solution in: 1
I20260909 04:41:23.855098   705 skeleton_planner.h:170] Found solution in: 3
I20260909 04:41:23.855109   705 skeleton_planner.h:170] Found solution in: 1
I20260909 04:41:23.855120   705 skeleton_planner.h:170] Found solution in: 3
I20260909 04:41:23.855129   705 skeleton_planner.h:170] Found solution in: 1
I20260909 04:41:23.855137   705 skeleton_planner.h:170] Found solution in: 1
I20260909 04:41:23.855142   705 skeleton_planner.h:170] Found solution in: 1
I20260909 04:41:23.855152   705 skeleton_planner.h:170] Found solution in: 9
I20260909 04:41:23.855160   705 skeleton_planner.h:170] Found solution in: 8
I20260909 04:41:23.855207   705 skeleton_planner.h:170] Found solution in: 11
I20260909 04:41:23.855218   705 skeleton_planner.h:170] Found solution in: 1
I20260909 04:41:23.855222   705 skeleton_planner.h:170] Found solution in: 2
I20260909 04:41:23.855312   705 skeleton_planner.h:170] Found solution in: 60
I20260909 04:41:23.855322   705 skeleton_planner.h:170] Found solution in: 1
I20260909 04:41:23.855326   705 skeleton_planner.h:170] Found solution in: 2
I20260909 04:41:23.855393   705 skeleton_planner.h:170] Found solution in: 44
I20260909 04:41:23.855409   705 skeleton_planner.h:170] Found solution in: 1
I20260909 04:41:23.855412   705 skeleton_planner.h:170] Found solution in: 2
I20260909 04:41:23.856022   705 skeleton_planner.h:170] Found solution in: 1
I20260909 04:41:23.856026   705 skeleton_planner.h:170] Found solution in: 2
I20260909 04:41:23.856491   705 skeleton_planner.h:170] Found solution in: 1
I20260909 04:41:23.856498   705 skeleton_planner.h:170] Found solution in: 5
I20260909 04:41:23.856506   705 skeleton_planner.h:170] Found solution in: 8
I20260909 04:41:23.856518   705 skeleton_planner.h:170] Found solution in: 13
I20260909 04:41:23.856566   705 skeleton_planner.h:170] Found solution in: 8
I20260909 04:41:23.856576   705 skeleton_planner.h:170] Found solution in: 1
I20260909 04:41:23.856611   705 skeleton_planner.h:170] Found solution in: 4
I20260909 04:41:23.856621   705 skeleton_planner.h:170] Found solution in: 1
I20260909 04:41:23.856647   705 skeleton_planner.h:170] Found solution in: 3
I20260909 04:41:23.856654   705 skeleton_planner.h:170] Found solution in: 1
I20260909 04:41:23.856662   705 skeleton_planner.h:170] Found solution in: 7
I20260909 04:41:23.856688   705 skeleton_planner.h:170] Found solution in: 4
I20260909 04:41:23.856696   705 skeleton_planner.h:170] Found solution in: 1
I20260909 04:41:23.856700   705 skeleton_planner.h:170] Found solution in: 2
I20260909 04:41:23.856715   705 skeleton_planner.h:170] Found solution in: 5
I20260909 04:41:23.856724   705 skeleton_planner.h:170] Found solution in: 1
I20260909 04:41:23.856825   705 skeleton_planner.h:170] Found solution in: 7
I20260909 04:41:23.856838   705 skeleton_planner.h:170] Found solution in: 1
I20260909 04:41:23.856930   705 skeleton_planner.h:170] Found solution in: 4
I20260909 04:41:23.856945   705 skeleton_planner.h:170] Found solution in: 1
I20260909 04:41:23.856950   705 skeleton_planner.h:170] Found solution in: 4
I20260909 04:41:23.856973   705 skeleton_planner.h:170] Found solution in: 6
I20260909 04:41:23.856987   705 skeleton_planner.h:170] Found solution in: 1
I20260909 04:41:23.857008   705 skeleton_planner.h:170] Found solution in: 5
I20260909 04:41:23.857020   705 skeleton_planner.h:170] Found solution in: 1
I20260909 04:41:23.857074   705 skeleton_planner.h:170] Found solution in: 6
I20260909 04:41:23.857084   705 skeleton_planner.h:170] Found solution in: 1
I20260909 04:41:23.857102   705 skeleton_planner.h:170] Found solution in: 5
I20260909 04:41:23.857113   705 skeleton_planner.h:170] Found solution in: 1
I20260909 04:41:23.857118   705 skeleton_planner.h:170] Found solution in: 1
I20260909 04:41:23.857125   705 skeleton_planner.h:170] Found solution in: 1
I20260909 04:41:23.857131   705 skeleton_planner.h:170] Found solution in: 5
I20260909 04:41:23.857152   705 skeleton_planner.h:170] Found solution in: 6
I20260909 04:41:23.857161   705 skeleton_planner.h:170] Found solution in: 1
I20260909 04:41:23.857178   705 skeleton_planner.h:170] Found solution in: 4
I20260909 04:41:23.857185   705 skeleton_planner.h:170] Found solution in: 1
I20260909 04:41:23.857195   705 skeleton_planner.h:170] Found solution in: 10
I20260909 04:41:23.857208   705 skeleton_planner.h:170] Found solution in: 1
I20260909 04:41:23.857515   705 skeleton_planner.h:170] Found solution in: 1
I20260909 04:41:23.857519   705 skeleton_planner.h:170] Found solution in: 2
I20260909 04:41:23.857530   705 skeleton_planner.h:170] Found solution in: 4
I20260909 04:41:23.857537   705 skeleton_planner.h:170] Found solution in: 1
I20260909 04:41:23.857550   705 skeleton_planner.h:170] Found solution in: 4
I20260909 04:41:23.857559   705 skeleton_planner.h:170] Found solution in: 1
I20260909 04:41:23.857574   705 skeleton_planner.h:170] Found solution in: 5
I20260909 04:41:23.857581   705 skeleton_planner.h:170] Found solution in: 1
I20260909 04:41:23.857877   705 skeleton_planner.h:170] Found solution in: 1
I20260909 04:41:23.857882   705 skeleton_planner.h:170] Found solution in: 3
I20260909 04:41:23.857896   705 skeleton_planner.h:170] Found solution in: 4
I20260909 04:41:23.857904   705 skeleton_planner.h:170] Found solution in: 1
I20260909 04:41:23.857909   705 skeleton_planner.h:170] Found solution in: 5
I20260909 04:41:23.858112   705 skeleton_planner.h:170] Found solution in: 1
I20260909 04:41:23.858311   705 skeleton_planner.h:170] Found solution in: 5
I20260909 04:41:23.858320   705 skeleton_planner.h:170] Found solution in: 1
I20260909 04:41:23.858323   705 skeleton_planner.h:170] Found solution in: 2
I20260909 04:41:23.858990   705 skeleton_planner.h:170] Found solution in: 1
I20260909 04:41:23.858999   705 skeleton_planner.h:170] Found solution in: 1
I20260909 04:41:23.859036   705 skeleton_planner.h:170] Found solution in: 4
I20260909 04:41:23.859047   705 skeleton_planner.h:170] Found solution in: 1
I20260909 04:41:23.859069   705 skeleton_planner.h:170] Found solution in: 5
I20260909 04:41:23.859079   705 skeleton_planner.h:170] Found solution in: 1
I20260909 04:41:23.859084   705 skeleton_planner.h:170] Found solution in: 4
I20260909 04:41:23.859100   705 skeleton_planner.h:170] Found solution in: 4
I20260909 04:41:23.859107   705 skeleton_planner.h:170] Found solution in: 1
I20260909 04:41:23.859127   705 skeleton_planner.h:170] Found solution in: 5
I20260909 04:41:23.859144   705 skeleton_planner.h:170] Found solution in: 1
I20260909 04:41:23.859149   705 skeleton_planner.h:170] Found solution in: 3
I20260909 04:41:23.859246   705 skeleton_planner.h:170] Found solution in: 5
I20260909 04:41:23.859256   705 skeleton_planner.h:170] Found solution in: 1
I20260909 04:41:23.859266   705 skeleton_planner.h:170] Found solution in: 10
I20260909 04:41:23.859273   705 skeleton_planner.h:170] Found solution in: 1
I20260909 04:41:23.859292   705 skeleton_planner.h:170] Found solution in: 7
I20260909 04:41:23.859300   705 skeleton_planner.h:170] Found solution in: 1
I20260909 04:41:23.859308   705 skeleton_planner.h:170] Found solution in: 1
I20260909 04:41:23.859314   705 skeleton_planner.h:170] Found solution in: 5
I20260909 04:41:23.859331   705 skeleton_planner.h:170] Found solution in: 5
I20260909 04:41:23.859338   705 skeleton_planner.h:170] Found solution in: 1
I20260909 04:41:23.859623   705 skeleton_planner.h:170] Found solution in: 59
I20260909 04:41:23.859699   705 skeleton_planner.h:170] Found solution in: 32
I20260909 04:41:23.860009   705 skeleton_planner.h:170] Found solution in: 63
I20260909 04:41:23.860020   705 skeleton_planner.h:170] Found solution in: 1
I20260909 04:41:23.860051   705 skeleton_planner.h:170] Found solution in: 6
I20260909 04:41:23.860059   705 skeleton_planner.h:170] Found solution in: 1
I20260909 04:41:23.860064   705 skeleton_planner.h:170] Found solution in: 3
I20260909 04:41:23.860286   705 skeleton_planner.h:170] Found solution in: 1
I20260909 04:41:23.860291   705 skeleton_planner.h:170] Found solution in: 3
I20260909 04:41:23.860324   705 skeleton_planner.h:170] Found solution in: 8
I20260909 04:41:23.860332   705 skeleton_planner.h:170] Found solution in: 1
I20260909 04:41:23.860335   705 skeleton_planner.h:170] Found solution in: 2
I20260909 04:41:23.860347   705 skeleton_planner.h:170] Found solution in: 5
I20260909 04:41:23.860353   705 skeleton_planner.h:170] Found solution in: 1
I20260909 04:41:23.860368   705 skeleton_planner.h:170] Found solution in: 5
I20260909 04:41:23.860378   705 skeleton_planner.h:170] Found solution in: 1
I20260909 04:41:23.860474   705 skeleton_planner.h:170] Found solution in: 13
I20260909 04:41:23.860486   705 skeleton_planner.h:170] Found solution in: 1
I20260909 04:41:23.860497   705 skeleton_planner.h:170] Found solution in: 13
I20260909 04:41:23.860502   705 skeleton_planner.h:170] Found solution in: 4
I20260909 04:41:23.860599   705 skeleton_planner.h:170] Found solution in: 6
I20260909 04:41:23.860608   705 skeleton_planner.h:170] Found solution in: 1
I20260909 04:41:23.860620   705 skeleton_planner.h:170] Found solution in: 11
I20260909 04:41:23.860626   705 skeleton_planner.h:170] Found solution in: 1
I20260909 04:41:23.860631   705 skeleton_planner.h:170] Found solution in: 4
I20260909 04:41:23.860647   705 skeleton_planner.h:170] Found solution in: 5
I20260909 04:41:23.860656   705 skeleton_planner.h:170] Found solution in: 1
I20260909 04:41:23.860670   705 skeleton_planner.h:170] Found solution in: 4
I20260909 04:41:23.860679   705 skeleton_planner.h:170] Found solution in: 1
I20260909 04:41:23.860693   705 skeleton_planner.h:170] Found solution in: 4
I20260909 04:41:23.860703   705 skeleton_planner.h:170] Found solution in: 1
I20260909 04:41:23.860715   705 skeleton_planner.h:170] Found solution in: 3
I20260909 04:41:23.860723   705 skeleton_planner.h:170] Found solution in: 1
I20260909 04:41:23.860738   705 skeleton_planner.h:170] Found solution in: 4
I20260909 04:41:23.860745   705 skeleton_planner.h:170] Found solution in: 1
I20260909 04:41:23.860829   705 skeleton_planner.h:170] Found solution in: 3
I20260909 04:41:23.860836   705 skeleton_planner.h:170] Found solution in: 1
I20260909 04:41:23.860845   705 skeleton_planner.h:170] Found solution in: 3
I20260909 04:41:23.860853   705 skeleton_planner.h:170] Found solution in: 1
I20260909 04:41:23.860864   705 skeleton_planner.h:170] Found solution in: 3
I20260909 04:41:23.860877   705 skeleton_planner.h:170] Found solution in: 1
I20260909 04:41:23.860886   705 skeleton_planner.h:170] Found solution in: 1
I20260909 04:41:23.860900   705 skeleton_planner.h:170] Found solution in: 15
I20260909 04:41:23.860950   705 skeleton_planner.h:170] Found solution in: 62
I20260909 04:41:23.861037   705 skeleton_planner.h:170] Found solution in: 4
I20260909 04:41:23.861047   705 skeleton_planner.h:170] Found solution in: 1
I20260909 04:41:23.861112   705 skeleton_planner.h:170] Found solution in: 28
I20260909 04:41:23.861121   705 skeleton_planner.h:170] Found solution in: 6
I20260909 04:41:23.861145   705 skeleton_planner.h:170] Found solution in: 7
I20260909 04:41:23.861155   705 skeleton_planner.h:170] Found solution in: 1
I20260909 04:41:23.861169   705 skeleton_planner.h:170] Found solution in: 4
I20260909 04:41:23.861176   705 skeleton_planner.h:170] Found solution in: 1
I20260909 04:41:23.861181   705 skeleton_planner.h:170] Found solution in: 5
I20260909 04:41:23.861187   705 skeleton_planner.h:170] Found solution in: 8
I20260909 04:41:23.861218   705 skeleton_planner.h:170] Found solution in: 8
I20260909 04:41:23.861225   705 skeleton_planner.h:170] Found solution in: 1
I20260909 04:41:23.861231   705 skeleton_planner.h:170] Found solution in: 5
I20260909 04:41:23.861861   705 skeleton_planner.h:170] Found solution in: 92
I20260909 04:41:23.861872   705 skeleton_planner.h:170] Found solution in: 1
I20260909 04:41:23.861882   705 skeleton_planner.h:170] Found solution in: 3
I20260909 04:41:23.861889   705 skeleton_planner.h:170] Found solution in: 1
I20260909 04:41:23.861892   705 skeleton_planner.h:170] Found solution in: 2
I20260909 04:41:23.861904   705 skeleton_planner.h:170] Found solution in: 5
I20260909 04:41:23.861910   705 skeleton_planner.h:170] Found solution in: 1
I20260909 04:41:23.861917   705 skeleton_planner.h:170] Found solution in: 6
I20260909 04:41:23.861935   705 skeleton_planner.h:170] Found solution in: 6
I20260909 04:41:23.861941   705 skeleton_planner.h:170] Found solution in: 1
I20260909 04:41:23.861956   705 skeleton_planner.h:170] Found solution in: 5
I20260909 04:41:23.861963   705 skeleton_planner.h:170] Found solution in: 1
I20260909 04:41:23.861982   705 skeleton_planner.h:170] Found solution in: 9
I20260909 04:41:23.861990   705 skeleton_planner.h:170] Found solution in: 1
I20260909 04:41:23.861994   705 skeleton_planner.h:170] Found solution in: 3
I20260909 04:41:23.862007   705 skeleton_planner.h:170] Found solution in: 4
I20260909 04:41:23.862015   705 skeleton_planner.h:170] Found solution in: 1
I20260909 04:41:23.862039   705 skeleton_planner.h:170] Found solution in: 5
I20260909 04:41:23.862048   705 skeleton_planner.h:170] Found solution in: 1
I20260909 04:41:23.862053   705 skeleton_planner.h:170] Found solution in: 1
I20260909 04:41:23.862144   705 skeleton_planner.h:170] Found solution in: 7
I20260909 04:41:23.862154   705 skeleton_planner.h:170] Found solution in: 1
I20260909 04:41:23.862160   705 skeleton_planner.h:170] Found solution in: 6
I20260909 04:41:23.862166   705 skeleton_planner.h:170] Found solution in: 1
I20260909 04:41:23.862176   705 skeleton_planner.h:170] Found solution in: 3
I20260909 04:41:23.862182   705 skeleton_planner.h:170] Found solution in: 1
I20260909 04:41:23.862200   705 skeleton_planner.h:170] Found solution in: 6
I20260909 04:41:23.862206   705 skeleton_planner.h:170] Found solution in: 1
I20260909 04:41:23.862210   705 skeleton_planner.h:170] Found solution in: 3
I20260909 04:41:23.862221   705 skeleton_planner.h:170] Found solution in: 3
I20260909 04:41:23.862227   705 skeleton_planner.h:170] Found solution in: 1
I20260909 04:41:23.862231   705 skeleton_planner.h:170] Found solution in: 2
I20260909 04:41:23.862243   705 skeleton_planner.h:170] Found solution in: 4
I20260909 04:41:23.862250   705 skeleton_planner.h:170] Found solution in: 1
I20260909 04:41:23.862254   705 skeleton_planner.h:170] Found solution in: 3
I20260909 04:41:23.862277   705 skeleton_planner.h:170] Found solution in: 7
I20260909 04:41:23.862285   705 skeleton_planner.h:170] Found solution in: 1
I20260909 04:41:23.862310   705 skeleton_planner.h:170] Found solution in: 7
I20260909 04:41:23.862317   705 skeleton_planner.h:170] Found solution in: 1
I20260909 04:41:23.862321   705 skeleton_planner.h:170] Found solution in: 3
I20260909 04:41:23.862332   705 skeleton_planner.h:170] Found solution in: 3
I20260909 04:41:23.862340   705 skeleton_planner.h:170] Found solution in: 1
I20260909 04:41:23.862344   705 skeleton_planner.h:170] Found solution in: 2
I20260909 04:41:23.862354   705 skeleton_planner.h:170] Found solution in: 3
I20260909 04:41:23.862360   705 skeleton_planner.h:170] Found solution in: 1
I20260909 04:41:23.862442   705 skeleton_planner.h:170] Found solution in: 3
I20260909 04:41:23.862450   705 skeleton_planner.h:170] Found solution in: 1
I20260909 04:41:23.862504   705 skeleton_planner.h:170] Found solution in: 6
I20260909 04:41:23.862514   705 skeleton_planner.h:170] Found solution in: 1
I20260909 04:41:23.862520   705 skeleton_planner.h:170] Found solution in: 6
I20260909 04:41:23.862605   705 skeleton_planner.h:170] Found solution in: 4
I20260909 04:41:23.862612   705 skeleton_planner.h:170] Found solution in: 1
I20260909 04:41:23.862618   705 skeleton_planner.h:170] Found solution in: 7
I20260909 04:41:23.862624   705 skeleton_planner.h:170] Found solution in: 1
I20260909 04:41:23.862632   705 skeleton_planner.h:170] Found solution in: 7
I20260909 04:41:23.862722   705 skeleton_planner.h:170] Found solution in: 5
I20260909 04:41:23.862731   705 skeleton_planner.h:170] Found solution in: 1
I20260909 04:41:23.862740   705 skeleton_planner.h:170] Found solution in: 1
I20260909 04:41:23.862763   705 skeleton_planner.h:170] Found solution in: 8
I20260909 04:41:23.862771   705 skeleton_planner.h:170] Found solution in: 1
I20260909 04:41:23.862776   705 skeleton_planner.h:170] Found solution in: 4
I20260909 04:41:23.862874   705 skeleton_planner.h:170] Found solution in: 4
I20260909 04:41:23.862885   705 skeleton_planner.h:170] Found solution in: 1
I20260909 04:41:23.862890   705 skeleton_planner.h:170] Found solution in: 3
I20260909 04:41:23.862900   705 skeleton_planner.h:170] Found solution in: 3
I20260909 04:41:23.862908   705 skeleton_planner.h:170] Found solution in: 1
I20260909 04:41:23.862918   705 skeleton_planner.h:170] Found solution in: 3
I20260909 04:41:23.862926   705 skeleton_planner.h:170] Found solution in: 1
I20260909 04:41:23.862946   705 skeleton_planner.h:170] Found solution in: 4
I20260909 04:41:23.862954   705 skeleton_planner.h:170] Found solution in: 1
I20260909 04:41:23.863049   705 skeleton_planner.h:170] Found solution in: 5
I20260909 04:41:23.863059   705 skeleton_planner.h:170] Found solution in: 1
I20260909 04:41:23.863087   705 skeleton_planner.h:170] Found solution in: 8
I20260909 04:41:23.863098   705 skeleton_planner.h:170] Found solution in: 1
I20260909 04:41:23.863113   705 skeleton_planner.h:170] Found solution in: 4
I20260909 04:41:23.863122   705 skeleton_planner.h:170] Found solution in: 1
I20260909 04:41:23.863133   705 skeleton_planner.h:170] Found solution in: 3
I20260909 04:41:23.863142   705 skeleton_planner.h:170] Found solution in: 1
I20260909 04:41:23.863145   705 skeleton_planner.h:170] Found solution in: 2
I20260909 04:41:23.863164   705 skeleton_planner.h:170] Found solution in: 8
I20260909 04:41:23.863171   705 skeleton_planner.h:170] Found solution in: 1
I20260909 04:41:23.863193   705 skeleton_planner.h:170] Found solution in: 8
I20260909 04:41:23.863200   705 skeleton_planner.h:170] Found solution in: 1
I20260909 04:41:23.863206   705 skeleton_planner.h:170] Found solution in: 1
I20260909 04:41:23.863219   705 skeleton_planner.h:170] Found solution in: 3
I20260909 04:41:23.863231   705 skeleton_planner.h:170] Found solution in: 1
I20260909 04:41:23.863234   705 skeleton_planner.h:170] Found solution in: 2
I20260909 04:41:23.863246   705 skeleton_planner.h:170] Found solution in: 4
I20260909 04:41:23.863255   705 skeleton_planner.h:170] Found solution in: 1
I20260909 04:41:23.863269   705 skeleton_planner.h:170] Found solution in: 3
I20260909 04:41:23.863279   705 skeleton_planner.h:170] Found solution in: 1
I20260909 04:41:23.863291   705 skeleton_planner.h:170] Found solution in: 3
I20260909 04:41:23.863299   705 skeleton_planner.h:170] Found solution in: 1
I20260909 04:41:23.863327   705 skeleton_planner.h:170] Found solution in: 29
I20260909 04:41:23.863375   705 skeleton_planner.h:170] Found solution in: 54
I20260909 04:41:23.863399   705 skeleton_planner.h:170] Found solution in: 25
I20260909 04:41:23.863407   705 skeleton_planner.h:170] Found solution in: 1
I20260909 04:41:23.863412   705 skeleton_planner.h:170] Found solution in: 4
I20260909 04:41:23.863447   705 skeleton_planner.h:170] Found solution in: 12
I20260909 04:41:23.863456   705 skeleton_planner.h:170] Found solution in: 1
I20260909 04:41:23.863461   705 skeleton_planner.h:170] Found solution in: 3
I20260909 04:41:23.863490   705 skeleton_planner.h:170] Found solution in: 10
I20260909 04:41:23.863498   705 skeleton_planner.h:170] Found solution in: 1
I20260909 04:41:23.863549   705 skeleton_planner.h:170] Found solution in: 15
I20260909 04:41:23.863561   705 skeleton_planner.h:170] Found solution in: 1
I20260909 04:41:23.863570   705 skeleton_planner.h:170] Found solution in: 7
I20260909 04:41:23.863842   705 skeleton_planner.h:170] Found solution in: 1
I20260909 04:41:23.863852   705 skeleton_planner.h:170] Found solution in: 7
I20260909 04:41:23.863857   705 skeleton_planner.h:170] Found solution in: 1
I20260909 04:41:23.863888   705 skeleton_planner.h:170] Found solution in: 4
I20260909 04:41:23.863897   705 skeleton_planner.h:170] Found solution in: 1
I20260909 04:41:23.863901   705 skeleton_planner.h:170] Found solution in: 3
I20260909 04:41:23.865411   705 skeleton_planner.h:170] Found solution in: 44
I20260909 04:41:23.865429   705 skeleton_planner.h:170] Found solution in: 1
I20260909 04:41:23.866964   705 skeleton_planner.h:170] Found solution in: 1
I20260909 04:41:23.866968   705 skeleton_planner.h:170] Found solution in: 2
I20260909 04:41:23.867156   705 skeleton_planner.h:170] Found solution in: 70
I20260909 04:41:23.867170   705 skeleton_planner.h:170] Found solution in: 1
I20260909 04:41:23.867420   705 skeleton_planner.h:170] Found solution in: 1
I20260909 04:41:23.867429   705 skeleton_planner.h:170] Found solution in: 1
I20260909 04:41:23.867434   705 skeleton_planner.h:170] Found solution in: 2
I20260909 04:41:23.867447   705 skeleton_planner.h:170] Found solution in: 4
I20260909 04:41:23.867457   705 skeleton_planner.h:170] Found solution in: 1
I20260909 04:41:23.867470   705 skeleton_planner.h:170] Found solution in: 3
I20260909 04:41:23.867478   705 skeleton_planner.h:170] Found solution in: 1
I20260909 04:41:23.867491   705 skeleton_planner.h:170] Found solution in: 4
I20260909 04:41:23.867497   705 skeleton_planner.h:170] Found solution in: 1
I20260909 04:41:23.867509   705 skeleton_planner.h:170] Found solution in: 3
I20260909 04:41:23.867517   705 skeleton_planner.h:170] Found solution in: 1
I20260909 04:41:23.867523   705 skeleton_planner.h:170] Found solution in: 1
I20260909 04:41:23.867623   705 skeleton_planner.h:170] Found solution in: 5
I20260909 04:41:23.867631   705 skeleton_planner.h:170] Found solution in: 1
I20260909 04:41:23.867640   705 skeleton_planner.h:170] Found solution in: 1
I20260909 04:41:23.867646   705 skeleton_planner.h:170] Found solution in: 3
I20260909 04:41:23.867662   705 skeleton_planner.h:170] Found solution in: 5
I20260909 04:41:23.867676   705 skeleton_planner.h:170] Found solution in: 1
I20260909 04:41:23.867760   705 skeleton_planner.h:170] Found solution in: 3
I20260909 04:41:23.867769   705 skeleton_planner.h:170] Found solution in: 1
I20260909 04:41:23.867784   705 skeleton_planner.h:170] Found solution in: 3
I20260909 04:41:23.867794   705 skeleton_planner.h:170] Found solution in: 1
I20260909 04:41:23.867799   705 skeleton_planner.h:170] Found solution in: 1
I20260909 04:41:23.867805   705 skeleton_planner.h:170] Found solution in: 1
I20260909 04:41:23.867817   705 skeleton_planner.h:170] Found solution in: 3
I20260909 04:41:23.867825   705 skeleton_planner.h:170] Found solution in: 1
I20260909 04:41:23.867841   705 skeleton_planner.h:170] Found solution in: 22
I20260909 04:41:23.867847   705 skeleton_planner.h:170] Found solution in: 1
I20260909 04:41:23.867879   705 skeleton_planner.h:170] Found solution in: 5
I20260909 04:41:23.867888   705 skeleton_planner.h:170] Found solution in: 1
I20260909 04:41:23.868319   705 skeleton_planner.h:170] Found solution in: 1
I20260909 04:41:23.868325   705 skeleton_planner.h:170] Found solution in: 6
I20260909 04:41:23.868366   705 skeleton_planner.h:170] Found solution in: 5
I20260909 04:41:23.868378   705 skeleton_planner.h:170] Found solution in: 1
I20260909 04:41:23.868422   705 skeleton_planner.h:170] Found solution in: 3
I20260909 04:41:23.868432   705 skeleton_planner.h:170] Found solution in: 1
I20260909 04:41:23.868443   705 skeleton_planner.h:170] Found solution in: 3
I20260909 04:41:23.868451   705 skeleton_planner.h:170] Found solution in: 1
I20260909 04:41:23.868495   705 skeleton_planner.h:170] Found solution in: 3
I20260909 04:41:23.868502   705 skeleton_planner.h:170] Found solution in: 1
I20260909 04:41:23.868508   705 skeleton_planner.h:170] Found solution in: 1
I20260909 04:41:23.868521   705 skeleton_planner.h:170] Found solution in: 3
I20260909 04:41:23.868528   705 skeleton_planner.h:170] Found solution in: 1
I20260909 04:41:23.868534   705 skeleton_planner.h:170] Found solution in: 4
I20260909 04:41:23.868544   705 skeleton_planner.h:170] Found solution in: 1
I20260909 04:41:23.868547   705 skeleton_planner.h:170] Found solution in: 2
I20260909 04:41:23.868561   705 skeleton_planner.h:170] Found solution in: 5
I20260909 04:41:23.868569   705 skeleton_planner.h:170] Found solution in: 1
I20260909 04:41:23.868583   705 skeleton_planner.h:170] Found solution in: 5
I20260909 04:41:23.868588   705 skeleton_planner.h:170] Found solution in: 1
I20260909 04:41:23.868599   705 skeleton_planner.h:170] Found solution in: 11
I20260909 04:41:23.868605   705 skeleton_planner.h:170] Found solution in: 4
I20260909 04:41:23.868635   705 skeleton_planner.h:170] Found solution in: 4
I20260909 04:41:23.868642   705 skeleton_planner.h:170] Found solution in: 1
I20260909 04:41:23.868646   705 skeleton_planner.h:170] Found solution in: 2
I20260909 04:41:23.868659   705 skeleton_planner.h:170] Found solution in: 4
I20260909 04:41:23.868669   705 skeleton_planner.h:170] Found solution in: 1
I20260909 04:41:23.868674   705 skeleton_planner.h:170] Found solution in: 1
I20260909 04:41:23.868683   705 skeleton_planner.h:170] Found solution in: 4
I20260909 04:41:23.868691   705 skeleton_planner.h:170] Found solution in: 7
I20260909 04:41:23.868697   705 skeleton_planner.h:170] Found solution in: 1
I20260909 04:41:23.868705   705 skeleton_planner.h:170] Found solution in: 8
I20260909 04:41:23.868717   705 skeleton_planner.h:170] Found solution in: 12
I20260909 04:41:23.868723   705 skeleton_planner.h:170] Found solution in: 1
I20260909 04:41:23.868727   705 skeleton_planner.h:170] Found solution in: 2
I20260909 04:41:23.868739   705 skeleton_planner.h:170] Found solution in: 4
I20260909 04:41:23.868746   705 skeleton_planner.h:170] Found solution in: 1
I20260909 04:41:23.868752   705 skeleton_planner.h:170] Found solution in: 4
I20260909 04:41:23.868757   705 skeleton_planner.h:170] Found solution in: 1
I20260909 04:41:23.869167   705 skeleton_planner.h:170] Found solution in: 6
I20260909 04:41:23.869176   705 skeleton_planner.h:170] Found solution in: 1
I20260909 04:41:23.869181   705 skeleton_planner.h:170] Found solution in: 4
I20260909 04:41:23.869186   705 skeleton_planner.h:170] Found solution in: 1
I20260909 04:41:23.869191   705 skeleton_planner.h:170] Found solution in: 4
I20260909 04:41:23.869228   705 skeleton_planner.h:170] Found solution in: 18
I20260909 04:41:23.869246   705 skeleton_planner.h:170] Found solution in: 6
I20260909 04:41:23.869251   705 skeleton_planner.h:170] Found solution in: 1
I20260909 04:41:23.869288   705 skeleton_planner.h:170] Found solution in: 17
I20260909 04:41:23.869298   705 skeleton_planner.h:170] Found solution in: 1
I20260909 04:41:23.869302   705 skeleton_planner.h:170] Found solution in: 3
I20260909 04:41:23.869319   705 skeleton_planner.h:170] Found solution in: 4
I20260909 04:41:23.869328   705 skeleton_planner.h:170] Found solution in: 1
I20260909 04:41:23.869347   705 skeleton_planner.h:170] Found solution in: 5
I20260909 04:41:23.869355   705 skeleton_planner.h:170] Found solution in: 1
I20260909 04:41:23.869367   705 skeleton_planner.h:170] Found solution in: 5
I20260909 04:41:23.869375   705 skeleton_planner.h:170] Found solution in: 1
I20260909 04:41:23.869378   705 skeleton_planner.h:170] Found solution in: 2
I20260909 04:41:23.869449   705 skeleton_planner.h:170] Found solution in: 30
I20260909 04:41:23.869460   705 skeleton_planner.h:170] Found solution in: 1
I20260909 04:41:23.869553   705 skeleton_planner.h:170] Found solution in: 34
I20260909 04:41:23.869925   705 skeleton_planner.h:170] Found solution in: 34
I20260909 04:41:23.869940   705 skeleton_planner.h:170] Found solution in: 1
I20260909 04:41:23.869946   705 skeleton_planner.h:170] Found solution in: 4
I20260909 04:41:23.869951   705 skeleton_planner.h:170] Found solution in: 1
I20260909 04:41:23.869956   705 skeleton_planner.h:170] Found solution in: 4
I20260909 04:41:23.869993   705 skeleton_planner.h:170] Found solution in: 4
I20260909 04:41:23.870000   705 skeleton_planner.h:170] Found solution in: 1
I20260909 04:41:23.870007   705 skeleton_planner.h:170] Found solution in: 7
I20260909 04:41:23.870013   705 skeleton_planner.h:170] Found solution in: 1
I20260909 04:41:23.870019   705 skeleton_planner.h:170] Found solution in: 7
I20260909 04:41:23.870025   705 skeleton_planner.h:170] Found solution in: 5
I20260909 04:41:23.870033   705 skeleton_planner.h:170] Found solution in: 6
I20260909 04:41:23.870038   705 skeleton_planner.h:170] Found solution in: 1
I20260909 04:41:23.870049   705 skeleton_planner.h:170] Found solution in: 11
I20260909 04:41:23.870150   705 skeleton_planner.h:170] Found solution in: 10
I20260909 04:41:23.870162   705 skeleton_planner.h:170] Found solution in: 1
I20260909 04:41:23.870168   705 skeleton_planner.h:170] Found solution in: 1
I20260909 04:41:23.870187   705 skeleton_planner.h:170] Found solution in: 3
I20260909 04:41:23.870196   705 skeleton_planner.h:170] Found solution in: 1
I20260909 04:41:23.870203   705 skeleton_planner.h:170] Found solution in: 3
I20260909 04:41:23.870213   705 skeleton_planner.h:170] Found solution in: 3
I20260909 04:41:23.870219   705 skeleton_planner.h:170] Found solution in: 1
I20260909 04:41:23.870649   705 skeleton_planner.h:170] Found solution in: 6
I20260909 04:41:23.870656   705 skeleton_planner.h:170] Found solution in: 1
I20260909 04:41:23.871053   705 skeleton_planner.h:170] Found solution in: 1
I20260909 04:41:23.871057   705 skeleton_planner.h:170] Found solution in: 2
I20260909 04:41:23.871212   705 skeleton_planner.h:170] Found solution in: 1
I20260909 04:41:23.871217   705 skeleton_planner.h:170] Found solution in: 2
I20260909 04:41:23.871380   705 skeleton_planner.h:170] Found solution in: 1
I20260909 04:41:23.871403   705 skeleton_planner.h:170] Found solution in: 3
I20260909 04:41:23.871410   705 skeleton_planner.h:170] Found solution in: 1
I20260909 04:41:23.871416   705 skeleton_planner.h:170] Found solution in: 6
I20260909 04:41:23.871430   705 skeleton_planner.h:170] Found solution in: 18
I20260909 04:41:23.871467   705 skeleton_planner.h:170] Found solution in: 7
I20260909 04:41:23.871476   705 skeleton_planner.h:170] Found solution in: 1
I20260909 04:41:23.871490   705 skeleton_planner.h:170] Found solution in: 17
I20260909 04:41:23.871497   705 skeleton_planner.h:170] Found solution in: 1
I20260909 04:41:23.871512   705 skeleton_planner.h:170] Found solution in: 3
I20260909 04:41:23.871522   705 skeleton_planner.h:170] Found solution in: 1
I20260909 04:41:23.871544   705 skeleton_planner.h:170] Found solution in: 7
I20260909 04:41:23.871555   705 skeleton_planner.h:170] Found solution in: 1
I20260909 04:41:23.871573   705 skeleton_planner.h:170] Found solution in: 4
I20260909 04:41:23.871582   705 skeleton_planner.h:170] Found solution in: 1
I20260909 04:41:23.871600   705 skeleton_planner.h:170] Found solution in: 5
I20260909 04:41:23.871609   705 skeleton_planner.h:170] Found solution in: 1
I20260909 04:41:23.871623   705 skeleton_planner.h:170] Found solution in: 4
I20260909 04:41:23.871632   705 skeleton_planner.h:170] Found solution in: 1
I20260909 04:41:23.871645   705 skeleton_planner.h:170] Found solution in: 4
I20260909 04:41:23.871654   705 skeleton_planner.h:170] Found solution in: 1
I20260909 04:41:23.871661   705 skeleton_planner.h:170] Found solution in: 9
I20260909 04:41:23.871667   705 skeleton_planner.h:170] Found solution in: 1
I20260909 04:41:23.871672   705 skeleton_planner.h:170] Found solution in: 1
I20260909 04:41:23.871676   705 skeleton_planner.h:170] Found solution in: 2
I20260909 04:41:23.871711   705 skeleton_planner.h:170] Found solution in: 13
I20260909 04:41:23.871718   705 skeleton_planner.h:170] Found solution in: 1
I20260909 04:41:23.871762   705 skeleton_planner.h:170] Found solution in: 16
I20260909 04:41:23.871771   705 skeleton_planner.h:170] Found solution in: 1
I20260909 04:41:23.871785   705 skeleton_planner.h:170] Found solution in: 4
I20260909 04:41:23.871791   705 skeleton_planner.h:170] Found solution in: 1
I20260909 04:41:23.872002   705 skeleton_planner.h:170] Found solution in: 5
I20260909 04:41:23.872009   705 skeleton_planner.h:170] Found solution in: 1
I20260909 04:41:23.872017   705 skeleton_planner.h:170] Found solution in: 1
I20260909 04:41:23.872028   705 skeleton_planner.h:170] Found solution in: 4
I20260909 04:41:23.872035   705 skeleton_planner.h:170] Found solution in: 1
I20260909 04:41:23.872057   705 skeleton_planner.h:170] Found solution in: 7
I20260909 04:41:23.872064   705 skeleton_planner.h:170] Found solution in: 1
I20260909 04:41:23.872074   705 skeleton_planner.h:170] Found solution in: 3
I20260909 04:41:23.872079   705 skeleton_planner.h:170] Found solution in: 1
I20260909 04:41:23.872099   705 skeleton_planner.h:170] Found solution in: 21
I20260909 04:41:23.872103   705 skeleton_planner.h:170] Found solution in: 1
I20260909 04:41:23.872114   705 skeleton_planner.h:170] Found solution in: 12
I20260909 04:41:23.872123   705 skeleton_planner.h:170] Found solution in: 1
I20260909 04:41:23.872140   705 skeleton_planner.h:170] Found solution in: 8
I20260909 04:41:23.872146   705 skeleton_planner.h:170] Found solution in: 1
I20260909 04:41:23.872150   705 skeleton_planner.h:170] Found solution in: 3
I20260909 04:41:23.872154   705 skeleton_planner.h:170] Found solution in: 1
I20260909 04:41:23.872159   705 skeleton_planner.h:170] Found solution in: 3
I20260909 04:41:23.872165   705 skeleton_planner.h:170] Found solution in: 1
I20260909 04:41:23.872169   705 skeleton_planner.h:170] Found solution in: 2
I20260909 04:41:23.872678   705 skeleton_planner.h:170] Found solution in: 1
I20260909 04:41:23.872706   705 skeleton_planner.h:170] Found solution in: 8
I20260909 04:41:23.872716   705 skeleton_planner.h:170] Found solution in: 1
I20260909 04:41:23.872737   705 skeleton_planner.h:170] Found solution in: 8
I20260909 04:41:23.872747   705 skeleton_planner.h:170] Found solution in: 1
I20260909 04:41:23.872752   705 skeleton_planner.h:170] Found solution in: 4
I20260909 04:41:23.872759   705 skeleton_planner.h:170] Found solution in: 1
I20260909 04:41:23.872763   705 skeleton_planner.h:170] Found solution in: 4
I20260909 04:41:23.872771   705 skeleton_planner.h:170] Found solution in: 1
I20260909 04:41:23.872776   705 skeleton_planner.h:170] Found solution in: 4
I20260909 04:41:23.872782   705 skeleton_planner.h:170] Found solution in: 6
I20260909 04:41:23.872788   705 skeleton_planner.h:170] Found solution in: 1
I20260909 04:41:23.872797   705 skeleton_planner.h:170] Found solution in: 1
I20260909 04:41:23.872809   705 skeleton_planner.h:170] Found solution in: 3
I20260909 04:41:23.872818   705 skeleton_planner.h:170] Found solution in: 1
I20260909 04:41:23.872920   705 skeleton_planner.h:170] Found solution in: 4
I20260909 04:41:23.872929   705 skeleton_planner.h:170] Found solution in: 1
I20260909 04:41:23.872946   705 skeleton_planner.h:170] Found solution in: 20
I20260909 04:41:23.872952   705 skeleton_planner.h:170] Found solution in: 5
I20260909 04:41:23.872959   705 skeleton_planner.h:170] Found solution in: 1
I20260909 04:41:23.872972   705 skeleton_planner.h:170] Found solution in: 15
I20260909 04:41:23.872982   705 skeleton_planner.h:170] Found solution in: 10
I20260909 04:41:23.872989   705 skeleton_planner.h:170] Found solution in: 1
I20260909 04:41:23.872994   705 skeleton_planner.h:170] Found solution in: 5
I20260909 04:41:23.873009   705 skeleton_planner.h:170] Found solution in: 16
I20260909 04:41:23.873015   705 skeleton_planner.h:170] Found solution in: 1
I20260909 04:41:23.873023   705 skeleton_planner.h:170] Found solution in: 1
I20260909 04:41:23.873036   705 skeleton_planner.h:170] Found solution in: 12
I20260909 04:41:23.873136   705 skeleton_planner.h:170] Found solution in: 5
I20260909 04:41:23.873149   705 skeleton_planner.h:170] Found solution in: 1
I20260909 04:41:23.873157   705 skeleton_planner.h:170] Found solution in: 1
I20260909 04:41:23.873169   705 skeleton_planner.h:170] Found solution in: 12
I20260909 04:41:23.873176   705 skeleton_planner.h:170] Found solution in: 1
I20260909 04:41:23.873188   705 skeleton_planner.h:170] Found solution in: 3
I20260909 04:41:23.873194   705 skeleton_planner.h:170] Found solution in: 1
I20260909 04:41:23.873242   705 skeleton_planner.h:170] Found solution in: 5
I20260909 04:41:23.873250   705 skeleton_planner.h:170] Found solution in: 1
I20260909 04:41:23.873252   705 skeleton_planner.h:170] Found solution in: 2
I20260909 04:41:23.873267   705 skeleton_planner.h:170] Found solution in: 6
I20260909 04:41:23.873273   705 skeleton_planner.h:170] Found solution in: 1
I20260909 04:41:23.873284   705 skeleton_planner.h:170] Found solution in: 1
I20260909 04:41:23.873298   705 skeleton_planner.h:170] Found solution in: 3
I20260909 04:41:23.873308   705 skeleton_planner.h:170] Found solution in: 1
I20260909 04:41:23.873322   705 skeleton_planner.h:170] Found solution in: 3
I20260909 04:41:23.873332   705 skeleton_planner.h:170] Found solution in: 1
I20260909 04:41:23.873377   705 skeleton_planner.h:170] Found solution in: 3
I20260909 04:41:23.873387   705 skeleton_planner.h:170] Found solution in: 1
I20260909 04:41:23.873394   705 skeleton_planner.h:170] Found solution in: 6
I20260909 04:41:23.873440   705 skeleton_planner.h:170] Found solution in: 4
I20260909 04:41:23.873449   705 skeleton_planner.h:170] Found solution in: 1
I20260909 04:41:23.873498   705 skeleton_planner.h:170] Found solution in: 4
I20260909 04:41:23.873510   705 skeleton_planner.h:170] Found solution in: 1
I20260909 04:41:23.873521   705 skeleton_planner.h:170] Found solution in: 3
I20260909 04:41:23.873533   705 skeleton_planner.h:170] Found solution in: 1
I20260909 04:41:23.873538   705 skeleton_planner.h:170] Found solution in: 3
I20260909 04:41:23.873554   705 skeleton_planner.h:170] Found solution in: 5
I20260909 04:41:23.873569   705 skeleton_planner.h:170] Found solution in: 1
I20260909 04:41:23.873575   705 skeleton_planner.h:170] Found solution in: 1
I20260909 04:41:23.873581   705 skeleton_planner.h:170] Found solution in: 5
I20260909 04:41:23.873589   705 skeleton_planner.h:170] Found solution in: 8
I20260909 04:41:23.873616   705 skeleton_planner.h:170] Found solution in: 7
I20260909 04:41:23.873625   705 skeleton_planner.h:170] Found solution in: 1
I20260909 04:41:23.873631   705 skeleton_planner.h:170] Found solution in: 1
I20260909 04:41:23.873636   705 skeleton_planner.h:170] Found solution in: 1
I20260909 04:41:23.873646   705 skeleton_planner.h:170] Found solution in: 8
I20260909 04:41:23.873651   705 skeleton_planner.h:170] Found solution in: 1
I20260909 04:41:23.873656   705 skeleton_planner.h:170] Found solution in: 5
I20260909 04:41:23.873663   705 skeleton_planner.h:170] Found solution in: 1
I20260909 04:41:23.873673   705 skeleton_planner.h:170] Found solution in: 10
I20260909 04:41:23.873703   705 skeleton_planner.h:170] Found solution in: 7
I20260909 04:41:23.873709   705 skeleton_planner.h:170] Found solution in: 1
I20260909 04:41:23.873716   705 skeleton_planner.h:170] Found solution in: 7
I20260909 04:41:23.873754   705 skeleton_planner.h:170] Found solution in: 6
I20260909 04:41:23.873761   705 skeleton_planner.h:170] Found solution in: 1
I20260909 04:41:23.873764   705 skeleton_planner.h:170] Found solution in: 2
I20260909 04:41:23.873776   705 skeleton_planner.h:170] Found solution in: 4
I20260909 04:41:23.873782   705 skeleton_planner.h:170] Found solution in: 1
I20260909 04:41:23.873795   705 skeleton_planner.h:170] Found solution in: 4
I20260909 04:41:23.873800   705 skeleton_planner.h:170] Found solution in: 1
I20260909 04:41:23.873816   705 skeleton_planner.h:170] Found solution in: 6
I20260909 04:41:23.873821   705 skeleton_planner.h:170] Found solution in: 1
I20260909 04:41:23.873826   705 skeleton_planner.h:170] Found solution in: 2
I20260909 04:41:23.873829   705 skeleton_planner.h:170] Found solution in: 1
I20260909 04:41:23.873832   705 skeleton_planner.h:170] Found solution in: 2
I20260909 04:41:23.873838   705 skeleton_planner.h:170] Found solution in: 1
I20260909 04:41:23.873857   705 skeleton_planner.h:170] Found solution in: 7
I20260909 04:41:23.873865   705 skeleton_planner.h:170] Found solution in: 1
I20260909 04:41:23.873869   705 skeleton_planner.h:170] Found solution in: 2
I20260909 04:41:23.873880   705 skeleton_planner.h:170] Found solution in: 3
I20260909 04:41:23.873891   705 skeleton_planner.h:170] Found solution in: 1
I20260909 04:41:23.873904   705 skeleton_planner.h:170] Found solution in: 3
I20260909 04:41:23.873915   705 skeleton_planner.h:170] Found solution in: 1
I20260909 04:41:23.873926   705 skeleton_planner.h:170] Found solution in: 3
I20260909 04:41:23.873936   705 skeleton_planner.h:170] Found solution in: 1
I20260909 04:41:23.873952   705 skeleton_planner.h:170] Found solution in: 4
I20260909 04:41:23.873960   705 skeleton_planner.h:170] Found solution in: 1
I20260909 04:41:23.873965   705 skeleton_planner.h:170] Found solution in: 2
I20260909 04:41:23.873975   705 skeleton_planner.h:170] Found solution in: 4
I20260909 04:41:23.873986   705 skeleton_planner.h:170] Found solution in: 1
I20260909 04:41:23.874001   705 skeleton_planner.h:170] Found solution in: 4
I20260909 04:41:23.874009   705 skeleton_planner.h:170] Found solution in: 1
I20260909 04:41:23.874024   705 skeleton_planner.h:170] Found solution in: 5
I20260909 04:41:23.874037   705 skeleton_planner.h:170] Found solution in: 1
I20260909 04:41:23.874051   705 skeleton_planner.h:170] Found solution in: 3
I20260909 04:41:23.874059   705 skeleton_planner.h:170] Found solution in: 1
I20260909 04:41:23.874073   705 skeleton_planner.h:170] Found solution in: 4
I20260909 04:41:23.874079   705 skeleton_planner.h:170] Found solution in: 1
I20260909 04:41:23.874742   705 skeleton_planner.h:170] Found solution in: 1
I20260909 04:41:23.875030   705 skeleton_planner.h:170] Found solution in: 13
I20260909 04:41:23.875041   705 skeleton_planner.h:170] Found solution in: 1
I20260909 04:41:23.875046   705 skeleton_planner.h:170] Found solution in: 4
I20260909 04:41:23.875063   705 skeleton_planner.h:170] Found solution in: 5
I20260909 04:41:23.875068   705 skeleton_planner.h:170] Found solution in: 1
I20260909 04:41:23.875073   705 skeleton_planner.h:170] Found solution in: 1
I20260909 04:41:23.875100   705 skeleton_planner.h:170] Found solution in: 10
I20260909 04:41:23.875111   705 skeleton_planner.h:170] Found solution in: 1
I20260909 04:41:23.875115   705 skeleton_planner.h:170] Found solution in: 2
I20260909 04:41:23.875128   705 skeleton_planner.h:170] Found solution in: 4
I20260909 04:41:23.875134   705 skeleton_planner.h:170] Found solution in: 1
I20260909 04:41:23.875753   705 skeleton_planner.h:170] Found solution in: 6
I20260909 04:41:23.875764   705 skeleton_planner.h:170] Found solution in: 1
I20260909 04:41:23.875777   705 skeleton_planner.h:170] Found solution in: 3
I20260909 04:41:23.875787   705 skeleton_planner.h:170] Found solution in: 1
I20260909 04:41:23.875790   705 skeleton_planner.h:170] Found solution in: 1
I20260909 04:41:23.875793   705 skeleton_planner.h:170] Found solution in: 2
I20260909 04:41:23.875810   705 skeleton_planner.h:170] Found solution in: 6
I20260909 04:41:23.875816   705 skeleton_planner.h:170] Found solution in: 1
I20260909 04:41:23.875833   705 skeleton_planner.h:170] Found solution in: 8
I20260909 04:41:23.875840   705 skeleton_planner.h:170] Found solution in: 1
I20260909 04:41:23.875877   705 skeleton_planner.h:170] Found solution in: 9
I20260909 04:41:23.875886   705 skeleton_planner.h:170] Found solution in: 1
I20260909 04:41:23.875900   705 skeleton_planner.h:170] Found solution in: 13
I20260909 04:41:23.875907   705 skeleton_planner.h:170] Found solution in: 1
I20260909 04:41:23.875911   705 skeleton_planner.h:170] Found solution in: 1
I20260909 04:41:23.875924   705 skeleton_planner.h:170] Found solution in: 14
I20260909 04:41:23.875934   705 skeleton_planner.h:170] Found solution in: 1
I20260909 04:41:23.875949   705 skeleton_planner.h:170] Found solution in: 4
I20260909 04:41:23.875957   705 skeleton_planner.h:170] Found solution in: 1
I20260909 04:41:23.875967   705 skeleton_planner.h:170] Found solution in: 3
I20260909 04:41:23.875973   705 skeleton_planner.h:170] Found solution in: 1
I20260909 04:41:23.875981   705 skeleton_planner.h:170] Found solution in: 1
I20260909 04:41:23.876000   705 skeleton_planner.h:170] Found solution in: 4
I20260909 04:41:23.876010   705 skeleton_planner.h:170] Found solution in: 1
I20260909 04:41:23.876017   705 skeleton_planner.h:170] Found solution in: 1
I20260909 04:41:23.876024   705 skeleton_planner.h:170] Found solution in: 1
I20260909 04:41:23.876030   705 skeleton_planner.h:170] Found solution in: 1
I20260909 04:41:23.876036   705 skeleton_planner.h:170] Found solution in: 6
I20260909 04:41:23.876065   705 skeleton_planner.h:170] Found solution in: 7
I20260909 04:41:23.876073   705 skeleton_planner.h:170] Found solution in: 1
I20260909 04:41:23.876127   705 skeleton_planner.h:170] Found solution in: 5
I20260909 04:41:23.876135   705 skeleton_planner.h:170] Found solution in: 1
I20260909 04:41:23.876158   705 skeleton_planner.h:170] Found solution in: 7
I20260909 04:41:23.876166   705 skeleton_planner.h:170] Found solution in: 1
I20260909 04:41:23.876184   705 skeleton_planner.h:170] Found solution in: 5
I20260909 04:41:23.876191   705 skeleton_planner.h:170] Found solution in: 1
I20260909 04:41:23.876204   705 skeleton_planner.h:170] Found solution in: 12
I20260909 04:41:23.876214   705 skeleton_planner.h:170] Found solution in: 1
I20260909 04:41:23.876216   705 skeleton_planner.h:170] Found solution in: 2
I20260909 04:41:23.876230   705 skeleton_planner.h:170] Found solution in: 4
I20260909 04:41:23.876237   705 skeleton_planner.h:170] Found solution in: 1
I20260909 04:41:23.876252   705 skeleton_planner.h:170] Found solution in: 4
I20260909 04:41:23.876259   705 skeleton_planner.h:170] Found solution in: 1
I20260909 04:41:23.876272   705 skeleton_planner.h:170] Found solution in: 14
I20260909 04:41:23.876279   705 skeleton_planner.h:170] Found solution in: 1
I20260909 04:41:23.876299   705 skeleton_planner.h:170] Found solution in: 6
I20260909 04:41:23.876309   705 skeleton_planner.h:170] Found solution in: 1
I20260909 04:41:23.876322   705 skeleton_planner.h:170] Found solution in: 3
I20260909 04:41:23.876330   705 skeleton_planner.h:170] Found solution in: 1
I20260909 04:41:23.876364   705 skeleton_planner.h:170] Found solution in: 7
I20260909 04:41:23.876371   705 skeleton_planner.h:170] Found solution in: 1
I20260909 04:41:23.876375   705 skeleton_planner.h:170] Found solution in: 3
I20260909 04:41:23.876389   705 skeleton_planner.h:170] Found solution in: 4
I20260909 04:41:23.876398   705 skeleton_planner.h:170] Found solution in: 1
I20260909 04:41:23.876417   705 skeleton_planner.h:170] Found solution in: 5
I20260909 04:41:23.876426   705 skeleton_planner.h:170] Found solution in: 1
I20260909 04:41:23.876432   705 skeleton_planner.h:170] Found solution in: 2
I20260909 04:41:23.876451   705 skeleton_planner.h:170] Found solution in: 6
I20260909 04:41:23.876461   705 skeleton_planner.h:170] Found solution in: 1
I20260909 04:41:23.876479   705 skeleton_planner.h:170] Found solution in: 6
I20260909 04:41:23.876487   705 skeleton_planner.h:170] Found solution in: 1
I20260909 04:41:23.876497   705 skeleton_planner.h:170] Found solution in: 3
I20260909 04:41:23.876502   705 skeleton_planner.h:170] Found solution in: 1
I20260909 04:41:23.876521   705 skeleton_planner.h:170] Found solution in: 5
I20260909 04:41:23.876530   705 skeleton_planner.h:170] Found solution in: 1
I20260909 04:41:23.876557   705 skeleton_planner.h:170] Found solution in: 4
I20260909 04:41:23.876567   705 skeleton_planner.h:170] Found solution in: 1
I20260909 04:41:23.876571   705 skeleton_planner.h:170] Found solution in: 3
I20260909 04:41:23.876582   705 skeleton_planner.h:170] Found solution in: 3
I20260909 04:41:23.876591   705 skeleton_planner.h:170] Found solution in: 1
I20260909 04:41:23.876595   705 skeleton_planner.h:170] Found solution in: 2
I20260909 04:41:23.876607   705 skeleton_planner.h:170] Found solution in: 4
I20260909 04:41:23.876618   705 skeleton_planner.h:170] Found solution in: 1
I20260909 04:41:23.876631   705 skeleton_planner.h:170] Found solution in: 4
I20260909 04:41:23.876641   705 skeleton_planner.h:170] Found solution in: 1
I20260909 04:41:23.876647   705 skeleton_planner.h:170] Found solution in: 1
I20260909 04:41:23.876662   705 skeleton_planner.h:170] Found solution in: 16
I20260909 04:41:23.876668   705 skeleton_planner.h:170] Found solution in: 6
I20260909 04:41:23.876694   705 skeleton_planner.h:170] Found solution in: 33
I20260909 04:41:23.876703   705 skeleton_planner.h:170] Found solution in: 1
I20260909 04:41:23.876708   705 skeleton_planner.h:170] Found solution in: 5
I20260909 04:41:23.876714   705 skeleton_planner.h:170] Found solution in: 1
I20260909 04:41:23.876720   705 skeleton_planner.h:170] Found solution in: 1
I20260909 04:41:23.876724   705 skeleton_planner.h:170] Found solution in: 3
I20260909 04:41:23.876731   705 skeleton_planner.h:170] Found solution in: 1
I20260909 04:41:23.876737   705 skeleton_planner.h:170] Found solution in: 5
I20260909 04:41:23.876760   705 skeleton_planner.h:170] Found solution in: 3
I20260909 04:41:23.876767   705 skeleton_planner.h:170] Found solution in: 1
I20260909 04:41:23.876773   705 skeleton_planner.h:170] Found solution in: 1
I20260909 04:41:23.876778   705 skeleton_planner.h:170] Found solution in: 5
I20260909 04:41:23.876788   705 skeleton_planner.h:170] Found solution in: 1
I20260909 04:41:23.876802   705 skeleton_planner.h:170] Found solution in: 3
I20260909 04:41:23.876811   705 skeleton_planner.h:170] Found solution in: 1
I20260909 04:41:23.876904   705 skeleton_planner.h:170] Found solution in: 5
I20260909 04:41:23.876909   705 skeleton_planner.h:170] Found solution in: 1
I20260909 04:41:23.876916   705 skeleton_planner.h:170] Found solution in: 1
I20260909 04:41:23.876928   705 skeleton_planner.h:170] Found solution in: 3
I20260909 04:41:23.876933   705 skeleton_planner.h:170] Found solution in: 1
I20260909 04:41:23.876945   705 skeleton_planner.h:170] Found solution in: 3
I20260909 04:41:23.876952   705 skeleton_planner.h:170] Found solution in: 1
I20260909 04:41:23.876964   705 skeleton_planner.h:170] Found solution in: 13
I20260909 04:41:23.877053   705 skeleton_planner.h:170] Found solution in: 4
I20260909 04:41:23.877059   705 skeleton_planner.h:170] Found solution in: 1
I20260909 04:41:23.877071   705 skeleton_planner.h:170] Found solution in: 3
I20260909 04:41:23.877077   705 skeleton_planner.h:170] Found solution in: 1
I20260909 04:41:23.877084   705 skeleton_planner.h:170] Found solution in: 1
I20260909 04:41:23.877089   705 skeleton_planner.h:170] Found solution in: 3
I20260909 04:41:23.877092   705 skeleton_planner.h:170] Found solution in: 1
I20260909 04:41:23.877096   705 skeleton_planner.h:170] Found solution in: 3
I20260909 04:41:23.877104   705 skeleton_planner.h:170] Found solution in: 1
I20260909 04:41:23.877110   705 skeleton_planner.h:170] Found solution in: 5
I20260909 04:41:23.877134   705 skeleton_planner.h:170] Found solution in: 7
I20260909 04:41:23.877142   705 skeleton_planner.h:170] Found solution in: 1
I20260909 04:41:23.877161   705 skeleton_planner.h:170] Found solution in: 5
I20260909 04:41:23.877168   705 skeleton_planner.h:170] Found solution in: 1
I20260909 04:41:23.877188   705 skeleton_planner.h:170] Found solution in: 23
I20260909 04:41:23.877209   705 skeleton_planner.h:170] Found solution in: 24
I20260909 04:41:23.877216   705 skeleton_planner.h:170] Found solution in: 1
I20260909 04:41:23.877229   705 skeleton_planner.h:170] Found solution in: 3
I20260909 04:41:23.877236   705 skeleton_planner.h:170] Found solution in: 1
I20260909 04:41:23.877249   705 skeleton_planner.h:170] Found solution in: 3
I20260909 04:41:23.877255   705 skeleton_planner.h:170] Found solution in: 1
I20260909 04:41:23.877261   705 skeleton_planner.h:170] Found solution in: 6
I20260909 04:41:23.877277   705 skeleton_planner.h:170] Found solution in: 16
I20260909 04:41:23.877297   705 skeleton_planner.h:170] Found solution in: 23
I20260909 04:41:23.877303   705 skeleton_planner.h:170] Found solution in: 1
I20260909 04:41:23.877312   705 skeleton_planner.h:170] Found solution in: 5
I20260909 04:41:23.877332   705 skeleton_planner.h:170] Found solution in: 24
I20260909 04:41:23.877341   705 skeleton_planner.h:170] Found solution in: 1
I20260909 04:41:23.877357   705 skeleton_planner.h:170] Found solution in: 18
I20260909 04:41:23.877363   705 skeleton_planner.h:170] Found solution in: 1
I20260909 04:41:23.877372   705 skeleton_planner.h:170] Found solution in: 1
I20260909 04:41:23.877375   705 skeleton_planner.h:170] Found solution in: 3
I20260909 04:41:23.877389   705 skeleton_planner.h:170] Found solution in: 4
I20260909 04:41:23.877398   705 skeleton_planner.h:170] Found solution in: 1
I20260909 04:41:23.877408   705 skeleton_planner.h:170] Found solution in: 3
I20260909 04:41:23.877416   705 skeleton_planner.h:170] Found solution in: 1
I20260909 04:41:23.877432   705 skeleton_planner.h:170] Found solution in: 4
I20260909 04:41:23.877440   705 skeleton_planner.h:170] Found solution in: 1
I20260909 04:41:23.877444   705 skeleton_planner.h:170] Found solution in: 3
I20260909 04:41:23.877457   705 skeleton_planner.h:170] Found solution in: 3
I20260909 04:41:23.877465   705 skeleton_planner.h:170] Found solution in: 1
I20260909 04:41:23.877468   705 skeleton_planner.h:170] Found solution in: 2
I20260909 04:41:23.877487   705 skeleton_planner.h:170] Found solution in: 6
I20260909 04:41:23.877494   705 skeleton_planner.h:170] Found solution in: 1
I20260909 04:41:23.877521   705 skeleton_planner.h:170] Found solution in: 8
I20260909 04:41:23.877528   705 skeleton_planner.h:170] Found solution in: 1
I20260909 04:41:23.877534   705 skeleton_planner.h:170] Found solution in: 1
I20260909 04:41:23.877538   705 skeleton_planner.h:170] Found solution in: 2
I20260909 04:41:23.877714   705 skeleton_planner.h:170] Found solution in: 1
I20260909 04:41:23.877718   705 skeleton_planner.h:170] Found solution in: 2
I20260909 04:41:23.877897   705 skeleton_planner.h:170] Found solution in: 1
I20260909 04:41:23.877910   705 skeleton_planner.h:170] Found solution in: 3
I20260909 04:41:23.877918   705 skeleton_planner.h:170] Found solution in: 1
I20260909 04:41:23.877923   705 skeleton_planner.h:170] Found solution in: 2
I20260909 04:41:23.877938   705 skeleton_planner.h:170] Found solution in: 5
I20260909 04:41:23.877946   705 skeleton_planner.h:170] Found solution in: 1
I20260909 04:41:23.877970   705 skeleton_planner.h:170] Found solution in: 28
I20260909 04:41:23.877979   705 skeleton_planner.h:170] Found solution in: 8
I20260909 04:41:23.878074   705 skeleton_planner.h:170] Found solution in: 4
I20260909 04:41:23.878085   705 skeleton_planner.h:170] Found solution in: 1
I20260909 04:41:23.878101   705 skeleton_planner.h:170] Found solution in: 5
I20260909 04:41:23.878111   705 skeleton_planner.h:170] Found solution in: 1
I20260909 04:41:23.878130   705 skeleton_planner.h:170] Found solution in: 22
I20260909 04:41:23.878137   705 skeleton_planner.h:170] Found solution in: 5
I20260909 04:41:23.878222   705 skeleton_planner.h:170] Found solution in: 4
I20260909 04:41:23.878232   705 skeleton_planner.h:170] Found solution in: 1
I20260909 04:41:23.878259   705 skeleton_planner.h:170] Found solution in: 7
I20260909 04:41:23.878270   705 skeleton_planner.h:170] Found solution in: 1
I20260909 04:41:23.878283   705 skeleton_planner.h:170] Found solution in: 14
I20260909 04:41:23.878376   705 skeleton_planner.h:170] Found solution in: 6
I20260909 04:41:23.878388   705 skeleton_planner.h:170] Found solution in: 1
I20260909 04:41:23.878399   705 skeleton_planner.h:170] Found solution in: 3
I20260909 04:41:23.878407   705 skeleton_planner.h:170] Found solution in: 1
I20260909 04:41:23.878409   705 skeleton_planner.h:170] Found solution in: 2
I20260909 04:41:23.878422   705 skeleton_planner.h:170] Found solution in: 4
I20260909 04:41:23.878432   705 skeleton_planner.h:170] Found solution in: 1
I20260909 04:41:23.878436   705 skeleton_planner.h:170] Found solution in: 3
I20260909 04:41:23.878461   705 skeleton_planner.h:170] Found solution in: 8
I20260909 04:41:23.878469   705 skeleton_planner.h:170] Found solution in: 1
I20260909 04:41:23.878475   705 skeleton_planner.h:170] Found solution in: 1
I20260909 04:41:23.878561   705 skeleton_planner.h:170] Found solution in: 6
I20260909 04:41:23.878571   705 skeleton_planner.h:170] Found solution in: 1
I20260909 04:41:23.878578   705 skeleton_planner.h:170] Found solution in: 1
I20260909 04:41:23.878585   705 skeleton_planner.h:170] Found solution in: 8
I20260909 04:41:23.878602   705 skeleton_planner.h:170] Found solution in: 4
I20260909 04:41:23.878610   705 skeleton_planner.h:170] Found solution in: 1
I20260909 04:41:23.878630   705 skeleton_planner.h:170] Found solution in: 5
I20260909 04:41:23.878638   705 skeleton_planner.h:170] Found solution in: 1
I20260909 04:41:23.878644   705 skeleton_planner.h:170] Found solution in: 1
I20260909 04:41:23.878660   705 skeleton_planner.h:170] Found solution in: 4
I20260909 04:41:23.878669   705 skeleton_planner.h:170] Found solution in: 1
I20260909 04:41:23.878695   705 skeleton_planner.h:170] Found solution in: 10
I20260909 04:41:23.878703   705 skeleton_planner.h:170] Found solution in: 1
I20260909 04:41:23.878707   705 skeleton_planner.h:170] Found solution in: 3
I20260909 04:41:23.878733   705 skeleton_planner.h:170] Found solution in: 11
I20260909 04:41:23.878741   705 skeleton_planner.h:170] Found solution in: 1
I20260909 04:41:23.878752   705 skeleton_planner.h:170] Found solution in: 4
I20260909 04:41:23.878758   705 skeleton_planner.h:170] Found solution in: 1
I20260909 04:41:23.878763   705 skeleton_planner.h:170] Found solution in: 5
I20260909 04:41:23.879462   705 skeleton_planner.h:170] Found solution in: 1
I20260909 04:41:23.879468   705 skeleton_planner.h:170] Found solution in: 5
I20260909 04:41:23.880124   705 skeleton_planner.h:170] Found solution in: 9
I20260909 04:41:23.880132   705 skeleton_planner.h:170] Found solution in: 1
I20260909 04:41:23.880138   705 skeleton_planner.h:170] Found solution in: 4
I20260909 04:41:23.880143   705 skeleton_planner.h:170] Found solution in: 1
I20260909 04:41:23.880148   705 skeleton_planner.h:170] Found solution in: 4
I20260909 04:41:23.880153   705 skeleton_planner.h:170] Found solution in: 1
I20260909 04:41:23.880158   705 skeleton_planner.h:170] Found solution in: 4
I20260909 04:41:23.880164   705 skeleton_planner.h:170] Found solution in: 6
I20260909 04:41:23.880365   705 skeleton_planner.h:170] Found solution in: 1
I20260909 04:41:23.880371   705 skeleton_planner.h:170] Found solution in: 6
I20260909 04:41:23.880378   705 skeleton_planner.h:170] Found solution in: 5
I20260909 04:41:23.880632   705 skeleton_planner.h:170] Found solution in: 7
I20260909 04:41:23.880645   705 skeleton_planner.h:170] Found solution in: 1
I20260909 04:41:23.880685   705 skeleton_planner.h:170] Found solution in: 52
I20260909 04:41:23.880697   705 skeleton_planner.h:170] Found solution in: 5
I20260909 04:41:23.880707   705 skeleton_planner.h:170] Found solution in: 9
I20260909 04:41:23.880714   705 skeleton_planner.h:170] Found solution in: 1
I20260909 04:41:23.880751   705 skeleton_planner.h:170] Found solution in: 49
I20260909 04:41:23.880774   705 skeleton_planner.h:170] Found solution in: 24
I20260909 04:41:23.880780   705 skeleton_planner.h:170] Found solution in: 7
I20260909 04:41:23.880795   705 skeleton_planner.h:170] Found solution in: 16
I20260909 04:41:23.880800   705 skeleton_planner.h:170] Found solution in: 1
I20260909 04:41:23.880806   705 skeleton_planner.h:170] Found solution in: 5
I20260909 04:41:23.880843   705 skeleton_planner.h:170] Found solution in: 52
I20260909 04:41:23.880856   705 skeleton_planner.h:170] Found solution in: 1
I20260909 04:41:23.880865   705 skeleton_planner.h:170] Found solution in: 3
I20260909 04:41:23.880873   705 skeleton_planner.h:170] Found solution in: 1
I20260909 04:41:23.880895   705 skeleton_planner.h:170] Found solution in: 6
I20260909 04:41:23.880903   705 skeleton_planner.h:170] Found solution in: 1
I20260909 04:41:23.880908   705 skeleton_planner.h:170] Found solution in: 4
I20260909 04:41:23.880913   705 skeleton_planner.h:170] Found solution in: 1
I20260909 04:41:23.880927   705 skeleton_planner.h:170] Found solution in: 4
I20260909 04:41:23.880934   705 skeleton_planner.h:170] Found solution in: 1
I20260909 04:41:23.880939   705 skeleton_planner.h:170] Found solution in: 4
I20260909 04:41:23.880945   705 skeleton_planner.h:170] Found solution in: 1
I20260909 04:41:23.880949   705 skeleton_planner.h:170] Found solution in: 2
I20260909 04:41:23.880960   705 skeleton_planner.h:170] Found solution in: 4
I20260909 04:41:23.880967   705 skeleton_planner.h:170] Found solution in: 1
I20260909 04:41:23.880981   705 skeleton_planner.h:170] Found solution in: 5
I20260909 04:41:23.880991   705 skeleton_planner.h:170] Found solution in: 1
I20260909 04:41:23.880998   705 skeleton_planner.h:170] Found solution in: 1
I20260909 04:41:23.881006   705 skeleton_planner.h:170] Found solution in: 9
I20260909 04:41:23.881019   705 skeleton_planner.h:170] Found solution in: 14
I20260909 04:41:23.881026   705 skeleton_planner.h:170] Found solution in: 1
I20260909 04:41:23.881032   705 skeleton_planner.h:170] Found solution in: 9
I20260909 04:41:23.881042   705 skeleton_planner.h:170] Found solution in: 10
I20260909 04:41:23.881075   705 skeleton_planner.h:170] Found solution in: 5
I20260909 04:41:23.881083   705 skeleton_planner.h:170] Found solution in: 1
I20260909 04:41:23.881095   705 skeleton_planner.h:170] Found solution in: 12
I20260909 04:41:23.881100   705 skeleton_planner.h:170] Found solution in: 1
I20260909 04:41:23.881112   705 skeleton_planner.h:170] Found solution in: 12
I20260909 04:41:23.881243   705 skeleton_planner.h:170] Found solution in: 22
I20260909 04:41:23.881378   705 skeleton_planner.h:170] Found solution in: 23
I20260909 04:41:23.881389   705 skeleton_planner.h:170] Found solution in: 1
I20260909 04:41:23.881402   705 skeleton_planner.h:170] Found solution in: 4
I20260909 04:41:23.881412   705 skeleton_planner.h:170] Found solution in: 1
I20260909 04:41:23.881417   705 skeleton_planner.h:170] Found solution in: 3
I20260909 04:41:23.881692   705 skeleton_planner.h:170] Found solution in: 59
I20260909 04:41:23.881704   705 skeleton_planner.h:170] Found solution in: 1
I20260909 04:41:23.881722   705 skeleton_planner.h:170] Found solution in: 6
I20260909 04:41:23.881731   705 skeleton_planner.h:170] Found solution in: 1
I20260909 04:41:23.881758   705 skeleton_planner.h:170] Found solution in: 4
I20260909 04:41:23.881767   705 skeleton_planner.h:170] Found solution in: 1
I20260909 04:41:23.881771   705 skeleton_planner.h:170] Found solution in: 4
I20260909 04:41:23.881776   705 skeleton_planner.h:170] Found solution in: 5
I20260909 04:41:23.881798   705 skeleton_planner.h:170] Found solution in: 5
I20260909 04:41:23.881808   705 skeleton_planner.h:170] Found solution in: 1
I20260909 04:41:23.881829   705 skeleton_planner.h:170] Found solution in: 5
I20260909 04:41:23.881839   705 skeleton_planner.h:170] Found solution in: 1
I20260909 04:41:23.881925   705 skeleton_planner.h:170] Found solution in: 3
I20260909 04:41:23.881932   705 skeleton_planner.h:170] Found solution in: 1
I20260909 04:41:23.881937   705 skeleton_planner.h:170] Found solution in: 4
I20260909 04:41:23.881943   705 skeleton_planner.h:170] Found solution in: 1
I20260909 04:41:23.882376   705 skeleton_planner.h:170] Found solution in: 1
I20260909 04:41:23.882593   705 skeleton_planner.h:170] Found solution in: 5
I20260909 04:41:23.882601   705 skeleton_planner.h:170] Found solution in: 1
I20260909 04:41:23.882606   705 skeleton_planner.h:170] Found solution in: 4
I20260909 04:41:23.882871   705 skeleton_planner.h:170] Found solution in: 8
I20260909 04:41:23.882879   705 skeleton_planner.h:170] Found solution in: 1
I20260909 04:41:23.882889   705 skeleton_planner.h:170] Found solution in: 3
I20260909 04:41:23.882896   705 skeleton_planner.h:170] Found solution in: 1
I20260909 04:41:23.882906   705 skeleton_planner.h:170] Found solution in: 9
I20260909 04:41:23.882936   705 skeleton_planner.h:170] Found solution in: 6
I20260909 04:41:23.882946   705 skeleton_planner.h:170] Found solution in: 1
I20260909 04:41:23.882957   705 skeleton_planner.h:170] Found solution in: 3
I20260909 04:41:23.882963   705 skeleton_planner.h:170] Found solution in: 1
I20260909 04:41:23.883097   705 skeleton_planner.h:170] Found solution in: 57
I20260909 04:41:23.883131   705 skeleton_planner.h:170] Found solution in: 7
I20260909 04:41:23.883138   705 skeleton_planner.h:170] Found solution in: 1
I20260909 04:41:23.883147   705 skeleton_planner.h:170] Found solution in: 7
I20260909 04:41:23.883153   705 skeleton_planner.h:170] Found solution in: 7
I20260909 04:41:23.883184   705 skeleton_planner.h:170] Found solution in: 38
I20260909 04:41:23.883334   705 skeleton_planner.h:170] Found solution in: 25
I20260909 04:41:23.883349   705 skeleton_planner.h:170] Found solution in: 1
I20260909 04:41:23.883383   705 skeleton_planner.h:170] Found solution in: 10
I20260909 04:41:23.883394   705 skeleton_planner.h:170] Found solution in: 1
I20260909 04:41:23.883479   705 skeleton_planner.h:170] Found solution in: 3
I20260909 04:41:23.883486   705 skeleton_planner.h:170] Found solution in: 1
I20260909 04:41:23.883574   705 skeleton_planner.h:170] Found solution in: 4
I20260909 04:41:23.883585   705 skeleton_planner.h:170] Found solution in: 1
I20260909 04:41:23.883590   705 skeleton_planner.h:170] Found solution in: 1
I20260909 04:41:23.883596   705 skeleton_planner.h:170] Found solution in: 4
I20260909 04:41:23.883601   705 skeleton_planner.h:170] Found solution in: 1
I20260909 04:41:23.883607   705 skeleton_planner.h:170] Found solution in: 4
I20260909 04:41:23.883612   705 skeleton_planner.h:170] Found solution in: 1
I20260909 04:41:23.883616   705 skeleton_planner.h:170] Found solution in: 4
I20260909 04:41:23.883623   705 skeleton_planner.h:170] Found solution in: 1
I20260909 04:41:23.883746   705 skeleton_planner.h:170] Found solution in: 60
I20260909 04:41:23.883805   705 skeleton_planner.h:170] Found solution in: 17
I20260909 04:41:23.883816   705 skeleton_planner.h:170] Found solution in: 1
I20260909 04:41:23.883867   705 skeleton_planner.h:170] Found solution in: 5
I20260909 04:41:23.883879   705 skeleton_planner.h:170] Found solution in: 1
I20260909 04:41:23.883884   705 skeleton_planner.h:170] Found solution in: 1
I20260909 04:41:23.883910   705 skeleton_planner.h:170] Found solution in: 5
I20260909 04:41:23.883919   705 skeleton_planner.h:170] Found solution in: 1
I20260909 04:41:23.883924   705 skeleton_planner.h:170] Found solution in: 4
I20260909 04:41:23.883955   705 skeleton_planner.h:170] Found solution in: 38
I20260909 04:41:23.883961   705 skeleton_planner.h:170] Found solution in: 1
I20260909 04:41:23.883967   705 skeleton_planner.h:170] Found solution in: 1
I20260909 04:41:23.883992   705 skeleton_planner.h:170] Found solution in: 7
I20260909 04:41:23.884001   705 skeleton_planner.h:170] Found solution in: 1
I20260909 04:41:23.884032   705 skeleton_planner.h:170] Found solution in: 38
I20260909 04:41:23.884037   705 skeleton_planner.h:170] Found solution in: 4
I20260909 04:41:23.884043   705 skeleton_planner.h:170] Found solution in: 1
I20260909 04:41:23.884078   705 skeleton_planner.h:170] Found solution in: 45
I20260909 04:41:23.884114   705 skeleton_planner.h:170] Found solution in: 42
I20260909 04:41:23.884122   705 skeleton_planner.h:170] Found solution in: 1
I20260909 04:41:23.884130   705 skeleton_planner.h:170] Found solution in: 1
I20260909 04:41:23.884135   705 skeleton_planner.h:170] Found solution in: 6
I20260909 04:41:23.884143   705 skeleton_planner.h:170] Found solution in: 1
I20260909 04:41:23.884157   705 skeleton_planner.h:170] Found solution in: 4
I20260909 04:41:23.884166   705 skeleton_planner.h:170] Found solution in: 1
I20260909 04:41:23.884171   705 skeleton_planner.h:170] Found solution in: 2
I20260909 04:41:23.884189   705 skeleton_planner.h:170] Found solution in: 7
I20260909 04:41:23.884198   705 skeleton_planner.h:170] Found solution in: 1
I20260909 04:41:23.884204   705 skeleton_planner.h:170] Found solution in: 1
I20260909 04:41:23.884210   705 skeleton_planner.h:170] Found solution in: 1
I20260909 04:41:23.884223   705 skeleton_planner.h:170] Found solution in: 3
I20260909 04:41:23.884230   705 skeleton_planner.h:170] Found solution in: 1
I20260909 04:41:23.884248   705 skeleton_planner.h:170] Found solution in: 4
I20260909 04:41:23.884256   705 skeleton_planner.h:170] Found solution in: 1
I20260909 04:41:23.884274   705 skeleton_planner.h:170] Found solution in: 4
I20260909 04:41:23.884281   705 skeleton_planner.h:170] Found solution in: 1
I20260909 04:41:23.884294   705 skeleton_planner.h:170] Found solution in: 3
I20260909 04:41:23.884300   705 skeleton_planner.h:170] Found solution in: 1
I20260909 04:41:23.884310   705 skeleton_planner.h:170] Found solution in: 1
I20260909 04:41:23.884332   705 skeleton_planner.h:170] Found solution in: 6
I20260909 04:41:23.884342   705 skeleton_planner.h:170] Found solution in: 1
I20260909 04:41:23.884348   705 skeleton_planner.h:170] Found solution in: 1
I20260909 04:41:23.884351   705 skeleton_planner.h:170] Found solution in: 2
I20260909 04:41:23.884362   705 skeleton_planner.h:170] Found solution in: 3
I20260909 04:41:23.884370   705 skeleton_planner.h:170] Found solution in: 1
I20260909 04:41:23.884379   705 skeleton_planner.h:170] Found solution in: 3
I20260909 04:41:23.884387   705 skeleton_planner.h:170] Found solution in: 1
I20260909 04:41:23.884395   705 skeleton_planner.h:170] Found solution in: 1
I20260909 04:41:23.884402   705 skeleton_planner.h:170] Found solution in: 1
I20260909 04:41:23.884406   705 skeleton_planner.h:170] Found solution in: 4
I20260909 04:41:23.884428   705 skeleton_planner.h:170] Found solution in: 4
I20260909 04:41:23.884433   705 skeleton_planner.h:170] Found solution in: 1
I20260909 04:41:23.884444   705 skeleton_planner.h:170] Found solution in: 3
I20260909 04:41:23.884451   705 skeleton_planner.h:170] Found solution in: 1
I20260909 04:41:23.884456   705 skeleton_planner.h:170] Found solution in: 1
I20260909 04:41:23.884462   705 skeleton_planner.h:170] Found solution in: 1
I20260909 04:41:23.884469   705 skeleton_planner.h:170] Found solution in: 1
I20260909 04:41:23.884490   705 skeleton_planner.h:170] Found solution in: 5
I20260909 04:41:23.884500   705 skeleton_planner.h:170] Found solution in: 1
I20260909 04:41:23.884505   705 skeleton_planner.h:170] Found solution in: 5
I20260909 04:41:23.884538   705 skeleton_planner.h:170] Found solution in: 43
I20260909 04:41:23.884549   705 skeleton_planner.h:170] Found solution in: 1
I20260909 04:41:23.884577   705 skeleton_planner.h:170] Found solution in: 37
I20260909 04:41:23.884604   705 skeleton_planner.h:170] Found solution in: 35
I20260909 04:41:23.884660   705 skeleton_planner.h:170] Found solution in: 6
I20260909 04:41:23.884670   705 skeleton_planner.h:170] Found solution in: 1
I20260909 04:41:23.884693   705 skeleton_planner.h:170] Found solution in: 6
I20260909 04:41:23.884702   705 skeleton_planner.h:170] Found solution in: 1
I20260909 04:41:23.884707   705 skeleton_planner.h:170] Found solution in: 5
I20260909 04:41:23.884716   705 skeleton_planner.h:170] Found solution in: 1
I20260909 04:41:23.884724   705 skeleton_planner.h:170] Found solution in: 1
I20260909 04:41:23.884752   705 skeleton_planner.h:170] Found solution in: 8
I20260909 04:41:23.884760   705 skeleton_planner.h:170] Found solution in: 1
I20260909 04:41:23.884845   705 skeleton_planner.h:170] Found solution in: 5
I20260909 04:41:23.884858   705 skeleton_planner.h:170] Found solution in: 1
I20260909 04:41:23.884881   705 skeleton_planner.h:170] Found solution in: 7
I20260909 04:41:23.884891   705 skeleton_planner.h:170] Found solution in: 1
I20260909 04:41:23.884968   705 skeleton_planner.h:170] Found solution in: 4
I20260909 04:41:23.884976   705 skeleton_planner.h:170] Found solution in: 1
I20260909 04:41:23.884982   705 skeleton_planner.h:170] Found solution in: 1
I20260909 04:41:23.884987   705 skeleton_planner.h:170] Found solution in: 1
I20260909 04:41:23.884994   705 skeleton_planner.h:170] Found solution in: 6
I20260909 04:41:23.885002   705 skeleton_planner.h:170] Found solution in: 1
I20260909 04:41:23.885012   705 skeleton_planner.h:170] Found solution in: 11
I20260909 04:41:23.885020   705 skeleton_planner.h:170] Found solution in: 1
I20260909 04:41:23.885022   705 skeleton_planner.h:170] Found solution in: 2
I20260909 04:41:23.885051   705 skeleton_planner.h:170] Found solution in: 10
I20260909 04:41:23.885058   705 skeleton_planner.h:170] Found solution in: 1
I20260909 04:41:23.885066   705 skeleton_planner.h:170] Found solution in: 2
I20260909 04:41:23.885094   705 skeleton_planner.h:170] Found solution in: 11
I20260909 04:41:23.885102   705 skeleton_planner.h:170] Found solution in: 1
I20260909 04:41:23.885109   705 skeleton_planner.h:170] Found solution in: 1
I20260909 04:41:23.885118   705 skeleton_planner.h:170] Found solution in: 1
I20260909 04:41:23.885136   705 skeleton_planner.h:170] Found solution in: 5
I20260909 04:41:23.885145   705 skeleton_planner.h:170] Found solution in: 1
I20260909 04:41:23.885149   705 skeleton_planner.h:170] Found solution in: 2
I20260909 04:41:23.885159   705 skeleton_planner.h:170] Found solution in: 3
I20260909 04:41:23.885167   705 skeleton_planner.h:170] Found solution in: 1
I20260909 04:41:23.885191   705 skeleton_planner.h:170] Found solution in: 6
I20260909 04:41:23.885200   705 skeleton_planner.h:170] Found solution in: 1
I20260909 04:41:23.885205   705 skeleton_planner.h:170] Found solution in: 5
I20260909 04:41:23.885214   705 skeleton_planner.h:170] Found solution in: 9
I20260909 04:41:23.885262   705 skeleton_planner.h:170] Found solution in: 4
I20260909 04:41:23.885267   705 skeleton_planner.h:170] Found solution in: 1
I20260909 04:41:23.885278   705 skeleton_planner.h:170] Found solution in: 3
I20260909 04:41:23.885286   705 skeleton_planner.h:170] Found solution in: 1
I20260909 04:41:23.885296   705 skeleton_planner.h:170] Found solution in: 3
I20260909 04:41:23.885303   705 skeleton_planner.h:170] Found solution in: 1
I20260909 04:41:23.885315   705 skeleton_planner.h:170] Found solution in: 11
I20260909 04:41:23.885402   705 skeleton_planner.h:170] Found solution in: 4
I20260909 04:41:23.885414   705 skeleton_planner.h:170] Found solution in: 1
I20260909 04:41:23.885421   705 skeleton_planner.h:170] Found solution in: 1
I20260909 04:41:23.885429   705 skeleton_planner.h:170] Found solution in: 8
I20260909 04:41:23.885437   705 skeleton_planner.h:170] Found solution in: 7
I20260909 04:41:23.885440   705 skeleton_planner.h:170] Found solution in: 1
I20260909 04:41:23.885450   705 skeleton_planner.h:170] Found solution in: 1
I20260909 04:41:23.885608   705 skeleton_planner.h:170] Found solution in: 39
I20260909 04:41:23.885624   705 skeleton_planner.h:170] Found solution in: 1
I20260909 04:41:23.885628   705 skeleton_planner.h:170] Found solution in: 3
I20260909 04:41:23.885636   705 skeleton_planner.h:170] Found solution in: 1
I20260909 04:41:23.885640   705 skeleton_planner.h:170] Found solution in: 3
I20260909 04:41:23.885648   705 skeleton_planner.h:170] Found solution in: 1
I20260909 04:41:23.885654   705 skeleton_planner.h:170] Found solution in: 1
I20260909 04:41:23.885661   705 skeleton_planner.h:170] Found solution in: 4
I20260909 04:41:23.885667   705 skeleton_planner.h:170] Found solution in: 6
I20260909 04:41:23.885674   705 skeleton_planner.h:170] Found solution in: 7
I20260909 04:41:23.885681   705 skeleton_planner.h:170] Found solution in: 1
I20260909 04:41:23.885684   705 skeleton_planner.h:170] Found solution in: 2
I20260909 04:41:23.885764   705 skeleton_planner.h:170] Found solution in: 48
I20260909 04:41:23.885932   705 skeleton_planner.h:170] Found solution in: 6
I20260909 04:41:23.885941   705 skeleton_planner.h:170] Found solution in: 1
I20260909 04:41:23.886037   705 skeleton_planner.h:170] Found solution in: 66
I20260909 04:41:23.886166   705 skeleton_planner.h:170] Found solution in: 88
I20260909 04:41:23.886178   705 skeleton_planner.h:170] Found solution in: 1
I20260909 04:41:23.886183   705 skeleton_planner.h:170] Found solution in: 5
I20260909 04:41:23.886348   705 skeleton_planner.h:170] Found solution in: 1
I20260909 04:41:23.886353   705 skeleton_planner.h:170] Found solution in: 5
I20260909 04:41:23.886436   705 skeleton_planner.h:170] Found solution in: 53
I20260909 04:41:23.886451   705 skeleton_planner.h:170] Found solution in: 1
I20260909 04:41:23.886457   705 skeleton_planner.h:170] Found solution in: 5
I20260909 04:41:23.886482   705 skeleton_planner.h:170] Found solution in: 28
I20260909 04:41:23.886489   705 skeleton_planner.h:170] Found solution in: 1
I20260909 04:41:23.886495   705 skeleton_planner.h:170] Found solution in: 1
I20260909 04:41:23.886500   705 skeleton_planner.h:170] Found solution in: 4
I20260909 04:41:23.886507   705 skeleton_planner.h:170] Found solution in: 5
I20260909 04:41:23.886514   705 skeleton_planner.h:170] Found solution in: 1
I20260909 04:41:23.886520   705 skeleton_planner.h:170] Found solution in: 1
I20260909 04:41:23.886526   705 skeleton_planner.h:170] Found solution in: 5
I20260909 04:41:23.886533   705 skeleton_planner.h:170] Found solution in: 1
I20260909 04:41:23.886538   705 skeleton_planner.h:170] Found solution in: 1
I20260909 04:41:23.886543   705 skeleton_planner.h:170] Found solution in: 5
I20260909 04:41:23.886548   705 skeleton_planner.h:170] Found solution in: 1
I20260909 04:41:23.886552   705 skeleton_planner.h:170] Found solution in: 3
I20260909 04:41:23.886566   705 skeleton_planner.h:170] Found solution in: 4
I20260909 04:41:23.886574   705 skeleton_planner.h:170] Found solution in: 1
I20260909 04:41:23.886579   705 skeleton_planner.h:170] Found solution in: 1
I20260909 04:41:23.886586   705 skeleton_planner.h:170] Found solution in: 1
I20260909 04:41:23.886595   705 skeleton_planner.h:170] Found solution in: 7
I20260909 04:41:23.886602   705 skeleton_planner.h:170] Found solution in: 1
I20260909 04:41:23.886610   705 skeleton_planner.h:170] Found solution in: 1
I20260909 04:41:23.886618   705 skeleton_planner.h:170] Found solution in: 1
I20260909 04:41:23.886624   705 skeleton_planner.h:170] Found solution in: 1
I20260909 04:41:23.886631   705 skeleton_planner.h:170] Found solution in: 1
I20260909 04:41:23.886641   705 skeleton_planner.h:170] Found solution in: 12
I20260909 04:41:23.886649   705 skeleton_planner.h:170] Found solution in: 8
I20260909 04:41:23.886656   705 skeleton_planner.h:170] Found solution in: 1
I20260909 04:41:23.886662   705 skeleton_planner.h:170] Found solution in: 1
I20260909 04:41:23.886672   705 skeleton_planner.h:170] Found solution in: 10
I20260909 04:41:23.886677   705 skeleton_planner.h:170] Found solution in: 1
I20260909 04:41:23.886683   705 skeleton_planner.h:170] Found solution in: 1
I20260909 04:41:23.886710   705 skeleton_planner.h:170] Found solution in: 6
I20260909 04:41:23.886718   705 skeleton_planner.h:170] Found solution in: 1
I20260909 04:41:23.886721   705 skeleton_planner.h:170] Found solution in: 2
I20260909 04:41:23.886893   705 skeleton_planner.h:170] Found solution in: 1
I20260909 04:41:23.886897   705 skeleton_planner.h:170] Found solution in: 2
I20260909 04:41:23.887071   705 skeleton_planner.h:170] Found solution in: 1
I20260909 04:41:23.887475   705 skeleton_planner.h:170] Found solution in: 1
I20260909 04:41:23.887483   705 skeleton_planner.h:170] Found solution in: 1
I20260909 04:41:23.887488   705 skeleton_planner.h:170] Found solution in: 5
I20260909 04:41:23.887496   705 skeleton_planner.h:170] Found solution in: 1
I20260909 04:41:23.887506   705 skeleton_planner.h:170] Found solution in: 9
I20260909 04:41:23.887512   705 skeleton_planner.h:170] Found solution in: 1
I20260909 04:41:23.887519   705 skeleton_planner.h:170] Found solution in: 1
I20260909 04:41:23.887524   705 skeleton_planner.h:170] Found solution in: 5
I20260909 04:41:23.887590   705 skeleton_planner.h:170] Found solution in: 6
I20260909 04:41:23.887598   705 skeleton_planner.h:170] Found solution in: 1
I20260909 04:41:23.887612   705 skeleton_planner.h:170] Found solution in: 5
I20260909 04:41:23.887620   705 skeleton_planner.h:170] Found solution in: 1
I20260909 04:41:23.887655   705 skeleton_planner.h:170] Found solution in: 4
I20260909 04:41:23.887662   705 skeleton_planner.h:170] Found solution in: 1
I20260909 04:41:23.887697   705 skeleton_planner.h:170] Found solution in: 5
I20260909 04:41:23.887706   705 skeleton_planner.h:170] Found solution in: 1
I20260909 04:41:23.887754   705 skeleton_planner.h:170] Found solution in: 10
I20260909 04:41:23.887764   705 skeleton_planner.h:170] Found solution in: 1
I20260909 04:41:23.887769   705 skeleton_planner.h:170] Found solution in: 1
I20260909 04:41:23.887779   705 skeleton_planner.h:170] Found solution in: 1
I20260909 04:41:23.887806   705 skeleton_planner.h:170] Found solution in: 8
I20260909 04:41:23.887814   705 skeleton_planner.h:170] Found solution in: 1
I20260909 04:41:23.887820   705 skeleton_planner.h:170] Found solution in: 1
I20260909 04:41:23.887912   705 skeleton_planner.h:170] Found solution in: 4
I20260909 04:41:23.887923   705 skeleton_planner.h:170] Found solution in: 1
I20260909 04:41:23.887929   705 skeleton_planner.h:170] Found solution in: 1
I20260909 04:41:23.887933   705 skeleton_planner.h:170] Found solution in: 2
I20260909 04:41:23.887946   705 skeleton_planner.h:170] Found solution in: 5
I20260909 04:41:23.887954   705 skeleton_planner.h:170] Found solution in: 1
I20260909 04:41:23.887975   705 skeleton_planner.h:170] Found solution in: 7
I20260909 04:41:23.887985   705 skeleton_planner.h:170] Found solution in: 1
I20260909 04:41:23.888000   705 skeleton_planner.h:170] Found solution in: 3
I20260909 04:41:23.888006   705 skeleton_planner.h:170] Found solution in: 1
I20260909 04:41:23.888015   705 skeleton_planner.h:170] Found solution in: 1
I20260909 04:41:23.888021   705 skeleton_planner.h:170] Found solution in: 6
I20260909 04:41:23.888033   705 skeleton_planner.h:170] Found solution in: 1
I20260909 04:41:23.888052   705 skeleton_planner.h:170] Found solution in: 6
I20260909 04:41:23.888062   705 skeleton_planner.h:170] Found solution in: 1
I20260909 04:41:23.888078   705 skeleton_planner.h:170] Found solution in: 5
I20260909 04:41:23.888087   705 skeleton_planner.h:170] Found solution in: 1
I20260909 04:41:23.888177   705 skeleton_planner.h:170] Found solution in: 4
I20260909 04:41:23.888185   705 skeleton_planner.h:170] Found solution in: 1
I20260909 04:41:23.888281   705 skeleton_planner.h:170] Found solution in: 4
I20260909 04:41:23.888289   705 skeleton_planner.h:170] Found solution in: 1
I20260909 04:41:23.888296   705 skeleton_planner.h:170] Found solution in: 1
I20260909 04:41:23.888302   705 skeleton_planner.h:170] Found solution in: 1
I20260909 04:41:23.888334   705 skeleton_planner.h:170] Found solution in: 6
I20260909 04:41:23.888345   705 skeleton_planner.h:170] Found solution in: 1
I20260909 04:41:23.888350   705 skeleton_planner.h:170] Found solution in: 3
I20260909 04:41:23.888358   705 skeleton_planner.h:170] Found solution in: 1
I20260909 04:41:23.888377   705 skeleton_planner.h:170] Found solution in: 3
I20260909 04:41:23.888384   705 skeleton_planner.h:170] Found solution in: 1
I20260909 04:41:23.888389   705 skeleton_planner.h:170] Found solution in: 1
I20260909 04:41:23.888396   705 skeleton_planner.h:170] Found solution in: 5
I20260909 04:41:23.888403   705 skeleton_planner.h:170] Found solution in: 1
I20260909 04:41:23.888407   705 skeleton_planner.h:170] Found solution in: 3
I20260909 04:41:23.888417   705 skeleton_planner.h:170] Found solution in: 1
I20260909 04:41:23.888419   705 skeleton_planner.h:170] Found solution in: 2
I20260909 04:41:23.888571   705 skeleton_planner.h:170] Found solution in: 57
I20260909 04:41:23.888587   705 skeleton_planner.h:170] Found solution in: 1
I20260909 04:41:23.888592   705 skeleton_planner.h:170] Found solution in: 2
I20260909 04:41:23.888733   705 skeleton_planner.h:170] Found solution in: 49
I20260909 04:41:23.888747   705 skeleton_planner.h:170] Found solution in: 1
I20260909 04:41:23.888782   705 skeleton_planner.h:170] Found solution in: 9
I20260909 04:41:23.888792   705 skeleton_planner.h:170] Found solution in: 1
I20260909 04:41:23.888796   705 skeleton_planner.h:170] Found solution in: 2
I20260909 04:41:23.888801   705 skeleton_planner.h:170] Found solution in: 1
I20260909 04:41:23.888805   705 skeleton_planner.h:170] Found solution in: 2
I20260909 04:41:23.888813   705 skeleton_planner.h:170] Found solution in: 1
I20260909 04:41:23.888823   705 skeleton_planner.h:170] Found solution in: 1
I20260909 04:41:23.888911   705 skeleton_planner.h:170] Found solution in: 3
I20260909 04:41:23.888923   705 skeleton_planner.h:170] Found solution in: 1
I20260909 04:41:23.889015   705 skeleton_planner.h:170] Found solution in: 3
I20260909 04:41:23.889024   705 skeleton_planner.h:170] Found solution in: 1
I20260909 04:41:23.889032   705 skeleton_planner.h:170] Found solution in: 1
I20260909 04:41:23.889043   705 skeleton_planner.h:170] Found solution in: 3
I20260909 04:41:23.889051   705 skeleton_planner.h:170] Found solution in: 1
I20260909 04:41:23.889142   705 skeleton_planner.h:170] Found solution in: 4
I20260909 04:41:23.889155   705 skeleton_planner.h:170] Found solution in: 1
I20260909 04:41:23.889164   705 skeleton_planner.h:170] Found solution in: 1
I20260909 04:41:23.889175   705 skeleton_planner.h:170] Found solution in: 11
I20260909 04:41:23.889181   705 skeleton_planner.h:170] Found solution in: 1
I20260909 04:41:23.889185   705 skeleton_planner.h:170] Found solution in: 3
I20260909 04:41:23.889191   705 skeleton_planner.h:170] Found solution in: 1
I20260909 04:41:23.889196   705 skeleton_planner.h:170] Found solution in: 1
I20260909 04:41:23.889199   705 skeleton_planner.h:170] Found solution in: 3
I20260909 04:41:23.889206   705 skeleton_planner.h:170] Found solution in: 1
I20260909 04:41:23.889235   705 skeleton_planner.h:170] Found solution in: 8
I20260909 04:41:23.889245   705 skeleton_planner.h:170] Found solution in: 1
I20260909 04:41:23.889254   705 skeleton_planner.h:170] Found solution in: 1
I20260909 04:41:23.889263   705 skeleton_planner.h:170] Found solution in: 1
I20260909 04:41:23.889353   705 skeleton_planner.h:170] Found solution in: 3
I20260909 04:41:23.889362   705 skeleton_planner.h:170] Found solution in: 1
I20260909 04:41:23.889369   705 skeleton_planner.h:170] Found solution in: 5
I20260909 04:41:23.889374   705 skeleton_planner.h:170] Found solution in: 1
I20260909 04:41:23.889379   705 skeleton_planner.h:170] Found solution in: 5
I20260909 04:41:23.889386   705 skeleton_planner.h:170] Found solution in: 1
I20260909 04:41:23.889396   705 skeleton_planner.h:170] Found solution in: 11
I20260909 04:41:23.889422   705 skeleton_planner.h:170] Found solution in: 32
I20260909 04:41:23.889446   705 skeleton_planner.h:170] Found solution in: 7
I20260909 04:41:23.889462   705 skeleton_planner.h:170] Found solution in: 5
I20260909 04:41:23.889482   705 skeleton_planner.h:170] Found solution in: 5
I20260909 04:41:23.889492   705 skeleton_planner.h:170] Found solution in: 2
I20260909 04:41:23.889523   705 skeleton_planner.h:170] Found solution in: 11
I20260909 04:41:23.889532   705 skeleton_planner.h:170] Found solution in: 2
I20260909 04:41:23.889546   705 skeleton_planner.h:170] Found solution in: 4
I20260909 04:41:23.889557   705 skeleton_planner.h:170] Found solution in: 3
I20260909 04:41:23.889571   705 skeleton_planner.h:170] Found solution in: 5
I20260909 04:41:23.889586   705 skeleton_planner.h:170] Found solution in: 4
I20260909 04:41:23.889603   705 skeleton_planner.h:170] Found solution in: 4
I20260909 04:41:23.889639   705 skeleton_planner.h:170] Found solution in: 11
I20260909 04:41:23.889652   705 skeleton_planner.h:170] Found solution in: 3
I20260909 04:41:23.889672   705 skeleton_planner.h:170] Found solution in: 5
I20260909 04:41:23.889688   705 skeleton_planner.h:170] Found solution in: 5
I20260909 04:41:23.889699   705 skeleton_planner.h:170] Found solution in: 3
I20260909 04:41:23.889714   705 skeleton_planner.h:170] Found solution in: 4
I20260909 04:41:23.889734   705 skeleton_planner.h:170] Found solution in: 6
I20260909 04:41:23.889748   705 skeleton_planner.h:170] Found solution in: 4
I20260909 04:41:23.889773   705 skeleton_planner.h:170] Found solution in: 8
I20260909 04:41:23.889787   705 skeleton_planner.h:170] Found solution in: 4
I20260909 04:41:23.889801   705 skeleton_planner.h:170] Found solution in: 4
I20260909 04:41:23.889815   705 skeleton_planner.h:170] Found solution in: 4
I20260909 04:41:23.889827   705 skeleton_planner.h:170] Found solution in: 3
I20260909 04:41:23.889837   705 skeleton_planner.h:170] Found solution in: 3
I20260909 04:41:23.889858   705 skeleton_planner.h:170] Found solution in: 7
I20260909 04:41:23.889866   705 skeleton_planner.h:170] Found solution in: 2
I20260909 04:41:23.889891   705 skeleton_planner.h:170] Found solution in: 9
I20260909 04:41:23.889906   705 skeleton_planner.h:170] Found solution in: 4
I20260909 04:41:23.889919   705 skeleton_planner.h:170] Found solution in: 4
I20260909 04:41:23.889950   705 skeleton_planner.h:170] Found solution in: 12
I20260909 04:41:23.889976   705 skeleton_planner.h:170] Found solution in: 8
I20260909 04:41:23.889988   705 skeleton_planner.h:170] Found solution in: 3
I20260909 04:41:23.889997   705 skeleton_planner.h:170] Found solution in: 2
I20260909 04:41:23.890012   705 skeleton_planner.h:170] Found solution in: 6
I20260909 04:41:23.890022   705 skeleton_planner.h:170] Found solution in: 3
I20260909 04:41:23.890034   705 skeleton_planner.h:170] Found solution in: 5
I20260909 04:41:23.890050   705 skeleton_planner.h:170] Found solution in: 4
I20260909 04:41:23.890059   705 skeleton_planner.h:170] Found solution in: 2
I20260909 04:41:23.890074   705 skeleton_planner.h:170] Found solution in: 5
I20260909 04:41:23.890091   705 skeleton_planner.h:170] Found solution in: 6
I20260909 04:41:23.890105   705 skeleton_planner.h:170] Found solution in: 4
I20260909 04:41:23.890112   705 skeleton_planner.h:170] Found solution in: 2
I20260909 04:41:23.890125   705 skeleton_planner.h:170] Found solution in: 5
I20260909 04:41:23.890139   705 skeleton_planner.h:170] Found solution in: 4
I20260909 04:41:23.890154   705 skeleton_planner.h:170] Found solution in: 5
I20260909 04:41:23.890164   705 skeleton_planner.h:170] Found solution in: 3
I20260909 04:41:23.890174   705 skeleton_planner.h:170] Found solution in: 3
I20260909 04:41:23.890182   705 skeleton_planner.h:170] Found solution in: 2
I20260909 04:41:23.890192   705 skeleton_planner.h:170] Found solution in: 3
I20260909 04:41:23.890208   705 skeleton_planner.h:170] Found solution in: 4
I20260909 04:41:23.890218   705 skeleton_planner.h:170] Found solution in: 3
I20260909 04:41:23.890228   705 skeleton_planner.h:170] Found solution in: 3
I20260909 04:41:23.890245   705 skeleton_planner.h:170] Found solution in: 5
I20260909 04:41:23.890259   705 skeleton_planner.h:170] Found solution in: 4
I20260909 04:41:23.890269   705 skeleton_planner.h:170] Found solution in: 3
I20260909 04:41:23.890280   705 skeleton_planner.h:170] Found solution in: 3
I20260909 04:41:23.890290   705 skeleton_planner.h:170] Found solution in: 3
I20260909 04:41:23.890300   705 skeleton_planner.h:170] Found solution in: 3
I20260909 04:41:23.890312   705 skeleton_planner.h:170] Found solution in: 3
I20260909 04:41:23.890324   705 skeleton_planner.h:170] Found solution in: 5
I20260909 04:41:23.890338   705 skeleton_planner.h:170] Found solution in: 5
I20260909 04:41:23.890362   705 skeleton_planner.h:170] Found solution in: 9
I20260909 04:41:23.890376   705 skeleton_planner.h:170] Found solution in: 5
I20260909 04:41:23.890393   705 skeleton_planner.h:170] Found solution in: 5
I20260909 04:41:23.890412   705 skeleton_planner.h:170] Found solution in: 5
I20260909 04:41:23.890430   705 skeleton_planner.h:170] Found solution in: 5
I20260909 04:41:23.890452   705 skeleton_planner.h:170] Found solution in: 7
I20260909 04:41:23.890465   705 skeleton_planner.h:170] Found solution in: 3
I20260909 04:41:23.890478   705 skeleton_planner.h:170] Found solution in: 5
I20260909 04:41:23.890492   705 skeleton_planner.h:170] Found solution in: 6
I20260909 04:41:23.890518   705 skeleton_planner.h:170] Found solution in: 9
I20260909 04:41:23.890529   705 skeleton_planner.h:170] Found solution in: 3
I20260909 04:41:23.890537   705 skeleton_planner.h:170] Found solution in: 2
I20260909 04:41:23.890556   705 skeleton_planner.h:170] Found solution in: 6
I20260909 04:41:23.890578   705 skeleton_planner.h:170] Found solution in: 7
I20260909 04:41:23.890591   705 skeleton_planner.h:170] Found solution in: 3
I20260909 04:41:23.890602   705 skeleton_planner.h:170] Found solution in: 3
I20260909 04:41:23.890614   705 skeleton_planner.h:170] Found solution in: 3
I20260909 04:41:23.890623   705 skeleton_planner.h:170] Found solution in: 3
I20260909 04:41:23.890636   705 skeleton_planner.h:170] Found solution in: 5
I20260909 04:41:23.890645   705 skeleton_planner.h:170] Found solution in: 2
I20260909 04:41:23.890659   705 skeleton_planner.h:170] Found solution in: 6
I20260909 04:41:23.890673   705 skeleton_planner.h:170] Found solution in: 5
I20260909 04:41:23.890697   705 skeleton_planner.h:170] Found solution in: 7
I20260909 04:41:23.890710   705 skeleton_planner.h:170] Found solution in: 5
I20260909 04:41:23.890733   705 skeleton_planner.h:170] Found solution in: 8
I20260909 04:41:23.890745   705 skeleton_planner.h:170] Found solution in: 3
I20260909 04:41:23.890756   705 skeleton_planner.h:170] Found solution in: 4
I20260909 04:41:23.890775   705 skeleton_planner.h:170] Found solution in: 7
I20260909 04:41:23.890784   705 skeleton_planner.h:170] Found solution in: 2
I20260909 04:41:23.890797   705 skeleton_planner.h:170] Found solution in: 5
I20260909 04:41:23.890810   705 skeleton_planner.h:170] Found solution in: 4
I20260909 04:41:23.890831   705 skeleton_planner.h:170] Found solution in: 7
I20260909 04:41:23.890846   705 skeleton_planner.h:170] Found solution in: 4
I20260909 04:41:23.890866   705 skeleton_planner.h:170] Found solution in: 7
I20260909 04:41:23.890882   705 skeleton_planner.h:170] Found solution in: 5
I20260909 04:41:23.890892   705 skeleton_planner.h:170] Found solution in: 3
I20260909 04:41:23.890906   705 skeleton_planner.h:170] Found solution in: 6
I20260909 04:41:23.890919   705 skeleton_planner.h:170] Found solution in: 4
I20260909 04:41:23.890931   705 skeleton_planner.h:170] Found solution in: 4
I20260909 04:41:23.890944   705 skeleton_planner.h:170] Found solution in: 4
I20260909 04:41:23.890962   705 skeleton_planner.h:170] Found solution in: 5
I20260909 04:41:23.890972   705 skeleton_planner.h:170] Found solution in: 3
I20260909 04:41:23.890985   705 skeleton_planner.h:170] Found solution in: 4
I20260909 04:41:23.890997   705 skeleton_planner.h:170] Found solution in: 4
I20260909 04:41:23.891009   705 skeleton_planner.h:170] Found solution in: 4
I20260909 04:41:23.891034   705 skeleton_planner.h:170] Found solution in: 7
I20260909 04:41:23.891045   705 skeleton_planner.h:170] Found solution in: 3
I20260909 04:41:23.891064   705 skeleton_planner.h:170] Found solution in: 6
I20260909 04:41:23.891079   705 skeleton_planner.h:170] Found solution in: 5
I20260909 04:41:23.891094   705 skeleton_planner.h:170] Found solution in: 4
I20260909 04:41:23.891108   705 skeleton_planner.h:170] Found solution in: 4
I20260909 04:41:23.891121   705 skeleton_planner.h:170] Found solution in: 4
I20260909 04:41:23.891130   705 skeleton_planner.h:170] Found solution in: 3
I20260909 04:41:23.891139   705 skeleton_planner.h:170] Found solution in: 3
I20260909 04:41:23.891150   705 skeleton_planner.h:170] Found solution in: 4
I20260909 04:41:23.891167   705 skeleton_planner.h:170] Found solution in: 5
I20260909 04:41:23.891176   705 skeleton_planner.h:170] Found solution in: 2
I20260909 04:41:23.891187   705 skeleton_planner.h:170] Found solution in: 4
I20260909 04:41:23.891201   705 skeleton_planner.h:170] Found solution in: 4
I20260909 04:41:23.891215   705 skeleton_planner.h:170] Found solution in: 4
I20260909 04:41:23.891232   705 skeleton_planner.h:170] Found solution in: 5
I20260909 04:41:23.891243   705 skeleton_planner.h:170] Found solution in: 3
I20260909 04:41:23.891260   705 skeleton_planner.h:170] Found solution in: 6
I20260909 04:41:23.891279   705 skeleton_planner.h:170] Found solution in: 6
I20260909 04:41:23.891290   705 skeleton_planner.h:170] Found solution in: 3
I20260909 04:41:23.891315   705 skeleton_planner.h:170] Found solution in: 7
I20260909 04:41:23.891338   705 skeleton_planner.h:170] Found solution in: 10
I20260909 04:41:23.891357   705 skeleton_planner.h:170] Found solution in: 6
I20260909 04:41:23.891379   705 skeleton_planner.h:170] Found solution in: 8
I20260909 04:41:23.891387   705 skeleton_planner.h:170] Found solution in: 2
I20260909 04:41:23.891396   705 skeleton_planner.h:170] Found solution in: 3
I20260909 04:41:23.891413   705 skeleton_planner.h:170] Found solution in: 5
I20260909 04:41:23.891430   705 skeleton_planner.h:170] Found solution in: 5
I20260909 04:41:23.891451   705 skeleton_planner.h:170] Found solution in: 6
I20260909 04:41:23.891471   705 skeleton_planner.h:170] Found solution in: 6
I20260909 04:41:23.891479   705 skeleton_planner.h:170] Found solution in: 2
I20260909 04:41:23.891490   705 skeleton_planner.h:170] Found solution in: 3
I20260909 04:41:23.891502   705 skeleton_planner.h:170] Found solution in: 4
I20260909 04:41:23.891515   705 skeleton_planner.h:170] Found solution in: 5
I20260909 04:41:23.891533   705 skeleton_planner.h:170] Found solution in: 6
I20260909 04:41:23.891544   705 skeleton_planner.h:170] Found solution in: 3
I20260909 04:41:23.891556   705 skeleton_planner.h:170] Found solution in: 4
I20260909 04:41:23.891566   705 skeleton_planner.h:170] Found solution in: 3
I20260909 04:41:23.891579   705 skeleton_planner.h:170] Found solution in: 6
I20260909 04:41:23.891598   705 skeleton_planner.h:170] Found solution in: 6
I20260909 04:41:23.891609   705 skeleton_planner.h:170] Found solution in: 3
I20260909 04:41:23.891628   705 skeleton_planner.h:170] Found solution in: 7
I20260909 04:41:23.891638   705 skeleton_planner.h:170] Found solution in: 3
I20260909 04:41:23.891649   705 skeleton_planner.h:170] Found solution in: 3
I20260909 04:41:23.891661   705 skeleton_planner.h:170] Found solution in: 4
I20260909 04:41:23.891680   705 skeleton_planner.h:170] Found solution in: 8
I20260909 04:41:23.891700   705 skeleton_planner.h:170] Found solution in: 6
I20260909 04:41:23.891716   705 skeleton_planner.h:170] Found solution in: 5
I20260909 04:41:23.891736   705 skeleton_planner.h:170] Found solution in: 6
I20260909 04:41:23.891757   705 skeleton_planner.h:170] Found solution in: 7
I20260909 04:41:23.891811   705 skeleton_planner.h:170] Found solution in: 14
I20260909 04:41:23.891830   705 skeleton_planner.h:170] Found solution in: 5
I20260909 04:41:23.891844   705 skeleton_planner.h:170] Found solution in: 5
I20260909 04:41:23.891849   705 skeleton_planner.h:170] Found solution in: 1
I20260909 04:41:23.891903   705 skeleton_planner.h:170] Found solution in: 25
I20260909 04:41:23.891927   705 skeleton_planner.h:170] Found solution in: 5
I20260909 04:41:23.891943   705 skeleton_planner.h:170] Found solution in: 5
I20260909 04:41:23.891958   705 skeleton_planner.h:170] Found solution in: 5
I20260909 04:41:23.891990   705 skeleton_planner.h:170] Found solution in: 9
I20260909 04:41:23.892020   705 skeleton_planner.h:170] Found solution in: 8
I20260909 04:41:23.892053   705 skeleton_planner.h:170] Found solution in: 11
I20260909 04:41:23.892120   705 skeleton_planner.h:170] Found solution in: 17
I20260909 04:41:23.892139   705 skeleton_planner.h:170] Found solution in: 4
I20260909 04:41:23.892210   705 skeleton_planner.h:170] Found solution in: 18
I20260909 04:41:23.892225   705 skeleton_planner.h:170] Found solution in: 3
I20260909 04:41:23.892239   705 skeleton_planner.h:170] Found solution in: 5
I20260909 04:41:23.892266   705 skeleton_planner.h:170] Found solution in: 5
I20260909 04:41:23.892287   705 skeleton_planner.h:170] Found solution in: 8
I20260909 04:41:23.892314   705 skeleton_planner.h:170] Found solution in: 9
I20260909 04:41:23.892360   705 skeleton_planner.h:170] Found solution in: 16
I20260909 04:41:23.892374   705 skeleton_planner.h:170] Found solution in: 3
I20260909 04:41:23.892398   705 skeleton_planner.h:170] Found solution in: 7
I20260909 04:41:23.892441   705 skeleton_planner.h:170] Found solution in: 15
I20260909 04:41:23.892468   705 skeleton_planner.h:170] Found solution in: 9
I20260909 04:41:23.892508   705 skeleton_planner.h:170] Found solution in: 15
I20260909 04:41:23.892515   705 skeleton_planner.h:170] Found solution in: 1
I20260909 04:41:23.892518   705 skeleton_planner.h:170] Found solution in: 1
I20260909 04:41:23.892536   705 skeleton_planner.h:170] Found solution in: 5
I20260909 04:41:23.892560   705 skeleton_planner.h:170] Found solution in: 9
I20260909 04:41:23.892590   705 skeleton_planner.h:170] Found solution in: 10
I20260909 04:41:23.892642   705 skeleton_planner.h:170] Found solution in: 16
I20260909 04:41:23.892678   705 skeleton_planner.h:170] Found solution in: 9
I20260909 04:41:23.892694   705 skeleton_planner.h:170] Found solution in: 5
I20260909 04:41:23.892771   705 skeleton_planner.h:170] Found solution in: 24
I20260909 04:41:23.892786   705 skeleton_planner.h:170] Found solution in: 3
I20260909 04:41:23.892824   705 skeleton_planner.h:170] Found solution in: 11
I20260909 04:41:23.892838   705 skeleton_planner.h:170] Found solution in: 3
I20260909 04:41:23.892856   705 skeleton_planner.h:170] Found solution in: 5
I20260909 04:41:23.892887   705 skeleton_planner.h:170] Found solution in: 11
I20260909 04:41:23.892913   705 skeleton_planner.h:170] Found solution in: 7
I20260909 04:41:23.892967   705 skeleton_planner.h:170] Found solution in: 18
I20260909 04:41:23.892982   705 skeleton_planner.h:170] Found solution in: 3
I20260909 04:41:23.893006   705 skeleton_planner.h:170] Found solution in: 5
I20260909 04:41:23.893025   705 skeleton_planner.h:170] Found solution in: 5
I20260909 04:41:23.893046   705 skeleton_planner.h:170] Found solution in: 6
I20260909 04:41:23.893067   705 skeleton_planner.h:170] Found solution in: 5
I20260909 04:41:23.893081   705 skeleton_planner.h:170] Found solution in: 5
I20260909 04:41:23.893112   705 skeleton_planner.h:170] Found solution in: 9
I20260909 04:41:23.893124   705 skeleton_planner.h:170] Found solution in: 3
I20260909 04:41:23.893148   705 skeleton_planner.h:170] Found solution in: 8
I20260909 04:41:23.893172   705 skeleton_planner.h:170] Found solution in: 6
I20260909 04:41:23.893184   705 skeleton_planner.h:170] Found solution in: 4
I20260909 04:41:23.893194   705 skeleton_planner.h:170] Found solution in: 3
I20260909 04:41:23.893205   705 skeleton_planner.h:170] Found solution in: 3
I20260909 04:41:23.893234   705 skeleton_planner.h:170] Found solution in: 8
I20260909 04:41:23.893257   705 skeleton_planner.h:170] Found solution in: 6
I20260909 04:41:23.893270   705 skeleton_planner.h:170] Found solution in: 4
I20260909 04:41:23.893287   705 skeleton_planner.h:170] Found solution in: 5
I20260909 04:41:23.893313   705 skeleton_planner.h:170] Found solution in: 8
I20260909 04:41:23.893321   705 skeleton_planner.h:170] Found solution in: 1
I20260909 04:41:23.893335   705 skeleton_planner.h:170] Found solution in: 4
I20260909 04:41:23.893340   705 skeleton_planner.h:170] Found solution in: 1
I20260909 04:41:23.893366   705 skeleton_planner.h:170] Found solution in: 10
I20260909 04:41:23.893378   705 skeleton_planner.h:170] Found solution in: 3
I20260909 04:41:23.893391   705 skeleton_planner.h:170] Found solution in: 4
I20260909 04:41:23.893409   705 skeleton_planner.h:170] Found solution in: 5
I20260909 04:41:23.893438   705 skeleton_planner.h:170] Found solution in: 10
I20260909 04:41:23.893464   705 skeleton_planner.h:170] Found solution in: 7
I20260909 04:41:23.893523   705 skeleton_planner.h:170] Found solution in: 22
I20260909 04:41:23.893538   705 skeleton_planner.h:170] Found solution in: 4
I20260909 04:41:23.893553   705 skeleton_planner.h:170] Found solution in: 5
I20260909 04:41:23.893572   705 skeleton_planner.h:170] Found solution in: 4
I20260909 04:41:23.893591   705 skeleton_planner.h:170] Found solution in: 5
I20260909 04:41:23.893604   705 skeleton_planner.h:170] Found solution in: 4
I20260909 04:41:23.893611   705 skeleton_planner.h:170] Found solution in: 2
I20260909 04:41:23.893627   705 skeleton_planner.h:170] Found solution in: 5
I20260909 04:41:23.893647   705 skeleton_planner.h:170] Found solution in: 7
I20260909 04:41:23.893667   705 skeleton_planner.h:170] Found solution in: 6
I20260909 04:41:23.893697   705 skeleton_planner.h:170] Found solution in: 10
I20260909 04:41:23.893740   705 skeleton_planner.h:170] Found solution in: 12
I20260909 04:41:23.893765   705 skeleton_planner.h:170] Found solution in: 5
I20260909 04:41:23.893801   705 skeleton_planner.h:170] Found solution in: 10
I20260909 04:41:23.893865   705 skeleton_planner.h:170] Found solution in: 16
I20260909 04:41:23.893913   705 skeleton_planner.h:170] Found solution in: 10
I20260909 04:41:23.893968   705 skeleton_planner.h:170] Found solution in: 15
I20260909 04:41:23.893983   705 skeleton_planner.h:170] Found solution in: 3
I20260909 04:41:23.894006   705 skeleton_planner.h:170] Found solution in: 6
I20260909 04:41:23.894130   705 skeleton_planner.h:170] Found solution in: 35
I20260909 04:41:23.894170   705 skeleton_planner.h:170] Found solution in: 6
I20260909 04:41:23.894279   705 skeleton_planner.h:170] Found solution in: 28
I20260909 04:41:23.894348   705 skeleton_planner.h:170] Found solution in: 16
I20260909 04:41:23.894362   705 skeleton_planner.h:170] Found solution in: 3
I20260909 04:41:23.894496   705 skeleton_planner.h:170] Found solution in: 34
I20260909 04:41:23.894560   705 skeleton_planner.h:170] Found solution in: 14
I20260909 04:41:23.894590   705 skeleton_planner.h:170] Found solution in: 8
I20260909 04:41:23.894624   705 skeleton_planner.h:170] Found solution in: 10
I20260909 04:41:23.894647   705 skeleton_planner.h:170] Found solution in: 5
I20260909 04:41:23.894668   705 skeleton_planner.h:170] Found solution in: 7
I20260909 04:41:23.894682   705 skeleton_planner.h:170] Found solution in: 4
I20260909 04:41:23.894699   705 skeleton_planner.h:170] Found solution in: 5
I20260909 04:41:23.894723   705 skeleton_planner.h:170] Found solution in: 7
I20260909 04:41:23.894734   705 skeleton_planner.h:170] Found solution in: 3
I20260909 04:41:23.894750   705 skeleton_planner.h:170] Found solution in: 4
I20260909 04:41:23.894771   705 skeleton_planner.h:170] Found solution in: 7
I20260909 04:41:23.894788   705 skeleton_planner.h:170] Found solution in: 4
I20260909 04:41:23.894814   705 skeleton_planner.h:170] Found solution in: 9
I20260909 04:41:23.894826   705 skeleton_planner.h:170] Found solution in: 4
I20260909 04:41:23.894837   705 skeleton_planner.h:170] Found solution in: 4
I20260909 04:41:23.894850   705 skeleton_planner.h:170] Found solution in: 4
I20260909 04:41:23.894857   705 skeleton_planner.h:170] Found solution in: 2
I20260909 04:41:23.894867   705 skeleton_planner.h:170] Found solution in: 3
I20260909 04:41:23.894872   705 skeleton_planner.h:170] Found solution in: 1
I20260909 04:41:23.894886   705 skeleton_planner.h:170] Found solution in: 4
I20260909 04:41:23.894899   705 skeleton_planner.h:170] Found solution in: 5
I20260909 04:41:23.894909   705 skeleton_planner.h:170] Found solution in: 3
I20260909 04:41:23.894927   705 skeleton_planner.h:170] Found solution in: 6
I20260909 04:41:23.894948   705 skeleton_planner.h:170] Found solution in: 6
I20260909 04:41:23.894969   705 skeleton_planner.h:170] Found solution in: 7
I20260909 04:41:23.894982   705 skeleton_planner.h:170] Found solution in: 4
I20260909 04:41:23.894987   705 skeleton_planner.h:170] Found solution in: 1
I20260909 04:41:23.895004   705 skeleton_planner.h:170] Found solution in: 5
I20260909 04:41:23.895021   705 skeleton_planner.h:170] Found solution in: 5
I20260909 04:41:23.895037   705 skeleton_planner.h:170] Found solution in: 5
I20260909 04:41:23.895061   705 skeleton_planner.h:170] Found solution in: 7
I20260909 04:41:23.895084   705 skeleton_planner.h:170] Found solution in: 7
I20260909 04:41:23.895118   705 skeleton_planner.h:170] Found solution in: 9
I20260909 04:41:23.895134   705 skeleton_planner.h:170] Found solution in: 4
I20260909 04:41:23.895149   705 skeleton_planner.h:170] Found solution in: 5
I20260909 04:41:23.895170   705 skeleton_planner.h:170] Found solution in: 6
I20260909 04:41:23.895191   705 skeleton_planner.h:170] Found solution in: 7
I20260909 04:41:23.895201   705 skeleton_planner.h:170] Found solution in: 3
I20260909 04:41:23.895212   705 skeleton_planner.h:170] Found solution in: 3
I20260909 04:41:23.895231   705 skeleton_planner.h:170] Found solution in: 5
I20260909 04:41:23.895252   705 skeleton_planner.h:170] Found solution in: 6
I20260909 04:41:23.895279   705 skeleton_planner.h:170] Found solution in: 8
I20260909 04:41:23.895308   705 skeleton_planner.h:170] Found solution in: 8
I20260909 04:41:23.895320   705 skeleton_planner.h:170] Found solution in: 4
I20260909 04:41:23.895349   705 skeleton_planner.h:170] Found solution in: 11
I20260909 04:41:23.895361   705 skeleton_planner.h:170] Found solution in: 3
I20260909 04:41:23.895365   705 skeleton_planner.h:170] Found solution in: 1
I20260909 04:41:23.895392   705 skeleton_planner.h:170] Found solution in: 9
I20260909 04:41:23.895421   705 skeleton_planner.h:170] Found solution in: 8
I20260909 04:41:23.895427   705 skeleton_planner.h:170] Found solution in: 1
I20260909 04:41:23.895452   705 skeleton_planner.h:170] Found solution in: 9
I20260909 04:41:23.895469   705 skeleton_planner.h:170] Found solution in: 5
I20260909 04:41:23.895485   705 skeleton_planner.h:170] Found solution in: 5
I20260909 04:41:23.895503   705 skeleton_planner.h:170] Found solution in: 6
I20260909 04:41:23.895517   705 skeleton_planner.h:170] Found solution in: 4
I20260909 04:41:23.895534   705 skeleton_planner.h:170] Found solution in: 5
I20260909 04:41:23.895545   705 skeleton_planner.h:170] Found solution in: 3
I20260909 04:41:23.895565   705 skeleton_planner.h:170] Found solution in: 6
I20260909 04:41:23.895582   705 skeleton_planner.h:170] Found solution in: 5
I20260909 04:41:23.895601   705 skeleton_planner.h:170] Found solution in: 5
I20260909 04:41:23.895623   705 skeleton_planner.h:170] Found solution in: 9
I20260909 04:41:23.895643   705 skeleton_planner.h:170] Found solution in: 6
I20260909 04:41:23.895675   705 skeleton_planner.h:170] Found solution in: 12
I20260909 04:41:23.895689   705 skeleton_planner.h:170] Found solution in: 4
I20260909 04:41:23.895709   705 skeleton_planner.h:170] Found solution in: 6
I20260909 04:41:23.895731   705 skeleton_planner.h:170] Found solution in: 7
I20260909 04:41:23.895776   705 skeleton_planner.h:170] Found solution in: 14
I20260909 04:41:23.895793   705 skeleton_planner.h:170] Found solution in: 5
I20260909 04:41:23.895798   705 skeleton_planner.h:170] Found solution in: 1
I20260909 04:41:23.895820   705 skeleton_planner.h:170] Found solution in: 6
I20260909 04:41:23.895833   705 skeleton_planner.h:170] Found solution in: 4
I20260909 04:41:23.895854   705 skeleton_planner.h:170] Found solution in: 6
I20260909 04:41:23.895872   705 skeleton_planner.h:170] Found solution in: 5
I20260909 04:41:23.895888   705 skeleton_planner.h:170] Found solution in: 5
I20260909 04:41:23.895903   705 skeleton_planner.h:170] Found solution in: 4
I20260909 04:41:23.895918   705 skeleton_planner.h:170] Found solution in: 5
I20260909 04:41:23.895944   705 skeleton_planner.h:170] Found solution in: 11
I20260909 04:41:23.895956   705 skeleton_planner.h:170] Found solution in: 3
I20260909 04:41:23.895988   705 skeleton_planner.h:170] Found solution in: 14
I20260909 04:41:23.896067   705 skeleton_planner.h:170] Found solution in: 37
I20260909 04:41:23.896096   705 skeleton_planner.h:170] Found solution in: 5
I20260909 04:41:23.896119   705 skeleton_planner.h:170] Found solution in: 7
I20260909 04:41:23.896137   705 skeleton_planner.h:170] Found solution in: 4
I20260909 04:41:23.896164   705 skeleton_planner.h:170] Found solution in: 8
I20260909 04:41:23.896188   705 skeleton_planner.h:170] Found solution in: 8
I20260909 04:41:23.896203   705 skeleton_planner.h:170] Found solution in: 4
I20260909 04:41:23.896221   705 skeleton_planner.h:170] Found solution in: 6
I20260909 04:41:23.896247   705 skeleton_planner.h:170] Found solution in: 9
I20260909 04:41:23.896267   705 skeleton_planner.h:170] Found solution in: 6
I20260909 04:41:23.896294   705 skeleton_planner.h:170] Found solution in: 10
I20260909 04:41:23.896320   705 skeleton_planner.h:170] Found solution in: 6
I20260909 04:41:23.896340   705 skeleton_planner.h:170] Found solution in: 6
I20260909 04:41:23.896375   705 skeleton_planner.h:170] Found solution in: 12
I20260909 04:41:23.896411   705 skeleton_planner.h:170] Found solution in: 11
I20260909 04:41:23.896453   705 skeleton_planner.h:170] Found solution in: 13
I20260909 04:41:23.896477   705 skeleton_planner.h:170] Found solution in: 6
I20260909 04:41:23.896510   705 skeleton_planner.h:170] Found solution in: 12
I20260909 04:41:23.896517   705 skeleton_planner.h:170] Found solution in: 1
I20260909 04:41:23.896530   705 skeleton_planner.h:170] Found solution in: 5
I20260909 04:41:23.896551   705 skeleton_planner.h:170] Found solution in: 5
I20260909 04:41:23.896570   705 skeleton_planner.h:170] Found solution in: 5
I20260909 04:41:23.896593   705 skeleton_planner.h:170] Found solution in: 7
I20260909 04:41:23.896615   705 skeleton_planner.h:170] Found solution in: 6
I20260909 04:41:23.896621   705 skeleton_planner.h:170] Found solution in: 1
I20260909 04:41:23.896657   705 skeleton_planner.h:170] Found solution in: 10
I20260909 04:41:23.896672   705 skeleton_planner.h:170] Found solution in: 3
I20260909 04:41:23.896690   705 skeleton_planner.h:170] Found solution in: 6
I20260909 04:41:23.896714   705 skeleton_planner.h:170] Found solution in: 7
I20260909 04:41:23.896739   705 skeleton_planner.h:170] Found solution in: 10
I20260909 04:41:23.896751   705 skeleton_planner.h:170] Found solution in: 4
I20260909 04:41:23.896766   705 skeleton_planner.h:170] Found solution in: 4
I20260909 04:41:23.896786   705 skeleton_planner.h:170] Found solution in: 6
I20260909 04:41:23.896798   705 skeleton_planner.h:170] Found solution in: 4
I20260909 04:41:23.896812   705 skeleton_planner.h:170] Found solution in: 4
I20260909 04:41:23.896837   705 skeleton_planner.h:170] Found solution in: 10
I20260909 04:41:23.896869   705 skeleton_planner.h:170] Found solution in: 11
I20260909 04:41:23.896883   705 skeleton_planner.h:170] Found solution in: 3
I20260909 04:41:23.896909   705 skeleton_planner.h:170] Found solution in: 8
I20260909 04:41:23.896920   705 skeleton_planner.h:170] Found solution in: 3
I20260909 04:41:23.896940   705 skeleton_planner.h:170] Found solution in: 6
I20260909 04:41:23.896967   705 skeleton_planner.h:170] Found solution in: 9
I20260909 04:41:23.896991   705 skeleton_planner.h:170] Found solution in: 7
I20260909 04:41:23.896998   705 skeleton_planner.h:170] Found solution in: 1
I20260909 04:41:23.897030   705 skeleton_planner.h:170] Found solution in: 11
I20260909 04:41:23.897070   705 skeleton_planner.h:170] Found solution in: 14
I20260909 04:41:23.897107   705 skeleton_planner.h:170] Found solution in: 11
I20260909 04:41:23.897143   705 skeleton_planner.h:170] Found solution in: 9
I20260909 04:41:23.897156   705 skeleton_planner.h:170] Found solution in: 3
I20260909 04:41:23.897183   705 skeleton_planner.h:170] Found solution in: 8
I20260909 04:41:23.897233   705 skeleton_planner.h:170] Found solution in: 15
I20260909 04:41:23.897259   705 skeleton_planner.h:170] Found solution in: 5
I20260909 04:41:23.897281   705 skeleton_planner.h:170] Found solution in: 8
I20260909 04:41:23.897307   705 skeleton_planner.h:170] Found solution in: 7
I20260909 04:41:23.897318   705 skeleton_planner.h:170] Found solution in: 3
I20260909 04:41:23.897337   705 skeleton_planner.h:170] Found solution in: 6
I20260909 04:41:23.897352   705 skeleton_planner.h:170] Found solution in: 4
I20260909 04:41:23.897361   705 skeleton_planner.h:170] Found solution in: 3
I20260909 04:41:23.897374   705 skeleton_planner.h:170] Found solution in: 4
I20260909 04:41:23.897379   705 skeleton_planner.h:170] Found solution in: 1
I20260909 04:41:23.897387   705 skeleton_planner.h:170] Found solution in: 3
I20260909 04:41:23.897400   705 skeleton_planner.h:170] Found solution in: 4
I20260909 04:41:23.897423   705 skeleton_planner.h:170] Found solution in: 8
I20260909 04:41:23.897434   705 skeleton_planner.h:170] Found solution in: 3
I20260909 04:41:23.897446   705 skeleton_planner.h:170] Found solution in: 5
I20260909 04:41:23.897459   705 skeleton_planner.h:170] Found solution in: 4
I20260909 04:41:23.897471   705 skeleton_planner.h:170] Found solution in: 3
I20260909 04:41:23.897508   705 skeleton_planner.h:170] Found solution in: 11
I20260909 04:41:23.897545   705 skeleton_planner.h:170] Found solution in: 9
I20260909 04:41:23.897558   705 skeleton_planner.h:170] Found solution in: 3
I20260909 04:41:23.897569   705 skeleton_planner.h:170] Found solution in: 3
I20260909 04:41:23.897585   705 skeleton_planner.h:170] Found solution in: 6
I20260909 04:41:23.897590   705 skeleton_planner.h:170] Found solution in: 1
I20260909 04:41:23.897593   705 skeleton_planner.h:170] Found solution in: 1
I20260909 04:41:23.897603   705 skeleton_planner.h:170] Found solution in: 3
I20260909 04:41:23.897609   705 skeleton_planner.h:170] Found solution in: 2
I20260909 04:41:23.897614   705 skeleton_planner.h:170] Found solution in: 1
I20260909 04:41:23.897647   705 skeleton_planner.h:170] Found solution in: 16
I20260909 04:41:23.897662   705 skeleton_planner.h:170] Found solution in: 5
I20260909 04:41:23.897681   705 skeleton_planner.h:170] Found solution in: 6
I20260909 04:41:23.897697   705 skeleton_planner.h:170] Found solution in: 6
I20260909 04:41:23.897702   705 skeleton_planner.h:170] Found solution in: 1
I20260909 04:41:23.897725   705 skeleton_planner.h:170] Found solution in: 9
I20260909 04:41:23.897750   705 skeleton_planner.h:170] Found solution in: 10
I20260909 04:41:23.897779   705 skeleton_planner.h:170] Found solution in: 13
I20260909 04:41:23.897784   705 skeleton_planner.h:170] Found solution in: 1
I20260909 04:41:23.897799   705 skeleton_planner.h:170] Found solution in: 7
I20260909 04:41:23.897810   705 skeleton_planner.h:170] Found solution in: 4
I20260909 04:41:23.897820   705 skeleton_planner.h:170] Found solution in: 3
I20260909 04:41:23.897833   705 skeleton_planner.h:170] Found solution in: 5
I20260909 04:41:23.897837   705 skeleton_planner.h:170] Found solution in: 1
I20260909 04:41:23.897857   705 skeleton_planner.h:170] Found solution in: 7
I20260909 04:41:23.897882   705 skeleton_planner.h:170] Found solution in: 8
I20260909 04:41:23.897914   705 skeleton_planner.h:170] Found solution in: 9
I20260909 04:41:23.897936   705 skeleton_planner.h:170] Found solution in: 5
I20260909 04:41:23.897967   705 skeleton_planner.h:170] Found solution in: 8
I20260909 04:41:23.897991   705 skeleton_planner.h:170] Found solution in: 6
I20260909 04:41:23.898010   705 skeleton_planner.h:170] Found solution in: 5
I20260909 04:41:23.898022   705 skeleton_planner.h:170] Found solution in: 4
I20260909 04:41:23.898042   705 skeleton_planner.h:170] Found solution in: 6
I20260909 04:41:23.898133   705 skeleton_planner.h:170] Found solution in: 24
I20260909 04:41:23.898176   705 skeleton_planner.h:170] Found solution in: 8
I20260909 04:41:23.898190   705 skeleton_planner.h:170] Found solution in: 3
I20260909 04:41:23.898281   705 skeleton_planner.h:170] Found solution in: 23
I20260909 04:41:23.898299   705 skeleton_planner.h:170] Found solution in: 3
I20260909 04:41:23.898353   705 skeleton_planner.h:170] Found solution in: 12
I20260909 04:41:23.898401   705 skeleton_planner.h:170] Found solution in: 11
I20260909 04:41:23.898469   705 skeleton_planner.h:170] Found solution in: 17
I20260909 04:41:23.898530   705 skeleton_planner.h:170] Found solution in: 14
I20260909 04:41:23.898540   705 skeleton_planner.h:170] Found solution in: 1
I20260909 04:41:23.898566   705 skeleton_planner.h:170] Found solution in: 6
I20260909 04:41:23.898586   705 skeleton_planner.h:170] Found solution in: 8
I20260909 04:41:23.898600   705 skeleton_planner.h:170] Found solution in: 4
I20260909 04:41:23.898623   705 skeleton_planner.h:170] Found solution in: 9
I20260909 04:41:23.898638   705 skeleton_planner.h:170] Found solution in: 5
I20260909 04:41:23.898651   705 skeleton_planner.h:170] Found solution in: 6
I20260909 04:41:23.898669   705 skeleton_planner.h:170] Found solution in: 7
I20260909 04:41:23.898676   705 skeleton_planner.h:170] Found solution in: 2
I20260909 04:41:23.898680   705 skeleton_planner.h:170] Found solution in: 1
I20260909 04:41:23.898697   705 skeleton_planner.h:170] Found solution in: 7
I20260909 04:41:23.898725   705 skeleton_planner.h:170] Found solution in: 10
I20260909 04:41:23.898741   705 skeleton_planner.h:170] Found solution in: 7
I20260909 04:41:23.898761   705 skeleton_planner.h:170] Found solution in: 8
I20260909 04:41:23.898778   705 skeleton_planner.h:170] Found solution in: 8
I20260909 04:41:23.898790   705 skeleton_planner.h:170] Found solution in: 4
I20260909 04:41:23.898802   705 skeleton_planner.h:170] Found solution in: 4
I20260909 04:41:23.898813   705 skeleton_planner.h:170] Found solution in: 3
I20260909 04:41:23.898819   705 skeleton_planner.h:170] Found solution in: 2
I20260909 04:41:23.898845   705 skeleton_planner.h:170] Found solution in: 11
I20260909 04:41:23.898854   705 skeleton_planner.h:170] Found solution in: 2
I20260909 04:41:23.898873   705 skeleton_planner.h:170] Found solution in: 6
I20260909 04:41:23.898890   705 skeleton_planner.h:170] Found solution in: 7
I20260909 04:41:23.898912   705 skeleton_planner.h:170] Found solution in: 9
I20260909 04:41:23.898926   705 skeleton_planner.h:170] Found solution in: 4
I20260909 04:41:23.898941   705 skeleton_planner.h:170] Found solution in: 5
I20260909 04:41:23.898958   705 skeleton_planner.h:170] Found solution in: 5
I20260909 04:41:23.898974   705 skeleton_planner.h:170] Found solution in: 7
I20260909 04:41:23.898998   705 skeleton_planner.h:170] Found solution in: 9
I20260909 04:41:23.899041   705 skeleton_planner.h:170] Found solution in: 15
I20260909 04:41:23.899053   705 skeleton_planner.h:170] Found solution in: 3
I20260909 04:41:23.899082   705 skeleton_planner.h:170] Found solution in: 11
I20260909 04:41:23.899096   705 skeleton_planner.h:170] Found solution in: 4
I20260909 04:41:23.899142   705 skeleton_planner.h:170] Found solution in: 17
I20260909 04:41:23.899266   705 skeleton_planner.h:170] Found solution in: 39
I20260909 04:41:23.899286   705 skeleton_planner.h:170] Found solution in: 3
I20260909 04:41:23.899299   705 skeleton_planner.h:170] Found solution in: 4
I20260909 04:41:23.899329   705 skeleton_planner.h:170] Found solution in: 5
I20260909 04:41:23.899343   705 skeleton_planner.h:170] Found solution in: 3
I20260909 04:41:23.899363   705 skeleton_planner.h:170] Found solution in: 7
I20260909 04:41:23.899382   705 skeleton_planner.h:170] Found solution in: 5
I20260909 04:41:23.899400   705 skeleton_planner.h:170] Found solution in: 5
I20260909 04:41:23.899416   705 skeleton_planner.h:170] Found solution in: 5
I20260909 04:41:23.899442   705 skeleton_planner.h:170] Found solution in: 8
I20260909 04:41:23.899559   705 skeleton_planner.h:170] Found solution in: 36
I20260909 04:41:23.899588   705 skeleton_planner.h:170] Found solution in: 4
I20260909 04:41:23.899600   705 skeleton_planner.h:170] Found solution in: 3
I20260909 04:41:23.899609   705 skeleton_planner.h:170] Found solution in: 3
I20260909 04:41:23.899614   705 skeleton_planner.h:170] Found solution in: 1
I20260909 04:41:23.899616   705 skeleton_planner.h:170] Found solution in: 1
I20260909 04:41:23.899638   705 skeleton_planner.h:170] Found solution in: 7
I20260909 04:41:23.899668   705 skeleton_planner.h:170] Found solution in: 9
I20260909 04:41:23.899717   705 skeleton_planner.h:170] Found solution in: 14
I20260909 04:41:23.899760   705 skeleton_planner.h:170] Found solution in: 9
I20260909 04:41:23.899783   705 skeleton_planner.h:170] Found solution in: 5
I20260909 04:41:23.899809   705 skeleton_planner.h:170] Found solution in: 9
I20260909 04:41:23.899859   705 skeleton_planner.h:170] Found solution in: 12
I20260909 04:41:23.899890   705 skeleton_planner.h:170] Found solution in: 7
I20260909 04:41:23.899940   705 skeleton_planner.h:170] Found solution in: 13
I20260909 04:41:23.899971   705 skeleton_planner.h:170] Found solution in: 7
I20260909 04:41:23.899993   705 skeleton_planner.h:170] Found solution in: 8
I20260909 04:41:23.900012   705 skeleton_planner.h:170] Found solution in: 8
I20260909 04:41:23.900017   705 skeleton_planner.h:170] Found solution in: 1
I20260909 04:41:23.900020   705 skeleton_planner.h:170] Found solution in: 1
I20260909 04:41:23.900041   705 skeleton_planner.h:170] Found solution in: 8
I20260909 04:41:23.900074   705 skeleton_planner.h:170] Found solution in: 8
I20260909 04:41:23.900086   705 skeleton_planner.h:170] Found solution in: 3
I20260909 04:41:23.900099   705 skeleton_planner.h:170] Found solution in: 4
I20260909 04:41:23.900115   705 skeleton_planner.h:170] Found solution in: 4
I20260909 04:41:23.900151   705 skeleton_planner.h:170] Found solution in: 10
I20260909 04:41:23.900223   705 skeleton_planner.h:170] Found solution in: 19
I20260909 04:41:23.900240   705 skeleton_planner.h:170] Found solution in: 3
I20260909 04:41:23.900273   705 skeleton_planner.h:170] Found solution in: 10
I20260909 04:41:23.900313   705 skeleton_planner.h:170] Found solution in: 13
I20260909 04:41:23.900430   705 skeleton_planner.h:170] Found solution in: 32
I20260909 04:41:23.900449   705 skeleton_planner.h:170] Found solution in: 3
I20260909 04:41:23.900465   705 skeleton_planner.h:170] Found solution in: 5
I20260909 04:41:23.900566   705 skeleton_planner.h:170] Found solution in: 28
I20260909 04:41:23.900816   705 skeleton_planner.h:170] Found solution in: 98
I20260909 04:41:23.900853   705 skeleton_planner.h:170] Found solution in: 5
I20260909 04:41:23.900890   705 skeleton_planner.h:170] Found solution in: 12
I20260909 04:41:23.900951   705 skeleton_planner.h:170] Found solution in: 18
I20260909 04:41:23.900969   705 skeleton_planner.h:170] Found solution in: 4
I20260909 04:41:23.900992   705 skeleton_planner.h:170] Found solution in: 6
I20260909 04:41:23.901005   705 skeleton_planner.h:170] Found solution in: 3
I20260909 04:41:23.901060   705 skeleton_planner.h:170] Found solution in: 18
I20260909 04:41:23.901088   705 skeleton_planner.h:170] Found solution in: 6
I20260909 04:41:23.901151   705 skeleton_planner.h:170] Found solution in: 21
I20260909 04:41:23.901226   705 skeleton_planner.h:170] Found solution in: 22
I20260909 04:41:23.901237   705 skeleton_planner.h:170] Found solution in: 1
I20260909 04:41:23.901268   705 skeleton_planner.h:170] Found solution in: 8
I20260909 04:41:23.901316   705 skeleton_planner.h:170] Found solution in: 16
I20260909 04:41:23.901353   705 skeleton_planner.h:170] Found solution in: 9
I20260909 04:41:23.901392   705 skeleton_planner.h:170] Found solution in: 10
I20260909 04:41:23.901423   705 skeleton_planner.h:170] Found solution in: 7
I20260909 04:41:23.901441   705 skeleton_planner.h:170] Found solution in: 5
I20260909 04:41:23.901458   705 skeleton_planner.h:170] Found solution in: 5
I20260909 04:41:23.901474   705 skeleton_planner.h:170] Found solution in: 5
I20260909 04:41:23.901495   705 skeleton_planner.h:170] Found solution in: 6
I20260909 04:41:23.901506   705 skeleton_planner.h:170] Found solution in: 3
I20260909 04:41:23.901510   705 skeleton_planner.h:170] Found solution in: 1
I20260909 04:41:23.901513   705 skeleton_planner.h:170] Found solution in: 1
I20260909 04:41:23.901530   705 skeleton_planner.h:170] Found solution in: 5
I20260909 04:41:23.901544   705 skeleton_planner.h:170] Found solution in: 4
I20260909 04:41:23.901564   705 skeleton_planner.h:170] Found solution in: 7
I20260909 04:41:23.901587   705 skeleton_planner.h:170] Found solution in: 8
I20260909 04:41:23.901640   705 skeleton_planner.h:170] Found solution in: 18
I20260909 04:41:23.901677   705 skeleton_planner.h:170] Found solution in: 12
I20260909 04:41:23.901692   705 skeleton_planner.h:170] Found solution in: 4
I20260909 04:41:23.901716   705 skeleton_planner.h:170] Found solution in: 6
I20260909 04:41:23.901728   705 skeleton_planner.h:170] Found solution in: 4
I20260909 04:41:23.901747   705 skeleton_planner.h:170] Found solution in: 6
I20260909 04:41:23.901757   705 skeleton_planner.h:170] Found solution in: 3
I20260909 04:41:23.901779   705 skeleton_planner.h:170] Found solution in: 6
I20260909 04:41:23.901791   705 skeleton_planner.h:170] Found solution in: 3
I20260909 04:41:23.901813   705 skeleton_planner.h:170] Found solution in: 8
I20260909 04:41:23.901866   705 skeleton_planner.h:170] Found solution in: 16
I20260909 04:41:23.901894   705 skeleton_planner.h:170] Found solution in: 6
I20260909 04:41:23.901911   705 skeleton_planner.h:170] Found solution in: 5
I20260909 04:41:23.901924   705 skeleton_planner.h:170] Found solution in: 4
I20260909 04:41:23.901943   705 skeleton_planner.h:170] Found solution in: 6
I20260909 04:41:23.901959   705 skeleton_planner.h:170] Found solution in: 4
I20260909 04:41:23.901980   705 skeleton_planner.h:170] Found solution in: 6
I20260909 04:41:23.902001   705 skeleton_planner.h:170] Found solution in: 8
I20260909 04:41:23.902020   705 skeleton_planner.h:170] Found solution in: 8
I20260909 04:41:23.902040   705 skeleton_planner.h:170] Found solution in: 6
I20260909 04:41:23.902055   705 skeleton_planner.h:170] Found solution in: 4
I20260909 04:41:23.902079   705 skeleton_planner.h:170] Found solution in: 7
I20260909 04:41:23.902107   705 skeleton_planner.h:170] Found solution in: 8
I20260909 04:41:23.902122   705 skeleton_planner.h:170] Found solution in: 5
I20260909 04:41:23.902143   705 skeleton_planner.h:170] Found solution in: 5
I20260909 04:41:23.902160   705 skeleton_planner.h:170] Found solution in: 7
I20260909 04:41:23.902175   705 skeleton_planner.h:170] Found solution in: 5
I20260909 04:41:23.902195   705 skeleton_planner.h:170] Found solution in: 7
I20260909 04:41:23.902215   705 skeleton_planner.h:170] Found solution in: 7
I20260909 04:41:23.902243   705 skeleton_planner.h:170] Found solution in: 12
I20260909 04:41:23.902257   705 skeleton_planner.h:170] Found solution in: 4
I20260909 04:41:23.902267   705 skeleton_planner.h:170] Found solution in: 3
I20260909 04:41:23.902279   705 skeleton_planner.h:170] Found solution in: 5
I20260909 04:41:23.902290   705 skeleton_planner.h:170] Found solution in: 4
I20260909 04:41:23.902304   705 skeleton_planner.h:170] Found solution in: 5
I20260909 04:41:23.902321   705 skeleton_planner.h:170] Found solution in: 4
I20260909 04:41:23.902366   705 skeleton_planner.h:170] Found solution in: 17
I20260909 04:41:23.902390   705 skeleton_planner.h:170] Found solution in: 5
I20260909 04:41:23.902472   705 skeleton_planner.h:170] Found solution in: 32
I20260909 04:41:23.902559   705 skeleton_planner.h:170] Found solution in: 34
I20260909 04:41:23.902592   705 skeleton_planner.h:170] Found solution in: 6
I20260909 04:41:23.902623   705 skeleton_planner.h:170] Found solution in: 8
I20260909 04:41:23.902642   705 skeleton_planner.h:170] Found solution in: 4
I20260909 04:41:23.902663   705 skeleton_planner.h:170] Found solution in: 6
I20260909 04:41:23.902679   705 skeleton_planner.h:170] Found solution in: 6
I20260909 04:41:23.902693   705 skeleton_planner.h:170] Found solution in: 4
I20260909 04:41:23.902714   705 skeleton_planner.h:170] Found solution in: 9
I20260909 04:41:23.902745   705 skeleton_planner.h:170] Found solution in: 14
I20260909 04:41:23.902758   705 skeleton_planner.h:170] Found solution in: 4
I20260909 04:41:23.902774   705 skeleton_planner.h:170] Found solution in: 7
I20260909 04:41:23.902788   705 skeleton_planner.h:170] Found solution in: 5
I20260909 04:41:23.902810   705 skeleton_planner.h:170] Found solution in: 9
I20260909 04:41:23.902839   705 skeleton_planner.h:170] Found solution in: 12
I20260909 04:41:23.902854   705 skeleton_planner.h:170] Found solution in: 5
I20260909 04:41:23.902866   705 skeleton_planner.h:170] Found solution in: 4
I20260909 04:41:23.902896   705 skeleton_planner.h:170] Found solution in: 11
I20260909 04:41:23.902910   705 skeleton_planner.h:170] Found solution in: 4
I20260909 04:41:23.902942   705 skeleton_planner.h:170] Found solution in: 14
I20260909 04:41:23.902972   705 skeleton_planner.h:170] Found solution in: 10
I20260909 04:41:23.903002   705 skeleton_planner.h:170] Found solution in: 8
I20260909 04:41:23.903034   705 skeleton_planner.h:170] Found solution in: 11
I20260909 04:41:23.903053   705 skeleton_planner.h:170] Found solution in: 4
I20260909 04:41:23.903064   705 skeleton_planner.h:170] Found solution in: 3
I20260909 04:41:23.903113   705 skeleton_planner.h:170] Found solution in: 14
I20260909 04:41:23.903142   705 skeleton_planner.h:170] Found solution in: 6
I20260909 04:41:23.903183   705 skeleton_planner.h:170] Found solution in: 15
I20260909 04:41:23.903205   705 skeleton_planner.h:170] Found solution in: 6
I20260909 04:41:23.903235   705 skeleton_planner.h:170] Found solution in: 9
I20260909 04:41:23.903262   705 skeleton_planner.h:170] Found solution in: 9
I20260909 04:41:23.903329   705 skeleton_planner.h:170] Found solution in: 18
I20260909 04:41:23.903344   705 skeleton_planner.h:170] Found solution in: 3
I20260909 04:41:23.903373   705 skeleton_planner.h:170] Found solution in: 8
I20260909 04:41:23.903419   705 skeleton_planner.h:170] Found solution in: 17
I20260909 04:41:23.903431   705 skeleton_planner.h:170] Found solution in: 3
I20260909 04:41:23.903465   705 skeleton_planner.h:170] Found solution in: 13
I20260909 04:41:23.903501   705 skeleton_planner.h:170] Found solution in: 15
I20260909 04:41:23.903522   705 skeleton_planner.h:170] Found solution in: 6
I20260909 04:41:23.903618   705 skeleton_planner.h:170] Found solution in: 36
I20260909 04:41:23.903649   705 skeleton_planner.h:170] Found solution in: 5
I20260909 04:41:23.903654   705 skeleton_planner.h:170] Found solution in: 1
I20260909 04:41:23.903674   705 skeleton_planner.h:170] Found solution in: 9
I20260909 04:41:23.903683   705 skeleton_planner.h:170] Found solution in: 3
I20260909 04:41:23.903694   705 skeleton_planner.h:170] Found solution in: 4
I20260909 04:41:23.903699   705 skeleton_planner.h:170] Found solution in: 1
I20260909 04:41:23.903710   705 skeleton_planner.h:170] Found solution in: 5
I20260909 04:41:23.903728   705 skeleton_planner.h:170] Found solution in: 5
I20260909 04:41:23.903755   705 skeleton_planner.h:170] Found solution in: 11
I20260909 04:41:23.903766   705 skeleton_planner.h:170] Found solution in: 3
I20260909 04:41:23.903782   705 skeleton_planner.h:170] Found solution in: 7
I20260909 04:41:23.903805   705 skeleton_planner.h:170] Found solution in: 8
I20260909 04:41:23.903813   705 skeleton_planner.h:170] Found solution in: 2
I20260909 04:41:23.903829   705 skeleton_planner.h:170] Found solution in: 8
I20260909 04:41:23.903834   705 skeleton_planner.h:170] Found solution in: 1
I20260909 04:41:23.903836   705 skeleton_planner.h:170] Found solution in: 1
I20260909 04:41:23.903849   705 skeleton_planner.h:170] Found solution in: 6
I20260909 04:41:23.903885   705 skeleton_planner.h:170] Found solution in: 14
I20260909 04:41:23.903936   705 skeleton_planner.h:170] Found solution in: 19
I20260909 04:41:23.903991   705 skeleton_planner.h:170] Found solution in: 22
I20260909 04:41:23.904006   705 skeleton_planner.h:170] Found solution in: 3
I20260909 04:41:23.904016   705 skeleton_planner.h:170] Found solution in: 3
I20260909 04:41:23.904026   705 skeleton_planner.h:170] Found solution in: 3
I20260909 04:41:23.904037   705 skeleton_planner.h:170] Found solution in: 3
I20260909 04:41:23.904045   705 skeleton_planner.h:170] Found solution in: 2
I20260909 04:41:23.904049   705 skeleton_planner.h:170] Found solution in: 1
I20260909 04:41:23.904067   705 skeleton_planner.h:170] Found solution in: 4
I20260909 04:41:23.904078   705 skeleton_planner.h:170] Found solution in: 3
I20260909 04:41:23.904089   705 skeleton_planner.h:170] Found solution in: 3
I20260909 04:41:23.904096   705 skeleton_planner.h:170] Found solution in: 2
I20260909 04:41:23.904112   705 skeleton_planner.h:170] Found solution in: 5
I20260909 04:41:23.904124   705 skeleton_planner.h:170] Found solution in: 3
I20260909 04:41:23.904145   705 skeleton_planner.h:170] Found solution in: 7
I20260909 04:41:23.904166   705 skeleton_planner.h:170] Found solution in: 6
I20260909 04:41:23.904192   705 skeleton_planner.h:170] Found solution in: 8
I20260909 04:41:23.904206   705 skeleton_planner.h:170] Found solution in: 4
I20260909 04:41:23.904254   705 skeleton_planner.h:170] Found solution in: 14
I20260909 04:41:23.904269   705 skeleton_planner.h:170] Found solution in: 3
I20260909 04:41:23.904280   705 skeleton_planner.h:170] Found solution in: 3
I20260909 04:41:23.904312   705 skeleton_planner.h:170] Found solution in: 8
I20260909 04:41:23.904323   705 skeleton_planner.h:170] Found solution in: 2
I20260909 04:41:23.904328   705 skeleton_planner.h:170] Found solution in: 1
I20260909 04:41:23.904340   705 skeleton_planner.h:170] Found solution in: 5
I20260909 04:41:23.904356   705 skeleton_planner.h:170] Found solution in: 5
I20260909 04:41:23.904366   705 skeleton_planner.h:170] Found solution in: 3
I20260909 04:41:23.904383   705 skeleton_planner.h:170] Found solution in: 5
I20260909 04:41:23.904403   705 skeleton_planner.h:170] Found solution in: 6
I20260909 04:41:23.904426   705 skeleton_planner.h:170] Found solution in: 7
I20260909 04:41:23.904438   705 skeleton_planner.h:170] Found solution in: 3
I20260909 04:41:23.904467   705 skeleton_planner.h:170] Found solution in: 9
I20260909 04:41:23.904495   705 skeleton_planner.h:170] Found solution in: 8
I20260909 04:41:23.904515   705 skeleton_planner.h:170] Found solution in: 6
I20260909 04:41:23.904531   705 skeleton_planner.h:170] Found solution in: 5
I20260909 04:41:23.904569   705 skeleton_planner.h:170] Found solution in: 10
I20260909 04:41:23.904593   705 skeleton_planner.h:170] Found solution in: 6
I20260909 04:41:23.904615   705 skeleton_planner.h:170] Found solution in: 7
I20260909 04:41:23.904621   705 skeleton_planner.h:170] Found solution in: 1
I20260909 04:41:23.904660   705 skeleton_planner.h:170] Found solution in: 10
I20260909 04:41:23.904685   705 skeleton_planner.h:170] Found solution in: 6
I20260909 04:41:23.904704   705 skeleton_planner.h:170] Found solution in: 5
I20260909 04:41:23.904754   705 skeleton_planner.h:170] Found solution in: 16
I20260909 04:41:23.904829   705 skeleton_planner.h:170] Found solution in: 22
I20260909 04:41:23.904863   705 skeleton_planner.h:170] Found solution in: 7
I20260909 04:41:23.904886   705 skeleton_planner.h:170] Found solution in: 7
I20260909 04:41:23.904913   705 skeleton_planner.h:170] Found solution in: 9
I20260909 04:41:23.904932   705 skeleton_planner.h:170] Found solution in: 5
I20260909 04:41:23.904942   705 skeleton_planner.h:170] Found solution in: 3
I20260909 04:41:23.904973   705 skeleton_planner.h:170] Found solution in: 11
I20260909 04:41:23.904994   705 skeleton_planner.h:170] Found solution in: 5
I20260909 04:41:23.905011   705 skeleton_planner.h:170] Found solution in: 6
I20260909 04:41:23.905031   705 skeleton_planner.h:170] Found solution in: 7
I20260909 04:41:23.905055   705 skeleton_planner.h:170] Found solution in: 8
I20260909 04:41:23.905078   705 skeleton_planner.h:170] Found solution in: 8
I20260909 04:41:23.905097   705 skeleton_planner.h:170] Found solution in: 7
I20260909 04:41:23.905115   705 skeleton_planner.h:170] Found solution in: 8
I20260909 04:41:23.905125   705 skeleton_planner.h:170] Found solution in: 3
I20260909 04:41:23.905136   705 skeleton_planner.h:170] Found solution in: 4
I20260909 04:41:23.905151   705 skeleton_planner.h:170] Found solution in: 7
I20260909 04:41:23.905160   705 skeleton_planner.h:170] Found solution in: 3
I20260909 04:41:23.905169   705 skeleton_planner.h:170] Found solution in: 3
I20260909 04:41:23.905176   705 skeleton_planner.h:170] Found solution in: 2
I20260909 04:41:23.905182   705 skeleton_planner.h:170] Found solution in: 2
I20260909 04:41:23.905215   705 skeleton_planner.h:170] Found solution in: 13
I20260909 04:41:23.905246   705 skeleton_planner.h:170] Found solution in: 10
I20260909 04:41:23.905261   705 skeleton_planner.h:170] Found solution in: 4
I20260909 04:41:23.905274   705 skeleton_planner.h:170] Found solution in: 4
I20260909 04:41:23.905293   705 skeleton_planner.h:170] Found solution in: 5
I20260909 04:41:23.905320   705 skeleton_planner.h:170] Found solution in: 8
I20260909 04:41:23.905346   705 skeleton_planner.h:170] Found solution in: 7
I20260909 04:41:23.905359   705 skeleton_planner.h:170] Found solution in: 3
I20260909 04:41:23.905367   705 skeleton_planner.h:170] Found solution in: 3
I20260909 04:41:23.905385   705 skeleton_planner.h:170] Found solution in: 5
I20260909 04:41:23.905396   705 skeleton_planner.h:170] Found solution in: 3
I20260909 04:41:23.905400   705 skeleton_planner.h:170] Found solution in: 1
I20260909 04:41:23.905432   705 skeleton_planner.h:170] Found solution in: 10
I20260909 04:41:23.905476   705 skeleton_planner.h:170] Found solution in: 11
I20260909 04:41:23.905500   705 skeleton_planner.h:170] Found solution in: 5
I20260909 04:41:23.905505   705 skeleton_planner.h:170] Found solution in: 1
I20260909 04:41:23.905516   705 skeleton_planner.h:170] Found solution in: 4
I20260909 04:41:23.905550   705 skeleton_planner.h:170] Found solution in: 9
I20260909 04:41:23.905628   705 skeleton_planner.h:170] Found solution in: 20
I20260909 04:41:23.905673   705 skeleton_planner.h:170] Found solution in: 15
I20260909 04:41:23.905678   705 skeleton_planner.h:170] Found solution in: 1
I20260909 04:41:23.905681   705 skeleton_planner.h:170] Found solution in: 1
I20260909 04:41:23.905692   705 skeleton_planner.h:170] Found solution in: 4
I20260909 04:41:23.905701   705 skeleton_planner.h:170] Found solution in: 3
I20260909 04:41:23.905723   705 skeleton_planner.h:170] Found solution in: 9
I20260909 04:41:23.905742   705 skeleton_planner.h:170] Found solution in: 7
I20260909 04:41:23.905755   705 skeleton_planner.h:170] Found solution in: 5
I20260909 04:41:23.905761   705 skeleton_planner.h:170] Found solution in: 1
I20260909 04:41:23.905762   705 skeleton_planner.h:170] Found solution in: 1
I20260909 04:41:23.905773   705 skeleton_planner.h:170] Found solution in: 5
I20260909 04:41:23.905786   705 skeleton_planner.h:170] Found solution in: 5
I20260909 04:41:23.905800   705 skeleton_planner.h:170] Found solution in: 6
I20260909 04:41:23.905830   705 skeleton_planner.h:170] Found solution in: 13
I20260909 04:41:23.905860   705 skeleton_planner.h:170] Found solution in: 14
I20260909 04:41:23.905913   705 skeleton_planner.h:170] Found solution in: 22
I20260909 04:41:23.906030   705 skeleton_planner.h:170] Found solution in: 33
I20260909 04:41:23.906054   705 skeleton_planner.h:170] Found solution in: 7
I20260909 04:41:23.906062   705 skeleton_planner.h:170] Found solution in: 3
I20260909 04:41:23.906276   705 skeleton_planner.h:170] Found solution in: 63
I20260909 04:41:23.906298   705 skeleton_planner.h:170] Found solution in: 3
I20260909 04:41:23.906315   705 skeleton_planner.h:170] Found solution in: 4
I20260909 04:41:23.906352   705 skeleton_planner.h:170] Found solution in: 7
I20260909 04:41:23.906366   705 skeleton_planner.h:170] Found solution in: 4
I20260909 04:41:23.906379   705 skeleton_planner.h:170] Found solution in: 4
I20260909 04:41:23.906383   705 skeleton_planner.h:170] Found solution in: 1
I20260909 04:41:23.906386   705 skeleton_planner.h:170] Found solution in: 1
I20260909 04:41:23.906399   705 skeleton_planner.h:170] Found solution in: 4
I20260909 04:41:23.906412   705 skeleton_planner.h:170] Found solution in: 4
I20260909 04:41:23.906435   705 skeleton_planner.h:170] Found solution in: 7
I20260909 04:41:23.906450   705 skeleton_planner.h:170] Found solution in: 4
I20260909 04:41:23.906471   705 skeleton_planner.h:170] Found solution in: 7
I20260909 04:41:23.906495   705 skeleton_planner.h:170] Found solution in: 8
I20260909 04:41:23.906517   705 skeleton_planner.h:170] Found solution in: 6
I20260909 04:41:23.906544   705 skeleton_planner.h:170] Found solution in: 8
I20260909 04:41:23.906567   705 skeleton_planner.h:170] Found solution in: 6
I20260909 04:41:23.906589   705 skeleton_planner.h:170] Found solution in: 6
I20260909 04:41:23.906600   705 skeleton_planner.h:170] Found solution in: 3
I20260909 04:41:23.906610   705 skeleton_planner.h:170] Found solution in: 3
I20260909 04:41:23.906675   705 skeleton_planner.h:170] Found solution in: 23
I20260909 04:41:23.906706   705 skeleton_planner.h:170] Found solution in: 6
I20260909 04:41:23.906729   705 skeleton_planner.h:170] Found solution in: 7
I20260909 04:41:23.906735   705 skeleton_planner.h:170] Found solution in: 1
I20260909 04:41:23.906749   705 skeleton_planner.h:170] Found solution in: 4
I20260909 04:41:23.906772   705 skeleton_planner.h:170] Found solution in: 7
I20260909 04:41:23.906796   705 skeleton_planner.h:170] Found solution in: 8
I20260909 04:41:23.906852   705 skeleton_planner.h:170] Found solution in: 15
I20260909 04:41:23.906868   705 skeleton_planner.h:170] Found solution in: 4
I20260909 04:41:23.906877   705 skeleton_planner.h:170] Found solution in: 3
I20260909 04:41:23.906927   705 skeleton_planner.h:170] Found solution in: 17
I20260909 04:41:23.906955   705 skeleton_planner.h:170] Found solution in: 8
I20260909 04:41:23.906972   705 skeleton_planner.h:170] Found solution in: 4
I20260909 04:41:23.906989   705 skeleton_planner.h:170] Found solution in: 5
I20260909 04:41:23.907007   705 skeleton_planner.h:170] Found solution in: 6
I20260909 04:41:23.907020   705 skeleton_planner.h:170] Found solution in: 4
I20260909 04:41:23.907030   705 skeleton_planner.h:170] Found solution in: 3
I20260909 04:41:23.907051   705 skeleton_planner.h:170] Found solution in: 8
I20260909 04:41:23.907064   705 skeleton_planner.h:170] Found solution in: 4
I20260909 04:41:23.907080   705 skeleton_planner.h:170] Found solution in: 4
I20260909 04:41:23.907176   705 skeleton_planner.h:170] Found solution in: 25
I20260909 04:41:23.907218   705 skeleton_planner.h:170] Found solution in: 7
I20260909 04:41:23.907232   705 skeleton_planner.h:170] Found solution in: 4
I20260909 04:41:23.907251   705 skeleton_planner.h:170] Found solution in: 6
I20260909 04:41:23.907274   705 skeleton_planner.h:170] Found solution in: 7
I20260909 04:41:23.907291   705 skeleton_planner.h:170] Found solution in: 5
I20260909 04:41:23.907433   705 skeleton_planner.h:170] Found solution in: 35
I20260909 04:41:23.907488   705 skeleton_planner.h:170] Found solution in: 10
I20260909 04:41:23.907521   705 skeleton_planner.h:170] Found solution in: 9
I20260909 04:41:23.907543   705 skeleton_planner.h:170] Found solution in: 6
I20260909 04:41:23.907558   705 skeleton_planner.h:170] Found solution in: 5
I20260909 04:41:23.907572   705 skeleton_planner.h:170] Found solution in: 5
I20260909 04:41:23.907598   705 skeleton_planner.h:170] Found solution in: 8
I20260909 04:41:23.907629   705 skeleton_planner.h:170] Found solution in: 9
I20260909 04:41:23.907688   705 skeleton_planner.h:170] Found solution in: 18
I20260909 04:41:23.907714   705 skeleton_planner.h:170] Found solution in: 5
I20260909 04:41:23.907725   705 skeleton_planner.h:170] Found solution in: 3
I20260909 04:41:23.907743   705 skeleton_planner.h:170] Found solution in: 5
I20260909 04:41:23.907753   705 skeleton_planner.h:170] Found solution in: 3
I20260909 04:41:23.907758   705 skeleton_planner.h:170] Found solution in: 1
I20260909 04:41:23.907775   705 skeleton_planner.h:170] Found solution in: 7
I20260909 04:41:23.907792   705 skeleton_planner.h:170] Found solution in: 5
I20260909 04:41:23.907797   705 skeleton_planner.h:170] Found solution in: 1
I20260909 04:41:23.907809   705 skeleton_planner.h:170] Found solution in: 4
I20260909 04:41:23.907830   705 skeleton_planner.h:170] Found solution in: 6
I20260909 04:41:23.907853   705 skeleton_planner.h:170] Found solution in: 7
I20260909 04:41:23.907927   705 skeleton_planner.h:170] Found solution in: 23
I20260909 04:41:23.907968   705 skeleton_planner.h:170] Found solution in: 10
I20260909 04:41:23.907995   705 skeleton_planner.h:170] Found solution in: 9
I20260909 04:41:23.908010   705 skeleton_planner.h:170] Found solution in: 4
I20260909 04:41:23.908030   705 skeleton_planner.h:170] Found solution in: 5
I20260909 04:41:23.908046   705 skeleton_planner.h:170] Found solution in: 5
I20260909 04:41:23.908063   705 skeleton_planner.h:170] Found solution in: 5
I20260909 04:41:23.908073   705 skeleton_planner.h:170] Found solution in: 3
I20260909 04:41:23.908084   705 skeleton_planner.h:170] Found solution in: 3
I20260909 04:41:23.908094   705 skeleton_planner.h:170] Found solution in: 3
I20260909 04:41:23.908108   705 skeleton_planner.h:170] Found solution in: 4
I20260909 04:41:23.908124   705 skeleton_planner.h:170] Found solution in: 5
I20260909 04:41:23.908129   705 skeleton_planner.h:170] Found solution in: 1
I20260909 04:41:23.908142   705 skeleton_planner.h:170] Found solution in: 5
I20260909 04:41:23.908159   705 skeleton_planner.h:170] Found solution in: 5
I20260909 04:41:23.908182   705 skeleton_planner.h:170] Found solution in: 9
I20260909 04:41:23.908218   705 skeleton_planner.h:170] Found solution in: 11
I20260909 04:41:23.908264   705 skeleton_planner.h:170] Found solution in: 12
I20260909 04:41:23.908319   705 skeleton_planner.h:170] Found solution in: 13
I20260909 04:41:23.908361   705 skeleton_planner.h:170] Found solution in: 9
I20260909 04:41:23.908416   705 skeleton_planner.h:170] Found solution in: 15
I20260909 04:41:23.908445   705 skeleton_planner.h:170] Found solution in: 6
I20260909 04:41:23.908468   705 skeleton_planner.h:170] Found solution in: 7
I20260909 04:41:23.908488   705 skeleton_planner.h:170] Found solution in: 6
I20260909 04:41:23.908511   705 skeleton_planner.h:170] Found solution in: 8
I20260909 04:41:23.908532   705 skeleton_planner.h:170] Found solution in: 7
I20260909 04:41:23.908555   705 skeleton_planner.h:170] Found solution in: 7
I20260909 04:41:23.908579   705 skeleton_planner.h:170] Found solution in: 9
I20260909 04:41:23.908604   705 skeleton_planner.h:170] Found solution in: 8
I20260909 04:41:23.908627   705 skeleton_planner.h:170] Found solution in: 7
I20260909 04:41:23.908663   705 skeleton_planner.h:170] Found solution in: 11
I20260909 04:41:23.908710   705 skeleton_planner.h:170] Found solution in: 14
I20260909 04:41:23.908718   705 skeleton_planner.h:170] Found solution in: 1
I20260909 04:41:23.908721   705 skeleton_planner.h:170] Found solution in: 1
I20260909 04:41:23.908808   705 skeleton_planner.h:170] Found solution in: 23
I20260909 04:41:23.908821   705 skeleton_planner.h:170] Found solution in: 2
I20260909 04:41:23.908825   705 skeleton_planner.h:170] Found solution in: 1
I20260909 04:41:23.908849   705 skeleton_planner.h:170] Found solution in: 5
I20260909 04:41:23.908864   705 skeleton_planner.h:170] Found solution in: 4
I20260909 04:41:23.908883   705 skeleton_planner.h:170] Found solution in: 7
I20260909 04:41:23.908893   705 skeleton_planner.h:170] Found solution in: 3
I20260909 04:41:23.908912   705 skeleton_planner.h:170] Found solution in: 7
I20260909 04:41:23.908932   705 skeleton_planner.h:170] Found solution in: 6
I20260909 04:41:23.908972   705 skeleton_planner.h:170] Found solution in: 13
I20260909 04:41:23.908985   705 skeleton_planner.h:170] Found solution in: 3
I20260909 04:41:23.909010   705 skeleton_planner.h:170] Found solution in: 7
I20260909 04:41:23.909025   705 skeleton_planner.h:170] Found solution in: 5
I20260909 04:41:23.909034   705 skeleton_planner.h:170] Found solution in: 2
I20260909 04:41:23.909058   705 skeleton_planner.h:170] Found solution in: 8
I20260909 04:41:23.909073   705 skeleton_planner.h:170] Found solution in: 5
I20260909 04:41:23.909085   705 skeleton_planner.h:170] Found solution in: 4
I20260909 04:41:23.909106   705 skeleton_planner.h:170] Found solution in: 6
I20260909 04:41:23.909128   705 skeleton_planner.h:170] Found solution in: 8
I20260909 04:41:23.909157   705 skeleton_planner.h:170] Found solution in: 8
I20260909 04:41:23.909174   705 skeleton_planner.h:170] Found solution in: 5
I20260909 04:41:23.909209   705 skeleton_planner.h:170] Found solution in: 9
I20260909 04:41:23.909217   705 skeleton_planner.h:170] Found solution in: 1
I20260909 04:41:23.909235   705 skeleton_planner.h:170] Found solution in: 5
I20260909 04:41:23.909240   705 skeleton_planner.h:170] Found solution in: 1
I20260909 04:41:23.909253   705 skeleton_planner.h:170] Found solution in: 5
I20260909 04:41:23.909271   705 skeleton_planner.h:170] Found solution in: 5
I20260909 04:41:23.909315   705 skeleton_planner.h:170] Found solution in: 14
I20260909 04:41:23.909345   705 skeleton_planner.h:170] Found solution in: 8
I20260909 04:41:23.909391   705 skeleton_planner.h:170] Found solution in: 14
I20260909 04:41:23.909413   705 skeleton_planner.h:170] Found solution in: 4
I20260909 04:41:23.909426   705 skeleton_planner.h:170] Found solution in: 4
I20260909 04:41:23.909437   705 skeleton_planner.h:170] Found solution in: 3
I20260909 04:41:23.909448   705 skeleton_planner.h:170] Found solution in: 3
I20260909 04:41:23.909467   705 skeleton_planner.h:170] Found solution in: 6
I20260909 04:41:23.909472   705 skeleton_planner.h:170] Found solution in: 1
I20260909 04:41:23.909487   705 skeleton_planner.h:170] Found solution in: 6
I20260909 04:41:23.909508   705 skeleton_planner.h:170] Found solution in: 8
I20260909 04:41:23.909534   705 skeleton_planner.h:170] Found solution in: 8
I20260909 04:41:23.909547   705 skeleton_planner.h:170] Found solution in: 3
I20260909 04:41:23.909562   705 skeleton_planner.h:170] Found solution in: 4
I20260909 04:41:23.909597   705 skeleton_planner.h:170] Found solution in: 13
I20260909 04:41:23.909664   705 skeleton_planner.h:170] Found solution in: 23
I20260909 04:41:23.909679   705 skeleton_planner.h:170] Found solution in: 3
I20260909 04:41:23.909765   705 skeleton_planner.h:170] Found solution in: 33
I20260909 04:41:23.909780   705 skeleton_planner.h:170] Found solution in: 3
I20260909 04:41:23.909811   705 skeleton_planner.h:170] Found solution in: 7
I20260909 04:41:23.909826   705 skeleton_planner.h:170] Found solution in: 4
I20260909 04:41:23.909871   705 skeleton_planner.h:170] Found solution in: 15
I20260909 04:41:23.909897   705 skeleton_planner.h:170] Found solution in: 8
I20260909 04:41:23.910279   705 skeleton_planner.h:170] Found solution in: 13
I20260909 04:41:23.910288   705 skeleton_planner.h:170] Found solution in: 2
I20260909 04:41:23.910315   705 skeleton_planner.h:170] Found solution in: 9
I20260909 04:41:23.910320   705 skeleton_planner.h:170] Found solution in: 1
I20260909 04:41:23.910323   705 skeleton_planner.h:170] Found solution in: 1
I20260909 04:41:23.910382   705 skeleton_planner.h:170] Found solution in: 24
I20260909 04:41:23.910401   705 skeleton_planner.h:170] Found solution in: 6
I20260909 04:41:23.910430   705 skeleton_planner.h:170] Found solution in: 9
I20260909 04:41:23.910444   705 skeleton_planner.h:170] Found solution in: 4
I20260909 04:41:23.910457   705 skeleton_planner.h:170] Found solution in: 5
I20260909 04:41:23.910506   705 skeleton_planner.h:170] Found solution in: 17
I20260909 04:41:23.910570   705 skeleton_planner.h:170] Found solution in: 19
I20260909 04:41:23.910585   705 skeleton_planner.h:170] Found solution in: 3
I20260909 04:41:23.910707   705 skeleton_planner.h:170] Found solution in: 40
I20260909 04:41:23.910743   705 skeleton_planner.h:170] Found solution in: 4
I20260909 04:41:23.910763   705 skeleton_planner.h:170] Found solution in: 6
I20260909 04:41:23.910775   705 skeleton_planner.h:170] Found solution in: 4
I20260909 04:41:23.910787   705 skeleton_planner.h:170] Found solution in: 5
I20260909 04:41:23.910797   705 skeleton_planner.h:170] Found solution in: 3
I20260909 04:41:23.910804   705 skeleton_planner.h:170] Found solution in: 2
I20260909 04:41:23.910828   705 skeleton_planner.h:170] Found solution in: 8
I20260909 04:41:23.910841   705 skeleton_planner.h:170] Found solution in: 3
I20260909 04:41:23.910857   705 skeleton_planner.h:170] Found solution in: 4
I20260909 04:41:23.910872   705 skeleton_planner.h:170] Found solution in: 5
I20260909 04:41:23.910883   705 skeleton_planner.h:170] Found solution in: 4
I20260909 04:41:23.910907   705 skeleton_planner.h:170] Found solution in: 11
I20260909 04:41:23.910915   705 skeleton_planner.h:170] Found solution in: 2
I20260909 04:41:23.910919   705 skeleton_planner.h:170] Found solution in: 1
I20260909 04:41:23.910923   705 skeleton_planner.h:170] Found solution in: 1
I20260909 04:41:23.910924   705 skeleton_planner.h:170] Found solution in: 1
I20260909 04:41:23.910985   705 skeleton_planner.h:170] Found solution in: 18
I20260909 04:41:23.911022   705 skeleton_planner.h:170] Found solution in: 7
I20260909 04:41:23.911051   705 skeleton_planner.h:170] Found solution in: 8
I20260909 04:41:23.911072   705 skeleton_planner.h:170] Found solution in: 5
I20260909 04:41:23.911084   705 skeleton_planner.h:170] Found solution in: 3
I20260909 04:41:23.911243   705 skeleton_planner.h:170] Found solution in: 35
I20260909 04:41:23.911314   705 skeleton_planner.h:170] Found solution in: 13
I20260909 04:41:23.911321   705 skeleton_planner.h:170] Found solution in: 1
I20260909 04:41:23.911360   705 skeleton_planner.h:170] Found solution in: 10
I20260909 04:41:23.911424   705 skeleton_planner.h:170] Found solution in: 18
I20260909 04:41:23.911482   705 skeleton_planner.h:170] Found solution in: 16
I20260909 04:41:23.911489   705 skeleton_planner.h:170] Found solution in: 1
I20260909 04:41:23.911518   705 skeleton_planner.h:170] Found solution in: 11
I20260909 04:41:23.911525   705 skeleton_planner.h:170] Found solution in: 1
I20260909 04:41:23.911527   705 skeleton_planner.h:170] Found solution in: 1
I20260909 04:41:23.911553   705 skeleton_planner.h:170] Found solution in: 11
I20260909 04:41:23.911578   705 skeleton_planner.h:170] Found solution in: 8
I20260909 04:41:23.911603   705 skeleton_planner.h:170] Found solution in: 9
I20260909 04:41:23.911631   705 skeleton_planner.h:170] Found solution in: 12
I20260909 04:41:23.911644   705 skeleton_planner.h:170] Found solution in: 4
I20260909 04:41:23.911653   705 skeleton_planner.h:170] Found solution in: 3
I20260909 04:41:23.911665   705 skeleton_planner.h:170] Found solution in: 5
I20260909 04:41:23.911696   705 skeleton_planner.h:170] Found solution in: 11
I20260909 04:41:23.911737   705 skeleton_planner.h:170] Found solution in: 14
I20260909 04:41:23.911777   705 skeleton_planner.h:170] Found solution in: 15
I20260909 04:41:23.911794   705 skeleton_planner.h:170] Found solution in: 5
I20260909 04:41:23.911804   705 skeleton_planner.h:170] Found solution in: 3
I20260909 04:41:23.911829   705 skeleton_planner.h:170] Found solution in: 8
I20260909 04:41:23.911870   705 skeleton_planner.h:170] Found solution in: 18
I20260909 04:41:23.911882   705 skeleton_planner.h:170] Found solution in: 3
I20260909 04:41:23.911893   705 skeleton_planner.h:170] Found solution in: 3
I20260909 04:41:23.911901   705 skeleton_planner.h:170] Found solution in: 2
I20260909 04:41:23.911912   705 skeleton_planner.h:170] Found solution in: 5
I20260909 04:41:23.911923   705 skeleton_planner.h:170] Found solution in: 3
I20260909 04:41:23.911934   705 skeleton_planner.h:170] Found solution in: 3
I20260909 04:41:23.911957   705 skeleton_planner.h:170] Found solution in: 8
I20260909 04:41:23.911996   705 skeleton_planner.h:170] Found solution in: 10
I20260909 04:41:23.912034   705 skeleton_planner.h:170] Found solution in: 12
I20260909 04:41:23.912050   705 skeleton_planner.h:170] Found solution in: 4
I20260909 04:41:23.912062   705 skeleton_planner.h:170] Found solution in: 3
I20260909 04:41:23.912071   705 skeleton_planner.h:170] Found solution in: 3
I20260909 04:41:23.912091   705 skeleton_planner.h:170] Found solution in: 6
I20260909 04:41:23.912128   705 skeleton_planner.h:170] Found solution in: 10
I20260909 04:41:23.912150   705 skeleton_planner.h:170] Found solution in: 5
I20260909 04:41:23.912191   705 skeleton_planner.h:170] Found solution in: 18
I20260909 04:41:23.912204   705 skeleton_planner.h:170] Found solution in: 3
I20260909 04:41:23.912264   705 skeleton_planner.h:170] Found solution in: 26
I20260909 04:41:23.912286   705 skeleton_planner.h:170] Found solution in: 5
I20260909 04:41:23.912304   705 skeleton_planner.h:170] Found solution in: 6
I20260909 04:41:23.912326   705 skeleton_planner.h:170] Found solution in: 7
I20260909 04:41:23.912344   705 skeleton_planner.h:170] Found solution in: 7
I20260909 04:41:23.912370   705 skeleton_planner.h:170] Found solution in: 10
I20260909 04:41:23.912384   705 skeleton_planner.h:170] Found solution in: 3
I20260909 04:41:23.912398   705 skeleton_planner.h:170] Found solution in: 6
I20260909 04:41:23.912420   705 skeleton_planner.h:170] Found solution in: 8
I20260909 04:41:23.912446   705 skeleton_planner.h:170] Found solution in: 9
I20260909 04:41:23.912463   705 skeleton_planner.h:170] Found solution in: 4
I20260909 04:41:23.912778   705 skeleton_planner.h:170] Found solution in: 90
I20260909 04:41:23.912804   705 skeleton_planner.h:170] Found solution in: 3
I20260909 04:41:23.912812   705 skeleton_planner.h:170] Found solution in: 2
I20260909 04:41:23.912822   705 skeleton_planner.h:170] Found solution in: 3
I20260909 04:41:23.912837   705 skeleton_planner.h:170] Found solution in: 6
I20260909 04:41:23.912842   705 skeleton_planner.h:170] Found solution in: 1
I20260909 04:41:23.912845   705 skeleton_planner.h:170] Found solution in: 1
I20260909 04:41:23.912847   705 skeleton_planner.h:170] Found solution in: 1
I20260909 04:41:23.912884   705 skeleton_planner.h:170] Found solution in: 6
I20260909 04:41:23.912894   705 skeleton_planner.h:170] Found solution in: 3
I20260909 04:41:23.912907   705 skeleton_planner.h:170] Found solution in: 4
I20260909 04:41:23.912930   705 skeleton_planner.h:170] Found solution in: 8
I20260909 04:41:23.912936   705 skeleton_planner.h:170] Found solution in: 1
I20260909 04:41:23.912985   705 skeleton_planner.h:170] Found solution in: 17
I20260909 04:41:23.913012   705 skeleton_planner.h:170] Found solution in: 5
I20260909 04:41:23.913023   705 skeleton_planner.h:170] Found solution in: 3
I20260909 04:41:23.913045   705 skeleton_planner.h:170] Found solution in: 7
I20260909 04:41:23.913103   705 skeleton_planner.h:170] Found solution in: 18
I20260909 04:41:23.913156   705 skeleton_planner.h:170] Found solution in: 14
I20260909 04:41:23.913164   705 skeleton_planner.h:170] Found solution in: 1
I20260909 04:41:23.913167   705 skeleton_planner.h:170] Found solution in: 1
I20260909 04:41:23.913170   705 skeleton_planner.h:170] Found solution in: 1
I20260909 04:41:23.913182   705 skeleton_planner.h:170] Found solution in: 4
I20260909 04:41:23.913206   705 skeleton_planner.h:170] Found solution in: 6
I20260909 04:41:23.913218   705 skeleton_planner.h:170] Found solution in: 3
I20260909 04:41:23.913224   705 skeleton_planner.h:170] Found solution in: 2
I20260909 04:41:23.913228   705 skeleton_planner.h:170] Found solution in: 1
I20260909 04:41:23.913231   705 skeleton_planner.h:170] Found solution in: 1
I20260909 04:41:23.913246   705 skeleton_planner.h:170] Found solution in: 5
I20260909 04:41:23.913261   705 skeleton_planner.h:170] Found solution in: 5
I20260909 04:41:23.913290   705 skeleton_planner.h:170] Found solution in: 11
I20260909 04:41:23.913324   705 skeleton_planner.h:170] Found solution in: 12
I20260909 04:41:23.913339   705 skeleton_planner.h:170] Found solution in: 4
I20260909 04:41:23.913350   705 skeleton_planner.h:170] Found solution in: 3
I20260909 04:41:23.913365   705 skeleton_planner.h:170] Found solution in: 5
I20260909 04:41:23.913383   705 skeleton_planner.h:170] Found solution in: 4
I20260909 04:41:23.913393   705 skeleton_planner.h:170] Found solution in: 3
I20260909 04:41:23.913412   705 skeleton_planner.h:170] Found solution in: 6
I20260909 04:41:23.913462   705 skeleton_planner.h:170] Found solution in: 17
I20260909 04:41:23.913508   705 skeleton_planner.h:170] Found solution in: 12
I20260909 04:41:23.913537   705 skeleton_planner.h:170] Found solution in: 9
I20260909 04:41:23.913549   705 skeleton_planner.h:170] Found solution in: 3
I20260909 04:41:23.913571   705 skeleton_planner.h:170] Found solution in: 6
I20260909 04:41:23.913618   705 skeleton_planner.h:170] Found solution in: 15
I20260909 04:41:23.913632   705 skeleton_planner.h:170] Found solution in: 3
I20260909 04:41:23.913664   705 skeleton_planner.h:170] Found solution in: 9
I20260909 04:41:23.913708   705 skeleton_planner.h:170] Found solution in: 14
I20260909 04:41:23.913735   705 skeleton_planner.h:170] Found solution in: 6
I20260909 04:41:23.913755   705 skeleton_planner.h:170] Found solution in: 6
I20260909 04:41:23.913774   705 skeleton_planner.h:170] Found solution in: 6
I20260909 04:41:23.913785   705 skeleton_planner.h:170] Found solution in: 3
I20260909 04:41:23.913805   705 skeleton_planner.h:170] Found solution in: 6
I20260909 04:41:23.913812   705 skeleton_planner.h:170] Found solution in: 2
I20260909 04:41:23.913821   705 skeleton_planner.h:170] Found solution in: 3
I20260909 04:41:23.913826   705 skeleton_planner.h:170] Found solution in: 1
I20260909 04:41:23.913846   705 skeleton_planner.h:170] Found solution in: 7
I20260909 04:41:23.913863   705 skeleton_planner.h:170] Found solution in: 5
I20260909 04:41:23.913878   705 skeleton_planner.h:170] Found solution in: 5
I20260909 04:41:23.913889   705 skeleton_planner.h:170] Found solution in: 4
I20260909 04:41:23.913898   705 skeleton_planner.h:170] Found solution in: 3
I20260909 04:41:23.913903   705 skeleton_planner.h:170] Found solution in: 1
I20260909 04:41:23.913913   705 skeleton_planner.h:170] Found solution in: 4
I20260909 04:41:23.913918   705 skeleton_planner.h:170] Found solution in: 1
I20260909 04:41:23.913920   705 skeleton_planner.h:170] Found solution in: 1
I20260909 04:41:23.913930   705 skeleton_planner.h:170] Found solution in: 3
I20260909 04:41:23.913939   705 skeleton_planner.h:170] Found solution in: 3
I20260909 04:41:23.913986   705 skeleton_planner.h:170] Found solution in: 16
I20260909 04:41:23.914033   705 skeleton_planner.h:170] Found solution in: 12
I20260909 04:41:23.914045   705 skeleton_planner.h:170] Found solution in: 3
I20260909 04:41:23.914065   705 skeleton_planner.h:170] Found solution in: 5
I20260909 04:41:23.914083   705 skeleton_planner.h:170] Found solution in: 5
I20260909 04:41:23.914093   705 skeleton_planner.h:170] Found solution in: 3
I20260909 04:41:23.914110   705 skeleton_planner.h:170] Found solution in: 6
I20260909 04:41:23.914124   705 skeleton_planner.h:170] Found solution in: 4
I20260909 04:41:23.914134   705 skeleton_planner.h:170] Found solution in: 3
I20260909 04:41:23.914141   705 skeleton_planner.h:170] Found solution in: 2
I20260909 04:41:23.914144   705 skeleton_planner.h:170] Found solution in: 1
I20260909 04:41:23.914182   705 skeleton_planner.h:170] Found solution in: 13
I20260909 04:41:23.914196   705 skeleton_planner.h:170] Found solution in: 3
I20260909 04:41:23.914208   705 skeleton_planner.h:170] Found solution in: 6
I20260909 04:41:23.914232   705 skeleton_planner.h:170] Found solution in: 8
I20260909 04:41:23.914269   705 skeleton_planner.h:170] Found solution in: 13
I20260909 04:41:23.914284   705 skeleton_planner.h:170] Found solution in: 4
I20260909 04:41:23.914315   705 skeleton_planner.h:170] Found solution in: 8
I20260909 04:41:23.914321   705 skeleton_planner.h:170] Found solution in: 1
I20260909 04:41:23.914330   705 skeleton_planner.h:170] Found solution in: 2
I20260909 04:41:23.914333   705 skeleton_planner.h:170] Found solution in: 1
I20260909 04:41:23.914346   705 skeleton_planner.h:170] Found solution in: 7
I20260909 04:41:23.914402   705 skeleton_planner.h:170] Found solution in: 25
I20260909 04:41:23.914662   705 skeleton_planner.h:170] Found solution in: 8
I20260909 04:41:23.914680   705 skeleton_planner.h:170] Found solution in: 8
I20260909 04:41:23.914693   705 skeleton_planner.h:170] Found solution in: 4
I20260909 04:41:23.914834   705 skeleton_planner.h:170] Found solution in: 54
I20260909 04:41:23.914857   705 skeleton_planner.h:170] Found solution in: 6
I20260909 04:41:23.914889   705 skeleton_planner.h:170] Found solution in: 7
I20260909 04:41:23.914906   705 skeleton_planner.h:170] Found solution in: 6
I20260909 04:41:23.914924   705 skeleton_planner.h:170] Found solution in: 5
I20260909 04:41:23.914935   705 skeleton_planner.h:170] Found solution in: 3
I20260909 04:41:23.914954   705 skeleton_planner.h:170] Found solution in: 7
I20260909 04:41:23.915012   705 skeleton_planner.h:170] Found solution in: 23
I20260909 04:41:23.915027   705 skeleton_planner.h:170] Found solution in: 3
I20260909 04:41:23.915047   705 skeleton_planner.h:170] Found solution in: 5
I20260909 04:41:23.915078   705 skeleton_planner.h:170] Found solution in: 9
I20260909 04:41:23.915105   705 skeleton_planner.h:170] Found solution in: 7
I20260909 04:41:23.915126   705 skeleton_planner.h:170] Found solution in: 6
I20260909 04:41:23.915146   705 skeleton_planner.h:170] Found solution in: 6
I20260909 04:41:23.915166   705 skeleton_planner.h:170] Found solution in: 6
I20260909 04:41:23.915179   705 skeleton_planner.h:170] Found solution in: 4
I20260909 04:41:23.915210   705 skeleton_planner.h:170] Found solution in: 10
I20260909 04:41:23.915234   705 skeleton_planner.h:170] Found solution in: 7
I20260909 04:41:23.915249   705 skeleton_planner.h:170] Found solution in: 5
I20260909 04:41:23.915263   705 skeleton_planner.h:170] Found solution in: 5
I20260909 04:41:23.915267   705 skeleton_planner.h:170] Found solution in: 1
I20260909 04:41:23.915279   705 skeleton_planner.h:170] Found solution in: 4
I20260909 04:41:23.915283   705 skeleton_planner.h:170] Found solution in: 1
I20260909 04:41:23.915287   705 skeleton_planner.h:170] Found solution in: 1
I20260909 04:41:23.915323   705 skeleton_planner.h:170] Found solution in: 9
I20260909 04:41:23.915333   705 skeleton_planner.h:170] Found solution in: 2
I20260909 04:41:23.915361   705 skeleton_planner.h:170] Found solution in: 8
I20260909 04:41:23.915370   705 skeleton_planner.h:170] Found solution in: 2
I20260909 04:41:23.915383   705 skeleton_planner.h:170] Found solution in: 5
I20260909 04:41:23.915419   705 skeleton_planner.h:170] Found solution in: 16
I20260909 04:41:23.915431   705 skeleton_planner.h:170] Found solution in: 3
I20260909 04:41:23.915442   705 skeleton_planner.h:170] Found solution in: 3
I20260909 04:41:23.915457   705 skeleton_planner.h:170] Found solution in: 5
I20260909 04:41:23.915469   705 skeleton_planner.h:170] Found solution in: 4
I20260909 04:41:23.915520   705 skeleton_planner.h:170] Found solution in: 21
I20260909 04:41:23.915539   705 skeleton_planner.h:170] Found solution in: 6
I20260909 04:41:23.915560   705 skeleton_planner.h:170] Found solution in: 6
I20260909 04:41:23.915620   705 skeleton_planner.h:170] Found solution in: 24
I20260909 04:41:23.915645   705 skeleton_planner.h:170] Found solution in: 5
I20260909 04:41:23.915664   705 skeleton_planner.h:170] Found solution in: 6
I20260909 04:41:23.915680   705 skeleton_planner.h:170] Found solution in: 4
I20260909 04:41:23.915707   705 skeleton_planner.h:170] Found solution in: 11
I20260909 04:41:23.915731   705 skeleton_planner.h:170] Found solution in: 8
I20260909 04:41:23.915750   705 skeleton_planner.h:170] Found solution in: 7
I20260909 04:41:23.915763   705 skeleton_planner.h:170] Found solution in: 4
I20260909 04:41:23.915802   705 skeleton_planner.h:170] Found solution in: 15
I20260909 04:41:23.915864   705 skeleton_planner.h:170] Found solution in: 26
I20260909 04:41:23.915898   705 skeleton_planner.h:170] Found solution in: 10
I20260909 04:41:23.915931   705 skeleton_planner.h:170] Found solution in: 8
I20260909 04:41:23.915956   705 skeleton_planner.h:170] Found solution in: 7
I20260909 04:41:23.916006   705 skeleton_planner.h:170] Found solution in: 15
I20260909 04:41:23.916047   705 skeleton_planner.h:170] Found solution in: 10
I20260909 04:41:23.916069   705 skeleton_planner.h:170] Found solution in: 5
I20260909 04:41:23.916098   705 skeleton_planner.h:170] Found solution in: 11
I20260909 04:41:23.916123   705 skeleton_planner.h:170] Found solution in: 8
I20260909 04:41:23.916136   705 skeleton_planner.h:170] Found solution in: 4
I20260909 04:41:23.916158   705 skeleton_planner.h:170] Found solution in: 7
I20260909 04:41:23.916193   705 skeleton_planner.h:170] Found solution in: 9
I20260909 04:41:23.916220   705 skeleton_planner.h:170] Found solution in: 7
I20260909 04:41:23.916251   705 skeleton_planner.h:170] Found solution in: 11
I20260909 04:41:23.916275   705 skeleton_planner.h:170] Found solution in: 7
I20260909 04:41:23.916286   705 skeleton_planner.h:170] Found solution in: 3
I20260909 04:41:23.916297   705 skeleton_planner.h:170] Found solution in: 3
I20260909 04:41:23.916302   705 skeleton_planner.h:170] Found solution in: 1
I20260909 04:41:23.916338   705 skeleton_planner.h:170] Found solution in: 10
I20260909 04:41:23.916383   705 skeleton_planner.h:170] Found solution in: 12
I20260909 04:41:23.916410   705 skeleton_planner.h:170] Found solution in: 6
I20260909 04:41:23.916481   705 skeleton_planner.h:170] Found solution in: 22
I20260909 04:41:23.916572   705 skeleton_planner.h:170] Found solution in: 20
I20260909 04:41:23.916821   705 skeleton_planner.h:170] Found solution in: 62
I20260909 04:41:23.916846   705 skeleton_planner.h:170] Found solution in: 5
I20260909 04:41:23.916884   705 skeleton_planner.h:170] Found solution in: 7
I20260909 04:41:23.916898   705 skeleton_planner.h:170] Found solution in: 4
I20260909 04:41:23.916908   705 skeleton_planner.h:170] Found solution in: 3
I20260909 04:41:23.916922   705 skeleton_planner.h:170] Found solution in: 5
I20260909 04:41:23.916932   705 skeleton_planner.h:170] Found solution in: 3
I20260909 04:41:23.916958   705 skeleton_planner.h:170] Found solution in: 8
I20260909 04:41:23.916973   705 skeleton_planner.h:170] Found solution in: 4
I20260909 04:41:23.916983   705 skeleton_planner.h:170] Found solution in: 3
I20260909 04:41:23.917003   705 skeleton_planner.h:170] Found solution in: 7
I20260909 04:41:23.917064   705 skeleton_planner.h:170] Found solution in: 23
I20260909 04:41:23.917112   705 skeleton_planner.h:170] Found solution in: 15
I20260909 04:41:23.917137   705 skeleton_planner.h:170] Found solution in: 8
I20260909 04:41:23.917168   705 skeleton_planner.h:170] Found solution in: 11
I20260909 04:41:23.917199   705 skeleton_planner.h:170] Found solution in: 11
I20260909 04:41:23.917210   705 skeleton_planner.h:170] Found solution in: 3
I20260909 04:41:23.917253   705 skeleton_planner.h:170] Found solution in: 15
I20260909 04:41:23.917297   705 skeleton_planner.h:170] Found solution in: 14
I20260909 04:41:23.917312   705 skeleton_planner.h:170] Found solution in: 3
I20260909 04:41:23.917325   705 skeleton_planner.h:170] Found solution in: 5
I20260909 04:41:23.917340   705 skeleton_planner.h:170] Found solution in: 6
I20260909 04:41:23.917366   705 skeleton_planner.h:170] Found solution in: 9
I20260909 04:41:23.917394   705 skeleton_planner.h:170] Found solution in: 9
I20260909 04:41:23.917418   705 skeleton_planner.h:170] Found solution in: 7
I20260909 04:41:23.917429   705 skeleton_planner.h:170] Found solution in: 4
I20260909 04:41:23.917443   705 skeleton_planner.h:170] Found solution in: 6
I20260909 04:41:23.917520   705 skeleton_planner.h:170] Found solution in: 34
I20260909 04:41:23.917558   705 skeleton_planner.h:170] Found solution in: 10
I20260909 04:41:23.917599   705 skeleton_planner.h:170] Found solution in: 14
I20260909 04:41:23.917646   705 skeleton_planner.h:170] Found solution in: 16
I20260909 04:41:23.917659   705 skeleton_planner.h:170] Found solution in: 4
I20260909 04:41:23.917716   705 skeleton_planner.h:170] Found solution in: 23
I20260909 04:41:23.917771   705 skeleton_planner.h:170] Found solution in: 16
I20260909 04:41:23.917863   705 skeleton_planner.h:170] Found solution in: 23
I20260909 04:41:23.917896   705 skeleton_planner.h:170] Found solution in: 5
I20260909 04:41:23.917913   705 skeleton_planner.h:170] Found solution in: 5
I20260909 04:41:23.917936   705 skeleton_planner.h:170] Found solution in: 8
I20260909 04:41:23.917951   705 skeleton_planner.h:170] Found solution in: 5
I20260909 04:41:23.917970   705 skeleton_planner.h:170] Found solution in: 6
I20260909 04:41:23.917992   705 skeleton_planner.h:170] Found solution in: 7
I20260909 04:41:23.918013   705 skeleton_planner.h:170] Found solution in: 7
I20260909 04:41:23.918030   705 skeleton_planner.h:170] Found solution in: 5
I20260909 04:41:23.918056   705 skeleton_planner.h:170] Found solution in: 10
I20260909 04:41:23.918062   705 skeleton_planner.h:170] Found solution in: 1
I20260909 04:41:23.918083   705 skeleton_planner.h:170] Found solution in: 7
I20260909 04:41:23.918097   705 skeleton_planner.h:170] Found solution in: 4
I20260909 04:41:23.918123   705 skeleton_planner.h:170] Found solution in: 8
I20260909 04:41:23.918157   705 skeleton_planner.h:170] Found solution in: 13
I20260909 04:41:23.918211   705 skeleton_planner.h:170] Found solution in: 13
I20260909 04:41:23.918226   705 skeleton_planner.h:170] Found solution in: 3
I20260909 04:41:23.918236   705 skeleton_planner.h:170] Found solution in: 3
I20260909 04:41:23.918292   705 skeleton_planner.h:170] Found solution in: 14
I20260909 04:41:23.918401   705 skeleton_planner.h:170] Found solution in: 24
I20260909 04:41:23.918460   705 skeleton_planner.h:170] Found solution in: 14
I20260909 04:41:23.918480   705 skeleton_planner.h:170] Found solution in: 3
I20260909 04:41:23.918510   705 skeleton_planner.h:170] Found solution in: 7
I20260909 04:41:23.918578   705 skeleton_planner.h:170] Found solution in: 22
I20260909 04:41:23.918638   705 skeleton_planner.h:170] Found solution in: 18
I20260909 04:41:23.918661   705 skeleton_planner.h:170] Found solution in: 5
I20260909 04:41:23.918679   705 skeleton_planner.h:170] Found solution in: 6
I20260909 04:41:23.918696   705 skeleton_planner.h:170] Found solution in: 4
I20260909 04:41:23.918715   705 skeleton_planner.h:170] Found solution in: 6
I20260909 04:41:23.918790   705 skeleton_planner.h:170] Found solution in: 22
I20260909 04:41:23.918829   705 skeleton_planner.h:170] Found solution in: 9
I20260909 04:41:23.918893   705 skeleton_planner.h:170] Found solution in: 22
I20260909 04:41:23.918915   705 skeleton_planner.h:170] Found solution in: 4
I20260909 04:41:23.918929   705 skeleton_planner.h:170] Found solution in: 4
I20260909 04:41:23.918942   705 skeleton_planner.h:170] Found solution in: 4
I20260909 04:41:23.918946   705 skeleton_planner.h:170] Found solution in: 1
I20260909 04:41:23.918975   705 skeleton_planner.h:170] Found solution in: 7
I20260909 04:41:23.919011   705 skeleton_planner.h:170] Found solution in: 9
I20260909 04:41:23.919026   705 skeleton_planner.h:170] Found solution in: 4
I20260909 04:41:23.919031   705 skeleton_generator.cpp:1655] [Simplify Vertices] Vertex removals: 1185 / 1215, Edges added: 464
I20260909 04:41:23.919410   705 skeleton_generator.cpp:1697] [Subgraph] Number of disconnected subgraphs: 48
I20260909 04:41:23.922319   705 skeleton_planner.h:170] Found solution in: 25
I20260909 04:41:23.922362   705 skeleton_planner.h:170] Found solution in: 8
I20260909 04:41:23.922400   705 skeleton_planner.h:170] Found solution in: 10
I20260909 04:41:23.923084   705 skeleton_planner.h:170] Found solution in: 4
I20260909 04:41:23.923125   705 skeleton_planner.h:170] Found solution in: 4
I20260909 04:41:23.923147   705 skeleton_planner.h:170] Found solution in: 8
I20260909 04:41:23.923687   705 skeleton_planner.h:170] Found solution in: 47
I20260909 04:41:23.924399   705 skeleton_planner.h:170] Found solution in: 4
I20260909 04:41:23.924513   705 skeleton_planner.h:170] Found solution in: 41
I20260909 04:41:23.924554   705 skeleton_planner.h:170] Found solution in: 5
I20260909 04:41:23.925765   705 skeleton_planner.h:170] Found solution in: 12
I20260909 04:41:23.926051   705 skeleton_planner.h:170] Found solution in: 8
I20260909 04:41:23.926156   705 skeleton_planner.h:170] Found solution in: 60
I20260909 04:41:23.928287   705 skeleton_planner.h:170] Found solution in: 17
I20260909 04:41:23.929203   705 skeleton_planner.h:170] Found solution in: 7
I20260909 04:41:23.929519   705 skeleton_planner.h:170] Found solution in: 77
I20260909 04:41:23.929992   705 skeleton_planner.h:170] Found solution in: 19
I20260909 04:41:23.934278   705 skeleton_planner.h:170] Found solution in: 6
I20260909 04:41:23.935593   705 skeleton_planner.h:170] Found solution in: 23
I20260909 04:41:23.935791   705 skeleton_planner.h:170] Found solution in: 9
I20260909 04:41:23.935839   705 skeleton_planner.h:170] Found solution in: 5
I20260909 04:41:23.935881   705 skeleton_planner.h:170] Found solution in: 6
I20260909 04:41:23.935940   705 skeleton_planner.h:170] Found solution in: 10
I20260909 04:41:23.935974   705 skeleton_planner.h:170] Found solution in: 9
I20260909 04:41:23.936431   705 skeleton_planner.h:170] Found solution in: 4
I20260909 04:41:23.936489   705 skeleton_planner.h:170] Found solution in: 9
I20260909 04:41:23.938601   705 skeleton_planner.h:170] Found solution in: 9
I20260909 04:41:23.938628   705 skeleton_planner.h:170] Found solution in: 9
I20260909 04:41:23.938975   705 skeleton_planner.h:170] Found solution in: 4
I20260909 04:41:23.939044   705 skeleton_planner.h:170] Found solution in: 5
I20260909 04:41:23.939235   705 skeleton_planner.h:170] Found solution in: 63
I20260909 04:41:23.939288   705 skeleton_planner.h:170] Found solution in: 11
I20260909 04:41:23.939373   705 skeleton_planner.h:170] Found solution in: 26
I20260909 04:41:23.939888   705 skeleton_planner.h:170] Found solution in: 18
I20260909 04:41:23.940835   705 skeleton_planner.h:170] Found solution in: 3
I20260909 04:41:23.941718   705 skeleton_planner.h:170] Found solution in: 17
I20260909 04:41:23.942554   705 skeleton_planner.h:170] Found solution in: 57
I20260909 04:41:23.942876   705 skeleton_generator.cpp:1756] [Subgraph] Potential edge candidates: 126 diagram candidates: 37
I20260909 04:41:23.942934   705 skeleton_generator.cpp:1771] [Subgraph] Final number of disconnected subgraphs: 12
I20260909 04:41:23.942940   705 skeleton_generator.cpp:633] [Sparse Graph] Vertices: 1184 Edges: 1809
