I20260909 04:40:09.966159   507 skeleton_planner.h:31] Setting ESDF layer.
I20260909 04:40:10.065793   507 skeleton_generator.cpp:226] [GVD] Finished finding GVD candidates. Number of skeleton points: 69940 edges: 8268
I20260909 04:40:10.088621   507 skeleton_generator.cpp:1093] [Prune] Number of vertices before prune: 3450 Number of deleted vertices: 920
I20260909 04:40:10.098129   507 skeleton_planner.h:170] Found solution in: 1
I20260909 04:40:10.098141   507 skeleton_planner.h:170] Found solution in: 3
I20260909 04:40:10.098157   507 skeleton_planner.h:170] Found solution in: 3
I20260909 04:40:10.098166   507 skeleton_planner.h:170] Found solution in: 1
I20260909 04:40:10.098186   507 skeleton_planner.h:170] Found solution in: 4
I20260909 04:40:10.098196   507 skeleton_planner.h:170] Found solution in: 1
I20260909 04:40:10.098223   507 skeleton_planner.h:170] Found solution in: 3
I20260909 04:40:10.098229   507 skeleton_planner.h:170] Found solution in: 1
I20260909 04:40:10.098234   507 skeleton_planner.h:170] Found solution in: 2
I20260909 04:40:10.099938   507 skeleton_planner.h:170] Found solution in: 1
I20260909 04:40:10.099943   507 skeleton_planner.h:170] Found solution in: 2
I20260909 04:40:10.099958   507 skeleton_planner.h:170] Found solution in: 4
I20260909 04:40:10.099964   507 skeleton_planner.h:170] Found solution in: 1
I20260909 04:40:10.099968   507 skeleton_planner.h:170] Found solution in: 2
I20260909 04:40:10.099982   507 skeleton_planner.h:170] Found solution in: 5
I20260909 04:40:10.099990   507 skeleton_planner.h:170] Found solution in: 1
I20260909 04:40:10.099994   507 skeleton_planner.h:170] Found solution in: 3
I20260909 04:40:10.100008   507 skeleton_planner.h:170] Found solution in: 4
I20260909 04:40:10.100019   507 skeleton_planner.h:170] Found solution in: 1
I20260909 04:40:10.100035   507 skeleton_planner.h:170] Found solution in: 3
I20260909 04:40:10.100042   507 skeleton_planner.h:170] Found solution in: 1
I20260909 04:40:10.100059   507 skeleton_planner.h:170] Found solution in: 19
I20260909 04:40:10.100168   507 skeleton_planner.h:170] Found solution in: 4
I20260909 04:40:10.100176   507 skeleton_planner.h:170] Found solution in: 1
I20260909 04:40:10.100274   507 skeleton_planner.h:170] Found solution in: 4
I20260909 04:40:10.100283   507 skeleton_planner.h:170] Found solution in: 1
I20260909 04:40:10.100301   507 skeleton_planner.h:170] Found solution in: 4
I20260909 04:40:10.100310   507 skeleton_planner.h:170] Found solution in: 1
I20260909 04:40:10.100315   507 skeleton_planner.h:170] Found solution in: 2
I20260909 04:40:10.100328   507 skeleton_planner.h:170] Found solution in: 5
I20260909 04:40:10.100337   507 skeleton_planner.h:170] Found solution in: 1
I20260909 04:40:10.100394   507 skeleton_planner.h:170] Found solution in: 67
I20260909 04:40:10.100405   507 skeleton_planner.h:170] Found solution in: 1
I20260909 04:40:10.100419   507 skeleton_planner.h:170] Found solution in: 16
I20260909 04:40:10.100425   507 skeleton_planner.h:170] Found solution in: 4
I20260909 04:40:10.100431   507 skeleton_planner.h:170] Found solution in: 1
I20260909 04:40:10.100443   507 skeleton_planner.h:170] Found solution in: 3
I20260909 04:40:10.100451   507 skeleton_planner.h:170] Found solution in: 1
I20260909 04:40:10.100456   507 skeleton_planner.h:170] Found solution in: 3
I20260909 04:40:10.100461   507 skeleton_planner.h:170] Found solution in: 5
I20260909 04:40:10.100468   507 skeleton_planner.h:170] Found solution in: 1
I20260909 04:40:10.100476   507 skeleton_planner.h:170] Found solution in: 1
I20260909 04:40:10.100478   507 skeleton_planner.h:170] Found solution in: 2
I20260909 04:40:10.100502   507 skeleton_planner.h:170] Found solution in: 7
I20260909 04:40:10.100509   507 skeleton_planner.h:170] Found solution in: 1
I20260909 04:40:10.101115   507 skeleton_planner.h:170] Found solution in: 9
I20260909 04:40:10.101126   507 skeleton_planner.h:170] Found solution in: 1
I20260909 04:40:10.101142   507 skeleton_planner.h:170] Found solution in: 3
I20260909 04:40:10.101151   507 skeleton_planner.h:170] Found solution in: 1
I20260909 04:40:10.101248   507 skeleton_planner.h:170] Found solution in: 3
I20260909 04:40:10.101257   507 skeleton_planner.h:170] Found solution in: 1
I20260909 04:40:10.101285   507 skeleton_planner.h:170] Found solution in: 29
I20260909 04:40:10.101308   507 skeleton_planner.h:170] Found solution in: 21
I20260909 04:40:10.101320   507 skeleton_planner.h:170] Found solution in: 1
I20260909 04:40:10.101329   507 skeleton_planner.h:170] Found solution in: 10
I20260909 04:40:10.101358   507 skeleton_planner.h:170] Found solution in: 28
I20260909 04:40:10.101366   507 skeleton_planner.h:170] Found solution in: 1
I20260909 04:40:10.101372   507 skeleton_planner.h:170] Found solution in: 1
I20260909 04:40:10.101383   507 skeleton_planner.h:170] Found solution in: 12
I20260909 04:40:10.101392   507 skeleton_planner.h:170] Found solution in: 10
I20260909 04:40:10.101399   507 skeleton_planner.h:170] Found solution in: 1
I20260909 04:40:10.101408   507 skeleton_planner.h:170] Found solution in: 9
I20260909 04:40:10.101413   507 skeleton_planner.h:170] Found solution in: 1
I20260909 04:40:10.101418   507 skeleton_planner.h:170] Found solution in: 3
I20260909 04:40:10.101421   507 skeleton_planner.h:170] Found solution in: 3
I20260909 04:40:10.101580   507 skeleton_planner.h:170] Found solution in: 76
I20260909 04:40:10.101629   507 skeleton_planner.h:170] Found solution in: 15
I20260909 04:40:10.101639   507 skeleton_planner.h:170] Found solution in: 1
I20260909 04:40:10.101643   507 skeleton_planner.h:170] Found solution in: 3
I20260909 04:40:10.101671   507 skeleton_planner.h:170] Found solution in: 5
I20260909 04:40:10.101678   507 skeleton_planner.h:170] Found solution in: 1
I20260909 04:40:10.101701   507 skeleton_planner.h:170] Found solution in: 5
I20260909 04:40:10.101713   507 skeleton_planner.h:170] Found solution in: 1
I20260909 04:40:10.101717   507 skeleton_planner.h:170] Found solution in: 3
I20260909 04:40:10.101733   507 skeleton_planner.h:170] Found solution in: 4
I20260909 04:40:10.101743   507 skeleton_planner.h:170] Found solution in: 1
I20260909 04:40:10.101747   507 skeleton_planner.h:170] Found solution in: 3
I20260909 04:40:10.101758   507 skeleton_planner.h:170] Found solution in: 11
I20260909 04:40:10.101768   507 skeleton_planner.h:170] Found solution in: 1
I20260909 04:40:10.101799   507 skeleton_planner.h:170] Found solution in: 29
I20260909 04:40:10.101810   507 skeleton_planner.h:170] Found solution in: 1
I20260909 04:40:10.101818   507 skeleton_planner.h:170] Found solution in: 8
I20260909 04:40:10.101824   507 skeleton_planner.h:170] Found solution in: 5
I20260909 04:40:10.101858   507 skeleton_planner.h:170] Found solution in: 40
I20260909 04:40:10.101866   507 skeleton_planner.h:170] Found solution in: 1
I20260909 04:40:10.101873   507 skeleton_planner.h:170] Found solution in: 1
I20260909 04:40:10.101893   507 skeleton_planner.h:170] Found solution in: 3
I20260909 04:40:10.101907   507 skeleton_planner.h:170] Found solution in: 1
I20260909 04:40:10.101909   507 skeleton_planner.h:170] Found solution in: 2
I20260909 04:40:10.101923   507 skeleton_planner.h:170] Found solution in: 4
I20260909 04:40:10.101930   507 skeleton_planner.h:170] Found solution in: 1
I20260909 04:40:10.101941   507 skeleton_planner.h:170] Found solution in: 3
I20260909 04:40:10.101948   507 skeleton_planner.h:170] Found solution in: 1
I20260909 04:40:10.101953   507 skeleton_planner.h:170] Found solution in: 3
I20260909 04:40:10.101981   507 skeleton_planner.h:170] Found solution in: 36
I20260909 04:40:10.101987   507 skeleton_planner.h:170] Found solution in: 4
I20260909 04:40:10.101992   507 skeleton_planner.h:170] Found solution in: 1
I20260909 04:40:10.101996   507 skeleton_planner.h:170] Found solution in: 3
I20260909 04:40:10.102001   507 skeleton_planner.h:170] Found solution in: 4
I20260909 04:40:10.102007   507 skeleton_planner.h:170] Found solution in: 1
I20260909 04:40:10.102015   507 skeleton_planner.h:170] Found solution in: 1
I20260909 04:40:10.102018   507 skeleton_planner.h:170] Found solution in: 3
I20260909 04:40:10.102025   507 skeleton_planner.h:170] Found solution in: 4
I20260909 04:40:10.102037   507 skeleton_planner.h:170] Found solution in: 16
I20260909 04:40:10.102044   507 skeleton_planner.h:170] Found solution in: 6
I20260909 04:40:10.102051   507 skeleton_planner.h:170] Found solution in: 1
I20260909 04:40:10.102066   507 skeleton_planner.h:170] Found solution in: 21
I20260909 04:40:10.102073   507 skeleton_planner.h:170] Found solution in: 6
I20260909 04:40:10.102078   507 skeleton_planner.h:170] Found solution in: 1
I20260909 04:40:10.102116   507 skeleton_planner.h:170] Found solution in: 46
I20260909 04:40:10.102128   507 skeleton_planner.h:170] Found solution in: 1
I20260909 04:40:10.102144   507 skeleton_planner.h:170] Found solution in: 4
I20260909 04:40:10.102152   507 skeleton_planner.h:170] Found solution in: 1
I20260909 04:40:10.102156   507 skeleton_planner.h:170] Found solution in: 3
I20260909 04:40:10.102162   507 skeleton_planner.h:170] Found solution in: 1
I20260909 04:40:10.102166   507 skeleton_planner.h:170] Found solution in: 2
I20260909 04:40:10.102177   507 skeleton_planner.h:170] Found solution in: 4
I20260909 04:40:10.102185   507 skeleton_planner.h:170] Found solution in: 1
I20260909 04:40:10.102193   507 skeleton_planner.h:170] Found solution in: 8
I20260909 04:40:10.102200   507 skeleton_planner.h:170] Found solution in: 1
I20260909 04:40:10.102212   507 skeleton_planner.h:170] Found solution in: 3
I20260909 04:40:10.102222   507 skeleton_planner.h:170] Found solution in: 1
I20260909 04:40:10.102229   507 skeleton_planner.h:170] Found solution in: 7
I20260909 04:40:10.102257   507 skeleton_planner.h:170] Found solution in: 6
I20260909 04:40:10.102264   507 skeleton_planner.h:170] Found solution in: 1
I20260909 04:40:10.102277   507 skeleton_planner.h:170] Found solution in: 3
I20260909 04:40:10.102286   507 skeleton_planner.h:170] Found solution in: 1
I20260909 04:40:10.102294   507 skeleton_planner.h:170] Found solution in: 1
I20260909 04:40:10.102332   507 skeleton_planner.h:170] Found solution in: 43
I20260909 04:40:10.102422   507 skeleton_planner.h:170] Found solution in: 5
I20260909 04:40:10.102430   507 skeleton_planner.h:170] Found solution in: 1
I20260909 04:40:10.102435   507 skeleton_planner.h:170] Found solution in: 4
I20260909 04:40:10.102444   507 skeleton_planner.h:170] Found solution in: 1
I20260909 04:40:10.102452   507 skeleton_planner.h:170] Found solution in: 1
I20260909 04:40:10.102458   507 skeleton_planner.h:170] Found solution in: 4
I20260909 04:40:10.102463   507 skeleton_planner.h:170] Found solution in: 5
I20260909 04:40:10.102483   507 skeleton_planner.h:170] Found solution in: 7
I20260909 04:40:10.102489   507 skeleton_planner.h:170] Found solution in: 1
I20260909 04:40:10.102494   507 skeleton_planner.h:170] Found solution in: 3
I20260909 04:40:10.102954   507 skeleton_planner.h:170] Found solution in: 9
I20260909 04:40:10.102964   507 skeleton_planner.h:170] Found solution in: 1
I20260909 04:40:10.102977   507 skeleton_planner.h:170] Found solution in: 13
I20260909 04:40:10.102988   507 skeleton_planner.h:170] Found solution in: 1
I20260909 04:40:10.102995   507 skeleton_planner.h:170] Found solution in: 8
I20260909 04:40:10.103001   507 skeleton_planner.h:170] Found solution in: 1
I20260909 04:40:10.103016   507 skeleton_planner.h:170] Found solution in: 3
I20260909 04:40:10.103026   507 skeleton_planner.h:170] Found solution in: 1
I20260909 04:40:10.103030   507 skeleton_planner.h:170] Found solution in: 3
I20260909 04:40:10.103042   507 skeleton_planner.h:170] Found solution in: 3
I20260909 04:40:10.103052   507 skeleton_planner.h:170] Found solution in: 1
I20260909 04:40:10.103060   507 skeleton_planner.h:170] Found solution in: 1
I20260909 04:40:10.103063   507 skeleton_planner.h:170] Found solution in: 3
I20260909 04:40:10.103073   507 skeleton_planner.h:170] Found solution in: 3
I20260909 04:40:10.103078   507 skeleton_planner.h:170] Found solution in: 1
I20260909 04:40:10.103083   507 skeleton_planner.h:170] Found solution in: 3
I20260909 04:40:10.103089   507 skeleton_planner.h:170] Found solution in: 6
I20260909 04:40:10.103097   507 skeleton_planner.h:170] Found solution in: 8
I20260909 04:40:10.103104   507 skeleton_planner.h:170] Found solution in: 1
I20260909 04:40:10.103109   507 skeleton_planner.h:170] Found solution in: 1
I20260909 04:40:10.103135   507 skeleton_planner.h:170] Found solution in: 4
I20260909 04:40:10.103142   507 skeleton_planner.h:170] Found solution in: 1
I20260909 04:40:10.103165   507 skeleton_planner.h:170] Found solution in: 4
I20260909 04:40:10.103174   507 skeleton_planner.h:170] Found solution in: 1
I20260909 04:40:10.103178   507 skeleton_planner.h:170] Found solution in: 3
I20260909 04:40:10.103197   507 skeleton_planner.h:170] Found solution in: 5
I20260909 04:40:10.103209   507 skeleton_planner.h:170] Found solution in: 1
I20260909 04:40:10.103212   507 skeleton_planner.h:170] Found solution in: 3
I20260909 04:40:10.103227   507 skeleton_planner.h:170] Found solution in: 5
I20260909 04:40:10.103237   507 skeleton_planner.h:170] Found solution in: 1
I20260909 04:40:10.103240   507 skeleton_planner.h:170] Found solution in: 2
I20260909 04:40:10.103255   507 skeleton_planner.h:170] Found solution in: 4
I20260909 04:40:10.103261   507 skeleton_planner.h:170] Found solution in: 1
I20260909 04:40:10.103351   507 skeleton_planner.h:170] Found solution in: 4
I20260909 04:40:10.103360   507 skeleton_planner.h:170] Found solution in: 1
I20260909 04:40:10.103384   507 skeleton_planner.h:170] Found solution in: 5
I20260909 04:40:10.103395   507 skeleton_planner.h:170] Found solution in: 1
I20260909 04:40:10.103399   507 skeleton_planner.h:170] Found solution in: 2
I20260909 04:40:10.103408   507 skeleton_planner.h:170] Found solution in: 3
I20260909 04:40:10.103417   507 skeleton_planner.h:170] Found solution in: 1
I20260909 04:40:10.103422   507 skeleton_planner.h:170] Found solution in: 4
I20260909 04:40:10.103440   507 skeleton_planner.h:170] Found solution in: 5
I20260909 04:40:10.103449   507 skeleton_planner.h:170] Found solution in: 1
I20260909 04:40:10.103467   507 skeleton_planner.h:170] Found solution in: 5
I20260909 04:40:10.103477   507 skeleton_planner.h:170] Found solution in: 1
I20260909 04:40:10.103482   507 skeleton_planner.h:170] Found solution in: 5
I20260909 04:40:10.103490   507 skeleton_planner.h:170] Found solution in: 1
I20260909 04:40:10.103494   507 skeleton_planner.h:170] Found solution in: 2
I20260909 04:40:10.103911   507 skeleton_planner.h:170] Found solution in: 1
I20260909 04:40:10.103927   507 skeleton_planner.h:170] Found solution in: 1
I20260909 04:40:10.103941   507 skeleton_planner.h:170] Found solution in: 4
I20260909 04:40:10.103950   507 skeleton_planner.h:170] Found solution in: 1
I20260909 04:40:10.104027   507 skeleton_planner.h:170] Found solution in: 35
I20260909 04:40:10.104039   507 skeleton_planner.h:170] Found solution in: 6
I20260909 04:40:10.104200   507 skeleton_planner.h:170] Found solution in: 76
I20260909 04:40:10.104216   507 skeleton_planner.h:170] Found solution in: 1
I20260909 04:40:10.104226   507 skeleton_planner.h:170] Found solution in: 11
I20260909 04:40:10.104269   507 skeleton_planner.h:170] Found solution in: 6
I20260909 04:40:10.104276   507 skeleton_planner.h:170] Found solution in: 1
I20260909 04:40:10.104290   507 skeleton_planner.h:170] Found solution in: 3
I20260909 04:40:10.104300   507 skeleton_planner.h:170] Found solution in: 1
I20260909 04:40:10.104312   507 skeleton_planner.h:170] Found solution in: 1
I20260909 04:40:10.104321   507 skeleton_planner.h:170] Found solution in: 1
I20260909 04:40:10.104326   507 skeleton_planner.h:170] Found solution in: 7
I20260909 04:40:10.104352   507 skeleton_planner.h:170] Found solution in: 7
I20260909 04:40:10.104363   507 skeleton_planner.h:170] Found solution in: 1
I20260909 04:40:10.104385   507 skeleton_planner.h:170] Found solution in: 6
I20260909 04:40:10.104396   507 skeleton_planner.h:170] Found solution in: 1
I20260909 04:40:10.104400   507 skeleton_planner.h:170] Found solution in: 3
I20260909 04:40:10.104413   507 skeleton_planner.h:170] Found solution in: 3
I20260909 04:40:10.104421   507 skeleton_planner.h:170] Found solution in: 1
I20260909 04:40:10.104446   507 skeleton_planner.h:170] Found solution in: 7
I20260909 04:40:10.104456   507 skeleton_planner.h:170] Found solution in: 1
I20260909 04:40:10.104460   507 skeleton_planner.h:170] Found solution in: 3
I20260909 04:40:10.104475   507 skeleton_planner.h:170] Found solution in: 4
I20260909 04:40:10.104481   507 skeleton_planner.h:170] Found solution in: 1
I20260909 04:40:10.104501   507 skeleton_planner.h:170] Found solution in: 5
I20260909 04:40:10.104511   507 skeleton_planner.h:170] Found solution in: 1
I20260909 04:40:10.104600   507 skeleton_planner.h:170] Found solution in: 7
I20260909 04:40:10.104610   507 skeleton_planner.h:170] Found solution in: 1
I20260909 04:40:10.104624   507 skeleton_planner.h:170] Found solution in: 14
I20260909 04:40:10.104733   507 skeleton_planner.h:170] Found solution in: 5
I20260909 04:40:10.104741   507 skeleton_planner.h:170] Found solution in: 1
I20260909 04:40:10.104748   507 skeleton_planner.h:170] Found solution in: 1
I20260909 04:40:10.104755   507 skeleton_planner.h:170] Found solution in: 1
I20260909 04:40:10.104776   507 skeleton_planner.h:170] Found solution in: 19
I20260909 04:40:10.104782   507 skeleton_planner.h:170] Found solution in: 1
I20260909 04:40:10.104873   507 skeleton_planner.h:170] Found solution in: 4
I20260909 04:40:10.104882   507 skeleton_planner.h:170] Found solution in: 1
I20260909 04:40:10.104902   507 skeleton_planner.h:170] Found solution in: 24
I20260909 04:40:10.104909   507 skeleton_planner.h:170] Found solution in: 1
I20260909 04:40:10.104918   507 skeleton_planner.h:170] Found solution in: 9
I20260909 04:40:10.104926   507 skeleton_planner.h:170] Found solution in: 1
I20260909 04:40:10.104931   507 skeleton_planner.h:170] Found solution in: 1
I20260909 04:40:10.104938   507 skeleton_planner.h:170] Found solution in: 7
I20260909 04:40:10.104944   507 skeleton_planner.h:170] Found solution in: 1
I20260909 04:40:10.104952   507 skeleton_planner.h:170] Found solution in: 8
I20260909 04:40:10.104960   507 skeleton_planner.h:170] Found solution in: 1
I20260909 04:40:10.104966   507 skeleton_planner.h:170] Found solution in: 6
I20260909 04:40:10.104972   507 skeleton_planner.h:170] Found solution in: 5
I20260909 04:40:10.104979   507 skeleton_planner.h:170] Found solution in: 6
I20260909 04:40:10.104985   507 skeleton_planner.h:170] Found solution in: 7
I20260909 04:40:10.104992   507 skeleton_planner.h:170] Found solution in: 8
I20260909 04:40:10.105027   507 skeleton_planner.h:170] Found solution in: 7
I20260909 04:40:10.105042   507 skeleton_planner.h:170] Found solution in: 1
I20260909 04:40:10.105051   507 skeleton_planner.h:170] Found solution in: 1
I20260909 04:40:10.105158   507 skeleton_planner.h:170] Found solution in: 13
I20260909 04:40:10.105168   507 skeleton_planner.h:170] Found solution in: 1
I20260909 04:40:10.105189   507 skeleton_planner.h:170] Found solution in: 24
I20260909 04:40:10.105196   507 skeleton_planner.h:170] Found solution in: 1
I20260909 04:40:10.105204   507 skeleton_planner.h:170] Found solution in: 1
I20260909 04:40:10.105222   507 skeleton_planner.h:170] Found solution in: 4
I20260909 04:40:10.105229   507 skeleton_planner.h:170] Found solution in: 1
I20260909 04:40:10.105247   507 skeleton_planner.h:170] Found solution in: 4
I20260909 04:40:10.105253   507 skeleton_planner.h:170] Found solution in: 1
I20260909 04:40:10.105276   507 skeleton_planner.h:170] Found solution in: 6
I20260909 04:40:10.105284   507 skeleton_planner.h:170] Found solution in: 1
I20260909 04:40:10.105288   507 skeleton_planner.h:170] Found solution in: 3
I20260909 04:40:10.105299   507 skeleton_planner.h:170] Found solution in: 3
I20260909 04:40:10.105307   507 skeleton_planner.h:170] Found solution in: 1
I20260909 04:40:10.105330   507 skeleton_planner.h:170] Found solution in: 8
I20260909 04:40:10.105340   507 skeleton_planner.h:170] Found solution in: 1
I20260909 04:40:10.105347   507 skeleton_planner.h:170] Found solution in: 1
I20260909 04:40:10.105351   507 skeleton_planner.h:170] Found solution in: 3
I20260909 04:40:10.105590   507 skeleton_planner.h:170] Found solution in: 9
I20260909 04:40:10.105598   507 skeleton_planner.h:170] Found solution in: 1
I20260909 04:40:10.105602   507 skeleton_planner.h:170] Found solution in: 3
I20260909 04:40:10.105620   507 skeleton_planner.h:170] Found solution in: 5
I20260909 04:40:10.105628   507 skeleton_planner.h:170] Found solution in: 1
I20260909 04:40:10.105855   507 skeleton_planner.h:170] Found solution in: 9
I20260909 04:40:10.105865   507 skeleton_planner.h:170] Found solution in: 1
I20260909 04:40:10.105870   507 skeleton_planner.h:170] Found solution in: 2
I20260909 04:40:10.105885   507 skeleton_planner.h:170] Found solution in: 6
I20260909 04:40:10.105890   507 skeleton_planner.h:170] Found solution in: 1
I20260909 04:40:10.105911   507 skeleton_planner.h:170] Found solution in: 6
I20260909 04:40:10.105921   507 skeleton_planner.h:170] Found solution in: 1
I20260909 04:40:10.105926   507 skeleton_planner.h:170] Found solution in: 1
I20260909 04:40:10.105955   507 skeleton_planner.h:170] Found solution in: 35
I20260909 04:40:10.105964   507 skeleton_planner.h:170] Found solution in: 1
I20260909 04:40:10.105971   507 skeleton_planner.h:170] Found solution in: 1
I20260909 04:40:10.105997   507 skeleton_planner.h:170] Found solution in: 31
I20260909 04:40:10.106006   507 skeleton_planner.h:170] Found solution in: 1
I20260909 04:40:10.106094   507 skeleton_planner.h:170] Found solution in: 6
I20260909 04:40:10.106101   507 skeleton_planner.h:170] Found solution in: 1
I20260909 04:40:10.106104   507 skeleton_planner.h:170] Found solution in: 2
I20260909 04:40:10.106127   507 skeleton_planner.h:170] Found solution in: 8
I20260909 04:40:10.106135   507 skeleton_planner.h:170] Found solution in: 1
I20260909 04:40:10.106141   507 skeleton_planner.h:170] Found solution in: 4
I20260909 04:40:10.106149   507 skeleton_planner.h:170] Found solution in: 1
I20260909 04:40:10.106164   507 skeleton_planner.h:170] Found solution in: 4
I20260909 04:40:10.106173   507 skeleton_planner.h:170] Found solution in: 1
I20260909 04:40:10.106264   507 skeleton_planner.h:170] Found solution in: 3
I20260909 04:40:10.106271   507 skeleton_planner.h:170] Found solution in: 1
I20260909 04:40:10.106276   507 skeleton_planner.h:170] Found solution in: 2
I20260909 04:40:10.106680   507 skeleton_planner.h:170] Found solution in: 1
I20260909 04:40:10.106685   507 skeleton_planner.h:170] Found solution in: 3
I20260909 04:40:10.106699   507 skeleton_planner.h:170] Found solution in: 5
I20260909 04:40:10.106705   507 skeleton_planner.h:170] Found solution in: 1
I20260909 04:40:10.106925   507 skeleton_planner.h:170] Found solution in: 7
I20260909 04:40:10.106931   507 skeleton_planner.h:170] Found solution in: 1
I20260909 04:40:10.106935   507 skeleton_planner.h:170] Found solution in: 2
I20260909 04:40:10.107360   507 skeleton_planner.h:170] Found solution in: 1
I20260909 04:40:10.107364   507 skeleton_planner.h:170] Found solution in: 2
I20260909 04:40:10.107844   507 skeleton_planner.h:170] Found solution in: 8
I20260909 04:40:10.107856   507 skeleton_planner.h:170] Found solution in: 1
I20260909 04:40:10.107860   507 skeleton_planner.h:170] Found solution in: 4
I20260909 04:40:10.107884   507 skeleton_planner.h:170] Found solution in: 9
I20260909 04:40:10.107893   507 skeleton_planner.h:170] Found solution in: 1
I20260909 04:40:10.107991   507 skeleton_planner.h:170] Found solution in: 51
I20260909 04:40:10.108022   507 skeleton_planner.h:170] Found solution in: 8
I20260909 04:40:10.108032   507 skeleton_planner.h:170] Found solution in: 1
I20260909 04:40:10.108055   507 skeleton_planner.h:170] Found solution in: 10
I20260909 04:40:10.108065   507 skeleton_planner.h:170] Found solution in: 1
I20260909 04:40:10.108089   507 skeleton_planner.h:170] Found solution in: 7
I20260909 04:40:10.108096   507 skeleton_planner.h:170] Found solution in: 1
I20260909 04:40:10.108101   507 skeleton_planner.h:170] Found solution in: 4
I20260909 04:40:10.108119   507 skeleton_planner.h:170] Found solution in: 5
I20260909 04:40:10.108126   507 skeleton_planner.h:170] Found solution in: 1
I20260909 04:40:10.108137   507 skeleton_planner.h:170] Found solution in: 3
I20260909 04:40:10.108147   507 skeleton_planner.h:170] Found solution in: 1
I20260909 04:40:10.108223   507 skeleton_planner.h:170] Found solution in: 96
I20260909 04:40:10.108233   507 skeleton_planner.h:170] Found solution in: 6
I20260909 04:40:10.108310   507 skeleton_planner.h:170] Found solution in: 94
I20260909 04:40:10.108320   507 skeleton_planner.h:170] Found solution in: 1
I20260909 04:40:10.108326   507 skeleton_planner.h:170] Found solution in: 1
I20260909 04:40:10.108337   507 skeleton_planner.h:170] Found solution in: 7
I20260909 04:40:10.108343   507 skeleton_planner.h:170] Found solution in: 1
I20260909 04:40:10.108424   507 skeleton_planner.h:170] Found solution in: 3
I20260909 04:40:10.108433   507 skeleton_planner.h:170] Found solution in: 1
I20260909 04:40:10.108444   507 skeleton_planner.h:170] Found solution in: 3
I20260909 04:40:10.108451   507 skeleton_planner.h:170] Found solution in: 1
I20260909 04:40:10.108460   507 skeleton_planner.h:170] Found solution in: 9
I20260909 04:40:10.108469   507 skeleton_planner.h:170] Found solution in: 1
I20260909 04:40:10.108474   507 skeleton_planner.h:170] Found solution in: 4
I20260909 04:40:10.108489   507 skeleton_planner.h:170] Found solution in: 4
I20260909 04:40:10.108498   507 skeleton_planner.h:170] Found solution in: 1
I20260909 04:40:10.108556   507 skeleton_planner.h:170] Found solution in: 3
I20260909 04:40:10.108565   507 skeleton_planner.h:170] Found solution in: 1
I20260909 04:40:10.108568   507 skeleton_planner.h:170] Found solution in: 2
I20260909 04:40:10.108587   507 skeleton_planner.h:170] Found solution in: 6
I20260909 04:40:10.108594   507 skeleton_planner.h:170] Found solution in: 1
I20260909 04:40:10.108614   507 skeleton_planner.h:170] Found solution in: 7
I20260909 04:40:10.108623   507 skeleton_planner.h:170] Found solution in: 1
I20260909 04:40:10.108704   507 skeleton_planner.h:170] Found solution in: 4
I20260909 04:40:10.108714   507 skeleton_planner.h:170] Found solution in: 1
I20260909 04:40:10.108718   507 skeleton_planner.h:170] Found solution in: 3
I20260909 04:40:10.108738   507 skeleton_planner.h:170] Found solution in: 5
I20260909 04:40:10.108747   507 skeleton_planner.h:170] Found solution in: 1
I20260909 04:40:10.108754   507 skeleton_planner.h:170] Found solution in: 1
I20260909 04:40:10.108852   507 skeleton_planner.h:170] Found solution in: 6
I20260909 04:40:10.108860   507 skeleton_planner.h:170] Found solution in: 1
I20260909 04:40:10.108867   507 skeleton_planner.h:170] Found solution in: 7
I20260909 04:40:10.108873   507 skeleton_planner.h:170] Found solution in: 6
I20260909 04:40:10.108882   507 skeleton_planner.h:170] Found solution in: 9
I20260909 04:40:10.108891   507 skeleton_planner.h:170] Found solution in: 1
I20260909 04:40:10.108954   507 skeleton_planner.h:170] Found solution in: 5
I20260909 04:40:10.108964   507 skeleton_planner.h:170] Found solution in: 1
I20260909 04:40:10.108970   507 skeleton_planner.h:170] Found solution in: 5
I20260909 04:40:10.108978   507 skeleton_planner.h:170] Found solution in: 8
I20260909 04:40:10.108984   507 skeleton_planner.h:170] Found solution in: 7
I20260909 04:40:10.108990   507 skeleton_planner.h:170] Found solution in: 1
I20260909 04:40:10.108999   507 skeleton_planner.h:170] Found solution in: 5
I20260909 04:40:10.109006   507 skeleton_planner.h:170] Found solution in: 7
I20260909 04:40:10.109012   507 skeleton_planner.h:170] Found solution in: 6
I20260909 04:40:10.109020   507 skeleton_planner.h:170] Found solution in: 1
I20260909 04:40:10.109081   507 skeleton_planner.h:170] Found solution in: 5
I20260909 04:40:10.109089   507 skeleton_planner.h:170] Found solution in: 1
I20260909 04:40:10.109108   507 skeleton_planner.h:170] Found solution in: 5
I20260909 04:40:10.109118   507 skeleton_planner.h:170] Found solution in: 1
I20260909 04:40:10.109139   507 skeleton_planner.h:170] Found solution in: 6
I20260909 04:40:10.109146   507 skeleton_planner.h:170] Found solution in: 1
I20260909 04:40:10.109153   507 skeleton_planner.h:170] Found solution in: 5
I20260909 04:40:10.109159   507 skeleton_planner.h:170] Found solution in: 7
I20260909 04:40:10.109166   507 skeleton_planner.h:170] Found solution in: 7
I20260909 04:40:10.109174   507 skeleton_planner.h:170] Found solution in: 1
I20260909 04:40:10.109177   507 skeleton_planner.h:170] Found solution in: 3
I20260909 04:40:10.109579   507 skeleton_planner.h:170] Found solution in: 1
I20260909 04:40:10.109584   507 skeleton_planner.h:170] Found solution in: 3
I20260909 04:40:10.109985   507 skeleton_planner.h:170] Found solution in: 1
I20260909 04:40:10.110392   507 skeleton_planner.h:170] Found solution in: 1
I20260909 04:40:10.110399   507 skeleton_planner.h:170] Found solution in: 1
I20260909 04:40:10.110419   507 skeleton_planner.h:170] Found solution in: 3
I20260909 04:40:10.110427   507 skeleton_planner.h:170] Found solution in: 1
I20260909 04:40:10.110435   507 skeleton_planner.h:170] Found solution in: 8
I20260909 04:40:10.110442   507 skeleton_planner.h:170] Found solution in: 1
I20260909 04:40:10.110544   507 skeleton_planner.h:170] Found solution in: 4
I20260909 04:40:10.110553   507 skeleton_planner.h:170] Found solution in: 1
I20260909 04:40:10.110581   507 skeleton_planner.h:170] Found solution in: 31
I20260909 04:40:10.110590   507 skeleton_planner.h:170] Found solution in: 1
I20260909 04:40:10.110630   507 skeleton_planner.h:170] Found solution in: 44
I20260909 04:40:10.110637   507 skeleton_planner.h:170] Found solution in: 1
I20260909 04:40:10.110643   507 skeleton_planner.h:170] Found solution in: 5
I20260909 04:40:10.110651   507 skeleton_planner.h:170] Found solution in: 1
I20260909 04:40:10.110656   507 skeleton_planner.h:170] Found solution in: 5
I20260909 04:40:10.110661   507 skeleton_planner.h:170] Found solution in: 4
I20260909 04:40:10.110683   507 skeleton_planner.h:170] Found solution in: 26
I20260909 04:40:10.110690   507 skeleton_planner.h:170] Found solution in: 1
I20260909 04:40:10.110702   507 skeleton_planner.h:170] Found solution in: 12
I20260909 04:40:10.110715   507 skeleton_planner.h:170] Found solution in: 16
I20260909 04:40:10.110724   507 skeleton_planner.h:170] Found solution in: 1
I20260909 04:40:10.110819   507 skeleton_planner.h:170] Found solution in: 4
I20260909 04:40:10.110828   507 skeleton_planner.h:170] Found solution in: 1
I20260909 04:40:10.110831   507 skeleton_planner.h:170] Found solution in: 2
I20260909 04:40:10.110852   507 skeleton_planner.h:170] Found solution in: 6
I20260909 04:40:10.110860   507 skeleton_planner.h:170] Found solution in: 1
I20260909 04:40:10.110893   507 skeleton_planner.h:170] Found solution in: 11
I20260909 04:40:10.110913   507 skeleton_planner.h:170] Found solution in: 1
I20260909 04:40:10.111011   507 skeleton_planner.h:170] Found solution in: 6
I20260909 04:40:10.111022   507 skeleton_planner.h:170] Found solution in: 1
I20260909 04:40:10.111028   507 skeleton_planner.h:170] Found solution in: 5
I20260909 04:40:10.111052   507 skeleton_planner.h:170] Found solution in: 28
I20260909 04:40:10.111162   507 skeleton_planner.h:170] Found solution in: 6
I20260909 04:40:10.111176   507 skeleton_planner.h:170] Found solution in: 1
I20260909 04:40:10.111269   507 skeleton_planner.h:170] Found solution in: 4
I20260909 04:40:10.111279   507 skeleton_planner.h:170] Found solution in: 1
I20260909 04:40:10.111377   507 skeleton_planner.h:170] Found solution in: 4
I20260909 04:40:10.111387   507 skeleton_planner.h:170] Found solution in: 1
I20260909 04:40:10.111392   507 skeleton_planner.h:170] Found solution in: 2
I20260909 04:40:10.111410   507 skeleton_planner.h:170] Found solution in: 7
I20260909 04:40:10.111418   507 skeleton_planner.h:170] Found solution in: 1
I20260909 04:40:10.111431   507 skeleton_planner.h:170] Found solution in: 3
I20260909 04:40:10.111441   507 skeleton_planner.h:170] Found solution in: 1
I20260909 04:40:10.111449   507 skeleton_planner.h:170] Found solution in: 5
I20260909 04:40:10.111454   507 skeleton_planner.h:170] Found solution in: 1
I20260909 04:40:10.111666   507 skeleton_planner.h:170] Found solution in: 86
I20260909 04:40:10.111680   507 skeleton_planner.h:170] Found solution in: 1
I20260909 04:40:10.111707   507 skeleton_planner.h:170] Found solution in: 4
I20260909 04:40:10.111718   507 skeleton_planner.h:170] Found solution in: 1
I20260909 04:40:10.111725   507 skeleton_planner.h:170] Found solution in: 1
I20260909 04:40:10.111732   507 skeleton_planner.h:170] Found solution in: 5
I20260909 04:40:10.111739   507 skeleton_planner.h:170] Found solution in: 1
I20260909 04:40:10.111742   507 skeleton_planner.h:170] Found solution in: 2
I20260909 04:40:10.111756   507 skeleton_planner.h:170] Found solution in: 4
I20260909 04:40:10.111768   507 skeleton_planner.h:170] Found solution in: 1
I20260909 04:40:10.111773   507 skeleton_planner.h:170] Found solution in: 3
I20260909 04:40:10.111778   507 skeleton_planner.h:170] Found solution in: 1
I20260909 04:40:10.111791   507 skeleton_planner.h:170] Found solution in: 5
I20260909 04:40:10.111800   507 skeleton_planner.h:170] Found solution in: 1
I20260909 04:40:10.111807   507 skeleton_planner.h:170] Found solution in: 1
I20260909 04:40:10.111814   507 skeleton_planner.h:170] Found solution in: 6
I20260909 04:40:10.111820   507 skeleton_planner.h:170] Found solution in: 1
I20260909 04:40:10.111861   507 skeleton_planner.h:170] Found solution in: 49
I20260909 04:40:10.111872   507 skeleton_planner.h:170] Found solution in: 1
I20260909 04:40:10.111923   507 skeleton_planner.h:170] Found solution in: 55
I20260909 04:40:10.111934   507 skeleton_planner.h:170] Found solution in: 1
I20260909 04:40:10.111943   507 skeleton_planner.h:170] Found solution in: 1
I20260909 04:40:10.111953   507 skeleton_planner.h:170] Found solution in: 1
I20260909 04:40:10.111958   507 skeleton_planner.h:170] Found solution in: 1
I20260909 04:40:10.111964   507 skeleton_planner.h:170] Found solution in: 1
I20260909 04:40:10.111967   507 skeleton_planner.h:170] Found solution in: 2
I20260909 04:40:10.111981   507 skeleton_planner.h:170] Found solution in: 4
I20260909 04:40:10.111992   507 skeleton_planner.h:170] Found solution in: 1
I20260909 04:40:10.111999   507 skeleton_planner.h:170] Found solution in: 1
I20260909 04:40:10.112020   507 skeleton_planner.h:170] Found solution in: 23
I20260909 04:40:10.112104   507 skeleton_planner.h:170] Found solution in: 4
I20260909 04:40:10.112112   507 skeleton_planner.h:170] Found solution in: 1
I20260909 04:40:10.112125   507 skeleton_planner.h:170] Found solution in: 17
I20260909 04:40:10.112211   507 skeleton_planner.h:170] Found solution in: 5
I20260909 04:40:10.112218   507 skeleton_planner.h:170] Found solution in: 1
I20260909 04:40:10.112226   507 skeleton_planner.h:170] Found solution in: 1
I20260909 04:40:10.112231   507 skeleton_planner.h:170] Found solution in: 5
I20260909 04:40:10.112316   507 skeleton_planner.h:170] Found solution in: 4
I20260909 04:40:10.112323   507 skeleton_planner.h:170] Found solution in: 1
I20260909 04:40:10.112332   507 skeleton_planner.h:170] Found solution in: 1
I20260909 04:40:10.112337   507 skeleton_planner.h:170] Found solution in: 1
I20260909 04:40:10.112342   507 skeleton_planner.h:170] Found solution in: 3
I20260909 04:40:10.112380   507 skeleton_planner.h:170] Found solution in: 3
I20260909 04:40:10.112386   507 skeleton_planner.h:170] Found solution in: 1
I20260909 04:40:10.112391   507 skeleton_planner.h:170] Found solution in: 4
I20260909 04:40:10.112396   507 skeleton_planner.h:170] Found solution in: 4
I20260909 04:40:10.112403   507 skeleton_planner.h:170] Found solution in: 7
I20260909 04:40:10.112409   507 skeleton_planner.h:170] Found solution in: 1
I20260909 04:40:10.112499   507 skeleton_planner.h:170] Found solution in: 3
I20260909 04:40:10.112511   507 skeleton_planner.h:170] Found solution in: 1
I20260909 04:40:10.112537   507 skeleton_planner.h:170] Found solution in: 8
I20260909 04:40:10.112550   507 skeleton_planner.h:170] Found solution in: 1
I20260909 04:40:10.112563   507 skeleton_planner.h:170] Found solution in: 17
I20260909 04:40:10.112571   507 skeleton_planner.h:170] Found solution in: 1
I20260909 04:40:10.112576   507 skeleton_planner.h:170] Found solution in: 5
I20260909 04:40:10.112591   507 skeleton_planner.h:170] Found solution in: 19
I20260909 04:40:10.112598   507 skeleton_planner.h:170] Found solution in: 8
I20260909 04:40:10.112608   507 skeleton_planner.h:170] Found solution in: 1
I20260909 04:40:10.112622   507 skeleton_planner.h:170] Found solution in: 16
I20260909 04:40:10.112628   507 skeleton_planner.h:170] Found solution in: 7
I20260909 04:40:10.112635   507 skeleton_planner.h:170] Found solution in: 7
I20260909 04:40:10.112649   507 skeleton_planner.h:170] Found solution in: 18
I20260909 04:40:10.112703   507 skeleton_planner.h:170] Found solution in: 14
I20260909 04:40:10.112715   507 skeleton_planner.h:170] Found solution in: 1
I20260909 04:40:10.112728   507 skeleton_planner.h:170] Found solution in: 15
I20260909 04:40:10.112746   507 skeleton_planner.h:170] Found solution in: 21
I20260909 04:40:10.112756   507 skeleton_planner.h:170] Found solution in: 1
I20260909 04:40:10.112762   507 skeleton_planner.h:170] Found solution in: 8
I20260909 04:40:10.112773   507 skeleton_planner.h:170] Found solution in: 12
I20260909 04:40:10.112811   507 skeleton_planner.h:170] Found solution in: 6
I20260909 04:40:10.112823   507 skeleton_planner.h:170] Found solution in: 1
I20260909 04:40:10.112862   507 skeleton_planner.h:170] Found solution in: 4
I20260909 04:40:10.112870   507 skeleton_planner.h:170] Found solution in: 1
I20260909 04:40:10.112876   507 skeleton_planner.h:170] Found solution in: 5
I20260909 04:40:10.112882   507 skeleton_planner.h:170] Found solution in: 1
I20260909 04:40:10.112887   507 skeleton_planner.h:170] Found solution in: 4
I20260909 04:40:10.112900   507 skeleton_planner.h:170] Found solution in: 4
I20260909 04:40:10.112907   507 skeleton_planner.h:170] Found solution in: 1
I20260909 04:40:10.112919   507 skeleton_planner.h:170] Found solution in: 4
I20260909 04:40:10.112926   507 skeleton_planner.h:170] Found solution in: 1
I20260909 04:40:10.112931   507 skeleton_planner.h:170] Found solution in: 6
I20260909 04:40:10.112952   507 skeleton_planner.h:170] Found solution in: 6
I20260909 04:40:10.112959   507 skeleton_planner.h:170] Found solution in: 1
I20260909 04:40:10.112985   507 skeleton_planner.h:170] Found solution in: 8
I20260909 04:40:10.112993   507 skeleton_planner.h:170] Found solution in: 1
I20260909 04:40:10.113003   507 skeleton_planner.h:170] Found solution in: 3
I20260909 04:40:10.113008   507 skeleton_planner.h:170] Found solution in: 1
I20260909 04:40:10.113011   507 skeleton_planner.h:170] Found solution in: 3
I20260909 04:40:10.113029   507 skeleton_planner.h:170] Found solution in: 6
I20260909 04:40:10.113034   507 skeleton_planner.h:170] Found solution in: 1
I20260909 04:40:10.113049   507 skeleton_planner.h:170] Found solution in: 5
I20260909 04:40:10.113062   507 skeleton_planner.h:170] Found solution in: 1
I20260909 04:40:10.113111   507 skeleton_planner.h:170] Found solution in: 53
I20260909 04:40:10.113130   507 skeleton_planner.h:170] Found solution in: 21
I20260909 04:40:10.113222   507 skeleton_planner.h:170] Found solution in: 5
I20260909 04:40:10.113230   507 skeleton_planner.h:170] Found solution in: 1
I20260909 04:40:10.113245   507 skeleton_planner.h:170] Found solution in: 13
I20260909 04:40:10.113252   507 skeleton_planner.h:170] Found solution in: 1
I20260909 04:40:10.113263   507 skeleton_planner.h:170] Found solution in: 11
I20260909 04:40:10.113271   507 skeleton_planner.h:170] Found solution in: 1
I20260909 04:40:10.113278   507 skeleton_planner.h:170] Found solution in: 1
I20260909 04:40:10.113293   507 skeleton_planner.h:170] Found solution in: 3
I20260909 04:40:10.113302   507 skeleton_planner.h:170] Found solution in: 1
I20260909 04:40:10.113327   507 skeleton_planner.h:170] Found solution in: 4
I20260909 04:40:10.113335   507 skeleton_planner.h:170] Found solution in: 1
I20260909 04:40:10.113372   507 skeleton_planner.h:170] Found solution in: 9
I20260909 04:40:10.113384   507 skeleton_planner.h:170] Found solution in: 1
I20260909 04:40:10.113389   507 skeleton_planner.h:170] Found solution in: 5
I20260909 04:40:10.113407   507 skeleton_planner.h:170] Found solution in: 5
I20260909 04:40:10.113415   507 skeleton_planner.h:170] Found solution in: 1
I20260909 04:40:10.113426   507 skeleton_planner.h:170] Found solution in: 3
I20260909 04:40:10.113435   507 skeleton_planner.h:170] Found solution in: 1
I20260909 04:40:10.113438   507 skeleton_planner.h:170] Found solution in: 3
I20260909 04:40:10.113456   507 skeleton_planner.h:170] Found solution in: 6
I20260909 04:40:10.113463   507 skeleton_planner.h:170] Found solution in: 1
I20260909 04:40:10.113468   507 skeleton_planner.h:170] Found solution in: 1
I20260909 04:40:10.113492   507 skeleton_planner.h:170] Found solution in: 7
I20260909 04:40:10.113502   507 skeleton_planner.h:170] Found solution in: 1
I20260909 04:40:10.113514   507 skeleton_planner.h:170] Found solution in: 3
I20260909 04:40:10.113525   507 skeleton_planner.h:170] Found solution in: 1
I20260909 04:40:10.113529   507 skeleton_planner.h:170] Found solution in: 3
I20260909 04:40:10.113540   507 skeleton_planner.h:170] Found solution in: 3
I20260909 04:40:10.113546   507 skeleton_planner.h:170] Found solution in: 1
I20260909 04:40:10.113554   507 skeleton_planner.h:170] Found solution in: 9
I20260909 04:40:10.113576   507 skeleton_planner.h:170] Found solution in: 5
I20260909 04:40:10.113584   507 skeleton_planner.h:170] Found solution in: 1
I20260909 04:40:10.113590   507 skeleton_planner.h:170] Found solution in: 5
I20260909 04:40:10.113674   507 skeleton_planner.h:170] Found solution in: 3
I20260909 04:40:10.113682   507 skeleton_planner.h:170] Found solution in: 1
I20260909 04:40:10.113770   507 skeleton_planner.h:170] Found solution in: 5
I20260909 04:40:10.113778   507 skeleton_planner.h:170] Found solution in: 1
I20260909 04:40:10.113786   507 skeleton_planner.h:170] Found solution in: 1
I20260909 04:40:10.113811   507 skeleton_planner.h:170] Found solution in: 28
I20260909 04:40:10.113817   507 skeleton_planner.h:170] Found solution in: 4
I20260909 04:40:10.113828   507 skeleton_planner.h:170] Found solution in: 1
I20260909 04:40:10.113914   507 skeleton_planner.h:170] Found solution in: 4
I20260909 04:40:10.113925   507 skeleton_planner.h:170] Found solution in: 1
I20260909 04:40:10.113945   507 skeleton_planner.h:170] Found solution in: 6
I20260909 04:40:10.113953   507 skeleton_planner.h:170] Found solution in: 1
I20260909 04:40:10.113961   507 skeleton_planner.h:170] Found solution in: 6
I20260909 04:40:10.113968   507 skeleton_planner.h:170] Found solution in: 1
I20260909 04:40:10.114048   507 skeleton_planner.h:170] Found solution in: 4
I20260909 04:40:10.114056   507 skeleton_planner.h:170] Found solution in: 1
I20260909 04:40:10.114061   507 skeleton_planner.h:170] Found solution in: 4
I20260909 04:40:10.114070   507 skeleton_planner.h:170] Found solution in: 11
I20260909 04:40:10.114075   507 skeleton_planner.h:170] Found solution in: 1
I20260909 04:40:10.114080   507 skeleton_planner.h:170] Found solution in: 4
I20260909 04:40:10.114089   507 skeleton_planner.h:170] Found solution in: 9
I20260909 04:40:10.114176   507 skeleton_planner.h:170] Found solution in: 5
I20260909 04:40:10.114183   507 skeleton_planner.h:170] Found solution in: 1
I20260909 04:40:10.114266   507 skeleton_planner.h:170] Found solution in: 5
I20260909 04:40:10.114274   507 skeleton_planner.h:170] Found solution in: 1
I20260909 04:40:10.114279   507 skeleton_planner.h:170] Found solution in: 4
I20260909 04:40:10.114286   507 skeleton_planner.h:170] Found solution in: 1
I20260909 04:40:10.114291   507 skeleton_planner.h:170] Found solution in: 4
I20260909 04:40:10.114298   507 skeleton_planner.h:170] Found solution in: 1
I20260909 04:40:10.114302   507 skeleton_planner.h:170] Found solution in: 3
I20260909 04:40:10.114321   507 skeleton_planner.h:170] Found solution in: 7
I20260909 04:40:10.114329   507 skeleton_planner.h:170] Found solution in: 1
I20260909 04:40:10.114343   507 skeleton_planner.h:170] Found solution in: 6
I20260909 04:40:10.114356   507 skeleton_planner.h:170] Found solution in: 1
I20260909 04:40:10.114383   507 skeleton_planner.h:170] Found solution in: 15
I20260909 04:40:10.114391   507 skeleton_planner.h:170] Found solution in: 1
I20260909 04:40:10.114395   507 skeleton_planner.h:170] Found solution in: 2
I20260909 04:40:10.114418   507 skeleton_planner.h:170] Found solution in: 9
I20260909 04:40:10.114427   507 skeleton_planner.h:170] Found solution in: 1
I20260909 04:40:10.114454   507 skeleton_planner.h:170] Found solution in: 9
I20260909 04:40:10.114468   507 skeleton_planner.h:170] Found solution in: 1
I20260909 04:40:10.114566   507 skeleton_planner.h:170] Found solution in: 3
I20260909 04:40:10.114575   507 skeleton_planner.h:170] Found solution in: 1
I20260909 04:40:10.114589   507 skeleton_planner.h:170] Found solution in: 15
I20260909 04:40:10.114600   507 skeleton_planner.h:170] Found solution in: 12
I20260909 04:40:10.114619   507 skeleton_planner.h:170] Found solution in: 21
I20260909 04:40:10.114625   507 skeleton_planner.h:170] Found solution in: 1
I20260909 04:40:10.114641   507 skeleton_planner.h:170] Found solution in: 17
I20260909 04:40:10.114650   507 skeleton_planner.h:170] Found solution in: 1
I20260909 04:40:10.114653   507 skeleton_planner.h:170] Found solution in: 2
I20260909 04:40:10.114665   507 skeleton_planner.h:170] Found solution in: 4
I20260909 04:40:10.114672   507 skeleton_planner.h:170] Found solution in: 1
I20260909 04:40:10.114694   507 skeleton_planner.h:170] Found solution in: 10
I20260909 04:40:10.114705   507 skeleton_planner.h:170] Found solution in: 1
I20260909 04:40:10.114720   507 skeleton_planner.h:170] Found solution in: 3
I20260909 04:40:10.114729   507 skeleton_planner.h:170] Found solution in: 1
I20260909 04:40:10.114750   507 skeleton_planner.h:170] Found solution in: 5
I20260909 04:40:10.114759   507 skeleton_planner.h:170] Found solution in: 1
I20260909 04:40:10.114770   507 skeleton_planner.h:170] Found solution in: 14
I20260909 04:40:10.114776   507 skeleton_planner.h:170] Found solution in: 5
I20260909 04:40:10.114828   507 skeleton_planner.h:170] Found solution in: 69
I20260909 04:40:10.114851   507 skeleton_planner.h:170] Found solution in: 28
I20260909 04:40:10.114859   507 skeleton_planner.h:170] Found solution in: 1
I20260909 04:40:10.114946   507 skeleton_planner.h:170] Found solution in: 5
I20260909 04:40:10.114954   507 skeleton_planner.h:170] Found solution in: 1
I20260909 04:40:10.114979   507 skeleton_planner.h:170] Found solution in: 31
I20260909 04:40:10.115020   507 skeleton_planner.h:170] Found solution in: 56
I20260909 04:40:10.115058   507 skeleton_planner.h:170] Found solution in: 52
I20260909 04:40:10.115067   507 skeleton_planner.h:170] Found solution in: 5
I20260909 04:40:10.115072   507 skeleton_planner.h:170] Found solution in: 1
I20260909 04:40:10.115110   507 skeleton_planner.h:170] Found solution in: 49
I20260909 04:40:10.115123   507 skeleton_planner.h:170] Found solution in: 13
I20260909 04:40:10.115136   507 skeleton_planner.h:170] Found solution in: 16
I20260909 04:40:10.115226   507 skeleton_planner.h:170] Found solution in: 5
I20260909 04:40:10.115236   507 skeleton_planner.h:170] Found solution in: 1
I20260909 04:40:10.115239   507 skeleton_planner.h:170] Found solution in: 2
I20260909 04:40:10.115259   507 skeleton_planner.h:170] Found solution in: 6
I20260909 04:40:10.115269   507 skeleton_planner.h:170] Found solution in: 1
I20260909 04:40:10.115293   507 skeleton_planner.h:170] Found solution in: 7
I20260909 04:40:10.115302   507 skeleton_planner.h:170] Found solution in: 1
I20260909 04:40:10.115314   507 skeleton_planner.h:170] Found solution in: 10
I20260909 04:40:10.115321   507 skeleton_planner.h:170] Found solution in: 1
I20260909 04:40:10.115331   507 skeleton_planner.h:170] Found solution in: 10
I20260909 04:40:10.115347   507 skeleton_planner.h:170] Found solution in: 16
I20260909 04:40:10.115444   507 skeleton_planner.h:170] Found solution in: 5
I20260909 04:40:10.115456   507 skeleton_planner.h:170] Found solution in: 1
I20260909 04:40:10.115471   507 skeleton_planner.h:170] Found solution in: 5
I20260909 04:40:10.115480   507 skeleton_planner.h:170] Found solution in: 1
I20260909 04:40:10.115489   507 skeleton_planner.h:170] Found solution in: 1
I20260909 04:40:10.115507   507 skeleton_planner.h:170] Found solution in: 5
I20260909 04:40:10.115517   507 skeleton_planner.h:170] Found solution in: 1
I20260909 04:40:10.115537   507 skeleton_planner.h:170] Found solution in: 7
I20260909 04:40:10.115546   507 skeleton_planner.h:170] Found solution in: 1
I20260909 04:40:10.115550   507 skeleton_planner.h:170] Found solution in: 3
I20260909 04:40:10.115594   507 skeleton_planner.h:170] Found solution in: 21
I20260909 04:40:10.115603   507 skeleton_planner.h:170] Found solution in: 1
I20260909 04:40:10.115609   507 skeleton_planner.h:170] Found solution in: 1
I20260909 04:40:10.115643   507 skeleton_planner.h:170] Found solution in: 6
I20260909 04:40:10.115656   507 skeleton_planner.h:170] Found solution in: 1
I20260909 04:40:10.115659   507 skeleton_planner.h:170] Found solution in: 2
I20260909 04:40:10.115671   507 skeleton_planner.h:170] Found solution in: 4
I20260909 04:40:10.115679   507 skeleton_planner.h:170] Found solution in: 1
I20260909 04:40:10.115688   507 skeleton_planner.h:170] Found solution in: 11
I20260909 04:40:10.115693   507 skeleton_planner.h:170] Found solution in: 1
I20260909 04:40:10.115706   507 skeleton_planner.h:170] Found solution in: 4
I20260909 04:40:10.115712   507 skeleton_planner.h:170] Found solution in: 1
I20260909 04:40:10.115736   507 skeleton_planner.h:170] Found solution in: 4
I20260909 04:40:10.115743   507 skeleton_planner.h:170] Found solution in: 1
I20260909 04:40:10.115764   507 skeleton_planner.h:170] Found solution in: 3
I20260909 04:40:10.115770   507 skeleton_planner.h:170] Found solution in: 1
I20260909 04:40:10.115788   507 skeleton_planner.h:170] Found solution in: 8
I20260909 04:40:10.115803   507 skeleton_planner.h:170] Found solution in: 1
I20260909 04:40:10.115823   507 skeleton_planner.h:170] Found solution in: 18
I20260909 04:40:10.115831   507 skeleton_planner.h:170] Found solution in: 1
I20260909 04:40:10.115836   507 skeleton_planner.h:170] Found solution in: 3
I20260909 04:40:10.115842   507 skeleton_planner.h:170] Found solution in: 6
I20260909 04:40:10.116060   507 skeleton_planner.h:170] Found solution in: 74
I20260909 04:40:10.116240   507 skeleton_planner.h:170] Found solution in: 56
I20260909 04:40:10.116251   507 skeleton_planner.h:170] Found solution in: 1
I20260909 04:40:10.116258   507 skeleton_planner.h:170] Found solution in: 6
I20260909 04:40:10.116498   507 skeleton_planner.h:170] Found solution in: 81
I20260909 04:40:10.116655   507 skeleton_planner.h:170] Found solution in: 34
I20260909 04:40:10.116667   507 skeleton_planner.h:170] Found solution in: 1
I20260909 04:40:10.116670   507 skeleton_planner.h:170] Found solution in: 2
I20260909 04:40:10.116852   507 skeleton_planner.h:170] Found solution in: 86
I20260909 04:40:10.117071   507 skeleton_planner.h:170] Found solution in: 93
I20260909 04:40:10.117087   507 skeleton_planner.h:170] Found solution in: 1
I20260909 04:40:10.117091   507 skeleton_planner.h:170] Found solution in: 2
I20260909 04:40:10.117236   507 skeleton_planner.h:170] Found solution in: 61
I20260909 04:40:10.117341   507 skeleton_planner.h:170] Found solution in: 42
I20260909 04:40:10.117357   507 skeleton_planner.h:170] Found solution in: 1
I20260909 04:40:10.117369   507 skeleton_planner.h:170] Found solution in: 14
I20260909 04:40:10.117378   507 skeleton_planner.h:170] Found solution in: 1
I20260909 04:40:10.117385   507 skeleton_planner.h:170] Found solution in: 7
I20260909 04:40:10.117393   507 skeleton_planner.h:170] Found solution in: 1
I20260909 04:40:10.117399   507 skeleton_planner.h:170] Found solution in: 1
I20260909 04:40:10.117425   507 skeleton_planner.h:170] Found solution in: 6
I20260909 04:40:10.117435   507 skeleton_planner.h:170] Found solution in: 1
I20260909 04:40:10.117442   507 skeleton_planner.h:170] Found solution in: 6
I20260909 04:40:10.117449   507 skeleton_planner.h:170] Found solution in: 1
I20260909 04:40:10.117455   507 skeleton_planner.h:170] Found solution in: 6
I20260909 04:40:10.117461   507 skeleton_planner.h:170] Found solution in: 1
I20260909 04:40:10.117468   507 skeleton_planner.h:170] Found solution in: 1
I20260909 04:40:10.117472   507 skeleton_planner.h:170] Found solution in: 3
I20260909 04:40:10.117479   507 skeleton_planner.h:170] Found solution in: 1
I20260909 04:40:10.117486   507 skeleton_planner.h:170] Found solution in: 1
I20260909 04:40:10.117493   507 skeleton_planner.h:170] Found solution in: 1
I20260909 04:40:10.117566   507 skeleton_planner.h:170] Found solution in: 78
I20260909 04:40:10.117677   507 skeleton_planner.h:170] Found solution in: 4
I20260909 04:40:10.117686   507 skeleton_planner.h:170] Found solution in: 1
I20260909 04:40:10.117692   507 skeleton_planner.h:170] Found solution in: 6
I20260909 04:40:10.117792   507 skeleton_planner.h:170] Found solution in: 4
I20260909 04:40:10.117801   507 skeleton_planner.h:170] Found solution in: 1
I20260909 04:40:10.117806   507 skeleton_planner.h:170] Found solution in: 4
I20260909 04:40:10.117821   507 skeleton_planner.h:170] Found solution in: 4
I20260909 04:40:10.117830   507 skeleton_planner.h:170] Found solution in: 1
I20260909 04:40:10.117836   507 skeleton_planner.h:170] Found solution in: 1
I20260909 04:40:10.117923   507 skeleton_planner.h:170] Found solution in: 3
I20260909 04:40:10.117930   507 skeleton_planner.h:170] Found solution in: 1
I20260909 04:40:10.117950   507 skeleton_planner.h:170] Found solution in: 26
I20260909 04:40:10.117956   507 skeleton_planner.h:170] Found solution in: 1
I20260909 04:40:10.117965   507 skeleton_planner.h:170] Found solution in: 10
I20260909 04:40:10.117990   507 skeleton_planner.h:170] Found solution in: 32
I20260909 04:40:10.117996   507 skeleton_planner.h:170] Found solution in: 1
I20260909 04:40:10.118005   507 skeleton_planner.h:170] Found solution in: 9
I20260909 04:40:10.118044   507 skeleton_planner.h:170] Found solution in: 48
I20260909 04:40:10.118052   507 skeleton_planner.h:170] Found solution in: 1
I20260909 04:40:10.118057   507 skeleton_planner.h:170] Found solution in: 3
I20260909 04:40:10.118067   507 skeleton_planner.h:170] Found solution in: 3
I20260909 04:40:10.118075   507 skeleton_planner.h:170] Found solution in: 1
I20260909 04:40:10.118079   507 skeleton_planner.h:170] Found solution in: 3
I20260909 04:40:10.118098   507 skeleton_planner.h:170] Found solution in: 5
I20260909 04:40:10.118105   507 skeleton_planner.h:170] Found solution in: 1
I20260909 04:40:10.118124   507 skeleton_planner.h:170] Found solution in: 5
I20260909 04:40:10.118135   507 skeleton_planner.h:170] Found solution in: 1
I20260909 04:40:10.118158   507 skeleton_planner.h:170] Found solution in: 25
I20260909 04:40:10.118168   507 skeleton_planner.h:170] Found solution in: 1
I20260909 04:40:10.118208   507 skeleton_planner.h:170] Found solution in: 43
I20260909 04:40:10.118269   507 skeleton_planner.h:170] Found solution in: 72
I20260909 04:40:10.118279   507 skeleton_planner.h:170] Found solution in: 1
I20260909 04:40:10.118325   507 skeleton_planner.h:170] Found solution in: 47
I20260909 04:40:10.118336   507 skeleton_planner.h:170] Found solution in: 1
I20260909 04:40:10.118423   507 skeleton_planner.h:170] Found solution in: 4
I20260909 04:40:10.118432   507 skeleton_planner.h:170] Found solution in: 1
I20260909 04:40:10.118453   507 skeleton_planner.h:170] Found solution in: 6
I20260909 04:40:10.118462   507 skeleton_planner.h:170] Found solution in: 1
I20260909 04:40:10.118476   507 skeleton_planner.h:170] Found solution in: 5
I20260909 04:40:10.118484   507 skeleton_planner.h:170] Found solution in: 1
I20260909 04:40:10.118494   507 skeleton_planner.h:170] Found solution in: 3
I20260909 04:40:10.118502   507 skeleton_planner.h:170] Found solution in: 1
I20260909 04:40:10.118507   507 skeleton_planner.h:170] Found solution in: 1
I20260909 04:40:10.118513   507 skeleton_planner.h:170] Found solution in: 1
I20260909 04:40:10.118522   507 skeleton_planner.h:170] Found solution in: 1
I20260909 04:40:10.118526   507 skeleton_planner.h:170] Found solution in: 3
I20260909 04:40:10.118541   507 skeleton_planner.h:170] Found solution in: 4
I20260909 04:40:10.118546   507 skeleton_planner.h:170] Found solution in: 1
I20260909 04:40:10.118566   507 skeleton_planner.h:170] Found solution in: 3
I20260909 04:40:10.118574   507 skeleton_planner.h:170] Found solution in: 1
I20260909 04:40:10.118580   507 skeleton_planner.h:170] Found solution in: 6
I20260909 04:40:10.118772   507 skeleton_planner.h:170] Found solution in: 1
I20260909 04:40:10.118774   507 skeleton_planner.h:170] Found solution in: 2
I20260909 04:40:10.118781   507 skeleton_planner.h:170] Found solution in: 1
I20260909 04:40:10.118784   507 skeleton_planner.h:170] Found solution in: 2
I20260909 04:40:10.118791   507 skeleton_planner.h:170] Found solution in: 1
I20260909 04:40:10.118798   507 skeleton_planner.h:170] Found solution in: 1
I20260909 04:40:10.118805   507 skeleton_planner.h:170] Found solution in: 8
I20260909 04:40:10.119304   507 skeleton_planner.h:170] Found solution in: 10
I20260909 04:40:10.119313   507 skeleton_planner.h:170] Found solution in: 1
I20260909 04:40:10.119320   507 skeleton_planner.h:170] Found solution in: 5
I20260909 04:40:10.119328   507 skeleton_planner.h:170] Found solution in: 1
I20260909 04:40:10.119333   507 skeleton_planner.h:170] Found solution in: 3
I20260909 04:40:10.119520   507 skeleton_planner.h:170] Found solution in: 5
I20260909 04:40:10.119529   507 skeleton_planner.h:170] Found solution in: 1
I20260909 04:40:10.119722   507 skeleton_planner.h:170] Found solution in: 6
I20260909 04:40:10.119731   507 skeleton_planner.h:170] Found solution in: 1
I20260909 04:40:10.119737   507 skeleton_planner.h:170] Found solution in: 6
I20260909 04:40:10.119745   507 skeleton_planner.h:170] Found solution in: 1
I20260909 04:40:10.119750   507 skeleton_planner.h:170] Found solution in: 4
I20260909 04:40:10.120136   507 skeleton_planner.h:170] Found solution in: 8
I20260909 04:40:10.120143   507 skeleton_planner.h:170] Found solution in: 1
I20260909 04:40:10.120169   507 skeleton_planner.h:170] Found solution in: 33
I20260909 04:40:10.120193   507 skeleton_planner.h:170] Found solution in: 30
I20260909 04:40:10.120199   507 skeleton_planner.h:170] Found solution in: 1
I20260909 04:40:10.120204   507 skeleton_planner.h:170] Found solution in: 5
I20260909 04:40:10.120231   507 skeleton_planner.h:170] Found solution in: 34
I20260909 04:40:10.120239   507 skeleton_planner.h:170] Found solution in: 1
I20260909 04:40:10.120244   507 skeleton_planner.h:170] Found solution in: 1
I20260909 04:40:10.120249   507 skeleton_planner.h:170] Found solution in: 5
I20260909 04:40:10.120254   507 skeleton_planner.h:170] Found solution in: 1
I20260909 04:40:10.120278   507 skeleton_planner.h:170] Found solution in: 3
I20260909 04:40:10.120286   507 skeleton_planner.h:170] Found solution in: 1
I20260909 04:40:10.120299   507 skeleton_planner.h:170] Found solution in: 4
I20260909 04:40:10.120307   507 skeleton_planner.h:170] Found solution in: 1
I20260909 04:40:10.120321   507 skeleton_planner.h:170] Found solution in: 4
I20260909 04:40:10.120328   507 skeleton_planner.h:170] Found solution in: 1
I20260909 04:40:10.120332   507 skeleton_planner.h:170] Found solution in: 2
I20260909 04:40:10.120766   507 skeleton_planner.h:170] Found solution in: 1
I20260909 04:40:10.120770   507 skeleton_planner.h:170] Found solution in: 2
I20260909 04:40:10.121300   507 skeleton_planner.h:170] Found solution in: 1
I20260909 04:40:10.121305   507 skeleton_planner.h:170] Found solution in: 2
I20260909 04:40:10.121316   507 skeleton_planner.h:170] Found solution in: 4
I20260909 04:40:10.121323   507 skeleton_planner.h:170] Found solution in: 1
I20260909 04:40:10.121820   507 skeleton_planner.h:170] Found solution in: 13
I20260909 04:40:10.121830   507 skeleton_planner.h:170] Found solution in: 1
I20260909 04:40:10.121835   507 skeleton_planner.h:170] Found solution in: 2
I20260909 04:40:10.121848   507 skeleton_planner.h:170] Found solution in: 4
I20260909 04:40:10.121857   507 skeleton_planner.h:170] Found solution in: 1
I20260909 04:40:10.121861   507 skeleton_planner.h:170] Found solution in: 4
I20260909 04:40:10.121879   507 skeleton_planner.h:170] Found solution in: 4
I20260909 04:40:10.121887   507 skeleton_planner.h:170] Found solution in: 1
I20260909 04:40:10.121891   507 skeleton_planner.h:170] Found solution in: 2
I20260909 04:40:10.121908   507 skeleton_planner.h:170] Found solution in: 6
I20260909 04:40:10.121917   507 skeleton_planner.h:170] Found solution in: 1
I20260909 04:40:10.121932   507 skeleton_planner.h:170] Found solution in: 6
I20260909 04:40:10.121941   507 skeleton_planner.h:170] Found solution in: 1
I20260909 04:40:10.121945   507 skeleton_planner.h:170] Found solution in: 3
I20260909 04:40:10.122889   507 skeleton_planner.h:170] Found solution in: 1
I20260909 04:40:10.122895   507 skeleton_planner.h:170] Found solution in: 3
I20260909 04:40:10.123813   507 skeleton_planner.h:170] Found solution in: 1
I20260909 04:40:10.123818   507 skeleton_planner.h:170] Found solution in: 2
I20260909 04:40:10.123860   507 skeleton_planner.h:170] Found solution in: 14
I20260909 04:40:10.123870   507 skeleton_planner.h:170] Found solution in: 1
I20260909 04:40:10.123878   507 skeleton_planner.h:170] Found solution in: 7
I20260909 04:40:10.123966   507 skeleton_planner.h:170] Found solution in: 6
I20260909 04:40:10.123975   507 skeleton_planner.h:170] Found solution in: 1
I20260909 04:40:10.124008   507 skeleton_planner.h:170] Found solution in: 9
I20260909 04:40:10.124018   507 skeleton_planner.h:170] Found solution in: 1
I20260909 04:40:10.124100   507 skeleton_planner.h:170] Found solution in: 6
I20260909 04:40:10.124109   507 skeleton_planner.h:170] Found solution in: 1
I20260909 04:40:10.124114   507 skeleton_planner.h:170] Found solution in: 4
I20260909 04:40:10.124118   507 skeleton_planner.h:170] Found solution in: 4
I20260909 04:40:10.124125   507 skeleton_planner.h:170] Found solution in: 1
I20260909 04:40:10.124132   507 skeleton_planner.h:170] Found solution in: 7
I20260909 04:40:10.124147   507 skeleton_planner.h:170] Found solution in: 19
I20260909 04:40:10.124178   507 skeleton_planner.h:170] Found solution in: 6
I20260909 04:40:10.124187   507 skeleton_planner.h:170] Found solution in: 1
I20260909 04:40:10.124197   507 skeleton_planner.h:170] Found solution in: 10
I20260909 04:40:10.124238   507 skeleton_planner.h:170] Found solution in: 9
I20260909 04:40:10.124248   507 skeleton_planner.h:170] Found solution in: 1
I20260909 04:40:10.124253   507 skeleton_planner.h:170] Found solution in: 1
I20260909 04:40:10.124276   507 skeleton_planner.h:170] Found solution in: 3
I20260909 04:40:10.124282   507 skeleton_planner.h:170] Found solution in: 1
I20260909 04:40:10.124291   507 skeleton_planner.h:170] Found solution in: 1
I20260909 04:40:10.124308   507 skeleton_planner.h:170] Found solution in: 4
I20260909 04:40:10.124316   507 skeleton_planner.h:170] Found solution in: 1
I20260909 04:40:10.124337   507 skeleton_planner.h:170] Found solution in: 6
I20260909 04:40:10.124347   507 skeleton_planner.h:170] Found solution in: 1
I20260909 04:40:10.124353   507 skeleton_planner.h:170] Found solution in: 1
I20260909 04:40:10.124411   507 skeleton_planner.h:170] Found solution in: 61
I20260909 04:40:10.124423   507 skeleton_planner.h:170] Found solution in: 1
I20260909 04:40:10.124428   507 skeleton_planner.h:170] Found solution in: 3
I20260909 04:40:10.124451   507 skeleton_planner.h:170] Found solution in: 7
I20260909 04:40:10.124464   507 skeleton_planner.h:170] Found solution in: 1
I20260909 04:40:10.124483   507 skeleton_planner.h:170] Found solution in: 6
I20260909 04:40:10.124493   507 skeleton_planner.h:170] Found solution in: 1
I20260909 04:40:10.124730   507 skeleton_planner.h:170] Found solution in: 9
I20260909 04:40:10.124773   507 skeleton_planner.h:170] Found solution in: 7
I20260909 04:40:10.124783   507 skeleton_planner.h:170] Found solution in: 1
I20260909 04:40:10.124850   507 skeleton_planner.h:170] Found solution in: 77
I20260909 04:40:10.124874   507 skeleton_planner.h:170] Found solution in: 26
I20260909 04:40:10.124884   507 skeleton_planner.h:170] Found solution in: 1
I20260909 04:40:10.124887   507 skeleton_planner.h:170] Found solution in: 2
I20260909 04:40:10.125455   507 skeleton_planner.h:170] Found solution in: 1
I20260909 04:40:10.125459   507 skeleton_planner.h:170] Found solution in: 2
I20260909 04:40:10.126008   507 skeleton_planner.h:170] Found solution in: 1
I20260909 04:40:10.126014   507 skeleton_planner.h:170] Found solution in: 5
I20260909 04:40:10.126053   507 skeleton_planner.h:170] Found solution in: 12
I20260909 04:40:10.126063   507 skeleton_planner.h:170] Found solution in: 1
I20260909 04:40:10.126098   507 skeleton_planner.h:170] Found solution in: 16
I20260909 04:40:10.126111   507 skeleton_planner.h:170] Found solution in: 1
I20260909 04:40:10.126121   507 skeleton_planner.h:170] Found solution in: 1
I20260909 04:40:10.126212   507 skeleton_planner.h:170] Found solution in: 5
I20260909 04:40:10.126220   507 skeleton_planner.h:170] Found solution in: 1
I20260909 04:40:10.126230   507 skeleton_planner.h:170] Found solution in: 11
I20260909 04:40:10.126240   507 skeleton_planner.h:170] Found solution in: 10
I20260909 04:40:10.126245   507 skeleton_planner.h:170] Found solution in: 1
I20260909 04:40:10.126250   507 skeleton_planner.h:170] Found solution in: 3
I20260909 04:40:10.126255   507 skeleton_planner.h:170] Found solution in: 4
I20260909 04:40:10.126260   507 skeleton_planner.h:170] Found solution in: 6
I20260909 04:40:10.126273   507 skeleton_planner.h:170] Found solution in: 16
I20260909 04:40:10.126281   507 skeleton_planner.h:170] Found solution in: 1
I20260909 04:40:10.126286   507 skeleton_planner.h:170] Found solution in: 4
I20260909 04:40:10.126291   507 skeleton_planner.h:170] Found solution in: 6
I20260909 04:40:10.126296   507 skeleton_planner.h:170] Found solution in: 4
I20260909 04:40:10.126307   507 skeleton_planner.h:170] Found solution in: 1
I20260909 04:40:10.126312   507 skeleton_planner.h:170] Found solution in: 5
I20260909 04:40:10.126318   507 skeleton_planner.h:170] Found solution in: 1
I20260909 04:40:10.126327   507 skeleton_planner.h:170] Found solution in: 9
I20260909 04:40:10.126425   507 skeleton_planner.h:170] Found solution in: 7
I20260909 04:40:10.126433   507 skeleton_planner.h:170] Found solution in: 1
I20260909 04:40:10.126441   507 skeleton_planner.h:170] Found solution in: 6
I20260909 04:40:10.126446   507 skeleton_planner.h:170] Found solution in: 5
I20260909 04:40:10.126453   507 skeleton_planner.h:170] Found solution in: 1
I20260909 04:40:10.126458   507 skeleton_planner.h:170] Found solution in: 5
I20260909 04:40:10.126467   507 skeleton_planner.h:170] Found solution in: 1
I20260909 04:40:10.126471   507 skeleton_planner.h:170] Found solution in: 2
I20260909 04:40:10.126484   507 skeleton_planner.h:170] Found solution in: 4
I20260909 04:40:10.126494   507 skeleton_planner.h:170] Found solution in: 1
I20260909 04:40:10.126508   507 skeleton_planner.h:170] Found solution in: 17
I20260909 04:40:10.126588   507 skeleton_planner.h:170] Found solution in: 4
I20260909 04:40:10.126597   507 skeleton_planner.h:170] Found solution in: 1
I20260909 04:40:10.126606   507 skeleton_planner.h:170] Found solution in: 1
I20260909 04:40:10.126624   507 skeleton_planner.h:170] Found solution in: 5
I20260909 04:40:10.126632   507 skeleton_planner.h:170] Found solution in: 1
I20260909 04:40:10.126660   507 skeleton_planner.h:170] Found solution in: 37
I20260909 04:40:10.126746   507 skeleton_planner.h:170] Found solution in: 4
I20260909 04:40:10.126757   507 skeleton_planner.h:170] Found solution in: 1
I20260909 04:40:10.126773   507 skeleton_planner.h:170] Found solution in: 6
I20260909 04:40:10.126782   507 skeleton_planner.h:170] Found solution in: 1
I20260909 04:40:10.126807   507 skeleton_planner.h:170] Found solution in: 6
I20260909 04:40:10.126818   507 skeleton_planner.h:170] Found solution in: 1
I20260909 04:40:10.126824   507 skeleton_planner.h:170] Found solution in: 1
I20260909 04:40:10.126845   507 skeleton_planner.h:170] Found solution in: 26
I20260909 04:40:10.126855   507 skeleton_planner.h:170] Found solution in: 1
I20260909 04:40:10.126873   507 skeleton_planner.h:170] Found solution in: 21
I20260909 04:40:10.126881   507 skeleton_planner.h:170] Found solution in: 1
I20260909 04:40:10.126905   507 skeleton_planner.h:170] Found solution in: 34
I20260909 04:40:10.126914   507 skeleton_planner.h:170] Found solution in: 1
I20260909 04:40:10.126938   507 skeleton_planner.h:170] Found solution in: 5
I20260909 04:40:10.126952   507 skeleton_planner.h:170] Found solution in: 1
I20260909 04:40:10.127054   507 skeleton_planner.h:170] Found solution in: 5
I20260909 04:40:10.127064   507 skeleton_planner.h:170] Found solution in: 1
I20260909 04:40:10.127068   507 skeleton_planner.h:170] Found solution in: 2
I20260909 04:40:10.127079   507 skeleton_planner.h:170] Found solution in: 4
I20260909 04:40:10.127086   507 skeleton_planner.h:170] Found solution in: 1
I20260909 04:40:10.127099   507 skeleton_planner.h:170] Found solution in: 5
I20260909 04:40:10.127106   507 skeleton_planner.h:170] Found solution in: 1
I20260909 04:40:10.127121   507 skeleton_planner.h:170] Found solution in: 16
I20260909 04:40:10.127127   507 skeleton_planner.h:170] Found solution in: 1
I20260909 04:40:10.127143   507 skeleton_planner.h:170] Found solution in: 14
I20260909 04:40:10.127151   507 skeleton_planner.h:170] Found solution in: 6
I20260909 04:40:10.127156   507 skeleton_planner.h:170] Found solution in: 1
I20260909 04:40:10.127161   507 skeleton_planner.h:170] Found solution in: 3
I20260909 04:40:10.127180   507 skeleton_planner.h:170] Found solution in: 5
I20260909 04:40:10.127189   507 skeleton_planner.h:170] Found solution in: 1
I20260909 04:40:10.127200   507 skeleton_planner.h:170] Found solution in: 12
I20260909 04:40:10.127206   507 skeleton_planner.h:170] Found solution in: 1
I20260909 04:40:10.127216   507 skeleton_planner.h:170] Found solution in: 10
I20260909 04:40:10.127223   507 skeleton_planner.h:170] Found solution in: 1
I20260909 04:40:10.127235   507 skeleton_planner.h:170] Found solution in: 1
I20260909 04:40:10.127252   507 skeleton_planner.h:170] Found solution in: 5
I20260909 04:40:10.127261   507 skeleton_planner.h:170] Found solution in: 1
I20260909 04:40:10.127265   507 skeleton_planner.h:170] Found solution in: 3
I20260909 04:40:10.127278   507 skeleton_planner.h:170] Found solution in: 4
I20260909 04:40:10.127288   507 skeleton_planner.h:170] Found solution in: 1
I20260909 04:40:10.127311   507 skeleton_planner.h:170] Found solution in: 7
I20260909 04:40:10.127319   507 skeleton_planner.h:170] Found solution in: 1
I20260909 04:40:10.127441   507 skeleton_planner.h:170] Found solution in: 19
I20260909 04:40:10.127573   507 skeleton_planner.h:170] Found solution in: 22
I20260909 04:40:10.127671   507 skeleton_planner.h:170] Found solution in: 8
I20260909 04:40:10.127677   507 skeleton_planner.h:170] Found solution in: 1
I20260909 04:40:10.127683   507 skeleton_planner.h:170] Found solution in: 5
I20260909 04:40:10.127688   507 skeleton_planner.h:170] Found solution in: 4
I20260909 04:40:10.127696   507 skeleton_planner.h:170] Found solution in: 1
I20260909 04:40:10.127707   507 skeleton_planner.h:170] Found solution in: 14
I20260909 04:40:10.127713   507 skeleton_planner.h:170] Found solution in: 5
I20260909 04:40:10.127719   507 skeleton_planner.h:170] Found solution in: 1
I20260909 04:40:10.127723   507 skeleton_planner.h:170] Found solution in: 4
I20260909 04:40:10.127753   507 skeleton_planner.h:170] Found solution in: 6
I20260909 04:40:10.127761   507 skeleton_planner.h:170] Found solution in: 1
I20260909 04:40:10.127777   507 skeleton_planner.h:170] Found solution in: 4
I20260909 04:40:10.127784   507 skeleton_planner.h:170] Found solution in: 1
I20260909 04:40:10.127790   507 skeleton_planner.h:170] Found solution in: 1
I20260909 04:40:10.127803   507 skeleton_planner.h:170] Found solution in: 3
I20260909 04:40:10.127813   507 skeleton_planner.h:170] Found solution in: 1
I20260909 04:40:10.127816   507 skeleton_planner.h:170] Found solution in: 2
I20260909 04:40:10.127836   507 skeleton_planner.h:170] Found solution in: 6
I20260909 04:40:10.127846   507 skeleton_planner.h:170] Found solution in: 1
I20260909 04:40:10.127862   507 skeleton_planner.h:170] Found solution in: 4
I20260909 04:40:10.127869   507 skeleton_planner.h:170] Found solution in: 1
I20260909 04:40:10.127873   507 skeleton_planner.h:170] Found solution in: 1
I20260909 04:40:10.127889   507 skeleton_planner.h:170] Found solution in: 5
I20260909 04:40:10.127899   507 skeleton_planner.h:170] Found solution in: 1
I20260909 04:40:10.127918   507 skeleton_planner.h:170] Found solution in: 6
I20260909 04:40:10.127926   507 skeleton_planner.h:170] Found solution in: 1
I20260909 04:40:10.127945   507 skeleton_planner.h:170] Found solution in: 5
I20260909 04:40:10.127957   507 skeleton_planner.h:170] Found solution in: 1
I20260909 04:40:10.127966   507 skeleton_planner.h:170] Found solution in: 3
I20260909 04:40:10.127974   507 skeleton_planner.h:170] Found solution in: 1
I20260909 04:40:10.127978   507 skeleton_planner.h:170] Found solution in: 3
I20260909 04:40:10.127985   507 skeleton_planner.h:170] Found solution in: 1
I20260909 04:40:10.127988   507 skeleton_planner.h:170] Found solution in: 3
I20260909 04:40:10.127995   507 skeleton_planner.h:170] Found solution in: 1
I20260909 04:40:10.128005   507 skeleton_planner.h:170] Found solution in: 12
I20260909 04:40:10.128012   507 skeleton_planner.h:170] Found solution in: 1
I20260909 04:40:10.128016   507 skeleton_planner.h:170] Found solution in: 2
I20260909 04:40:10.128028   507 skeleton_planner.h:170] Found solution in: 4
I20260909 04:40:10.128041   507 skeleton_planner.h:170] Found solution in: 1
I20260909 04:40:10.128064   507 skeleton_planner.h:170] Found solution in: 9
I20260909 04:40:10.128075   507 skeleton_planner.h:170] Found solution in: 1
I20260909 04:40:10.128082   507 skeleton_planner.h:170] Found solution in: 6
I20260909 04:40:10.128090   507 skeleton_planner.h:170] Found solution in: 9
I20260909 04:40:10.128125   507 skeleton_planner.h:170] Found solution in: 8
I20260909 04:40:10.128135   507 skeleton_planner.h:170] Found solution in: 1
I20260909 04:40:10.128142   507 skeleton_planner.h:170] Found solution in: 8
I20260909 04:40:10.128149   507 skeleton_planner.h:170] Found solution in: 1
I20260909 04:40:10.128157   507 skeleton_planner.h:170] Found solution in: 10
I20260909 04:40:10.128163   507 skeleton_planner.h:170] Found solution in: 1
I20260909 04:40:10.128172   507 skeleton_planner.h:170] Found solution in: 1
I20260909 04:40:10.128191   507 skeleton_planner.h:170] Found solution in: 4
I20260909 04:40:10.128198   507 skeleton_planner.h:170] Found solution in: 1
I20260909 04:40:10.128204   507 skeleton_planner.h:170] Found solution in: 1
I20260909 04:40:10.128212   507 skeleton_planner.h:170] Found solution in: 1
I20260909 04:40:10.128242   507 skeleton_planner.h:170] Found solution in: 8
I20260909 04:40:10.128252   507 skeleton_planner.h:170] Found solution in: 1
I20260909 04:40:10.128255   507 skeleton_planner.h:170] Found solution in: 2
I20260909 04:40:10.128274   507 skeleton_planner.h:170] Found solution in: 6
I20260909 04:40:10.128281   507 skeleton_planner.h:170] Found solution in: 1
I20260909 04:40:10.128301   507 skeleton_planner.h:170] Found solution in: 7
I20260909 04:40:10.128310   507 skeleton_planner.h:170] Found solution in: 1
I20260909 04:40:10.128314   507 skeleton_planner.h:170] Found solution in: 2
I20260909 04:40:10.128326   507 skeleton_planner.h:170] Found solution in: 4
I20260909 04:40:10.128334   507 skeleton_planner.h:170] Found solution in: 1
I20260909 04:40:10.128340   507 skeleton_planner.h:170] Found solution in: 1
I20260909 04:40:10.128355   507 skeleton_planner.h:170] Found solution in: 6
I20260909 04:40:10.128364   507 skeleton_planner.h:170] Found solution in: 1
I20260909 04:40:10.128402   507 skeleton_planner.h:170] Found solution in: 42
I20260909 04:40:10.128412   507 skeleton_planner.h:170] Found solution in: 1
I20260909 04:40:10.128417   507 skeleton_planner.h:170] Found solution in: 5
I20260909 04:40:10.128427   507 skeleton_planner.h:170] Found solution in: 1
I20260909 04:40:10.128441   507 skeleton_planner.h:170] Found solution in: 4
I20260909 04:40:10.128449   507 skeleton_planner.h:170] Found solution in: 1
I20260909 04:40:10.128455   507 skeleton_planner.h:170] Found solution in: 5
I20260909 04:40:10.128491   507 skeleton_planner.h:170] Found solution in: 36
I20260909 04:40:10.128504   507 skeleton_planner.h:170] Found solution in: 1
I20260909 04:40:10.128526   507 skeleton_planner.h:170] Found solution in: 6
I20260909 04:40:10.128533   507 skeleton_planner.h:170] Found solution in: 1
I20260909 04:40:10.128557   507 skeleton_planner.h:170] Found solution in: 28
I20260909 04:40:10.128567   507 skeleton_planner.h:170] Found solution in: 1
I20260909 04:40:10.128571   507 skeleton_planner.h:170] Found solution in: 2
I20260909 04:40:10.128582   507 skeleton_planner.h:170] Found solution in: 4
I20260909 04:40:10.128590   507 skeleton_planner.h:170] Found solution in: 1
I20260909 04:40:10.128598   507 skeleton_planner.h:170] Found solution in: 1
I20260909 04:40:10.128603   507 skeleton_planner.h:170] Found solution in: 5
I20260909 04:40:10.128635   507 skeleton_planner.h:170] Found solution in: 10
I20260909 04:40:10.128645   507 skeleton_planner.h:170] Found solution in: 1
I20260909 04:40:10.128739   507 skeleton_planner.h:170] Found solution in: 6
I20260909 04:40:10.128752   507 skeleton_planner.h:170] Found solution in: 1
I20260909 04:40:10.128765   507 skeleton_planner.h:170] Found solution in: 3
I20260909 04:40:10.128772   507 skeleton_planner.h:170] Found solution in: 1
I20260909 04:40:10.129087   507 skeleton_planner.h:170] Found solution in: 1
I20260909 04:40:10.129091   507 skeleton_planner.h:170] Found solution in: 2
I20260909 04:40:10.129302   507 skeleton_planner.h:170] Found solution in: 1
I20260909 04:40:10.129307   507 skeleton_planner.h:170] Found solution in: 2
I20260909 04:40:10.129526   507 skeleton_planner.h:170] Found solution in: 1
I20260909 04:40:10.129531   507 skeleton_planner.h:170] Found solution in: 3
I20260909 04:40:10.129542   507 skeleton_planner.h:170] Found solution in: 3
I20260909 04:40:10.129550   507 skeleton_planner.h:170] Found solution in: 1
I20260909 04:40:10.129577   507 skeleton_planner.h:170] Found solution in: 6
I20260909 04:40:10.129592   507 skeleton_planner.h:170] Found solution in: 1
I20260909 04:40:10.129597   507 skeleton_planner.h:170] Found solution in: 5
I20260909 04:40:10.129603   507 skeleton_planner.h:170] Found solution in: 1
I20260909 04:40:10.129608   507 skeleton_planner.h:170] Found solution in: 5
I20260909 04:40:10.129616   507 skeleton_planner.h:170] Found solution in: 1
I20260909 04:40:10.129621   507 skeleton_planner.h:170] Found solution in: 1
I20260909 04:40:10.129637   507 skeleton_planner.h:170] Found solution in: 17
I20260909 04:40:10.129717   507 skeleton_planner.h:170] Found solution in: 4
I20260909 04:40:10.129725   507 skeleton_planner.h:170] Found solution in: 1
I20260909 04:40:10.129731   507 skeleton_planner.h:170] Found solution in: 6
I20260909 04:40:10.129746   507 skeleton_planner.h:170] Found solution in: 18
I20260909 04:40:10.129822   507 skeleton_planner.h:170] Found solution in: 4
I20260909 04:40:10.129832   507 skeleton_planner.h:170] Found solution in: 1
I20260909 04:40:10.129884   507 skeleton_planner.h:170] Found solution in: 69
I20260909 04:40:10.129892   507 skeleton_planner.h:170] Found solution in: 5
I20260909 04:40:10.129942   507 skeleton_planner.h:170] Found solution in: 67
I20260909 04:40:10.129951   507 skeleton_planner.h:170] Found solution in: 1
I20260909 04:40:10.129966   507 skeleton_planner.h:170] Found solution in: 3
I20260909 04:40:10.129974   507 skeleton_planner.h:170] Found solution in: 1
I20260909 04:40:10.129978   507 skeleton_planner.h:170] Found solution in: 2
I20260909 04:40:10.129992   507 skeleton_planner.h:170] Found solution in: 5
I20260909 04:40:10.129999   507 skeleton_planner.h:170] Found solution in: 1
I20260909 04:40:10.130015   507 skeleton_planner.h:170] Found solution in: 5
I20260909 04:40:10.130023   507 skeleton_planner.h:170] Found solution in: 1
I20260909 04:40:10.130033   507 skeleton_planner.h:170] Found solution in: 3
I20260909 04:40:10.130039   507 skeleton_planner.h:170] Found solution in: 1
I20260909 04:40:10.130048   507 skeleton_planner.h:170] Found solution in: 1
I20260909 04:40:10.130060   507 skeleton_planner.h:170] Found solution in: 4
I20260909 04:40:10.130070   507 skeleton_planner.h:170] Found solution in: 1
I20260909 04:40:10.130074   507 skeleton_planner.h:170] Found solution in: 3
I20260909 04:40:10.130086   507 skeleton_planner.h:170] Found solution in: 4
I20260909 04:40:10.130093   507 skeleton_planner.h:170] Found solution in: 1
I20260909 04:40:10.130185   507 skeleton_planner.h:170] Found solution in: 52
I20260909 04:40:10.130237   507 skeleton_planner.h:170] Found solution in: 22
I20260909 04:40:10.130249   507 skeleton_planner.h:170] Found solution in: 1
I20260909 04:40:10.130257   507 skeleton_planner.h:170] Found solution in: 8
I20260909 04:40:10.130474   507 skeleton_planner.h:170] Found solution in: 68
I20260909 04:40:10.130487   507 skeleton_planner.h:170] Found solution in: 1
I20260909 04:40:10.130496   507 skeleton_planner.h:170] Found solution in: 1
I20260909 04:40:10.130503   507 skeleton_planner.h:170] Found solution in: 7
I20260909 04:40:10.130511   507 skeleton_planner.h:170] Found solution in: 1
I20260909 04:40:10.130520   507 skeleton_planner.h:170] Found solution in: 1
I20260909 04:40:10.130535   507 skeleton_planner.h:170] Found solution in: 15
I20260909 04:40:10.130544   507 skeleton_planner.h:170] Found solution in: 1
I20260909 04:40:10.130549   507 skeleton_planner.h:170] Found solution in: 5
I20260909 04:40:10.130559   507 skeleton_planner.h:170] Found solution in: 1
I20260909 04:40:10.130657   507 skeleton_planner.h:170] Found solution in: 3
I20260909 04:40:10.130664   507 skeleton_planner.h:170] Found solution in: 1
I20260909 04:40:10.130669   507 skeleton_planner.h:170] Found solution in: 4
I20260909 04:40:10.130673   507 skeleton_planner.h:170] Found solution in: 1
I20260909 04:40:10.130678   507 skeleton_planner.h:170] Found solution in: 4
I20260909 04:40:10.130687   507 skeleton_planner.h:170] Found solution in: 1
I20260909 04:40:10.130698   507 skeleton_planner.h:170] Found solution in: 3
I20260909 04:40:10.130707   507 skeleton_planner.h:170] Found solution in: 1
I20260909 04:40:10.130710   507 skeleton_planner.h:170] Found solution in: 3
I20260909 04:40:10.130714   507 skeleton_planner.h:170] Found solution in: 1
I20260909 04:40:10.130718   507 skeleton_planner.h:170] Found solution in: 3
I20260909 04:40:10.130743   507 skeleton_planner.h:170] Found solution in: 5
I20260909 04:40:10.130751   507 skeleton_planner.h:170] Found solution in: 1
I20260909 04:40:10.130757   507 skeleton_planner.h:170] Found solution in: 1
I20260909 04:40:10.130762   507 skeleton_planner.h:170] Found solution in: 3
I20260909 04:40:10.130774   507 skeleton_planner.h:170] Found solution in: 13
I20260909 04:40:10.130779   507 skeleton_planner.h:170] Found solution in: 1
I20260909 04:40:10.130784   507 skeleton_planner.h:170] Found solution in: 3
I20260909 04:40:10.130795   507 skeleton_planner.h:170] Found solution in: 13
I20260909 04:40:10.130800   507 skeleton_planner.h:170] Found solution in: 1
I20260909 04:40:10.130823   507 skeleton_planner.h:170] Found solution in: 6
I20260909 04:40:10.130831   507 skeleton_planner.h:170] Found solution in: 1
I20260909 04:40:10.131079   507 skeleton_planner.h:170] Found solution in: 15
I20260909 04:40:10.131088   507 skeleton_planner.h:170] Found solution in: 1
I20260909 04:40:10.131114   507 skeleton_planner.h:170] Found solution in: 8
I20260909 04:40:10.131126   507 skeleton_planner.h:170] Found solution in: 1
I20260909 04:40:10.131137   507 skeleton_planner.h:170] Found solution in: 3
I20260909 04:40:10.131145   507 skeleton_planner.h:170] Found solution in: 1
I20260909 04:40:10.131666   507 skeleton_planner.h:170] Found solution in: 1
I20260909 04:40:10.131759   507 skeleton_planner.h:170] Found solution in: 4
I20260909 04:40:10.131770   507 skeleton_planner.h:170] Found solution in: 1
I20260909 04:40:10.131806   507 skeleton_planner.h:170] Found solution in: 44
I20260909 04:40:10.131814   507 skeleton_planner.h:170] Found solution in: 1
I20260909 04:40:10.131822   507 skeleton_planner.h:170] Found solution in: 9
I20260909 04:40:10.131829   507 skeleton_planner.h:170] Found solution in: 1
I20260909 04:40:10.131835   507 skeleton_planner.h:170] Found solution in: 7
I20260909 04:40:10.131842   507 skeleton_planner.h:170] Found solution in: 7
I20260909 04:40:10.131853   507 skeleton_planner.h:170] Found solution in: 7
I20260909 04:40:10.131857   507 skeleton_planner.h:170] Found solution in: 1
I20260909 04:40:10.131860   507 skeleton_planner.h:170] Found solution in: 3
I20260909 04:40:10.131867   507 skeleton_planner.h:170] Found solution in: 8
I20260909 04:40:10.131875   507 skeleton_planner.h:170] Found solution in: 7
I20260909 04:40:10.131880   507 skeleton_planner.h:170] Found solution in: 1
I20260909 04:40:10.131889   507 skeleton_planner.h:170] Found solution in: 1
I20260909 04:40:10.131896   507 skeleton_planner.h:170] Found solution in: 1
I20260909 04:40:10.131901   507 skeleton_planner.h:170] Found solution in: 1
I20260909 04:40:10.131908   507 skeleton_planner.h:170] Found solution in: 1
I20260909 04:40:10.131913   507 skeleton_planner.h:170] Found solution in: 5
I20260909 04:40:10.131939   507 skeleton_planner.h:170] Found solution in: 5
I20260909 04:40:10.131946   507 skeleton_planner.h:170] Found solution in: 1
I20260909 04:40:10.131953   507 skeleton_planner.h:170] Found solution in: 6
I20260909 04:40:10.131959   507 skeleton_planner.h:170] Found solution in: 6
I20260909 04:40:10.131966   507 skeleton_planner.h:170] Found solution in: 7
I20260909 04:40:10.131971   507 skeleton_planner.h:170] Found solution in: 1
I20260909 04:40:10.131978   507 skeleton_planner.h:170] Found solution in: 1
I20260909 04:40:10.132328   507 skeleton_planner.h:170] Found solution in: 91
I20260909 04:40:10.132339   507 skeleton_planner.h:170] Found solution in: 1
I20260909 04:40:10.132361   507 skeleton_planner.h:170] Found solution in: 24
I20260909 04:40:10.132697   507 skeleton_planner.h:170] Found solution in: 15
I20260909 04:40:10.132704   507 skeleton_planner.h:170] Found solution in: 1
I20260909 04:40:10.132722   507 skeleton_planner.h:170] Found solution in: 23
I20260909 04:40:10.132742   507 skeleton_planner.h:170] Found solution in: 23
I20260909 04:40:10.132750   507 skeleton_planner.h:170] Found solution in: 1
I20260909 04:40:10.132754   507 skeleton_planner.h:170] Found solution in: 3
I20260909 04:40:10.133800   507 skeleton_planner.h:170] Found solution in: 1
I20260909 04:40:10.133805   507 skeleton_planner.h:170] Found solution in: 3
I20260909 04:40:10.134802   507 skeleton_planner.h:170] Found solution in: 1
I20260909 04:40:10.134819   507 skeleton_planner.h:170] Found solution in: 4
I20260909 04:40:10.134826   507 skeleton_planner.h:170] Found solution in: 1
I20260909 04:40:10.134860   507 skeleton_planner.h:170] Found solution in: 7
I20260909 04:40:10.134869   507 skeleton_planner.h:170] Found solution in: 1
I20260909 04:40:10.134889   507 skeleton_planner.h:170] Found solution in: 22
I20260909 04:40:10.134894   507 skeleton_planner.h:170] Found solution in: 1
I20260909 04:40:10.134924   507 skeleton_planner.h:170] Found solution in: 36
I20260909 04:40:10.134931   507 skeleton_planner.h:170] Found solution in: 1
I20260909 04:40:10.134948   507 skeleton_planner.h:170] Found solution in: 20
I20260909 04:40:10.134955   507 skeleton_planner.h:170] Found solution in: 1
I20260909 04:40:10.135563   507 skeleton_planner.h:170] Found solution in: 1
I20260909 04:40:10.135569   507 skeleton_planner.h:170] Found solution in: 4
I20260909 04:40:10.135576   507 skeleton_planner.h:170] Found solution in: 1
I20260909 04:40:10.135579   507 skeleton_planner.h:170] Found solution in: 4
I20260909 04:40:10.135589   507 skeleton_planner.h:170] Found solution in: 1
I20260909 04:40:10.135695   507 skeleton_planner.h:170] Found solution in: 6
I20260909 04:40:10.135704   507 skeleton_planner.h:170] Found solution in: 1
I20260909 04:40:10.135787   507 skeleton_planner.h:170] Found solution in: 3
I20260909 04:40:10.135797   507 skeleton_planner.h:170] Found solution in: 1
I20260909 04:40:10.135859   507 skeleton_planner.h:170] Found solution in: 4
I20260909 04:40:10.135866   507 skeleton_planner.h:170] Found solution in: 1
I20260909 04:40:10.135871   507 skeleton_planner.h:170] Found solution in: 1
I20260909 04:40:10.135877   507 skeleton_planner.h:170] Found solution in: 5
I20260909 04:40:10.135882   507 skeleton_planner.h:170] Found solution in: 1
I20260909 04:40:10.135887   507 skeleton_planner.h:170] Found solution in: 5
I20260909 04:40:10.135900   507 skeleton_planner.h:170] Found solution in: 1
I20260909 04:40:10.135910   507 skeleton_planner.h:170] Found solution in: 9
I20260909 04:40:10.135917   507 skeleton_planner.h:170] Found solution in: 1
I20260909 04:40:10.135923   507 skeleton_planner.h:170] Found solution in: 5
I20260909 04:40:10.135960   507 skeleton_planner.h:170] Found solution in: 42
I20260909 04:40:10.135968   507 skeleton_planner.h:170] Found solution in: 1
I20260909 04:40:10.136030   507 skeleton_planner.h:170] Found solution in: 82
I20260909 04:40:10.136046   507 skeleton_planner.h:170] Found solution in: 15
I20260909 04:40:10.136102   507 skeleton_planner.h:170] Found solution in: 74
I20260909 04:40:10.136112   507 skeleton_planner.h:170] Found solution in: 1
I20260909 04:40:10.136117   507 skeleton_planner.h:170] Found solution in: 5
I20260909 04:40:10.136176   507 skeleton_planner.h:170] Found solution in: 70
I20260909 04:40:10.136211   507 skeleton_planner.h:170] Found solution in: 42
I20260909 04:40:10.136221   507 skeleton_planner.h:170] Found solution in: 1
I20260909 04:40:10.136227   507 skeleton_planner.h:170] Found solution in: 1
I20260909 04:40:10.136235   507 skeleton_planner.h:170] Found solution in: 1
I20260909 04:40:10.136250   507 skeleton_planner.h:170] Found solution in: 4
I20260909 04:40:10.136257   507 skeleton_planner.h:170] Found solution in: 1
I20260909 04:40:10.136274   507 skeleton_planner.h:170] Found solution in: 5
I20260909 04:40:10.136281   507 skeleton_planner.h:170] Found solution in: 1
I20260909 04:40:10.136292   507 skeleton_planner.h:170] Found solution in: 3
I20260909 04:40:10.136299   507 skeleton_planner.h:170] Found solution in: 1
I20260909 04:40:10.136303   507 skeleton_planner.h:170] Found solution in: 4
I20260909 04:40:10.136325   507 skeleton_planner.h:170] Found solution in: 5
I20260909 04:40:10.136334   507 skeleton_planner.h:170] Found solution in: 1
I20260909 04:40:10.136390   507 skeleton_planner.h:170] Found solution in: 78
I20260909 04:40:10.136405   507 skeleton_planner.h:170] Found solution in: 16
I20260909 04:40:10.136415   507 skeleton_planner.h:170] Found solution in: 1
I20260909 04:40:10.136503   507 skeleton_planner.h:170] Found solution in: 5
I20260909 04:40:10.136512   507 skeleton_planner.h:170] Found solution in: 1
I20260909 04:40:10.136559   507 skeleton_planner.h:170] Found solution in: 68
I20260909 04:40:10.136572   507 skeleton_planner.h:170] Found solution in: 14
I20260909 04:40:10.136579   507 skeleton_planner.h:170] Found solution in: 1
I20260909 04:40:10.136602   507 skeleton_planner.h:170] Found solution in: 5
I20260909 04:40:10.136611   507 skeleton_planner.h:170] Found solution in: 1
I20260909 04:40:10.136626   507 skeleton_planner.h:170] Found solution in: 4
I20260909 04:40:10.136636   507 skeleton_planner.h:170] Found solution in: 1
I20260909 04:40:10.136716   507 skeleton_planner.h:170] Found solution in: 4
I20260909 04:40:10.136724   507 skeleton_planner.h:170] Found solution in: 1
I20260909 04:40:10.136761   507 skeleton_planner.h:170] Found solution in: 52
I20260909 04:40:10.136768   507 skeleton_planner.h:170] Found solution in: 1
I20260909 04:40:10.136775   507 skeleton_planner.h:170] Found solution in: 7
I20260909 04:40:10.136817   507 skeleton_planner.h:170] Found solution in: 55
I20260909 04:40:10.136825   507 skeleton_planner.h:170] Found solution in: 1
I20260909 04:40:10.136832   507 skeleton_planner.h:170] Found solution in: 8
I20260909 04:40:10.136873   507 skeleton_planner.h:170] Found solution in: 55
I20260909 04:40:10.136900   507 skeleton_planner.h:170] Found solution in: 34
I20260909 04:40:10.136909   507 skeleton_planner.h:170] Found solution in: 1
I20260909 04:40:10.136991   507 skeleton_planner.h:170] Found solution in: 3
I20260909 04:40:10.137001   507 skeleton_planner.h:170] Found solution in: 1
I20260909 04:40:10.137008   507 skeleton_planner.h:170] Found solution in: 1
I20260909 04:40:10.137029   507 skeleton_planner.h:170] Found solution in: 5
I20260909 04:40:10.137038   507 skeleton_planner.h:170] Found solution in: 1
I20260909 04:40:10.137042   507 skeleton_planner.h:170] Found solution in: 3
I20260909 04:40:10.137046   507 skeleton_planner.h:170] Found solution in: 1
I20260909 04:40:10.137050   507 skeleton_planner.h:170] Found solution in: 3
I20260909 04:40:10.137068   507 skeleton_planner.h:170] Found solution in: 5
I20260909 04:40:10.137076   507 skeleton_planner.h:170] Found solution in: 1
I20260909 04:40:10.137082   507 skeleton_planner.h:170] Found solution in: 7
I20260909 04:40:10.137104   507 skeleton_planner.h:170] Found solution in: 6
I20260909 04:40:10.137112   507 skeleton_planner.h:170] Found solution in: 1
I20260909 04:40:10.137126   507 skeleton_planner.h:170] Found solution in: 14
I20260909 04:40:10.137132   507 skeleton_planner.h:170] Found solution in: 1
I20260909 04:40:10.137141   507 skeleton_planner.h:170] Found solution in: 9
I20260909 04:40:10.137147   507 skeleton_planner.h:170] Found solution in: 1
I20260909 04:40:10.137159   507 skeleton_planner.h:170] Found solution in: 13
I20260909 04:40:10.137167   507 skeleton_planner.h:170] Found solution in: 8
I20260909 04:40:10.137174   507 skeleton_planner.h:170] Found solution in: 1
I20260909 04:40:10.137198   507 skeleton_planner.h:170] Found solution in: 30
I20260909 04:40:10.137205   507 skeleton_planner.h:170] Found solution in: 6
I20260909 04:40:10.137225   507 skeleton_planner.h:170] Found solution in: 24
I20260909 04:40:10.137233   507 skeleton_planner.h:170] Found solution in: 1
I20260909 04:40:10.137250   507 skeleton_planner.h:170] Found solution in: 22
I20260909 04:40:10.137257   507 skeleton_planner.h:170] Found solution in: 5
I20260909 04:40:10.137262   507 skeleton_planner.h:170] Found solution in: 1
I20260909 04:40:10.137296   507 skeleton_planner.h:170] Found solution in: 44
I20260909 04:40:10.137305   507 skeleton_planner.h:170] Found solution in: 6
I20260909 04:40:10.137315   507 skeleton_planner.h:170] Found solution in: 1
I20260909 04:40:10.137319   507 skeleton_planner.h:170] Found solution in: 3
I20260909 04:40:10.137328   507 skeleton_planner.h:170] Found solution in: 1
I20260909 04:40:10.137331   507 skeleton_planner.h:170] Found solution in: 2
I20260909 04:40:10.137338   507 skeleton_planner.h:170] Found solution in: 1
I20260909 04:40:10.137341   507 skeleton_planner.h:170] Found solution in: 2
I20260909 04:40:10.137348   507 skeleton_planner.h:170] Found solution in: 1
I20260909 04:40:10.137362   507 skeleton_planner.h:170] Found solution in: 4
I20260909 04:40:10.137370   507 skeleton_planner.h:170] Found solution in: 1
I20260909 04:40:10.137392   507 skeleton_planner.h:170] Found solution in: 5
I20260909 04:40:10.137404   507 skeleton_planner.h:170] Found solution in: 1
I20260909 04:40:10.137485   507 skeleton_planner.h:170] Found solution in: 4
I20260909 04:40:10.137494   507 skeleton_planner.h:170] Found solution in: 1
I20260909 04:40:10.137501   507 skeleton_planner.h:170] Found solution in: 6
I20260909 04:40:10.137507   507 skeleton_planner.h:170] Found solution in: 6
I20260909 04:40:10.137594   507 skeleton_planner.h:170] Found solution in: 5
I20260909 04:40:10.137606   507 skeleton_planner.h:170] Found solution in: 1
I20260909 04:40:10.137694   507 skeleton_planner.h:170] Found solution in: 4
I20260909 04:40:10.137702   507 skeleton_planner.h:170] Found solution in: 1
I20260909 04:40:10.137715   507 skeleton_planner.h:170] Found solution in: 15
I20260909 04:40:10.137722   507 skeleton_planner.h:170] Found solution in: 1
I20260909 04:40:10.137727   507 skeleton_planner.h:170] Found solution in: 4
I20260909 04:40:10.137732   507 skeleton_planner.h:170] Found solution in: 1
I20260909 04:40:10.137816   507 skeleton_planner.h:170] Found solution in: 4
I20260909 04:40:10.137825   507 skeleton_planner.h:170] Found solution in: 1
I20260909 04:40:10.137830   507 skeleton_planner.h:170] Found solution in: 4
I20260909 04:40:10.137917   507 skeleton_planner.h:170] Found solution in: 4
I20260909 04:40:10.137925   507 skeleton_planner.h:170] Found solution in: 1
I20260909 04:40:10.137938   507 skeleton_planner.h:170] Found solution in: 3
I20260909 04:40:10.137948   507 skeleton_planner.h:170] Found solution in: 1
I20260909 04:40:10.137953   507 skeleton_planner.h:170] Found solution in: 5
I20260909 04:40:10.137979   507 skeleton_planner.h:170] Found solution in: 6
I20260909 04:40:10.137987   507 skeleton_planner.h:170] Found solution in: 1
I20260909 04:40:10.137991   507 skeleton_planner.h:170] Found solution in: 3
I20260909 04:40:10.138001   507 skeleton_planner.h:170] Found solution in: 3
I20260909 04:40:10.138013   507 skeleton_planner.h:170] Found solution in: 1
I20260909 04:40:10.138017   507 skeleton_planner.h:170] Found solution in: 4
I20260909 04:40:10.138031   507 skeleton_planner.h:170] Found solution in: 7
I20260909 04:40:10.138038   507 skeleton_planner.h:170] Found solution in: 1
I20260909 04:40:10.138046   507 skeleton_planner.h:170] Found solution in: 1
I20260909 04:40:10.138146   507 skeleton_planner.h:170] Found solution in: 5
I20260909 04:40:10.138155   507 skeleton_planner.h:170] Found solution in: 1
I20260909 04:40:10.138165   507 skeleton_planner.h:170] Found solution in: 3
I20260909 04:40:10.138172   507 skeleton_planner.h:170] Found solution in: 1
I20260909 04:40:10.138185   507 skeleton_planner.h:170] Found solution in: 3
I20260909 04:40:10.138192   507 skeleton_planner.h:170] Found solution in: 1
I20260909 04:40:10.138211   507 skeleton_planner.h:170] Found solution in: 3
I20260909 04:40:10.138218   507 skeleton_planner.h:170] Found solution in: 1
I20260909 04:40:10.138232   507 skeleton_planner.h:170] Found solution in: 1
I20260909 04:40:10.138237   507 skeleton_planner.h:170] Found solution in: 3
I20260909 04:40:10.138242   507 skeleton_planner.h:170] Found solution in: 1
I20260909 04:40:10.138247   507 skeleton_planner.h:170] Found solution in: 3
I20260909 04:40:10.138257   507 skeleton_planner.h:170] Found solution in: 1
I20260909 04:40:10.138275   507 skeleton_planner.h:170] Found solution in: 4
I20260909 04:40:10.138284   507 skeleton_planner.h:170] Found solution in: 1
I20260909 04:40:10.138301   507 skeleton_planner.h:170] Found solution in: 3
I20260909 04:40:10.138311   507 skeleton_planner.h:170] Found solution in: 1
I20260909 04:40:10.138324   507 skeleton_planner.h:170] Found solution in: 4
I20260909 04:40:10.138330   507 skeleton_planner.h:170] Found solution in: 1
I20260909 04:40:10.138346   507 skeleton_planner.h:170] Found solution in: 20
I20260909 04:40:10.138362   507 skeleton_planner.h:170] Found solution in: 20
I20260909 04:40:10.138370   507 skeleton_planner.h:170] Found solution in: 1
I20260909 04:40:10.138381   507 skeleton_planner.h:170] Found solution in: 1
I20260909 04:40:10.138384   507 skeleton_planner.h:170] Found solution in: 3
I20260909 04:40:10.138401   507 skeleton_planner.h:170] Found solution in: 5
I20260909 04:40:10.138409   507 skeleton_planner.h:170] Found solution in: 1
I20260909 04:40:10.138430   507 skeleton_planner.h:170] Found solution in: 24
I20260909 04:40:10.138445   507 skeleton_planner.h:170] Found solution in: 17
I20260909 04:40:10.138453   507 skeleton_planner.h:170] Found solution in: 5
I20260909 04:40:10.138463   507 skeleton_planner.h:170] Found solution in: 1
I20260909 04:40:10.138468   507 skeleton_planner.h:170] Found solution in: 3
I20260909 04:40:10.138496   507 skeleton_planner.h:170] Found solution in: 11
I20260909 04:40:10.138506   507 skeleton_planner.h:170] Found solution in: 1
I20260909 04:40:10.138530   507 skeleton_planner.h:170] Found solution in: 11
I20260909 04:40:10.138545   507 skeleton_planner.h:170] Found solution in: 1
I20260909 04:40:10.138556   507 skeleton_planner.h:170] Found solution in: 3
I20260909 04:40:10.138566   507 skeleton_planner.h:170] Found solution in: 1
I20260909 04:40:10.138574   507 skeleton_planner.h:170] Found solution in: 1
I20260909 04:40:10.138578   507 skeleton_planner.h:170] Found solution in: 3
I20260909 04:40:10.138584   507 skeleton_planner.h:170] Found solution in: 1
I20260909 04:40:10.138588   507 skeleton_planner.h:170] Found solution in: 3
I20260909 04:40:10.138593   507 skeleton_planner.h:170] Found solution in: 1
I20260909 04:40:10.138599   507 skeleton_planner.h:170] Found solution in: 1
I20260909 04:40:10.138625   507 skeleton_planner.h:170] Found solution in: 8
I20260909 04:40:10.138638   507 skeleton_planner.h:170] Found solution in: 1
I20260909 04:40:10.138650   507 skeleton_planner.h:170] Found solution in: 3
I20260909 04:40:10.138659   507 skeleton_planner.h:170] Found solution in: 1
I20260909 04:40:10.138676   507 skeleton_planner.h:170] Found solution in: 17
I20260909 04:40:10.138685   507 skeleton_planner.h:170] Found solution in: 1
I20260909 04:40:10.138695   507 skeleton_planner.h:170] Found solution in: 3
I20260909 04:40:10.138703   507 skeleton_planner.h:170] Found solution in: 1
I20260909 04:40:10.138715   507 skeleton_planner.h:170] Found solution in: 3
I20260909 04:40:10.138725   507 skeleton_planner.h:170] Found solution in: 1
I20260909 04:40:10.138729   507 skeleton_planner.h:170] Found solution in: 3
I20260909 04:40:10.138746   507 skeleton_planner.h:170] Found solution in: 5
I20260909 04:40:10.138754   507 skeleton_planner.h:170] Found solution in: 1
I20260909 04:40:10.138758   507 skeleton_planner.h:170] Found solution in: 3
I20260909 04:40:10.138762   507 skeleton_planner.h:170] Found solution in: 4
I20260909 04:40:10.138779   507 skeleton_planner.h:170] Found solution in: 5
I20260909 04:40:10.138788   507 skeleton_planner.h:170] Found solution in: 1
I20260909 04:40:10.138799   507 skeleton_planner.h:170] Found solution in: 3
I20260909 04:40:10.138808   507 skeleton_planner.h:170] Found solution in: 1
I20260909 04:40:10.138813   507 skeleton_planner.h:170] Found solution in: 4
I20260909 04:40:10.138818   507 skeleton_planner.h:170] Found solution in: 1
I20260909 04:40:10.138823   507 skeleton_planner.h:170] Found solution in: 4
I20260909 04:40:10.138828   507 skeleton_planner.h:170] Found solution in: 1
I20260909 04:40:10.138841   507 skeleton_planner.h:170] Found solution in: 5
I20260909 04:40:10.138849   507 skeleton_planner.h:170] Found solution in: 1
I20260909 04:40:10.138867   507 skeleton_planner.h:170] Found solution in: 6
I20260909 04:40:10.138875   507 skeleton_planner.h:170] Found solution in: 1
I20260909 04:40:10.138882   507 skeleton_planner.h:170] Found solution in: 1
I20260909 04:40:10.138887   507 skeleton_planner.h:170] Found solution in: 4
I20260909 04:40:10.138895   507 skeleton_planner.h:170] Found solution in: 1
I20260909 04:40:10.138899   507 skeleton_planner.h:170] Found solution in: 4
I20260909 04:40:10.138906   507 skeleton_planner.h:170] Found solution in: 1
I20260909 04:40:10.138909   507 skeleton_planner.h:170] Found solution in: 2
I20260909 04:40:10.139329   507 skeleton_planner.h:170] Found solution in: 1
I20260909 04:40:10.139340   507 skeleton_planner.h:170] Found solution in: 4
I20260909 04:40:10.139349   507 skeleton_planner.h:170] Found solution in: 1
I20260909 04:40:10.139676   507 skeleton_planner.h:170] Found solution in: 1
I20260909 04:40:10.139782   507 skeleton_planner.h:170] Found solution in: 4
I20260909 04:40:10.139791   507 skeleton_planner.h:170] Found solution in: 1
I20260909 04:40:10.139798   507 skeleton_planner.h:170] Found solution in: 1
I20260909 04:40:10.140091   507 skeleton_planner.h:170] Found solution in: 1
I20260909 04:40:10.140103   507 skeleton_planner.h:170] Found solution in: 12
I20260909 04:40:10.140113   507 skeleton_planner.h:170] Found solution in: 10
I20260909 04:40:10.140120   507 skeleton_planner.h:170] Found solution in: 1
I20260909 04:40:10.140130   507 skeleton_planner.h:170] Found solution in: 11
I20260909 04:40:10.140138   507 skeleton_planner.h:170] Found solution in: 8
I20260909 04:40:10.140143   507 skeleton_planner.h:170] Found solution in: 4
I20260909 04:40:10.140162   507 skeleton_planner.h:170] Found solution in: 24
I20260909 04:40:10.140168   507 skeleton_planner.h:170] Found solution in: 1
I20260909 04:40:10.140182   507 skeleton_planner.h:170] Found solution in: 17
I20260909 04:40:10.140190   507 skeleton_planner.h:170] Found solution in: 9
I20260909 04:40:10.140195   507 skeleton_planner.h:170] Found solution in: 4
I20260909 04:40:10.140202   507 skeleton_planner.h:170] Found solution in: 1
I20260909 04:40:10.140311   507 skeleton_planner.h:170] Found solution in: 3
I20260909 04:40:10.140318   507 skeleton_planner.h:170] Found solution in: 1
I20260909 04:40:10.140326   507 skeleton_planner.h:170] Found solution in: 7
I20260909 04:40:10.140332   507 skeleton_planner.h:170] Found solution in: 1
I20260909 04:40:10.140338   507 skeleton_planner.h:170] Found solution in: 6
I20260909 04:40:10.140355   507 skeleton_planner.h:170] Found solution in: 20
I20260909 04:40:10.140362   507 skeleton_planner.h:170] Found solution in: 1
I20260909 04:40:10.140372   507 skeleton_planner.h:170] Found solution in: 1
I20260909 04:40:10.140380   507 skeleton_planner.h:170] Found solution in: 1
I20260909 04:40:10.140385   507 skeleton_planner.h:170] Found solution in: 3
I20260909 04:40:10.140391   507 skeleton_planner.h:170] Found solution in: 1
I20260909 04:40:10.140396   507 skeleton_planner.h:170] Found solution in: 5
I20260909 04:40:10.140419   507 skeleton_planner.h:170] Found solution in: 28
I20260909 04:40:10.140424   507 skeleton_planner.h:170] Found solution in: 1
I20260909 04:40:10.140430   507 skeleton_planner.h:170] Found solution in: 5
I20260909 04:40:10.140448   507 skeleton_planner.h:170] Found solution in: 22
I20260909 04:40:10.140455   507 skeleton_planner.h:170] Found solution in: 1
I20260909 04:40:10.140473   507 skeleton_planner.h:170] Found solution in: 26
I20260909 04:40:10.140563   507 skeleton_planner.h:170] Found solution in: 5
I20260909 04:40:10.140573   507 skeleton_planner.h:170] Found solution in: 1
I20260909 04:40:10.140579   507 skeleton_planner.h:170] Found solution in: 5
I20260909 04:40:10.140604   507 skeleton_planner.h:170] Found solution in: 7
I20260909 04:40:10.140612   507 skeleton_planner.h:170] Found solution in: 1
I20260909 04:40:10.140619   507 skeleton_planner.h:170] Found solution in: 1
I20260909 04:40:10.140628   507 skeleton_planner.h:170] Found solution in: 1
I20260909 04:40:10.140636   507 skeleton_planner.h:170] Found solution in: 1
I20260909 04:40:10.140720   507 skeleton_planner.h:170] Found solution in: 6
I20260909 04:40:10.140729   507 skeleton_planner.h:170] Found solution in: 1
I20260909 04:40:10.140733   507 skeleton_planner.h:170] Found solution in: 2
I20260909 04:40:10.140741   507 skeleton_planner.h:170] Found solution in: 1
I20260909 04:40:10.140744   507 skeleton_planner.h:170] Found solution in: 2
I20260909 04:40:10.140753   507 skeleton_planner.h:170] Found solution in: 1
I20260909 04:40:10.140777   507 skeleton_planner.h:170] Found solution in: 27
I20260909 04:40:10.140785   507 skeleton_planner.h:170] Found solution in: 1
I20260909 04:40:10.140794   507 skeleton_planner.h:170] Found solution in: 1
I20260909 04:40:10.140797   507 skeleton_planner.h:170] Found solution in: 2
I20260909 04:40:10.140808   507 skeleton_planner.h:170] Found solution in: 4
I20260909 04:40:10.140817   507 skeleton_planner.h:170] Found solution in: 1
I20260909 04:40:10.140832   507 skeleton_planner.h:170] Found solution in: 16
I20260909 04:40:10.140841   507 skeleton_planner.h:170] Found solution in: 1
I20260909 04:40:10.140848   507 skeleton_planner.h:170] Found solution in: 1
I20260909 04:40:10.140854   507 skeleton_planner.h:170] Found solution in: 1
I20260909 04:40:10.140861   507 skeleton_planner.h:170] Found solution in: 1
I20260909 04:40:10.140878   507 skeleton_planner.h:170] Found solution in: 18
I20260909 04:40:10.140888   507 skeleton_planner.h:170] Found solution in: 3
I20260909 04:40:10.140900   507 skeleton_planner.h:170] Found solution in: 4
I20260909 04:40:10.140918   507 skeleton_planner.h:170] Found solution in: 5
I20260909 04:40:10.140929   507 skeleton_planner.h:170] Found solution in: 4
I20260909 04:40:10.140944   507 skeleton_planner.h:170] Found solution in: 4
I20260909 04:40:10.140960   507 skeleton_planner.h:170] Found solution in: 5
I20260909 04:40:10.140985   507 skeleton_planner.h:170] Found solution in: 8
I20260909 04:40:10.140995   507 skeleton_planner.h:170] Found solution in: 2
I20260909 04:40:10.141013   507 skeleton_planner.h:170] Found solution in: 6
I20260909 04:40:10.141029   507 skeleton_planner.h:170] Found solution in: 5
I20260909 04:40:10.141048   507 skeleton_planner.h:170] Found solution in: 7
I20260909 04:40:10.141067   507 skeleton_planner.h:170] Found solution in: 6
I20260909 04:40:10.141091   507 skeleton_planner.h:170] Found solution in: 8
I20260909 04:40:10.141111   507 skeleton_planner.h:170] Found solution in: 6
I20260909 04:40:10.141121   507 skeleton_planner.h:170] Found solution in: 3
I20260909 04:40:10.141136   507 skeleton_planner.h:170] Found solution in: 6
I20260909 04:40:10.141151   507 skeleton_planner.h:170] Found solution in: 6
I20260909 04:40:10.141168   507 skeleton_planner.h:170] Found solution in: 4
I20260909 04:40:10.141203   507 skeleton_planner.h:170] Found solution in: 10
I20260909 04:40:10.141227   507 skeleton_planner.h:170] Found solution in: 5
I20260909 04:40:10.141276   507 skeleton_planner.h:170] Found solution in: 22
I20260909 04:40:10.141455   507 skeleton_planner.h:170] Found solution in: 77
I20260909 04:40:10.141476   507 skeleton_planner.h:170] Found solution in: 4
I20260909 04:40:10.141486   507 skeleton_planner.h:170] Found solution in: 3
I20260909 04:40:10.141497   507 skeleton_planner.h:170] Found solution in: 3
I20260909 04:40:10.141525   507 skeleton_planner.h:170] Found solution in: 4
I20260909 04:40:10.141541   507 skeleton_planner.h:170] Found solution in: 5
I20260909 04:40:10.141551   507 skeleton_planner.h:170] Found solution in: 3
I20260909 04:40:10.141562   507 skeleton_planner.h:170] Found solution in: 3
I20260909 04:40:10.141570   507 skeleton_planner.h:170] Found solution in: 2
I20260909 04:40:10.141580   507 skeleton_planner.h:170] Found solution in: 3
I20260909 04:40:10.141593   507 skeleton_planner.h:170] Found solution in: 4
I20260909 04:40:10.141611   507 skeleton_planner.h:170] Found solution in: 5
I20260909 04:40:10.141623   507 skeleton_planner.h:170] Found solution in: 3
I20260909 04:40:10.141631   507 skeleton_planner.h:170] Found solution in: 2
I20260909 04:40:10.141651   507 skeleton_planner.h:170] Found solution in: 6
I20260909 04:40:10.141677   507 skeleton_planner.h:170] Found solution in: 8
I20260909 04:40:10.141685   507 skeleton_planner.h:170] Found solution in: 2
I20260909 04:40:10.141706   507 skeleton_planner.h:170] Found solution in: 6
I20260909 04:40:10.141726   507 skeleton_planner.h:170] Found solution in: 6
I20260909 04:40:10.141736   507 skeleton_planner.h:170] Found solution in: 3
I20260909 04:40:10.141752   507 skeleton_planner.h:170] Found solution in: 5
I20260909 04:40:10.141772   507 skeleton_planner.h:170] Found solution in: 7
I20260909 04:40:10.141785   507 skeleton_planner.h:170] Found solution in: 4
I20260909 04:40:10.141804   507 skeleton_planner.h:170] Found solution in: 6
I20260909 04:40:10.141829   507 skeleton_planner.h:170] Found solution in: 8
I20260909 04:40:10.141847   507 skeleton_planner.h:170] Found solution in: 5
I20260909 04:40:10.141865   507 skeleton_planner.h:170] Found solution in: 5
I20260909 04:40:10.141880   507 skeleton_planner.h:170] Found solution in: 4
I20260909 04:40:10.141916   507 skeleton_planner.h:170] Found solution in: 16
I20260909 04:40:10.141937   507 skeleton_planner.h:170] Found solution in: 6
I20260909 04:40:10.141958   507 skeleton_planner.h:170] Found solution in: 9
I20260909 04:40:10.141990   507 skeleton_planner.h:170] Found solution in: 13
I20260909 04:40:10.142005   507 skeleton_planner.h:170] Found solution in: 4
I20260909 04:40:10.142022   507 skeleton_planner.h:170] Found solution in: 5
I20260909 04:40:10.142035   507 skeleton_planner.h:170] Found solution in: 4
I20260909 04:40:10.142048   507 skeleton_planner.h:170] Found solution in: 4
I20260909 04:40:10.142057   507 skeleton_planner.h:170] Found solution in: 2
I20260909 04:40:10.142069   507 skeleton_planner.h:170] Found solution in: 5
I20260909 04:40:10.142082   507 skeleton_planner.h:170] Found solution in: 4
I20260909 04:40:10.142095   507 skeleton_planner.h:170] Found solution in: 4
I20260909 04:40:10.142117   507 skeleton_planner.h:170] Found solution in: 6
I20260909 04:40:10.142127   507 skeleton_planner.h:170] Found solution in: 3
I20260909 04:40:10.142138   507 skeleton_planner.h:170] Found solution in: 3
I20260909 04:40:10.142148   507 skeleton_planner.h:170] Found solution in: 3
I20260909 04:40:10.142159   507 skeleton_planner.h:170] Found solution in: 3
I20260909 04:40:10.142176   507 skeleton_planner.h:170] Found solution in: 5
I20260909 04:40:10.142185   507 skeleton_planner.h:170] Found solution in: 2
I20260909 04:40:10.142207   507 skeleton_planner.h:170] Found solution in: 8
I20260909 04:40:10.142223   507 skeleton_planner.h:170] Found solution in: 5
I20260909 04:40:10.142234   507 skeleton_planner.h:170] Found solution in: 3
I20260909 04:40:10.142242   507 skeleton_planner.h:170] Found solution in: 2
I20260909 04:40:10.142259   507 skeleton_planner.h:170] Found solution in: 5
I20260909 04:40:10.142269   507 skeleton_planner.h:170] Found solution in: 3
I20260909 04:40:10.142282   507 skeleton_planner.h:170] Found solution in: 4
I20260909 04:40:10.142300   507 skeleton_planner.h:170] Found solution in: 6
I20260909 04:40:10.142313   507 skeleton_planner.h:170] Found solution in: 3
I20260909 04:40:10.142333   507 skeleton_planner.h:170] Found solution in: 7
I20260909 04:40:10.142344   507 skeleton_planner.h:170] Found solution in: 3
I20260909 04:40:10.142359   507 skeleton_planner.h:170] Found solution in: 5
I20260909 04:40:10.142376   507 skeleton_planner.h:170] Found solution in: 5
I20260909 04:40:10.142387   507 skeleton_planner.h:170] Found solution in: 3
I20260909 04:40:10.142398   507 skeleton_planner.h:170] Found solution in: 3
I20260909 04:40:10.142414   507 skeleton_planner.h:170] Found solution in: 5
I20260909 04:40:10.142428   507 skeleton_planner.h:170] Found solution in: 4
I20260909 04:40:10.142448   507 skeleton_planner.h:170] Found solution in: 6
I20260909 04:40:10.142460   507 skeleton_planner.h:170] Found solution in: 3
I20260909 04:40:10.142479   507 skeleton_planner.h:170] Found solution in: 6
I20260909 04:40:10.142493   507 skeleton_planner.h:170] Found solution in: 4
I20260909 04:40:10.142503   507 skeleton_planner.h:170] Found solution in: 3
I20260909 04:40:10.142529   507 skeleton_planner.h:170] Found solution in: 9
I20260909 04:40:10.142558   507 skeleton_planner.h:170] Found solution in: 9
I20260909 04:40:10.142571   507 skeleton_planner.h:170] Found solution in: 4
I20260909 04:40:10.142583   507 skeleton_planner.h:170] Found solution in: 4
I20260909 04:40:10.142594   507 skeleton_planner.h:170] Found solution in: 4
I20260909 04:40:10.142606   507 skeleton_planner.h:170] Found solution in: 4
I20260909 04:40:10.142616   507 skeleton_planner.h:170] Found solution in: 3
I20260909 04:40:10.142627   507 skeleton_planner.h:170] Found solution in: 4
I20260909 04:40:10.142637   507 skeleton_planner.h:170] Found solution in: 3
I20260909 04:40:10.142659   507 skeleton_planner.h:170] Found solution in: 7
I20260909 04:40:10.142678   507 skeleton_planner.h:170] Found solution in: 6
I20260909 04:40:10.142688   507 skeleton_planner.h:170] Found solution in: 3
I20260909 04:40:10.142699   507 skeleton_planner.h:170] Found solution in: 3
I20260909 04:40:10.142709   507 skeleton_planner.h:170] Found solution in: 3
I20260909 04:40:10.142724   507 skeleton_planner.h:170] Found solution in: 4
I20260909 04:40:10.142735   507 skeleton_planner.h:170] Found solution in: 3
I20260909 04:40:10.142745   507 skeleton_planner.h:170] Found solution in: 4
I20260909 04:40:10.142763   507 skeleton_planner.h:170] Found solution in: 7
I20260909 04:40:10.142772   507 skeleton_planner.h:170] Found solution in: 2
I20260909 04:40:10.142786   507 skeleton_planner.h:170] Found solution in: 4
I20260909 04:40:10.142812   507 skeleton_planner.h:170] Found solution in: 8
I20260909 04:40:10.142827   507 skeleton_planner.h:170] Found solution in: 5
I20260909 04:40:10.142839   507 skeleton_planner.h:170] Found solution in: 4
I20260909 04:40:10.142853   507 skeleton_planner.h:170] Found solution in: 5
I20260909 04:40:10.142861   507 skeleton_planner.h:170] Found solution in: 2
I20260909 04:40:10.142870   507 skeleton_planner.h:170] Found solution in: 3
I20260909 04:40:10.142879   507 skeleton_planner.h:170] Found solution in: 3
I20260909 04:40:10.142890   507 skeleton_planner.h:170] Found solution in: 4
I20260909 04:40:10.142915   507 skeleton_planner.h:170] Found solution in: 6
I20260909 04:40:10.142925   507 skeleton_planner.h:170] Found solution in: 3
I20260909 04:40:10.142935   507 skeleton_planner.h:170] Found solution in: 3
I20260909 04:40:10.142946   507 skeleton_planner.h:170] Found solution in: 5
I20260909 04:40:10.142967   507 skeleton_planner.h:170] Found solution in: 7
I20260909 04:40:10.142978   507 skeleton_planner.h:170] Found solution in: 3
I20260909 04:40:10.142993   507 skeleton_planner.h:170] Found solution in: 7
I20260909 04:40:10.143004   507 skeleton_planner.h:170] Found solution in: 3
I20260909 04:40:10.143023   507 skeleton_planner.h:170] Found solution in: 6
I20260909 04:40:10.143043   507 skeleton_planner.h:170] Found solution in: 6
I20260909 04:40:10.143061   507 skeleton_planner.h:170] Found solution in: 5
I20260909 04:40:10.143080   507 skeleton_planner.h:170] Found solution in: 6
I20260909 04:40:10.143091   507 skeleton_planner.h:170] Found solution in: 3
I20260909 04:40:10.143105   507 skeleton_planner.h:170] Found solution in: 5
I20260909 04:40:10.143116   507 skeleton_planner.h:170] Found solution in: 3
I20260909 04:40:10.143126   507 skeleton_planner.h:170] Found solution in: 3
I20260909 04:40:10.143136   507 skeleton_planner.h:170] Found solution in: 3
I20260909 04:40:10.143147   507 skeleton_planner.h:170] Found solution in: 3
I20260909 04:40:10.143162   507 skeleton_planner.h:170] Found solution in: 5
I20260909 04:40:10.143180   507 skeleton_planner.h:170] Found solution in: 5
I20260909 04:40:10.143194   507 skeleton_planner.h:170] Found solution in: 4
I20260909 04:40:10.143205   507 skeleton_planner.h:170] Found solution in: 3
I20260909 04:40:10.143214   507 skeleton_planner.h:170] Found solution in: 3
I20260909 04:40:10.143231   507 skeleton_planner.h:170] Found solution in: 6
I20260909 04:40:10.143254   507 skeleton_planner.h:170] Found solution in: 8
I20260909 04:40:10.143273   507 skeleton_planner.h:170] Found solution in: 5
I20260909 04:40:10.143285   507 skeleton_planner.h:170] Found solution in: 3
I20260909 04:40:10.143294   507 skeleton_planner.h:170] Found solution in: 3
I20260909 04:40:10.143301   507 skeleton_planner.h:170] Found solution in: 2
I20260909 04:40:10.143321   507 skeleton_planner.h:170] Found solution in: 6
I20260909 04:40:10.143337   507 skeleton_planner.h:170] Found solution in: 4
I20260909 04:40:10.143349   507 skeleton_planner.h:170] Found solution in: 4
I20260909 04:40:10.143360   507 skeleton_planner.h:170] Found solution in: 3
I20260909 04:40:10.143369   507 skeleton_planner.h:170] Found solution in: 3
I20260909 04:40:10.143381   507 skeleton_planner.h:170] Found solution in: 4
I20260909 04:40:10.143391   507 skeleton_planner.h:170] Found solution in: 3
I20260909 04:40:10.143399   507 skeleton_planner.h:170] Found solution in: 2
I20260909 04:40:10.143409   507 skeleton_planner.h:170] Found solution in: 3
I20260909 04:40:10.143419   507 skeleton_planner.h:170] Found solution in: 4
I20260909 04:40:10.143437   507 skeleton_planner.h:170] Found solution in: 5
I20260909 04:40:10.143461   507 skeleton_planner.h:170] Found solution in: 7
I20260909 04:40:10.143497   507 skeleton_planner.h:170] Found solution in: 9
I20260909 04:40:10.143514   507 skeleton_planner.h:170] Found solution in: 5
I20260909 04:40:10.143525   507 skeleton_planner.h:170] Found solution in: 3
I20260909 04:40:10.143538   507 skeleton_planner.h:170] Found solution in: 4
I20260909 04:40:10.143553   507 skeleton_planner.h:170] Found solution in: 5
I20260909 04:40:10.143563   507 skeleton_planner.h:170] Found solution in: 3
I20260909 04:40:10.143577   507 skeleton_planner.h:170] Found solution in: 5
I20260909 04:40:10.143589   507 skeleton_planner.h:170] Found solution in: 4
I20260909 04:40:10.143610   507 skeleton_planner.h:170] Found solution in: 6
I20260909 04:40:10.143630   507 skeleton_planner.h:170] Found solution in: 7
I20260909 04:40:10.143644   507 skeleton_planner.h:170] Found solution in: 4
I20260909 04:40:10.143654   507 skeleton_planner.h:170] Found solution in: 3
I20260909 04:40:10.143661   507 skeleton_planner.h:170] Found solution in: 2
I20260909 04:40:10.143672   507 skeleton_planner.h:170] Found solution in: 4
I20260909 04:40:10.143682   507 skeleton_planner.h:170] Found solution in: 3
I20260909 04:40:10.143699   507 skeleton_planner.h:170] Found solution in: 4
I20260909 04:40:10.143734   507 skeleton_planner.h:170] Found solution in: 13
I20260909 04:40:10.143796   507 skeleton_planner.h:170] Found solution in: 17
I20260909 04:40:10.143811   507 skeleton_planner.h:170] Found solution in: 3
I20260909 04:40:10.143826   507 skeleton_planner.h:170] Found solution in: 5
I20260909 04:40:10.143838   507 skeleton_planner.h:170] Found solution in: 4
I20260909 04:40:10.143862   507 skeleton_planner.h:170] Found solution in: 6
I20260909 04:40:10.143873   507 skeleton_planner.h:170] Found solution in: 3
I20260909 04:40:10.143890   507 skeleton_planner.h:170] Found solution in: 6
I20260909 04:40:10.143908   507 skeleton_planner.h:170] Found solution in: 5
I20260909 04:40:10.143918   507 skeleton_planner.h:170] Found solution in: 3
I20260909 04:40:10.143931   507 skeleton_planner.h:170] Found solution in: 4
I20260909 04:40:10.143949   507 skeleton_planner.h:170] Found solution in: 6
I20260909 04:40:10.143960   507 skeleton_planner.h:170] Found solution in: 3
I20260909 04:40:10.143980   507 skeleton_planner.h:170] Found solution in: 7
I20260909 04:40:10.144017   507 skeleton_planner.h:170] Found solution in: 10
I20260909 04:40:10.144032   507 skeleton_planner.h:170] Found solution in: 3
I20260909 04:40:10.144040   507 skeleton_planner.h:170] Found solution in: 3
I20260909 04:40:10.144052   507 skeleton_planner.h:170] Found solution in: 4
I20260909 04:40:10.144065   507 skeleton_planner.h:170] Found solution in: 5
I20260909 04:40:10.144076   507 skeleton_planner.h:170] Found solution in: 3
I20260909 04:40:10.144088   507 skeleton_planner.h:170] Found solution in: 4
I20260909 04:40:10.144099   507 skeleton_planner.h:170] Found solution in: 3
I20260909 04:40:10.144140   507 skeleton_planner.h:170] Found solution in: 11
I20260909 04:40:10.144155   507 skeleton_planner.h:170] Found solution in: 3
I20260909 04:40:10.144189   507 skeleton_planner.h:170] Found solution in: 13
I20260909 04:40:10.144201   507 skeleton_planner.h:170] Found solution in: 3
I20260909 04:40:10.144222   507 skeleton_planner.h:170] Found solution in: 7
I20260909 04:40:10.144232   507 skeleton_planner.h:170] Found solution in: 3
I20260909 04:40:10.144263   507 skeleton_planner.h:170] Found solution in: 16
I20260909 04:40:10.144300   507 skeleton_planner.h:170] Found solution in: 12
I20260909 04:40:10.144330   507 skeleton_planner.h:170] Found solution in: 9
I20260909 04:40:10.144361   507 skeleton_planner.h:170] Found solution in: 10
I20260909 04:40:10.144397   507 skeleton_planner.h:170] Found solution in: 11
I20260909 04:40:10.144438   507 skeleton_planner.h:170] Found solution in: 12
I20260909 04:40:10.144471   507 skeleton_planner.h:170] Found solution in: 11
I20260909 04:40:10.144477   507 skeleton_planner.h:170] Found solution in: 1
I20260909 04:40:10.144487   507 skeleton_planner.h:170] Found solution in: 3
I20260909 04:40:10.144510   507 skeleton_planner.h:170] Found solution in: 8
I20260909 04:40:10.144537   507 skeleton_planner.h:170] Found solution in: 11
I20260909 04:40:10.144562   507 skeleton_planner.h:170] Found solution in: 7
I20260909 04:40:10.144593   507 skeleton_planner.h:170] Found solution in: 11
I20260909 04:40:10.144606   507 skeleton_planner.h:170] Found solution in: 3
I20260909 04:40:10.144655   507 skeleton_planner.h:170] Found solution in: 17
I20260909 04:40:10.144671   507 skeleton_planner.h:170] Found solution in: 5
I20260909 04:40:10.144683   507 skeleton_planner.h:170] Found solution in: 5
I20260909 04:40:10.144688   507 skeleton_planner.h:170] Found solution in: 1
I20260909 04:40:10.144691   507 skeleton_planner.h:170] Found solution in: 1
I20260909 04:40:10.144716   507 skeleton_planner.h:170] Found solution in: 7
I20260909 04:40:10.144730   507 skeleton_planner.h:170] Found solution in: 4
I20260909 04:40:10.144740   507 skeleton_planner.h:170] Found solution in: 3
I20260909 04:40:10.144755   507 skeleton_planner.h:170] Found solution in: 7
I20260909 04:40:10.144768   507 skeleton_planner.h:170] Found solution in: 4
I20260909 04:40:10.144786   507 skeleton_planner.h:170] Found solution in: 5
I20260909 04:40:10.144804   507 skeleton_planner.h:170] Found solution in: 5
I20260909 04:40:10.144824   507 skeleton_planner.h:170] Found solution in: 7
I20260909 04:40:10.144831   507 skeleton_planner.h:170] Found solution in: 2
I20260909 04:40:10.144835   507 skeleton_planner.h:170] Found solution in: 1
I20260909 04:40:10.144838   507 skeleton_planner.h:170] Found solution in: 1
I20260909 04:40:10.144863   507 skeleton_planner.h:170] Found solution in: 9
I20260909 04:40:10.144883   507 skeleton_planner.h:170] Found solution in: 6
I20260909 04:40:10.144922   507 skeleton_planner.h:170] Found solution in: 13
I20260909 04:40:10.144937   507 skeleton_planner.h:170] Found solution in: 5
I20260909 04:40:10.144948   507 skeleton_planner.h:170] Found solution in: 4
I20260909 04:40:10.144976   507 skeleton_planner.h:170] Found solution in: 9
I20260909 04:40:10.144987   507 skeleton_planner.h:170] Found solution in: 3
I20260909 04:40:10.145011   507 skeleton_planner.h:170] Found solution in: 10
I20260909 04:40:10.145025   507 skeleton_planner.h:170] Found solution in: 4
I20260909 04:40:10.145038   507 skeleton_planner.h:170] Found solution in: 6
I20260909 04:40:10.145056   507 skeleton_planner.h:170] Found solution in: 6
I20260909 04:40:10.145071   507 skeleton_planner.h:170] Found solution in: 5
I20260909 04:40:10.145093   507 skeleton_planner.h:170] Found solution in: 8
I20260909 04:40:10.145133   507 skeleton_planner.h:170] Found solution in: 12
I20260909 04:40:10.145149   507 skeleton_planner.h:170] Found solution in: 6
I20260909 04:40:10.145170   507 skeleton_planner.h:170] Found solution in: 5
I20260909 04:40:10.145182   507 skeleton_planner.h:170] Found solution in: 4
I20260909 04:40:10.145192   507 skeleton_planner.h:170] Found solution in: 4
I20260909 04:40:10.145206   507 skeleton_planner.h:170] Found solution in: 6
I20260909 04:40:10.145224   507 skeleton_planner.h:170] Found solution in: 6
I20260909 04:40:10.145237   507 skeleton_planner.h:170] Found solution in: 5
I20260909 04:40:10.145248   507 skeleton_planner.h:170] Found solution in: 4
I20260909 04:40:10.145262   507 skeleton_planner.h:170] Found solution in: 5
I20260909 04:40:10.145277   507 skeleton_planner.h:170] Found solution in: 5
I20260909 04:40:10.145299   507 skeleton_planner.h:170] Found solution in: 8
I20260909 04:40:10.145321   507 skeleton_planner.h:170] Found solution in: 7
I20260909 04:40:10.145340   507 skeleton_planner.h:170] Found solution in: 5
I20260909 04:40:10.145354   507 skeleton_planner.h:170] Found solution in: 4
I20260909 04:40:10.145370   507 skeleton_planner.h:170] Found solution in: 5
I20260909 04:40:10.145392   507 skeleton_planner.h:170] Found solution in: 7
I20260909 04:40:10.145416   507 skeleton_planner.h:170] Found solution in: 7
I20260909 04:40:10.145429   507 skeleton_planner.h:170] Found solution in: 4
I20260909 04:40:10.145447   507 skeleton_planner.h:170] Found solution in: 5
I20260909 04:40:10.145465   507 skeleton_planner.h:170] Found solution in: 6
I20260909 04:40:10.145488   507 skeleton_planner.h:170] Found solution in: 8
I20260909 04:40:10.145501   507 skeleton_planner.h:170] Found solution in: 4
I20260909 04:40:10.145509   507 skeleton_planner.h:170] Found solution in: 2
I20260909 04:40:10.145529   507 skeleton_planner.h:170] Found solution in: 6
I20260909 04:40:10.145534   507 skeleton_planner.h:170] Found solution in: 1
I20260909 04:40:10.145586   507 skeleton_planner.h:170] Found solution in: 15
I20260909 04:40:10.145601   507 skeleton_planner.h:170] Found solution in: 3
I20260909 04:40:10.145627   507 skeleton_planner.h:170] Found solution in: 7
I20260909 04:40:10.145648   507 skeleton_planner.h:170] Found solution in: 6
I20260909 04:40:10.145673   507 skeleton_planner.h:170] Found solution in: 10
I20260909 04:40:10.145701   507 skeleton_planner.h:170] Found solution in: 10
I20260909 04:40:10.145756   507 skeleton_planner.h:170] Found solution in: 18
I20260909 04:40:10.145807   507 skeleton_planner.h:170] Found solution in: 16
I20260909 04:40:10.145833   507 skeleton_planner.h:170] Found solution in: 7
I20260909 04:40:10.145984   507 skeleton_planner.h:170] Found solution in: 64
I20260909 04:40:10.146023   507 skeleton_planner.h:170] Found solution in: 7
I20260909 04:40:10.146032   507 skeleton_planner.h:170] Found solution in: 2
I20260909 04:40:10.146042   507 skeleton_planner.h:170] Found solution in: 4
I20260909 04:40:10.146063   507 skeleton_planner.h:170] Found solution in: 8
I20260909 04:40:10.146081   507 skeleton_planner.h:170] Found solution in: 6
I20260909 04:40:10.146095   507 skeleton_planner.h:170] Found solution in: 4
I20260909 04:40:10.146116   507 skeleton_planner.h:170] Found solution in: 8
I20260909 04:40:10.146136   507 skeleton_planner.h:170] Found solution in: 7
I20260909 04:40:10.146169   507 skeleton_planner.h:170] Found solution in: 11
I20260909 04:40:10.146181   507 skeleton_planner.h:170] Found solution in: 3
I20260909 04:40:10.146201   507 skeleton_planner.h:170] Found solution in: 6
I20260909 04:40:10.146211   507 skeleton_planner.h:170] Found solution in: 3
I20260909 04:40:10.146221   507 skeleton_planner.h:170] Found solution in: 3
I20260909 04:40:10.146232   507 skeleton_planner.h:170] Found solution in: 3
I20260909 04:40:10.146251   507 skeleton_planner.h:170] Found solution in: 6
I20260909 04:40:10.146265   507 skeleton_planner.h:170] Found solution in: 4
I20260909 04:40:10.146291   507 skeleton_planner.h:170] Found solution in: 8
I20260909 04:40:10.146315   507 skeleton_planner.h:170] Found solution in: 7
I20260909 04:40:10.146327   507 skeleton_planner.h:170] Found solution in: 3
I20260909 04:40:10.146344   507 skeleton_planner.h:170] Found solution in: 6
I20260909 04:40:10.146364   507 skeleton_planner.h:170] Found solution in: 7
I20260909 04:40:10.146387   507 skeleton_planner.h:170] Found solution in: 8
I20260909 04:40:10.146406   507 skeleton_planner.h:170] Found solution in: 5
I20260909 04:40:10.146415   507 skeleton_planner.h:170] Found solution in: 2
I20260909 04:40:10.146452   507 skeleton_planner.h:170] Found solution in: 11
I20260909 04:40:10.146494   507 skeleton_planner.h:170] Found solution in: 12
I20260909 04:40:10.146520   507 skeleton_planner.h:170] Found solution in: 6
I20260909 04:40:10.146543   507 skeleton_planner.h:170] Found solution in: 8
I20260909 04:40:10.146575   507 skeleton_planner.h:170] Found solution in: 12
I20260909 04:40:10.146606   507 skeleton_planner.h:170] Found solution in: 11
I20260909 04:40:10.146634   507 skeleton_planner.h:170] Found solution in: 9
I20260909 04:40:10.146646   507 skeleton_planner.h:170] Found solution in: 3
I20260909 04:40:10.146683   507 skeleton_planner.h:170] Found solution in: 12
I20260909 04:40:10.146745   507 skeleton_planner.h:170] Found solution in: 19
I20260909 04:40:10.146759   507 skeleton_planner.h:170] Found solution in: 3
I20260909 04:40:10.146770   507 skeleton_planner.h:170] Found solution in: 3
I20260909 04:40:10.146780   507 skeleton_planner.h:170] Found solution in: 3
I20260909 04:40:10.146801   507 skeleton_planner.h:170] Found solution in: 4
I20260909 04:40:10.146811   507 skeleton_planner.h:170] Found solution in: 3
I20260909 04:40:10.146822   507 skeleton_planner.h:170] Found solution in: 3
I20260909 04:40:10.146839   507 skeleton_planner.h:170] Found solution in: 6
I20260909 04:40:10.146859   507 skeleton_planner.h:170] Found solution in: 7
I20260909 04:40:10.146868   507 skeleton_planner.h:170] Found solution in: 2
I20260909 04:40:10.146878   507 skeleton_planner.h:170] Found solution in: 3
I20260909 04:40:10.146894   507 skeleton_planner.h:170] Found solution in: 6
I20260909 04:40:10.146910   507 skeleton_planner.h:170] Found solution in: 5
I20260909 04:40:10.146921   507 skeleton_planner.h:170] Found solution in: 3
I20260909 04:40:10.146938   507 skeleton_planner.h:170] Found solution in: 5
I20260909 04:40:10.146953   507 skeleton_planner.h:170] Found solution in: 5
I20260909 04:40:10.146965   507 skeleton_planner.h:170] Found solution in: 3
I20260909 04:40:10.146974   507 skeleton_planner.h:170] Found solution in: 3
I20260909 04:40:10.146992   507 skeleton_planner.h:170] Found solution in: 6
I20260909 04:40:10.147006   507 skeleton_planner.h:170] Found solution in: 4
I20260909 04:40:10.147020   507 skeleton_planner.h:170] Found solution in: 5
I20260909 04:40:10.147032   507 skeleton_planner.h:170] Found solution in: 3
I20260909 04:40:10.147042   507 skeleton_planner.h:170] Found solution in: 3
I20260909 04:40:10.147053   507 skeleton_planner.h:170] Found solution in: 4
I20260909 04:40:10.147070   507 skeleton_planner.h:170] Found solution in: 5
I20260909 04:40:10.147087   507 skeleton_planner.h:170] Found solution in: 5
I20260909 04:40:10.147107   507 skeleton_planner.h:170] Found solution in: 7
I20260909 04:40:10.147128   507 skeleton_planner.h:170] Found solution in: 6
I20260909 04:40:10.147143   507 skeleton_planner.h:170] Found solution in: 6
I20260909 04:40:10.147148   507 skeleton_planner.h:170] Found solution in: 1
I20260909 04:40:10.147158   507 skeleton_planner.h:170] Found solution in: 4
I20260909 04:40:10.147173   507 skeleton_planner.h:170] Found solution in: 5
I20260909 04:40:10.147194   507 skeleton_planner.h:170] Found solution in: 8
I20260909 04:40:10.147236   507 skeleton_planner.h:170] Found solution in: 14
I20260909 04:40:10.147291   507 skeleton_planner.h:170] Found solution in: 22
I20260909 04:40:10.147318   507 skeleton_planner.h:170] Found solution in: 7
I20260909 04:40:10.147342   507 skeleton_planner.h:170] Found solution in: 8
I20260909 04:40:10.147360   507 skeleton_planner.h:170] Found solution in: 5
I20260909 04:40:10.147375   507 skeleton_planner.h:170] Found solution in: 4
I20260909 04:40:10.147393   507 skeleton_planner.h:170] Found solution in: 5
I20260909 04:40:10.147406   507 skeleton_planner.h:170] Found solution in: 4
I20260909 04:40:10.147418   507 skeleton_planner.h:170] Found solution in: 5
I20260909 04:40:10.147425   507 skeleton_planner.h:170] Found solution in: 2
I20260909 04:40:10.147441   507 skeleton_planner.h:170] Found solution in: 6
I20260909 04:40:10.147461   507 skeleton_planner.h:170] Found solution in: 8
I20260909 04:40:10.147466   507 skeleton_planner.h:170] Found solution in: 1
I20260909 04:40:10.147477   507 skeleton_planner.h:170] Found solution in: 4
I20260909 04:40:10.147495   507 skeleton_planner.h:170] Found solution in: 6
I20260909 04:40:10.147500   507 skeleton_planner.h:170] Found solution in: 1
I20260909 04:40:10.147502   507 skeleton_planner.h:170] Found solution in: 1
I20260909 04:40:10.147512   507 skeleton_planner.h:170] Found solution in: 5
I20260909 04:40:10.147524   507 skeleton_planner.h:170] Found solution in: 5
I20260909 04:40:10.147542   507 skeleton_planner.h:170] Found solution in: 6
I20260909 04:40:10.147547   507 skeleton_planner.h:170] Found solution in: 1
I20260909 04:40:10.147560   507 skeleton_planner.h:170] Found solution in: 6
I20260909 04:40:10.147580   507 skeleton_planner.h:170] Found solution in: 7
I20260909 04:40:10.147595   507 skeleton_planner.h:170] Found solution in: 4
I20260909 04:40:10.147616   507 skeleton_planner.h:170] Found solution in: 8
I20260909 04:40:10.147629   507 skeleton_planner.h:170] Found solution in: 4
I20260909 04:40:10.147639   507 skeleton_planner.h:170] Found solution in: 3
I20260909 04:40:10.147655   507 skeleton_planner.h:170] Found solution in: 6
I20260909 04:40:10.147671   507 skeleton_planner.h:170] Found solution in: 5
I20260909 04:40:10.147682   507 skeleton_planner.h:170] Found solution in: 3
I20260909 04:40:10.147693   507 skeleton_planner.h:170] Found solution in: 4
I20260909 04:40:10.147714   507 skeleton_planner.h:170] Found solution in: 7
I20260909 04:40:10.147722   507 skeleton_planner.h:170] Found solution in: 2
I20260909 04:40:10.147743   507 skeleton_planner.h:170] Found solution in: 8
I20260909 04:40:10.147765   507 skeleton_planner.h:170] Found solution in: 8
I20260909 04:40:10.147784   507 skeleton_planner.h:170] Found solution in: 5
I20260909 04:40:10.147799   507 skeleton_planner.h:170] Found solution in: 4
I20260909 04:40:10.147812   507 skeleton_planner.h:170] Found solution in: 4
I20260909 04:40:10.147830   507 skeleton_planner.h:170] Found solution in: 5
I20260909 04:40:10.147841   507 skeleton_planner.h:170] Found solution in: 4
I20260909 04:40:10.147851   507 skeleton_planner.h:170] Found solution in: 3
I20260909 04:40:10.147866   507 skeleton_planner.h:170] Found solution in: 4
I20260909 04:40:10.147905   507 skeleton_planner.h:170] Found solution in: 12
I20260909 04:40:10.147930   507 skeleton_planner.h:170] Found solution in: 6
I20260909 04:40:10.147944   507 skeleton_planner.h:170] Found solution in: 4
I20260909 04:40:10.147956   507 skeleton_planner.h:170] Found solution in: 4
I20260909 04:40:10.147969   507 skeleton_planner.h:170] Found solution in: 4
I20260909 04:40:10.147985   507 skeleton_planner.h:170] Found solution in: 4
I20260909 04:40:10.147997   507 skeleton_planner.h:170] Found solution in: 4
I20260909 04:40:10.148016   507 skeleton_planner.h:170] Found solution in: 6
I20260909 04:40:10.148032   507 skeleton_planner.h:170] Found solution in: 5
I20260909 04:40:10.148041   507 skeleton_planner.h:170] Found solution in: 2
I20260909 04:40:10.148051   507 skeleton_planner.h:170] Found solution in: 3
I20260909 04:40:10.148063   507 skeleton_planner.h:170] Found solution in: 4
I20260909 04:40:10.148097   507 skeleton_planner.h:170] Found solution in: 12
I20260909 04:40:10.148120   507 skeleton_planner.h:170] Found solution in: 6
I20260909 04:40:10.148142   507 skeleton_planner.h:170] Found solution in: 8
I20260909 04:40:10.148154   507 skeleton_planner.h:170] Found solution in: 3
I20260909 04:40:10.148178   507 skeleton_planner.h:170] Found solution in: 10
I20260909 04:40:10.148193   507 skeleton_planner.h:170] Found solution in: 5
I20260909 04:40:10.148205   507 skeleton_planner.h:170] Found solution in: 4
I20260909 04:40:10.148213   507 skeleton_planner.h:170] Found solution in: 2
I20260909 04:40:10.148231   507 skeleton_planner.h:170] Found solution in: 6
I20260909 04:40:10.148244   507 skeleton_planner.h:170] Found solution in: 5
I20260909 04:40:10.148258   507 skeleton_planner.h:170] Found solution in: 4
I20260909 04:40:10.148272   507 skeleton_planner.h:170] Found solution in: 5
I20260909 04:40:10.148291   507 skeleton_planner.h:170] Found solution in: 6
I20260909 04:40:10.148313   507 skeleton_planner.h:170] Found solution in: 6
I20260909 04:40:10.148321   507 skeleton_planner.h:170] Found solution in: 2
I20260909 04:40:10.148339   507 skeleton_planner.h:170] Found solution in: 5
I20260909 04:40:10.148357   507 skeleton_planner.h:170] Found solution in: 6
I20260909 04:40:10.148384   507 skeleton_planner.h:170] Found solution in: 10
I20260909 04:40:10.148408   507 skeleton_planner.h:170] Found solution in: 7
I20260909 04:40:10.148433   507 skeleton_planner.h:170] Found solution in: 7
I20260909 04:40:10.148458   507 skeleton_planner.h:170] Found solution in: 6
I20260909 04:40:10.148470   507 skeleton_planner.h:170] Found solution in: 5
I20260909 04:40:10.148478   507 skeleton_planner.h:170] Found solution in: 2
I20260909 04:40:10.148481   507 skeleton_planner.h:170] Found solution in: 1
I20260909 04:40:10.148483   507 skeleton_planner.h:170] Found solution in: 1
I20260909 04:40:10.148509   507 skeleton_planner.h:170] Found solution in: 15
I20260909 04:40:10.148514   507 skeleton_planner.h:170] Found solution in: 1
I20260909 04:40:10.148517   507 skeleton_planner.h:170] Found solution in: 1
I20260909 04:40:10.148537   507 skeleton_planner.h:170] Found solution in: 8
I20260909 04:40:10.148547   507 skeleton_planner.h:170] Found solution in: 2
I20260909 04:40:10.148550   507 skeleton_planner.h:170] Found solution in: 1
I20260909 04:40:10.148553   507 skeleton_planner.h:170] Found solution in: 1
I20260909 04:40:10.148556   507 skeleton_planner.h:170] Found solution in: 1
I20260909 04:40:10.148559   507 skeleton_planner.h:170] Found solution in: 1
I20260909 04:40:10.148577   507 skeleton_planner.h:170] Found solution in: 6
I20260909 04:40:10.148587   507 skeleton_planner.h:170] Found solution in: 3
I20260909 04:40:10.148604   507 skeleton_planner.h:170] Found solution in: 7
I20260909 04:40:10.148656   507 skeleton_planner.h:170] Found solution in: 19
I20260909 04:40:10.148705   507 skeleton_planner.h:170] Found solution in: 16
I20260909 04:40:10.148725   507 skeleton_planner.h:170] Found solution in: 4
I20260909 04:40:10.148743   507 skeleton_planner.h:170] Found solution in: 6
I20260909 04:40:10.148762   507 skeleton_planner.h:170] Found solution in: 6
I20260909 04:40:10.148782   507 skeleton_planner.h:170] Found solution in: 5
I20260909 04:40:10.148798   507 skeleton_planner.h:170] Found solution in: 5
I20260909 04:40:10.148808   507 skeleton_planner.h:170] Found solution in: 3
I20260909 04:40:10.148831   507 skeleton_planner.h:170] Found solution in: 7
I20260909 04:40:10.148850   507 skeleton_planner.h:170] Found solution in: 6
I20260909 04:40:10.148898   507 skeleton_planner.h:170] Found solution in: 18
I20260909 04:40:10.148931   507 skeleton_planner.h:170] Found solution in: 9
I20260909 04:40:10.148975   507 skeleton_planner.h:170] Found solution in: 14
I20260909 04:40:10.149009   507 skeleton_planner.h:170] Found solution in: 10
I20260909 04:40:10.149057   507 skeleton_planner.h:170] Found solution in: 17
I20260909 04:40:10.149070   507 skeleton_planner.h:170] Found solution in: 3
I20260909 04:40:10.149084   507 skeleton_planner.h:170] Found solution in: 5
I20260909 04:40:10.149116   507 skeleton_planner.h:170] Found solution in: 9
I20260909 04:40:10.149204   507 skeleton_planner.h:170] Found solution in: 28
I20260909 04:40:10.149298   507 skeleton_planner.h:170] Found solution in: 25
I20260909 04:40:10.149313   507 skeleton_planner.h:170] Found solution in: 2
I20260909 04:40:10.149426   507 skeleton_planner.h:170] Found solution in: 52
I20260909 04:40:10.149454   507 skeleton_planner.h:170] Found solution in: 5
I20260909 04:40:10.149466   507 skeleton_planner.h:170] Found solution in: 3
I20260909 04:40:10.149473   507 skeleton_planner.h:170] Found solution in: 2
I20260909 04:40:10.149489   507 skeleton_planner.h:170] Found solution in: 5
I20260909 04:40:10.149495   507 skeleton_planner.h:170] Found solution in: 1
I20260909 04:40:10.149498   507 skeleton_planner.h:170] Found solution in: 1
I20260909 04:40:10.149509   507 skeleton_planner.h:170] Found solution in: 5
I20260909 04:40:10.149523   507 skeleton_planner.h:170] Found solution in: 5
I20260909 04:40:10.149533   507 skeleton_planner.h:170] Found solution in: 3
I20260909 04:40:10.149569   507 skeleton_planner.h:170] Found solution in: 14
I20260909 04:40:10.149621   507 skeleton_planner.h:170] Found solution in: 25
I20260909 04:40:10.149637   507 skeleton_planner.h:170] Found solution in: 4
I20260909 04:40:10.149655   507 skeleton_planner.h:170] Found solution in: 4
I20260909 04:40:10.149667   507 skeleton_planner.h:170] Found solution in: 3
I20260909 04:40:10.149679   507 skeleton_planner.h:170] Found solution in: 4
I20260909 04:40:10.149684   507 skeleton_planner.h:170] Found solution in: 1
I20260909 04:40:10.149694   507 skeleton_planner.h:170] Found solution in: 3
I20260909 04:40:10.149708   507 skeleton_planner.h:170] Found solution in: 4
I20260909 04:40:10.149724   507 skeleton_planner.h:170] Found solution in: 5
I20260909 04:40:10.149744   507 skeleton_planner.h:170] Found solution in: 6
I20260909 04:40:10.149765   507 skeleton_planner.h:170] Found solution in: 6
I20260909 04:40:10.149776   507 skeleton_planner.h:170] Found solution in: 3
I20260909 04:40:10.149786   507 skeleton_planner.h:170] Found solution in: 3
I20260909 04:40:10.149801   507 skeleton_planner.h:170] Found solution in: 4
I20260909 04:40:10.149838   507 skeleton_planner.h:170] Found solution in: 10
I20260909 04:40:10.149864   507 skeleton_planner.h:170] Found solution in: 6
I20260909 04:40:10.149883   507 skeleton_planner.h:170] Found solution in: 6
I20260909 04:40:10.149893   507 skeleton_planner.h:170] Found solution in: 3
I20260909 04:40:10.149911   507 skeleton_planner.h:170] Found solution in: 6
I20260909 04:40:10.149933   507 skeleton_planner.h:170] Found solution in: 7
I20260909 04:40:10.149963   507 skeleton_planner.h:170] Found solution in: 9
I20260909 04:40:10.149991   507 skeleton_planner.h:170] Found solution in: 9
I20260909 04:40:10.150038   507 skeleton_planner.h:170] Found solution in: 14
I20260909 04:40:10.150053   507 skeleton_planner.h:170] Found solution in: 3
I20260909 04:40:10.150074   507 skeleton_planner.h:170] Found solution in: 6
I20260909 04:40:10.150094   507 skeleton_planner.h:170] Found solution in: 6
I20260909 04:40:10.150113   507 skeleton_planner.h:170] Found solution in: 7
I20260909 04:40:10.150121   507 skeleton_planner.h:170] Found solution in: 2
I20260909 04:40:10.150141   507 skeleton_planner.h:170] Found solution in: 8
I20260909 04:40:10.150168   507 skeleton_planner.h:170] Found solution in: 10
I20260909 04:40:10.150182   507 skeleton_planner.h:170] Found solution in: 4
I20260909 04:40:10.150202   507 skeleton_planner.h:170] Found solution in: 6
I20260909 04:40:10.150220   507 skeleton_planner.h:170] Found solution in: 5
I20260909 04:40:10.150235   507 skeleton_planner.h:170] Found solution in: 5
I20260909 04:40:10.150254   507 skeleton_planner.h:170] Found solution in: 6
I20260909 04:40:10.150271   507 skeleton_planner.h:170] Found solution in: 5
I20260909 04:40:10.150300   507 skeleton_planner.h:170] Found solution in: 14
I20260909 04:40:10.150338   507 skeleton_planner.h:170] Found solution in: 9
I20260909 04:40:10.150379   507 skeleton_planner.h:170] Found solution in: 12
I20260909 04:40:10.150395   507 skeleton_planner.h:170] Found solution in: 4
I20260909 04:40:10.150408   507 skeleton_planner.h:170] Found solution in: 4
I20260909 04:40:10.150420   507 skeleton_planner.h:170] Found solution in: 4
I20260909 04:40:10.150425   507 skeleton_planner.h:170] Found solution in: 1
I20260909 04:40:10.150435   507 skeleton_planner.h:170] Found solution in: 3
I20260909 04:40:10.150460   507 skeleton_planner.h:170] Found solution in: 8
I20260909 04:40:10.150475   507 skeleton_planner.h:170] Found solution in: 5
I20260909 04:40:10.150492   507 skeleton_planner.h:170] Found solution in: 5
I20260909 04:40:10.150506   507 skeleton_planner.h:170] Found solution in: 5
I20260909 04:40:10.150522   507 skeleton_planner.h:170] Found solution in: 6
I20260909 04:40:10.150533   507 skeleton_planner.h:170] Found solution in: 3
I20260909 04:40:10.150543   507 skeleton_planner.h:170] Found solution in: 3
I20260909 04:40:10.150552   507 skeleton_planner.h:170] Found solution in: 3
I20260909 04:40:10.150561   507 skeleton_planner.h:170] Found solution in: 4
I20260909 04:40:10.150576   507 skeleton_planner.h:170] Found solution in: 6
I20260909 04:40:10.150581   507 skeleton_planner.h:170] Found solution in: 1
I20260909 04:40:10.150621   507 skeleton_planner.h:170] Found solution in: 22
I20260909 04:40:10.150658   507 skeleton_planner.h:170] Found solution in: 17
I20260909 04:40:10.150673   507 skeleton_planner.h:170] Found solution in: 6
I20260909 04:40:10.150699   507 skeleton_planner.h:170] Found solution in: 11
I20260909 04:40:10.150722   507 skeleton_planner.h:170] Found solution in: 7
I20260909 04:40:10.150730   507 skeleton_planner.h:170] Found solution in: 2
I20260909 04:40:10.150740   507 skeleton_planner.h:170] Found solution in: 3
I20260909 04:40:10.150748   507 skeleton_planner.h:170] Found solution in: 3
I20260909 04:40:10.150763   507 skeleton_planner.h:170] Found solution in: 5
I20260909 04:40:10.150779   507 skeleton_planner.h:170] Found solution in: 6
I20260909 04:40:10.150795   507 skeleton_planner.h:170] Found solution in: 5
I20260909 04:40:10.150806   507 skeleton_planner.h:170] Found solution in: 3
I20260909 04:40:10.150810   507 skeleton_planner.h:170] Found solution in: 1
I20260909 04:40:10.150813   507 skeleton_planner.h:170] Found solution in: 1
I20260909 04:40:10.150820   507 skeleton_planner.h:170] Found solution in: 3
I20260909 04:40:10.150832   507 skeleton_planner.h:170] Found solution in: 4
I20260909 04:40:10.150847   507 skeleton_planner.h:170] Found solution in: 7
I20260909 04:40:10.150861   507 skeleton_planner.h:170] Found solution in: 5
I20260909 04:40:10.150873   507 skeleton_planner.h:170] Found solution in: 4
I20260909 04:40:10.150890   507 skeleton_planner.h:170] Found solution in: 5
I20260909 04:40:10.150909   507 skeleton_planner.h:170] Found solution in: 7
I20260909 04:40:10.150935   507 skeleton_planner.h:170] Found solution in: 12
I20260909 04:40:10.150959   507 skeleton_planner.h:170] Found solution in: 9
I20260909 04:40:10.150990   507 skeleton_planner.h:170] Found solution in: 13
I20260909 04:40:10.151028   507 skeleton_planner.h:170] Found solution in: 14
I20260909 04:40:10.151055   507 skeleton_planner.h:170] Found solution in: 9
I20260909 04:40:10.151081   507 skeleton_planner.h:170] Found solution in: 12
I20260909 04:40:10.151108   507 skeleton_planner.h:170] Found solution in: 13
I20260909 04:40:10.151124   507 skeleton_planner.h:170] Found solution in: 6
I20260909 04:40:10.151149   507 skeleton_planner.h:170] Found solution in: 10
I20260909 04:40:10.151168   507 skeleton_planner.h:170] Found solution in: 5
I20260909 04:40:10.151192   507 skeleton_planner.h:170] Found solution in: 9
I20260909 04:40:10.151217   507 skeleton_planner.h:170] Found solution in: 9
I20260909 04:40:10.151242   507 skeleton_planner.h:170] Found solution in: 10
I20260909 04:40:10.151265   507 skeleton_planner.h:170] Found solution in: 9
I20260909 04:40:10.151300   507 skeleton_planner.h:170] Found solution in: 15
I20260909 04:40:10.151325   507 skeleton_planner.h:170] Found solution in: 6
I20260909 04:40:10.151350   507 skeleton_planner.h:170] Found solution in: 8
I20260909 04:40:10.151371   507 skeleton_planner.h:170] Found solution in: 5
I20260909 04:40:10.151392   507 skeleton_planner.h:170] Found solution in: 6
I20260909 04:40:10.151407   507 skeleton_planner.h:170] Found solution in: 5
I20260909 04:40:10.151443   507 skeleton_planner.h:170] Found solution in: 12
I20260909 04:40:10.151468   507 skeleton_planner.h:170] Found solution in: 7
I20260909 04:40:10.151496   507 skeleton_planner.h:170] Found solution in: 10
I20260909 04:40:10.151515   507 skeleton_planner.h:170] Found solution in: 5
I20260909 04:40:10.151525   507 skeleton_planner.h:170] Found solution in: 3
I20260909 04:40:10.151531   507 skeleton_planner.h:170] Found solution in: 2
I20260909 04:40:10.151546   507 skeleton_planner.h:170] Found solution in: 4
I20260909 04:40:10.151571   507 skeleton_planner.h:170] Found solution in: 8
I20260909 04:40:10.151594   507 skeleton_planner.h:170] Found solution in: 7
I20260909 04:40:10.151633   507 skeleton_planner.h:170] Found solution in: 11
I20260909 04:40:10.151675   507 skeleton_planner.h:170] Found solution in: 14
I20260909 04:40:10.151700   507 skeleton_planner.h:170] Found solution in: 7
I20260909 04:40:10.151710   507 skeleton_planner.h:170] Found solution in: 3
I20260909 04:40:10.151722   507 skeleton_planner.h:170] Found solution in: 4
I20260909 04:40:10.151744   507 skeleton_planner.h:170] Found solution in: 10
I20260909 04:40:10.151750   507 skeleton_planner.h:170] Found solution in: 1
I20260909 04:40:10.151762   507 skeleton_planner.h:170] Found solution in: 4
I20260909 04:40:10.151806   507 skeleton_planner.h:170] Found solution in: 14
I20260909 04:40:10.151819   507 skeleton_planner.h:170] Found solution in: 3
I20260909 04:40:10.151830   507 skeleton_planner.h:170] Found solution in: 4
I20260909 04:40:10.151841   507 skeleton_planner.h:170] Found solution in: 4
I20260909 04:40:10.151854   507 skeleton_planner.h:170] Found solution in: 4
I20260909 04:40:10.151858   507 skeleton_planner.h:170] Found solution in: 1
I20260909 04:40:10.151883   507 skeleton_planner.h:170] Found solution in: 7
I20260909 04:40:10.151894   507 skeleton_planner.h:170] Found solution in: 3
I20260909 04:40:10.151912   507 skeleton_planner.h:170] Found solution in: 5
I20260909 04:40:10.151935   507 skeleton_planner.h:170] Found solution in: 7
I20260909 04:40:10.151947   507 skeleton_planner.h:170] Found solution in: 3
I20260909 04:40:10.151963   507 skeleton_planner.h:170] Found solution in: 5
I20260909 04:40:10.151969   507 skeleton_planner.h:170] Found solution in: 1
I20260909 04:40:10.151983   507 skeleton_planner.h:170] Found solution in: 6
I20260909 04:40:10.152005   507 skeleton_planner.h:170] Found solution in: 8
I20260909 04:40:10.152024   507 skeleton_planner.h:170] Found solution in: 7
I20260909 04:40:10.152034   507 skeleton_planner.h:170] Found solution in: 3
I20260909 04:40:10.152046   507 skeleton_planner.h:170] Found solution in: 4
I20260909 04:40:10.152062   507 skeleton_planner.h:170] Found solution in: 5
I20260909 04:40:10.152078   507 skeleton_planner.h:170] Found solution in: 5
I20260909 04:40:10.152096   507 skeleton_planner.h:170] Found solution in: 6
I20260909 04:40:10.152114   507 skeleton_planner.h:170] Found solution in: 6
I20260909 04:40:10.152165   507 skeleton_planner.h:170] Found solution in: 19
I20260909 04:40:10.152220   507 skeleton_planner.h:170] Found solution in: 18
I20260909 04:40:10.152254   507 skeleton_planner.h:170] Found solution in: 11
I20260909 04:40:10.152263   507 skeleton_planner.h:170] Found solution in: 2
I20260909 04:40:10.152274   507 skeleton_planner.h:170] Found solution in: 3
I20260909 04:40:10.152299   507 skeleton_planner.h:170] Found solution in: 8
I20260909 04:40:10.152315   507 skeleton_planner.h:170] Found solution in: 5
I20260909 04:40:10.152340   507 skeleton_planner.h:170] Found solution in: 9
I20260909 04:40:10.152361   507 skeleton_planner.h:170] Found solution in: 9
I20260909 04:40:10.152392   507 skeleton_planner.h:170] Found solution in: 10
I20260909 04:40:10.152427   507 skeleton_planner.h:170] Found solution in: 10
I20260909 04:40:10.152452   507 skeleton_planner.h:170] Found solution in: 7
I20260909 04:40:10.152463   507 skeleton_planner.h:170] Found solution in: 3
I20260909 04:40:10.152475   507 skeleton_planner.h:170] Found solution in: 4
I20260909 04:40:10.152487   507 skeleton_planner.h:170] Found solution in: 4
I20260909 04:40:10.152504   507 skeleton_planner.h:170] Found solution in: 6
I20260909 04:40:10.152521   507 skeleton_planner.h:170] Found solution in: 5
I20260909 04:40:10.152544   507 skeleton_planner.h:170] Found solution in: 7
I20260909 04:40:10.152593   507 skeleton_planner.h:170] Found solution in: 15
I20260909 04:40:10.152611   507 skeleton_planner.h:170] Found solution in: 5
I20260909 04:40:10.152624   507 skeleton_planner.h:170] Found solution in: 5
I20260909 04:40:10.152628   507 skeleton_planner.h:170] Found solution in: 1
I20260909 04:40:10.152631   507 skeleton_planner.h:170] Found solution in: 1
I20260909 04:40:10.152671   507 skeleton_planner.h:170] Found solution in: 12
I20260909 04:40:10.152690   507 skeleton_planner.h:170] Found solution in: 6
I20260909 04:40:10.152716   507 skeleton_planner.h:170] Found solution in: 7
I20260909 04:40:10.152765   507 skeleton_planner.h:170] Found solution in: 16
I20260909 04:40:10.152794   507 skeleton_planner.h:170] Found solution in: 7
I20260909 04:40:10.152823   507 skeleton_planner.h:170] Found solution in: 11
I20260909 04:40:10.152845   507 skeleton_planner.h:170] Found solution in: 6
I20260909 04:40:10.152868   507 skeleton_planner.h:170] Found solution in: 6
I20260909 04:40:10.152890   507 skeleton_planner.h:170] Found solution in: 8
I20260909 04:40:10.152921   507 skeleton_planner.h:170] Found solution in: 8
I20260909 04:40:10.152946   507 skeleton_planner.h:170] Found solution in: 7
I20260909 04:40:10.152972   507 skeleton_planner.h:170] Found solution in: 8
I20260909 04:40:10.153002   507 skeleton_planner.h:170] Found solution in: 8
I20260909 04:40:10.153031   507 skeleton_planner.h:170] Found solution in: 11
I20260909 04:40:10.153048   507 skeleton_planner.h:170] Found solution in: 5
I20260909 04:40:10.153052   507 skeleton_planner.h:170] Found solution in: 1
I20260909 04:40:10.153069   507 skeleton_planner.h:170] Found solution in: 6
I20260909 04:40:10.153081   507 skeleton_planner.h:170] Found solution in: 4
I20260909 04:40:10.153116   507 skeleton_planner.h:170] Found solution in: 12
I20260909 04:40:10.153146   507 skeleton_planner.h:170] Found solution in: 11
I20260909 04:40:10.153203   507 skeleton_planner.h:170] Found solution in: 20
I20260909 04:40:10.153213   507 skeleton_planner.h:170] Found solution in: 1
I20260909 04:40:10.153270   507 skeleton_planner.h:170] Found solution in: 24
I20260909 04:40:10.153280   507 skeleton_planner.h:170] Found solution in: 1
I20260909 04:40:10.153318   507 skeleton_planner.h:170] Found solution in: 11
I20260909 04:40:10.153330   507 skeleton_planner.h:170] Found solution in: 3
I20260909 04:40:10.153393   507 skeleton_planner.h:170] Found solution in: 28
I20260909 04:40:10.153554   507 skeleton_planner.h:170] Found solution in: 47
I20260909 04:40:10.153617   507 skeleton_planner.h:170] Found solution in: 18
I20260909 04:40:10.153642   507 skeleton_planner.h:170] Found solution in: 6
I20260909 04:40:10.153663   507 skeleton_planner.h:170] Found solution in: 7
I20260909 04:40:10.153682   507 skeleton_planner.h:170] Found solution in: 6
I20260909 04:40:10.153694   507 skeleton_planner.h:170] Found solution in: 3
I20260909 04:40:10.153708   507 skeleton_planner.h:170] Found solution in: 5
I20260909 04:40:10.153720   507 skeleton_planner.h:170] Found solution in: 4
I20260909 04:40:10.153730   507 skeleton_planner.h:170] Found solution in: 3
I20260909 04:40:10.153734   507 skeleton_planner.h:170] Found solution in: 1
I20260909 04:40:10.153750   507 skeleton_planner.h:170] Found solution in: 5
I20260909 04:40:10.153769   507 skeleton_planner.h:170] Found solution in: 6
I20260909 04:40:10.153796   507 skeleton_planner.h:170] Found solution in: 9
I20260909 04:40:10.153818   507 skeleton_planner.h:170] Found solution in: 7
I20260909 04:40:10.153831   507 skeleton_planner.h:170] Found solution in: 3
I20260909 04:40:10.153857   507 skeleton_planner.h:170] Found solution in: 11
I20260909 04:40:10.153880   507 skeleton_planner.h:170] Found solution in: 6
I20260909 04:40:10.153898   507 skeleton_planner.h:170] Found solution in: 6
I20260909 04:40:10.153910   507 skeleton_planner.h:170] Found solution in: 4
I20260909 04:40:10.153919   507 skeleton_planner.h:170] Found solution in: 3
I20260909 04:40:10.153928   507 skeleton_planner.h:170] Found solution in: 3
I20260909 04:40:10.153955   507 skeleton_planner.h:170] Found solution in: 12
I20260909 04:40:10.153970   507 skeleton_planner.h:170] Found solution in: 4
I20260909 04:40:10.153997   507 skeleton_planner.h:170] Found solution in: 11
I20260909 04:40:10.154009   507 skeleton_planner.h:170] Found solution in: 3
I20260909 04:40:10.154031   507 skeleton_planner.h:170] Found solution in: 9
I20260909 04:40:10.154059   507 skeleton_planner.h:170] Found solution in: 11
I20260909 04:40:10.154065   507 skeleton_planner.h:170] Found solution in: 1
I20260909 04:40:10.154088   507 skeleton_planner.h:170] Found solution in: 9
I20260909 04:40:10.154126   507 skeleton_planner.h:170] Found solution in: 15
I20260909 04:40:10.154148   507 skeleton_planner.h:170] Found solution in: 5
I20260909 04:40:10.154167   507 skeleton_planner.h:170] Found solution in: 6
I20260909 04:40:10.154191   507 skeleton_planner.h:170] Found solution in: 9
I20260909 04:40:10.154222   507 skeleton_planner.h:170] Found solution in: 12
I20260909 04:40:10.154258   507 skeleton_planner.h:170] Found solution in: 13
I20260909 04:40:10.154271   507 skeleton_planner.h:170] Found solution in: 4
I20260909 04:40:10.154291   507 skeleton_planner.h:170] Found solution in: 6
I20260909 04:40:10.154302   507 skeleton_planner.h:170] Found solution in: 3
I20260909 04:40:10.154320   507 skeleton_planner.h:170] Found solution in: 6
I20260909 04:40:10.154338   507 skeleton_planner.h:170] Found solution in: 7
I20260909 04:40:10.154351   507 skeleton_planner.h:170] Found solution in: 4
I20260909 04:40:10.154364   507 skeleton_planner.h:170] Found solution in: 4
I20260909 04:40:10.154379   507 skeleton_planner.h:170] Found solution in: 4
I20260909 04:40:10.154394   507 skeleton_planner.h:170] Found solution in: 4
I20260909 04:40:10.154409   507 skeleton_planner.h:170] Found solution in: 5
I20260909 04:40:10.154428   507 skeleton_planner.h:170] Found solution in: 7
I20260909 04:40:10.154453   507 skeleton_planner.h:170] Found solution in: 9
I20260909 04:40:10.154481   507 skeleton_planner.h:170] Found solution in: 10
I20260909 04:40:10.154498   507 skeleton_planner.h:170] Found solution in: 4
I20260909 04:40:10.154510   507 skeleton_planner.h:170] Found solution in: 3
I20260909 04:40:10.154531   507 skeleton_planner.h:170] Found solution in: 8
I20260909 04:40:10.154556   507 skeleton_planner.h:170] Found solution in: 9
I20260909 04:40:10.154565   507 skeleton_planner.h:170] Found solution in: 3
I20260909 04:40:10.154577   507 skeleton_planner.h:170] Found solution in: 4
I20260909 04:40:10.154587   507 skeleton_planner.h:170] Found solution in: 3
I20260909 04:40:10.154610   507 skeleton_planner.h:170] Found solution in: 8
I20260909 04:40:10.154616   507 skeleton_planner.h:170] Found solution in: 1
I20260909 04:40:10.154639   507 skeleton_planner.h:170] Found solution in: 9
I20260909 04:40:10.154666   507 skeleton_planner.h:170] Found solution in: 10
I20260909 04:40:10.154680   507 skeleton_planner.h:170] Found solution in: 3
I20260909 04:40:10.154690   507 skeleton_planner.h:170] Found solution in: 3
I20260909 04:40:10.154699   507 skeleton_planner.h:170] Found solution in: 3
I20260909 04:40:10.154717   507 skeleton_planner.h:170] Found solution in: 5
I20260909 04:40:10.154732   507 skeleton_planner.h:170] Found solution in: 5
I20260909 04:40:10.154742   507 skeleton_planner.h:170] Found solution in: 3
I20260909 04:40:10.154757   507 skeleton_planner.h:170] Found solution in: 5
I20260909 04:40:10.154775   507 skeleton_planner.h:170] Found solution in: 6
I20260909 04:40:10.154794   507 skeleton_planner.h:170] Found solution in: 6
I20260909 04:40:10.154812   507 skeleton_planner.h:170] Found solution in: 6
I20260909 04:40:10.154826   507 skeleton_planner.h:170] Found solution in: 4
I20260909 04:40:10.154841   507 skeleton_planner.h:170] Found solution in: 5
I20260909 04:40:10.154858   507 skeleton_planner.h:170] Found solution in: 5
I20260909 04:40:10.154888   507 skeleton_planner.h:170] Found solution in: 12
I20260909 04:40:10.154899   507 skeleton_planner.h:170] Found solution in: 3
I20260909 04:40:10.154922   507 skeleton_planner.h:170] Found solution in: 8
I20260909 04:40:10.154932   507 skeleton_planner.h:170] Found solution in: 3
I20260909 04:40:10.154937   507 skeleton_planner.h:170] Found solution in: 1
I20260909 04:40:10.154945   507 skeleton_planner.h:170] Found solution in: 3
I20260909 04:40:10.154965   507 skeleton_planner.h:170] Found solution in: 7
I20260909 04:40:10.154987   507 skeleton_planner.h:170] Found solution in: 9
I20260909 04:40:10.155000   507 skeleton_planner.h:170] Found solution in: 4
I20260909 04:40:10.155014   507 skeleton_planner.h:170] Found solution in: 6
I20260909 04:40:10.155025   507 skeleton_planner.h:170] Found solution in: 3
I20260909 04:40:10.155036   507 skeleton_planner.h:170] Found solution in: 3
I20260909 04:40:10.155047   507 skeleton_planner.h:170] Found solution in: 3
I20260909 04:40:10.155058   507 skeleton_planner.h:170] Found solution in: 3
I20260909 04:40:10.155071   507 skeleton_planner.h:170] Found solution in: 4
I20260909 04:40:10.155082   507 skeleton_planner.h:170] Found solution in: 5
I20260909 04:40:10.155094   507 skeleton_planner.h:170] Found solution in: 5
I20260909 04:40:10.155109   507 skeleton_planner.h:170] Found solution in: 4
I20260909 04:40:10.155129   507 skeleton_planner.h:170] Found solution in: 7
I20260909 04:40:10.155148   507 skeleton_planner.h:170] Found solution in: 5
I20260909 04:40:10.155169   507 skeleton_planner.h:170] Found solution in: 7
I20260909 04:40:10.155205   507 skeleton_planner.h:170] Found solution in: 15
I20260909 04:40:10.155234   507 skeleton_planner.h:170] Found solution in: 8
I20260909 04:40:10.155260   507 skeleton_planner.h:170] Found solution in: 10
I20260909 04:40:10.155274   507 skeleton_planner.h:170] Found solution in: 4
I20260909 04:40:10.155287   507 skeleton_planner.h:170] Found solution in: 5
I20260909 04:40:10.155311   507 skeleton_planner.h:170] Found solution in: 7
I20260909 04:40:10.155323   507 skeleton_planner.h:170] Found solution in: 3
I20260909 04:40:10.155326   507 skeleton_planner.h:170] Found solution in: 1
I20260909 04:40:10.155328   507 skeleton_planner.h:170] Found solution in: 1
I20260909 04:40:10.155345   507 skeleton_planner.h:170] Found solution in: 6
I20260909 04:40:10.155373   507 skeleton_planner.h:170] Found solution in: 13
I20260909 04:40:10.155388   507 skeleton_planner.h:170] Found solution in: 6
I20260909 04:40:10.155407   507 skeleton_planner.h:170] Found solution in: 8
I20260909 04:40:10.155424   507 skeleton_planner.h:170] Found solution in: 6
I20260909 04:40:10.155442   507 skeleton_planner.h:170] Found solution in: 5
I20260909 04:40:10.155457   507 skeleton_planner.h:170] Found solution in: 5
I20260909 04:40:10.155473   507 skeleton_planner.h:170] Found solution in: 6
I20260909 04:40:10.155494   507 skeleton_planner.h:170] Found solution in: 7
I20260909 04:40:10.155504   507 skeleton_planner.h:170] Found solution in: 2
I20260909 04:40:10.155514   507 skeleton_planner.h:170] Found solution in: 3
I20260909 04:40:10.155555   507 skeleton_planner.h:170] Found solution in: 12
I20260909 04:40:10.155568   507 skeleton_planner.h:170] Found solution in: 3
I20260909 04:40:10.155579   507 skeleton_planner.h:170] Found solution in: 4
I20260909 04:40:10.155606   507 skeleton_planner.h:170] Found solution in: 11
I20260909 04:40:10.155622   507 skeleton_planner.h:170] Found solution in: 4
I20260909 04:40:10.155646   507 skeleton_planner.h:170] Found solution in: 8
I20260909 04:40:10.155663   507 skeleton_planner.h:170] Found solution in: 5
I20260909 04:40:10.155689   507 skeleton_planner.h:170] Found solution in: 9
I20260909 04:40:10.155695   507 skeleton_planner.h:170] Found solution in: 1
I20260909 04:40:10.155705   507 skeleton_planner.h:170] Found solution in: 3
I20260909 04:40:10.155712   507 skeleton_planner.h:170] Found solution in: 2
I20260909 04:40:10.155716   507 skeleton_planner.h:170] Found solution in: 1
I20260909 04:40:10.155719   507 skeleton_planner.h:170] Found solution in: 1
I20260909 04:40:10.155730   507 skeleton_planner.h:170] Found solution in: 4
I20260909 04:40:10.155741   507 skeleton_planner.h:170] Found solution in: 4
I20260909 04:40:10.155751   507 skeleton_planner.h:170] Found solution in: 3
I20260909 04:40:10.155755   507 skeleton_planner.h:170] Found solution in: 1
I20260909 04:40:10.155757   507 skeleton_planner.h:170] Found solution in: 1
I20260909 04:40:10.155777   507 skeleton_planner.h:170] Found solution in: 6
I20260909 04:40:10.155802   507 skeleton_planner.h:170] Found solution in: 9
I20260909 04:40:10.155822   507 skeleton_planner.h:170] Found solution in: 5
I20260909 04:40:10.155840   507 skeleton_planner.h:170] Found solution in: 6
I20260909 04:40:10.155860   507 skeleton_planner.h:170] Found solution in: 7
I20260909 04:40:10.155875   507 skeleton_planner.h:170] Found solution in: 4
I20260909 04:40:10.155886   507 skeleton_planner.h:170] Found solution in: 3
I20260909 04:40:10.155894   507 skeleton_planner.h:170] Found solution in: 2
I20260909 04:40:10.155905   507 skeleton_planner.h:170] Found solution in: 3
I20260909 04:40:10.155913   507 skeleton_planner.h:170] Found solution in: 3
I20260909 04:40:10.155930   507 skeleton_planner.h:170] Found solution in: 5
I20260909 04:40:10.155941   507 skeleton_planner.h:170] Found solution in: 3
I20260909 04:40:10.155946   507 skeleton_planner.h:170] Found solution in: 1
I20260909 04:40:10.155970   507 skeleton_planner.h:170] Found solution in: 9
I20260909 04:40:10.155977   507 skeleton_planner.h:170] Found solution in: 1
I20260909 04:40:10.155987   507 skeleton_planner.h:170] Found solution in: 3
I20260909 04:40:10.156008   507 skeleton_planner.h:170] Found solution in: 7
I20260909 04:40:10.156033   507 skeleton_planner.h:170] Found solution in: 9
I20260909 04:40:10.156057   507 skeleton_planner.h:170] Found solution in: 6
I20260909 04:40:10.156081   507 skeleton_planner.h:170] Found solution in: 8
I20260909 04:40:10.156116   507 skeleton_planner.h:170] Found solution in: 12
I20260909 04:40:10.156139   507 skeleton_planner.h:170] Found solution in: 7
I20260909 04:40:10.156152   507 skeleton_planner.h:170] Found solution in: 4
I20260909 04:40:10.156162   507 skeleton_planner.h:170] Found solution in: 3
I20260909 04:40:10.156183   507 skeleton_planner.h:170] Found solution in: 8
I20260909 04:40:10.156195   507 skeleton_planner.h:170] Found solution in: 3
I20260909 04:40:10.156221   507 skeleton_planner.h:170] Found solution in: 8
I20260909 04:40:10.156244   507 skeleton_planner.h:170] Found solution in: 7
I20260909 04:40:10.156267   507 skeleton_planner.h:170] Found solution in: 7
I20260909 04:40:10.156288   507 skeleton_planner.h:170] Found solution in: 6
I20260909 04:40:10.156335   507 skeleton_planner.h:170] Found solution in: 14
I20260909 04:40:10.156368   507 skeleton_planner.h:170] Found solution in: 9
I20260909 04:40:10.156387   507 skeleton_planner.h:170] Found solution in: 6
I20260909 04:40:10.156422   507 skeleton_planner.h:170] Found solution in: 10
I20260909 04:40:10.156454   507 skeleton_planner.h:170] Found solution in: 8
I20260909 04:40:10.156483   507 skeleton_planner.h:170] Found solution in: 8
I20260909 04:40:10.156495   507 skeleton_planner.h:170] Found solution in: 3
I20260909 04:40:10.156510   507 skeleton_planner.h:170] Found solution in: 4
I20260909 04:40:10.156558   507 skeleton_planner.h:170] Found solution in: 16
I20260909 04:40:10.156724   507 skeleton_planner.h:170] Found solution in: 49
I20260909 04:40:10.156750   507 skeleton_planner.h:170] Found solution in: 5
I20260909 04:40:10.156760   507 skeleton_planner.h:170] Found solution in: 3
I20260909 04:40:10.156770   507 skeleton_planner.h:170] Found solution in: 3
I20260909 04:40:10.156778   507 skeleton_planner.h:170] Found solution in: 2
I20260909 04:40:10.156782   507 skeleton_planner.h:170] Found solution in: 1
I20260909 04:40:10.156833   507 skeleton_planner.h:170] Found solution in: 11
I20260909 04:40:10.156857   507 skeleton_planner.h:170] Found solution in: 4
I20260909 04:40:10.156872   507 skeleton_planner.h:170] Found solution in: 6
I20260909 04:40:10.156893   507 skeleton_planner.h:170] Found solution in: 9
I20260909 04:40:10.156924   507 skeleton_planner.h:170] Found solution in: 13
I20260909 04:40:10.156961   507 skeleton_planner.h:170] Found solution in: 11
I20260909 04:40:10.157042   507 skeleton_planner.h:170] Found solution in: 24
I20260909 04:40:10.157060   507 skeleton_planner.h:170] Found solution in: 4
I20260909 04:40:10.157083   507 skeleton_planner.h:170] Found solution in: 4
I20260909 04:40:10.157160   507 skeleton_planner.h:170] Found solution in: 23
I20260909 04:40:10.157176   507 skeleton_planner.h:170] Found solution in: 3
I20260909 04:40:10.157210   507 skeleton_planner.h:170] Found solution in: 10
I20260909 04:40:10.157224   507 skeleton_planner.h:170] Found solution in: 4
I20260909 04:40:10.157236   507 skeleton_planner.h:170] Found solution in: 4
I20260909 04:40:10.157254   507 skeleton_planner.h:170] Found solution in: 5
I20260909 04:40:10.157274   507 skeleton_planner.h:170] Found solution in: 7
I20260909 04:40:10.157302   507 skeleton_planner.h:170] Found solution in: 10
I20260909 04:40:10.157338   507 skeleton_planner.h:170] Found solution in: 12
I20260909 04:40:10.157377   507 skeleton_planner.h:170] Found solution in: 13
I20260909 04:40:10.157421   507 skeleton_planner.h:170] Found solution in: 12
I20260909 04:40:10.157434   507 skeleton_planner.h:170] Found solution in: 3
I20260909 04:40:10.157445   507 skeleton_planner.h:170] Found solution in: 3
I20260909 04:40:10.157457   507 skeleton_planner.h:170] Found solution in: 5
I20260909 04:40:10.157471   507 skeleton_planner.h:170] Found solution in: 6
I20260909 04:40:10.157500   507 skeleton_planner.h:170] Found solution in: 12
I20260909 04:40:10.157521   507 skeleton_planner.h:170] Found solution in: 8
I20260909 04:40:10.157541   507 skeleton_planner.h:170] Found solution in: 6
I20260909 04:40:10.157559   507 skeleton_planner.h:170] Found solution in: 6
I20260909 04:40:10.157581   507 skeleton_planner.h:170] Found solution in: 7
I20260909 04:40:10.157605   507 skeleton_planner.h:170] Found solution in: 7
I20260909 04:40:10.157632   507 skeleton_planner.h:170] Found solution in: 8
I20260909 04:40:10.157660   507 skeleton_planner.h:170] Found solution in: 7
I20260909 04:40:10.157766   507 skeleton_planner.h:170] Found solution in: 34
I20260909 04:40:10.157778   507 skeleton_planner.h:170] Found solution in: 1
I20260909 04:40:10.157781   507 skeleton_planner.h:170] Found solution in: 1
I20260909 04:40:10.157869   507 skeleton_planner.h:170] Found solution in: 26
I20260909 04:40:10.157886   507 skeleton_planner.h:170] Found solution in: 3
I20260909 04:40:10.157909   507 skeleton_planner.h:170] Found solution in: 4
I20260909 04:40:10.157948   507 skeleton_planner.h:170] Found solution in: 13
I20260909 04:40:10.157970   507 skeleton_planner.h:170] Found solution in: 6
I20260909 04:40:10.157994   507 skeleton_planner.h:170] Found solution in: 7
I20260909 04:40:10.158030   507 skeleton_planner.h:170] Found solution in: 10
I20260909 04:40:10.158064   507 skeleton_planner.h:170] Found solution in: 8
I20260909 04:40:10.158118   507 skeleton_planner.h:170] Found solution in: 14
I20260909 04:40:10.158143   507 skeleton_planner.h:170] Found solution in: 6
I20260909 04:40:10.158161   507 skeleton_planner.h:170] Found solution in: 5
I20260909 04:40:10.158209   507 skeleton_planner.h:170] Found solution in: 15
I20260909 04:40:10.158300   507 skeleton_planner.h:170] Found solution in: 28
I20260909 04:40:10.158342   507 skeleton_planner.h:170] Found solution in: 10
I20260909 04:40:10.158363   507 skeleton_planner.h:170] Found solution in: 6
I20260909 04:40:10.158383   507 skeleton_planner.h:170] Found solution in: 6
I20260909 04:40:10.158402   507 skeleton_planner.h:170] Found solution in: 5
I20260909 04:40:10.158424   507 skeleton_planner.h:170] Found solution in: 10
I20260909 04:40:10.158447   507 skeleton_planner.h:170] Found solution in: 10
I20260909 04:40:10.158452   507 skeleton_planner.h:170] Found solution in: 1
I20260909 04:40:10.158455   507 skeleton_planner.h:170] Found solution in: 1
I20260909 04:40:10.158457   507 skeleton_planner.h:170] Found solution in: 1
I20260909 04:40:10.158460   507 skeleton_planner.h:170] Found solution in: 1
I20260909 04:40:10.158478   507 skeleton_planner.h:170] Found solution in: 6
I20260909 04:40:10.158496   507 skeleton_planner.h:170] Found solution in: 7
I20260909 04:40:10.158505   507 skeleton_planner.h:170] Found solution in: 2
I20260909 04:40:10.158515   507 skeleton_planner.h:170] Found solution in: 3
I20260909 04:40:10.158525   507 skeleton_planner.h:170] Found solution in: 3
I20260909 04:40:10.158542   507 skeleton_planner.h:170] Found solution in: 5
I20260909 04:40:10.158571   507 skeleton_planner.h:170] Found solution in: 9
I20260909 04:40:10.158583   507 skeleton_planner.h:170] Found solution in: 3
I20260909 04:40:10.158589   507 skeleton_planner.h:170] Found solution in: 1
I20260909 04:40:10.158609   507 skeleton_planner.h:170] Found solution in: 6
I20260909 04:40:10.158623   507 skeleton_planner.h:170] Found solution in: 5
I20260909 04:40:10.158645   507 skeleton_planner.h:170] Found solution in: 7
I20260909 04:40:10.158667   507 skeleton_planner.h:170] Found solution in: 6
I20260909 04:40:10.158717   507 skeleton_planner.h:170] Found solution in: 16
I20260909 04:40:10.158751   507 skeleton_planner.h:170] Found solution in: 8
I20260909 04:40:10.158790   507 skeleton_planner.h:170] Found solution in: 11
I20260909 04:40:10.158797   507 skeleton_planner.h:170] Found solution in: 1
I20260909 04:40:10.158814   507 skeleton_planner.h:170] Found solution in: 5
I20260909 04:40:10.158834   507 skeleton_planner.h:170] Found solution in: 6
I20260909 04:40:10.158915   507 skeleton_planner.h:170] Found solution in: 26
I20260909 04:40:10.158933   507 skeleton_planner.h:170] Found solution in: 4
I20260909 04:40:10.158943   507 skeleton_planner.h:170] Found solution in: 3
I20260909 04:40:10.158991   507 skeleton_planner.h:170] Found solution in: 13
I20260909 04:40:10.159020   507 skeleton_planner.h:170] Found solution in: 8
I20260909 04:40:10.159029   507 skeleton_planner.h:170] Found solution in: 2
I20260909 04:40:10.159065   507 skeleton_planner.h:170] Found solution in: 9
I20260909 04:40:10.159091   507 skeleton_planner.h:170] Found solution in: 6
I20260909 04:40:10.159097   507 skeleton_planner.h:170] Found solution in: 1
I20260909 04:40:10.159191   507 skeleton_planner.h:170] Found solution in: 34
I20260909 04:40:10.159202   507 skeleton_planner.h:170] Found solution in: 1
I20260909 04:40:10.159211   507 skeleton_planner.h:170] Found solution in: 3
I20260909 04:40:10.159329   507 skeleton_planner.h:170] Found solution in: 35
I20260909 04:40:10.159346   507 skeleton_planner.h:170] Found solution in: 3
I20260909 04:40:10.159379   507 skeleton_planner.h:170] Found solution in: 7
I20260909 04:40:10.159391   507 skeleton_planner.h:170] Found solution in: 3
I20260909 04:40:10.159415   507 skeleton_planner.h:170] Found solution in: 10
I20260909 04:40:10.159427   507 skeleton_planner.h:170] Found solution in: 4
I20260909 04:40:10.159441   507 skeleton_planner.h:170] Found solution in: 6
I20260909 04:40:10.159446   507 skeleton_planner.h:170] Found solution in: 1
I20260909 04:40:10.159468   507 skeleton_planner.h:170] Found solution in: 7
I20260909 04:40:10.159480   507 skeleton_planner.h:170] Found solution in: 3
I20260909 04:40:10.159492   507 skeleton_planner.h:170] Found solution in: 4
I20260909 04:40:10.159503   507 skeleton_planner.h:170] Found solution in: 3
I20260909 04:40:10.159514   507 skeleton_planner.h:170] Found solution in: 4
I20260909 04:40:10.159533   507 skeleton_planner.h:170] Found solution in: 5
I20260909 04:40:10.159549   507 skeleton_planner.h:170] Found solution in: 5
I20260909 04:40:10.159566   507 skeleton_planner.h:170] Found solution in: 6
I20260909 04:40:10.159577   507 skeleton_planner.h:170] Found solution in: 3
I20260909 04:40:10.159586   507 skeleton_planner.h:170] Found solution in: 3
I20260909 04:40:10.159602   507 skeleton_planner.h:170] Found solution in: 5
I20260909 04:40:10.159626   507 skeleton_planner.h:170] Found solution in: 9
I20260909 04:40:10.159631   507 skeleton_planner.h:170] Found solution in: 1
I20260909 04:40:10.159662   507 skeleton_planner.h:170] Found solution in: 9
I20260909 04:40:10.159677   507 skeleton_planner.h:170] Found solution in: 4
I20260909 04:40:10.159694   507 skeleton_planner.h:170] Found solution in: 5
I20260909 04:40:10.159718   507 skeleton_planner.h:170] Found solution in: 8
I20260909 04:40:10.159870   507 skeleton_planner.h:170] Found solution in: 40
I20260909 04:40:10.160027   507 skeleton_planner.h:170] Found solution in: 48
I20260909 04:40:10.160090   507 skeleton_planner.h:170] Found solution in: 16
I20260909 04:40:10.160140   507 skeleton_planner.h:170] Found solution in: 13
I20260909 04:40:10.160164   507 skeleton_planner.h:170] Found solution in: 4
I20260909 04:40:10.160192   507 skeleton_planner.h:170] Found solution in: 11
I20260909 04:40:10.160238   507 skeleton_planner.h:170] Found solution in: 15
I20260909 04:40:10.160247   507 skeleton_planner.h:170] Found solution in: 1
I20260909 04:40:10.160256   507 skeleton_planner.h:170] Found solution in: 3
I20260909 04:40:10.160269   507 skeleton_planner.h:170] Found solution in: 4
I20260909 04:40:10.160290   507 skeleton_planner.h:170] Found solution in: 5
I20260909 04:40:10.160303   507 skeleton_planner.h:170] Found solution in: 4
I20260909 04:40:10.160321   507 skeleton_planner.h:170] Found solution in: 5
I20260909 04:40:10.160329   507 skeleton_planner.h:170] Found solution in: 2
I20260909 04:40:10.160342   507 skeleton_planner.h:170] Found solution in: 5
I20260909 04:40:10.160352   507 skeleton_planner.h:170] Found solution in: 3
I20260909 04:40:10.160377   507 skeleton_planner.h:170] Found solution in: 8
I20260909 04:40:10.160387   507 skeleton_planner.h:170] Found solution in: 3
I20260909 04:40:10.160391   507 skeleton_generator.cpp:1655] [Simplify Vertices] Vertex removals: 956 / 964, Edges added: 324
I20260909 04:40:10.160894   507 skeleton_generator.cpp:1697] [Subgraph] Number of disconnected subgraphs: 34
I20260909 04:40:10.165095   507 skeleton_planner.h:170] Found solution in: 3
I20260909 04:40:10.165190   507 skeleton_planner.h:170] Found solution in: 7
I20260909 04:40:10.165354   507 skeleton_planner.h:170] Found solution in: 3
I20260909 04:40:10.165386   507 skeleton_planner.h:170] Found solution in: 9
I20260909 04:40:10.165522   507 skeleton_planner.h:170] Found solution in: 3
I20260909 04:40:10.167528   507 skeleton_planner.h:170] Found solution in: 17
I20260909 04:40:10.170782   507 skeleton_planner.h:170] Found solution in: 7
I20260909 04:40:10.172369   507 skeleton_planner.h:170] Found solution in: 6
I20260909 04:40:10.172410   507 skeleton_planner.h:170] Found solution in: 13
I20260909 04:40:10.172650   507 skeleton_planner.h:170] Found solution in: 9
I20260909 04:40:10.172681   507 skeleton_planner.h:170] Found solution in: 7
I20260909 04:40:10.172881   507 skeleton_planner.h:170] Found solution in: 86
I20260909 04:40:10.173662   507 skeleton_planner.h:170] Found solution in: 88
I20260909 04:40:10.174517   507 skeleton_planner.h:170] Found solution in: 4
I20260909 04:40:10.178368   507 skeleton_planner.h:170] Found solution in: 14
I20260909 04:40:10.179190   507 skeleton_planner.h:170] Found solution in: 52
I20260909 04:40:10.179342   507 skeleton_planner.h:170] Found solution in: 11
I20260909 04:40:10.185488   507 skeleton_planner.h:170] Found solution in: 8
I20260909 04:40:10.186105   507 skeleton_planner.h:170] Found solution in: 47
I20260909 04:40:10.188118   507 skeleton_generator.cpp:1756] [Subgraph] Potential edge candidates: 122 diagram candidates: 19
I20260909 04:40:10.188184   507 skeleton_generator.cpp:1771] [Subgraph] Final number of disconnected subgraphs: 16
I20260909 04:40:10.188189   507 skeleton_generator.cpp:633] [Sparse Graph] Vertices: 1496 Edges: 2465
