I20260909 04:44:13.617585  1179 skeleton_planner.h:31] Setting ESDF layer.
I20260909 04:44:13.725728  1179 skeleton_generator.cpp:226] [GVD] Finished finding GVD candidates. Number of skeleton points: 75084 edges: 7720
I20260909 04:44:13.745507  1179 skeleton_generator.cpp:1093] [Prune] Number of vertices before prune: 3294 Number of deleted vertices: 810
I20260909 04:44:13.754563  1179 skeleton_planner.h:170] Found solution in: 1
I20260909 04:44:13.754593  1179 skeleton_planner.h:170] Found solution in: 22
I20260909 04:44:13.754601  1179 skeleton_planner.h:170] Found solution in: 4
I20260909 04:44:13.754609  1179 skeleton_planner.h:170] Found solution in: 1
I20260909 04:44:13.754703  1179 skeleton_planner.h:170] Found solution in: 3
I20260909 04:44:13.754712  1179 skeleton_planner.h:170] Found solution in: 1
I20260909 04:44:13.754720  1179 skeleton_planner.h:170] Found solution in: 6
I20260909 04:44:13.754732  1179 skeleton_planner.h:170] Found solution in: 1
I20260909 04:44:13.754834  1179 skeleton_planner.h:170] Found solution in: 5
I20260909 04:44:13.754842  1179 skeleton_planner.h:170] Found solution in: 1
I20260909 04:44:13.754845  1179 skeleton_planner.h:170] Found solution in: 2
I20260909 04:44:13.754854  1179 skeleton_planner.h:170] Found solution in: 3
I20260909 04:44:13.754861  1179 skeleton_planner.h:170] Found solution in: 1
I20260909 04:44:13.754864  1179 skeleton_planner.h:170] Found solution in: 2
I20260909 04:44:13.754879  1179 skeleton_planner.h:170] Found solution in: 5
I20260909 04:44:13.754889  1179 skeleton_planner.h:170] Found solution in: 1
I20260909 04:44:13.754895  1179 skeleton_planner.h:170] Found solution in: 1
I20260909 04:44:13.754899  1179 skeleton_planner.h:170] Found solution in: 2
I20260909 04:44:13.754915  1179 skeleton_planner.h:170] Found solution in: 5
I20260909 04:44:13.754925  1179 skeleton_planner.h:170] Found solution in: 1
I20260909 04:44:13.754928  1179 skeleton_planner.h:170] Found solution in: 3
I20260909 04:44:13.754935  1179 skeleton_planner.h:170] Found solution in: 1
I20260909 04:44:13.754941  1179 skeleton_planner.h:170] Found solution in: 6
I20260909 04:44:13.754997  1179 skeleton_planner.h:170] Found solution in: 21
I20260909 04:44:13.755025  1179 skeleton_planner.h:170] Found solution in: 5
I20260909 04:44:13.755034  1179 skeleton_planner.h:170] Found solution in: 1
I20260909 04:44:13.755115  1179 skeleton_planner.h:170] Found solution in: 4
I20260909 04:44:13.755126  1179 skeleton_planner.h:170] Found solution in: 1
I20260909 04:44:13.755167  1179 skeleton_planner.h:170] Found solution in: 48
I20260909 04:44:13.755185  1179 skeleton_planner.h:170] Found solution in: 19
I20260909 04:44:13.755275  1179 skeleton_planner.h:170] Found solution in: 3
I20260909 04:44:13.755282  1179 skeleton_planner.h:170] Found solution in: 1
I20260909 04:44:13.755286  1179 skeleton_planner.h:170] Found solution in: 2
I20260909 04:44:13.755321  1179 skeleton_planner.h:170] Found solution in: 12
I20260909 04:44:13.755329  1179 skeleton_planner.h:170] Found solution in: 1
I20260909 04:44:13.755398  1179 skeleton_planner.h:170] Found solution in: 84
I20260909 04:44:13.755409  1179 skeleton_planner.h:170] Found solution in: 1
I20260909 04:44:13.755414  1179 skeleton_planner.h:170] Found solution in: 2
I20260909 04:44:13.755424  1179 skeleton_planner.h:170] Found solution in: 3
I20260909 04:44:13.755431  1179 skeleton_planner.h:170] Found solution in: 1
I20260909 04:44:13.755532  1179 skeleton_planner.h:170] Found solution in: 4
I20260909 04:44:13.755544  1179 skeleton_planner.h:170] Found solution in: 1
I20260909 04:44:13.755563  1179 skeleton_planner.h:170] Found solution in: 4
I20260909 04:44:13.755573  1179 skeleton_planner.h:170] Found solution in: 1
I20260909 04:44:13.755577  1179 skeleton_planner.h:170] Found solution in: 2
I20260909 04:44:13.755589  1179 skeleton_planner.h:170] Found solution in: 3
I20260909 04:44:13.755601  1179 skeleton_planner.h:170] Found solution in: 1
I20260909 04:44:13.755605  1179 skeleton_planner.h:170] Found solution in: 3
I20260909 04:44:13.755620  1179 skeleton_planner.h:170] Found solution in: 3
I20260909 04:44:13.755656  1179 skeleton_planner.h:170] Found solution in: 1
I20260909 04:44:13.755659  1179 skeleton_planner.h:170] Found solution in: 2
I20260909 04:44:13.755672  1179 skeleton_planner.h:170] Found solution in: 5
I20260909 04:44:13.755681  1179 skeleton_planner.h:170] Found solution in: 1
I20260909 04:44:13.755692  1179 skeleton_planner.h:170] Found solution in: 3
I20260909 04:44:13.755702  1179 skeleton_planner.h:170] Found solution in: 1
I20260909 04:44:13.755707  1179 skeleton_planner.h:170] Found solution in: 3
I20260909 04:44:13.755710  1179 skeleton_planner.h:170] Found solution in: 3
I20260909 04:44:13.755735  1179 skeleton_planner.h:170] Found solution in: 8
I20260909 04:44:13.755746  1179 skeleton_planner.h:170] Found solution in: 1
I20260909 04:44:13.755755  1179 skeleton_planner.h:170] Found solution in: 9
I20260909 04:44:13.755788  1179 skeleton_planner.h:170] Found solution in: 7
I20260909 04:44:13.755801  1179 skeleton_planner.h:170] Found solution in: 1
I20260909 04:44:13.755806  1179 skeleton_planner.h:170] Found solution in: 3
I20260909 04:44:13.755816  1179 skeleton_planner.h:170] Found solution in: 1
I20260909 04:44:13.755821  1179 skeleton_planner.h:170] Found solution in: 3
I20260909 04:44:13.755834  1179 skeleton_planner.h:170] Found solution in: 15
I20260909 04:44:13.755928  1179 skeleton_planner.h:170] Found solution in: 4
I20260909 04:44:13.755937  1179 skeleton_planner.h:170] Found solution in: 1
I20260909 04:44:13.755942  1179 skeleton_planner.h:170] Found solution in: 3
I20260909 04:44:13.755956  1179 skeleton_planner.h:170] Found solution in: 5
I20260909 04:44:13.755962  1179 skeleton_planner.h:170] Found solution in: 1
I20260909 04:44:13.755970  1179 skeleton_planner.h:170] Found solution in: 6
I20260909 04:44:13.755978  1179 skeleton_planner.h:170] Found solution in: 1
I20260909 04:44:13.755981  1179 skeleton_planner.h:170] Found solution in: 2
I20260909 04:44:13.755992  1179 skeleton_planner.h:170] Found solution in: 3
I20260909 04:44:13.756000  1179 skeleton_planner.h:170] Found solution in: 1
I20260909 04:44:13.756006  1179 skeleton_planner.h:170] Found solution in: 5
I20260909 04:44:13.756026  1179 skeleton_planner.h:170] Found solution in: 6
I20260909 04:44:13.756033  1179 skeleton_planner.h:170] Found solution in: 1
I20260909 04:44:13.756040  1179 skeleton_planner.h:170] Found solution in: 7
I20260909 04:44:13.756048  1179 skeleton_planner.h:170] Found solution in: 1
I20260909 04:44:13.756054  1179 skeleton_planner.h:170] Found solution in: 4
I20260909 04:44:13.756062  1179 skeleton_planner.h:170] Found solution in: 1
I20260909 04:44:13.756067  1179 skeleton_planner.h:170] Found solution in: 2
I20260909 04:44:13.756076  1179 skeleton_planner.h:170] Found solution in: 3
I20260909 04:44:13.756088  1179 skeleton_planner.h:170] Found solution in: 1
I20260909 04:44:13.756093  1179 skeleton_planner.h:170] Found solution in: 3
I20260909 04:44:13.756098  1179 skeleton_planner.h:170] Found solution in: 4
I20260909 04:44:13.756109  1179 skeleton_planner.h:170] Found solution in: 3
I20260909 04:44:13.756124  1179 skeleton_planner.h:170] Found solution in: 1
I20260909 04:44:13.756129  1179 skeleton_planner.h:170] Found solution in: 1
I20260909 04:44:13.756156  1179 skeleton_planner.h:170] Found solution in: 8
I20260909 04:44:13.756163  1179 skeleton_planner.h:170] Found solution in: 1
I20260909 04:44:13.756176  1179 skeleton_planner.h:170] Found solution in: 3
I20260909 04:44:13.756186  1179 skeleton_planner.h:170] Found solution in: 1
I20260909 04:44:13.756278  1179 skeleton_planner.h:170] Found solution in: 6
I20260909 04:44:13.756284  1179 skeleton_planner.h:170] Found solution in: 1
I20260909 04:44:13.756296  1179 skeleton_planner.h:170] Found solution in: 3
I20260909 04:44:13.756304  1179 skeleton_planner.h:170] Found solution in: 1
I20260909 04:44:13.756310  1179 skeleton_planner.h:170] Found solution in: 3
I20260909 04:44:13.756376  1179 skeleton_planner.h:170] Found solution in: 25
I20260909 04:44:13.756417  1179 skeleton_planner.h:170] Found solution in: 14
I20260909 04:44:13.756428  1179 skeleton_planner.h:170] Found solution in: 1
I20260909 04:44:13.756433  1179 skeleton_planner.h:170] Found solution in: 5
I20260909 04:44:13.756440  1179 skeleton_planner.h:170] Found solution in: 7
I20260909 04:44:13.756448  1179 skeleton_planner.h:170] Found solution in: 8
I20260909 04:44:13.756456  1179 skeleton_planner.h:170] Found solution in: 8
I20260909 04:44:13.756466  1179 skeleton_planner.h:170] Found solution in: 1
I20260909 04:44:13.756507  1179 skeleton_planner.h:170] Found solution in: 4
I20260909 04:44:13.756516  1179 skeleton_planner.h:170] Found solution in: 1
I20260909 04:44:13.756521  1179 skeleton_planner.h:170] Found solution in: 3
I20260909 04:44:13.756553  1179 skeleton_planner.h:170] Found solution in: 3
I20260909 04:44:13.756561  1179 skeleton_planner.h:170] Found solution in: 1
I20260909 04:44:13.756625  1179 skeleton_planner.h:170] Found solution in: 3
I20260909 04:44:13.756636  1179 skeleton_planner.h:170] Found solution in: 1
I20260909 04:44:13.756650  1179 skeleton_planner.h:170] Found solution in: 3
I20260909 04:44:13.756656  1179 skeleton_planner.h:170] Found solution in: 1
I20260909 04:44:13.756665  1179 skeleton_planner.h:170] Found solution in: 7
I20260909 04:44:13.756671  1179 skeleton_planner.h:170] Found solution in: 5
I20260909 04:44:13.756680  1179 skeleton_planner.h:170] Found solution in: 1
I20260909 04:44:13.756685  1179 skeleton_planner.h:170] Found solution in: 3
I20260909 04:44:13.756691  1179 skeleton_planner.h:170] Found solution in: 1
I20260909 04:44:13.756701  1179 skeleton_planner.h:170] Found solution in: 3
I20260909 04:44:13.756708  1179 skeleton_planner.h:170] Found solution in: 1
I20260909 04:44:13.756714  1179 skeleton_planner.h:170] Found solution in: 4
I20260909 04:44:13.756728  1179 skeleton_planner.h:170] Found solution in: 5
I20260909 04:44:13.756735  1179 skeleton_planner.h:170] Found solution in: 1
I20260909 04:44:13.756740  1179 skeleton_planner.h:170] Found solution in: 4
I20260909 04:44:13.756747  1179 skeleton_planner.h:170] Found solution in: 1
I20260909 04:44:13.756754  1179 skeleton_planner.h:170] Found solution in: 5
I20260909 04:44:13.756799  1179 skeleton_planner.h:170] Found solution in: 6
I20260909 04:44:13.756808  1179 skeleton_planner.h:170] Found solution in: 1
I20260909 04:44:13.756843  1179 skeleton_planner.h:170] Found solution in: 14
I20260909 04:44:13.756865  1179 skeleton_planner.h:170] Found solution in: 5
I20260909 04:44:13.756871  1179 skeleton_planner.h:170] Found solution in: 1
I20260909 04:44:13.756882  1179 skeleton_planner.h:170] Found solution in: 11
I20260909 04:44:13.756891  1179 skeleton_planner.h:170] Found solution in: 7
I20260909 04:44:13.756927  1179 skeleton_planner.h:170] Found solution in: 5
I20260909 04:44:13.756940  1179 skeleton_planner.h:170] Found solution in: 1
I20260909 04:44:13.756954  1179 skeleton_planner.h:170] Found solution in: 15
I20260909 04:44:13.756966  1179 skeleton_planner.h:170] Found solution in: 1
I20260909 04:44:13.756970  1179 skeleton_planner.h:170] Found solution in: 2
I20260909 04:44:13.756992  1179 skeleton_planner.h:170] Found solution in: 8
I20260909 04:44:13.757002  1179 skeleton_planner.h:170] Found solution in: 1
I20260909 04:44:13.757007  1179 skeleton_planner.h:170] Found solution in: 3
I20260909 04:44:13.757030  1179 skeleton_planner.h:170] Found solution in: 6
I20260909 04:44:13.757038  1179 skeleton_planner.h:170] Found solution in: 1
I20260909 04:44:13.757043  1179 skeleton_planner.h:170] Found solution in: 5
I20260909 04:44:13.757050  1179 skeleton_planner.h:170] Found solution in: 1
I20260909 04:44:13.757136  1179 skeleton_planner.h:170] Found solution in: 3
I20260909 04:44:13.757148  1179 skeleton_planner.h:170] Found solution in: 1
I20260909 04:44:13.757164  1179 skeleton_planner.h:170] Found solution in: 18
I20260909 04:44:13.757172  1179 skeleton_planner.h:170] Found solution in: 1
I20260909 04:44:13.757177  1179 skeleton_planner.h:170] Found solution in: 3
I20260909 04:44:13.757206  1179 skeleton_planner.h:170] Found solution in: 8
I20260909 04:44:13.757220  1179 skeleton_planner.h:170] Found solution in: 1
I20260909 04:44:13.757256  1179 skeleton_planner.h:170] Found solution in: 15
I20260909 04:44:13.757267  1179 skeleton_planner.h:170] Found solution in: 1
I20260909 04:44:13.757273  1179 skeleton_planner.h:170] Found solution in: 4
I20260909 04:44:13.757294  1179 skeleton_planner.h:170] Found solution in: 5
I20260909 04:44:13.757311  1179 skeleton_planner.h:170] Found solution in: 1
I20260909 04:44:13.757334  1179 skeleton_planner.h:170] Found solution in: 5
I20260909 04:44:13.757344  1179 skeleton_planner.h:170] Found solution in: 1
I20260909 04:44:13.757347  1179 skeleton_planner.h:170] Found solution in: 2
I20260909 04:44:13.757359  1179 skeleton_planner.h:170] Found solution in: 3
I20260909 04:44:13.757366  1179 skeleton_planner.h:170] Found solution in: 1
I20260909 04:44:13.757458  1179 skeleton_planner.h:170] Found solution in: 3
I20260909 04:44:13.757467  1179 skeleton_planner.h:170] Found solution in: 1
I20260909 04:44:13.757471  1179 skeleton_planner.h:170] Found solution in: 2
I20260909 04:44:13.757484  1179 skeleton_planner.h:170] Found solution in: 5
I20260909 04:44:13.757491  1179 skeleton_planner.h:170] Found solution in: 1
I20260909 04:44:13.757511  1179 skeleton_planner.h:170] Found solution in: 22
I20260909 04:44:13.757526  1179 skeleton_planner.h:170] Found solution in: 16
I20260909 04:44:13.757534  1179 skeleton_planner.h:170] Found solution in: 1
I20260909 04:44:13.757540  1179 skeleton_planner.h:170] Found solution in: 1
I20260909 04:44:13.757623  1179 skeleton_planner.h:170] Found solution in: 3
I20260909 04:44:13.757635  1179 skeleton_planner.h:170] Found solution in: 1
I20260909 04:44:13.757645  1179 skeleton_planner.h:170] Found solution in: 1
I20260909 04:44:13.757728  1179 skeleton_planner.h:170] Found solution in: 3
I20260909 04:44:13.757737  1179 skeleton_planner.h:170] Found solution in: 1
I20260909 04:44:13.757756  1179 skeleton_planner.h:170] Found solution in: 5
I20260909 04:44:13.757768  1179 skeleton_planner.h:170] Found solution in: 1
I20260909 04:44:13.757779  1179 skeleton_planner.h:170] Found solution in: 12
I20260909 04:44:13.757869  1179 skeleton_planner.h:170] Found solution in: 4
I20260909 04:44:13.757877  1179 skeleton_planner.h:170] Found solution in: 1
I20260909 04:44:13.757884  1179 skeleton_planner.h:170] Found solution in: 1
I20260909 04:44:13.757891  1179 skeleton_planner.h:170] Found solution in: 1
I20260909 04:44:13.757897  1179 skeleton_planner.h:170] Found solution in: 4
I20260909 04:44:13.757905  1179 skeleton_planner.h:170] Found solution in: 6
I20260909 04:44:13.757911  1179 skeleton_planner.h:170] Found solution in: 1
I20260909 04:44:13.757918  1179 skeleton_planner.h:170] Found solution in: 1
I20260909 04:44:13.757927  1179 skeleton_planner.h:170] Found solution in: 7
I20260909 04:44:13.757936  1179 skeleton_planner.h:170] Found solution in: 1
I20260909 04:44:13.757946  1179 skeleton_planner.h:170] Found solution in: 8
I20260909 04:44:13.757954  1179 skeleton_planner.h:170] Found solution in: 1
I20260909 04:44:13.757961  1179 skeleton_planner.h:170] Found solution in: 6
I20260909 04:44:13.757968  1179 skeleton_planner.h:170] Found solution in: 1
I20260909 04:44:13.757975  1179 skeleton_planner.h:170] Found solution in: 1
I20260909 04:44:13.757992  1179 skeleton_planner.h:170] Found solution in: 16
I20260909 04:44:13.758000  1179 skeleton_planner.h:170] Found solution in: 1
I20260909 04:44:13.758008  1179 skeleton_planner.h:170] Found solution in: 1
I20260909 04:44:13.758055  1179 skeleton_planner.h:170] Found solution in: 54
I20260909 04:44:13.758064  1179 skeleton_planner.h:170] Found solution in: 4
I20260909 04:44:13.758068  1179 skeleton_planner.h:170] Found solution in: 1
I20260909 04:44:13.758127  1179 skeleton_planner.h:170] Found solution in: 71
I20260909 04:44:13.758134  1179 skeleton_planner.h:170] Found solution in: 1
I20260909 04:44:13.758145  1179 skeleton_planner.h:170] Found solution in: 10
I20260909 04:44:13.758150  1179 skeleton_planner.h:170] Found solution in: 1
I20260909 04:44:13.758157  1179 skeleton_planner.h:170] Found solution in: 4
I20260909 04:44:13.758203  1179 skeleton_planner.h:170] Found solution in: 55
I20260909 04:44:13.758210  1179 skeleton_planner.h:170] Found solution in: 4
I20260909 04:44:13.758215  1179 skeleton_planner.h:170] Found solution in: 1
I20260909 04:44:13.758225  1179 skeleton_planner.h:170] Found solution in: 9
I20260909 04:44:13.758234  1179 skeleton_planner.h:170] Found solution in: 7
I20260909 04:44:13.758241  1179 skeleton_planner.h:170] Found solution in: 1
I20260909 04:44:13.758249  1179 skeleton_planner.h:170] Found solution in: 7
I20260909 04:44:13.758255  1179 skeleton_planner.h:170] Found solution in: 4
I20260909 04:44:13.758262  1179 skeleton_planner.h:170] Found solution in: 1
I20260909 04:44:13.758268  1179 skeleton_planner.h:170] Found solution in: 4
I20260909 04:44:13.758275  1179 skeleton_planner.h:170] Found solution in: 1
I20260909 04:44:13.758280  1179 skeleton_planner.h:170] Found solution in: 4
I20260909 04:44:13.758289  1179 skeleton_planner.h:170] Found solution in: 1
I20260909 04:44:13.758294  1179 skeleton_planner.h:170] Found solution in: 4
I20260909 04:44:13.758301  1179 skeleton_planner.h:170] Found solution in: 1
I20260909 04:44:13.758317  1179 skeleton_planner.h:170] Found solution in: 4
I20260909 04:44:13.758327  1179 skeleton_planner.h:170] Found solution in: 1
I20260909 04:44:13.758330  1179 skeleton_planner.h:170] Found solution in: 2
I20260909 04:44:13.758355  1179 skeleton_planner.h:170] Found solution in: 10
I20260909 04:44:13.758363  1179 skeleton_planner.h:170] Found solution in: 1
I20260909 04:44:13.758370  1179 skeleton_planner.h:170] Found solution in: 1
I20260909 04:44:13.758461  1179 skeleton_planner.h:170] Found solution in: 4
I20260909 04:44:13.758471  1179 skeleton_planner.h:170] Found solution in: 1
I20260909 04:44:13.758478  1179 skeleton_planner.h:170] Found solution in: 1
I20260909 04:44:13.758496  1179 skeleton_planner.h:170] Found solution in: 5
I20260909 04:44:13.758504  1179 skeleton_planner.h:170] Found solution in: 1
I20260909 04:44:13.758508  1179 skeleton_planner.h:170] Found solution in: 2
I20260909 04:44:13.758519  1179 skeleton_planner.h:170] Found solution in: 3
I20260909 04:44:13.758526  1179 skeleton_planner.h:170] Found solution in: 1
I20260909 04:44:13.758544  1179 skeleton_planner.h:170] Found solution in: 4
I20260909 04:44:13.758553  1179 skeleton_planner.h:170] Found solution in: 1
I20260909 04:44:13.758642  1179 skeleton_planner.h:170] Found solution in: 3
I20260909 04:44:13.758648  1179 skeleton_planner.h:170] Found solution in: 1
I20260909 04:44:13.758666  1179 skeleton_planner.h:170] Found solution in: 18
I20260909 04:44:13.758673  1179 skeleton_planner.h:170] Found solution in: 1
I20260909 04:44:13.758687  1179 skeleton_planner.h:170] Found solution in: 14
I20260909 04:44:13.758697  1179 skeleton_planner.h:170] Found solution in: 1
I20260909 04:44:13.758700  1179 skeleton_planner.h:170] Found solution in: 3
I20260909 04:44:13.758706  1179 skeleton_planner.h:170] Found solution in: 1
I20260909 04:44:13.758710  1179 skeleton_planner.h:170] Found solution in: 3
I20260909 04:44:13.758715  1179 skeleton_planner.h:170] Found solution in: 1
I20260909 04:44:13.758728  1179 skeleton_planner.h:170] Found solution in: 14
I20260909 04:44:13.758738  1179 skeleton_planner.h:170] Found solution in: 1
I20260909 04:44:13.758742  1179 skeleton_planner.h:170] Found solution in: 2
I20260909 04:44:13.758765  1179 skeleton_planner.h:170] Found solution in: 8
I20260909 04:44:13.758774  1179 skeleton_planner.h:170] Found solution in: 1
I20260909 04:44:13.758787  1179 skeleton_planner.h:170] Found solution in: 4
I20260909 04:44:13.758795  1179 skeleton_planner.h:170] Found solution in: 1
I20260909 04:44:13.758817  1179 skeleton_planner.h:170] Found solution in: 9
I20260909 04:44:13.758826  1179 skeleton_planner.h:170] Found solution in: 1
I20260909 04:44:13.758829  1179 skeleton_planner.h:170] Found solution in: 3
I20260909 04:44:13.758888  1179 skeleton_planner.h:170] Found solution in: 21
I20260909 04:44:13.758898  1179 skeleton_planner.h:170] Found solution in: 1
I20260909 04:44:13.758960  1179 skeleton_planner.h:170] Found solution in: 22
I20260909 04:44:13.758977  1179 skeleton_planner.h:170] Found solution in: 1
I20260909 04:44:13.758991  1179 skeleton_planner.h:170] Found solution in: 3
I20260909 04:44:13.759001  1179 skeleton_planner.h:170] Found solution in: 1
I20260909 04:44:13.759024  1179 skeleton_planner.h:170] Found solution in: 22
I20260909 04:44:13.759033  1179 skeleton_planner.h:170] Found solution in: 1
I20260909 04:44:13.759048  1179 skeleton_planner.h:170] Found solution in: 16
I20260909 04:44:13.759055  1179 skeleton_planner.h:170] Found solution in: 5
I20260909 04:44:13.759078  1179 skeleton_planner.h:170] Found solution in: 24
I20260909 04:44:13.759087  1179 skeleton_planner.h:170] Found solution in: 1
I20260909 04:44:13.759091  1179 skeleton_planner.h:170] Found solution in: 3
I20260909 04:44:13.759109  1179 skeleton_planner.h:170] Found solution in: 7
I20260909 04:44:13.759117  1179 skeleton_planner.h:170] Found solution in: 1
I20260909 04:44:13.759135  1179 skeleton_planner.h:170] Found solution in: 7
I20260909 04:44:13.759142  1179 skeleton_planner.h:170] Found solution in: 1
I20260909 04:44:13.759147  1179 skeleton_planner.h:170] Found solution in: 3
I20260909 04:44:13.759164  1179 skeleton_planner.h:170] Found solution in: 7
I20260909 04:44:13.759173  1179 skeleton_planner.h:170] Found solution in: 1
I20260909 04:44:13.759178  1179 skeleton_planner.h:170] Found solution in: 1
I20260909 04:44:13.759204  1179 skeleton_planner.h:170] Found solution in: 7
I20260909 04:44:13.759217  1179 skeleton_planner.h:170] Found solution in: 1
I20260909 04:44:13.759219  1179 skeleton_planner.h:170] Found solution in: 2
I20260909 04:44:13.759239  1179 skeleton_planner.h:170] Found solution in: 6
I20260909 04:44:13.759250  1179 skeleton_planner.h:170] Found solution in: 1
I20260909 04:44:13.759259  1179 skeleton_planner.h:170] Found solution in: 1
I20260909 04:44:13.759282  1179 skeleton_planner.h:170] Found solution in: 5
I20260909 04:44:13.759290  1179 skeleton_planner.h:170] Found solution in: 1
I20260909 04:44:13.759303  1179 skeleton_planner.h:170] Found solution in: 15
I20260909 04:44:13.759392  1179 skeleton_planner.h:170] Found solution in: 4
I20260909 04:44:13.759400  1179 skeleton_planner.h:170] Found solution in: 1
I20260909 04:44:13.759490  1179 skeleton_planner.h:170] Found solution in: 5
I20260909 04:44:13.759500  1179 skeleton_planner.h:170] Found solution in: 1
I20260909 04:44:13.759503  1179 skeleton_planner.h:170] Found solution in: 3
I20260909 04:44:13.759516  1179 skeleton_planner.h:170] Found solution in: 4
I20260909 04:44:13.759526  1179 skeleton_planner.h:170] Found solution in: 1
I20260909 04:44:13.759531  1179 skeleton_planner.h:170] Found solution in: 1
I20260909 04:44:13.759541  1179 skeleton_planner.h:170] Found solution in: 3
I20260909 04:44:13.759548  1179 skeleton_planner.h:170] Found solution in: 1
I20260909 04:44:13.759552  1179 skeleton_planner.h:170] Found solution in: 2
I20260909 04:44:13.759562  1179 skeleton_planner.h:170] Found solution in: 3
I20260909 04:44:13.759569  1179 skeleton_planner.h:170] Found solution in: 1
I20260909 04:44:13.759579  1179 skeleton_planner.h:170] Found solution in: 3
I20260909 04:44:13.759586  1179 skeleton_planner.h:170] Found solution in: 1
I20260909 04:44:13.759598  1179 skeleton_planner.h:170] Found solution in: 14
I20260909 04:44:13.759605  1179 skeleton_planner.h:170] Found solution in: 1
I20260909 04:44:13.759627  1179 skeleton_planner.h:170] Found solution in: 7
I20260909 04:44:13.759637  1179 skeleton_planner.h:170] Found solution in: 1
I20260909 04:44:13.759696  1179 skeleton_planner.h:170] Found solution in: 3
I20260909 04:44:13.759702  1179 skeleton_planner.h:170] Found solution in: 1
I20260909 04:44:13.759759  1179 skeleton_planner.h:170] Found solution in: 4
I20260909 04:44:13.759766  1179 skeleton_planner.h:170] Found solution in: 1
I20260909 04:44:13.759819  1179 skeleton_planner.h:170] Found solution in: 3
I20260909 04:44:13.759828  1179 skeleton_planner.h:170] Found solution in: 1
I20260909 04:44:13.759843  1179 skeleton_planner.h:170] Found solution in: 3
I20260909 04:44:13.759850  1179 skeleton_planner.h:170] Found solution in: 1
I20260909 04:44:13.759856  1179 skeleton_planner.h:170] Found solution in: 7
I20260909 04:44:13.759864  1179 skeleton_planner.h:170] Found solution in: 8
I20260909 04:44:13.759869  1179 skeleton_planner.h:170] Found solution in: 1
I20260909 04:44:13.759879  1179 skeleton_planner.h:170] Found solution in: 11
I20260909 04:44:13.759887  1179 skeleton_planner.h:170] Found solution in: 1
I20260909 04:44:13.759895  1179 skeleton_planner.h:170] Found solution in: 8
I20260909 04:44:13.759902  1179 skeleton_planner.h:170] Found solution in: 5
I20260909 04:44:13.759914  1179 skeleton_planner.h:170] Found solution in: 15
I20260909 04:44:13.759925  1179 skeleton_planner.h:170] Found solution in: 1
I20260909 04:44:13.759979  1179 skeleton_planner.h:170] Found solution in: 3
I20260909 04:44:13.759989  1179 skeleton_planner.h:170] Found solution in: 1
I20260909 04:44:13.760001  1179 skeleton_planner.h:170] Found solution in: 15
I20260909 04:44:13.760092  1179 skeleton_planner.h:170] Found solution in: 5
I20260909 04:44:13.760100  1179 skeleton_planner.h:170] Found solution in: 1
I20260909 04:44:13.760187  1179 skeleton_planner.h:170] Found solution in: 4
I20260909 04:44:13.760197  1179 skeleton_planner.h:170] Found solution in: 1
I20260909 04:44:13.760210  1179 skeleton_planner.h:170] Found solution in: 3
I20260909 04:44:13.760221  1179 skeleton_planner.h:170] Found solution in: 1
I20260909 04:44:13.760308  1179 skeleton_planner.h:170] Found solution in: 3
I20260909 04:44:13.760316  1179 skeleton_planner.h:170] Found solution in: 1
I20260909 04:44:13.760340  1179 skeleton_planner.h:170] Found solution in: 5
I20260909 04:44:13.760350  1179 skeleton_planner.h:170] Found solution in: 1
I20260909 04:44:13.760373  1179 skeleton_planner.h:170] Found solution in: 7
I20260909 04:44:13.760385  1179 skeleton_planner.h:170] Found solution in: 1
I20260909 04:44:13.760388  1179 skeleton_planner.h:170] Found solution in: 3
I20260909 04:44:13.760406  1179 skeleton_planner.h:170] Found solution in: 5
I20260909 04:44:13.760416  1179 skeleton_planner.h:170] Found solution in: 1
I20260909 04:44:13.760509  1179 skeleton_planner.h:170] Found solution in: 7
I20260909 04:44:13.760517  1179 skeleton_planner.h:170] Found solution in: 1
I20260909 04:44:13.760530  1179 skeleton_planner.h:170] Found solution in: 3
I20260909 04:44:13.760543  1179 skeleton_planner.h:170] Found solution in: 1
I20260909 04:44:13.760557  1179 skeleton_planner.h:170] Found solution in: 3
I20260909 04:44:13.760566  1179 skeleton_planner.h:170] Found solution in: 1
I20260909 04:44:13.760622  1179 skeleton_planner.h:170] Found solution in: 4
I20260909 04:44:13.760632  1179 skeleton_planner.h:170] Found solution in: 1
I20260909 04:44:13.760646  1179 skeleton_planner.h:170] Found solution in: 3
I20260909 04:44:13.760656  1179 skeleton_planner.h:170] Found solution in: 1
I20260909 04:44:13.760682  1179 skeleton_planner.h:170] Found solution in: 7
I20260909 04:44:13.760691  1179 skeleton_planner.h:170] Found solution in: 1
I20260909 04:44:13.760710  1179 skeleton_planner.h:170] Found solution in: 4
I20260909 04:44:13.760720  1179 skeleton_planner.h:170] Found solution in: 1
I20260909 04:44:13.760735  1179 skeleton_planner.h:170] Found solution in: 3
I20260909 04:44:13.760743  1179 skeleton_planner.h:170] Found solution in: 1
I20260909 04:44:13.760769  1179 skeleton_planner.h:170] Found solution in: 7
I20260909 04:44:13.760779  1179 skeleton_planner.h:170] Found solution in: 1
I20260909 04:44:13.760784  1179 skeleton_planner.h:170] Found solution in: 5
I20260909 04:44:13.760792  1179 skeleton_planner.h:170] Found solution in: 6
I20260909 04:44:13.760799  1179 skeleton_planner.h:170] Found solution in: 10
I20260909 04:44:13.760804  1179 skeleton_planner.h:170] Found solution in: 1
I20260909 04:44:13.760818  1179 skeleton_planner.h:170] Found solution in: 4
I20260909 04:44:13.760825  1179 skeleton_planner.h:170] Found solution in: 1
I20260909 04:44:13.760833  1179 skeleton_planner.h:170] Found solution in: 6
I20260909 04:44:13.760838  1179 skeleton_planner.h:170] Found solution in: 5
I20260909 04:44:13.760866  1179 skeleton_planner.h:170] Found solution in: 7
I20260909 04:44:13.760872  1179 skeleton_planner.h:170] Found solution in: 1
I20260909 04:44:13.760878  1179 skeleton_planner.h:170] Found solution in: 5
I20260909 04:44:13.760885  1179 skeleton_planner.h:170] Found solution in: 1
I20260909 04:44:13.760901  1179 skeleton_planner.h:170] Found solution in: 5
I20260909 04:44:13.760910  1179 skeleton_planner.h:170] Found solution in: 1
I20260909 04:44:13.760917  1179 skeleton_planner.h:170] Found solution in: 7
I20260909 04:44:13.761003  1179 skeleton_planner.h:170] Found solution in: 5
I20260909 04:44:13.761010  1179 skeleton_planner.h:170] Found solution in: 1
I20260909 04:44:13.761018  1179 skeleton_planner.h:170] Found solution in: 1
I20260909 04:44:13.761022  1179 skeleton_planner.h:170] Found solution in: 3
I20260909 04:44:13.761034  1179 skeleton_planner.h:170] Found solution in: 3
I20260909 04:44:13.761041  1179 skeleton_planner.h:170] Found solution in: 1
I20260909 04:44:13.761052  1179 skeleton_planner.h:170] Found solution in: 3
I20260909 04:44:13.761059  1179 skeleton_planner.h:170] Found solution in: 1
I20260909 04:44:13.761080  1179 skeleton_planner.h:170] Found solution in: 5
I20260909 04:44:13.761090  1179 skeleton_planner.h:170] Found solution in: 1
I20260909 04:44:13.761093  1179 skeleton_planner.h:170] Found solution in: 2
I20260909 04:44:13.761112  1179 skeleton_planner.h:170] Found solution in: 5
I20260909 04:44:13.761119  1179 skeleton_planner.h:170] Found solution in: 1
I20260909 04:44:13.761127  1179 skeleton_planner.h:170] Found solution in: 1
I20260909 04:44:13.761132  1179 skeleton_planner.h:170] Found solution in: 3
I20260909 04:44:13.761145  1179 skeleton_planner.h:170] Found solution in: 4
I20260909 04:44:13.761152  1179 skeleton_planner.h:170] Found solution in: 1
I20260909 04:44:13.761155  1179 skeleton_planner.h:170] Found solution in: 3
I20260909 04:44:13.761166  1179 skeleton_planner.h:170] Found solution in: 3
I20260909 04:44:13.761173  1179 skeleton_planner.h:170] Found solution in: 1
I20260909 04:44:13.761186  1179 skeleton_planner.h:170] Found solution in: 4
I20260909 04:44:13.761196  1179 skeleton_planner.h:170] Found solution in: 1
I20260909 04:44:13.761204  1179 skeleton_planner.h:170] Found solution in: 8
I20260909 04:44:13.761214  1179 skeleton_planner.h:170] Found solution in: 9
I20260909 04:44:13.761219  1179 skeleton_planner.h:170] Found solution in: 1
I20260909 04:44:13.761227  1179 skeleton_planner.h:170] Found solution in: 9
I20260909 04:44:13.761233  1179 skeleton_planner.h:170] Found solution in: 5
I20260909 04:44:13.761276  1179 skeleton_planner.h:170] Found solution in: 46
I20260909 04:44:13.761281  1179 skeleton_planner.h:170] Found solution in: 1
I20260909 04:44:13.761379  1179 skeleton_planner.h:170] Found solution in: 3
I20260909 04:44:13.761387  1179 skeleton_planner.h:170] Found solution in: 1
I20260909 04:44:13.761394  1179 skeleton_planner.h:170] Found solution in: 1
I20260909 04:44:13.761400  1179 skeleton_planner.h:170] Found solution in: 1
I20260909 04:44:13.761408  1179 skeleton_planner.h:170] Found solution in: 1
I20260909 04:44:13.761413  1179 skeleton_planner.h:170] Found solution in: 4
I20260909 04:44:13.761420  1179 skeleton_planner.h:170] Found solution in: 5
I20260909 04:44:13.761432  1179 skeleton_planner.h:170] Found solution in: 13
I20260909 04:44:13.761547  1179 skeleton_planner.h:170] Found solution in: 5
I20260909 04:44:13.761556  1179 skeleton_planner.h:170] Found solution in: 1
I20260909 04:44:13.761567  1179 skeleton_planner.h:170] Found solution in: 12
I20260909 04:44:13.761574  1179 skeleton_planner.h:170] Found solution in: 6
I20260909 04:44:13.761580  1179 skeleton_planner.h:170] Found solution in: 1
I20260909 04:44:13.761592  1179 skeleton_planner.h:170] Found solution in: 12
I20260909 04:44:13.761600  1179 skeleton_planner.h:170] Found solution in: 1
I20260909 04:44:13.761605  1179 skeleton_planner.h:170] Found solution in: 3
I20260909 04:44:13.761691  1179 skeleton_planner.h:170] Found solution in: 3
I20260909 04:44:13.761699  1179 skeleton_planner.h:170] Found solution in: 1
I20260909 04:44:13.761708  1179 skeleton_planner.h:170] Found solution in: 1
I20260909 04:44:13.761721  1179 skeleton_planner.h:170] Found solution in: 16
I20260909 04:44:13.761729  1179 skeleton_planner.h:170] Found solution in: 1
I20260909 04:44:13.761734  1179 skeleton_planner.h:170] Found solution in: 4
I20260909 04:44:13.761750  1179 skeleton_planner.h:170] Found solution in: 19
I20260909 04:44:13.761757  1179 skeleton_planner.h:170] Found solution in: 1
I20260909 04:44:13.761852  1179 skeleton_planner.h:170] Found solution in: 5
I20260909 04:44:13.761862  1179 skeleton_planner.h:170] Found solution in: 1
I20260909 04:44:13.761955  1179 skeleton_planner.h:170] Found solution in: 3
I20260909 04:44:13.761965  1179 skeleton_planner.h:170] Found solution in: 1
I20260909 04:44:13.761972  1179 skeleton_planner.h:170] Found solution in: 6
I20260909 04:44:13.761986  1179 skeleton_planner.h:170] Found solution in: 16
I20260909 04:44:13.761992  1179 skeleton_planner.h:170] Found solution in: 1
I20260909 04:44:13.762003  1179 skeleton_planner.h:170] Found solution in: 13
I20260909 04:44:13.762009  1179 skeleton_planner.h:170] Found solution in: 6
I20260909 04:44:13.762015  1179 skeleton_planner.h:170] Found solution in: 1
I20260909 04:44:13.762101  1179 skeleton_planner.h:170] Found solution in: 3
I20260909 04:44:13.762111  1179 skeleton_planner.h:170] Found solution in: 1
I20260909 04:44:13.762116  1179 skeleton_planner.h:170] Found solution in: 3
I20260909 04:44:13.762137  1179 skeleton_planner.h:170] Found solution in: 5
I20260909 04:44:13.762146  1179 skeleton_planner.h:170] Found solution in: 1
I20260909 04:44:13.762173  1179 skeleton_planner.h:170] Found solution in: 6
I20260909 04:44:13.762182  1179 skeleton_planner.h:170] Found solution in: 1
I20260909 04:44:13.762269  1179 skeleton_planner.h:170] Found solution in: 4
I20260909 04:44:13.762279  1179 skeleton_planner.h:170] Found solution in: 1
I20260909 04:44:13.762284  1179 skeleton_planner.h:170] Found solution in: 1
I20260909 04:44:13.762287  1179 skeleton_planner.h:170] Found solution in: 2
I20260909 04:44:13.762300  1179 skeleton_planner.h:170] Found solution in: 3
I20260909 04:44:13.762310  1179 skeleton_planner.h:170] Found solution in: 1
I20260909 04:44:13.762315  1179 skeleton_planner.h:170] Found solution in: 3
I20260909 04:44:13.762360  1179 skeleton_planner.h:170] Found solution in: 28
I20260909 04:44:13.762423  1179 skeleton_planner.h:170] Found solution in: 32
I20260909 04:44:13.762545  1179 skeleton_planner.h:170] Found solution in: 86
I20260909 04:44:13.762682  1179 skeleton_planner.h:170] Found solution in: 93
I20260909 04:44:13.762696  1179 skeleton_planner.h:170] Found solution in: 1
I20260909 04:44:13.762699  1179 skeleton_planner.h:170] Found solution in: 3
I20260909 04:44:13.762738  1179 skeleton_planner.h:170] Found solution in: 19
I20260909 04:44:13.762776  1179 skeleton_planner.h:170] Found solution in: 20
I20260909 04:44:13.762785  1179 skeleton_planner.h:170] Found solution in: 1
I20260909 04:44:13.762789  1179 skeleton_planner.h:170] Found solution in: 3
I20260909 04:44:13.762814  1179 skeleton_planner.h:170] Found solution in: 6
I20260909 04:44:13.762821  1179 skeleton_planner.h:170] Found solution in: 1
I20260909 04:44:13.762830  1179 skeleton_planner.h:170] Found solution in: 8
I20260909 04:44:13.762837  1179 skeleton_planner.h:170] Found solution in: 1
I20260909 04:44:13.762850  1179 skeleton_planner.h:170] Found solution in: 4
I20260909 04:44:13.762857  1179 skeleton_planner.h:170] Found solution in: 1
I20260909 04:44:13.762861  1179 skeleton_planner.h:170] Found solution in: 2
I20260909 04:44:13.762871  1179 skeleton_planner.h:170] Found solution in: 3
I20260909 04:44:13.762876  1179 skeleton_planner.h:170] Found solution in: 1
I20260909 04:44:13.762887  1179 skeleton_planner.h:170] Found solution in: 3
I20260909 04:44:13.762893  1179 skeleton_planner.h:170] Found solution in: 1
I20260909 04:44:13.762900  1179 skeleton_planner.h:170] Found solution in: 1
I20260909 04:44:13.762905  1179 skeleton_planner.h:170] Found solution in: 5
I20260909 04:44:13.762912  1179 skeleton_planner.h:170] Found solution in: 1
I20260909 04:44:13.762916  1179 skeleton_planner.h:170] Found solution in: 5
I20260909 04:44:13.763121  1179 skeleton_planner.h:170] Found solution in: 1
I20260909 04:44:13.763124  1179 skeleton_planner.h:170] Found solution in: 2
I20260909 04:44:13.763139  1179 skeleton_planner.h:170] Found solution in: 4
I20260909 04:44:13.763144  1179 skeleton_planner.h:170] Found solution in: 1
I20260909 04:44:13.763160  1179 skeleton_planner.h:170] Found solution in: 5
I20260909 04:44:13.763168  1179 skeleton_planner.h:170] Found solution in: 1
I20260909 04:44:13.763176  1179 skeleton_planner.h:170] Found solution in: 9
I20260909 04:44:13.763211  1179 skeleton_planner.h:170] Found solution in: 8
I20260909 04:44:13.763217  1179 skeleton_planner.h:170] Found solution in: 1
I20260909 04:44:13.763252  1179 skeleton_planner.h:170] Found solution in: 14
I20260909 04:44:13.763260  1179 skeleton_planner.h:170] Found solution in: 1
I20260909 04:44:13.763274  1179 skeleton_planner.h:170] Found solution in: 5
I20260909 04:44:13.763280  1179 skeleton_planner.h:170] Found solution in: 1
I20260909 04:44:13.763291  1179 skeleton_planner.h:170] Found solution in: 3
I20260909 04:44:13.763298  1179 skeleton_planner.h:170] Found solution in: 1
I20260909 04:44:13.764084  1179 skeleton_planner.h:170] Found solution in: 1
I20260909 04:44:13.764122  1179 skeleton_planner.h:170] Found solution in: 44
I20260909 04:44:13.764130  1179 skeleton_planner.h:170] Found solution in: 1
I20260909 04:44:13.764145  1179 skeleton_planner.h:170] Found solution in: 16
I20260909 04:44:13.764154  1179 skeleton_planner.h:170] Found solution in: 1
I20260909 04:44:13.764161  1179 skeleton_planner.h:170] Found solution in: 1
I20260909 04:44:13.764166  1179 skeleton_planner.h:170] Found solution in: 4
I20260909 04:44:13.764173  1179 skeleton_planner.h:170] Found solution in: 5
I20260909 04:44:13.764179  1179 skeleton_planner.h:170] Found solution in: 1
I20260909 04:44:13.764214  1179 skeleton_planner.h:170] Found solution in: 5
I20260909 04:44:13.764222  1179 skeleton_planner.h:170] Found solution in: 1
I20260909 04:44:13.764227  1179 skeleton_planner.h:170] Found solution in: 4
I20260909 04:44:13.764238  1179 skeleton_planner.h:170] Found solution in: 1
I20260909 04:44:13.764241  1179 skeleton_planner.h:170] Found solution in: 2
I20260909 04:44:13.764252  1179 skeleton_planner.h:170] Found solution in: 4
I20260909 04:44:13.764262  1179 skeleton_planner.h:170] Found solution in: 1
I20260909 04:44:13.764276  1179 skeleton_planner.h:170] Found solution in: 5
I20260909 04:44:13.764285  1179 skeleton_planner.h:170] Found solution in: 1
I20260909 04:44:13.764289  1179 skeleton_planner.h:170] Found solution in: 3
I20260909 04:44:13.764508  1179 skeleton_planner.h:170] Found solution in: 1
I20260909 04:44:13.764513  1179 skeleton_planner.h:170] Found solution in: 3
I20260909 04:44:13.764736  1179 skeleton_planner.h:170] Found solution in: 1
I20260909 04:44:13.765107  1179 skeleton_planner.h:170] Found solution in: 1
I20260909 04:44:13.765115  1179 skeleton_planner.h:170] Found solution in: 6
I20260909 04:44:13.765121  1179 skeleton_planner.h:170] Found solution in: 1
I20260909 04:44:13.765127  1179 skeleton_planner.h:170] Found solution in: 6
I20260909 04:44:13.765234  1179 skeleton_planner.h:170] Found solution in: 4
I20260909 04:44:13.765246  1179 skeleton_planner.h:170] Found solution in: 1
I20260909 04:44:13.765254  1179 skeleton_planner.h:170] Found solution in: 6
I20260909 04:44:13.765261  1179 skeleton_planner.h:170] Found solution in: 1
I20260909 04:44:13.765268  1179 skeleton_planner.h:170] Found solution in: 1
I20260909 04:44:13.765275  1179 skeleton_planner.h:170] Found solution in: 6
I20260909 04:44:13.765283  1179 skeleton_planner.h:170] Found solution in: 1
I20260909 04:44:13.765291  1179 skeleton_planner.h:170] Found solution in: 6
I20260909 04:44:13.765300  1179 skeleton_planner.h:170] Found solution in: 1
I20260909 04:44:13.765311  1179 skeleton_planner.h:170] Found solution in: 9
I20260909 04:44:13.765417  1179 skeleton_planner.h:170] Found solution in: 4
I20260909 04:44:13.765426  1179 skeleton_planner.h:170] Found solution in: 1
I20260909 04:44:13.765434  1179 skeleton_planner.h:170] Found solution in: 6
I20260909 04:44:13.765448  1179 skeleton_planner.h:170] Found solution in: 15
I20260909 04:44:13.765455  1179 skeleton_planner.h:170] Found solution in: 1
I20260909 04:44:13.765559  1179 skeleton_planner.h:170] Found solution in: 5
I20260909 04:44:13.765570  1179 skeleton_planner.h:170] Found solution in: 1
I20260909 04:44:13.765575  1179 skeleton_planner.h:170] Found solution in: 4
I20260909 04:44:13.765583  1179 skeleton_planner.h:170] Found solution in: 6
I20260909 04:44:13.765610  1179 skeleton_planner.h:170] Found solution in: 5
I20260909 04:44:13.765618  1179 skeleton_planner.h:170] Found solution in: 1
I20260909 04:44:13.765691  1179 skeleton_planner.h:170] Found solution in: 90
I20260909 04:44:13.765702  1179 skeleton_planner.h:170] Found solution in: 1
I20260909 04:44:13.765709  1179 skeleton_planner.h:170] Found solution in: 6
I20260909 04:44:13.765717  1179 skeleton_planner.h:170] Found solution in: 1
I20260909 04:44:13.765724  1179 skeleton_planner.h:170] Found solution in: 1
I20260909 04:44:13.765730  1179 skeleton_planner.h:170] Found solution in: 4
I20260909 04:44:13.765956  1179 skeleton_planner.h:170] Found solution in: 9
I20260909 04:44:13.765969  1179 skeleton_planner.h:170] Found solution in: 1
I20260909 04:44:13.765981  1179 skeleton_planner.h:170] Found solution in: 3
I20260909 04:44:13.765990  1179 skeleton_planner.h:170] Found solution in: 1
I20260909 04:44:13.765995  1179 skeleton_planner.h:170] Found solution in: 6
I20260909 04:44:13.766001  1179 skeleton_planner.h:170] Found solution in: 1
I20260909 04:44:13.766008  1179 skeleton_planner.h:170] Found solution in: 6
I20260909 04:44:13.766016  1179 skeleton_planner.h:170] Found solution in: 1
I20260909 04:44:13.766036  1179 skeleton_planner.h:170] Found solution in: 5
I20260909 04:44:13.766045  1179 skeleton_planner.h:170] Found solution in: 1
I20260909 04:44:13.766050  1179 skeleton_planner.h:170] Found solution in: 1
I20260909 04:44:13.766053  1179 skeleton_planner.h:170] Found solution in: 2
I20260909 04:44:13.766085  1179 skeleton_planner.h:170] Found solution in: 15
I20260909 04:44:13.766093  1179 skeleton_planner.h:170] Found solution in: 1
I20260909 04:44:13.766129  1179 skeleton_planner.h:170] Found solution in: 16
I20260909 04:44:13.766142  1179 skeleton_planner.h:170] Found solution in: 1
I20260909 04:44:13.766155  1179 skeleton_planner.h:170] Found solution in: 3
I20260909 04:44:13.766163  1179 skeleton_planner.h:170] Found solution in: 1
I20260909 04:44:13.766184  1179 skeleton_planner.h:170] Found solution in: 4
I20260909 04:44:13.766194  1179 skeleton_planner.h:170] Found solution in: 1
I20260909 04:44:13.766209  1179 skeleton_planner.h:170] Found solution in: 5
I20260909 04:44:13.766218  1179 skeleton_planner.h:170] Found solution in: 1
I20260909 04:44:13.766222  1179 skeleton_planner.h:170] Found solution in: 2
I20260909 04:44:13.766233  1179 skeleton_planner.h:170] Found solution in: 3
I20260909 04:44:13.766242  1179 skeleton_planner.h:170] Found solution in: 1
I20260909 04:44:13.766249  1179 skeleton_planner.h:170] Found solution in: 6
I20260909 04:44:13.766255  1179 skeleton_planner.h:170] Found solution in: 1
I20260909 04:44:13.766271  1179 skeleton_planner.h:170] Found solution in: 3
I20260909 04:44:13.766278  1179 skeleton_planner.h:170] Found solution in: 1
I20260909 04:44:13.766299  1179 skeleton_planner.h:170] Found solution in: 5
I20260909 04:44:13.766309  1179 skeleton_planner.h:170] Found solution in: 1
I20260909 04:44:13.766312  1179 skeleton_planner.h:170] Found solution in: 2
I20260909 04:44:13.766322  1179 skeleton_planner.h:170] Found solution in: 3
I20260909 04:44:13.766332  1179 skeleton_planner.h:170] Found solution in: 1
I20260909 04:44:13.766350  1179 skeleton_planner.h:170] Found solution in: 5
I20260909 04:44:13.766360  1179 skeleton_planner.h:170] Found solution in: 1
I20260909 04:44:13.766374  1179 skeleton_planner.h:170] Found solution in: 3
I20260909 04:44:13.766384  1179 skeleton_planner.h:170] Found solution in: 1
I20260909 04:44:13.766390  1179 skeleton_planner.h:170] Found solution in: 1
I20260909 04:44:13.766482  1179 skeleton_planner.h:170] Found solution in: 3
I20260909 04:44:13.766490  1179 skeleton_planner.h:170] Found solution in: 1
I20260909 04:44:13.766506  1179 skeleton_planner.h:170] Found solution in: 4
I20260909 04:44:13.766517  1179 skeleton_planner.h:170] Found solution in: 1
I20260909 04:44:13.766537  1179 skeleton_planner.h:170] Found solution in: 5
I20260909 04:44:13.766546  1179 skeleton_planner.h:170] Found solution in: 1
I20260909 04:44:13.766561  1179 skeleton_planner.h:170] Found solution in: 17
I20260909 04:44:13.766568  1179 skeleton_planner.h:170] Found solution in: 7
I20260909 04:44:13.766574  1179 skeleton_planner.h:170] Found solution in: 1
I20260909 04:44:13.766589  1179 skeleton_planner.h:170] Found solution in: 16
I20260909 04:44:13.766597  1179 skeleton_planner.h:170] Found solution in: 1
I20260909 04:44:13.766600  1179 skeleton_planner.h:170] Found solution in: 3
I20260909 04:44:13.766819  1179 skeleton_planner.h:170] Found solution in: 12
I20260909 04:44:13.766829  1179 skeleton_planner.h:170] Found solution in: 1
I20260909 04:44:13.767254  1179 skeleton_planner.h:170] Found solution in: 1
I20260909 04:44:13.767287  1179 skeleton_planner.h:170] Found solution in: 6
I20260909 04:44:13.767300  1179 skeleton_planner.h:170] Found solution in: 1
I20260909 04:44:13.767323  1179 skeleton_planner.h:170] Found solution in: 5
I20260909 04:44:13.767331  1179 skeleton_planner.h:170] Found solution in: 1
I20260909 04:44:13.767341  1179 skeleton_planner.h:170] Found solution in: 11
I20260909 04:44:13.767347  1179 skeleton_planner.h:170] Found solution in: 5
I20260909 04:44:13.767354  1179 skeleton_planner.h:170] Found solution in: 8
I20260909 04:44:13.767380  1179 skeleton_planner.h:170] Found solution in: 6
I20260909 04:44:13.767387  1179 skeleton_planner.h:170] Found solution in: 1
I20260909 04:44:13.767391  1179 skeleton_planner.h:170] Found solution in: 2
I20260909 04:44:13.767408  1179 skeleton_planner.h:170] Found solution in: 7
I20260909 04:44:13.767414  1179 skeleton_planner.h:170] Found solution in: 1
I20260909 04:44:13.767427  1179 skeleton_planner.h:170] Found solution in: 5
I20260909 04:44:13.767436  1179 skeleton_planner.h:170] Found solution in: 1
I20260909 04:44:13.767450  1179 skeleton_planner.h:170] Found solution in: 4
I20260909 04:44:13.767458  1179 skeleton_planner.h:170] Found solution in: 1
I20260909 04:44:13.767474  1179 skeleton_planner.h:170] Found solution in: 6
I20260909 04:44:13.767482  1179 skeleton_planner.h:170] Found solution in: 1
I20260909 04:44:13.767486  1179 skeleton_planner.h:170] Found solution in: 2
I20260909 04:44:13.767501  1179 skeleton_planner.h:170] Found solution in: 6
I20260909 04:44:13.767508  1179 skeleton_planner.h:170] Found solution in: 1
I20260909 04:44:13.767871  1179 skeleton_planner.h:170] Found solution in: 1
I20260909 04:44:13.767884  1179 skeleton_planner.h:170] Found solution in: 3
I20260909 04:44:13.767892  1179 skeleton_planner.h:170] Found solution in: 1
I20260909 04:44:13.767954  1179 skeleton_planner.h:170] Found solution in: 9
I20260909 04:44:13.767962  1179 skeleton_planner.h:170] Found solution in: 1
I20260909 04:44:13.767977  1179 skeleton_planner.h:170] Found solution in: 6
I20260909 04:44:13.767987  1179 skeleton_planner.h:170] Found solution in: 1
I20260909 04:44:13.768184  1179 skeleton_planner.h:170] Found solution in: 5
I20260909 04:44:13.768191  1179 skeleton_planner.h:170] Found solution in: 1
I20260909 04:44:13.768205  1179 skeleton_planner.h:170] Found solution in: 4
I20260909 04:44:13.768213  1179 skeleton_planner.h:170] Found solution in: 1
I20260909 04:44:13.768232  1179 skeleton_planner.h:170] Found solution in: 4
I20260909 04:44:13.768240  1179 skeleton_planner.h:170] Found solution in: 1
I20260909 04:44:13.768249  1179 skeleton_planner.h:170] Found solution in: 3
I20260909 04:44:13.768262  1179 skeleton_planner.h:170] Found solution in: 1
I20260909 04:44:13.768267  1179 skeleton_planner.h:170] Found solution in: 3
I20260909 04:44:13.768301  1179 skeleton_planner.h:170] Found solution in: 7
I20260909 04:44:13.768308  1179 skeleton_planner.h:170] Found solution in: 1
I20260909 04:44:13.768345  1179 skeleton_planner.h:170] Found solution in: 6
I20260909 04:44:13.768354  1179 skeleton_planner.h:170] Found solution in: 1
I20260909 04:44:13.768361  1179 skeleton_planner.h:170] Found solution in: 1
I20260909 04:44:13.768378  1179 skeleton_planner.h:170] Found solution in: 3
I20260909 04:44:13.768384  1179 skeleton_planner.h:170] Found solution in: 1
I20260909 04:44:13.768400  1179 skeleton_planner.h:170] Found solution in: 3
I20260909 04:44:13.768409  1179 skeleton_planner.h:170] Found solution in: 1
I20260909 04:44:13.768437  1179 skeleton_planner.h:170] Found solution in: 4
I20260909 04:44:13.768450  1179 skeleton_planner.h:170] Found solution in: 1
I20260909 04:44:13.768544  1179 skeleton_planner.h:170] Found solution in: 6
I20260909 04:44:13.768555  1179 skeleton_planner.h:170] Found solution in: 1
I20260909 04:44:13.768566  1179 skeleton_planner.h:170] Found solution in: 3
I20260909 04:44:13.768575  1179 skeleton_planner.h:170] Found solution in: 1
I20260909 04:44:13.768581  1179 skeleton_planner.h:170] Found solution in: 1
I20260909 04:44:13.768597  1179 skeleton_planner.h:170] Found solution in: 5
I20260909 04:44:13.768604  1179 skeleton_planner.h:170] Found solution in: 1
I20260909 04:44:13.768610  1179 skeleton_planner.h:170] Found solution in: 4
I20260909 04:44:13.768616  1179 skeleton_planner.h:170] Found solution in: 1
I20260909 04:44:13.768716  1179 skeleton_planner.h:170] Found solution in: 6
I20260909 04:44:13.768724  1179 skeleton_planner.h:170] Found solution in: 1
I20260909 04:44:13.768735  1179 skeleton_planner.h:170] Found solution in: 1
I20260909 04:44:13.768740  1179 skeleton_planner.h:170] Found solution in: 3
I20260909 04:44:13.768761  1179 skeleton_planner.h:170] Found solution in: 7
I20260909 04:44:13.768774  1179 skeleton_planner.h:170] Found solution in: 1
I20260909 04:44:13.769122  1179 skeleton_planner.h:170] Found solution in: 11
I20260909 04:44:13.769136  1179 skeleton_planner.h:170] Found solution in: 1
I20260909 04:44:13.769141  1179 skeleton_planner.h:170] Found solution in: 3
I20260909 04:44:13.769156  1179 skeleton_planner.h:170] Found solution in: 4
I20260909 04:44:13.769163  1179 skeleton_planner.h:170] Found solution in: 1
I20260909 04:44:13.770021  1179 skeleton_planner.h:170] Found solution in: 1
I20260909 04:44:13.770026  1179 skeleton_planner.h:170] Found solution in: 3
I20260909 04:44:13.770036  1179 skeleton_planner.h:170] Found solution in: 1
I20260909 04:44:13.770149  1179 skeleton_planner.h:170] Found solution in: 4
I20260909 04:44:13.770159  1179 skeleton_planner.h:170] Found solution in: 1
I20260909 04:44:13.770174  1179 skeleton_planner.h:170] Found solution in: 14
I20260909 04:44:13.770187  1179 skeleton_planner.h:170] Found solution in: 14
I20260909 04:44:13.770195  1179 skeleton_planner.h:170] Found solution in: 1
I20260909 04:44:13.770200  1179 skeleton_planner.h:170] Found solution in: 3
I20260909 04:44:13.770218  1179 skeleton_planner.h:170] Found solution in: 22
I20260909 04:44:13.770228  1179 skeleton_planner.h:170] Found solution in: 1
I20260909 04:44:13.770233  1179 skeleton_planner.h:170] Found solution in: 3
I20260909 04:44:13.770243  1179 skeleton_planner.h:170] Found solution in: 1
I20260909 04:44:13.770278  1179 skeleton_planner.h:170] Found solution in: 43
I20260909 04:44:13.770292  1179 skeleton_planner.h:170] Found solution in: 1
I20260909 04:44:13.770396  1179 skeleton_planner.h:170] Found solution in: 3
I20260909 04:44:13.770406  1179 skeleton_planner.h:170] Found solution in: 1
I20260909 04:44:13.770478  1179 skeleton_planner.h:170] Found solution in: 86
I20260909 04:44:13.770494  1179 skeleton_planner.h:170] Found solution in: 1
I20260909 04:44:13.770589  1179 skeleton_planner.h:170] Found solution in: 3
I20260909 04:44:13.770601  1179 skeleton_planner.h:170] Found solution in: 1
I20260909 04:44:13.770604  1179 skeleton_planner.h:170] Found solution in: 3
I20260909 04:44:13.770624  1179 skeleton_planner.h:170] Found solution in: 5
I20260909 04:44:13.770635  1179 skeleton_planner.h:170] Found solution in: 1
I20260909 04:44:13.770720  1179 skeleton_planner.h:170] Found solution in: 3
I20260909 04:44:13.770728  1179 skeleton_planner.h:170] Found solution in: 1
I20260909 04:44:13.770745  1179 skeleton_planner.h:170] Found solution in: 22
I20260909 04:44:13.770753  1179 skeleton_planner.h:170] Found solution in: 1
I20260909 04:44:13.770759  1179 skeleton_planner.h:170] Found solution in: 1
I20260909 04:44:13.770764  1179 skeleton_planner.h:170] Found solution in: 1
I20260909 04:44:13.770771  1179 skeleton_planner.h:170] Found solution in: 6
I20260909 04:44:13.770777  1179 skeleton_planner.h:170] Found solution in: 1
I20260909 04:44:13.770781  1179 skeleton_planner.h:170] Found solution in: 3
I20260909 04:44:13.771776  1179 skeleton_planner.h:170] Found solution in: 1
I20260909 04:44:13.771782  1179 skeleton_planner.h:170] Found solution in: 3
I20260909 04:44:13.772816  1179 skeleton_planner.h:170] Found solution in: 1
I20260909 04:44:13.772821  1179 skeleton_planner.h:170] Found solution in: 2
I20260909 04:44:13.772847  1179 skeleton_planner.h:170] Found solution in: 6
I20260909 04:44:13.772854  1179 skeleton_planner.h:170] Found solution in: 1
I20260909 04:44:13.772862  1179 skeleton_planner.h:170] Found solution in: 6
I20260909 04:44:13.772869  1179 skeleton_planner.h:170] Found solution in: 7
I20260909 04:44:13.772876  1179 skeleton_planner.h:170] Found solution in: 1
I20260909 04:44:13.772887  1179 skeleton_planner.h:170] Found solution in: 3
I20260909 04:44:13.772894  1179 skeleton_planner.h:170] Found solution in: 1
I20260909 04:44:13.772908  1179 skeleton_planner.h:170] Found solution in: 5
I20260909 04:44:13.772919  1179 skeleton_planner.h:170] Found solution in: 1
I20260909 04:44:13.772933  1179 skeleton_planner.h:170] Found solution in: 12
I20260909 04:44:13.773027  1179 skeleton_planner.h:170] Found solution in: 4
I20260909 04:44:13.773036  1179 skeleton_planner.h:170] Found solution in: 1
I20260909 04:44:13.773048  1179 skeleton_planner.h:170] Found solution in: 12
I20260909 04:44:13.773061  1179 skeleton_planner.h:170] Found solution in: 1
I20260909 04:44:13.773072  1179 skeleton_planner.h:170] Found solution in: 10
I20260909 04:44:13.773082  1179 skeleton_planner.h:170] Found solution in: 1
I20260909 04:44:13.773085  1179 skeleton_planner.h:170] Found solution in: 2
I20260909 04:44:13.773098  1179 skeleton_planner.h:170] Found solution in: 4
I20260909 04:44:13.773108  1179 skeleton_planner.h:170] Found solution in: 1
I20260909 04:44:13.773118  1179 skeleton_planner.h:170] Found solution in: 1
I20260909 04:44:13.773137  1179 skeleton_planner.h:170] Found solution in: 5
I20260909 04:44:13.773149  1179 skeleton_planner.h:170] Found solution in: 1
I20260909 04:44:13.773151  1179 skeleton_planner.h:170] Found solution in: 2
I20260909 04:44:13.773164  1179 skeleton_planner.h:170] Found solution in: 4
I20260909 04:44:13.773175  1179 skeleton_planner.h:170] Found solution in: 1
I20260909 04:44:13.773191  1179 skeleton_planner.h:170] Found solution in: 5
I20260909 04:44:13.773200  1179 skeleton_planner.h:170] Found solution in: 1
I20260909 04:44:13.773273  1179 skeleton_planner.h:170] Found solution in: 91
I20260909 04:44:13.773283  1179 skeleton_planner.h:170] Found solution in: 1
I20260909 04:44:13.773289  1179 skeleton_planner.h:170] Found solution in: 6
I20260909 04:44:13.773299  1179 skeleton_planner.h:170] Found solution in: 1
I20260909 04:44:13.773311  1179 skeleton_planner.h:170] Found solution in: 10
I20260909 04:44:13.773322  1179 skeleton_planner.h:170] Found solution in: 1
I20260909 04:44:13.773326  1179 skeleton_planner.h:170] Found solution in: 3
I20260909 04:44:13.773352  1179 skeleton_planner.h:170] Found solution in: 6
I20260909 04:44:13.773362  1179 skeleton_planner.h:170] Found solution in: 1
I20260909 04:44:13.773370  1179 skeleton_planner.h:170] Found solution in: 1
I20260909 04:44:13.773391  1179 skeleton_planner.h:170] Found solution in: 6
I20260909 04:44:13.773401  1179 skeleton_planner.h:170] Found solution in: 1
I20260909 04:44:13.773409  1179 skeleton_planner.h:170] Found solution in: 8
I20260909 04:44:13.773419  1179 skeleton_planner.h:170] Found solution in: 1
I20260909 04:44:13.773432  1179 skeleton_planner.h:170] Found solution in: 3
I20260909 04:44:13.773437  1179 skeleton_planner.h:170] Found solution in: 1
I20260909 04:44:13.773442  1179 skeleton_planner.h:170] Found solution in: 2
I20260909 04:44:13.773452  1179 skeleton_planner.h:170] Found solution in: 4
I20260909 04:44:13.773460  1179 skeleton_planner.h:170] Found solution in: 1
I20260909 04:44:13.773473  1179 skeleton_planner.h:170] Found solution in: 1
I20260909 04:44:13.773479  1179 skeleton_planner.h:170] Found solution in: 7
I20260909 04:44:13.773590  1179 skeleton_planner.h:170] Found solution in: 11
I20260909 04:44:13.773602  1179 skeleton_planner.h:170] Found solution in: 1
I20260909 04:44:13.773614  1179 skeleton_planner.h:170] Found solution in: 13
I20260909 04:44:13.773623  1179 skeleton_planner.h:170] Found solution in: 1
I20260909 04:44:13.773633  1179 skeleton_planner.h:170] Found solution in: 10
I20260909 04:44:13.773685  1179 skeleton_planner.h:170] Found solution in: 63
I20260909 04:44:13.773694  1179 skeleton_planner.h:170] Found solution in: 1
I20260909 04:44:13.773699  1179 skeleton_planner.h:170] Found solution in: 1
I20260909 04:44:13.773713  1179 skeleton_planner.h:170] Found solution in: 15
I20260909 04:44:13.773721  1179 skeleton_planner.h:170] Found solution in: 1
I20260909 04:44:13.773727  1179 skeleton_planner.h:170] Found solution in: 6
I20260909 04:44:13.773734  1179 skeleton_planner.h:170] Found solution in: 5
I20260909 04:44:13.773741  1179 skeleton_planner.h:170] Found solution in: 1
I20260909 04:44:13.773748  1179 skeleton_planner.h:170] Found solution in: 7
I20260909 04:44:13.773792  1179 skeleton_planner.h:170] Found solution in: 56
I20260909 04:44:13.773799  1179 skeleton_planner.h:170] Found solution in: 1
I20260909 04:44:13.773805  1179 skeleton_planner.h:170] Found solution in: 5
I20260909 04:44:13.773813  1179 skeleton_planner.h:170] Found solution in: 6
I20260909 04:44:13.773821  1179 skeleton_planner.h:170] Found solution in: 1
I20260909 04:44:13.773841  1179 skeleton_planner.h:170] Found solution in: 4
I20260909 04:44:13.773849  1179 skeleton_planner.h:170] Found solution in: 1
I20260909 04:44:13.773891  1179 skeleton_planner.h:170] Found solution in: 4
I20260909 04:44:13.773898  1179 skeleton_planner.h:170] Found solution in: 1
I20260909 04:44:13.773902  1179 skeleton_planner.h:170] Found solution in: 3
I20260909 04:44:13.774127  1179 skeleton_planner.h:170] Found solution in: 8
I20260909 04:44:13.774134  1179 skeleton_planner.h:170] Found solution in: 1
I20260909 04:44:13.774366  1179 skeleton_planner.h:170] Found solution in: 9
I20260909 04:44:13.774377  1179 skeleton_planner.h:170] Found solution in: 1
I20260909 04:44:13.774381  1179 skeleton_planner.h:170] Found solution in: 2
I20260909 04:44:13.774595  1179 skeleton_planner.h:170] Found solution in: 19
I20260909 04:44:13.774605  1179 skeleton_planner.h:170] Found solution in: 1
I20260909 04:44:13.774780  1179 skeleton_planner.h:170] Found solution in: 96
I20260909 04:44:13.774794  1179 skeleton_planner.h:170] Found solution in: 1
I20260909 04:44:13.775039  1179 skeleton_planner.h:170] Found solution in: 76
I20260909 04:44:13.775058  1179 skeleton_planner.h:170] Found solution in: 1
I20260909 04:44:13.775084  1179 skeleton_planner.h:170] Found solution in: 32
I20260909 04:44:13.775092  1179 skeleton_planner.h:170] Found solution in: 1
I20260909 04:44:13.775105  1179 skeleton_planner.h:170] Found solution in: 4
I20260909 04:44:13.775112  1179 skeleton_planner.h:170] Found solution in: 1
I20260909 04:44:13.775120  1179 skeleton_planner.h:170] Found solution in: 1
I20260909 04:44:13.775136  1179 skeleton_planner.h:170] Found solution in: 5
I20260909 04:44:13.775146  1179 skeleton_planner.h:170] Found solution in: 1
I20260909 04:44:13.775151  1179 skeleton_planner.h:170] Found solution in: 3
I20260909 04:44:13.775156  1179 skeleton_planner.h:170] Found solution in: 1
I20260909 04:44:13.775161  1179 skeleton_planner.h:170] Found solution in: 3
I20260909 04:44:13.775167  1179 skeleton_planner.h:170] Found solution in: 1
I20260909 04:44:13.775233  1179 skeleton_planner.h:170] Found solution in: 26
I20260909 04:44:13.775269  1179 skeleton_planner.h:170] Found solution in: 13
I20260909 04:44:13.775277  1179 skeleton_planner.h:170] Found solution in: 1
I20260909 04:44:13.775281  1179 skeleton_planner.h:170] Found solution in: 3
I20260909 04:44:13.775326  1179 skeleton_planner.h:170] Found solution in: 23
I20260909 04:44:13.775336  1179 skeleton_planner.h:170] Found solution in: 1
I20260909 04:44:13.775339  1179 skeleton_planner.h:170] Found solution in: 3
I20260909 04:44:13.775385  1179 skeleton_planner.h:170] Found solution in: 24
I20260909 04:44:13.775405  1179 skeleton_planner.h:170] Found solution in: 6
I20260909 04:44:13.775415  1179 skeleton_planner.h:170] Found solution in: 1
I20260909 04:44:13.775418  1179 skeleton_planner.h:170] Found solution in: 2
I20260909 04:44:13.775612  1179 skeleton_planner.h:170] Found solution in: 8
I20260909 04:44:13.775621  1179 skeleton_planner.h:170] Found solution in: 1
I20260909 04:44:13.775805  1179 skeleton_planner.h:170] Found solution in: 1
I20260909 04:44:13.776006  1179 skeleton_planner.h:170] Found solution in: 10
I20260909 04:44:13.776014  1179 skeleton_planner.h:170] Found solution in: 1
I20260909 04:44:13.776121  1179 skeleton_planner.h:170] Found solution in: 51
I20260909 04:44:13.776134  1179 skeleton_planner.h:170] Found solution in: 1
I20260909 04:44:13.776139  1179 skeleton_planner.h:170] Found solution in: 5
I20260909 04:44:13.776145  1179 skeleton_planner.h:170] Found solution in: 1
I20260909 04:44:13.776151  1179 skeleton_planner.h:170] Found solution in: 5
I20260909 04:44:13.776185  1179 skeleton_planner.h:170] Found solution in: 10
I20260909 04:44:13.776194  1179 skeleton_planner.h:170] Found solution in: 1
I20260909 04:44:13.776394  1179 skeleton_planner.h:170] Found solution in: 20
I20260909 04:44:13.776407  1179 skeleton_planner.h:170] Found solution in: 1
I20260909 04:44:13.776432  1179 skeleton_planner.h:170] Found solution in: 32
I20260909 04:44:13.776489  1179 skeleton_planner.h:170] Found solution in: 8
I20260909 04:44:13.776496  1179 skeleton_planner.h:170] Found solution in: 1
I20260909 04:44:13.776504  1179 skeleton_planner.h:170] Found solution in: 7
I20260909 04:44:13.776553  1179 skeleton_planner.h:170] Found solution in: 7
I20260909 04:44:13.776563  1179 skeleton_planner.h:170] Found solution in: 1
I20260909 04:44:13.776569  1179 skeleton_planner.h:170] Found solution in: 4
I20260909 04:44:13.776577  1179 skeleton_planner.h:170] Found solution in: 1
I20260909 04:44:13.776592  1179 skeleton_planner.h:170] Found solution in: 4
I20260909 04:44:13.776602  1179 skeleton_planner.h:170] Found solution in: 1
I20260909 04:44:13.776705  1179 skeleton_planner.h:170] Found solution in: 3
I20260909 04:44:13.776712  1179 skeleton_planner.h:170] Found solution in: 1
I20260909 04:44:13.776721  1179 skeleton_planner.h:170] Found solution in: 1
I20260909 04:44:13.776732  1179 skeleton_planner.h:170] Found solution in: 1
I20260909 04:44:13.776844  1179 skeleton_planner.h:170] Found solution in: 4
I20260909 04:44:13.776854  1179 skeleton_planner.h:170] Found solution in: 1
I20260909 04:44:13.776952  1179 skeleton_planner.h:170] Found solution in: 4
I20260909 04:44:13.776965  1179 skeleton_planner.h:170] Found solution in: 1
I20260909 04:44:13.776969  1179 skeleton_planner.h:170] Found solution in: 2
I20260909 04:44:13.776994  1179 skeleton_planner.h:170] Found solution in: 7
I20260909 04:44:13.777009  1179 skeleton_planner.h:170] Found solution in: 1
I20260909 04:44:13.777112  1179 skeleton_planner.h:170] Found solution in: 4
I20260909 04:44:13.777120  1179 skeleton_planner.h:170] Found solution in: 1
I20260909 04:44:13.777151  1179 skeleton_planner.h:170] Found solution in: 35
I20260909 04:44:13.777184  1179 skeleton_planner.h:170] Found solution in: 34
I20260909 04:44:13.777194  1179 skeleton_planner.h:170] Found solution in: 1
I20260909 04:44:13.777216  1179 skeleton_planner.h:170] Found solution in: 25
I20260909 04:44:13.777267  1179 skeleton_planner.h:170] Found solution in: 49
I20260909 04:44:13.777278  1179 skeleton_planner.h:170] Found solution in: 1
I20260909 04:44:13.777290  1179 skeleton_planner.h:170] Found solution in: 1
I20260909 04:44:13.777343  1179 skeleton_planner.h:170] Found solution in: 60
I20260909 04:44:13.777365  1179 skeleton_planner.h:170] Found solution in: 25
I20260909 04:44:13.777375  1179 skeleton_planner.h:170] Found solution in: 9
I20260909 04:44:13.777382  1179 skeleton_planner.h:170] Found solution in: 1
I20260909 04:44:13.777386  1179 skeleton_planner.h:170] Found solution in: 3
I20260909 04:44:13.777391  1179 skeleton_planner.h:170] Found solution in: 1
I20260909 04:44:13.777396  1179 skeleton_planner.h:170] Found solution in: 3
I20260909 04:44:13.777490  1179 skeleton_planner.h:170] Found solution in: 5
I20260909 04:44:13.777498  1179 skeleton_planner.h:170] Found solution in: 1
I20260909 04:44:13.777516  1179 skeleton_planner.h:170] Found solution in: 18
I20260909 04:44:13.777523  1179 skeleton_planner.h:170] Found solution in: 1
I20260909 04:44:13.777540  1179 skeleton_planner.h:170] Found solution in: 19
I20260909 04:44:13.777549  1179 skeleton_planner.h:170] Found solution in: 1
I20260909 04:44:13.777562  1179 skeleton_planner.h:170] Found solution in: 4
I20260909 04:44:13.777570  1179 skeleton_planner.h:170] Found solution in: 1
I20260909 04:44:13.777577  1179 skeleton_planner.h:170] Found solution in: 1
I20260909 04:44:13.777594  1179 skeleton_planner.h:170] Found solution in: 18
I20260909 04:44:13.777602  1179 skeleton_planner.h:170] Found solution in: 1
I20260909 04:44:13.777693  1179 skeleton_planner.h:170] Found solution in: 5
I20260909 04:44:13.777701  1179 skeleton_planner.h:170] Found solution in: 1
I20260909 04:44:13.777716  1179 skeleton_planner.h:170] Found solution in: 15
I20260909 04:44:13.777783  1179 skeleton_planner.h:170] Found solution in: 86
I20260909 04:44:13.777875  1179 skeleton_planner.h:170] Found solution in: 5
I20260909 04:44:13.777884  1179 skeleton_planner.h:170] Found solution in: 1
I20260909 04:44:13.777890  1179 skeleton_planner.h:170] Found solution in: 6
I20260909 04:44:13.777899  1179 skeleton_planner.h:170] Found solution in: 1
I20260909 04:44:13.777913  1179 skeleton_planner.h:170] Found solution in: 5
I20260909 04:44:13.777921  1179 skeleton_planner.h:170] Found solution in: 1
I20260909 04:44:13.777925  1179 skeleton_planner.h:170] Found solution in: 2
I20260909 04:44:13.777931  1179 skeleton_planner.h:170] Found solution in: 1
I20260909 04:44:13.777952  1179 skeleton_planner.h:170] Found solution in: 6
I20260909 04:44:13.777959  1179 skeleton_planner.h:170] Found solution in: 1
I20260909 04:44:13.777962  1179 skeleton_planner.h:170] Found solution in: 2
I20260909 04:44:13.778085  1179 skeleton_planner.h:170] Found solution in: 72
I20260909 04:44:13.778100  1179 skeleton_planner.h:170] Found solution in: 1
I20260909 04:44:13.778108  1179 skeleton_planner.h:170] Found solution in: 1
I20260909 04:44:13.778112  1179 skeleton_planner.h:170] Found solution in: 2
I20260909 04:44:13.778529  1179 skeleton_planner.h:170] Found solution in: 1
I20260909 04:44:13.778533  1179 skeleton_planner.h:170] Found solution in: 2
I20260909 04:44:13.778941  1179 skeleton_planner.h:170] Found solution in: 1
I20260909 04:44:13.778946  1179 skeleton_planner.h:170] Found solution in: 3
I20260909 04:44:13.778957  1179 skeleton_planner.h:170] Found solution in: 3
I20260909 04:44:13.778966  1179 skeleton_planner.h:170] Found solution in: 1
I20260909 04:44:13.778980  1179 skeleton_planner.h:170] Found solution in: 4
I20260909 04:44:13.778991  1179 skeleton_planner.h:170] Found solution in: 1
I20260909 04:44:13.778998  1179 skeleton_planner.h:170] Found solution in: 1
I20260909 04:44:13.779053  1179 skeleton_planner.h:170] Found solution in: 5
I20260909 04:44:13.779064  1179 skeleton_planner.h:170] Found solution in: 1
I20260909 04:44:13.779081  1179 skeleton_planner.h:170] Found solution in: 3
I20260909 04:44:13.779088  1179 skeleton_planner.h:170] Found solution in: 1
I20260909 04:44:13.779095  1179 skeleton_planner.h:170] Found solution in: 5
I20260909 04:44:13.779101  1179 skeleton_planner.h:170] Found solution in: 5
I20260909 04:44:13.779109  1179 skeleton_planner.h:170] Found solution in: 1
I20260909 04:44:13.779120  1179 skeleton_planner.h:170] Found solution in: 13
I20260909 04:44:13.779153  1179 skeleton_planner.h:170] Found solution in: 3
I20260909 04:44:13.779160  1179 skeleton_planner.h:170] Found solution in: 1
I20260909 04:44:13.779166  1179 skeleton_planner.h:170] Found solution in: 1
I20260909 04:44:13.779172  1179 skeleton_planner.h:170] Found solution in: 5
I20260909 04:44:13.779178  1179 skeleton_planner.h:170] Found solution in: 5
I20260909 04:44:13.779184  1179 skeleton_planner.h:170] Found solution in: 1
I20260909 04:44:13.779192  1179 skeleton_planner.h:170] Found solution in: 7
I20260909 04:44:13.779198  1179 skeleton_planner.h:170] Found solution in: 1
I20260909 04:44:13.779202  1179 skeleton_planner.h:170] Found solution in: 3
I20260909 04:44:13.779218  1179 skeleton_planner.h:170] Found solution in: 6
I20260909 04:44:13.779227  1179 skeleton_planner.h:170] Found solution in: 1
I20260909 04:44:13.779232  1179 skeleton_planner.h:170] Found solution in: 4
I20260909 04:44:13.779254  1179 skeleton_planner.h:170] Found solution in: 7
I20260909 04:44:13.779261  1179 skeleton_planner.h:170] Found solution in: 1
I20260909 04:44:13.779407  1179 skeleton_planner.h:170] Found solution in: 1
I20260909 04:44:13.779435  1179 skeleton_planner.h:170] Found solution in: 7
I20260909 04:44:13.779445  1179 skeleton_planner.h:170] Found solution in: 1
I20260909 04:44:13.779448  1179 skeleton_planner.h:170] Found solution in: 2
I20260909 04:44:13.779707  1179 skeleton_planner.h:170] Found solution in: 12
I20260909 04:44:13.779717  1179 skeleton_planner.h:170] Found solution in: 1
I20260909 04:44:13.780452  1179 skeleton_planner.h:170] Found solution in: 14
I20260909 04:44:13.780463  1179 skeleton_planner.h:170] Found solution in: 1
I20260909 04:44:13.780479  1179 skeleton_planner.h:170] Found solution in: 4
I20260909 04:44:13.780488  1179 skeleton_planner.h:170] Found solution in: 1
I20260909 04:44:13.780514  1179 skeleton_planner.h:170] Found solution in: 6
I20260909 04:44:13.780521  1179 skeleton_planner.h:170] Found solution in: 1
I20260909 04:44:13.780537  1179 skeleton_planner.h:170] Found solution in: 4
I20260909 04:44:13.780544  1179 skeleton_planner.h:170] Found solution in: 1
I20260909 04:44:13.780548  1179 skeleton_planner.h:170] Found solution in: 2
I20260909 04:44:13.780557  1179 skeleton_planner.h:170] Found solution in: 3
I20260909 04:44:13.780565  1179 skeleton_planner.h:170] Found solution in: 1
I20260909 04:44:13.780581  1179 skeleton_planner.h:170] Found solution in: 5
I20260909 04:44:13.780589  1179 skeleton_planner.h:170] Found solution in: 1
I20260909 04:44:13.780661  1179 skeleton_planner.h:170] Found solution in: 4
I20260909 04:44:13.780669  1179 skeleton_planner.h:170] Found solution in: 1
I20260909 04:44:13.780692  1179 skeleton_planner.h:170] Found solution in: 3
I20260909 04:44:13.780700  1179 skeleton_planner.h:170] Found solution in: 1
I20260909 04:44:13.780706  1179 skeleton_planner.h:170] Found solution in: 1
I20260909 04:44:13.780712  1179 skeleton_planner.h:170] Found solution in: 5
I20260909 04:44:13.780735  1179 skeleton_planner.h:170] Found solution in: 6
I20260909 04:44:13.780742  1179 skeleton_planner.h:170] Found solution in: 1
I20260909 04:44:13.780766  1179 skeleton_planner.h:170] Found solution in: 7
I20260909 04:44:13.780773  1179 skeleton_planner.h:170] Found solution in: 1
I20260909 04:44:13.780781  1179 skeleton_planner.h:170] Found solution in: 1
I20260909 04:44:13.780784  1179 skeleton_planner.h:170] Found solution in: 2
I20260909 04:44:13.780790  1179 skeleton_planner.h:170] Found solution in: 1
I20260909 04:44:13.780794  1179 skeleton_planner.h:170] Found solution in: 2
I20260909 04:44:13.781145  1179 skeleton_planner.h:170] Found solution in: 1
I20260909 04:44:13.781153  1179 skeleton_planner.h:170] Found solution in: 8
I20260909 04:44:13.781186  1179 skeleton_planner.h:170] Found solution in: 6
I20260909 04:44:13.781196  1179 skeleton_planner.h:170] Found solution in: 1
I20260909 04:44:13.781553  1179 skeleton_planner.h:170] Found solution in: 10
I20260909 04:44:13.781562  1179 skeleton_planner.h:170] Found solution in: 1
I20260909 04:44:13.781592  1179 skeleton_planner.h:170] Found solution in: 6
I20260909 04:44:13.781602  1179 skeleton_planner.h:170] Found solution in: 1
I20260909 04:44:13.781610  1179 skeleton_planner.h:170] Found solution in: 7
I20260909 04:44:13.781620  1179 skeleton_planner.h:170] Found solution in: 8
I20260909 04:44:13.781625  1179 skeleton_planner.h:170] Found solution in: 1
I20260909 04:44:13.781629  1179 skeleton_planner.h:170] Found solution in: 3
I20260909 04:44:13.781642  1179 skeleton_planner.h:170] Found solution in: 4
I20260909 04:44:13.781651  1179 skeleton_planner.h:170] Found solution in: 1
I20260909 04:44:13.781656  1179 skeleton_planner.h:170] Found solution in: 3
I20260909 04:44:13.781672  1179 skeleton_planner.h:170] Found solution in: 4
I20260909 04:44:13.781682  1179 skeleton_planner.h:170] Found solution in: 1
I20260909 04:44:13.781688  1179 skeleton_planner.h:170] Found solution in: 5
I20260909 04:44:13.781695  1179 skeleton_planner.h:170] Found solution in: 1
I20260909 04:44:13.781705  1179 skeleton_planner.h:170] Found solution in: 3
I20260909 04:44:13.781715  1179 skeleton_planner.h:170] Found solution in: 1
I20260909 04:44:13.781721  1179 skeleton_planner.h:170] Found solution in: 5
I20260909 04:44:13.781728  1179 skeleton_planner.h:170] Found solution in: 1
I20260909 04:44:13.781738  1179 skeleton_planner.h:170] Found solution in: 3
I20260909 04:44:13.781745  1179 skeleton_planner.h:170] Found solution in: 1
I20260909 04:44:13.781790  1179 skeleton_planner.h:170] Found solution in: 3
I20260909 04:44:13.781798  1179 skeleton_planner.h:170] Found solution in: 1
I20260909 04:44:13.781837  1179 skeleton_planner.h:170] Found solution in: 4
I20260909 04:44:13.781845  1179 skeleton_planner.h:170] Found solution in: 1
I20260909 04:44:13.781863  1179 skeleton_planner.h:170] Found solution in: 6
I20260909 04:44:13.781872  1179 skeleton_planner.h:170] Found solution in: 1
I20260909 04:44:13.781876  1179 skeleton_planner.h:170] Found solution in: 3
I20260909 04:44:13.781893  1179 skeleton_planner.h:170] Found solution in: 5
I20260909 04:44:13.781900  1179 skeleton_planner.h:170] Found solution in: 1
I20260909 04:44:13.781916  1179 skeleton_planner.h:170] Found solution in: 4
I20260909 04:44:13.781924  1179 skeleton_planner.h:170] Found solution in: 1
I20260909 04:44:13.781930  1179 skeleton_planner.h:170] Found solution in: 6
I20260909 04:44:13.781935  1179 skeleton_planner.h:170] Found solution in: 1
I20260909 04:44:13.781953  1179 skeleton_planner.h:170] Found solution in: 8
I20260909 04:44:13.781960  1179 skeleton_planner.h:170] Found solution in: 1
I20260909 04:44:13.781966  1179 skeleton_planner.h:170] Found solution in: 5
I20260909 04:44:13.781972  1179 skeleton_planner.h:170] Found solution in: 5
I20260909 04:44:13.781978  1179 skeleton_planner.h:170] Found solution in: 1
I20260909 04:44:13.781984  1179 skeleton_planner.h:170] Found solution in: 5
I20260909 04:44:13.781988  1179 skeleton_planner.h:170] Found solution in: 3
I20260909 04:44:13.782006  1179 skeleton_planner.h:170] Found solution in: 5
I20260909 04:44:13.782015  1179 skeleton_planner.h:170] Found solution in: 1
I20260909 04:44:13.782021  1179 skeleton_planner.h:170] Found solution in: 6
I20260909 04:44:13.782038  1179 skeleton_planner.h:170] Found solution in: 5
I20260909 04:44:13.782052  1179 skeleton_planner.h:170] Found solution in: 1
I20260909 04:44:13.782056  1179 skeleton_planner.h:170] Found solution in: 3
I20260909 04:44:13.782063  1179 skeleton_planner.h:170] Found solution in: 5
I20260909 04:44:13.782066  1179 skeleton_planner.h:170] Found solution in: 1
I20260909 04:44:13.782083  1179 skeleton_planner.h:170] Found solution in: 21
I20260909 04:44:13.782090  1179 skeleton_planner.h:170] Found solution in: 5
I20260909 04:44:13.782107  1179 skeleton_planner.h:170] Found solution in: 21
I20260909 04:44:13.782112  1179 skeleton_planner.h:170] Found solution in: 1
I20260909 04:44:13.782131  1179 skeleton_planner.h:170] Found solution in: 23
I20260909 04:44:13.782210  1179 skeleton_planner.h:170] Found solution in: 3
I20260909 04:44:13.782217  1179 skeleton_planner.h:170] Found solution in: 1
I20260909 04:44:13.782225  1179 skeleton_planner.h:170] Found solution in: 10
I20260909 04:44:13.782243  1179 skeleton_planner.h:170] Found solution in: 23
I20260909 04:44:13.782249  1179 skeleton_planner.h:170] Found solution in: 1
I20260909 04:44:13.782258  1179 skeleton_planner.h:170] Found solution in: 9
I20260909 04:44:13.782274  1179 skeleton_planner.h:170] Found solution in: 21
I20260909 04:44:13.782284  1179 skeleton_planner.h:170] Found solution in: 1
I20260909 04:44:13.782286  1179 skeleton_planner.h:170] Found solution in: 2
I20260909 04:44:13.782310  1179 skeleton_planner.h:170] Found solution in: 7
I20260909 04:44:13.782318  1179 skeleton_planner.h:170] Found solution in: 1
I20260909 04:44:13.782339  1179 skeleton_planner.h:170] Found solution in: 7
I20260909 04:44:13.782348  1179 skeleton_planner.h:170] Found solution in: 1
I20260909 04:44:13.782409  1179 skeleton_planner.h:170] Found solution in: 3
I20260909 04:44:13.782418  1179 skeleton_planner.h:170] Found solution in: 1
I20260909 04:44:13.782429  1179 skeleton_planner.h:170] Found solution in: 3
I20260909 04:44:13.782437  1179 skeleton_planner.h:170] Found solution in: 1
I20260909 04:44:13.782444  1179 skeleton_planner.h:170] Found solution in: 1
I20260909 04:44:13.782447  1179 skeleton_planner.h:170] Found solution in: 2
I20260909 04:44:13.783016  1179 skeleton_planner.h:170] Found solution in: 1
I20260909 04:44:13.783020  1179 skeleton_planner.h:170] Found solution in: 2
I20260909 04:44:13.783566  1179 skeleton_planner.h:170] Found solution in: 1
I20260909 04:44:13.783826  1179 skeleton_planner.h:170] Found solution in: 11
I20260909 04:44:13.783836  1179 skeleton_planner.h:170] Found solution in: 1
I20260909 04:44:13.783842  1179 skeleton_planner.h:170] Found solution in: 4
I20260909 04:44:13.783849  1179 skeleton_planner.h:170] Found solution in: 1
I20260909 04:44:13.783855  1179 skeleton_planner.h:170] Found solution in: 8
I20260909 04:44:13.784165  1179 skeleton_planner.h:170] Found solution in: 1
I20260909 04:44:13.784173  1179 skeleton_planner.h:170] Found solution in: 8
I20260909 04:44:13.784453  1179 skeleton_planner.h:170] Found solution in: 1
I20260909 04:44:13.784461  1179 skeleton_planner.h:170] Found solution in: 5
I20260909 04:44:13.784466  1179 skeleton_planner.h:170] Found solution in: 1
I20260909 04:44:13.784471  1179 skeleton_planner.h:170] Found solution in: 5
I20260909 04:44:13.784476  1179 skeleton_planner.h:170] Found solution in: 1
I20260909 04:44:13.784482  1179 skeleton_planner.h:170] Found solution in: 5
I20260909 04:44:13.784500  1179 skeleton_planner.h:170] Found solution in: 6
I20260909 04:44:13.784507  1179 skeleton_planner.h:170] Found solution in: 1
I20260909 04:44:13.784520  1179 skeleton_planner.h:170] Found solution in: 3
I20260909 04:44:13.784529  1179 skeleton_planner.h:170] Found solution in: 1
I20260909 04:44:13.784543  1179 skeleton_planner.h:170] Found solution in: 3
I20260909 04:44:13.784549  1179 skeleton_planner.h:170] Found solution in: 1
I20260909 04:44:13.784554  1179 skeleton_planner.h:170] Found solution in: 3
I20260909 04:44:13.784559  1179 skeleton_planner.h:170] Found solution in: 1
I20260909 04:44:13.784564  1179 skeleton_planner.h:170] Found solution in: 3
I20260909 04:44:13.784572  1179 skeleton_planner.h:170] Found solution in: 1
I20260909 04:44:13.784584  1179 skeleton_planner.h:170] Found solution in: 11
I20260909 04:44:13.784593  1179 skeleton_planner.h:170] Found solution in: 8
I20260909 04:44:13.784600  1179 skeleton_planner.h:170] Found solution in: 1
I20260909 04:44:13.784613  1179 skeleton_planner.h:170] Found solution in: 1
I20260909 04:44:13.784623  1179 skeleton_planner.h:170] Found solution in: 9
I20260909 04:44:13.784632  1179 skeleton_planner.h:170] Found solution in: 1
I20260909 04:44:13.784642  1179 skeleton_planner.h:170] Found solution in: 1
I20260909 04:44:13.784646  1179 skeleton_planner.h:170] Found solution in: 2
I20260909 04:44:13.784660  1179 skeleton_planner.h:170] Found solution in: 4
I20260909 04:44:13.784668  1179 skeleton_planner.h:170] Found solution in: 1
I20260909 04:44:13.784675  1179 skeleton_planner.h:170] Found solution in: 1
I20260909 04:44:13.784691  1179 skeleton_planner.h:170] Found solution in: 5
I20260909 04:44:13.784701  1179 skeleton_planner.h:170] Found solution in: 1
I20260909 04:44:13.784725  1179 skeleton_planner.h:170] Found solution in: 28
I20260909 04:44:13.784732  1179 skeleton_planner.h:170] Found solution in: 1
I20260909 04:44:13.784740  1179 skeleton_planner.h:170] Found solution in: 1
I20260909 04:44:13.784762  1179 skeleton_planner.h:170] Found solution in: 24
I20260909 04:44:13.784771  1179 skeleton_planner.h:170] Found solution in: 1
I20260909 04:44:13.784795  1179 skeleton_planner.h:170] Found solution in: 24
I20260909 04:44:13.784804  1179 skeleton_planner.h:170] Found solution in: 1
I20260909 04:44:13.784817  1179 skeleton_planner.h:170] Found solution in: 14
I20260909 04:44:13.784824  1179 skeleton_planner.h:170] Found solution in: 1
I20260909 04:44:13.784881  1179 skeleton_planner.h:170] Found solution in: 50
I20260909 04:44:13.784891  1179 skeleton_planner.h:170] Found solution in: 1
I20260909 04:44:13.784911  1179 skeleton_planner.h:170] Found solution in: 24
I20260909 04:44:13.784930  1179 skeleton_planner.h:170] Found solution in: 21
I20260909 04:44:13.784938  1179 skeleton_planner.h:170] Found solution in: 1
I20260909 04:44:13.784958  1179 skeleton_planner.h:170] Found solution in: 23
I20260909 04:44:13.784981  1179 skeleton_planner.h:170] Found solution in: 25
I20260909 04:44:13.784986  1179 skeleton_planner.h:170] Found solution in: 1
I20260909 04:44:13.784991  1179 skeleton_planner.h:170] Found solution in: 3
I20260909 04:44:13.785003  1179 skeleton_planner.h:170] Found solution in: 15
I20260909 04:44:13.785009  1179 skeleton_planner.h:170] Found solution in: 1
I20260909 04:44:13.785013  1179 skeleton_planner.h:170] Found solution in: 3
I20260909 04:44:13.785022  1179 skeleton_planner.h:170] Found solution in: 1
I20260909 04:44:13.785025  1179 skeleton_planner.h:170] Found solution in: 3
I20260909 04:44:13.785051  1179 skeleton_planner.h:170] Found solution in: 7
I20260909 04:44:13.785061  1179 skeleton_planner.h:170] Found solution in: 1
I20260909 04:44:13.785076  1179 skeleton_planner.h:170] Found solution in: 1
I20260909 04:44:13.785082  1179 skeleton_planner.h:170] Found solution in: 5
I20260909 04:44:13.785112  1179 skeleton_planner.h:170] Found solution in: 9
I20260909 04:44:13.785122  1179 skeleton_planner.h:170] Found solution in: 1
I20260909 04:44:13.785127  1179 skeleton_planner.h:170] Found solution in: 5
I20260909 04:44:13.785135  1179 skeleton_planner.h:170] Found solution in: 1
I20260909 04:44:13.785140  1179 skeleton_planner.h:170] Found solution in: 1
I20260909 04:44:13.785146  1179 skeleton_planner.h:170] Found solution in: 5
I20260909 04:44:13.785156  1179 skeleton_planner.h:170] Found solution in: 1
I20260909 04:44:13.785202  1179 skeleton_planner.h:170] Found solution in: 24
I20260909 04:44:13.785214  1179 skeleton_planner.h:170] Found solution in: 1
I20260909 04:44:13.785218  1179 skeleton_planner.h:170] Found solution in: 2
I20260909 04:44:13.785228  1179 skeleton_planner.h:170] Found solution in: 3
I20260909 04:44:13.785236  1179 skeleton_planner.h:170] Found solution in: 1
I20260909 04:44:13.785254  1179 skeleton_planner.h:170] Found solution in: 5
I20260909 04:44:13.785266  1179 skeleton_planner.h:170] Found solution in: 1
I20260909 04:44:13.785367  1179 skeleton_planner.h:170] Found solution in: 6
I20260909 04:44:13.785377  1179 skeleton_planner.h:170] Found solution in: 1
I20260909 04:44:13.785387  1179 skeleton_planner.h:170] Found solution in: 11
I20260909 04:44:13.785399  1179 skeleton_planner.h:170] Found solution in: 1
I20260909 04:44:13.785418  1179 skeleton_planner.h:170] Found solution in: 7
I20260909 04:44:13.785426  1179 skeleton_planner.h:170] Found solution in: 1
I20260909 04:44:13.785513  1179 skeleton_planner.h:170] Found solution in: 4
I20260909 04:44:13.785522  1179 skeleton_planner.h:170] Found solution in: 1
I20260909 04:44:13.785527  1179 skeleton_planner.h:170] Found solution in: 4
I20260909 04:44:13.785537  1179 skeleton_planner.h:170] Found solution in: 11
I20260909 04:44:13.785633  1179 skeleton_planner.h:170] Found solution in: 5
I20260909 04:44:13.785642  1179 skeleton_planner.h:170] Found solution in: 1
I20260909 04:44:13.785738  1179 skeleton_planner.h:170] Found solution in: 4
I20260909 04:44:13.785745  1179 skeleton_planner.h:170] Found solution in: 1
I20260909 04:44:13.785755  1179 skeleton_planner.h:170] Found solution in: 1
I20260909 04:44:13.785761  1179 skeleton_planner.h:170] Found solution in: 1
I20260909 04:44:13.785768  1179 skeleton_planner.h:170] Found solution in: 1
I20260909 04:44:13.785774  1179 skeleton_planner.h:170] Found solution in: 1
I20260909 04:44:13.785866  1179 skeleton_planner.h:170] Found solution in: 3
I20260909 04:44:13.785873  1179 skeleton_planner.h:170] Found solution in: 1
I20260909 04:44:13.785902  1179 skeleton_planner.h:170] Found solution in: 35
I20260909 04:44:13.785930  1179 skeleton_planner.h:170] Found solution in: 36
I20260909 04:44:13.785936  1179 skeleton_planner.h:170] Found solution in: 1
I20260909 04:44:13.785955  1179 skeleton_planner.h:170] Found solution in: 22
I20260909 04:44:13.786053  1179 skeleton_planner.h:170] Found solution in: 6
I20260909 04:44:13.786062  1179 skeleton_planner.h:170] Found solution in: 1
I20260909 04:44:13.786531  1179 skeleton_planner.h:170] Found solution in: 1
I20260909 04:44:13.786545  1179 skeleton_planner.h:170] Found solution in: 3
I20260909 04:44:13.786553  1179 skeleton_planner.h:170] Found solution in: 1
I20260909 04:44:13.786577  1179 skeleton_planner.h:170] Found solution in: 26
I20260909 04:44:13.786586  1179 skeleton_planner.h:170] Found solution in: 1
I20260909 04:44:13.786598  1179 skeleton_planner.h:170] Found solution in: 3
I20260909 04:44:13.786607  1179 skeleton_planner.h:170] Found solution in: 1
I20260909 04:44:13.786612  1179 skeleton_planner.h:170] Found solution in: 4
I20260909 04:44:13.786645  1179 skeleton_planner.h:170] Found solution in: 40
I20260909 04:44:13.786751  1179 skeleton_planner.h:170] Found solution in: 5
I20260909 04:44:13.786758  1179 skeleton_planner.h:170] Found solution in: 1
I20260909 04:44:13.786770  1179 skeleton_planner.h:170] Found solution in: 13
I20260909 04:44:13.786777  1179 skeleton_planner.h:170] Found solution in: 1
I20260909 04:44:13.786785  1179 skeleton_planner.h:170] Found solution in: 4
I20260909 04:44:13.786791  1179 skeleton_planner.h:170] Found solution in: 4
I20260909 04:44:13.786806  1179 skeleton_planner.h:170] Found solution in: 17
I20260909 04:44:13.786813  1179 skeleton_planner.h:170] Found solution in: 1
I20260909 04:44:13.786908  1179 skeleton_planner.h:170] Found solution in: 6
I20260909 04:44:13.786916  1179 skeleton_planner.h:170] Found solution in: 1
I20260909 04:44:13.786934  1179 skeleton_planner.h:170] Found solution in: 5
I20260909 04:44:13.786942  1179 skeleton_planner.h:170] Found solution in: 1
I20260909 04:44:13.786947  1179 skeleton_planner.h:170] Found solution in: 5
I20260909 04:44:13.786952  1179 skeleton_planner.h:170] Found solution in: 4
I20260909 04:44:13.786958  1179 skeleton_planner.h:170] Found solution in: 1
I20260909 04:44:13.786963  1179 skeleton_planner.h:170] Found solution in: 5
I20260909 04:44:13.786969  1179 skeleton_planner.h:170] Found solution in: 4
I20260909 04:44:13.786975  1179 skeleton_planner.h:170] Found solution in: 1
I20260909 04:44:13.786986  1179 skeleton_planner.h:170] Found solution in: 14
I20260909 04:44:13.786993  1179 skeleton_planner.h:170] Found solution in: 1
I20260909 04:44:13.786999  1179 skeleton_planner.h:170] Found solution in: 7
I20260909 04:44:13.787006  1179 skeleton_planner.h:170] Found solution in: 6
I20260909 04:44:13.787026  1179 skeleton_planner.h:170] Found solution in: 27
I20260909 04:44:13.787031  1179 skeleton_planner.h:170] Found solution in: 1
I20260909 04:44:13.787041  1179 skeleton_planner.h:170] Found solution in: 11
I20260909 04:44:13.787047  1179 skeleton_planner.h:170] Found solution in: 1
I20260909 04:44:13.787051  1179 skeleton_planner.h:170] Found solution in: 3
I20260909 04:44:13.787057  1179 skeleton_planner.h:170] Found solution in: 6
I20260909 04:44:13.787063  1179 skeleton_planner.h:170] Found solution in: 4
I20260909 04:44:13.787111  1179 skeleton_planner.h:170] Found solution in: 5
I20260909 04:44:13.787119  1179 skeleton_planner.h:170] Found solution in: 1
I20260909 04:44:13.787125  1179 skeleton_planner.h:170] Found solution in: 4
I20260909 04:44:13.787132  1179 skeleton_planner.h:170] Found solution in: 7
I20260909 04:44:13.787137  1179 skeleton_planner.h:170] Found solution in: 1
I20260909 04:44:13.787147  1179 skeleton_planner.h:170] Found solution in: 10
I20260909 04:44:13.787156  1179 skeleton_planner.h:170] Found solution in: 1
I20260909 04:44:13.787160  1179 skeleton_planner.h:170] Found solution in: 2
I20260909 04:44:13.787177  1179 skeleton_planner.h:170] Found solution in: 6
I20260909 04:44:13.787186  1179 skeleton_planner.h:170] Found solution in: 1
I20260909 04:44:13.787200  1179 skeleton_planner.h:170] Found solution in: 5
I20260909 04:44:13.787207  1179 skeleton_planner.h:170] Found solution in: 1
I20260909 04:44:13.787220  1179 skeleton_planner.h:170] Found solution in: 4
I20260909 04:44:13.787225  1179 skeleton_planner.h:170] Found solution in: 1
I20260909 04:44:13.787230  1179 skeleton_planner.h:170] Found solution in: 2
I20260909 04:44:13.787233  1179 skeleton_planner.h:170] Found solution in: 1
I20260909 04:44:13.787236  1179 skeleton_planner.h:170] Found solution in: 2
I20260909 04:44:13.787245  1179 skeleton_planner.h:170] Found solution in: 1
I20260909 04:44:13.787257  1179 skeleton_planner.h:170] Found solution in: 3
I20260909 04:44:13.787266  1179 skeleton_planner.h:170] Found solution in: 1
I20260909 04:44:13.787269  1179 skeleton_planner.h:170] Found solution in: 3
I20260909 04:44:13.787281  1179 skeleton_planner.h:170] Found solution in: 4
I20260909 04:44:13.787289  1179 skeleton_planner.h:170] Found solution in: 1
I20260909 04:44:13.787297  1179 skeleton_planner.h:170] Found solution in: 1
I20260909 04:44:13.787320  1179 skeleton_planner.h:170] Found solution in: 7
I20260909 04:44:13.787328  1179 skeleton_planner.h:170] Found solution in: 1
I20260909 04:44:13.787351  1179 skeleton_planner.h:170] Found solution in: 6
I20260909 04:44:13.787361  1179 skeleton_planner.h:170] Found solution in: 1
I20260909 04:44:13.787367  1179 skeleton_planner.h:170] Found solution in: 5
I20260909 04:44:13.787374  1179 skeleton_planner.h:170] Found solution in: 1
I20260909 04:44:13.787379  1179 skeleton_planner.h:170] Found solution in: 4
I20260909 04:44:13.787386  1179 skeleton_planner.h:170] Found solution in: 1
I20260909 04:44:13.787402  1179 skeleton_planner.h:170] Found solution in: 17
I20260909 04:44:13.787410  1179 skeleton_planner.h:170] Found solution in: 5
I20260909 04:44:13.787418  1179 skeleton_planner.h:170] Found solution in: 1
I20260909 04:44:13.787423  1179 skeleton_planner.h:170] Found solution in: 5
I20260909 04:44:13.787520  1179 skeleton_planner.h:170] Found solution in: 5
I20260909 04:44:13.787529  1179 skeleton_planner.h:170] Found solution in: 1
I20260909 04:44:13.787547  1179 skeleton_planner.h:170] Found solution in: 18
I20260909 04:44:13.787562  1179 skeleton_planner.h:170] Found solution in: 1
I20260909 04:44:13.787585  1179 skeleton_planner.h:170] Found solution in: 7
I20260909 04:44:13.787593  1179 skeleton_planner.h:170] Found solution in: 1
I20260909 04:44:13.787599  1179 skeleton_planner.h:170] Found solution in: 4
I20260909 04:44:13.787607  1179 skeleton_planner.h:170] Found solution in: 1
I20260909 04:44:13.787616  1179 skeleton_planner.h:170] Found solution in: 1
I20260909 04:44:13.787636  1179 skeleton_planner.h:170] Found solution in: 21
I20260909 04:44:13.787645  1179 skeleton_planner.h:170] Found solution in: 1
I20260909 04:44:13.787672  1179 skeleton_planner.h:170] Found solution in: 9
I20260909 04:44:13.787683  1179 skeleton_planner.h:170] Found solution in: 1
I20260909 04:44:13.787686  1179 skeleton_planner.h:170] Found solution in: 2
I20260909 04:44:13.787698  1179 skeleton_planner.h:170] Found solution in: 4
I20260909 04:44:13.787705  1179 skeleton_planner.h:170] Found solution in: 1
I20260909 04:44:13.788136  1179 skeleton_planner.h:170] Found solution in: 1
I20260909 04:44:13.788151  1179 skeleton_planner.h:170] Found solution in: 4
I20260909 04:44:13.788159  1179 skeleton_planner.h:170] Found solution in: 1
I20260909 04:44:13.788359  1179 skeleton_planner.h:170] Found solution in: 11
I20260909 04:44:13.788372  1179 skeleton_planner.h:170] Found solution in: 1
I20260909 04:44:13.788381  1179 skeleton_planner.h:170] Found solution in: 1
I20260909 04:44:13.788393  1179 skeleton_planner.h:170] Found solution in: 12
I20260909 04:44:13.788405  1179 skeleton_planner.h:170] Found solution in: 13
I20260909 04:44:13.788420  1179 skeleton_planner.h:170] Found solution in: 1
I20260909 04:44:13.788446  1179 skeleton_planner.h:170] Found solution in: 9
I20260909 04:44:13.788456  1179 skeleton_planner.h:170] Found solution in: 1
I20260909 04:44:13.788467  1179 skeleton_planner.h:170] Found solution in: 3
I20260909 04:44:13.788473  1179 skeleton_planner.h:170] Found solution in: 1
I20260909 04:44:13.788561  1179 skeleton_planner.h:170] Found solution in: 4
I20260909 04:44:13.788573  1179 skeleton_planner.h:170] Found solution in: 1
I20260909 04:44:13.788575  1179 skeleton_planner.h:170] Found solution in: 2
I20260909 04:44:13.788594  1179 skeleton_planner.h:170] Found solution in: 6
I20260909 04:44:13.788604  1179 skeleton_planner.h:170] Found solution in: 1
I20260909 04:44:13.788621  1179 skeleton_planner.h:170] Found solution in: 5
I20260909 04:44:13.788630  1179 skeleton_planner.h:170] Found solution in: 1
I20260909 04:44:13.788651  1179 skeleton_planner.h:170] Found solution in: 3
I20260909 04:44:13.788658  1179 skeleton_planner.h:170] Found solution in: 1
I20260909 04:44:13.788740  1179 skeleton_planner.h:170] Found solution in: 4
I20260909 04:44:13.788750  1179 skeleton_planner.h:170] Found solution in: 1
I20260909 04:44:13.788759  1179 skeleton_planner.h:170] Found solution in: 1
I20260909 04:44:13.788870  1179 skeleton_planner.h:170] Found solution in: 18
I20260909 04:44:13.788978  1179 skeleton_planner.h:170] Found solution in: 14
I20260909 04:44:13.788990  1179 skeleton_planner.h:170] Found solution in: 1
I20260909 04:44:13.789099  1179 skeleton_planner.h:170] Found solution in: 27
I20260909 04:44:13.789109  1179 skeleton_planner.h:170] Found solution in: 5
I20260909 04:44:13.789116  1179 skeleton_planner.h:170] Found solution in: 1
I20260909 04:44:13.789122  1179 skeleton_planner.h:170] Found solution in: 5
I20260909 04:44:13.789211  1179 skeleton_planner.h:170] Found solution in: 6
I20260909 04:44:13.789218  1179 skeleton_planner.h:170] Found solution in: 1
I20260909 04:44:13.789222  1179 skeleton_planner.h:170] Found solution in: 3
I20260909 04:44:13.789227  1179 skeleton_planner.h:170] Found solution in: 4
I20260909 04:44:13.789247  1179 skeleton_planner.h:170] Found solution in: 6
I20260909 04:44:13.789254  1179 skeleton_planner.h:170] Found solution in: 1
I20260909 04:44:13.789259  1179 skeleton_planner.h:170] Found solution in: 4
I20260909 04:44:13.789268  1179 skeleton_planner.h:170] Found solution in: 1
I20260909 04:44:13.789345  1179 skeleton_planner.h:170] Found solution in: 10
I20260909 04:44:13.789352  1179 skeleton_planner.h:170] Found solution in: 1
I20260909 04:44:13.789358  1179 skeleton_planner.h:170] Found solution in: 4
I20260909 04:44:13.789366  1179 skeleton_planner.h:170] Found solution in: 1
I20260909 04:44:13.789373  1179 skeleton_planner.h:170] Found solution in: 1
I20260909 04:44:13.789460  1179 skeleton_planner.h:170] Found solution in: 4
I20260909 04:44:13.789472  1179 skeleton_planner.h:170] Found solution in: 1
I20260909 04:44:13.789567  1179 skeleton_planner.h:170] Found solution in: 5
I20260909 04:44:13.789578  1179 skeleton_planner.h:170] Found solution in: 1
I20260909 04:44:13.789583  1179 skeleton_planner.h:170] Found solution in: 3
I20260909 04:44:13.789601  1179 skeleton_planner.h:170] Found solution in: 6
I20260909 04:44:13.789615  1179 skeleton_planner.h:170] Found solution in: 1
I20260909 04:44:13.789619  1179 skeleton_planner.h:170] Found solution in: 2
I20260909 04:44:13.789630  1179 skeleton_planner.h:170] Found solution in: 1
I20260909 04:44:13.789633  1179 skeleton_planner.h:170] Found solution in: 2
I20260909 04:44:13.789640  1179 skeleton_planner.h:170] Found solution in: 1
I20260909 04:44:13.789651  1179 skeleton_planner.h:170] Found solution in: 3
I20260909 04:44:13.789659  1179 skeleton_planner.h:170] Found solution in: 1
I20260909 04:44:13.789673  1179 skeleton_planner.h:170] Found solution in: 15
I20260909 04:44:13.789680  1179 skeleton_planner.h:170] Found solution in: 1
I20260909 04:44:13.789701  1179 skeleton_planner.h:170] Found solution in: 5
I20260909 04:44:13.789709  1179 skeleton_planner.h:170] Found solution in: 1
I20260909 04:44:13.789716  1179 skeleton_planner.h:170] Found solution in: 1
I20260909 04:44:13.789732  1179 skeleton_planner.h:170] Found solution in: 4
I20260909 04:44:13.789739  1179 skeleton_planner.h:170] Found solution in: 1
I20260909 04:44:13.789767  1179 skeleton_planner.h:170] Found solution in: 11
I20260909 04:44:13.789779  1179 skeleton_planner.h:170] Found solution in: 1
I20260909 04:44:13.789793  1179 skeleton_planner.h:170] Found solution in: 3
I20260909 04:44:13.789799  1179 skeleton_planner.h:170] Found solution in: 1
I20260909 04:44:13.789808  1179 skeleton_planner.h:170] Found solution in: 1
I20260909 04:44:13.789819  1179 skeleton_planner.h:170] Found solution in: 3
I20260909 04:44:13.789827  1179 skeleton_planner.h:170] Found solution in: 1
I20260909 04:44:13.789840  1179 skeleton_planner.h:170] Found solution in: 4
I20260909 04:44:13.789851  1179 skeleton_planner.h:170] Found solution in: 1
I20260909 04:44:13.789860  1179 skeleton_planner.h:170] Found solution in: 1
I20260909 04:44:13.789867  1179 skeleton_planner.h:170] Found solution in: 1
I20260909 04:44:13.789875  1179 skeleton_planner.h:170] Found solution in: 1
I20260909 04:44:13.789903  1179 skeleton_planner.h:170] Found solution in: 5
I20260909 04:44:13.789915  1179 skeleton_planner.h:170] Found solution in: 1
I20260909 04:44:13.789920  1179 skeleton_planner.h:170] Found solution in: 3
I20260909 04:44:13.790035  1179 skeleton_planner.h:170] Found solution in: 54
I20260909 04:44:13.790050  1179 skeleton_planner.h:170] Found solution in: 1
I20260909 04:44:13.790053  1179 skeleton_planner.h:170] Found solution in: 3
I20260909 04:44:13.790141  1179 skeleton_planner.h:170] Found solution in: 37
I20260909 04:44:13.790156  1179 skeleton_planner.h:170] Found solution in: 1
I20260909 04:44:13.790161  1179 skeleton_planner.h:170] Found solution in: 3
I20260909 04:44:13.790180  1179 skeleton_planner.h:170] Found solution in: 4
I20260909 04:44:13.790189  1179 skeleton_planner.h:170] Found solution in: 1
I20260909 04:44:13.790195  1179 skeleton_planner.h:170] Found solution in: 1
I20260909 04:44:13.790205  1179 skeleton_planner.h:170] Found solution in: 3
I20260909 04:44:13.790212  1179 skeleton_planner.h:170] Found solution in: 1
I20260909 04:44:13.790221  1179 skeleton_planner.h:170] Found solution in: 1
I20260909 04:44:13.790233  1179 skeleton_planner.h:170] Found solution in: 10
I20260909 04:44:13.790241  1179 skeleton_planner.h:170] Found solution in: 1
I20260909 04:44:13.790252  1179 skeleton_planner.h:170] Found solution in: 9
I20260909 04:44:13.790261  1179 skeleton_planner.h:170] Found solution in: 1
I20260909 04:44:13.790266  1179 skeleton_planner.h:170] Found solution in: 1
I20260909 04:44:13.790269  1179 skeleton_planner.h:170] Found solution in: 2
I20260909 04:44:13.790409  1179 skeleton_planner.h:170] Found solution in: 1
I20260909 04:44:13.790413  1179 skeleton_planner.h:170] Found solution in: 2
I20260909 04:44:13.790443  1179 skeleton_planner.h:170] Found solution in: 12
I20260909 04:44:13.790452  1179 skeleton_planner.h:170] Found solution in: 1
I20260909 04:44:13.790457  1179 skeleton_planner.h:170] Found solution in: 3
I20260909 04:44:13.790901  1179 skeleton_planner.h:170] Found solution in: 1
I20260909 04:44:13.790906  1179 skeleton_planner.h:170] Found solution in: 3
I20260909 04:44:13.791354  1179 skeleton_planner.h:170] Found solution in: 1
I20260909 04:44:13.791363  1179 skeleton_planner.h:170] Found solution in: 1
I20260909 04:44:13.791379  1179 skeleton_planner.h:170] Found solution in: 3
I20260909 04:44:13.791386  1179 skeleton_planner.h:170] Found solution in: 1
I20260909 04:44:13.791393  1179 skeleton_planner.h:170] Found solution in: 1
I20260909 04:44:13.791404  1179 skeleton_planner.h:170] Found solution in: 1
I20260909 04:44:13.791436  1179 skeleton_planner.h:170] Found solution in: 6
I20260909 04:44:13.791445  1179 skeleton_planner.h:170] Found solution in: 1
I20260909 04:44:13.791451  1179 skeleton_planner.h:170] Found solution in: 5
I20260909 04:44:13.791458  1179 skeleton_planner.h:170] Found solution in: 1
I20260909 04:44:13.791471  1179 skeleton_planner.h:170] Found solution in: 3
I20260909 04:44:13.791479  1179 skeleton_planner.h:170] Found solution in: 1
I20260909 04:44:13.791579  1179 skeleton_planner.h:170] Found solution in: 7
I20260909 04:44:13.791591  1179 skeleton_planner.h:170] Found solution in: 1
I20260909 04:44:13.791605  1179 skeleton_planner.h:170] Found solution in: 3
I20260909 04:44:13.791613  1179 skeleton_planner.h:170] Found solution in: 1
I20260909 04:44:13.791625  1179 skeleton_planner.h:170] Found solution in: 3
I20260909 04:44:13.791635  1179 skeleton_planner.h:170] Found solution in: 1
I20260909 04:44:13.791644  1179 skeleton_planner.h:170] Found solution in: 1
I20260909 04:44:13.791648  1179 skeleton_planner.h:170] Found solution in: 2
I20260909 04:44:13.791667  1179 skeleton_planner.h:170] Found solution in: 7
I20260909 04:44:13.791674  1179 skeleton_planner.h:170] Found solution in: 1
I20260909 04:44:13.791687  1179 skeleton_planner.h:170] Found solution in: 3
I20260909 04:44:13.791692  1179 skeleton_planner.h:170] Found solution in: 1
I20260909 04:44:13.791757  1179 skeleton_planner.h:170] Found solution in: 7
I20260909 04:44:13.791766  1179 skeleton_planner.h:170] Found solution in: 1
I20260909 04:44:13.791792  1179 skeleton_planner.h:170] Found solution in: 10
I20260909 04:44:13.791800  1179 skeleton_planner.h:170] Found solution in: 1
I20260909 04:44:13.791810  1179 skeleton_planner.h:170] Found solution in: 9
I20260909 04:44:13.791816  1179 skeleton_planner.h:170] Found solution in: 1
I20260909 04:44:13.791827  1179 skeleton_planner.h:170] Found solution in: 11
I20260909 04:44:13.791838  1179 skeleton_planner.h:170] Found solution in: 10
I20260909 04:44:13.791843  1179 skeleton_planner.h:170] Found solution in: 1
I20260909 04:44:13.791853  1179 skeleton_planner.h:170] Found solution in: 11
I20260909 04:44:13.791867  1179 skeleton_planner.h:170] Found solution in: 4
I20260909 04:44:13.791880  1179 skeleton_planner.h:170] Found solution in: 3
I20260909 04:44:13.791906  1179 skeleton_planner.h:170] Found solution in: 7
I20260909 04:44:13.791916  1179 skeleton_planner.h:170] Found solution in: 2
I20260909 04:44:13.791920  1179 skeleton_planner.h:170] Found solution in: 1
I20260909 04:44:13.791937  1179 skeleton_planner.h:170] Found solution in: 5
I20260909 04:44:13.791952  1179 skeleton_planner.h:170] Found solution in: 4
I20260909 04:44:13.791965  1179 skeleton_planner.h:170] Found solution in: 4
I20260909 04:44:13.791976  1179 skeleton_planner.h:170] Found solution in: 3
I20260909 04:44:13.791990  1179 skeleton_planner.h:170] Found solution in: 4
I20260909 04:44:13.792016  1179 skeleton_planner.h:170] Found solution in: 8
I20260909 04:44:13.792033  1179 skeleton_planner.h:170] Found solution in: 4
I20260909 04:44:13.792048  1179 skeleton_planner.h:170] Found solution in: 5
I20260909 04:44:13.792068  1179 skeleton_planner.h:170] Found solution in: 6
I20260909 04:44:13.792081  1179 skeleton_planner.h:170] Found solution in: 4
I20260909 04:44:13.792093  1179 skeleton_planner.h:170] Found solution in: 3
I20260909 04:44:13.792116  1179 skeleton_planner.h:170] Found solution in: 8
I20260909 04:44:13.792138  1179 skeleton_planner.h:170] Found solution in: 7
I20260909 04:44:13.792158  1179 skeleton_planner.h:170] Found solution in: 6
I20260909 04:44:13.792186  1179 skeleton_planner.h:170] Found solution in: 9
I20260909 04:44:13.792196  1179 skeleton_planner.h:170] Found solution in: 2
I20260909 04:44:13.792219  1179 skeleton_planner.h:170] Found solution in: 8
I20260909 04:44:13.792232  1179 skeleton_planner.h:170] Found solution in: 3
I20260909 04:44:13.792243  1179 skeleton_planner.h:170] Found solution in: 4
I20260909 04:44:13.792255  1179 skeleton_planner.h:170] Found solution in: 4
I20260909 04:44:13.792268  1179 skeleton_planner.h:170] Found solution in: 4
I20260909 04:44:13.792281  1179 skeleton_planner.h:170] Found solution in: 4
I20260909 04:44:13.792294  1179 skeleton_planner.h:170] Found solution in: 3
I20260909 04:44:13.792308  1179 skeleton_planner.h:170] Found solution in: 4
I20260909 04:44:13.792322  1179 skeleton_planner.h:170] Found solution in: 4
I20260909 04:44:13.792337  1179 skeleton_planner.h:170] Found solution in: 4
I20260909 04:44:13.792351  1179 skeleton_planner.h:170] Found solution in: 4
I20260909 04:44:13.792371  1179 skeleton_planner.h:170] Found solution in: 7
I20260909 04:44:13.792387  1179 skeleton_planner.h:170] Found solution in: 7
I20260909 04:44:13.792400  1179 skeleton_planner.h:170] Found solution in: 5
I20260909 04:44:13.792416  1179 skeleton_planner.h:170] Found solution in: 8
I20260909 04:44:13.792433  1179 skeleton_planner.h:170] Found solution in: 5
I20260909 04:44:13.792443  1179 skeleton_planner.h:170] Found solution in: 3
I20260909 04:44:13.792449  1179 skeleton_planner.h:170] Found solution in: 2
I20260909 04:44:13.792461  1179 skeleton_planner.h:170] Found solution in: 3
I20260909 04:44:13.792485  1179 skeleton_planner.h:170] Found solution in: 7
I20260909 04:44:13.792498  1179 skeleton_planner.h:170] Found solution in: 3
I20260909 04:44:13.792508  1179 skeleton_planner.h:170] Found solution in: 3
I20260909 04:44:13.792527  1179 skeleton_planner.h:170] Found solution in: 6
I20260909 04:44:13.792539  1179 skeleton_planner.h:170] Found solution in: 3
I20260909 04:44:13.792553  1179 skeleton_planner.h:170] Found solution in: 4
I20260909 04:44:13.792572  1179 skeleton_planner.h:170] Found solution in: 5
I20260909 04:44:13.792589  1179 skeleton_planner.h:170] Found solution in: 5
I20260909 04:44:13.792604  1179 skeleton_planner.h:170] Found solution in: 4
I20260909 04:44:13.792622  1179 skeleton_planner.h:170] Found solution in: 5
I20260909 04:44:13.792637  1179 skeleton_planner.h:170] Found solution in: 4
I20260909 04:44:13.792654  1179 skeleton_planner.h:170] Found solution in: 4
I20260909 04:44:13.792667  1179 skeleton_planner.h:170] Found solution in: 4
I20260909 04:44:13.792678  1179 skeleton_planner.h:170] Found solution in: 3
I20260909 04:44:13.792694  1179 skeleton_planner.h:170] Found solution in: 5
I20260909 04:44:13.792709  1179 skeleton_planner.h:170] Found solution in: 4
I20260909 04:44:13.792724  1179 skeleton_planner.h:170] Found solution in: 6
I20260909 04:44:13.792737  1179 skeleton_planner.h:170] Found solution in: 4
I20260909 04:44:13.792758  1179 skeleton_planner.h:170] Found solution in: 8
I20260909 04:44:13.792783  1179 skeleton_planner.h:170] Found solution in: 8
I20260909 04:44:13.792805  1179 skeleton_planner.h:170] Found solution in: 9
I20260909 04:44:13.792814  1179 skeleton_planner.h:170] Found solution in: 2
I20260909 04:44:13.792826  1179 skeleton_planner.h:170] Found solution in: 3
I20260909 04:44:13.792838  1179 skeleton_planner.h:170] Found solution in: 4
I20260909 04:44:13.792855  1179 skeleton_planner.h:170] Found solution in: 6
I20260909 04:44:13.792866  1179 skeleton_planner.h:170] Found solution in: 3
I20260909 04:44:13.792874  1179 skeleton_planner.h:170] Found solution in: 2
I20260909 04:44:13.792891  1179 skeleton_planner.h:170] Found solution in: 5
I20260909 04:44:13.792908  1179 skeleton_planner.h:170] Found solution in: 5
I20260909 04:44:13.792922  1179 skeleton_planner.h:170] Found solution in: 4
I20260909 04:44:13.792933  1179 skeleton_planner.h:170] Found solution in: 3
I20260909 04:44:13.792944  1179 skeleton_planner.h:170] Found solution in: 4
I20260909 04:44:13.792956  1179 skeleton_planner.h:170] Found solution in: 4
I20260909 04:44:13.792972  1179 skeleton_planner.h:170] Found solution in: 4
I20260909 04:44:13.792984  1179 skeleton_planner.h:170] Found solution in: 3
I20260909 04:44:13.792994  1179 skeleton_planner.h:170] Found solution in: 3
I20260909 04:44:13.793002  1179 skeleton_planner.h:170] Found solution in: 2
I20260909 04:44:13.793012  1179 skeleton_planner.h:170] Found solution in: 3
I20260909 04:44:13.793023  1179 skeleton_planner.h:170] Found solution in: 3
I20260909 04:44:13.793035  1179 skeleton_planner.h:170] Found solution in: 3
I20260909 04:44:13.793052  1179 skeleton_planner.h:170] Found solution in: 6
I20260909 04:44:13.793063  1179 skeleton_planner.h:170] Found solution in: 3
I20260909 04:44:13.793076  1179 skeleton_planner.h:170] Found solution in: 4
I20260909 04:44:13.793088  1179 skeleton_planner.h:170] Found solution in: 4
I20260909 04:44:13.793097  1179 skeleton_planner.h:170] Found solution in: 3
I20260909 04:44:13.793118  1179 skeleton_planner.h:170] Found solution in: 7
I20260909 04:44:13.793130  1179 skeleton_planner.h:170] Found solution in: 3
I20260909 04:44:13.793141  1179 skeleton_planner.h:170] Found solution in: 3
I20260909 04:44:13.793152  1179 skeleton_planner.h:170] Found solution in: 3
I20260909 04:44:13.793167  1179 skeleton_planner.h:170] Found solution in: 4
I20260909 04:44:13.793179  1179 skeleton_planner.h:170] Found solution in: 3
I20260909 04:44:13.793190  1179 skeleton_planner.h:170] Found solution in: 3
I20260909 04:44:13.793202  1179 skeleton_planner.h:170] Found solution in: 4
I20260909 04:44:13.793222  1179 skeleton_planner.h:170] Found solution in: 6
I20260909 04:44:13.793237  1179 skeleton_planner.h:170] Found solution in: 4
I20260909 04:44:13.793246  1179 skeleton_planner.h:170] Found solution in: 2
I20260909 04:44:13.793267  1179 skeleton_planner.h:170] Found solution in: 6
I20260909 04:44:13.793279  1179 skeleton_planner.h:170] Found solution in: 3
I20260909 04:44:13.793290  1179 skeleton_planner.h:170] Found solution in: 3
I20260909 04:44:13.793298  1179 skeleton_planner.h:170] Found solution in: 2
I20260909 04:44:13.793310  1179 skeleton_planner.h:170] Found solution in: 3
I20260909 04:44:13.793326  1179 skeleton_planner.h:170] Found solution in: 5
I20260909 04:44:13.793332  1179 skeleton_planner.h:170] Found solution in: 1
I20260909 04:44:13.793345  1179 skeleton_planner.h:170] Found solution in: 5
I20260909 04:44:13.793360  1179 skeleton_planner.h:170] Found solution in: 6
I20260909 04:44:13.793375  1179 skeleton_planner.h:170] Found solution in: 5
I20260909 04:44:13.793385  1179 skeleton_planner.h:170] Found solution in: 3
I20260909 04:44:13.793399  1179 skeleton_planner.h:170] Found solution in: 5
I20260909 04:44:13.793414  1179 skeleton_planner.h:170] Found solution in: 5
I20260909 04:44:13.793426  1179 skeleton_planner.h:170] Found solution in: 4
I20260909 04:44:13.793439  1179 skeleton_planner.h:170] Found solution in: 4
I20260909 04:44:13.793450  1179 skeleton_planner.h:170] Found solution in: 3
I20260909 04:44:13.793469  1179 skeleton_planner.h:170] Found solution in: 5
I20260909 04:44:13.793481  1179 skeleton_planner.h:170] Found solution in: 3
I20260909 04:44:13.793488  1179 skeleton_planner.h:170] Found solution in: 2
I20260909 04:44:13.793499  1179 skeleton_planner.h:170] Found solution in: 3
I20260909 04:44:13.793512  1179 skeleton_planner.h:170] Found solution in: 4
I20260909 04:44:13.793526  1179 skeleton_planner.h:170] Found solution in: 4
I20260909 04:44:13.793538  1179 skeleton_planner.h:170] Found solution in: 4
I20260909 04:44:13.793555  1179 skeleton_planner.h:170] Found solution in: 5
I20260909 04:44:13.793567  1179 skeleton_planner.h:170] Found solution in: 3
I20260909 04:44:13.793578  1179 skeleton_planner.h:170] Found solution in: 3
I20260909 04:44:13.793589  1179 skeleton_planner.h:170] Found solution in: 3
I20260909 04:44:13.793602  1179 skeleton_planner.h:170] Found solution in: 4
I20260909 04:44:13.793614  1179 skeleton_planner.h:170] Found solution in: 4
I20260909 04:44:13.793624  1179 skeleton_planner.h:170] Found solution in: 3
I20260909 04:44:13.793644  1179 skeleton_planner.h:170] Found solution in: 7
I20260909 04:44:13.793666  1179 skeleton_planner.h:170] Found solution in: 7
I20260909 04:44:13.793679  1179 skeleton_planner.h:170] Found solution in: 4
I20260909 04:44:13.793701  1179 skeleton_planner.h:170] Found solution in: 8
I20260909 04:44:13.793727  1179 skeleton_planner.h:170] Found solution in: 9
I20260909 04:44:13.793741  1179 skeleton_planner.h:170] Found solution in: 4
I20260909 04:44:13.793753  1179 skeleton_planner.h:170] Found solution in: 3
I20260909 04:44:13.793761  1179 skeleton_planner.h:170] Found solution in: 2
I20260909 04:44:13.793780  1179 skeleton_planner.h:170] Found solution in: 6
I20260909 04:44:13.793794  1179 skeleton_planner.h:170] Found solution in: 4
I20260909 04:44:13.793808  1179 skeleton_planner.h:170] Found solution in: 4
I20260909 04:44:13.793821  1179 skeleton_planner.h:170] Found solution in: 4
I20260909 04:44:13.793845  1179 skeleton_planner.h:170] Found solution in: 9
I20260909 04:44:13.793857  1179 skeleton_planner.h:170] Found solution in: 3
I20260909 04:44:13.793872  1179 skeleton_planner.h:170] Found solution in: 5
I20260909 04:44:13.793886  1179 skeleton_planner.h:170] Found solution in: 4
I20260909 04:44:13.793905  1179 skeleton_planner.h:170] Found solution in: 5
I20260909 04:44:13.793916  1179 skeleton_planner.h:170] Found solution in: 3
I20260909 04:44:13.793933  1179 skeleton_planner.h:170] Found solution in: 5
I20260909 04:44:13.793944  1179 skeleton_planner.h:170] Found solution in: 3
I20260909 04:44:13.793957  1179 skeleton_planner.h:170] Found solution in: 4
I20260909 04:44:13.793978  1179 skeleton_planner.h:170] Found solution in: 8
I20260909 04:44:13.793989  1179 skeleton_planner.h:170] Found solution in: 3
I20260909 04:44:13.794003  1179 skeleton_planner.h:170] Found solution in: 4
I20260909 04:44:13.794016  1179 skeleton_planner.h:170] Found solution in: 4
I20260909 04:44:13.794026  1179 skeleton_planner.h:170] Found solution in: 3
I20260909 04:44:13.794036  1179 skeleton_planner.h:170] Found solution in: 4
I20260909 04:44:13.794049  1179 skeleton_planner.h:170] Found solution in: 4
I20260909 04:44:13.794060  1179 skeleton_planner.h:170] Found solution in: 3
I20260909 04:44:13.794083  1179 skeleton_planner.h:170] Found solution in: 8
I20260909 04:44:13.794092  1179 skeleton_planner.h:170] Found solution in: 2
I20260909 04:44:13.794109  1179 skeleton_planner.h:170] Found solution in: 5
I20260909 04:44:13.794137  1179 skeleton_planner.h:170] Found solution in: 8
I20260909 04:44:13.794195  1179 skeleton_planner.h:170] Found solution in: 26
I20260909 04:44:13.794224  1179 skeleton_planner.h:170] Found solution in: 8
I20260909 04:44:13.794238  1179 skeleton_planner.h:170] Found solution in: 4
I20260909 04:44:13.794251  1179 skeleton_planner.h:170] Found solution in: 4
I20260909 04:44:13.794269  1179 skeleton_planner.h:170] Found solution in: 5
I20260909 04:44:13.794286  1179 skeleton_planner.h:170] Found solution in: 4
I20260909 04:44:13.794301  1179 skeleton_planner.h:170] Found solution in: 5
I20260909 04:44:13.794327  1179 skeleton_planner.h:170] Found solution in: 8
I20260909 04:44:13.794339  1179 skeleton_planner.h:170] Found solution in: 3
I20260909 04:44:13.794358  1179 skeleton_planner.h:170] Found solution in: 4
I20260909 04:44:13.794370  1179 skeleton_planner.h:170] Found solution in: 4
I20260909 04:44:13.794387  1179 skeleton_planner.h:170] Found solution in: 4
I20260909 04:44:13.794417  1179 skeleton_planner.h:170] Found solution in: 12
I20260909 04:44:13.794432  1179 skeleton_planner.h:170] Found solution in: 5
I20260909 04:44:13.794443  1179 skeleton_planner.h:170] Found solution in: 4
I20260909 04:44:13.794461  1179 skeleton_planner.h:170] Found solution in: 4
I20260909 04:44:13.794473  1179 skeleton_planner.h:170] Found solution in: 3
I20260909 04:44:13.794484  1179 skeleton_planner.h:170] Found solution in: 3
I20260909 04:44:13.794507  1179 skeleton_planner.h:170] Found solution in: 7
I20260909 04:44:13.794526  1179 skeleton_planner.h:170] Found solution in: 6
I20260909 04:44:13.794544  1179 skeleton_planner.h:170] Found solution in: 5
I20260909 04:44:13.794566  1179 skeleton_planner.h:170] Found solution in: 7
I20260909 04:44:13.794597  1179 skeleton_planner.h:170] Found solution in: 11
I20260909 04:44:13.794629  1179 skeleton_planner.h:170] Found solution in: 9
I20260909 04:44:13.794652  1179 skeleton_planner.h:170] Found solution in: 5
I20260909 04:44:13.794664  1179 skeleton_planner.h:170] Found solution in: 3
I20260909 04:44:13.794672  1179 skeleton_planner.h:170] Found solution in: 2
I20260909 04:44:13.794682  1179 skeleton_planner.h:170] Found solution in: 3
I20260909 04:44:13.794709  1179 skeleton_planner.h:170] Found solution in: 8
I20260909 04:44:13.794725  1179 skeleton_planner.h:170] Found solution in: 4
I20260909 04:44:13.794749  1179 skeleton_planner.h:170] Found solution in: 7
I20260909 04:44:13.794767  1179 skeleton_planner.h:170] Found solution in: 5
I20260909 04:44:13.794780  1179 skeleton_planner.h:170] Found solution in: 3
I20260909 04:44:13.794798  1179 skeleton_planner.h:170] Found solution in: 6
I20260909 04:44:13.794809  1179 skeleton_planner.h:170] Found solution in: 3
I20260909 04:44:13.794828  1179 skeleton_planner.h:170] Found solution in: 7
I20260909 04:44:13.794836  1179 skeleton_planner.h:170] Found solution in: 2
I20260909 04:44:13.794853  1179 skeleton_planner.h:170] Found solution in: 5
I20260909 04:44:13.794870  1179 skeleton_planner.h:170] Found solution in: 5
I20260909 04:44:13.794881  1179 skeleton_planner.h:170] Found solution in: 3
I20260909 04:44:13.794909  1179 skeleton_planner.h:170] Found solution in: 8
I20260909 04:44:13.794924  1179 skeleton_planner.h:170] Found solution in: 3
I20260909 04:44:13.794951  1179 skeleton_planner.h:170] Found solution in: 8
I20260909 04:44:13.794984  1179 skeleton_planner.h:170] Found solution in: 11
I20260909 04:44:13.795006  1179 skeleton_planner.h:170] Found solution in: 5
I20260909 04:44:13.795027  1179 skeleton_planner.h:170] Found solution in: 7
I20260909 04:44:13.795053  1179 skeleton_planner.h:170] Found solution in: 8
I20260909 04:44:13.795078  1179 skeleton_planner.h:170] Found solution in: 7
I20260909 04:44:13.795100  1179 skeleton_planner.h:170] Found solution in: 5
I20260909 04:44:13.795112  1179 skeleton_planner.h:170] Found solution in: 3
I20260909 04:44:13.795123  1179 skeleton_planner.h:170] Found solution in: 3
I20260909 04:44:13.795145  1179 skeleton_planner.h:170] Found solution in: 6
I20260909 04:44:13.795167  1179 skeleton_planner.h:170] Found solution in: 7
I20260909 04:44:13.795192  1179 skeleton_planner.h:170] Found solution in: 7
I20260909 04:44:13.795218  1179 skeleton_planner.h:170] Found solution in: 7
I20260909 04:44:13.795238  1179 skeleton_planner.h:170] Found solution in: 7
I20260909 04:44:13.795254  1179 skeleton_planner.h:170] Found solution in: 7
I20260909 04:44:13.795279  1179 skeleton_planner.h:170] Found solution in: 10
I20260909 04:44:13.795328  1179 skeleton_planner.h:170] Found solution in: 19
I20260909 04:44:13.795388  1179 skeleton_planner.h:170] Found solution in: 20
I20260909 04:44:13.795400  1179 skeleton_planner.h:170] Found solution in: 2
I20260909 04:44:13.795411  1179 skeleton_planner.h:170] Found solution in: 3
I20260909 04:44:13.795424  1179 skeleton_planner.h:170] Found solution in: 3
I20260909 04:44:13.795439  1179 skeleton_planner.h:170] Found solution in: 5
I20260909 04:44:13.795449  1179 skeleton_planner.h:170] Found solution in: 3
I20260909 04:44:13.795471  1179 skeleton_planner.h:170] Found solution in: 6
I20260909 04:44:13.795483  1179 skeleton_planner.h:170] Found solution in: 3
I20260909 04:44:13.795496  1179 skeleton_planner.h:170] Found solution in: 3
I20260909 04:44:13.795519  1179 skeleton_planner.h:170] Found solution in: 7
I20260909 04:44:13.795528  1179 skeleton_planner.h:170] Found solution in: 2
I20260909 04:44:13.795553  1179 skeleton_planner.h:170] Found solution in: 9
I20260909 04:44:13.795581  1179 skeleton_planner.h:170] Found solution in: 8
I20260909 04:44:13.795601  1179 skeleton_planner.h:170] Found solution in: 5
I20260909 04:44:13.795626  1179 skeleton_planner.h:170] Found solution in: 7
I20260909 04:44:13.795639  1179 skeleton_planner.h:170] Found solution in: 3
I20260909 04:44:13.795650  1179 skeleton_planner.h:170] Found solution in: 3
I20260909 04:44:13.795674  1179 skeleton_planner.h:170] Found solution in: 7
I20260909 04:44:13.795714  1179 skeleton_planner.h:170] Found solution in: 13
I20260909 04:44:13.795739  1179 skeleton_planner.h:170] Found solution in: 6
I20260909 04:44:13.795751  1179 skeleton_planner.h:170] Found solution in: 3
I20260909 04:44:13.795794  1179 skeleton_planner.h:170] Found solution in: 15
I20260909 04:44:13.795849  1179 skeleton_planner.h:170] Found solution in: 18
I20260909 04:44:13.795878  1179 skeleton_planner.h:170] Found solution in: 7
I20260909 04:44:13.795903  1179 skeleton_planner.h:170] Found solution in: 8
I20260909 04:44:13.795922  1179 skeleton_planner.h:170] Found solution in: 4
I20260909 04:44:13.795935  1179 skeleton_planner.h:170] Found solution in: 4
I20260909 04:44:13.795946  1179 skeleton_planner.h:170] Found solution in: 3
I20260909 04:44:13.795961  1179 skeleton_planner.h:170] Found solution in: 4
I20260909 04:44:13.795972  1179 skeleton_planner.h:170] Found solution in: 3
I20260909 04:44:13.795993  1179 skeleton_planner.h:170] Found solution in: 7
I20260909 04:44:13.796017  1179 skeleton_planner.h:170] Found solution in: 7
I20260909 04:44:13.796038  1179 skeleton_planner.h:170] Found solution in: 5
I20260909 04:44:13.796064  1179 skeleton_planner.h:170] Found solution in: 9
I20260909 04:44:13.796077  1179 skeleton_planner.h:170] Found solution in: 3
I20260909 04:44:13.796100  1179 skeleton_planner.h:170] Found solution in: 7
I20260909 04:44:13.796128  1179 skeleton_planner.h:170] Found solution in: 9
I20260909 04:44:13.796146  1179 skeleton_planner.h:170] Found solution in: 4
I20260909 04:44:13.796285  1179 skeleton_planner.h:170] Found solution in: 46
I20260909 04:44:13.796310  1179 skeleton_planner.h:170] Found solution in: 5
I20260909 04:44:13.796366  1179 skeleton_planner.h:170] Found solution in: 15
I20260909 04:44:13.796399  1179 skeleton_planner.h:170] Found solution in: 7
I20260909 04:44:13.796432  1179 skeleton_planner.h:170] Found solution in: 12
I20260909 04:44:13.796442  1179 skeleton_planner.h:170] Found solution in: 2
I20260909 04:44:13.796452  1179 skeleton_planner.h:170] Found solution in: 3
I20260909 04:44:13.796504  1179 skeleton_planner.h:170] Found solution in: 15
I20260909 04:44:13.796528  1179 skeleton_planner.h:170] Found solution in: 5
I20260909 04:44:13.796550  1179 skeleton_planner.h:170] Found solution in: 6
I20260909 04:44:13.796576  1179 skeleton_planner.h:170] Found solution in: 8
I20260909 04:44:13.796617  1179 skeleton_planner.h:170] Found solution in: 12
I20260909 04:44:13.796654  1179 skeleton_planner.h:170] Found solution in: 9
I20260909 04:44:13.796681  1179 skeleton_planner.h:170] Found solution in: 6
I20260909 04:44:13.796725  1179 skeleton_planner.h:170] Found solution in: 12
I20260909 04:44:13.796764  1179 skeleton_planner.h:170] Found solution in: 11
I20260909 04:44:13.796800  1179 skeleton_planner.h:170] Found solution in: 11
I20260909 04:44:13.796832  1179 skeleton_planner.h:170] Found solution in: 9
I20260909 04:44:13.796857  1179 skeleton_planner.h:170] Found solution in: 6
I20260909 04:44:13.796870  1179 skeleton_planner.h:170] Found solution in: 3
I20260909 04:44:13.796882  1179 skeleton_planner.h:170] Found solution in: 3
I20260909 04:44:13.796904  1179 skeleton_planner.h:170] Found solution in: 8
I20260909 04:44:13.796937  1179 skeleton_planner.h:170] Found solution in: 10
I20260909 04:44:13.796964  1179 skeleton_planner.h:170] Found solution in: 9
I20260909 04:44:13.796998  1179 skeleton_planner.h:170] Found solution in: 9
I20260909 04:44:13.797096  1179 skeleton_planner.h:170] Found solution in: 27
I20260909 04:44:13.797163  1179 skeleton_planner.h:170] Found solution in: 14
I20260909 04:44:13.797215  1179 skeleton_planner.h:170] Found solution in: 15
I20260909 04:44:13.797348  1179 skeleton_planner.h:170] Found solution in: 39
I20260909 04:44:13.797418  1179 skeleton_planner.h:170] Found solution in: 17
I20260909 04:44:13.797570  1179 skeleton_planner.h:170] Found solution in: 53
I20260909 04:44:13.797624  1179 skeleton_planner.h:170] Found solution in: 11
I20260909 04:44:13.797683  1179 skeleton_planner.h:170] Found solution in: 18
I20260909 04:44:13.797735  1179 skeleton_planner.h:170] Found solution in: 14
I20260909 04:44:13.797823  1179 skeleton_planner.h:170] Found solution in: 21
I20260909 04:44:13.797976  1179 skeleton_planner.h:170] Found solution in: 36
I20260909 04:44:13.798019  1179 skeleton_planner.h:170] Found solution in: 5
I20260909 04:44:13.798033  1179 skeleton_planner.h:170] Found solution in: 3
I20260909 04:44:13.798058  1179 skeleton_planner.h:170] Found solution in: 9
I20260909 04:44:13.798069  1179 skeleton_planner.h:170] Found solution in: 3
I20260909 04:44:13.798120  1179 skeleton_planner.h:170] Found solution in: 18
I20260909 04:44:13.798152  1179 skeleton_planner.h:170] Found solution in: 8
I20260909 04:44:13.798193  1179 skeleton_planner.h:170] Found solution in: 14
I20260909 04:44:13.798241  1179 skeleton_planner.h:170] Found solution in: 15
I20260909 04:44:13.798264  1179 skeleton_planner.h:170] Found solution in: 4
I20260909 04:44:13.798277  1179 skeleton_planner.h:170] Found solution in: 4
I20260909 04:44:13.798290  1179 skeleton_planner.h:170] Found solution in: 4
I20260909 04:44:13.798311  1179 skeleton_planner.h:170] Found solution in: 6
I20260909 04:44:13.798331  1179 skeleton_planner.h:170] Found solution in: 5
I20260909 04:44:13.798339  1179 skeleton_planner.h:170] Found solution in: 2
I20260909 04:44:13.798354  1179 skeleton_planner.h:170] Found solution in: 5
I20260909 04:44:13.798365  1179 skeleton_planner.h:170] Found solution in: 3
I20260909 04:44:13.798399  1179 skeleton_planner.h:170] Found solution in: 10
I20260909 04:44:13.798406  1179 skeleton_planner.h:170] Found solution in: 1
I20260909 04:44:13.798418  1179 skeleton_planner.h:170] Found solution in: 4
I20260909 04:44:13.798424  1179 skeleton_planner.h:170] Found solution in: 1
I20260909 04:44:13.798446  1179 skeleton_planner.h:170] Found solution in: 6
I20260909 04:44:13.798489  1179 skeleton_planner.h:170] Found solution in: 12
I20260909 04:44:13.798519  1179 skeleton_planner.h:170] Found solution in: 7
I20260909 04:44:13.798535  1179 skeleton_planner.h:170] Found solution in: 4
I20260909 04:44:13.798548  1179 skeleton_planner.h:170] Found solution in: 4
I20260909 04:44:13.798569  1179 skeleton_planner.h:170] Found solution in: 7
I20260909 04:44:13.798588  1179 skeleton_planner.h:170] Found solution in: 6
I20260909 04:44:13.798599  1179 skeleton_planner.h:170] Found solution in: 3
I20260909 04:44:13.798616  1179 skeleton_planner.h:170] Found solution in: 6
I20260909 04:44:13.798637  1179 skeleton_planner.h:170] Found solution in: 7
I20260909 04:44:13.798664  1179 skeleton_planner.h:170] Found solution in: 9
I20260909 04:44:13.798707  1179 skeleton_planner.h:170] Found solution in: 14
I20260909 04:44:13.798738  1179 skeleton_planner.h:170] Found solution in: 8
I20260909 04:44:13.799014  1179 skeleton_planner.h:170] Found solution in: 73
I20260909 04:44:13.799064  1179 skeleton_planner.h:170] Found solution in: 4
I20260909 04:44:13.799084  1179 skeleton_planner.h:170] Found solution in: 6
I20260909 04:44:13.799101  1179 skeleton_planner.h:170] Found solution in: 3
I20260909 04:44:13.799120  1179 skeleton_planner.h:170] Found solution in: 5
I20260909 04:44:13.799131  1179 skeleton_planner.h:170] Found solution in: 3
I20260909 04:44:13.799139  1179 skeleton_planner.h:170] Found solution in: 2
I20260909 04:44:13.799142  1179 skeleton_planner.h:170] Found solution in: 1
I20260909 04:44:13.799152  1179 skeleton_planner.h:170] Found solution in: 3
I20260909 04:44:13.799170  1179 skeleton_planner.h:170] Found solution in: 5
I20260909 04:44:13.799187  1179 skeleton_planner.h:170] Found solution in: 5
I20260909 04:44:13.799207  1179 skeleton_planner.h:170] Found solution in: 5
I20260909 04:44:13.799216  1179 skeleton_planner.h:170] Found solution in: 2
I20260909 04:44:13.799260  1179 skeleton_planner.h:170] Found solution in: 18
I20260909 04:44:13.799268  1179 skeleton_planner.h:170] Found solution in: 1
I20260909 04:44:13.799271  1179 skeleton_planner.h:170] Found solution in: 1
I20260909 04:44:13.799284  1179 skeleton_planner.h:170] Found solution in: 4
I20260909 04:44:13.799307  1179 skeleton_planner.h:170] Found solution in: 6
I20260909 04:44:13.799331  1179 skeleton_planner.h:170] Found solution in: 8
I20260909 04:44:13.799355  1179 skeleton_planner.h:170] Found solution in: 6
I20260909 04:44:13.799376  1179 skeleton_planner.h:170] Found solution in: 6
I20260909 04:44:13.799413  1179 skeleton_planner.h:170] Found solution in: 11
I20260909 04:44:13.799435  1179 skeleton_planner.h:170] Found solution in: 4
I20260909 04:44:13.799455  1179 skeleton_planner.h:170] Found solution in: 6
I20260909 04:44:13.799475  1179 skeleton_planner.h:170] Found solution in: 5
I20260909 04:44:13.799501  1179 skeleton_planner.h:170] Found solution in: 9
I20260909 04:44:13.799520  1179 skeleton_planner.h:170] Found solution in: 4
I20260909 04:44:13.799602  1179 skeleton_planner.h:170] Found solution in: 26
I20260909 04:44:13.799643  1179 skeleton_planner.h:170] Found solution in: 10
I20260909 04:44:13.799681  1179 skeleton_planner.h:170] Found solution in: 10
I20260909 04:44:13.799723  1179 skeleton_planner.h:170] Found solution in: 13
I20260909 04:44:13.799737  1179 skeleton_planner.h:170] Found solution in: 3
I20260909 04:44:13.799750  1179 skeleton_planner.h:170] Found solution in: 4
I20260909 04:44:13.799811  1179 skeleton_planner.h:170] Found solution in: 32
I20260909 04:44:13.799827  1179 skeleton_planner.h:170] Found solution in: 5
I20260909 04:44:13.799855  1179 skeleton_planner.h:170] Found solution in: 12
I20260909 04:44:13.799876  1179 skeleton_planner.h:170] Found solution in: 7
I20260909 04:44:13.799891  1179 skeleton_planner.h:170] Found solution in: 5
I20260909 04:44:13.799914  1179 skeleton_planner.h:170] Found solution in: 9
I20260909 04:44:13.799925  1179 skeleton_planner.h:170] Found solution in: 3
I20260909 04:44:13.799937  1179 skeleton_planner.h:170] Found solution in: 4
I20260909 04:44:13.799950  1179 skeleton_planner.h:170] Found solution in: 5
I20260909 04:44:13.799978  1179 skeleton_planner.h:170] Found solution in: 11
I20260909 04:44:13.800006  1179 skeleton_planner.h:170] Found solution in: 10
I20260909 04:44:13.800019  1179 skeleton_planner.h:170] Found solution in: 4
I20260909 04:44:13.800030  1179 skeleton_planner.h:170] Found solution in: 3
I20260909 04:44:13.800060  1179 skeleton_planner.h:170] Found solution in: 14
I20260909 04:44:13.800117  1179 skeleton_planner.h:170] Found solution in: 22
I20260909 04:44:13.800221  1179 skeleton_planner.h:170] Found solution in: 42
I20260909 04:44:13.800303  1179 skeleton_planner.h:170] Found solution in: 29
I20260909 04:44:13.800324  1179 skeleton_planner.h:170] Found solution in: 6
I20260909 04:44:13.800354  1179 skeleton_planner.h:170] Found solution in: 8
I20260909 04:44:13.800385  1179 skeleton_planner.h:170] Found solution in: 11
I20260909 04:44:13.800428  1179 skeleton_planner.h:170] Found solution in: 19
I20260909 04:44:13.800462  1179 skeleton_planner.h:170] Found solution in: 12
I20260909 04:44:13.800475  1179 skeleton_planner.h:170] Found solution in: 3
I20260909 04:44:13.800496  1179 skeleton_planner.h:170] Found solution in: 6
I20260909 04:44:13.800509  1179 skeleton_planner.h:170] Found solution in: 4
I20260909 04:44:13.800529  1179 skeleton_planner.h:170] Found solution in: 6
I20260909 04:44:13.800551  1179 skeleton_planner.h:170] Found solution in: 7
I20260909 04:44:13.800580  1179 skeleton_planner.h:170] Found solution in: 8
I20260909 04:44:13.800593  1179 skeleton_planner.h:170] Found solution in: 4
I20260909 04:44:13.800622  1179 skeleton_planner.h:170] Found solution in: 11
I20260909 04:44:13.800644  1179 skeleton_planner.h:170] Found solution in: 5
I20260909 04:44:13.800657  1179 skeleton_planner.h:170] Found solution in: 4
I20260909 04:44:13.800668  1179 skeleton_planner.h:170] Found solution in: 4
I20260909 04:44:13.800673  1179 skeleton_planner.h:170] Found solution in: 1
I20260909 04:44:13.800715  1179 skeleton_planner.h:170] Found solution in: 20
I20260909 04:44:13.800729  1179 skeleton_planner.h:170] Found solution in: 3
I20260909 04:44:13.800743  1179 skeleton_planner.h:170] Found solution in: 4
I20260909 04:44:13.800755  1179 skeleton_planner.h:170] Found solution in: 4
I20260909 04:44:13.800781  1179 skeleton_planner.h:170] Found solution in: 7
I20260909 04:44:13.800794  1179 skeleton_planner.h:170] Found solution in: 4
I20260909 04:44:13.800805  1179 skeleton_planner.h:170] Found solution in: 3
I20260909 04:44:13.800817  1179 skeleton_planner.h:170] Found solution in: 3
I20260909 04:44:13.800837  1179 skeleton_planner.h:170] Found solution in: 5
I20260909 04:44:13.800851  1179 skeleton_planner.h:170] Found solution in: 4
I20260909 04:44:13.800863  1179 skeleton_planner.h:170] Found solution in: 3
I20260909 04:44:13.800882  1179 skeleton_planner.h:170] Found solution in: 6
I20260909 04:44:13.800904  1179 skeleton_planner.h:170] Found solution in: 6
I20260909 04:44:13.800923  1179 skeleton_planner.h:170] Found solution in: 6
I20260909 04:44:13.800951  1179 skeleton_planner.h:170] Found solution in: 11
I20260909 04:44:13.800963  1179 skeleton_planner.h:170] Found solution in: 3
I20260909 04:44:13.800998  1179 skeleton_planner.h:170] Found solution in: 9
I20260909 04:44:13.801024  1179 skeleton_planner.h:170] Found solution in: 8
I20260909 04:44:13.801056  1179 skeleton_planner.h:170] Found solution in: 9
I20260909 04:44:13.801097  1179 skeleton_planner.h:170] Found solution in: 10
I20260909 04:44:13.801123  1179 skeleton_planner.h:170] Found solution in: 6
I20260909 04:44:13.801155  1179 skeleton_planner.h:170] Found solution in: 10
I20260909 04:44:13.801205  1179 skeleton_planner.h:170] Found solution in: 13
I20260909 04:44:13.801221  1179 skeleton_planner.h:170] Found solution in: 3
I20260909 04:44:13.801232  1179 skeleton_planner.h:170] Found solution in: 3
I20260909 04:44:13.801244  1179 skeleton_planner.h:170] Found solution in: 3
I20260909 04:44:13.801280  1179 skeleton_planner.h:170] Found solution in: 15
I20260909 04:44:13.801294  1179 skeleton_planner.h:170] Found solution in: 4
I20260909 04:44:13.801314  1179 skeleton_planner.h:170] Found solution in: 5
I20260909 04:44:13.801331  1179 skeleton_planner.h:170] Found solution in: 6
I20260909 04:44:13.801360  1179 skeleton_planner.h:170] Found solution in: 10
I20260909 04:44:13.801389  1179 skeleton_planner.h:170] Found solution in: 8
I20260909 04:44:13.801409  1179 skeleton_planner.h:170] Found solution in: 4
I20260909 04:44:13.801440  1179 skeleton_planner.h:170] Found solution in: 11
I20260909 04:44:13.801484  1179 skeleton_planner.h:170] Found solution in: 14
I20260909 04:44:13.801527  1179 skeleton_planner.h:170] Found solution in: 11
I20260909 04:44:13.801544  1179 skeleton_planner.h:170] Found solution in: 4
I20260909 04:44:13.801573  1179 skeleton_planner.h:170] Found solution in: 8
I20260909 04:44:13.801602  1179 skeleton_planner.h:170] Found solution in: 9
I20260909 04:44:13.801620  1179 skeleton_planner.h:170] Found solution in: 4
I20260909 04:44:13.801685  1179 skeleton_planner.h:170] Found solution in: 21
I20260909 04:44:13.801731  1179 skeleton_planner.h:170] Found solution in: 9
I20260909 04:44:13.801759  1179 skeleton_planner.h:170] Found solution in: 6
I20260909 04:44:13.801791  1179 skeleton_planner.h:170] Found solution in: 8
I20260909 04:44:13.801806  1179 skeleton_planner.h:170] Found solution in: 3
I20260909 04:44:13.801919  1179 skeleton_planner.h:170] Found solution in: 29
I20260909 04:44:13.802007  1179 skeleton_planner.h:170] Found solution in: 17
I20260909 04:44:13.802050  1179 skeleton_planner.h:170] Found solution in: 10
I20260909 04:44:13.802075  1179 skeleton_planner.h:170] Found solution in: 6
I20260909 04:44:13.802100  1179 skeleton_planner.h:170] Found solution in: 8
I20260909 04:44:13.802124  1179 skeleton_planner.h:170] Found solution in: 6
I20260909 04:44:13.802142  1179 skeleton_planner.h:170] Found solution in: 5
I20260909 04:44:13.802151  1179 skeleton_planner.h:170] Found solution in: 2
I20260909 04:44:13.802161  1179 skeleton_planner.h:170] Found solution in: 3
I20260909 04:44:13.802176  1179 skeleton_planner.h:170] Found solution in: 4
I20260909 04:44:13.802187  1179 skeleton_planner.h:170] Found solution in: 3
I20260909 04:44:13.802206  1179 skeleton_planner.h:170] Found solution in: 5
I20260909 04:44:13.802224  1179 skeleton_planner.h:170] Found solution in: 5
I20260909 04:44:13.802248  1179 skeleton_planner.h:170] Found solution in: 7
I20260909 04:44:13.802266  1179 skeleton_planner.h:170] Found solution in: 5
I20260909 04:44:13.802302  1179 skeleton_planner.h:170] Found solution in: 10
I20260909 04:44:13.802353  1179 skeleton_planner.h:170] Found solution in: 14
I20260909 04:44:13.802371  1179 skeleton_planner.h:170] Found solution in: 4
I20260909 04:44:13.802402  1179 skeleton_planner.h:170] Found solution in: 10
I20260909 04:44:13.802425  1179 skeleton_planner.h:170] Found solution in: 7
I20260909 04:44:13.802443  1179 skeleton_planner.h:170] Found solution in: 5
I20260909 04:44:13.802448  1179 skeleton_planner.h:170] Found solution in: 1
I20260909 04:44:13.802453  1179 skeleton_planner.h:170] Found solution in: 1
I20260909 04:44:13.802467  1179 skeleton_planner.h:170] Found solution in: 5
I20260909 04:44:13.802489  1179 skeleton_planner.h:170] Found solution in: 7
I20260909 04:44:13.802505  1179 skeleton_planner.h:170] Found solution in: 6
I20260909 04:44:13.802520  1179 skeleton_planner.h:170] Found solution in: 7
I20260909 04:44:13.802539  1179 skeleton_planner.h:170] Found solution in: 6
I20260909 04:44:13.802556  1179 skeleton_planner.h:170] Found solution in: 7
I20260909 04:44:13.802587  1179 skeleton_planner.h:170] Found solution in: 14
I20260909 04:44:13.802639  1179 skeleton_planner.h:170] Found solution in: 20
I20260909 04:44:13.802659  1179 skeleton_planner.h:170] Found solution in: 7
I20260909 04:44:13.802681  1179 skeleton_planner.h:170] Found solution in: 7
I20260909 04:44:13.802695  1179 skeleton_planner.h:170] Found solution in: 5
I20260909 04:44:13.802723  1179 skeleton_planner.h:170] Found solution in: 11
I20260909 04:44:13.802739  1179 skeleton_planner.h:170] Found solution in: 6
I20260909 04:44:13.802744  1179 skeleton_planner.h:170] Found solution in: 1
I20260909 04:44:13.802764  1179 skeleton_planner.h:170] Found solution in: 8
I20260909 04:44:13.802770  1179 skeleton_planner.h:170] Found solution in: 1
I20260909 04:44:13.802791  1179 skeleton_planner.h:170] Found solution in: 8
I20260909 04:44:13.802811  1179 skeleton_planner.h:170] Found solution in: 6
I20260909 04:44:13.802877  1179 skeleton_planner.h:170] Found solution in: 30
I20260909 04:44:13.802906  1179 skeleton_planner.h:170] Found solution in: 9
I20260909 04:44:13.802937  1179 skeleton_planner.h:170] Found solution in: 13
I20260909 04:44:13.802978  1179 skeleton_planner.h:170] Found solution in: 18
I20260909 04:44:13.802992  1179 skeleton_planner.h:170] Found solution in: 3
I20260909 04:44:13.803013  1179 skeleton_planner.h:170] Found solution in: 6
I20260909 04:44:13.803037  1179 skeleton_planner.h:170] Found solution in: 7
I20260909 04:44:13.803049  1179 skeleton_planner.h:170] Found solution in: 3
I20260909 04:44:13.803071  1179 skeleton_planner.h:170] Found solution in: 7
I20260909 04:44:13.803086  1179 skeleton_planner.h:170] Found solution in: 4
I20260909 04:44:13.803097  1179 skeleton_planner.h:170] Found solution in: 3
I20260909 04:44:13.803117  1179 skeleton_planner.h:170] Found solution in: 6
I20260909 04:44:13.803141  1179 skeleton_planner.h:170] Found solution in: 7
I20260909 04:44:13.803165  1179 skeleton_planner.h:170] Found solution in: 8
I20260909 04:44:13.803193  1179 skeleton_planner.h:170] Found solution in: 9
I20260909 04:44:13.803222  1179 skeleton_planner.h:170] Found solution in: 8
I20260909 04:44:13.803233  1179 skeleton_planner.h:170] Found solution in: 3
I20260909 04:44:13.803246  1179 skeleton_planner.h:170] Found solution in: 4
I20260909 04:44:13.803262  1179 skeleton_planner.h:170] Found solution in: 5
I20260909 04:44:13.803311  1179 skeleton_planner.h:170] Found solution in: 16
I20260909 04:44:13.803326  1179 skeleton_planner.h:170] Found solution in: 3
I20260909 04:44:13.803331  1179 skeleton_planner.h:170] Found solution in: 1
I20260909 04:44:13.803359  1179 skeleton_planner.h:170] Found solution in: 7
I20260909 04:44:13.803378  1179 skeleton_planner.h:170] Found solution in: 5
I20260909 04:44:13.803395  1179 skeleton_planner.h:170] Found solution in: 4
I20260909 04:44:13.803419  1179 skeleton_planner.h:170] Found solution in: 8
I20260909 04:44:13.803445  1179 skeleton_planner.h:170] Found solution in: 8
I20260909 04:44:13.803510  1179 skeleton_planner.h:170] Found solution in: 27
I20260909 04:44:13.803541  1179 skeleton_planner.h:170] Found solution in: 7
I20260909 04:44:13.803596  1179 skeleton_planner.h:170] Found solution in: 18
I20260909 04:44:13.803608  1179 skeleton_planner.h:170] Found solution in: 3
I20260909 04:44:13.803642  1179 skeleton_planner.h:170] Found solution in: 11
I20260909 04:44:13.803665  1179 skeleton_planner.h:170] Found solution in: 6
I20260909 04:44:13.803687  1179 skeleton_planner.h:170] Found solution in: 6
I20260909 04:44:13.803704  1179 skeleton_planner.h:170] Found solution in: 4
I20260909 04:44:13.803716  1179 skeleton_planner.h:170] Found solution in: 3
I20260909 04:44:13.803725  1179 skeleton_planner.h:170] Found solution in: 2
I20260909 04:44:13.803740  1179 skeleton_planner.h:170] Found solution in: 4
I20260909 04:44:13.803751  1179 skeleton_planner.h:170] Found solution in: 3
I20260909 04:44:13.803769  1179 skeleton_planner.h:170] Found solution in: 5
I20260909 04:44:13.803785  1179 skeleton_planner.h:170] Found solution in: 4
I20260909 04:44:13.803797  1179 skeleton_planner.h:170] Found solution in: 3
I20260909 04:44:13.803813  1179 skeleton_planner.h:170] Found solution in: 5
I20260909 04:44:13.803826  1179 skeleton_planner.h:170] Found solution in: 4
I20260909 04:44:13.803845  1179 skeleton_planner.h:170] Found solution in: 7
I20260909 04:44:13.803905  1179 skeleton_planner.h:170] Found solution in: 24
I20260909 04:44:13.804015  1179 skeleton_planner.h:170] Found solution in: 49
I20260909 04:44:13.804033  1179 skeleton_planner.h:170] Found solution in: 5
I20260909 04:44:13.804047  1179 skeleton_planner.h:170] Found solution in: 5
I20260909 04:44:13.804062  1179 skeleton_planner.h:170] Found solution in: 6
I20260909 04:44:13.804075  1179 skeleton_planner.h:170] Found solution in: 4
I20260909 04:44:13.804078  1179 skeleton_planner.h:170] Found solution in: 1
I20260909 04:44:13.804088  1179 skeleton_planner.h:170] Found solution in: 3
I20260909 04:44:13.804100  1179 skeleton_planner.h:170] Found solution in: 3
I20260909 04:44:13.804123  1179 skeleton_planner.h:170] Found solution in: 4
I20260909 04:44:13.804136  1179 skeleton_planner.h:170] Found solution in: 3
I20260909 04:44:13.804148  1179 skeleton_planner.h:170] Found solution in: 4
I20260909 04:44:13.804170  1179 skeleton_planner.h:170] Found solution in: 8
I20260909 04:44:13.804198  1179 skeleton_planner.h:170] Found solution in: 9
I20260909 04:44:13.804219  1179 skeleton_planner.h:170] Found solution in: 5
I20260909 04:44:13.804235  1179 skeleton_planner.h:170] Found solution in: 5
I20260909 04:44:13.804240  1179 skeleton_planner.h:170] Found solution in: 1
I20260909 04:44:13.804251  1179 skeleton_planner.h:170] Found solution in: 3
I20260909 04:44:13.804261  1179 skeleton_planner.h:170] Found solution in: 3
I20260909 04:44:13.804272  1179 skeleton_planner.h:170] Found solution in: 3
I20260909 04:44:13.804282  1179 skeleton_planner.h:170] Found solution in: 3
I20260909 04:44:13.804287  1179 skeleton_planner.h:170] Found solution in: 1
I20260909 04:44:13.804291  1179 skeleton_planner.h:170] Found solution in: 1
I20260909 04:44:13.804293  1179 skeleton_planner.h:170] Found solution in: 1
I20260909 04:44:13.804312  1179 skeleton_planner.h:170] Found solution in: 6
I20260909 04:44:13.804327  1179 skeleton_planner.h:170] Found solution in: 4
I20260909 04:44:13.804346  1179 skeleton_planner.h:170] Found solution in: 6
I20260909 04:44:13.804379  1179 skeleton_planner.h:170] Found solution in: 11
I20260909 04:44:13.804395  1179 skeleton_planner.h:170] Found solution in: 4
I20260909 04:44:13.804405  1179 skeleton_planner.h:170] Found solution in: 3
I20260909 04:44:13.804428  1179 skeleton_planner.h:170] Found solution in: 7
I20260909 04:44:13.804447  1179 skeleton_planner.h:170] Found solution in: 5
I20260909 04:44:13.804476  1179 skeleton_planner.h:170] Found solution in: 8
I20260909 04:44:13.804482  1179 skeleton_planner.h:170] Found solution in: 1
I20260909 04:44:13.804486  1179 skeleton_planner.h:170] Found solution in: 1
I20260909 04:44:13.804495  1179 skeleton_planner.h:170] Found solution in: 4
I20260909 04:44:13.804517  1179 skeleton_planner.h:170] Found solution in: 6
I20260909 04:44:13.804530  1179 skeleton_planner.h:170] Found solution in: 4
I20260909 04:44:13.804548  1179 skeleton_planner.h:170] Found solution in: 5
I20260909 04:44:13.804566  1179 skeleton_planner.h:170] Found solution in: 5
I20260909 04:44:13.804579  1179 skeleton_planner.h:170] Found solution in: 3
I20260909 04:44:13.804597  1179 skeleton_planner.h:170] Found solution in: 6
I20260909 04:44:13.804607  1179 skeleton_planner.h:170] Found solution in: 2
I20260909 04:44:13.804622  1179 skeleton_planner.h:170] Found solution in: 4
I20260909 04:44:13.804637  1179 skeleton_planner.h:170] Found solution in: 4
I20260909 04:44:13.804656  1179 skeleton_planner.h:170] Found solution in: 6
I20260909 04:44:13.804687  1179 skeleton_planner.h:170] Found solution in: 9
I20260909 04:44:13.804713  1179 skeleton_planner.h:170] Found solution in: 6
I20260909 04:44:13.804736  1179 skeleton_planner.h:170] Found solution in: 9
I20260909 04:44:13.804744  1179 skeleton_planner.h:170] Found solution in: 2
I20260909 04:44:13.804749  1179 skeleton_planner.h:170] Found solution in: 1
I20260909 04:44:13.804751  1179 skeleton_planner.h:170] Found solution in: 1
I20260909 04:44:13.804800  1179 skeleton_planner.h:170] Found solution in: 23
I20260909 04:44:13.804967  1179 skeleton_planner.h:170] Found solution in: 69
I20260909 04:44:13.804983  1179 skeleton_planner.h:170] Found solution in: 2
I20260909 04:44:13.804996  1179 skeleton_planner.h:170] Found solution in: 4
I20260909 04:44:13.805007  1179 skeleton_planner.h:170] Found solution in: 3
I20260909 04:44:13.805040  1179 skeleton_planner.h:170] Found solution in: 7
I20260909 04:44:13.805059  1179 skeleton_planner.h:170] Found solution in: 4
I20260909 04:44:13.805083  1179 skeleton_planner.h:170] Found solution in: 8
I20260909 04:44:13.805094  1179 skeleton_planner.h:170] Found solution in: 3
I20260909 04:44:13.805099  1179 skeleton_planner.h:170] Found solution in: 1
I20260909 04:44:13.805102  1179 skeleton_planner.h:170] Found solution in: 1
I20260909 04:44:13.805126  1179 skeleton_planner.h:170] Found solution in: 10
I20260909 04:44:13.805150  1179 skeleton_planner.h:170] Found solution in: 8
I20260909 04:44:13.805172  1179 skeleton_planner.h:170] Found solution in: 9
I20260909 04:44:13.805197  1179 skeleton_planner.h:170] Found solution in: 10
I20260909 04:44:13.805203  1179 skeleton_planner.h:170] Found solution in: 1
I20260909 04:44:13.805207  1179 skeleton_planner.h:170] Found solution in: 1
I20260909 04:44:13.805233  1179 skeleton_planner.h:170] Found solution in: 12
I20260909 04:44:13.805253  1179 skeleton_planner.h:170] Found solution in: 8
I20260909 04:44:13.805284  1179 skeleton_planner.h:170] Found solution in: 13
I20260909 04:44:13.805318  1179 skeleton_planner.h:170] Found solution in: 12
I20260909 04:44:13.805333  1179 skeleton_planner.h:170] Found solution in: 4
I20260909 04:44:13.805354  1179 skeleton_planner.h:170] Found solution in: 6
I20260909 04:44:13.805379  1179 skeleton_planner.h:170] Found solution in: 8
I20260909 04:44:13.805392  1179 skeleton_planner.h:170] Found solution in: 3
I20260909 04:44:13.805402  1179 skeleton_planner.h:170] Found solution in: 3
I20260909 04:44:13.805418  1179 skeleton_planner.h:170] Found solution in: 5
I20260909 04:44:13.805431  1179 skeleton_planner.h:170] Found solution in: 4
I20260909 04:44:13.805441  1179 skeleton_planner.h:170] Found solution in: 3
I20260909 04:44:13.805451  1179 skeleton_planner.h:170] Found solution in: 3
I20260909 04:44:13.805464  1179 skeleton_planner.h:170] Found solution in: 4
I20260909 04:44:13.805481  1179 skeleton_planner.h:170] Found solution in: 4
I20260909 04:44:13.805492  1179 skeleton_planner.h:170] Found solution in: 3
I20260909 04:44:13.805503  1179 skeleton_planner.h:170] Found solution in: 3
I20260909 04:44:13.805524  1179 skeleton_planner.h:170] Found solution in: 6
I20260909 04:44:13.805545  1179 skeleton_planner.h:170] Found solution in: 7
I20260909 04:44:13.805564  1179 skeleton_planner.h:170] Found solution in: 5
I20260909 04:44:13.805579  1179 skeleton_planner.h:170] Found solution in: 4
I20260909 04:44:13.805596  1179 skeleton_planner.h:170] Found solution in: 5
I20260909 04:44:13.805613  1179 skeleton_planner.h:170] Found solution in: 5
I20260909 04:44:13.805630  1179 skeleton_planner.h:170] Found solution in: 5
I20260909 04:44:13.805656  1179 skeleton_planner.h:170] Found solution in: 9
I20260909 04:44:13.805670  1179 skeleton_planner.h:170] Found solution in: 3
I20260909 04:44:13.805694  1179 skeleton_planner.h:170] Found solution in: 10
I20260909 04:44:13.805708  1179 skeleton_planner.h:170] Found solution in: 4
I20260909 04:44:13.805725  1179 skeleton_planner.h:170] Found solution in: 5
I20260909 04:44:13.805751  1179 skeleton_planner.h:170] Found solution in: 9
I20260909 04:44:13.805781  1179 skeleton_planner.h:170] Found solution in: 9
I20260909 04:44:13.805794  1179 skeleton_planner.h:170] Found solution in: 3
I20260909 04:44:13.805843  1179 skeleton_planner.h:170] Found solution in: 17
I20260909 04:44:13.805856  1179 skeleton_planner.h:170] Found solution in: 3
I20260909 04:44:13.805877  1179 skeleton_planner.h:170] Found solution in: 5
I20260909 04:44:13.805889  1179 skeleton_planner.h:170] Found solution in: 3
I20260909 04:44:13.805907  1179 skeleton_planner.h:170] Found solution in: 6
I20260909 04:44:13.805927  1179 skeleton_planner.h:170] Found solution in: 6
I20260909 04:44:13.805966  1179 skeleton_planner.h:170] Found solution in: 11
I20260909 04:44:13.805991  1179 skeleton_planner.h:170] Found solution in: 7
I20260909 04:44:13.805999  1179 skeleton_planner.h:170] Found solution in: 2
I20260909 04:44:13.806012  1179 skeleton_planner.h:170] Found solution in: 4
I20260909 04:44:13.806025  1179 skeleton_planner.h:170] Found solution in: 3
I20260909 04:44:13.806034  1179 skeleton_planner.h:170] Found solution in: 3
I20260909 04:44:13.806042  1179 skeleton_planner.h:170] Found solution in: 2
I20260909 04:44:13.806061  1179 skeleton_planner.h:170] Found solution in: 7
I20260909 04:44:13.806067  1179 skeleton_planner.h:170] Found solution in: 1
I20260909 04:44:13.806077  1179 skeleton_planner.h:170] Found solution in: 3
I20260909 04:44:13.806088  1179 skeleton_planner.h:170] Found solution in: 3
I20260909 04:44:13.806116  1179 skeleton_planner.h:170] Found solution in: 9
I20260909 04:44:13.806133  1179 skeleton_planner.h:170] Found solution in: 6
I20260909 04:44:13.806160  1179 skeleton_planner.h:170] Found solution in: 10
I20260909 04:44:13.806167  1179 skeleton_planner.h:170] Found solution in: 1
I20260909 04:44:13.806173  1179 skeleton_planner.h:170] Found solution in: 2
I20260909 04:44:13.806178  1179 skeleton_planner.h:170] Found solution in: 1
I20260909 04:44:13.806181  1179 skeleton_planner.h:170] Found solution in: 1
I20260909 04:44:13.806209  1179 skeleton_planner.h:170] Found solution in: 12
I20260909 04:44:13.806224  1179 skeleton_planner.h:170] Found solution in: 4
I20260909 04:44:13.806237  1179 skeleton_planner.h:170] Found solution in: 4
I20260909 04:44:13.806242  1179 skeleton_planner.h:170] Found solution in: 1
I20260909 04:44:13.806253  1179 skeleton_planner.h:170] Found solution in: 4
I20260909 04:44:13.806283  1179 skeleton_planner.h:170] Found solution in: 11
I20260909 04:44:13.806316  1179 skeleton_planner.h:170] Found solution in: 13
I20260909 04:44:13.806340  1179 skeleton_planner.h:170] Found solution in: 7
I20260909 04:44:13.806365  1179 skeleton_planner.h:170] Found solution in: 8
I20260909 04:44:13.806383  1179 skeleton_planner.h:170] Found solution in: 5
I20260909 04:44:13.806406  1179 skeleton_planner.h:170] Found solution in: 8
I20260909 04:44:13.806424  1179 skeleton_planner.h:170] Found solution in: 5
I20260909 04:44:13.806443  1179 skeleton_planner.h:170] Found solution in: 7
I20260909 04:44:13.806457  1179 skeleton_planner.h:170] Found solution in: 4
I20260909 04:44:13.806474  1179 skeleton_planner.h:170] Found solution in: 6
I20260909 04:44:13.806488  1179 skeleton_planner.h:170] Found solution in: 5
I20260909 04:44:13.806504  1179 skeleton_planner.h:170] Found solution in: 5
I20260909 04:44:13.806523  1179 skeleton_planner.h:170] Found solution in: 6
I20260909 04:44:13.806535  1179 skeleton_planner.h:170] Found solution in: 3
I20260909 04:44:13.806556  1179 skeleton_planner.h:170] Found solution in: 7
I20260909 04:44:13.806561  1179 skeleton_planner.h:170] Found solution in: 1
I20260909 04:44:13.806586  1179 skeleton_planner.h:170] Found solution in: 9
I20260909 04:44:13.806596  1179 skeleton_planner.h:170] Found solution in: 4
I20260909 04:44:13.806608  1179 skeleton_planner.h:170] Found solution in: 4
I20260909 04:44:13.806630  1179 skeleton_planner.h:170] Found solution in: 8
I20260909 04:44:13.806644  1179 skeleton_planner.h:170] Found solution in: 5
I20260909 04:44:13.806671  1179 skeleton_planner.h:170] Found solution in: 11
I20260909 04:44:13.806679  1179 skeleton_planner.h:170] Found solution in: 1
I20260909 04:44:13.806797  1179 skeleton_planner.h:170] Found solution in: 48
I20260909 04:44:13.806820  1179 skeleton_planner.h:170] Found solution in: 6
I20260909 04:44:13.806862  1179 skeleton_planner.h:170] Found solution in: 12
I20260909 04:44:13.806998  1179 skeleton_planner.h:170] Found solution in: 50
I20260909 04:44:13.807041  1179 skeleton_planner.h:170] Found solution in: 6
I20260909 04:44:13.807050  1179 skeleton_planner.h:170] Found solution in: 2
I20260909 04:44:13.807070  1179 skeleton_planner.h:170] Found solution in: 6
I20260909 04:44:13.807082  1179 skeleton_planner.h:170] Found solution in: 3
I20260909 04:44:13.807111  1179 skeleton_planner.h:170] Found solution in: 10
I20260909 04:44:13.807168  1179 skeleton_planner.h:170] Found solution in: 18
I20260909 04:44:13.807192  1179 skeleton_planner.h:170] Found solution in: 5
I20260909 04:44:13.807204  1179 skeleton_planner.h:170] Found solution in: 3
I20260909 04:44:13.807216  1179 skeleton_planner.h:170] Found solution in: 4
I20260909 04:44:13.807230  1179 skeleton_planner.h:170] Found solution in: 4
I20260909 04:44:13.807298  1179 skeleton_planner.h:170] Found solution in: 23
I20260909 04:44:13.807329  1179 skeleton_planner.h:170] Found solution in: 5
I20260909 04:44:13.807338  1179 skeleton_planner.h:170] Found solution in: 2
I20260909 04:44:13.807348  1179 skeleton_planner.h:170] Found solution in: 3
I20260909 04:44:13.807360  1179 skeleton_planner.h:170] Found solution in: 4
I20260909 04:44:13.807386  1179 skeleton_planner.h:170] Found solution in: 8
I20260909 04:44:13.807415  1179 skeleton_planner.h:170] Found solution in: 10
I20260909 04:44:13.807466  1179 skeleton_planner.h:170] Found solution in: 16
I20260909 04:44:13.807515  1179 skeleton_planner.h:170] Found solution in: 17
I20260909 04:44:13.807524  1179 skeleton_planner.h:170] Found solution in: 1
I20260909 04:44:13.807528  1179 skeleton_planner.h:170] Found solution in: 1
I20260909 04:44:13.807554  1179 skeleton_planner.h:170] Found solution in: 9
I20260909 04:44:13.807631  1179 skeleton_planner.h:170] Found solution in: 45
I20260909 04:44:13.807647  1179 skeleton_planner.h:170] Found solution in: 4
I20260909 04:44:13.807667  1179 skeleton_planner.h:170] Found solution in: 5
I20260909 04:44:13.807672  1179 skeleton_planner.h:170] Found solution in: 1
I20260909 04:44:13.807688  1179 skeleton_planner.h:170] Found solution in: 5
I20260909 04:44:13.807709  1179 skeleton_planner.h:170] Found solution in: 6
I20260909 04:44:13.807723  1179 skeleton_planner.h:170] Found solution in: 4
I20260909 04:44:13.807741  1179 skeleton_planner.h:170] Found solution in: 5
I20260909 04:44:13.807750  1179 skeleton_planner.h:170] Found solution in: 2
I20260909 04:44:13.807829  1179 skeleton_planner.h:170] Found solution in: 23
I20260909 04:44:13.807842  1179 skeleton_planner.h:170] Found solution in: 1
I20260909 04:44:13.807868  1179 skeleton_planner.h:170] Found solution in: 6
I20260909 04:44:13.807874  1179 skeleton_planner.h:170] Found solution in: 1
I20260909 04:44:13.807893  1179 skeleton_planner.h:170] Found solution in: 5
I20260909 04:44:13.807905  1179 skeleton_planner.h:170] Found solution in: 4
I20260909 04:44:13.807916  1179 skeleton_planner.h:170] Found solution in: 3
I20260909 04:44:13.807955  1179 skeleton_planner.h:170] Found solution in: 12
I20260909 04:44:13.807965  1179 skeleton_planner.h:170] Found solution in: 2
I20260909 04:44:13.807969  1179 skeleton_planner.h:170] Found solution in: 1
I20260909 04:44:13.807972  1179 skeleton_planner.h:170] Found solution in: 1
I20260909 04:44:13.807984  1179 skeleton_planner.h:170] Found solution in: 5
I20260909 04:44:13.807997  1179 skeleton_planner.h:170] Found solution in: 4
I20260909 04:44:13.808010  1179 skeleton_planner.h:170] Found solution in: 4
I20260909 04:44:13.808015  1179 skeleton_planner.h:170] Found solution in: 1
I20260909 04:44:13.808018  1179 skeleton_planner.h:170] Found solution in: 1
I20260909 04:44:13.808040  1179 skeleton_planner.h:170] Found solution in: 10
I20260909 04:44:13.808046  1179 skeleton_planner.h:170] Found solution in: 1
I20260909 04:44:13.808068  1179 skeleton_planner.h:170] Found solution in: 9
I20260909 04:44:13.808079  1179 skeleton_planner.h:170] Found solution in: 4
I20260909 04:44:13.808094  1179 skeleton_planner.h:170] Found solution in: 6
I20260909 04:44:13.808105  1179 skeleton_planner.h:170] Found solution in: 3
I20260909 04:44:13.808125  1179 skeleton_planner.h:170] Found solution in: 6
I20260909 04:44:13.808139  1179 skeleton_planner.h:170] Found solution in: 4
I20260909 04:44:13.808144  1179 skeleton_planner.h:170] Found solution in: 1
I20260909 04:44:13.808166  1179 skeleton_planner.h:170] Found solution in: 7
I20260909 04:44:13.808182  1179 skeleton_planner.h:170] Found solution in: 5
I20260909 04:44:13.808195  1179 skeleton_planner.h:170] Found solution in: 5
I20260909 04:44:13.808211  1179 skeleton_planner.h:170] Found solution in: 6
I20260909 04:44:13.808233  1179 skeleton_planner.h:170] Found solution in: 7
I20260909 04:44:13.808238  1179 skeleton_planner.h:170] Found solution in: 1
I20260909 04:44:13.808247  1179 skeleton_planner.h:170] Found solution in: 4
I20260909 04:44:13.808252  1179 skeleton_planner.h:170] Found solution in: 1
I20260909 04:44:13.808254  1179 skeleton_planner.h:170] Found solution in: 1
I20260909 04:44:13.808257  1179 skeleton_planner.h:170] Found solution in: 1
I20260909 04:44:13.808269  1179 skeleton_planner.h:170] Found solution in: 4
I20260909 04:44:13.808288  1179 skeleton_planner.h:170] Found solution in: 6
I20260909 04:44:13.808312  1179 skeleton_planner.h:170] Found solution in: 7
I20260909 04:44:13.808336  1179 skeleton_planner.h:170] Found solution in: 8
I20260909 04:44:13.808373  1179 skeleton_planner.h:170] Found solution in: 13
I20260909 04:44:13.808382  1179 skeleton_planner.h:170] Found solution in: 1
I20260909 04:44:13.808385  1179 skeleton_planner.h:170] Found solution in: 1
I20260909 04:44:13.808388  1179 skeleton_planner.h:170] Found solution in: 1
I20260909 04:44:13.808413  1179 skeleton_planner.h:170] Found solution in: 7
I20260909 04:44:13.808462  1179 skeleton_planner.h:170] Found solution in: 18
I20260909 04:44:13.808506  1179 skeleton_planner.h:170] Found solution in: 12
I20260909 04:44:13.808521  1179 skeleton_planner.h:170] Found solution in: 4
I20260909 04:44:13.808531  1179 skeleton_planner.h:170] Found solution in: 4
I20260909 04:44:13.808542  1179 skeleton_planner.h:170] Found solution in: 3
I20260909 04:44:13.808553  1179 skeleton_planner.h:170] Found solution in: 3
I20260909 04:44:13.808581  1179 skeleton_planner.h:170] Found solution in: 9
I20260909 04:44:13.808588  1179 skeleton_planner.h:170] Found solution in: 1
I20260909 04:44:13.808590  1179 skeleton_planner.h:170] Found solution in: 1
I20260909 04:44:13.808619  1179 skeleton_planner.h:170] Found solution in: 11
I20260909 04:44:13.808640  1179 skeleton_planner.h:170] Found solution in: 4
I20260909 04:44:13.808658  1179 skeleton_planner.h:170] Found solution in: 6
I20260909 04:44:13.808687  1179 skeleton_planner.h:170] Found solution in: 10
I20260909 04:44:13.808703  1179 skeleton_planner.h:170] Found solution in: 4
I20260909 04:44:13.808714  1179 skeleton_planner.h:170] Found solution in: 3
I20260909 04:44:13.808733  1179 skeleton_planner.h:170] Found solution in: 6
I20260909 04:44:13.808749  1179 skeleton_planner.h:170] Found solution in: 6
I20260909 04:44:13.808796  1179 skeleton_planner.h:170] Found solution in: 17
I20260909 04:44:13.808811  1179 skeleton_planner.h:170] Found solution in: 3
I20260909 04:44:13.808820  1179 skeleton_planner.h:170] Found solution in: 2
I20260909 04:44:13.808830  1179 skeleton_planner.h:170] Found solution in: 3
I20260909 04:44:13.808840  1179 skeleton_planner.h:170] Found solution in: 2
I20260909 04:44:13.808852  1179 skeleton_planner.h:170] Found solution in: 4
I20260909 04:44:13.808873  1179 skeleton_planner.h:170] Found solution in: 5
I20260909 04:44:13.808887  1179 skeleton_planner.h:170] Found solution in: 4
I20260909 04:44:13.808899  1179 skeleton_planner.h:170] Found solution in: 3
I20260909 04:44:13.808910  1179 skeleton_planner.h:170] Found solution in: 3
I20260909 04:44:13.808926  1179 skeleton_planner.h:170] Found solution in: 4
I20260909 04:44:13.808938  1179 skeleton_planner.h:170] Found solution in: 3
I20260909 04:44:13.808954  1179 skeleton_planner.h:170] Found solution in: 5
I20260909 04:44:13.808986  1179 skeleton_planner.h:170] Found solution in: 9
I20260909 04:44:13.808998  1179 skeleton_planner.h:170] Found solution in: 3
I20260909 04:44:13.809011  1179 skeleton_planner.h:170] Found solution in: 4
I20260909 04:44:13.809026  1179 skeleton_planner.h:170] Found solution in: 5
I20260909 04:44:13.809034  1179 skeleton_planner.h:170] Found solution in: 2
I20260909 04:44:13.809046  1179 skeleton_planner.h:170] Found solution in: 3
I20260909 04:44:13.809056  1179 skeleton_planner.h:170] Found solution in: 3
I20260909 04:44:13.809082  1179 skeleton_planner.h:170] Found solution in: 9
I20260909 04:44:13.809134  1179 skeleton_planner.h:170] Found solution in: 20
I20260909 04:44:13.809149  1179 skeleton_planner.h:170] Found solution in: 4
I20260909 04:44:13.809160  1179 skeleton_planner.h:170] Found solution in: 3
I20260909 04:44:13.809175  1179 skeleton_planner.h:170] Found solution in: 5
I20260909 04:44:13.809206  1179 skeleton_planner.h:170] Found solution in: 9
I20260909 04:44:13.809221  1179 skeleton_planner.h:170] Found solution in: 4
I20260909 04:44:13.809232  1179 skeleton_planner.h:170] Found solution in: 3
I20260909 04:44:13.809240  1179 skeleton_planner.h:170] Found solution in: 2
I20260909 04:44:13.809245  1179 skeleton_planner.h:170] Found solution in: 1
I20260909 04:44:13.809262  1179 skeleton_planner.h:170] Found solution in: 5
I20260909 04:44:13.809283  1179 skeleton_planner.h:170] Found solution in: 6
I20260909 04:44:13.809299  1179 skeleton_planner.h:170] Found solution in: 4
I20260909 04:44:13.809319  1179 skeleton_planner.h:170] Found solution in: 5
I20260909 04:44:13.809336  1179 skeleton_planner.h:170] Found solution in: 5
I20260909 04:44:13.809356  1179 skeleton_planner.h:170] Found solution in: 6
I20260909 04:44:13.809376  1179 skeleton_planner.h:170] Found solution in: 6
I20260909 04:44:13.809396  1179 skeleton_planner.h:170] Found solution in: 6
I20260909 04:44:13.809408  1179 skeleton_planner.h:170] Found solution in: 3
I20260909 04:44:13.809422  1179 skeleton_planner.h:170] Found solution in: 4
I20260909 04:44:13.809445  1179 skeleton_planner.h:170] Found solution in: 8
I20260909 04:44:13.809470  1179 skeleton_planner.h:170] Found solution in: 8
I20260909 04:44:13.809484  1179 skeleton_planner.h:170] Found solution in: 4
I20260909 04:44:13.809501  1179 skeleton_planner.h:170] Found solution in: 6
I20260909 04:44:13.809518  1179 skeleton_planner.h:170] Found solution in: 5
I20260909 04:44:13.809540  1179 skeleton_planner.h:170] Found solution in: 8
I20260909 04:44:13.809552  1179 skeleton_planner.h:170] Found solution in: 3
I20260909 04:44:13.809563  1179 skeleton_planner.h:170] Found solution in: 3
I20260909 04:44:13.809584  1179 skeleton_planner.h:170] Found solution in: 6
I20260909 04:44:13.809603  1179 skeleton_planner.h:170] Found solution in: 5
I20260909 04:44:13.809621  1179 skeleton_planner.h:170] Found solution in: 6
I20260909 04:44:13.809641  1179 skeleton_planner.h:170] Found solution in: 6
I20260909 04:44:13.809659  1179 skeleton_planner.h:170] Found solution in: 5
I20260909 04:44:13.809680  1179 skeleton_planner.h:170] Found solution in: 6
I20260909 04:44:13.809701  1179 skeleton_planner.h:170] Found solution in: 6
I20260909 04:44:13.809712  1179 skeleton_planner.h:170] Found solution in: 3
I20260909 04:44:13.809717  1179 skeleton_planner.h:170] Found solution in: 1
I20260909 04:44:13.809741  1179 skeleton_planner.h:170] Found solution in: 9
I20260909 04:44:13.809753  1179 skeleton_planner.h:170] Found solution in: 3
I20260909 04:44:13.809770  1179 skeleton_planner.h:170] Found solution in: 6
I20260909 04:44:13.809785  1179 skeleton_planner.h:170] Found solution in: 4
I20260909 04:44:13.809809  1179 skeleton_planner.h:170] Found solution in: 9
I20260909 04:44:13.809824  1179 skeleton_planner.h:170] Found solution in: 5
I20260909 04:44:13.809835  1179 skeleton_planner.h:170] Found solution in: 4
I20260909 04:44:13.809854  1179 skeleton_planner.h:170] Found solution in: 12
I20260909 04:44:13.809885  1179 skeleton_planner.h:170] Found solution in: 16
I20260909 04:44:13.809897  1179 skeleton_planner.h:170] Found solution in: 4
I20260909 04:44:13.809966  1179 skeleton_planner.h:170] Found solution in: 37
I20260909 04:44:13.810012  1179 skeleton_planner.h:170] Found solution in: 12
I20260909 04:44:13.810040  1179 skeleton_planner.h:170] Found solution in: 8
I20260909 04:44:13.810060  1179 skeleton_planner.h:170] Found solution in: 5
I20260909 04:44:13.810075  1179 skeleton_planner.h:170] Found solution in: 6
I20260909 04:44:13.810101  1179 skeleton_planner.h:170] Found solution in: 10
I20260909 04:44:13.810127  1179 skeleton_planner.h:170] Found solution in: 10
I20260909 04:44:13.810148  1179 skeleton_planner.h:170] Found solution in: 6
I20260909 04:44:13.810170  1179 skeleton_planner.h:170] Found solution in: 7
I20260909 04:44:13.810195  1179 skeleton_planner.h:170] Found solution in: 9
I20260909 04:44:13.810227  1179 skeleton_planner.h:170] Found solution in: 13
I20260909 04:44:13.810249  1179 skeleton_planner.h:170] Found solution in: 6
I20260909 04:44:13.810261  1179 skeleton_planner.h:170] Found solution in: 3
I20260909 04:44:13.810281  1179 skeleton_planner.h:170] Found solution in: 7
I20260909 04:44:13.810298  1179 skeleton_planner.h:170] Found solution in: 6
I20260909 04:44:13.810313  1179 skeleton_planner.h:170] Found solution in: 4
I20260909 04:44:13.810325  1179 skeleton_planner.h:170] Found solution in: 5
I20260909 04:44:13.810336  1179 skeleton_planner.h:170] Found solution in: 3
I20260909 04:44:13.810355  1179 skeleton_planner.h:170] Found solution in: 6
I20260909 04:44:13.810384  1179 skeleton_planner.h:170] Found solution in: 9
I20260909 04:44:13.810420  1179 skeleton_planner.h:170] Found solution in: 12
I20260909 04:44:13.810434  1179 skeleton_planner.h:170] Found solution in: 5
I20260909 04:44:13.810456  1179 skeleton_planner.h:170] Found solution in: 6
I20260909 04:44:13.810497  1179 skeleton_planner.h:170] Found solution in: 16
I20260909 04:44:13.810510  1179 skeleton_planner.h:170] Found solution in: 3
I20260909 04:44:13.810532  1179 skeleton_planner.h:170] Found solution in: 6
I20260909 04:44:13.810539  1179 skeleton_planner.h:170] Found solution in: 1
I20260909 04:44:13.810549  1179 skeleton_planner.h:170] Found solution in: 3
I20260909 04:44:13.810556  1179 skeleton_planner.h:170] Found solution in: 2
I20260909 04:44:13.810580  1179 skeleton_planner.h:170] Found solution in: 9
I20260909 04:44:13.810592  1179 skeleton_planner.h:170] Found solution in: 3
I20260909 04:44:13.810603  1179 skeleton_planner.h:170] Found solution in: 3
I20260909 04:44:13.810616  1179 skeleton_planner.h:170] Found solution in: 4
I20260909 04:44:13.810637  1179 skeleton_planner.h:170] Found solution in: 6
I20260909 04:44:13.810658  1179 skeleton_planner.h:170] Found solution in: 7
I20260909 04:44:13.810669  1179 skeleton_planner.h:170] Found solution in: 3
I20260909 04:44:13.810696  1179 skeleton_planner.h:170] Found solution in: 12
I20260909 04:44:13.810734  1179 skeleton_planner.h:170] Found solution in: 14
I20260909 04:44:13.810755  1179 skeleton_planner.h:170] Found solution in: 6
I20260909 04:44:13.810774  1179 skeleton_planner.h:170] Found solution in: 7
I20260909 04:44:13.810794  1179 skeleton_planner.h:170] Found solution in: 7
I20260909 04:44:13.810818  1179 skeleton_planner.h:170] Found solution in: 8
I20260909 04:44:13.810855  1179 skeleton_planner.h:170] Found solution in: 11
I20260909 04:44:13.810935  1179 skeleton_planner.h:170] Found solution in: 26
I20260909 04:44:13.811043  1179 skeleton_planner.h:170] Found solution in: 30
I20260909 04:44:13.811137  1179 skeleton_planner.h:170] Found solution in: 25
I20260909 04:44:13.811168  1179 skeleton_planner.h:170] Found solution in: 4
I20260909 04:44:13.811182  1179 skeleton_planner.h:170] Found solution in: 4
I20260909 04:44:13.811208  1179 skeleton_planner.h:170] Found solution in: 9
I20260909 04:44:13.811228  1179 skeleton_planner.h:170] Found solution in: 5
I20260909 04:44:13.811265  1179 skeleton_planner.h:170] Found solution in: 10
I20260909 04:44:13.811296  1179 skeleton_planner.h:170] Found solution in: 8
I20260909 04:44:13.811311  1179 skeleton_planner.h:170] Found solution in: 3
I20260909 04:44:13.811328  1179 skeleton_planner.h:170] Found solution in: 5
I20260909 04:44:13.811343  1179 skeleton_planner.h:170] Found solution in: 4
I20260909 04:44:13.811362  1179 skeleton_planner.h:170] Found solution in: 5
I20260909 04:44:13.811385  1179 skeleton_planner.h:170] Found solution in: 8
I20260909 04:44:13.811400  1179 skeleton_planner.h:170] Found solution in: 4
I20260909 04:44:13.811419  1179 skeleton_planner.h:170] Found solution in: 5
I20260909 04:44:13.811435  1179 skeleton_planner.h:170] Found solution in: 7
I20260909 04:44:13.811457  1179 skeleton_planner.h:170] Found solution in: 9
I20260909 04:44:13.811471  1179 skeleton_planner.h:170] Found solution in: 5
I20260909 04:44:13.811491  1179 skeleton_planner.h:170] Found solution in: 7
I20260909 04:44:13.811540  1179 skeleton_planner.h:170] Found solution in: 21
I20260909 04:44:13.811555  1179 skeleton_planner.h:170] Found solution in: 4
I20260909 04:44:13.811566  1179 skeleton_planner.h:170] Found solution in: 3
I20260909 04:44:13.811571  1179 skeleton_planner.h:170] Found solution in: 1
I20260909 04:44:13.811630  1179 skeleton_planner.h:170] Found solution in: 20
I20260909 04:44:13.811662  1179 skeleton_planner.h:170] Found solution in: 8
I20260909 04:44:13.811676  1179 skeleton_planner.h:170] Found solution in: 3
I20260909 04:44:13.811688  1179 skeleton_planner.h:170] Found solution in: 4
I20260909 04:44:13.811708  1179 skeleton_planner.h:170] Found solution in: 5
I20260909 04:44:13.811762  1179 skeleton_planner.h:170] Found solution in: 17
I20260909 04:44:13.811794  1179 skeleton_planner.h:170] Found solution in: 7
I20260909 04:44:13.811815  1179 skeleton_planner.h:170] Found solution in: 6
I20260909 04:44:13.811851  1179 skeleton_planner.h:170] Found solution in: 11
I20260909 04:44:13.811920  1179 skeleton_planner.h:170] Found solution in: 21
I20260909 04:44:13.812036  1179 skeleton_planner.h:170] Found solution in: 23
I20260909 04:44:13.812099  1179 skeleton_planner.h:170] Found solution in: 14
I20260909 04:44:13.812134  1179 skeleton_planner.h:170] Found solution in: 9
I20260909 04:44:13.812151  1179 skeleton_planner.h:170] Found solution in: 7
I20260909 04:44:13.812165  1179 skeleton_planner.h:170] Found solution in: 5
I20260909 04:44:13.812187  1179 skeleton_planner.h:170] Found solution in: 7
I20260909 04:44:13.812199  1179 skeleton_planner.h:170] Found solution in: 3
I20260909 04:44:13.812265  1179 skeleton_planner.h:170] Found solution in: 17
I20260909 04:44:13.812323  1179 skeleton_planner.h:170] Found solution in: 16
I20260909 04:44:13.812350  1179 skeleton_planner.h:170] Found solution in: 5
I20260909 04:44:13.812364  1179 skeleton_planner.h:170] Found solution in: 4
I20260909 04:44:13.812418  1179 skeleton_planner.h:170] Found solution in: 19
I20260909 04:44:13.812433  1179 skeleton_planner.h:170] Found solution in: 3
I20260909 04:44:13.812495  1179 skeleton_planner.h:170] Found solution in: 18
I20260909 04:44:13.812507  1179 skeleton_planner.h:170] Found solution in: 2
I20260909 04:44:13.812531  1179 skeleton_planner.h:170] Found solution in: 6
I20260909 04:44:13.812577  1179 skeleton_planner.h:170] Found solution in: 16
I20260909 04:44:13.812603  1179 skeleton_planner.h:170] Found solution in: 6
I20260909 04:44:13.812623  1179 skeleton_planner.h:170] Found solution in: 6
I20260909 04:44:13.812655  1179 skeleton_planner.h:170] Found solution in: 10
I20260909 04:44:13.812722  1179 skeleton_planner.h:170] Found solution in: 21
I20260909 04:44:13.812825  1179 skeleton_planner.h:170] Found solution in: 27
I20260909 04:44:13.812896  1179 skeleton_planner.h:170] Found solution in: 16
I20260909 04:44:13.812906  1179 skeleton_planner.h:170] Found solution in: 1
I20260909 04:44:13.812909  1179 skeleton_planner.h:170] Found solution in: 1
I20260909 04:44:13.812912  1179 skeleton_planner.h:170] Found solution in: 1
I20260909 04:44:13.812933  1179 skeleton_planner.h:170] Found solution in: 4
I20260909 04:44:13.812950  1179 skeleton_planner.h:170] Found solution in: 5
I20260909 04:44:13.812966  1179 skeleton_planner.h:170] Found solution in: 4
I20260909 04:44:13.812985  1179 skeleton_planner.h:170] Found solution in: 6
I20260909 04:44:13.813011  1179 skeleton_planner.h:170] Found solution in: 8
I20260909 04:44:13.813036  1179 skeleton_planner.h:170] Found solution in: 8
I20260909 04:44:13.813059  1179 skeleton_planner.h:170] Found solution in: 7
I20260909 04:44:13.813076  1179 skeleton_planner.h:170] Found solution in: 5
I20260909 04:44:13.813105  1179 skeleton_planner.h:170] Found solution in: 13
I20260909 04:44:13.813175  1179 skeleton_planner.h:170] Found solution in: 34
I20260909 04:44:13.813189  1179 skeleton_planner.h:170] Found solution in: 3
I20260909 04:44:13.813194  1179 skeleton_planner.h:170] Found solution in: 1
I20260909 04:44:13.813247  1179 skeleton_planner.h:170] Found solution in: 20
I20260909 04:44:13.813254  1179 skeleton_planner.h:170] Found solution in: 1
I20260909 04:44:13.813314  1179 skeleton_planner.h:170] Found solution in: 16
I20260909 04:44:13.813333  1179 skeleton_planner.h:170] Found solution in: 4
I20260909 04:44:13.813345  1179 skeleton_planner.h:170] Found solution in: 4
I20260909 04:44:13.813391  1179 skeleton_planner.h:170] Found solution in: 17
I20260909 04:44:13.813413  1179 skeleton_planner.h:170] Found solution in: 5
I20260909 04:44:13.813443  1179 skeleton_planner.h:170] Found solution in: 12
I20260909 04:44:13.813467  1179 skeleton_planner.h:170] Found solution in: 6
I20260909 04:44:13.813478  1179 skeleton_planner.h:170] Found solution in: 3
I20260909 04:44:13.813499  1179 skeleton_planner.h:170] Found solution in: 7
I20260909 04:44:13.813520  1179 skeleton_planner.h:170] Found solution in: 6
I20260909 04:44:13.813529  1179 skeleton_planner.h:170] Found solution in: 2
I20260909 04:44:13.813544  1179 skeleton_planner.h:170] Found solution in: 5
I20260909 04:44:13.813560  1179 skeleton_planner.h:170] Found solution in: 5
I20260909 04:44:13.813624  1179 skeleton_planner.h:170] Found solution in: 19
I20260909 04:44:13.813642  1179 skeleton_planner.h:170] Found solution in: 4
I20260909 04:44:13.813655  1179 skeleton_planner.h:170] Found solution in: 4
I20260909 04:44:13.813676  1179 skeleton_planner.h:170] Found solution in: 4
I20260909 04:44:13.813743  1179 skeleton_planner.h:170] Found solution in: 21
I20260909 04:44:13.813822  1179 skeleton_planner.h:170] Found solution in: 28
I20260909 04:44:13.813884  1179 skeleton_planner.h:170] Found solution in: 16
I20260909 04:44:13.813906  1179 skeleton_planner.h:170] Found solution in: 4
I20260909 04:44:13.813917  1179 skeleton_planner.h:170] Found solution in: 3
I20260909 04:44:13.813937  1179 skeleton_planner.h:170] Found solution in: 7
I20260909 04:44:13.813954  1179 skeleton_planner.h:170] Found solution in: 7
I20260909 04:44:13.813971  1179 skeleton_planner.h:170] Found solution in: 8
I20260909 04:44:13.813987  1179 skeleton_planner.h:170] Found solution in: 6
I20260909 04:44:13.814014  1179 skeleton_planner.h:170] Found solution in: 12
I20260909 04:44:13.814049  1179 skeleton_planner.h:170] Found solution in: 16
I20260909 04:44:13.814079  1179 skeleton_planner.h:170] Found solution in: 13
I20260909 04:44:13.814106  1179 skeleton_planner.h:170] Found solution in: 10
I20260909 04:44:13.814112  1179 skeleton_generator.cpp:1655] [Simplify Vertices] Vertex removals: 963 / 986, Edges added: 333
I20260909 04:44:13.814600  1179 skeleton_generator.cpp:1697] [Subgraph] Number of disconnected subgraphs: 26
I20260909 04:44:13.818004  1179 skeleton_planner.h:170] Found solution in: 3
I20260909 04:44:13.818061  1179 skeleton_planner.h:170] Found solution in: 9
I20260909 04:44:13.818629  1179 skeleton_planner.h:170] Found solution in: 3
I20260909 04:44:13.818687  1179 skeleton_planner.h:170] Found solution in: 17
I20260909 04:44:13.818959  1179 skeleton_planner.h:170] Found solution in: 28
I20260909 04:44:13.819079  1179 skeleton_planner.h:170] Found solution in: 86
I20260909 04:44:13.822891  1179 skeleton_planner.h:170] Found solution in: 13
I20260909 04:44:13.823069  1179 skeleton_planner.h:170] Found solution in: 9
I20260909 04:44:13.823129  1179 skeleton_planner.h:170] Found solution in: 13
I20260909 04:44:13.824043  1179 skeleton_planner.h:170] Found solution in: 36
I20260909 04:44:13.824101  1179 skeleton_planner.h:170] Found solution in: 14
I20260909 04:44:13.824136  1179 skeleton_planner.h:170] Found solution in: 9
I20260909 04:44:13.828681  1179 skeleton_planner.h:170] Found solution in: 10
I20260909 04:44:13.828716  1179 skeleton_planner.h:170] Found solution in: 12
I20260909 04:44:13.831470  1179 skeleton_planner.h:170] Found solution in: 9
I20260909 04:44:13.831492  1179 skeleton_planner.h:170] Found solution in: 4
I20260909 04:44:13.834512  1179 skeleton_planner.h:170] Found solution in: 5
I20260909 04:44:13.835147  1179 skeleton_planner.h:170] Found solution in: 54
I20260909 04:44:13.836624  1179 skeleton_generator.cpp:1756] [Subgraph] Potential edge candidates: 90 diagram candidates: 18
I20260909 04:44:13.836684  1179 skeleton_generator.cpp:1771] [Subgraph] Final number of disconnected subgraphs: 9
I20260909 04:44:13.836689  1179 skeleton_generator.cpp:633] [Sparse Graph] Vertices: 1439 Edges: 2331
