I20260909 04:38:23.010756   171 skeleton_planner.h:31] Setting ESDF layer.
I20260909 04:38:23.112865   171 skeleton_generator.cpp:226] [GVD] Finished finding GVD candidates. Number of skeleton points: 72857 edges: 7634
I20260909 04:38:23.136759   171 skeleton_generator.cpp:1093] [Prune] Number of vertices before prune: 3216 Number of deleted vertices: 788
I20260909 04:38:23.146062   171 skeleton_planner.h:170] Found solution in: 1
I20260909 04:38:23.146077   171 skeleton_planner.h:170] Found solution in: 7
I20260909 04:38:23.146085   171 skeleton_planner.h:170] Found solution in: 1
I20260909 04:38:23.146093   171 skeleton_planner.h:170] Found solution in: 7
I20260909 04:38:23.146099   171 skeleton_planner.h:170] Found solution in: 4
I20260909 04:38:23.146107   171 skeleton_planner.h:170] Found solution in: 1
I20260909 04:38:23.146111   171 skeleton_planner.h:170] Found solution in: 3
I20260909 04:38:23.146138   171 skeleton_planner.h:170] Found solution in: 6
I20260909 04:38:23.146153   171 skeleton_planner.h:170] Found solution in: 1
I20260909 04:38:23.146166   171 skeleton_planner.h:170] Found solution in: 13
I20260909 04:38:23.146174   171 skeleton_planner.h:170] Found solution in: 1
I20260909 04:38:23.146189   171 skeleton_planner.h:170] Found solution in: 4
I20260909 04:38:23.146198   171 skeleton_planner.h:170] Found solution in: 1
I20260909 04:38:23.146217   171 skeleton_planner.h:170] Found solution in: 4
I20260909 04:38:23.146226   171 skeleton_planner.h:170] Found solution in: 1
I20260909 04:38:23.146231   171 skeleton_planner.h:170] Found solution in: 3
I20260909 04:38:23.146245   171 skeleton_planner.h:170] Found solution in: 16
I20260909 04:38:23.146250   171 skeleton_planner.h:170] Found solution in: 4
I20260909 04:38:23.146263   171 skeleton_planner.h:170] Found solution in: 10
I20260909 04:38:23.146270   171 skeleton_planner.h:170] Found solution in: 1
I20260909 04:38:23.146291   171 skeleton_planner.h:170] Found solution in: 23
I20260909 04:38:23.146298   171 skeleton_planner.h:170] Found solution in: 1
I20260909 04:38:23.146313   171 skeleton_planner.h:170] Found solution in: 3
I20260909 04:38:23.146319   171 skeleton_planner.h:170] Found solution in: 1
I20260909 04:38:23.146324   171 skeleton_planner.h:170] Found solution in: 3
I20260909 04:38:23.146335   171 skeleton_planner.h:170] Found solution in: 3
I20260909 04:38:23.146344   171 skeleton_planner.h:170] Found solution in: 1
I20260909 04:38:23.146348   171 skeleton_planner.h:170] Found solution in: 2
I20260909 04:38:23.146359   171 skeleton_planner.h:170] Found solution in: 3
I20260909 04:38:23.146366   171 skeleton_planner.h:170] Found solution in: 1
I20260909 04:38:23.146370   171 skeleton_planner.h:170] Found solution in: 3
I20260909 04:38:23.146471   171 skeleton_planner.h:170] Found solution in: 9
I20260909 04:38:23.146481   171 skeleton_planner.h:170] Found solution in: 1
I20260909 04:38:23.146487   171 skeleton_planner.h:170] Found solution in: 4
I20260909 04:38:23.146504   171 skeleton_planner.h:170] Found solution in: 5
I20260909 04:38:23.146514   171 skeleton_planner.h:170] Found solution in: 1
I20260909 04:38:23.146518   171 skeleton_planner.h:170] Found solution in: 3
I20260909 04:38:23.146529   171 skeleton_planner.h:170] Found solution in: 3
I20260909 04:38:23.146538   171 skeleton_planner.h:170] Found solution in: 1
I20260909 04:38:23.146541   171 skeleton_planner.h:170] Found solution in: 3
I20260909 04:38:23.146581   171 skeleton_planner.h:170] Found solution in: 16
I20260909 04:38:23.146598   171 skeleton_planner.h:170] Found solution in: 4
I20260909 04:38:23.146608   171 skeleton_planner.h:170] Found solution in: 1
I20260909 04:38:23.146615   171 skeleton_planner.h:170] Found solution in: 1
I20260909 04:38:23.146627   171 skeleton_planner.h:170] Found solution in: 3
I20260909 04:38:23.146634   171 skeleton_planner.h:170] Found solution in: 1
I20260909 04:38:23.146663   171 skeleton_planner.h:170] Found solution in: 10
I20260909 04:38:23.146675   171 skeleton_planner.h:170] Found solution in: 1
I20260909 04:38:23.146682   171 skeleton_planner.h:170] Found solution in: 6
I20260909 04:38:23.146695   171 skeleton_planner.h:170] Found solution in: 1
I20260909 04:38:23.146700   171 skeleton_planner.h:170] Found solution in: 4
I20260909 04:38:23.146723   171 skeleton_planner.h:170] Found solution in: 8
I20260909 04:38:23.146733   171 skeleton_planner.h:170] Found solution in: 1
I20260909 04:38:23.146787   171 skeleton_planner.h:170] Found solution in: 4
I20260909 04:38:23.146796   171 skeleton_planner.h:170] Found solution in: 1
I20260909 04:38:23.146800   171 skeleton_planner.h:170] Found solution in: 2
I20260909 04:38:23.146811   171 skeleton_planner.h:170] Found solution in: 3
I20260909 04:38:23.146824   171 skeleton_planner.h:170] Found solution in: 1
I20260909 04:38:23.146828   171 skeleton_planner.h:170] Found solution in: 3
I20260909 04:38:23.146852   171 skeleton_planner.h:170] Found solution in: 7
I20260909 04:38:23.146862   171 skeleton_planner.h:170] Found solution in: 1
I20260909 04:38:23.146865   171 skeleton_planner.h:170] Found solution in: 3
I20260909 04:38:23.146872   171 skeleton_planner.h:170] Found solution in: 8
I20260909 04:38:23.146881   171 skeleton_planner.h:170] Found solution in: 1
I20260909 04:38:23.146888   171 skeleton_planner.h:170] Found solution in: 1
I20260909 04:38:23.146975   171 skeleton_planner.h:170] Found solution in: 3
I20260909 04:38:23.146986   171 skeleton_planner.h:170] Found solution in: 1
I20260909 04:38:23.146992   171 skeleton_planner.h:170] Found solution in: 1
I20260909 04:38:23.147012   171 skeleton_planner.h:170] Found solution in: 4
I20260909 04:38:23.147023   171 skeleton_planner.h:170] Found solution in: 1
I20260909 04:38:23.147094   171 skeleton_planner.h:170] Found solution in: 84
I20260909 04:38:23.147115   171 skeleton_planner.h:170] Found solution in: 21
I20260909 04:38:23.147157   171 skeleton_planner.h:170] Found solution in: 46
I20260909 04:38:23.147167   171 skeleton_planner.h:170] Found solution in: 1
I20260909 04:38:23.147262   171 skeleton_planner.h:170] Found solution in: 4
I20260909 04:38:23.147271   171 skeleton_planner.h:170] Found solution in: 1
I20260909 04:38:23.147275   171 skeleton_planner.h:170] Found solution in: 3
I20260909 04:38:23.147607   171 skeleton_planner.h:170] Found solution in: 66
I20260909 04:38:23.147652   171 skeleton_planner.h:170] Found solution in: 12
I20260909 04:38:23.147662   171 skeleton_planner.h:170] Found solution in: 1
I20260909 04:38:23.147672   171 skeleton_planner.h:170] Found solution in: 10
I20260909 04:38:23.147758   171 skeleton_planner.h:170] Found solution in: 4
I20260909 04:38:23.147765   171 skeleton_planner.h:170] Found solution in: 1
I20260909 04:38:23.147776   171 skeleton_planner.h:170] Found solution in: 3
I20260909 04:38:23.147786   171 skeleton_planner.h:170] Found solution in: 1
I20260909 04:38:23.147792   171 skeleton_planner.h:170] Found solution in: 1
I20260909 04:38:23.147799   171 skeleton_planner.h:170] Found solution in: 1
I20260909 04:38:23.147815   171 skeleton_planner.h:170] Found solution in: 3
I20260909 04:38:23.147823   171 skeleton_planner.h:170] Found solution in: 1
I20260909 04:38:23.147830   171 skeleton_planner.h:170] Found solution in: 5
I20260909 04:38:23.147843   171 skeleton_planner.h:170] Found solution in: 16
I20260909 04:38:23.147851   171 skeleton_planner.h:170] Found solution in: 1
I20260909 04:38:23.147857   171 skeleton_planner.h:170] Found solution in: 5
I20260909 04:38:23.147864   171 skeleton_planner.h:170] Found solution in: 1
I20260909 04:38:23.147871   171 skeleton_planner.h:170] Found solution in: 8
I20260909 04:38:23.147902   171 skeleton_planner.h:170] Found solution in: 36
I20260909 04:38:23.147912   171 skeleton_planner.h:170] Found solution in: 11
I20260909 04:38:23.148005   171 skeleton_planner.h:170] Found solution in: 5
I20260909 04:38:23.148013   171 skeleton_planner.h:170] Found solution in: 1
I20260909 04:38:23.148025   171 skeleton_planner.h:170] Found solution in: 1
I20260909 04:38:23.148056   171 skeleton_planner.h:170] Found solution in: 6
I20260909 04:38:23.148067   171 skeleton_planner.h:170] Found solution in: 1
I20260909 04:38:23.148078   171 skeleton_planner.h:170] Found solution in: 7
I20260909 04:38:23.148109   171 skeleton_planner.h:170] Found solution in: 8
I20260909 04:38:23.148121   171 skeleton_planner.h:170] Found solution in: 1
I20260909 04:38:23.148128   171 skeleton_planner.h:170] Found solution in: 7
I20260909 04:38:23.148133   171 skeleton_planner.h:170] Found solution in: 5
I20260909 04:38:23.148160   171 skeleton_planner.h:170] Found solution in: 7
I20260909 04:38:23.148169   171 skeleton_planner.h:170] Found solution in: 1
I20260909 04:38:23.148185   171 skeleton_planner.h:170] Found solution in: 4
I20260909 04:38:23.148193   171 skeleton_planner.h:170] Found solution in: 1
I20260909 04:38:23.148197   171 skeleton_planner.h:170] Found solution in: 3
I20260909 04:38:23.148290   171 skeleton_planner.h:170] Found solution in: 4
I20260909 04:38:23.148303   171 skeleton_planner.h:170] Found solution in: 1
I20260909 04:38:23.148310   171 skeleton_planner.h:170] Found solution in: 3
I20260909 04:38:23.148413   171 skeleton_planner.h:170] Found solution in: 69
I20260909 04:38:23.148844   171 skeleton_planner.h:170] Found solution in: 55
I20260909 04:38:23.149048   171 skeleton_planner.h:170] Found solution in: 1
I20260909 04:38:23.149052   171 skeleton_planner.h:170] Found solution in: 2
I20260909 04:38:23.149065   171 skeleton_planner.h:170] Found solution in: 4
I20260909 04:38:23.149073   171 skeleton_planner.h:170] Found solution in: 1
I20260909 04:38:23.149080   171 skeleton_planner.h:170] Found solution in: 5
I20260909 04:38:23.149092   171 skeleton_planner.h:170] Found solution in: 3
I20260909 04:38:23.149099   171 skeleton_planner.h:170] Found solution in: 1
I20260909 04:38:23.149104   171 skeleton_planner.h:170] Found solution in: 3
I20260909 04:38:23.149108   171 skeleton_planner.h:170] Found solution in: 3
I20260909 04:38:23.149122   171 skeleton_planner.h:170] Found solution in: 3
I20260909 04:38:23.149130   171 skeleton_planner.h:170] Found solution in: 1
I20260909 04:38:23.149164   171 skeleton_planner.h:170] Found solution in: 40
I20260909 04:38:23.149174   171 skeleton_planner.h:170] Found solution in: 8
I20260909 04:38:23.149181   171 skeleton_planner.h:170] Found solution in: 1
I20260909 04:38:23.149194   171 skeleton_planner.h:170] Found solution in: 3
I20260909 04:38:23.149201   171 skeleton_planner.h:170] Found solution in: 1
I20260909 04:38:23.149205   171 skeleton_planner.h:170] Found solution in: 3
I20260909 04:38:23.149211   171 skeleton_planner.h:170] Found solution in: 1
I20260909 04:38:23.149216   171 skeleton_planner.h:170] Found solution in: 3
I20260909 04:38:23.149223   171 skeleton_planner.h:170] Found solution in: 1
I20260909 04:38:23.149260   171 skeleton_planner.h:170] Found solution in: 46
I20260909 04:38:23.149338   171 skeleton_planner.h:170] Found solution in: 5
I20260909 04:38:23.149350   171 skeleton_planner.h:170] Found solution in: 1
I20260909 04:38:23.149358   171 skeleton_planner.h:170] Found solution in: 7
I20260909 04:38:23.149380   171 skeleton_planner.h:170] Found solution in: 6
I20260909 04:38:23.149390   171 skeleton_planner.h:170] Found solution in: 1
I20260909 04:38:23.149446   171 skeleton_planner.h:170] Found solution in: 3
I20260909 04:38:23.149456   171 skeleton_planner.h:170] Found solution in: 1
I20260909 04:38:23.149461   171 skeleton_planner.h:170] Found solution in: 1
I20260909 04:38:23.149549   171 skeleton_planner.h:170] Found solution in: 4
I20260909 04:38:23.149559   171 skeleton_planner.h:170] Found solution in: 1
I20260909 04:38:23.149569   171 skeleton_planner.h:170] Found solution in: 11
I20260909 04:38:23.149669   171 skeleton_planner.h:170] Found solution in: 4
I20260909 04:38:23.149680   171 skeleton_planner.h:170] Found solution in: 1
I20260909 04:38:23.149686   171 skeleton_planner.h:170] Found solution in: 5
I20260909 04:38:23.149693   171 skeleton_planner.h:170] Found solution in: 1
I20260909 04:38:23.149698   171 skeleton_planner.h:170] Found solution in: 5
I20260909 04:38:23.149708   171 skeleton_planner.h:170] Found solution in: 1
I20260909 04:38:23.149806   171 skeleton_planner.h:170] Found solution in: 4
I20260909 04:38:23.149818   171 skeleton_planner.h:170] Found solution in: 1
I20260909 04:38:23.149822   171 skeleton_planner.h:170] Found solution in: 3
I20260909 04:38:23.149835   171 skeleton_planner.h:170] Found solution in: 4
I20260909 04:38:23.149847   171 skeleton_planner.h:170] Found solution in: 1
I20260909 04:38:23.149858   171 skeleton_planner.h:170] Found solution in: 3
I20260909 04:38:23.149864   171 skeleton_planner.h:170] Found solution in: 1
I20260909 04:38:23.149873   171 skeleton_planner.h:170] Found solution in: 7
I20260909 04:38:23.149960   171 skeleton_planner.h:170] Found solution in: 4
I20260909 04:38:23.149967   171 skeleton_planner.h:170] Found solution in: 1
I20260909 04:38:23.150058   171 skeleton_planner.h:170] Found solution in: 3
I20260909 04:38:23.150070   171 skeleton_planner.h:170] Found solution in: 1
I20260909 04:38:23.150084   171 skeleton_planner.h:170] Found solution in: 3
I20260909 04:38:23.150094   171 skeleton_planner.h:170] Found solution in: 1
I20260909 04:38:23.150168   171 skeleton_planner.h:170] Found solution in: 92
I20260909 04:38:23.150250   171 skeleton_planner.h:170] Found solution in: 100
I20260909 04:38:23.150264   171 skeleton_planner.h:170] Found solution in: 1
I20260909 04:38:23.150271   171 skeleton_planner.h:170] Found solution in: 1
I20260909 04:38:23.150276   171 skeleton_planner.h:170] Found solution in: 5
I20260909 04:38:23.150282   171 skeleton_planner.h:170] Found solution in: 1
I20260909 04:38:23.150296   171 skeleton_planner.h:170] Found solution in: 3
I20260909 04:38:23.150305   171 skeleton_planner.h:170] Found solution in: 1
I20260909 04:38:23.150313   171 skeleton_planner.h:170] Found solution in: 7
I20260909 04:38:23.150321   171 skeleton_planner.h:170] Found solution in: 1
I20260909 04:38:23.150419   171 skeleton_planner.h:170] Found solution in: 6
I20260909 04:38:23.150431   171 skeleton_planner.h:170] Found solution in: 1
I20260909 04:38:23.150518   171 skeleton_planner.h:170] Found solution in: 3
I20260909 04:38:23.150527   171 skeleton_planner.h:170] Found solution in: 1
I20260909 04:38:23.150537   171 skeleton_planner.h:170] Found solution in: 1
I20260909 04:38:23.150633   171 skeleton_planner.h:170] Found solution in: 4
I20260909 04:38:23.150645   171 skeleton_planner.h:170] Found solution in: 1
I20260909 04:38:23.150652   171 skeleton_planner.h:170] Found solution in: 7
I20260909 04:38:23.150751   171 skeleton_planner.h:170] Found solution in: 4
I20260909 04:38:23.150763   171 skeleton_planner.h:170] Found solution in: 1
I20260909 04:38:23.150771   171 skeleton_planner.h:170] Found solution in: 1
I20260909 04:38:23.150786   171 skeleton_planner.h:170] Found solution in: 4
I20260909 04:38:23.150794   171 skeleton_planner.h:170] Found solution in: 1
I20260909 04:38:23.150799   171 skeleton_planner.h:170] Found solution in: 1
I20260909 04:38:23.150807   171 skeleton_planner.h:170] Found solution in: 6
I20260909 04:38:23.150813   171 skeleton_planner.h:170] Found solution in: 1
I20260909 04:38:23.150826   171 skeleton_planner.h:170] Found solution in: 3
I20260909 04:38:23.150835   171 skeleton_planner.h:170] Found solution in: 1
I20260909 04:38:23.150847   171 skeleton_planner.h:170] Found solution in: 3
I20260909 04:38:23.150856   171 skeleton_planner.h:170] Found solution in: 1
I20260909 04:38:23.150868   171 skeleton_planner.h:170] Found solution in: 3
I20260909 04:38:23.150878   171 skeleton_planner.h:170] Found solution in: 1
I20260909 04:38:23.150890   171 skeleton_planner.h:170] Found solution in: 3
I20260909 04:38:23.150897   171 skeleton_planner.h:170] Found solution in: 1
I20260909 04:38:23.150913   171 skeleton_planner.h:170] Found solution in: 4
I20260909 04:38:23.150923   171 skeleton_planner.h:170] Found solution in: 1
I20260909 04:38:23.150931   171 skeleton_planner.h:170] Found solution in: 8
I20260909 04:38:23.150938   171 skeleton_planner.h:170] Found solution in: 1
I20260909 04:38:23.150944   171 skeleton_planner.h:170] Found solution in: 4
I20260909 04:38:23.151000   171 skeleton_planner.h:170] Found solution in: 69
I20260909 04:38:23.151010   171 skeleton_planner.h:170] Found solution in: 1
I20260909 04:38:23.151096   171 skeleton_planner.h:170] Found solution in: 4
I20260909 04:38:23.151105   171 skeleton_planner.h:170] Found solution in: 1
I20260909 04:38:23.151117   171 skeleton_planner.h:170] Found solution in: 3
I20260909 04:38:23.151126   171 skeleton_planner.h:170] Found solution in: 1
I20260909 04:38:23.151134   171 skeleton_planner.h:170] Found solution in: 1
I20260909 04:38:23.151141   171 skeleton_planner.h:170] Found solution in: 1
I20260909 04:38:23.151232   171 skeleton_planner.h:170] Found solution in: 4
I20260909 04:38:23.151242   171 skeleton_planner.h:170] Found solution in: 1
I20260909 04:38:23.151248   171 skeleton_planner.h:170] Found solution in: 5
I20260909 04:38:23.151261   171 skeleton_planner.h:170] Found solution in: 14
I20260909 04:38:23.151268   171 skeleton_planner.h:170] Found solution in: 1
I20260909 04:38:23.151275   171 skeleton_planner.h:170] Found solution in: 5
I20260909 04:38:23.151288   171 skeleton_planner.h:170] Found solution in: 14
I20260909 04:38:23.151294   171 skeleton_planner.h:170] Found solution in: 1
I20260909 04:38:23.151300   171 skeleton_planner.h:170] Found solution in: 1
I20260909 04:38:23.151309   171 skeleton_planner.h:170] Found solution in: 7
I20260909 04:38:23.151329   171 skeleton_planner.h:170] Found solution in: 5
I20260909 04:38:23.151338   171 skeleton_planner.h:170] Found solution in: 1
I20260909 04:38:23.151343   171 skeleton_planner.h:170] Found solution in: 4
I20260909 04:38:23.151430   171 skeleton_planner.h:170] Found solution in: 5
I20260909 04:38:23.151443   171 skeleton_planner.h:170] Found solution in: 1
I20260909 04:38:23.151448   171 skeleton_planner.h:170] Found solution in: 4
I20260909 04:38:23.151468   171 skeleton_planner.h:170] Found solution in: 5
I20260909 04:38:23.151479   171 skeleton_planner.h:170] Found solution in: 1
I20260909 04:38:23.151487   171 skeleton_planner.h:170] Found solution in: 1
I20260909 04:38:23.151520   171 skeleton_planner.h:170] Found solution in: 36
I20260909 04:38:23.151549   171 skeleton_planner.h:170] Found solution in: 38
I20260909 04:38:23.151563   171 skeleton_planner.h:170] Found solution in: 1
I20260909 04:38:23.151566   171 skeleton_planner.h:170] Found solution in: 2
I20260909 04:38:23.151577   171 skeleton_planner.h:170] Found solution in: 3
I20260909 04:38:23.151587   171 skeleton_planner.h:170] Found solution in: 1
I20260909 04:38:23.151597   171 skeleton_planner.h:170] Found solution in: 3
I20260909 04:38:23.151605   171 skeleton_planner.h:170] Found solution in: 1
I20260909 04:38:23.151613   171 skeleton_planner.h:170] Found solution in: 1
I20260909 04:38:23.151655   171 skeleton_planner.h:170] Found solution in: 47
I20260909 04:38:23.151752   171 skeleton_planner.h:170] Found solution in: 5
I20260909 04:38:23.151762   171 skeleton_planner.h:170] Found solution in: 1
I20260909 04:38:23.151777   171 skeleton_planner.h:170] Found solution in: 4
I20260909 04:38:23.151784   171 skeleton_planner.h:170] Found solution in: 1
I20260909 04:38:23.151789   171 skeleton_planner.h:170] Found solution in: 1
I20260909 04:38:23.151803   171 skeleton_planner.h:170] Found solution in: 13
I20260909 04:38:23.151808   171 skeleton_planner.h:170] Found solution in: 5
I20260909 04:38:23.151851   171 skeleton_planner.h:170] Found solution in: 55
I20260909 04:38:23.151858   171 skeleton_planner.h:170] Found solution in: 1
I20260909 04:38:23.151865   171 skeleton_planner.h:170] Found solution in: 5
I20260909 04:38:23.151882   171 skeleton_planner.h:170] Found solution in: 21
I20260909 04:38:23.151898   171 skeleton_planner.h:170] Found solution in: 17
I20260909 04:38:23.151909   171 skeleton_planner.h:170] Found solution in: 1
I20260909 04:38:23.151928   171 skeleton_planner.h:170] Found solution in: 23
I20260909 04:38:23.151942   171 skeleton_planner.h:170] Found solution in: 1
I20260909 04:38:23.151971   171 skeleton_planner.h:170] Found solution in: 8
I20260909 04:38:23.151983   171 skeleton_planner.h:170] Found solution in: 1
I20260909 04:38:23.151999   171 skeleton_planner.h:170] Found solution in: 5
I20260909 04:38:23.152006   171 skeleton_planner.h:170] Found solution in: 1
I20260909 04:38:23.152016   171 skeleton_planner.h:170] Found solution in: 10
I20260909 04:38:23.152029   171 skeleton_planner.h:170] Found solution in: 1
I20260909 04:38:23.152123   171 skeleton_planner.h:170] Found solution in: 3
I20260909 04:38:23.152136   171 skeleton_planner.h:170] Found solution in: 1
I20260909 04:38:23.152148   171 skeleton_planner.h:170] Found solution in: 3
I20260909 04:38:23.152160   171 skeleton_planner.h:170] Found solution in: 1
I20260909 04:38:23.152180   171 skeleton_planner.h:170] Found solution in: 5
I20260909 04:38:23.152190   171 skeleton_planner.h:170] Found solution in: 1
I20260909 04:38:23.152287   171 skeleton_planner.h:170] Found solution in: 3
I20260909 04:38:23.152294   171 skeleton_planner.h:170] Found solution in: 1
I20260909 04:38:23.152298   171 skeleton_planner.h:170] Found solution in: 3
I20260909 04:38:23.152319   171 skeleton_planner.h:170] Found solution in: 5
I20260909 04:38:23.152329   171 skeleton_planner.h:170] Found solution in: 1
I20260909 04:38:23.152371   171 skeleton_planner.h:170] Found solution in: 53
I20260909 04:38:23.152379   171 skeleton_planner.h:170] Found solution in: 1
I20260909 04:38:23.152448   171 skeleton_planner.h:170] Found solution in: 77
I20260909 04:38:23.152456   171 skeleton_planner.h:170] Found solution in: 1
I20260909 04:38:23.152467   171 skeleton_planner.h:170] Found solution in: 3
I20260909 04:38:23.152475   171 skeleton_planner.h:170] Found solution in: 1
I20260909 04:38:23.152485   171 skeleton_planner.h:170] Found solution in: 3
I20260909 04:38:23.152495   171 skeleton_planner.h:170] Found solution in: 1
I20260909 04:38:23.152503   171 skeleton_planner.h:170] Found solution in: 9
I20260909 04:38:23.152606   171 skeleton_planner.h:170] Found solution in: 5
I20260909 04:38:23.152616   171 skeleton_planner.h:170] Found solution in: 1
I20260909 04:38:23.152619   171 skeleton_planner.h:170] Found solution in: 4
I20260909 04:38:23.152634   171 skeleton_planner.h:170] Found solution in: 4
I20260909 04:38:23.152643   171 skeleton_planner.h:170] Found solution in: 1
I20260909 04:38:23.152737   171 skeleton_planner.h:170] Found solution in: 4
I20260909 04:38:23.152746   171 skeleton_planner.h:170] Found solution in: 1
I20260909 04:38:23.152753   171 skeleton_planner.h:170] Found solution in: 1
I20260909 04:38:23.152776   171 skeleton_planner.h:170] Found solution in: 6
I20260909 04:38:23.152793   171 skeleton_planner.h:170] Found solution in: 1
I20260909 04:38:23.152890   171 skeleton_planner.h:170] Found solution in: 5
I20260909 04:38:23.152900   171 skeleton_planner.h:170] Found solution in: 1
I20260909 04:38:23.152913   171 skeleton_planner.h:170] Found solution in: 3
I20260909 04:38:23.152921   171 skeleton_planner.h:170] Found solution in: 1
I20260909 04:38:23.152927   171 skeleton_planner.h:170] Found solution in: 5
I20260909 04:38:23.152935   171 skeleton_planner.h:170] Found solution in: 1
I20260909 04:38:23.152977   171 skeleton_planner.h:170] Found solution in: 49
I20260909 04:38:23.153077   171 skeleton_planner.h:170] Found solution in: 5
I20260909 04:38:23.153087   171 skeleton_planner.h:170] Found solution in: 1
I20260909 04:38:23.153095   171 skeleton_planner.h:170] Found solution in: 1
I20260909 04:38:23.153194   171 skeleton_planner.h:170] Found solution in: 5
I20260909 04:38:23.153203   171 skeleton_planner.h:170] Found solution in: 1
I20260909 04:38:23.153208   171 skeleton_planner.h:170] Found solution in: 3
I20260909 04:38:23.153219   171 skeleton_planner.h:170] Found solution in: 3
I20260909 04:38:23.153226   171 skeleton_planner.h:170] Found solution in: 1
I20260909 04:38:23.153241   171 skeleton_planner.h:170] Found solution in: 5
I20260909 04:38:23.153250   171 skeleton_planner.h:170] Found solution in: 1
I20260909 04:38:23.153254   171 skeleton_planner.h:170] Found solution in: 3
I20260909 04:38:23.153267   171 skeleton_planner.h:170] Found solution in: 4
I20260909 04:38:23.153278   171 skeleton_planner.h:170] Found solution in: 1
I20260909 04:38:23.153282   171 skeleton_planner.h:170] Found solution in: 2
I20260909 04:38:23.153293   171 skeleton_planner.h:170] Found solution in: 3
I20260909 04:38:23.153301   171 skeleton_planner.h:170] Found solution in: 1
I20260909 04:38:23.153318   171 skeleton_planner.h:170] Found solution in: 4
I20260909 04:38:23.153327   171 skeleton_planner.h:170] Found solution in: 1
I20260909 04:38:23.153338   171 skeleton_planner.h:170] Found solution in: 3
I20260909 04:38:23.153347   171 skeleton_planner.h:170] Found solution in: 1
I20260909 04:38:23.153350   171 skeleton_planner.h:170] Found solution in: 3
I20260909 04:38:23.153379   171 skeleton_planner.h:170] Found solution in: 12
I20260909 04:38:23.153388   171 skeleton_planner.h:170] Found solution in: 1
I20260909 04:38:23.153432   171 skeleton_planner.h:170] Found solution in: 15
I20260909 04:38:23.153446   171 skeleton_planner.h:170] Found solution in: 1
I20260909 04:38:23.153462   171 skeleton_planner.h:170] Found solution in: 4
I20260909 04:38:23.153470   171 skeleton_planner.h:170] Found solution in: 1
I20260909 04:38:23.153487   171 skeleton_planner.h:170] Found solution in: 5
I20260909 04:38:23.153498   171 skeleton_planner.h:170] Found solution in: 1
I20260909 04:38:23.153506   171 skeleton_planner.h:170] Found solution in: 1
I20260909 04:38:23.153523   171 skeleton_planner.h:170] Found solution in: 5
I20260909 04:38:23.153532   171 skeleton_planner.h:170] Found solution in: 1
I20260909 04:38:23.153548   171 skeleton_planner.h:170] Found solution in: 16
I20260909 04:38:23.153554   171 skeleton_planner.h:170] Found solution in: 1
I20260909 04:38:23.153558   171 skeleton_planner.h:170] Found solution in: 3
I20260909 04:38:23.153584   171 skeleton_planner.h:170] Found solution in: 7
I20260909 04:38:23.153594   171 skeleton_planner.h:170] Found solution in: 1
I20260909 04:38:23.153597   171 skeleton_planner.h:170] Found solution in: 2
I20260909 04:38:23.153617   171 skeleton_planner.h:170] Found solution in: 7
I20260909 04:38:23.153628   171 skeleton_planner.h:170] Found solution in: 1
I20260909 04:38:23.153632   171 skeleton_planner.h:170] Found solution in: 3
I20260909 04:38:23.153646   171 skeleton_planner.h:170] Found solution in: 4
I20260909 04:38:23.153656   171 skeleton_planner.h:170] Found solution in: 1
I20260909 04:38:23.154251   171 skeleton_planner.h:170] Found solution in: 100
I20260909 04:38:23.154269   171 skeleton_planner.h:170] Found solution in: 1
I20260909 04:38:23.154273   171 skeleton_planner.h:170] Found solution in: 3
I20260909 04:38:23.154320   171 skeleton_planner.h:170] Found solution in: 14
I20260909 04:38:23.154351   171 skeleton_planner.h:170] Found solution in: 13
I20260909 04:38:23.154371   171 skeleton_planner.h:170] Found solution in: 5
I20260909 04:38:23.154378   171 skeleton_planner.h:170] Found solution in: 1
I20260909 04:38:23.154392   171 skeleton_planner.h:170] Found solution in: 4
I20260909 04:38:23.154398   171 skeleton_planner.h:170] Found solution in: 1
I20260909 04:38:23.154404   171 skeleton_planner.h:170] Found solution in: 1
I20260909 04:38:23.154409   171 skeleton_planner.h:170] Found solution in: 3
I20260909 04:38:23.154415   171 skeleton_planner.h:170] Found solution in: 5
I20260909 04:38:23.154510   171 skeleton_planner.h:170] Found solution in: 27
I20260909 04:38:23.154520   171 skeleton_planner.h:170] Found solution in: 1
I20260909 04:38:23.154531   171 skeleton_planner.h:170] Found solution in: 5
I20260909 04:38:23.154537   171 skeleton_planner.h:170] Found solution in: 7
I20260909 04:38:23.154544   171 skeleton_planner.h:170] Found solution in: 1
I20260909 04:38:23.154548   171 skeleton_planner.h:170] Found solution in: 3
I20260909 04:38:23.154594   171 skeleton_planner.h:170] Found solution in: 3
I20260909 04:38:23.154603   171 skeleton_planner.h:170] Found solution in: 1
I20260909 04:38:23.154608   171 skeleton_planner.h:170] Found solution in: 2
I20260909 04:38:23.154623   171 skeleton_planner.h:170] Found solution in: 6
I20260909 04:38:23.154630   171 skeleton_planner.h:170] Found solution in: 1
I20260909 04:38:23.154654   171 skeleton_planner.h:170] Found solution in: 9
I20260909 04:38:23.154662   171 skeleton_planner.h:170] Found solution in: 1
I20260909 04:38:23.154708   171 skeleton_planner.h:170] Found solution in: 3
I20260909 04:38:23.154716   171 skeleton_planner.h:170] Found solution in: 1
I20260909 04:38:23.154723   171 skeleton_planner.h:170] Found solution in: 8
I20260909 04:38:23.154769   171 skeleton_planner.h:170] Found solution in: 4
I20260909 04:38:23.154776   171 skeleton_planner.h:170] Found solution in: 1
I20260909 04:38:23.154788   171 skeleton_planner.h:170] Found solution in: 1
I20260909 04:38:23.154798   171 skeleton_planner.h:170] Found solution in: 1
I20260909 04:38:23.154803   171 skeleton_planner.h:170] Found solution in: 4
I20260909 04:38:23.154808   171 skeleton_planner.h:170] Found solution in: 5
I20260909 04:38:23.154827   171 skeleton_planner.h:170] Found solution in: 5
I20260909 04:38:23.154837   171 skeleton_planner.h:170] Found solution in: 1
I20260909 04:38:23.154842   171 skeleton_planner.h:170] Found solution in: 1
I20260909 04:38:23.154850   171 skeleton_planner.h:170] Found solution in: 1
I20260909 04:38:23.154939   171 skeleton_planner.h:170] Found solution in: 3
I20260909 04:38:23.154949   171 skeleton_planner.h:170] Found solution in: 1
I20260909 04:38:23.154956   171 skeleton_planner.h:170] Found solution in: 1
I20260909 04:38:23.154963   171 skeleton_planner.h:170] Found solution in: 5
I20260909 04:38:23.154968   171 skeleton_planner.h:170] Found solution in: 1
I20260909 04:38:23.154973   171 skeleton_planner.h:170] Found solution in: 5
I20260909 04:38:23.154981   171 skeleton_planner.h:170] Found solution in: 1
I20260909 04:38:23.155078   171 skeleton_planner.h:170] Found solution in: 5
I20260909 04:38:23.155087   171 skeleton_planner.h:170] Found solution in: 1
I20260909 04:38:23.155104   171 skeleton_planner.h:170] Found solution in: 19
I20260909 04:38:23.155120   171 skeleton_planner.h:170] Found solution in: 17
I20260909 04:38:23.155128   171 skeleton_planner.h:170] Found solution in: 6
I20260909 04:38:23.155134   171 skeleton_planner.h:170] Found solution in: 1
I20260909 04:38:23.155141   171 skeleton_planner.h:170] Found solution in: 7
I20260909 04:38:23.155158   171 skeleton_planner.h:170] Found solution in: 21
I20260909 04:38:23.155174   171 skeleton_planner.h:170] Found solution in: 20
I20260909 04:38:23.155179   171 skeleton_planner.h:170] Found solution in: 1
I20260909 04:38:23.155195   171 skeleton_planner.h:170] Found solution in: 18
I20260909 04:38:23.155203   171 skeleton_planner.h:170] Found solution in: 7
I20260909 04:38:23.155210   171 skeleton_planner.h:170] Found solution in: 1
I20260909 04:38:23.155215   171 skeleton_planner.h:170] Found solution in: 1
I20260909 04:38:23.155221   171 skeleton_planner.h:170] Found solution in: 5
I20260909 04:38:23.155237   171 skeleton_planner.h:170] Found solution in: 18
I20260909 04:38:23.155244   171 skeleton_planner.h:170] Found solution in: 6
I20260909 04:38:23.155252   171 skeleton_planner.h:170] Found solution in: 1
I20260909 04:38:23.155259   171 skeleton_planner.h:170] Found solution in: 1
I20260909 04:38:23.155265   171 skeleton_planner.h:170] Found solution in: 6
I20260909 04:38:23.155370   171 skeleton_planner.h:170] Found solution in: 7
I20260909 04:38:23.155378   171 skeleton_planner.h:170] Found solution in: 1
I20260909 04:38:23.155383   171 skeleton_planner.h:170] Found solution in: 3
I20260909 04:38:23.155391   171 skeleton_planner.h:170] Found solution in: 1
I20260909 04:38:23.155400   171 skeleton_planner.h:170] Found solution in: 1
I20260909 04:38:23.155498   171 skeleton_planner.h:170] Found solution in: 6
I20260909 04:38:23.155504   171 skeleton_planner.h:170] Found solution in: 1
I20260909 04:38:23.155511   171 skeleton_planner.h:170] Found solution in: 6
I20260909 04:38:23.155519   171 skeleton_planner.h:170] Found solution in: 1
I20260909 04:38:23.155529   171 skeleton_planner.h:170] Found solution in: 13
I20260909 04:38:23.155617   171 skeleton_planner.h:170] Found solution in: 5
I20260909 04:38:23.155628   171 skeleton_planner.h:170] Found solution in: 1
I20260909 04:38:23.155634   171 skeleton_planner.h:170] Found solution in: 5
I20260909 04:38:23.155639   171 skeleton_planner.h:170] Found solution in: 1
I20260909 04:38:23.155663   171 skeleton_planner.h:170] Found solution in: 6
I20260909 04:38:23.155671   171 skeleton_planner.h:170] Found solution in: 1
I20260909 04:38:23.155683   171 skeleton_planner.h:170] Found solution in: 3
I20260909 04:38:23.155695   171 skeleton_planner.h:170] Found solution in: 1
I20260909 04:38:23.155711   171 skeleton_planner.h:170] Found solution in: 19
I20260909 04:38:23.155719   171 skeleton_planner.h:170] Found solution in: 6
I20260909 04:38:23.155732   171 skeleton_planner.h:170] Found solution in: 16
I20260909 04:38:23.155740   171 skeleton_planner.h:170] Found solution in: 1
I20260909 04:38:23.155745   171 skeleton_planner.h:170] Found solution in: 3
I20260909 04:38:23.155752   171 skeleton_planner.h:170] Found solution in: 10
I20260909 04:38:23.155766   171 skeleton_planner.h:170] Found solution in: 16
I20260909 04:38:23.155773   171 skeleton_planner.h:170] Found solution in: 1
I20260909 04:38:23.155781   171 skeleton_planner.h:170] Found solution in: 9
I20260909 04:38:23.155789   171 skeleton_planner.h:170] Found solution in: 1
I20260909 04:38:23.155858   171 skeleton_planner.h:170] Found solution in: 90
I20260909 04:38:23.155869   171 skeleton_planner.h:170] Found solution in: 7
I20260909 04:38:23.155927   171 skeleton_planner.h:170] Found solution in: 77
I20260909 04:38:23.155939   171 skeleton_planner.h:170] Found solution in: 1
I20260909 04:38:23.155964   171 skeleton_planner.h:170] Found solution in: 30
I20260909 04:38:23.155974   171 skeleton_planner.h:170] Found solution in: 1
I20260909 04:38:23.155979   171 skeleton_planner.h:170] Found solution in: 4
I20260909 04:38:23.155984   171 skeleton_planner.h:170] Found solution in: 4
I20260909 04:38:23.156002   171 skeleton_planner.h:170] Found solution in: 5
I20260909 04:38:23.156010   171 skeleton_planner.h:170] Found solution in: 1
I20260909 04:38:23.156030   171 skeleton_planner.h:170] Found solution in: 5
I20260909 04:38:23.156038   171 skeleton_planner.h:170] Found solution in: 1
I20260909 04:38:23.156044   171 skeleton_planner.h:170] Found solution in: 4
I20260909 04:38:23.156049   171 skeleton_planner.h:170] Found solution in: 4
I20260909 04:38:23.156141   171 skeleton_planner.h:170] Found solution in: 5
I20260909 04:38:23.156150   171 skeleton_planner.h:170] Found solution in: 1
I20260909 04:38:23.156155   171 skeleton_planner.h:170] Found solution in: 4
I20260909 04:38:23.156162   171 skeleton_planner.h:170] Found solution in: 1
I20260909 04:38:23.156250   171 skeleton_planner.h:170] Found solution in: 3
I20260909 04:38:23.156262   171 skeleton_planner.h:170] Found solution in: 1
I20260909 04:38:23.156270   171 skeleton_planner.h:170] Found solution in: 6
I20260909 04:38:23.156289   171 skeleton_planner.h:170] Found solution in: 23
I20260909 04:38:23.156297   171 skeleton_planner.h:170] Found solution in: 1
I20260909 04:38:23.156301   171 skeleton_planner.h:170] Found solution in: 2
I20260909 04:38:23.156308   171 skeleton_planner.h:170] Found solution in: 1
I20260909 04:38:23.156311   171 skeleton_planner.h:170] Found solution in: 2
I20260909 04:38:23.156327   171 skeleton_planner.h:170] Found solution in: 5
I20260909 04:38:23.156337   171 skeleton_planner.h:170] Found solution in: 1
I20260909 04:38:23.156400   171 skeleton_planner.h:170] Found solution in: 5
I20260909 04:38:23.156407   171 skeleton_planner.h:170] Found solution in: 1
I20260909 04:38:23.156428   171 skeleton_planner.h:170] Found solution in: 7
I20260909 04:38:23.156441   171 skeleton_planner.h:170] Found solution in: 1
I20260909 04:38:23.156448   171 skeleton_planner.h:170] Found solution in: 6
I20260909 04:38:23.156457   171 skeleton_planner.h:170] Found solution in: 10
I20260909 04:38:23.156471   171 skeleton_planner.h:170] Found solution in: 17
I20260909 04:38:23.156481   171 skeleton_planner.h:170] Found solution in: 9
I20260909 04:38:23.156488   171 skeleton_planner.h:170] Found solution in: 1
I20260909 04:38:23.156492   171 skeleton_planner.h:170] Found solution in: 2
I20260909 04:38:23.156503   171 skeleton_planner.h:170] Found solution in: 3
I20260909 04:38:23.156512   171 skeleton_planner.h:170] Found solution in: 1
I20260909 04:38:23.156517   171 skeleton_planner.h:170] Found solution in: 3
I20260909 04:38:23.156533   171 skeleton_planner.h:170] Found solution in: 5
I20260909 04:38:23.156541   171 skeleton_planner.h:170] Found solution in: 1
I20260909 04:38:23.156553   171 skeleton_planner.h:170] Found solution in: 3
I20260909 04:38:23.156558   171 skeleton_planner.h:170] Found solution in: 1
I20260909 04:38:23.156574   171 skeleton_planner.h:170] Found solution in: 4
I20260909 04:38:23.156582   171 skeleton_planner.h:170] Found solution in: 1
I20260909 04:38:23.156594   171 skeleton_planner.h:170] Found solution in: 3
I20260909 04:38:23.156600   171 skeleton_planner.h:170] Found solution in: 1
I20260909 04:38:23.156616   171 skeleton_planner.h:170] Found solution in: 5
I20260909 04:38:23.156625   171 skeleton_planner.h:170] Found solution in: 1
I20260909 04:38:23.156629   171 skeleton_planner.h:170] Found solution in: 4
I20260909 04:38:23.156663   171 skeleton_planner.h:170] Found solution in: 15
I20260909 04:38:23.156720   171 skeleton_planner.h:170] Found solution in: 24
I20260909 04:38:23.156745   171 skeleton_planner.h:170] Found solution in: 6
I20260909 04:38:23.156755   171 skeleton_planner.h:170] Found solution in: 1
I20260909 04:38:23.156780   171 skeleton_planner.h:170] Found solution in: 29
I20260909 04:38:23.156877   171 skeleton_planner.h:170] Found solution in: 6
I20260909 04:38:23.156885   171 skeleton_planner.h:170] Found solution in: 1
I20260909 04:38:23.156889   171 skeleton_planner.h:170] Found solution in: 2
I20260909 04:38:23.156903   171 skeleton_planner.h:170] Found solution in: 6
I20260909 04:38:23.156910   171 skeleton_planner.h:170] Found solution in: 1
I20260909 04:38:23.156927   171 skeleton_planner.h:170] Found solution in: 6
I20260909 04:38:23.156934   171 skeleton_planner.h:170] Found solution in: 1
I20260909 04:38:23.156948   171 skeleton_planner.h:170] Found solution in: 4
I20260909 04:38:23.156955   171 skeleton_planner.h:170] Found solution in: 1
I20260909 04:38:23.156960   171 skeleton_planner.h:170] Found solution in: 3
I20260909 04:38:23.156972   171 skeleton_planner.h:170] Found solution in: 14
I20260909 04:38:23.156977   171 skeleton_planner.h:170] Found solution in: 1
I20260909 04:38:23.156981   171 skeleton_planner.h:170] Found solution in: 3
I20260909 04:38:23.156986   171 skeleton_planner.h:170] Found solution in: 1
I20260909 04:38:23.157003   171 skeleton_planner.h:170] Found solution in: 6
I20260909 04:38:23.157012   171 skeleton_planner.h:170] Found solution in: 1
I20260909 04:38:23.157019   171 skeleton_planner.h:170] Found solution in: 7
I20260909 04:38:23.157044   171 skeleton_planner.h:170] Found solution in: 5
I20260909 04:38:23.157051   171 skeleton_planner.h:170] Found solution in: 1
I20260909 04:38:23.157074   171 skeleton_planner.h:170] Found solution in: 5
I20260909 04:38:23.157083   171 skeleton_planner.h:170] Found solution in: 1
I20260909 04:38:23.157101   171 skeleton_planner.h:170] Found solution in: 5
I20260909 04:38:23.157110   171 skeleton_planner.h:170] Found solution in: 1
I20260909 04:38:23.157116   171 skeleton_planner.h:170] Found solution in: 1
I20260909 04:38:23.157120   171 skeleton_planner.h:170] Found solution in: 2
I20260909 04:38:23.157125   171 skeleton_planner.h:170] Found solution in: 1
I20260909 04:38:23.157141   171 skeleton_planner.h:170] Found solution in: 5
I20260909 04:38:23.157152   171 skeleton_planner.h:170] Found solution in: 1
I20260909 04:38:23.157160   171 skeleton_planner.h:170] Found solution in: 7
I20260909 04:38:23.157166   171 skeleton_planner.h:170] Found solution in: 1
I20260909 04:38:23.157253   171 skeleton_planner.h:170] Found solution in: 4
I20260909 04:38:23.157261   171 skeleton_planner.h:170] Found solution in: 1
I20260909 04:38:23.157266   171 skeleton_planner.h:170] Found solution in: 3
I20260909 04:38:23.157285   171 skeleton_planner.h:170] Found solution in: 5
I20260909 04:38:23.157294   171 skeleton_planner.h:170] Found solution in: 1
I20260909 04:38:23.157298   171 skeleton_planner.h:170] Found solution in: 2
I20260909 04:38:23.157315   171 skeleton_planner.h:170] Found solution in: 5
I20260909 04:38:23.157322   171 skeleton_planner.h:170] Found solution in: 1
I20260909 04:38:23.157337   171 skeleton_planner.h:170] Found solution in: 6
I20260909 04:38:23.157346   171 skeleton_planner.h:170] Found solution in: 1
I20260909 04:38:23.158073   171 skeleton_planner.h:170] Found solution in: 6
I20260909 04:38:23.158082   171 skeleton_planner.h:170] Found solution in: 1
I20260909 04:38:23.158088   171 skeleton_planner.h:170] Found solution in: 4
I20260909 04:38:23.158221   171 skeleton_planner.h:170] Found solution in: 1
I20260909 04:38:23.158226   171 skeleton_planner.h:170] Found solution in: 4
I20260909 04:38:23.158708   171 skeleton_planner.h:170] Found solution in: 1
I20260909 04:38:23.158720   171 skeleton_planner.h:170] Found solution in: 3
I20260909 04:38:23.158727   171 skeleton_planner.h:170] Found solution in: 1
I20260909 04:38:23.158828   171 skeleton_planner.h:170] Found solution in: 4
I20260909 04:38:23.158838   171 skeleton_planner.h:170] Found solution in: 1
I20260909 04:38:23.158850   171 skeleton_planner.h:170] Found solution in: 1
I20260909 04:38:23.158856   171 skeleton_planner.h:170] Found solution in: 5
I20260909 04:38:23.158864   171 skeleton_planner.h:170] Found solution in: 1
I20260909 04:38:23.158955   171 skeleton_planner.h:170] Found solution in: 3
I20260909 04:38:23.158963   171 skeleton_planner.h:170] Found solution in: 1
I20260909 04:38:23.158990   171 skeleton_planner.h:170] Found solution in: 6
I20260909 04:38:23.159001   171 skeleton_planner.h:170] Found solution in: 1
I20260909 04:38:23.159021   171 skeleton_planner.h:170] Found solution in: 7
I20260909 04:38:23.159030   171 skeleton_planner.h:170] Found solution in: 1
I20260909 04:38:23.159044   171 skeleton_planner.h:170] Found solution in: 3
I20260909 04:38:23.159053   171 skeleton_planner.h:170] Found solution in: 1
I20260909 04:38:23.159056   171 skeleton_planner.h:170] Found solution in: 2
I20260909 04:38:23.159062   171 skeleton_planner.h:170] Found solution in: 1
I20260909 04:38:23.159066   171 skeleton_planner.h:170] Found solution in: 2
I20260909 04:38:23.159075   171 skeleton_planner.h:170] Found solution in: 1
I20260909 04:38:23.159089   171 skeleton_planner.h:170] Found solution in: 4
I20260909 04:38:23.159096   171 skeleton_planner.h:170] Found solution in: 1
I20260909 04:38:23.159106   171 skeleton_planner.h:170] Found solution in: 1
I20260909 04:38:23.159113   171 skeleton_planner.h:170] Found solution in: 1
I20260909 04:38:23.159119   171 skeleton_planner.h:170] Found solution in: 1
I20260909 04:38:23.159127   171 skeleton_planner.h:170] Found solution in: 6
I20260909 04:38:23.159137   171 skeleton_planner.h:170] Found solution in: 1
I20260909 04:38:23.159157   171 skeleton_planner.h:170] Found solution in: 7
I20260909 04:38:23.159168   171 skeleton_planner.h:170] Found solution in: 1
I20260909 04:38:23.159173   171 skeleton_planner.h:170] Found solution in: 4
I20260909 04:38:23.159193   171 skeleton_planner.h:170] Found solution in: 6
I20260909 04:38:23.159202   171 skeleton_planner.h:170] Found solution in: 1
I20260909 04:38:23.159209   171 skeleton_planner.h:170] Found solution in: 4
I20260909 04:38:23.159214   171 skeleton_planner.h:170] Found solution in: 4
I20260909 04:38:23.159221   171 skeleton_planner.h:170] Found solution in: 1
I20260909 04:38:23.159269   171 skeleton_planner.h:170] Found solution in: 3
I20260909 04:38:23.159278   171 skeleton_planner.h:170] Found solution in: 1
I20260909 04:38:23.159283   171 skeleton_planner.h:170] Found solution in: 4
I20260909 04:38:23.159289   171 skeleton_planner.h:170] Found solution in: 5
I20260909 04:38:23.159297   171 skeleton_planner.h:170] Found solution in: 1
I20260909 04:38:23.159332   171 skeleton_planner.h:170] Found solution in: 9
I20260909 04:38:23.159343   171 skeleton_planner.h:170] Found solution in: 1
I20260909 04:38:23.159358   171 skeleton_planner.h:170] Found solution in: 3
I20260909 04:38:23.159366   171 skeleton_planner.h:170] Found solution in: 1
I20260909 04:38:23.159370   171 skeleton_planner.h:170] Found solution in: 2
I20260909 04:38:23.159433   171 skeleton_planner.h:170] Found solution in: 25
I20260909 04:38:23.159564   171 skeleton_planner.h:170] Found solution in: 66
I20260909 04:38:23.159689   171 skeleton_planner.h:170] Found solution in: 61
I20260909 04:38:23.159723   171 skeleton_planner.h:170] Found solution in: 9
I20260909 04:38:23.159730   171 skeleton_planner.h:170] Found solution in: 1
I20260909 04:38:23.160053   171 skeleton_planner.h:170] Found solution in: 8
I20260909 04:38:23.160398   171 skeleton_planner.h:170] Found solution in: 1
I20260909 04:38:23.160436   171 skeleton_planner.h:170] Found solution in: 13
I20260909 04:38:23.160535   171 skeleton_planner.h:170] Found solution in: 43
I20260909 04:38:23.160573   171 skeleton_planner.h:170] Found solution in: 9
I20260909 04:38:23.160581   171 skeleton_planner.h:170] Found solution in: 1
I20260909 04:38:23.160588   171 skeleton_planner.h:170] Found solution in: 8
I20260909 04:38:23.161095   171 skeleton_planner.h:170] Found solution in: 1
I20260909 04:38:23.161099   171 skeleton_planner.h:170] Found solution in: 2
I20260909 04:38:23.161478   171 skeleton_planner.h:170] Found solution in: 36
I20260909 04:38:23.161612   171 skeleton_planner.h:170] Found solution in: 75
I20260909 04:38:23.161623   171 skeleton_planner.h:170] Found solution in: 1
I20260909 04:38:23.161626   171 skeleton_planner.h:170] Found solution in: 2
I20260909 04:38:23.162154   171 skeleton_planner.h:170] Found solution in: 30
I20260909 04:38:23.162165   171 skeleton_planner.h:170] Found solution in: 1
I20260909 04:38:23.162169   171 skeleton_planner.h:170] Found solution in: 2
I20260909 04:38:23.162185   171 skeleton_planner.h:170] Found solution in: 6
I20260909 04:38:23.162194   171 skeleton_planner.h:170] Found solution in: 1
I20260909 04:38:23.162209   171 skeleton_planner.h:170] Found solution in: 5
I20260909 04:38:23.162216   171 skeleton_planner.h:170] Found solution in: 1
I20260909 04:38:23.162232   171 skeleton_planner.h:170] Found solution in: 4
I20260909 04:38:23.162240   171 skeleton_planner.h:170] Found solution in: 1
I20260909 04:38:23.162243   171 skeleton_planner.h:170] Found solution in: 2
I20260909 04:38:23.162251   171 skeleton_planner.h:170] Found solution in: 3
I20260909 04:38:23.162257   171 skeleton_planner.h:170] Found solution in: 1
I20260909 04:38:23.162271   171 skeleton_planner.h:170] Found solution in: 5
I20260909 04:38:23.162278   171 skeleton_planner.h:170] Found solution in: 1
I20260909 04:38:23.162287   171 skeleton_planner.h:170] Found solution in: 7
I20260909 04:38:23.162294   171 skeleton_planner.h:170] Found solution in: 1
I20260909 04:38:23.162309   171 skeleton_planner.h:170] Found solution in: 14
I20260909 04:38:23.162317   171 skeleton_planner.h:170] Found solution in: 1
I20260909 04:38:23.162320   171 skeleton_planner.h:170] Found solution in: 3
I20260909 04:38:23.162344   171 skeleton_planner.h:170] Found solution in: 6
I20260909 04:38:23.162352   171 skeleton_planner.h:170] Found solution in: 1
I20260909 04:38:23.162374   171 skeleton_planner.h:170] Found solution in: 6
I20260909 04:38:23.162382   171 skeleton_planner.h:170] Found solution in: 1
I20260909 04:38:23.162387   171 skeleton_planner.h:170] Found solution in: 3
I20260909 04:38:23.162401   171 skeleton_planner.h:170] Found solution in: 3
I20260909 04:38:23.162407   171 skeleton_planner.h:170] Found solution in: 1
I20260909 04:38:23.162416   171 skeleton_planner.h:170] Found solution in: 9
I20260909 04:38:23.162425   171 skeleton_planner.h:170] Found solution in: 9
I20260909 04:38:23.162436   171 skeleton_planner.h:170] Found solution in: 1
I20260909 04:38:23.162484   171 skeleton_planner.h:170] Found solution in: 9
I20260909 04:38:23.162503   171 skeleton_planner.h:170] Found solution in: 1
I20260909 04:38:23.162520   171 skeleton_planner.h:170] Found solution in: 4
I20260909 04:38:23.162528   171 skeleton_planner.h:170] Found solution in: 1
I20260909 04:38:23.162622   171 skeleton_planner.h:170] Found solution in: 4
I20260909 04:38:23.162634   171 skeleton_planner.h:170] Found solution in: 1
I20260909 04:38:23.162648   171 skeleton_planner.h:170] Found solution in: 3
I20260909 04:38:23.162657   171 skeleton_planner.h:170] Found solution in: 1
I20260909 04:38:23.162664   171 skeleton_planner.h:170] Found solution in: 1
I20260909 04:38:23.162670   171 skeleton_planner.h:170] Found solution in: 6
I20260909 04:38:23.162678   171 skeleton_planner.h:170] Found solution in: 1
I20260909 04:38:23.162684   171 skeleton_planner.h:170] Found solution in: 1
I20260909 04:38:23.162690   171 skeleton_planner.h:170] Found solution in: 6
I20260909 04:38:23.162698   171 skeleton_planner.h:170] Found solution in: 1
I20260909 04:38:23.162734   171 skeleton_planner.h:170] Found solution in: 4
I20260909 04:38:23.162741   171 skeleton_planner.h:170] Found solution in: 1
I20260909 04:38:23.162746   171 skeleton_planner.h:170] Found solution in: 4
I20260909 04:38:23.162750   171 skeleton_planner.h:170] Found solution in: 1
I20260909 04:38:23.162839   171 skeleton_planner.h:170] Found solution in: 4
I20260909 04:38:23.162846   171 skeleton_planner.h:170] Found solution in: 1
I20260909 04:38:23.162853   171 skeleton_planner.h:170] Found solution in: 4
I20260909 04:38:23.162858   171 skeleton_planner.h:170] Found solution in: 1
I20260909 04:38:23.162945   171 skeleton_planner.h:170] Found solution in: 3
I20260909 04:38:23.162953   171 skeleton_planner.h:170] Found solution in: 1
I20260909 04:38:23.162985   171 skeleton_planner.h:170] Found solution in: 3
I20260909 04:38:23.162992   171 skeleton_planner.h:170] Found solution in: 1
I20260909 04:38:23.163036   171 skeleton_planner.h:170] Found solution in: 51
I20260909 04:38:23.163046   171 skeleton_planner.h:170] Found solution in: 1
I20260909 04:38:23.163057   171 skeleton_planner.h:170] Found solution in: 11
I20260909 04:38:23.163065   171 skeleton_planner.h:170] Found solution in: 1
I20260909 04:38:23.163085   171 skeleton_planner.h:170] Found solution in: 22
I20260909 04:38:23.163093   171 skeleton_planner.h:170] Found solution in: 7
I20260909 04:38:23.163100   171 skeleton_planner.h:170] Found solution in: 1
I20260909 04:38:23.163106   171 skeleton_planner.h:170] Found solution in: 8
I20260909 04:38:23.163118   171 skeleton_planner.h:170] Found solution in: 15
I20260909 04:38:23.163125   171 skeleton_planner.h:170] Found solution in: 1
I20260909 04:38:23.163131   171 skeleton_planner.h:170] Found solution in: 8
I20260909 04:38:23.163141   171 skeleton_planner.h:170] Found solution in: 11
I20260909 04:38:23.163157   171 skeleton_planner.h:170] Found solution in: 1
I20260909 04:38:23.163163   171 skeleton_planner.h:170] Found solution in: 1
I20260909 04:38:23.163167   171 skeleton_planner.h:170] Found solution in: 3
I20260909 04:38:23.163267   171 skeleton_planner.h:170] Found solution in: 47
I20260909 04:38:23.163359   171 skeleton_planner.h:170] Found solution in: 36
I20260909 04:38:23.163371   171 skeleton_planner.h:170] Found solution in: 1
I20260909 04:38:23.163375   171 skeleton_planner.h:170] Found solution in: 3
I20260909 04:38:23.163587   171 skeleton_planner.h:170] Found solution in: 1
I20260909 04:38:23.163592   171 skeleton_planner.h:170] Found solution in: 3
I20260909 04:38:23.163612   171 skeleton_planner.h:170] Found solution in: 5
I20260909 04:38:23.163620   171 skeleton_planner.h:170] Found solution in: 1
I20260909 04:38:23.163625   171 skeleton_planner.h:170] Found solution in: 2
I20260909 04:38:23.164472   171 skeleton_planner.h:170] Found solution in: 1
I20260909 04:38:23.164477   171 skeleton_planner.h:170] Found solution in: 2
I20260909 04:38:23.165109   171 skeleton_planner.h:170] Found solution in: 1
I20260909 04:38:23.165136   171 skeleton_planner.h:170] Found solution in: 6
I20260909 04:38:23.165144   171 skeleton_planner.h:170] Found solution in: 1
I20260909 04:38:23.165149   171 skeleton_planner.h:170] Found solution in: 4
I20260909 04:38:23.165452   171 skeleton_planner.h:170] Found solution in: 1
I20260909 04:38:23.165457   171 skeleton_planner.h:170] Found solution in: 4
I20260909 04:38:23.165750   171 skeleton_planner.h:170] Found solution in: 1
I20260909 04:38:23.165760   171 skeleton_planner.h:170] Found solution in: 1
I20260909 04:38:23.165858   171 skeleton_planner.h:170] Found solution in: 3
I20260909 04:38:23.165868   171 skeleton_planner.h:170] Found solution in: 1
I20260909 04:38:23.165872   171 skeleton_planner.h:170] Found solution in: 3
I20260909 04:38:23.165879   171 skeleton_planner.h:170] Found solution in: 1
I20260909 04:38:23.165884   171 skeleton_planner.h:170] Found solution in: 3
I20260909 04:38:23.165930   171 skeleton_planner.h:170] Found solution in: 54
I20260909 04:38:23.166018   171 skeleton_planner.h:170] Found solution in: 3
I20260909 04:38:23.166028   171 skeleton_planner.h:170] Found solution in: 1
I20260909 04:38:23.166083   171 skeleton_planner.h:170] Found solution in: 65
I20260909 04:38:23.166095   171 skeleton_planner.h:170] Found solution in: 1
I20260909 04:38:23.166102   171 skeleton_planner.h:170] Found solution in: 1
I20260909 04:38:23.166186   171 skeleton_planner.h:170] Found solution in: 3
I20260909 04:38:23.166193   171 skeleton_planner.h:170] Found solution in: 1
I20260909 04:38:23.166213   171 skeleton_planner.h:170] Found solution in: 23
I20260909 04:38:23.166222   171 skeleton_planner.h:170] Found solution in: 1
I20260909 04:38:23.166249   171 skeleton_planner.h:170] Found solution in: 5
I20260909 04:38:23.166258   171 skeleton_planner.h:170] Found solution in: 1
I20260909 04:38:23.166265   171 skeleton_planner.h:170] Found solution in: 4
I20260909 04:38:23.166289   171 skeleton_planner.h:170] Found solution in: 33
I20260909 04:38:23.166296   171 skeleton_planner.h:170] Found solution in: 1
I20260909 04:38:23.166323   171 skeleton_planner.h:170] Found solution in: 34
I20260909 04:38:23.166329   171 skeleton_planner.h:170] Found solution in: 4
I20260909 04:38:23.166335   171 skeleton_planner.h:170] Found solution in: 1
I20260909 04:38:23.166343   171 skeleton_planner.h:170] Found solution in: 1
I20260909 04:38:23.166361   171 skeleton_planner.h:170] Found solution in: 6
I20260909 04:38:23.166369   171 skeleton_planner.h:170] Found solution in: 1
I20260909 04:38:23.166373   171 skeleton_planner.h:170] Found solution in: 2
I20260909 04:38:23.166410   171 skeleton_planner.h:170] Found solution in: 20
I20260909 04:38:23.166419   171 skeleton_planner.h:170] Found solution in: 1
I20260909 04:38:23.166484   171 skeleton_planner.h:170] Found solution in: 31
I20260909 04:38:23.166498   171 skeleton_planner.h:170] Found solution in: 1
I20260909 04:38:23.166503   171 skeleton_planner.h:170] Found solution in: 3
I20260909 04:38:23.166538   171 skeleton_planner.h:170] Found solution in: 12
I20260909 04:38:23.166549   171 skeleton_planner.h:170] Found solution in: 1
I20260909 04:38:23.166553   171 skeleton_planner.h:170] Found solution in: 3
I20260909 04:38:23.166567   171 skeleton_planner.h:170] Found solution in: 5
I20260909 04:38:23.166577   171 skeleton_planner.h:170] Found solution in: 1
I20260909 04:38:23.166594   171 skeleton_planner.h:170] Found solution in: 5
I20260909 04:38:23.166600   171 skeleton_planner.h:170] Found solution in: 1
I20260909 04:38:23.166608   171 skeleton_planner.h:170] Found solution in: 7
I20260909 04:38:23.166615   171 skeleton_planner.h:170] Found solution in: 4
I20260909 04:38:23.166620   171 skeleton_planner.h:170] Found solution in: 5
I20260909 04:38:23.166626   171 skeleton_planner.h:170] Found solution in: 1
I20260909 04:38:23.166633   171 skeleton_planner.h:170] Found solution in: 6
I20260909 04:38:23.166638   171 skeleton_planner.h:170] Found solution in: 4
I20260909 04:38:23.166647   171 skeleton_planner.h:170] Found solution in: 9
I20260909 04:38:23.166656   171 skeleton_planner.h:170] Found solution in: 1
I20260909 04:38:23.166661   171 skeleton_planner.h:170] Found solution in: 4
I20260909 04:38:23.166668   171 skeleton_planner.h:170] Found solution in: 8
I20260909 04:38:23.166674   171 skeleton_planner.h:170] Found solution in: 5
I20260909 04:38:23.166682   171 skeleton_planner.h:170] Found solution in: 1
I20260909 04:38:23.166689   171 skeleton_planner.h:170] Found solution in: 1
I20260909 04:38:23.167075   171 skeleton_planner.h:170] Found solution in: 1
I20260909 04:38:23.167290   171 skeleton_planner.h:170] Found solution in: 10
I20260909 04:38:23.167501   171 skeleton_planner.h:170] Found solution in: 1
I20260909 04:38:23.167878   171 skeleton_planner.h:170] Found solution in: 10
I20260909 04:38:23.167886   171 skeleton_planner.h:170] Found solution in: 1
I20260909 04:38:23.167896   171 skeleton_planner.h:170] Found solution in: 3
I20260909 04:38:23.167903   171 skeleton_planner.h:170] Found solution in: 1
I20260909 04:38:23.168130   171 skeleton_planner.h:170] Found solution in: 5
I20260909 04:38:23.168138   171 skeleton_planner.h:170] Found solution in: 1
I20260909 04:38:23.168251   171 skeleton_planner.h:170] Found solution in: 46
I20260909 04:38:23.168263   171 skeleton_planner.h:170] Found solution in: 1
I20260909 04:38:23.168268   171 skeleton_planner.h:170] Found solution in: 3
I20260909 04:38:23.168282   171 skeleton_planner.h:170] Found solution in: 5
I20260909 04:38:23.168290   171 skeleton_planner.h:170] Found solution in: 1
I20260909 04:38:23.168300   171 skeleton_planner.h:170] Found solution in: 1
I20260909 04:38:23.168310   171 skeleton_planner.h:170] Found solution in: 7
I20260909 04:38:23.168411   171 skeleton_planner.h:170] Found solution in: 5
I20260909 04:38:23.168424   171 skeleton_planner.h:170] Found solution in: 1
I20260909 04:38:23.168430   171 skeleton_planner.h:170] Found solution in: 6
I20260909 04:38:23.168524   171 skeleton_planner.h:170] Found solution in: 4
I20260909 04:38:23.168533   171 skeleton_planner.h:170] Found solution in: 1
I20260909 04:38:23.168550   171 skeleton_planner.h:170] Found solution in: 3
I20260909 04:38:23.168556   171 skeleton_planner.h:170] Found solution in: 1
I20260909 04:38:23.168646   171 skeleton_planner.h:170] Found solution in: 4
I20260909 04:38:23.168655   171 skeleton_planner.h:170] Found solution in: 1
I20260909 04:38:23.168679   171 skeleton_planner.h:170] Found solution in: 6
I20260909 04:38:23.168691   171 skeleton_planner.h:170] Found solution in: 1
I20260909 04:38:23.168723   171 skeleton_planner.h:170] Found solution in: 35
I20260909 04:38:23.168749   171 skeleton_planner.h:170] Found solution in: 28
I20260909 04:38:23.168844   171 skeleton_planner.h:170] Found solution in: 5
I20260909 04:38:23.168856   171 skeleton_planner.h:170] Found solution in: 1
I20260909 04:38:23.168861   171 skeleton_planner.h:170] Found solution in: 4
I20260909 04:38:23.168883   171 skeleton_planner.h:170] Found solution in: 7
I20260909 04:38:23.168892   171 skeleton_planner.h:170] Found solution in: 1
I20260909 04:38:23.169132   171 skeleton_planner.h:170] Found solution in: 8
I20260909 04:38:23.169144   171 skeleton_planner.h:170] Found solution in: 1
I20260909 04:38:23.169149   171 skeleton_planner.h:170] Found solution in: 3
I20260909 04:38:23.169253   171 skeleton_planner.h:170] Found solution in: 8
I20260909 04:38:23.169263   171 skeleton_planner.h:170] Found solution in: 1
I20260909 04:38:23.169268   171 skeleton_planner.h:170] Found solution in: 1
I20260909 04:38:23.169281   171 skeleton_planner.h:170] Found solution in: 1
I20260909 04:38:23.169287   171 skeleton_planner.h:170] Found solution in: 1
I20260909 04:38:23.169382   171 skeleton_planner.h:170] Found solution in: 3
I20260909 04:38:23.169392   171 skeleton_planner.h:170] Found solution in: 1
I20260909 04:38:23.169399   171 skeleton_planner.h:170] Found solution in: 3
I20260909 04:38:23.169405   171 skeleton_planner.h:170] Found solution in: 1
I20260909 04:38:23.169416   171 skeleton_planner.h:170] Found solution in: 1
I20260909 04:38:23.169426   171 skeleton_planner.h:170] Found solution in: 8
I20260909 04:38:23.169441   171 skeleton_planner.h:170] Found solution in: 1
I20260909 04:38:23.169533   171 skeleton_planner.h:170] Found solution in: 3
I20260909 04:38:23.169543   171 skeleton_planner.h:170] Found solution in: 1
I20260909 04:38:23.169549   171 skeleton_planner.h:170] Found solution in: 1
I20260909 04:38:23.169631   171 skeleton_planner.h:170] Found solution in: 3
I20260909 04:38:23.169639   171 skeleton_planner.h:170] Found solution in: 1
I20260909 04:38:23.169646   171 skeleton_planner.h:170] Found solution in: 4
I20260909 04:38:23.169651   171 skeleton_planner.h:170] Found solution in: 4
I20260909 04:38:23.169658   171 skeleton_planner.h:170] Found solution in: 1
I20260909 04:38:23.169663   171 skeleton_planner.h:170] Found solution in: 4
I20260909 04:38:23.169749   171 skeleton_planner.h:170] Found solution in: 3
I20260909 04:38:23.169761   171 skeleton_planner.h:170] Found solution in: 1
I20260909 04:38:23.169767   171 skeleton_planner.h:170] Found solution in: 6
I20260909 04:38:23.169852   171 skeleton_planner.h:170] Found solution in: 3
I20260909 04:38:23.169860   171 skeleton_planner.h:170] Found solution in: 1
I20260909 04:38:23.169867   171 skeleton_planner.h:170] Found solution in: 1
I20260909 04:38:23.169965   171 skeleton_planner.h:170] Found solution in: 3
I20260909 04:38:23.169975   171 skeleton_planner.h:170] Found solution in: 1
I20260909 04:38:23.169982   171 skeleton_planner.h:170] Found solution in: 7
I20260909 04:38:23.170065   171 skeleton_planner.h:170] Found solution in: 3
I20260909 04:38:23.170075   171 skeleton_planner.h:170] Found solution in: 1
I20260909 04:38:23.170089   171 skeleton_planner.h:170] Found solution in: 3
I20260909 04:38:23.170096   171 skeleton_planner.h:170] Found solution in: 1
I20260909 04:38:23.170106   171 skeleton_planner.h:170] Found solution in: 10
I20260909 04:38:23.170187   171 skeleton_planner.h:170] Found solution in: 3
I20260909 04:38:23.170194   171 skeleton_planner.h:170] Found solution in: 1
I20260909 04:38:23.170198   171 skeleton_planner.h:170] Found solution in: 2
I20260909 04:38:23.170208   171 skeleton_planner.h:170] Found solution in: 3
I20260909 04:38:23.170215   171 skeleton_planner.h:170] Found solution in: 1
I20260909 04:38:23.170302   171 skeleton_planner.h:170] Found solution in: 4
I20260909 04:38:23.170312   171 skeleton_planner.h:170] Found solution in: 1
I20260909 04:38:23.170329   171 skeleton_planner.h:170] Found solution in: 5
I20260909 04:38:23.170337   171 skeleton_planner.h:170] Found solution in: 1
I20260909 04:38:23.170346   171 skeleton_planner.h:170] Found solution in: 1
I20260909 04:38:23.170356   171 skeleton_planner.h:170] Found solution in: 13
I20260909 04:38:23.170383   171 skeleton_planner.h:170] Found solution in: 33
I20260909 04:38:23.170394   171 skeleton_planner.h:170] Found solution in: 1
I20260909 04:38:23.170401   171 skeleton_planner.h:170] Found solution in: 6
I20260909 04:38:23.170406   171 skeleton_planner.h:170] Found solution in: 3
I20260909 04:38:23.170411   171 skeleton_planner.h:170] Found solution in: 5
I20260909 04:38:23.170416   171 skeleton_planner.h:170] Found solution in: 4
I20260909 04:38:23.170421   171 skeleton_planner.h:170] Found solution in: 4
I20260909 04:38:23.170442   171 skeleton_planner.h:170] Found solution in: 6
I20260909 04:38:23.170449   171 skeleton_planner.h:170] Found solution in: 1
I20260909 04:38:23.170454   171 skeleton_planner.h:170] Found solution in: 3
I20260909 04:38:23.170459   171 skeleton_planner.h:170] Found solution in: 4
I20260909 04:38:23.170463   171 skeleton_planner.h:170] Found solution in: 4
I20260909 04:38:23.170469   171 skeleton_planner.h:170] Found solution in: 1
I20260909 04:38:23.170473   171 skeleton_planner.h:170] Found solution in: 3
I20260909 04:38:23.170477   171 skeleton_planner.h:170] Found solution in: 4
I20260909 04:38:23.170482   171 skeleton_planner.h:170] Found solution in: 4
I20260909 04:38:23.170488   171 skeleton_planner.h:170] Found solution in: 5
I20260909 04:38:23.170495   171 skeleton_planner.h:170] Found solution in: 1
I20260909 04:38:23.170500   171 skeleton_planner.h:170] Found solution in: 4
I20260909 04:38:23.170506   171 skeleton_planner.h:170] Found solution in: 4
I20260909 04:38:23.170512   171 skeleton_planner.h:170] Found solution in: 7
I20260909 04:38:23.170517   171 skeleton_planner.h:170] Found solution in: 5
I20260909 04:38:23.170523   171 skeleton_planner.h:170] Found solution in: 1
I20260909 04:38:23.170588   171 skeleton_planner.h:170] Found solution in: 4
I20260909 04:38:23.170598   171 skeleton_planner.h:170] Found solution in: 1
I20260909 04:38:23.170603   171 skeleton_planner.h:170] Found solution in: 4
I20260909 04:38:23.170607   171 skeleton_planner.h:170] Found solution in: 1
I20260909 04:38:23.170612   171 skeleton_planner.h:170] Found solution in: 4
I20260909 04:38:23.170620   171 skeleton_planner.h:170] Found solution in: 1
I20260909 04:38:23.170706   171 skeleton_planner.h:170] Found solution in: 3
I20260909 04:38:23.170715   171 skeleton_planner.h:170] Found solution in: 1
I20260909 04:38:23.170725   171 skeleton_planner.h:170] Found solution in: 1
I20260909 04:38:23.170735   171 skeleton_planner.h:170] Found solution in: 1
I20260909 04:38:23.170823   171 skeleton_planner.h:170] Found solution in: 3
I20260909 04:38:23.170833   171 skeleton_planner.h:170] Found solution in: 1
I20260909 04:38:23.170854   171 skeleton_planner.h:170] Found solution in: 5
I20260909 04:38:23.170863   171 skeleton_planner.h:170] Found solution in: 1
I20260909 04:38:23.170868   171 skeleton_planner.h:170] Found solution in: 3
I20260909 04:38:23.170879   171 skeleton_planner.h:170] Found solution in: 3
I20260909 04:38:23.170886   171 skeleton_planner.h:170] Found solution in: 1
I20260909 04:38:23.170898   171 skeleton_planner.h:170] Found solution in: 3
I20260909 04:38:23.170904   171 skeleton_planner.h:170] Found solution in: 1
I20260909 04:38:23.170912   171 skeleton_planner.h:170] Found solution in: 1
I20260909 04:38:23.170919   171 skeleton_planner.h:170] Found solution in: 7
I20260909 04:38:23.170951   171 skeleton_planner.h:170] Found solution in: 8
I20260909 04:38:23.170961   171 skeleton_planner.h:170] Found solution in: 1
I20260909 04:38:23.170979   171 skeleton_planner.h:170] Found solution in: 5
I20260909 04:38:23.170992   171 skeleton_planner.h:170] Found solution in: 1
I20260909 04:38:23.170996   171 skeleton_planner.h:170] Found solution in: 3
I20260909 04:38:23.171005   171 skeleton_planner.h:170] Found solution in: 9
I20260909 04:38:23.171010   171 skeleton_planner.h:170] Found solution in: 1
I20260909 04:38:23.171016   171 skeleton_planner.h:170] Found solution in: 7
I20260909 04:38:23.171023   171 skeleton_planner.h:170] Found solution in: 7
I20260909 04:38:23.171033   171 skeleton_planner.h:170] Found solution in: 1
I20260909 04:38:23.171044   171 skeleton_planner.h:170] Found solution in: 1
I20260909 04:38:23.171062   171 skeleton_planner.h:170] Found solution in: 8
I20260909 04:38:23.171072   171 skeleton_planner.h:170] Found solution in: 1
I20260909 04:38:23.171077   171 skeleton_planner.h:170] Found solution in: 4
I20260909 04:38:23.171101   171 skeleton_planner.h:170] Found solution in: 9
I20260909 04:38:23.171118   171 skeleton_planner.h:170] Found solution in: 1
I20260909 04:38:23.171128   171 skeleton_planner.h:170] Found solution in: 1
I20260909 04:38:23.171136   171 skeleton_planner.h:170] Found solution in: 9
I20260909 04:38:23.171142   171 skeleton_planner.h:170] Found solution in: 1
I20260909 04:38:23.171176   171 skeleton_planner.h:170] Found solution in: 37
I20260909 04:38:23.171185   171 skeleton_planner.h:170] Found solution in: 1
I20260909 04:38:23.171195   171 skeleton_planner.h:170] Found solution in: 11
I20260909 04:38:23.171202   171 skeleton_planner.h:170] Found solution in: 1
I20260909 04:38:23.171217   171 skeleton_planner.h:170] Found solution in: 18
I20260909 04:38:23.171245   171 skeleton_planner.h:170] Found solution in: 33
I20260909 04:38:23.171252   171 skeleton_planner.h:170] Found solution in: 1
I20260909 04:38:23.171299   171 skeleton_planner.h:170] Found solution in: 55
I20260909 04:38:23.171310   171 skeleton_planner.h:170] Found solution in: 1
I20260909 04:38:23.171336   171 skeleton_planner.h:170] Found solution in: 31
I20260909 04:38:23.171347   171 skeleton_planner.h:170] Found solution in: 1
I20260909 04:38:23.171351   171 skeleton_planner.h:170] Found solution in: 2
I20260909 04:38:23.171367   171 skeleton_planner.h:170] Found solution in: 5
I20260909 04:38:23.171377   171 skeleton_planner.h:170] Found solution in: 1
I20260909 04:38:23.171399   171 skeleton_planner.h:170] Found solution in: 7
I20260909 04:38:23.171409   171 skeleton_planner.h:170] Found solution in: 1
I20260909 04:38:23.171414   171 skeleton_planner.h:170] Found solution in: 4
I20260909 04:38:23.171430   171 skeleton_planner.h:170] Found solution in: 6
I20260909 04:38:23.171437   171 skeleton_planner.h:170] Found solution in: 1
I20260909 04:38:23.171459   171 skeleton_planner.h:170] Found solution in: 9
I20260909 04:38:23.171469   171 skeleton_planner.h:170] Found solution in: 1
I20260909 04:38:23.171475   171 skeleton_planner.h:170] Found solution in: 1
I20260909 04:38:23.171479   171 skeleton_planner.h:170] Found solution in: 3
I20260909 04:38:23.171494   171 skeleton_planner.h:170] Found solution in: 6
I20260909 04:38:23.171500   171 skeleton_planner.h:170] Found solution in: 1
I20260909 04:38:23.171519   171 skeleton_planner.h:170] Found solution in: 6
I20260909 04:38:23.171525   171 skeleton_planner.h:170] Found solution in: 1
I20260909 04:38:23.171530   171 skeleton_planner.h:170] Found solution in: 3
I20260909 04:38:23.171542   171 skeleton_planner.h:170] Found solution in: 5
I20260909 04:38:23.171547   171 skeleton_planner.h:170] Found solution in: 1
I20260909 04:38:23.171561   171 skeleton_planner.h:170] Found solution in: 6
I20260909 04:38:23.171569   171 skeleton_planner.h:170] Found solution in: 1
I20260909 04:38:23.171576   171 skeleton_planner.h:170] Found solution in: 5
I20260909 04:38:23.171636   171 skeleton_planner.h:170] Found solution in: 69
I20260909 04:38:23.171649   171 skeleton_planner.h:170] Found solution in: 1
I20260909 04:38:23.171657   171 skeleton_planner.h:170] Found solution in: 1
I20260909 04:38:23.171667   171 skeleton_planner.h:170] Found solution in: 9
I20260909 04:38:23.171713   171 skeleton_planner.h:170] Found solution in: 52
I20260909 04:38:23.171722   171 skeleton_planner.h:170] Found solution in: 1
I20260909 04:38:23.171734   171 skeleton_planner.h:170] Found solution in: 11
I20260909 04:38:23.171741   171 skeleton_planner.h:170] Found solution in: 1
I20260909 04:38:23.171749   171 skeleton_planner.h:170] Found solution in: 9
I20260909 04:38:23.171756   171 skeleton_planner.h:170] Found solution in: 1
I20260909 04:38:23.171763   171 skeleton_planner.h:170] Found solution in: 7
I20260909 04:38:23.171773   171 skeleton_planner.h:170] Found solution in: 1
I20260909 04:38:23.171862   171 skeleton_planner.h:170] Found solution in: 3
I20260909 04:38:23.171870   171 skeleton_planner.h:170] Found solution in: 1
I20260909 04:38:23.171877   171 skeleton_planner.h:170] Found solution in: 1
I20260909 04:38:23.171885   171 skeleton_planner.h:170] Found solution in: 1
I20260909 04:38:23.171893   171 skeleton_planner.h:170] Found solution in: 1
I20260909 04:38:23.171907   171 skeleton_planner.h:170] Found solution in: 14
I20260909 04:38:23.171929   171 skeleton_planner.h:170] Found solution in: 26
I20260909 04:38:23.171938   171 skeleton_planner.h:170] Found solution in: 1
I20260909 04:38:23.171947   171 skeleton_planner.h:170] Found solution in: 10
I20260909 04:38:23.171955   171 skeleton_planner.h:170] Found solution in: 1
I20260909 04:38:23.171965   171 skeleton_planner.h:170] Found solution in: 10
I20260909 04:38:23.172036   171 skeleton_planner.h:170] Found solution in: 7
I20260909 04:38:23.172045   171 skeleton_planner.h:170] Found solution in: 1
I20260909 04:38:23.172051   171 skeleton_planner.h:170] Found solution in: 5
I20260909 04:38:23.172061   171 skeleton_planner.h:170] Found solution in: 11
I20260909 04:38:23.172089   171 skeleton_planner.h:170] Found solution in: 33
I20260909 04:38:23.172097   171 skeleton_planner.h:170] Found solution in: 1
I20260909 04:38:23.172106   171 skeleton_planner.h:170] Found solution in: 9
I20260909 04:38:23.172114   171 skeleton_planner.h:170] Found solution in: 1
I20260909 04:38:23.172122   171 skeleton_planner.h:170] Found solution in: 1
I20260909 04:38:23.172137   171 skeleton_planner.h:170] Found solution in: 4
I20260909 04:38:23.172147   171 skeleton_planner.h:170] Found solution in: 1
I20260909 04:38:23.172205   171 skeleton_planner.h:170] Found solution in: 4
I20260909 04:38:23.172214   171 skeleton_planner.h:170] Found solution in: 1
I20260909 04:38:23.172224   171 skeleton_planner.h:170] Found solution in: 11
I20260909 04:38:23.172240   171 skeleton_planner.h:170] Found solution in: 16
I20260909 04:38:23.172246   171 skeleton_planner.h:170] Found solution in: 1
I20260909 04:38:23.172253   171 skeleton_planner.h:170] Found solution in: 1
I20260909 04:38:23.172264   171 skeleton_planner.h:170] Found solution in: 11
I20260909 04:38:23.172271   171 skeleton_planner.h:170] Found solution in: 1
I20260909 04:38:23.172276   171 skeleton_planner.h:170] Found solution in: 1
I20260909 04:38:23.172281   171 skeleton_planner.h:170] Found solution in: 4
I20260909 04:38:23.172312   171 skeleton_planner.h:170] Found solution in: 9
I20260909 04:38:23.172320   171 skeleton_planner.h:170] Found solution in: 1
I20260909 04:38:23.172346   171 skeleton_planner.h:170] Found solution in: 9
I20260909 04:38:23.172359   171 skeleton_planner.h:170] Found solution in: 1
I20260909 04:38:23.172363   171 skeleton_planner.h:170] Found solution in: 2
I20260909 04:38:23.172386   171 skeleton_planner.h:170] Found solution in: 10
I20260909 04:38:23.172396   171 skeleton_planner.h:170] Found solution in: 1
I20260909 04:38:23.172434   171 skeleton_planner.h:170] Found solution in: 12
I20260909 04:38:23.172444   171 skeleton_planner.h:170] Found solution in: 1
I20260909 04:38:23.172448   171 skeleton_planner.h:170] Found solution in: 2
I20260909 04:38:23.172463   171 skeleton_planner.h:170] Found solution in: 6
I20260909 04:38:23.172470   171 skeleton_planner.h:170] Found solution in: 1
I20260909 04:38:23.172484   171 skeleton_planner.h:170] Found solution in: 6
I20260909 04:38:23.172492   171 skeleton_planner.h:170] Found solution in: 1
I20260909 04:38:23.172494   171 skeleton_planner.h:170] Found solution in: 2
I20260909 04:38:23.173096   171 skeleton_planner.h:170] Found solution in: 1
I20260909 04:38:23.173100   171 skeleton_planner.h:170] Found solution in: 2
I20260909 04:38:23.173694   171 skeleton_planner.h:170] Found solution in: 1
I20260909 04:38:23.173699   171 skeleton_planner.h:170] Found solution in: 3
I20260909 04:38:23.173705   171 skeleton_planner.h:170] Found solution in: 1
I20260909 04:38:23.173709   171 skeleton_planner.h:170] Found solution in: 3
I20260909 04:38:23.173715   171 skeleton_planner.h:170] Found solution in: 5
I20260909 04:38:23.173720   171 skeleton_planner.h:170] Found solution in: 1
I20260909 04:38:23.173724   171 skeleton_planner.h:170] Found solution in: 2
I20260909 04:38:23.173733   171 skeleton_planner.h:170] Found solution in: 3
I20260909 04:38:23.173738   171 skeleton_planner.h:170] Found solution in: 1
I20260909 04:38:23.173748   171 skeleton_planner.h:170] Found solution in: 3
I20260909 04:38:23.173754   171 skeleton_planner.h:170] Found solution in: 1
I20260909 04:38:23.173849   171 skeleton_planner.h:170] Found solution in: 4
I20260909 04:38:23.173856   171 skeleton_planner.h:170] Found solution in: 1
I20260909 04:38:23.173867   171 skeleton_planner.h:170] Found solution in: 1
I20260909 04:38:23.173872   171 skeleton_planner.h:170] Found solution in: 3
I20260909 04:38:23.174942   171 skeleton_planner.h:170] Found solution in: 1
I20260909 04:38:23.174947   171 skeleton_planner.h:170] Found solution in: 3
I20260909 04:38:23.175791   171 skeleton_planner.h:170] Found solution in: 1
I20260909 04:38:23.175796   171 skeleton_planner.h:170] Found solution in: 2
I20260909 04:38:23.177296   171 skeleton_planner.h:170] Found solution in: 1
I20260909 04:38:23.177302   171 skeleton_planner.h:170] Found solution in: 2
I20260909 04:38:23.178774   171 skeleton_planner.h:170] Found solution in: 1
I20260909 04:38:23.178781   171 skeleton_planner.h:170] Found solution in: 4
I20260909 04:38:23.180354   171 skeleton_planner.h:170] Found solution in: 1
I20260909 04:38:23.180359   171 skeleton_planner.h:170] Found solution in: 4
I20260909 04:38:23.180609   171 skeleton_planner.h:170] Found solution in: 19
I20260909 04:38:23.180962   171 skeleton_planner.h:170] Found solution in: 66
I20260909 04:38:23.181250   171 skeleton_planner.h:170] Found solution in: 42
I20260909 04:38:23.181262   171 skeleton_planner.h:170] Found solution in: 1
I20260909 04:38:23.181267   171 skeleton_planner.h:170] Found solution in: 3
I20260909 04:38:23.181277   171 skeleton_planner.h:170] Found solution in: 4
I20260909 04:38:23.181283   171 skeleton_planner.h:170] Found solution in: 1
I20260909 04:38:23.181299   171 skeleton_planner.h:170] Found solution in: 4
I20260909 04:38:23.181305   171 skeleton_planner.h:170] Found solution in: 1
I20260909 04:38:23.181317   171 skeleton_planner.h:170] Found solution in: 3
I20260909 04:38:23.181325   171 skeleton_planner.h:170] Found solution in: 1
I20260909 04:38:23.181700   171 skeleton_planner.h:170] Found solution in: 6
I20260909 04:38:23.181710   171 skeleton_planner.h:170] Found solution in: 1
I20260909 04:38:23.181977   171 skeleton_planner.h:170] Found solution in: 11
I20260909 04:38:23.181986   171 skeleton_planner.h:170] Found solution in: 1
I20260909 04:38:23.181991   171 skeleton_planner.h:170] Found solution in: 1
I20260909 04:38:23.181995   171 skeleton_planner.h:170] Found solution in: 3
I20260909 04:38:23.182034   171 skeleton_planner.h:170] Found solution in: 15
I20260909 04:38:23.182042   171 skeleton_planner.h:170] Found solution in: 1
I20260909 04:38:23.182492   171 skeleton_planner.h:170] Found solution in: 13
I20260909 04:38:23.182504   171 skeleton_planner.h:170] Found solution in: 1
I20260909 04:38:23.182518   171 skeleton_planner.h:170] Found solution in: 15
I20260909 04:38:23.182531   171 skeleton_planner.h:170] Found solution in: 1
I20260909 04:38:23.182565   171 skeleton_planner.h:170] Found solution in: 35
I20260909 04:38:23.182641   171 skeleton_planner.h:170] Found solution in: 78
I20260909 04:38:23.182753   171 skeleton_planner.h:170] Found solution in: 5
I20260909 04:38:23.182763   171 skeleton_planner.h:170] Found solution in: 1
I20260909 04:38:23.182770   171 skeleton_planner.h:170] Found solution in: 1
I20260909 04:38:23.182775   171 skeleton_planner.h:170] Found solution in: 2
I20260909 04:38:23.182780   171 skeleton_planner.h:170] Found solution in: 1
I20260909 04:38:23.182785   171 skeleton_planner.h:170] Found solution in: 2
I20260909 04:38:23.182793   171 skeleton_planner.h:170] Found solution in: 3
I20260909 04:38:23.182803   171 skeleton_planner.h:170] Found solution in: 1
I20260909 04:38:23.182811   171 skeleton_planner.h:170] Found solution in: 1
I20260909 04:38:23.182817   171 skeleton_planner.h:170] Found solution in: 4
I20260909 04:38:23.182928   171 skeleton_planner.h:170] Found solution in: 5
I20260909 04:38:23.182938   171 skeleton_planner.h:170] Found solution in: 1
I20260909 04:38:23.182947   171 skeleton_planner.h:170] Found solution in: 1
I20260909 04:38:23.182952   171 skeleton_planner.h:170] Found solution in: 4
I20260909 04:38:23.182971   171 skeleton_planner.h:170] Found solution in: 5
I20260909 04:38:23.182981   171 skeleton_planner.h:170] Found solution in: 1
I20260909 04:38:23.182984   171 skeleton_planner.h:170] Found solution in: 2
I20260909 04:38:23.183000   171 skeleton_planner.h:170] Found solution in: 5
I20260909 04:38:23.183008   171 skeleton_planner.h:170] Found solution in: 1
I20260909 04:38:23.183027   171 skeleton_planner.h:170] Found solution in: 5
I20260909 04:38:23.183035   171 skeleton_planner.h:170] Found solution in: 1
I20260909 04:38:23.183055   171 skeleton_planner.h:170] Found solution in: 5
I20260909 04:38:23.183065   171 skeleton_planner.h:170] Found solution in: 1
I20260909 04:38:23.183081   171 skeleton_planner.h:170] Found solution in: 4
I20260909 04:38:23.183094   171 skeleton_planner.h:170] Found solution in: 1
I20260909 04:38:23.183097   171 skeleton_planner.h:170] Found solution in: 2
I20260909 04:38:23.183116   171 skeleton_planner.h:170] Found solution in: 5
I20260909 04:38:23.183126   171 skeleton_planner.h:170] Found solution in: 1
I20260909 04:38:23.183147   171 skeleton_planner.h:170] Found solution in: 6
I20260909 04:38:23.183156   171 skeleton_planner.h:170] Found solution in: 1
I20260909 04:38:23.183166   171 skeleton_planner.h:170] Found solution in: 3
I20260909 04:38:23.183172   171 skeleton_planner.h:170] Found solution in: 1
I20260909 04:38:23.183182   171 skeleton_planner.h:170] Found solution in: 3
I20260909 04:38:23.183188   171 skeleton_planner.h:170] Found solution in: 1
I20260909 04:38:23.183192   171 skeleton_planner.h:170] Found solution in: 2
I20260909 04:38:23.183200   171 skeleton_planner.h:170] Found solution in: 3
I20260909 04:38:23.183205   171 skeleton_planner.h:170] Found solution in: 1
I20260909 04:38:23.183368   171 skeleton_planner.h:170] Found solution in: 11
I20260909 04:38:23.183377   171 skeleton_planner.h:170] Found solution in: 1
I20260909 04:38:23.183380   171 skeleton_planner.h:170] Found solution in: 2
I20260909 04:38:23.184039   171 skeleton_planner.h:170] Found solution in: 1
I20260909 04:38:23.184043   171 skeleton_planner.h:170] Found solution in: 2
I20260909 04:38:23.184707   171 skeleton_planner.h:170] Found solution in: 1
I20260909 04:38:23.184711   171 skeleton_planner.h:170] Found solution in: 2
I20260909 04:38:23.184726   171 skeleton_planner.h:170] Found solution in: 5
I20260909 04:38:23.184736   171 skeleton_planner.h:170] Found solution in: 1
I20260909 04:38:23.184744   171 skeleton_planner.h:170] Found solution in: 1
I20260909 04:38:23.184751   171 skeleton_planner.h:170] Found solution in: 5
I20260909 04:38:23.184762   171 skeleton_planner.h:170] Found solution in: 12
I20260909 04:38:23.184767   171 skeleton_planner.h:170] Found solution in: 1
I20260909 04:38:23.185176   171 skeleton_planner.h:170] Found solution in: 1
I20260909 04:38:23.185335   171 skeleton_planner.h:170] Found solution in: 99
I20260909 04:38:23.185349   171 skeleton_planner.h:170] Found solution in: 5
I20260909 04:38:23.185354   171 skeleton_planner.h:170] Found solution in: 1
I20260909 04:38:23.185359   171 skeleton_planner.h:170] Found solution in: 5
I20260909 04:38:23.185534   171 skeleton_planner.h:170] Found solution in: 1
I20260909 04:38:23.185549   171 skeleton_planner.h:170] Found solution in: 3
I20260909 04:38:23.185561   171 skeleton_planner.h:170] Found solution in: 1
I20260909 04:38:23.185590   171 skeleton_planner.h:170] Found solution in: 5
I20260909 04:38:23.185599   171 skeleton_planner.h:170] Found solution in: 1
I20260909 04:38:23.185612   171 skeleton_planner.h:170] Found solution in: 3
I20260909 04:38:23.185623   171 skeleton_planner.h:170] Found solution in: 1
I20260909 04:38:23.185636   171 skeleton_planner.h:170] Found solution in: 3
I20260909 04:38:23.185647   171 skeleton_planner.h:170] Found solution in: 1
I20260909 04:38:23.185745   171 skeleton_planner.h:170] Found solution in: 6
I20260909 04:38:23.185753   171 skeleton_planner.h:170] Found solution in: 1
I20260909 04:38:23.185760   171 skeleton_planner.h:170] Found solution in: 5
I20260909 04:38:23.185767   171 skeleton_planner.h:170] Found solution in: 1
I20260909 04:38:23.185777   171 skeleton_planner.h:170] Found solution in: 1
I20260909 04:38:23.185787   171 skeleton_planner.h:170] Found solution in: 11
I20260909 04:38:23.185806   171 skeleton_planner.h:170] Found solution in: 20
I20260909 04:38:23.185814   171 skeleton_planner.h:170] Found solution in: 1
I20260909 04:38:23.185818   171 skeleton_planner.h:170] Found solution in: 2
I20260909 04:38:23.185845   171 skeleton_planner.h:170] Found solution in: 9
I20260909 04:38:23.185855   171 skeleton_planner.h:170] Found solution in: 1
I20260909 04:38:23.185881   171 skeleton_planner.h:170] Found solution in: 8
I20260909 04:38:23.185896   171 skeleton_planner.h:170] Found solution in: 1
I20260909 04:38:23.185906   171 skeleton_planner.h:170] Found solution in: 1
I20260909 04:38:23.185913   171 skeleton_planner.h:170] Found solution in: 5
I20260909 04:38:23.185926   171 skeleton_planner.h:170] Found solution in: 15
I20260909 04:38:23.185935   171 skeleton_planner.h:170] Found solution in: 1
I20260909 04:38:23.185945   171 skeleton_planner.h:170] Found solution in: 13
I20260909 04:38:23.186043   171 skeleton_planner.h:170] Found solution in: 4
I20260909 04:38:23.186053   171 skeleton_planner.h:170] Found solution in: 1
I20260909 04:38:23.186060   171 skeleton_planner.h:170] Found solution in: 1
I20260909 04:38:23.186089   171 skeleton_planner.h:170] Found solution in: 30
I20260909 04:38:23.186100   171 skeleton_planner.h:170] Found solution in: 1
I20260909 04:38:23.186120   171 skeleton_planner.h:170] Found solution in: 18
I20260909 04:38:23.186127   171 skeleton_planner.h:170] Found solution in: 1
I20260909 04:38:23.186228   171 skeleton_planner.h:170] Found solution in: 4
I20260909 04:38:23.186234   171 skeleton_planner.h:170] Found solution in: 1
I20260909 04:38:23.186331   171 skeleton_planner.h:170] Found solution in: 4
I20260909 04:38:23.186339   171 skeleton_planner.h:170] Found solution in: 1
I20260909 04:38:23.186350   171 skeleton_planner.h:170] Found solution in: 1
I20260909 04:38:23.186355   171 skeleton_planner.h:170] Found solution in: 5
I20260909 04:38:23.186364   171 skeleton_planner.h:170] Found solution in: 1
I20260909 04:38:23.186369   171 skeleton_planner.h:170] Found solution in: 5
I20260909 04:38:23.186401   171 skeleton_planner.h:170] Found solution in: 38
I20260909 04:38:23.186411   171 skeleton_planner.h:170] Found solution in: 1
I20260909 04:38:23.186606   171 skeleton_planner.h:170] Found solution in: 10
I20260909 04:38:23.186614   171 skeleton_planner.h:170] Found solution in: 1
I20260909 04:38:23.186852   171 skeleton_planner.h:170] Found solution in: 5
I20260909 04:38:23.186859   171 skeleton_planner.h:170] Found solution in: 1
I20260909 04:38:23.186864   171 skeleton_planner.h:170] Found solution in: 5
I20260909 04:38:23.187124   171 skeleton_planner.h:170] Found solution in: 1
I20260909 04:38:23.187233   171 skeleton_planner.h:170] Found solution in: 4
I20260909 04:38:23.187244   171 skeleton_planner.h:170] Found solution in: 1
I20260909 04:38:23.187251   171 skeleton_planner.h:170] Found solution in: 5
I20260909 04:38:23.187258   171 skeleton_planner.h:170] Found solution in: 1
I20260909 04:38:23.187263   171 skeleton_planner.h:170] Found solution in: 5
I20260909 04:38:23.187273   171 skeleton_planner.h:170] Found solution in: 1
I20260909 04:38:23.187285   171 skeleton_planner.h:170] Found solution in: 3
I20260909 04:38:23.187294   171 skeleton_planner.h:170] Found solution in: 1
I20260909 04:38:23.187299   171 skeleton_planner.h:170] Found solution in: 1
I20260909 04:38:23.187305   171 skeleton_planner.h:170] Found solution in: 1
I20260909 04:38:23.187323   171 skeleton_planner.h:170] Found solution in: 6
I20260909 04:38:23.187332   171 skeleton_planner.h:170] Found solution in: 1
I20260909 04:38:23.187336   171 skeleton_planner.h:170] Found solution in: 3
I20260909 04:38:23.187350   171 skeleton_planner.h:170] Found solution in: 14
I20260909 04:38:23.187356   171 skeleton_planner.h:170] Found solution in: 1
I20260909 04:38:23.187448   171 skeleton_planner.h:170] Found solution in: 3
I20260909 04:38:23.187457   171 skeleton_planner.h:170] Found solution in: 1
I20260909 04:38:23.187461   171 skeleton_planner.h:170] Found solution in: 3
I20260909 04:38:23.187553   171 skeleton_planner.h:170] Found solution in: 6
I20260909 04:38:23.187561   171 skeleton_planner.h:170] Found solution in: 1
I20260909 04:38:23.187568   171 skeleton_planner.h:170] Found solution in: 7
I20260909 04:38:23.187573   171 skeleton_planner.h:170] Found solution in: 4
I20260909 04:38:23.187580   171 skeleton_planner.h:170] Found solution in: 1
I20260909 04:38:23.187587   171 skeleton_planner.h:170] Found solution in: 5
I20260909 04:38:23.187592   171 skeleton_planner.h:170] Found solution in: 4
I20260909 04:38:23.187600   171 skeleton_planner.h:170] Found solution in: 1
I20260909 04:38:23.187608   171 skeleton_planner.h:170] Found solution in: 1
I20260909 04:38:23.187621   171 skeleton_planner.h:170] Found solution in: 4
I20260909 04:38:23.187631   171 skeleton_planner.h:170] Found solution in: 1
I20260909 04:38:23.187688   171 skeleton_planner.h:170] Found solution in: 5
I20260909 04:38:23.187696   171 skeleton_planner.h:170] Found solution in: 1
I20260909 04:38:23.187703   171 skeleton_planner.h:170] Found solution in: 1
I20260909 04:38:23.187709   171 skeleton_planner.h:170] Found solution in: 5
I20260909 04:38:23.187717   171 skeleton_planner.h:170] Found solution in: 1
I20260909 04:38:23.187723   171 skeleton_planner.h:170] Found solution in: 1
I20260909 04:38:23.187729   171 skeleton_planner.h:170] Found solution in: 5
I20260909 04:38:23.187742   171 skeleton_planner.h:170] Found solution in: 13
I20260909 04:38:23.187748   171 skeleton_planner.h:170] Found solution in: 4
I20260909 04:38:23.187754   171 skeleton_planner.h:170] Found solution in: 1
I20260909 04:38:23.187767   171 skeleton_planner.h:170] Found solution in: 15
I20260909 04:38:23.187777   171 skeleton_planner.h:170] Found solution in: 10
I20260909 04:38:23.187783   171 skeleton_planner.h:170] Found solution in: 1
I20260909 04:38:23.187813   171 skeleton_planner.h:170] Found solution in: 36
I20260909 04:38:23.187821   171 skeleton_planner.h:170] Found solution in: 1
I20260909 04:38:23.187826   171 skeleton_planner.h:170] Found solution in: 4
I20260909 04:38:23.187832   171 skeleton_planner.h:170] Found solution in: 1
I20260909 04:38:23.187837   171 skeleton_planner.h:170] Found solution in: 4
I20260909 04:38:23.187844   171 skeleton_planner.h:170] Found solution in: 1
I20260909 04:38:23.187851   171 skeleton_planner.h:170] Found solution in: 6
I20260909 04:38:23.187861   171 skeleton_planner.h:170] Found solution in: 1
I20260909 04:38:23.187886   171 skeleton_planner.h:170] Found solution in: 8
I20260909 04:38:23.187896   171 skeleton_planner.h:170] Found solution in: 1
I20260909 04:38:23.187902   171 skeleton_planner.h:170] Found solution in: 4
I20260909 04:38:23.187911   171 skeleton_planner.h:170] Found solution in: 7
I20260909 04:38:23.187918   171 skeleton_planner.h:170] Found solution in: 1
I20260909 04:38:23.187924   171 skeleton_planner.h:170] Found solution in: 4
I20260909 04:38:23.187932   171 skeleton_planner.h:170] Found solution in: 6
I20260909 04:38:23.187942   171 skeleton_planner.h:170] Found solution in: 1
I20260909 04:38:23.188037   171 skeleton_planner.h:170] Found solution in: 7
I20260909 04:38:23.188046   171 skeleton_planner.h:170] Found solution in: 1
I20260909 04:38:23.188055   171 skeleton_planner.h:170] Found solution in: 7
I20260909 04:38:23.188063   171 skeleton_planner.h:170] Found solution in: 1
I20260909 04:38:23.188071   171 skeleton_planner.h:170] Found solution in: 1
I20260909 04:38:23.188081   171 skeleton_planner.h:170] Found solution in: 10
I20260909 04:38:23.188087   171 skeleton_planner.h:170] Found solution in: 4
I20260909 04:38:23.188097   171 skeleton_planner.h:170] Found solution in: 10
I20260909 04:38:23.188102   171 skeleton_planner.h:170] Found solution in: 1
I20260909 04:38:23.188107   171 skeleton_planner.h:170] Found solution in: 4
I20260909 04:38:23.188115   171 skeleton_planner.h:170] Found solution in: 7
I20260909 04:38:23.188120   171 skeleton_planner.h:170] Found solution in: 1
I20260909 04:38:23.188129   171 skeleton_planner.h:170] Found solution in: 8
I20260909 04:38:23.188136   171 skeleton_planner.h:170] Found solution in: 1
I20260909 04:38:23.188149   171 skeleton_planner.h:170] Found solution in: 13
I20260909 04:38:23.188158   171 skeleton_planner.h:170] Found solution in: 1
I20260909 04:38:23.188169   171 skeleton_planner.h:170] Found solution in: 12
I20260909 04:38:23.188174   171 skeleton_planner.h:170] Found solution in: 1
I20260909 04:38:23.188201   171 skeleton_planner.h:170] Found solution in: 7
I20260909 04:38:23.188210   171 skeleton_planner.h:170] Found solution in: 1
I20260909 04:38:23.188215   171 skeleton_planner.h:170] Found solution in: 2
I20260909 04:38:23.188642   171 skeleton_planner.h:170] Found solution in: 1
I20260909 04:38:23.188645   171 skeleton_planner.h:170] Found solution in: 2
I20260909 04:38:23.189337   171 skeleton_planner.h:170] Found solution in: 1
I20260909 04:38:23.189368   171 skeleton_planner.h:170] Found solution in: 4
I20260909 04:38:23.189375   171 skeleton_planner.h:170] Found solution in: 1
I20260909 04:38:23.189380   171 skeleton_planner.h:170] Found solution in: 3
I20260909 04:38:23.189388   171 skeleton_planner.h:170] Found solution in: 1
I20260909 04:38:23.189393   171 skeleton_planner.h:170] Found solution in: 4
I20260909 04:38:23.189404   171 skeleton_planner.h:170] Found solution in: 13
I20260909 04:38:23.189419   171 skeleton_planner.h:170] Found solution in: 15
I20260909 04:38:23.189425   171 skeleton_planner.h:170] Found solution in: 1
I20260909 04:38:23.189430   171 skeleton_planner.h:170] Found solution in: 4
I20260909 04:38:23.189442   171 skeleton_planner.h:170] Found solution in: 15
I20260909 04:38:23.189453   171 skeleton_planner.h:170] Found solution in: 13
I20260909 04:38:23.189461   171 skeleton_planner.h:170] Found solution in: 1
I20260909 04:38:23.189476   171 skeleton_planner.h:170] Found solution in: 17
I20260909 04:38:23.189491   171 skeleton_planner.h:170] Found solution in: 19
I20260909 04:38:23.189500   171 skeleton_planner.h:170] Found solution in: 9
I20260909 04:38:23.189507   171 skeleton_planner.h:170] Found solution in: 1
I20260909 04:38:23.189512   171 skeleton_planner.h:170] Found solution in: 1
I20260909 04:38:23.189517   171 skeleton_planner.h:170] Found solution in: 2
I20260909 04:38:23.189545   171 skeleton_planner.h:170] Found solution in: 11
I20260909 04:38:23.189553   171 skeleton_planner.h:170] Found solution in: 1
I20260909 04:38:23.189563   171 skeleton_planner.h:170] Found solution in: 1
I20260909 04:38:23.189574   171 skeleton_planner.h:170] Found solution in: 11
I20260909 04:38:23.189589   171 skeleton_planner.h:170] Found solution in: 1
I20260909 04:38:23.189600   171 skeleton_planner.h:170] Found solution in: 1
I20260909 04:38:23.189615   171 skeleton_planner.h:170] Found solution in: 3
I20260909 04:38:23.189622   171 skeleton_planner.h:170] Found solution in: 1
I20260909 04:38:23.189713   171 skeleton_planner.h:170] Found solution in: 4
I20260909 04:38:23.189723   171 skeleton_planner.h:170] Found solution in: 1
I20260909 04:38:23.189729   171 skeleton_planner.h:170] Found solution in: 1
I20260909 04:38:23.189734   171 skeleton_planner.h:170] Found solution in: 3
I20260909 04:38:23.189740   171 skeleton_planner.h:170] Found solution in: 1
I20260909 04:38:23.189744   171 skeleton_planner.h:170] Found solution in: 3
I20260909 04:38:23.189751   171 skeleton_planner.h:170] Found solution in: 1
I20260909 04:38:23.189780   171 skeleton_planner.h:170] Found solution in: 6
I20260909 04:38:23.189791   171 skeleton_planner.h:170] Found solution in: 1
I20260909 04:38:23.189797   171 skeleton_planner.h:170] Found solution in: 1
I20260909 04:38:23.189815   171 skeleton_planner.h:170] Found solution in: 6
I20260909 04:38:23.189826   171 skeleton_planner.h:170] Found solution in: 1
I20260909 04:38:23.189838   171 skeleton_planner.h:170] Found solution in: 3
I20260909 04:38:23.189846   171 skeleton_planner.h:170] Found solution in: 1
I20260909 04:38:23.189849   171 skeleton_planner.h:170] Found solution in: 2
I20260909 04:38:23.189862   171 skeleton_planner.h:170] Found solution in: 4
I20260909 04:38:23.189870   171 skeleton_planner.h:170] Found solution in: 1
I20260909 04:38:23.189874   171 skeleton_planner.h:170] Found solution in: 3
I20260909 04:38:23.189884   171 skeleton_planner.h:170] Found solution in: 3
I20260909 04:38:23.189893   171 skeleton_planner.h:170] Found solution in: 1
I20260909 04:38:23.189896   171 skeleton_planner.h:170] Found solution in: 2
I20260909 04:38:23.189905   171 skeleton_planner.h:170] Found solution in: 3
I20260909 04:38:23.189913   171 skeleton_planner.h:170] Found solution in: 1
I20260909 04:38:23.189937   171 skeleton_planner.h:170] Found solution in: 8
I20260909 04:38:23.189945   171 skeleton_planner.h:170] Found solution in: 1
I20260909 04:38:23.189950   171 skeleton_planner.h:170] Found solution in: 4
I20260909 04:38:23.189967   171 skeleton_planner.h:170] Found solution in: 7
I20260909 04:38:23.189977   171 skeleton_planner.h:170] Found solution in: 1
I20260909 04:38:23.189983   171 skeleton_planner.h:170] Found solution in: 1
I20260909 04:38:23.189987   171 skeleton_planner.h:170] Found solution in: 3
I20260909 04:38:23.190002   171 skeleton_planner.h:170] Found solution in: 4
I20260909 04:38:23.190013   171 skeleton_planner.h:170] Found solution in: 1
I20260909 04:38:23.190021   171 skeleton_planner.h:170] Found solution in: 1
I20260909 04:38:23.190028   171 skeleton_planner.h:170] Found solution in: 7
I20260909 04:38:23.190037   171 skeleton_planner.h:170] Found solution in: 1
I20260909 04:38:23.190047   171 skeleton_planner.h:170] Found solution in: 3
I20260909 04:38:23.190054   171 skeleton_planner.h:170] Found solution in: 1
I20260909 04:38:23.190065   171 skeleton_planner.h:170] Found solution in: 3
I20260909 04:38:23.190073   171 skeleton_planner.h:170] Found solution in: 1
I20260909 04:38:23.190080   171 skeleton_planner.h:170] Found solution in: 5
I20260909 04:38:23.190089   171 skeleton_planner.h:170] Found solution in: 8
I20260909 04:38:23.190099   171 skeleton_planner.h:170] Found solution in: 1
I20260909 04:38:23.190112   171 skeleton_planner.h:170] Found solution in: 3
I20260909 04:38:23.190120   171 skeleton_planner.h:170] Found solution in: 1
I20260909 04:38:23.190124   171 skeleton_planner.h:170] Found solution in: 3
I20260909 04:38:23.190129   171 skeleton_planner.h:170] Found solution in: 1
I20260909 04:38:23.190133   171 skeleton_planner.h:170] Found solution in: 3
I20260909 04:38:23.190140   171 skeleton_planner.h:170] Found solution in: 1
I20260909 04:38:23.190145   171 skeleton_planner.h:170] Found solution in: 3
I20260909 04:38:23.190165   171 skeleton_planner.h:170] Found solution in: 8
I20260909 04:38:23.190174   171 skeleton_planner.h:170] Found solution in: 1
I20260909 04:38:23.190369   171 skeleton_planner.h:170] Found solution in: 1
I20260909 04:38:23.190374   171 skeleton_planner.h:170] Found solution in: 2
I20260909 04:38:23.191406   171 skeleton_planner.h:170] Found solution in: 1
I20260909 04:38:23.191411   171 skeleton_planner.h:170] Found solution in: 2
I20260909 04:38:23.192458   171 skeleton_planner.h:170] Found solution in: 1
I20260909 04:38:23.192463   171 skeleton_planner.h:170] Found solution in: 3
I20260909 04:38:23.192476   171 skeleton_planner.h:170] Found solution in: 4
I20260909 04:38:23.192483   171 skeleton_planner.h:170] Found solution in: 1
I20260909 04:38:23.192498   171 skeleton_planner.h:170] Found solution in: 6
I20260909 04:38:23.192508   171 skeleton_planner.h:170] Found solution in: 1
I20260909 04:38:23.192528   171 skeleton_planner.h:170] Found solution in: 4
I20260909 04:38:23.192534   171 skeleton_planner.h:170] Found solution in: 1
I20260909 04:38:23.192607   171 skeleton_planner.h:170] Found solution in: 3
I20260909 04:38:23.192615   171 skeleton_planner.h:170] Found solution in: 1
I20260909 04:38:23.192621   171 skeleton_planner.h:170] Found solution in: 1
I20260909 04:38:23.192626   171 skeleton_planner.h:170] Found solution in: 3
I20260909 04:38:23.192653   171 skeleton_planner.h:170] Found solution in: 13
I20260909 04:38:23.192662   171 skeleton_planner.h:170] Found solution in: 1
I20260909 04:38:23.192687   171 skeleton_planner.h:170] Found solution in: 12
I20260909 04:38:23.192699   171 skeleton_planner.h:170] Found solution in: 1
I20260909 04:38:23.192703   171 skeleton_planner.h:170] Found solution in: 3
I20260909 04:38:23.192834   171 skeleton_planner.h:170] Found solution in: 87
I20260909 04:38:23.193187   171 skeleton_planner.h:170] Found solution in: 1
I20260909 04:38:23.193202   171 skeleton_planner.h:170] Found solution in: 4
I20260909 04:38:23.193214   171 skeleton_planner.h:170] Found solution in: 1
I20260909 04:38:23.193221   171 skeleton_planner.h:170] Found solution in: 4
I20260909 04:38:23.193578   171 skeleton_planner.h:170] Found solution in: 1
I20260909 04:38:23.193588   171 skeleton_planner.h:170] Found solution in: 4
I20260909 04:38:23.193641   171 skeleton_planner.h:170] Found solution in: 29
I20260909 04:38:23.193847   171 skeleton_planner.h:170] Found solution in: 36
I20260909 04:38:23.193858   171 skeleton_planner.h:170] Found solution in: 1
I20260909 04:38:23.193862   171 skeleton_planner.h:170] Found solution in: 2
I20260909 04:38:23.193867   171 skeleton_planner.h:170] Found solution in: 1
I20260909 04:38:23.193871   171 skeleton_planner.h:170] Found solution in: 2
I20260909 04:38:23.193895   171 skeleton_planner.h:170] Found solution in: 7
I20260909 04:38:23.193907   171 skeleton_planner.h:170] Found solution in: 1
I20260909 04:38:23.193912   171 skeleton_planner.h:170] Found solution in: 3
I20260909 04:38:23.193917   171 skeleton_planner.h:170] Found solution in: 1
I20260909 04:38:23.193922   171 skeleton_planner.h:170] Found solution in: 3
I20260909 04:38:23.193929   171 skeleton_planner.h:170] Found solution in: 1
I20260909 04:38:23.194288   171 skeleton_planner.h:170] Found solution in: 10
I20260909 04:38:23.194298   171 skeleton_planner.h:170] Found solution in: 1
I20260909 04:38:23.194303   171 skeleton_planner.h:170] Found solution in: 3
I20260909 04:38:23.194350   171 skeleton_planner.h:170] Found solution in: 25
I20260909 04:38:23.194362   171 skeleton_planner.h:170] Found solution in: 1
I20260909 04:38:23.194371   171 skeleton_planner.h:170] Found solution in: 7
I20260909 04:38:23.194392   171 skeleton_planner.h:170] Found solution in: 23
I20260909 04:38:23.194399   171 skeleton_planner.h:170] Found solution in: 1
I20260909 04:38:23.194408   171 skeleton_planner.h:170] Found solution in: 10
I20260909 04:38:23.194428   171 skeleton_planner.h:170] Found solution in: 23
I20260909 04:38:23.194450   171 skeleton_planner.h:170] Found solution in: 26
I20260909 04:38:23.194458   171 skeleton_planner.h:170] Found solution in: 1
I20260909 04:38:23.194463   171 skeleton_planner.h:170] Found solution in: 3
I20260909 04:38:23.194468   171 skeleton_planner.h:170] Found solution in: 1
I20260909 04:38:23.194473   171 skeleton_planner.h:170] Found solution in: 3
I20260909 04:38:23.194571   171 skeleton_planner.h:170] Found solution in: 6
I20260909 04:38:23.194577   171 skeleton_planner.h:170] Found solution in: 1
I20260909 04:38:23.194584   171 skeleton_planner.h:170] Found solution in: 1
I20260909 04:38:23.194756   171 skeleton_planner.h:170] Found solution in: 1
I20260909 04:38:23.194800   171 skeleton_planner.h:170] Found solution in: 10
I20260909 04:38:23.194813   171 skeleton_planner.h:170] Found solution in: 1
I20260909 04:38:23.194823   171 skeleton_planner.h:170] Found solution in: 7
I20260909 04:38:23.194850   171 skeleton_planner.h:170] Found solution in: 30
I20260909 04:38:23.194859   171 skeleton_planner.h:170] Found solution in: 1
I20260909 04:38:23.194868   171 skeleton_planner.h:170] Found solution in: 7
I20260909 04:38:23.194893   171 skeleton_planner.h:170] Found solution in: 27
I20260909 04:38:23.194900   171 skeleton_planner.h:170] Found solution in: 1
I20260909 04:38:23.194916   171 skeleton_planner.h:170] Found solution in: 17
I20260909 04:38:23.194932   171 skeleton_planner.h:170] Found solution in: 15
I20260909 04:38:23.194942   171 skeleton_planner.h:170] Found solution in: 1
I20260909 04:38:23.194952   171 skeleton_planner.h:170] Found solution in: 10
I20260909 04:38:23.194959   171 skeleton_planner.h:170] Found solution in: 1
I20260909 04:38:23.194972   171 skeleton_planner.h:170] Found solution in: 13
I20260909 04:38:23.194979   171 skeleton_planner.h:170] Found solution in: 1
I20260909 04:38:23.194988   171 skeleton_planner.h:170] Found solution in: 1
I20260909 04:38:23.194996   171 skeleton_planner.h:170] Found solution in: 1
I20260909 04:38:23.195001   171 skeleton_planner.h:170] Found solution in: 1
I20260909 04:38:23.195006   171 skeleton_planner.h:170] Found solution in: 4
I20260909 04:38:23.195012   171 skeleton_planner.h:170] Found solution in: 4
I20260909 04:38:23.195017   171 skeleton_planner.h:170] Found solution in: 4
I20260909 04:38:23.195022   171 skeleton_planner.h:170] Found solution in: 1
I20260909 04:38:23.195027   171 skeleton_planner.h:170] Found solution in: 4
I20260909 04:38:23.195034   171 skeleton_planner.h:170] Found solution in: 6
I20260909 04:38:23.195039   171 skeleton_planner.h:170] Found solution in: 5
I20260909 04:38:23.195045   171 skeleton_planner.h:170] Found solution in: 5
I20260909 04:38:23.195052   171 skeleton_planner.h:170] Found solution in: 1
I20260909 04:38:23.195056   171 skeleton_planner.h:170] Found solution in: 2
I20260909 04:38:23.195251   171 skeleton_planner.h:170] Found solution in: 1
I20260909 04:38:23.195255   171 skeleton_planner.h:170] Found solution in: 2
I20260909 04:38:23.195461   171 skeleton_planner.h:170] Found solution in: 1
I20260909 04:38:23.195468   171 skeleton_planner.h:170] Found solution in: 1
I20260909 04:38:23.195474   171 skeleton_planner.h:170] Found solution in: 4
I20260909 04:38:23.195480   171 skeleton_planner.h:170] Found solution in: 5
I20260909 04:38:23.195495   171 skeleton_planner.h:170] Found solution in: 4
I20260909 04:38:23.195515   171 skeleton_planner.h:170] Found solution in: 6
I20260909 04:38:23.195549   171 skeleton_planner.h:170] Found solution in: 7
I20260909 04:38:23.195573   171 skeleton_planner.h:170] Found solution in: 7
I20260909 04:38:23.195595   171 skeleton_planner.h:170] Found solution in: 5
I20260909 04:38:23.195623   171 skeleton_planner.h:170] Found solution in: 8
I20260909 04:38:23.195640   171 skeleton_planner.h:170] Found solution in: 4
I20260909 04:38:23.195652   171 skeleton_planner.h:170] Found solution in: 3
I20260909 04:38:23.195667   171 skeleton_planner.h:170] Found solution in: 4
I20260909 04:38:23.195683   171 skeleton_planner.h:170] Found solution in: 5
I20260909 04:38:23.195693   171 skeleton_planner.h:170] Found solution in: 3
I20260909 04:38:23.195709   171 skeleton_planner.h:170] Found solution in: 5
I20260909 04:38:23.195729   171 skeleton_planner.h:170] Found solution in: 5
I20260909 04:38:23.195742   171 skeleton_planner.h:170] Found solution in: 3
I20260909 04:38:23.195757   171 skeleton_planner.h:170] Found solution in: 4
I20260909 04:38:23.195770   171 skeleton_planner.h:170] Found solution in: 3
I20260909 04:38:23.195782   171 skeleton_planner.h:170] Found solution in: 4
I20260909 04:38:23.195797   171 skeleton_planner.h:170] Found solution in: 4
I20260909 04:38:23.195816   171 skeleton_planner.h:170] Found solution in: 5
I20260909 04:38:23.195840   171 skeleton_planner.h:170] Found solution in: 7
I20260909 04:38:23.195853   171 skeleton_planner.h:170] Found solution in: 3
I20260909 04:38:23.195863   171 skeleton_planner.h:170] Found solution in: 2
I20260909 04:38:23.195875   171 skeleton_planner.h:170] Found solution in: 4
I20260909 04:38:23.195888   171 skeleton_planner.h:170] Found solution in: 4
I20260909 04:38:23.195901   171 skeleton_planner.h:170] Found solution in: 5
I20260909 04:38:23.195910   171 skeleton_planner.h:170] Found solution in: 3
I20260909 04:38:23.195924   171 skeleton_planner.h:170] Found solution in: 4
I20260909 04:38:23.195935   171 skeleton_planner.h:170] Found solution in: 3
I20260909 04:38:23.195940   171 skeleton_planner.h:170] Found solution in: 1
I20260909 04:38:23.195952   171 skeleton_planner.h:170] Found solution in: 4
I20260909 04:38:23.195966   171 skeleton_planner.h:170] Found solution in: 4
I20260909 04:38:23.195991   171 skeleton_planner.h:170] Found solution in: 7
I20260909 04:38:23.196003   171 skeleton_planner.h:170] Found solution in: 3
I20260909 04:38:23.196033   171 skeleton_planner.h:170] Found solution in: 10
I20260909 04:38:23.196049   171 skeleton_planner.h:170] Found solution in: 4
I20260909 04:38:23.196072   171 skeleton_planner.h:170] Found solution in: 6
I20260909 04:38:23.196091   171 skeleton_planner.h:170] Found solution in: 7
I20260909 04:38:23.196101   171 skeleton_planner.h:170] Found solution in: 2
I20260909 04:38:23.196112   171 skeleton_planner.h:170] Found solution in: 3
I20260909 04:38:23.196125   171 skeleton_planner.h:170] Found solution in: 4
I20260909 04:38:23.196149   171 skeleton_planner.h:170] Found solution in: 7
I20260909 04:38:23.196166   171 skeleton_planner.h:170] Found solution in: 4
I20260909 04:38:23.196180   171 skeleton_planner.h:170] Found solution in: 4
I20260909 04:38:23.196193   171 skeleton_planner.h:170] Found solution in: 5
I20260909 04:38:23.196208   171 skeleton_planner.h:170] Found solution in: 4
I20260909 04:38:23.196228   171 skeleton_planner.h:170] Found solution in: 6
I20260909 04:38:23.196249   171 skeleton_planner.h:170] Found solution in: 7
I20260909 04:38:23.196272   171 skeleton_planner.h:170] Found solution in: 8
I20260909 04:38:23.196281   171 skeleton_planner.h:170] Found solution in: 2
I20260909 04:38:23.196295   171 skeleton_planner.h:170] Found solution in: 4
I20260909 04:38:23.196314   171 skeleton_planner.h:170] Found solution in: 5
I20260909 04:38:23.196326   171 skeleton_planner.h:170] Found solution in: 3
I20260909 04:38:23.196341   171 skeleton_planner.h:170] Found solution in: 4
I20260909 04:38:23.196348   171 skeleton_planner.h:170] Found solution in: 2
I20260909 04:38:23.196364   171 skeleton_planner.h:170] Found solution in: 5
I20260909 04:38:23.196380   171 skeleton_planner.h:170] Found solution in: 4
I20260909 04:38:23.196398   171 skeleton_planner.h:170] Found solution in: 5
I20260909 04:38:23.196408   171 skeleton_planner.h:170] Found solution in: 3
I20260909 04:38:23.196419   171 skeleton_planner.h:170] Found solution in: 3
I20260909 04:38:23.196436   171 skeleton_planner.h:170] Found solution in: 5
I20260909 04:38:23.196463   171 skeleton_planner.h:170] Found solution in: 9
I20260909 04:38:23.196483   171 skeleton_planner.h:170] Found solution in: 5
I20260909 04:38:23.196499   171 skeleton_planner.h:170] Found solution in: 5
I20260909 04:38:23.196511   171 skeleton_planner.h:170] Found solution in: 3
I20260909 04:38:23.196524   171 skeleton_planner.h:170] Found solution in: 4
I20260909 04:38:23.196538   171 skeleton_planner.h:170] Found solution in: 4
I20260909 04:38:23.196557   171 skeleton_planner.h:170] Found solution in: 5
I20260909 04:38:23.196568   171 skeleton_planner.h:170] Found solution in: 3
I20260909 04:38:23.196579   171 skeleton_planner.h:170] Found solution in: 3
I20260909 04:38:23.196592   171 skeleton_planner.h:170] Found solution in: 4
I20260909 04:38:23.196607   171 skeleton_planner.h:170] Found solution in: 4
I20260909 04:38:23.196619   171 skeleton_planner.h:170] Found solution in: 3
I20260909 04:38:23.196632   171 skeleton_planner.h:170] Found solution in: 3
I20260909 04:38:23.196640   171 skeleton_planner.h:170] Found solution in: 2
I20260909 04:38:23.196656   171 skeleton_planner.h:170] Found solution in: 5
I20260909 04:38:23.196673   171 skeleton_planner.h:170] Found solution in: 6
I20260909 04:38:23.196684   171 skeleton_planner.h:170] Found solution in: 3
I20260909 04:38:23.196702   171 skeleton_planner.h:170] Found solution in: 5
I20260909 04:38:23.196712   171 skeleton_planner.h:170] Found solution in: 3
I20260909 04:38:23.196732   171 skeleton_planner.h:170] Found solution in: 6
I20260909 04:38:23.196754   171 skeleton_planner.h:170] Found solution in: 7
I20260909 04:38:23.196770   171 skeleton_planner.h:170] Found solution in: 5
I20260909 04:38:23.196786   171 skeleton_planner.h:170] Found solution in: 5
I20260909 04:38:23.196800   171 skeleton_planner.h:170] Found solution in: 4
I20260909 04:38:23.196815   171 skeleton_planner.h:170] Found solution in: 5
I20260909 04:38:23.196828   171 skeleton_planner.h:170] Found solution in: 4
I20260909 04:38:23.196882   171 skeleton_planner.h:170] Found solution in: 29
I20260909 04:38:23.196904   171 skeleton_planner.h:170] Found solution in: 5
I20260909 04:38:23.196918   171 skeleton_planner.h:170] Found solution in: 4
I20260909 04:38:23.196930   171 skeleton_planner.h:170] Found solution in: 3
I20260909 04:38:23.196942   171 skeleton_planner.h:170] Found solution in: 3
I20260909 04:38:23.196955   171 skeleton_planner.h:170] Found solution in: 3
I20260909 04:38:23.196964   171 skeleton_planner.h:170] Found solution in: 2
I20260909 04:38:23.197005   171 skeleton_planner.h:170] Found solution in: 11
I20260909 04:38:23.197026   171 skeleton_planner.h:170] Found solution in: 4
I20260909 04:38:23.197036   171 skeleton_planner.h:170] Found solution in: 3
I20260909 04:38:23.197050   171 skeleton_planner.h:170] Found solution in: 4
I20260909 04:38:23.197062   171 skeleton_planner.h:170] Found solution in: 3
I20260909 04:38:23.197072   171 skeleton_planner.h:170] Found solution in: 3
I20260909 04:38:23.197089   171 skeleton_planner.h:170] Found solution in: 5
I20260909 04:38:23.197103   171 skeleton_planner.h:170] Found solution in: 4
I20260909 04:38:23.197119   171 skeleton_planner.h:170] Found solution in: 5
I20260909 04:38:23.197131   171 skeleton_planner.h:170] Found solution in: 3
I20260909 04:38:23.197141   171 skeleton_planner.h:170] Found solution in: 3
I20260909 04:38:23.197154   171 skeleton_planner.h:170] Found solution in: 3
I20260909 04:38:23.197165   171 skeleton_planner.h:170] Found solution in: 3
I20260909 04:38:23.197180   171 skeleton_planner.h:170] Found solution in: 6
I20260909 04:38:23.197192   171 skeleton_planner.h:170] Found solution in: 3
I20260909 04:38:23.197204   171 skeleton_planner.h:170] Found solution in: 4
I20260909 04:38:23.197214   171 skeleton_planner.h:170] Found solution in: 3
I20260909 04:38:23.197238   171 skeleton_planner.h:170] Found solution in: 8
I20260909 04:38:23.197276   171 skeleton_planner.h:170] Found solution in: 13
I20260909 04:38:23.197301   171 skeleton_planner.h:170] Found solution in: 7
I20260909 04:38:23.197322   171 skeleton_planner.h:170] Found solution in: 5
I20260909 04:38:23.197336   171 skeleton_planner.h:170] Found solution in: 4
I20260909 04:38:23.197347   171 skeleton_planner.h:170] Found solution in: 3
I20260909 04:38:23.197357   171 skeleton_planner.h:170] Found solution in: 3
I20260909 04:38:23.197376   171 skeleton_planner.h:170] Found solution in: 6
I20260909 04:38:23.197388   171 skeleton_planner.h:170] Found solution in: 3
I20260909 04:38:23.197398   171 skeleton_planner.h:170] Found solution in: 3
I20260909 04:38:23.197407   171 skeleton_planner.h:170] Found solution in: 3
I20260909 04:38:23.197427   171 skeleton_planner.h:170] Found solution in: 5
I20260909 04:38:23.197440   171 skeleton_planner.h:170] Found solution in: 4
I20260909 04:38:23.197453   171 skeleton_planner.h:170] Found solution in: 3
I20260909 04:38:23.197469   171 skeleton_planner.h:170] Found solution in: 5
I20260909 04:38:23.197482   171 skeleton_planner.h:170] Found solution in: 4
I20260909 04:38:23.197507   171 skeleton_planner.h:170] Found solution in: 7
I20260909 04:38:23.197530   171 skeleton_planner.h:170] Found solution in: 6
I20260909 04:38:23.197543   171 skeleton_planner.h:170] Found solution in: 4
I20260909 04:38:23.197554   171 skeleton_planner.h:170] Found solution in: 3
I20260909 04:38:23.197566   171 skeleton_planner.h:170] Found solution in: 4
I20260909 04:38:23.197578   171 skeleton_planner.h:170] Found solution in: 3
I20260909 04:38:23.197597   171 skeleton_planner.h:170] Found solution in: 6
I20260909 04:38:23.197616   171 skeleton_planner.h:170] Found solution in: 5
I20260909 04:38:23.197639   171 skeleton_planner.h:170] Found solution in: 7
I20260909 04:38:23.197657   171 skeleton_planner.h:170] Found solution in: 4
I20260909 04:38:23.197676   171 skeleton_planner.h:170] Found solution in: 6
I20260909 04:38:23.197697   171 skeleton_planner.h:170] Found solution in: 7
I20260909 04:38:23.197708   171 skeleton_planner.h:170] Found solution in: 3
I20260909 04:38:23.197731   171 skeleton_planner.h:170] Found solution in: 8
I20260909 04:38:23.197749   171 skeleton_planner.h:170] Found solution in: 5
I20260909 04:38:23.197767   171 skeleton_planner.h:170] Found solution in: 6
I20260909 04:38:23.197778   171 skeleton_planner.h:170] Found solution in: 3
I20260909 04:38:23.197803   171 skeleton_planner.h:170] Found solution in: 8
I20260909 04:38:23.197816   171 skeleton_planner.h:170] Found solution in: 3
I20260909 04:38:23.197847   171 skeleton_planner.h:170] Found solution in: 9
I20260909 04:38:23.197860   171 skeleton_planner.h:170] Found solution in: 3
I20260909 04:38:23.197871   171 skeleton_planner.h:170] Found solution in: 3
I20260909 04:38:23.197885   171 skeleton_planner.h:170] Found solution in: 4
I20260909 04:38:23.197902   171 skeleton_planner.h:170] Found solution in: 4
I20260909 04:38:23.197919   171 skeleton_planner.h:170] Found solution in: 5
I20260909 04:38:23.197949   171 skeleton_planner.h:170] Found solution in: 10
I20260909 04:38:23.197969   171 skeleton_planner.h:170] Found solution in: 5
I20260909 04:38:23.197974   171 skeleton_planner.h:170] Found solution in: 1
I20260909 04:38:23.197988   171 skeleton_planner.h:170] Found solution in: 4
I20260909 04:38:23.197997   171 skeleton_planner.h:170] Found solution in: 3
I20260909 04:38:23.198017   171 skeleton_planner.h:170] Found solution in: 7
I20260909 04:38:23.198038   171 skeleton_planner.h:170] Found solution in: 6
I20260909 04:38:23.198060   171 skeleton_planner.h:170] Found solution in: 6
I20260909 04:38:23.198078   171 skeleton_planner.h:170] Found solution in: 6
I20260909 04:38:23.198098   171 skeleton_planner.h:170] Found solution in: 6
I20260909 04:38:23.198127   171 skeleton_planner.h:170] Found solution in: 8
I20260909 04:38:23.198151   171 skeleton_planner.h:170] Found solution in: 8
I20260909 04:38:23.198173   171 skeleton_planner.h:170] Found solution in: 8
I20260909 04:38:23.198190   171 skeleton_planner.h:170] Found solution in: 4
I20260909 04:38:23.198208   171 skeleton_planner.h:170] Found solution in: 6
I20260909 04:38:23.198227   171 skeleton_planner.h:170] Found solution in: 6
I20260909 04:38:23.198240   171 skeleton_planner.h:170] Found solution in: 3
I20260909 04:38:23.198261   171 skeleton_planner.h:170] Found solution in: 7
I20260909 04:38:23.198285   171 skeleton_planner.h:170] Found solution in: 8
I20260909 04:38:23.198299   171 skeleton_planner.h:170] Found solution in: 4
I20260909 04:38:23.198315   171 skeleton_planner.h:170] Found solution in: 4
I20260909 04:38:23.198326   171 skeleton_planner.h:170] Found solution in: 3
I20260909 04:38:23.198343   171 skeleton_planner.h:170] Found solution in: 5
I20260909 04:38:23.198355   171 skeleton_planner.h:170] Found solution in: 3
I20260909 04:38:23.198367   171 skeleton_planner.h:170] Found solution in: 4
I20260909 04:38:23.198385   171 skeleton_planner.h:170] Found solution in: 5
I20260909 04:38:23.198401   171 skeleton_planner.h:170] Found solution in: 5
I20260909 04:38:23.198427   171 skeleton_planner.h:170] Found solution in: 9
I20260909 04:38:23.198448   171 skeleton_planner.h:170] Found solution in: 5
I20260909 04:38:23.198465   171 skeleton_planner.h:170] Found solution in: 5
I20260909 04:38:23.198479   171 skeleton_planner.h:170] Found solution in: 4
I20260909 04:38:23.198493   171 skeleton_planner.h:170] Found solution in: 4
I20260909 04:38:23.198514   171 skeleton_planner.h:170] Found solution in: 7
I20260909 04:38:23.198539   171 skeleton_planner.h:170] Found solution in: 6
I20260909 04:38:23.198553   171 skeleton_planner.h:170] Found solution in: 4
I20260909 04:38:23.198565   171 skeleton_planner.h:170] Found solution in: 3
I20260909 04:38:23.198577   171 skeleton_planner.h:170] Found solution in: 5
I20260909 04:38:23.198597   171 skeleton_planner.h:170] Found solution in: 7
I20260909 04:38:23.198621   171 skeleton_planner.h:170] Found solution in: 9
I20260909 04:38:23.198635   171 skeleton_planner.h:170] Found solution in: 3
I20260909 04:38:23.198649   171 skeleton_planner.h:170] Found solution in: 5
I20260909 04:38:23.198661   171 skeleton_planner.h:170] Found solution in: 4
I20260909 04:38:23.198673   171 skeleton_planner.h:170] Found solution in: 3
I20260909 04:38:23.198684   171 skeleton_planner.h:170] Found solution in: 4
I20260909 04:38:23.198707   171 skeleton_planner.h:170] Found solution in: 8
I20260909 04:38:23.198717   171 skeleton_planner.h:170] Found solution in: 3
I20260909 04:38:23.198730   171 skeleton_planner.h:170] Found solution in: 4
I20260909 04:38:23.198750   171 skeleton_planner.h:170] Found solution in: 6
I20260909 04:38:23.198761   171 skeleton_planner.h:170] Found solution in: 3
I20260909 04:38:23.198772   171 skeleton_planner.h:170] Found solution in: 3
I20260909 04:38:23.198786   171 skeleton_planner.h:170] Found solution in: 4
I20260909 04:38:23.198797   171 skeleton_planner.h:170] Found solution in: 3
I20260909 04:38:23.198815   171 skeleton_planner.h:170] Found solution in: 5
I20260909 04:38:23.198827   171 skeleton_planner.h:170] Found solution in: 3
I20260909 04:38:23.198846   171 skeleton_planner.h:170] Found solution in: 6
I20260909 04:38:23.198868   171 skeleton_planner.h:170] Found solution in: 8
I20260909 04:38:23.198895   171 skeleton_planner.h:170] Found solution in: 10
I20260909 04:38:23.198949   171 skeleton_planner.h:170] Found solution in: 15
I20260909 04:38:23.198964   171 skeleton_planner.h:170] Found solution in: 3
I20260909 04:38:23.198976   171 skeleton_planner.h:170] Found solution in: 4
I20260909 04:38:23.198999   171 skeleton_planner.h:170] Found solution in: 5
I20260909 04:38:23.199024   171 skeleton_planner.h:170] Found solution in: 8
I20260909 04:38:23.199039   171 skeleton_planner.h:170] Found solution in: 4
I20260909 04:38:23.199057   171 skeleton_planner.h:170] Found solution in: 5
I20260909 04:38:23.199070   171 skeleton_planner.h:170] Found solution in: 3
I20260909 04:38:23.199097   171 skeleton_planner.h:170] Found solution in: 9
I20260909 04:38:23.199110   171 skeleton_planner.h:170] Found solution in: 3
I20260909 04:38:23.199133   171 skeleton_planner.h:170] Found solution in: 7
I20260909 04:38:23.199156   171 skeleton_planner.h:170] Found solution in: 7
I20260909 04:38:23.199168   171 skeleton_planner.h:170] Found solution in: 3
I20260909 04:38:23.199198   171 skeleton_planner.h:170] Found solution in: 10
I20260909 04:38:23.199213   171 skeleton_planner.h:170] Found solution in: 4
I20260909 04:38:23.199239   171 skeleton_planner.h:170] Found solution in: 8
I20260909 04:38:23.199250   171 skeleton_planner.h:170] Found solution in: 3
I20260909 04:38:23.199266   171 skeleton_planner.h:170] Found solution in: 4
I20260909 04:38:23.199286   171 skeleton_planner.h:170] Found solution in: 7
I20260909 04:38:23.199309   171 skeleton_planner.h:170] Found solution in: 6
I20260909 04:38:23.199347   171 skeleton_planner.h:170] Found solution in: 11
I20260909 04:38:23.199362   171 skeleton_planner.h:170] Found solution in: 3
I20260909 04:38:23.199374   171 skeleton_planner.h:170] Found solution in: 4
I20260909 04:38:23.199386   171 skeleton_planner.h:170] Found solution in: 3
I20260909 04:38:23.199395   171 skeleton_planner.h:170] Found solution in: 3
I20260909 04:38:23.199407   171 skeleton_planner.h:170] Found solution in: 4
I20260909 04:38:23.199430   171 skeleton_planner.h:170] Found solution in: 6
I20260909 04:38:23.199441   171 skeleton_planner.h:170] Found solution in: 3
I20260909 04:38:23.199453   171 skeleton_planner.h:170] Found solution in: 4
I20260909 04:38:23.199468   171 skeleton_planner.h:170] Found solution in: 4
I20260909 04:38:23.199483   171 skeleton_planner.h:170] Found solution in: 4
I20260909 04:38:23.199503   171 skeleton_planner.h:170] Found solution in: 6
I20260909 04:38:23.199512   171 skeleton_planner.h:170] Found solution in: 2
I20260909 04:38:23.199523   171 skeleton_planner.h:170] Found solution in: 4
I20260909 04:38:23.199534   171 skeleton_planner.h:170] Found solution in: 3
I20260909 04:38:23.199561   171 skeleton_planner.h:170] Found solution in: 9
I20260909 04:38:23.199581   171 skeleton_planner.h:170] Found solution in: 6
I20260909 04:38:23.199602   171 skeleton_planner.h:170] Found solution in: 6
I20260909 04:38:23.199627   171 skeleton_planner.h:170] Found solution in: 8
I20260909 04:38:23.199644   171 skeleton_planner.h:170] Found solution in: 5
I20260909 04:38:23.199656   171 skeleton_planner.h:170] Found solution in: 3
I20260909 04:38:23.199672   171 skeleton_planner.h:170] Found solution in: 4
I20260909 04:38:23.199685   171 skeleton_planner.h:170] Found solution in: 3
I20260909 04:38:23.199698   171 skeleton_planner.h:170] Found solution in: 4
I20260909 04:38:23.199717   171 skeleton_planner.h:170] Found solution in: 5
I20260909 04:38:23.199738   171 skeleton_planner.h:170] Found solution in: 7
I20260909 04:38:23.199750   171 skeleton_planner.h:170] Found solution in: 3
I20260909 04:38:23.199765   171 skeleton_planner.h:170] Found solution in: 4
I20260909 04:38:23.199776   171 skeleton_planner.h:170] Found solution in: 3
I20260909 04:38:23.199790   171 skeleton_planner.h:170] Found solution in: 4
I20260909 04:38:23.199820   171 skeleton_planner.h:170] Found solution in: 14
I20260909 04:38:23.199949   171 skeleton_planner.h:170] Found solution in: 39
I20260909 04:38:23.199968   171 skeleton_planner.h:170] Found solution in: 3
I20260909 04:38:23.200006   171 skeleton_planner.h:170] Found solution in: 9
I20260909 04:38:23.200031   171 skeleton_planner.h:170] Found solution in: 8
I20260909 04:38:23.200062   171 skeleton_planner.h:170] Found solution in: 10
I20260909 04:38:23.200098   171 skeleton_planner.h:170] Found solution in: 10
I20260909 04:38:23.200122   171 skeleton_planner.h:170] Found solution in: 8
I20260909 04:38:23.200137   171 skeleton_planner.h:170] Found solution in: 4
I20260909 04:38:23.200161   171 skeleton_planner.h:170] Found solution in: 8
I20260909 04:38:23.200181   171 skeleton_planner.h:170] Found solution in: 5
I20260909 04:38:23.200218   171 skeleton_planner.h:170] Found solution in: 12
I20260909 04:38:23.200249   171 skeleton_planner.h:170] Found solution in: 8
I20260909 04:38:23.200268   171 skeleton_planner.h:170] Found solution in: 5
I20260909 04:38:23.200306   171 skeleton_planner.h:170] Found solution in: 11
I20260909 04:38:23.200333   171 skeleton_planner.h:170] Found solution in: 6
I20260909 04:38:23.200347   171 skeleton_planner.h:170] Found solution in: 5
I20260909 04:38:23.200357   171 skeleton_planner.h:170] Found solution in: 3
I20260909 04:38:23.200371   171 skeleton_planner.h:170] Found solution in: 6
I20260909 04:38:23.200384   171 skeleton_planner.h:170] Found solution in: 6
I20260909 04:38:23.200395   171 skeleton_planner.h:170] Found solution in: 3
I20260909 04:38:23.200405   171 skeleton_planner.h:170] Found solution in: 3
I20260909 04:38:23.200415   171 skeleton_planner.h:170] Found solution in: 3
I20260909 04:38:23.200423   171 skeleton_planner.h:170] Found solution in: 2
I20260909 04:38:23.200428   171 skeleton_planner.h:170] Found solution in: 1
I20260909 04:38:23.200439   171 skeleton_planner.h:170] Found solution in: 5
I20260909 04:38:23.200459   171 skeleton_planner.h:170] Found solution in: 9
I20260909 04:38:23.200472   171 skeleton_planner.h:170] Found solution in: 4
I20260909 04:38:23.200485   171 skeleton_planner.h:170] Found solution in: 4
I20260909 04:38:23.200505   171 skeleton_planner.h:170] Found solution in: 7
I20260909 04:38:23.200525   171 skeleton_planner.h:170] Found solution in: 9
I20260909 04:38:23.200536   171 skeleton_planner.h:170] Found solution in: 3
I20260909 04:38:23.200546   171 skeleton_planner.h:170] Found solution in: 4
I20260909 04:38:23.200558   171 skeleton_planner.h:170] Found solution in: 4
I20260909 04:38:23.200569   171 skeleton_planner.h:170] Found solution in: 4
I20260909 04:38:23.200580   171 skeleton_planner.h:170] Found solution in: 4
I20260909 04:38:23.200584   171 skeleton_planner.h:170] Found solution in: 1
I20260909 04:38:23.200590   171 skeleton_planner.h:170] Found solution in: 2
I20260909 04:38:23.200601   171 skeleton_planner.h:170] Found solution in: 3
I20260909 04:38:23.200615   171 skeleton_planner.h:170] Found solution in: 4
I20260909 04:38:23.200626   171 skeleton_planner.h:170] Found solution in: 3
I20260909 04:38:23.200639   171 skeleton_planner.h:170] Found solution in: 4
I20260909 04:38:23.200655   171 skeleton_planner.h:170] Found solution in: 5
I20260909 04:38:23.200675   171 skeleton_planner.h:170] Found solution in: 6
I20260909 04:38:23.200690   171 skeleton_planner.h:170] Found solution in: 4
I20260909 04:38:23.200708   171 skeleton_planner.h:170] Found solution in: 5
I20260909 04:38:23.200723   171 skeleton_planner.h:170] Found solution in: 4
I20260909 04:38:23.200744   171 skeleton_planner.h:170] Found solution in: 7
I20260909 04:38:23.200764   171 skeleton_planner.h:170] Found solution in: 6
I20260909 04:38:23.200790   171 skeleton_planner.h:170] Found solution in: 10
I20260909 04:38:23.200799   171 skeleton_planner.h:170] Found solution in: 2
I20260909 04:38:23.200825   171 skeleton_planner.h:170] Found solution in: 7
I20260909 04:38:23.200835   171 skeleton_planner.h:170] Found solution in: 2
I20260909 04:38:23.200862   171 skeleton_planner.h:170] Found solution in: 9
I20260909 04:38:23.200883   171 skeleton_planner.h:170] Found solution in: 6
I20260909 04:38:23.200907   171 skeleton_planner.h:170] Found solution in: 7
I20260909 04:38:23.200918   171 skeleton_planner.h:170] Found solution in: 3
I20260909 04:38:23.200929   171 skeleton_planner.h:170] Found solution in: 3
I20260909 04:38:23.200960   171 skeleton_planner.h:170] Found solution in: 9
I20260909 04:38:23.201002   171 skeleton_planner.h:170] Found solution in: 11
I20260909 04:38:23.201015   171 skeleton_planner.h:170] Found solution in: 3
I20260909 04:38:23.201023   171 skeleton_planner.h:170] Found solution in: 2
I20260909 04:38:23.201061   171 skeleton_planner.h:170] Found solution in: 10
I20260909 04:38:23.201102   171 skeleton_planner.h:170] Found solution in: 12
I20260909 04:38:23.201121   171 skeleton_planner.h:170] Found solution in: 4
I20260909 04:38:23.201135   171 skeleton_planner.h:170] Found solution in: 4
I20260909 04:38:23.201153   171 skeleton_planner.h:170] Found solution in: 6
I20260909 04:38:23.201166   171 skeleton_planner.h:170] Found solution in: 3
I20260909 04:38:23.201179   171 skeleton_planner.h:170] Found solution in: 4
I20260909 04:38:23.201192   171 skeleton_planner.h:170] Found solution in: 4
I20260909 04:38:23.201205   171 skeleton_planner.h:170] Found solution in: 4
I20260909 04:38:23.201220   171 skeleton_planner.h:170] Found solution in: 4
I20260909 04:38:23.201232   171 skeleton_planner.h:170] Found solution in: 4
I20260909 04:38:23.201247   171 skeleton_planner.h:170] Found solution in: 6
I20260909 04:38:23.201267   171 skeleton_planner.h:170] Found solution in: 7
I20260909 04:38:23.201278   171 skeleton_planner.h:170] Found solution in: 4
I20260909 04:38:23.201292   171 skeleton_planner.h:170] Found solution in: 5
I20260909 04:38:23.201318   171 skeleton_planner.h:170] Found solution in: 11
I20260909 04:38:23.201339   171 skeleton_planner.h:170] Found solution in: 5
I20260909 04:38:23.201357   171 skeleton_planner.h:170] Found solution in: 6
I20260909 04:38:23.201370   171 skeleton_planner.h:170] Found solution in: 4
I20260909 04:38:23.201390   171 skeleton_planner.h:170] Found solution in: 8
I20260909 04:38:23.201412   171 skeleton_planner.h:170] Found solution in: 9
I20260909 04:38:23.201442   171 skeleton_planner.h:170] Found solution in: 11
I20260909 04:38:23.201455   171 skeleton_planner.h:170] Found solution in: 4
I20260909 04:38:23.201468   171 skeleton_planner.h:170] Found solution in: 4
I20260909 04:38:23.201489   171 skeleton_planner.h:170] Found solution in: 6
I20260909 04:38:23.201501   171 skeleton_planner.h:170] Found solution in: 3
I20260909 04:38:23.201519   171 skeleton_planner.h:170] Found solution in: 6
I20260909 04:38:23.201536   171 skeleton_planner.h:170] Found solution in: 5
I20260909 04:38:23.201555   171 skeleton_planner.h:170] Found solution in: 5
I20260909 04:38:23.201566   171 skeleton_planner.h:170] Found solution in: 3
I20260909 04:38:23.201581   171 skeleton_planner.h:170] Found solution in: 4
I20260909 04:38:23.201622   171 skeleton_planner.h:170] Found solution in: 12
I20260909 04:38:23.201638   171 skeleton_planner.h:170] Found solution in: 4
I20260909 04:38:23.201668   171 skeleton_planner.h:170] Found solution in: 9
I20260909 04:38:23.201679   171 skeleton_planner.h:170] Found solution in: 3
I20260909 04:38:23.201694   171 skeleton_planner.h:170] Found solution in: 5
I20260909 04:38:23.201701   171 skeleton_planner.h:170] Found solution in: 2
I20260909 04:38:23.201725   171 skeleton_planner.h:170] Found solution in: 8
I20260909 04:38:23.201752   171 skeleton_planner.h:170] Found solution in: 9
I20260909 04:38:23.201758   171 skeleton_planner.h:170] Found solution in: 1
I20260909 04:38:23.201771   171 skeleton_planner.h:170] Found solution in: 4
I20260909 04:38:23.201776   171 skeleton_planner.h:170] Found solution in: 1
I20260909 04:38:23.201784   171 skeleton_planner.h:170] Found solution in: 3
I20260909 04:38:23.201794   171 skeleton_planner.h:170] Found solution in: 3
I20260909 04:38:23.201814   171 skeleton_planner.h:170] Found solution in: 6
I20260909 04:38:23.201830   171 skeleton_planner.h:170] Found solution in: 6
I20260909 04:38:23.201850   171 skeleton_planner.h:170] Found solution in: 7
I20260909 04:38:23.201867   171 skeleton_planner.h:170] Found solution in: 5
I20260909 04:38:23.201889   171 skeleton_planner.h:170] Found solution in: 7
I20260909 04:38:23.201903   171 skeleton_planner.h:170] Found solution in: 5
I20260909 04:38:23.201920   171 skeleton_planner.h:170] Found solution in: 5
I20260909 04:38:23.201941   171 skeleton_planner.h:170] Found solution in: 7
I20260909 04:38:23.201959   171 skeleton_planner.h:170] Found solution in: 6
I20260909 04:38:23.201979   171 skeleton_planner.h:170] Found solution in: 8
I20260909 04:38:23.202001   171 skeleton_planner.h:170] Found solution in: 11
I20260909 04:38:23.202021   171 skeleton_planner.h:170] Found solution in: 7
I20260909 04:38:23.202044   171 skeleton_planner.h:170] Found solution in: 7
I20260909 04:38:23.202057   171 skeleton_planner.h:170] Found solution in: 3
I20260909 04:38:23.202070   171 skeleton_planner.h:170] Found solution in: 4
I20260909 04:38:23.202085   171 skeleton_planner.h:170] Found solution in: 6
I20260909 04:38:23.202100   171 skeleton_planner.h:170] Found solution in: 6
I20260909 04:38:23.202121   171 skeleton_planner.h:170] Found solution in: 6
I20260909 04:38:23.202126   171 skeleton_planner.h:170] Found solution in: 1
I20260909 04:38:23.202131   171 skeleton_planner.h:170] Found solution in: 1
I20260909 04:38:23.202133   171 skeleton_planner.h:170] Found solution in: 1
I20260909 04:38:23.202142   171 skeleton_planner.h:170] Found solution in: 3
I20260909 04:38:23.202160   171 skeleton_planner.h:170] Found solution in: 6
I20260909 04:38:23.202175   171 skeleton_planner.h:170] Found solution in: 4
I20260909 04:38:23.202186   171 skeleton_planner.h:170] Found solution in: 3
I20260909 04:38:23.202205   171 skeleton_planner.h:170] Found solution in: 7
I20260909 04:38:23.202224   171 skeleton_planner.h:170] Found solution in: 6
I20260909 04:38:23.202241   171 skeleton_planner.h:170] Found solution in: 5
I20260909 04:38:23.202282   171 skeleton_planner.h:170] Found solution in: 13
I20260909 04:38:23.202310   171 skeleton_planner.h:170] Found solution in: 5
I20260909 04:38:23.202338   171 skeleton_planner.h:170] Found solution in: 11
I20260909 04:38:23.202374   171 skeleton_planner.h:170] Found solution in: 12
I20260909 04:38:23.202414   171 skeleton_planner.h:170] Found solution in: 10
I20260909 04:38:23.202438   171 skeleton_planner.h:170] Found solution in: 6
I20260909 04:38:23.202458   171 skeleton_planner.h:170] Found solution in: 6
I20260909 04:38:23.202513   171 skeleton_planner.h:170] Found solution in: 17
I20260909 04:38:23.202555   171 skeleton_planner.h:170] Found solution in: 9
I20260909 04:38:23.202582   171 skeleton_planner.h:170] Found solution in: 6
I20260909 04:38:23.202595   171 skeleton_planner.h:170] Found solution in: 4
I20260909 04:38:23.202600   171 skeleton_planner.h:170] Found solution in: 1
I20260909 04:38:23.202603   171 skeleton_planner.h:170] Found solution in: 1
I20260909 04:38:23.202607   171 skeleton_planner.h:170] Found solution in: 1
I20260909 04:38:23.202620   171 skeleton_planner.h:170] Found solution in: 4
I20260909 04:38:23.202632   171 skeleton_planner.h:170] Found solution in: 4
I20260909 04:38:23.202656   171 skeleton_planner.h:170] Found solution in: 7
I20260909 04:38:23.202672   171 skeleton_planner.h:170] Found solution in: 4
I20260909 04:38:23.202751   171 skeleton_planner.h:170] Found solution in: 24
I20260909 04:38:23.202768   171 skeleton_planner.h:170] Found solution in: 3
I20260909 04:38:23.202813   171 skeleton_planner.h:170] Found solution in: 13
I20260909 04:38:23.202833   171 skeleton_planner.h:170] Found solution in: 7
I20260909 04:38:23.202857   171 skeleton_planner.h:170] Found solution in: 9
I20260909 04:38:23.202878   171 skeleton_planner.h:170] Found solution in: 9
I20260909 04:38:23.202903   171 skeleton_planner.h:170] Found solution in: 11
I20260909 04:38:23.203095   171 skeleton_planner.h:170] Found solution in: 62
I20260909 04:38:23.203146   171 skeleton_planner.h:170] Found solution in: 13
I20260909 04:38:23.203156   171 skeleton_planner.h:170] Found solution in: 2
I20260909 04:38:23.203176   171 skeleton_planner.h:170] Found solution in: 7
I20260909 04:38:23.203215   171 skeleton_planner.h:170] Found solution in: 14
I20260909 04:38:23.203222   171 skeleton_planner.h:170] Found solution in: 1
I20260909 04:38:23.203243   171 skeleton_planner.h:170] Found solution in: 7
I20260909 04:38:23.203253   171 skeleton_planner.h:170] Found solution in: 3
I20260909 04:38:23.203271   171 skeleton_planner.h:170] Found solution in: 7
I20260909 04:38:23.203289   171 skeleton_planner.h:170] Found solution in: 6
I20260909 04:38:23.203310   171 skeleton_planner.h:170] Found solution in: 6
I20260909 04:38:23.203334   171 skeleton_planner.h:170] Found solution in: 8
I20260909 04:38:23.203356   171 skeleton_planner.h:170] Found solution in: 7
I20260909 04:38:23.203408   171 skeleton_planner.h:170] Found solution in: 16
I20260909 04:38:23.203433   171 skeleton_planner.h:170] Found solution in: 5
I20260909 04:38:23.203461   171 skeleton_planner.h:170] Found solution in: 11
I20260909 04:38:23.203609   171 skeleton_planner.h:170] Found solution in: 48
I20260909 04:38:23.203634   171 skeleton_planner.h:170] Found solution in: 5
I20260909 04:38:23.203642   171 skeleton_planner.h:170] Found solution in: 2
I20260909 04:38:23.203676   171 skeleton_planner.h:170] Found solution in: 10
I20260909 04:38:23.203703   171 skeleton_planner.h:170] Found solution in: 11
I20260909 04:38:23.203743   171 skeleton_planner.h:170] Found solution in: 14
I20260909 04:38:23.203760   171 skeleton_planner.h:170] Found solution in: 5
I20260909 04:38:23.203797   171 skeleton_planner.h:170] Found solution in: 13
I20260909 04:38:23.203814   171 skeleton_planner.h:170] Found solution in: 4
I20260909 04:38:23.203836   171 skeleton_planner.h:170] Found solution in: 7
I20260909 04:38:23.203858   171 skeleton_planner.h:170] Found solution in: 6
I20260909 04:38:23.203874   171 skeleton_planner.h:170] Found solution in: 4
I20260909 04:38:23.203886   171 skeleton_planner.h:170] Found solution in: 3
I20260909 04:38:23.203915   171 skeleton_planner.h:170] Found solution in: 12
I20260909 04:38:23.203928   171 skeleton_planner.h:170] Found solution in: 3
I20260909 04:38:23.203949   171 skeleton_planner.h:170] Found solution in: 7
I20260909 04:38:23.203962   171 skeleton_planner.h:170] Found solution in: 4
I20260909 04:38:23.203972   171 skeleton_planner.h:170] Found solution in: 3
I20260909 04:38:23.203996   171 skeleton_planner.h:170] Found solution in: 7
I20260909 04:38:23.204015   171 skeleton_planner.h:170] Found solution in: 5
I20260909 04:38:23.204033   171 skeleton_planner.h:170] Found solution in: 6
I20260909 04:38:23.204046   171 skeleton_planner.h:170] Found solution in: 3
I20260909 04:38:23.204056   171 skeleton_planner.h:170] Found solution in: 3
I20260909 04:38:23.204066   171 skeleton_planner.h:170] Found solution in: 3
I20260909 04:38:23.204082   171 skeleton_planner.h:170] Found solution in: 6
I20260909 04:38:23.204095   171 skeleton_planner.h:170] Found solution in: 4
I20260909 04:38:23.204116   171 skeleton_planner.h:170] Found solution in: 6
I20260909 04:38:23.204135   171 skeleton_planner.h:170] Found solution in: 6
I20260909 04:38:23.204149   171 skeleton_planner.h:170] Found solution in: 4
I20260909 04:38:23.204172   171 skeleton_planner.h:170] Found solution in: 8
I20260909 04:38:23.204185   171 skeleton_planner.h:170] Found solution in: 2
I20260909 04:38:23.204195   171 skeleton_planner.h:170] Found solution in: 3
I20260909 04:38:23.204210   171 skeleton_planner.h:170] Found solution in: 5
I20260909 04:38:23.204223   171 skeleton_planner.h:170] Found solution in: 4
I20260909 04:38:23.204234   171 skeleton_planner.h:170] Found solution in: 3
I20260909 04:38:23.204263   171 skeleton_planner.h:170] Found solution in: 12
I20260909 04:38:23.204274   171 skeleton_planner.h:170] Found solution in: 3
I20260909 04:38:23.204279   171 skeleton_planner.h:170] Found solution in: 1
I20260909 04:38:23.204282   171 skeleton_planner.h:170] Found solution in: 1
I20260909 04:38:23.204305   171 skeleton_planner.h:170] Found solution in: 8
I20260909 04:38:23.204314   171 skeleton_planner.h:170] Found solution in: 1
I20260909 04:38:23.204336   171 skeleton_planner.h:170] Found solution in: 9
I20260909 04:38:23.204349   171 skeleton_planner.h:170] Found solution in: 4
I20260909 04:38:23.204362   171 skeleton_planner.h:170] Found solution in: 4
I20260909 04:38:23.204380   171 skeleton_planner.h:170] Found solution in: 5
I20260909 04:38:23.204388   171 skeleton_planner.h:170] Found solution in: 2
I20260909 04:38:23.204411   171 skeleton_planner.h:170] Found solution in: 9
I20260909 04:38:23.204424   171 skeleton_planner.h:170] Found solution in: 4
I20260909 04:38:23.204447   171 skeleton_planner.h:170] Found solution in: 6
I20260909 04:38:23.204463   171 skeleton_planner.h:170] Found solution in: 4
I20260909 04:38:23.204480   171 skeleton_planner.h:170] Found solution in: 6
I20260909 04:38:23.204491   171 skeleton_planner.h:170] Found solution in: 3
I20260909 04:38:23.204504   171 skeleton_planner.h:170] Found solution in: 4
I20260909 04:38:23.204514   171 skeleton_planner.h:170] Found solution in: 3
I20260909 04:38:23.204532   171 skeleton_planner.h:170] Found solution in: 6
I20260909 04:38:23.204568   171 skeleton_planner.h:170] Found solution in: 10
I20260909 04:38:23.204596   171 skeleton_planner.h:170] Found solution in: 8
I20260909 04:38:23.204602   171 skeleton_planner.h:170] Found solution in: 1
I20260909 04:38:23.204613   171 skeleton_planner.h:170] Found solution in: 5
I20260909 04:38:23.204618   171 skeleton_planner.h:170] Found solution in: 1
I20260909 04:38:23.204622   171 skeleton_planner.h:170] Found solution in: 1
I20260909 04:38:23.204698   171 skeleton_planner.h:170] Found solution in: 42
I20260909 04:38:23.204710   171 skeleton_planner.h:170] Found solution in: 3
I20260909 04:38:23.204746   171 skeleton_planner.h:170] Found solution in: 12
I20260909 04:38:23.204792   171 skeleton_planner.h:170] Found solution in: 18
I20260909 04:38:23.204835   171 skeleton_planner.h:170] Found solution in: 16
I20260909 04:38:23.204878   171 skeleton_planner.h:170] Found solution in: 16
I20260909 04:38:23.204921   171 skeleton_planner.h:170] Found solution in: 16
I20260909 04:38:23.204949   171 skeleton_planner.h:170] Found solution in: 9
I20260909 04:38:23.204967   171 skeleton_planner.h:170] Found solution in: 5
I20260909 04:38:23.204979   171 skeleton_planner.h:170] Found solution in: 3
I20260909 04:38:23.204994   171 skeleton_planner.h:170] Found solution in: 4
I20260909 04:38:23.205019   171 skeleton_planner.h:170] Found solution in: 9
I20260909 04:38:23.205049   171 skeleton_planner.h:170] Found solution in: 10
I20260909 04:38:23.205068   171 skeleton_planner.h:170] Found solution in: 5
I20260909 04:38:23.205420   171 skeleton_planner.h:170] Found solution in: 97
I20260909 04:38:23.205448   171 skeleton_planner.h:170] Found solution in: 4
I20260909 04:38:23.205696   171 skeleton_planner.h:170] Found solution in: 24
I20260909 04:38:23.205726   171 skeleton_planner.h:170] Found solution in: 9
I20260909 04:38:23.205741   171 skeleton_planner.h:170] Found solution in: 6
I20260909 04:38:23.205763   171 skeleton_planner.h:170] Found solution in: 9
I20260909 04:38:23.205783   171 skeleton_planner.h:170] Found solution in: 7
I20260909 04:38:23.205937   171 skeleton_planner.h:170] Found solution in: 68
I20260909 04:38:23.205955   171 skeleton_planner.h:170] Found solution in: 2
I20260909 04:38:23.205984   171 skeleton_planner.h:170] Found solution in: 7
I20260909 04:38:23.206168   171 skeleton_planner.h:170] Found solution in: 82
I20260909 04:38:23.206256   171 skeleton_planner.h:170] Found solution in: 22
I20260909 04:38:23.206276   171 skeleton_planner.h:170] Found solution in: 5
I20260909 04:38:23.206308   171 skeleton_planner.h:170] Found solution in: 9
I20260909 04:38:23.206328   171 skeleton_planner.h:170] Found solution in: 6
I20260909 04:38:23.206337   171 skeleton_planner.h:170] Found solution in: 2
I20260909 04:38:23.206357   171 skeleton_planner.h:170] Found solution in: 6
I20260909 04:38:23.206370   171 skeleton_planner.h:170] Found solution in: 3
I20260909 04:38:23.206386   171 skeleton_planner.h:170] Found solution in: 6
I20260909 04:38:23.206398   171 skeleton_planner.h:170] Found solution in: 3
I20260909 04:38:23.206413   171 skeleton_planner.h:170] Found solution in: 4
I20260909 04:38:23.206430   171 skeleton_planner.h:170] Found solution in: 5
I20260909 04:38:23.206455   171 skeleton_planner.h:170] Found solution in: 9
I20260909 04:38:23.206472   171 skeleton_planner.h:170] Found solution in: 5
I20260909 04:38:23.206492   171 skeleton_planner.h:170] Found solution in: 6
I20260909 04:38:23.206521   171 skeleton_planner.h:170] Found solution in: 8
I20260909 04:38:23.206529   171 skeleton_planner.h:170] Found solution in: 2
I20260909 04:38:23.206533   171 skeleton_planner.h:170] Found solution in: 1
I20260909 04:38:23.206537   171 skeleton_planner.h:170] Found solution in: 1
I20260909 04:38:23.206545   171 skeleton_planner.h:170] Found solution in: 3
I20260909 04:38:23.206550   171 skeleton_planner.h:170] Found solution in: 1
I20260909 04:38:23.206563   171 skeleton_planner.h:170] Found solution in: 6
I20260909 04:38:23.206596   171 skeleton_planner.h:170] Found solution in: 10
I20260909 04:38:23.206610   171 skeleton_planner.h:170] Found solution in: 4
I20260909 04:38:23.206630   171 skeleton_planner.h:170] Found solution in: 6
I20260909 04:38:23.206643   171 skeleton_planner.h:170] Found solution in: 4
I20260909 04:38:23.206655   171 skeleton_planner.h:170] Found solution in: 4
I20260909 04:38:23.206666   171 skeleton_planner.h:170] Found solution in: 3
I20260909 04:38:23.206676   171 skeleton_planner.h:170] Found solution in: 3
I20260909 04:38:23.206689   171 skeleton_planner.h:170] Found solution in: 5
I20260909 04:38:23.206707   171 skeleton_planner.h:170] Found solution in: 5
I20260909 04:38:23.206720   171 skeleton_planner.h:170] Found solution in: 4
I20260909 04:38:23.206732   171 skeleton_planner.h:170] Found solution in: 3
I20260909 04:38:23.206745   171 skeleton_planner.h:170] Found solution in: 5
I20260909 04:38:23.206763   171 skeleton_planner.h:170] Found solution in: 6
I20260909 04:38:23.206770   171 skeleton_planner.h:170] Found solution in: 2
I20260909 04:38:23.206792   171 skeleton_planner.h:170] Found solution in: 7
I20260909 04:38:23.206810   171 skeleton_planner.h:170] Found solution in: 5
I20260909 04:38:23.206830   171 skeleton_planner.h:170] Found solution in: 6
I20260909 04:38:23.206851   171 skeleton_planner.h:170] Found solution in: 6
I20260909 04:38:23.206868   171 skeleton_planner.h:170] Found solution in: 4
I20260909 04:38:23.206888   171 skeleton_planner.h:170] Found solution in: 7
I20260909 04:38:23.206909   171 skeleton_planner.h:170] Found solution in: 6
I20260909 04:38:23.206924   171 skeleton_planner.h:170] Found solution in: 4
I20260909 04:38:23.206943   171 skeleton_planner.h:170] Found solution in: 6
I20260909 04:38:23.206955   171 skeleton_planner.h:170] Found solution in: 3
I20260909 04:38:23.206966   171 skeleton_planner.h:170] Found solution in: 3
I20260909 04:38:23.206984   171 skeleton_planner.h:170] Found solution in: 5
I20260909 04:38:23.207006   171 skeleton_planner.h:170] Found solution in: 6
I20260909 04:38:23.207020   171 skeleton_planner.h:170] Found solution in: 4
I20260909 04:38:23.207053   171 skeleton_planner.h:170] Found solution in: 9
I20260909 04:38:23.207089   171 skeleton_planner.h:170] Found solution in: 8
I20260909 04:38:23.207118   171 skeleton_planner.h:170] Found solution in: 8
I20260909 04:38:23.207134   171 skeleton_planner.h:170] Found solution in: 4
I20260909 04:38:23.207154   171 skeleton_planner.h:170] Found solution in: 7
I20260909 04:38:23.207166   171 skeleton_planner.h:170] Found solution in: 3
I20260909 04:38:23.207190   171 skeleton_planner.h:170] Found solution in: 8
I20260909 04:38:23.207199   171 skeleton_planner.h:170] Found solution in: 2
I20260909 04:38:23.207226   171 skeleton_planner.h:170] Found solution in: 8
I20260909 04:38:23.207237   171 skeleton_planner.h:170] Found solution in: 3
I20260909 04:38:23.207261   171 skeleton_planner.h:170] Found solution in: 8
I20260909 04:38:23.207289   171 skeleton_planner.h:170] Found solution in: 9
I20260909 04:38:23.207304   171 skeleton_planner.h:170] Found solution in: 4
I20260909 04:38:23.207336   171 skeleton_planner.h:170] Found solution in: 9
I20260909 04:38:23.207353   171 skeleton_planner.h:170] Found solution in: 5
I20260909 04:38:23.207377   171 skeleton_planner.h:170] Found solution in: 8
I20260909 04:38:23.207401   171 skeleton_planner.h:170] Found solution in: 7
I20260909 04:38:23.207412   171 skeleton_planner.h:170] Found solution in: 3
I20260909 04:38:23.207423   171 skeleton_planner.h:170] Found solution in: 3
I20260909 04:38:23.207448   171 skeleton_planner.h:170] Found solution in: 7
I20260909 04:38:23.207489   171 skeleton_planner.h:170] Found solution in: 11
I20260909 04:38:23.207499   171 skeleton_planner.h:170] Found solution in: 2
I20260909 04:38:23.207511   171 skeleton_planner.h:170] Found solution in: 3
I20260909 04:38:23.207521   171 skeleton_planner.h:170] Found solution in: 3
I20260909 04:38:23.207548   171 skeleton_planner.h:170] Found solution in: 7
I20260909 04:38:23.207561   171 skeleton_planner.h:170] Found solution in: 3
I20260909 04:38:23.207587   171 skeleton_planner.h:170] Found solution in: 7
I20260909 04:38:23.207608   171 skeleton_planner.h:170] Found solution in: 6
I20260909 04:38:23.207629   171 skeleton_planner.h:170] Found solution in: 7
I20260909 04:38:23.207648   171 skeleton_planner.h:170] Found solution in: 5
I20260909 04:38:23.207665   171 skeleton_planner.h:170] Found solution in: 5
I20260909 04:38:23.207695   171 skeleton_planner.h:170] Found solution in: 11
I20260909 04:38:23.207710   171 skeleton_planner.h:170] Found solution in: 4
I20260909 04:38:23.207743   171 skeleton_planner.h:170] Found solution in: 12
I20260909 04:38:23.207787   171 skeleton_planner.h:170] Found solution in: 15
I20260909 04:38:23.207823   171 skeleton_planner.h:170] Found solution in: 10
I20260909 04:38:23.207834   171 skeleton_planner.h:170] Found solution in: 3
I20260909 04:38:23.207857   171 skeleton_planner.h:170] Found solution in: 9
I20260909 04:38:23.207863   171 skeleton_planner.h:170] Found solution in: 1
I20260909 04:38:23.207876   171 skeleton_planner.h:170] Found solution in: 5
I20260909 04:38:23.207894   171 skeleton_planner.h:170] Found solution in: 6
I20260909 04:38:23.207908   171 skeleton_planner.h:170] Found solution in: 4
I20260909 04:38:23.207918   171 skeleton_planner.h:170] Found solution in: 3
I20260909 04:38:23.207989   171 skeleton_planner.h:170] Found solution in: 32
I20260909 04:38:23.208005   171 skeleton_planner.h:170] Found solution in: 3
I20260909 04:38:23.208124   171 skeleton_planner.h:170] Found solution in: 46
I20260909 04:38:23.208144   171 skeleton_planner.h:170] Found solution in: 4
I20260909 04:38:23.208159   171 skeleton_planner.h:170] Found solution in: 5
I20260909 04:38:23.208187   171 skeleton_planner.h:170] Found solution in: 5
I20260909 04:38:23.208217   171 skeleton_planner.h:170] Found solution in: 12
I20260909 04:38:23.208231   171 skeleton_planner.h:170] Found solution in: 4
I20260909 04:38:23.208243   171 skeleton_planner.h:170] Found solution in: 3
I20260909 04:38:23.208274   171 skeleton_planner.h:170] Found solution in: 10
I20260909 04:38:23.208287   171 skeleton_planner.h:170] Found solution in: 3
I20260909 04:38:23.208302   171 skeleton_planner.h:170] Found solution in: 5
I20260909 04:38:23.208333   171 skeleton_planner.h:170] Found solution in: 8
I20260909 04:38:23.208351   171 skeleton_planner.h:170] Found solution in: 6
I20260909 04:38:23.208364   171 skeleton_planner.h:170] Found solution in: 4
I20260909 04:38:23.208428   171 skeleton_planner.h:170] Found solution in: 31
I20260909 04:38:23.208441   171 skeleton_planner.h:170] Found solution in: 2
I20260909 04:38:23.208444   171 skeleton_planner.h:170] Found solution in: 1
I20260909 04:38:23.208447   171 skeleton_planner.h:170] Found solution in: 1
I20260909 04:38:23.208457   171 skeleton_planner.h:170] Found solution in: 4
I20260909 04:38:23.208467   171 skeleton_planner.h:170] Found solution in: 3
I20260909 04:38:23.208472   171 skeleton_planner.h:170] Found solution in: 1
I20260909 04:38:23.208480   171 skeleton_planner.h:170] Found solution in: 4
I20260909 04:38:23.208488   171 skeleton_planner.h:170] Found solution in: 3
I20260909 04:38:23.208492   171 skeleton_planner.h:170] Found solution in: 1
I20260909 04:38:23.208494   171 skeleton_planner.h:170] Found solution in: 1
I20260909 04:38:23.208498   171 skeleton_planner.h:170] Found solution in: 1
I20260909 04:38:23.208508   171 skeleton_planner.h:170] Found solution in: 3
I20260909 04:38:23.208536   171 skeleton_planner.h:170] Found solution in: 8
I20260909 04:38:23.208555   171 skeleton_planner.h:170] Found solution in: 5
I20260909 04:38:23.208576   171 skeleton_planner.h:170] Found solution in: 6
I20260909 04:38:23.208600   171 skeleton_planner.h:170] Found solution in: 7
I20260909 04:38:23.208624   171 skeleton_planner.h:170] Found solution in: 7
I20260909 04:38:23.208652   171 skeleton_planner.h:170] Found solution in: 8
I20260909 04:38:23.208666   171 skeleton_planner.h:170] Found solution in: 3
I20260909 04:38:23.208703   171 skeleton_planner.h:170] Found solution in: 10
I20260909 04:38:23.208745   171 skeleton_planner.h:170] Found solution in: 11
I20260909 04:38:23.208752   171 skeleton_planner.h:170] Found solution in: 1
I20260909 04:38:23.208775   171 skeleton_planner.h:170] Found solution in: 7
I20260909 04:38:23.208797   171 skeleton_planner.h:170] Found solution in: 7
I20260909 04:38:23.208815   171 skeleton_planner.h:170] Found solution in: 5
I20260909 04:38:23.208828   171 skeleton_planner.h:170] Found solution in: 4
I20260909 04:38:23.208850   171 skeleton_planner.h:170] Found solution in: 8
I20260909 04:38:23.208868   171 skeleton_planner.h:170] Found solution in: 5
I20260909 04:38:23.208890   171 skeleton_planner.h:170] Found solution in: 9
I20260909 04:38:23.208925   171 skeleton_planner.h:170] Found solution in: 13
I20260909 04:38:23.208954   171 skeleton_planner.h:170] Found solution in: 9
I20260909 04:38:23.208976   171 skeleton_planner.h:170] Found solution in: 6
I20260909 04:38:23.208992   171 skeleton_planner.h:170] Found solution in: 4
I20260909 04:38:23.209012   171 skeleton_planner.h:170] Found solution in: 6
I20260909 04:38:23.209025   171 skeleton_planner.h:170] Found solution in: 4
I20260909 04:38:23.209048   171 skeleton_planner.h:170] Found solution in: 7
I20260909 04:38:23.209070   171 skeleton_planner.h:170] Found solution in: 7
I20260909 04:38:23.209098   171 skeleton_planner.h:170] Found solution in: 9
I20260909 04:38:23.209129   171 skeleton_planner.h:170] Found solution in: 9
I20260909 04:38:23.209170   171 skeleton_planner.h:170] Found solution in: 11
I20260909 04:38:23.209200   171 skeleton_planner.h:170] Found solution in: 8
I20260909 04:38:23.209209   171 skeleton_planner.h:170] Found solution in: 2
I20260909 04:38:23.209232   171 skeleton_planner.h:170] Found solution in: 9
I20260909 04:38:23.209259   171 skeleton_planner.h:170] Found solution in: 12
I20260909 04:38:23.209275   171 skeleton_planner.h:170] Found solution in: 5
I20260909 04:38:23.209303   171 skeleton_planner.h:170] Found solution in: 12
I20260909 04:38:23.209317   171 skeleton_planner.h:170] Found solution in: 4
I20260909 04:38:23.209326   171 skeleton_planner.h:170] Found solution in: 3
I20260909 04:38:23.209338   171 skeleton_planner.h:170] Found solution in: 4
I20260909 04:38:23.209345   171 skeleton_planner.h:170] Found solution in: 2
I20260909 04:38:23.209348   171 skeleton_planner.h:170] Found solution in: 1
I20260909 04:38:23.209369   171 skeleton_planner.h:170] Found solution in: 8
I20260909 04:38:23.209375   171 skeleton_planner.h:170] Found solution in: 1
I20260909 04:38:23.209393   171 skeleton_planner.h:170] Found solution in: 7
I20260909 04:38:23.209406   171 skeleton_planner.h:170] Found solution in: 4
I20260909 04:38:23.209422   171 skeleton_planner.h:170] Found solution in: 7
I20260909 04:38:23.209450   171 skeleton_planner.h:170] Found solution in: 13
I20260909 04:38:23.209465   171 skeleton_planner.h:170] Found solution in: 6
I20260909 04:38:23.209483   171 skeleton_planner.h:170] Found solution in: 8
I20260909 04:38:23.209532   171 skeleton_planner.h:170] Found solution in: 20
I20260909 04:38:23.209558   171 skeleton_planner.h:170] Found solution in: 9
I20260909 04:38:23.209649   171 skeleton_planner.h:170] Found solution in: 40
I20260909 04:38:23.209695   171 skeleton_planner.h:170] Found solution in: 14
I20260909 04:38:23.209753   171 skeleton_planner.h:170] Found solution in: 22
I20260909 04:38:23.209833   171 skeleton_planner.h:170] Found solution in: 31
I20260909 04:38:23.209878   171 skeleton_planner.h:170] Found solution in: 12
I20260909 04:38:23.209888   171 skeleton_planner.h:170] Found solution in: 2
I20260909 04:38:23.209908   171 skeleton_planner.h:170] Found solution in: 5
I20260909 04:38:23.209923   171 skeleton_planner.h:170] Found solution in: 5
I20260909 04:38:23.209930   171 skeleton_planner.h:170] Found solution in: 2
I20260909 04:38:23.209952   171 skeleton_planner.h:170] Found solution in: 7
I20260909 04:38:23.209976   171 skeleton_planner.h:170] Found solution in: 7
I20260909 04:38:23.210001   171 skeleton_planner.h:170] Found solution in: 8
I20260909 04:38:23.210062   171 skeleton_planner.h:170] Found solution in: 17
I20260909 04:38:23.210098   171 skeleton_planner.h:170] Found solution in: 8
I20260909 04:38:23.210124   171 skeleton_planner.h:170] Found solution in: 8
I20260909 04:38:23.210141   171 skeleton_planner.h:170] Found solution in: 5
I20260909 04:38:23.210156   171 skeleton_planner.h:170] Found solution in: 5
I20260909 04:38:23.210173   171 skeleton_planner.h:170] Found solution in: 5
I20260909 04:38:23.210191   171 skeleton_planner.h:170] Found solution in: 5
I20260909 04:38:23.210204   171 skeleton_planner.h:170] Found solution in: 4
I20260909 04:38:23.210216   171 skeleton_planner.h:170] Found solution in: 4
I20260909 04:38:23.210240   171 skeleton_planner.h:170] Found solution in: 8
I20260909 04:38:23.210246   171 skeleton_planner.h:170] Found solution in: 1
I20260909 04:38:23.210268   171 skeleton_planner.h:170] Found solution in: 7
I20260909 04:38:23.210284   171 skeleton_planner.h:170] Found solution in: 4
I20260909 04:38:23.210314   171 skeleton_planner.h:170] Found solution in: 10
I20260909 04:38:23.210326   171 skeleton_planner.h:170] Found solution in: 3
I20260909 04:38:23.210331   171 skeleton_planner.h:170] Found solution in: 1
I20260909 04:38:23.210342   171 skeleton_planner.h:170] Found solution in: 5
I20260909 04:38:23.210356   171 skeleton_planner.h:170] Found solution in: 7
I20260909 04:38:23.210371   171 skeleton_planner.h:170] Found solution in: 7
I20260909 04:38:23.210397   171 skeleton_planner.h:170] Found solution in: 10
I20260909 04:38:23.210408   171 skeleton_planner.h:170] Found solution in: 4
I20260909 04:38:23.210427   171 skeleton_planner.h:170] Found solution in: 8
I20260909 04:38:23.210440   171 skeleton_planner.h:170] Found solution in: 5
I20260909 04:38:23.210457   171 skeleton_planner.h:170] Found solution in: 6
I20260909 04:38:23.210587   171 skeleton_planner.h:170] Found solution in: 51
I20260909 04:38:23.210625   171 skeleton_planner.h:170] Found solution in: 9
I20260909 04:38:23.210639   171 skeleton_planner.h:170] Found solution in: 4
I20260909 04:38:23.210752   171 skeleton_planner.h:170] Found solution in: 50
I20260909 04:38:23.210788   171 skeleton_planner.h:170] Found solution in: 6
I20260909 04:38:23.210808   171 skeleton_planner.h:170] Found solution in: 5
I20260909 04:38:23.210820   171 skeleton_planner.h:170] Found solution in: 4
I20260909 04:38:23.210862   171 skeleton_planner.h:170] Found solution in: 14
I20260909 04:38:23.210877   171 skeleton_planner.h:170] Found solution in: 3
I20260909 04:38:23.210903   171 skeleton_planner.h:170] Found solution in: 7
I20260909 04:38:23.210923   171 skeleton_planner.h:170] Found solution in: 5
I20260909 04:38:23.210954   171 skeleton_planner.h:170] Found solution in: 8
I20260909 04:38:23.210983   171 skeleton_planner.h:170] Found solution in: 8
I20260909 04:38:23.210995   171 skeleton_planner.h:170] Found solution in: 3
I20260909 04:38:23.211002   171 skeleton_planner.h:170] Found solution in: 2
I20260909 04:38:23.211038   171 skeleton_planner.h:170] Found solution in: 12
I20260909 04:38:23.211063   171 skeleton_planner.h:170] Found solution in: 5
I20260909 04:38:23.211087   171 skeleton_planner.h:170] Found solution in: 8
I20260909 04:38:23.211113   171 skeleton_planner.h:170] Found solution in: 8
I20260909 04:38:23.211133   171 skeleton_planner.h:170] Found solution in: 5
I20260909 04:38:23.211144   171 skeleton_planner.h:170] Found solution in: 3
I20260909 04:38:23.211170   171 skeleton_planner.h:170] Found solution in: 7
I20260909 04:38:23.211184   171 skeleton_planner.h:170] Found solution in: 4
I20260909 04:38:23.211194   171 skeleton_planner.h:170] Found solution in: 3
I20260909 04:38:23.211210   171 skeleton_planner.h:170] Found solution in: 5
I20260909 04:38:23.211222   171 skeleton_planner.h:170] Found solution in: 5
I20260909 04:38:23.211238   171 skeleton_planner.h:170] Found solution in: 4
I20260909 04:38:23.211261   171 skeleton_planner.h:170] Found solution in: 6
I20260909 04:38:23.211283   171 skeleton_planner.h:170] Found solution in: 7
I20260909 04:38:23.211299   171 skeleton_planner.h:170] Found solution in: 4
I20260909 04:38:23.211316   171 skeleton_planner.h:170] Found solution in: 5
I20260909 04:38:23.211325   171 skeleton_planner.h:170] Found solution in: 2
I20260909 04:38:23.211330   171 skeleton_planner.h:170] Found solution in: 1
I20260909 04:38:23.211333   171 skeleton_planner.h:170] Found solution in: 1
I20260909 04:38:23.211344   171 skeleton_planner.h:170] Found solution in: 4
I20260909 04:38:23.211356   171 skeleton_planner.h:170] Found solution in: 4
I20260909 04:38:23.211373   171 skeleton_planner.h:170] Found solution in: 5
I20260909 04:38:23.211391   171 skeleton_planner.h:170] Found solution in: 5
I20260909 04:38:23.211405   171 skeleton_planner.h:170] Found solution in: 4
I20260909 04:38:23.211429   171 skeleton_planner.h:170] Found solution in: 9
I20260909 04:38:23.211447   171 skeleton_planner.h:170] Found solution in: 5
I20260909 04:38:23.211460   171 skeleton_planner.h:170] Found solution in: 4
I20260909 04:38:23.211485   171 skeleton_planner.h:170] Found solution in: 10
I20260909 04:38:23.211503   171 skeleton_planner.h:170] Found solution in: 4
I20260909 04:38:23.211514   171 skeleton_planner.h:170] Found solution in: 3
I20260909 04:38:23.211532   171 skeleton_planner.h:170] Found solution in: 6
I20260909 04:38:23.211561   171 skeleton_planner.h:170] Found solution in: 10
I20260909 04:38:23.211581   171 skeleton_planner.h:170] Found solution in: 5
I20260909 04:38:23.211592   171 skeleton_planner.h:170] Found solution in: 3
I20260909 04:38:23.211606   171 skeleton_planner.h:170] Found solution in: 5
I20260909 04:38:23.211615   171 skeleton_planner.h:170] Found solution in: 3
I20260909 04:38:23.211629   171 skeleton_planner.h:170] Found solution in: 6
I20260909 04:38:23.211642   171 skeleton_planner.h:170] Found solution in: 4
I20260909 04:38:23.211651   171 skeleton_planner.h:170] Found solution in: 3
I20260909 04:38:23.211663   171 skeleton_planner.h:170] Found solution in: 5
I20260909 04:38:23.211673   171 skeleton_planner.h:170] Found solution in: 3
I20260909 04:38:23.211678   171 skeleton_planner.h:170] Found solution in: 1
I20260909 04:38:23.211681   171 skeleton_planner.h:170] Found solution in: 1
I20260909 04:38:23.211684   171 skeleton_planner.h:170] Found solution in: 1
I20260909 04:38:23.211687   171 skeleton_planner.h:170] Found solution in: 1
I20260909 04:38:23.211694   171 skeleton_planner.h:170] Found solution in: 2
I20260909 04:38:23.211707   171 skeleton_planner.h:170] Found solution in: 4
I20260909 04:38:23.211725   171 skeleton_planner.h:170] Found solution in: 6
I20260909 04:38:23.211740   171 skeleton_planner.h:170] Found solution in: 4
I20260909 04:38:23.211750   171 skeleton_planner.h:170] Found solution in: 3
I20260909 04:38:23.211758   171 skeleton_planner.h:170] Found solution in: 2
I20260909 04:38:23.211776   171 skeleton_planner.h:170] Found solution in: 6
I20260909 04:38:23.211786   171 skeleton_planner.h:170] Found solution in: 3
I20260909 04:38:23.211798   171 skeleton_planner.h:170] Found solution in: 3
I20260909 04:38:23.211810   171 skeleton_planner.h:170] Found solution in: 4
I20260909 04:38:23.211833   171 skeleton_planner.h:170] Found solution in: 7
I20260909 04:38:23.211859   171 skeleton_planner.h:170] Found solution in: 9
I20260909 04:38:23.211889   171 skeleton_planner.h:170] Found solution in: 10
I20260909 04:38:23.211908   171 skeleton_planner.h:170] Found solution in: 6
I20260909 04:38:23.211920   171 skeleton_planner.h:170] Found solution in: 3
I20260909 04:38:23.211939   171 skeleton_planner.h:170] Found solution in: 6
I20260909 04:38:23.211964   171 skeleton_planner.h:170] Found solution in: 8
I20260909 04:38:23.211988   171 skeleton_planner.h:170] Found solution in: 7
I20260909 04:38:23.212007   171 skeleton_planner.h:170] Found solution in: 6
I20260909 04:38:23.212031   171 skeleton_planner.h:170] Found solution in: 10
I20260909 04:38:23.212042   171 skeleton_planner.h:170] Found solution in: 3
I20260909 04:38:23.212066   171 skeleton_planner.h:170] Found solution in: 8
I20260909 04:38:23.212080   171 skeleton_planner.h:170] Found solution in: 4
I20260909 04:38:23.212110   171 skeleton_planner.h:170] Found solution in: 10
I20260909 04:38:23.212126   171 skeleton_planner.h:170] Found solution in: 4
I20260909 04:38:23.212141   171 skeleton_planner.h:170] Found solution in: 5
I20260909 04:38:23.212149   171 skeleton_planner.h:170] Found solution in: 2
I20260909 04:38:23.212184   171 skeleton_planner.h:170] Found solution in: 15
I20260909 04:38:23.212227   171 skeleton_planner.h:170] Found solution in: 14
I20260909 04:38:23.212265   171 skeleton_planner.h:170] Found solution in: 13
I20260909 04:38:23.212280   171 skeleton_planner.h:170] Found solution in: 5
I20260909 04:38:23.212368   171 skeleton_planner.h:170] Found solution in: 38
I20260909 04:38:23.212386   171 skeleton_planner.h:170] Found solution in: 4
I20260909 04:38:23.212419   171 skeleton_planner.h:170] Found solution in: 10
I20260909 04:38:23.212440   171 skeleton_planner.h:170] Found solution in: 5
I20260909 04:38:23.212450   171 skeleton_planner.h:170] Found solution in: 3
I20260909 04:38:23.212459   171 skeleton_planner.h:170] Found solution in: 2
I20260909 04:38:23.212482   171 skeleton_planner.h:170] Found solution in: 8
I20260909 04:38:23.212504   171 skeleton_planner.h:170] Found solution in: 7
I20260909 04:38:23.212522   171 skeleton_planner.h:170] Found solution in: 5
I20260909 04:38:23.212536   171 skeleton_planner.h:170] Found solution in: 4
I20260909 04:38:23.212564   171 skeleton_planner.h:170] Found solution in: 10
I20260909 04:38:23.212582   171 skeleton_planner.h:170] Found solution in: 5
I20260909 04:38:23.212601   171 skeleton_planner.h:170] Found solution in: 6
I20260909 04:38:23.212623   171 skeleton_planner.h:170] Found solution in: 7
I20260909 04:38:23.212689   171 skeleton_planner.h:170] Found solution in: 20
I20260909 04:38:23.212736   171 skeleton_planner.h:170] Found solution in: 12
I20260909 04:38:23.212776   171 skeleton_planner.h:170] Found solution in: 11
I20260909 04:38:23.212791   171 skeleton_planner.h:170] Found solution in: 4
I20260909 04:38:23.212826   171 skeleton_planner.h:170] Found solution in: 9
I20260909 04:38:23.212867   171 skeleton_planner.h:170] Found solution in: 11
I20260909 04:38:23.212894   171 skeleton_planner.h:170] Found solution in: 7
I20260909 04:38:23.212908   171 skeleton_planner.h:170] Found solution in: 4
I20260909 04:38:23.212927   171 skeleton_planner.h:170] Found solution in: 7
I20260909 04:38:23.212945   171 skeleton_planner.h:170] Found solution in: 6
I20260909 04:38:23.212966   171 skeleton_planner.h:170] Found solution in: 7
I20260909 04:38:23.212982   171 skeleton_planner.h:170] Found solution in: 5
I20260909 04:38:23.212987   171 skeleton_planner.h:170] Found solution in: 1
I20260909 04:38:23.212993   171 skeleton_planner.h:170] Found solution in: 2
I20260909 04:38:23.212997   171 skeleton_planner.h:170] Found solution in: 1
I20260909 04:38:23.213016   171 skeleton_planner.h:170] Found solution in: 6
I20260909 04:38:23.213021   171 skeleton_planner.h:170] Found solution in: 1
I20260909 04:38:23.213030   171 skeleton_planner.h:170] Found solution in: 3
I20260909 04:38:23.213042   171 skeleton_planner.h:170] Found solution in: 3
I20260909 04:38:23.213053   171 skeleton_planner.h:170] Found solution in: 4
I20260909 04:38:23.213066   171 skeleton_planner.h:170] Found solution in: 4
I20260909 04:38:23.213083   171 skeleton_planner.h:170] Found solution in: 6
I20260909 04:38:23.213115   171 skeleton_planner.h:170] Found solution in: 11
I20260909 04:38:23.213135   171 skeleton_planner.h:170] Found solution in: 4
I20260909 04:38:23.213174   171 skeleton_planner.h:170] Found solution in: 16
I20260909 04:38:23.213209   171 skeleton_planner.h:170] Found solution in: 10
I20260909 04:38:23.213222   171 skeleton_planner.h:170] Found solution in: 3
I20260909 04:38:23.213244   171 skeleton_planner.h:170] Found solution in: 8
I20260909 04:38:23.213263   171 skeleton_planner.h:170] Found solution in: 6
I20260909 04:38:23.213275   171 skeleton_planner.h:170] Found solution in: 4
I20260909 04:38:23.213291   171 skeleton_planner.h:170] Found solution in: 5
I20260909 04:38:23.213315   171 skeleton_planner.h:170] Found solution in: 8
I20260909 04:38:23.213331   171 skeleton_planner.h:170] Found solution in: 6
I20260909 04:38:23.213397   171 skeleton_planner.h:170] Found solution in: 19
I20260909 04:38:23.213433   171 skeleton_planner.h:170] Found solution in: 8
I20260909 04:38:23.213445   171 skeleton_planner.h:170] Found solution in: 3
I20260909 04:38:23.213472   171 skeleton_planner.h:170] Found solution in: 9
I20260909 04:38:23.213514   171 skeleton_planner.h:170] Found solution in: 13
I20260909 04:38:23.213599   171 skeleton_planner.h:170] Found solution in: 25
I20260909 04:38:23.213649   171 skeleton_planner.h:170] Found solution in: 10
I20260909 04:38:23.213665   171 skeleton_planner.h:170] Found solution in: 4
I20260909 04:38:23.213719   171 skeleton_planner.h:170] Found solution in: 16
I20260909 04:38:23.213734   171 skeleton_planner.h:170] Found solution in: 3
I20260909 04:38:23.213742   171 skeleton_planner.h:170] Found solution in: 2
I20260909 04:38:23.213765   171 skeleton_planner.h:170] Found solution in: 7
I20260909 04:38:23.213771   171 skeleton_planner.h:170] Found solution in: 1
I20260909 04:38:23.213792   171 skeleton_planner.h:170] Found solution in: 8
I20260909 04:38:23.213798   171 skeleton_planner.h:170] Found solution in: 1
I20260909 04:38:23.213801   171 skeleton_planner.h:170] Found solution in: 1
I20260909 04:38:23.213812   171 skeleton_planner.h:170] Found solution in: 5
I20260909 04:38:23.213824   171 skeleton_planner.h:170] Found solution in: 5
I20260909 04:38:23.213829   171 skeleton_planner.h:170] Found solution in: 1
I20260909 04:38:23.213831   171 skeleton_planner.h:170] Found solution in: 1
I20260909 04:38:23.213886   171 skeleton_planner.h:170] Found solution in: 18
I20260909 04:38:23.213894   171 skeleton_planner.h:170] Found solution in: 1
I20260909 04:38:23.213920   171 skeleton_planner.h:170] Found solution in: 8
I20260909 04:38:23.213943   171 skeleton_planner.h:170] Found solution in: 6
I20260909 04:38:23.213959   171 skeleton_planner.h:170] Found solution in: 4
I20260909 04:38:23.213974   171 skeleton_planner.h:170] Found solution in: 5
I20260909 04:38:23.214022   171 skeleton_planner.h:170] Found solution in: 18
I20260909 04:38:23.214128   171 skeleton_planner.h:170] Found solution in: 29
I20260909 04:38:23.214139   171 skeleton_planner.h:170] Found solution in: 1
I20260909 04:38:23.214171   171 skeleton_planner.h:170] Found solution in: 7
I20260909 04:38:23.214186   171 skeleton_planner.h:170] Found solution in: 4
I20260909 04:38:23.214211   171 skeleton_planner.h:170] Found solution in: 7
I20260909 04:38:23.214236   171 skeleton_planner.h:170] Found solution in: 10
I20260909 04:38:23.214243   171 skeleton_planner.h:170] Found solution in: 2
I20260909 04:38:23.214248   171 skeleton_planner.h:170] Found solution in: 1
I20260909 04:38:23.214250   171 skeleton_planner.h:170] Found solution in: 1
I20260909 04:38:23.214257   171 skeleton_planner.h:170] Found solution in: 2
I20260909 04:38:23.214262   171 skeleton_planner.h:170] Found solution in: 1
I20260909 04:38:23.214263   171 skeleton_planner.h:170] Found solution in: 1
I20260909 04:38:23.214267   171 skeleton_planner.h:170] Found solution in: 1
I20260909 04:38:23.214270   171 skeleton_planner.h:170] Found solution in: 1
I20260909 04:38:23.214273   171 skeleton_planner.h:170] Found solution in: 1
I20260909 04:38:23.214277   171 skeleton_planner.h:170] Found solution in: 1
I20260909 04:38:23.214282   171 skeleton_planner.h:170] Found solution in: 2
I20260909 04:38:23.214290   171 skeleton_planner.h:170] Found solution in: 2
I20260909 04:38:23.214315   171 skeleton_planner.h:170] Found solution in: 7
I20260909 04:38:23.214337   171 skeleton_planner.h:170] Found solution in: 8
I20260909 04:38:23.214375   171 skeleton_planner.h:170] Found solution in: 11
I20260909 04:38:23.214406   171 skeleton_planner.h:170] Found solution in: 11
I20260909 04:38:23.214599   171 skeleton_planner.h:170] Found solution in: 72
I20260909 04:38:23.214613   171 skeleton_planner.h:170] Found solution in: 1
I20260909 04:38:23.214617   171 skeleton_planner.h:170] Found solution in: 1
I20260909 04:38:23.214673   171 skeleton_planner.h:170] Found solution in: 21
I20260909 04:38:23.214704   171 skeleton_planner.h:170] Found solution in: 6
I20260909 04:38:23.214725   171 skeleton_planner.h:170] Found solution in: 7
I20260909 04:38:23.214773   171 skeleton_planner.h:170] Found solution in: 18
I20260909 04:38:23.214792   171 skeleton_planner.h:170] Found solution in: 5
I20260909 04:38:23.214860   171 skeleton_planner.h:170] Found solution in: 20
I20260909 04:38:23.214960   171 skeleton_planner.h:170] Found solution in: 39
I20260909 04:38:23.215008   171 skeleton_planner.h:170] Found solution in: 11
I20260909 04:38:23.215014   171 skeleton_planner.h:170] Found solution in: 1
I20260909 04:38:23.215018   171 skeleton_planner.h:170] Found solution in: 1
I20260909 04:38:23.215021   171 skeleton_planner.h:170] Found solution in: 1
I20260909 04:38:23.215035   171 skeleton_planner.h:170] Found solution in: 4
I20260909 04:38:23.215046   171 skeleton_planner.h:170] Found solution in: 3
I20260909 04:38:23.215059   171 skeleton_planner.h:170] Found solution in: 4
I20260909 04:38:23.215078   171 skeleton_planner.h:170] Found solution in: 4
I20260909 04:38:23.215086   171 skeleton_planner.h:170] Found solution in: 2
I20260909 04:38:23.215096   171 skeleton_planner.h:170] Found solution in: 3
I20260909 04:38:23.215113   171 skeleton_planner.h:170] Found solution in: 5
I20260909 04:38:23.215152   171 skeleton_planner.h:170] Found solution in: 10
I20260909 04:38:23.215183   171 skeleton_planner.h:170] Found solution in: 9
I20260909 04:38:23.215209   171 skeleton_planner.h:170] Found solution in: 8
I20260909 04:38:23.215229   171 skeleton_planner.h:170] Found solution in: 6
I20260909 04:38:23.215242   171 skeleton_planner.h:170] Found solution in: 5
I20260909 04:38:23.215255   171 skeleton_planner.h:170] Found solution in: 3
I20260909 04:38:23.215271   171 skeleton_planner.h:170] Found solution in: 5
I20260909 04:38:23.215297   171 skeleton_planner.h:170] Found solution in: 9
I20260909 04:38:23.215375   171 skeleton_planner.h:170] Found solution in: 36
I20260909 04:38:23.215422   171 skeleton_planner.h:170] Found solution in: 18
I20260909 04:38:23.215438   171 skeleton_planner.h:170] Found solution in: 4
I20260909 04:38:23.215443   171 skeleton_generator.cpp:1655] [Simplify Vertices] Vertex removals: 931 / 944, Edges added: 307
I20260909 04:38:23.215927   171 skeleton_generator.cpp:1697] [Subgraph] Number of disconnected subgraphs: 30
I20260909 04:38:23.219528   171 skeleton_planner.h:170] Found solution in: 8
I20260909 04:38:23.219590   171 skeleton_planner.h:170] Found solution in: 15
I20260909 04:38:23.220034   171 skeleton_planner.h:170] Found solution in: 69
I20260909 04:38:23.220404   171 skeleton_planner.h:170] Found solution in: 3
I20260909 04:38:23.222483   171 skeleton_planner.h:170] Found solution in: 5
I20260909 04:38:23.223208   171 skeleton_planner.h:170] Found solution in: 24
I20260909 04:38:23.224350   171 skeleton_planner.h:170] Found solution in: 6
I20260909 04:38:23.224515   171 skeleton_planner.h:170] Found solution in: 47
I20260909 04:38:23.224844   171 skeleton_planner.h:170] Found solution in: 13
I20260909 04:38:23.225858   171 skeleton_planner.h:170] Found solution in: 13
I20260909 04:38:23.225893   171 skeleton_planner.h:170] Found solution in: 13
I20260909 04:38:23.226383   171 skeleton_planner.h:170] Found solution in: 28
I20260909 04:38:23.233166   171 skeleton_planner.h:170] Found solution in: 7
I20260909 04:38:23.234683   171 skeleton_planner.h:170] Found solution in: 9
I20260909 04:38:23.238725   171 skeleton_planner.h:170] Found solution in: 15
I20260909 04:38:23.239585   171 skeleton_planner.h:170] Found solution in: 22
I20260909 04:38:23.240406   171 skeleton_planner.h:170] Found solution in: 9
I20260909 04:38:23.243343   171 skeleton_generator.cpp:1756] [Subgraph] Potential edge candidates: 125 diagram candidates: 17
I20260909 04:38:23.243405   171 skeleton_generator.cpp:1771] [Subgraph] Final number of disconnected subgraphs: 14
I20260909 04:38:23.243412   171 skeleton_generator.cpp:633] [Sparse Graph] Vertices: 1418 Edges: 2261
