I20260909 04:41:31.868369   729 skeleton_planner.h:31] Setting ESDF layer.
I20260909 04:41:31.960525   729 skeleton_generator.cpp:226] [GVD] Finished finding GVD candidates. Number of skeleton points: 64393 edges: 7408
I20260909 04:41:31.978605   729 skeleton_generator.cpp:1093] [Prune] Number of vertices before prune: 3090 Number of deleted vertices: 770
I20260909 04:41:31.987285   729 skeleton_planner.h:170] Found solution in: 1
I20260909 04:41:31.987399   729 skeleton_planner.h:170] Found solution in: 4
I20260909 04:41:31.987411   729 skeleton_planner.h:170] Found solution in: 1
I20260909 04:41:31.987414   729 skeleton_planner.h:170] Found solution in: 2
I20260909 04:41:31.987501   729 skeleton_planner.h:170] Found solution in: 46
I20260909 04:41:31.987519   729 skeleton_planner.h:170] Found solution in: 4
I20260909 04:41:31.987527   729 skeleton_planner.h:170] Found solution in: 1
I20260909 04:41:31.987532   729 skeleton_planner.h:170] Found solution in: 4
I20260909 04:41:31.987545   729 skeleton_planner.h:170] Found solution in: 4
I20260909 04:41:31.987551   729 skeleton_planner.h:170] Found solution in: 1
I20260909 04:41:31.987555   729 skeleton_planner.h:170] Found solution in: 2
I20260909 04:41:31.987560   729 skeleton_planner.h:170] Found solution in: 1
I20260909 04:41:31.987563   729 skeleton_planner.h:170] Found solution in: 2
I20260909 04:41:31.987568   729 skeleton_planner.h:170] Found solution in: 1
I20260909 04:41:31.987571   729 skeleton_planner.h:170] Found solution in: 2
I20260909 04:41:31.987579   729 skeleton_planner.h:170] Found solution in: 3
I20260909 04:41:31.987591   729 skeleton_planner.h:170] Found solution in: 1
I20260909 04:41:31.987598   729 skeleton_planner.h:170] Found solution in: 1
I20260909 04:41:31.987632   729 skeleton_planner.h:170] Found solution in: 3
I20260909 04:41:31.987639   729 skeleton_planner.h:170] Found solution in: 1
I20260909 04:41:31.987644   729 skeleton_planner.h:170] Found solution in: 3
I20260909 04:41:31.987655   729 skeleton_planner.h:170] Found solution in: 3
I20260909 04:41:31.987663   729 skeleton_planner.h:170] Found solution in: 1
I20260909 04:41:31.987668   729 skeleton_planner.h:170] Found solution in: 4
I20260909 04:41:31.988219   729 skeleton_planner.h:170] Found solution in: 8
I20260909 04:41:31.988227   729 skeleton_planner.h:170] Found solution in: 1
I20260909 04:41:31.988231   729 skeleton_planner.h:170] Found solution in: 3
I20260909 04:41:31.988238   729 skeleton_planner.h:170] Found solution in: 1
I20260909 04:41:31.988242   729 skeleton_planner.h:170] Found solution in: 3
I20260909 04:41:31.988252   729 skeleton_planner.h:170] Found solution in: 3
I20260909 04:41:31.988260   729 skeleton_planner.h:170] Found solution in: 1
I20260909 04:41:31.988268   729 skeleton_planner.h:170] Found solution in: 3
I20260909 04:41:31.988276   729 skeleton_planner.h:170] Found solution in: 1
I20260909 04:41:31.988281   729 skeleton_planner.h:170] Found solution in: 6
I20260909 04:41:31.988298   729 skeleton_planner.h:170] Found solution in: 5
I20260909 04:41:31.988304   729 skeleton_planner.h:170] Found solution in: 1
I20260909 04:41:31.988320   729 skeleton_planner.h:170] Found solution in: 4
I20260909 04:41:31.988328   729 skeleton_planner.h:170] Found solution in: 1
I20260909 04:41:31.988332   729 skeleton_planner.h:170] Found solution in: 2
I20260909 04:41:31.988340   729 skeleton_planner.h:170] Found solution in: 3
I20260909 04:41:31.988348   729 skeleton_planner.h:170] Found solution in: 1
I20260909 04:41:31.988354   729 skeleton_planner.h:170] Found solution in: 1
I20260909 04:41:31.988361   729 skeleton_planner.h:170] Found solution in: 7
I20260909 04:41:31.988369   729 skeleton_planner.h:170] Found solution in: 7
I20260909 04:41:31.988376   729 skeleton_planner.h:170] Found solution in: 8
I20260909 04:41:31.988404   729 skeleton_planner.h:170] Found solution in: 6
I20260909 04:41:31.988412   729 skeleton_planner.h:170] Found solution in: 1
I20260909 04:41:31.988436   729 skeleton_planner.h:170] Found solution in: 5
I20260909 04:41:31.988447   729 skeleton_planner.h:170] Found solution in: 1
I20260909 04:41:31.988471   729 skeleton_planner.h:170] Found solution in: 22
I20260909 04:41:31.988481   729 skeleton_planner.h:170] Found solution in: 1
I20260909 04:41:31.988487   729 skeleton_planner.h:170] Found solution in: 5
I20260909 04:41:31.988575   729 skeleton_planner.h:170] Found solution in: 5
I20260909 04:41:31.988583   729 skeleton_planner.h:170] Found solution in: 1
I20260909 04:41:31.988682   729 skeleton_planner.h:170] Found solution in: 5
I20260909 04:41:31.988689   729 skeleton_planner.h:170] Found solution in: 1
I20260909 04:41:31.988693   729 skeleton_planner.h:170] Found solution in: 3
I20260909 04:41:31.988705   729 skeleton_planner.h:170] Found solution in: 4
I20260909 04:41:31.988713   729 skeleton_planner.h:170] Found solution in: 1
I20260909 04:41:31.988718   729 skeleton_planner.h:170] Found solution in: 4
I20260909 04:41:31.988729   729 skeleton_planner.h:170] Found solution in: 4
I20260909 04:41:31.988736   729 skeleton_planner.h:170] Found solution in: 1
I20260909 04:41:31.988770   729 skeleton_planner.h:170] Found solution in: 4
I20260909 04:41:31.988782   729 skeleton_planner.h:170] Found solution in: 1
I20260909 04:41:31.988785   729 skeleton_planner.h:170] Found solution in: 2
I20260909 04:41:31.988797   729 skeleton_planner.h:170] Found solution in: 3
I20260909 04:41:31.988807   729 skeleton_planner.h:170] Found solution in: 1
I20260909 04:41:31.988855   729 skeleton_planner.h:170] Found solution in: 7
I20260909 04:41:31.988866   729 skeleton_planner.h:170] Found solution in: 1
I20260909 04:41:31.988886   729 skeleton_planner.h:170] Found solution in: 3
I20260909 04:41:31.988895   729 skeleton_planner.h:170] Found solution in: 1
I20260909 04:41:31.988900   729 skeleton_planner.h:170] Found solution in: 4
I20260909 04:41:31.988906   729 skeleton_planner.h:170] Found solution in: 1
I20260909 04:41:31.988912   729 skeleton_planner.h:170] Found solution in: 5
I20260909 04:41:31.988925   729 skeleton_planner.h:170] Found solution in: 13
I20260909 04:41:31.988930   729 skeleton_planner.h:170] Found solution in: 4
I20260909 04:41:31.988940   729 skeleton_planner.h:170] Found solution in: 1
I20260909 04:41:31.988943   729 skeleton_planner.h:170] Found solution in: 2
I20260909 04:41:31.988953   729 skeleton_planner.h:170] Found solution in: 3
I20260909 04:41:31.988965   729 skeleton_planner.h:170] Found solution in: 1
I20260909 04:41:31.988967   729 skeleton_planner.h:170] Found solution in: 2
I20260909 04:41:31.988981   729 skeleton_planner.h:170] Found solution in: 5
I20260909 04:41:31.988991   729 skeleton_planner.h:170] Found solution in: 1
I20260909 04:41:31.988998   729 skeleton_planner.h:170] Found solution in: 1
I20260909 04:41:31.989097   729 skeleton_planner.h:170] Found solution in: 3
I20260909 04:41:31.989108   729 skeleton_planner.h:170] Found solution in: 1
I20260909 04:41:31.989112   729 skeleton_planner.h:170] Found solution in: 2
I20260909 04:41:31.989123   729 skeleton_planner.h:170] Found solution in: 3
I20260909 04:41:31.989128   729 skeleton_planner.h:170] Found solution in: 1
I20260909 04:41:31.989135   729 skeleton_planner.h:170] Found solution in: 4
I20260909 04:41:31.989156   729 skeleton_planner.h:170] Found solution in: 4
I20260909 04:41:31.989164   729 skeleton_planner.h:170] Found solution in: 1
I20260909 04:41:31.989171   729 skeleton_planner.h:170] Found solution in: 5
I20260909 04:41:31.989176   729 skeleton_planner.h:170] Found solution in: 6
I20260909 04:41:31.989187   729 skeleton_planner.h:170] Found solution in: 12
I20260909 04:41:31.989277   729 skeleton_planner.h:170] Found solution in: 6
I20260909 04:41:31.989289   729 skeleton_planner.h:170] Found solution in: 1
I20260909 04:41:31.989301   729 skeleton_planner.h:170] Found solution in: 3
I20260909 04:41:31.989311   729 skeleton_planner.h:170] Found solution in: 1
I20260909 04:41:31.989320   729 skeleton_planner.h:170] Found solution in: 2
I20260909 04:41:31.989332   729 skeleton_planner.h:170] Found solution in: 4
I20260909 04:41:31.989341   729 skeleton_planner.h:170] Found solution in: 1
I20260909 04:41:31.989367   729 skeleton_planner.h:170] Found solution in: 4
I20260909 04:41:31.989377   729 skeleton_planner.h:170] Found solution in: 1
I20260909 04:41:31.989382   729 skeleton_planner.h:170] Found solution in: 4
I20260909 04:41:31.989395   729 skeleton_planner.h:170] Found solution in: 1
I20260909 04:41:31.989399   729 skeleton_planner.h:170] Found solution in: 4
I20260909 04:41:31.989404   729 skeleton_planner.h:170] Found solution in: 5
I20260909 04:41:31.989423   729 skeleton_planner.h:170] Found solution in: 5
I20260909 04:41:31.989434   729 skeleton_planner.h:170] Found solution in: 1
I20260909 04:41:31.989451   729 skeleton_planner.h:170] Found solution in: 5
I20260909 04:41:31.989463   729 skeleton_planner.h:170] Found solution in: 1
I20260909 04:41:31.989471   729 skeleton_planner.h:170] Found solution in: 8
I20260909 04:41:31.989519   729 skeleton_planner.h:170] Found solution in: 10
I20260909 04:41:31.989530   729 skeleton_planner.h:170] Found solution in: 1
I20260909 04:41:31.989554   729 skeleton_planner.h:170] Found solution in: 28
I20260909 04:41:31.989563   729 skeleton_planner.h:170] Found solution in: 1
I20260909 04:41:31.989574   729 skeleton_planner.h:170] Found solution in: 3
I20260909 04:41:31.989583   729 skeleton_planner.h:170] Found solution in: 1
I20260909 04:41:31.989594   729 skeleton_planner.h:170] Found solution in: 13
I20260909 04:41:31.989601   729 skeleton_planner.h:170] Found solution in: 7
I20260909 04:41:31.989609   729 skeleton_planner.h:170] Found solution in: 1
I20260909 04:41:31.989706   729 skeleton_planner.h:170] Found solution in: 3
I20260909 04:41:31.989715   729 skeleton_planner.h:170] Found solution in: 1
I20260909 04:41:31.989725   729 skeleton_planner.h:170] Found solution in: 10
I20260909 04:41:31.989733   729 skeleton_planner.h:170] Found solution in: 9
I20260909 04:41:31.989748   729 skeleton_planner.h:170] Found solution in: 1
I20260909 04:41:31.989755   729 skeleton_planner.h:170] Found solution in: 6
I20260909 04:41:31.989859   729 skeleton_planner.h:170] Found solution in: 6
I20260909 04:41:31.989869   729 skeleton_planner.h:170] Found solution in: 1
I20260909 04:41:31.989874   729 skeleton_planner.h:170] Found solution in: 4
I20260909 04:41:31.989898   729 skeleton_planner.h:170] Found solution in: 30
I20260909 04:41:31.989904   729 skeleton_planner.h:170] Found solution in: 1
I20260909 04:41:31.989907   729 skeleton_planner.h:170] Found solution in: 2
I20260909 04:41:31.989918   729 skeleton_planner.h:170] Found solution in: 3
I20260909 04:41:31.989924   729 skeleton_planner.h:170] Found solution in: 1
I20260909 04:41:31.989928   729 skeleton_planner.h:170] Found solution in: 2
I20260909 04:41:31.989939   729 skeleton_planner.h:170] Found solution in: 4
I20260909 04:41:31.989944   729 skeleton_planner.h:170] Found solution in: 1
I20260909 04:41:31.989948   729 skeleton_planner.h:170] Found solution in: 2
I20260909 04:41:31.989962   729 skeleton_planner.h:170] Found solution in: 5
I20260909 04:41:31.989969   729 skeleton_planner.h:170] Found solution in: 1
I20260909 04:41:31.990393   729 skeleton_planner.h:170] Found solution in: 9
I20260909 04:41:31.990411   729 skeleton_planner.h:170] Found solution in: 1
I20260909 04:41:31.990428   729 skeleton_planner.h:170] Found solution in: 5
I20260909 04:41:31.990437   729 skeleton_planner.h:170] Found solution in: 1
I20260909 04:41:31.990512   729 skeleton_planner.h:170] Found solution in: 3
I20260909 04:41:31.990520   729 skeleton_planner.h:170] Found solution in: 1
I20260909 04:41:31.990533   729 skeleton_planner.h:170] Found solution in: 4
I20260909 04:41:31.990541   729 skeleton_planner.h:170] Found solution in: 1
I20260909 04:41:31.990553   729 skeleton_planner.h:170] Found solution in: 3
I20260909 04:41:31.990562   729 skeleton_planner.h:170] Found solution in: 1
I20260909 04:41:31.990576   729 skeleton_planner.h:170] Found solution in: 3
I20260909 04:41:31.990585   729 skeleton_planner.h:170] Found solution in: 1
I20260909 04:41:31.990589   729 skeleton_planner.h:170] Found solution in: 2
I20260909 04:41:31.990602   729 skeleton_planner.h:170] Found solution in: 3
I20260909 04:41:31.990608   729 skeleton_planner.h:170] Found solution in: 1
I20260909 04:41:31.990620   729 skeleton_planner.h:170] Found solution in: 3
I20260909 04:41:31.990628   729 skeleton_planner.h:170] Found solution in: 1
I20260909 04:41:31.990634   729 skeleton_planner.h:170] Found solution in: 6
I20260909 04:41:31.990662   729 skeleton_planner.h:170] Found solution in: 8
I20260909 04:41:31.990674   729 skeleton_planner.h:170] Found solution in: 1
I20260909 04:41:31.990688   729 skeleton_planner.h:170] Found solution in: 4
I20260909 04:41:31.990695   729 skeleton_planner.h:170] Found solution in: 1
I20260909 04:41:31.990700   729 skeleton_planner.h:170] Found solution in: 2
I20260909 04:41:31.992031   729 skeleton_planner.h:170] Found solution in: 1
I20260909 04:41:31.992036   729 skeleton_planner.h:170] Found solution in: 2
I20260909 04:41:31.993423   729 skeleton_planner.h:170] Found solution in: 1
I20260909 04:41:31.993429   729 skeleton_planner.h:170] Found solution in: 4
I20260909 04:41:31.993446   729 skeleton_planner.h:170] Found solution in: 5
I20260909 04:41:31.993453   729 skeleton_planner.h:170] Found solution in: 1
I20260909 04:41:31.993467   729 skeleton_planner.h:170] Found solution in: 4
I20260909 04:41:31.993475   729 skeleton_planner.h:170] Found solution in: 1
I20260909 04:41:31.993481   729 skeleton_planner.h:170] Found solution in: 5
I20260909 04:41:31.993489   729 skeleton_planner.h:170] Found solution in: 6
I20260909 04:41:31.993494   729 skeleton_planner.h:170] Found solution in: 1
I20260909 04:41:31.993499   729 skeleton_planner.h:170] Found solution in: 5
I20260909 04:41:31.993503   729 skeleton_planner.h:170] Found solution in: 1
I20260909 04:41:31.993508   729 skeleton_planner.h:170] Found solution in: 5
I20260909 04:41:31.993516   729 skeleton_planner.h:170] Found solution in: 8
I20260909 04:41:31.993521   729 skeleton_planner.h:170] Found solution in: 5
I20260909 04:41:31.993528   729 skeleton_planner.h:170] Found solution in: 1
I20260909 04:41:31.993535   729 skeleton_planner.h:170] Found solution in: 7
I20260909 04:41:31.993543   729 skeleton_planner.h:170] Found solution in: 8
I20260909 04:41:31.993551   729 skeleton_planner.h:170] Found solution in: 1
I20260909 04:41:31.993556   729 skeleton_planner.h:170] Found solution in: 7
I20260909 04:41:31.993566   729 skeleton_planner.h:170] Found solution in: 11
I20260909 04:41:31.993572   729 skeleton_planner.h:170] Found solution in: 1
I20260909 04:41:31.993590   729 skeleton_planner.h:170] Found solution in: 21
I20260909 04:41:31.993613   729 skeleton_planner.h:170] Found solution in: 26
I20260909 04:41:31.993619   729 skeleton_planner.h:170] Found solution in: 1
I20260909 04:41:31.993624   729 skeleton_planner.h:170] Found solution in: 5
I20260909 04:41:31.993641   729 skeleton_planner.h:170] Found solution in: 19
I20260909 04:41:31.993649   729 skeleton_planner.h:170] Found solution in: 7
I20260909 04:41:31.993654   729 skeleton_planner.h:170] Found solution in: 1
I20260909 04:41:31.993659   729 skeleton_planner.h:170] Found solution in: 5
I20260909 04:41:31.993677   729 skeleton_planner.h:170] Found solution in: 19
I20260909 04:41:31.993686   729 skeleton_planner.h:170] Found solution in: 1
I20260909 04:41:31.993690   729 skeleton_planner.h:170] Found solution in: 3
I20260909 04:41:31.993703   729 skeleton_planner.h:170] Found solution in: 5
I20260909 04:41:31.993710   729 skeleton_planner.h:170] Found solution in: 1
I20260909 04:41:31.993716   729 skeleton_planner.h:170] Found solution in: 5
I20260909 04:41:31.993747   729 skeleton_planner.h:170] Found solution in: 5
I20260909 04:41:31.993755   729 skeleton_planner.h:170] Found solution in: 1
I20260909 04:41:31.993772   729 skeleton_planner.h:170] Found solution in: 4
I20260909 04:41:31.993781   729 skeleton_planner.h:170] Found solution in: 1
I20260909 04:41:31.993784   729 skeleton_planner.h:170] Found solution in: 2
I20260909 04:41:31.993793   729 skeleton_planner.h:170] Found solution in: 3
I20260909 04:41:31.993800   729 skeleton_planner.h:170] Found solution in: 1
I20260909 04:41:31.993805   729 skeleton_planner.h:170] Found solution in: 3
I20260909 04:41:31.993816   729 skeleton_planner.h:170] Found solution in: 4
I20260909 04:41:31.993822   729 skeleton_planner.h:170] Found solution in: 1
I20260909 04:41:31.993832   729 skeleton_planner.h:170] Found solution in: 3
I20260909 04:41:31.993841   729 skeleton_planner.h:170] Found solution in: 1
I20260909 04:41:31.993844   729 skeleton_planner.h:170] Found solution in: 2
I20260909 04:41:31.993858   729 skeleton_planner.h:170] Found solution in: 4
I20260909 04:41:31.993866   729 skeleton_planner.h:170] Found solution in: 1
I20260909 04:41:31.993876   729 skeleton_planner.h:170] Found solution in: 3
I20260909 04:41:31.993886   729 skeleton_planner.h:170] Found solution in: 1
I20260909 04:41:31.993891   729 skeleton_planner.h:170] Found solution in: 2
I20260909 04:41:31.993904   729 skeleton_planner.h:170] Found solution in: 4
I20260909 04:41:31.993912   729 skeleton_planner.h:170] Found solution in: 1
I20260909 04:41:31.993922   729 skeleton_planner.h:170] Found solution in: 3
I20260909 04:41:31.993929   729 skeleton_planner.h:170] Found solution in: 1
I20260909 04:41:31.994019   729 skeleton_planner.h:170] Found solution in: 3
I20260909 04:41:31.994026   729 skeleton_planner.h:170] Found solution in: 1
I20260909 04:41:31.994029   729 skeleton_planner.h:170] Found solution in: 2
I20260909 04:41:31.995291   729 skeleton_planner.h:170] Found solution in: 1
I20260909 04:41:31.995296   729 skeleton_planner.h:170] Found solution in: 2
I20260909 04:41:31.996517   729 skeleton_planner.h:170] Found solution in: 1
I20260909 04:41:31.996522   729 skeleton_planner.h:170] Found solution in: 2
I20260909 04:41:31.996552   729 skeleton_planner.h:170] Found solution in: 6
I20260909 04:41:31.996562   729 skeleton_planner.h:170] Found solution in: 1
I20260909 04:41:31.996579   729 skeleton_planner.h:170] Found solution in: 8
I20260909 04:41:31.996587   729 skeleton_planner.h:170] Found solution in: 1
I20260909 04:41:31.996593   729 skeleton_planner.h:170] Found solution in: 1
I20260909 04:41:31.996693   729 skeleton_planner.h:170] Found solution in: 7
I20260909 04:41:31.996701   729 skeleton_planner.h:170] Found solution in: 1
I20260909 04:41:31.996713   729 skeleton_planner.h:170] Found solution in: 14
I20260909 04:41:31.996754   729 skeleton_planner.h:170] Found solution in: 4
I20260909 04:41:31.996762   729 skeleton_planner.h:170] Found solution in: 1
I20260909 04:41:31.996773   729 skeleton_planner.h:170] Found solution in: 3
I20260909 04:41:31.996779   729 skeleton_planner.h:170] Found solution in: 1
I20260909 04:41:31.996786   729 skeleton_planner.h:170] Found solution in: 6
I20260909 04:41:31.996794   729 skeleton_planner.h:170] Found solution in: 1
I20260909 04:41:31.996798   729 skeleton_planner.h:170] Found solution in: 3
I20260909 04:41:31.996803   729 skeleton_planner.h:170] Found solution in: 1
I20260909 04:41:31.996807   729 skeleton_planner.h:170] Found solution in: 3
I20260909 04:41:31.996815   729 skeleton_planner.h:170] Found solution in: 1
I20260909 04:41:31.996829   729 skeleton_planner.h:170] Found solution in: 4
I20260909 04:41:31.996837   729 skeleton_planner.h:170] Found solution in: 1
I20260909 04:41:31.996855   729 skeleton_planner.h:170] Found solution in: 4
I20260909 04:41:31.996862   729 skeleton_planner.h:170] Found solution in: 1
I20260909 04:41:31.996882   729 skeleton_planner.h:170] Found solution in: 6
I20260909 04:41:31.996891   729 skeleton_planner.h:170] Found solution in: 1
I20260909 04:41:31.996984   729 skeleton_planner.h:170] Found solution in: 4
I20260909 04:41:31.996994   729 skeleton_planner.h:170] Found solution in: 1
I20260909 04:41:31.996997   729 skeleton_planner.h:170] Found solution in: 3
I20260909 04:41:31.997004   729 skeleton_planner.h:170] Found solution in: 1
I20260909 04:41:31.997007   729 skeleton_planner.h:170] Found solution in: 3
I20260909 04:41:31.997012   729 skeleton_planner.h:170] Found solution in: 1
I20260909 04:41:31.997105   729 skeleton_planner.h:170] Found solution in: 4
I20260909 04:41:31.997115   729 skeleton_planner.h:170] Found solution in: 1
I20260909 04:41:31.997128   729 skeleton_planner.h:170] Found solution in: 4
I20260909 04:41:31.997136   729 skeleton_planner.h:170] Found solution in: 1
I20260909 04:41:31.997140   729 skeleton_planner.h:170] Found solution in: 2
I20260909 04:41:31.997157   729 skeleton_planner.h:170] Found solution in: 7
I20260909 04:41:31.997164   729 skeleton_planner.h:170] Found solution in: 1
I20260909 04:41:31.997344   729 skeleton_planner.h:170] Found solution in: 6
I20260909 04:41:31.997351   729 skeleton_planner.h:170] Found solution in: 1
I20260909 04:41:31.997438   729 skeleton_planner.h:170] Found solution in: 44
I20260909 04:41:31.997455   729 skeleton_planner.h:170] Found solution in: 5
I20260909 04:41:31.997462   729 skeleton_planner.h:170] Found solution in: 1
I20260909 04:41:31.997465   729 skeleton_planner.h:170] Found solution in: 3
I20260909 04:41:31.997473   729 skeleton_planner.h:170] Found solution in: 3
I20260909 04:41:31.997478   729 skeleton_planner.h:170] Found solution in: 1
I20260909 04:41:31.997489   729 skeleton_planner.h:170] Found solution in: 5
I20260909 04:41:31.997496   729 skeleton_planner.h:170] Found solution in: 1
I20260909 04:41:31.997500   729 skeleton_planner.h:170] Found solution in: 2
I20260909 04:41:31.997574   729 skeleton_planner.h:170] Found solution in: 37
I20260909 04:41:31.997655   729 skeleton_planner.h:170] Found solution in: 40
I20260909 04:41:31.997700   729 skeleton_planner.h:170] Found solution in: 19
I20260909 04:41:31.997735   729 skeleton_planner.h:170] Found solution in: 15
I20260909 04:41:31.997745   729 skeleton_planner.h:170] Found solution in: 1
I20260909 04:41:31.997797   729 skeleton_planner.h:170] Found solution in: 28
I20260909 04:41:31.997865   729 skeleton_planner.h:170] Found solution in: 29
I20260909 04:41:31.997913   729 skeleton_planner.h:170] Found solution in: 22
I20260909 04:41:31.997922   729 skeleton_planner.h:170] Found solution in: 1
I20260909 04:41:31.997925   729 skeleton_planner.h:170] Found solution in: 2
I20260909 04:41:31.997931   729 skeleton_planner.h:170] Found solution in: 1
I20260909 04:41:31.997943   729 skeleton_planner.h:170] Found solution in: 4
I20260909 04:41:31.997949   729 skeleton_planner.h:170] Found solution in: 1
I20260909 04:41:31.997953   729 skeleton_planner.h:170] Found solution in: 2
I20260909 04:41:31.997959   729 skeleton_planner.h:170] Found solution in: 1
I20260909 04:41:31.997964   729 skeleton_planner.h:170] Found solution in: 5
I20260909 04:41:31.997972   729 skeleton_planner.h:170] Found solution in: 1
I20260909 04:41:31.997977   729 skeleton_planner.h:170] Found solution in: 5
I20260909 04:41:31.998067   729 skeleton_planner.h:170] Found solution in: 5
I20260909 04:41:31.998075   729 skeleton_planner.h:170] Found solution in: 1
I20260909 04:41:31.998080   729 skeleton_planner.h:170] Found solution in: 4
I20260909 04:41:31.998085   729 skeleton_planner.h:170] Found solution in: 5
I20260909 04:41:31.998090   729 skeleton_planner.h:170] Found solution in: 1
I20260909 04:41:31.998178   729 skeleton_planner.h:170] Found solution in: 4
I20260909 04:41:31.998188   729 skeleton_planner.h:170] Found solution in: 1
I20260909 04:41:31.998216   729 skeleton_planner.h:170] Found solution in: 37
I20260909 04:41:31.998318   729 skeleton_planner.h:170] Found solution in: 6
I20260909 04:41:31.998329   729 skeleton_planner.h:170] Found solution in: 1
I20260909 04:41:31.998338   729 skeleton_planner.h:170] Found solution in: 1
I20260909 04:41:31.998438   729 skeleton_planner.h:170] Found solution in: 6
I20260909 04:41:31.998449   729 skeleton_planner.h:170] Found solution in: 1
I20260909 04:41:31.998456   729 skeleton_planner.h:170] Found solution in: 1
I20260909 04:41:31.998487   729 skeleton_planner.h:170] Found solution in: 38
I20260909 04:41:31.998494   729 skeleton_planner.h:170] Found solution in: 1
I20260909 04:41:31.998498   729 skeleton_planner.h:170] Found solution in: 3
I20260909 04:41:31.998508   729 skeleton_planner.h:170] Found solution in: 3
I20260909 04:41:31.998515   729 skeleton_planner.h:170] Found solution in: 1
I20260909 04:41:31.998534   729 skeleton_planner.h:170] Found solution in: 6
I20260909 04:41:31.998543   729 skeleton_planner.h:170] Found solution in: 1
I20260909 04:41:31.998548   729 skeleton_planner.h:170] Found solution in: 2
I20260909 04:41:31.998688   729 skeleton_planner.h:170] Found solution in: 93
I20260909 04:41:31.999122   729 skeleton_planner.h:170] Found solution in: 15
I20260909 04:41:31.999133   729 skeleton_planner.h:170] Found solution in: 1
I20260909 04:41:31.999274   729 skeleton_planner.h:170] Found solution in: 93
I20260909 04:41:31.999676   729 skeleton_planner.h:170] Found solution in: 1
I20260909 04:41:32.000123   729 skeleton_planner.h:170] Found solution in: 5
I20260909 04:41:32.000130   729 skeleton_planner.h:170] Found solution in: 1
I20260909 04:41:32.000507   729 skeleton_planner.h:170] Found solution in: 8
I20260909 04:41:32.000515   729 skeleton_planner.h:170] Found solution in: 1
I20260909 04:41:32.000519   729 skeleton_planner.h:170] Found solution in: 2
I20260909 04:41:32.000523   729 skeleton_planner.h:170] Found solution in: 1
I20260909 04:41:32.000526   729 skeleton_planner.h:170] Found solution in: 2
I20260909 04:41:32.000532   729 skeleton_planner.h:170] Found solution in: 1
I20260909 04:41:32.000541   729 skeleton_planner.h:170] Found solution in: 3
I20260909 04:41:32.000546   729 skeleton_planner.h:170] Found solution in: 1
I20260909 04:41:32.000887   729 skeleton_planner.h:170] Found solution in: 7
I20260909 04:41:32.000895   729 skeleton_planner.h:170] Found solution in: 1
I20260909 04:41:32.000897   729 skeleton_planner.h:170] Found solution in: 2
I20260909 04:41:32.001724   729 skeleton_planner.h:170] Found solution in: 1
I20260909 04:41:32.001729   729 skeleton_planner.h:170] Found solution in: 3
I20260909 04:41:32.001734   729 skeleton_planner.h:170] Found solution in: 1
I20260909 04:41:32.001745   729 skeleton_planner.h:170] Found solution in: 10
I20260909 04:41:32.001751   729 skeleton_planner.h:170] Found solution in: 1
I20260909 04:41:32.001755   729 skeleton_planner.h:170] Found solution in: 3
I20260909 04:41:32.001763   729 skeleton_planner.h:170] Found solution in: 10
I20260909 04:41:32.001772   729 skeleton_planner.h:170] Found solution in: 1
I20260909 04:41:32.001778   729 skeleton_planner.h:170] Found solution in: 1
I20260909 04:41:32.001794   729 skeleton_planner.h:170] Found solution in: 21
I20260909 04:41:32.001801   729 skeleton_planner.h:170] Found solution in: 1
I20260909 04:41:32.001824   729 skeleton_planner.h:170] Found solution in: 29
I20260909 04:41:32.001833   729 skeleton_planner.h:170] Found solution in: 1
I20260909 04:41:32.001842   729 skeleton_planner.h:170] Found solution in: 1
I20260909 04:41:32.001852   729 skeleton_planner.h:170] Found solution in: 10
I20260909 04:41:32.001857   729 skeleton_planner.h:170] Found solution in: 6
I20260909 04:41:32.001864   729 skeleton_planner.h:170] Found solution in: 1
I20260909 04:41:32.001873   729 skeleton_planner.h:170] Found solution in: 11
I20260909 04:41:32.001881   729 skeleton_planner.h:170] Found solution in: 10
I20260909 04:41:32.001919   729 skeleton_planner.h:170] Found solution in: 6
I20260909 04:41:32.001927   729 skeleton_planner.h:170] Found solution in: 1
I20260909 04:41:32.001932   729 skeleton_planner.h:170] Found solution in: 3
I20260909 04:41:32.001961   729 skeleton_planner.h:170] Found solution in: 4
I20260909 04:41:32.001968   729 skeleton_planner.h:170] Found solution in: 1
I20260909 04:41:32.002002   729 skeleton_planner.h:170] Found solution in: 5
I20260909 04:41:32.002012   729 skeleton_planner.h:170] Found solution in: 1
I20260909 04:41:32.002027   729 skeleton_planner.h:170] Found solution in: 5
I20260909 04:41:32.002033   729 skeleton_planner.h:170] Found solution in: 1
I20260909 04:41:32.002039   729 skeleton_planner.h:170] Found solution in: 1
I20260909 04:41:32.002043   729 skeleton_planner.h:170] Found solution in: 2
I20260909 04:41:32.002172   729 skeleton_planner.h:170] Found solution in: 91
I20260909 04:41:32.002184   729 skeleton_planner.h:170] Found solution in: 1
I20260909 04:41:32.002187   729 skeleton_planner.h:170] Found solution in: 2
I20260909 04:41:32.002311   729 skeleton_planner.h:170] Found solution in: 82
I20260909 04:41:32.002321   729 skeleton_planner.h:170] Found solution in: 1
I20260909 04:41:32.002326   729 skeleton_planner.h:170] Found solution in: 3
I20260909 04:41:32.002331   729 skeleton_planner.h:170] Found solution in: 5
I20260909 04:41:32.002336   729 skeleton_planner.h:170] Found solution in: 1
I20260909 04:41:32.002339   729 skeleton_planner.h:170] Found solution in: 3
I20260909 04:41:32.002344   729 skeleton_planner.h:170] Found solution in: 5
I20260909 04:41:32.002351   729 skeleton_planner.h:170] Found solution in: 6
I20260909 04:41:32.002357   729 skeleton_planner.h:170] Found solution in: 1
I20260909 04:41:32.002362   729 skeleton_planner.h:170] Found solution in: 2
I20260909 04:41:32.002385   729 skeleton_planner.h:170] Found solution in: 8
I20260909 04:41:32.002393   729 skeleton_planner.h:170] Found solution in: 1
I20260909 04:41:32.002399   729 skeleton_planner.h:170] Found solution in: 1
I20260909 04:41:32.002404   729 skeleton_planner.h:170] Found solution in: 5
I20260909 04:41:32.002410   729 skeleton_planner.h:170] Found solution in: 5
I20260909 04:41:32.002415   729 skeleton_planner.h:170] Found solution in: 1
I20260909 04:41:32.002419   729 skeleton_planner.h:170] Found solution in: 3
I20260909 04:41:32.002431   729 skeleton_planner.h:170] Found solution in: 3
I20260909 04:41:32.002439   729 skeleton_planner.h:170] Found solution in: 1
I20260909 04:41:32.002452   729 skeleton_planner.h:170] Found solution in: 3
I20260909 04:41:32.002458   729 skeleton_planner.h:170] Found solution in: 1
I20260909 04:41:32.002470   729 skeleton_planner.h:170] Found solution in: 3
I20260909 04:41:32.002477   729 skeleton_planner.h:170] Found solution in: 1
I20260909 04:41:32.002488   729 skeleton_planner.h:170] Found solution in: 3
I20260909 04:41:32.002496   729 skeleton_planner.h:170] Found solution in: 1
I20260909 04:41:32.002521   729 skeleton_planner.h:170] Found solution in: 29
I20260909 04:41:32.002527   729 skeleton_planner.h:170] Found solution in: 1
I20260909 04:41:32.002533   729 skeleton_planner.h:170] Found solution in: 5
I20260909 04:41:32.002561   729 skeleton_planner.h:170] Found solution in: 34
I20260909 04:41:32.002590   729 skeleton_planner.h:170] Found solution in: 36
I20260909 04:41:32.002599   729 skeleton_planner.h:170] Found solution in: 1
I20260909 04:41:32.002605   729 skeleton_planner.h:170] Found solution in: 6
I20260909 04:41:32.002635   729 skeleton_planner.h:170] Found solution in: 7
I20260909 04:41:32.002645   729 skeleton_planner.h:170] Found solution in: 1
I20260909 04:41:32.002655   729 skeleton_planner.h:170] Found solution in: 1
I20260909 04:41:32.002660   729 skeleton_planner.h:170] Found solution in: 3
I20260909 04:41:32.002687   729 skeleton_planner.h:170] Found solution in: 7
I20260909 04:41:32.002696   729 skeleton_planner.h:170] Found solution in: 1
I20260909 04:41:32.002708   729 skeleton_planner.h:170] Found solution in: 3
I20260909 04:41:32.002717   729 skeleton_planner.h:170] Found solution in: 1
I20260909 04:41:32.002743   729 skeleton_planner.h:170] Found solution in: 8
I20260909 04:41:32.002750   729 skeleton_planner.h:170] Found solution in: 1
I20260909 04:41:32.002771   729 skeleton_planner.h:170] Found solution in: 6
I20260909 04:41:32.002780   729 skeleton_planner.h:170] Found solution in: 1
I20260909 04:41:32.002784   729 skeleton_planner.h:170] Found solution in: 2
I20260909 04:41:32.002795   729 skeleton_planner.h:170] Found solution in: 4
I20260909 04:41:32.002802   729 skeleton_planner.h:170] Found solution in: 1
I20260909 04:41:32.002811   729 skeleton_planner.h:170] Found solution in: 3
I20260909 04:41:32.002817   729 skeleton_planner.h:170] Found solution in: 1
I20260909 04:41:32.002822   729 skeleton_planner.h:170] Found solution in: 4
I20260909 04:41:32.002839   729 skeleton_planner.h:170] Found solution in: 4
I20260909 04:41:32.002847   729 skeleton_planner.h:170] Found solution in: 1
I20260909 04:41:32.002856   729 skeleton_planner.h:170] Found solution in: 1
I20260909 04:41:32.002864   729 skeleton_planner.h:170] Found solution in: 1
I20260909 04:41:32.002869   729 skeleton_planner.h:170] Found solution in: 4
I20260909 04:41:32.002904   729 skeleton_planner.h:170] Found solution in: 5
I20260909 04:41:32.002912   729 skeleton_planner.h:170] Found solution in: 1
I20260909 04:41:32.002952   729 skeleton_planner.h:170] Found solution in: 7
I20260909 04:41:32.002965   729 skeleton_planner.h:170] Found solution in: 1
I20260909 04:41:32.002983   729 skeleton_planner.h:170] Found solution in: 4
I20260909 04:41:32.002992   729 skeleton_planner.h:170] Found solution in: 1
I20260909 04:41:32.002995   729 skeleton_planner.h:170] Found solution in: 2
I20260909 04:41:32.003005   729 skeleton_planner.h:170] Found solution in: 3
I20260909 04:41:32.003014   729 skeleton_planner.h:170] Found solution in: 1
I20260909 04:41:32.003099   729 skeleton_planner.h:170] Found solution in: 5
I20260909 04:41:32.003105   729 skeleton_planner.h:170] Found solution in: 1
I20260909 04:41:32.003111   729 skeleton_planner.h:170] Found solution in: 1
I20260909 04:41:32.003115   729 skeleton_planner.h:170] Found solution in: 3
I20260909 04:41:32.003131   729 skeleton_planner.h:170] Found solution in: 4
I20260909 04:41:32.003139   729 skeleton_planner.h:170] Found solution in: 1
I20260909 04:41:32.003149   729 skeleton_planner.h:170] Found solution in: 3
I20260909 04:41:32.003159   729 skeleton_planner.h:170] Found solution in: 1
I20260909 04:41:32.003237   729 skeleton_planner.h:170] Found solution in: 4
I20260909 04:41:32.003247   729 skeleton_planner.h:170] Found solution in: 1
I20260909 04:41:32.003263   729 skeleton_planner.h:170] Found solution in: 5
I20260909 04:41:32.003274   729 skeleton_planner.h:170] Found solution in: 1
I20260909 04:41:32.003278   729 skeleton_planner.h:170] Found solution in: 2
I20260909 04:41:32.003288   729 skeleton_planner.h:170] Found solution in: 3
I20260909 04:41:32.003295   729 skeleton_planner.h:170] Found solution in: 1
I20260909 04:41:32.003311   729 skeleton_planner.h:170] Found solution in: 5
I20260909 04:41:32.003319   729 skeleton_planner.h:170] Found solution in: 1
I20260909 04:41:32.003331   729 skeleton_planner.h:170] Found solution in: 3
I20260909 04:41:32.003337   729 skeleton_planner.h:170] Found solution in: 1
I20260909 04:41:32.003345   729 skeleton_planner.h:170] Found solution in: 7
I20260909 04:41:32.003350   729 skeleton_planner.h:170] Found solution in: 1
I20260909 04:41:32.003371   729 skeleton_planner.h:170] Found solution in: 6
I20260909 04:41:32.003381   729 skeleton_planner.h:170] Found solution in: 1
I20260909 04:41:32.003407   729 skeleton_planner.h:170] Found solution in: 7
I20260909 04:41:32.003417   729 skeleton_planner.h:170] Found solution in: 1
I20260909 04:41:32.004134   729 skeleton_planner.h:170] Found solution in: 1
I20260909 04:41:32.004139   729 skeleton_planner.h:170] Found solution in: 2
I20260909 04:41:32.004571   729 skeleton_planner.h:170] Found solution in: 24
I20260909 04:41:32.004582   729 skeleton_planner.h:170] Found solution in: 1
I20260909 04:41:32.004984   729 skeleton_planner.h:170] Found solution in: 8
I20260909 04:41:32.004993   729 skeleton_planner.h:170] Found solution in: 1
I20260909 04:41:32.005211   729 skeleton_planner.h:170] Found solution in: 5
I20260909 04:41:32.005218   729 skeleton_planner.h:170] Found solution in: 1
I20260909 04:41:32.005462   729 skeleton_planner.h:170] Found solution in: 10
I20260909 04:41:32.005476   729 skeleton_planner.h:170] Found solution in: 1
I20260909 04:41:32.005498   729 skeleton_planner.h:170] Found solution in: 24
I20260909 04:41:32.005506   729 skeleton_planner.h:170] Found solution in: 4
I20260909 04:41:32.005513   729 skeleton_planner.h:170] Found solution in: 1
I20260909 04:41:32.005517   729 skeleton_planner.h:170] Found solution in: 3
I20260909 04:41:32.005529   729 skeleton_planner.h:170] Found solution in: 3
I20260909 04:41:32.005538   729 skeleton_planner.h:170] Found solution in: 1
I20260909 04:41:32.005555   729 skeleton_planner.h:170] Found solution in: 18
I20260909 04:41:32.005647   729 skeleton_planner.h:170] Found solution in: 4
I20260909 04:41:32.005656   729 skeleton_planner.h:170] Found solution in: 1
I20260909 04:41:32.005746   729 skeleton_planner.h:170] Found solution in: 4
I20260909 04:41:32.005753   729 skeleton_planner.h:170] Found solution in: 1
I20260909 04:41:32.005771   729 skeleton_planner.h:170] Found solution in: 5
I20260909 04:41:32.005779   729 skeleton_planner.h:170] Found solution in: 1
I20260909 04:41:32.005792   729 skeleton_planner.h:170] Found solution in: 3
I20260909 04:41:32.005802   729 skeleton_planner.h:170] Found solution in: 1
I20260909 04:41:32.005823   729 skeleton_planner.h:170] Found solution in: 6
I20260909 04:41:32.005831   729 skeleton_planner.h:170] Found solution in: 1
I20260909 04:41:32.005846   729 skeleton_planner.h:170] Found solution in: 4
I20260909 04:41:32.005856   729 skeleton_planner.h:170] Found solution in: 1
I20260909 04:41:32.005860   729 skeleton_planner.h:170] Found solution in: 3
I20260909 04:41:32.005878   729 skeleton_planner.h:170] Found solution in: 5
I20260909 04:41:32.005896   729 skeleton_planner.h:170] Found solution in: 1
I20260909 04:41:32.005901   729 skeleton_planner.h:170] Found solution in: 2
I20260909 04:41:32.006031   729 skeleton_planner.h:170] Found solution in: 78
I20260909 04:41:32.006111   729 skeleton_planner.h:170] Found solution in: 34
I20260909 04:41:32.006667   729 skeleton_planner.h:170] Found solution in: 35
I20260909 04:41:32.006682   729 skeleton_planner.h:170] Found solution in: 1
I20260909 04:41:32.006686   729 skeleton_planner.h:170] Found solution in: 2
I20260909 04:41:32.006776   729 skeleton_planner.h:170] Found solution in: 50
I20260909 04:41:32.006829   729 skeleton_planner.h:170] Found solution in: 22
I20260909 04:41:32.006891   729 skeleton_planner.h:170] Found solution in: 25
I20260909 04:41:32.007174   729 skeleton_planner.h:170] Found solution in: 56
I20260909 04:41:32.007187   729 skeleton_planner.h:170] Found solution in: 1
I20260909 04:41:32.007191   729 skeleton_planner.h:170] Found solution in: 3
I20260909 04:41:32.007205   729 skeleton_planner.h:170] Found solution in: 4
I20260909 04:41:32.007213   729 skeleton_planner.h:170] Found solution in: 1
I20260909 04:41:32.007225   729 skeleton_planner.h:170] Found solution in: 3
I20260909 04:41:32.007230   729 skeleton_planner.h:170] Found solution in: 1
I20260909 04:41:32.007236   729 skeleton_planner.h:170] Found solution in: 6
I20260909 04:41:32.007279   729 skeleton_planner.h:170] Found solution in: 16
I20260909 04:41:32.007304   729 skeleton_planner.h:170] Found solution in: 5
I20260909 04:41:32.007313   729 skeleton_planner.h:170] Found solution in: 1
I20260909 04:41:32.007331   729 skeleton_planner.h:170] Found solution in: 5
I20260909 04:41:32.007339   729 skeleton_planner.h:170] Found solution in: 1
I20260909 04:41:32.007347   729 skeleton_planner.h:170] Found solution in: 3
I20260909 04:41:32.007354   729 skeleton_planner.h:170] Found solution in: 1
I20260909 04:41:32.007357   729 skeleton_planner.h:170] Found solution in: 2
I20260909 04:41:32.007386   729 skeleton_planner.h:170] Found solution in: 10
I20260909 04:41:32.007395   729 skeleton_planner.h:170] Found solution in: 1
I20260909 04:41:32.007424   729 skeleton_planner.h:170] Found solution in: 10
I20260909 04:41:32.007436   729 skeleton_planner.h:170] Found solution in: 1
I20260909 04:41:32.007448   729 skeleton_planner.h:170] Found solution in: 13
I20260909 04:41:32.007459   729 skeleton_planner.h:170] Found solution in: 13
I20260909 04:41:32.007465   729 skeleton_planner.h:170] Found solution in: 1
I20260909 04:41:32.007469   729 skeleton_planner.h:170] Found solution in: 3
I20260909 04:41:32.007474   729 skeleton_planner.h:170] Found solution in: 1
I20260909 04:41:32.007563   729 skeleton_planner.h:170] Found solution in: 4
I20260909 04:41:32.007570   729 skeleton_planner.h:170] Found solution in: 1
I20260909 04:41:32.007579   729 skeleton_planner.h:170] Found solution in: 1
I20260909 04:41:32.007584   729 skeleton_planner.h:170] Found solution in: 1
I20260909 04:41:32.007805   729 skeleton_planner.h:170] Found solution in: 21
I20260909 04:41:32.007817   729 skeleton_planner.h:170] Found solution in: 1
I20260909 04:41:32.007819   729 skeleton_planner.h:170] Found solution in: 3
I20260909 04:41:32.007968   729 skeleton_planner.h:170] Found solution in: 1
I20260909 04:41:32.007972   729 skeleton_planner.h:170] Found solution in: 3
I20260909 04:41:32.008293   729 skeleton_planner.h:170] Found solution in: 1
I20260909 04:41:32.008327   729 skeleton_planner.h:170] Found solution in: 4
I20260909 04:41:32.008334   729 skeleton_planner.h:170] Found solution in: 1
I20260909 04:41:32.008339   729 skeleton_planner.h:170] Found solution in: 1
I20260909 04:41:32.008350   729 skeleton_planner.h:170] Found solution in: 3
I20260909 04:41:32.008356   729 skeleton_planner.h:170] Found solution in: 1
I20260909 04:41:32.008361   729 skeleton_planner.h:170] Found solution in: 4
I20260909 04:41:32.008369   729 skeleton_planner.h:170] Found solution in: 8
I20260909 04:41:32.008374   729 skeleton_planner.h:170] Found solution in: 1
I20260909 04:41:32.008378   729 skeleton_planner.h:170] Found solution in: 3
I20260909 04:41:32.008392   729 skeleton_planner.h:170] Found solution in: 5
I20260909 04:41:32.008399   729 skeleton_planner.h:170] Found solution in: 1
I20260909 04:41:32.008422   729 skeleton_planner.h:170] Found solution in: 3
I20260909 04:41:32.008435   729 skeleton_planner.h:170] Found solution in: 1
I20260909 04:41:32.008445   729 skeleton_planner.h:170] Found solution in: 1
I20260909 04:41:32.008453   729 skeleton_planner.h:170] Found solution in: 1
I20260909 04:41:32.008464   729 skeleton_planner.h:170] Found solution in: 1
I20260909 04:41:32.008472   729 skeleton_planner.h:170] Found solution in: 1
I20260909 04:41:32.008491   729 skeleton_planner.h:170] Found solution in: 20
I20260909 04:41:32.008502   729 skeleton_planner.h:170] Found solution in: 1
I20260909 04:41:32.008510   729 skeleton_planner.h:170] Found solution in: 9
I20260909 04:41:32.008623   729 skeleton_planner.h:170] Found solution in: 5
I20260909 04:41:32.008633   729 skeleton_planner.h:170] Found solution in: 1
I20260909 04:41:32.008642   729 skeleton_planner.h:170] Found solution in: 1
I20260909 04:41:32.008647   729 skeleton_planner.h:170] Found solution in: 5
I20260909 04:41:32.008652   729 skeleton_planner.h:170] Found solution in: 1
I20260909 04:41:32.008657   729 skeleton_planner.h:170] Found solution in: 5
I20260909 04:41:32.008666   729 skeleton_planner.h:170] Found solution in: 10
I20260909 04:41:32.008674   729 skeleton_planner.h:170] Found solution in: 1
I20260909 04:41:32.008708   729 skeleton_planner.h:170] Found solution in: 36
I20260909 04:41:32.008715   729 skeleton_planner.h:170] Found solution in: 1
I20260909 04:41:32.008721   729 skeleton_planner.h:170] Found solution in: 1
I20260909 04:41:32.008728   729 skeleton_planner.h:170] Found solution in: 8
I20260909 04:41:32.008738   729 skeleton_planner.h:170] Found solution in: 12
I20260909 04:41:32.008746   729 skeleton_planner.h:170] Found solution in: 1
I20260909 04:41:32.008767   729 skeleton_planner.h:170] Found solution in: 23
I20260909 04:41:32.008773   729 skeleton_planner.h:170] Found solution in: 1
I20260909 04:41:32.008778   729 skeleton_planner.h:170] Found solution in: 4
I20260909 04:41:32.008853   729 skeleton_planner.h:170] Found solution in: 28
I20260909 04:41:32.008863   729 skeleton_planner.h:170] Found solution in: 5
I20260909 04:41:32.008869   729 skeleton_planner.h:170] Found solution in: 1
I20260909 04:41:32.008876   729 skeleton_planner.h:170] Found solution in: 1
I20260909 04:41:32.008885   729 skeleton_planner.h:170] Found solution in: 8
I20260909 04:41:32.008889   729 skeleton_planner.h:170] Found solution in: 1
I20260909 04:41:32.008896   729 skeleton_planner.h:170] Found solution in: 6
I20260909 04:41:32.008903   729 skeleton_planner.h:170] Found solution in: 1
I20260909 04:41:32.008929   729 skeleton_planner.h:170] Found solution in: 7
I20260909 04:41:32.008935   729 skeleton_planner.h:170] Found solution in: 1
I20260909 04:41:32.009140   729 skeleton_planner.h:170] Found solution in: 96
I20260909 04:41:32.009155   729 skeleton_planner.h:170] Found solution in: 1
I20260909 04:41:32.009163   729 skeleton_planner.h:170] Found solution in: 1
I20260909 04:41:32.009167   729 skeleton_planner.h:170] Found solution in: 1
I20260909 04:41:32.009176   729 skeleton_planner.h:170] Found solution in: 1
I20260909 04:41:32.009181   729 skeleton_planner.h:170] Found solution in: 4
I20260909 04:41:32.009187   729 skeleton_planner.h:170] Found solution in: 1
I20260909 04:41:32.009193   729 skeleton_planner.h:170] Found solution in: 1
I20260909 04:41:32.009202   729 skeleton_planner.h:170] Found solution in: 1
I20260909 04:41:32.009233   729 skeleton_planner.h:170] Found solution in: 36
I20260909 04:41:32.009243   729 skeleton_planner.h:170] Found solution in: 1
I20260909 04:41:32.009253   729 skeleton_planner.h:170] Found solution in: 9
I20260909 04:41:32.009263   729 skeleton_planner.h:170] Found solution in: 11
I20260909 04:41:32.009269   729 skeleton_planner.h:170] Found solution in: 1
I20260909 04:41:32.009281   729 skeleton_planner.h:170] Found solution in: 14
I20260909 04:41:32.009289   729 skeleton_planner.h:170] Found solution in: 1
I20260909 04:41:32.009295   729 skeleton_planner.h:170] Found solution in: 8
I20260909 04:41:32.009301   729 skeleton_planner.h:170] Found solution in: 1
I20260909 04:41:32.009306   729 skeleton_planner.h:170] Found solution in: 3
I20260909 04:41:32.009320   729 skeleton_planner.h:170] Found solution in: 5
I20260909 04:41:32.009325   729 skeleton_planner.h:170] Found solution in: 1
I20260909 04:41:32.009341   729 skeleton_planner.h:170] Found solution in: 5
I20260909 04:41:32.009346   729 skeleton_planner.h:170] Found solution in: 1
I20260909 04:41:32.009359   729 skeleton_planner.h:170] Found solution in: 4
I20260909 04:41:32.009369   729 skeleton_planner.h:170] Found solution in: 1
I20260909 04:41:32.009372   729 skeleton_planner.h:170] Found solution in: 2
I20260909 04:41:32.009385   729 skeleton_planner.h:170] Found solution in: 4
I20260909 04:41:32.009393   729 skeleton_planner.h:170] Found solution in: 1
I20260909 04:41:32.009397   729 skeleton_planner.h:170] Found solution in: 2
I20260909 04:41:32.009428   729 skeleton_planner.h:170] Found solution in: 6
I20260909 04:41:32.009440   729 skeleton_planner.h:170] Found solution in: 1
I20260909 04:41:32.009466   729 skeleton_planner.h:170] Found solution in: 7
I20260909 04:41:32.009477   729 skeleton_planner.h:170] Found solution in: 1
I20260909 04:41:32.009483   729 skeleton_planner.h:170] Found solution in: 5
I20260909 04:41:32.009490   729 skeleton_planner.h:170] Found solution in: 8
I20260909 04:41:32.009519   729 skeleton_planner.h:170] Found solution in: 6
I20260909 04:41:32.009531   729 skeleton_planner.h:170] Found solution in: 1
I20260909 04:41:32.009543   729 skeleton_planner.h:170] Found solution in: 4
I20260909 04:41:32.009552   729 skeleton_planner.h:170] Found solution in: 1
I20260909 04:41:32.009558   729 skeleton_planner.h:170] Found solution in: 5
I20260909 04:41:32.009588   729 skeleton_planner.h:170] Found solution in: 7
I20260909 04:41:32.009598   729 skeleton_planner.h:170] Found solution in: 1
I20260909 04:41:32.009603   729 skeleton_planner.h:170] Found solution in: 1
I20260909 04:41:32.009608   729 skeleton_planner.h:170] Found solution in: 3
I20260909 04:41:32.010011   729 skeleton_planner.h:170] Found solution in: 1
I20260909 04:41:32.010015   729 skeleton_planner.h:170] Found solution in: 3
I20260909 04:41:32.010020   729 skeleton_planner.h:170] Found solution in: 1
I20260909 04:41:32.010198   729 skeleton_planner.h:170] Found solution in: 6
I20260909 04:41:32.010206   729 skeleton_planner.h:170] Found solution in: 1
I20260909 04:41:32.010216   729 skeleton_planner.h:170] Found solution in: 11
I20260909 04:41:32.010258   729 skeleton_planner.h:170] Found solution in: 9
I20260909 04:41:32.010270   729 skeleton_planner.h:170] Found solution in: 1
I20260909 04:41:32.010275   729 skeleton_planner.h:170] Found solution in: 4
I20260909 04:41:32.010283   729 skeleton_planner.h:170] Found solution in: 1
I20260909 04:41:32.010288   729 skeleton_planner.h:170] Found solution in: 4
I20260909 04:41:32.010295   729 skeleton_planner.h:170] Found solution in: 1
I20260909 04:41:32.010391   729 skeleton_planner.h:170] Found solution in: 5
I20260909 04:41:32.010399   729 skeleton_planner.h:170] Found solution in: 1
I20260909 04:41:32.010409   729 skeleton_planner.h:170] Found solution in: 11
I20260909 04:41:32.010416   729 skeleton_planner.h:170] Found solution in: 1
I20260909 04:41:32.010432   729 skeleton_planner.h:170] Found solution in: 20
I20260909 04:41:32.010440   729 skeleton_planner.h:170] Found solution in: 1
I20260909 04:41:32.010444   729 skeleton_planner.h:170] Found solution in: 1
I20260909 04:41:32.010452   729 skeleton_planner.h:170] Found solution in: 8
I20260909 04:41:32.010457   729 skeleton_planner.h:170] Found solution in: 5
I20260909 04:41:32.010461   729 skeleton_planner.h:170] Found solution in: 1
I20260909 04:41:32.010468   729 skeleton_planner.h:170] Found solution in: 8
I20260909 04:41:32.010478   729 skeleton_planner.h:170] Found solution in: 1
I20260909 04:41:32.010483   729 skeleton_planner.h:170] Found solution in: 1
I20260909 04:41:32.010490   729 skeleton_planner.h:170] Found solution in: 8
I20260909 04:41:32.010497   729 skeleton_planner.h:170] Found solution in: 1
I20260909 04:41:32.010512   729 skeleton_planner.h:170] Found solution in: 17
I20260909 04:41:32.010527   729 skeleton_planner.h:170] Found solution in: 17
I20260909 04:41:32.010536   729 skeleton_planner.h:170] Found solution in: 1
I20260909 04:41:32.010547   729 skeleton_planner.h:170] Found solution in: 4
I20260909 04:41:32.010555   729 skeleton_planner.h:170] Found solution in: 1
I20260909 04:41:32.010574   729 skeleton_planner.h:170] Found solution in: 7
I20260909 04:41:32.010581   729 skeleton_planner.h:170] Found solution in: 1
I20260909 04:41:32.010596   729 skeleton_planner.h:170] Found solution in: 5
I20260909 04:41:32.010604   729 skeleton_planner.h:170] Found solution in: 1
I20260909 04:41:32.010608   729 skeleton_planner.h:170] Found solution in: 1
I20260909 04:41:32.010612   729 skeleton_planner.h:170] Found solution in: 2
I20260909 04:41:32.010632   729 skeleton_planner.h:170] Found solution in: 7
I20260909 04:41:32.010640   729 skeleton_planner.h:170] Found solution in: 1
I20260909 04:41:32.010645   729 skeleton_planner.h:170] Found solution in: 3
I20260909 04:41:32.010681   729 skeleton_planner.h:170] Found solution in: 4
I20260909 04:41:32.010687   729 skeleton_planner.h:170] Found solution in: 1
I20260909 04:41:32.010692   729 skeleton_planner.h:170] Found solution in: 1
I20260909 04:41:32.010728   729 skeleton_planner.h:170] Found solution in: 5
I20260909 04:41:32.010736   729 skeleton_planner.h:170] Found solution in: 1
I20260909 04:41:32.010742   729 skeleton_planner.h:170] Found solution in: 6
I20260909 04:41:32.010749   729 skeleton_planner.h:170] Found solution in: 1
I20260909 04:41:32.010756   729 skeleton_planner.h:170] Found solution in: 6
I20260909 04:41:32.010762   729 skeleton_planner.h:170] Found solution in: 1
I20260909 04:41:32.010772   729 skeleton_planner.h:170] Found solution in: 1
I20260909 04:41:32.010795   729 skeleton_planner.h:170] Found solution in: 25
I20260909 04:41:32.010803   729 skeleton_planner.h:170] Found solution in: 1
I20260909 04:41:32.010839   729 skeleton_planner.h:170] Found solution in: 44
I20260909 04:41:32.010849   729 skeleton_planner.h:170] Found solution in: 1
I20260909 04:41:32.010865   729 skeleton_planner.h:170] Found solution in: 18
I20260909 04:41:32.010926   729 skeleton_planner.h:170] Found solution in: 79
I20260909 04:41:32.010936   729 skeleton_planner.h:170] Found solution in: 1
I20260909 04:41:32.010955   729 skeleton_planner.h:170] Found solution in: 24
I20260909 04:41:32.010964   729 skeleton_planner.h:170] Found solution in: 1
I20260909 04:41:32.010988   729 skeleton_planner.h:170] Found solution in: 5
I20260909 04:41:32.010998   729 skeleton_planner.h:170] Found solution in: 1
I20260909 04:41:32.011005   729 skeleton_planner.h:170] Found solution in: 1
I20260909 04:41:32.011099   729 skeleton_planner.h:170] Found solution in: 3
I20260909 04:41:32.011106   729 skeleton_planner.h:170] Found solution in: 1
I20260909 04:41:32.011112   729 skeleton_planner.h:170] Found solution in: 1
I20260909 04:41:32.011121   729 skeleton_planner.h:170] Found solution in: 8
I20260909 04:41:32.011130   729 skeleton_planner.h:170] Found solution in: 9
I20260909 04:41:32.011140   729 skeleton_planner.h:170] Found solution in: 1
I20260909 04:41:32.011240   729 skeleton_planner.h:170] Found solution in: 3
I20260909 04:41:32.011248   729 skeleton_planner.h:170] Found solution in: 1
I20260909 04:41:32.011257   729 skeleton_planner.h:170] Found solution in: 1
I20260909 04:41:32.011355   729 skeleton_planner.h:170] Found solution in: 5
I20260909 04:41:32.011366   729 skeleton_planner.h:170] Found solution in: 1
I20260909 04:41:32.011376   729 skeleton_planner.h:170] Found solution in: 1
I20260909 04:41:32.011468   729 skeleton_planner.h:170] Found solution in: 5
I20260909 04:41:32.011482   729 skeleton_planner.h:170] Found solution in: 1
I20260909 04:41:32.011524   729 skeleton_planner.h:170] Found solution in: 47
I20260909 04:41:32.011535   729 skeleton_planner.h:170] Found solution in: 1
I20260909 04:41:32.011577   729 skeleton_planner.h:170] Found solution in: 47
I20260909 04:41:32.011586   729 skeleton_planner.h:170] Found solution in: 1
I20260909 04:41:32.011592   729 skeleton_planner.h:170] Found solution in: 6
I20260909 04:41:32.011601   729 skeleton_planner.h:170] Found solution in: 10
I20260909 04:41:32.011611   729 skeleton_planner.h:170] Found solution in: 1
I20260909 04:41:32.011691   729 skeleton_planner.h:170] Found solution in: 3
I20260909 04:41:32.011700   729 skeleton_planner.h:170] Found solution in: 1
I20260909 04:41:32.011747   729 skeleton_planner.h:170] Found solution in: 64
I20260909 04:41:32.011758   729 skeleton_planner.h:170] Found solution in: 1
I20260909 04:41:32.011766   729 skeleton_planner.h:170] Found solution in: 8
I20260909 04:41:32.011857   729 skeleton_planner.h:170] Found solution in: 4
I20260909 04:41:32.011866   729 skeleton_planner.h:170] Found solution in: 1
I20260909 04:41:32.011906   729 skeleton_planner.h:170] Found solution in: 54
I20260909 04:41:32.011989   729 skeleton_planner.h:170] Found solution in: 5
I20260909 04:41:32.011999   729 skeleton_planner.h:170] Found solution in: 1
I20260909 04:41:32.012004   729 skeleton_planner.h:170] Found solution in: 1
I20260909 04:41:32.012009   729 skeleton_planner.h:170] Found solution in: 5
I20260909 04:41:32.012041   729 skeleton_planner.h:170] Found solution in: 40
I20260909 04:41:32.012049   729 skeleton_planner.h:170] Found solution in: 1
I20260909 04:41:32.012132   729 skeleton_planner.h:170] Found solution in: 3
I20260909 04:41:32.012138   729 skeleton_planner.h:170] Found solution in: 1
I20260909 04:41:32.012143   729 skeleton_planner.h:170] Found solution in: 5
I20260909 04:41:32.012176   729 skeleton_planner.h:170] Found solution in: 40
I20260909 04:41:32.012184   729 skeleton_planner.h:170] Found solution in: 1
I20260909 04:41:32.012193   729 skeleton_planner.h:170] Found solution in: 10
I20260909 04:41:32.012236   729 skeleton_planner.h:170] Found solution in: 44
I20260909 04:41:32.012250   729 skeleton_planner.h:170] Found solution in: 1
I20260909 04:41:32.012298   729 skeleton_planner.h:170] Found solution in: 60
I20260909 04:41:32.012367   729 skeleton_planner.h:170] Found solution in: 76
I20260909 04:41:32.012382   729 skeleton_planner.h:170] Found solution in: 1
I20260909 04:41:32.012384   729 skeleton_planner.h:170] Found solution in: 2
I20260909 04:41:32.012408   729 skeleton_planner.h:170] Found solution in: 7
I20260909 04:41:32.012419   729 skeleton_planner.h:170] Found solution in: 1
I20260909 04:41:32.012876   729 skeleton_planner.h:170] Found solution in: 18
I20260909 04:41:32.012888   729 skeleton_planner.h:170] Found solution in: 1
I20260909 04:41:32.012892   729 skeleton_planner.h:170] Found solution in: 3
I20260909 04:41:32.012898   729 skeleton_planner.h:170] Found solution in: 1
I20260909 04:41:32.012902   729 skeleton_planner.h:170] Found solution in: 3
I20260909 04:41:32.012907   729 skeleton_planner.h:170] Found solution in: 1
I20260909 04:41:32.012910   729 skeleton_planner.h:170] Found solution in: 4
I20260909 04:41:32.012966   729 skeleton_planner.h:170] Found solution in: 27
I20260909 04:41:32.013156   729 skeleton_planner.h:170] Found solution in: 1
I20260909 04:41:32.013162   729 skeleton_planner.h:170] Found solution in: 4
I20260909 04:41:32.013199   729 skeleton_planner.h:170] Found solution in: 13
I20260909 04:41:32.013209   729 skeleton_planner.h:170] Found solution in: 1
I20260909 04:41:32.013221   729 skeleton_planner.h:170] Found solution in: 3
I20260909 04:41:32.013228   729 skeleton_planner.h:170] Found solution in: 1
I20260909 04:41:32.013247   729 skeleton_planner.h:170] Found solution in: 5
I20260909 04:41:32.013254   729 skeleton_planner.h:170] Found solution in: 1
I20260909 04:41:32.013268   729 skeleton_planner.h:170] Found solution in: 4
I20260909 04:41:32.013278   729 skeleton_planner.h:170] Found solution in: 1
I20260909 04:41:32.013283   729 skeleton_planner.h:170] Found solution in: 3
I20260909 04:41:32.013302   729 skeleton_planner.h:170] Found solution in: 6
I20260909 04:41:32.013314   729 skeleton_planner.h:170] Found solution in: 1
I20260909 04:41:32.013321   729 skeleton_planner.h:170] Found solution in: 6
I20260909 04:41:32.013422   729 skeleton_planner.h:170] Found solution in: 3
I20260909 04:41:32.013432   729 skeleton_planner.h:170] Found solution in: 1
I20260909 04:41:32.013440   729 skeleton_planner.h:170] Found solution in: 1
I20260909 04:41:32.013445   729 skeleton_planner.h:170] Found solution in: 4
I20260909 04:41:32.013546   729 skeleton_planner.h:170] Found solution in: 4
I20260909 04:41:32.013557   729 skeleton_planner.h:170] Found solution in: 1
I20260909 04:41:32.013561   729 skeleton_planner.h:170] Found solution in: 2
I20260909 04:41:32.013578   729 skeleton_planner.h:170] Found solution in: 4
I20260909 04:41:32.013590   729 skeleton_planner.h:170] Found solution in: 1
I20260909 04:41:32.013603   729 skeleton_planner.h:170] Found solution in: 5
I20260909 04:41:32.013614   729 skeleton_planner.h:170] Found solution in: 1
I20260909 04:41:32.013628   729 skeleton_planner.h:170] Found solution in: 3
I20260909 04:41:32.013638   729 skeleton_planner.h:170] Found solution in: 1
I20260909 04:41:32.013651   729 skeleton_planner.h:170] Found solution in: 3
I20260909 04:41:32.013661   729 skeleton_planner.h:170] Found solution in: 1
I20260909 04:41:32.013664   729 skeleton_planner.h:170] Found solution in: 2
I20260909 04:41:32.013676   729 skeleton_planner.h:170] Found solution in: 4
I20260909 04:41:32.013684   729 skeleton_planner.h:170] Found solution in: 1
I20260909 04:41:32.013695   729 skeleton_planner.h:170] Found solution in: 3
I20260909 04:41:32.013705   729 skeleton_planner.h:170] Found solution in: 1
I20260909 04:41:32.013723   729 skeleton_planner.h:170] Found solution in: 3
I20260909 04:41:32.013731   729 skeleton_planner.h:170] Found solution in: 1
I20260909 04:41:32.013744   729 skeleton_planner.h:170] Found solution in: 3
I20260909 04:41:32.013751   729 skeleton_planner.h:170] Found solution in: 1
I20260909 04:41:32.013763   729 skeleton_planner.h:170] Found solution in: 3
I20260909 04:41:32.013770   729 skeleton_planner.h:170] Found solution in: 1
I20260909 04:41:32.013773   729 skeleton_planner.h:170] Found solution in: 2
I20260909 04:41:32.013783   729 skeleton_planner.h:170] Found solution in: 3
I20260909 04:41:32.013790   729 skeleton_planner.h:170] Found solution in: 1
I20260909 04:41:32.013803   729 skeleton_planner.h:170] Found solution in: 3
I20260909 04:41:32.013809   729 skeleton_planner.h:170] Found solution in: 1
I20260909 04:41:32.013819   729 skeleton_planner.h:170] Found solution in: 3
I20260909 04:41:32.013828   729 skeleton_planner.h:170] Found solution in: 1
I20260909 04:41:32.013845   729 skeleton_planner.h:170] Found solution in: 4
I20260909 04:41:32.013852   729 skeleton_planner.h:170] Found solution in: 1
I20260909 04:41:32.013867   729 skeleton_planner.h:170] Found solution in: 4
I20260909 04:41:32.013875   729 skeleton_planner.h:170] Found solution in: 1
I20260909 04:41:32.013968   729 skeleton_planner.h:170] Found solution in: 4
I20260909 04:41:32.013976   729 skeleton_planner.h:170] Found solution in: 1
I20260909 04:41:32.013990   729 skeleton_planner.h:170] Found solution in: 5
I20260909 04:41:32.013998   729 skeleton_planner.h:170] Found solution in: 1
I20260909 04:41:32.014004   729 skeleton_planner.h:170] Found solution in: 1
I20260909 04:41:32.014017   729 skeleton_planner.h:170] Found solution in: 12
I20260909 04:41:32.014029   729 skeleton_planner.h:170] Found solution in: 1
I20260909 04:41:32.014032   729 skeleton_planner.h:170] Found solution in: 2
I20260909 04:41:32.014042   729 skeleton_planner.h:170] Found solution in: 3
I20260909 04:41:32.014051   729 skeleton_planner.h:170] Found solution in: 1
I20260909 04:41:32.014060   729 skeleton_planner.h:170] Found solution in: 3
I20260909 04:41:32.014067   729 skeleton_planner.h:170] Found solution in: 1
I20260909 04:41:32.014072   729 skeleton_planner.h:170] Found solution in: 4
I20260909 04:41:32.014078   729 skeleton_planner.h:170] Found solution in: 1
I20260909 04:41:32.014082   729 skeleton_planner.h:170] Found solution in: 4
I20260909 04:41:32.014130   729 skeleton_planner.h:170] Found solution in: 7
I20260909 04:41:32.014138   729 skeleton_planner.h:170] Found solution in: 1
I20260909 04:41:32.014153   729 skeleton_planner.h:170] Found solution in: 4
I20260909 04:41:32.014161   729 skeleton_planner.h:170] Found solution in: 1
I20260909 04:41:32.014184   729 skeleton_planner.h:170] Found solution in: 7
I20260909 04:41:32.014202   729 skeleton_planner.h:170] Found solution in: 1
I20260909 04:41:32.014206   729 skeleton_planner.h:170] Found solution in: 2
I20260909 04:41:32.014219   729 skeleton_planner.h:170] Found solution in: 1
I20260909 04:41:32.014222   729 skeleton_planner.h:170] Found solution in: 2
I20260909 04:41:32.014227   729 skeleton_planner.h:170] Found solution in: 1
I20260909 04:41:32.014237   729 skeleton_planner.h:170] Found solution in: 1
I20260909 04:41:32.014245   729 skeleton_planner.h:170] Found solution in: 8
I20260909 04:41:32.014250   729 skeleton_planner.h:170] Found solution in: 6
I20260909 04:41:32.014284   729 skeleton_planner.h:170] Found solution in: 6
I20260909 04:41:32.014293   729 skeleton_planner.h:170] Found solution in: 1
I20260909 04:41:32.014302   729 skeleton_planner.h:170] Found solution in: 8
I20260909 04:41:32.014312   729 skeleton_planner.h:170] Found solution in: 1
I20260909 04:41:32.014318   729 skeleton_planner.h:170] Found solution in: 8
I20260909 04:41:32.014324   729 skeleton_planner.h:170] Found solution in: 1
I20260909 04:41:32.014331   729 skeleton_planner.h:170] Found solution in: 1
I20260909 04:41:32.014348   729 skeleton_planner.h:170] Found solution in: 5
I20260909 04:41:32.014355   729 skeleton_planner.h:170] Found solution in: 1
I20260909 04:41:32.014364   729 skeleton_planner.h:170] Found solution in: 8
I20260909 04:41:32.014371   729 skeleton_planner.h:170] Found solution in: 1
I20260909 04:41:32.014375   729 skeleton_planner.h:170] Found solution in: 3
I20260909 04:41:32.014394   729 skeleton_planner.h:170] Found solution in: 4
I20260909 04:41:32.014406   729 skeleton_planner.h:170] Found solution in: 1
I20260909 04:41:32.014410   729 skeleton_planner.h:170] Found solution in: 1
I20260909 04:41:32.014422   729 skeleton_planner.h:170] Found solution in: 4
I20260909 04:41:32.014431   729 skeleton_planner.h:170] Found solution in: 1
I20260909 04:41:32.014525   729 skeleton_planner.h:170] Found solution in: 5
I20260909 04:41:32.014536   729 skeleton_planner.h:170] Found solution in: 1
I20260909 04:41:32.014631   729 skeleton_planner.h:170] Found solution in: 6
I20260909 04:41:32.014642   729 skeleton_planner.h:170] Found solution in: 1
I20260909 04:41:32.014650   729 skeleton_planner.h:170] Found solution in: 7
I20260909 04:41:32.014678   729 skeleton_planner.h:170] Found solution in: 7
I20260909 04:41:32.014686   729 skeleton_planner.h:170] Found solution in: 1
I20260909 04:41:32.014690   729 skeleton_planner.h:170] Found solution in: 3
I20260909 04:41:32.014701   729 skeleton_planner.h:170] Found solution in: 3
I20260909 04:41:32.014709   729 skeleton_planner.h:170] Found solution in: 1
I20260909 04:41:32.014719   729 skeleton_planner.h:170] Found solution in: 3
I20260909 04:41:32.014726   729 skeleton_planner.h:170] Found solution in: 1
I20260909 04:41:32.014744   729 skeleton_planner.h:170] Found solution in: 4
I20260909 04:41:32.014755   729 skeleton_planner.h:170] Found solution in: 1
I20260909 04:41:32.014775   729 skeleton_planner.h:170] Found solution in: 7
I20260909 04:41:32.014782   729 skeleton_planner.h:170] Found solution in: 1
I20260909 04:41:32.014878   729 skeleton_planner.h:170] Found solution in: 5
I20260909 04:41:32.014885   729 skeleton_planner.h:170] Found solution in: 1
I20260909 04:41:32.014895   729 skeleton_planner.h:170] Found solution in: 3
I20260909 04:41:32.014906   729 skeleton_planner.h:170] Found solution in: 1
I20260909 04:41:32.014914   729 skeleton_planner.h:170] Found solution in: 1
I20260909 04:41:32.014918   729 skeleton_planner.h:170] Found solution in: 4
I20260909 04:41:32.014959   729 skeleton_planner.h:170] Found solution in: 50
I20260909 04:41:32.014986   729 skeleton_planner.h:170] Found solution in: 31
I20260909 04:41:32.014992   729 skeleton_planner.h:170] Found solution in: 1
I20260909 04:41:32.014997   729 skeleton_planner.h:170] Found solution in: 4
I20260909 04:41:32.015038   729 skeleton_planner.h:170] Found solution in: 50
I20260909 04:41:32.015062   729 skeleton_planner.h:170] Found solution in: 31
I20260909 04:41:32.015070   729 skeleton_planner.h:170] Found solution in: 1
I20260909 04:41:32.015105   729 skeleton_planner.h:170] Found solution in: 3
I20260909 04:41:32.015110   729 skeleton_planner.h:170] Found solution in: 1
I20260909 04:41:32.015116   729 skeleton_planner.h:170] Found solution in: 1
I20260909 04:41:32.015156   729 skeleton_planner.h:170] Found solution in: 5
I20260909 04:41:32.015163   729 skeleton_planner.h:170] Found solution in: 1
I20260909 04:41:32.015168   729 skeleton_planner.h:170] Found solution in: 1
I20260909 04:41:32.015190   729 skeleton_planner.h:170] Found solution in: 28
I20260909 04:41:32.015196   729 skeleton_planner.h:170] Found solution in: 5
I20260909 04:41:32.015201   729 skeleton_planner.h:170] Found solution in: 1
I20260909 04:41:32.015223   729 skeleton_planner.h:170] Found solution in: 27
I20260909 04:41:32.015244   729 skeleton_planner.h:170] Found solution in: 28
I20260909 04:41:32.015252   729 skeleton_planner.h:170] Found solution in: 1
I20260909 04:41:32.015255   729 skeleton_planner.h:170] Found solution in: 2
I20260909 04:41:32.015266   729 skeleton_planner.h:170] Found solution in: 4
I20260909 04:41:32.015275   729 skeleton_planner.h:170] Found solution in: 1
I20260909 04:41:32.015290   729 skeleton_planner.h:170] Found solution in: 4
I20260909 04:41:32.015297   729 skeleton_planner.h:170] Found solution in: 1
I20260909 04:41:32.015306   729 skeleton_planner.h:170] Found solution in: 1
I20260909 04:41:32.015326   729 skeleton_planner.h:170] Found solution in: 6
I20260909 04:41:32.015333   729 skeleton_planner.h:170] Found solution in: 1
I20260909 04:41:32.015343   729 skeleton_planner.h:170] Found solution in: 1
I20260909 04:41:32.015349   729 skeleton_planner.h:170] Found solution in: 1
I20260909 04:41:32.015450   729 skeleton_planner.h:170] Found solution in: 3
I20260909 04:41:32.015458   729 skeleton_planner.h:170] Found solution in: 1
I20260909 04:41:32.015467   729 skeleton_planner.h:170] Found solution in: 1
I20260909 04:41:32.015498   729 skeleton_planner.h:170] Found solution in: 6
I20260909 04:41:32.015509   729 skeleton_planner.h:170] Found solution in: 1
I20260909 04:41:32.015514   729 skeleton_planner.h:170] Found solution in: 3
I20260909 04:41:32.015538   729 skeleton_planner.h:170] Found solution in: 6
I20260909 04:41:32.015550   729 skeleton_planner.h:170] Found solution in: 1
I20260909 04:41:32.015641   729 skeleton_planner.h:170] Found solution in: 5
I20260909 04:41:32.015651   729 skeleton_planner.h:170] Found solution in: 1
I20260909 04:41:32.015659   729 skeleton_planner.h:170] Found solution in: 1
I20260909 04:41:32.015677   729 skeleton_planner.h:170] Found solution in: 5
I20260909 04:41:32.015689   729 skeleton_planner.h:170] Found solution in: 1
I20260909 04:41:32.015717   729 skeleton_planner.h:170] Found solution in: 6
I20260909 04:41:32.015726   729 skeleton_planner.h:170] Found solution in: 1
I20260909 04:41:32.015733   729 skeleton_planner.h:170] Found solution in: 1
I20260909 04:41:32.015738   729 skeleton_planner.h:170] Found solution in: 5
I20260909 04:41:32.015756   729 skeleton_planner.h:170] Found solution in: 4
I20260909 04:41:32.015765   729 skeleton_planner.h:170] Found solution in: 1
I20260909 04:41:32.015785   729 skeleton_planner.h:170] Found solution in: 5
I20260909 04:41:32.015793   729 skeleton_planner.h:170] Found solution in: 1
I20260909 04:41:32.015800   729 skeleton_planner.h:170] Found solution in: 1
I20260909 04:41:32.015812   729 skeleton_planner.h:170] Found solution in: 3
I20260909 04:41:32.015820   729 skeleton_planner.h:170] Found solution in: 1
I20260909 04:41:32.015841   729 skeleton_planner.h:170] Found solution in: 6
I20260909 04:41:32.015847   729 skeleton_planner.h:170] Found solution in: 1
I20260909 04:41:32.015856   729 skeleton_planner.h:170] Found solution in: 9
I20260909 04:41:32.015861   729 skeleton_planner.h:170] Found solution in: 1
I20260909 04:41:32.015872   729 skeleton_planner.h:170] Found solution in: 12
I20260909 04:41:32.015879   729 skeleton_planner.h:170] Found solution in: 1
I20260909 04:41:32.015888   729 skeleton_planner.h:170] Found solution in: 9
I20260909 04:41:32.015901   729 skeleton_planner.h:170] Found solution in: 14
I20260909 04:41:32.015908   729 skeleton_planner.h:170] Found solution in: 1
I20260909 04:41:32.015916   729 skeleton_planner.h:170] Found solution in: 9
I20260909 04:41:32.015935   729 skeleton_planner.h:170] Found solution in: 22
I20260909 04:41:32.015951   729 skeleton_planner.h:170] Found solution in: 1
I20260909 04:41:32.015964   729 skeleton_planner.h:170] Found solution in: 3
I20260909 04:41:32.015976   729 skeleton_planner.h:170] Found solution in: 1
I20260909 04:41:32.015982   729 skeleton_planner.h:170] Found solution in: 1
I20260909 04:41:32.015990   729 skeleton_planner.h:170] Found solution in: 6
I20260909 04:41:32.016000   729 skeleton_planner.h:170] Found solution in: 14
I20260909 04:41:32.016005   729 skeleton_planner.h:170] Found solution in: 1
I20260909 04:41:32.016067   729 skeleton_planner.h:170] Found solution in: 26
I20260909 04:41:32.016076   729 skeleton_planner.h:170] Found solution in: 6
I20260909 04:41:32.016081   729 skeleton_planner.h:170] Found solution in: 1
I20260909 04:41:32.016114   729 skeleton_planner.h:170] Found solution in: 16
I20260909 04:41:32.016139   729 skeleton_planner.h:170] Found solution in: 8
I20260909 04:41:32.016147   729 skeleton_planner.h:170] Found solution in: 1
I20260909 04:41:32.016176   729 skeleton_planner.h:170] Found solution in: 6
I20260909 04:41:32.016186   729 skeleton_planner.h:170] Found solution in: 1
I20260909 04:41:32.016192   729 skeleton_planner.h:170] Found solution in: 4
I20260909 04:41:32.016208   729 skeleton_planner.h:170] Found solution in: 19
I20260909 04:41:32.016218   729 skeleton_planner.h:170] Found solution in: 1
I20260909 04:41:32.016232   729 skeleton_planner.h:170] Found solution in: 15
I20260909 04:41:32.016240   729 skeleton_planner.h:170] Found solution in: 1
I20260909 04:41:32.016330   729 skeleton_planner.h:170] Found solution in: 3
I20260909 04:41:32.016338   729 skeleton_planner.h:170] Found solution in: 1
I20260909 04:41:32.016424   729 skeleton_planner.h:170] Found solution in: 3
I20260909 04:41:32.016434   729 skeleton_planner.h:170] Found solution in: 1
I20260909 04:41:32.016440   729 skeleton_planner.h:170] Found solution in: 4
I20260909 04:41:32.016448   729 skeleton_planner.h:170] Found solution in: 1
I20260909 04:41:32.016532   729 skeleton_planner.h:170] Found solution in: 3
I20260909 04:41:32.016541   729 skeleton_planner.h:170] Found solution in: 1
I20260909 04:41:32.016628   729 skeleton_planner.h:170] Found solution in: 3
I20260909 04:41:32.016639   729 skeleton_planner.h:170] Found solution in: 1
I20260909 04:41:32.016649   729 skeleton_planner.h:170] Found solution in: 1
I20260909 04:41:32.016661   729 skeleton_planner.h:170] Found solution in: 15
I20260909 04:41:32.016672   729 skeleton_planner.h:170] Found solution in: 12
I20260909 04:41:32.016680   729 skeleton_planner.h:170] Found solution in: 1
I20260909 04:41:32.016686   729 skeleton_planner.h:170] Found solution in: 1
I20260909 04:41:32.016693   729 skeleton_planner.h:170] Found solution in: 6
I20260909 04:41:32.016705   729 skeleton_planner.h:170] Found solution in: 1
I20260909 04:41:32.016793   729 skeleton_planner.h:170] Found solution in: 4
I20260909 04:41:32.016800   729 skeleton_planner.h:170] Found solution in: 1
I20260909 04:41:32.016806   729 skeleton_planner.h:170] Found solution in: 6
I20260909 04:41:32.016832   729 skeleton_planner.h:170] Found solution in: 33
I20260909 04:41:32.016842   729 skeleton_planner.h:170] Found solution in: 1
I20260909 04:41:32.016849   729 skeleton_planner.h:170] Found solution in: 1
I20260909 04:41:32.016875   729 skeleton_planner.h:170] Found solution in: 35
I20260909 04:41:32.016885   729 skeleton_planner.h:170] Found solution in: 1
I20260909 04:41:32.016975   729 skeleton_planner.h:170] Found solution in: 3
I20260909 04:41:32.016983   729 skeleton_planner.h:170] Found solution in: 1
I20260909 04:41:32.016987   729 skeleton_planner.h:170] Found solution in: 2
I20260909 04:41:32.016999   729 skeleton_planner.h:170] Found solution in: 3
I20260909 04:41:32.017010   729 skeleton_planner.h:170] Found solution in: 1
I20260909 04:41:32.017020   729 skeleton_planner.h:170] Found solution in: 3
I20260909 04:41:32.017028   729 skeleton_planner.h:170] Found solution in: 1
I20260909 04:41:32.017052   729 skeleton_planner.h:170] Found solution in: 6
I20260909 04:41:32.017061   729 skeleton_planner.h:170] Found solution in: 1
I20260909 04:41:32.017145   729 skeleton_planner.h:170] Found solution in: 3
I20260909 04:41:32.017153   729 skeleton_planner.h:170] Found solution in: 1
I20260909 04:41:32.017161   729 skeleton_planner.h:170] Found solution in: 9
I20260909 04:41:32.017169   729 skeleton_planner.h:170] Found solution in: 1
I20260909 04:41:32.017179   729 skeleton_planner.h:170] Found solution in: 10
I20260909 04:41:32.017184   729 skeleton_planner.h:170] Found solution in: 1
I20260909 04:41:32.017201   729 skeleton_planner.h:170] Found solution in: 4
I20260909 04:41:32.017208   729 skeleton_planner.h:170] Found solution in: 1
I20260909 04:41:32.017277   729 skeleton_planner.h:170] Found solution in: 3
I20260909 04:41:32.017284   729 skeleton_planner.h:170] Found solution in: 1
I20260909 04:41:32.017293   729 skeleton_planner.h:170] Found solution in: 9
I20260909 04:41:32.017302   729 skeleton_planner.h:170] Found solution in: 1
I20260909 04:41:32.017326   729 skeleton_planner.h:170] Found solution in: 30
I20260909 04:41:32.017333   729 skeleton_planner.h:170] Found solution in: 6
I20260909 04:41:32.017405   729 skeleton_planner.h:170] Found solution in: 6
I20260909 04:41:32.017412   729 skeleton_planner.h:170] Found solution in: 1
I20260909 04:41:32.017423   729 skeleton_planner.h:170] Found solution in: 13
I20260909 04:41:32.017432   729 skeleton_planner.h:170] Found solution in: 1
I20260909 04:41:32.017439   729 skeleton_planner.h:170] Found solution in: 1
I20260909 04:41:32.017445   729 skeleton_planner.h:170] Found solution in: 5
I20260909 04:41:32.017515   729 skeleton_planner.h:170] Found solution in: 5
I20260909 04:41:32.017524   729 skeleton_planner.h:170] Found solution in: 1
I20260909 04:41:32.017542   729 skeleton_planner.h:170] Found solution in: 5
I20260909 04:41:32.017551   729 skeleton_planner.h:170] Found solution in: 1
I20260909 04:41:32.017560   729 skeleton_planner.h:170] Found solution in: 1
I20260909 04:41:32.017652   729 skeleton_planner.h:170] Found solution in: 4
I20260909 04:41:32.017664   729 skeleton_planner.h:170] Found solution in: 1
I20260909 04:41:32.017755   729 skeleton_planner.h:170] Found solution in: 3
I20260909 04:41:32.017767   729 skeleton_planner.h:170] Found solution in: 1
I20260909 04:41:32.017772   729 skeleton_planner.h:170] Found solution in: 6
I20260909 04:41:32.017795   729 skeleton_planner.h:170] Found solution in: 6
I20260909 04:41:32.017809   729 skeleton_planner.h:170] Found solution in: 1
I20260909 04:41:32.017844   729 skeleton_planner.h:170] Found solution in: 4
I20260909 04:41:32.017854   729 skeleton_planner.h:170] Found solution in: 1
I20260909 04:41:32.017864   729 skeleton_planner.h:170] Found solution in: 3
I20260909 04:41:32.017874   729 skeleton_planner.h:170] Found solution in: 1
I20260909 04:41:32.017877   729 skeleton_planner.h:170] Found solution in: 3
I20260909 04:41:32.017887   729 skeleton_planner.h:170] Found solution in: 3
I20260909 04:41:32.017894   729 skeleton_planner.h:170] Found solution in: 1
I20260909 04:41:32.017905   729 skeleton_planner.h:170] Found solution in: 3
I20260909 04:41:32.017913   729 skeleton_planner.h:170] Found solution in: 1
I20260909 04:41:32.017918   729 skeleton_planner.h:170] Found solution in: 1
I20260909 04:41:32.017928   729 skeleton_planner.h:170] Found solution in: 3
I20260909 04:41:32.017936   729 skeleton_planner.h:170] Found solution in: 1
I20260909 04:41:32.017952   729 skeleton_planner.h:170] Found solution in: 5
I20260909 04:41:32.017961   729 skeleton_planner.h:170] Found solution in: 1
I20260909 04:41:32.017966   729 skeleton_planner.h:170] Found solution in: 3
I20260909 04:41:32.017980   729 skeleton_planner.h:170] Found solution in: 4
I20260909 04:41:32.017989   729 skeleton_planner.h:170] Found solution in: 1
I20260909 04:41:32.017995   729 skeleton_planner.h:170] Found solution in: 1
I20260909 04:41:32.018002   729 skeleton_planner.h:170] Found solution in: 1
I20260909 04:41:32.018013   729 skeleton_planner.h:170] Found solution in: 10
I20260909 04:41:32.018020   729 skeleton_planner.h:170] Found solution in: 1
I20260909 04:41:32.018030   729 skeleton_planner.h:170] Found solution in: 10
I20260909 04:41:32.018036   729 skeleton_planner.h:170] Found solution in: 1
I20260909 04:41:32.018047   729 skeleton_planner.h:170] Found solution in: 11
I20260909 04:41:32.018054   729 skeleton_planner.h:170] Found solution in: 1
I20260909 04:41:32.018069   729 skeleton_planner.h:170] Found solution in: 20
I20260909 04:41:32.018096   729 skeleton_planner.h:170] Found solution in: 37
I20260909 04:41:32.018105   729 skeleton_planner.h:170] Found solution in: 1
I20260909 04:41:32.018110   729 skeleton_planner.h:170] Found solution in: 1
I20260909 04:41:32.018129   729 skeleton_planner.h:170] Found solution in: 26
I20260909 04:41:32.018137   729 skeleton_planner.h:170] Found solution in: 1
I20260909 04:41:32.018226   729 skeleton_planner.h:170] Found solution in: 3
I20260909 04:41:32.018234   729 skeleton_planner.h:170] Found solution in: 1
I20260909 04:41:32.018263   729 skeleton_planner.h:170] Found solution in: 37
I20260909 04:41:32.018273   729 skeleton_planner.h:170] Found solution in: 1
I20260909 04:41:32.018280   729 skeleton_planner.h:170] Found solution in: 6
I20260909 04:41:32.018311   729 skeleton_planner.h:170] Found solution in: 35
I20260909 04:41:32.018318   729 skeleton_planner.h:170] Found solution in: 1
I20260909 04:41:32.018322   729 skeleton_planner.h:170] Found solution in: 2
I20260909 04:41:32.018340   729 skeleton_planner.h:170] Found solution in: 7
I20260909 04:41:32.018349   729 skeleton_planner.h:170] Found solution in: 1
I20260909 04:41:32.018354   729 skeleton_planner.h:170] Found solution in: 4
I20260909 04:41:32.018375   729 skeleton_planner.h:170] Found solution in: 8
I20260909 04:41:32.018383   729 skeleton_planner.h:170] Found solution in: 1
I20260909 04:41:32.018492   729 skeleton_planner.h:170] Found solution in: 88
I20260909 04:41:32.018612   729 skeleton_planner.h:170] Found solution in: 95
I20260909 04:41:32.018622   729 skeleton_planner.h:170] Found solution in: 1
I20260909 04:41:32.018635   729 skeleton_planner.h:170] Found solution in: 4
I20260909 04:41:32.018644   729 skeleton_planner.h:170] Found solution in: 1
I20260909 04:41:32.018653   729 skeleton_planner.h:170] Found solution in: 8
I20260909 04:41:32.018661   729 skeleton_planner.h:170] Found solution in: 1
I20260909 04:41:32.018667   729 skeleton_planner.h:170] Found solution in: 6
I20260909 04:41:32.018676   729 skeleton_planner.h:170] Found solution in: 1
I20260909 04:41:32.018694   729 skeleton_planner.h:170] Found solution in: 7
I20260909 04:41:32.018702   729 skeleton_planner.h:170] Found solution in: 1
I20260909 04:41:32.018707   729 skeleton_planner.h:170] Found solution in: 1
I20260909 04:41:32.018733   729 skeleton_planner.h:170] Found solution in: 6
I20260909 04:41:32.018741   729 skeleton_planner.h:170] Found solution in: 1
I20260909 04:41:32.018749   729 skeleton_planner.h:170] Found solution in: 1
I20260909 04:41:32.018754   729 skeleton_planner.h:170] Found solution in: 3
I20260909 04:41:32.018780   729 skeleton_planner.h:170] Found solution in: 10
I20260909 04:41:32.018788   729 skeleton_planner.h:170] Found solution in: 1
I20260909 04:41:32.018795   729 skeleton_planner.h:170] Found solution in: 1
I20260909 04:41:32.018801   729 skeleton_planner.h:170] Found solution in: 5
I20260909 04:41:32.018811   729 skeleton_planner.h:170] Found solution in: 11
I20260909 04:41:32.018816   729 skeleton_planner.h:170] Found solution in: 1
I20260909 04:41:32.018821   729 skeleton_planner.h:170] Found solution in: 5
I20260909 04:41:32.018843   729 skeleton_planner.h:170] Found solution in: 24
I20260909 04:41:32.018853   729 skeleton_planner.h:170] Found solution in: 11
I20260909 04:41:32.018862   729 skeleton_planner.h:170] Found solution in: 1
I20260909 04:41:32.018927   729 skeleton_planner.h:170] Found solution in: 3
I20260909 04:41:32.018936   729 skeleton_planner.h:170] Found solution in: 1
I20260909 04:41:32.018947   729 skeleton_planner.h:170] Found solution in: 3
I20260909 04:41:32.018955   729 skeleton_planner.h:170] Found solution in: 1
I20260909 04:41:32.019038   729 skeleton_planner.h:170] Found solution in: 5
I20260909 04:41:32.019047   729 skeleton_planner.h:170] Found solution in: 1
I20260909 04:41:32.019052   729 skeleton_planner.h:170] Found solution in: 3
I20260909 04:41:32.019055   729 skeleton_planner.h:170] Found solution in: 3
I20260909 04:41:32.019068   729 skeleton_planner.h:170] Found solution in: 4
I20260909 04:41:32.019078   729 skeleton_planner.h:170] Found solution in: 1
I20260909 04:41:32.019112   729 skeleton_planner.h:170] Found solution in: 6
I20260909 04:41:32.019121   729 skeleton_planner.h:170] Found solution in: 1
I20260909 04:41:32.019130   729 skeleton_planner.h:170] Found solution in: 1
I20260909 04:41:32.019137   729 skeleton_planner.h:170] Found solution in: 8
I20260909 04:41:32.019158   729 skeleton_planner.h:170] Found solution in: 25
I20260909 04:41:32.019167   729 skeleton_planner.h:170] Found solution in: 1
I20260909 04:41:32.019201   729 skeleton_planner.h:170] Found solution in: 5
I20260909 04:41:32.019210   729 skeleton_planner.h:170] Found solution in: 1
I20260909 04:41:32.019217   729 skeleton_planner.h:170] Found solution in: 1
I20260909 04:41:32.019222   729 skeleton_planner.h:170] Found solution in: 2
I20260909 04:41:32.019241   729 skeleton_planner.h:170] Found solution in: 7
I20260909 04:41:32.019248   729 skeleton_planner.h:170] Found solution in: 1
I20260909 04:41:32.019255   729 skeleton_planner.h:170] Found solution in: 1
I20260909 04:41:32.019260   729 skeleton_planner.h:170] Found solution in: 4
I20260909 04:41:32.019284   729 skeleton_planner.h:170] Found solution in: 30
I20260909 04:41:32.019291   729 skeleton_planner.h:170] Found solution in: 1
I20260909 04:41:32.019297   729 skeleton_planner.h:170] Found solution in: 4
I20260909 04:41:32.019327   729 skeleton_planner.h:170] Found solution in: 36
I20260909 04:41:32.019356   729 skeleton_planner.h:170] Found solution in: 34
I20260909 04:41:32.019363   729 skeleton_planner.h:170] Found solution in: 1
I20260909 04:41:32.019367   729 skeleton_planner.h:170] Found solution in: 3
I20260909 04:41:32.019389   729 skeleton_planner.h:170] Found solution in: 7
I20260909 04:41:32.019397   729 skeleton_planner.h:170] Found solution in: 1
I20260909 04:41:32.019416   729 skeleton_planner.h:170] Found solution in: 8
I20260909 04:41:32.019423   729 skeleton_planner.h:170] Found solution in: 1
I20260909 04:41:32.019639   729 skeleton_planner.h:170] Found solution in: 1
I20260909 04:41:32.020011   729 skeleton_planner.h:170] Found solution in: 9
I20260909 04:41:32.020016   729 skeleton_planner.h:170] Found solution in: 1
I20260909 04:41:32.020021   729 skeleton_planner.h:170] Found solution in: 4
I20260909 04:41:32.020210   729 skeleton_planner.h:170] Found solution in: 1
I20260909 04:41:32.020215   729 skeleton_planner.h:170] Found solution in: 2
I20260909 04:41:32.020223   729 skeleton_planner.h:170] Found solution in: 1
I20260909 04:41:32.020231   729 skeleton_planner.h:170] Found solution in: 1
I20260909 04:41:32.020260   729 skeleton_planner.h:170] Found solution in: 10
I20260909 04:41:32.020272   729 skeleton_planner.h:170] Found solution in: 1
I20260909 04:41:32.020277   729 skeleton_planner.h:170] Found solution in: 1
I20260909 04:41:32.020279   729 skeleton_planner.h:170] Found solution in: 2
I20260909 04:41:32.020292   729 skeleton_planner.h:170] Found solution in: 5
I20260909 04:41:32.020298   729 skeleton_planner.h:170] Found solution in: 1
I20260909 04:41:32.020318   729 skeleton_planner.h:170] Found solution in: 7
I20260909 04:41:32.020332   729 skeleton_planner.h:170] Found solution in: 1
I20260909 04:41:32.020340   729 skeleton_planner.h:170] Found solution in: 1
I20260909 04:41:32.020349   729 skeleton_planner.h:170] Found solution in: 7
I20260909 04:41:32.020355   729 skeleton_planner.h:170] Found solution in: 1
I20260909 04:41:32.020359   729 skeleton_planner.h:170] Found solution in: 1
I20260909 04:41:32.020364   729 skeleton_planner.h:170] Found solution in: 1
I20260909 04:41:32.020371   729 skeleton_planner.h:170] Found solution in: 7
I20260909 04:41:32.020380   729 skeleton_planner.h:170] Found solution in: 1
I20260909 04:41:32.020385   729 skeleton_planner.h:170] Found solution in: 4
I20260909 04:41:32.021193   729 skeleton_planner.h:170] Found solution in: 1
I20260909 04:41:32.021199   729 skeleton_planner.h:170] Found solution in: 4
I20260909 04:41:32.022047   729 skeleton_planner.h:170] Found solution in: 1
I20260909 04:41:32.022408   729 skeleton_planner.h:170] Found solution in: 7
I20260909 04:41:32.022418   729 skeleton_planner.h:170] Found solution in: 1
I20260909 04:41:32.022423   729 skeleton_planner.h:170] Found solution in: 2
I20260909 04:41:32.022434   729 skeleton_planner.h:170] Found solution in: 5
I20260909 04:41:32.022441   729 skeleton_planner.h:170] Found solution in: 1
I20260909 04:41:32.022455   729 skeleton_planner.h:170] Found solution in: 4
I20260909 04:41:32.022461   729 skeleton_planner.h:170] Found solution in: 1
I20260909 04:41:32.022675   729 skeleton_planner.h:170] Found solution in: 1
I20260909 04:41:32.022683   729 skeleton_planner.h:170] Found solution in: 1
I20260909 04:41:32.022698   729 skeleton_planner.h:170] Found solution in: 4
I20260909 04:41:32.022707   729 skeleton_planner.h:170] Found solution in: 1
I20260909 04:41:32.022717   729 skeleton_planner.h:170] Found solution in: 10
I20260909 04:41:32.022723   729 skeleton_planner.h:170] Found solution in: 1
I20260909 04:41:32.022727   729 skeleton_planner.h:170] Found solution in: 3
I20260909 04:41:32.022732   729 skeleton_planner.h:170] Found solution in: 1
I20260909 04:41:32.022737   729 skeleton_planner.h:170] Found solution in: 3
I20260909 04:41:32.022742   729 skeleton_planner.h:170] Found solution in: 1
I20260909 04:41:32.022753   729 skeleton_planner.h:170] Found solution in: 12
I20260909 04:41:32.022766   729 skeleton_planner.h:170] Found solution in: 1
I20260909 04:41:32.022773   729 skeleton_planner.h:170] Found solution in: 5
I20260909 04:41:32.022779   729 skeleton_planner.h:170] Found solution in: 1
I20260909 04:41:32.022786   729 skeleton_planner.h:170] Found solution in: 1
I20260909 04:41:32.022799   729 skeleton_planner.h:170] Found solution in: 3
I20260909 04:41:32.022809   729 skeleton_planner.h:170] Found solution in: 1
I20260909 04:41:32.022818   729 skeleton_planner.h:170] Found solution in: 1
I20260909 04:41:32.022825   729 skeleton_planner.h:170] Found solution in: 5
I20260909 04:41:32.022831   729 skeleton_planner.h:170] Found solution in: 7
I20260909 04:41:32.022840   729 skeleton_planner.h:170] Found solution in: 1
I20260909 04:41:32.022843   729 skeleton_planner.h:170] Found solution in: 2
I20260909 04:41:32.022856   729 skeleton_planner.h:170] Found solution in: 5
I20260909 04:41:32.022866   729 skeleton_planner.h:170] Found solution in: 1
I20260909 04:41:32.022893   729 skeleton_planner.h:170] Found solution in: 5
I20260909 04:41:32.022903   729 skeleton_planner.h:170] Found solution in: 1
I20260909 04:41:32.022910   729 skeleton_planner.h:170] Found solution in: 7
I20260909 04:41:32.023000   729 skeleton_planner.h:170] Found solution in: 4
I20260909 04:41:32.023008   729 skeleton_planner.h:170] Found solution in: 1
I20260909 04:41:32.023025   729 skeleton_planner.h:170] Found solution in: 4
I20260909 04:41:32.023036   729 skeleton_planner.h:170] Found solution in: 1
I20260909 04:41:32.023041   729 skeleton_planner.h:170] Found solution in: 1
I20260909 04:41:32.023048   729 skeleton_planner.h:170] Found solution in: 1
I20260909 04:41:32.023052   729 skeleton_planner.h:170] Found solution in: 3
I20260909 04:41:32.023059   729 skeleton_planner.h:170] Found solution in: 1
I20260909 04:41:32.023063   729 skeleton_planner.h:170] Found solution in: 3
I20260909 04:41:32.023069   729 skeleton_planner.h:170] Found solution in: 1
I20260909 04:41:32.023073   729 skeleton_planner.h:170] Found solution in: 3
I20260909 04:41:32.023087   729 skeleton_planner.h:170] Found solution in: 5
I20260909 04:41:32.023093   729 skeleton_planner.h:170] Found solution in: 1
I20260909 04:41:32.023109   729 skeleton_planner.h:170] Found solution in: 7
I20260909 04:41:32.023118   729 skeleton_planner.h:170] Found solution in: 1
I20260909 04:41:32.023124   729 skeleton_planner.h:170] Found solution in: 1
I20260909 04:41:32.023130   729 skeleton_planner.h:170] Found solution in: 6
I20260909 04:41:32.023312   729 skeleton_planner.h:170] Found solution in: 1
I20260909 04:41:32.023319   729 skeleton_planner.h:170] Found solution in: 6
I20260909 04:41:32.023710   729 skeleton_planner.h:170] Found solution in: 1
I20260909 04:41:32.023949   729 skeleton_planner.h:170] Found solution in: 10
I20260909 04:41:32.024186   729 skeleton_planner.h:170] Found solution in: 1
I20260909 04:41:32.024387   729 skeleton_planner.h:170] Found solution in: 10
I20260909 04:41:32.024593   729 skeleton_planner.h:170] Found solution in: 5
I20260909 04:41:32.024621   729 skeleton_planner.h:170] Found solution in: 5
I20260909 04:41:32.024632   729 skeleton_planner.h:170] Found solution in: 3
I20260909 04:41:32.024652   729 skeleton_planner.h:170] Found solution in: 6
I20260909 04:41:32.024672   729 skeleton_planner.h:170] Found solution in: 6
I20260909 04:41:32.024683   729 skeleton_planner.h:170] Found solution in: 3
I20260909 04:41:32.024694   729 skeleton_planner.h:170] Found solution in: 3
I20260909 04:41:32.024705   729 skeleton_planner.h:170] Found solution in: 3
I20260909 04:41:32.024715   729 skeleton_planner.h:170] Found solution in: 3
I20260909 04:41:32.024727   729 skeleton_planner.h:170] Found solution in: 4
I20260909 04:41:32.024741   729 skeleton_planner.h:170] Found solution in: 6
I20260909 04:41:32.024752   729 skeleton_planner.h:170] Found solution in: 4
I20260909 04:41:32.024772   729 skeleton_planner.h:170] Found solution in: 5
I20260909 04:41:32.024783   729 skeleton_planner.h:170] Found solution in: 3
I20260909 04:41:32.024792   729 skeleton_planner.h:170] Found solution in: 3
I20260909 04:41:32.024811   729 skeleton_planner.h:170] Found solution in: 5
I20260909 04:41:32.024821   729 skeleton_planner.h:170] Found solution in: 3
I20260909 04:41:32.024839   729 skeleton_planner.h:170] Found solution in: 6
I20260909 04:41:32.024852   729 skeleton_planner.h:170] Found solution in: 4
I20260909 04:41:32.024866   729 skeleton_planner.h:170] Found solution in: 5
I20260909 04:41:32.024890   729 skeleton_planner.h:170] Found solution in: 9
I20260909 04:41:32.024902   729 skeleton_planner.h:170] Found solution in: 3
I20260909 04:41:32.024921   729 skeleton_planner.h:170] Found solution in: 5
I20260909 04:41:32.024935   729 skeleton_planner.h:170] Found solution in: 3
I20260909 04:41:32.024957   729 skeleton_planner.h:170] Found solution in: 8
I20260909 04:41:32.024969   729 skeleton_planner.h:170] Found solution in: 3
I20260909 04:41:32.024984   729 skeleton_planner.h:170] Found solution in: 4
I20260909 04:41:32.025000   729 skeleton_planner.h:170] Found solution in: 4
I20260909 04:41:32.025012   729 skeleton_planner.h:170] Found solution in: 3
I20260909 04:41:32.025025   729 skeleton_planner.h:170] Found solution in: 4
I20260909 04:41:32.025036   729 skeleton_planner.h:170] Found solution in: 3
I20260909 04:41:32.025048   729 skeleton_planner.h:170] Found solution in: 4
I20260909 04:41:32.025061   729 skeleton_planner.h:170] Found solution in: 5
I20260909 04:41:32.025072   729 skeleton_planner.h:170] Found solution in: 3
I20260909 04:41:32.025095   729 skeleton_planner.h:170] Found solution in: 8
I20260909 04:41:32.025112   729 skeleton_planner.h:170] Found solution in: 5
I20260909 04:41:32.025123   729 skeleton_planner.h:170] Found solution in: 3
I20260909 04:41:32.025136   729 skeleton_planner.h:170] Found solution in: 5
I20260909 04:41:32.025147   729 skeleton_planner.h:170] Found solution in: 5
I20260909 04:41:32.025157   729 skeleton_planner.h:170] Found solution in: 3
I20260909 04:41:32.025166   729 skeleton_planner.h:170] Found solution in: 3
I20260909 04:41:32.025175   729 skeleton_planner.h:170] Found solution in: 3
I20260909 04:41:32.025187   729 skeleton_planner.h:170] Found solution in: 4
I20260909 04:41:32.025197   729 skeleton_planner.h:170] Found solution in: 4
I20260909 04:41:32.025211   729 skeleton_planner.h:170] Found solution in: 4
I20260909 04:41:32.025223   729 skeleton_planner.h:170] Found solution in: 3
I20260909 04:41:32.025234   729 skeleton_planner.h:170] Found solution in: 4
I20260909 04:41:32.025244   729 skeleton_planner.h:170] Found solution in: 3
I20260909 04:41:32.025252   729 skeleton_planner.h:170] Found solution in: 2
I20260909 04:41:32.025265   729 skeleton_planner.h:170] Found solution in: 4
I20260909 04:41:32.025277   729 skeleton_planner.h:170] Found solution in: 3
I20260909 04:41:32.025296   729 skeleton_planner.h:170] Found solution in: 6
I20260909 04:41:32.025317   729 skeleton_planner.h:170] Found solution in: 5
I20260909 04:41:32.025337   729 skeleton_planner.h:170] Found solution in: 6
I20260909 04:41:32.025358   729 skeleton_planner.h:170] Found solution in: 6
I20260909 04:41:32.025369   729 skeleton_planner.h:170] Found solution in: 3
I20260909 04:41:32.025378   729 skeleton_planner.h:170] Found solution in: 3
I20260909 04:41:32.025391   729 skeleton_planner.h:170] Found solution in: 5
I20260909 04:41:32.025403   729 skeleton_planner.h:170] Found solution in: 4
I20260909 04:41:32.025413   729 skeleton_planner.h:170] Found solution in: 3
I20260909 04:41:32.025430   729 skeleton_planner.h:170] Found solution in: 5
I20260909 04:41:32.025444   729 skeleton_planner.h:170] Found solution in: 4
I20260909 04:41:32.025457   729 skeleton_planner.h:170] Found solution in: 4
I20260909 04:41:32.025476   729 skeleton_planner.h:170] Found solution in: 7
I20260909 04:41:32.025488   729 skeleton_planner.h:170] Found solution in: 4
I20260909 04:41:32.025507   729 skeleton_planner.h:170] Found solution in: 7
I20260909 04:41:32.025518   729 skeleton_planner.h:170] Found solution in: 4
I20260909 04:41:32.025533   729 skeleton_planner.h:170] Found solution in: 4
I20260909 04:41:32.025548   729 skeleton_planner.h:170] Found solution in: 4
I20260909 04:41:32.025560   729 skeleton_planner.h:170] Found solution in: 3
I20260909 04:41:32.025578   729 skeleton_planner.h:170] Found solution in: 5
I20260909 04:41:32.025589   729 skeleton_planner.h:170] Found solution in: 3
I20260909 04:41:32.025601   729 skeleton_planner.h:170] Found solution in: 3
I20260909 04:41:32.025609   729 skeleton_planner.h:170] Found solution in: 2
I20260909 04:41:32.025619   729 skeleton_planner.h:170] Found solution in: 4
I20260909 04:41:32.025626   729 skeleton_planner.h:170] Found solution in: 2
I20260909 04:41:32.025642   729 skeleton_planner.h:170] Found solution in: 6
I20260909 04:41:32.025658   729 skeleton_planner.h:170] Found solution in: 5
I20260909 04:41:32.025669   729 skeleton_planner.h:170] Found solution in: 3
I20260909 04:41:32.025684   729 skeleton_planner.h:170] Found solution in: 4
I20260909 04:41:32.025717   729 skeleton_planner.h:170] Found solution in: 12
I20260909 04:41:32.025750   729 skeleton_planner.h:170] Found solution in: 12
I20260909 04:41:32.025777   729 skeleton_planner.h:170] Found solution in: 8
I20260909 04:41:32.025794   729 skeleton_planner.h:170] Found solution in: 5
I20260909 04:41:32.025808   729 skeleton_planner.h:170] Found solution in: 4
I20260909 04:41:32.025821   729 skeleton_planner.h:170] Found solution in: 4
I20260909 04:41:32.025831   729 skeleton_planner.h:170] Found solution in: 3
I20260909 04:41:32.025844   729 skeleton_planner.h:170] Found solution in: 4
I20260909 04:41:32.025858   729 skeleton_planner.h:170] Found solution in: 5
I20260909 04:41:32.025867   729 skeleton_planner.h:170] Found solution in: 3
I20260909 04:41:32.025882   729 skeleton_planner.h:170] Found solution in: 5
I20260909 04:41:32.025893   729 skeleton_planner.h:170] Found solution in: 3
I20260909 04:41:32.025909   729 skeleton_planner.h:170] Found solution in: 5
I20260909 04:41:32.025920   729 skeleton_planner.h:170] Found solution in: 3
I20260909 04:41:32.025933   729 skeleton_planner.h:170] Found solution in: 4
I20260909 04:41:32.025947   729 skeleton_planner.h:170] Found solution in: 4
I20260909 04:41:32.025960   729 skeleton_planner.h:170] Found solution in: 4
I20260909 04:41:32.025977   729 skeleton_planner.h:170] Found solution in: 5
I20260909 04:41:32.025991   729 skeleton_planner.h:170] Found solution in: 5
I20260909 04:41:32.026001   729 skeleton_planner.h:170] Found solution in: 3
I20260909 04:41:32.026021   729 skeleton_planner.h:170] Found solution in: 6
I20260909 04:41:32.026036   729 skeleton_planner.h:170] Found solution in: 4
I20260909 04:41:32.026053   729 skeleton_planner.h:170] Found solution in: 5
I20260909 04:41:32.026109   729 skeleton_planner.h:170] Found solution in: 19
I20260909 04:41:32.026152   729 skeleton_planner.h:170] Found solution in: 10
I20260909 04:41:32.026196   729 skeleton_planner.h:170] Found solution in: 11
I20260909 04:41:32.026212   729 skeleton_planner.h:170] Found solution in: 4
I20260909 04:41:32.026233   729 skeleton_planner.h:170] Found solution in: 5
I20260909 04:41:32.026261   729 skeleton_planner.h:170] Found solution in: 9
I20260909 04:41:32.026283   729 skeleton_planner.h:170] Found solution in: 6
I20260909 04:41:32.026304   729 skeleton_planner.h:170] Found solution in: 8
I20260909 04:41:32.026315   729 skeleton_planner.h:170] Found solution in: 2
I20260909 04:41:32.026326   729 skeleton_planner.h:170] Found solution in: 3
I20260909 04:41:32.026343   729 skeleton_planner.h:170] Found solution in: 5
I20260909 04:41:32.026373   729 skeleton_planner.h:170] Found solution in: 11
I20260909 04:41:32.026387   729 skeleton_planner.h:170] Found solution in: 3
I20260909 04:41:32.026410   729 skeleton_planner.h:170] Found solution in: 7
I20260909 04:41:32.026422   729 skeleton_planner.h:170] Found solution in: 3
I20260909 04:41:32.026432   729 skeleton_planner.h:170] Found solution in: 3
I20260909 04:41:32.026443   729 skeleton_planner.h:170] Found solution in: 3
I20260909 04:41:32.026464   729 skeleton_planner.h:170] Found solution in: 6
I20260909 04:41:32.026479   729 skeleton_planner.h:170] Found solution in: 4
I20260909 04:41:32.026501   729 skeleton_planner.h:170] Found solution in: 8
I20260909 04:41:32.026515   729 skeleton_planner.h:170] Found solution in: 4
I20260909 04:41:32.026526   729 skeleton_planner.h:170] Found solution in: 3
I20260909 04:41:32.026536   729 skeleton_planner.h:170] Found solution in: 3
I20260909 04:41:32.026547   729 skeleton_planner.h:170] Found solution in: 4
I20260909 04:41:32.026557   729 skeleton_planner.h:170] Found solution in: 3
I20260909 04:41:32.026571   729 skeleton_planner.h:170] Found solution in: 4
I20260909 04:41:32.026588   729 skeleton_planner.h:170] Found solution in: 6
I20260909 04:41:32.026607   729 skeleton_planner.h:170] Found solution in: 5
I20260909 04:41:32.026618   729 skeleton_planner.h:170] Found solution in: 3
I20260909 04:41:32.026623   729 skeleton_planner.h:170] Found solution in: 1
I20260909 04:41:32.026630   729 skeleton_planner.h:170] Found solution in: 3
I20260909 04:41:32.026641   729 skeleton_planner.h:170] Found solution in: 5
I20260909 04:41:32.026656   729 skeleton_planner.h:170] Found solution in: 6
I20260909 04:41:32.026671   729 skeleton_planner.h:170] Found solution in: 6
I20260909 04:41:32.026682   729 skeleton_planner.h:170] Found solution in: 3
I20260909 04:41:32.026718   729 skeleton_planner.h:170] Found solution in: 11
I20260909 04:41:32.026736   729 skeleton_planner.h:170] Found solution in: 5
I20260909 04:41:32.026757   729 skeleton_planner.h:170] Found solution in: 6
I20260909 04:41:32.026774   729 skeleton_planner.h:170] Found solution in: 6
I20260909 04:41:32.026791   729 skeleton_planner.h:170] Found solution in: 6
I20260909 04:41:32.026803   729 skeleton_planner.h:170] Found solution in: 3
I20260909 04:41:32.026813   729 skeleton_planner.h:170] Found solution in: 3
I20260909 04:41:32.026834   729 skeleton_planner.h:170] Found solution in: 8
I20260909 04:41:32.026846   729 skeleton_planner.h:170] Found solution in: 4
I20260909 04:41:32.026859   729 skeleton_planner.h:170] Found solution in: 4
I20260909 04:41:32.026875   729 skeleton_planner.h:170] Found solution in: 7
I20260909 04:41:32.026886   729 skeleton_planner.h:170] Found solution in: 4
I20260909 04:41:32.026902   729 skeleton_planner.h:170] Found solution in: 6
I20260909 04:41:32.026922   729 skeleton_planner.h:170] Found solution in: 8
I20260909 04:41:32.026937   729 skeleton_planner.h:170] Found solution in: 4
I20260909 04:41:32.026955   729 skeleton_planner.h:170] Found solution in: 6
I20260909 04:41:32.026968   729 skeleton_planner.h:170] Found solution in: 4
I20260909 04:41:32.026983   729 skeleton_planner.h:170] Found solution in: 4
I20260909 04:41:32.027002   729 skeleton_planner.h:170] Found solution in: 7
I20260909 04:41:32.027014   729 skeleton_planner.h:170] Found solution in: 3
I20260909 04:41:32.027019   729 skeleton_planner.h:170] Found solution in: 1
I20260909 04:41:32.027021   729 skeleton_planner.h:170] Found solution in: 1
I20260909 04:41:32.027040   729 skeleton_planner.h:170] Found solution in: 6
I20260909 04:41:32.027058   729 skeleton_planner.h:170] Found solution in: 7
I20260909 04:41:32.027070   729 skeleton_planner.h:170] Found solution in: 3
I20260909 04:41:32.027079   729 skeleton_planner.h:170] Found solution in: 3
I20260909 04:41:32.027098   729 skeleton_planner.h:170] Found solution in: 6
I20260909 04:41:32.027119   729 skeleton_planner.h:170] Found solution in: 6
I20260909 04:41:32.027132   729 skeleton_planner.h:170] Found solution in: 4
I20260909 04:41:32.027145   729 skeleton_planner.h:170] Found solution in: 6
I20260909 04:41:32.027161   729 skeleton_planner.h:170] Found solution in: 8
I20260909 04:41:32.027172   729 skeleton_planner.h:170] Found solution in: 3
I20260909 04:41:32.027182   729 skeleton_planner.h:170] Found solution in: 3
I20260909 04:41:32.027207   729 skeleton_planner.h:170] Found solution in: 8
I20260909 04:41:32.027220   729 skeleton_planner.h:170] Found solution in: 3
I20260909 04:41:32.027225   729 skeleton_planner.h:170] Found solution in: 1
I20260909 04:41:32.027228   729 skeleton_planner.h:170] Found solution in: 1
I20260909 04:41:32.027237   729 skeleton_planner.h:170] Found solution in: 3
I20260909 04:41:32.027261   729 skeleton_planner.h:170] Found solution in: 8
I20260909 04:41:32.027283   729 skeleton_planner.h:170] Found solution in: 7
I20260909 04:41:32.027297   729 skeleton_planner.h:170] Found solution in: 4
I20260909 04:41:32.027338   729 skeleton_planner.h:170] Found solution in: 11
I20260909 04:41:32.027360   729 skeleton_planner.h:170] Found solution in: 5
I20260909 04:41:32.027384   729 skeleton_planner.h:170] Found solution in: 8
I20260909 04:41:32.027407   729 skeleton_planner.h:170] Found solution in: 7
I20260909 04:41:32.027427   729 skeleton_planner.h:170] Found solution in: 6
I20260909 04:41:32.027469   729 skeleton_planner.h:170] Found solution in: 13
I20260909 04:41:32.027493   729 skeleton_planner.h:170] Found solution in: 4
I20260909 04:41:32.027513   729 skeleton_planner.h:170] Found solution in: 6
I20260909 04:41:32.027523   729 skeleton_planner.h:170] Found solution in: 3
I20260909 04:41:32.027534   729 skeleton_planner.h:170] Found solution in: 3
I20260909 04:41:32.027552   729 skeleton_planner.h:170] Found solution in: 5
I20260909 04:41:32.027570   729 skeleton_planner.h:170] Found solution in: 5
I20260909 04:41:32.027590   729 skeleton_planner.h:170] Found solution in: 7
I20260909 04:41:32.027609   729 skeleton_planner.h:170] Found solution in: 6
I20260909 04:41:32.027631   729 skeleton_planner.h:170] Found solution in: 7
I20260909 04:41:32.027655   729 skeleton_planner.h:170] Found solution in: 7
I20260909 04:41:32.027676   729 skeleton_planner.h:170] Found solution in: 5
I20260909 04:41:32.027697   729 skeleton_planner.h:170] Found solution in: 7
I20260909 04:41:32.027719   729 skeleton_planner.h:170] Found solution in: 6
I20260909 04:41:32.027730   729 skeleton_planner.h:170] Found solution in: 3
I20260909 04:41:32.027753   729 skeleton_planner.h:170] Found solution in: 7
I20260909 04:41:32.027770   729 skeleton_planner.h:170] Found solution in: 7
I20260909 04:41:32.027797   729 skeleton_planner.h:170] Found solution in: 12
I20260909 04:41:32.027823   729 skeleton_planner.h:170] Found solution in: 10
I20260909 04:41:32.027843   729 skeleton_planner.h:170] Found solution in: 7
I20260909 04:41:32.027855   729 skeleton_planner.h:170] Found solution in: 5
I20260909 04:41:32.027868   729 skeleton_planner.h:170] Found solution in: 5
I20260909 04:41:32.027894   729 skeleton_planner.h:170] Found solution in: 12
I20260909 04:41:32.027908   729 skeleton_planner.h:170] Found solution in: 6
I20260909 04:41:32.027933   729 skeleton_planner.h:170] Found solution in: 10
I20260909 04:41:32.027951   729 skeleton_planner.h:170] Found solution in: 7
I20260909 04:41:32.028086   729 skeleton_planner.h:170] Found solution in: 57
I20260909 04:41:32.028120   729 skeleton_planner.h:170] Found solution in: 6
I20260909 04:41:32.028141   729 skeleton_planner.h:170] Found solution in: 7
I20260909 04:41:32.028151   729 skeleton_planner.h:170] Found solution in: 3
I20260909 04:41:32.028162   729 skeleton_planner.h:170] Found solution in: 3
I20260909 04:41:32.028182   729 skeleton_planner.h:170] Found solution in: 7
I20260909 04:41:32.028205   729 skeleton_planner.h:170] Found solution in: 7
I20260909 04:41:32.028232   729 skeleton_planner.h:170] Found solution in: 7
I20260909 04:41:32.028254   729 skeleton_planner.h:170] Found solution in: 5
I20260909 04:41:32.028271   729 skeleton_planner.h:170] Found solution in: 5
I20260909 04:41:32.028292   729 skeleton_planner.h:170] Found solution in: 6
I20260909 04:41:32.028316   729 skeleton_planner.h:170] Found solution in: 6
I20260909 04:41:32.028339   729 skeleton_planner.h:170] Found solution in: 7
I20260909 04:41:32.028353   729 skeleton_planner.h:170] Found solution in: 5
I20260909 04:41:32.028374   729 skeleton_planner.h:170] Found solution in: 7
I20260909 04:41:32.028399   729 skeleton_planner.h:170] Found solution in: 8
I20260909 04:41:32.028432   729 skeleton_planner.h:170] Found solution in: 12
I20260909 04:41:32.028456   729 skeleton_planner.h:170] Found solution in: 5
I20260909 04:41:32.028467   729 skeleton_planner.h:170] Found solution in: 3
I20260909 04:41:32.028491   729 skeleton_planner.h:170] Found solution in: 8
I20260909 04:41:32.028504   729 skeleton_planner.h:170] Found solution in: 4
I20260909 04:41:32.028519   729 skeleton_planner.h:170] Found solution in: 7
I20260909 04:41:32.028527   729 skeleton_planner.h:170] Found solution in: 2
I20260909 04:41:32.028560   729 skeleton_planner.h:170] Found solution in: 16
I20260909 04:41:32.028571   729 skeleton_planner.h:170] Found solution in: 3
I20260909 04:41:32.028584   729 skeleton_planner.h:170] Found solution in: 6
I20260909 04:41:32.028597   729 skeleton_planner.h:170] Found solution in: 7
I20260909 04:41:32.028617   729 skeleton_planner.h:170] Found solution in: 8
I20260909 04:41:32.028630   729 skeleton_planner.h:170] Found solution in: 5
I20260909 04:41:32.028638   729 skeleton_planner.h:170] Found solution in: 3
I20260909 04:41:32.028652   729 skeleton_planner.h:170] Found solution in: 7
I20260909 04:41:32.028657   729 skeleton_planner.h:170] Found solution in: 1
I20260909 04:41:32.028661   729 skeleton_planner.h:170] Found solution in: 1
I20260909 04:41:32.028666   729 skeleton_planner.h:170] Found solution in: 2
I20260909 04:41:32.028687   729 skeleton_planner.h:170] Found solution in: 8
I20260909 04:41:32.028702   729 skeleton_planner.h:170] Found solution in: 4
I20260909 04:41:32.028729   729 skeleton_planner.h:170] Found solution in: 11
I20260909 04:41:32.028756   729 skeleton_planner.h:170] Found solution in: 9
I20260909 04:41:32.028765   729 skeleton_planner.h:170] Found solution in: 2
I20260909 04:41:32.028789   729 skeleton_planner.h:170] Found solution in: 9
I20260909 04:41:32.028808   729 skeleton_planner.h:170] Found solution in: 6
I20260909 04:41:32.028821   729 skeleton_planner.h:170] Found solution in: 3
I20260909 04:41:32.028836   729 skeleton_planner.h:170] Found solution in: 5
I20260909 04:41:32.028851   729 skeleton_planner.h:170] Found solution in: 4
I20260909 04:41:32.028867   729 skeleton_planner.h:170] Found solution in: 5
I20260909 04:41:32.028882   729 skeleton_planner.h:170] Found solution in: 5
I20260909 04:41:32.028898   729 skeleton_planner.h:170] Found solution in: 4
I20260909 04:41:32.028919   729 skeleton_planner.h:170] Found solution in: 9
I20260909 04:41:32.028941   729 skeleton_planner.h:170] Found solution in: 8
I20260909 04:41:32.028951   729 skeleton_planner.h:170] Found solution in: 3
I20260909 04:41:32.028959   729 skeleton_planner.h:170] Found solution in: 3
I20260909 04:41:32.028975   729 skeleton_planner.h:170] Found solution in: 7
I20260909 04:41:32.028997   729 skeleton_planner.h:170] Found solution in: 9
I20260909 04:41:32.029013   729 skeleton_planner.h:170] Found solution in: 4
I20260909 04:41:32.029028   729 skeleton_planner.h:170] Found solution in: 5
I20260909 04:41:32.029047   729 skeleton_planner.h:170] Found solution in: 5
I20260909 04:41:32.029062   729 skeleton_planner.h:170] Found solution in: 4
I20260909 04:41:32.029083   729 skeleton_planner.h:170] Found solution in: 7
I20260909 04:41:32.029089   729 skeleton_planner.h:170] Found solution in: 1
I20260909 04:41:32.029107   729 skeleton_planner.h:170] Found solution in: 5
I20260909 04:41:32.029126   729 skeleton_planner.h:170] Found solution in: 6
I20260909 04:41:32.029150   729 skeleton_planner.h:170] Found solution in: 7
I20260909 04:41:32.029171   729 skeleton_planner.h:170] Found solution in: 6
I20260909 04:41:32.029198   729 skeleton_planner.h:170] Found solution in: 9
I20260909 04:41:32.029227   729 skeleton_planner.h:170] Found solution in: 10
I20260909 04:41:32.029277   729 skeleton_planner.h:170] Found solution in: 15
I20260909 04:41:32.029359   729 skeleton_planner.h:170] Found solution in: 26
I20260909 04:41:32.029392   729 skeleton_planner.h:170] Found solution in: 6
I20260909 04:41:32.029417   729 skeleton_planner.h:170] Found solution in: 7
I20260909 04:41:32.029431   729 skeleton_planner.h:170] Found solution in: 4
I20260909 04:41:32.029452   729 skeleton_planner.h:170] Found solution in: 4
I20260909 04:41:32.029472   729 skeleton_planner.h:170] Found solution in: 6
I20260909 04:41:32.029484   729 skeleton_planner.h:170] Found solution in: 3
I20260909 04:41:32.029510   729 skeleton_planner.h:170] Found solution in: 8
I20260909 04:41:32.029531   729 skeleton_planner.h:170] Found solution in: 6
I20260909 04:41:32.029552   729 skeleton_planner.h:170] Found solution in: 7
I20260909 04:41:32.029568   729 skeleton_planner.h:170] Found solution in: 5
I20260909 04:41:32.029593   729 skeleton_planner.h:170] Found solution in: 9
I20260909 04:41:32.029611   729 skeleton_planner.h:170] Found solution in: 5
I20260909 04:41:32.029631   729 skeleton_planner.h:170] Found solution in: 6
I20260909 04:41:32.029654   729 skeleton_planner.h:170] Found solution in: 7
I20260909 04:41:32.029683   729 skeleton_planner.h:170] Found solution in: 9
I20260909 04:41:32.029713   729 skeleton_planner.h:170] Found solution in: 9
I20260909 04:41:32.029723   729 skeleton_planner.h:170] Found solution in: 2
I20260909 04:41:32.029747   729 skeleton_planner.h:170] Found solution in: 7
I20260909 04:41:32.029759   729 skeleton_planner.h:170] Found solution in: 4
I20260909 04:41:32.029788   729 skeleton_planner.h:170] Found solution in: 10
I20260909 04:41:32.029806   729 skeleton_planner.h:170] Found solution in: 5
I20260909 04:41:32.029816   729 skeleton_planner.h:170] Found solution in: 3
I20260909 04:41:32.029829   729 skeleton_planner.h:170] Found solution in: 4
I20260909 04:41:32.029839   729 skeleton_planner.h:170] Found solution in: 3
I20260909 04:41:32.029863   729 skeleton_planner.h:170] Found solution in: 8
I20260909 04:41:32.029891   729 skeleton_planner.h:170] Found solution in: 7
I20260909 04:41:32.029910   729 skeleton_planner.h:170] Found solution in: 5
I20260909 04:41:32.029939   729 skeleton_planner.h:170] Found solution in: 8
I20260909 04:41:32.029955   729 skeleton_planner.h:170] Found solution in: 4
I20260909 04:41:32.029968   729 skeleton_planner.h:170] Found solution in: 4
I20260909 04:41:32.029989   729 skeleton_planner.h:170] Found solution in: 6
I20260909 04:41:32.030006   729 skeleton_planner.h:170] Found solution in: 5
I20260909 04:41:32.030023   729 skeleton_planner.h:170] Found solution in: 5
I20260909 04:41:32.030040   729 skeleton_planner.h:170] Found solution in: 5
I20260909 04:41:32.030045   729 skeleton_planner.h:170] Found solution in: 1
I20260909 04:41:32.030055   729 skeleton_planner.h:170] Found solution in: 3
I20260909 04:41:32.030059   729 skeleton_planner.h:170] Found solution in: 1
I20260909 04:41:32.030109   729 skeleton_planner.h:170] Found solution in: 23
I20260909 04:41:32.030144   729 skeleton_planner.h:170] Found solution in: 13
I20260909 04:41:32.030159   729 skeleton_planner.h:170] Found solution in: 5
I20260909 04:41:32.030187   729 skeleton_planner.h:170] Found solution in: 11
I20260909 04:41:32.030243   729 skeleton_planner.h:170] Found solution in: 22
I20260909 04:41:32.030475   729 skeleton_planner.h:170] Found solution in: 78
I20260909 04:41:32.030536   729 skeleton_planner.h:170] Found solution in: 11
I20260909 04:41:32.030548   729 skeleton_planner.h:170] Found solution in: 3
I20260909 04:41:32.030567   729 skeleton_planner.h:170] Found solution in: 4
I20260909 04:41:32.030586   729 skeleton_planner.h:170] Found solution in: 6
I20260909 04:41:32.030596   729 skeleton_planner.h:170] Found solution in: 3
I20260909 04:41:32.030603   729 skeleton_planner.h:170] Found solution in: 2
I20260909 04:41:32.030607   729 skeleton_planner.h:170] Found solution in: 1
I20260909 04:41:32.030660   729 skeleton_planner.h:170] Found solution in: 15
I20260909 04:41:32.030695   729 skeleton_planner.h:170] Found solution in: 8
I20260909 04:41:32.030730   729 skeleton_planner.h:170] Found solution in: 9
I20260909 04:41:32.030757   729 skeleton_planner.h:170] Found solution in: 7
I20260909 04:41:32.030783   729 skeleton_planner.h:170] Found solution in: 7
I20260909 04:41:32.030807   729 skeleton_planner.h:170] Found solution in: 6
I20260909 04:41:32.030838   729 skeleton_planner.h:170] Found solution in: 11
I20260909 04:41:32.030862   729 skeleton_planner.h:170] Found solution in: 7
I20260909 04:41:32.030879   729 skeleton_planner.h:170] Found solution in: 5
I20260909 04:41:32.030897   729 skeleton_planner.h:170] Found solution in: 7
I20260909 04:41:32.030918   729 skeleton_planner.h:170] Found solution in: 7
I20260909 04:41:32.030937   729 skeleton_planner.h:170] Found solution in: 6
I20260909 04:41:32.030951   729 skeleton_planner.h:170] Found solution in: 5
I20260909 04:41:32.030963   729 skeleton_planner.h:170] Found solution in: 4
I20260909 04:41:32.030994   729 skeleton_planner.h:170] Found solution in: 10
I20260909 04:41:32.031173   729 skeleton_planner.h:170] Found solution in: 61
I20260909 04:41:32.031219   729 skeleton_planner.h:170] Found solution in: 8
I20260909 04:41:32.031246   729 skeleton_planner.h:170] Found solution in: 10
I20260909 04:41:32.031260   729 skeleton_planner.h:170] Found solution in: 3
I20260909 04:41:32.031286   729 skeleton_planner.h:170] Found solution in: 9
I20260909 04:41:32.031296   729 skeleton_planner.h:170] Found solution in: 2
I20260909 04:41:32.031299   729 skeleton_planner.h:170] Found solution in: 1
I20260909 04:41:32.031302   729 skeleton_planner.h:170] Found solution in: 1
I20260909 04:41:32.031315   729 skeleton_planner.h:170] Found solution in: 5
I20260909 04:41:32.031329   729 skeleton_planner.h:170] Found solution in: 5
I20260909 04:41:32.031342   729 skeleton_planner.h:170] Found solution in: 4
I20260909 04:41:32.031352   729 skeleton_planner.h:170] Found solution in: 3
I20260909 04:41:32.031363   729 skeleton_planner.h:170] Found solution in: 3
I20260909 04:41:32.031369   729 skeleton_planner.h:170] Found solution in: 2
I20260909 04:41:32.031373   729 skeleton_planner.h:170] Found solution in: 1
I20260909 04:41:32.031375   729 skeleton_planner.h:170] Found solution in: 1
I20260909 04:41:32.031378   729 skeleton_planner.h:170] Found solution in: 1
I20260909 04:41:32.031389   729 skeleton_planner.h:170] Found solution in: 4
I20260909 04:41:32.031414   729 skeleton_planner.h:170] Found solution in: 8
I20260909 04:41:32.031445   729 skeleton_planner.h:170] Found solution in: 9
I20260909 04:41:32.031457   729 skeleton_planner.h:170] Found solution in: 4
I20260909 04:41:32.031500   729 skeleton_planner.h:170] Found solution in: 11
I20260909 04:41:32.031528   729 skeleton_planner.h:170] Found solution in: 7
I20260909 04:41:32.031543   729 skeleton_planner.h:170] Found solution in: 4
I20260909 04:41:32.031548   729 skeleton_planner.h:170] Found solution in: 1
I20260909 04:41:32.031554   729 skeleton_planner.h:170] Found solution in: 3
I20260909 04:41:32.031567   729 skeleton_planner.h:170] Found solution in: 6
I20260909 04:41:32.031576   729 skeleton_planner.h:170] Found solution in: 3
I20260909 04:41:32.031587   729 skeleton_planner.h:170] Found solution in: 4
I20260909 04:41:32.031610   729 skeleton_planner.h:170] Found solution in: 9
I20260909 04:41:32.031625   729 skeleton_planner.h:170] Found solution in: 6
I20260909 04:41:32.031635   729 skeleton_planner.h:170] Found solution in: 3
I20260909 04:41:32.031649   729 skeleton_planner.h:170] Found solution in: 4
I20260909 04:41:32.031662   729 skeleton_planner.h:170] Found solution in: 3
I20260909 04:41:32.031672   729 skeleton_planner.h:170] Found solution in: 3
I20260909 04:41:32.031689   729 skeleton_planner.h:170] Found solution in: 5
I20260909 04:41:32.031710   729 skeleton_planner.h:170] Found solution in: 6
I20260909 04:41:32.031730   729 skeleton_planner.h:170] Found solution in: 5
I20260909 04:41:32.031744   729 skeleton_planner.h:170] Found solution in: 4
I20260909 04:41:32.031757   729 skeleton_planner.h:170] Found solution in: 4
I20260909 04:41:32.031769   729 skeleton_planner.h:170] Found solution in: 3
I20260909 04:41:32.031778   729 skeleton_planner.h:170] Found solution in: 3
I20260909 04:41:32.031790   729 skeleton_planner.h:170] Found solution in: 3
I20260909 04:41:32.031800   729 skeleton_planner.h:170] Found solution in: 3
I20260909 04:41:32.031816   729 skeleton_planner.h:170] Found solution in: 4
I20260909 04:41:32.031833   729 skeleton_planner.h:170] Found solution in: 5
I20260909 04:41:32.031857   729 skeleton_planner.h:170] Found solution in: 8
I20260909 04:41:32.031867   729 skeleton_planner.h:170] Found solution in: 2
I20260909 04:41:32.031886   729 skeleton_planner.h:170] Found solution in: 7
I20260909 04:41:32.031898   729 skeleton_planner.h:170] Found solution in: 4
I20260909 04:41:32.031912   729 skeleton_planner.h:170] Found solution in: 6
I20260909 04:41:32.031926   729 skeleton_planner.h:170] Found solution in: 5
I20260909 04:41:32.031945   729 skeleton_planner.h:170] Found solution in: 8
I20260909 04:41:32.031966   729 skeleton_planner.h:170] Found solution in: 8
I20260909 04:41:32.031977   729 skeleton_planner.h:170] Found solution in: 3
I20260909 04:41:32.032001   729 skeleton_planner.h:170] Found solution in: 8
I20260909 04:41:32.032025   729 skeleton_planner.h:170] Found solution in: 9
I20260909 04:41:32.032037   729 skeleton_planner.h:170] Found solution in: 4
I20260909 04:41:32.032078   729 skeleton_planner.h:170] Found solution in: 22
I20260909 04:41:32.032105   729 skeleton_planner.h:170] Found solution in: 7
I20260909 04:41:32.032135   729 skeleton_planner.h:170] Found solution in: 8
I20260909 04:41:32.032155   729 skeleton_planner.h:170] Found solution in: 4
I20260909 04:41:32.032169   729 skeleton_planner.h:170] Found solution in: 4
I20260909 04:41:32.032182   729 skeleton_planner.h:170] Found solution in: 4
I20260909 04:41:32.032193   729 skeleton_planner.h:170] Found solution in: 3
I20260909 04:41:32.032207   729 skeleton_planner.h:170] Found solution in: 4
I20260909 04:41:32.032224   729 skeleton_planner.h:170] Found solution in: 5
I20260909 04:41:32.032234   729 skeleton_planner.h:170] Found solution in: 3
I20260909 04:41:32.032245   729 skeleton_planner.h:170] Found solution in: 3
I20260909 04:41:32.032255   729 skeleton_planner.h:170] Found solution in: 3
I20260909 04:41:32.032274   729 skeleton_planner.h:170] Found solution in: 7
I20260909 04:41:32.032302   729 skeleton_planner.h:170] Found solution in: 12
I20260909 04:41:32.032320   729 skeleton_planner.h:170] Found solution in: 6
I20260909 04:41:32.032351   729 skeleton_planner.h:170] Found solution in: 10
I20260909 04:41:32.032362   729 skeleton_planner.h:170] Found solution in: 3
I20260909 04:41:32.032372   729 skeleton_planner.h:170] Found solution in: 3
I20260909 04:41:32.032390   729 skeleton_planner.h:170] Found solution in: 5
I20260909 04:41:32.032426   729 skeleton_planner.h:170] Found solution in: 11
I20260909 04:41:32.032456   729 skeleton_planner.h:170] Found solution in: 8
I20260909 04:41:32.032481   729 skeleton_planner.h:170] Found solution in: 7
I20260909 04:41:32.032507   729 skeleton_planner.h:170] Found solution in: 7
I20260909 04:41:32.032519   729 skeleton_planner.h:170] Found solution in: 3
I20260909 04:41:32.032541   729 skeleton_planner.h:170] Found solution in: 7
I20260909 04:41:32.032546   729 skeleton_planner.h:170] Found solution in: 1
I20260909 04:41:32.032550   729 skeleton_planner.h:170] Found solution in: 1
I20260909 04:41:32.032559   729 skeleton_planner.h:170] Found solution in: 3
I20260909 04:41:32.032577   729 skeleton_planner.h:170] Found solution in: 8
I20260909 04:41:32.032591   729 skeleton_planner.h:170] Found solution in: 6
I20260909 04:41:32.032603   729 skeleton_planner.h:170] Found solution in: 3
I20260909 04:41:32.032625   729 skeleton_planner.h:170] Found solution in: 10
I20260909 04:41:32.032640   729 skeleton_planner.h:170] Found solution in: 6
I20260909 04:41:32.032653   729 skeleton_planner.h:170] Found solution in: 5
I20260909 04:41:32.032662   729 skeleton_planner.h:170] Found solution in: 3
I20260909 04:41:32.032677   729 skeleton_planner.h:170] Found solution in: 5
I20260909 04:41:32.032699   729 skeleton_planner.h:170] Found solution in: 7
I20260909 04:41:32.032717   729 skeleton_planner.h:170] Found solution in: 5
I20260909 04:41:32.032739   729 skeleton_planner.h:170] Found solution in: 7
I20260909 04:41:32.032763   729 skeleton_planner.h:170] Found solution in: 7
I20260909 04:41:32.032778   729 skeleton_planner.h:170] Found solution in: 4
I20260909 04:41:32.032809   729 skeleton_planner.h:170] Found solution in: 14
I20260909 04:41:32.032829   729 skeleton_planner.h:170] Found solution in: 8
I20260909 04:41:32.032853   729 skeleton_planner.h:170] Found solution in: 11
I20260909 04:41:32.032863   729 skeleton_planner.h:170] Found solution in: 3
I20260909 04:41:32.032867   729 skeleton_planner.h:170] Found solution in: 1
I20260909 04:41:32.032869   729 skeleton_planner.h:170] Found solution in: 1
I20260909 04:41:32.032904   729 skeleton_planner.h:170] Found solution in: 12
I20260909 04:41:32.032914   729 skeleton_planner.h:170] Found solution in: 2
I20260909 04:41:32.032938   729 skeleton_planner.h:170] Found solution in: 8
I20260909 04:41:32.032953   729 skeleton_planner.h:170] Found solution in: 5
I20260909 04:41:32.032958   729 skeleton_planner.h:170] Found solution in: 1
I20260909 04:41:32.032961   729 skeleton_planner.h:170] Found solution in: 1
I20260909 04:41:32.032994   729 skeleton_planner.h:170] Found solution in: 15
I20260909 04:41:32.033012   729 skeleton_planner.h:170] Found solution in: 6
I20260909 04:41:32.033031   729 skeleton_planner.h:170] Found solution in: 6
I20260909 04:41:32.033036   729 skeleton_planner.h:170] Found solution in: 1
I20260909 04:41:32.033056   729 skeleton_planner.h:170] Found solution in: 9
I20260909 04:41:32.033068   729 skeleton_planner.h:170] Found solution in: 3
I20260909 04:41:32.033079   729 skeleton_planner.h:170] Found solution in: 3
I20260909 04:41:32.033092   729 skeleton_planner.h:170] Found solution in: 4
I20260909 04:41:32.033102   729 skeleton_planner.h:170] Found solution in: 3
I20260909 04:41:32.033113   729 skeleton_planner.h:170] Found solution in: 3
I20260909 04:41:32.033126   729 skeleton_planner.h:170] Found solution in: 4
I20260909 04:41:32.033160   729 skeleton_planner.h:170] Found solution in: 10
I20260909 04:41:32.033186   729 skeleton_planner.h:170] Found solution in: 7
I20260909 04:41:32.033202   729 skeleton_planner.h:170] Found solution in: 4
I20260909 04:41:32.033216   729 skeleton_planner.h:170] Found solution in: 4
I20260909 04:41:32.033236   729 skeleton_planner.h:170] Found solution in: 6
I20260909 04:41:32.033253   729 skeleton_planner.h:170] Found solution in: 5
I20260909 04:41:32.033272   729 skeleton_planner.h:170] Found solution in: 6
I20260909 04:41:32.033315   729 skeleton_planner.h:170] Found solution in: 12
I20260909 04:41:32.033326   729 skeleton_planner.h:170] Found solution in: 2
I20260909 04:41:32.033337   729 skeleton_planner.h:170] Found solution in: 3
I20260909 04:41:32.033350   729 skeleton_planner.h:170] Found solution in: 4
I20260909 04:41:32.033381   729 skeleton_planner.h:170] Found solution in: 13
I20260909 04:41:32.033392   729 skeleton_planner.h:170] Found solution in: 3
I20260909 04:41:32.033417   729 skeleton_planner.h:170] Found solution in: 9
I20260909 04:41:32.033427   729 skeleton_planner.h:170] Found solution in: 2
I20260909 04:41:32.033437   729 skeleton_planner.h:170] Found solution in: 3
I20260909 04:41:32.033447   729 skeleton_planner.h:170] Found solution in: 3
I20260909 04:41:32.033463   729 skeleton_planner.h:170] Found solution in: 4
I20260909 04:41:32.033476   729 skeleton_planner.h:170] Found solution in: 4
I20260909 04:41:32.033493   729 skeleton_planner.h:170] Found solution in: 5
I20260909 04:41:32.033516   729 skeleton_planner.h:170] Found solution in: 7
I20260909 04:41:32.033540   729 skeleton_planner.h:170] Found solution in: 8
I20260909 04:41:32.033550   729 skeleton_planner.h:170] Found solution in: 3
I20260909 04:41:32.033561   729 skeleton_planner.h:170] Found solution in: 3
I20260909 04:41:32.033581   729 skeleton_planner.h:170] Found solution in: 6
I20260909 04:41:32.033600   729 skeleton_planner.h:170] Found solution in: 5
I20260909 04:41:32.033643   729 skeleton_planner.h:170] Found solution in: 13
I20260909 04:41:32.033658   729 skeleton_planner.h:170] Found solution in: 3
I20260909 04:41:32.033681   729 skeleton_planner.h:170] Found solution in: 5
I20260909 04:41:32.033717   729 skeleton_planner.h:170] Found solution in: 11
I20260909 04:41:32.033771   729 skeleton_planner.h:170] Found solution in: 17
I20260909 04:41:32.033787   729 skeleton_planner.h:170] Found solution in: 4
I20260909 04:41:32.033824   729 skeleton_planner.h:170] Found solution in: 15
I20260909 04:41:32.033838   729 skeleton_planner.h:170] Found solution in: 4
I20260909 04:41:32.033856   729 skeleton_planner.h:170] Found solution in: 6
I20260909 04:41:32.033874   729 skeleton_planner.h:170] Found solution in: 7
I20260909 04:41:32.033918   729 skeleton_planner.h:170] Found solution in: 25
I20260909 04:41:32.034010   729 skeleton_planner.h:170] Found solution in: 46
I20260909 04:41:32.034116   729 skeleton_planner.h:170] Found solution in: 45
I20260909 04:41:32.034170   729 skeleton_planner.h:170] Found solution in: 18
I20260909 04:41:32.034184   729 skeleton_planner.h:170] Found solution in: 4
I20260909 04:41:32.034358   729 skeleton_planner.h:170] Found solution in: 63
I20260909 04:41:32.034379   729 skeleton_planner.h:170] Found solution in: 3
I20260909 04:41:32.034384   729 skeleton_planner.h:170] Found solution in: 1
I20260909 04:41:32.034544   729 skeleton_planner.h:170] Found solution in: 55
I20260909 04:41:32.034566   729 skeleton_planner.h:170] Found solution in: 4
I20260909 04:41:32.034571   729 skeleton_planner.h:170] Found solution in: 1
I20260909 04:41:32.034580   729 skeleton_planner.h:170] Found solution in: 3
I20260909 04:41:32.034591   729 skeleton_planner.h:170] Found solution in: 3
I20260909 04:41:32.034618   729 skeleton_planner.h:170] Found solution in: 4
I20260909 04:41:32.034629   729 skeleton_planner.h:170] Found solution in: 3
I20260909 04:41:32.034648   729 skeleton_planner.h:170] Found solution in: 6
I20260909 04:41:32.034668   729 skeleton_planner.h:170] Found solution in: 5
I20260909 04:41:32.034686   729 skeleton_planner.h:170] Found solution in: 5
I20260909 04:41:32.034716   729 skeleton_planner.h:170] Found solution in: 10
I20260909 04:41:32.034758   729 skeleton_planner.h:170] Found solution in: 12
I20260909 04:41:32.034798   729 skeleton_planner.h:170] Found solution in: 11
I20260909 04:41:32.034826   729 skeleton_planner.h:170] Found solution in: 8
I20260909 04:41:32.034857   729 skeleton_planner.h:170] Found solution in: 10
I20260909 04:41:32.034896   729 skeleton_planner.h:170] Found solution in: 13
I20260909 04:41:32.034924   729 skeleton_planner.h:170] Found solution in: 5
I20260909 04:41:32.034943   729 skeleton_planner.h:170] Found solution in: 6
I20260909 04:41:32.034963   729 skeleton_planner.h:170] Found solution in: 6
I20260909 04:41:32.035002   729 skeleton_planner.h:170] Found solution in: 13
I20260909 04:41:32.035033   729 skeleton_planner.h:170] Found solution in: 10
I20260909 04:41:32.035055   729 skeleton_planner.h:170] Found solution in: 6
I20260909 04:41:32.035094   729 skeleton_planner.h:170] Found solution in: 14
I20260909 04:41:32.035109   729 skeleton_planner.h:170] Found solution in: 4
I20260909 04:41:32.035120   729 skeleton_planner.h:170] Found solution in: 3
I20260909 04:41:32.035131   729 skeleton_planner.h:170] Found solution in: 3
I20260909 04:41:32.035141   729 skeleton_planner.h:170] Found solution in: 3
I20260909 04:41:32.035174   729 skeleton_planner.h:170] Found solution in: 9
I20260909 04:41:32.035190   729 skeleton_planner.h:170] Found solution in: 5
I20260909 04:41:32.035200   729 skeleton_planner.h:170] Found solution in: 3
I20260909 04:41:32.035220   729 skeleton_planner.h:170] Found solution in: 5
I20260909 04:41:32.035246   729 skeleton_planner.h:170] Found solution in: 8
I20260909 04:41:32.035266   729 skeleton_planner.h:170] Found solution in: 5
I20260909 04:41:32.035279   729 skeleton_planner.h:170] Found solution in: 3
I20260909 04:41:32.035297   729 skeleton_planner.h:170] Found solution in: 6
I20260909 04:41:32.035302   729 skeleton_planner.h:170] Found solution in: 1
I20260909 04:41:32.035313   729 skeleton_planner.h:170] Found solution in: 3
I20260909 04:41:32.035318   729 skeleton_planner.h:170] Found solution in: 1
I20260909 04:41:32.035351   729 skeleton_planner.h:170] Found solution in: 9
I20260909 04:41:32.035451   729 skeleton_planner.h:170] Found solution in: 27
I20260909 04:41:32.035471   729 skeleton_planner.h:170] Found solution in: 4
I20260909 04:41:32.035483   729 skeleton_planner.h:170] Found solution in: 4
I20260909 04:41:32.035512   729 skeleton_planner.h:170] Found solution in: 6
I20260909 04:41:32.035537   729 skeleton_planner.h:170] Found solution in: 9
I20260909 04:41:32.035548   729 skeleton_planner.h:170] Found solution in: 3
I20260909 04:41:32.035571   729 skeleton_planner.h:170] Found solution in: 8
I20260909 04:41:32.035590   729 skeleton_planner.h:170] Found solution in: 6
I20260909 04:41:32.035614   729 skeleton_planner.h:170] Found solution in: 9
I20260909 04:41:32.035634   729 skeleton_planner.h:170] Found solution in: 5
I20260909 04:41:32.035646   729 skeleton_planner.h:170] Found solution in: 4
I20260909 04:41:32.035657   729 skeleton_planner.h:170] Found solution in: 4
I20260909 04:41:32.035682   729 skeleton_planner.h:170] Found solution in: 9
I20260909 04:41:32.035697   729 skeleton_planner.h:170] Found solution in: 5
I20260909 04:41:32.035713   729 skeleton_planner.h:170] Found solution in: 4
I20260909 04:41:32.035728   729 skeleton_planner.h:170] Found solution in: 5
I20260909 04:41:32.035743   729 skeleton_planner.h:170] Found solution in: 5
I20260909 04:41:32.035754   729 skeleton_planner.h:170] Found solution in: 3
I20260909 04:41:32.035770   729 skeleton_planner.h:170] Found solution in: 5
I20260909 04:41:32.035784   729 skeleton_planner.h:170] Found solution in: 4
I20260909 04:41:32.035816   729 skeleton_planner.h:170] Found solution in: 14
I20260909 04:41:32.035830   729 skeleton_planner.h:170] Found solution in: 3
I20260909 04:41:32.035845   729 skeleton_planner.h:170] Found solution in: 4
I20260909 04:41:32.035859   729 skeleton_planner.h:170] Found solution in: 4
I20260909 04:41:32.035869   729 skeleton_planner.h:170] Found solution in: 3
I20260909 04:41:32.035887   729 skeleton_planner.h:170] Found solution in: 5
I20260909 04:41:32.035897   729 skeleton_planner.h:170] Found solution in: 3
I20260909 04:41:32.035913   729 skeleton_planner.h:170] Found solution in: 5
I20260909 04:41:32.035934   729 skeleton_planner.h:170] Found solution in: 6
I20260909 04:41:32.035948   729 skeleton_planner.h:170] Found solution in: 5
I20260909 04:41:32.035960   729 skeleton_planner.h:170] Found solution in: 4
I20260909 04:41:32.035969   729 skeleton_planner.h:170] Found solution in: 3
I20260909 04:41:32.035980   729 skeleton_planner.h:170] Found solution in: 3
I20260909 04:41:32.035993   729 skeleton_planner.h:170] Found solution in: 4
I20260909 04:41:32.036005   729 skeleton_planner.h:170] Found solution in: 4
I20260909 04:41:32.036036   729 skeleton_planner.h:170] Found solution in: 12
I20260909 04:41:32.036051   729 skeleton_planner.h:170] Found solution in: 4
I20260909 04:41:32.036069   729 skeleton_planner.h:170] Found solution in: 6
I20260909 04:41:32.036193   729 skeleton_planner.h:170] Found solution in: 33
I20260909 04:41:32.036227   729 skeleton_planner.h:170] Found solution in: 5
I20260909 04:41:32.036249   729 skeleton_planner.h:170] Found solution in: 7
I20260909 04:41:32.036270   729 skeleton_planner.h:170] Found solution in: 5
I20260909 04:41:32.036288   729 skeleton_planner.h:170] Found solution in: 6
I20260909 04:41:32.036320   729 skeleton_planner.h:170] Found solution in: 8
I20260909 04:41:32.036372   729 skeleton_planner.h:170] Found solution in: 14
I20260909 04:41:32.036403   729 skeleton_planner.h:170] Found solution in: 7
I20260909 04:41:32.036417   729 skeleton_planner.h:170] Found solution in: 4
I20260909 04:41:32.036439   729 skeleton_planner.h:170] Found solution in: 7
I20260909 04:41:32.036454   729 skeleton_planner.h:170] Found solution in: 5
I20260909 04:41:32.036474   729 skeleton_planner.h:170] Found solution in: 6
I20260909 04:41:32.036490   729 skeleton_planner.h:170] Found solution in: 5
I20260909 04:41:32.036507   729 skeleton_planner.h:170] Found solution in: 6
I20260909 04:41:32.036518   729 skeleton_planner.h:170] Found solution in: 3
I20260909 04:41:32.036523   729 skeleton_planner.h:170] Found solution in: 1
I20260909 04:41:32.036537   729 skeleton_planner.h:170] Found solution in: 5
I20260909 04:41:32.036550   729 skeleton_planner.h:170] Found solution in: 4
I20260909 04:41:32.036568   729 skeleton_planner.h:170] Found solution in: 6
I20260909 04:41:32.036587   729 skeleton_planner.h:170] Found solution in: 6
I20260909 04:41:32.036600   729 skeleton_planner.h:170] Found solution in: 4
I20260909 04:41:32.036617   729 skeleton_planner.h:170] Found solution in: 5
I20260909 04:41:32.036638   729 skeleton_planner.h:170] Found solution in: 6
I20260909 04:41:32.036648   729 skeleton_planner.h:170] Found solution in: 3
I20260909 04:41:32.036653   729 skeleton_planner.h:170] Found solution in: 1
I20260909 04:41:32.036687   729 skeleton_planner.h:170] Found solution in: 10
I20260909 04:41:32.036705   729 skeleton_planner.h:170] Found solution in: 4
I20260909 04:41:32.036715   729 skeleton_planner.h:170] Found solution in: 3
I20260909 04:41:32.036722   729 skeleton_planner.h:170] Found solution in: 2
I20260909 04:41:32.036744   729 skeleton_planner.h:170] Found solution in: 5
I20260909 04:41:32.036762   729 skeleton_planner.h:170] Found solution in: 6
I20260909 04:41:32.036773   729 skeleton_planner.h:170] Found solution in: 3
I20260909 04:41:32.036792   729 skeleton_planner.h:170] Found solution in: 7
I20260909 04:41:32.036818   729 skeleton_planner.h:170] Found solution in: 8
I20260909 04:41:32.036846   729 skeleton_planner.h:170] Found solution in: 10
I20260909 04:41:32.036859   729 skeleton_planner.h:170] Found solution in: 3
I20260909 04:41:32.036875   729 skeleton_planner.h:170] Found solution in: 4
I20260909 04:41:32.036886   729 skeleton_planner.h:170] Found solution in: 3
I20260909 04:41:32.036896   729 skeleton_planner.h:170] Found solution in: 3
I20260909 04:41:32.036931   729 skeleton_planner.h:170] Found solution in: 13
I20260909 04:41:32.036944   729 skeleton_planner.h:170] Found solution in: 4
I20260909 04:41:32.037009   729 skeleton_planner.h:170] Found solution in: 23
I20260909 04:41:32.037024   729 skeleton_planner.h:170] Found solution in: 3
I20260909 04:41:32.037030   729 skeleton_planner.h:170] Found solution in: 2
I20260909 04:41:32.037045   729 skeleton_planner.h:170] Found solution in: 7
I20260909 04:41:32.037050   729 skeleton_planner.h:170] Found solution in: 1
I20260909 04:41:32.037060   729 skeleton_planner.h:170] Found solution in: 3
I20260909 04:41:32.037072   729 skeleton_planner.h:170] Found solution in: 3
I20260909 04:41:32.037109   729 skeleton_planner.h:170] Found solution in: 9
I20260909 04:41:32.037129   729 skeleton_planner.h:170] Found solution in: 4
I20260909 04:41:32.037154   729 skeleton_planner.h:170] Found solution in: 8
I20260909 04:41:32.037195   729 skeleton_planner.h:170] Found solution in: 13
I20260909 04:41:32.037246   729 skeleton_planner.h:170] Found solution in: 14
I20260909 04:41:32.037261   729 skeleton_planner.h:170] Found solution in: 3
I20260909 04:41:32.037266   729 skeleton_planner.h:170] Found solution in: 1
I20260909 04:41:32.037345   729 skeleton_planner.h:170] Found solution in: 22
I20260909 04:41:32.037380   729 skeleton_planner.h:170] Found solution in: 7
I20260909 04:41:32.037398   729 skeleton_planner.h:170] Found solution in: 5
I20260909 04:41:32.037415   729 skeleton_planner.h:170] Found solution in: 5
I20260909 04:41:32.037432   729 skeleton_planner.h:170] Found solution in: 5
I20260909 04:41:32.037444   729 skeleton_planner.h:170] Found solution in: 4
I20260909 04:41:32.037490   729 skeleton_planner.h:170] Found solution in: 18
I20260909 04:41:32.037539   729 skeleton_planner.h:170] Found solution in: 15
I20260909 04:41:32.037590   729 skeleton_planner.h:170] Found solution in: 13
I20260909 04:41:32.037851   729 skeleton_planner.h:170] Found solution in: 65
I20260909 04:41:32.037870   729 skeleton_planner.h:170] Found solution in: 1
I20260909 04:41:32.037953   729 skeleton_planner.h:170] Found solution in: 19
I20260909 04:41:32.037966   729 skeleton_planner.h:170] Found solution in: 1
I20260909 04:41:32.037978   729 skeleton_planner.h:170] Found solution in: 4
I20260909 04:41:32.038004   729 skeleton_planner.h:170] Found solution in: 5
I20260909 04:41:32.038017   729 skeleton_planner.h:170] Found solution in: 4
I20260909 04:41:32.038033   729 skeleton_planner.h:170] Found solution in: 5
I20260909 04:41:32.038051   729 skeleton_planner.h:170] Found solution in: 6
I20260909 04:41:32.038066   729 skeleton_planner.h:170] Found solution in: 5
I20260909 04:41:32.038085   729 skeleton_planner.h:170] Found solution in: 6
I20260909 04:41:32.038116   729 skeleton_planner.h:170] Found solution in: 12
I20260909 04:41:32.038156   729 skeleton_planner.h:170] Found solution in: 9
I20260909 04:41:32.038280   729 skeleton_planner.h:170] Found solution in: 30
I20260909 04:41:32.038347   729 skeleton_planner.h:170] Found solution in: 18
I20260909 04:41:32.038362   729 skeleton_planner.h:170] Found solution in: 4
I20260909 04:41:32.038617   729 skeleton_planner.h:170] Found solution in: 5
I20260909 04:41:32.038636   729 skeleton_planner.h:170] Found solution in: 6
I20260909 04:41:32.038647   729 skeleton_planner.h:170] Found solution in: 3
I20260909 04:41:32.038666   729 skeleton_planner.h:170] Found solution in: 4
I20260909 04:41:32.038678   729 skeleton_planner.h:170] Found solution in: 3
I20260909 04:41:32.038689   729 skeleton_planner.h:170] Found solution in: 3
I20260909 04:41:32.038705   729 skeleton_planner.h:170] Found solution in: 5
I20260909 04:41:32.038719   729 skeleton_planner.h:170] Found solution in: 5
I20260909 04:41:32.038734   729 skeleton_planner.h:170] Found solution in: 4
I20260909 04:41:32.038753   729 skeleton_planner.h:170] Found solution in: 6
I20260909 04:41:32.038766   729 skeleton_planner.h:170] Found solution in: 4
I20260909 04:41:32.038792   729 skeleton_planner.h:170] Found solution in: 8
I20260909 04:41:32.038825   729 skeleton_planner.h:170] Found solution in: 11
I20260909 04:41:32.038838   729 skeleton_planner.h:170] Found solution in: 3
I20260909 04:41:32.038851   729 skeleton_planner.h:170] Found solution in: 4
I20260909 04:41:32.038861   729 skeleton_planner.h:170] Found solution in: 3
I20260909 04:41:32.038870   729 skeleton_planner.h:170] Found solution in: 3
I20260909 04:41:32.038883   729 skeleton_planner.h:170] Found solution in: 4
I20260909 04:41:32.038897   729 skeleton_planner.h:170] Found solution in: 5
I20260909 04:41:32.038920   729 skeleton_planner.h:170] Found solution in: 7
I20260909 04:41:32.038932   729 skeleton_planner.h:170] Found solution in: 3
I20260909 04:41:32.038946   729 skeleton_planner.h:170] Found solution in: 4
I20260909 04:41:32.038964   729 skeleton_planner.h:170] Found solution in: 6
I20260909 04:41:32.038973   729 skeleton_planner.h:170] Found solution in: 3
I20260909 04:41:32.038987   729 skeleton_planner.h:170] Found solution in: 4
I20260909 04:41:32.038998   729 skeleton_planner.h:170] Found solution in: 3
I20260909 04:41:32.039014   729 skeleton_planner.h:170] Found solution in: 5
I20260909 04:41:32.039053   729 skeleton_planner.h:170] Found solution in: 13
I20260909 04:41:32.039078   729 skeleton_planner.h:170] Found solution in: 6
I20260909 04:41:32.039111   729 skeleton_planner.h:170] Found solution in: 10
I20260909 04:41:32.039129   729 skeleton_planner.h:170] Found solution in: 4
I20260909 04:41:32.039140   729 skeleton_planner.h:170] Found solution in: 3
I20260909 04:41:32.039150   729 skeleton_planner.h:170] Found solution in: 3
I20260909 04:41:32.039188   729 skeleton_planner.h:170] Found solution in: 14
I20260909 04:41:32.039245   729 skeleton_planner.h:170] Found solution in: 18
I20260909 04:41:32.039263   729 skeleton_planner.h:170] Found solution in: 5
I20260909 04:41:32.039273   729 skeleton_planner.h:170] Found solution in: 3
I20260909 04:41:32.039285   729 skeleton_planner.h:170] Found solution in: 4
I20260909 04:41:32.039312   729 skeleton_planner.h:170] Found solution in: 5
I20260909 04:41:32.039331   729 skeleton_planner.h:170] Found solution in: 6
I20260909 04:41:32.039355   729 skeleton_planner.h:170] Found solution in: 8
I20260909 04:41:32.039381   729 skeleton_planner.h:170] Found solution in: 6
I20260909 04:41:32.039389   729 skeleton_planner.h:170] Found solution in: 2
I20260909 04:41:32.039405   729 skeleton_planner.h:170] Found solution in: 5
I20260909 04:41:32.039417   729 skeleton_planner.h:170] Found solution in: 3
I20260909 04:41:32.039428   729 skeleton_planner.h:170] Found solution in: 4
I20260909 04:41:32.039445   729 skeleton_planner.h:170] Found solution in: 6
I20260909 04:41:32.039464   729 skeleton_planner.h:170] Found solution in: 6
I20260909 04:41:32.039479   729 skeleton_planner.h:170] Found solution in: 4
I20260909 04:41:32.039492   729 skeleton_planner.h:170] Found solution in: 5
I20260909 04:41:32.039508   729 skeleton_planner.h:170] Found solution in: 6
I20260909 04:41:32.039530   729 skeleton_planner.h:170] Found solution in: 8
I20260909 04:41:32.039547   729 skeleton_planner.h:170] Found solution in: 5
I20260909 04:41:32.039558   729 skeleton_planner.h:170] Found solution in: 3
I20260909 04:41:32.039572   729 skeleton_planner.h:170] Found solution in: 5
I20260909 04:41:32.039582   729 skeleton_planner.h:170] Found solution in: 3
I20260909 04:41:32.039602   729 skeleton_planner.h:170] Found solution in: 7
I20260909 04:41:32.039610   729 skeleton_planner.h:170] Found solution in: 2
I20260909 04:41:32.039630   729 skeleton_planner.h:170] Found solution in: 7
I20260909 04:41:32.039642   729 skeleton_planner.h:170] Found solution in: 3
I20260909 04:41:32.039675   729 skeleton_planner.h:170] Found solution in: 10
I20260909 04:41:32.039712   729 skeleton_planner.h:170] Found solution in: 9
I20260909 04:41:32.039726   729 skeleton_planner.h:170] Found solution in: 3
I20260909 04:41:32.039760   729 skeleton_planner.h:170] Found solution in: 12
I20260909 04:41:32.039783   729 skeleton_planner.h:170] Found solution in: 6
I20260909 04:41:32.039796   729 skeleton_planner.h:170] Found solution in: 4
I20260909 04:41:32.039830   729 skeleton_planner.h:170] Found solution in: 12
I20260909 04:41:32.039851   729 skeleton_planner.h:170] Found solution in: 4
I20260909 04:41:32.039872   729 skeleton_planner.h:170] Found solution in: 8
I20260909 04:41:32.039901   729 skeleton_planner.h:170] Found solution in: 9
I20260909 04:41:32.039937   729 skeleton_planner.h:170] Found solution in: 15
I20260909 04:41:32.039949   729 skeleton_planner.h:170] Found solution in: 3
I20260909 04:41:32.039963   729 skeleton_planner.h:170] Found solution in: 5
I20260909 04:41:32.039975   729 skeleton_planner.h:170] Found solution in: 4
I20260909 04:41:32.039996   729 skeleton_planner.h:170] Found solution in: 6
I20260909 04:41:32.040004   729 skeleton_planner.h:170] Found solution in: 2
I20260909 04:41:32.040014   729 skeleton_planner.h:170] Found solution in: 3
I20260909 04:41:32.040030   729 skeleton_planner.h:170] Found solution in: 8
I20260909 04:41:32.040048   729 skeleton_planner.h:170] Found solution in: 9
I20260909 04:41:32.040056   729 skeleton_planner.h:170] Found solution in: 2
I20260909 04:41:32.040060   729 skeleton_planner.h:170] Found solution in: 1
I20260909 04:41:32.040066   729 skeleton_planner.h:170] Found solution in: 2
I20260909 04:41:32.040069   729 skeleton_planner.h:170] Found solution in: 1
I20260909 04:41:32.040071   729 skeleton_planner.h:170] Found solution in: 1
I20260909 04:41:32.040091   729 skeleton_planner.h:170] Found solution in: 8
I20260909 04:41:32.040113   729 skeleton_planner.h:170] Found solution in: 8
I20260909 04:41:32.040124   729 skeleton_planner.h:170] Found solution in: 3
I20260909 04:41:32.040134   729 skeleton_planner.h:170] Found solution in: 3
I20260909 04:41:32.040156   729 skeleton_planner.h:170] Found solution in: 7
I20260909 04:41:32.040177   729 skeleton_planner.h:170] Found solution in: 7
I20260909 04:41:32.040200   729 skeleton_planner.h:170] Found solution in: 7
I20260909 04:41:32.040227   729 skeleton_planner.h:170] Found solution in: 8
I20260909 04:41:32.040239   729 skeleton_planner.h:170] Found solution in: 3
I20260909 04:41:32.040249   729 skeleton_planner.h:170] Found solution in: 3
I20260909 04:41:32.040277   729 skeleton_planner.h:170] Found solution in: 10
I20260909 04:41:32.040295   729 skeleton_planner.h:170] Found solution in: 4
I20260909 04:41:32.040318   729 skeleton_planner.h:170] Found solution in: 10
I20260909 04:41:32.040329   729 skeleton_planner.h:170] Found solution in: 3
I20260909 04:41:32.040343   729 skeleton_planner.h:170] Found solution in: 4
I20260909 04:41:32.040421   729 skeleton_planner.h:170] Found solution in: 21
I20260909 04:41:32.040516   729 skeleton_planner.h:170] Found solution in: 22
I20260909 04:41:32.040548   729 skeleton_planner.h:170] Found solution in: 5
I20260909 04:41:32.040553   729 skeleton_planner.h:170] Found solution in: 1
I20260909 04:41:32.040556   729 skeleton_planner.h:170] Found solution in: 1
I20260909 04:41:32.040573   729 skeleton_planner.h:170] Found solution in: 6
I20260909 04:41:32.040593   729 skeleton_planner.h:170] Found solution in: 7
I20260909 04:41:32.040616   729 skeleton_planner.h:170] Found solution in: 8
I20260909 04:41:32.040635   729 skeleton_planner.h:170] Found solution in: 8
I20260909 04:41:32.040642   729 skeleton_planner.h:170] Found solution in: 1
I20260909 04:41:32.040656   729 skeleton_planner.h:170] Found solution in: 5
I20260909 04:41:32.040665   729 skeleton_planner.h:170] Found solution in: 3
I20260909 04:41:32.040679   729 skeleton_planner.h:170] Found solution in: 5
I20260909 04:41:32.040696   729 skeleton_planner.h:170] Found solution in: 5
I20260909 04:41:32.040712   729 skeleton_planner.h:170] Found solution in: 5
I20260909 04:41:32.040735   729 skeleton_planner.h:170] Found solution in: 9
I20260909 04:41:32.040763   729 skeleton_planner.h:170] Found solution in: 9
I20260909 04:41:32.040792   729 skeleton_planner.h:170] Found solution in: 10
I20260909 04:41:32.040819   729 skeleton_planner.h:170] Found solution in: 8
I20260909 04:41:32.040841   729 skeleton_planner.h:170] Found solution in: 6
I20260909 04:41:32.040866   729 skeleton_planner.h:170] Found solution in: 8
I20260909 04:41:32.040885   729 skeleton_planner.h:170] Found solution in: 5
I20260909 04:41:32.040910   729 skeleton_planner.h:170] Found solution in: 8
I20260909 04:41:32.040922   729 skeleton_planner.h:170] Found solution in: 4
I20260909 04:41:32.040942   729 skeleton_planner.h:170] Found solution in: 6
I20260909 04:41:32.040973   729 skeleton_planner.h:170] Found solution in: 12
I20260909 04:41:32.040995   729 skeleton_planner.h:170] Found solution in: 7
I20260909 04:41:32.041013   729 skeleton_planner.h:170] Found solution in: 6
I20260909 04:41:32.041028   729 skeleton_planner.h:170] Found solution in: 4
I20260909 04:41:32.041042   729 skeleton_planner.h:170] Found solution in: 4
I20260909 04:41:32.041049   729 skeleton_planner.h:170] Found solution in: 2
I20260909 04:41:32.041061   729 skeleton_planner.h:170] Found solution in: 5
I20260909 04:41:32.041078   729 skeleton_planner.h:170] Found solution in: 5
I20260909 04:41:32.041093   729 skeleton_planner.h:170] Found solution in: 6
I20260909 04:41:32.041105   729 skeleton_planner.h:170] Found solution in: 4
I20260909 04:41:32.041123   729 skeleton_planner.h:170] Found solution in: 8
I20260909 04:41:32.041148   729 skeleton_planner.h:170] Found solution in: 12
I20260909 04:41:32.041170   729 skeleton_planner.h:170] Found solution in: 11
I20260909 04:41:32.041224   729 skeleton_planner.h:170] Found solution in: 30
I20260909 04:41:32.041236   729 skeleton_planner.h:170] Found solution in: 4
I20260909 04:41:32.041261   729 skeleton_planner.h:170] Found solution in: 14
I20260909 04:41:32.041285   729 skeleton_planner.h:170] Found solution in: 12
I20260909 04:41:32.041316   729 skeleton_planner.h:170] Found solution in: 13
I20260909 04:41:32.041321   729 skeleton_planner.h:170] Found solution in: 1
I20260909 04:41:32.041325   729 skeleton_planner.h:170] Found solution in: 1
I20260909 04:41:32.041334   729 skeleton_planner.h:170] Found solution in: 4
I20260909 04:41:32.041338   729 skeleton_planner.h:170] Found solution in: 1
I20260909 04:41:32.041342   729 skeleton_planner.h:170] Found solution in: 1
I20260909 04:41:32.041360   729 skeleton_planner.h:170] Found solution in: 6
I20260909 04:41:32.041373   729 skeleton_planner.h:170] Found solution in: 3
I20260909 04:41:32.041410   729 skeleton_planner.h:170] Found solution in: 13
I20260909 04:41:32.041438   729 skeleton_planner.h:170] Found solution in: 9
I20260909 04:41:32.041471   729 skeleton_planner.h:170] Found solution in: 13
I20260909 04:41:32.041833   729 skeleton_planner.h:170] Found solution in: 6
I20260909 04:41:32.041858   729 skeleton_planner.h:170] Found solution in: 8
I20260909 04:41:32.041883   729 skeleton_planner.h:170] Found solution in: 9
I20260909 04:41:32.041937   729 skeleton_planner.h:170] Found solution in: 22
I20260909 04:41:32.041989   729 skeleton_planner.h:170] Found solution in: 11
I20260909 04:41:32.042025   729 skeleton_planner.h:170] Found solution in: 9
I20260909 04:41:32.042047   729 skeleton_planner.h:170] Found solution in: 5
I20260909 04:41:32.042073   729 skeleton_planner.h:170] Found solution in: 8
I20260909 04:41:32.042114   729 skeleton_planner.h:170] Found solution in: 10
I20260909 04:41:32.042140   729 skeleton_planner.h:170] Found solution in: 7
I20260909 04:41:32.042148   729 skeleton_planner.h:170] Found solution in: 2
I20260909 04:41:32.042176   729 skeleton_planner.h:170] Found solution in: 8
I20260909 04:41:32.042188   729 skeleton_planner.h:170] Found solution in: 3
I20260909 04:41:32.042217   729 skeleton_planner.h:170] Found solution in: 9
I20260909 04:41:32.042228   729 skeleton_planner.h:170] Found solution in: 3
I20260909 04:41:32.042233   729 skeleton_planner.h:170] Found solution in: 1
I20260909 04:41:32.042251   729 skeleton_planner.h:170] Found solution in: 6
I20260909 04:41:32.042273   729 skeleton_planner.h:170] Found solution in: 7
I20260909 04:41:32.042285   729 skeleton_planner.h:170] Found solution in: 3
I20260909 04:41:32.042289   729 skeleton_planner.h:170] Found solution in: 1
I20260909 04:41:32.042299   729 skeleton_planner.h:170] Found solution in: 3
I20260909 04:41:32.042310   729 skeleton_planner.h:170] Found solution in: 3
I20260909 04:41:32.042328   729 skeleton_planner.h:170] Found solution in: 5
I20260909 04:41:32.042340   729 skeleton_planner.h:170] Found solution in: 3
I20260909 04:41:32.042361   729 skeleton_planner.h:170] Found solution in: 6
I20260909 04:41:32.042366   729 skeleton_planner.h:170] Found solution in: 1
I20260909 04:41:32.042383   729 skeleton_planner.h:170] Found solution in: 5
I20260909 04:41:32.042394   729 skeleton_planner.h:170] Found solution in: 3
I20260909 04:41:32.042407   729 skeleton_planner.h:170] Found solution in: 5
I20260909 04:41:32.042414   729 skeleton_planner.h:170] Found solution in: 3
I20260909 04:41:32.042418   729 skeleton_planner.h:170] Found solution in: 1
I20260909 04:41:32.042420   729 skeleton_planner.h:170] Found solution in: 1
I20260909 04:41:32.042429   729 skeleton_planner.h:170] Found solution in: 3
I20260909 04:41:32.042436   729 skeleton_planner.h:170] Found solution in: 2
I20260909 04:41:32.042448   729 skeleton_planner.h:170] Found solution in: 4
I20260909 04:41:32.042454   729 skeleton_planner.h:170] Found solution in: 1
I20260909 04:41:32.042455   729 skeleton_planner.h:170] Found solution in: 1
I20260909 04:41:32.042480   729 skeleton_planner.h:170] Found solution in: 12
I20260909 04:41:32.042486   729 skeleton_generator.cpp:1655] [Simplify Vertices] Vertex removals: 843 / 857, Edges added: 293
I20260909 04:41:32.042969   729 skeleton_generator.cpp:1697] [Subgraph] Number of disconnected subgraphs: 22
I20260909 04:41:32.046175   729 skeleton_planner.h:170] Found solution in: 3
I20260909 04:41:32.050923   729 skeleton_planner.h:170] Found solution in: 9
I20260909 04:41:32.052477   729 skeleton_planner.h:170] Found solution in: 15
I20260909 04:41:32.052901   729 skeleton_planner.h:170] Found solution in: 94
I20260909 04:41:32.053272   729 skeleton_planner.h:170] Found solution in: 39
I20260909 04:41:32.053369   729 skeleton_planner.h:170] Found solution in: 7
I20260909 04:41:32.053809   729 skeleton_planner.h:170] Found solution in: 33
I20260909 04:41:32.053894   729 skeleton_planner.h:170] Found solution in: 8
I20260909 04:41:32.055124   729 skeleton_planner.h:170] Found solution in: 4
I20260909 04:41:32.056203   729 skeleton_planner.h:170] Found solution in: 16
I20260909 04:41:32.056303   729 skeleton_planner.h:170] Found solution in: 12
I20260909 04:41:32.056464   729 skeleton_planner.h:170] Found solution in: 5
I20260909 04:41:32.057897   729 skeleton_planner.h:170] Found solution in: 12
I20260909 04:41:32.061285   729 skeleton_planner.h:170] Found solution in: 9
I20260909 04:41:32.063117   729 skeleton_generator.cpp:1756] [Subgraph] Potential edge candidates: 85 diagram candidates: 14
I20260909 04:41:32.063179   729 skeleton_generator.cpp:1771] [Subgraph] Final number of disconnected subgraphs: 9
I20260909 04:41:32.063184   729 skeleton_generator.cpp:633] [Sparse Graph] Vertices: 1425 Edges: 2370
