I20260909 04:41:05.271543   651 skeleton_planner.h:31] Setting ESDF layer.
I20260909 04:41:05.371634   651 skeleton_generator.cpp:226] [GVD] Finished finding GVD candidates. Number of skeleton points: 70360 edges: 7696
I20260909 04:41:05.391402   651 skeleton_generator.cpp:1093] [Prune] Number of vertices before prune: 3304 Number of deleted vertices: 836
I20260909 04:41:05.400599   651 skeleton_planner.h:170] Found solution in: 1
I20260909 04:41:05.400626   651 skeleton_planner.h:170] Found solution in: 16
I20260909 04:41:05.400635   651 skeleton_planner.h:170] Found solution in: 1
I20260909 04:41:05.400681   651 skeleton_planner.h:170] Found solution in: 3
I20260909 04:41:05.400691   651 skeleton_planner.h:170] Found solution in: 1
I20260909 04:41:05.400699   651 skeleton_planner.h:170] Found solution in: 4
I20260909 04:41:05.400717   651 skeleton_planner.h:170] Found solution in: 6
I20260909 04:41:05.400724   651 skeleton_planner.h:170] Found solution in: 1
I20260909 04:41:05.401232   651 skeleton_planner.h:170] Found solution in: 1
I20260909 04:41:05.401250   651 skeleton_planner.h:170] Found solution in: 20
I20260909 04:41:05.401257   651 skeleton_planner.h:170] Found solution in: 1
I20260909 04:41:05.401263   651 skeleton_planner.h:170] Found solution in: 5
I20260909 04:41:05.401273   651 skeleton_planner.h:170] Found solution in: 11
I20260909 04:41:05.401279   651 skeleton_planner.h:170] Found solution in: 6
I20260909 04:41:05.401285   651 skeleton_planner.h:170] Found solution in: 1
I20260909 04:41:05.401295   651 skeleton_planner.h:170] Found solution in: 3
I20260909 04:41:05.401304   651 skeleton_planner.h:170] Found solution in: 1
I20260909 04:41:05.401362   651 skeleton_planner.h:170] Found solution in: 59
I20260909 04:41:05.401371   651 skeleton_planner.h:170] Found solution in: 4
I20260909 04:41:05.401378   651 skeleton_planner.h:170] Found solution in: 1
I20260909 04:41:05.401383   651 skeleton_planner.h:170] Found solution in: 4
I20260909 04:41:05.401408   651 skeleton_planner.h:170] Found solution in: 7
I20260909 04:41:05.401417   651 skeleton_planner.h:170] Found solution in: 1
I20260909 04:41:05.401429   651 skeleton_planner.h:170] Found solution in: 4
I20260909 04:41:05.401438   651 skeleton_planner.h:170] Found solution in: 1
I20260909 04:41:05.401445   651 skeleton_planner.h:170] Found solution in: 5
I20260909 04:41:05.401454   651 skeleton_planner.h:170] Found solution in: 10
I20260909 04:41:05.401492   651 skeleton_planner.h:170] Found solution in: 10
I20260909 04:41:05.401505   651 skeleton_planner.h:170] Found solution in: 1
I20260909 04:41:05.401510   651 skeleton_planner.h:170] Found solution in: 5
I20260909 04:41:05.401531   651 skeleton_planner.h:170] Found solution in: 5
I20260909 04:41:05.401540   651 skeleton_planner.h:170] Found solution in: 1
I20260909 04:41:05.401549   651 skeleton_planner.h:170] Found solution in: 1
I20260909 04:41:05.401557   651 skeleton_planner.h:170] Found solution in: 1
I20260909 04:41:05.401563   651 skeleton_planner.h:170] Found solution in: 6
I20260909 04:41:05.401607   651 skeleton_planner.h:170] Found solution in: 10
I20260909 04:41:05.401618   651 skeleton_planner.h:170] Found solution in: 1
I20260909 04:41:05.401623   651 skeleton_planner.h:170] Found solution in: 5
I20260909 04:41:05.401662   651 skeleton_planner.h:170] Found solution in: 4
I20260909 04:41:05.401671   651 skeleton_planner.h:170] Found solution in: 1
I20260909 04:41:05.401678   651 skeleton_planner.h:170] Found solution in: 6
I20260909 04:41:05.401688   651 skeleton_planner.h:170] Found solution in: 1
I20260909 04:41:05.401705   651 skeleton_planner.h:170] Found solution in: 4
I20260909 04:41:05.401715   651 skeleton_planner.h:170] Found solution in: 1
I20260909 04:41:05.401721   651 skeleton_planner.h:170] Found solution in: 1
I20260909 04:41:05.401726   651 skeleton_planner.h:170] Found solution in: 2
I20260909 04:41:05.401741   651 skeleton_planner.h:170] Found solution in: 6
I20260909 04:41:05.401746   651 skeleton_planner.h:170] Found solution in: 1
I20260909 04:41:05.401754   651 skeleton_planner.h:170] Found solution in: 7
I20260909 04:41:05.401786   651 skeleton_planner.h:170] Found solution in: 7
I20260909 04:41:05.401796   651 skeleton_planner.h:170] Found solution in: 1
I20260909 04:41:05.401804   651 skeleton_planner.h:170] Found solution in: 1
I20260909 04:41:05.401829   651 skeleton_planner.h:170] Found solution in: 26
I20260909 04:41:05.401847   651 skeleton_planner.h:170] Found solution in: 16
I20260909 04:41:05.401856   651 skeleton_planner.h:170] Found solution in: 1
I20260909 04:41:05.401863   651 skeleton_planner.h:170] Found solution in: 1
I20260909 04:41:05.401870   651 skeleton_planner.h:170] Found solution in: 6
I20260909 04:41:05.401875   651 skeleton_planner.h:170] Found solution in: 1
I20260909 04:41:05.401881   651 skeleton_planner.h:170] Found solution in: 5
I20260909 04:41:05.401888   651 skeleton_planner.h:170] Found solution in: 1
I20260909 04:41:05.401896   651 skeleton_planner.h:170] Found solution in: 8
I20260909 04:41:05.401952   651 skeleton_planner.h:170] Found solution in: 5
I20260909 04:41:05.401963   651 skeleton_planner.h:170] Found solution in: 1
I20260909 04:41:05.402019   651 skeleton_planner.h:170] Found solution in: 4
I20260909 04:41:05.402025   651 skeleton_planner.h:170] Found solution in: 1
I20260909 04:41:05.402038   651 skeleton_planner.h:170] Found solution in: 3
I20260909 04:41:05.402048   651 skeleton_planner.h:170] Found solution in: 1
I20260909 04:41:05.402060   651 skeleton_planner.h:170] Found solution in: 12
I20260909 04:41:05.402069   651 skeleton_planner.h:170] Found solution in: 1
I20260909 04:41:05.402154   651 skeleton_planner.h:170] Found solution in: 5
I20260909 04:41:05.402163   651 skeleton_planner.h:170] Found solution in: 1
I20260909 04:41:05.402592   651 skeleton_planner.h:170] Found solution in: 6
I20260909 04:41:05.402602   651 skeleton_planner.h:170] Found solution in: 1
I20260909 04:41:05.402609   651 skeleton_planner.h:170] Found solution in: 1
I20260909 04:41:05.402626   651 skeleton_planner.h:170] Found solution in: 4
I20260909 04:41:05.402637   651 skeleton_planner.h:170] Found solution in: 1
I20260909 04:41:05.402642   651 skeleton_planner.h:170] Found solution in: 4
I20260909 04:41:05.402668   651 skeleton_planner.h:170] Found solution in: 30
I20260909 04:41:05.402674   651 skeleton_planner.h:170] Found solution in: 1
I20260909 04:41:05.402679   651 skeleton_planner.h:170] Found solution in: 3
I20260909 04:41:05.403321   651 skeleton_planner.h:170] Found solution in: 1
I20260909 04:41:05.403327   651 skeleton_planner.h:170] Found solution in: 6
I20260909 04:41:05.403353   651 skeleton_planner.h:170] Found solution in: 9
I20260909 04:41:05.403362   651 skeleton_planner.h:170] Found solution in: 1
I20260909 04:41:05.403368   651 skeleton_planner.h:170] Found solution in: 6
I20260909 04:41:05.403393   651 skeleton_planner.h:170] Found solution in: 6
I20260909 04:41:05.403402   651 skeleton_planner.h:170] Found solution in: 1
I20260909 04:41:05.403483   651 skeleton_planner.h:170] Found solution in: 3
I20260909 04:41:05.403491   651 skeleton_planner.h:170] Found solution in: 1
I20260909 04:41:05.403496   651 skeleton_planner.h:170] Found solution in: 3
I20260909 04:41:05.403575   651 skeleton_planner.h:170] Found solution in: 3
I20260909 04:41:05.403584   651 skeleton_planner.h:170] Found solution in: 1
I20260909 04:41:05.403600   651 skeleton_planner.h:170] Found solution in: 5
I20260909 04:41:05.403610   651 skeleton_planner.h:170] Found solution in: 1
I20260909 04:41:05.403615   651 skeleton_planner.h:170] Found solution in: 4
I20260909 04:41:05.403630   651 skeleton_planner.h:170] Found solution in: 5
I20260909 04:41:05.403640   651 skeleton_planner.h:170] Found solution in: 1
I20260909 04:41:05.403644   651 skeleton_planner.h:170] Found solution in: 4
I20260909 04:41:05.403651   651 skeleton_planner.h:170] Found solution in: 1
I20260909 04:41:05.403663   651 skeleton_planner.h:170] Found solution in: 12
I20260909 04:41:05.403702   651 skeleton_planner.h:170] Found solution in: 8
I20260909 04:41:05.403710   651 skeleton_planner.h:170] Found solution in: 1
I20260909 04:41:05.403728   651 skeleton_planner.h:170] Found solution in: 3
I20260909 04:41:05.403738   651 skeleton_planner.h:170] Found solution in: 1
I20260909 04:41:05.403744   651 skeleton_planner.h:170] Found solution in: 5
I20260909 04:41:05.403790   651 skeleton_planner.h:170] Found solution in: 16
I20260909 04:41:05.403803   651 skeleton_planner.h:170] Found solution in: 1
I20260909 04:41:05.403826   651 skeleton_planner.h:170] Found solution in: 26
I20260909 04:41:05.403834   651 skeleton_planner.h:170] Found solution in: 1
I20260909 04:41:05.403841   651 skeleton_planner.h:170] Found solution in: 4
I20260909 04:41:05.403847   651 skeleton_planner.h:170] Found solution in: 6
I20260909 04:41:05.403854   651 skeleton_planner.h:170] Found solution in: 6
I20260909 04:41:05.403861   651 skeleton_planner.h:170] Found solution in: 6
I20260909 04:41:05.403867   651 skeleton_planner.h:170] Found solution in: 1
I20260909 04:41:05.403959   651 skeleton_planner.h:170] Found solution in: 3
I20260909 04:41:05.403967   651 skeleton_planner.h:170] Found solution in: 1
I20260909 04:41:05.403970   651 skeleton_planner.h:170] Found solution in: 2
I20260909 04:41:05.403983   651 skeleton_planner.h:170] Found solution in: 5
I20260909 04:41:05.403992   651 skeleton_planner.h:170] Found solution in: 1
I20260909 04:41:05.404093   651 skeleton_planner.h:170] Found solution in: 4
I20260909 04:41:05.404100   651 skeleton_planner.h:170] Found solution in: 1
I20260909 04:41:05.404116   651 skeleton_planner.h:170] Found solution in: 3
I20260909 04:41:05.404125   651 skeleton_planner.h:170] Found solution in: 1
I20260909 04:41:05.404150   651 skeleton_planner.h:170] Found solution in: 29
I20260909 04:41:05.404179   651 skeleton_planner.h:170] Found solution in: 39
I20260909 04:41:05.404232   651 skeleton_planner.h:170] Found solution in: 68
I20260909 04:41:05.404242   651 skeleton_planner.h:170] Found solution in: 1
I20260909 04:41:05.404246   651 skeleton_planner.h:170] Found solution in: 3
I20260909 04:41:05.404294   651 skeleton_planner.h:170] Found solution in: 60
I20260909 04:41:05.404381   651 skeleton_planner.h:170] Found solution in: 3
I20260909 04:41:05.404394   651 skeleton_planner.h:170] Found solution in: 1
I20260909 04:41:05.404501   651 skeleton_planner.h:170] Found solution in: 4
I20260909 04:41:05.404512   651 skeleton_planner.h:170] Found solution in: 1
I20260909 04:41:05.404517   651 skeleton_planner.h:170] Found solution in: 3
I20260909 04:41:05.404529   651 skeleton_planner.h:170] Found solution in: 13
I20260909 04:41:05.404621   651 skeleton_planner.h:170] Found solution in: 5
I20260909 04:41:05.404634   651 skeleton_planner.h:170] Found solution in: 1
I20260909 04:41:05.404649   651 skeleton_planner.h:170] Found solution in: 4
I20260909 04:41:05.404657   651 skeleton_planner.h:170] Found solution in: 1
I20260909 04:41:05.404670   651 skeleton_planner.h:170] Found solution in: 13
I20260909 04:41:05.404695   651 skeleton_planner.h:170] Found solution in: 32
I20260909 04:41:05.404703   651 skeleton_planner.h:170] Found solution in: 1
I20260909 04:41:05.404707   651 skeleton_planner.h:170] Found solution in: 2
I20260909 04:41:05.404721   651 skeleton_planner.h:170] Found solution in: 4
I20260909 04:41:05.404727   651 skeleton_planner.h:170] Found solution in: 1
I20260909 04:41:05.404734   651 skeleton_planner.h:170] Found solution in: 1
I20260909 04:41:05.404757   651 skeleton_planner.h:170] Found solution in: 7
I20260909 04:41:05.404767   651 skeleton_planner.h:170] Found solution in: 1
I20260909 04:41:05.404866   651 skeleton_planner.h:170] Found solution in: 4
I20260909 04:41:05.404874   651 skeleton_planner.h:170] Found solution in: 1
I20260909 04:41:05.404881   651 skeleton_planner.h:170] Found solution in: 1
I20260909 04:41:05.404888   651 skeleton_planner.h:170] Found solution in: 1
I20260909 04:41:05.404910   651 skeleton_planner.h:170] Found solution in: 24
I20260909 04:41:05.405007   651 skeleton_planner.h:170] Found solution in: 5
I20260909 04:41:05.405018   651 skeleton_planner.h:170] Found solution in: 1
I20260909 04:41:05.405025   651 skeleton_planner.h:170] Found solution in: 6
I20260909 04:41:05.405048   651 skeleton_planner.h:170] Found solution in: 6
I20260909 04:41:05.405058   651 skeleton_planner.h:170] Found solution in: 1
I20260909 04:41:05.405068   651 skeleton_planner.h:170] Found solution in: 12
I20260909 04:41:05.405149   651 skeleton_planner.h:170] Found solution in: 4
I20260909 04:41:05.405159   651 skeleton_planner.h:170] Found solution in: 1
I20260909 04:41:05.405184   651 skeleton_planner.h:170] Found solution in: 6
I20260909 04:41:05.405193   651 skeleton_planner.h:170] Found solution in: 1
I20260909 04:41:05.405203   651 skeleton_planner.h:170] Found solution in: 11
I20260909 04:41:05.405295   651 skeleton_planner.h:170] Found solution in: 5
I20260909 04:41:05.405303   651 skeleton_planner.h:170] Found solution in: 1
I20260909 04:41:05.405309   651 skeleton_planner.h:170] Found solution in: 4
I20260909 04:41:05.405315   651 skeleton_planner.h:170] Found solution in: 1
I20260909 04:41:05.405403   651 skeleton_planner.h:170] Found solution in: 6
I20260909 04:41:05.405412   651 skeleton_planner.h:170] Found solution in: 1
I20260909 04:41:05.405426   651 skeleton_planner.h:170] Found solution in: 4
I20260909 04:41:05.405434   651 skeleton_planner.h:170] Found solution in: 1
I20260909 04:41:05.405439   651 skeleton_planner.h:170] Found solution in: 4
I20260909 04:41:05.405453   651 skeleton_planner.h:170] Found solution in: 5
I20260909 04:41:05.405462   651 skeleton_planner.h:170] Found solution in: 1
I20260909 04:41:05.405471   651 skeleton_planner.h:170] Found solution in: 1
I20260909 04:41:05.405475   651 skeleton_planner.h:170] Found solution in: 2
I20260909 04:41:05.405484   651 skeleton_planner.h:170] Found solution in: 3
I20260909 04:41:05.405493   651 skeleton_planner.h:170] Found solution in: 1
I20260909 04:41:05.405504   651 skeleton_planner.h:170] Found solution in: 3
I20260909 04:41:05.405514   651 skeleton_planner.h:170] Found solution in: 1
I20260909 04:41:05.405604   651 skeleton_planner.h:170] Found solution in: 3
I20260909 04:41:05.405616   651 skeleton_planner.h:170] Found solution in: 1
I20260909 04:41:05.405620   651 skeleton_planner.h:170] Found solution in: 3
I20260909 04:41:05.405633   651 skeleton_planner.h:170] Found solution in: 3
I20260909 04:41:05.405642   651 skeleton_planner.h:170] Found solution in: 1
I20260909 04:41:05.405660   651 skeleton_planner.h:170] Found solution in: 5
I20260909 04:41:05.405669   651 skeleton_planner.h:170] Found solution in: 1
I20260909 04:41:05.405680   651 skeleton_planner.h:170] Found solution in: 3
I20260909 04:41:05.405690   651 skeleton_planner.h:170] Found solution in: 1
I20260909 04:41:05.405714   651 skeleton_planner.h:170] Found solution in: 26
I20260909 04:41:05.405745   651 skeleton_planner.h:170] Found solution in: 33
I20260909 04:41:05.405754   651 skeleton_planner.h:170] Found solution in: 1
I20260909 04:41:05.405843   651 skeleton_planner.h:170] Found solution in: 3
I20260909 04:41:05.405849   651 skeleton_planner.h:170] Found solution in: 1
I20260909 04:41:05.405853   651 skeleton_planner.h:170] Found solution in: 2
I20260909 04:41:05.405862   651 skeleton_planner.h:170] Found solution in: 3
I20260909 04:41:05.405869   651 skeleton_planner.h:170] Found solution in: 1
I20260909 04:41:05.405881   651 skeleton_planner.h:170] Found solution in: 4
I20260909 04:41:05.405887   651 skeleton_planner.h:170] Found solution in: 1
I20260909 04:41:05.405985   651 skeleton_planner.h:170] Found solution in: 4
I20260909 04:41:05.405994   651 skeleton_planner.h:170] Found solution in: 1
I20260909 04:41:05.405999   651 skeleton_planner.h:170] Found solution in: 3
I20260909 04:41:05.406010   651 skeleton_planner.h:170] Found solution in: 3
I20260909 04:41:05.406018   651 skeleton_planner.h:170] Found solution in: 1
I20260909 04:41:05.406039   651 skeleton_planner.h:170] Found solution in: 7
I20260909 04:41:05.406050   651 skeleton_planner.h:170] Found solution in: 1
I20260909 04:41:05.406054   651 skeleton_planner.h:170] Found solution in: 3
I20260909 04:41:05.406064   651 skeleton_planner.h:170] Found solution in: 9
I20260909 04:41:05.406071   651 skeleton_planner.h:170] Found solution in: 1
I20260909 04:41:05.406076   651 skeleton_planner.h:170] Found solution in: 3
I20260909 04:41:05.406082   651 skeleton_planner.h:170] Found solution in: 1
I20260909 04:41:05.406090   651 skeleton_planner.h:170] Found solution in: 9
I20260909 04:41:05.406137   651 skeleton_planner.h:170] Found solution in: 7
I20260909 04:41:05.406145   651 skeleton_planner.h:170] Found solution in: 1
I20260909 04:41:05.406150   651 skeleton_planner.h:170] Found solution in: 4
I20260909 04:41:05.406167   651 skeleton_planner.h:170] Found solution in: 6
I20260909 04:41:05.406177   651 skeleton_planner.h:170] Found solution in: 1
I20260909 04:41:05.406184   651 skeleton_planner.h:170] Found solution in: 1
I20260909 04:41:05.406203   651 skeleton_planner.h:170] Found solution in: 6
I20260909 04:41:05.406210   651 skeleton_planner.h:170] Found solution in: 1
I20260909 04:41:05.406227   651 skeleton_planner.h:170] Found solution in: 6
I20260909 04:41:05.406236   651 skeleton_planner.h:170] Found solution in: 1
I20260909 04:41:05.406242   651 skeleton_planner.h:170] Found solution in: 1
I20260909 04:41:05.406255   651 skeleton_planner.h:170] Found solution in: 3
I20260909 04:41:05.406263   651 skeleton_planner.h:170] Found solution in: 1
I20260909 04:41:05.406275   651 skeleton_planner.h:170] Found solution in: 3
I20260909 04:41:05.406281   651 skeleton_planner.h:170] Found solution in: 1
I20260909 04:41:05.406299   651 skeleton_planner.h:170] Found solution in: 4
I20260909 04:41:05.406309   651 skeleton_planner.h:170] Found solution in: 1
I20260909 04:41:05.406315   651 skeleton_planner.h:170] Found solution in: 4
I20260909 04:41:05.406324   651 skeleton_planner.h:170] Found solution in: 1
I20260909 04:41:05.406330   651 skeleton_planner.h:170] Found solution in: 1
I20260909 04:41:05.406334   651 skeleton_planner.h:170] Found solution in: 2
I20260909 04:41:05.406672   651 skeleton_planner.h:170] Found solution in: 1
I20260909 04:41:05.406677   651 skeleton_planner.h:170] Found solution in: 2
I20260909 04:41:05.407189   651 skeleton_planner.h:170] Found solution in: 1
I20260909 04:41:05.407195   651 skeleton_planner.h:170] Found solution in: 5
I20260909 04:41:05.407202   651 skeleton_planner.h:170] Found solution in: 5
I20260909 04:41:05.407563   651 skeleton_planner.h:170] Found solution in: 6
I20260909 04:41:05.407572   651 skeleton_planner.h:170] Found solution in: 1
I20260909 04:41:05.407586   651 skeleton_planner.h:170] Found solution in: 4
I20260909 04:41:05.407593   651 skeleton_planner.h:170] Found solution in: 1
I20260909 04:41:05.407599   651 skeleton_planner.h:170] Found solution in: 1
I20260909 04:41:05.407615   651 skeleton_planner.h:170] Found solution in: 3
I20260909 04:41:05.407624   651 skeleton_planner.h:170] Found solution in: 1
I20260909 04:41:05.407642   651 skeleton_planner.h:170] Found solution in: 18
I20260909 04:41:05.407650   651 skeleton_planner.h:170] Found solution in: 1
I20260909 04:41:05.407655   651 skeleton_planner.h:170] Found solution in: 4
I20260909 04:41:05.407666   651 skeleton_planner.h:170] Found solution in: 11
I20260909 04:41:05.407673   651 skeleton_planner.h:170] Found solution in: 6
I20260909 04:41:05.407682   651 skeleton_planner.h:170] Found solution in: 1
I20260909 04:41:05.407692   651 skeleton_planner.h:170] Found solution in: 10
I20260909 04:41:05.407701   651 skeleton_planner.h:170] Found solution in: 8
I20260909 04:41:05.407711   651 skeleton_planner.h:170] Found solution in: 1
I20260909 04:41:05.407716   651 skeleton_planner.h:170] Found solution in: 5
I20260909 04:41:05.407742   651 skeleton_planner.h:170] Found solution in: 5
I20260909 04:41:05.407749   651 skeleton_planner.h:170] Found solution in: 1
I20260909 04:41:05.408245   651 skeleton_planner.h:170] Found solution in: 6
I20260909 04:41:05.408260   651 skeleton_planner.h:170] Found solution in: 1
I20260909 04:41:05.408265   651 skeleton_planner.h:170] Found solution in: 4
I20260909 04:41:05.408308   651 skeleton_planner.h:170] Found solution in: 5
I20260909 04:41:05.408316   651 skeleton_planner.h:170] Found solution in: 1
I20260909 04:41:05.408324   651 skeleton_planner.h:170] Found solution in: 7
I20260909 04:41:05.408330   651 skeleton_planner.h:170] Found solution in: 6
I20260909 04:41:05.408335   651 skeleton_planner.h:170] Found solution in: 1
I20260909 04:41:05.408349   651 skeleton_planner.h:170] Found solution in: 17
I20260909 04:41:05.408392   651 skeleton_planner.h:170] Found solution in: 6
I20260909 04:41:05.408401   651 skeleton_planner.h:170] Found solution in: 1
I20260909 04:41:05.408434   651 skeleton_planner.h:170] Found solution in: 3
I20260909 04:41:05.408442   651 skeleton_planner.h:170] Found solution in: 1
I20260909 04:41:05.408453   651 skeleton_planner.h:170] Found solution in: 5
I20260909 04:41:05.408463   651 skeleton_planner.h:170] Found solution in: 1
I20260909 04:41:05.408476   651 skeleton_planner.h:170] Found solution in: 5
I20260909 04:41:05.408486   651 skeleton_planner.h:170] Found solution in: 1
I20260909 04:41:05.408492   651 skeleton_planner.h:170] Found solution in: 1
I20260909 04:41:05.408538   651 skeleton_planner.h:170] Found solution in: 4
I20260909 04:41:05.408546   651 skeleton_planner.h:170] Found solution in: 1
I20260909 04:41:05.408596   651 skeleton_planner.h:170] Found solution in: 6
I20260909 04:41:05.408607   651 skeleton_planner.h:170] Found solution in: 1
I20260909 04:41:05.408614   651 skeleton_planner.h:170] Found solution in: 8
I20260909 04:41:05.408663   651 skeleton_planner.h:170] Found solution in: 6
I20260909 04:41:05.408674   651 skeleton_planner.h:170] Found solution in: 1
I20260909 04:41:05.408730   651 skeleton_planner.h:170] Found solution in: 7
I20260909 04:41:05.408743   651 skeleton_planner.h:170] Found solution in: 1
I20260909 04:41:05.408845   651 skeleton_planner.h:170] Found solution in: 8
I20260909 04:41:05.408939   651 skeleton_planner.h:170] Found solution in: 6
I20260909 04:41:05.408947   651 skeleton_planner.h:170] Found solution in: 1
I20260909 04:41:05.408952   651 skeleton_planner.h:170] Found solution in: 5
I20260909 04:41:05.408969   651 skeleton_planner.h:170] Found solution in: 4
I20260909 04:41:05.408977   651 skeleton_planner.h:170] Found solution in: 1
I20260909 04:41:05.408987   651 skeleton_planner.h:170] Found solution in: 13
I20260909 04:41:05.408995   651 skeleton_planner.h:170] Found solution in: 9
I20260909 04:41:05.409057   651 skeleton_planner.h:170] Found solution in: 30
I20260909 04:41:05.409066   651 skeleton_planner.h:170] Found solution in: 1
I20260909 04:41:05.409071   651 skeleton_planner.h:170] Found solution in: 5
I20260909 04:41:05.409080   651 skeleton_planner.h:170] Found solution in: 11
I20260909 04:41:05.409088   651 skeleton_planner.h:170] Found solution in: 8
I20260909 04:41:05.409149   651 skeleton_planner.h:170] Found solution in: 23
I20260909 04:41:05.409161   651 skeleton_planner.h:170] Found solution in: 1
I20260909 04:41:05.409174   651 skeleton_planner.h:170] Found solution in: 4
I20260909 04:41:05.409181   651 skeleton_planner.h:170] Found solution in: 1
I20260909 04:41:05.409189   651 skeleton_planner.h:170] Found solution in: 1
I20260909 04:41:05.409210   651 skeleton_planner.h:170] Found solution in: 5
I20260909 04:41:05.409217   651 skeleton_planner.h:170] Found solution in: 1
I20260909 04:41:05.409221   651 skeleton_planner.h:170] Found solution in: 2
I20260909 04:41:05.409243   651 skeleton_planner.h:170] Found solution in: 7
I20260909 04:41:05.409250   651 skeleton_planner.h:170] Found solution in: 1
I20260909 04:41:05.409255   651 skeleton_planner.h:170] Found solution in: 1
I20260909 04:41:05.409263   651 skeleton_planner.h:170] Found solution in: 8
I20260909 04:41:05.409288   651 skeleton_planner.h:170] Found solution in: 5
I20260909 04:41:05.409296   651 skeleton_planner.h:170] Found solution in: 1
I20260909 04:41:05.409312   651 skeleton_planner.h:170] Found solution in: 5
I20260909 04:41:05.409322   651 skeleton_planner.h:170] Found solution in: 1
I20260909 04:41:05.409324   651 skeleton_planner.h:170] Found solution in: 2
I20260909 04:41:05.409333   651 skeleton_planner.h:170] Found solution in: 1
I20260909 04:41:05.409338   651 skeleton_planner.h:170] Found solution in: 3
I20260909 04:41:05.409349   651 skeleton_planner.h:170] Found solution in: 3
I20260909 04:41:05.409358   651 skeleton_planner.h:170] Found solution in: 1
I20260909 04:41:05.409370   651 skeleton_planner.h:170] Found solution in: 3
I20260909 04:41:05.409377   651 skeleton_planner.h:170] Found solution in: 1
I20260909 04:41:05.409384   651 skeleton_planner.h:170] Found solution in: 5
I20260909 04:41:05.409404   651 skeleton_planner.h:170] Found solution in: 6
I20260909 04:41:05.409413   651 skeleton_planner.h:170] Found solution in: 1
I20260909 04:41:05.409425   651 skeleton_planner.h:170] Found solution in: 3
I20260909 04:41:05.409432   651 skeleton_planner.h:170] Found solution in: 1
I20260909 04:41:05.409437   651 skeleton_planner.h:170] Found solution in: 4
I20260909 04:41:05.409463   651 skeleton_planner.h:170] Found solution in: 5
I20260909 04:41:05.409471   651 skeleton_planner.h:170] Found solution in: 1
I20260909 04:41:05.409477   651 skeleton_planner.h:170] Found solution in: 6
I20260909 04:41:05.409483   651 skeleton_planner.h:170] Found solution in: 1
I20260909 04:41:05.409488   651 skeleton_planner.h:170] Found solution in: 3
I20260909 04:41:05.409503   651 skeleton_planner.h:170] Found solution in: 4
I20260909 04:41:05.409509   651 skeleton_planner.h:170] Found solution in: 1
I20260909 04:41:05.409516   651 skeleton_planner.h:170] Found solution in: 5
I20260909 04:41:05.409523   651 skeleton_planner.h:170] Found solution in: 1
I20260909 04:41:05.409536   651 skeleton_planner.h:170] Found solution in: 4
I20260909 04:41:05.409543   651 skeleton_planner.h:170] Found solution in: 1
I20260909 04:41:05.409554   651 skeleton_planner.h:170] Found solution in: 6
I20260909 04:41:05.409580   651 skeleton_planner.h:170] Found solution in: 6
I20260909 04:41:05.409595   651 skeleton_planner.h:170] Found solution in: 1
I20260909 04:41:05.409600   651 skeleton_planner.h:170] Found solution in: 2
I20260909 04:41:05.409610   651 skeleton_planner.h:170] Found solution in: 3
I20260909 04:41:05.409618   651 skeleton_planner.h:170] Found solution in: 1
I20260909 04:41:05.409628   651 skeleton_planner.h:170] Found solution in: 3
I20260909 04:41:05.409636   651 skeleton_planner.h:170] Found solution in: 1
I20260909 04:41:05.409643   651 skeleton_planner.h:170] Found solution in: 8
I20260909 04:41:05.409663   651 skeleton_planner.h:170] Found solution in: 5
I20260909 04:41:05.409675   651 skeleton_planner.h:170] Found solution in: 1
I20260909 04:41:05.409687   651 skeleton_planner.h:170] Found solution in: 3
I20260909 04:41:05.409694   651 skeleton_planner.h:170] Found solution in: 1
I20260909 04:41:05.409778   651 skeleton_planner.h:170] Found solution in: 3
I20260909 04:41:05.409787   651 skeleton_planner.h:170] Found solution in: 1
I20260909 04:41:05.409791   651 skeleton_planner.h:170] Found solution in: 3
I20260909 04:41:05.409806   651 skeleton_planner.h:170] Found solution in: 4
I20260909 04:41:05.409812   651 skeleton_planner.h:170] Found solution in: 1
I20260909 04:41:05.409816   651 skeleton_planner.h:170] Found solution in: 2
I20260909 04:41:05.409827   651 skeleton_planner.h:170] Found solution in: 4
I20260909 04:41:05.409833   651 skeleton_planner.h:170] Found solution in: 1
I20260909 04:41:05.409850   651 skeleton_planner.h:170] Found solution in: 4
I20260909 04:41:05.409860   651 skeleton_planner.h:170] Found solution in: 1
I20260909 04:41:05.409873   651 skeleton_planner.h:170] Found solution in: 3
I20260909 04:41:05.409879   651 skeleton_planner.h:170] Found solution in: 1
I20260909 04:41:05.409889   651 skeleton_planner.h:170] Found solution in: 3
I20260909 04:41:05.409897   651 skeleton_planner.h:170] Found solution in: 1
I20260909 04:41:05.409911   651 skeleton_planner.h:170] Found solution in: 4
I20260909 04:41:05.409919   651 skeleton_planner.h:170] Found solution in: 1
I20260909 04:41:05.409925   651 skeleton_planner.h:170] Found solution in: 1
I20260909 04:41:05.409940   651 skeleton_planner.h:170] Found solution in: 4
I20260909 04:41:05.409950   651 skeleton_planner.h:170] Found solution in: 1
I20260909 04:41:05.409963   651 skeleton_planner.h:170] Found solution in: 3
I20260909 04:41:05.409979   651 skeleton_planner.h:170] Found solution in: 1
I20260909 04:41:05.409987   651 skeleton_planner.h:170] Found solution in: 8
I20260909 04:41:05.409996   651 skeleton_planner.h:170] Found solution in: 1
I20260909 04:41:05.410005   651 skeleton_planner.h:170] Found solution in: 9
I20260909 04:41:05.410036   651 skeleton_planner.h:170] Found solution in: 5
I20260909 04:41:05.410045   651 skeleton_planner.h:170] Found solution in: 1
I20260909 04:41:05.410053   651 skeleton_planner.h:170] Found solution in: 7
I20260909 04:41:05.410136   651 skeleton_planner.h:170] Found solution in: 3
I20260909 04:41:05.410146   651 skeleton_planner.h:170] Found solution in: 1
I20260909 04:41:05.410158   651 skeleton_planner.h:170] Found solution in: 3
I20260909 04:41:05.410166   651 skeleton_planner.h:170] Found solution in: 1
I20260909 04:41:05.410169   651 skeleton_planner.h:170] Found solution in: 3
I20260909 04:41:05.410255   651 skeleton_planner.h:170] Found solution in: 3
I20260909 04:41:05.410264   651 skeleton_planner.h:170] Found solution in: 1
I20260909 04:41:05.410270   651 skeleton_planner.h:170] Found solution in: 6
I20260909 04:41:05.410286   651 skeleton_planner.h:170] Found solution in: 18
I20260909 04:41:05.410292   651 skeleton_planner.h:170] Found solution in: 1
I20260909 04:41:05.410383   651 skeleton_planner.h:170] Found solution in: 4
I20260909 04:41:05.410393   651 skeleton_planner.h:170] Found solution in: 1
I20260909 04:41:05.410418   651 skeleton_planner.h:170] Found solution in: 5
I20260909 04:41:05.410427   651 skeleton_planner.h:170] Found solution in: 1
I20260909 04:41:05.410431   651 skeleton_planner.h:170] Found solution in: 3
I20260909 04:41:05.410445   651 skeleton_planner.h:170] Found solution in: 5
I20260909 04:41:05.410454   651 skeleton_planner.h:170] Found solution in: 1
I20260909 04:41:05.410465   651 skeleton_planner.h:170] Found solution in: 3
I20260909 04:41:05.410471   651 skeleton_planner.h:170] Found solution in: 1
I20260909 04:41:05.410475   651 skeleton_planner.h:170] Found solution in: 3
I20260909 04:41:05.410490   651 skeleton_planner.h:170] Found solution in: 4
I20260909 04:41:05.410499   651 skeleton_planner.h:170] Found solution in: 1
I20260909 04:41:05.410511   651 skeleton_planner.h:170] Found solution in: 3
I20260909 04:41:05.410516   651 skeleton_planner.h:170] Found solution in: 1
I20260909 04:41:05.410559   651 skeleton_planner.h:170] Found solution in: 51
I20260909 04:41:05.410600   651 skeleton_planner.h:170] Found solution in: 46
I20260909 04:41:05.410610   651 skeleton_planner.h:170] Found solution in: 10
I20260909 04:41:05.410620   651 skeleton_planner.h:170] Found solution in: 1
I20260909 04:41:05.410637   651 skeleton_planner.h:170] Found solution in: 18
I20260909 04:41:05.410648   651 skeleton_planner.h:170] Found solution in: 1
I20260909 04:41:05.410668   651 skeleton_planner.h:170] Found solution in: 22
I20260909 04:41:05.410761   651 skeleton_planner.h:170] Found solution in: 4
I20260909 04:41:05.410769   651 skeleton_planner.h:170] Found solution in: 1
I20260909 04:41:05.410775   651 skeleton_planner.h:170] Found solution in: 5
I20260909 04:41:05.410827   651 skeleton_planner.h:170] Found solution in: 71
I20260909 04:41:05.410835   651 skeleton_planner.h:170] Found solution in: 1
I20260909 04:41:05.410884   651 skeleton_planner.h:170] Found solution in: 68
I20260909 04:41:05.410892   651 skeleton_planner.h:170] Found solution in: 5
I20260909 04:41:05.410923   651 skeleton_planner.h:170] Found solution in: 42
I20260909 04:41:05.410933   651 skeleton_planner.h:170] Found solution in: 1
I20260909 04:41:05.411018   651 skeleton_planner.h:170] Found solution in: 4
I20260909 04:41:05.411028   651 skeleton_planner.h:170] Found solution in: 1
I20260909 04:41:05.411121   651 skeleton_planner.h:170] Found solution in: 5
I20260909 04:41:05.411131   651 skeleton_planner.h:170] Found solution in: 1
I20260909 04:41:05.411135   651 skeleton_planner.h:170] Found solution in: 2
I20260909 04:41:05.411146   651 skeleton_planner.h:170] Found solution in: 3
I20260909 04:41:05.411154   651 skeleton_planner.h:170] Found solution in: 1
I20260909 04:41:05.411167   651 skeleton_planner.h:170] Found solution in: 3
I20260909 04:41:05.411175   651 skeleton_planner.h:170] Found solution in: 1
I20260909 04:41:05.411183   651 skeleton_planner.h:170] Found solution in: 8
I20260909 04:41:05.411190   651 skeleton_planner.h:170] Found solution in: 1
I20260909 04:41:05.411201   651 skeleton_planner.h:170] Found solution in: 3
I20260909 04:41:05.411211   651 skeleton_planner.h:170] Found solution in: 1
I20260909 04:41:05.411216   651 skeleton_planner.h:170] Found solution in: 2
I20260909 04:41:05.411227   651 skeleton_planner.h:170] Found solution in: 3
I20260909 04:41:05.411237   651 skeleton_planner.h:170] Found solution in: 1
I20260909 04:41:05.411247   651 skeleton_planner.h:170] Found solution in: 3
I20260909 04:41:05.411257   651 skeleton_planner.h:170] Found solution in: 1
I20260909 04:41:05.411260   651 skeleton_planner.h:170] Found solution in: 3
I20260909 04:41:05.411275   651 skeleton_planner.h:170] Found solution in: 5
I20260909 04:41:05.411283   651 skeleton_planner.h:170] Found solution in: 1
I20260909 04:41:05.411296   651 skeleton_planner.h:170] Found solution in: 4
I20260909 04:41:05.411312   651 skeleton_planner.h:170] Found solution in: 1
I20260909 04:41:05.411329   651 skeleton_planner.h:170] Found solution in: 3
I20260909 04:41:05.411337   651 skeleton_planner.h:170] Found solution in: 1
I20260909 04:41:05.411355   651 skeleton_planner.h:170] Found solution in: 5
I20260909 04:41:05.411365   651 skeleton_planner.h:170] Found solution in: 1
I20260909 04:41:05.411377   651 skeleton_planner.h:170] Found solution in: 3
I20260909 04:41:05.411386   651 skeleton_planner.h:170] Found solution in: 1
I20260909 04:41:05.411393   651 skeleton_planner.h:170] Found solution in: 6
I20260909 04:41:05.411440   651 skeleton_planner.h:170] Found solution in: 54
I20260909 04:41:05.411545   651 skeleton_planner.h:170] Found solution in: 5
I20260909 04:41:05.411552   651 skeleton_planner.h:170] Found solution in: 1
I20260909 04:41:05.411643   651 skeleton_planner.h:170] Found solution in: 3
I20260909 04:41:05.411649   651 skeleton_planner.h:170] Found solution in: 1
I20260909 04:41:05.411659   651 skeleton_planner.h:170] Found solution in: 3
I20260909 04:41:05.411667   651 skeleton_planner.h:170] Found solution in: 1
I20260909 04:41:05.411675   651 skeleton_planner.h:170] Found solution in: 1
I20260909 04:41:05.411682   651 skeleton_planner.h:170] Found solution in: 1
I20260909 04:41:05.411693   651 skeleton_planner.h:170] Found solution in: 11
I20260909 04:41:05.411744   651 skeleton_planner.h:170] Found solution in: 62
I20260909 04:41:05.411796   651 skeleton_planner.h:170] Found solution in: 69
I20260909 04:41:05.411806   651 skeleton_planner.h:170] Found solution in: 1
I20260909 04:41:05.411821   651 skeleton_planner.h:170] Found solution in: 18
I20260909 04:41:05.411842   651 skeleton_planner.h:170] Found solution in: 23
I20260909 04:41:05.411849   651 skeleton_planner.h:170] Found solution in: 4
I20260909 04:41:05.411854   651 skeleton_planner.h:170] Found solution in: 1
I20260909 04:41:05.411865   651 skeleton_planner.h:170] Found solution in: 3
I20260909 04:41:05.411873   651 skeleton_planner.h:170] Found solution in: 1
I20260909 04:41:05.411888   651 skeleton_planner.h:170] Found solution in: 5
I20260909 04:41:05.411893   651 skeleton_planner.h:170] Found solution in: 1
I20260909 04:41:05.411906   651 skeleton_planner.h:170] Found solution in: 3
I20260909 04:41:05.411911   651 skeleton_planner.h:170] Found solution in: 1
I20260909 04:41:05.411926   651 skeleton_planner.h:170] Found solution in: 3
I20260909 04:41:05.411933   651 skeleton_planner.h:170] Found solution in: 1
I20260909 04:41:05.411944   651 skeleton_planner.h:170] Found solution in: 3
I20260909 04:41:05.411953   651 skeleton_planner.h:170] Found solution in: 1
I20260909 04:41:05.411965   651 skeleton_planner.h:170] Found solution in: 3
I20260909 04:41:05.411972   651 skeleton_planner.h:170] Found solution in: 1
I20260909 04:41:05.412060   651 skeleton_planner.h:170] Found solution in: 3
I20260909 04:41:05.412070   651 skeleton_planner.h:170] Found solution in: 1
I20260909 04:41:05.412082   651 skeleton_planner.h:170] Found solution in: 4
I20260909 04:41:05.412091   651 skeleton_planner.h:170] Found solution in: 1
I20260909 04:41:05.412097   651 skeleton_planner.h:170] Found solution in: 1
I20260909 04:41:05.412102   651 skeleton_planner.h:170] Found solution in: 4
I20260909 04:41:05.412117   651 skeleton_planner.h:170] Found solution in: 5
I20260909 04:41:05.412123   651 skeleton_planner.h:170] Found solution in: 1
I20260909 04:41:05.412137   651 skeleton_planner.h:170] Found solution in: 4
I20260909 04:41:05.412145   651 skeleton_planner.h:170] Found solution in: 1
I20260909 04:41:05.412158   651 skeleton_planner.h:170] Found solution in: 3
I20260909 04:41:05.412164   651 skeleton_planner.h:170] Found solution in: 1
I20260909 04:41:05.412190   651 skeleton_planner.h:170] Found solution in: 8
I20260909 04:41:05.412199   651 skeleton_planner.h:170] Found solution in: 1
I20260909 04:41:05.412205   651 skeleton_planner.h:170] Found solution in: 5
I20260909 04:41:05.412231   651 skeleton_planner.h:170] Found solution in: 7
I20260909 04:41:05.412240   651 skeleton_planner.h:170] Found solution in: 1
I20260909 04:41:05.412245   651 skeleton_planner.h:170] Found solution in: 1
I20260909 04:41:05.412250   651 skeleton_planner.h:170] Found solution in: 3
I20260909 04:41:05.413174   651 skeleton_planner.h:170] Found solution in: 1
I20260909 04:41:05.413179   651 skeleton_planner.h:170] Found solution in: 3
I20260909 04:41:05.414098   651 skeleton_planner.h:170] Found solution in: 1
I20260909 04:41:05.414103   651 skeleton_planner.h:170] Found solution in: 2
I20260909 04:41:05.414116   651 skeleton_planner.h:170] Found solution in: 4
I20260909 04:41:05.414124   651 skeleton_planner.h:170] Found solution in: 1
I20260909 04:41:05.414139   651 skeleton_planner.h:170] Found solution in: 5
I20260909 04:41:05.414144   651 skeleton_planner.h:170] Found solution in: 1
I20260909 04:41:05.414149   651 skeleton_planner.h:170] Found solution in: 4
I20260909 04:41:05.414165   651 skeleton_planner.h:170] Found solution in: 4
I20260909 04:41:05.414172   651 skeleton_planner.h:170] Found solution in: 1
I20260909 04:41:05.414191   651 skeleton_planner.h:170] Found solution in: 4
I20260909 04:41:05.414196   651 skeleton_planner.h:170] Found solution in: 1
I20260909 04:41:05.414209   651 skeleton_planner.h:170] Found solution in: 3
I20260909 04:41:05.414217   651 skeleton_planner.h:170] Found solution in: 1
I20260909 04:41:05.414245   651 skeleton_planner.h:170] Found solution in: 7
I20260909 04:41:05.414255   651 skeleton_planner.h:170] Found solution in: 1
I20260909 04:41:05.414361   651 skeleton_planner.h:170] Found solution in: 4
I20260909 04:41:05.414371   651 skeleton_planner.h:170] Found solution in: 1
I20260909 04:41:05.414388   651 skeleton_planner.h:170] Found solution in: 19
I20260909 04:41:05.414431   651 skeleton_planner.h:170] Found solution in: 51
I20260909 04:41:05.414522   651 skeleton_planner.h:170] Found solution in: 4
I20260909 04:41:05.414531   651 skeleton_planner.h:170] Found solution in: 1
I20260909 04:41:05.414537   651 skeleton_planner.h:170] Found solution in: 5
I20260909 04:41:05.414546   651 skeleton_planner.h:170] Found solution in: 1
I20260909 04:41:05.414551   651 skeleton_planner.h:170] Found solution in: 1
I20260909 04:41:05.414556   651 skeleton_planner.h:170] Found solution in: 5
I20260909 04:41:05.414561   651 skeleton_planner.h:170] Found solution in: 1
I20260909 04:41:05.414570   651 skeleton_planner.h:170] Found solution in: 8
I20260909 04:41:05.414579   651 skeleton_planner.h:170] Found solution in: 1
I20260909 04:41:05.414603   651 skeleton_planner.h:170] Found solution in: 5
I20260909 04:41:05.414615   651 skeleton_planner.h:170] Found solution in: 1
I20260909 04:41:05.414620   651 skeleton_planner.h:170] Found solution in: 4
I20260909 04:41:05.414628   651 skeleton_planner.h:170] Found solution in: 1
I20260909 04:41:05.414633   651 skeleton_planner.h:170] Found solution in: 4
I20260909 04:41:05.414639   651 skeleton_planner.h:170] Found solution in: 1
I20260909 04:41:05.414724   651 skeleton_planner.h:170] Found solution in: 3
I20260909 04:41:05.414734   651 skeleton_planner.h:170] Found solution in: 1
I20260909 04:41:05.414749   651 skeleton_planner.h:170] Found solution in: 14
I20260909 04:41:05.414757   651 skeleton_planner.h:170] Found solution in: 1
I20260909 04:41:05.414768   651 skeleton_planner.h:170] Found solution in: 3
I20260909 04:41:05.414775   651 skeleton_planner.h:170] Found solution in: 1
I20260909 04:41:05.414866   651 skeleton_planner.h:170] Found solution in: 4
I20260909 04:41:05.414875   651 skeleton_planner.h:170] Found solution in: 1
I20260909 04:41:05.414953   651 skeleton_planner.h:170] Found solution in: 3
I20260909 04:41:05.414963   651 skeleton_planner.h:170] Found solution in: 1
I20260909 04:41:05.414970   651 skeleton_planner.h:170] Found solution in: 1
I20260909 04:41:05.414983   651 skeleton_planner.h:170] Found solution in: 9
I20260909 04:41:05.415024   651 skeleton_planner.h:170] Found solution in: 5
I20260909 04:41:05.415035   651 skeleton_planner.h:170] Found solution in: 1
I20260909 04:41:05.415041   651 skeleton_planner.h:170] Found solution in: 1
I20260909 04:41:05.415050   651 skeleton_planner.h:170] Found solution in: 1
I20260909 04:41:05.415056   651 skeleton_planner.h:170] Found solution in: 7
I20260909 04:41:05.415062   651 skeleton_planner.h:170] Found solution in: 1
I20260909 04:41:05.415071   651 skeleton_planner.h:170] Found solution in: 8
I20260909 04:41:05.415076   651 skeleton_planner.h:170] Found solution in: 5
I20260909 04:41:05.415082   651 skeleton_planner.h:170] Found solution in: 1
I20260909 04:41:05.415174   651 skeleton_planner.h:170] Found solution in: 3
I20260909 04:41:05.415187   651 skeleton_planner.h:170] Found solution in: 1
I20260909 04:41:05.415194   651 skeleton_planner.h:170] Found solution in: 5
I20260909 04:41:05.415198   651 skeleton_planner.h:170] Found solution in: 1
I20260909 04:41:05.415210   651 skeleton_planner.h:170] Found solution in: 3
I20260909 04:41:05.415216   651 skeleton_planner.h:170] Found solution in: 1
I20260909 04:41:05.415231   651 skeleton_planner.h:170] Found solution in: 5
I20260909 04:41:05.415242   651 skeleton_planner.h:170] Found solution in: 1
I20260909 04:41:05.415247   651 skeleton_planner.h:170] Found solution in: 5
I20260909 04:41:05.415256   651 skeleton_planner.h:170] Found solution in: 1
I20260909 04:41:05.415352   651 skeleton_planner.h:170] Found solution in: 5
I20260909 04:41:05.415364   651 skeleton_planner.h:170] Found solution in: 1
I20260909 04:41:05.415375   651 skeleton_planner.h:170] Found solution in: 3
I20260909 04:41:05.415386   651 skeleton_planner.h:170] Found solution in: 1
I20260909 04:41:05.415397   651 skeleton_planner.h:170] Found solution in: 11
I20260909 04:41:05.415408   651 skeleton_planner.h:170] Found solution in: 1
I20260909 04:41:05.415412   651 skeleton_planner.h:170] Found solution in: 3
I20260909 04:41:05.415426   651 skeleton_planner.h:170] Found solution in: 4
I20260909 04:41:05.415433   651 skeleton_planner.h:170] Found solution in: 1
I20260909 04:41:05.415448   651 skeleton_planner.h:170] Found solution in: 4
I20260909 04:41:05.415460   651 skeleton_planner.h:170] Found solution in: 1
I20260909 04:41:05.415464   651 skeleton_planner.h:170] Found solution in: 2
I20260909 04:41:05.415481   651 skeleton_planner.h:170] Found solution in: 6
I20260909 04:41:05.415491   651 skeleton_planner.h:170] Found solution in: 1
I20260909 04:41:05.415513   651 skeleton_planner.h:170] Found solution in: 7
I20260909 04:41:05.415522   651 skeleton_planner.h:170] Found solution in: 1
I20260909 04:41:05.415539   651 skeleton_planner.h:170] Found solution in: 5
I20260909 04:41:05.415548   651 skeleton_planner.h:170] Found solution in: 1
I20260909 04:41:05.415557   651 skeleton_planner.h:170] Found solution in: 8
I20260909 04:41:05.415563   651 skeleton_planner.h:170] Found solution in: 1
I20260909 04:41:05.415567   651 skeleton_planner.h:170] Found solution in: 3
I20260909 04:41:05.415652   651 skeleton_planner.h:170] Found solution in: 31
I20260909 04:41:05.415664   651 skeleton_planner.h:170] Found solution in: 1
I20260909 04:41:05.415736   651 skeleton_planner.h:170] Found solution in: 30
I20260909 04:41:05.415752   651 skeleton_planner.h:170] Found solution in: 1
I20260909 04:41:05.415784   651 skeleton_planner.h:170] Found solution in: 5
I20260909 04:41:05.415798   651 skeleton_planner.h:170] Found solution in: 1
I20260909 04:41:05.415810   651 skeleton_planner.h:170] Found solution in: 3
I20260909 04:41:05.415818   651 skeleton_planner.h:170] Found solution in: 1
I20260909 04:41:05.415839   651 skeleton_planner.h:170] Found solution in: 4
I20260909 04:41:05.415850   651 skeleton_planner.h:170] Found solution in: 1
I20260909 04:41:05.415860   651 skeleton_planner.h:170] Found solution in: 10
I20260909 04:41:05.415870   651 skeleton_planner.h:170] Found solution in: 1
I20260909 04:41:05.415875   651 skeleton_planner.h:170] Found solution in: 4
I20260909 04:41:05.415880   651 skeleton_planner.h:170] Found solution in: 5
I20260909 04:41:05.415887   651 skeleton_planner.h:170] Found solution in: 1
I20260909 04:41:05.415892   651 skeleton_planner.h:170] Found solution in: 4
I20260909 04:41:05.415897   651 skeleton_planner.h:170] Found solution in: 5
I20260909 04:41:05.415903   651 skeleton_planner.h:170] Found solution in: 1
I20260909 04:41:05.415908   651 skeleton_planner.h:170] Found solution in: 4
I20260909 04:41:05.415912   651 skeleton_planner.h:170] Found solution in: 4
I20260909 04:41:05.415921   651 skeleton_planner.h:170] Found solution in: 1
I20260909 04:41:05.415931   651 skeleton_planner.h:170] Found solution in: 9
I20260909 04:41:05.415940   651 skeleton_planner.h:170] Found solution in: 1
I20260909 04:41:05.415943   651 skeleton_planner.h:170] Found solution in: 2
I20260909 04:41:05.415956   651 skeleton_planner.h:170] Found solution in: 4
I20260909 04:41:05.415969   651 skeleton_planner.h:170] Found solution in: 1
I20260909 04:41:05.415978   651 skeleton_planner.h:170] Found solution in: 9
I20260909 04:41:05.415987   651 skeleton_planner.h:170] Found solution in: 1
I20260909 04:41:05.415994   651 skeleton_planner.h:170] Found solution in: 7
I20260909 04:41:05.416085   651 skeleton_planner.h:170] Found solution in: 4
I20260909 04:41:05.416095   651 skeleton_planner.h:170] Found solution in: 1
I20260909 04:41:05.416123   651 skeleton_planner.h:170] Found solution in: 8
I20260909 04:41:05.416132   651 skeleton_planner.h:170] Found solution in: 1
I20260909 04:41:05.416138   651 skeleton_planner.h:170] Found solution in: 5
I20260909 04:41:05.416145   651 skeleton_planner.h:170] Found solution in: 6
I20260909 04:41:05.416152   651 skeleton_planner.h:170] Found solution in: 1
I20260909 04:41:05.416188   651 skeleton_planner.h:170] Found solution in: 41
I20260909 04:41:05.416198   651 skeleton_planner.h:170] Found solution in: 8
I20260909 04:41:05.416204   651 skeleton_planner.h:170] Found solution in: 1
I20260909 04:41:05.416296   651 skeleton_planner.h:170] Found solution in: 4
I20260909 04:41:05.416307   651 skeleton_planner.h:170] Found solution in: 1
I20260909 04:41:05.416313   651 skeleton_planner.h:170] Found solution in: 5
I20260909 04:41:05.416319   651 skeleton_planner.h:170] Found solution in: 1
I20260909 04:41:05.416344   651 skeleton_planner.h:170] Found solution in: 30
I20260909 04:41:05.416354   651 skeleton_planner.h:170] Found solution in: 9
I20260909 04:41:05.416415   651 skeleton_planner.h:170] Found solution in: 75
I20260909 04:41:05.416425   651 skeleton_planner.h:170] Found solution in: 1
I20260909 04:41:05.416445   651 skeleton_planner.h:170] Found solution in: 24
I20260909 04:41:05.416462   651 skeleton_planner.h:170] Found solution in: 22
I20260909 04:41:05.416472   651 skeleton_planner.h:170] Found solution in: 1
I20260909 04:41:05.416484   651 skeleton_planner.h:170] Found solution in: 14
I20260909 04:41:05.416515   651 skeleton_planner.h:170] Found solution in: 44
I20260909 04:41:05.416558   651 skeleton_planner.h:170] Found solution in: 52
I20260909 04:41:05.416565   651 skeleton_planner.h:170] Found solution in: 1
I20260909 04:41:05.416653   651 skeleton_planner.h:170] Found solution in: 3
I20260909 04:41:05.416661   651 skeleton_planner.h:170] Found solution in: 1
I20260909 04:41:05.416668   651 skeleton_planner.h:170] Found solution in: 8
I20260909 04:41:05.416677   651 skeleton_planner.h:170] Found solution in: 1
I20260909 04:41:05.416688   651 skeleton_planner.h:170] Found solution in: 1
I20260909 04:41:05.416788   651 skeleton_planner.h:170] Found solution in: 4
I20260909 04:41:05.416796   651 skeleton_planner.h:170] Found solution in: 1
I20260909 04:41:05.416813   651 skeleton_planner.h:170] Found solution in: 6
I20260909 04:41:05.416821   651 skeleton_planner.h:170] Found solution in: 1
I20260909 04:41:05.416826   651 skeleton_planner.h:170] Found solution in: 1
I20260909 04:41:05.416834   651 skeleton_planner.h:170] Found solution in: 1
I20260909 04:41:05.416839   651 skeleton_planner.h:170] Found solution in: 3
I20260909 04:41:05.416931   651 skeleton_planner.h:170] Found solution in: 4
I20260909 04:41:05.416940   651 skeleton_planner.h:170] Found solution in: 1
I20260909 04:41:05.416946   651 skeleton_planner.h:170] Found solution in: 1
I20260909 04:41:05.416951   651 skeleton_planner.h:170] Found solution in: 4
I20260909 04:41:05.416961   651 skeleton_planner.h:170] Found solution in: 9
I20260909 04:41:05.416967   651 skeleton_planner.h:170] Found solution in: 1
I20260909 04:41:05.416978   651 skeleton_planner.h:170] Found solution in: 3
I20260909 04:41:05.416985   651 skeleton_planner.h:170] Found solution in: 1
I20260909 04:41:05.416994   651 skeleton_planner.h:170] Found solution in: 3
I20260909 04:41:05.417001   651 skeleton_planner.h:170] Found solution in: 1
I20260909 04:41:05.417013   651 skeleton_planner.h:170] Found solution in: 5
I20260909 04:41:05.417021   651 skeleton_planner.h:170] Found solution in: 1
I20260909 04:41:05.417027   651 skeleton_planner.h:170] Found solution in: 1
I20260909 04:41:05.417033   651 skeleton_planner.h:170] Found solution in: 5
I20260909 04:41:05.417425   651 skeleton_planner.h:170] Found solution in: 1
I20260909 04:41:05.417431   651 skeleton_planner.h:170] Found solution in: 5
I20260909 04:41:05.417635   651 skeleton_planner.h:170] Found solution in: 97
I20260909 04:41:05.418046   651 skeleton_planner.h:170] Found solution in: 1
I20260909 04:41:05.418238   651 skeleton_planner.h:170] Found solution in: 75
I20260909 04:41:05.418252   651 skeleton_planner.h:170] Found solution in: 6
I20260909 04:41:05.418259   651 skeleton_planner.h:170] Found solution in: 1
I20260909 04:41:05.418273   651 skeleton_planner.h:170] Found solution in: 17
I20260909 04:41:05.418280   651 skeleton_planner.h:170] Found solution in: 1
I20260909 04:41:05.418301   651 skeleton_planner.h:170] Found solution in: 27
I20260909 04:41:05.418309   651 skeleton_planner.h:170] Found solution in: 1
I20260909 04:41:05.418344   651 skeleton_planner.h:170] Found solution in: 3
I20260909 04:41:05.418350   651 skeleton_planner.h:170] Found solution in: 1
I20260909 04:41:05.418355   651 skeleton_planner.h:170] Found solution in: 5
I20260909 04:41:05.418362   651 skeleton_planner.h:170] Found solution in: 1
I20260909 04:41:05.418375   651 skeleton_planner.h:170] Found solution in: 16
I20260909 04:41:05.418381   651 skeleton_planner.h:170] Found solution in: 5
I20260909 04:41:05.418385   651 skeleton_planner.h:170] Found solution in: 1
I20260909 04:41:05.418392   651 skeleton_planner.h:170] Found solution in: 6
I20260909 04:41:05.418413   651 skeleton_planner.h:170] Found solution in: 5
I20260909 04:41:05.418421   651 skeleton_planner.h:170] Found solution in: 1
I20260909 04:41:05.418430   651 skeleton_planner.h:170] Found solution in: 9
I20260909 04:41:05.418439   651 skeleton_planner.h:170] Found solution in: 1
I20260909 04:41:05.418459   651 skeleton_planner.h:170] Found solution in: 20
I20260909 04:41:05.418467   651 skeleton_planner.h:170] Found solution in: 1
I20260909 04:41:05.418471   651 skeleton_planner.h:170] Found solution in: 3
I20260909 04:41:05.418485   651 skeleton_planner.h:170] Found solution in: 4
I20260909 04:41:05.418495   651 skeleton_planner.h:170] Found solution in: 1
I20260909 04:41:05.418522   651 skeleton_planner.h:170] Found solution in: 4
I20260909 04:41:05.418529   651 skeleton_planner.h:170] Found solution in: 1
I20260909 04:41:05.418610   651 skeleton_planner.h:170] Found solution in: 3
I20260909 04:41:05.418617   651 skeleton_planner.h:170] Found solution in: 1
I20260909 04:41:05.418620   651 skeleton_planner.h:170] Found solution in: 2
I20260909 04:41:05.418633   651 skeleton_planner.h:170] Found solution in: 4
I20260909 04:41:05.418639   651 skeleton_planner.h:170] Found solution in: 1
I20260909 04:41:05.418650   651 skeleton_planner.h:170] Found solution in: 3
I20260909 04:41:05.418658   651 skeleton_planner.h:170] Found solution in: 1
I20260909 04:41:05.418671   651 skeleton_planner.h:170] Found solution in: 3
I20260909 04:41:05.418678   651 skeleton_planner.h:170] Found solution in: 1
I20260909 04:41:05.418685   651 skeleton_planner.h:170] Found solution in: 1
I20260909 04:41:05.418689   651 skeleton_planner.h:170] Found solution in: 2
I20260909 04:41:05.418709   651 skeleton_planner.h:170] Found solution in: 7
I20260909 04:41:05.418717   651 skeleton_planner.h:170] Found solution in: 1
I20260909 04:41:05.418737   651 skeleton_planner.h:170] Found solution in: 10
I20260909 04:41:05.418751   651 skeleton_planner.h:170] Found solution in: 1
I20260909 04:41:05.418756   651 skeleton_planner.h:170] Found solution in: 3
I20260909 04:41:05.418781   651 skeleton_planner.h:170] Found solution in: 8
I20260909 04:41:05.418790   651 skeleton_planner.h:170] Found solution in: 1
I20260909 04:41:05.418794   651 skeleton_planner.h:170] Found solution in: 2
I20260909 04:41:05.418805   651 skeleton_planner.h:170] Found solution in: 3
I20260909 04:41:05.418812   651 skeleton_planner.h:170] Found solution in: 1
I20260909 04:41:05.418823   651 skeleton_planner.h:170] Found solution in: 3
I20260909 04:41:05.418828   651 skeleton_planner.h:170] Found solution in: 1
I20260909 04:41:05.418896   651 skeleton_planner.h:170] Found solution in: 3
I20260909 04:41:05.418906   651 skeleton_planner.h:170] Found solution in: 1
I20260909 04:41:05.418926   651 skeleton_planner.h:170] Found solution in: 5
I20260909 04:41:05.418934   651 skeleton_planner.h:170] Found solution in: 1
I20260909 04:41:05.418942   651 skeleton_planner.h:170] Found solution in: 7
I20260909 04:41:05.419013   651 skeleton_planner.h:170] Found solution in: 4
I20260909 04:41:05.419023   651 skeleton_planner.h:170] Found solution in: 1
I20260909 04:41:05.419028   651 skeleton_planner.h:170] Found solution in: 1
I20260909 04:41:05.419032   651 skeleton_planner.h:170] Found solution in: 2
I20260909 04:41:05.419047   651 skeleton_planner.h:170] Found solution in: 5
I20260909 04:41:05.419057   651 skeleton_planner.h:170] Found solution in: 1
I20260909 04:41:05.419077   651 skeleton_planner.h:170] Found solution in: 6
I20260909 04:41:05.419088   651 skeleton_planner.h:170] Found solution in: 1
I20260909 04:41:05.419091   651 skeleton_planner.h:170] Found solution in: 2
I20260909 04:41:05.419108   651 skeleton_planner.h:170] Found solution in: 5
I20260909 04:41:05.419117   651 skeleton_planner.h:170] Found solution in: 1
I20260909 04:41:05.419132   651 skeleton_planner.h:170] Found solution in: 5
I20260909 04:41:05.419145   651 skeleton_planner.h:170] Found solution in: 1
I20260909 04:41:05.419158   651 skeleton_planner.h:170] Found solution in: 3
I20260909 04:41:05.419166   651 skeleton_planner.h:170] Found solution in: 1
I20260909 04:41:05.419171   651 skeleton_planner.h:170] Found solution in: 3
I20260909 04:41:05.419183   651 skeleton_planner.h:170] Found solution in: 3
I20260909 04:41:05.419193   651 skeleton_planner.h:170] Found solution in: 1
I20260909 04:41:05.419214   651 skeleton_planner.h:170] Found solution in: 4
I20260909 04:41:05.419221   651 skeleton_planner.h:170] Found solution in: 1
I20260909 04:41:05.419229   651 skeleton_planner.h:170] Found solution in: 7
I20260909 04:41:05.419234   651 skeleton_planner.h:170] Found solution in: 5
I20260909 04:41:05.419240   651 skeleton_planner.h:170] Found solution in: 1
I20260909 04:41:05.419246   651 skeleton_planner.h:170] Found solution in: 6
I20260909 04:41:05.419252   651 skeleton_planner.h:170] Found solution in: 5
I20260909 04:41:05.419261   651 skeleton_planner.h:170] Found solution in: 9
I20260909 04:41:05.419348   651 skeleton_planner.h:170] Found solution in: 4
I20260909 04:41:05.419358   651 skeleton_planner.h:170] Found solution in: 1
I20260909 04:41:05.419363   651 skeleton_planner.h:170] Found solution in: 4
I20260909 04:41:05.419389   651 skeleton_planner.h:170] Found solution in: 9
I20260909 04:41:05.419399   651 skeleton_planner.h:170] Found solution in: 1
I20260909 04:41:05.419420   651 skeleton_planner.h:170] Found solution in: 4
I20260909 04:41:05.419427   651 skeleton_planner.h:170] Found solution in: 1
I20260909 04:41:05.419433   651 skeleton_planner.h:170] Found solution in: 5
I20260909 04:41:05.419472   651 skeleton_planner.h:170] Found solution in: 54
I20260909 04:41:05.419480   651 skeleton_planner.h:170] Found solution in: 1
I20260909 04:41:05.419486   651 skeleton_planner.h:170] Found solution in: 5
I20260909 04:41:05.419520   651 skeleton_planner.h:170] Found solution in: 46
I20260909 04:41:05.419528   651 skeleton_planner.h:170] Found solution in: 1
I20260909 04:41:05.419531   651 skeleton_planner.h:170] Found solution in: 4
I20260909 04:41:05.419541   651 skeleton_planner.h:170] Found solution in: 9
I20260909 04:41:05.419546   651 skeleton_planner.h:170] Found solution in: 1
I20260909 04:41:05.419574   651 skeleton_planner.h:170] Found solution in: 37
I20260909 04:41:05.419580   651 skeleton_planner.h:170] Found solution in: 4
I20260909 04:41:05.419589   651 skeleton_planner.h:170] Found solution in: 8
I20260909 04:41:05.419626   651 skeleton_planner.h:170] Found solution in: 50
I20260909 04:41:05.419636   651 skeleton_planner.h:170] Found solution in: 1
I20260909 04:41:05.419641   651 skeleton_planner.h:170] Found solution in: 3
I20260909 04:41:05.419644   651 skeleton_planner.h:170] Found solution in: 3
I20260909 04:41:05.419658   651 skeleton_planner.h:170] Found solution in: 4
I20260909 04:41:05.419667   651 skeleton_planner.h:170] Found solution in: 1
I20260909 04:41:05.419672   651 skeleton_planner.h:170] Found solution in: 3
I20260909 04:41:05.419689   651 skeleton_planner.h:170] Found solution in: 5
I20260909 04:41:05.419696   651 skeleton_planner.h:170] Found solution in: 1
I20260909 04:41:05.419704   651 skeleton_planner.h:170] Found solution in: 1
I20260909 04:41:05.419710   651 skeleton_planner.h:170] Found solution in: 1
I20260909 04:41:05.419715   651 skeleton_planner.h:170] Found solution in: 3
I20260909 04:41:05.419729   651 skeleton_planner.h:170] Found solution in: 5
I20260909 04:41:05.419737   651 skeleton_planner.h:170] Found solution in: 1
I20260909 04:41:05.419744   651 skeleton_planner.h:170] Found solution in: 1
I20260909 04:41:05.419747   651 skeleton_planner.h:170] Found solution in: 1
I20260909 04:41:05.419765   651 skeleton_planner.h:170] Found solution in: 6
I20260909 04:41:05.419772   651 skeleton_planner.h:170] Found solution in: 1
I20260909 04:41:05.419775   651 skeleton_planner.h:170] Found solution in: 2
I20260909 04:41:05.419790   651 skeleton_planner.h:170] Found solution in: 6
I20260909 04:41:05.419796   651 skeleton_planner.h:170] Found solution in: 1
I20260909 04:41:05.419847   651 skeleton_planner.h:170] Found solution in: 22
I20260909 04:41:05.420101   651 skeleton_planner.h:170] Found solution in: 9
I20260909 04:41:05.420110   651 skeleton_planner.h:170] Found solution in: 1
I20260909 04:41:05.420116   651 skeleton_planner.h:170] Found solution in: 4
I20260909 04:41:05.420125   651 skeleton_planner.h:170] Found solution in: 9
I20260909 04:41:05.420135   651 skeleton_planner.h:170] Found solution in: 8
I20260909 04:41:05.420147   651 skeleton_planner.h:170] Found solution in: 14
I20260909 04:41:05.420153   651 skeleton_planner.h:170] Found solution in: 1
I20260909 04:41:05.420158   651 skeleton_planner.h:170] Found solution in: 4
I20260909 04:41:05.420166   651 skeleton_planner.h:170] Found solution in: 9
I20260909 04:41:05.420171   651 skeleton_planner.h:170] Found solution in: 1
I20260909 04:41:05.420176   651 skeleton_planner.h:170] Found solution in: 2
I20260909 04:41:05.420395   651 skeleton_planner.h:170] Found solution in: 57
I20260909 04:41:05.420455   651 skeleton_planner.h:170] Found solution in: 32
I20260909 04:41:05.420557   651 skeleton_planner.h:170] Found solution in: 55
I20260909 04:41:05.420588   651 skeleton_planner.h:170] Found solution in: 9
I20260909 04:41:05.420595   651 skeleton_planner.h:170] Found solution in: 1
I20260909 04:41:05.420608   651 skeleton_planner.h:170] Found solution in: 3
I20260909 04:41:05.420614   651 skeleton_planner.h:170] Found solution in: 1
I20260909 04:41:05.420627   651 skeleton_planner.h:170] Found solution in: 5
I20260909 04:41:05.420634   651 skeleton_planner.h:170] Found solution in: 1
I20260909 04:41:05.420647   651 skeleton_planner.h:170] Found solution in: 4
I20260909 04:41:05.420655   651 skeleton_planner.h:170] Found solution in: 1
I20260909 04:41:05.420661   651 skeleton_planner.h:170] Found solution in: 1
I20260909 04:41:05.420683   651 skeleton_planner.h:170] Found solution in: 26
I20260909 04:41:05.420701   651 skeleton_planner.h:170] Found solution in: 22
I20260909 04:41:05.420709   651 skeleton_planner.h:170] Found solution in: 1
I20260909 04:41:05.420712   651 skeleton_planner.h:170] Found solution in: 2
I20260909 04:41:05.420733   651 skeleton_planner.h:170] Found solution in: 7
I20260909 04:41:05.420742   651 skeleton_planner.h:170] Found solution in: 1
I20260909 04:41:05.420761   651 skeleton_planner.h:170] Found solution in: 24
I20260909 04:41:05.420768   651 skeleton_planner.h:170] Found solution in: 1
I20260909 04:41:05.420990   651 skeleton_planner.h:170] Found solution in: 1
I20260909 04:41:05.420996   651 skeleton_planner.h:170] Found solution in: 1
I20260909 04:41:05.421001   651 skeleton_planner.h:170] Found solution in: 4
I20260909 04:41:05.421018   651 skeleton_planner.h:170] Found solution in: 7
I20260909 04:41:05.421025   651 skeleton_planner.h:170] Found solution in: 1
I20260909 04:41:05.421056   651 skeleton_planner.h:170] Found solution in: 8
I20260909 04:41:05.421065   651 skeleton_planner.h:170] Found solution in: 1
I20260909 04:41:05.421072   651 skeleton_planner.h:170] Found solution in: 1
I20260909 04:41:05.421075   651 skeleton_planner.h:170] Found solution in: 2
I20260909 04:41:05.421085   651 skeleton_planner.h:170] Found solution in: 3
I20260909 04:41:05.421092   651 skeleton_planner.h:170] Found solution in: 1
I20260909 04:41:05.421120   651 skeleton_planner.h:170] Found solution in: 8
I20260909 04:41:05.421129   651 skeleton_planner.h:170] Found solution in: 1
I20260909 04:41:05.421149   651 skeleton_planner.h:170] Found solution in: 6
I20260909 04:41:05.421159   651 skeleton_planner.h:170] Found solution in: 1
I20260909 04:41:05.421164   651 skeleton_planner.h:170] Found solution in: 4
I20260909 04:41:05.421216   651 skeleton_planner.h:170] Found solution in: 4
I20260909 04:41:05.421221   651 skeleton_planner.h:170] Found solution in: 1
I20260909 04:41:05.421311   651 skeleton_planner.h:170] Found solution in: 3
I20260909 04:41:05.421319   651 skeleton_planner.h:170] Found solution in: 1
I20260909 04:41:05.421325   651 skeleton_planner.h:170] Found solution in: 1
I20260909 04:41:05.421350   651 skeleton_planner.h:170] Found solution in: 28
I20260909 04:41:05.421357   651 skeleton_planner.h:170] Found solution in: 1
I20260909 04:41:05.421362   651 skeleton_planner.h:170] Found solution in: 4
I20260909 04:41:05.421373   651 skeleton_planner.h:170] Found solution in: 12
I20260909 04:41:05.421629   651 skeleton_planner.h:170] Found solution in: 1
I20260909 04:41:05.421636   651 skeleton_planner.h:170] Found solution in: 4
I20260909 04:41:05.421646   651 skeleton_planner.h:170] Found solution in: 12
I20260909 04:41:05.422151   651 skeleton_planner.h:170] Found solution in: 84
I20260909 04:41:05.422168   651 skeleton_planner.h:170] Found solution in: 1
I20260909 04:41:05.422426   651 skeleton_planner.h:170] Found solution in: 12
I20260909 04:41:05.422433   651 skeleton_planner.h:170] Found solution in: 5
I20260909 04:41:05.422698   651 skeleton_planner.h:170] Found solution in: 5
I20260909 04:41:05.422705   651 skeleton_planner.h:170] Found solution in: 1
I20260909 04:41:05.422821   651 skeleton_planner.h:170] Found solution in: 51
I20260909 04:41:05.422855   651 skeleton_planner.h:170] Found solution in: 7
I20260909 04:41:05.422866   651 skeleton_planner.h:170] Found solution in: 1
I20260909 04:41:05.422875   651 skeleton_planner.h:170] Found solution in: 8
I20260909 04:41:05.422883   651 skeleton_planner.h:170] Found solution in: 1
I20260909 04:41:05.422888   651 skeleton_planner.h:170] Found solution in: 4
I20260909 04:41:05.422896   651 skeleton_planner.h:170] Found solution in: 1
I20260909 04:41:05.422904   651 skeleton_planner.h:170] Found solution in: 9
I20260909 04:41:05.422912   651 skeleton_planner.h:170] Found solution in: 1
I20260909 04:41:05.422973   651 skeleton_planner.h:170] Found solution in: 81
I20260909 04:41:05.422984   651 skeleton_planner.h:170] Found solution in: 1
I20260909 04:41:05.423085   651 skeleton_planner.h:170] Found solution in: 5
I20260909 04:41:05.423092   651 skeleton_planner.h:170] Found solution in: 1
I20260909 04:41:05.423098   651 skeleton_planner.h:170] Found solution in: 4
I20260909 04:41:05.423108   651 skeleton_planner.h:170] Found solution in: 1
I20260909 04:41:05.423113   651 skeleton_planner.h:170] Found solution in: 3
I20260909 04:41:05.423125   651 skeleton_planner.h:170] Found solution in: 3
I20260909 04:41:05.423133   651 skeleton_planner.h:170] Found solution in: 1
I20260909 04:41:05.423141   651 skeleton_planner.h:170] Found solution in: 6
I20260909 04:41:05.423148   651 skeleton_planner.h:170] Found solution in: 1
I20260909 04:41:05.423164   651 skeleton_planner.h:170] Found solution in: 5
I20260909 04:41:05.423171   651 skeleton_planner.h:170] Found solution in: 1
I20260909 04:41:05.423183   651 skeleton_planner.h:170] Found solution in: 14
I20260909 04:41:05.423190   651 skeleton_planner.h:170] Found solution in: 1
I20260909 04:41:05.423211   651 skeleton_planner.h:170] Found solution in: 3
I20260909 04:41:05.423220   651 skeleton_planner.h:170] Found solution in: 1
I20260909 04:41:05.423233   651 skeleton_planner.h:170] Found solution in: 15
I20260909 04:41:05.423240   651 skeleton_planner.h:170] Found solution in: 1
I20260909 04:41:05.423265   651 skeleton_planner.h:170] Found solution in: 28
I20260909 04:41:05.423272   651 skeleton_planner.h:170] Found solution in: 1
I20260909 04:41:05.423370   651 skeleton_planner.h:170] Found solution in: 5
I20260909 04:41:05.423379   651 skeleton_planner.h:170] Found solution in: 1
I20260909 04:41:05.423461   651 skeleton_planner.h:170] Found solution in: 3
I20260909 04:41:05.423470   651 skeleton_planner.h:170] Found solution in: 1
I20260909 04:41:05.423502   651 skeleton_planner.h:170] Found solution in: 40
I20260909 04:41:05.423508   651 skeleton_planner.h:170] Found solution in: 1
I20260909 04:41:05.423514   651 skeleton_planner.h:170] Found solution in: 1
I20260909 04:41:05.423602   651 skeleton_planner.h:170] Found solution in: 4
I20260909 04:41:05.423611   651 skeleton_planner.h:170] Found solution in: 1
I20260909 04:41:05.423619   651 skeleton_planner.h:170] Found solution in: 6
I20260909 04:41:05.423624   651 skeleton_planner.h:170] Found solution in: 1
I20260909 04:41:05.423631   651 skeleton_planner.h:170] Found solution in: 1
I20260909 04:41:05.423638   651 skeleton_planner.h:170] Found solution in: 1
I20260909 04:41:05.423643   651 skeleton_planner.h:170] Found solution in: 1
I20260909 04:41:05.423700   651 skeleton_planner.h:170] Found solution in: 3
I20260909 04:41:05.423710   651 skeleton_planner.h:170] Found solution in: 1
I20260909 04:41:05.423763   651 skeleton_planner.h:170] Found solution in: 4
I20260909 04:41:05.423768   651 skeleton_planner.h:170] Found solution in: 1
I20260909 04:41:05.423789   651 skeleton_planner.h:170] Found solution in: 6
I20260909 04:41:05.423797   651 skeleton_planner.h:170] Found solution in: 1
I20260909 04:41:05.423802   651 skeleton_planner.h:170] Found solution in: 3
I20260909 04:41:05.423810   651 skeleton_planner.h:170] Found solution in: 1
I20260909 04:41:05.423813   651 skeleton_planner.h:170] Found solution in: 3
I20260909 04:41:05.423841   651 skeleton_planner.h:170] Found solution in: 11
I20260909 04:41:05.423849   651 skeleton_planner.h:170] Found solution in: 1
I20260909 04:41:05.423861   651 skeleton_planner.h:170] Found solution in: 1
I20260909 04:41:05.423866   651 skeleton_planner.h:170] Found solution in: 5
I20260909 04:41:05.423875   651 skeleton_planner.h:170] Found solution in: 1
I20260909 04:41:05.423880   651 skeleton_planner.h:170] Found solution in: 5
I20260909 04:41:05.423902   651 skeleton_planner.h:170] Found solution in: 5
I20260909 04:41:05.423911   651 skeleton_planner.h:170] Found solution in: 1
I20260909 04:41:05.423919   651 skeleton_planner.h:170] Found solution in: 1
I20260909 04:41:05.423926   651 skeleton_planner.h:170] Found solution in: 1
I20260909 04:41:05.423951   651 skeleton_planner.h:170] Found solution in: 3
I20260909 04:41:05.423959   651 skeleton_planner.h:170] Found solution in: 1
I20260909 04:41:05.423964   651 skeleton_planner.h:170] Found solution in: 7
I20260909 04:41:05.423987   651 skeleton_planner.h:170] Found solution in: 6
I20260909 04:41:05.423996   651 skeleton_planner.h:170] Found solution in: 1
I20260909 04:41:05.424005   651 skeleton_planner.h:170] Found solution in: 7
I20260909 04:41:05.424013   651 skeleton_planner.h:170] Found solution in: 1
I20260909 04:41:05.424017   651 skeleton_planner.h:170] Found solution in: 2
I20260909 04:41:05.424031   651 skeleton_planner.h:170] Found solution in: 5
I20260909 04:41:05.424037   651 skeleton_planner.h:170] Found solution in: 1
I20260909 04:41:05.424060   651 skeleton_planner.h:170] Found solution in: 4
I20260909 04:41:05.424067   651 skeleton_planner.h:170] Found solution in: 1
I20260909 04:41:05.424072   651 skeleton_planner.h:170] Found solution in: 4
I20260909 04:41:05.424103   651 skeleton_planner.h:170] Found solution in: 7
I20260909 04:41:05.424113   651 skeleton_planner.h:170] Found solution in: 1
I20260909 04:41:05.424144   651 skeleton_planner.h:170] Found solution in: 9
I20260909 04:41:05.424153   651 skeleton_planner.h:170] Found solution in: 1
I20260909 04:41:05.424157   651 skeleton_planner.h:170] Found solution in: 2
I20260909 04:41:05.424322   651 skeleton_planner.h:170] Found solution in: 1
I20260909 04:41:05.424326   651 skeleton_planner.h:170] Found solution in: 2
I20260909 04:41:05.424504   651 skeleton_planner.h:170] Found solution in: 1
I20260909 04:41:05.424511   651 skeleton_planner.h:170] Found solution in: 6
I20260909 04:41:05.424611   651 skeleton_planner.h:170] Found solution in: 4
I20260909 04:41:05.424621   651 skeleton_planner.h:170] Found solution in: 1
I20260909 04:41:05.424626   651 skeleton_planner.h:170] Found solution in: 3
I20260909 04:41:05.424641   651 skeleton_planner.h:170] Found solution in: 5
I20260909 04:41:05.424651   651 skeleton_planner.h:170] Found solution in: 1
I20260909 04:41:05.424662   651 skeleton_planner.h:170] Found solution in: 11
I20260909 04:41:05.424669   651 skeleton_planner.h:170] Found solution in: 1
I20260909 04:41:05.424685   651 skeleton_planner.h:170] Found solution in: 4
I20260909 04:41:05.424691   651 skeleton_planner.h:170] Found solution in: 1
I20260909 04:41:05.424700   651 skeleton_planner.h:170] Found solution in: 8
I20260909 04:41:05.424716   651 skeleton_planner.h:170] Found solution in: 3
I20260909 04:41:05.424722   651 skeleton_planner.h:170] Found solution in: 1
I20260909 04:41:05.424729   651 skeleton_planner.h:170] Found solution in: 7
I20260909 04:41:05.424736   651 skeleton_planner.h:170] Found solution in: 6
I20260909 04:41:05.424768   651 skeleton_planner.h:170] Found solution in: 7
I20260909 04:41:05.424777   651 skeleton_planner.h:170] Found solution in: 1
I20260909 04:41:05.424796   651 skeleton_planner.h:170] Found solution in: 5
I20260909 04:41:05.424805   651 skeleton_planner.h:170] Found solution in: 1
I20260909 04:41:05.424811   651 skeleton_planner.h:170] Found solution in: 1
I20260909 04:41:05.424827   651 skeleton_planner.h:170] Found solution in: 4
I20260909 04:41:05.424835   651 skeleton_planner.h:170] Found solution in: 1
I20260909 04:41:05.424860   651 skeleton_planner.h:170] Found solution in: 6
I20260909 04:41:05.424870   651 skeleton_planner.h:170] Found solution in: 1
I20260909 04:41:05.424877   651 skeleton_planner.h:170] Found solution in: 6
I20260909 04:41:05.424887   651 skeleton_planner.h:170] Found solution in: 1
I20260909 04:41:05.424891   651 skeleton_planner.h:170] Found solution in: 3
I20260909 04:41:05.424903   651 skeleton_planner.h:170] Found solution in: 3
I20260909 04:41:05.424911   651 skeleton_planner.h:170] Found solution in: 1
I20260909 04:41:05.424934   651 skeleton_planner.h:170] Found solution in: 7
I20260909 04:41:05.424942   651 skeleton_planner.h:170] Found solution in: 1
I20260909 04:41:05.424948   651 skeleton_planner.h:170] Found solution in: 4
I20260909 04:41:05.424953   651 skeleton_planner.h:170] Found solution in: 1
I20260909 04:41:05.424960   651 skeleton_planner.h:170] Found solution in: 7
I20260909 04:41:05.424965   651 skeleton_planner.h:170] Found solution in: 4
I20260909 04:41:05.425060   651 skeleton_planner.h:170] Found solution in: 6
I20260909 04:41:05.425069   651 skeleton_planner.h:170] Found solution in: 1
I20260909 04:41:05.425103   651 skeleton_planner.h:170] Found solution in: 8
I20260909 04:41:05.425112   651 skeleton_planner.h:170] Found solution in: 1
I20260909 04:41:05.425127   651 skeleton_planner.h:170] Found solution in: 5
I20260909 04:41:05.425137   651 skeleton_planner.h:170] Found solution in: 1
I20260909 04:41:05.425156   651 skeleton_planner.h:170] Found solution in: 24
I20260909 04:41:05.425163   651 skeleton_planner.h:170] Found solution in: 1
I20260909 04:41:05.425191   651 skeleton_planner.h:170] Found solution in: 36
I20260909 04:41:05.425199   651 skeleton_planner.h:170] Found solution in: 1
I20260909 04:41:05.425206   651 skeleton_planner.h:170] Found solution in: 7
I20260909 04:41:05.425212   651 skeleton_planner.h:170] Found solution in: 1
I20260909 04:41:05.425220   651 skeleton_planner.h:170] Found solution in: 1
I20260909 04:41:05.425246   651 skeleton_planner.h:170] Found solution in: 6
I20260909 04:41:05.425253   651 skeleton_planner.h:170] Found solution in: 1
I20260909 04:41:05.425261   651 skeleton_planner.h:170] Found solution in: 1
I20260909 04:41:05.425284   651 skeleton_planner.h:170] Found solution in: 6
I20260909 04:41:05.425293   651 skeleton_planner.h:170] Found solution in: 1
I20260909 04:41:05.425299   651 skeleton_planner.h:170] Found solution in: 1
I20260909 04:41:05.425320   651 skeleton_planner.h:170] Found solution in: 5
I20260909 04:41:05.425329   651 skeleton_planner.h:170] Found solution in: 1
I20260909 04:41:05.425334   651 skeleton_planner.h:170] Found solution in: 3
I20260909 04:41:05.425348   651 skeleton_planner.h:170] Found solution in: 18
I20260909 04:41:05.425354   651 skeleton_planner.h:170] Found solution in: 1
I20260909 04:41:05.425359   651 skeleton_planner.h:170] Found solution in: 3
I20260909 04:41:05.425371   651 skeleton_planner.h:170] Found solution in: 18
I20260909 04:41:05.425379   651 skeleton_planner.h:170] Found solution in: 1
I20260909 04:41:05.425383   651 skeleton_planner.h:170] Found solution in: 2
I20260909 04:41:05.425575   651 skeleton_planner.h:170] Found solution in: 1
I20260909 04:41:05.425580   651 skeleton_planner.h:170] Found solution in: 2
I20260909 04:41:05.425761   651 skeleton_planner.h:170] Found solution in: 1
I20260909 04:41:05.425789   651 skeleton_planner.h:170] Found solution in: 5
I20260909 04:41:05.425800   651 skeleton_planner.h:170] Found solution in: 1
I20260909 04:41:05.425806   651 skeleton_planner.h:170] Found solution in: 1
I20260909 04:41:05.425809   651 skeleton_planner.h:170] Found solution in: 2
I20260909 04:41:05.426234   651 skeleton_planner.h:170] Found solution in: 7
I20260909 04:41:05.426244   651 skeleton_planner.h:170] Found solution in: 1
I20260909 04:41:05.426249   651 skeleton_planner.h:170] Found solution in: 4
I20260909 04:41:05.426254   651 skeleton_planner.h:170] Found solution in: 4
I20260909 04:41:05.426280   651 skeleton_planner.h:170] Found solution in: 6
I20260909 04:41:05.426288   651 skeleton_planner.h:170] Found solution in: 1
I20260909 04:41:05.426676   651 skeleton_planner.h:170] Found solution in: 6
I20260909 04:41:05.426681   651 skeleton_planner.h:170] Found solution in: 1
I20260909 04:41:05.426852   651 skeleton_planner.h:170] Found solution in: 6
I20260909 04:41:05.427021   651 skeleton_planner.h:170] Found solution in: 1
I20260909 04:41:05.427026   651 skeleton_planner.h:170] Found solution in: 2
I20260909 04:41:05.427217   651 skeleton_planner.h:170] Found solution in: 5
I20260909 04:41:05.427224   651 skeleton_planner.h:170] Found solution in: 1
I20260909 04:41:05.427407   651 skeleton_planner.h:170] Found solution in: 6
I20260909 04:41:05.427416   651 skeleton_planner.h:170] Found solution in: 1
I20260909 04:41:05.427420   651 skeleton_planner.h:170] Found solution in: 2
I20260909 04:41:05.427974   651 skeleton_planner.h:170] Found solution in: 1
I20260909 04:41:05.427978   651 skeleton_planner.h:170] Found solution in: 2
I20260909 04:41:05.428543   651 skeleton_planner.h:170] Found solution in: 1
I20260909 04:41:05.428550   651 skeleton_planner.h:170] Found solution in: 6
I20260909 04:41:05.428782   651 skeleton_planner.h:170] Found solution in: 1
I20260909 04:41:05.428789   651 skeleton_planner.h:170] Found solution in: 6
I20260909 04:41:05.429018   651 skeleton_planner.h:170] Found solution in: 1
I20260909 04:41:05.429024   651 skeleton_planner.h:170] Found solution in: 7
I20260909 04:41:05.429062   651 skeleton_planner.h:170] Found solution in: 10
I20260909 04:41:05.429070   651 skeleton_planner.h:170] Found solution in: 1
I20260909 04:41:05.429190   651 skeleton_planner.h:170] Found solution in: 73
I20260909 04:41:05.429291   651 skeleton_planner.h:170] Found solution in: 53
I20260909 04:41:05.429410   651 skeleton_planner.h:170] Found solution in: 67
I20260909 04:41:05.429440   651 skeleton_planner.h:170] Found solution in: 6
I20260909 04:41:05.429448   651 skeleton_planner.h:170] Found solution in: 1
I20260909 04:41:05.429467   651 skeleton_planner.h:170] Found solution in: 6
I20260909 04:41:05.429473   651 skeleton_planner.h:170] Found solution in: 1
I20260909 04:41:05.429483   651 skeleton_planner.h:170] Found solution in: 3
I20260909 04:41:05.429489   651 skeleton_planner.h:170] Found solution in: 1
I20260909 04:41:05.429507   651 skeleton_planner.h:170] Found solution in: 6
I20260909 04:41:05.429512   651 skeleton_planner.h:170] Found solution in: 1
I20260909 04:41:05.429517   651 skeleton_planner.h:170] Found solution in: 3
I20260909 04:41:05.429523   651 skeleton_planner.h:170] Found solution in: 1
I20260909 04:41:05.429527   651 skeleton_planner.h:170] Found solution in: 3
I20260909 04:41:05.429564   651 skeleton_planner.h:170] Found solution in: 18
I20260909 04:41:05.429574   651 skeleton_planner.h:170] Found solution in: 1
I20260909 04:41:05.429579   651 skeleton_planner.h:170] Found solution in: 1
I20260909 04:41:05.429601   651 skeleton_planner.h:170] Found solution in: 8
I20260909 04:41:05.429610   651 skeleton_planner.h:170] Found solution in: 1
I20260909 04:41:05.429617   651 skeleton_planner.h:170] Found solution in: 1
I20260909 04:41:05.429623   651 skeleton_planner.h:170] Found solution in: 1
I20260909 04:41:05.429628   651 skeleton_planner.h:170] Found solution in: 1
I20260909 04:41:05.430100   651 skeleton_planner.h:170] Found solution in: 7
I20260909 04:41:05.430109   651 skeleton_planner.h:170] Found solution in: 1
I20260909 04:41:05.430126   651 skeleton_planner.h:170] Found solution in: 2
I20260909 04:41:05.430557   651 skeleton_planner.h:170] Found solution in: 7
I20260909 04:41:05.430565   651 skeleton_planner.h:170] Found solution in: 1
I20260909 04:41:05.430570   651 skeleton_planner.h:170] Found solution in: 3
I20260909 04:41:05.430575   651 skeleton_planner.h:170] Found solution in: 1
I20260909 04:41:05.430579   651 skeleton_planner.h:170] Found solution in: 2
I20260909 04:41:05.430591   651 skeleton_planner.h:170] Found solution in: 4
I20260909 04:41:05.430598   651 skeleton_planner.h:170] Found solution in: 1
I20260909 04:41:05.431221   651 skeleton_planner.h:170] Found solution in: 1
I20260909 04:41:05.431226   651 skeleton_planner.h:170] Found solution in: 4
I20260909 04:41:05.431231   651 skeleton_planner.h:170] Found solution in: 4
I20260909 04:41:05.431353   651 skeleton_planner.h:170] Found solution in: 1
I20260909 04:41:05.431358   651 skeleton_planner.h:170] Found solution in: 4
I20260909 04:41:05.431363   651 skeleton_planner.h:170] Found solution in: 4
I20260909 04:41:05.431473   651 skeleton_planner.h:170] Found solution in: 1
I20260909 04:41:05.431478   651 skeleton_planner.h:170] Found solution in: 4
I20260909 04:41:05.431483   651 skeleton_planner.h:170] Found solution in: 4
I20260909 04:41:05.431493   651 skeleton_planner.h:170] Found solution in: 1
I20260909 04:41:05.431499   651 skeleton_planner.h:170] Found solution in: 5
I20260909 04:41:05.431505   651 skeleton_planner.h:170] Found solution in: 4
I20260909 04:41:05.431523   651 skeleton_planner.h:170] Found solution in: 5
I20260909 04:41:05.431530   651 skeleton_planner.h:170] Found solution in: 1
I20260909 04:41:05.431536   651 skeleton_planner.h:170] Found solution in: 5
I20260909 04:41:05.431562   651 skeleton_planner.h:170] Found solution in: 7
I20260909 04:41:05.431573   651 skeleton_planner.h:170] Found solution in: 1
I20260909 04:41:05.431582   651 skeleton_planner.h:170] Found solution in: 1
I20260909 04:41:05.431587   651 skeleton_planner.h:170] Found solution in: 4
I20260909 04:41:05.431604   651 skeleton_planner.h:170] Found solution in: 7
I20260909 04:41:05.431612   651 skeleton_planner.h:170] Found solution in: 1
I20260909 04:41:05.431627   651 skeleton_planner.h:170] Found solution in: 5
I20260909 04:41:05.431636   651 skeleton_planner.h:170] Found solution in: 1
I20260909 04:41:05.431677   651 skeleton_planner.h:170] Found solution in: 3
I20260909 04:41:05.431685   651 skeleton_planner.h:170] Found solution in: 1
I20260909 04:41:05.431696   651 skeleton_planner.h:170] Found solution in: 3
I20260909 04:41:05.431704   651 skeleton_planner.h:170] Found solution in: 1
I20260909 04:41:05.431754   651 skeleton_planner.h:170] Found solution in: 6
I20260909 04:41:05.431764   651 skeleton_planner.h:170] Found solution in: 1
I20260909 04:41:05.431779   651 skeleton_planner.h:170] Found solution in: 3
I20260909 04:41:05.431787   651 skeleton_planner.h:170] Found solution in: 1
I20260909 04:41:05.431834   651 skeleton_planner.h:170] Found solution in: 3
I20260909 04:41:05.431841   651 skeleton_planner.h:170] Found solution in: 1
I20260909 04:41:05.431870   651 skeleton_planner.h:170] Found solution in: 7
I20260909 04:41:05.431880   651 skeleton_planner.h:170] Found solution in: 1
I20260909 04:41:05.431968   651 skeleton_planner.h:170] Found solution in: 4
I20260909 04:41:05.431977   651 skeleton_planner.h:170] Found solution in: 1
I20260909 04:41:05.431985   651 skeleton_planner.h:170] Found solution in: 1
I20260909 04:41:05.431998   651 skeleton_planner.h:170] Found solution in: 3
I20260909 04:41:05.432006   651 skeleton_planner.h:170] Found solution in: 1
I20260909 04:41:05.432011   651 skeleton_planner.h:170] Found solution in: 4
I20260909 04:41:05.432025   651 skeleton_planner.h:170] Found solution in: 15
I20260909 04:41:05.432031   651 skeleton_planner.h:170] Found solution in: 1
I20260909 04:41:05.432036   651 skeleton_planner.h:170] Found solution in: 4
I20260909 04:41:05.432045   651 skeleton_planner.h:170] Found solution in: 1
I20260909 04:41:05.432051   651 skeleton_planner.h:170] Found solution in: 1
I20260909 04:41:05.432056   651 skeleton_planner.h:170] Found solution in: 3
I20260909 04:41:05.432071   651 skeleton_planner.h:170] Found solution in: 6
I20260909 04:41:05.432078   651 skeleton_planner.h:170] Found solution in: 1
I20260909 04:41:05.432083   651 skeleton_planner.h:170] Found solution in: 4
I20260909 04:41:05.432089   651 skeleton_planner.h:170] Found solution in: 4
I20260909 04:41:05.432116   651 skeleton_planner.h:170] Found solution in: 9
I20260909 04:41:05.432124   651 skeleton_planner.h:170] Found solution in: 1
I20260909 04:41:05.432130   651 skeleton_planner.h:170] Found solution in: 5
I20260909 04:41:05.432135   651 skeleton_planner.h:170] Found solution in: 1
I20260909 04:41:05.432150   651 skeleton_planner.h:170] Found solution in: 3
I20260909 04:41:05.432156   651 skeleton_planner.h:170] Found solution in: 1
I20260909 04:41:05.432165   651 skeleton_planner.h:170] Found solution in: 1
I20260909 04:41:05.432171   651 skeleton_planner.h:170] Found solution in: 5
I20260909 04:41:05.432202   651 skeleton_planner.h:170] Found solution in: 10
I20260909 04:41:05.432214   651 skeleton_planner.h:170] Found solution in: 1
I20260909 04:41:05.432301   651 skeleton_planner.h:170] Found solution in: 3
I20260909 04:41:05.432313   651 skeleton_planner.h:170] Found solution in: 1
I20260909 04:41:05.432327   651 skeleton_planner.h:170] Found solution in: 13
I20260909 04:41:05.432334   651 skeleton_planner.h:170] Found solution in: 1
I20260909 04:41:05.432343   651 skeleton_planner.h:170] Found solution in: 1
I20260909 04:41:05.432353   651 skeleton_planner.h:170] Found solution in: 1
I20260909 04:41:05.432361   651 skeleton_planner.h:170] Found solution in: 1
I20260909 04:41:05.432367   651 skeleton_planner.h:170] Found solution in: 5
I20260909 04:41:05.432374   651 skeleton_planner.h:170] Found solution in: 1
I20260909 04:41:05.432404   651 skeleton_planner.h:170] Found solution in: 37
I20260909 04:41:05.432415   651 skeleton_planner.h:170] Found solution in: 1
I20260909 04:41:05.432421   651 skeleton_planner.h:170] Found solution in: 5
I20260909 04:41:05.432451   651 skeleton_planner.h:170] Found solution in: 7
I20260909 04:41:05.432459   651 skeleton_planner.h:170] Found solution in: 1
I20260909 04:41:05.432464   651 skeleton_planner.h:170] Found solution in: 4
I20260909 04:41:05.432493   651 skeleton_planner.h:170] Found solution in: 35
I20260909 04:41:05.432502   651 skeleton_planner.h:170] Found solution in: 1
I20260909 04:41:05.432508   651 skeleton_planner.h:170] Found solution in: 1
I20260909 04:41:05.432528   651 skeleton_planner.h:170] Found solution in: 3
I20260909 04:41:05.432538   651 skeleton_planner.h:170] Found solution in: 1
I20260909 04:41:05.432541   651 skeleton_planner.h:170] Found solution in: 3
I20260909 04:41:05.432556   651 skeleton_planner.h:170] Found solution in: 5
I20260909 04:41:05.432564   651 skeleton_planner.h:170] Found solution in: 1
I20260909 04:41:05.432585   651 skeleton_planner.h:170] Found solution in: 7
I20260909 04:41:05.432593   651 skeleton_planner.h:170] Found solution in: 1
I20260909 04:41:05.432600   651 skeleton_planner.h:170] Found solution in: 5
I20260909 04:41:05.432606   651 skeleton_planner.h:170] Found solution in: 1
I20260909 04:41:05.432636   651 skeleton_planner.h:170] Found solution in: 8
I20260909 04:41:05.432643   651 skeleton_planner.h:170] Found solution in: 1
I20260909 04:41:05.432648   651 skeleton_planner.h:170] Found solution in: 1
I20260909 04:41:05.432654   651 skeleton_planner.h:170] Found solution in: 4
I20260909 04:41:05.432686   651 skeleton_planner.h:170] Found solution in: 8
I20260909 04:41:05.432694   651 skeleton_planner.h:170] Found solution in: 1
I20260909 04:41:05.432701   651 skeleton_planner.h:170] Found solution in: 1
I20260909 04:41:05.432709   651 skeleton_planner.h:170] Found solution in: 1
I20260909 04:41:05.432716   651 skeleton_planner.h:170] Found solution in: 1
I20260909 04:41:05.432723   651 skeleton_planner.h:170] Found solution in: 6
I20260909 04:41:05.432739   651 skeleton_planner.h:170] Found solution in: 18
I20260909 04:41:05.432746   651 skeleton_planner.h:170] Found solution in: 1
I20260909 04:41:05.432760   651 skeleton_planner.h:170] Found solution in: 4
I20260909 04:41:05.432770   651 skeleton_planner.h:170] Found solution in: 1
I20260909 04:41:05.432772   651 skeleton_planner.h:170] Found solution in: 2
I20260909 04:41:05.432787   651 skeleton_planner.h:170] Found solution in: 4
I20260909 04:41:05.432794   651 skeleton_planner.h:170] Found solution in: 1
I20260909 04:41:05.432807   651 skeleton_planner.h:170] Found solution in: 5
I20260909 04:41:05.432817   651 skeleton_planner.h:170] Found solution in: 1
I20260909 04:41:05.432823   651 skeleton_planner.h:170] Found solution in: 1
I20260909 04:41:05.432830   651 skeleton_planner.h:170] Found solution in: 5
I20260909 04:41:05.432835   651 skeleton_planner.h:170] Found solution in: 1
I20260909 04:41:05.432840   651 skeleton_planner.h:170] Found solution in: 5
I20260909 04:41:05.432847   651 skeleton_planner.h:170] Found solution in: 1
I20260909 04:41:05.432852   651 skeleton_planner.h:170] Found solution in: 3
I20260909 04:41:05.432857   651 skeleton_planner.h:170] Found solution in: 1
I20260909 04:41:05.432860   651 skeleton_planner.h:170] Found solution in: 3
I20260909 04:41:05.432865   651 skeleton_planner.h:170] Found solution in: 1
I20260909 04:41:05.432869   651 skeleton_planner.h:170] Found solution in: 2
I20260909 04:41:05.432881   651 skeleton_planner.h:170] Found solution in: 5
I20260909 04:41:05.432888   651 skeleton_planner.h:170] Found solution in: 1
I20260909 04:41:05.432989   651 skeleton_planner.h:170] Found solution in: 53
I20260909 04:41:05.433002   651 skeleton_planner.h:170] Found solution in: 1
I20260909 04:41:05.433009   651 skeleton_planner.h:170] Found solution in: 1
I20260909 04:41:05.433027   651 skeleton_planner.h:170] Found solution in: 5
I20260909 04:41:05.433035   651 skeleton_planner.h:170] Found solution in: 1
I20260909 04:41:05.433048   651 skeleton_planner.h:170] Found solution in: 3
I20260909 04:41:05.433054   651 skeleton_planner.h:170] Found solution in: 1
I20260909 04:41:05.433059   651 skeleton_planner.h:170] Found solution in: 4
I20260909 04:41:05.433071   651 skeleton_planner.h:170] Found solution in: 3
I20260909 04:41:05.433077   651 skeleton_planner.h:170] Found solution in: 1
I20260909 04:41:05.433089   651 skeleton_planner.h:170] Found solution in: 3
I20260909 04:41:05.433094   651 skeleton_planner.h:170] Found solution in: 1
I20260909 04:41:05.433106   651 skeleton_planner.h:170] Found solution in: 3
I20260909 04:41:05.433115   651 skeleton_planner.h:170] Found solution in: 1
I20260909 04:41:05.433122   651 skeleton_planner.h:170] Found solution in: 1
I20260909 04:41:05.433130   651 skeleton_planner.h:170] Found solution in: 1
I20260909 04:41:05.433180   651 skeleton_planner.h:170] Found solution in: 6
I20260909 04:41:05.433189   651 skeleton_planner.h:170] Found solution in: 1
I20260909 04:41:05.433197   651 skeleton_planner.h:170] Found solution in: 1
I20260909 04:41:05.433209   651 skeleton_planner.h:170] Found solution in: 3
I20260909 04:41:05.433215   651 skeleton_planner.h:170] Found solution in: 1
I20260909 04:41:05.433223   651 skeleton_planner.h:170] Found solution in: 1
I20260909 04:41:05.433231   651 skeleton_planner.h:170] Found solution in: 1
I20260909 04:41:05.433238   651 skeleton_planner.h:170] Found solution in: 1
I20260909 04:41:05.433243   651 skeleton_planner.h:170] Found solution in: 3
I20260909 04:41:05.433271   651 skeleton_planner.h:170] Found solution in: 12
I20260909 04:41:05.433281   651 skeleton_planner.h:170] Found solution in: 1
I20260909 04:41:05.433287   651 skeleton_planner.h:170] Found solution in: 1
I20260909 04:41:05.433295   651 skeleton_planner.h:170] Found solution in: 1
I20260909 04:41:05.433305   651 skeleton_planner.h:170] Found solution in: 1
I20260909 04:41:05.433312   651 skeleton_planner.h:170] Found solution in: 6
I20260909 04:41:05.433319   651 skeleton_planner.h:170] Found solution in: 6
I20260909 04:41:05.433326   651 skeleton_planner.h:170] Found solution in: 7
I20260909 04:41:05.433336   651 skeleton_planner.h:170] Found solution in: 9
I20260909 04:41:05.433344   651 skeleton_planner.h:170] Found solution in: 1
I20260909 04:41:05.433350   651 skeleton_planner.h:170] Found solution in: 6
I20260909 04:41:05.433357   651 skeleton_planner.h:170] Found solution in: 7
I20260909 04:41:05.433372   651 skeleton_planner.h:170] Found solution in: 16
I20260909 04:41:05.433439   651 skeleton_planner.h:170] Found solution in: 21
I20260909 04:41:05.433449   651 skeleton_planner.h:170] Found solution in: 1
I20260909 04:41:05.433461   651 skeleton_planner.h:170] Found solution in: 1
I20260909 04:41:05.433491   651 skeleton_planner.h:170] Found solution in: 6
I20260909 04:41:05.433501   651 skeleton_planner.h:170] Found solution in: 1
I20260909 04:41:05.433583   651 skeleton_planner.h:170] Found solution in: 3
I20260909 04:41:05.433593   651 skeleton_planner.h:170] Found solution in: 1
I20260909 04:41:05.433605   651 skeleton_planner.h:170] Found solution in: 3
I20260909 04:41:05.433612   651 skeleton_planner.h:170] Found solution in: 1
I20260909 04:41:05.433696   651 skeleton_planner.h:170] Found solution in: 4
I20260909 04:41:05.433703   651 skeleton_planner.h:170] Found solution in: 1
I20260909 04:41:05.433717   651 skeleton_planner.h:170] Found solution in: 3
I20260909 04:41:05.433728   651 skeleton_planner.h:170] Found solution in: 1
I20260909 04:41:05.433733   651 skeleton_planner.h:170] Found solution in: 1
I20260909 04:41:05.433740   651 skeleton_planner.h:170] Found solution in: 1
I20260909 04:41:05.433748   651 skeleton_planner.h:170] Found solution in: 1
I20260909 04:41:05.433758   651 skeleton_planner.h:170] Found solution in: 9
I20260909 04:41:05.433763   651 skeleton_planner.h:170] Found solution in: 1
I20260909 04:41:05.433771   651 skeleton_planner.h:170] Found solution in: 10
I20260909 04:41:05.433777   651 skeleton_planner.h:170] Found solution in: 1
I20260909 04:41:05.433782   651 skeleton_planner.h:170] Found solution in: 4
I20260909 04:41:05.433791   651 skeleton_planner.h:170] Found solution in: 1
I20260909 04:41:05.433799   651 skeleton_planner.h:170] Found solution in: 8
I20260909 04:41:05.433810   651 skeleton_planner.h:170] Found solution in: 14
I20260909 04:41:05.433911   651 skeleton_planner.h:170] Found solution in: 7
I20260909 04:41:05.433920   651 skeleton_planner.h:170] Found solution in: 1
I20260909 04:41:05.433928   651 skeleton_planner.h:170] Found solution in: 1
I20260909 04:41:05.433938   651 skeleton_planner.h:170] Found solution in: 10
I20260909 04:41:05.433943   651 skeleton_planner.h:170] Found solution in: 1
I20260909 04:41:05.433952   651 skeleton_planner.h:170] Found solution in: 9
I20260909 04:41:05.433959   651 skeleton_planner.h:170] Found solution in: 1
I20260909 04:41:05.433964   651 skeleton_planner.h:170] Found solution in: 3
I20260909 04:41:05.433969   651 skeleton_planner.h:170] Found solution in: 5
I20260909 04:41:05.433974   651 skeleton_planner.h:170] Found solution in: 1
I20260909 04:41:05.433979   651 skeleton_planner.h:170] Found solution in: 3
I20260909 04:41:05.433983   651 skeleton_planner.h:170] Found solution in: 5
I20260909 04:41:05.433988   651 skeleton_planner.h:170] Found solution in: 1
I20260909 04:41:05.433995   651 skeleton_planner.h:170] Found solution in: 5
I20260909 04:41:05.434000   651 skeleton_planner.h:170] Found solution in: 5
I20260909 04:41:05.434010   651 skeleton_planner.h:170] Found solution in: 10
I20260909 04:41:05.434099   651 skeleton_planner.h:170] Found solution in: 7
I20260909 04:41:05.434109   651 skeleton_planner.h:170] Found solution in: 1
I20260909 04:41:05.434114   651 skeleton_planner.h:170] Found solution in: 5
I20260909 04:41:05.434132   651 skeleton_planner.h:170] Found solution in: 5
I20260909 04:41:05.434139   651 skeleton_planner.h:170] Found solution in: 1
I20260909 04:41:05.434167   651 skeleton_planner.h:170] Found solution in: 8
I20260909 04:41:05.434175   651 skeleton_planner.h:170] Found solution in: 1
I20260909 04:41:05.434180   651 skeleton_planner.h:170] Found solution in: 3
I20260909 04:41:05.434662   651 skeleton_planner.h:170] Found solution in: 23
I20260909 04:41:05.434674   651 skeleton_planner.h:170] Found solution in: 1
I20260909 04:41:05.435114   651 skeleton_planner.h:170] Found solution in: 1
I20260909 04:41:05.435120   651 skeleton_planner.h:170] Found solution in: 3
I20260909 04:41:05.435547   651 skeleton_planner.h:170] Found solution in: 1
I20260909 04:41:05.435552   651 skeleton_planner.h:170] Found solution in: 3
I20260909 04:41:05.435856   651 skeleton_planner.h:170] Found solution in: 93
I20260909 04:41:05.435876   651 skeleton_planner.h:170] Found solution in: 1
I20260909 04:41:05.435892   651 skeleton_planner.h:170] Found solution in: 17
I20260909 04:41:05.435899   651 skeleton_planner.h:170] Found solution in: 1
I20260909 04:41:05.435966   651 skeleton_planner.h:170] Found solution in: 14
I20260909 04:41:05.435978   651 skeleton_planner.h:170] Found solution in: 1
I20260909 04:41:05.435989   651 skeleton_planner.h:170] Found solution in: 10
I20260909 04:41:05.435999   651 skeleton_planner.h:170] Found solution in: 1
I20260909 04:41:05.436036   651 skeleton_planner.h:170] Found solution in: 3
I20260909 04:41:05.436043   651 skeleton_planner.h:170] Found solution in: 1
I20260909 04:41:05.436136   651 skeleton_planner.h:170] Found solution in: 3
I20260909 04:41:05.436149   651 skeleton_planner.h:170] Found solution in: 1
I20260909 04:41:05.436170   651 skeleton_planner.h:170] Found solution in: 5
I20260909 04:41:05.436179   651 skeleton_planner.h:170] Found solution in: 1
I20260909 04:41:05.436192   651 skeleton_planner.h:170] Found solution in: 3
I20260909 04:41:05.436198   651 skeleton_planner.h:170] Found solution in: 1
I20260909 04:41:05.436219   651 skeleton_planner.h:170] Found solution in: 5
I20260909 04:41:05.436230   651 skeleton_planner.h:170] Found solution in: 1
I20260909 04:41:05.436235   651 skeleton_planner.h:170] Found solution in: 4
I20260909 04:41:05.436244   651 skeleton_planner.h:170] Found solution in: 1
I20260909 04:41:05.436249   651 skeleton_planner.h:170] Found solution in: 4
I20260909 04:41:05.436259   651 skeleton_planner.h:170] Found solution in: 10
I20260909 04:41:05.436264   651 skeleton_planner.h:170] Found solution in: 1
I20260909 04:41:05.436278   651 skeleton_planner.h:170] Found solution in: 3
I20260909 04:41:05.436286   651 skeleton_planner.h:170] Found solution in: 1
I20260909 04:41:05.436290   651 skeleton_planner.h:170] Found solution in: 3
I20260909 04:41:05.436309   651 skeleton_planner.h:170] Found solution in: 5
I20260909 04:41:05.436316   651 skeleton_planner.h:170] Found solution in: 1
I20260909 04:41:05.436329   651 skeleton_planner.h:170] Found solution in: 4
I20260909 04:41:05.436336   651 skeleton_planner.h:170] Found solution in: 1
I20260909 04:41:05.436344   651 skeleton_planner.h:170] Found solution in: 1
I20260909 04:41:05.436354   651 skeleton_planner.h:170] Found solution in: 1
I20260909 04:41:05.436358   651 skeleton_planner.h:170] Found solution in: 3
I20260909 04:41:05.436375   651 skeleton_planner.h:170] Found solution in: 5
I20260909 04:41:05.436385   651 skeleton_planner.h:170] Found solution in: 1
I20260909 04:41:05.436396   651 skeleton_planner.h:170] Found solution in: 4
I20260909 04:41:05.436404   651 skeleton_planner.h:170] Found solution in: 1
I20260909 04:41:05.436408   651 skeleton_planner.h:170] Found solution in: 3
I20260909 04:41:05.436427   651 skeleton_planner.h:170] Found solution in: 6
I20260909 04:41:05.436435   651 skeleton_planner.h:170] Found solution in: 1
I20260909 04:41:05.436465   651 skeleton_planner.h:170] Found solution in: 11
I20260909 04:41:05.436474   651 skeleton_planner.h:170] Found solution in: 1
I20260909 04:41:05.436479   651 skeleton_planner.h:170] Found solution in: 4
I20260909 04:41:05.436501   651 skeleton_planner.h:170] Found solution in: 5
I20260909 04:41:05.436511   651 skeleton_planner.h:170] Found solution in: 1
I20260909 04:41:05.436515   651 skeleton_planner.h:170] Found solution in: 1
I20260909 04:41:05.436610   651 skeleton_planner.h:170] Found solution in: 4
I20260909 04:41:05.436623   651 skeleton_planner.h:170] Found solution in: 1
I20260909 04:41:05.436627   651 skeleton_planner.h:170] Found solution in: 3
I20260909 04:41:05.436647   651 skeleton_planner.h:170] Found solution in: 6
I20260909 04:41:05.436655   651 skeleton_planner.h:170] Found solution in: 1
I20260909 04:41:05.436661   651 skeleton_planner.h:170] Found solution in: 5
I20260909 04:41:05.436677   651 skeleton_planner.h:170] Found solution in: 5
I20260909 04:41:05.436686   651 skeleton_planner.h:170] Found solution in: 1
I20260909 04:41:05.436715   651 skeleton_planner.h:170] Found solution in: 4
I20260909 04:41:05.436723   651 skeleton_planner.h:170] Found solution in: 1
I20260909 04:41:05.436739   651 skeleton_planner.h:170] Found solution in: 4
I20260909 04:41:05.436748   651 skeleton_planner.h:170] Found solution in: 1
I20260909 04:41:05.436785   651 skeleton_planner.h:170] Found solution in: 5
I20260909 04:41:05.436794   651 skeleton_planner.h:170] Found solution in: 1
I20260909 04:41:05.436805   651 skeleton_planner.h:170] Found solution in: 3
I20260909 04:41:05.436812   651 skeleton_planner.h:170] Found solution in: 1
I20260909 04:41:05.436823   651 skeleton_planner.h:170] Found solution in: 3
I20260909 04:41:05.436829   651 skeleton_planner.h:170] Found solution in: 1
I20260909 04:41:05.436836   651 skeleton_planner.h:170] Found solution in: 1
I20260909 04:41:05.436841   651 skeleton_planner.h:170] Found solution in: 1
I20260909 04:41:05.436875   651 skeleton_planner.h:170] Found solution in: 8
I20260909 04:41:05.436885   651 skeleton_planner.h:170] Found solution in: 1
I20260909 04:41:05.436894   651 skeleton_planner.h:170] Found solution in: 1
I20260909 04:41:05.436997   651 skeleton_planner.h:170] Found solution in: 6
I20260909 04:41:05.437005   651 skeleton_planner.h:170] Found solution in: 1
I20260909 04:41:05.437098   651 skeleton_planner.h:170] Found solution in: 5
I20260909 04:41:05.437105   651 skeleton_planner.h:170] Found solution in: 1
I20260909 04:41:05.437112   651 skeleton_planner.h:170] Found solution in: 1
I20260909 04:41:05.437116   651 skeleton_planner.h:170] Found solution in: 2
I20260909 04:41:05.437137   651 skeleton_planner.h:170] Found solution in: 7
I20260909 04:41:05.437146   651 skeleton_planner.h:170] Found solution in: 1
I20260909 04:41:05.437152   651 skeleton_planner.h:170] Found solution in: 1
I20260909 04:41:05.437161   651 skeleton_planner.h:170] Found solution in: 6
I20260909 04:41:05.437183   651 skeleton_planner.h:170] Found solution in: 24
I20260909 04:41:05.437191   651 skeleton_planner.h:170] Found solution in: 1
I20260909 04:41:05.437201   651 skeleton_planner.h:170] Found solution in: 8
I20260909 04:41:05.437206   651 skeleton_planner.h:170] Found solution in: 1
I20260909 04:41:05.437220   651 skeleton_planner.h:170] Found solution in: 15
I20260909 04:41:05.437228   651 skeleton_planner.h:170] Found solution in: 1
I20260909 04:41:05.437233   651 skeleton_planner.h:170] Found solution in: 4
I20260909 04:41:05.437244   651 skeleton_planner.h:170] Found solution in: 11
I20260909 04:41:05.437253   651 skeleton_planner.h:170] Found solution in: 10
I20260909 04:41:05.437263   651 skeleton_planner.h:170] Found solution in: 1
I20260909 04:41:05.437268   651 skeleton_planner.h:170] Found solution in: 1
I20260909 04:41:05.437301   651 skeleton_planner.h:170] Found solution in: 5
I20260909 04:41:05.437311   651 skeleton_planner.h:170] Found solution in: 1
I20260909 04:41:05.437330   651 skeleton_planner.h:170] Found solution in: 5
I20260909 04:41:05.437337   651 skeleton_planner.h:170] Found solution in: 1
I20260909 04:41:05.437345   651 skeleton_planner.h:170] Found solution in: 6
I20260909 04:41:05.437354   651 skeleton_planner.h:170] Found solution in: 10
I20260909 04:41:05.437362   651 skeleton_planner.h:170] Found solution in: 8
I20260909 04:41:05.437367   651 skeleton_planner.h:170] Found solution in: 1
I20260909 04:41:05.437376   651 skeleton_planner.h:170] Found solution in: 1
I20260909 04:41:05.437390   651 skeleton_planner.h:170] Found solution in: 3
I20260909 04:41:05.437400   651 skeleton_planner.h:170] Found solution in: 1
I20260909 04:41:05.437425   651 skeleton_planner.h:170] Found solution in: 7
I20260909 04:41:05.437435   651 skeleton_planner.h:170] Found solution in: 1
I20260909 04:41:05.437443   651 skeleton_planner.h:170] Found solution in: 1
I20260909 04:41:05.437448   651 skeleton_planner.h:170] Found solution in: 5
I20260909 04:41:05.437454   651 skeleton_planner.h:170] Found solution in: 6
I20260909 04:41:05.438151   651 skeleton_planner.h:170] Found solution in: 1
I20260909 04:41:05.438158   651 skeleton_planner.h:170] Found solution in: 2
I20260909 04:41:05.438172   651 skeleton_planner.h:170] Found solution in: 5
I20260909 04:41:05.438179   651 skeleton_planner.h:170] Found solution in: 1
I20260909 04:41:05.438185   651 skeleton_planner.h:170] Found solution in: 5
I20260909 04:41:05.438426   651 skeleton_planner.h:170] Found solution in: 6
I20260909 04:41:05.438910   651 skeleton_planner.h:170] Found solution in: 1
I20260909 04:41:05.438916   651 skeleton_planner.h:170] Found solution in: 1
I20260909 04:41:05.438928   651 skeleton_planner.h:170] Found solution in: 3
I20260909 04:41:05.438934   651 skeleton_planner.h:170] Found solution in: 1
I20260909 04:41:05.439535   651 skeleton_planner.h:170] Found solution in: 22
I20260909 04:41:05.439546   651 skeleton_planner.h:170] Found solution in: 1
I20260909 04:41:05.439563   651 skeleton_planner.h:170] Found solution in: 16
I20260909 04:41:05.439572   651 skeleton_planner.h:170] Found solution in: 1
I20260909 04:41:05.439582   651 skeleton_planner.h:170] Found solution in: 1
I20260909 04:41:05.439586   651 skeleton_planner.h:170] Found solution in: 2
I20260909 04:41:05.439597   651 skeleton_planner.h:170] Found solution in: 3
I20260909 04:41:05.439606   651 skeleton_planner.h:170] Found solution in: 1
I20260909 04:41:05.439617   651 skeleton_planner.h:170] Found solution in: 3
I20260909 04:41:05.439625   651 skeleton_planner.h:170] Found solution in: 1
I20260909 04:41:05.439630   651 skeleton_planner.h:170] Found solution in: 2
I20260909 04:41:05.439639   651 skeleton_planner.h:170] Found solution in: 3
I20260909 04:41:05.439647   651 skeleton_planner.h:170] Found solution in: 1
I20260909 04:41:05.439658   651 skeleton_planner.h:170] Found solution in: 3
I20260909 04:41:05.439666   651 skeleton_planner.h:170] Found solution in: 1
I20260909 04:41:05.439675   651 skeleton_planner.h:170] Found solution in: 3
I20260909 04:41:05.439682   651 skeleton_planner.h:170] Found solution in: 1
I20260909 04:41:05.439692   651 skeleton_planner.h:170] Found solution in: 9
I20260909 04:41:05.439702   651 skeleton_planner.h:170] Found solution in: 1
I20260909 04:41:05.439707   651 skeleton_planner.h:170] Found solution in: 3
I20260909 04:41:05.439723   651 skeleton_planner.h:170] Found solution in: 5
I20260909 04:41:05.439731   651 skeleton_planner.h:170] Found solution in: 1
I20260909 04:41:05.439736   651 skeleton_planner.h:170] Found solution in: 1
I20260909 04:41:05.439747   651 skeleton_planner.h:170] Found solution in: 11
I20260909 04:41:05.439754   651 skeleton_planner.h:170] Found solution in: 1
I20260909 04:41:05.439767   651 skeleton_planner.h:170] Found solution in: 3
I20260909 04:41:05.439775   651 skeleton_planner.h:170] Found solution in: 1
I20260909 04:41:05.439785   651 skeleton_planner.h:170] Found solution in: 3
I20260909 04:41:05.439792   651 skeleton_planner.h:170] Found solution in: 1
I20260909 04:41:05.439805   651 skeleton_planner.h:170] Found solution in: 5
I20260909 04:41:05.439814   651 skeleton_planner.h:170] Found solution in: 1
I20260909 04:41:05.439821   651 skeleton_planner.h:170] Found solution in: 1
I20260909 04:41:05.439831   651 skeleton_planner.h:170] Found solution in: 1
I20260909 04:41:05.439841   651 skeleton_planner.h:170] Found solution in: 1
I20260909 04:41:05.439852   651 skeleton_planner.h:170] Found solution in: 3
I20260909 04:41:05.439860   651 skeleton_planner.h:170] Found solution in: 1
I20260909 04:41:05.439872   651 skeleton_planner.h:170] Found solution in: 3
I20260909 04:41:05.439886   651 skeleton_planner.h:170] Found solution in: 1
I20260909 04:41:05.439905   651 skeleton_planner.h:170] Found solution in: 5
I20260909 04:41:05.439914   651 skeleton_planner.h:170] Found solution in: 1
I20260909 04:41:05.439920   651 skeleton_planner.h:170] Found solution in: 1
I20260909 04:41:05.439927   651 skeleton_planner.h:170] Found solution in: 7
I20260909 04:41:05.440016   651 skeleton_planner.h:170] Found solution in: 4
I20260909 04:41:05.440026   651 skeleton_planner.h:170] Found solution in: 1
I20260909 04:41:05.440037   651 skeleton_planner.h:170] Found solution in: 10
I20260909 04:41:05.440042   651 skeleton_planner.h:170] Found solution in: 1
I20260909 04:41:05.440047   651 skeleton_planner.h:170] Found solution in: 3
I20260909 04:41:05.440052   651 skeleton_planner.h:170] Found solution in: 1
I20260909 04:41:05.440055   651 skeleton_planner.h:170] Found solution in: 3
I20260909 04:41:05.440063   651 skeleton_planner.h:170] Found solution in: 1
I20260909 04:41:05.440068   651 skeleton_planner.h:170] Found solution in: 2
I20260909 04:41:05.440088   651 skeleton_planner.h:170] Found solution in: 5
I20260909 04:41:05.440099   651 skeleton_planner.h:170] Found solution in: 1
I20260909 04:41:05.440171   651 skeleton_planner.h:170] Found solution in: 4
I20260909 04:41:05.440181   651 skeleton_planner.h:170] Found solution in: 1
I20260909 04:41:05.440191   651 skeleton_planner.h:170] Found solution in: 1
I20260909 04:41:05.440200   651 skeleton_planner.h:170] Found solution in: 1
I20260909 04:41:05.440204   651 skeleton_planner.h:170] Found solution in: 3
I20260909 04:41:05.440212   651 skeleton_planner.h:170] Found solution in: 1
I20260909 04:41:05.440215   651 skeleton_planner.h:170] Found solution in: 3
I20260909 04:41:05.440223   651 skeleton_planner.h:170] Found solution in: 1
I20260909 04:41:05.440238   651 skeleton_planner.h:170] Found solution in: 3
I20260909 04:41:05.440246   651 skeleton_planner.h:170] Found solution in: 1
I20260909 04:41:05.440254   651 skeleton_planner.h:170] Found solution in: 7
I20260909 04:41:05.440264   651 skeleton_planner.h:170] Found solution in: 1
I20260909 04:41:05.440285   651 skeleton_planner.h:170] Found solution in: 6
I20260909 04:41:05.440297   651 skeleton_planner.h:170] Found solution in: 1
I20260909 04:41:05.440384   651 skeleton_planner.h:170] Found solution in: 3
I20260909 04:41:05.440393   651 skeleton_planner.h:170] Found solution in: 1
I20260909 04:41:05.440407   651 skeleton_planner.h:170] Found solution in: 17
I20260909 04:41:05.440415   651 skeleton_planner.h:170] Found solution in: 1
I20260909 04:41:05.440431   651 skeleton_planner.h:170] Found solution in: 21
I20260909 04:41:05.440531   651 skeleton_planner.h:170] Found solution in: 9
I20260909 04:41:05.440542   651 skeleton_planner.h:170] Found solution in: 1
I20260909 04:41:05.440549   651 skeleton_planner.h:170] Found solution in: 1
I20260909 04:41:05.440986   651 skeleton_planner.h:170] Found solution in: 1
I20260909 04:41:05.441000   651 skeleton_planner.h:170] Found solution in: 4
I20260909 04:41:05.441010   651 skeleton_planner.h:170] Found solution in: 1
I20260909 04:41:05.441102   651 skeleton_planner.h:170] Found solution in: 3
I20260909 04:41:05.441113   651 skeleton_planner.h:170] Found solution in: 1
I20260909 04:41:05.441206   651 skeleton_planner.h:170] Found solution in: 4
I20260909 04:41:05.441218   651 skeleton_planner.h:170] Found solution in: 1
I20260909 04:41:05.441229   651 skeleton_planner.h:170] Found solution in: 11
I20260909 04:41:05.441329   651 skeleton_planner.h:170] Found solution in: 5
I20260909 04:41:05.441339   651 skeleton_planner.h:170] Found solution in: 1
I20260909 04:41:05.441346   651 skeleton_planner.h:170] Found solution in: 1
I20260909 04:41:05.441352   651 skeleton_planner.h:170] Found solution in: 1
I20260909 04:41:05.441377   651 skeleton_planner.h:170] Found solution in: 5
I20260909 04:41:05.441387   651 skeleton_planner.h:170] Found solution in: 1
I20260909 04:41:05.441401   651 skeleton_planner.h:170] Found solution in: 3
I20260909 04:41:05.441407   651 skeleton_planner.h:170] Found solution in: 1
I20260909 04:41:05.441416   651 skeleton_planner.h:170] Found solution in: 1
I20260909 04:41:05.441439   651 skeleton_planner.h:170] Found solution in: 7
I20260909 04:41:05.441454   651 skeleton_planner.h:170] Found solution in: 4
I20260909 04:41:05.441476   651 skeleton_planner.h:170] Found solution in: 6
I20260909 04:41:05.441496   651 skeleton_planner.h:170] Found solution in: 5
I20260909 04:41:05.441527   651 skeleton_planner.h:170] Found solution in: 10
I20260909 04:41:05.441545   651 skeleton_planner.h:170] Found solution in: 4
I20260909 04:41:05.441555   651 skeleton_planner.h:170] Found solution in: 3
I20260909 04:41:05.441569   651 skeleton_planner.h:170] Found solution in: 6
I20260909 04:41:05.441581   651 skeleton_planner.h:170] Found solution in: 3
I20260909 04:41:05.441591   651 skeleton_planner.h:170] Found solution in: 3
I20260909 04:41:05.441610   651 skeleton_planner.h:170] Found solution in: 5
I20260909 04:41:05.441628   651 skeleton_planner.h:170] Found solution in: 7
I20260909 04:41:05.441640   651 skeleton_planner.h:170] Found solution in: 3
I20260909 04:41:05.441653   651 skeleton_planner.h:170] Found solution in: 5
I20260909 04:41:05.441669   651 skeleton_planner.h:170] Found solution in: 3
I20260909 04:41:05.441679   651 skeleton_planner.h:170] Found solution in: 3
I20260909 04:41:05.441694   651 skeleton_planner.h:170] Found solution in: 4
I20260909 04:41:05.441720   651 skeleton_planner.h:170] Found solution in: 9
I20260909 04:41:05.441736   651 skeleton_planner.h:170] Found solution in: 4
I20260909 04:41:05.441759   651 skeleton_planner.h:170] Found solution in: 7
I20260909 04:41:05.441773   651 skeleton_planner.h:170] Found solution in: 4
I20260909 04:41:05.441793   651 skeleton_planner.h:170] Found solution in: 6
I20260909 04:41:05.441811   651 skeleton_planner.h:170] Found solution in: 6
I20260909 04:41:05.441826   651 skeleton_planner.h:170] Found solution in: 4
I20260909 04:41:05.441851   651 skeleton_planner.h:170] Found solution in: 9
I20260909 04:41:05.441874   651 skeleton_planner.h:170] Found solution in: 7
I20260909 04:41:05.441885   651 skeleton_planner.h:170] Found solution in: 3
I20260909 04:41:05.441896   651 skeleton_planner.h:170] Found solution in: 3
I20260909 04:41:05.441908   651 skeleton_planner.h:170] Found solution in: 3
I20260909 04:41:05.441929   651 skeleton_planner.h:170] Found solution in: 7
I20260909 04:41:05.441941   651 skeleton_planner.h:170] Found solution in: 3
I20260909 04:41:05.441962   651 skeleton_planner.h:170] Found solution in: 7
I20260909 04:41:05.441977   651 skeleton_planner.h:170] Found solution in: 4
I20260909 04:41:05.441991   651 skeleton_planner.h:170] Found solution in: 4
I20260909 04:41:05.442008   651 skeleton_planner.h:170] Found solution in: 5
I20260909 04:41:05.442026   651 skeleton_planner.h:170] Found solution in: 6
I20260909 04:41:05.442039   651 skeleton_planner.h:170] Found solution in: 3
I20260909 04:41:05.442059   651 skeleton_planner.h:170] Found solution in: 7
I20260909 04:41:05.442071   651 skeleton_planner.h:170] Found solution in: 3
I20260909 04:41:05.442086   651 skeleton_planner.h:170] Found solution in: 4
I20260909 04:41:05.442097   651 skeleton_planner.h:170] Found solution in: 3
I20260909 04:41:05.442109   651 skeleton_planner.h:170] Found solution in: 5
I20260909 04:41:05.442121   651 skeleton_planner.h:170] Found solution in: 3
I20260909 04:41:05.442132   651 skeleton_planner.h:170] Found solution in: 4
I20260909 04:41:05.442150   651 skeleton_planner.h:170] Found solution in: 5
I20260909 04:41:05.442162   651 skeleton_planner.h:170] Found solution in: 3
I20260909 04:41:05.442174   651 skeleton_planner.h:170] Found solution in: 5
I20260909 04:41:05.442188   651 skeleton_planner.h:170] Found solution in: 5
I20260909 04:41:05.442199   651 skeleton_planner.h:170] Found solution in: 4
I20260909 04:41:05.442210   651 skeleton_planner.h:170] Found solution in: 4
I20260909 04:41:05.442226   651 skeleton_planner.h:170] Found solution in: 4
I20260909 04:41:05.442243   651 skeleton_planner.h:170] Found solution in: 5
I20260909 04:41:05.442255   651 skeleton_planner.h:170] Found solution in: 3
I20260909 04:41:05.442266   651 skeleton_planner.h:170] Found solution in: 3
I20260909 04:41:05.442279   651 skeleton_planner.h:170] Found solution in: 4
I20260909 04:41:05.442289   651 skeleton_planner.h:170] Found solution in: 3
I20260909 04:41:05.442315   651 skeleton_planner.h:170] Found solution in: 9
I20260909 04:41:05.442329   651 skeleton_planner.h:170] Found solution in: 5
I20260909 04:41:05.442339   651 skeleton_planner.h:170] Found solution in: 3
I20260909 04:41:05.442351   651 skeleton_planner.h:170] Found solution in: 4
I20260909 04:41:05.442368   651 skeleton_planner.h:170] Found solution in: 8
I20260909 04:41:05.442384   651 skeleton_planner.h:170] Found solution in: 6
I20260909 04:41:05.442395   651 skeleton_planner.h:170] Found solution in: 3
I20260909 04:41:05.442412   651 skeleton_planner.h:170] Found solution in: 4
I20260909 04:41:05.442428   651 skeleton_planner.h:170] Found solution in: 4
I20260909 04:41:05.442440   651 skeleton_planner.h:170] Found solution in: 3
I20260909 04:41:05.442451   651 skeleton_planner.h:170] Found solution in: 3
I20260909 04:41:05.442466   651 skeleton_planner.h:170] Found solution in: 5
I20260909 04:41:05.442485   651 skeleton_planner.h:170] Found solution in: 6
I20260909 04:41:05.442497   651 skeleton_planner.h:170] Found solution in: 3
I20260909 04:41:05.442507   651 skeleton_planner.h:170] Found solution in: 3
I20260909 04:41:05.442528   651 skeleton_planner.h:170] Found solution in: 7
I20260909 04:41:05.442546   651 skeleton_planner.h:170] Found solution in: 5
I20260909 04:41:05.442567   651 skeleton_planner.h:170] Found solution in: 7
I20260909 04:41:05.442584   651 skeleton_planner.h:170] Found solution in: 4
I20260909 04:41:05.442600   651 skeleton_planner.h:170] Found solution in: 5
I20260909 04:41:05.442610   651 skeleton_planner.h:170] Found solution in: 3
I20260909 04:41:05.442619   651 skeleton_planner.h:170] Found solution in: 4
I20260909 04:41:05.442632   651 skeleton_planner.h:170] Found solution in: 4
I20260909 04:41:05.442657   651 skeleton_planner.h:170] Found solution in: 9
I20260909 04:41:05.442672   651 skeleton_planner.h:170] Found solution in: 5
I20260909 04:41:05.442684   651 skeleton_planner.h:170] Found solution in: 4
I20260909 04:41:05.442694   651 skeleton_planner.h:170] Found solution in: 3
I20260909 04:41:05.442711   651 skeleton_planner.h:170] Found solution in: 5
I20260909 04:41:05.442739   651 skeleton_planner.h:170] Found solution in: 10
I20260909 04:41:05.442760   651 skeleton_planner.h:170] Found solution in: 6
I20260909 04:41:05.442773   651 skeleton_planner.h:170] Found solution in: 4
I20260909 04:41:05.442783   651 skeleton_planner.h:170] Found solution in: 3
I20260909 04:41:05.442796   651 skeleton_planner.h:170] Found solution in: 5
I20260909 04:41:05.442807   651 skeleton_planner.h:170] Found solution in: 3
I20260909 04:41:05.442819   651 skeleton_planner.h:170] Found solution in: 4
I20260909 04:41:05.442831   651 skeleton_planner.h:170] Found solution in: 4
I20260909 04:41:05.442843   651 skeleton_planner.h:170] Found solution in: 4
I20260909 04:41:05.442857   651 skeleton_planner.h:170] Found solution in: 5
I20260909 04:41:05.442866   651 skeleton_planner.h:170] Found solution in: 2
I20260909 04:41:05.442875   651 skeleton_planner.h:170] Found solution in: 3
I20260909 04:41:05.442889   651 skeleton_planner.h:170] Found solution in: 6
I20260909 04:41:05.442909   651 skeleton_planner.h:170] Found solution in: 5
I20260909 04:41:05.442919   651 skeleton_planner.h:170] Found solution in: 3
I20260909 04:41:05.442937   651 skeleton_planner.h:170] Found solution in: 6
I20260909 04:41:05.442948   651 skeleton_planner.h:170] Found solution in: 3
I20260909 04:41:05.442960   651 skeleton_planner.h:170] Found solution in: 3
I20260909 04:41:05.442977   651 skeleton_planner.h:170] Found solution in: 5
I20260909 04:41:05.442996   651 skeleton_planner.h:170] Found solution in: 5
I20260909 04:41:05.443007   651 skeleton_planner.h:170] Found solution in: 3
I20260909 04:41:05.443018   651 skeleton_planner.h:170] Found solution in: 2
I20260909 04:41:05.443044   651 skeleton_planner.h:170] Found solution in: 9
I20260909 04:41:05.443058   651 skeleton_planner.h:170] Found solution in: 4
I20260909 04:41:05.443084   651 skeleton_planner.h:170] Found solution in: 7
I20260909 04:41:05.443123   651 skeleton_planner.h:170] Found solution in: 15
I20260909 04:41:05.443136   651 skeleton_planner.h:170] Found solution in: 4
I20260909 04:41:05.443156   651 skeleton_planner.h:170] Found solution in: 4
I20260909 04:41:05.443168   651 skeleton_planner.h:170] Found solution in: 4
I20260909 04:41:05.443177   651 skeleton_planner.h:170] Found solution in: 2
I20260909 04:41:05.443188   651 skeleton_planner.h:170] Found solution in: 3
I20260909 04:41:05.443202   651 skeleton_planner.h:170] Found solution in: 4
I20260909 04:41:05.443212   651 skeleton_planner.h:170] Found solution in: 3
I20260909 04:41:05.443223   651 skeleton_planner.h:170] Found solution in: 4
I20260909 04:41:05.443238   651 skeleton_planner.h:170] Found solution in: 4
I20260909 04:41:05.443253   651 skeleton_planner.h:170] Found solution in: 4
I20260909 04:41:05.443266   651 skeleton_planner.h:170] Found solution in: 4
I20260909 04:41:05.443277   651 skeleton_planner.h:170] Found solution in: 3
I20260909 04:41:05.443312   651 skeleton_planner.h:170] Found solution in: 11
I20260909 04:41:05.443329   651 skeleton_planner.h:170] Found solution in: 4
I20260909 04:41:05.443349   651 skeleton_planner.h:170] Found solution in: 5
I20260909 04:41:05.443360   651 skeleton_planner.h:170] Found solution in: 3
I20260909 04:41:05.443373   651 skeleton_planner.h:170] Found solution in: 4
I20260909 04:41:05.443385   651 skeleton_planner.h:170] Found solution in: 3
I20260909 04:41:05.443401   651 skeleton_planner.h:170] Found solution in: 5
I20260909 04:41:05.443413   651 skeleton_planner.h:170] Found solution in: 3
I20260909 04:41:05.443431   651 skeleton_planner.h:170] Found solution in: 6
I20260909 04:41:05.443454   651 skeleton_planner.h:170] Found solution in: 8
I20260909 04:41:05.443488   651 skeleton_planner.h:170] Found solution in: 13
I20260909 04:41:05.443506   651 skeleton_planner.h:170] Found solution in: 5
I20260909 04:41:05.443538   651 skeleton_planner.h:170] Found solution in: 12
I20260909 04:41:05.443552   651 skeleton_planner.h:170] Found solution in: 4
I20260909 04:41:05.443579   651 skeleton_planner.h:170] Found solution in: 10
I20260909 04:41:05.443608   651 skeleton_planner.h:170] Found solution in: 12
I20260909 04:41:05.443629   651 skeleton_planner.h:170] Found solution in: 5
I20260909 04:41:05.443652   651 skeleton_planner.h:170] Found solution in: 7
I20260909 04:41:05.443670   651 skeleton_planner.h:170] Found solution in: 5
I20260909 04:41:05.443691   651 skeleton_planner.h:170] Found solution in: 7
I20260909 04:41:05.443717   651 skeleton_planner.h:170] Found solution in: 8
I20260909 04:41:05.443748   651 skeleton_planner.h:170] Found solution in: 9
I20260909 04:41:05.443779   651 skeleton_planner.h:170] Found solution in: 8
I20260909 04:41:05.443791   651 skeleton_planner.h:170] Found solution in: 3
I20260909 04:41:05.443817   651 skeleton_planner.h:170] Found solution in: 8
I20260909 04:41:05.443845   651 skeleton_planner.h:170] Found solution in: 7
I20260909 04:41:05.443871   651 skeleton_planner.h:170] Found solution in: 7
I20260909 04:41:05.443883   651 skeleton_planner.h:170] Found solution in: 4
I20260909 04:41:05.443900   651 skeleton_planner.h:170] Found solution in: 5
I20260909 04:41:05.443913   651 skeleton_planner.h:170] Found solution in: 4
I20260909 04:41:05.443962   651 skeleton_planner.h:170] Found solution in: 14
I20260909 04:41:05.443991   651 skeleton_planner.h:170] Found solution in: 6
I20260909 04:41:05.444017   651 skeleton_planner.h:170] Found solution in: 8
I20260909 04:41:05.444038   651 skeleton_planner.h:170] Found solution in: 6
I20260909 04:41:05.444069   651 skeleton_planner.h:170] Found solution in: 10
I20260909 04:41:05.444082   651 skeleton_planner.h:170] Found solution in: 3
I20260909 04:41:05.444142   651 skeleton_planner.h:170] Found solution in: 18
I20260909 04:41:05.444171   651 skeleton_planner.h:170] Found solution in: 8
I20260909 04:41:05.444195   651 skeleton_planner.h:170] Found solution in: 10
I20260909 04:41:05.444209   651 skeleton_planner.h:170] Found solution in: 4
I20260909 04:41:05.444221   651 skeleton_planner.h:170] Found solution in: 3
I20260909 04:41:05.444240   651 skeleton_planner.h:170] Found solution in: 5
I20260909 04:41:05.444257   651 skeleton_planner.h:170] Found solution in: 5
I20260909 04:41:05.444281   651 skeleton_planner.h:170] Found solution in: 7
I20260909 04:41:05.444309   651 skeleton_planner.h:170] Found solution in: 7
I20260909 04:41:05.444334   651 skeleton_planner.h:170] Found solution in: 7
I20260909 04:41:05.444372   651 skeleton_planner.h:170] Found solution in: 9
I20260909 04:41:05.444392   651 skeleton_planner.h:170] Found solution in: 5
I20260909 04:41:05.444410   651 skeleton_planner.h:170] Found solution in: 5
I20260909 04:41:05.444422   651 skeleton_planner.h:170] Found solution in: 3
I20260909 04:41:05.444429   651 skeleton_planner.h:170] Found solution in: 2
I20260909 04:41:05.444448   651 skeleton_planner.h:170] Found solution in: 6
I20260909 04:41:05.444464   651 skeleton_planner.h:170] Found solution in: 5
I20260909 04:41:05.444482   651 skeleton_planner.h:170] Found solution in: 5
I20260909 04:41:05.444494   651 skeleton_planner.h:170] Found solution in: 3
I20260909 04:41:05.444514   651 skeleton_planner.h:170] Found solution in: 8
I20260909 04:41:05.444526   651 skeleton_planner.h:170] Found solution in: 4
I20260909 04:41:05.444540   651 skeleton_planner.h:170] Found solution in: 5
I20260909 04:41:05.444550   651 skeleton_planner.h:170] Found solution in: 3
I20260909 04:41:05.444561   651 skeleton_planner.h:170] Found solution in: 4
I20260909 04:41:05.444579   651 skeleton_planner.h:170] Found solution in: 6
I20260909 04:41:05.444628   651 skeleton_planner.h:170] Found solution in: 17
I20260909 04:41:05.444685   651 skeleton_planner.h:170] Found solution in: 14
I20260909 04:41:05.444694   651 skeleton_planner.h:170] Found solution in: 1
I20260909 04:41:05.444715   651 skeleton_planner.h:170] Found solution in: 5
I20260909 04:41:05.444730   651 skeleton_planner.h:170] Found solution in: 5
I20260909 04:41:05.444751   651 skeleton_planner.h:170] Found solution in: 6
I20260909 04:41:05.444759   651 skeleton_planner.h:170] Found solution in: 2
I20260909 04:41:05.444777   651 skeleton_planner.h:170] Found solution in: 5
I20260909 04:41:05.444798   651 skeleton_planner.h:170] Found solution in: 7
I20260909 04:41:05.444813   651 skeleton_planner.h:170] Found solution in: 5
I20260909 04:41:05.444828   651 skeleton_planner.h:170] Found solution in: 5
I20260909 04:41:05.444839   651 skeleton_planner.h:170] Found solution in: 4
I20260909 04:41:05.444851   651 skeleton_planner.h:170] Found solution in: 5
I20260909 04:41:05.444856   651 skeleton_planner.h:170] Found solution in: 1
I20260909 04:41:05.444864   651 skeleton_planner.h:170] Found solution in: 2
I20260909 04:41:05.444875   651 skeleton_planner.h:170] Found solution in: 4
I20260909 04:41:05.444891   651 skeleton_planner.h:170] Found solution in: 4
I20260909 04:41:05.444903   651 skeleton_planner.h:170] Found solution in: 3
I20260909 04:41:05.444921   651 skeleton_planner.h:170] Found solution in: 6
I20260909 04:41:05.444933   651 skeleton_planner.h:170] Found solution in: 3
I20260909 04:41:05.444953   651 skeleton_planner.h:170] Found solution in: 7
I20260909 04:41:05.444977   651 skeleton_planner.h:170] Found solution in: 7
I20260909 04:41:05.445000   651 skeleton_planner.h:170] Found solution in: 6
I20260909 04:41:05.445021   651 skeleton_planner.h:170] Found solution in: 7
I20260909 04:41:05.445210   651 skeleton_planner.h:170] Found solution in: 93
I20260909 04:41:05.445232   651 skeleton_planner.h:170] Found solution in: 5
I20260909 04:41:05.445274   651 skeleton_planner.h:170] Found solution in: 13
I20260909 04:41:05.445298   651 skeleton_planner.h:170] Found solution in: 6
I20260909 04:41:05.445314   651 skeleton_planner.h:170] Found solution in: 4
I20260909 04:41:05.445326   651 skeleton_planner.h:170] Found solution in: 3
I20260909 04:41:05.445345   651 skeleton_planner.h:170] Found solution in: 6
I20260909 04:41:05.445363   651 skeleton_planner.h:170] Found solution in: 5
I20260909 04:41:05.445374   651 skeleton_planner.h:170] Found solution in: 3
I20260909 04:41:05.445397   651 skeleton_planner.h:170] Found solution in: 7
I20260909 04:41:05.445410   651 skeleton_planner.h:170] Found solution in: 3
I20260909 04:41:05.445431   651 skeleton_planner.h:170] Found solution in: 7
I20260909 04:41:05.445452   651 skeleton_planner.h:170] Found solution in: 6
I20260909 04:41:05.445469   651 skeleton_planner.h:170] Found solution in: 5
I20260909 04:41:05.445485   651 skeleton_planner.h:170] Found solution in: 5
I20260909 04:41:05.445509   651 skeleton_planner.h:170] Found solution in: 7
I20260909 04:41:05.445528   651 skeleton_planner.h:170] Found solution in: 5
I20260909 04:41:05.445545   651 skeleton_planner.h:170] Found solution in: 7
I20260909 04:41:05.445555   651 skeleton_planner.h:170] Found solution in: 4
I20260909 04:41:05.445559   651 skeleton_planner.h:170] Found solution in: 1
I20260909 04:41:05.445580   651 skeleton_planner.h:170] Found solution in: 8
I20260909 04:41:05.445600   651 skeleton_planner.h:170] Found solution in: 7
I20260909 04:41:05.445617   651 skeleton_planner.h:170] Found solution in: 7
I20260909 04:41:05.445657   651 skeleton_planner.h:170] Found solution in: 21
I20260909 04:41:05.445680   651 skeleton_planner.h:170] Found solution in: 7
I20260909 04:41:05.445699   651 skeleton_planner.h:170] Found solution in: 8
I20260909 04:41:05.445721   651 skeleton_planner.h:170] Found solution in: 10
I20260909 04:41:05.445727   651 skeleton_planner.h:170] Found solution in: 1
I20260909 04:41:05.445741   651 skeleton_planner.h:170] Found solution in: 5
I20260909 04:41:05.445755   651 skeleton_planner.h:170] Found solution in: 5
I20260909 04:41:05.445760   651 skeleton_planner.h:170] Found solution in: 1
I20260909 04:41:05.445762   651 skeleton_planner.h:170] Found solution in: 1
I20260909 04:41:05.445766   651 skeleton_planner.h:170] Found solution in: 1
I20260909 04:41:05.445776   651 skeleton_planner.h:170] Found solution in: 3
I20260909 04:41:05.445786   651 skeleton_planner.h:170] Found solution in: 3
I20260909 04:41:05.445797   651 skeleton_planner.h:170] Found solution in: 3
I20260909 04:41:05.445809   651 skeleton_planner.h:170] Found solution in: 4
I20260909 04:41:05.445838   651 skeleton_planner.h:170] Found solution in: 9
I20260909 04:41:05.445859   651 skeleton_planner.h:170] Found solution in: 5
I20260909 04:41:05.445881   651 skeleton_planner.h:170] Found solution in: 7
I20260909 04:41:05.445896   651 skeleton_planner.h:170] Found solution in: 4
I20260909 04:41:05.445909   651 skeleton_planner.h:170] Found solution in: 4
I20260909 04:41:05.445928   651 skeleton_planner.h:170] Found solution in: 6
I20260909 04:41:05.445947   651 skeleton_planner.h:170] Found solution in: 6
I20260909 04:41:05.445955   651 skeleton_planner.h:170] Found solution in: 2
I20260909 04:41:05.445976   651 skeleton_planner.h:170] Found solution in: 8
I20260909 04:41:05.445994   651 skeleton_planner.h:170] Found solution in: 5
I20260909 04:41:05.446004   651 skeleton_planner.h:170] Found solution in: 3
I20260909 04:41:05.446012   651 skeleton_planner.h:170] Found solution in: 2
I20260909 04:41:05.446017   651 skeleton_planner.h:170] Found solution in: 1
I20260909 04:41:05.446038   651 skeleton_planner.h:170] Found solution in: 9
I20260909 04:41:05.446060   651 skeleton_planner.h:170] Found solution in: 7
I20260909 04:41:05.446065   651 skeleton_planner.h:170] Found solution in: 1
I20260909 04:41:05.446080   651 skeleton_planner.h:170] Found solution in: 5
I20260909 04:41:05.446094   651 skeleton_planner.h:170] Found solution in: 4
I20260909 04:41:05.446105   651 skeleton_planner.h:170] Found solution in: 4
I20260909 04:41:05.446115   651 skeleton_planner.h:170] Found solution in: 3
I20260909 04:41:05.446132   651 skeleton_planner.h:170] Found solution in: 5
I20260909 04:41:05.446177   651 skeleton_planner.h:170] Found solution in: 14
I20260909 04:41:05.446209   651 skeleton_planner.h:170] Found solution in: 9
I20260909 04:41:05.446228   651 skeleton_planner.h:170] Found solution in: 5
I20260909 04:41:05.446244   651 skeleton_planner.h:170] Found solution in: 5
I20260909 04:41:05.446260   651 skeleton_planner.h:170] Found solution in: 5
I20260909 04:41:05.446280   651 skeleton_planner.h:170] Found solution in: 7
I20260909 04:41:05.446316   651 skeleton_planner.h:170] Found solution in: 10
I20260909 04:41:05.446350   651 skeleton_planner.h:170] Found solution in: 10
I20260909 04:41:05.446386   651 skeleton_planner.h:170] Found solution in: 12
I20260909 04:41:05.446410   651 skeleton_planner.h:170] Found solution in: 6
I20260909 04:41:05.446431   651 skeleton_planner.h:170] Found solution in: 6
I20260909 04:41:05.446452   651 skeleton_planner.h:170] Found solution in: 6
I20260909 04:41:05.446465   651 skeleton_planner.h:170] Found solution in: 3
I20260909 04:41:05.446498   651 skeleton_planner.h:170] Found solution in: 12
I20260909 04:41:05.446514   651 skeleton_planner.h:170] Found solution in: 5
I20260909 04:41:05.446532   651 skeleton_planner.h:170] Found solution in: 4
I20260909 04:41:05.446547   651 skeleton_planner.h:170] Found solution in: 4
I20260909 04:41:05.446566   651 skeleton_planner.h:170] Found solution in: 6
I20260909 04:41:05.446587   651 skeleton_planner.h:170] Found solution in: 6
I20260909 04:41:05.446602   651 skeleton_planner.h:170] Found solution in: 4
I20260909 04:41:05.446619   651 skeleton_planner.h:170] Found solution in: 5
I20260909 04:41:05.446635   651 skeleton_planner.h:170] Found solution in: 5
I20260909 04:41:05.446651   651 skeleton_planner.h:170] Found solution in: 5
I20260909 04:41:05.446656   651 skeleton_planner.h:170] Found solution in: 1
I20260909 04:41:05.446659   651 skeleton_planner.h:170] Found solution in: 1
I20260909 04:41:05.446668   651 skeleton_planner.h:170] Found solution in: 3
I20260909 04:41:05.446678   651 skeleton_planner.h:170] Found solution in: 3
I20260909 04:41:05.446696   651 skeleton_planner.h:170] Found solution in: 6
I20260909 04:41:05.446709   651 skeleton_planner.h:170] Found solution in: 4
I20260909 04:41:05.446727   651 skeleton_planner.h:170] Found solution in: 5
I20260909 04:41:05.446749   651 skeleton_planner.h:170] Found solution in: 7
I20260909 04:41:05.446777   651 skeleton_planner.h:170] Found solution in: 8
I20260909 04:41:05.446798   651 skeleton_planner.h:170] Found solution in: 5
I20260909 04:41:05.446810   651 skeleton_planner.h:170] Found solution in: 3
I20260909 04:41:05.446822   651 skeleton_planner.h:170] Found solution in: 4
I20260909 04:41:05.446835   651 skeleton_planner.h:170] Found solution in: 4
I20260909 04:41:05.446846   651 skeleton_planner.h:170] Found solution in: 3
I20260909 04:41:05.446856   651 skeleton_planner.h:170] Found solution in: 3
I20260909 04:41:05.446875   651 skeleton_planner.h:170] Found solution in: 7
I20260909 04:41:05.446897   651 skeleton_planner.h:170] Found solution in: 8
I20260909 04:41:05.446918   651 skeleton_planner.h:170] Found solution in: 7
I20260909 04:41:05.446942   651 skeleton_planner.h:170] Found solution in: 9
I20260909 04:41:05.446957   651 skeleton_planner.h:170] Found solution in: 4
I20260909 04:41:05.446979   651 skeleton_planner.h:170] Found solution in: 6
I20260909 04:41:05.447007   651 skeleton_planner.h:170] Found solution in: 9
I20260909 04:41:05.447019   651 skeleton_planner.h:170] Found solution in: 3
I20260909 04:41:05.447027   651 skeleton_planner.h:170] Found solution in: 2
I20260909 04:41:05.447031   651 skeleton_planner.h:170] Found solution in: 1
I20260909 04:41:05.447034   651 skeleton_planner.h:170] Found solution in: 1
I20260909 04:41:05.447049   651 skeleton_planner.h:170] Found solution in: 4
I20260909 04:41:05.447062   651 skeleton_planner.h:170] Found solution in: 4
I20260909 04:41:05.447104   651 skeleton_planner.h:170] Found solution in: 14
I20260909 04:41:05.447163   651 skeleton_planner.h:170] Found solution in: 18
I20260909 04:41:05.447263   651 skeleton_planner.h:170] Found solution in: 23
I20260909 04:41:05.447297   651 skeleton_planner.h:170] Found solution in: 6
I20260909 04:41:05.447324   651 skeleton_planner.h:170] Found solution in: 8
I20260909 04:41:05.447413   651 skeleton_planner.h:170] Found solution in: 22
I20260909 04:41:05.447450   651 skeleton_planner.h:170] Found solution in: 7
I20260909 04:41:05.447463   651 skeleton_planner.h:170] Found solution in: 3
I20260909 04:41:05.447482   651 skeleton_planner.h:170] Found solution in: 6
I20260909 04:41:05.447505   651 skeleton_planner.h:170] Found solution in: 8
I20260909 04:41:05.447520   651 skeleton_planner.h:170] Found solution in: 4
I20260909 04:41:05.447547   651 skeleton_planner.h:170] Found solution in: 9
I20260909 04:41:05.447574   651 skeleton_planner.h:170] Found solution in: 7
I20260909 04:41:05.447588   651 skeleton_planner.h:170] Found solution in: 4
I20260909 04:41:05.447633   651 skeleton_planner.h:170] Found solution in: 19
I20260909 04:41:05.447655   651 skeleton_planner.h:170] Found solution in: 5
I20260909 04:41:05.447667   651 skeleton_planner.h:170] Found solution in: 4
I20260909 04:41:05.447708   651 skeleton_planner.h:170] Found solution in: 15
I20260909 04:41:05.447745   651 skeleton_planner.h:170] Found solution in: 13
I20260909 04:41:05.447757   651 skeleton_planner.h:170] Found solution in: 3
I20260909 04:41:05.447775   651 skeleton_planner.h:170] Found solution in: 5
I20260909 04:41:05.447788   651 skeleton_planner.h:170] Found solution in: 5
I20260909 04:41:05.447810   651 skeleton_planner.h:170] Found solution in: 9
I20260909 04:41:05.447834   651 skeleton_planner.h:170] Found solution in: 8
I20260909 04:41:05.447849   651 skeleton_planner.h:170] Found solution in: 4
I20260909 04:41:05.447871   651 skeleton_planner.h:170] Found solution in: 8
I20260909 04:41:05.447883   651 skeleton_planner.h:170] Found solution in: 3
I20260909 04:41:05.447898   651 skeleton_planner.h:170] Found solution in: 4
I20260909 04:41:05.447909   651 skeleton_planner.h:170] Found solution in: 3
I20260909 04:41:05.447926   651 skeleton_planner.h:170] Found solution in: 5
I20260909 04:41:05.447940   651 skeleton_planner.h:170] Found solution in: 4
I20260909 04:41:05.447961   651 skeleton_planner.h:170] Found solution in: 8
I20260909 04:41:05.447981   651 skeleton_planner.h:170] Found solution in: 7
I20260909 04:41:05.447996   651 skeleton_planner.h:170] Found solution in: 5
I20260909 04:41:05.448019   651 skeleton_planner.h:170] Found solution in: 9
I20260909 04:41:05.448030   651 skeleton_planner.h:170] Found solution in: 4
I20260909 04:41:05.448058   651 skeleton_planner.h:170] Found solution in: 12
I20260909 04:41:05.448072   651 skeleton_planner.h:170] Found solution in: 5
I20260909 04:41:05.448107   651 skeleton_planner.h:170] Found solution in: 13
I20260909 04:41:05.448132   651 skeleton_planner.h:170] Found solution in: 7
I20260909 04:41:05.448155   651 skeleton_planner.h:170] Found solution in: 7
I20260909 04:41:05.448177   651 skeleton_planner.h:170] Found solution in: 7
I20260909 04:41:05.448196   651 skeleton_planner.h:170] Found solution in: 5
I20260909 04:41:05.448210   651 skeleton_planner.h:170] Found solution in: 4
I20260909 04:41:05.448227   651 skeleton_planner.h:170] Found solution in: 6
I20260909 04:41:05.448238   651 skeleton_planner.h:170] Found solution in: 3
I20260909 04:41:05.448242   651 skeleton_planner.h:170] Found solution in: 1
I20260909 04:41:05.448246   651 skeleton_planner.h:170] Found solution in: 1
I20260909 04:41:05.448266   651 skeleton_planner.h:170] Found solution in: 7
I20260909 04:41:05.448279   651 skeleton_planner.h:170] Found solution in: 5
I20260909 04:41:05.448287   651 skeleton_planner.h:170] Found solution in: 2
I20260909 04:41:05.448309   651 skeleton_planner.h:170] Found solution in: 7
I20260909 04:41:05.448326   651 skeleton_planner.h:170] Found solution in: 8
I20260909 04:41:05.448344   651 skeleton_planner.h:170] Found solution in: 5
I20260909 04:41:05.448365   651 skeleton_planner.h:170] Found solution in: 6
I20260909 04:41:05.448385   651 skeleton_planner.h:170] Found solution in: 7
I20260909 04:41:05.448426   651 skeleton_planner.h:170] Found solution in: 18
I20260909 04:41:05.448447   651 skeleton_planner.h:170] Found solution in: 5
I20260909 04:41:05.448467   651 skeleton_planner.h:170] Found solution in: 5
I20260909 04:41:05.448479   651 skeleton_planner.h:170] Found solution in: 3
I20260909 04:41:05.448498   651 skeleton_planner.h:170] Found solution in: 5
I20260909 04:41:05.448520   651 skeleton_planner.h:170] Found solution in: 7
I20260909 04:41:05.448544   651 skeleton_planner.h:170] Found solution in: 7
I20260909 04:41:05.448562   651 skeleton_planner.h:170] Found solution in: 5
I20260909 04:41:05.448580   651 skeleton_planner.h:170] Found solution in: 6
I20260909 04:41:05.448596   651 skeleton_planner.h:170] Found solution in: 4
I20260909 04:41:05.448614   651 skeleton_planner.h:170] Found solution in: 6
I20260909 04:41:05.448635   651 skeleton_planner.h:170] Found solution in: 6
I20260909 04:41:05.448674   651 skeleton_planner.h:170] Found solution in: 10
I20260909 04:41:05.448695   651 skeleton_planner.h:170] Found solution in: 5
I20260909 04:41:05.448716   651 skeleton_planner.h:170] Found solution in: 7
I20260909 04:41:05.448740   651 skeleton_planner.h:170] Found solution in: 8
I20260909 04:41:05.448800   651 skeleton_planner.h:170] Found solution in: 19
I20260909 04:41:05.448830   651 skeleton_planner.h:170] Found solution in: 6
I20260909 04:41:05.448836   651 skeleton_planner.h:170] Found solution in: 1
I20260909 04:41:05.448858   651 skeleton_planner.h:170] Found solution in: 8
I20260909 04:41:05.448877   651 skeleton_planner.h:170] Found solution in: 5
I20260909 04:41:05.448983   651 skeleton_planner.h:170] Found solution in: 23
I20260909 04:41:05.449026   651 skeleton_planner.h:170] Found solution in: 9
I20260909 04:41:05.449039   651 skeleton_planner.h:170] Found solution in: 3
I20260909 04:41:05.449054   651 skeleton_planner.h:170] Found solution in: 4
I20260909 04:41:05.449066   651 skeleton_planner.h:170] Found solution in: 4
I20260909 04:41:05.449079   651 skeleton_planner.h:170] Found solution in: 4
I20260909 04:41:05.449090   651 skeleton_planner.h:170] Found solution in: 4
I20260909 04:41:05.449110   651 skeleton_planner.h:170] Found solution in: 6
I20260909 04:41:05.449163   651 skeleton_planner.h:170] Found solution in: 20
I20260909 04:41:05.449223   651 skeleton_planner.h:170] Found solution in: 20
I20260909 04:41:05.449252   651 skeleton_planner.h:170] Found solution in: 8
I20260909 04:41:05.449265   651 skeleton_planner.h:170] Found solution in: 3
I20260909 04:41:05.449292   651 skeleton_planner.h:170] Found solution in: 10
I20260909 04:41:05.449314   651 skeleton_planner.h:170] Found solution in: 5
I20260909 04:41:05.449326   651 skeleton_planner.h:170] Found solution in: 3
I20260909 04:41:05.449354   651 skeleton_planner.h:170] Found solution in: 8
I20260909 04:41:05.449378   651 skeleton_planner.h:170] Found solution in: 6
I20260909 04:41:05.449400   651 skeleton_planner.h:170] Found solution in: 7
I20260909 04:41:05.449427   651 skeleton_planner.h:170] Found solution in: 8
I20260909 04:41:05.449440   651 skeleton_planner.h:170] Found solution in: 3
I20260909 04:41:05.449457   651 skeleton_planner.h:170] Found solution in: 5
I20260909 04:41:05.449470   651 skeleton_planner.h:170] Found solution in: 4
I20260909 04:41:05.449482   651 skeleton_planner.h:170] Found solution in: 3
I20260909 04:41:05.449501   651 skeleton_planner.h:170] Found solution in: 7
I20260909 04:41:05.449522   651 skeleton_planner.h:170] Found solution in: 7
I20260909 04:41:05.449548   651 skeleton_planner.h:170] Found solution in: 8
I20260909 04:41:05.449587   651 skeleton_planner.h:170] Found solution in: 13
I20260909 04:41:05.449604   651 skeleton_planner.h:170] Found solution in: 4
I20260909 04:41:05.449653   651 skeleton_planner.h:170] Found solution in: 17
I20260909 04:41:05.449717   651 skeleton_planner.h:170] Found solution in: 26
I20260909 04:41:05.449729   651 skeleton_planner.h:170] Found solution in: 2
I20260909 04:41:05.449734   651 skeleton_planner.h:170] Found solution in: 1
I20260909 04:41:05.449765   651 skeleton_planner.h:170] Found solution in: 8
I20260909 04:41:05.449790   651 skeleton_planner.h:170] Found solution in: 6
I20260909 04:41:05.449795   651 skeleton_planner.h:170] Found solution in: 1
I20260909 04:41:05.449813   651 skeleton_planner.h:170] Found solution in: 6
I20260909 04:41:05.449832   651 skeleton_planner.h:170] Found solution in: 6
I20260909 04:41:05.449853   651 skeleton_planner.h:170] Found solution in: 7
I20260909 04:41:05.449872   651 skeleton_planner.h:170] Found solution in: 5
I20260909 04:41:05.449885   651 skeleton_planner.h:170] Found solution in: 4
I20260909 04:41:05.449898   651 skeleton_planner.h:170] Found solution in: 3
I20260909 04:41:05.449908   651 skeleton_planner.h:170] Found solution in: 3
I20260909 04:41:05.449922   651 skeleton_planner.h:170] Found solution in: 4
I20260909 04:41:05.449928   651 skeleton_planner.h:170] Found solution in: 1
I20260909 04:41:05.449932   651 skeleton_planner.h:170] Found solution in: 1
I20260909 04:41:05.449944   651 skeleton_planner.h:170] Found solution in: 4
I20260909 04:41:05.449963   651 skeleton_planner.h:170] Found solution in: 6
I20260909 04:41:05.449987   651 skeleton_planner.h:170] Found solution in: 9
I20260909 04:41:05.450026   651 skeleton_planner.h:170] Found solution in: 14
I20260909 04:41:05.450071   651 skeleton_planner.h:170] Found solution in: 15
I20260909 04:41:05.450104   651 skeleton_planner.h:170] Found solution in: 11
I20260909 04:41:05.450146   651 skeleton_planner.h:170] Found solution in: 14
I20260909 04:41:05.450174   651 skeleton_planner.h:170] Found solution in: 7
I20260909 04:41:05.450193   651 skeleton_planner.h:170] Found solution in: 6
I20260909 04:41:05.450204   651 skeleton_planner.h:170] Found solution in: 3
I20260909 04:41:05.450215   651 skeleton_planner.h:170] Found solution in: 3
I20260909 04:41:05.450243   651 skeleton_planner.h:170] Found solution in: 9
I20260909 04:41:05.450263   651 skeleton_planner.h:170] Found solution in: 4
I20260909 04:41:05.450273   651 skeleton_planner.h:170] Found solution in: 2
I20260909 04:41:05.450284   651 skeleton_planner.h:170] Found solution in: 3
I20260909 04:41:05.450301   651 skeleton_planner.h:170] Found solution in: 5
I20260909 04:41:05.450330   651 skeleton_planner.h:170] Found solution in: 9
I20260909 04:41:05.450350   651 skeleton_planner.h:170] Found solution in: 6
I20260909 04:41:05.450363   651 skeleton_planner.h:170] Found solution in: 3
I20260909 04:41:05.450376   651 skeleton_planner.h:170] Found solution in: 4
I20260909 04:41:05.450388   651 skeleton_planner.h:170] Found solution in: 5
I20260909 04:41:05.450407   651 skeleton_planner.h:170] Found solution in: 5
I20260909 04:41:05.450424   651 skeleton_planner.h:170] Found solution in: 5
I20260909 04:41:05.450445   651 skeleton_planner.h:170] Found solution in: 8
I20260909 04:41:05.450474   651 skeleton_planner.h:170] Found solution in: 10
I20260909 04:41:05.450487   651 skeleton_planner.h:170] Found solution in: 3
I20260909 04:41:05.450513   651 skeleton_planner.h:170] Found solution in: 9
I20260909 04:41:05.450551   651 skeleton_planner.h:170] Found solution in: 13
I20260909 04:41:05.450572   651 skeleton_planner.h:170] Found solution in: 4
I20260909 04:41:05.450587   651 skeleton_planner.h:170] Found solution in: 5
I20260909 04:41:05.450601   651 skeleton_planner.h:170] Found solution in: 4
I20260909 04:41:05.450615   651 skeleton_planner.h:170] Found solution in: 4
I20260909 04:41:05.450631   651 skeleton_planner.h:170] Found solution in: 6
I20260909 04:41:05.450649   651 skeleton_planner.h:170] Found solution in: 5
I20260909 04:41:05.450659   651 skeleton_planner.h:170] Found solution in: 3
I20260909 04:41:05.450667   651 skeleton_planner.h:170] Found solution in: 3
I20260909 04:41:05.450675   651 skeleton_planner.h:170] Found solution in: 2
I20260909 04:41:05.450685   651 skeleton_planner.h:170] Found solution in: 3
I20260909 04:41:05.450690   651 skeleton_planner.h:170] Found solution in: 1
I20260909 04:41:05.450695   651 skeleton_planner.h:170] Found solution in: 1
I20260909 04:41:05.450712   651 skeleton_planner.h:170] Found solution in: 8
I20260909 04:41:05.450718   651 skeleton_planner.h:170] Found solution in: 1
I20260909 04:41:05.450731   651 skeleton_planner.h:170] Found solution in: 5
I20260909 04:41:05.450747   651 skeleton_planner.h:170] Found solution in: 6
I20260909 04:41:05.450752   651 skeleton_planner.h:170] Found solution in: 1
I20260909 04:41:05.450762   651 skeleton_planner.h:170] Found solution in: 4
I20260909 04:41:05.450773   651 skeleton_planner.h:170] Found solution in: 3
I20260909 04:41:05.450784   651 skeleton_planner.h:170] Found solution in: 4
I20260909 04:41:05.450802   651 skeleton_planner.h:170] Found solution in: 5
I20260909 04:41:05.450824   651 skeleton_planner.h:170] Found solution in: 6
I20260909 04:41:05.450841   651 skeleton_planner.h:170] Found solution in: 4
I20260909 04:41:05.450855   651 skeleton_planner.h:170] Found solution in: 4
I20260909 04:41:05.450902   651 skeleton_planner.h:170] Found solution in: 13
I20260909 04:41:05.450946   651 skeleton_planner.h:170] Found solution in: 11
I20260909 04:41:05.450958   651 skeleton_planner.h:170] Found solution in: 3
I20260909 04:41:05.450969   651 skeleton_planner.h:170] Found solution in: 3
I20260909 04:41:05.450979   651 skeleton_planner.h:170] Found solution in: 3
I20260909 04:41:05.450997   651 skeleton_planner.h:170] Found solution in: 4
I20260909 04:41:05.451007   651 skeleton_planner.h:170] Found solution in: 3
I20260909 04:41:05.451025   651 skeleton_planner.h:170] Found solution in: 6
I20260909 04:41:05.451066   651 skeleton_planner.h:170] Found solution in: 11
I20260909 04:41:05.451085   651 skeleton_planner.h:170] Found solution in: 8
I20260909 04:41:05.451100   651 skeleton_planner.h:170] Found solution in: 8
I20260909 04:41:05.451105   651 skeleton_planner.h:170] Found solution in: 1
I20260909 04:41:05.451108   651 skeleton_planner.h:170] Found solution in: 1
I20260909 04:41:05.451133   651 skeleton_planner.h:170] Found solution in: 9
I20260909 04:41:05.451167   651 skeleton_planner.h:170] Found solution in: 9
I20260909 04:41:05.451186   651 skeleton_planner.h:170] Found solution in: 4
I20260909 04:41:05.451202   651 skeleton_planner.h:170] Found solution in: 5
I20260909 04:41:05.451208   651 skeleton_planner.h:170] Found solution in: 1
I20260909 04:41:05.451211   651 skeleton_planner.h:170] Found solution in: 1
I20260909 04:41:05.451231   651 skeleton_planner.h:170] Found solution in: 7
I20260909 04:41:05.451272   651 skeleton_planner.h:170] Found solution in: 11
I20260909 04:41:05.451293   651 skeleton_planner.h:170] Found solution in: 4
I20260909 04:41:05.451316   651 skeleton_planner.h:170] Found solution in: 7
I20260909 04:41:05.451340   651 skeleton_planner.h:170] Found solution in: 7
I20260909 04:41:05.451352   651 skeleton_planner.h:170] Found solution in: 3
I20260909 04:41:05.451365   651 skeleton_planner.h:170] Found solution in: 4
I20260909 04:41:05.451463   651 skeleton_planner.h:170] Found solution in: 26
I20260909 04:41:05.451498   651 skeleton_planner.h:170] Found solution in: 5
I20260909 04:41:05.451514   651 skeleton_planner.h:170] Found solution in: 5
I20260909 04:41:05.451526   651 skeleton_planner.h:170] Found solution in: 3
I20260909 04:41:05.451539   651 skeleton_planner.h:170] Found solution in: 4
I20260909 04:41:05.451606   651 skeleton_planner.h:170] Found solution in: 21
I20260909 04:41:05.451620   651 skeleton_planner.h:170] Found solution in: 3
I20260909 04:41:05.451642   651 skeleton_planner.h:170] Found solution in: 4
I20260909 04:41:05.451653   651 skeleton_planner.h:170] Found solution in: 3
I20260909 04:41:05.451663   651 skeleton_planner.h:170] Found solution in: 3
I20260909 04:41:05.451678   651 skeleton_planner.h:170] Found solution in: 5
I20260909 04:41:05.451694   651 skeleton_planner.h:170] Found solution in: 5
I20260909 04:41:05.451713   651 skeleton_planner.h:170] Found solution in: 6
I20260909 04:41:05.451735   651 skeleton_planner.h:170] Found solution in: 8
I20260909 04:41:05.451759   651 skeleton_planner.h:170] Found solution in: 7
I20260909 04:41:05.451786   651 skeleton_planner.h:170] Found solution in: 8
I20260909 04:41:05.451807   651 skeleton_planner.h:170] Found solution in: 5
I20260909 04:41:05.451825   651 skeleton_planner.h:170] Found solution in: 5
I20260909 04:41:05.451844   651 skeleton_planner.h:170] Found solution in: 5
I20260909 04:41:05.451855   651 skeleton_planner.h:170] Found solution in: 3
I20260909 04:41:05.451864   651 skeleton_planner.h:170] Found solution in: 3
I20260909 04:41:05.451879   651 skeleton_planner.h:170] Found solution in: 4
I20260909 04:41:05.451889   651 skeleton_planner.h:170] Found solution in: 3
I20260909 04:41:05.451900   651 skeleton_planner.h:170] Found solution in: 3
I20260909 04:41:05.451910   651 skeleton_planner.h:170] Found solution in: 3
I20260909 04:41:05.451923   651 skeleton_planner.h:170] Found solution in: 4
I20260909 04:41:05.451933   651 skeleton_planner.h:170] Found solution in: 3
I20260909 04:41:05.451942   651 skeleton_planner.h:170] Found solution in: 3
I20260909 04:41:05.451975   651 skeleton_planner.h:170] Found solution in: 12
I20260909 04:41:05.452041   651 skeleton_planner.h:170] Found solution in: 20
I20260909 04:41:05.452051   651 skeleton_planner.h:170] Found solution in: 1
I20260909 04:41:05.452080   651 skeleton_planner.h:170] Found solution in: 11
I20260909 04:41:05.452093   651 skeleton_planner.h:170] Found solution in: 4
I20260909 04:41:05.452105   651 skeleton_planner.h:170] Found solution in: 5
I20260909 04:41:05.452111   651 skeleton_planner.h:170] Found solution in: 1
I20260909 04:41:05.452126   651 skeleton_planner.h:170] Found solution in: 6
I20260909 04:41:05.452136   651 skeleton_planner.h:170] Found solution in: 3
I20260909 04:41:05.452147   651 skeleton_planner.h:170] Found solution in: 4
I20260909 04:41:05.452157   651 skeleton_planner.h:170] Found solution in: 3
I20260909 04:41:05.452178   651 skeleton_planner.h:170] Found solution in: 8
I20260909 04:41:05.452191   651 skeleton_planner.h:170] Found solution in: 6
I20260909 04:41:05.452205   651 skeleton_planner.h:170] Found solution in: 5
I20260909 04:41:05.452219   651 skeleton_planner.h:170] Found solution in: 6
I20260909 04:41:05.452229   651 skeleton_planner.h:170] Found solution in: 3
I20260909 04:41:05.452242   651 skeleton_planner.h:170] Found solution in: 6
I20260909 04:41:05.452247   651 skeleton_planner.h:170] Found solution in: 1
I20260909 04:41:05.452271   651 skeleton_planner.h:170] Found solution in: 8
I20260909 04:41:05.452278   651 skeleton_planner.h:170] Found solution in: 1
I20260909 04:41:05.452302   651 skeleton_planner.h:170] Found solution in: 8
I20260909 04:41:05.452361   651 skeleton_planner.h:170] Found solution in: 18
I20260909 04:41:05.452423   651 skeleton_planner.h:170] Found solution in: 17
I20260909 04:41:05.452441   651 skeleton_planner.h:170] Found solution in: 4
I20260909 04:41:05.452479   651 skeleton_planner.h:170] Found solution in: 14
I20260909 04:41:05.452493   651 skeleton_planner.h:170] Found solution in: 4
I20260909 04:41:05.452515   651 skeleton_planner.h:170] Found solution in: 8
I20260909 04:41:05.452533   651 skeleton_planner.h:170] Found solution in: 8
I20260909 04:41:05.452556   651 skeleton_planner.h:170] Found solution in: 10
I20260909 04:41:05.452576   651 skeleton_planner.h:170] Found solution in: 7
I20260909 04:41:05.452611   651 skeleton_planner.h:170] Found solution in: 14
I20260909 04:41:05.452627   651 skeleton_planner.h:170] Found solution in: 4
I20260909 04:41:05.452638   651 skeleton_planner.h:170] Found solution in: 3
I20260909 04:41:05.452666   651 skeleton_planner.h:170] Found solution in: 11
I20260909 04:41:05.452693   651 skeleton_planner.h:170] Found solution in: 10
I20260909 04:41:05.452723   651 skeleton_planner.h:170] Found solution in: 14
I20260909 04:41:05.452747   651 skeleton_planner.h:170] Found solution in: 11
I20260909 04:41:05.452762   651 skeleton_planner.h:170] Found solution in: 6
I20260909 04:41:05.452778   651 skeleton_planner.h:170] Found solution in: 6
I20260909 04:41:05.452800   651 skeleton_planner.h:170] Found solution in: 9
I20260909 04:41:05.452821   651 skeleton_planner.h:170] Found solution in: 6
I20260909 04:41:05.452848   651 skeleton_planner.h:170] Found solution in: 11
I20260909 04:41:05.452862   651 skeleton_planner.h:170] Found solution in: 3
I20260909 04:41:05.452884   651 skeleton_planner.h:170] Found solution in: 7
I20260909 04:41:05.452904   651 skeleton_planner.h:170] Found solution in: 6
I20260909 04:41:05.452925   651 skeleton_planner.h:170] Found solution in: 9
I20260909 04:41:05.452971   651 skeleton_planner.h:170] Found solution in: 15
I20260909 04:41:05.452986   651 skeleton_planner.h:170] Found solution in: 3
I20260909 04:41:05.452998   651 skeleton_planner.h:170] Found solution in: 4
I20260909 04:41:05.453011   651 skeleton_planner.h:170] Found solution in: 3
I20260909 04:41:05.453038   651 skeleton_planner.h:170] Found solution in: 7
I20260909 04:41:05.453051   651 skeleton_planner.h:170] Found solution in: 3
I20260909 04:41:05.453063   651 skeleton_planner.h:170] Found solution in: 3
I20260909 04:41:05.453073   651 skeleton_planner.h:170] Found solution in: 3
I20260909 04:41:05.453082   651 skeleton_planner.h:170] Found solution in: 3
I20260909 04:41:05.453107   651 skeleton_planner.h:170] Found solution in: 8
I20260909 04:41:05.453126   651 skeleton_planner.h:170] Found solution in: 4
I20260909 04:41:05.453137   651 skeleton_planner.h:170] Found solution in: 3
I20260909 04:41:05.453164   651 skeleton_planner.h:170] Found solution in: 10
I20260909 04:41:05.453209   651 skeleton_planner.h:170] Found solution in: 13
I20260909 04:41:05.453262   651 skeleton_planner.h:170] Found solution in: 15
I20260909 04:41:05.453276   651 skeleton_planner.h:170] Found solution in: 3
I20260909 04:41:05.453301   651 skeleton_planner.h:170] Found solution in: 6
I20260909 04:41:05.453315   651 skeleton_planner.h:170] Found solution in: 3
I20260909 04:41:05.453326   651 skeleton_planner.h:170] Found solution in: 3
I20260909 04:41:05.453351   651 skeleton_planner.h:170] Found solution in: 7
I20260909 04:41:05.453364   651 skeleton_planner.h:170] Found solution in: 4
I20260909 04:41:05.453390   651 skeleton_planner.h:170] Found solution in: 9
I20260909 04:41:05.453408   651 skeleton_planner.h:170] Found solution in: 5
I20260909 04:41:05.453420   651 skeleton_planner.h:170] Found solution in: 3
I20260909 04:41:05.453437   651 skeleton_planner.h:170] Found solution in: 5
I20260909 04:41:05.453449   651 skeleton_planner.h:170] Found solution in: 3
I20260909 04:41:05.453469   651 skeleton_planner.h:170] Found solution in: 6
I20260909 04:41:05.453483   651 skeleton_planner.h:170] Found solution in: 4
I20260909 04:41:05.453501   651 skeleton_planner.h:170] Found solution in: 6
I20260909 04:41:05.453519   651 skeleton_planner.h:170] Found solution in: 6
I20260909 04:41:05.453533   651 skeleton_planner.h:170] Found solution in: 6
I20260909 04:41:05.453553   651 skeleton_planner.h:170] Found solution in: 8
I20260909 04:41:05.453568   651 skeleton_planner.h:170] Found solution in: 5
I20260909 04:41:05.453579   651 skeleton_planner.h:170] Found solution in: 3
I20260909 04:41:05.453583   651 skeleton_planner.h:170] Found solution in: 1
I20260909 04:41:05.453610   651 skeleton_planner.h:170] Found solution in: 13
I20260909 04:41:05.453624   651 skeleton_planner.h:170] Found solution in: 3
I20260909 04:41:05.453642   651 skeleton_planner.h:170] Found solution in: 6
I20260909 04:41:05.453655   651 skeleton_planner.h:170] Found solution in: 3
I20260909 04:41:05.453671   651 skeleton_planner.h:170] Found solution in: 5
I20260909 04:41:05.453688   651 skeleton_planner.h:170] Found solution in: 5
I20260909 04:41:05.453699   651 skeleton_planner.h:170] Found solution in: 3
I20260909 04:41:05.453713   651 skeleton_planner.h:170] Found solution in: 5
I20260909 04:41:05.453735   651 skeleton_planner.h:170] Found solution in: 8
I20260909 04:41:05.453747   651 skeleton_planner.h:170] Found solution in: 3
I20260909 04:41:05.453768   651 skeleton_planner.h:170] Found solution in: 7
I20260909 04:41:05.453784   651 skeleton_planner.h:170] Found solution in: 5
I20260909 04:41:05.453804   651 skeleton_planner.h:170] Found solution in: 6
I20260909 04:41:05.453824   651 skeleton_planner.h:170] Found solution in: 8
I20260909 04:41:05.453845   651 skeleton_planner.h:170] Found solution in: 7
I20260909 04:41:05.453866   651 skeleton_planner.h:170] Found solution in: 7
I20260909 04:41:05.453899   651 skeleton_planner.h:170] Found solution in: 11
I20260909 04:41:05.453924   651 skeleton_planner.h:170] Found solution in: 7
I20260909 04:41:05.453944   651 skeleton_planner.h:170] Found solution in: 8
I20260909 04:41:05.453958   651 skeleton_planner.h:170] Found solution in: 5
I20260909 04:41:05.453972   651 skeleton_planner.h:170] Found solution in: 5
I20260909 04:41:05.453995   651 skeleton_planner.h:170] Found solution in: 8
I20260909 04:41:05.454010   651 skeleton_planner.h:170] Found solution in: 4
I20260909 04:41:05.454033   651 skeleton_planner.h:170] Found solution in: 10
I20260909 04:41:05.454048   651 skeleton_planner.h:170] Found solution in: 5
I20260909 04:41:05.454062   651 skeleton_planner.h:170] Found solution in: 4
I20260909 04:41:05.454073   651 skeleton_planner.h:170] Found solution in: 3
I20260909 04:41:05.454095   651 skeleton_planner.h:170] Found solution in: 6
I20260909 04:41:05.454106   651 skeleton_planner.h:170] Found solution in: 3
I20260909 04:41:05.454124   651 skeleton_planner.h:170] Found solution in: 5
I20260909 04:41:05.454142   651 skeleton_planner.h:170] Found solution in: 6
I20260909 04:41:05.454154   651 skeleton_planner.h:170] Found solution in: 3
I20260909 04:41:05.454162   651 skeleton_planner.h:170] Found solution in: 3
I20260909 04:41:05.454177   651 skeleton_planner.h:170] Found solution in: 6
I20260909 04:41:05.454202   651 skeleton_planner.h:170] Found solution in: 7
I20260909 04:41:05.454238   651 skeleton_planner.h:170] Found solution in: 9
I20260909 04:41:05.454316   651 skeleton_planner.h:170] Found solution in: 19
I20260909 04:41:05.454334   651 skeleton_planner.h:170] Found solution in: 3
I20260909 04:41:05.454432   651 skeleton_planner.h:170] Found solution in: 23
I20260909 04:41:05.454470   651 skeleton_planner.h:170] Found solution in: 7
I20260909 04:41:05.454487   651 skeleton_planner.h:170] Found solution in: 5
I20260909 04:41:05.454492   651 skeleton_planner.h:170] Found solution in: 1
I20260909 04:41:05.454506   651 skeleton_planner.h:170] Found solution in: 5
I20260909 04:41:05.454517   651 skeleton_planner.h:170] Found solution in: 3
I20260909 04:41:05.454540   651 skeleton_planner.h:170] Found solution in: 7
I20260909 04:41:05.454589   651 skeleton_planner.h:170] Found solution in: 15
I20260909 04:41:05.454618   651 skeleton_planner.h:170] Found solution in: 6
I20260909 04:41:05.454638   651 skeleton_planner.h:170] Found solution in: 7
I20260909 04:41:05.454660   651 skeleton_planner.h:170] Found solution in: 6
I20260909 04:41:05.454684   651 skeleton_planner.h:170] Found solution in: 7
I20260909 04:41:05.454713   651 skeleton_planner.h:170] Found solution in: 9
I20260909 04:41:05.454725   651 skeleton_planner.h:170] Found solution in: 3
I20260909 04:41:05.454743   651 skeleton_planner.h:170] Found solution in: 5
I20260909 04:41:05.454761   651 skeleton_planner.h:170] Found solution in: 5
I20260909 04:41:05.454782   651 skeleton_planner.h:170] Found solution in: 6
I20260909 04:41:05.454828   651 skeleton_planner.h:170] Found solution in: 14
I20260909 04:41:05.454869   651 skeleton_planner.h:170] Found solution in: 9
I20260909 04:41:05.454908   651 skeleton_planner.h:170] Found solution in: 11
I20260909 04:41:05.454938   651 skeleton_planner.h:170] Found solution in: 8
I20260909 04:41:05.454944   651 skeleton_planner.h:170] Found solution in: 1
I20260909 04:41:05.454962   651 skeleton_planner.h:170] Found solution in: 5
I20260909 04:41:05.454986   651 skeleton_planner.h:170] Found solution in: 9
I20260909 04:41:05.455003   651 skeleton_planner.h:170] Found solution in: 4
I20260909 04:41:05.455020   651 skeleton_planner.h:170] Found solution in: 7
I20260909 04:41:05.455035   651 skeleton_planner.h:170] Found solution in: 5
I20260909 04:41:05.455045   651 skeleton_planner.h:170] Found solution in: 3
I20260909 04:41:05.455066   651 skeleton_planner.h:170] Found solution in: 7
I20260909 04:41:05.455087   651 skeleton_planner.h:170] Found solution in: 8
I20260909 04:41:05.455101   651 skeleton_planner.h:170] Found solution in: 4
I20260909 04:41:05.455111   651 skeleton_planner.h:170] Found solution in: 3
I20260909 04:41:05.455116   651 skeleton_planner.h:170] Found solution in: 1
I20260909 04:41:05.455118   651 skeleton_planner.h:170] Found solution in: 1
I20260909 04:41:05.455127   651 skeleton_planner.h:170] Found solution in: 3
I20260909 04:41:05.455142   651 skeleton_planner.h:170] Found solution in: 7
I20260909 04:41:05.455204   651 skeleton_planner.h:170] Found solution in: 26
I20260909 04:41:05.455248   651 skeleton_planner.h:170] Found solution in: 16
I20260909 04:41:05.455276   651 skeleton_planner.h:170] Found solution in: 10
I20260909 04:41:05.455288   651 skeleton_planner.h:170] Found solution in: 4
I20260909 04:41:05.455294   651 skeleton_planner.h:170] Found solution in: 2
I20260909 04:41:05.455320   651 skeleton_planner.h:170] Found solution in: 9
I20260909 04:41:05.455394   651 skeleton_planner.h:170] Found solution in: 32
I20260909 04:41:05.455408   651 skeleton_planner.h:170] Found solution in: 4
I20260909 04:41:05.455420   651 skeleton_planner.h:170] Found solution in: 5
I20260909 04:41:05.455515   651 skeleton_planner.h:170] Found solution in: 41
I20260909 04:41:05.455530   651 skeleton_planner.h:170] Found solution in: 3
I20260909 04:41:05.455534   651 skeleton_planner.h:170] Found solution in: 1
I20260909 04:41:05.455543   651 skeleton_planner.h:170] Found solution in: 3
I20260909 04:41:05.455554   651 skeleton_planner.h:170] Found solution in: 3
I20260909 04:41:05.455565   651 skeleton_planner.h:170] Found solution in: 4
I20260909 04:41:05.455575   651 skeleton_planner.h:170] Found solution in: 3
I20260909 04:41:05.455580   651 skeleton_planner.h:170] Found solution in: 1
I20260909 04:41:05.455621   651 skeleton_planner.h:170] Found solution in: 15
I20260909 04:41:05.455628   651 skeleton_planner.h:170] Found solution in: 1
I20260909 04:41:05.455638   651 skeleton_planner.h:170] Found solution in: 4
I20260909 04:41:05.455643   651 skeleton_planner.h:170] Found solution in: 1
I20260909 04:41:05.455651   651 skeleton_planner.h:170] Found solution in: 3
I20260909 04:41:05.455677   651 skeleton_planner.h:170] Found solution in: 8
I20260909 04:41:05.455705   651 skeleton_planner.h:170] Found solution in: 10
I20260909 04:41:05.455744   651 skeleton_planner.h:170] Found solution in: 11
I20260909 04:41:05.455754   651 skeleton_planner.h:170] Found solution in: 3
I20260909 04:41:05.455763   651 skeleton_planner.h:170] Found solution in: 3
I20260909 04:41:05.455791   651 skeleton_planner.h:170] Found solution in: 12
I20260909 04:41:05.455811   651 skeleton_planner.h:170] Found solution in: 5
I20260909 04:41:05.455832   651 skeleton_planner.h:170] Found solution in: 7
I20260909 04:41:05.455855   651 skeleton_planner.h:170] Found solution in: 8
I20260909 04:41:05.455880   651 skeleton_planner.h:170] Found solution in: 10
I20260909 04:41:05.455906   651 skeleton_planner.h:170] Found solution in: 10
I20260909 04:41:05.455919   651 skeleton_planner.h:170] Found solution in: 3
I20260909 04:41:05.455935   651 skeleton_planner.h:170] Found solution in: 4
I20260909 04:41:05.455946   651 skeleton_planner.h:170] Found solution in: 3
I20260909 04:41:05.455951   651 skeleton_planner.h:170] Found solution in: 1
I20260909 04:41:05.455961   651 skeleton_planner.h:170] Found solution in: 4
I20260909 04:41:05.455978   651 skeleton_planner.h:170] Found solution in: 6
I20260909 04:41:05.455997   651 skeleton_planner.h:170] Found solution in: 8
I20260909 04:41:05.456017   651 skeleton_planner.h:170] Found solution in: 8
I20260909 04:41:05.456032   651 skeleton_planner.h:170] Found solution in: 4
I20260909 04:41:05.456053   651 skeleton_planner.h:170] Found solution in: 7
I20260909 04:41:05.456072   651 skeleton_planner.h:170] Found solution in: 5
I20260909 04:41:05.456092   651 skeleton_planner.h:170] Found solution in: 6
I20260909 04:41:05.456104   651 skeleton_planner.h:170] Found solution in: 3
I20260909 04:41:05.456116   651 skeleton_planner.h:170] Found solution in: 4
I20260909 04:41:05.456137   651 skeleton_planner.h:170] Found solution in: 7
I20260909 04:41:05.456161   651 skeleton_planner.h:170] Found solution in: 9
I20260909 04:41:05.456187   651 skeleton_planner.h:170] Found solution in: 9
I20260909 04:41:05.456202   651 skeleton_planner.h:170] Found solution in: 5
I20260909 04:41:05.456224   651 skeleton_planner.h:170] Found solution in: 8
I20260909 04:41:05.456259   651 skeleton_planner.h:170] Found solution in: 11
I20260909 04:41:05.456279   651 skeleton_planner.h:170] Found solution in: 5
I20260909 04:41:05.456298   651 skeleton_planner.h:170] Found solution in: 7
I20260909 04:41:05.456319   651 skeleton_planner.h:170] Found solution in: 8
I20260909 04:41:05.456341   651 skeleton_planner.h:170] Found solution in: 9
I20260909 04:41:05.456362   651 skeleton_planner.h:170] Found solution in: 9
I20260909 04:41:05.456377   651 skeleton_planner.h:170] Found solution in: 5
I20260909 04:41:05.456385   651 skeleton_planner.h:170] Found solution in: 3
I20260909 04:41:05.456424   651 skeleton_planner.h:170] Found solution in: 18
I20260909 04:41:05.456449   651 skeleton_planner.h:170] Found solution in: 8
I20260909 04:41:05.456463   651 skeleton_planner.h:170] Found solution in: 4
I20260909 04:41:05.456477   651 skeleton_planner.h:170] Found solution in: 5
I20260909 04:41:05.456494   651 skeleton_planner.h:170] Found solution in: 4
I20260909 04:41:05.456506   651 skeleton_planner.h:170] Found solution in: 3
I20260909 04:41:05.456517   651 skeleton_planner.h:170] Found solution in: 4
I20260909 04:41:05.456535   651 skeleton_planner.h:170] Found solution in: 6
I20260909 04:41:05.456544   651 skeleton_planner.h:170] Found solution in: 2
I20260909 04:41:05.456555   651 skeleton_planner.h:170] Found solution in: 3
I20260909 04:41:05.456568   651 skeleton_planner.h:170] Found solution in: 4
I20260909 04:41:05.456584   651 skeleton_planner.h:170] Found solution in: 6
I20260909 04:41:05.456600   651 skeleton_planner.h:170] Found solution in: 6
I20260909 04:41:05.456616   651 skeleton_planner.h:170] Found solution in: 5
I20260909 04:41:05.456635   651 skeleton_planner.h:170] Found solution in: 7
I20260909 04:41:05.456658   651 skeleton_planner.h:170] Found solution in: 10
I20260909 04:41:05.456671   651 skeleton_planner.h:170] Found solution in: 4
I20260909 04:41:05.456681   651 skeleton_planner.h:170] Found solution in: 3
I20260909 04:41:05.456692   651 skeleton_planner.h:170] Found solution in: 4
I20260909 04:41:05.456702   651 skeleton_planner.h:170] Found solution in: 3
I20260909 04:41:05.456722   651 skeleton_planner.h:170] Found solution in: 7
I20260909 04:41:05.456732   651 skeleton_planner.h:170] Found solution in: 3
I20260909 04:41:05.456745   651 skeleton_planner.h:170] Found solution in: 5
I20260909 04:41:05.456786   651 skeleton_planner.h:170] Found solution in: 13
I20260909 04:41:05.456810   651 skeleton_planner.h:170] Found solution in: 6
I20260909 04:41:05.456835   651 skeleton_planner.h:170] Found solution in: 10
I20260909 04:41:05.456857   651 skeleton_planner.h:170] Found solution in: 7
I20260909 04:41:05.456881   651 skeleton_planner.h:170] Found solution in: 10
I20260909 04:41:05.456912   651 skeleton_planner.h:170] Found solution in: 14
I20260909 04:41:05.456925   651 skeleton_planner.h:170] Found solution in: 4
I20260909 04:41:05.456936   651 skeleton_planner.h:170] Found solution in: 4
I20260909 04:41:05.456982   651 skeleton_planner.h:170] Found solution in: 17
I20260909 04:41:05.456990   651 skeleton_planner.h:170] Found solution in: 1
I20260909 04:41:05.457013   651 skeleton_planner.h:170] Found solution in: 9
I20260909 04:41:05.457208   651 skeleton_planner.h:170] Found solution in: 74
I20260909 04:41:05.457222   651 skeleton_planner.h:170] Found solution in: 1
I20260909 04:41:05.457267   651 skeleton_planner.h:170] Found solution in: 13
I20260909 04:41:05.457288   651 skeleton_planner.h:170] Found solution in: 5
I20260909 04:41:05.457295   651 skeleton_planner.h:170] Found solution in: 2
I20260909 04:41:05.457309   651 skeleton_planner.h:170] Found solution in: 4
I20260909 04:41:05.457324   651 skeleton_planner.h:170] Found solution in: 5
I20260909 04:41:05.457332   651 skeleton_planner.h:170] Found solution in: 2
I20260909 04:41:05.457350   651 skeleton_planner.h:170] Found solution in: 7
I20260909 04:41:05.457389   651 skeleton_planner.h:170] Found solution in: 14
I20260909 04:41:05.457401   651 skeleton_planner.h:170] Found solution in: 3
I20260909 04:41:05.457415   651 skeleton_planner.h:170] Found solution in: 6
I20260909 04:41:05.457429   651 skeleton_planner.h:170] Found solution in: 5
I20260909 04:41:05.457442   651 skeleton_planner.h:170] Found solution in: 5
I20260909 04:41:05.457456   651 skeleton_planner.h:170] Found solution in: 5
I20260909 04:41:05.457468   651 skeleton_planner.h:170] Found solution in: 5
I20260909 04:41:05.457482   651 skeleton_planner.h:170] Found solution in: 5
I20260909 04:41:05.457499   651 skeleton_planner.h:170] Found solution in: 4
I20260909 04:41:05.457531   651 skeleton_planner.h:170] Found solution in: 10
I20260909 04:41:05.457551   651 skeleton_planner.h:170] Found solution in: 5
I20260909 04:41:05.457580   651 skeleton_planner.h:170] Found solution in: 9
I20260909 04:41:05.457593   651 skeleton_planner.h:170] Found solution in: 3
I20260909 04:41:05.457597   651 skeleton_planner.h:170] Found solution in: 1
I20260909 04:41:05.457620   651 skeleton_planner.h:170] Found solution in: 7
I20260909 04:41:05.457644   651 skeleton_planner.h:170] Found solution in: 6
I20260909 04:41:05.457650   651 skeleton_planner.h:170] Found solution in: 1
I20260909 04:41:05.457672   651 skeleton_planner.h:170] Found solution in: 8
I20260909 04:41:05.457697   651 skeleton_planner.h:170] Found solution in: 7
I20260909 04:41:05.457715   651 skeleton_planner.h:170] Found solution in: 4
I20260909 04:41:05.457726   651 skeleton_planner.h:170] Found solution in: 3
I20260909 04:41:05.457749   651 skeleton_planner.h:170] Found solution in: 10
I20260909 04:41:05.457772   651 skeleton_planner.h:170] Found solution in: 7
I20260909 04:41:05.457798   651 skeleton_planner.h:170] Found solution in: 10
I20260909 04:41:05.457829   651 skeleton_planner.h:170] Found solution in: 11
I20260909 04:41:05.457835   651 skeleton_planner.h:170] Found solution in: 1
I20260909 04:41:05.457839   651 skeleton_planner.h:170] Found solution in: 1
I20260909 04:41:05.457851   651 skeleton_planner.h:170] Found solution in: 4
I20260909 04:41:05.457871   651 skeleton_planner.h:170] Found solution in: 6
I20260909 04:41:05.457882   651 skeleton_planner.h:170] Found solution in: 3
I20260909 04:41:05.457897   651 skeleton_planner.h:170] Found solution in: 4
I20260909 04:41:05.457911   651 skeleton_planner.h:170] Found solution in: 4
I20260909 04:41:05.457931   651 skeleton_planner.h:170] Found solution in: 7
I20260909 04:41:05.457942   651 skeleton_planner.h:170] Found solution in: 3
I20260909 04:41:05.457964   651 skeleton_planner.h:170] Found solution in: 10
I20260909 04:41:05.457975   651 skeleton_planner.h:170] Found solution in: 3
I20260909 04:41:05.457983   651 skeleton_planner.h:170] Found solution in: 2
I20260909 04:41:05.458001   651 skeleton_planner.h:170] Found solution in: 6
I20260909 04:41:05.458020   651 skeleton_planner.h:170] Found solution in: 5
I20260909 04:41:05.458035   651 skeleton_planner.h:170] Found solution in: 4
I20260909 04:41:05.458081   651 skeleton_planner.h:170] Found solution in: 17
I20260909 04:41:05.458094   651 skeleton_planner.h:170] Found solution in: 3
I20260909 04:41:05.458117   651 skeleton_planner.h:170] Found solution in: 5
I20260909 04:41:05.458129   651 skeleton_planner.h:170] Found solution in: 3
I20260909 04:41:05.458140   651 skeleton_planner.h:170] Found solution in: 4
I20260909 04:41:05.458158   651 skeleton_planner.h:170] Found solution in: 5
I20260909 04:41:05.458179   651 skeleton_planner.h:170] Found solution in: 8
I20260909 04:41:05.458196   651 skeleton_planner.h:170] Found solution in: 5
I20260909 04:41:05.458240   651 skeleton_planner.h:170] Found solution in: 15
I20260909 04:41:05.458263   651 skeleton_planner.h:170] Found solution in: 5
I20260909 04:41:05.458280   651 skeleton_planner.h:170] Found solution in: 6
I20260909 04:41:05.458300   651 skeleton_planner.h:170] Found solution in: 7
I20260909 04:41:05.458312   651 skeleton_planner.h:170] Found solution in: 2
I20260909 04:41:05.458323   651 skeleton_planner.h:170] Found solution in: 4
I20260909 04:41:05.458334   651 skeleton_planner.h:170] Found solution in: 3
I20260909 04:41:05.458367   651 skeleton_planner.h:170] Found solution in: 9
I20260909 04:41:05.458380   651 skeleton_planner.h:170] Found solution in: 3
I20260909 04:41:05.458390   651 skeleton_planner.h:170] Found solution in: 4
I20260909 04:41:05.458400   651 skeleton_planner.h:170] Found solution in: 3
I20260909 04:41:05.458420   651 skeleton_planner.h:170] Found solution in: 5
I20260909 04:41:05.458437   651 skeleton_planner.h:170] Found solution in: 5
I20260909 04:41:05.458448   651 skeleton_planner.h:170] Found solution in: 3
I20260909 04:41:05.458468   651 skeleton_planner.h:170] Found solution in: 7
I20260909 04:41:05.458479   651 skeleton_planner.h:170] Found solution in: 3
I20260909 04:41:05.458493   651 skeleton_planner.h:170] Found solution in: 5
I20260909 04:41:05.458501   651 skeleton_planner.h:170] Found solution in: 2
I20260909 04:41:05.458525   651 skeleton_planner.h:170] Found solution in: 9
I20260909 04:41:05.458532   651 skeleton_planner.h:170] Found solution in: 1
I20260909 04:41:05.458544   651 skeleton_planner.h:170] Found solution in: 4
I20260909 04:41:05.458566   651 skeleton_planner.h:170] Found solution in: 6
I20260909 04:41:05.458573   651 skeleton_planner.h:170] Found solution in: 1
I20260909 04:41:05.458593   651 skeleton_planner.h:170] Found solution in: 6
I20260909 04:41:05.458609   651 skeleton_planner.h:170] Found solution in: 6
I20260909 04:41:05.458659   651 skeleton_planner.h:170] Found solution in: 16
I20260909 04:41:05.458716   651 skeleton_planner.h:170] Found solution in: 21
I20260909 04:41:05.458776   651 skeleton_planner.h:170] Found solution in: 18
I20260909 04:41:05.458920   651 skeleton_planner.h:170] Found solution in: 37
I20260909 04:41:05.458986   651 skeleton_planner.h:170] Found solution in: 18
I20260909 04:41:05.459024   651 skeleton_planner.h:170] Found solution in: 12
I20260909 04:41:05.459040   651 skeleton_planner.h:170] Found solution in: 4
I20260909 04:41:05.459061   651 skeleton_planner.h:170] Found solution in: 6
I20260909 04:41:05.459084   651 skeleton_planner.h:170] Found solution in: 6
I20260909 04:41:05.459096   651 skeleton_planner.h:170] Found solution in: 4
I20260909 04:41:05.459118   651 skeleton_planner.h:170] Found solution in: 6
I20260909 04:41:05.459226   651 skeleton_planner.h:170] Found solution in: 25
I20260909 04:41:05.459244   651 skeleton_planner.h:170] Found solution in: 3
I20260909 04:41:05.459280   651 skeleton_planner.h:170] Found solution in: 8
I20260909 04:41:05.459306   651 skeleton_planner.h:170] Found solution in: 7
I20260909 04:41:05.459342   651 skeleton_planner.h:170] Found solution in: 10
I20260909 04:41:05.459524   651 skeleton_planner.h:170] Found solution in: 52
I20260909 04:41:05.459602   651 skeleton_planner.h:170] Found solution in: 18
I20260909 04:41:05.459636   651 skeleton_planner.h:170] Found solution in: 7
I20260909 04:41:05.459648   651 skeleton_planner.h:170] Found solution in: 3
I20260909 04:41:05.459674   651 skeleton_planner.h:170] Found solution in: 9
I20260909 04:41:05.459694   651 skeleton_planner.h:170] Found solution in: 5
I20260909 04:41:05.459705   651 skeleton_planner.h:170] Found solution in: 3
I20260909 04:41:05.459724   651 skeleton_planner.h:170] Found solution in: 6
I20260909 04:41:05.459748   651 skeleton_planner.h:170] Found solution in: 7
I20260909 04:41:05.459774   651 skeleton_planner.h:170] Found solution in: 7
I20260909 04:41:05.459786   651 skeleton_planner.h:170] Found solution in: 3
I20260909 04:41:05.459794   651 skeleton_planner.h:170] Found solution in: 2
I20260909 04:41:05.459798   651 skeleton_planner.h:170] Found solution in: 1
I20260909 04:41:05.459800   651 skeleton_planner.h:170] Found solution in: 1
I20260909 04:41:05.459812   651 skeleton_planner.h:170] Found solution in: 5
I20260909 04:41:05.459826   651 skeleton_planner.h:170] Found solution in: 6
I20260909 04:41:05.459892   651 skeleton_planner.h:170] Found solution in: 24
I20260909 04:41:05.460054   651 skeleton_planner.h:170] Found solution in: 53
I20260909 04:41:05.460073   651 skeleton_planner.h:170] Found solution in: 3
I20260909 04:41:05.460088   651 skeleton_planner.h:170] Found solution in: 4
I20260909 04:41:05.460099   651 skeleton_planner.h:170] Found solution in: 4
I20260909 04:41:05.460129   651 skeleton_planner.h:170] Found solution in: 5
I20260909 04:41:05.460147   651 skeleton_planner.h:170] Found solution in: 5
I20260909 04:41:05.460160   651 skeleton_planner.h:170] Found solution in: 5
I20260909 04:41:05.460181   651 skeleton_planner.h:170] Found solution in: 7
I20260909 04:41:05.460206   651 skeleton_planner.h:170] Found solution in: 8
I20260909 04:41:05.460227   651 skeleton_planner.h:170] Found solution in: 6
I20260909 04:41:05.460246   651 skeleton_planner.h:170] Found solution in: 7
I20260909 04:41:05.460273   651 skeleton_planner.h:170] Found solution in: 10
I20260909 04:41:05.460286   651 skeleton_planner.h:170] Found solution in: 3
I20260909 04:41:05.460302   651 skeleton_planner.h:170] Found solution in: 5
I20260909 04:41:05.460326   651 skeleton_planner.h:170] Found solution in: 8
I20260909 04:41:05.460343   651 skeleton_planner.h:170] Found solution in: 5
I20260909 04:41:05.460362   651 skeleton_planner.h:170] Found solution in: 6
I20260909 04:41:05.460382   651 skeleton_planner.h:170] Found solution in: 7
I20260909 04:41:05.460417   651 skeleton_planner.h:170] Found solution in: 11
I20260909 04:41:05.460433   651 skeleton_planner.h:170] Found solution in: 4
I20260909 04:41:05.460453   651 skeleton_planner.h:170] Found solution in: 6
I20260909 04:41:05.460487   651 skeleton_planner.h:170] Found solution in: 11
I20260909 04:41:05.460495   651 skeleton_planner.h:170] Found solution in: 1
I20260909 04:41:05.460521   651 skeleton_planner.h:170] Found solution in: 9
I20260909 04:41:05.460551   651 skeleton_planner.h:170] Found solution in: 9
I20260909 04:41:05.460558   651 skeleton_planner.h:170] Found solution in: 1
I20260909 04:41:05.460562   651 skeleton_planner.h:170] Found solution in: 1
I20260909 04:41:05.460575   651 skeleton_planner.h:170] Found solution in: 5
I20260909 04:41:05.460598   651 skeleton_planner.h:170] Found solution in: 8
I20260909 04:41:05.460623   651 skeleton_planner.h:170] Found solution in: 9
I20260909 04:41:05.460649   651 skeleton_planner.h:170] Found solution in: 10
I20260909 04:41:05.460666   651 skeleton_planner.h:170] Found solution in: 8
I20260909 04:41:05.460675   651 skeleton_planner.h:170] Found solution in: 2
I20260909 04:41:05.460678   651 skeleton_planner.h:170] Found solution in: 1
I20260909 04:41:05.460681   651 skeleton_planner.h:170] Found solution in: 1
I20260909 04:41:05.460705   651 skeleton_planner.h:170] Found solution in: 8
I20260909 04:41:05.460731   651 skeleton_planner.h:170] Found solution in: 7
I20260909 04:41:05.460754   651 skeleton_planner.h:170] Found solution in: 7
I20260909 04:41:05.460798   651 skeleton_planner.h:170] Found solution in: 13
I20260909 04:41:05.460825   651 skeleton_planner.h:170] Found solution in: 7
I20260909 04:41:05.460837   651 skeleton_planner.h:170] Found solution in: 3
I20260909 04:41:05.460861   651 skeleton_planner.h:170] Found solution in: 10
I20260909 04:41:05.460886   651 skeleton_planner.h:170] Found solution in: 8
I20260909 04:41:05.460912   651 skeleton_planner.h:170] Found solution in: 9
I20260909 04:41:05.460924   651 skeleton_planner.h:170] Found solution in: 3
I20260909 04:41:05.460937   651 skeleton_planner.h:170] Found solution in: 3
I20260909 04:41:05.460958   651 skeleton_planner.h:170] Found solution in: 6
I20260909 04:41:05.460996   651 skeleton_planner.h:170] Found solution in: 16
I20260909 04:41:05.461019   651 skeleton_planner.h:170] Found solution in: 6
I20260909 04:41:05.461030   651 skeleton_planner.h:170] Found solution in: 3
I20260909 04:41:05.461046   651 skeleton_planner.h:170] Found solution in: 5
I20260909 04:41:05.461059   651 skeleton_planner.h:170] Found solution in: 4
I20260909 04:41:05.461064   651 skeleton_planner.h:170] Found solution in: 1
I20260909 04:41:05.461076   651 skeleton_planner.h:170] Found solution in: 4
I20260909 04:41:05.461103   651 skeleton_planner.h:170] Found solution in: 10
I20260909 04:41:05.461124   651 skeleton_planner.h:170] Found solution in: 6
I20260909 04:41:05.461158   651 skeleton_planner.h:170] Found solution in: 12
I20260909 04:41:05.461202   651 skeleton_planner.h:170] Found solution in: 14
I20260909 04:41:05.461210   651 skeleton_planner.h:170] Found solution in: 1
I20260909 04:41:05.461225   651 skeleton_planner.h:170] Found solution in: 5
I20260909 04:41:05.461248   651 skeleton_planner.h:170] Found solution in: 10
I20260909 04:41:05.461269   651 skeleton_planner.h:170] Found solution in: 9
I20260909 04:41:05.461280   651 skeleton_planner.h:170] Found solution in: 3
I20260909 04:41:05.461293   651 skeleton_planner.h:170] Found solution in: 4
I20260909 04:41:05.461310   651 skeleton_planner.h:170] Found solution in: 4
I20260909 04:41:05.461324   651 skeleton_planner.h:170] Found solution in: 4
I20260909 04:41:05.461338   651 skeleton_planner.h:170] Found solution in: 5
I20260909 04:41:05.461357   651 skeleton_planner.h:170] Found solution in: 6
I20260909 04:41:05.461381   651 skeleton_planner.h:170] Found solution in: 7
I20260909 04:41:05.461393   651 skeleton_planner.h:170] Found solution in: 3
I20260909 04:41:05.461405   651 skeleton_planner.h:170] Found solution in: 4
I20260909 04:41:05.461460   651 skeleton_planner.h:170] Found solution in: 18
I20260909 04:41:05.461485   651 skeleton_planner.h:170] Found solution in: 5
I20260909 04:41:05.461506   651 skeleton_planner.h:170] Found solution in: 8
I20260909 04:41:05.461517   651 skeleton_planner.h:170] Found solution in: 3
I20260909 04:41:05.461534   651 skeleton_planner.h:170] Found solution in: 6
I20260909 04:41:05.461567   651 skeleton_planner.h:170] Found solution in: 13
I20260909 04:41:05.461602   651 skeleton_planner.h:170] Found solution in: 13
I20260909 04:41:05.461640   651 skeleton_planner.h:170] Found solution in: 13
I20260909 04:41:05.461683   651 skeleton_planner.h:170] Found solution in: 14
I20260909 04:41:05.461722   651 skeleton_planner.h:170] Found solution in: 10
I20260909 04:41:05.461759   651 skeleton_planner.h:170] Found solution in: 10
I20260909 04:41:05.461794   651 skeleton_planner.h:170] Found solution in: 10
I20260909 04:41:05.461822   651 skeleton_planner.h:170] Found solution in: 8
I20260909 04:41:05.461843   651 skeleton_planner.h:170] Found solution in: 6
I20260909 04:41:05.461864   651 skeleton_planner.h:170] Found solution in: 6
I20260909 04:41:05.461884   651 skeleton_planner.h:170] Found solution in: 6
I20260909 04:41:05.461896   651 skeleton_planner.h:170] Found solution in: 4
I20260909 04:41:05.461916   651 skeleton_planner.h:170] Found solution in: 7
I20260909 04:41:05.461930   651 skeleton_planner.h:170] Found solution in: 4
I20260909 04:41:05.461948   651 skeleton_planner.h:170] Found solution in: 6
I20260909 04:41:05.461974   651 skeleton_planner.h:170] Found solution in: 8
I20260909 04:41:05.462311   651 skeleton_planner.h:170] Found solution in: 4
I20260909 04:41:05.462345   651 skeleton_planner.h:170] Found solution in: 10
I20260909 04:41:05.462417   651 skeleton_planner.h:170] Found solution in: 26
I20260909 04:41:05.462451   651 skeleton_planner.h:170] Found solution in: 7
I20260909 04:41:05.462463   651 skeleton_planner.h:170] Found solution in: 3
I20260909 04:41:05.462474   651 skeleton_planner.h:170] Found solution in: 3
I20260909 04:41:05.462502   651 skeleton_planner.h:170] Found solution in: 8
I20260909 04:41:05.462738   651 skeleton_planner.h:170] Found solution in: 56
I20260909 04:41:05.462788   651 skeleton_planner.h:170] Found solution in: 6
I20260909 04:41:05.462812   651 skeleton_planner.h:170] Found solution in: 7
I20260909 04:41:05.462850   651 skeleton_planner.h:170] Found solution in: 11
I20260909 04:41:05.462891   651 skeleton_planner.h:170] Found solution in: 9
I20260909 04:41:05.462904   651 skeleton_planner.h:170] Found solution in: 3
I20260909 04:41:05.462922   651 skeleton_planner.h:170] Found solution in: 4
I20260909 04:41:05.462944   651 skeleton_planner.h:170] Found solution in: 7
I20260909 04:41:05.462960   651 skeleton_planner.h:170] Found solution in: 4
I20260909 04:41:05.462978   651 skeleton_planner.h:170] Found solution in: 5
I20260909 04:41:05.463011   651 skeleton_planner.h:170] Found solution in: 9
I20260909 04:41:05.463032   651 skeleton_planner.h:170] Found solution in: 5
I20260909 04:41:05.463058   651 skeleton_planner.h:170] Found solution in: 9
I20260909 04:41:05.463083   651 skeleton_planner.h:170] Found solution in: 7
I20260909 04:41:05.463124   651 skeleton_planner.h:170] Found solution in: 15
I20260909 04:41:05.463152   651 skeleton_planner.h:170] Found solution in: 7
I20260909 04:41:05.463222   651 skeleton_planner.h:170] Found solution in: 19
I20260909 04:41:05.463240   651 skeleton_planner.h:170] Found solution in: 5
I20260909 04:41:05.463251   651 skeleton_planner.h:170] Found solution in: 3
I20260909 04:41:05.463275   651 skeleton_planner.h:170] Found solution in: 5
I20260909 04:41:05.463287   651 skeleton_planner.h:170] Found solution in: 3
I20260909 04:41:05.463392   651 skeleton_planner.h:170] Found solution in: 33
I20260909 04:41:05.463424   651 skeleton_planner.h:170] Found solution in: 5
I20260909 04:41:05.463430   651 skeleton_planner.h:170] Found solution in: 1
I20260909 04:41:05.463451   651 skeleton_planner.h:170] Found solution in: 8
I20260909 04:41:05.463471   651 skeleton_planner.h:170] Found solution in: 6
I20260909 04:41:05.463491   651 skeleton_planner.h:170] Found solution in: 7
I20260909 04:41:05.463521   651 skeleton_planner.h:170] Found solution in: 9
I20260909 04:41:05.463551   651 skeleton_planner.h:170] Found solution in: 8
I20260909 04:41:05.463590   651 skeleton_planner.h:170] Found solution in: 15
I20260909 04:41:05.463604   651 skeleton_planner.h:170] Found solution in: 4
I20260909 04:41:05.463609   651 skeleton_planner.h:170] Found solution in: 1
I20260909 04:41:05.463634   651 skeleton_planner.h:170] Found solution in: 7
I20260909 04:41:05.463691   651 skeleton_planner.h:170] Found solution in: 18
I20260909 04:41:05.463753   651 skeleton_planner.h:170] Found solution in: 19
I20260909 04:41:05.463768   651 skeleton_planner.h:170] Found solution in: 3
I20260909 04:41:05.463771   651 skeleton_planner.h:170] Found solution in: 1
I20260909 04:41:05.463774   651 skeleton_planner.h:170] Found solution in: 1
I20260909 04:41:05.463800   651 skeleton_planner.h:170] Found solution in: 6
I20260909 04:41:05.463820   651 skeleton_planner.h:170] Found solution in: 6
I20260909 04:41:05.463836   651 skeleton_planner.h:170] Found solution in: 5
I20260909 04:41:05.463856   651 skeleton_planner.h:170] Found solution in: 6
I20260909 04:41:05.463876   651 skeleton_planner.h:170] Found solution in: 6
I20260909 04:41:05.463918   651 skeleton_planner.h:170] Found solution in: 12
I20260909 04:41:05.463943   651 skeleton_planner.h:170] Found solution in: 6
I20260909 04:41:05.463980   651 skeleton_planner.h:170] Found solution in: 12
I20260909 04:41:05.464012   651 skeleton_planner.h:170] Found solution in: 10
I20260909 04:41:05.464039   651 skeleton_planner.h:170] Found solution in: 8
I20260909 04:41:05.464069   651 skeleton_planner.h:170] Found solution in: 10
I20260909 04:41:05.464083   651 skeleton_planner.h:170] Found solution in: 4
I20260909 04:41:05.464099   651 skeleton_planner.h:170] Found solution in: 4
I20260909 04:41:05.464110   651 skeleton_planner.h:170] Found solution in: 3
I20260909 04:41:05.464120   651 skeleton_planner.h:170] Found solution in: 3
I20260909 04:41:05.464207   651 skeleton_planner.h:170] Found solution in: 23
I20260909 04:41:05.464254   651 skeleton_planner.h:170] Found solution in: 11
I20260909 04:41:05.464283   651 skeleton_planner.h:170] Found solution in: 8
I20260909 04:41:05.464308   651 skeleton_planner.h:170] Found solution in: 6
I20260909 04:41:05.464316   651 skeleton_planner.h:170] Found solution in: 2
I20260909 04:41:05.464329   651 skeleton_planner.h:170] Found solution in: 4
I20260909 04:41:05.464339   651 skeleton_planner.h:170] Found solution in: 3
I20260909 04:41:05.464342   651 skeleton_generator.cpp:1655] [Simplify Vertices] Vertex removals: 1059 / 1067, Edges added: 382
I20260909 04:41:05.464771   651 skeleton_generator.cpp:1697] [Subgraph] Number of disconnected subgraphs: 31
I20260909 04:41:05.468271   651 skeleton_planner.h:170] Found solution in: 6
I20260909 04:41:05.468600   651 skeleton_planner.h:170] Found solution in: 10
I20260909 04:41:05.468694   651 skeleton_planner.h:170] Found solution in: 11
I20260909 04:41:05.468735   651 skeleton_planner.h:170] Found solution in: 8
I20260909 04:41:05.469684   651 skeleton_planner.h:170] Found solution in: 10
I20260909 04:41:05.473649   651 skeleton_planner.h:170] Found solution in: 7
I20260909 04:41:05.473855   651 skeleton_planner.h:170] Found solution in: 8
I20260909 04:41:05.473918   651 skeleton_planner.h:170] Found solution in: 7
I20260909 04:41:05.473990   651 skeleton_planner.h:170] Found solution in: 7
I20260909 04:41:05.474478   651 skeleton_planner.h:170] Found solution in: 12
I20260909 04:41:05.474520   651 skeleton_planner.h:170] Found solution in: 17
I20260909 04:41:05.476931   651 skeleton_planner.h:170] Found solution in: 10
I20260909 04:41:05.479540   651 skeleton_planner.h:170] Found solution in: 8
I20260909 04:41:05.479737   651 skeleton_planner.h:170] Found solution in: 21
I20260909 04:41:05.479786   651 skeleton_planner.h:170] Found solution in: 5
I20260909 04:41:05.481889   651 skeleton_planner.h:170] Found solution in: 11
I20260909 04:41:05.482275   651 skeleton_planner.h:170] Found solution in: 7
I20260909 04:41:05.482534   651 skeleton_planner.h:170] Found solution in: 6
I20260909 04:41:05.486351   651 skeleton_planner.h:170] Found solution in: 9
I20260909 04:41:05.486661   651 skeleton_generator.cpp:1756] [Subgraph] Potential edge candidates: 102 diagram candidates: 19
I20260909 04:41:05.486723   651 skeleton_generator.cpp:1771] [Subgraph] Final number of disconnected subgraphs: 13
I20260909 04:41:05.486729   651 skeleton_generator.cpp:633] [Sparse Graph] Vertices: 1307 Edges: 2083
