I20260909 04:46:18.759449  1539 skeleton_planner.h:31] Setting ESDF layer.
I20260909 04:46:18.842095  1539 skeleton_generator.cpp:226] [GVD] Finished finding GVD candidates. Number of skeleton points: 58358 edges: 6313
I20260909 04:46:18.856099  1539 skeleton_generator.cpp:1093] [Prune] Number of vertices before prune: 2715 Number of deleted vertices: 775
I20260909 04:46:18.863493  1539 skeleton_planner.h:170] Found solution in: 1
I20260909 04:46:18.863533  1539 skeleton_planner.h:170] Found solution in: 6
I20260909 04:46:18.863543  1539 skeleton_planner.h:170] Found solution in: 1
I20260909 04:46:18.863546  1539 skeleton_planner.h:170] Found solution in: 2
I20260909 04:46:18.864030  1539 skeleton_planner.h:170] Found solution in: 8
I20260909 04:46:18.864041  1539 skeleton_planner.h:170] Found solution in: 1
I20260909 04:46:18.864063  1539 skeleton_planner.h:170] Found solution in: 5
I20260909 04:46:18.864074  1539 skeleton_planner.h:170] Found solution in: 1
I20260909 04:46:18.864080  1539 skeleton_planner.h:170] Found solution in: 1
I20260909 04:46:18.864084  1539 skeleton_planner.h:170] Found solution in: 2
I20260909 04:46:18.864101  1539 skeleton_planner.h:170] Found solution in: 6
I20260909 04:46:18.864110  1539 skeleton_planner.h:170] Found solution in: 1
I20260909 04:46:18.864114  1539 skeleton_planner.h:170] Found solution in: 2
I20260909 04:46:18.864956  1539 skeleton_planner.h:170] Found solution in: 1
I20260909 04:46:18.864960  1539 skeleton_planner.h:170] Found solution in: 2
I20260909 04:46:18.866125  1539 skeleton_planner.h:170] Found solution in: 1
I20260909 04:46:18.866132  1539 skeleton_planner.h:170] Found solution in: 3
I20260909 04:46:18.866164  1539 skeleton_planner.h:170] Found solution in: 7
I20260909 04:46:18.866173  1539 skeleton_planner.h:170] Found solution in: 1
I20260909 04:46:18.866261  1539 skeleton_planner.h:170] Found solution in: 4
I20260909 04:46:18.866271  1539 skeleton_planner.h:170] Found solution in: 1
I20260909 04:46:18.866291  1539 skeleton_planner.h:170] Found solution in: 7
I20260909 04:46:18.866302  1539 skeleton_planner.h:170] Found solution in: 1
I20260909 04:46:18.866307  1539 skeleton_planner.h:170] Found solution in: 2
I20260909 04:46:18.866319  1539 skeleton_planner.h:170] Found solution in: 4
I20260909 04:46:18.866328  1539 skeleton_planner.h:170] Found solution in: 1
I20260909 04:46:18.866333  1539 skeleton_planner.h:170] Found solution in: 4
I20260909 04:46:18.866340  1539 skeleton_planner.h:170] Found solution in: 9
I20260909 04:46:18.866349  1539 skeleton_planner.h:170] Found solution in: 1
I20260909 04:46:18.866370  1539 skeleton_planner.h:170] Found solution in: 4
I20260909 04:46:18.866379  1539 skeleton_planner.h:170] Found solution in: 1
I20260909 04:46:18.866384  1539 skeleton_planner.h:170] Found solution in: 2
I20260909 04:46:18.866393  1539 skeleton_planner.h:170] Found solution in: 3
I20260909 04:46:18.866400  1539 skeleton_planner.h:170] Found solution in: 1
I20260909 04:46:18.866407  1539 skeleton_planner.h:170] Found solution in: 1
I20260909 04:46:18.866411  1539 skeleton_planner.h:170] Found solution in: 3
I20260909 04:46:18.866423  1539 skeleton_planner.h:170] Found solution in: 4
I20260909 04:46:18.866432  1539 skeleton_planner.h:170] Found solution in: 1
I20260909 04:46:18.866436  1539 skeleton_planner.h:170] Found solution in: 2
I20260909 04:46:18.866454  1539 skeleton_planner.h:170] Found solution in: 5
I20260909 04:46:18.866464  1539 skeleton_planner.h:170] Found solution in: 1
I20260909 04:46:18.866469  1539 skeleton_planner.h:170] Found solution in: 3
I20260909 04:46:18.866675  1539 skeleton_planner.h:170] Found solution in: 1
I20260909 04:46:18.866686  1539 skeleton_planner.h:170] Found solution in: 10
I20260909 04:46:18.866700  1539 skeleton_planner.h:170] Found solution in: 13
I20260909 04:46:18.866708  1539 skeleton_planner.h:170] Found solution in: 1
I20260909 04:46:18.866712  1539 skeleton_planner.h:170] Found solution in: 3
I20260909 04:46:18.866724  1539 skeleton_planner.h:170] Found solution in: 3
I20260909 04:46:18.866732  1539 skeleton_planner.h:170] Found solution in: 1
I20260909 04:46:18.866827  1539 skeleton_planner.h:170] Found solution in: 3
I20260909 04:46:18.866837  1539 skeleton_planner.h:170] Found solution in: 1
I20260909 04:46:18.866852  1539 skeleton_planner.h:170] Found solution in: 17
I20260909 04:46:18.866859  1539 skeleton_planner.h:170] Found solution in: 6
I20260909 04:46:18.866868  1539 skeleton_planner.h:170] Found solution in: 1
I20260909 04:46:18.866875  1539 skeleton_planner.h:170] Found solution in: 1
I20260909 04:46:18.866881  1539 skeleton_planner.h:170] Found solution in: 5
I20260909 04:46:18.866909  1539 skeleton_planner.h:170] Found solution in: 9
I20260909 04:46:18.866919  1539 skeleton_planner.h:170] Found solution in: 1
I20260909 04:46:18.866926  1539 skeleton_planner.h:170] Found solution in: 5
I20260909 04:46:18.867022  1539 skeleton_planner.h:170] Found solution in: 5
I20260909 04:46:18.867031  1539 skeleton_planner.h:170] Found solution in: 1
I20260909 04:46:18.867065  1539 skeleton_planner.h:170] Found solution in: 46
I20260909 04:46:18.867082  1539 skeleton_planner.h:170] Found solution in: 19
I20260909 04:46:18.867091  1539 skeleton_planner.h:170] Found solution in: 1
I20260909 04:46:18.867098  1539 skeleton_planner.h:170] Found solution in: 1
I20260909 04:46:18.867103  1539 skeleton_planner.h:170] Found solution in: 3
I20260909 04:46:18.867209  1539 skeleton_planner.h:170] Found solution in: 4
I20260909 04:46:18.867218  1539 skeleton_planner.h:170] Found solution in: 1
I20260909 04:46:18.867223  1539 skeleton_planner.h:170] Found solution in: 4
I20260909 04:46:18.867228  1539 skeleton_planner.h:170] Found solution in: 5
I20260909 04:46:18.867237  1539 skeleton_planner.h:170] Found solution in: 1
I20260909 04:46:18.867272  1539 skeleton_planner.h:170] Found solution in: 43
I20260909 04:46:18.867282  1539 skeleton_planner.h:170] Found solution in: 1
I20260909 04:46:18.867286  1539 skeleton_planner.h:170] Found solution in: 3
I20260909 04:46:18.867513  1539 skeleton_planner.h:170] Found solution in: 9
I20260909 04:46:18.867523  1539 skeleton_planner.h:170] Found solution in: 1
I20260909 04:46:18.867530  1539 skeleton_planner.h:170] Found solution in: 6
I20260909 04:46:18.867537  1539 skeleton_planner.h:170] Found solution in: 1
I20260909 04:46:18.867542  1539 skeleton_planner.h:170] Found solution in: 4
I20260909 04:46:18.867790  1539 skeleton_planner.h:170] Found solution in: 6
I20260909 04:46:18.868072  1539 skeleton_planner.h:170] Found solution in: 8
I20260909 04:46:18.868079  1539 skeleton_planner.h:170] Found solution in: 1
I20260909 04:46:18.868084  1539 skeleton_planner.h:170] Found solution in: 3
I20260909 04:46:18.868124  1539 skeleton_planner.h:170] Found solution in: 13
I20260909 04:46:18.868140  1539 skeleton_planner.h:170] Found solution in: 1
I20260909 04:46:18.868146  1539 skeleton_planner.h:170] Found solution in: 4
I20260909 04:46:18.868155  1539 skeleton_planner.h:170] Found solution in: 1
I20260909 04:46:18.868247  1539 skeleton_planner.h:170] Found solution in: 4
I20260909 04:46:18.868253  1539 skeleton_planner.h:170] Found solution in: 1
I20260909 04:46:18.868261  1539 skeleton_planner.h:170] Found solution in: 8
I20260909 04:46:18.868306  1539 skeleton_planner.h:170] Found solution in: 53
I20260909 04:46:18.868317  1539 skeleton_planner.h:170] Found solution in: 1
I20260909 04:46:18.868324  1539 skeleton_planner.h:170] Found solution in: 7
I20260909 04:46:18.868331  1539 skeleton_planner.h:170] Found solution in: 1
I20260909 04:46:18.868345  1539 skeleton_planner.h:170] Found solution in: 16
I20260909 04:46:18.868355  1539 skeleton_planner.h:170] Found solution in: 1
I20260909 04:46:18.868373  1539 skeleton_planner.h:170] Found solution in: 24
I20260909 04:46:18.868381  1539 skeleton_planner.h:170] Found solution in: 1
I20260909 04:46:18.868409  1539 skeleton_planner.h:170] Found solution in: 29
I20260909 04:46:18.868420  1539 skeleton_planner.h:170] Found solution in: 1
I20260909 04:46:18.868458  1539 skeleton_planner.h:170] Found solution in: 42
I20260909 04:46:18.868468  1539 skeleton_planner.h:170] Found solution in: 1
I20260909 04:46:18.868558  1539 skeleton_planner.h:170] Found solution in: 3
I20260909 04:46:18.868569  1539 skeleton_planner.h:170] Found solution in: 1
I20260909 04:46:18.868574  1539 skeleton_planner.h:170] Found solution in: 3
I20260909 04:46:18.868580  1539 skeleton_planner.h:170] Found solution in: 1
I20260909 04:46:18.868584  1539 skeleton_planner.h:170] Found solution in: 3
I20260909 04:46:18.868592  1539 skeleton_planner.h:170] Found solution in: 8
I20260909 04:46:18.868687  1539 skeleton_planner.h:170] Found solution in: 5
I20260909 04:46:18.868695  1539 skeleton_planner.h:170] Found solution in: 1
I20260909 04:46:18.868780  1539 skeleton_planner.h:170] Found solution in: 5
I20260909 04:46:18.868793  1539 skeleton_planner.h:170] Found solution in: 1
I20260909 04:46:18.868898  1539 skeleton_planner.h:170] Found solution in: 11
I20260909 04:46:18.868907  1539 skeleton_planner.h:170] Found solution in: 1
I20260909 04:46:18.868912  1539 skeleton_planner.h:170] Found solution in: 3
I20260909 04:46:18.868929  1539 skeleton_planner.h:170] Found solution in: 5
I20260909 04:46:18.868939  1539 skeleton_planner.h:170] Found solution in: 1
I20260909 04:46:18.868947  1539 skeleton_planner.h:170] Found solution in: 8
I20260909 04:46:18.868969  1539 skeleton_planner.h:170] Found solution in: 5
I20260909 04:46:18.868978  1539 skeleton_planner.h:170] Found solution in: 1
I20260909 04:46:18.868988  1539 skeleton_planner.h:170] Found solution in: 6
I20260909 04:46:18.868993  1539 skeleton_planner.h:170] Found solution in: 1
I20260909 04:46:18.869009  1539 skeleton_planner.h:170] Found solution in: 3
I20260909 04:46:18.869019  1539 skeleton_planner.h:170] Found solution in: 1
I20260909 04:46:18.869021  1539 skeleton_planner.h:170] Found solution in: 2
I20260909 04:46:18.869033  1539 skeleton_planner.h:170] Found solution in: 4
I20260909 04:46:18.869041  1539 skeleton_planner.h:170] Found solution in: 1
I20260909 04:46:18.869053  1539 skeleton_planner.h:170] Found solution in: 4
I20260909 04:46:18.869064  1539 skeleton_planner.h:170] Found solution in: 1
I20260909 04:46:18.869113  1539 skeleton_planner.h:170] Found solution in: 21
I20260909 04:46:18.869165  1539 skeleton_planner.h:170] Found solution in: 16
I20260909 04:46:18.869177  1539 skeleton_planner.h:170] Found solution in: 1
I20260909 04:46:18.869213  1539 skeleton_planner.h:170] Found solution in: 15
I20260909 04:46:18.869225  1539 skeleton_planner.h:170] Found solution in: 1
I20260909 04:46:18.869324  1539 skeleton_planner.h:170] Found solution in: 6
I20260909 04:46:18.869333  1539 skeleton_planner.h:170] Found solution in: 1
I20260909 04:46:18.869349  1539 skeleton_planner.h:170] Found solution in: 14
I20260909 04:46:18.869364  1539 skeleton_planner.h:170] Found solution in: 1
I20260909 04:46:18.869367  1539 skeleton_planner.h:170] Found solution in: 3
I20260909 04:46:18.869374  1539 skeleton_planner.h:170] Found solution in: 1
I20260909 04:46:18.869386  1539 skeleton_planner.h:170] Found solution in: 4
I20260909 04:46:18.869396  1539 skeleton_planner.h:170] Found solution in: 1
I20260909 04:46:18.869400  1539 skeleton_planner.h:170] Found solution in: 3
I20260909 04:46:18.869406  1539 skeleton_planner.h:170] Found solution in: 1
I20260909 04:46:18.869414  1539 skeleton_planner.h:170] Found solution in: 1
I20260909 04:46:18.869428  1539 skeleton_planner.h:170] Found solution in: 3
I20260909 04:46:18.869438  1539 skeleton_planner.h:170] Found solution in: 1
I20260909 04:46:18.869498  1539 skeleton_planner.h:170] Found solution in: 18
I20260909 04:46:18.869509  1539 skeleton_planner.h:170] Found solution in: 1
I20260909 04:46:18.869524  1539 skeleton_planner.h:170] Found solution in: 3
I20260909 04:46:18.869532  1539 skeleton_planner.h:170] Found solution in: 1
I20260909 04:46:18.869549  1539 skeleton_planner.h:170] Found solution in: 4
I20260909 04:46:18.869557  1539 skeleton_planner.h:170] Found solution in: 1
I20260909 04:46:18.869581  1539 skeleton_planner.h:170] Found solution in: 5
I20260909 04:46:18.869589  1539 skeleton_planner.h:170] Found solution in: 1
I20260909 04:46:18.869594  1539 skeleton_planner.h:170] Found solution in: 3
I20260909 04:46:18.869603  1539 skeleton_planner.h:170] Found solution in: 11
I20260909 04:46:18.869647  1539 skeleton_planner.h:170] Found solution in: 18
I20260909 04:46:18.869732  1539 skeleton_planner.h:170] Found solution in: 39
I20260909 04:46:18.869743  1539 skeleton_planner.h:170] Found solution in: 1
I20260909 04:46:18.869782  1539 skeleton_planner.h:170] Found solution in: 13
I20260909 04:46:18.869793  1539 skeleton_planner.h:170] Found solution in: 11
I20260909 04:46:18.869799  1539 skeleton_planner.h:170] Found solution in: 1
I20260909 04:46:18.870432  1539 skeleton_planner.h:170] Found solution in: 9
I20260909 04:46:18.870440  1539 skeleton_planner.h:170] Found solution in: 1
I20260909 04:46:18.870513  1539 skeleton_planner.h:170] Found solution in: 30
I20260909 04:46:18.870543  1539 skeleton_planner.h:170] Found solution in: 6
I20260909 04:46:18.870551  1539 skeleton_planner.h:170] Found solution in: 1
I20260909 04:46:18.870554  1539 skeleton_planner.h:170] Found solution in: 2
I20260909 04:46:18.870563  1539 skeleton_planner.h:170] Found solution in: 3
I20260909 04:46:18.870570  1539 skeleton_planner.h:170] Found solution in: 1
I20260909 04:46:18.870985  1539 skeleton_planner.h:170] Found solution in: 6
I20260909 04:46:18.870995  1539 skeleton_planner.h:170] Found solution in: 1
I20260909 04:46:18.871054  1539 skeleton_planner.h:170] Found solution in: 73
I20260909 04:46:18.871063  1539 skeleton_planner.h:170] Found solution in: 1
I20260909 04:46:18.871068  1539 skeleton_planner.h:170] Found solution in: 2
I20260909 04:46:18.871083  1539 skeleton_planner.h:170] Found solution in: 4
I20260909 04:46:18.871091  1539 skeleton_planner.h:170] Found solution in: 1
I20260909 04:46:18.871111  1539 skeleton_planner.h:170] Found solution in: 5
I20260909 04:46:18.871120  1539 skeleton_planner.h:170] Found solution in: 1
I20260909 04:46:18.871130  1539 skeleton_planner.h:170] Found solution in: 9
I20260909 04:46:18.871222  1539 skeleton_planner.h:170] Found solution in: 5
I20260909 04:46:18.871232  1539 skeleton_planner.h:170] Found solution in: 1
I20260909 04:46:18.871246  1539 skeleton_planner.h:170] Found solution in: 15
I20260909 04:46:18.871253  1539 skeleton_planner.h:170] Found solution in: 1
I20260909 04:46:18.871258  1539 skeleton_planner.h:170] Found solution in: 5
I20260909 04:46:18.871275  1539 skeleton_planner.h:170] Found solution in: 14
I20260909 04:46:18.871284  1539 skeleton_planner.h:170] Found solution in: 1
I20260909 04:46:18.871292  1539 skeleton_planner.h:170] Found solution in: 8
I20260909 04:46:18.871301  1539 skeleton_planner.h:170] Found solution in: 10
I20260909 04:46:18.871309  1539 skeleton_planner.h:170] Found solution in: 1
I20260909 04:46:18.871321  1539 skeleton_planner.h:170] Found solution in: 10
I20260909 04:46:18.871337  1539 skeleton_planner.h:170] Found solution in: 19
I20260909 04:46:18.871344  1539 skeleton_planner.h:170] Found solution in: 1
I20260909 04:46:18.871371  1539 skeleton_planner.h:170] Found solution in: 4
I20260909 04:46:18.871381  1539 skeleton_planner.h:170] Found solution in: 1
I20260909 04:46:18.871395  1539 skeleton_planner.h:170] Found solution in: 3
I20260909 04:46:18.871402  1539 skeleton_planner.h:170] Found solution in: 1
I20260909 04:46:18.871439  1539 skeleton_planner.h:170] Found solution in: 3
I20260909 04:46:18.871447  1539 skeleton_planner.h:170] Found solution in: 1
I20260909 04:46:18.871464  1539 skeleton_planner.h:170] Found solution in: 4
I20260909 04:46:18.871472  1539 skeleton_planner.h:170] Found solution in: 1
I20260909 04:46:18.871477  1539 skeleton_planner.h:170] Found solution in: 4
I20260909 04:46:18.871482  1539 skeleton_planner.h:170] Found solution in: 1
I20260909 04:46:18.871493  1539 skeleton_planner.h:170] Found solution in: 3
I20260909 04:46:18.871500  1539 skeleton_planner.h:170] Found solution in: 1
I20260909 04:46:18.871505  1539 skeleton_planner.h:170] Found solution in: 3
I20260909 04:46:18.871515  1539 skeleton_planner.h:170] Found solution in: 3
I20260909 04:46:18.871522  1539 skeleton_planner.h:170] Found solution in: 1
I20260909 04:46:18.871526  1539 skeleton_planner.h:170] Found solution in: 1
I20260909 04:46:18.871532  1539 skeleton_planner.h:170] Found solution in: 1
I20260909 04:46:18.871539  1539 skeleton_planner.h:170] Found solution in: 7
I20260909 04:46:18.871567  1539 skeleton_planner.h:170] Found solution in: 6
I20260909 04:46:18.871577  1539 skeleton_planner.h:170] Found solution in: 1
I20260909 04:46:18.871675  1539 skeleton_planner.h:170] Found solution in: 5
I20260909 04:46:18.871685  1539 skeleton_planner.h:170] Found solution in: 1
I20260909 04:46:18.871699  1539 skeleton_planner.h:170] Found solution in: 3
I20260909 04:46:18.871707  1539 skeleton_planner.h:170] Found solution in: 1
I20260909 04:46:18.871717  1539 skeleton_planner.h:170] Found solution in: 1
I20260909 04:46:18.871721  1539 skeleton_planner.h:170] Found solution in: 2
I20260909 04:46:18.871737  1539 skeleton_planner.h:170] Found solution in: 5
I20260909 04:46:18.871744  1539 skeleton_planner.h:170] Found solution in: 1
I20260909 04:46:18.871748  1539 skeleton_planner.h:170] Found solution in: 3
I20260909 04:46:18.871766  1539 skeleton_planner.h:170] Found solution in: 6
I20260909 04:46:18.871773  1539 skeleton_planner.h:170] Found solution in: 1
I20260909 04:46:18.871794  1539 skeleton_planner.h:170] Found solution in: 8
I20260909 04:46:18.871802  1539 skeleton_planner.h:170] Found solution in: 1
I20260909 04:46:18.871807  1539 skeleton_planner.h:170] Found solution in: 4
I20260909 04:46:18.871826  1539 skeleton_planner.h:170] Found solution in: 7
I20260909 04:46:18.871834  1539 skeleton_planner.h:170] Found solution in: 1
I20260909 04:46:18.871838  1539 skeleton_planner.h:170] Found solution in: 2
I20260909 04:46:18.871853  1539 skeleton_planner.h:170] Found solution in: 5
I20260909 04:46:18.871861  1539 skeleton_planner.h:170] Found solution in: 1
I20260909 04:46:18.871876  1539 skeleton_planner.h:170] Found solution in: 18
I20260909 04:46:18.871884  1539 skeleton_planner.h:170] Found solution in: 6
I20260909 04:46:18.871892  1539 skeleton_planner.h:170] Found solution in: 1
I20260909 04:46:18.871899  1539 skeleton_planner.h:170] Found solution in: 7
I20260909 04:46:18.871987  1539 skeleton_planner.h:170] Found solution in: 4
I20260909 04:46:18.871996  1539 skeleton_planner.h:170] Found solution in: 1
I20260909 04:46:18.872083  1539 skeleton_planner.h:170] Found solution in: 4
I20260909 04:46:18.872093  1539 skeleton_planner.h:170] Found solution in: 1
I20260909 04:46:18.872102  1539 skeleton_planner.h:170] Found solution in: 1
I20260909 04:46:18.872119  1539 skeleton_planner.h:170] Found solution in: 4
I20260909 04:46:18.872128  1539 skeleton_planner.h:170] Found solution in: 1
I20260909 04:46:18.872221  1539 skeleton_planner.h:170] Found solution in: 4
I20260909 04:46:18.872228  1539 skeleton_planner.h:170] Found solution in: 1
I20260909 04:46:18.872238  1539 skeleton_planner.h:170] Found solution in: 1
I20260909 04:46:18.872252  1539 skeleton_planner.h:170] Found solution in: 3
I20260909 04:46:18.872262  1539 skeleton_planner.h:170] Found solution in: 1
I20260909 04:46:18.872267  1539 skeleton_planner.h:170] Found solution in: 1
I20260909 04:46:18.872290  1539 skeleton_planner.h:170] Found solution in: 6
I20260909 04:46:18.872298  1539 skeleton_planner.h:170] Found solution in: 1
I20260909 04:46:18.872768  1539 skeleton_planner.h:170] Found solution in: 95
I20260909 04:46:18.872783  1539 skeleton_planner.h:170] Found solution in: 1
I20260909 04:46:18.872788  1539 skeleton_planner.h:170] Found solution in: 3
I20260909 04:46:18.873036  1539 skeleton_planner.h:170] Found solution in: 8
I20260909 04:46:18.873046  1539 skeleton_planner.h:170] Found solution in: 1
I20260909 04:46:18.873068  1539 skeleton_planner.h:170] Found solution in: 6
I20260909 04:46:18.873080  1539 skeleton_planner.h:170] Found solution in: 1
I20260909 04:46:18.873085  1539 skeleton_planner.h:170] Found solution in: 3
I20260909 04:46:18.873106  1539 skeleton_planner.h:170] Found solution in: 6
I20260909 04:46:18.873122  1539 skeleton_planner.h:170] Found solution in: 1
I20260909 04:46:18.873128  1539 skeleton_planner.h:170] Found solution in: 4
I20260909 04:46:18.873137  1539 skeleton_planner.h:170] Found solution in: 1
I20260909 04:46:18.873143  1539 skeleton_planner.h:170] Found solution in: 5
I20260909 04:46:18.873150  1539 skeleton_planner.h:170] Found solution in: 1
I20260909 04:46:18.873154  1539 skeleton_planner.h:170] Found solution in: 3
I20260909 04:46:18.873170  1539 skeleton_planner.h:170] Found solution in: 4
I20260909 04:46:18.873181  1539 skeleton_planner.h:170] Found solution in: 1
I20260909 04:46:18.873196  1539 skeleton_planner.h:170] Found solution in: 17
I20260909 04:46:18.873204  1539 skeleton_planner.h:170] Found solution in: 1
I20260909 04:46:18.873217  1539 skeleton_planner.h:170] Found solution in: 16
I20260909 04:46:18.873226  1539 skeleton_planner.h:170] Found solution in: 1
I20260909 04:46:18.873230  1539 skeleton_planner.h:170] Found solution in: 2
I20260909 04:46:18.874348  1539 skeleton_planner.h:170] Found solution in: 1
I20260909 04:46:18.874358  1539 skeleton_planner.h:170] Found solution in: 2
I20260909 04:46:18.875595  1539 skeleton_planner.h:170] Found solution in: 1
I20260909 04:46:18.875663  1539 skeleton_planner.h:170] Found solution in: 19
I20260909 04:46:18.875713  1539 skeleton_planner.h:170] Found solution in: 17
I20260909 04:46:18.875746  1539 skeleton_planner.h:170] Found solution in: 7
I20260909 04:46:18.875756  1539 skeleton_planner.h:170] Found solution in: 1
I20260909 04:46:18.875761  1539 skeleton_planner.h:170] Found solution in: 2
I20260909 04:46:18.875777  1539 skeleton_planner.h:170] Found solution in: 6
I20260909 04:46:18.875785  1539 skeleton_planner.h:170] Found solution in: 1
I20260909 04:46:18.875801  1539 skeleton_planner.h:170] Found solution in: 5
I20260909 04:46:18.875808  1539 skeleton_planner.h:170] Found solution in: 1
I20260909 04:46:18.875836  1539 skeleton_planner.h:170] Found solution in: 6
I20260909 04:46:18.875846  1539 skeleton_planner.h:170] Found solution in: 1
I20260909 04:46:18.875850  1539 skeleton_planner.h:170] Found solution in: 2
I20260909 04:46:18.876914  1539 skeleton_planner.h:170] Found solution in: 1
I20260909 04:46:18.877025  1539 skeleton_planner.h:170] Found solution in: 4
I20260909 04:46:18.877038  1539 skeleton_planner.h:170] Found solution in: 1
I20260909 04:46:18.877046  1539 skeleton_planner.h:170] Found solution in: 1
I20260909 04:46:18.877053  1539 skeleton_planner.h:170] Found solution in: 1
I20260909 04:46:18.877059  1539 skeleton_planner.h:170] Found solution in: 5
I20260909 04:46:18.877066  1539 skeleton_planner.h:170] Found solution in: 5
I20260909 04:46:18.877076  1539 skeleton_planner.h:170] Found solution in: 12
I20260909 04:46:18.877084  1539 skeleton_planner.h:170] Found solution in: 1
I20260909 04:46:18.877089  1539 skeleton_planner.h:170] Found solution in: 4
I20260909 04:46:18.877096  1539 skeleton_planner.h:170] Found solution in: 7
I20260909 04:46:18.877126  1539 skeleton_planner.h:170] Found solution in: 4
I20260909 04:46:18.877135  1539 skeleton_planner.h:170] Found solution in: 1
I20260909 04:46:18.877141  1539 skeleton_planner.h:170] Found solution in: 5
I20260909 04:46:18.877168  1539 skeleton_planner.h:170] Found solution in: 5
I20260909 04:46:18.877177  1539 skeleton_planner.h:170] Found solution in: 1
I20260909 04:46:18.877180  1539 skeleton_planner.h:170] Found solution in: 2
I20260909 04:46:18.877914  1539 skeleton_planner.h:170] Found solution in: 77
I20260909 04:46:18.877939  1539 skeleton_planner.h:170] Found solution in: 1
I20260909 04:46:18.877959  1539 skeleton_planner.h:170] Found solution in: 21
I20260909 04:46:18.877965  1539 skeleton_planner.h:170] Found solution in: 6
I20260909 04:46:18.877983  1539 skeleton_planner.h:170] Found solution in: 22
I20260909 04:46:18.877993  1539 skeleton_planner.h:170] Found solution in: 1
I20260909 04:46:18.878002  1539 skeleton_planner.h:170] Found solution in: 9
I20260909 04:46:18.878443  1539 skeleton_planner.h:170] Found solution in: 7
I20260909 04:46:18.878456  1539 skeleton_planner.h:170] Found solution in: 1
I20260909 04:46:18.878670  1539 skeleton_planner.h:170] Found solution in: 1
I20260909 04:46:18.878677  1539 skeleton_planner.h:170] Found solution in: 1
I20260909 04:46:18.878682  1539 skeleton_planner.h:170] Found solution in: 3
I20260909 04:46:18.878695  1539 skeleton_planner.h:170] Found solution in: 4
I20260909 04:46:18.878703  1539 skeleton_planner.h:170] Found solution in: 1
I20260909 04:46:18.878714  1539 skeleton_planner.h:170] Found solution in: 3
I20260909 04:46:18.878723  1539 skeleton_planner.h:170] Found solution in: 1
I20260909 04:46:18.878754  1539 skeleton_planner.h:170] Found solution in: 6
I20260909 04:46:18.878763  1539 skeleton_planner.h:170] Found solution in: 1
I20260909 04:46:18.878775  1539 skeleton_planner.h:170] Found solution in: 3
I20260909 04:46:18.878782  1539 skeleton_planner.h:170] Found solution in: 1
I20260909 04:46:18.878787  1539 skeleton_planner.h:170] Found solution in: 5
I20260909 04:46:18.878793  1539 skeleton_planner.h:170] Found solution in: 1
I20260909 04:46:18.878798  1539 skeleton_planner.h:170] Found solution in: 5
I20260909 04:46:18.878804  1539 skeleton_planner.h:170] Found solution in: 1
I20260909 04:46:18.878823  1539 skeleton_planner.h:170] Found solution in: 5
I20260909 04:46:18.878831  1539 skeleton_planner.h:170] Found solution in: 1
I20260909 04:46:18.878842  1539 skeleton_planner.h:170] Found solution in: 3
I20260909 04:46:18.878849  1539 skeleton_planner.h:170] Found solution in: 1
I20260909 04:46:18.879084  1539 skeleton_planner.h:170] Found solution in: 7
I20260909 04:46:18.879093  1539 skeleton_planner.h:170] Found solution in: 1
I20260909 04:46:18.879105  1539 skeleton_planner.h:170] Found solution in: 9
I20260909 04:46:18.879114  1539 skeleton_planner.h:170] Found solution in: 8
I20260909 04:46:18.879122  1539 skeleton_planner.h:170] Found solution in: 7
I20260909 04:46:18.879149  1539 skeleton_planner.h:170] Found solution in: 6
I20260909 04:46:18.879156  1539 skeleton_planner.h:170] Found solution in: 1
I20260909 04:46:18.879187  1539 skeleton_planner.h:170] Found solution in: 13
I20260909 04:46:18.879199  1539 skeleton_planner.h:170] Found solution in: 1
I20260909 04:46:18.879206  1539 skeleton_planner.h:170] Found solution in: 7
I20260909 04:46:18.879225  1539 skeleton_planner.h:170] Found solution in: 5
I20260909 04:46:18.879233  1539 skeleton_planner.h:170] Found solution in: 1
I20260909 04:46:18.879240  1539 skeleton_planner.h:170] Found solution in: 1
I20260909 04:46:18.879243  1539 skeleton_planner.h:170] Found solution in: 3
I20260909 04:46:18.879249  1539 skeleton_planner.h:170] Found solution in: 6
I20260909 04:46:18.880012  1539 skeleton_planner.h:170] Found solution in: 1
I20260909 04:46:18.880199  1539 skeleton_planner.h:170] Found solution in: 6
I20260909 04:46:18.880205  1539 skeleton_planner.h:170] Found solution in: 6
I20260909 04:46:18.880409  1539 skeleton_planner.h:170] Found solution in: 1
I20260909 04:46:18.880412  1539 skeleton_planner.h:170] Found solution in: 3
I20260909 04:46:18.880419  1539 skeleton_planner.h:170] Found solution in: 6
I20260909 04:46:18.880438  1539 skeleton_planner.h:170] Found solution in: 6
I20260909 04:46:18.880445  1539 skeleton_planner.h:170] Found solution in: 1
I20260909 04:46:18.880452  1539 skeleton_planner.h:170] Found solution in: 5
I20260909 04:46:18.880458  1539 skeleton_planner.h:170] Found solution in: 4
I20260909 04:46:18.880466  1539 skeleton_planner.h:170] Found solution in: 1
I20260909 04:46:18.880482  1539 skeleton_planner.h:170] Found solution in: 5
I20260909 04:46:18.880491  1539 skeleton_planner.h:170] Found solution in: 1
I20260909 04:46:18.880496  1539 skeleton_planner.h:170] Found solution in: 3
I20260909 04:46:18.880519  1539 skeleton_planner.h:170] Found solution in: 4
I20260909 04:46:18.880528  1539 skeleton_planner.h:170] Found solution in: 1
I20260909 04:46:18.880550  1539 skeleton_planner.h:170] Found solution in: 7
I20260909 04:46:18.880558  1539 skeleton_planner.h:170] Found solution in: 1
I20260909 04:46:18.880568  1539 skeleton_planner.h:170] Found solution in: 1
I20260909 04:46:18.880591  1539 skeleton_planner.h:170] Found solution in: 23
I20260909 04:46:18.880604  1539 skeleton_planner.h:170] Found solution in: 1
I20260909 04:46:18.880609  1539 skeleton_planner.h:170] Found solution in: 3
I20260909 04:46:18.880614  1539 skeleton_planner.h:170] Found solution in: 1
I20260909 04:46:18.880618  1539 skeleton_planner.h:170] Found solution in: 3
I20260909 04:46:18.880625  1539 skeleton_planner.h:170] Found solution in: 1
I20260909 04:46:18.880723  1539 skeleton_planner.h:170] Found solution in: 4
I20260909 04:46:18.880730  1539 skeleton_planner.h:170] Found solution in: 1
I20260909 04:46:18.880754  1539 skeleton_planner.h:170] Found solution in: 6
I20260909 04:46:18.880762  1539 skeleton_planner.h:170] Found solution in: 1
I20260909 04:46:18.880767  1539 skeleton_planner.h:170] Found solution in: 4
I20260909 04:46:18.880775  1539 skeleton_planner.h:170] Found solution in: 9
I20260909 04:46:18.880784  1539 skeleton_planner.h:170] Found solution in: 1
I20260909 04:46:18.880790  1539 skeleton_planner.h:170] Found solution in: 7
I20260909 04:46:18.880798  1539 skeleton_planner.h:170] Found solution in: 8
I20260909 04:46:18.880805  1539 skeleton_planner.h:170] Found solution in: 1
I20260909 04:46:18.880817  1539 skeleton_planner.h:170] Found solution in: 14
I20260909 04:46:18.880832  1539 skeleton_planner.h:170] Found solution in: 16
I20260909 04:46:18.880839  1539 skeleton_planner.h:170] Found solution in: 1
I20260909 04:46:18.880860  1539 skeleton_planner.h:170] Found solution in: 23
I20260909 04:46:18.880875  1539 skeleton_planner.h:170] Found solution in: 17
I20260909 04:46:18.880885  1539 skeleton_planner.h:170] Found solution in: 1
I20260909 04:46:18.880894  1539 skeleton_planner.h:170] Found solution in: 12
I20260909 04:46:18.880899  1539 skeleton_planner.h:170] Found solution in: 4
I20260909 04:46:18.880908  1539 skeleton_planner.h:170] Found solution in: 1
I20260909 04:46:18.881004  1539 skeleton_planner.h:170] Found solution in: 3
I20260909 04:46:18.881012  1539 skeleton_planner.h:170] Found solution in: 1
I20260909 04:46:18.881021  1539 skeleton_planner.h:170] Found solution in: 9
I20260909 04:46:18.881047  1539 skeleton_planner.h:170] Found solution in: 4
I20260909 04:46:18.881059  1539 skeleton_planner.h:170] Found solution in: 1
I20260909 04:46:18.881152  1539 skeleton_planner.h:170] Found solution in: 53
I20260909 04:46:18.881165  1539 skeleton_planner.h:170] Found solution in: 1
I20260909 04:46:18.881182  1539 skeleton_planner.h:170] Found solution in: 16
I20260909 04:46:18.881188  1539 skeleton_planner.h:170] Found solution in: 1
I20260909 04:46:18.881198  1539 skeleton_planner.h:170] Found solution in: 1
I20260909 04:46:18.881214  1539 skeleton_planner.h:170] Found solution in: 4
I20260909 04:46:18.881228  1539 skeleton_planner.h:170] Found solution in: 1
I20260909 04:46:18.881243  1539 skeleton_planner.h:170] Found solution in: 4
I20260909 04:46:18.881253  1539 skeleton_planner.h:170] Found solution in: 1
I20260909 04:46:18.881264  1539 skeleton_planner.h:170] Found solution in: 3
I20260909 04:46:18.881271  1539 skeleton_planner.h:170] Found solution in: 1
I20260909 04:46:18.881284  1539 skeleton_planner.h:170] Found solution in: 3
I20260909 04:46:18.881294  1539 skeleton_planner.h:170] Found solution in: 1
I20260909 04:46:18.881316  1539 skeleton_planner.h:170] Found solution in: 23
I20260909 04:46:18.881325  1539 skeleton_planner.h:170] Found solution in: 1
I20260909 04:46:18.881349  1539 skeleton_planner.h:170] Found solution in: 5
I20260909 04:46:18.881358  1539 skeleton_planner.h:170] Found solution in: 1
I20260909 04:46:18.881373  1539 skeleton_planner.h:170] Found solution in: 18
I20260909 04:46:18.881383  1539 skeleton_planner.h:170] Found solution in: 1
I20260909 04:46:18.881484  1539 skeleton_planner.h:170] Found solution in: 5
I20260909 04:46:18.881491  1539 skeleton_planner.h:170] Found solution in: 1
I20260909 04:46:18.881523  1539 skeleton_planner.h:170] Found solution in: 10
I20260909 04:46:18.881531  1539 skeleton_planner.h:170] Found solution in: 1
I20260909 04:46:18.881554  1539 skeleton_planner.h:170] Found solution in: 8
I20260909 04:46:18.881563  1539 skeleton_planner.h:170] Found solution in: 1
I20260909 04:46:18.881567  1539 skeleton_planner.h:170] Found solution in: 3
I20260909 04:46:18.881747  1539 skeleton_planner.h:170] Found solution in: 8
I20260909 04:46:18.881754  1539 skeleton_planner.h:170] Found solution in: 1
I20260909 04:46:18.881958  1539 skeleton_planner.h:170] Found solution in: 1
I20260909 04:46:18.881968  1539 skeleton_planner.h:170] Found solution in: 7
I20260909 04:46:18.882001  1539 skeleton_planner.h:170] Found solution in: 6
I20260909 04:46:18.882011  1539 skeleton_planner.h:170] Found solution in: 1
I20260909 04:46:18.882036  1539 skeleton_planner.h:170] Found solution in: 4
I20260909 04:46:18.882045  1539 skeleton_planner.h:170] Found solution in: 1
I20260909 04:46:18.882051  1539 skeleton_planner.h:170] Found solution in: 1
I20260909 04:46:18.882058  1539 skeleton_planner.h:170] Found solution in: 1
I20260909 04:46:18.882068  1539 skeleton_planner.h:170] Found solution in: 10
I20260909 04:46:18.882077  1539 skeleton_planner.h:170] Found solution in: 1
I20260909 04:46:18.882081  1539 skeleton_planner.h:170] Found solution in: 2
I20260909 04:46:18.882093  1539 skeleton_planner.h:170] Found solution in: 3
I20260909 04:46:18.882099  1539 skeleton_planner.h:170] Found solution in: 1
I20260909 04:46:18.882107  1539 skeleton_planner.h:170] Found solution in: 1
I20260909 04:46:18.882117  1539 skeleton_planner.h:170] Found solution in: 3
I20260909 04:46:18.882125  1539 skeleton_planner.h:170] Found solution in: 1
I20260909 04:46:18.882133  1539 skeleton_planner.h:170] Found solution in: 8
I20260909 04:46:18.882139  1539 skeleton_planner.h:170] Found solution in: 1
I20260909 04:46:18.882149  1539 skeleton_planner.h:170] Found solution in: 1
I20260909 04:46:18.882164  1539 skeleton_planner.h:170] Found solution in: 3
I20260909 04:46:18.882174  1539 skeleton_planner.h:170] Found solution in: 1
I20260909 04:46:18.882278  1539 skeleton_planner.h:170] Found solution in: 5
I20260909 04:46:18.882294  1539 skeleton_planner.h:170] Found solution in: 1
I20260909 04:46:18.882308  1539 skeleton_planner.h:170] Found solution in: 3
I20260909 04:46:18.882318  1539 skeleton_planner.h:170] Found solution in: 1
I20260909 04:46:18.882321  1539 skeleton_planner.h:170] Found solution in: 3
I20260909 04:46:18.882336  1539 skeleton_planner.h:170] Found solution in: 5
I20260909 04:46:18.882346  1539 skeleton_planner.h:170] Found solution in: 1
I20260909 04:46:18.882356  1539 skeleton_planner.h:170] Found solution in: 11
I20260909 04:46:18.882454  1539 skeleton_planner.h:170] Found solution in: 6
I20260909 04:46:18.882468  1539 skeleton_planner.h:170] Found solution in: 1
I20260909 04:46:18.882471  1539 skeleton_planner.h:170] Found solution in: 2
I20260909 04:46:18.882483  1539 skeleton_planner.h:170] Found solution in: 3
I20260909 04:46:18.882490  1539 skeleton_planner.h:170] Found solution in: 1
I20260909 04:46:18.882587  1539 skeleton_planner.h:170] Found solution in: 6
I20260909 04:46:18.882598  1539 skeleton_planner.h:170] Found solution in: 1
I20260909 04:46:18.882607  1539 skeleton_planner.h:170] Found solution in: 1
I20260909 04:46:18.882615  1539 skeleton_planner.h:170] Found solution in: 1
I20260909 04:46:18.882622  1539 skeleton_planner.h:170] Found solution in: 6
I20260909 04:46:18.882647  1539 skeleton_planner.h:170] Found solution in: 29
I20260909 04:46:18.882656  1539 skeleton_planner.h:170] Found solution in: 1
I20260909 04:46:18.882663  1539 skeleton_planner.h:170] Found solution in: 5
I20260909 04:46:18.882673  1539 skeleton_planner.h:170] Found solution in: 9
I20260909 04:46:18.882679  1539 skeleton_planner.h:170] Found solution in: 1
I20260909 04:46:18.882685  1539 skeleton_planner.h:170] Found solution in: 5
I20260909 04:46:18.882694  1539 skeleton_planner.h:170] Found solution in: 7
I20260909 04:46:18.882702  1539 skeleton_planner.h:170] Found solution in: 1
I20260909 04:46:18.882709  1539 skeleton_planner.h:170] Found solution in: 5
I20260909 04:46:18.882804  1539 skeleton_planner.h:170] Found solution in: 7
I20260909 04:46:18.882815  1539 skeleton_planner.h:170] Found solution in: 1
I20260909 04:46:18.882824  1539 skeleton_planner.h:170] Found solution in: 9
I20260909 04:46:18.882831  1539 skeleton_planner.h:170] Found solution in: 1
I20260909 04:46:18.882839  1539 skeleton_planner.h:170] Found solution in: 1
I20260909 04:46:18.882846  1539 skeleton_planner.h:170] Found solution in: 1
I20260909 04:46:18.882884  1539 skeleton_planner.h:170] Found solution in: 45
I20260909 04:46:18.882956  1539 skeleton_planner.h:170] Found solution in: 90
I20260909 04:46:18.882966  1539 skeleton_planner.h:170] Found solution in: 1
I20260909 04:46:18.882972  1539 skeleton_planner.h:170] Found solution in: 4
I20260909 04:46:18.882978  1539 skeleton_planner.h:170] Found solution in: 5
I20260909 04:46:18.883002  1539 skeleton_planner.h:170] Found solution in: 5
I20260909 04:46:18.883010  1539 skeleton_planner.h:170] Found solution in: 1
I20260909 04:46:18.883016  1539 skeleton_planner.h:170] Found solution in: 6
I20260909 04:46:18.883024  1539 skeleton_planner.h:170] Found solution in: 1
I20260909 04:46:18.883119  1539 skeleton_planner.h:170] Found solution in: 49
I20260909 04:46:18.883396  1539 skeleton_planner.h:170] Found solution in: 1
I20260909 04:46:18.883404  1539 skeleton_planner.h:170] Found solution in: 6
I20260909 04:46:18.883426  1539 skeleton_planner.h:170] Found solution in: 4
I20260909 04:46:18.883437  1539 skeleton_planner.h:170] Found solution in: 1
I20260909 04:46:18.883445  1539 skeleton_planner.h:170] Found solution in: 7
I20260909 04:46:18.883463  1539 skeleton_planner.h:170] Found solution in: 6
I20260909 04:46:18.883472  1539 skeleton_planner.h:170] Found solution in: 1
I20260909 04:46:18.883607  1539 skeleton_planner.h:170] Found solution in: 66
I20260909 04:46:18.883641  1539 skeleton_planner.h:170] Found solution in: 8
I20260909 04:46:18.883652  1539 skeleton_planner.h:170] Found solution in: 1
I20260909 04:46:18.883659  1539 skeleton_planner.h:170] Found solution in: 5
I20260909 04:46:18.883669  1539 skeleton_planner.h:170] Found solution in: 9
I20260909 04:46:18.883684  1539 skeleton_planner.h:170] Found solution in: 17
I20260909 04:46:18.883692  1539 skeleton_planner.h:170] Found solution in: 1
I20260909 04:46:18.883698  1539 skeleton_planner.h:170] Found solution in: 5
I20260909 04:46:18.883709  1539 skeleton_planner.h:170] Found solution in: 13
I20260909 04:46:18.883715  1539 skeleton_planner.h:170] Found solution in: 1
I20260909 04:46:18.883720  1539 skeleton_planner.h:170] Found solution in: 5
I20260909 04:46:18.883725  1539 skeleton_planner.h:170] Found solution in: 1
I20260909 04:46:18.883747  1539 skeleton_planner.h:170] Found solution in: 6
I20260909 04:46:18.883757  1539 skeleton_planner.h:170] Found solution in: 1
I20260909 04:46:18.883770  1539 skeleton_planner.h:170] Found solution in: 4
I20260909 04:46:18.883777  1539 skeleton_planner.h:170] Found solution in: 1
I20260909 04:46:18.883785  1539 skeleton_planner.h:170] Found solution in: 1
I20260909 04:46:18.883801  1539 skeleton_planner.h:170] Found solution in: 4
I20260909 04:46:18.883811  1539 skeleton_planner.h:170] Found solution in: 1
I20260909 04:46:18.883816  1539 skeleton_planner.h:170] Found solution in: 2
I20260909 04:46:18.883821  1539 skeleton_planner.h:170] Found solution in: 1
I20260909 04:46:18.883922  1539 skeleton_planner.h:170] Found solution in: 5
I20260909 04:46:18.883934  1539 skeleton_planner.h:170] Found solution in: 1
I20260909 04:46:18.883940  1539 skeleton_planner.h:170] Found solution in: 6
I20260909 04:46:18.883946  1539 skeleton_planner.h:170] Found solution in: 1
I20260909 04:46:18.883953  1539 skeleton_planner.h:170] Found solution in: 1
I20260909 04:46:18.883957  1539 skeleton_planner.h:170] Found solution in: 2
I20260909 04:46:18.884176  1539 skeleton_planner.h:170] Found solution in: 1
I20260909 04:46:18.884193  1539 skeleton_planner.h:170] Found solution in: 6
I20260909 04:46:18.884202  1539 skeleton_planner.h:170] Found solution in: 1
I20260909 04:46:18.884414  1539 skeleton_planner.h:170] Found solution in: 1
I20260909 04:46:18.884423  1539 skeleton_planner.h:170] Found solution in: 7
I20260909 04:46:18.884433  1539 skeleton_planner.h:170] Found solution in: 8
I20260909 04:46:18.884438  1539 skeleton_planner.h:170] Found solution in: 1
I20260909 04:46:18.884449  1539 skeleton_planner.h:170] Found solution in: 10
I20260909 04:46:18.884454  1539 skeleton_planner.h:170] Found solution in: 4
I20260909 04:46:18.884464  1539 skeleton_planner.h:170] Found solution in: 1
I20260909 04:46:18.884475  1539 skeleton_planner.h:170] Found solution in: 1
I20260909 04:46:18.884478  1539 skeleton_planner.h:170] Found solution in: 2
I20260909 04:46:18.884490  1539 skeleton_planner.h:170] Found solution in: 3
I20260909 04:46:18.884500  1539 skeleton_planner.h:170] Found solution in: 1
I20260909 04:46:18.884598  1539 skeleton_planner.h:170] Found solution in: 5
I20260909 04:46:18.884608  1539 skeleton_planner.h:170] Found solution in: 1
I20260909 04:46:18.884696  1539 skeleton_planner.h:170] Found solution in: 4
I20260909 04:46:18.884706  1539 skeleton_planner.h:170] Found solution in: 1
I20260909 04:46:18.884711  1539 skeleton_planner.h:170] Found solution in: 3
I20260909 04:46:18.884800  1539 skeleton_planner.h:170] Found solution in: 4
I20260909 04:46:18.884809  1539 skeleton_planner.h:170] Found solution in: 1
I20260909 04:46:18.884815  1539 skeleton_planner.h:170] Found solution in: 1
I20260909 04:46:18.884819  1539 skeleton_planner.h:170] Found solution in: 3
I20260909 04:46:18.884824  1539 skeleton_planner.h:170] Found solution in: 1
I20260909 04:46:18.884836  1539 skeleton_planner.h:170] Found solution in: 11
I20260909 04:46:18.884860  1539 skeleton_planner.h:170] Found solution in: 29
I20260909 04:46:18.884871  1539 skeleton_planner.h:170] Found solution in: 1
I20260909 04:46:18.884903  1539 skeleton_planner.h:170] Found solution in: 9
I20260909 04:46:18.884912  1539 skeleton_planner.h:170] Found solution in: 1
I20260909 04:46:18.884932  1539 skeleton_planner.h:170] Found solution in: 23
I20260909 04:46:18.884941  1539 skeleton_planner.h:170] Found solution in: 8
I20260909 04:46:18.884953  1539 skeleton_planner.h:170] Found solution in: 1
I20260909 04:46:18.884960  1539 skeleton_planner.h:170] Found solution in: 1
I20260909 04:46:18.884970  1539 skeleton_planner.h:170] Found solution in: 9
I20260909 04:46:18.884976  1539 skeleton_planner.h:170] Found solution in: 1
I20260909 04:46:18.884980  1539 skeleton_planner.h:170] Found solution in: 3
I20260909 04:46:18.885161  1539 skeleton_planner.h:170] Found solution in: 5
I20260909 04:46:18.885167  1539 skeleton_planner.h:170] Found solution in: 1
I20260909 04:46:18.885176  1539 skeleton_planner.h:170] Found solution in: 3
I20260909 04:46:18.885182  1539 skeleton_planner.h:170] Found solution in: 1
I20260909 04:46:18.885267  1539 skeleton_planner.h:170] Found solution in: 3
I20260909 04:46:18.885274  1539 skeleton_planner.h:170] Found solution in: 1
I20260909 04:46:18.885360  1539 skeleton_planner.h:170] Found solution in: 4
I20260909 04:46:18.885368  1539 skeleton_planner.h:170] Found solution in: 1
I20260909 04:46:18.885381  1539 skeleton_planner.h:170] Found solution in: 15
I20260909 04:46:18.885393  1539 skeleton_planner.h:170] Found solution in: 12
I20260909 04:46:18.885401  1539 skeleton_planner.h:170] Found solution in: 7
I20260909 04:46:18.885406  1539 skeleton_planner.h:170] Found solution in: 1
I20260909 04:46:18.885421  1539 skeleton_planner.h:170] Found solution in: 18
I20260909 04:46:18.885429  1539 skeleton_planner.h:170] Found solution in: 8
I20260909 04:46:18.885435  1539 skeleton_planner.h:170] Found solution in: 1
I20260909 04:46:18.885457  1539 skeleton_planner.h:170] Found solution in: 29
I20260909 04:46:18.885465  1539 skeleton_planner.h:170] Found solution in: 1
I20260909 04:46:18.885473  1539 skeleton_planner.h:170] Found solution in: 6
I20260909 04:46:18.885480  1539 skeleton_planner.h:170] Found solution in: 1
I20260909 04:46:18.885486  1539 skeleton_planner.h:170] Found solution in: 5
I20260909 04:46:18.885494  1539 skeleton_planner.h:170] Found solution in: 1
I20260909 04:46:18.885526  1539 skeleton_planner.h:170] Found solution in: 7
I20260909 04:46:18.885536  1539 skeleton_planner.h:170] Found solution in: 1
I20260909 04:46:18.885548  1539 skeleton_planner.h:170] Found solution in: 13
I20260909 04:46:18.885555  1539 skeleton_planner.h:170] Found solution in: 5
I20260909 04:46:18.885561  1539 skeleton_planner.h:170] Found solution in: 1
I20260909 04:46:18.885566  1539 skeleton_planner.h:170] Found solution in: 5
I20260909 04:46:18.885658  1539 skeleton_planner.h:170] Found solution in: 5
I20260909 04:46:18.885667  1539 skeleton_planner.h:170] Found solution in: 1
I20260909 04:46:18.885722  1539 skeleton_planner.h:170] Found solution in: 72
I20260909 04:46:18.885795  1539 skeleton_planner.h:170] Found solution in: 95
I20260909 04:46:18.885895  1539 skeleton_planner.h:170] Found solution in: 6
I20260909 04:46:18.885907  1539 skeleton_planner.h:170] Found solution in: 1
I20260909 04:46:18.885921  1539 skeleton_planner.h:170] Found solution in: 3
I20260909 04:46:18.885933  1539 skeleton_planner.h:170] Found solution in: 1
I20260909 04:46:18.885990  1539 skeleton_planner.h:170] Found solution in: 56
I20260909 04:46:18.886000  1539 skeleton_planner.h:170] Found solution in: 1
I20260909 04:46:18.886005  1539 skeleton_planner.h:170] Found solution in: 3
I20260909 04:46:18.886021  1539 skeleton_planner.h:170] Found solution in: 5
I20260909 04:46:18.886029  1539 skeleton_planner.h:170] Found solution in: 1
I20260909 04:46:18.886046  1539 skeleton_planner.h:170] Found solution in: 7
I20260909 04:46:18.886057  1539 skeleton_planner.h:170] Found solution in: 1
I20260909 04:46:18.886063  1539 skeleton_planner.h:170] Found solution in: 5
I20260909 04:46:18.886072  1539 skeleton_planner.h:170] Found solution in: 1
I20260909 04:46:18.886078  1539 skeleton_planner.h:170] Found solution in: 1
I20260909 04:46:18.886085  1539 skeleton_planner.h:170] Found solution in: 1
I20260909 04:46:18.886088  1539 skeleton_planner.h:170] Found solution in: 2
I20260909 04:46:18.886097  1539 skeleton_planner.h:170] Found solution in: 1
I20260909 04:46:18.886118  1539 skeleton_planner.h:170] Found solution in: 24
I20260909 04:46:18.886128  1539 skeleton_planner.h:170] Found solution in: 1
I20260909 04:46:18.886147  1539 skeleton_planner.h:170] Found solution in: 3
I20260909 04:46:18.886157  1539 skeleton_planner.h:170] Found solution in: 1
I20260909 04:46:18.886164  1539 skeleton_planner.h:170] Found solution in: 1
I20260909 04:46:18.886178  1539 skeleton_planner.h:170] Found solution in: 5
I20260909 04:46:18.886188  1539 skeleton_planner.h:170] Found solution in: 1
I20260909 04:46:18.886195  1539 skeleton_planner.h:170] Found solution in: 6
I20260909 04:46:18.886204  1539 skeleton_planner.h:170] Found solution in: 1
I20260909 04:46:18.886211  1539 skeleton_planner.h:170] Found solution in: 7
I20260909 04:46:18.886281  1539 skeleton_planner.h:170] Found solution in: 84
I20260909 04:46:18.886302  1539 skeleton_planner.h:170] Found solution in: 21
I20260909 04:46:18.886323  1539 skeleton_planner.h:170] Found solution in: 23
I20260909 04:46:18.886330  1539 skeleton_planner.h:170] Found solution in: 1
I20260909 04:46:18.886370  1539 skeleton_planner.h:170] Found solution in: 45
I20260909 04:46:18.886464  1539 skeleton_planner.h:170] Found solution in: 4
I20260909 04:46:18.886472  1539 skeleton_planner.h:170] Found solution in: 1
I20260909 04:46:18.886482  1539 skeleton_planner.h:170] Found solution in: 1
I20260909 04:46:18.886490  1539 skeleton_planner.h:170] Found solution in: 1
I20260909 04:46:18.886497  1539 skeleton_planner.h:170] Found solution in: 1
I20260909 04:46:18.886507  1539 skeleton_planner.h:170] Found solution in: 7
I20260909 04:46:18.886519  1539 skeleton_planner.h:170] Found solution in: 13
I20260909 04:46:18.886526  1539 skeleton_planner.h:170] Found solution in: 1
I20260909 04:46:18.886531  1539 skeleton_planner.h:170] Found solution in: 4
I20260909 04:46:18.886538  1539 skeleton_planner.h:170] Found solution in: 1
I20260909 04:46:18.886544  1539 skeleton_planner.h:170] Found solution in: 4
I20260909 04:46:18.886549  1539 skeleton_planner.h:170] Found solution in: 1
I20260909 04:46:18.886557  1539 skeleton_planner.h:170] Found solution in: 8
I20260909 04:46:18.886564  1539 skeleton_planner.h:170] Found solution in: 1
I20260909 04:46:18.886569  1539 skeleton_planner.h:170] Found solution in: 5
I20260909 04:46:18.886577  1539 skeleton_planner.h:170] Found solution in: 1
I20260909 04:46:18.886582  1539 skeleton_planner.h:170] Found solution in: 1
I20260909 04:46:18.886588  1539 skeleton_planner.h:170] Found solution in: 4
I20260909 04:46:18.886595  1539 skeleton_planner.h:170] Found solution in: 5
I20260909 04:46:18.886600  1539 skeleton_planner.h:170] Found solution in: 1
I20260909 04:46:18.886687  1539 skeleton_planner.h:170] Found solution in: 3
I20260909 04:46:18.886698  1539 skeleton_planner.h:170] Found solution in: 1
I20260909 04:46:18.886720  1539 skeleton_planner.h:170] Found solution in: 6
I20260909 04:46:18.886730  1539 skeleton_planner.h:170] Found solution in: 1
I20260909 04:46:18.886734  1539 skeleton_planner.h:170] Found solution in: 2
I20260909 04:46:18.886747  1539 skeleton_planner.h:170] Found solution in: 4
I20260909 04:46:18.886759  1539 skeleton_planner.h:170] Found solution in: 1
I20260909 04:46:18.886770  1539 skeleton_planner.h:170] Found solution in: 3
I20260909 04:46:18.886778  1539 skeleton_planner.h:170] Found solution in: 1
I20260909 04:46:18.886783  1539 skeleton_planner.h:170] Found solution in: 3
I20260909 04:46:18.886798  1539 skeleton_planner.h:170] Found solution in: 5
I20260909 04:46:18.886806  1539 skeleton_planner.h:170] Found solution in: 1
I20260909 04:46:18.886816  1539 skeleton_planner.h:170] Found solution in: 11
I20260909 04:46:18.886825  1539 skeleton_planner.h:170] Found solution in: 12
I20260909 04:46:18.886833  1539 skeleton_planner.h:170] Found solution in: 1
I20260909 04:46:18.886845  1539 skeleton_planner.h:170] Found solution in: 4
I20260909 04:46:18.886852  1539 skeleton_planner.h:170] Found solution in: 1
I20260909 04:46:18.886857  1539 skeleton_planner.h:170] Found solution in: 4
I20260909 04:46:18.886869  1539 skeleton_planner.h:170] Found solution in: 15
I20260909 04:46:18.886894  1539 skeleton_planner.h:170] Found solution in: 4
I20260909 04:46:18.886901  1539 skeleton_planner.h:170] Found solution in: 1
I20260909 04:46:18.886906  1539 skeleton_planner.h:170] Found solution in: 1
I20260909 04:46:18.886914  1539 skeleton_planner.h:170] Found solution in: 6
I20260909 04:46:18.886917  1539 skeleton_planner.h:170] Found solution in: 1
I20260909 04:46:18.886921  1539 skeleton_planner.h:170] Found solution in: 3
I20260909 04:46:18.886940  1539 skeleton_planner.h:170] Found solution in: 5
I20260909 04:46:18.886946  1539 skeleton_planner.h:170] Found solution in: 1
I20260909 04:46:18.886976  1539 skeleton_planner.h:170] Found solution in: 5
I20260909 04:46:18.886982  1539 skeleton_planner.h:170] Found solution in: 1
I20260909 04:46:18.886998  1539 skeleton_planner.h:170] Found solution in: 5
I20260909 04:46:18.887007  1539 skeleton_planner.h:170] Found solution in: 1
I20260909 04:46:18.887027  1539 skeleton_planner.h:170] Found solution in: 5
I20260909 04:46:18.887035  1539 skeleton_planner.h:170] Found solution in: 1
I20260909 04:46:18.887043  1539 skeleton_planner.h:170] Found solution in: 1
I20260909 04:46:18.887048  1539 skeleton_planner.h:170] Found solution in: 4
I20260909 04:46:18.887055  1539 skeleton_planner.h:170] Found solution in: 6
I20260909 04:46:18.887092  1539 skeleton_planner.h:170] Found solution in: 40
I20260909 04:46:18.887104  1539 skeleton_planner.h:170] Found solution in: 1
I20260909 04:46:18.887116  1539 skeleton_planner.h:170] Found solution in: 3
I20260909 04:46:18.887125  1539 skeleton_planner.h:170] Found solution in: 1
I20260909 04:46:18.887130  1539 skeleton_planner.h:170] Found solution in: 4
I20260909 04:46:18.887158  1539 skeleton_planner.h:170] Found solution in: 40
I20260909 04:46:18.887169  1539 skeleton_planner.h:170] Found solution in: 1
I20260909 04:46:18.887179  1539 skeleton_planner.h:170] Found solution in: 10
I20260909 04:46:18.887288  1539 skeleton_planner.h:170] Found solution in: 8
I20260909 04:46:18.887298  1539 skeleton_planner.h:170] Found solution in: 1
I20260909 04:46:18.887310  1539 skeleton_planner.h:170] Found solution in: 1
I20260909 04:46:18.887315  1539 skeleton_planner.h:170] Found solution in: 3
I20260909 04:46:18.887760  1539 skeleton_planner.h:170] Found solution in: 1
I20260909 04:46:18.887764  1539 skeleton_planner.h:170] Found solution in: 3
I20260909 04:46:18.888216  1539 skeleton_planner.h:170] Found solution in: 1
I20260909 04:46:18.888221  1539 skeleton_planner.h:170] Found solution in: 2
I20260909 04:46:18.888455  1539 skeleton_planner.h:170] Found solution in: 1
I20260909 04:46:18.888463  1539 skeleton_planner.h:170] Found solution in: 1
I20260909 04:46:18.888499  1539 skeleton_planner.h:170] Found solution in: 9
I20260909 04:46:18.888507  1539 skeleton_planner.h:170] Found solution in: 1
I20260909 04:46:18.888512  1539 skeleton_planner.h:170] Found solution in: 4
I20260909 04:46:18.888687  1539 skeleton_planner.h:170] Found solution in: 1
I20260909 04:46:18.888692  1539 skeleton_planner.h:170] Found solution in: 4
I20260909 04:46:18.888900  1539 skeleton_planner.h:170] Found solution in: 1
I20260909 04:46:18.888906  1539 skeleton_planner.h:170] Found solution in: 3
I20260909 04:46:18.888912  1539 skeleton_planner.h:170] Found solution in: 1
I20260909 04:46:18.888916  1539 skeleton_planner.h:170] Found solution in: 3
I20260909 04:46:18.889077  1539 skeleton_planner.h:170] Found solution in: 1
I20260909 04:46:18.889084  1539 skeleton_planner.h:170] Found solution in: 4
I20260909 04:46:18.889092  1539 skeleton_planner.h:170] Found solution in: 1
I20260909 04:46:18.889096  1539 skeleton_planner.h:170] Found solution in: 2
I20260909 04:46:18.889124  1539 skeleton_planner.h:170] Found solution in: 6
I20260909 04:46:18.889137  1539 skeleton_planner.h:170] Found solution in: 1
I20260909 04:46:18.889144  1539 skeleton_planner.h:170] Found solution in: 7
I20260909 04:46:18.889150  1539 skeleton_planner.h:170] Found solution in: 1
I20260909 04:46:18.889196  1539 skeleton_planner.h:170] Found solution in: 50
I20260909 04:46:18.889205  1539 skeleton_planner.h:170] Found solution in: 7
I20260909 04:46:18.889216  1539 skeleton_planner.h:170] Found solution in: 12
I20260909 04:46:18.889228  1539 skeleton_planner.h:170] Found solution in: 1
I20260909 04:46:18.889247  1539 skeleton_planner.h:170] Found solution in: 16
I20260909 04:46:18.889256  1539 skeleton_planner.h:170] Found solution in: 1
I20260909 04:46:18.889271  1539 skeleton_planner.h:170] Found solution in: 19
I20260909 04:46:18.889277  1539 skeleton_planner.h:170] Found solution in: 1
I20260909 04:46:18.889284  1539 skeleton_planner.h:170] Found solution in: 1
I20260909 04:46:18.889393  1539 skeleton_planner.h:170] Found solution in: 4
I20260909 04:46:18.889403  1539 skeleton_planner.h:170] Found solution in: 1
I20260909 04:46:18.889410  1539 skeleton_planner.h:170] Found solution in: 5
I20260909 04:46:18.889415  1539 skeleton_planner.h:170] Found solution in: 1
I20260909 04:46:18.889423  1539 skeleton_planner.h:170] Found solution in: 1
I20260909 04:46:18.889945  1539 skeleton_planner.h:170] Found solution in: 100
I20260909 04:46:18.890209  1539 skeleton_planner.h:170] Found solution in: 1
I20260909 04:46:18.890214  1539 skeleton_planner.h:170] Found solution in: 3
I20260909 04:46:18.890256  1539 skeleton_planner.h:170] Found solution in: 13
I20260909 04:46:18.890277  1539 skeleton_planner.h:170] Found solution in: 6
I20260909 04:46:18.890286  1539 skeleton_planner.h:170] Found solution in: 1
I20260909 04:46:18.890311  1539 skeleton_planner.h:170] Found solution in: 9
I20260909 04:46:18.890318  1539 skeleton_planner.h:170] Found solution in: 1
I20260909 04:46:18.890326  1539 skeleton_planner.h:170] Found solution in: 1
I20260909 04:46:18.890427  1539 skeleton_planner.h:170] Found solution in: 4
I20260909 04:46:18.890439  1539 skeleton_planner.h:170] Found solution in: 1
I20260909 04:46:18.890453  1539 skeleton_planner.h:170] Found solution in: 3
I20260909 04:46:18.890461  1539 skeleton_planner.h:170] Found solution in: 1
I20260909 04:46:18.890465  1539 skeleton_planner.h:170] Found solution in: 3
I20260909 04:46:18.890477  1539 skeleton_planner.h:170] Found solution in: 3
I20260909 04:46:18.890483  1539 skeleton_planner.h:170] Found solution in: 1
I20260909 04:46:18.890497  1539 skeleton_planner.h:170] Found solution in: 4
I20260909 04:46:18.890507  1539 skeleton_planner.h:170] Found solution in: 1
I20260909 04:46:18.890532  1539 skeleton_planner.h:170] Found solution in: 29
I20260909 04:46:18.890538  1539 skeleton_planner.h:170] Found solution in: 1
I20260909 04:46:18.890549  1539 skeleton_planner.h:170] Found solution in: 3
I20260909 04:46:18.890559  1539 skeleton_planner.h:170] Found solution in: 1
I20260909 04:46:18.890653  1539 skeleton_planner.h:170] Found solution in: 3
I20260909 04:46:18.890661  1539 skeleton_planner.h:170] Found solution in: 1
I20260909 04:46:18.890666  1539 skeleton_planner.h:170] Found solution in: 2
I20260909 04:46:18.890676  1539 skeleton_planner.h:170] Found solution in: 3
I20260909 04:46:18.890684  1539 skeleton_planner.h:170] Found solution in: 1
I20260909 04:46:18.890689  1539 skeleton_planner.h:170] Found solution in: 1
I20260909 04:46:18.890719  1539 skeleton_planner.h:170] Found solution in: 37
I20260909 04:46:18.890810  1539 skeleton_planner.h:170] Found solution in: 4
I20260909 04:46:18.890818  1539 skeleton_planner.h:170] Found solution in: 1
I20260909 04:46:18.890825  1539 skeleton_planner.h:170] Found solution in: 5
I20260909 04:46:18.890829  1539 skeleton_planner.h:170] Found solution in: 1
I20260909 04:46:18.890843  1539 skeleton_planner.h:170] Found solution in: 4
I20260909 04:46:18.890851  1539 skeleton_planner.h:170] Found solution in: 1
I20260909 04:46:18.890857  1539 skeleton_planner.h:170] Found solution in: 5
I20260909 04:46:18.890862  1539 skeleton_planner.h:170] Found solution in: 1
I20260909 04:46:18.890873  1539 skeleton_planner.h:170] Found solution in: 10
I20260909 04:46:18.890882  1539 skeleton_planner.h:170] Found solution in: 1
I20260909 04:46:18.890970  1539 skeleton_planner.h:170] Found solution in: 3
I20260909 04:46:18.890978  1539 skeleton_planner.h:170] Found solution in: 1
I20260909 04:46:18.890985  1539 skeleton_planner.h:170] Found solution in: 1
I20260909 04:46:18.891050  1539 skeleton_planner.h:170] Found solution in: 71
I20260909 04:46:18.891153  1539 skeleton_planner.h:170] Found solution in: 4
I20260909 04:46:18.891162  1539 skeleton_planner.h:170] Found solution in: 1
I20260909 04:46:18.891168  1539 skeleton_planner.h:170] Found solution in: 5
I20260909 04:46:18.891175  1539 skeleton_planner.h:170] Found solution in: 1
I20260909 04:46:18.891181  1539 skeleton_planner.h:170] Found solution in: 5
I20260909 04:46:18.891189  1539 skeleton_planner.h:170] Found solution in: 1
I20260909 04:46:18.891197  1539 skeleton_planner.h:170] Found solution in: 7
I20260909 04:46:18.891278  1539 skeleton_planner.h:170] Found solution in: 86
I20260909 04:46:18.891291  1539 skeleton_planner.h:170] Found solution in: 1
I20260909 04:46:18.891296  1539 skeleton_planner.h:170] Found solution in: 1
I20260909 04:46:18.891309  1539 skeleton_planner.h:170] Found solution in: 8
I20260909 04:46:18.891317  1539 skeleton_planner.h:170] Found solution in: 1
I20260909 04:46:18.891335  1539 skeleton_planner.h:170] Found solution in: 4
I20260909 04:46:18.891340  1539 skeleton_planner.h:170] Found solution in: 1
I20260909 04:46:18.891345  1539 skeleton_planner.h:170] Found solution in: 2
I20260909 04:46:18.891355  1539 skeleton_planner.h:170] Found solution in: 3
I20260909 04:46:18.891367  1539 skeleton_planner.h:170] Found solution in: 1
I20260909 04:46:18.891371  1539 skeleton_planner.h:170] Found solution in: 2
I20260909 04:46:18.891386  1539 skeleton_planner.h:170] Found solution in: 5
I20260909 04:46:18.891395  1539 skeleton_planner.h:170] Found solution in: 1
I20260909 04:46:18.891407  1539 skeleton_planner.h:170] Found solution in: 4
I20260909 04:46:18.891415  1539 skeleton_planner.h:170] Found solution in: 1
I20260909 04:46:18.891422  1539 skeleton_planner.h:170] Found solution in: 1
I20260909 04:46:18.891436  1539 skeleton_planner.h:170] Found solution in: 7
I20260909 04:46:18.891443  1539 skeleton_planner.h:170] Found solution in: 1
I20260909 04:46:18.891451  1539 skeleton_planner.h:170] Found solution in: 8
I20260909 04:46:18.891463  1539 skeleton_planner.h:170] Found solution in: 11
I20260909 04:46:18.891470  1539 skeleton_planner.h:170] Found solution in: 1
I20260909 04:46:18.891475  1539 skeleton_planner.h:170] Found solution in: 5
I20260909 04:46:18.891481  1539 skeleton_planner.h:170] Found solution in: 5
I20260909 04:46:18.891490  1539 skeleton_planner.h:170] Found solution in: 1
I20260909 04:46:18.891496  1539 skeleton_planner.h:170] Found solution in: 1
I20260909 04:46:18.891510  1539 skeleton_planner.h:170] Found solution in: 14
I20260909 04:46:18.891516  1539 skeleton_planner.h:170] Found solution in: 5
I20260909 04:46:18.891525  1539 skeleton_planner.h:170] Found solution in: 1
I20260909 04:46:18.891530  1539 skeleton_planner.h:170] Found solution in: 4
I20260909 04:46:18.891546  1539 skeleton_planner.h:170] Found solution in: 20
I20260909 04:46:18.891559  1539 skeleton_planner.h:170] Found solution in: 1
I20260909 04:46:18.891566  1539 skeleton_planner.h:170] Found solution in: 6
I20260909 04:46:18.891574  1539 skeleton_planner.h:170] Found solution in: 1
I20260909 04:46:18.891578  1539 skeleton_planner.h:170] Found solution in: 3
I20260909 04:46:18.891598  1539 skeleton_planner.h:170] Found solution in: 5
I20260909 04:46:18.891610  1539 skeleton_planner.h:170] Found solution in: 1
I20260909 04:46:18.891618  1539 skeleton_planner.h:170] Found solution in: 6
I20260909 04:46:18.891624  1539 skeleton_planner.h:170] Found solution in: 1
I20260909 04:46:18.891683  1539 skeleton_planner.h:170] Found solution in: 26
I20260909 04:46:18.891702  1539 skeleton_planner.h:170] Found solution in: 5
I20260909 04:46:18.891710  1539 skeleton_planner.h:170] Found solution in: 1
I20260909 04:46:18.891719  1539 skeleton_planner.h:170] Found solution in: 1
I20260909 04:46:18.891738  1539 skeleton_planner.h:170] Found solution in: 21
I20260909 04:46:18.891746  1539 skeleton_planner.h:170] Found solution in: 6
I20260909 04:46:18.891753  1539 skeleton_planner.h:170] Found solution in: 1
I20260909 04:46:18.891765  1539 skeleton_planner.h:170] Found solution in: 13
I20260909 04:46:18.891774  1539 skeleton_planner.h:170] Found solution in: 1
I20260909 04:46:18.891781  1539 skeleton_planner.h:170] Found solution in: 1
I20260909 04:46:18.891813  1539 skeleton_planner.h:170] Found solution in: 35
I20260909 04:46:18.891824  1539 skeleton_planner.h:170] Found solution in: 1
I20260909 04:46:18.891932  1539 skeleton_planner.h:170] Found solution in: 3
I20260909 04:46:18.891942  1539 skeleton_planner.h:170] Found solution in: 1
I20260909 04:46:18.891944  1539 skeleton_planner.h:170] Found solution in: 2
I20260909 04:46:18.891954  1539 skeleton_planner.h:170] Found solution in: 3
I20260909 04:46:18.891963  1539 skeleton_planner.h:170] Found solution in: 1
I20260909 04:46:18.891973  1539 skeleton_planner.h:170] Found solution in: 3
I20260909 04:46:18.891983  1539 skeleton_planner.h:170] Found solution in: 1
I20260909 04:46:18.892083  1539 skeleton_planner.h:170] Found solution in: 4
I20260909 04:46:18.892091  1539 skeleton_planner.h:170] Found solution in: 1
I20260909 04:46:18.892097  1539 skeleton_planner.h:170] Found solution in: 5
I20260909 04:46:18.892104  1539 skeleton_planner.h:170] Found solution in: 7
I20260909 04:46:18.892123  1539 skeleton_planner.h:170] Found solution in: 24
I20260909 04:46:18.892129  1539 skeleton_planner.h:170] Found solution in: 1
I20260909 04:46:18.892164  1539 skeleton_planner.h:170] Found solution in: 48
I20260909 04:46:18.892254  1539 skeleton_planner.h:170] Found solution in: 4
I20260909 04:46:18.892264  1539 skeleton_planner.h:170] Found solution in: 1
I20260909 04:46:18.892360  1539 skeleton_planner.h:170] Found solution in: 3
I20260909 04:46:18.892369  1539 skeleton_planner.h:170] Found solution in: 1
I20260909 04:46:18.892378  1539 skeleton_planner.h:170] Found solution in: 1
I20260909 04:46:18.892405  1539 skeleton_planner.h:170] Found solution in: 7
I20260909 04:46:18.892414  1539 skeleton_planner.h:170] Found solution in: 1
I20260909 04:46:18.892438  1539 skeleton_planner.h:170] Found solution in: 8
I20260909 04:46:18.892450  1539 skeleton_planner.h:170] Found solution in: 1
I20260909 04:46:18.892459  1539 skeleton_planner.h:170] Found solution in: 9
I20260909 04:46:18.892467  1539 skeleton_planner.h:170] Found solution in: 1
I20260909 04:46:18.892472  1539 skeleton_planner.h:170] Found solution in: 3
I20260909 04:46:18.892478  1539 skeleton_planner.h:170] Found solution in: 1
I20260909 04:46:18.892482  1539 skeleton_planner.h:170] Found solution in: 3
I20260909 04:46:18.892489  1539 skeleton_planner.h:170] Found solution in: 1
I20260909 04:46:18.892498  1539 skeleton_planner.h:170] Found solution in: 7
I20260909 04:46:18.892539  1539 skeleton_planner.h:170] Found solution in: 46
I20260909 04:46:18.892549  1539 skeleton_planner.h:170] Found solution in: 1
I20260909 04:46:18.892570  1539 skeleton_planner.h:170] Found solution in: 26
I20260909 04:46:18.892578  1539 skeleton_planner.h:170] Found solution in: 6
I20260909 04:46:18.892583  1539 skeleton_planner.h:170] Found solution in: 1
I20260909 04:46:18.892614  1539 skeleton_planner.h:170] Found solution in: 38
I20260909 04:46:18.892642  1539 skeleton_planner.h:170] Found solution in: 32
I20260909 04:46:18.892648  1539 skeleton_planner.h:170] Found solution in: 1
I20260909 04:46:18.892652  1539 skeleton_planner.h:170] Found solution in: 3
I20260909 04:46:18.892656  1539 skeleton_planner.h:170] Found solution in: 1
I20260909 04:46:18.892660  1539 skeleton_planner.h:170] Found solution in: 3
I20260909 04:46:18.892726  1539 skeleton_planner.h:170] Found solution in: 79
I20260909 04:46:18.892735  1539 skeleton_planner.h:170] Found solution in: 1
I20260909 04:46:18.892740  1539 skeleton_planner.h:170] Found solution in: 6
I20260909 04:46:18.892760  1539 skeleton_planner.h:170] Found solution in: 26
I20260909 04:46:18.892838  1539 skeleton_planner.h:170] Found solution in: 99
I20260909 04:46:18.892850  1539 skeleton_planner.h:170] Found solution in: 1
I20260909 04:46:18.892859  1539 skeleton_planner.h:170] Found solution in: 8
I20260909 04:46:18.892868  1539 skeleton_planner.h:170] Found solution in: 1
I20260909 04:46:18.892872  1539 skeleton_planner.h:170] Found solution in: 2
I20260909 04:46:18.892879  1539 skeleton_planner.h:170] Found solution in: 1
I20260909 04:46:18.892885  1539 skeleton_planner.h:170] Found solution in: 1
I20260909 04:46:18.892897  1539 skeleton_planner.h:170] Found solution in: 15
I20260909 04:46:18.892910  1539 skeleton_planner.h:170] Found solution in: 14
I20260909 04:46:18.892921  1539 skeleton_planner.h:170] Found solution in: 1
I20260909 04:46:18.893023  1539 skeleton_planner.h:170] Found solution in: 5
I20260909 04:46:18.893034  1539 skeleton_planner.h:170] Found solution in: 1
I20260909 04:46:18.893141  1539 skeleton_planner.h:170] Found solution in: 5
I20260909 04:46:18.893149  1539 skeleton_planner.h:170] Found solution in: 1
I20260909 04:46:18.893165  1539 skeleton_planner.h:170] Found solution in: 18
I20260909 04:46:18.893172  1539 skeleton_planner.h:170] Found solution in: 1
I20260909 04:46:18.893193  1539 skeleton_planner.h:170] Found solution in: 23
I20260909 04:46:18.893199  1539 skeleton_planner.h:170] Found solution in: 1
I20260909 04:46:18.893203  1539 skeleton_planner.h:170] Found solution in: 2
I20260909 04:46:18.893237  1539 skeleton_planner.h:170] Found solution in: 16
I20260909 04:46:18.893246  1539 skeleton_planner.h:170] Found solution in: 1
I20260909 04:46:18.893491  1539 skeleton_planner.h:170] Found solution in: 1
I20260909 04:46:18.893501  1539 skeleton_planner.h:170] Found solution in: 3
I20260909 04:46:18.893509  1539 skeleton_planner.h:170] Found solution in: 1
I20260909 04:46:18.893522  1539 skeleton_planner.h:170] Found solution in: 3
I20260909 04:46:18.893530  1539 skeleton_planner.h:170] Found solution in: 1
I20260909 04:46:18.893539  1539 skeleton_planner.h:170] Found solution in: 1
I20260909 04:46:18.893548  1539 skeleton_planner.h:170] Found solution in: 7
I20260909 04:46:18.893620  1539 skeleton_planner.h:170] Found solution in: 73
I20260909 04:46:18.893630  1539 skeleton_planner.h:170] Found solution in: 1
I20260909 04:46:18.893635  1539 skeleton_planner.h:170] Found solution in: 4
I20260909 04:46:18.893641  1539 skeleton_planner.h:170] Found solution in: 1
I20260909 04:46:18.893649  1539 skeleton_planner.h:170] Found solution in: 8
I20260909 04:46:18.893744  1539 skeleton_planner.h:170] Found solution in: 6
I20260909 04:46:18.893752  1539 skeleton_planner.h:170] Found solution in: 1
I20260909 04:46:18.893760  1539 skeleton_planner.h:170] Found solution in: 7
I20260909 04:46:18.893833  1539 skeleton_planner.h:170] Found solution in: 86
I20260909 04:46:18.893846  1539 skeleton_planner.h:170] Found solution in: 1
I20260909 04:46:18.893860  1539 skeleton_planner.h:170] Found solution in: 4
I20260909 04:46:18.893872  1539 skeleton_planner.h:170] Found solution in: 1
I20260909 04:46:18.893878  1539 skeleton_planner.h:170] Found solution in: 1
I20260909 04:46:18.893903  1539 skeleton_planner.h:170] Found solution in: 7
I20260909 04:46:18.893914  1539 skeleton_planner.h:170] Found solution in: 1
I20260909 04:46:18.893919  1539 skeleton_planner.h:170] Found solution in: 3
I20260909 04:46:18.893934  1539 skeleton_planner.h:170] Found solution in: 4
I20260909 04:46:18.893944  1539 skeleton_planner.h:170] Found solution in: 1
I20260909 04:46:18.893963  1539 skeleton_planner.h:170] Found solution in: 6
I20260909 04:46:18.893972  1539 skeleton_planner.h:170] Found solution in: 1
I20260909 04:46:18.893982  1539 skeleton_planner.h:170] Found solution in: 9
I20260909 04:46:18.893988  1539 skeleton_planner.h:170] Found solution in: 1
I20260909 04:46:18.894007  1539 skeleton_planner.h:170] Found solution in: 5
I20260909 04:46:18.894017  1539 skeleton_planner.h:170] Found solution in: 1
I20260909 04:46:18.894057  1539 skeleton_planner.h:170] Found solution in: 40
I20260909 04:46:18.894068  1539 skeleton_planner.h:170] Found solution in: 1
I20260909 04:46:18.894078  1539 skeleton_planner.h:170] Found solution in: 1
I20260909 04:46:18.894094  1539 skeleton_planner.h:170] Found solution in: 18
I20260909 04:46:18.894101  1539 skeleton_planner.h:170] Found solution in: 1
I20260909 04:46:18.894187  1539 skeleton_planner.h:170] Found solution in: 3
I20260909 04:46:18.894194  1539 skeleton_planner.h:170] Found solution in: 1
I20260909 04:46:18.894285  1539 skeleton_planner.h:170] Found solution in: 5
I20260909 04:46:18.894294  1539 skeleton_planner.h:170] Found solution in: 1
I20260909 04:46:18.894398  1539 skeleton_planner.h:170] Found solution in: 5
I20260909 04:46:18.894409  1539 skeleton_planner.h:170] Found solution in: 1
I20260909 04:46:18.894413  1539 skeleton_planner.h:170] Found solution in: 2
I20260909 04:46:18.894429  1539 skeleton_planner.h:170] Found solution in: 4
I20260909 04:46:18.894439  1539 skeleton_planner.h:170] Found solution in: 1
I20260909 04:46:18.894527  1539 skeleton_planner.h:170] Found solution in: 5
I20260909 04:46:18.894538  1539 skeleton_planner.h:170] Found solution in: 1
I20260909 04:46:18.894543  1539 skeleton_planner.h:170] Found solution in: 3
I20260909 04:46:18.894568  1539 skeleton_planner.h:170] Found solution in: 6
I20260909 04:46:18.894578  1539 skeleton_planner.h:170] Found solution in: 1
I20260909 04:46:18.894585  1539 skeleton_planner.h:170] Found solution in: 1
I20260909 04:46:18.894588  1539 skeleton_planner.h:170] Found solution in: 2
I20260909 04:46:18.894608  1539 skeleton_planner.h:170] Found solution in: 6
I20260909 04:46:18.894616  1539 skeleton_planner.h:170] Found solution in: 1
I20260909 04:46:18.894636  1539 skeleton_planner.h:170] Found solution in: 7
I20260909 04:46:18.894647  1539 skeleton_planner.h:170] Found solution in: 1
I20260909 04:46:18.894655  1539 skeleton_planner.h:170] Found solution in: 7
I20260909 04:46:18.894663  1539 skeleton_planner.h:170] Found solution in: 1
I20260909 04:46:18.894686  1539 skeleton_planner.h:170] Found solution in: 7
I20260909 04:46:18.894695  1539 skeleton_planner.h:170] Found solution in: 1
I20260909 04:46:18.894704  1539 skeleton_planner.h:170] Found solution in: 1
I20260909 04:46:18.894729  1539 skeleton_planner.h:170] Found solution in: 8
I20260909 04:46:18.894739  1539 skeleton_planner.h:170] Found solution in: 1
I20260909 04:46:18.894747  1539 skeleton_planner.h:170] Found solution in: 1
I20260909 04:46:18.894836  1539 skeleton_planner.h:170] Found solution in: 4
I20260909 04:46:18.894845  1539 skeleton_planner.h:170] Found solution in: 1
I20260909 04:46:18.894852  1539 skeleton_planner.h:170] Found solution in: 1
I20260909 04:46:18.894860  1539 skeleton_planner.h:170] Found solution in: 8
I20260909 04:46:18.894891  1539 skeleton_planner.h:170] Found solution in: 7
I20260909 04:46:18.894898  1539 skeleton_planner.h:170] Found solution in: 1
I20260909 04:46:18.894904  1539 skeleton_planner.h:170] Found solution in: 5
I20260909 04:46:18.894932  1539 skeleton_planner.h:170] Found solution in: 6
I20260909 04:46:18.894938  1539 skeleton_planner.h:170] Found solution in: 1
I20260909 04:46:18.894994  1539 skeleton_planner.h:170] Found solution in: 18
I20260909 04:46:18.895006  1539 skeleton_planner.h:170] Found solution in: 1
I20260909 04:46:18.895010  1539 skeleton_planner.h:170] Found solution in: 2
I20260909 04:46:18.895025  1539 skeleton_planner.h:170] Found solution in: 5
I20260909 04:46:18.895032  1539 skeleton_planner.h:170] Found solution in: 1
I20260909 04:46:18.895040  1539 skeleton_planner.h:170] Found solution in: 1
I20260909 04:46:18.895045  1539 skeleton_planner.h:170] Found solution in: 3
I20260909 04:46:18.895081  1539 skeleton_planner.h:170] Found solution in: 15
I20260909 04:46:18.895092  1539 skeleton_planner.h:170] Found solution in: 1
I20260909 04:46:18.895102  1539 skeleton_planner.h:170] Found solution in: 1
I20260909 04:46:18.895125  1539 skeleton_planner.h:170] Found solution in: 4
I20260909 04:46:18.895133  1539 skeleton_planner.h:170] Found solution in: 1
I20260909 04:46:18.895146  1539 skeleton_planner.h:170] Found solution in: 4
I20260909 04:46:18.895155  1539 skeleton_planner.h:170] Found solution in: 1
I20260909 04:46:18.895167  1539 skeleton_planner.h:170] Found solution in: 10
I20260909 04:46:18.895175  1539 skeleton_planner.h:170] Found solution in: 1
I20260909 04:46:18.895190  1539 skeleton_planner.h:170] Found solution in: 3
I20260909 04:46:18.895198  1539 skeleton_planner.h:170] Found solution in: 1
I20260909 04:46:18.895205  1539 skeleton_planner.h:170] Found solution in: 1
I20260909 04:46:18.895221  1539 skeleton_planner.h:170] Found solution in: 5
I20260909 04:46:18.895231  1539 skeleton_planner.h:170] Found solution in: 1
I20260909 04:46:18.895290  1539 skeleton_planner.h:170] Found solution in: 73
I20260909 04:46:18.895344  1539 skeleton_planner.h:170] Found solution in: 61
I20260909 04:46:18.895351  1539 skeleton_planner.h:170] Found solution in: 5
I20260909 04:46:18.895364  1539 skeleton_planner.h:170] Found solution in: 14
I20260909 04:46:18.895371  1539 skeleton_planner.h:170] Found solution in: 1
I20260909 04:46:18.895376  1539 skeleton_planner.h:170] Found solution in: 5
I20260909 04:46:18.895433  1539 skeleton_planner.h:170] Found solution in: 73
I20260909 04:46:18.895469  1539 skeleton_planner.h:170] Found solution in: 11
I20260909 04:46:18.895514  1539 skeleton_planner.h:170] Found solution in: 13
I20260909 04:46:18.895545  1539 skeleton_planner.h:170] Found solution in: 9
I20260909 04:46:18.895557  1539 skeleton_planner.h:170] Found solution in: 3
I20260909 04:46:18.895571  1539 skeleton_planner.h:170] Found solution in: 4
I20260909 04:46:18.895586  1539 skeleton_planner.h:170] Found solution in: 4
I20260909 04:46:18.895596  1539 skeleton_planner.h:170] Found solution in: 3
I20260909 04:46:18.895606  1539 skeleton_planner.h:170] Found solution in: 3
I20260909 04:46:18.895617  1539 skeleton_planner.h:170] Found solution in: 3
I20260909 04:46:18.895627  1539 skeleton_planner.h:170] Found solution in: 3
I20260909 04:46:18.895639  1539 skeleton_planner.h:170] Found solution in: 3
I20260909 04:46:18.895653  1539 skeleton_planner.h:170] Found solution in: 3
I20260909 04:46:18.895673  1539 skeleton_planner.h:170] Found solution in: 7
I20260909 04:46:18.895685  1539 skeleton_planner.h:170] Found solution in: 3
I20260909 04:46:18.895699  1539 skeleton_planner.h:170] Found solution in: 5
I20260909 04:46:18.895713  1539 skeleton_planner.h:170] Found solution in: 5
I20260909 04:46:18.895728  1539 skeleton_planner.h:170] Found solution in: 4
I20260909 04:46:18.895744  1539 skeleton_planner.h:170] Found solution in: 5
I20260909 04:46:18.895756  1539 skeleton_planner.h:170] Found solution in: 4
I20260909 04:46:18.895771  1539 skeleton_planner.h:170] Found solution in: 4
I20260909 04:46:18.895781  1539 skeleton_planner.h:170] Found solution in: 3
I20260909 04:46:18.895794  1539 skeleton_planner.h:170] Found solution in: 4
I20260909 04:46:18.895812  1539 skeleton_planner.h:170] Found solution in: 5
I20260909 04:46:18.895823  1539 skeleton_planner.h:170] Found solution in: 3
I20260909 04:46:18.895834  1539 skeleton_planner.h:170] Found solution in: 3
I20260909 04:46:18.895848  1539 skeleton_planner.h:170] Found solution in: 4
I20260909 04:46:18.895856  1539 skeleton_planner.h:170] Found solution in: 2
I20260909 04:46:18.895867  1539 skeleton_planner.h:170] Found solution in: 3
I20260909 04:46:18.895879  1539 skeleton_planner.h:170] Found solution in: 3
I20260909 04:46:18.895908  1539 skeleton_planner.h:170] Found solution in: 10
I20260909 04:46:18.895921  1539 skeleton_planner.h:170] Found solution in: 3
I20260909 04:46:18.895933  1539 skeleton_planner.h:170] Found solution in: 4
I20260909 04:46:18.895948  1539 skeleton_planner.h:170] Found solution in: 4
I20260909 04:46:18.895957  1539 skeleton_planner.h:170] Found solution in: 2
I20260909 04:46:18.895965  1539 skeleton_planner.h:170] Found solution in: 3
I20260909 04:46:18.895979  1539 skeleton_planner.h:170] Found solution in: 4
I20260909 04:46:18.896001  1539 skeleton_planner.h:170] Found solution in: 6
I20260909 04:46:18.896013  1539 skeleton_planner.h:170] Found solution in: 4
I20260909 04:46:18.896020  1539 skeleton_planner.h:170] Found solution in: 2
I20260909 04:46:18.896030  1539 skeleton_planner.h:170] Found solution in: 3
I20260909 04:46:18.896047  1539 skeleton_planner.h:170] Found solution in: 5
I20260909 04:46:18.896059  1539 skeleton_planner.h:170] Found solution in: 4
I20260909 04:46:18.896080  1539 skeleton_planner.h:170] Found solution in: 8
I20260909 04:46:18.896096  1539 skeleton_planner.h:170] Found solution in: 6
I20260909 04:46:18.896107  1539 skeleton_planner.h:170] Found solution in: 4
I20260909 04:46:18.896123  1539 skeleton_planner.h:170] Found solution in: 4
I20260909 04:46:18.896142  1539 skeleton_planner.h:170] Found solution in: 5
I20260909 04:46:18.896159  1539 skeleton_planner.h:170] Found solution in: 5
I20260909 04:46:18.896171  1539 skeleton_planner.h:170] Found solution in: 4
I20260909 04:46:18.896183  1539 skeleton_planner.h:170] Found solution in: 3
I20260909 04:46:18.896193  1539 skeleton_planner.h:170] Found solution in: 3
I20260909 04:46:18.896205  1539 skeleton_planner.h:170] Found solution in: 4
I20260909 04:46:18.896222  1539 skeleton_planner.h:170] Found solution in: 5
I20260909 04:46:18.896237  1539 skeleton_planner.h:170] Found solution in: 5
I20260909 04:46:18.896256  1539 skeleton_planner.h:170] Found solution in: 5
I20260909 04:46:18.896272  1539 skeleton_planner.h:170] Found solution in: 4
I20260909 04:46:18.896281  1539 skeleton_planner.h:170] Found solution in: 2
I20260909 04:46:18.896291  1539 skeleton_planner.h:170] Found solution in: 3
I20260909 04:46:18.896301  1539 skeleton_planner.h:170] Found solution in: 3
I20260909 04:46:18.896317  1539 skeleton_planner.h:170] Found solution in: 3
I20260909 04:46:18.896338  1539 skeleton_planner.h:170] Found solution in: 6
I20260909 04:46:18.896359  1539 skeleton_planner.h:170] Found solution in: 6
I20260909 04:46:18.896370  1539 skeleton_planner.h:170] Found solution in: 3
I20260909 04:46:18.896385  1539 skeleton_planner.h:170] Found solution in: 3
I20260909 04:46:18.896405  1539 skeleton_planner.h:170] Found solution in: 6
I20260909 04:46:18.896417  1539 skeleton_planner.h:170] Found solution in: 3
I20260909 04:46:18.896431  1539 skeleton_planner.h:170] Found solution in: 4
I20260909 04:46:18.896447  1539 skeleton_planner.h:170] Found solution in: 6
I20260909 04:46:18.896471  1539 skeleton_planner.h:170] Found solution in: 8
I20260909 04:46:18.896484  1539 skeleton_planner.h:170] Found solution in: 4
I20260909 04:46:18.896495  1539 skeleton_planner.h:170] Found solution in: 3
I20260909 04:46:18.896512  1539 skeleton_planner.h:170] Found solution in: 7
I20260909 04:46:18.896538  1539 skeleton_planner.h:170] Found solution in: 9
I20260909 04:46:18.896551  1539 skeleton_planner.h:170] Found solution in: 4
I20260909 04:46:18.896574  1539 skeleton_planner.h:170] Found solution in: 7
I20260909 04:46:18.896589  1539 skeleton_planner.h:170] Found solution in: 5
I20260909 04:46:18.896600  1539 skeleton_planner.h:170] Found solution in: 3
I20260909 04:46:18.896622  1539 skeleton_planner.h:170] Found solution in: 7
I20260909 04:46:18.896651  1539 skeleton_planner.h:170] Found solution in: 12
I20260909 04:46:18.896664  1539 skeleton_planner.h:170] Found solution in: 3
I20260909 04:46:18.896679  1539 skeleton_planner.h:170] Found solution in: 4
I20260909 04:46:18.896690  1539 skeleton_planner.h:170] Found solution in: 3
I20260909 04:46:18.896701  1539 skeleton_planner.h:170] Found solution in: 3
I20260909 04:46:18.896713  1539 skeleton_planner.h:170] Found solution in: 3
I20260909 04:46:18.896724  1539 skeleton_planner.h:170] Found solution in: 4
I20260909 04:46:18.896736  1539 skeleton_planner.h:170] Found solution in: 3
I20260909 04:46:18.896749  1539 skeleton_planner.h:170] Found solution in: 4
I20260909 04:46:18.896766  1539 skeleton_planner.h:170] Found solution in: 4
I20260909 04:46:18.896786  1539 skeleton_planner.h:170] Found solution in: 5
I20260909 04:46:18.896795  1539 skeleton_planner.h:170] Found solution in: 2
I20260909 04:46:18.896816  1539 skeleton_planner.h:170] Found solution in: 7
I20260909 04:46:18.896840  1539 skeleton_planner.h:170] Found solution in: 7
I20260909 04:46:18.896852  1539 skeleton_planner.h:170] Found solution in: 3
I20260909 04:46:18.896870  1539 skeleton_planner.h:170] Found solution in: 6
I20260909 04:46:18.896886  1539 skeleton_planner.h:170] Found solution in: 5
I20260909 04:46:18.896898  1539 skeleton_planner.h:170] Found solution in: 3
I20260909 04:46:18.896914  1539 skeleton_planner.h:170] Found solution in: 5
I20260909 04:46:18.896926  1539 skeleton_planner.h:170] Found solution in: 3
I20260909 04:46:18.896938  1539 skeleton_planner.h:170] Found solution in: 4
I20260909 04:46:18.896955  1539 skeleton_planner.h:170] Found solution in: 6
I20260909 04:46:18.896965  1539 skeleton_planner.h:170] Found solution in: 3
I20260909 04:46:18.896979  1539 skeleton_planner.h:170] Found solution in: 6
I20260909 04:46:18.896991  1539 skeleton_planner.h:170] Found solution in: 4
I20260909 04:46:18.897003  1539 skeleton_planner.h:170] Found solution in: 4
I20260909 04:46:18.897020  1539 skeleton_planner.h:170] Found solution in: 4
I20260909 04:46:18.897033  1539 skeleton_planner.h:170] Found solution in: 4
I20260909 04:46:18.897046  1539 skeleton_planner.h:170] Found solution in: 4
I20260909 04:46:18.897063  1539 skeleton_planner.h:170] Found solution in: 5
I20260909 04:46:18.897074  1539 skeleton_planner.h:170] Found solution in: 3
I20260909 04:46:18.897096  1539 skeleton_planner.h:170] Found solution in: 7
I20260909 04:46:18.897120  1539 skeleton_planner.h:170] Found solution in: 8
I20260909 04:46:18.897133  1539 skeleton_planner.h:170] Found solution in: 4
I20260909 04:46:18.897147  1539 skeleton_planner.h:170] Found solution in: 5
I20260909 04:46:18.897158  1539 skeleton_planner.h:170] Found solution in: 3
I20260909 04:46:18.897171  1539 skeleton_planner.h:170] Found solution in: 4
I20260909 04:46:18.897186  1539 skeleton_planner.h:170] Found solution in: 5
I20260909 04:46:18.897204  1539 skeleton_planner.h:170] Found solution in: 6
I20260909 04:46:18.897217  1539 skeleton_planner.h:170] Found solution in: 3
I20260909 04:46:18.897226  1539 skeleton_planner.h:170] Found solution in: 3
I20260909 04:46:18.897280  1539 skeleton_planner.h:170] Found solution in: 20
I20260909 04:46:18.897295  1539 skeleton_planner.h:170] Found solution in: 3
I20260909 04:46:18.897310  1539 skeleton_planner.h:170] Found solution in: 5
I20260909 04:46:18.897349  1539 skeleton_planner.h:170] Found solution in: 15
I20260909 04:46:18.897423  1539 skeleton_planner.h:170] Found solution in: 26
I20260909 04:46:18.897441  1539 skeleton_planner.h:170] Found solution in: 5
I20260909 04:46:18.897498  1539 skeleton_planner.h:170] Found solution in: 20
I20260909 04:46:18.897514  1539 skeleton_planner.h:170] Found solution in: 4
I20260909 04:46:18.897542  1539 skeleton_planner.h:170] Found solution in: 8
I20260909 04:46:18.897569  1539 skeleton_planner.h:170] Found solution in: 9
I20260909 04:46:18.897599  1539 skeleton_planner.h:170] Found solution in: 10
I20260909 04:46:18.897629  1539 skeleton_planner.h:170] Found solution in: 9
I20260909 04:46:18.897650  1539 skeleton_planner.h:170] Found solution in: 5
I20260909 04:46:18.897740  1539 skeleton_planner.h:170] Found solution in: 25
I20260909 04:46:18.898121  1539 skeleton_planner.h:170] Found solution in: 96
I20260909 04:46:18.898185  1539 skeleton_planner.h:170] Found solution in: 9
I20260909 04:46:18.898205  1539 skeleton_planner.h:170] Found solution in: 5
I20260909 04:46:18.898231  1539 skeleton_planner.h:170] Found solution in: 8
I20260909 04:46:18.898238  1539 skeleton_planner.h:170] Found solution in: 1
I20260909 04:46:18.898262  1539 skeleton_planner.h:170] Found solution in: 8
I20260909 04:46:18.898284  1539 skeleton_planner.h:170] Found solution in: 7
I20260909 04:46:18.898317  1539 skeleton_planner.h:170] Found solution in: 13
I20260909 04:46:18.898348  1539 skeleton_planner.h:170] Found solution in: 11
I20260909 04:46:18.898360  1539 skeleton_planner.h:170] Found solution in: 3
I20260909 04:46:18.898368  1539 skeleton_planner.h:170] Found solution in: 3
I20260909 04:46:18.898380  1539 skeleton_planner.h:170] Found solution in: 4
I20260909 04:46:18.898401  1539 skeleton_planner.h:170] Found solution in: 7
I20260909 04:46:18.898496  1539 skeleton_planner.h:170] Found solution in: 38
I20260909 04:46:18.898672  1539 skeleton_planner.h:170] Found solution in: 56
I20260909 04:46:18.898696  1539 skeleton_planner.h:170] Found solution in: 4
I20260909 04:46:18.898726  1539 skeleton_planner.h:170] Found solution in: 5
I20260909 04:46:18.898742  1539 skeleton_planner.h:170] Found solution in: 5
I20260909 04:46:18.898767  1539 skeleton_planner.h:170] Found solution in: 7
I20260909 04:46:18.898784  1539 skeleton_planner.h:170] Found solution in: 4
I20260909 04:46:18.898803  1539 skeleton_planner.h:170] Found solution in: 5
I20260909 04:46:18.898809  1539 skeleton_planner.h:170] Found solution in: 1
I20260909 04:46:18.898825  1539 skeleton_planner.h:170] Found solution in: 5
I20260909 04:46:18.898841  1539 skeleton_planner.h:170] Found solution in: 5
I20260909 04:46:18.898860  1539 skeleton_planner.h:170] Found solution in: 5
I20260909 04:46:18.898881  1539 skeleton_planner.h:170] Found solution in: 6
I20260909 04:46:18.898900  1539 skeleton_planner.h:170] Found solution in: 5
I20260909 04:46:18.898913  1539 skeleton_planner.h:170] Found solution in: 4
I20260909 04:46:18.898926  1539 skeleton_planner.h:170] Found solution in: 4
I20260909 04:46:18.898939  1539 skeleton_planner.h:170] Found solution in: 5
I20260909 04:46:18.898944  1539 skeleton_planner.h:170] Found solution in: 1
I20260909 04:46:18.898947  1539 skeleton_planner.h:170] Found solution in: 1
I20260909 04:46:18.898964  1539 skeleton_planner.h:170] Found solution in: 7
I20260909 04:46:18.898983  1539 skeleton_planner.h:170] Found solution in: 7
I20260909 04:46:18.899001  1539 skeleton_planner.h:170] Found solution in: 7
I20260909 04:46:18.899217  1539 skeleton_planner.h:170] Found solution in: 68
I20260909 04:46:18.899245  1539 skeleton_planner.h:170] Found solution in: 5
I20260909 04:46:18.899281  1539 skeleton_planner.h:170] Found solution in: 7
I20260909 04:46:18.899293  1539 skeleton_planner.h:170] Found solution in: 3
I20260909 04:46:18.899304  1539 skeleton_planner.h:170] Found solution in: 3
I20260909 04:46:18.899329  1539 skeleton_planner.h:170] Found solution in: 7
I20260909 04:46:18.899343  1539 skeleton_planner.h:170] Found solution in: 3
I20260909 04:46:18.899366  1539 skeleton_planner.h:170] Found solution in: 8
I20260909 04:46:18.899392  1539 skeleton_planner.h:170] Found solution in: 8
I20260909 04:46:18.899420  1539 skeleton_planner.h:170] Found solution in: 8
I20260909 04:46:18.899452  1539 skeleton_planner.h:170] Found solution in: 9
I20260909 04:46:18.899474  1539 skeleton_planner.h:170] Found solution in: 5
I20260909 04:46:18.899487  1539 skeleton_planner.h:170] Found solution in: 4
I20260909 04:46:18.899500  1539 skeleton_planner.h:170] Found solution in: 5
I20260909 04:46:18.899524  1539 skeleton_planner.h:170] Found solution in: 9
I20260909 04:46:18.899537  1539 skeleton_planner.h:170] Found solution in: 4
I20260909 04:46:18.899559  1539 skeleton_planner.h:170] Found solution in: 7
I20260909 04:46:18.899566  1539 skeleton_planner.h:170] Found solution in: 2
I20260909 04:46:18.899577  1539 skeleton_planner.h:170] Found solution in: 3
I20260909 04:46:18.899595  1539 skeleton_planner.h:170] Found solution in: 5
I20260909 04:46:18.899606  1539 skeleton_planner.h:170] Found solution in: 3
I20260909 04:46:18.899621  1539 skeleton_planner.h:170] Found solution in: 5
I20260909 04:46:18.899632  1539 skeleton_planner.h:170] Found solution in: 4
I20260909 04:46:18.899658  1539 skeleton_planner.h:170] Found solution in: 9
I20260909 04:46:18.899673  1539 skeleton_planner.h:170] Found solution in: 4
I20260909 04:46:18.899684  1539 skeleton_planner.h:170] Found solution in: 3
I20260909 04:46:18.899698  1539 skeleton_planner.h:170] Found solution in: 4
I20260909 04:46:18.899709  1539 skeleton_planner.h:170] Found solution in: 4
I20260909 04:46:18.899724  1539 skeleton_planner.h:170] Found solution in: 5
I20260909 04:46:18.899734  1539 skeleton_planner.h:170] Found solution in: 3
I20260909 04:46:18.899745  1539 skeleton_planner.h:170] Found solution in: 3
I20260909 04:46:18.899756  1539 skeleton_planner.h:170] Found solution in: 3
I20260909 04:46:18.899766  1539 skeleton_planner.h:170] Found solution in: 3
I20260909 04:46:18.899785  1539 skeleton_planner.h:170] Found solution in: 5
I20260909 04:46:18.899801  1539 skeleton_planner.h:170] Found solution in: 4
I20260909 04:46:18.899821  1539 skeleton_planner.h:170] Found solution in: 7
I20260909 04:46:18.899840  1539 skeleton_planner.h:170] Found solution in: 6
I20260909 04:46:18.899866  1539 skeleton_planner.h:170] Found solution in: 11
I20260909 04:46:18.899910  1539 skeleton_planner.h:170] Found solution in: 16
I20260909 04:46:18.899943  1539 skeleton_planner.h:170] Found solution in: 10
I20260909 04:46:18.899977  1539 skeleton_planner.h:170] Found solution in: 15
I20260909 04:46:18.899998  1539 skeleton_planner.h:170] Found solution in: 6
I20260909 04:46:18.900012  1539 skeleton_planner.h:170] Found solution in: 3
I20260909 04:46:18.900022  1539 skeleton_planner.h:170] Found solution in: 3
I20260909 04:46:18.900041  1539 skeleton_planner.h:170] Found solution in: 5
I20260909 04:46:18.900050  1539 skeleton_planner.h:170] Found solution in: 2
I20260909 04:46:18.900065  1539 skeleton_planner.h:170] Found solution in: 4
I20260909 04:46:18.900080  1539 skeleton_planner.h:170] Found solution in: 4
I20260909 04:46:18.900098  1539 skeleton_planner.h:170] Found solution in: 6
I20260909 04:46:18.900120  1539 skeleton_planner.h:170] Found solution in: 6
I20260909 04:46:18.900142  1539 skeleton_planner.h:170] Found solution in: 7
I20260909 04:46:18.900152  1539 skeleton_planner.h:170] Found solution in: 2
I20260909 04:46:18.900161  1539 skeleton_planner.h:170] Found solution in: 3
I20260909 04:46:18.900171  1539 skeleton_planner.h:170] Found solution in: 3
I20260909 04:46:18.900192  1539 skeleton_planner.h:170] Found solution in: 6
I20260909 04:46:18.900211  1539 skeleton_planner.h:170] Found solution in: 7
I20260909 04:46:18.900230  1539 skeleton_planner.h:170] Found solution in: 6
I20260909 04:46:18.900255  1539 skeleton_planner.h:170] Found solution in: 10
I20260909 04:46:18.900283  1539 skeleton_planner.h:170] Found solution in: 10
I20260909 04:46:18.900311  1539 skeleton_planner.h:170] Found solution in: 8
I20260909 04:46:18.900331  1539 skeleton_planner.h:170] Found solution in: 6
I20260909 04:46:18.900341  1539 skeleton_planner.h:170] Found solution in: 3
I20260909 04:46:18.900375  1539 skeleton_planner.h:170] Found solution in: 11
I20260909 04:46:18.900406  1539 skeleton_planner.h:170] Found solution in: 7
I20260909 04:46:18.900425  1539 skeleton_planner.h:170] Found solution in: 4
I20260909 04:46:18.900447  1539 skeleton_planner.h:170] Found solution in: 6
I20260909 04:46:18.900468  1539 skeleton_planner.h:170] Found solution in: 6
I20260909 04:46:18.900720  1539 skeleton_planner.h:170] Found solution in: 84
I20260909 04:46:18.900810  1539 skeleton_planner.h:170] Found solution in: 23
I20260909 04:46:18.900828  1539 skeleton_planner.h:170] Found solution in: 4
I20260909 04:46:18.900837  1539 skeleton_planner.h:170] Found solution in: 2
I20260909 04:46:18.900862  1539 skeleton_planner.h:170] Found solution in: 7
I20260909 04:46:18.900913  1539 skeleton_planner.h:170] Found solution in: 18
I20260909 04:46:18.900928  1539 skeleton_planner.h:170] Found solution in: 3
I20260909 04:46:18.900938  1539 skeleton_planner.h:170] Found solution in: 3
I20260909 04:46:18.900946  1539 skeleton_planner.h:170] Found solution in: 2
I20260909 04:46:18.900976  1539 skeleton_planner.h:170] Found solution in: 10
I20260909 04:46:18.900983  1539 skeleton_planner.h:170] Found solution in: 1
I20260909 04:46:18.900987  1539 skeleton_planner.h:170] Found solution in: 1
I20260909 04:46:18.901000  1539 skeleton_planner.h:170] Found solution in: 5
I20260909 04:46:18.901012  1539 skeleton_planner.h:170] Found solution in: 4
I20260909 04:46:18.901031  1539 skeleton_planner.h:170] Found solution in: 5
I20260909 04:46:18.901113  1539 skeleton_planner.h:170] Found solution in: 29
I20260909 04:46:18.901145  1539 skeleton_planner.h:170] Found solution in: 7
I20260909 04:46:18.901175  1539 skeleton_planner.h:170] Found solution in: 9
I20260909 04:46:18.901190  1539 skeleton_planner.h:170] Found solution in: 5
I20260909 04:46:18.901201  1539 skeleton_planner.h:170] Found solution in: 3
I20260909 04:46:18.901208  1539 skeleton_planner.h:170] Found solution in: 3
I20260909 04:46:18.901228  1539 skeleton_planner.h:170] Found solution in: 6
I20260909 04:46:18.901249  1539 skeleton_planner.h:170] Found solution in: 7
I20260909 04:46:18.901255  1539 skeleton_planner.h:170] Found solution in: 1
I20260909 04:46:18.901265  1539 skeleton_planner.h:170] Found solution in: 3
I20260909 04:46:18.901269  1539 skeleton_planner.h:170] Found solution in: 1
I20260909 04:46:18.901275  1539 skeleton_planner.h:170] Found solution in: 2
I20260909 04:46:18.901294  1539 skeleton_planner.h:170] Found solution in: 7
I20260909 04:46:18.901335  1539 skeleton_planner.h:170] Found solution in: 16
I20260909 04:46:18.901356  1539 skeleton_planner.h:170] Found solution in: 8
I20260909 04:46:18.901362  1539 skeleton_planner.h:170] Found solution in: 1
I20260909 04:46:18.901365  1539 skeleton_planner.h:170] Found solution in: 1
I20260909 04:46:18.901376  1539 skeleton_planner.h:170] Found solution in: 4
I20260909 04:46:18.901402  1539 skeleton_planner.h:170] Found solution in: 11
I20260909 04:46:18.901437  1539 skeleton_planner.h:170] Found solution in: 16
I20260909 04:46:18.901455  1539 skeleton_planner.h:170] Found solution in: 7
I20260909 04:46:18.901475  1539 skeleton_planner.h:170] Found solution in: 6
I20260909 04:46:18.901495  1539 skeleton_planner.h:170] Found solution in: 6
I20260909 04:46:18.901507  1539 skeleton_planner.h:170] Found solution in: 4
I20260909 04:46:18.901548  1539 skeleton_planner.h:170] Found solution in: 15
I20260909 04:46:18.901921  1539 skeleton_planner.h:170] Found solution in: 80
I20260909 04:46:18.901949  1539 skeleton_planner.h:170] Found solution in: 3
I20260909 04:46:18.901994  1539 skeleton_planner.h:170] Found solution in: 7
I20260909 04:46:18.902021  1539 skeleton_planner.h:170] Found solution in: 8
I20260909 04:46:18.902034  1539 skeleton_planner.h:170] Found solution in: 3
I20260909 04:46:18.902045  1539 skeleton_planner.h:170] Found solution in: 3
I20260909 04:46:18.902060  1539 skeleton_planner.h:170] Found solution in: 5
I20260909 04:46:18.902078  1539 skeleton_planner.h:170] Found solution in: 4
I20260909 04:46:18.902089  1539 skeleton_planner.h:170] Found solution in: 3
I20260909 04:46:18.902093  1539 skeleton_planner.h:170] Found solution in: 1
I20260909 04:46:18.902096  1539 skeleton_planner.h:170] Found solution in: 1
I20260909 04:46:18.902112  1539 skeleton_planner.h:170] Found solution in: 5
I20260909 04:46:18.902124  1539 skeleton_planner.h:170] Found solution in: 4
I20260909 04:46:18.902146  1539 skeleton_planner.h:170] Found solution in: 7
I20260909 04:46:18.902175  1539 skeleton_planner.h:170] Found solution in: 10
I20260909 04:46:18.902197  1539 skeleton_planner.h:170] Found solution in: 6
I20260909 04:46:18.902212  1539 skeleton_planner.h:170] Found solution in: 4
I20260909 04:46:18.902227  1539 skeleton_planner.h:170] Found solution in: 5
I20260909 04:46:18.902248  1539 skeleton_planner.h:170] Found solution in: 6
I20260909 04:46:18.902267  1539 skeleton_planner.h:170] Found solution in: 5
I20260909 04:46:18.902278  1539 skeleton_planner.h:170] Found solution in: 3
I20260909 04:46:18.902323  1539 skeleton_planner.h:170] Found solution in: 13
I20260909 04:46:18.902351  1539 skeleton_planner.h:170] Found solution in: 6
I20260909 04:46:18.902429  1539 skeleton_planner.h:170] Found solution in: 22
I20260909 04:46:18.902467  1539 skeleton_planner.h:170] Found solution in: 6
I20260909 04:46:18.902496  1539 skeleton_planner.h:170] Found solution in: 9
I20260909 04:46:18.902642  1539 skeleton_planner.h:170] Found solution in: 41
I20260909 04:46:18.902671  1539 skeleton_planner.h:170] Found solution in: 7
I20260909 04:46:18.902721  1539 skeleton_planner.h:170] Found solution in: 18
I20260909 04:46:18.902740  1539 skeleton_planner.h:170] Found solution in: 7
I20260909 04:46:18.902756  1539 skeleton_planner.h:170] Found solution in: 8
I20260909 04:46:18.902851  1539 skeleton_planner.h:170] Found solution in: 40
I20260909 04:46:18.902868  1539 skeleton_planner.h:170] Found solution in: 4
I20260909 04:46:18.902958  1539 skeleton_planner.h:170] Found solution in: 36
I20260909 04:46:18.903007  1539 skeleton_planner.h:170] Found solution in: 13
I20260909 04:46:18.903040  1539 skeleton_planner.h:170] Found solution in: 9
I20260909 04:46:18.903083  1539 skeleton_planner.h:170] Found solution in: 12
I20260909 04:46:18.903126  1539 skeleton_planner.h:170] Found solution in: 11
I20260909 04:46:18.903142  1539 skeleton_planner.h:170] Found solution in: 4
I20260909 04:46:18.903162  1539 skeleton_planner.h:170] Found solution in: 5
I20260909 04:46:18.903174  1539 skeleton_planner.h:170] Found solution in: 3
I20260909 04:46:18.903185  1539 skeleton_planner.h:170] Found solution in: 3
I20260909 04:46:18.903206  1539 skeleton_planner.h:170] Found solution in: 7
I20260909 04:46:18.903223  1539 skeleton_planner.h:170] Found solution in: 5
I20260909 04:46:18.903236  1539 skeleton_planner.h:170] Found solution in: 4
I20260909 04:46:18.903249  1539 skeleton_planner.h:170] Found solution in: 4
I20260909 04:46:18.903260  1539 skeleton_planner.h:170] Found solution in: 3
I20260909 04:46:18.903275  1539 skeleton_planner.h:170] Found solution in: 4
I20260909 04:46:18.903292  1539 skeleton_planner.h:170] Found solution in: 5
I20260909 04:46:18.903316  1539 skeleton_planner.h:170] Found solution in: 8
I20260909 04:46:18.903335  1539 skeleton_planner.h:170] Found solution in: 5
I20260909 04:46:18.903345  1539 skeleton_planner.h:170] Found solution in: 3
I20260909 04:46:18.903359  1539 skeleton_planner.h:170] Found solution in: 4
I20260909 04:46:18.903366  1539 skeleton_planner.h:170] Found solution in: 1
I20260909 04:46:18.903369  1539 skeleton_planner.h:170] Found solution in: 1
I20260909 04:46:18.903379  1539 skeleton_planner.h:170] Found solution in: 3
I20260909 04:46:18.903409  1539 skeleton_planner.h:170] Found solution in: 10
I20260909 04:46:18.903430  1539 skeleton_planner.h:170] Found solution in: 5
I20260909 04:46:18.903441  1539 skeleton_planner.h:170] Found solution in: 3
I20260909 04:46:18.903453  1539 skeleton_planner.h:170] Found solution in: 4
I20260909 04:46:18.903479  1539 skeleton_planner.h:170] Found solution in: 9
I20260909 04:46:18.903497  1539 skeleton_planner.h:170] Found solution in: 4
I20260909 04:46:18.903517  1539 skeleton_planner.h:170] Found solution in: 6
I20260909 04:46:18.903539  1539 skeleton_planner.h:170] Found solution in: 7
I20260909 04:46:18.903551  1539 skeleton_planner.h:170] Found solution in: 4
I20260909 04:46:18.903568  1539 skeleton_planner.h:170] Found solution in: 8
I20260909 04:46:18.903581  1539 skeleton_planner.h:170] Found solution in: 4
I20260909 04:46:18.903597  1539 skeleton_planner.h:170] Found solution in: 7
I20260909 04:46:18.903607  1539 skeleton_planner.h:170] Found solution in: 3
I20260909 04:46:18.903620  1539 skeleton_planner.h:170] Found solution in: 4
I20260909 04:46:18.903633  1539 skeleton_planner.h:170] Found solution in: 5
I20260909 04:46:18.903645  1539 skeleton_planner.h:170] Found solution in: 3
I20260909 04:46:18.903664  1539 skeleton_planner.h:170] Found solution in: 6
I20260909 04:46:18.903683  1539 skeleton_planner.h:170] Found solution in: 5
I20260909 04:46:18.903708  1539 skeleton_planner.h:170] Found solution in: 10
I20260909 04:46:18.903739  1539 skeleton_planner.h:170] Found solution in: 12
I20260909 04:46:18.903764  1539 skeleton_planner.h:170] Found solution in: 7
I20260909 04:46:18.903793  1539 skeleton_planner.h:170] Found solution in: 9
I20260909 04:46:18.903841  1539 skeleton_planner.h:170] Found solution in: 16
I20260909 04:46:18.903867  1539 skeleton_planner.h:170] Found solution in: 6
I20260909 04:46:18.903887  1539 skeleton_planner.h:170] Found solution in: 7
I20260909 04:46:18.903903  1539 skeleton_planner.h:170] Found solution in: 4
I20260909 04:46:18.903918  1539 skeleton_planner.h:170] Found solution in: 4
I20260909 04:46:18.903930  1539 skeleton_planner.h:170] Found solution in: 4
I20260909 04:46:18.903935  1539 skeleton_planner.h:170] Found solution in: 1
I20260909 04:46:18.903950  1539 skeleton_planner.h:170] Found solution in: 5
I20260909 04:46:18.903990  1539 skeleton_planner.h:170] Found solution in: 12
I20260909 04:46:18.904004  1539 skeleton_planner.h:170] Found solution in: 3
I20260909 04:46:18.904052  1539 skeleton_planner.h:170] Found solution in: 13
I20260909 04:46:18.904074  1539 skeleton_planner.h:170] Found solution in: 4
I20260909 04:46:18.904089  1539 skeleton_planner.h:170] Found solution in: 4
I20260909 04:46:18.904106  1539 skeleton_planner.h:170] Found solution in: 5
I20260909 04:46:18.904117  1539 skeleton_planner.h:170] Found solution in: 3
I20260909 04:46:18.904127  1539 skeleton_planner.h:170] Found solution in: 3
I20260909 04:46:18.904134  1539 skeleton_planner.h:170] Found solution in: 2
I20260909 04:46:18.904138  1539 skeleton_planner.h:170] Found solution in: 1
I20260909 04:46:18.904141  1539 skeleton_planner.h:170] Found solution in: 1
I20260909 04:46:18.904309  1539 skeleton_planner.h:170] Found solution in: 59
I20260909 04:46:18.904332  1539 skeleton_planner.h:170] Found solution in: 6
I20260909 04:46:18.904376  1539 skeleton_planner.h:170] Found solution in: 13
I20260909 04:46:18.904462  1539 skeleton_planner.h:170] Found solution in: 34
I20260909 04:46:18.904480  1539 skeleton_planner.h:170] Found solution in: 3
I20260909 04:46:18.904508  1539 skeleton_planner.h:170] Found solution in: 9
I20260909 04:46:18.904553  1539 skeleton_planner.h:170] Found solution in: 20
I20260909 04:46:18.904569  1539 skeleton_planner.h:170] Found solution in: 4
I20260909 04:46:18.904592  1539 skeleton_planner.h:170] Found solution in: 6
I20260909 04:46:18.904600  1539 skeleton_planner.h:170] Found solution in: 2
I20260909 04:46:18.904613  1539 skeleton_planner.h:170] Found solution in: 4
I20260909 04:46:18.904624  1539 skeleton_planner.h:170] Found solution in: 3
I20260909 04:46:18.904639  1539 skeleton_planner.h:170] Found solution in: 5
I20260909 04:46:18.904655  1539 skeleton_planner.h:170] Found solution in: 6
I20260909 04:46:18.904672  1539 skeleton_planner.h:170] Found solution in: 5
I20260909 04:46:18.904685  1539 skeleton_planner.h:170] Found solution in: 3
I20260909 04:46:18.904691  1539 skeleton_planner.h:170] Found solution in: 2
I20260909 04:46:18.904708  1539 skeleton_planner.h:170] Found solution in: 5
I20260909 04:46:18.904728  1539 skeleton_planner.h:170] Found solution in: 6
I20260909 04:46:18.904748  1539 skeleton_planner.h:170] Found solution in: 5
I20260909 04:46:18.904759  1539 skeleton_planner.h:170] Found solution in: 3
I20260909 04:46:18.904769  1539 skeleton_planner.h:170] Found solution in: 3
I20260909 04:46:18.904779  1539 skeleton_planner.h:170] Found solution in: 3
I20260909 04:46:18.904790  1539 skeleton_planner.h:170] Found solution in: 3
I20260909 04:46:18.904798  1539 skeleton_planner.h:170] Found solution in: 2
I20260909 04:46:18.904811  1539 skeleton_planner.h:170] Found solution in: 5
I20260909 04:46:18.904831  1539 skeleton_planner.h:170] Found solution in: 7
I20260909 04:46:18.904841  1539 skeleton_planner.h:170] Found solution in: 3
I20260909 04:46:18.904848  1539 skeleton_planner.h:170] Found solution in: 2
I20260909 04:46:18.904860  1539 skeleton_planner.h:170] Found solution in: 4
I20260909 04:46:18.904881  1539 skeleton_planner.h:170] Found solution in: 5
I20260909 04:46:18.904901  1539 skeleton_planner.h:170] Found solution in: 8
I20260909 04:46:18.904909  1539 skeleton_planner.h:170] Found solution in: 2
I20260909 04:46:18.904922  1539 skeleton_planner.h:170] Found solution in: 5
I20260909 04:46:18.904951  1539 skeleton_planner.h:170] Found solution in: 13
I20260909 04:46:18.904963  1539 skeleton_planner.h:170] Found solution in: 3
I20260909 04:46:18.904976  1539 skeleton_planner.h:170] Found solution in: 5
I20260909 04:46:18.904984  1539 skeleton_planner.h:170] Found solution in: 2
I20260909 04:46:18.905007  1539 skeleton_planner.h:170] Found solution in: 8
I20260909 04:46:18.905035  1539 skeleton_planner.h:170] Found solution in: 9
I20260909 04:46:18.905061  1539 skeleton_planner.h:170] Found solution in: 7
I20260909 04:46:18.905082  1539 skeleton_planner.h:170] Found solution in: 6
I20260909 04:46:18.905097  1539 skeleton_planner.h:170] Found solution in: 4
I20260909 04:46:18.905118  1539 skeleton_planner.h:170] Found solution in: 7
I20260909 04:46:18.905143  1539 skeleton_planner.h:170] Found solution in: 7
I20260909 04:46:18.905153  1539 skeleton_planner.h:170] Found solution in: 2
I20260909 04:46:18.905180  1539 skeleton_planner.h:170] Found solution in: 8
I20260909 04:46:18.905193  1539 skeleton_planner.h:170] Found solution in: 3
I20260909 04:46:18.905283  1539 skeleton_planner.h:170] Found solution in: 23
I20260909 04:46:18.905301  1539 skeleton_planner.h:170] Found solution in: 3
I20260909 04:46:18.905318  1539 skeleton_planner.h:170] Found solution in: 5
I20260909 04:46:18.905326  1539 skeleton_planner.h:170] Found solution in: 3
I20260909 04:46:18.905422  1539 skeleton_planner.h:170] Found solution in: 23
I20260909 04:46:18.905462  1539 skeleton_planner.h:170] Found solution in: 7
I20260909 04:46:18.905480  1539 skeleton_planner.h:170] Found solution in: 5
I20260909 04:46:18.905494  1539 skeleton_planner.h:170] Found solution in: 3
I20260909 04:46:18.905505  1539 skeleton_planner.h:170] Found solution in: 3
I20260909 04:46:18.905510  1539 skeleton_planner.h:170] Found solution in: 1
I20260909 04:46:18.905519  1539 skeleton_planner.h:170] Found solution in: 3
I20260909 04:46:18.905535  1539 skeleton_planner.h:170] Found solution in: 5
I20260909 04:46:18.905548  1539 skeleton_planner.h:170] Found solution in: 4
I20260909 04:46:18.905558  1539 skeleton_planner.h:170] Found solution in: 3
I20260909 04:46:18.905568  1539 skeleton_planner.h:170] Found solution in: 3
I20260909 04:46:18.905583  1539 skeleton_planner.h:170] Found solution in: 5
I20260909 04:46:18.905593  1539 skeleton_planner.h:170] Found solution in: 3
I20260909 04:46:18.905598  1539 skeleton_planner.h:170] Found solution in: 1
I20260909 04:46:18.905606  1539 skeleton_planner.h:170] Found solution in: 3
I20260909 04:46:18.905622  1539 skeleton_planner.h:170] Found solution in: 4
I20260909 04:46:18.905665  1539 skeleton_planner.h:170] Found solution in: 18
I20260909 04:46:18.905682  1539 skeleton_planner.h:170] Found solution in: 4
I20260909 04:46:18.905704  1539 skeleton_planner.h:170] Found solution in: 5
I20260909 04:46:18.905726  1539 skeleton_planner.h:170] Found solution in: 7
I20260909 04:46:18.905740  1539 skeleton_planner.h:170] Found solution in: 3
I20260909 04:46:18.905759  1539 skeleton_planner.h:170] Found solution in: 5
I20260909 04:46:18.905768  1539 skeleton_planner.h:170] Found solution in: 2
I20260909 04:46:18.905779  1539 skeleton_planner.h:170] Found solution in: 3
I20260909 04:46:18.905790  1539 skeleton_planner.h:170] Found solution in: 3
I20260909 04:46:18.905804  1539 skeleton_planner.h:170] Found solution in: 4
I20260909 04:46:18.905822  1539 skeleton_planner.h:170] Found solution in: 5
I20260909 04:46:18.905836  1539 skeleton_planner.h:170] Found solution in: 4
I20260909 04:46:18.905855  1539 skeleton_planner.h:170] Found solution in: 6
I20260909 04:46:18.905869  1539 skeleton_planner.h:170] Found solution in: 5
I20260909 04:46:18.905887  1539 skeleton_planner.h:170] Found solution in: 6
I20260909 04:46:18.905893  1539 skeleton_planner.h:170] Found solution in: 1
I20260909 04:46:18.905916  1539 skeleton_planner.h:170] Found solution in: 8
I20260909 04:46:18.905961  1539 skeleton_planner.h:170] Found solution in: 12
I20260909 04:46:18.905973  1539 skeleton_planner.h:170] Found solution in: 3
I20260909 04:46:18.905985  1539 skeleton_planner.h:170] Found solution in: 4
I20260909 04:46:18.905995  1539 skeleton_planner.h:170] Found solution in: 3
I20260909 04:46:18.906006  1539 skeleton_planner.h:170] Found solution in: 3
I20260909 04:46:18.906035  1539 skeleton_planner.h:170] Found solution in: 9
I20260909 04:46:18.906046  1539 skeleton_planner.h:170] Found solution in: 3
I20260909 04:46:18.906062  1539 skeleton_planner.h:170] Found solution in: 4
I20260909 04:46:18.906113  1539 skeleton_planner.h:170] Found solution in: 19
I20260909 04:46:18.906127  1539 skeleton_planner.h:170] Found solution in: 3
I20260909 04:46:18.906147  1539 skeleton_planner.h:170] Found solution in: 5
I20260909 04:46:18.906162  1539 skeleton_planner.h:170] Found solution in: 5
I20260909 04:46:18.906185  1539 skeleton_planner.h:170] Found solution in: 8
I20260909 04:46:18.906210  1539 skeleton_planner.h:170] Found solution in: 7
I20260909 04:46:18.906230  1539 skeleton_planner.h:170] Found solution in: 5
I20260909 04:46:18.906247  1539 skeleton_planner.h:170] Found solution in: 5
I20260909 04:46:18.906267  1539 skeleton_planner.h:170] Found solution in: 6
I20260909 04:46:18.906309  1539 skeleton_planner.h:170] Found solution in: 13
I20260909 04:46:18.906330  1539 skeleton_planner.h:170] Found solution in: 4
I20260909 04:46:18.906351  1539 skeleton_planner.h:170] Found solution in: 7
I20260909 04:46:18.906406  1539 skeleton_planner.h:170] Found solution in: 19
I20260909 04:46:18.906435  1539 skeleton_planner.h:170] Found solution in: 6
I20260909 04:46:18.906454  1539 skeleton_planner.h:170] Found solution in: 6
I20260909 04:46:18.906473  1539 skeleton_planner.h:170] Found solution in: 5
I20260909 04:46:18.906486  1539 skeleton_planner.h:170] Found solution in: 3
I20260909 04:46:18.906509  1539 skeleton_planner.h:170] Found solution in: 7
I20260909 04:46:18.906540  1539 skeleton_planner.h:170] Found solution in: 11
I20260909 04:46:18.906556  1539 skeleton_planner.h:170] Found solution in: 5
I20260909 04:46:18.906569  1539 skeleton_planner.h:170] Found solution in: 4
I20260909 04:46:18.906579  1539 skeleton_planner.h:170] Found solution in: 3
I20260909 04:46:18.906610  1539 skeleton_planner.h:170] Found solution in: 9
I20260909 04:46:18.906618  1539 skeleton_planner.h:170] Found solution in: 1
I20260909 04:46:18.906621  1539 skeleton_planner.h:170] Found solution in: 1
I20260909 04:46:18.906632  1539 skeleton_planner.h:170] Found solution in: 4
I20260909 04:46:18.906653  1539 skeleton_planner.h:170] Found solution in: 5
I20260909 04:46:18.906677  1539 skeleton_planner.h:170] Found solution in: 8
I20260909 04:46:18.906720  1539 skeleton_planner.h:170] Found solution in: 14
I20260909 04:46:18.906728  1539 skeleton_planner.h:170] Found solution in: 1
I20260909 04:46:18.906742  1539 skeleton_planner.h:170] Found solution in: 6
I20260909 04:46:18.906769  1539 skeleton_planner.h:170] Found solution in: 10
I20260909 04:46:18.906796  1539 skeleton_planner.h:170] Found solution in: 12
I20260909 04:46:18.906821  1539 skeleton_planner.h:170] Found solution in: 9
I20260909 04:46:18.906826  1539 skeleton_planner.h:170] Found solution in: 1
I20260909 04:46:18.906829  1539 skeleton_planner.h:170] Found solution in: 1
I20260909 04:46:18.906838  1539 skeleton_planner.h:170] Found solution in: 3
I20260909 04:46:18.906895  1539 skeleton_planner.h:170] Found solution in: 22
I20260909 04:46:18.906924  1539 skeleton_planner.h:170] Found solution in: 5
I20260909 04:46:18.906936  1539 skeleton_planner.h:170] Found solution in: 3
I20260909 04:46:18.907079  1539 skeleton_planner.h:170] Found solution in: 41
I20260909 04:46:18.907100  1539 skeleton_planner.h:170] Found solution in: 3
I20260909 04:46:18.907137  1539 skeleton_planner.h:170] Found solution in: 8
I20260909 04:46:18.907150  1539 skeleton_planner.h:170] Found solution in: 3
I20260909 04:46:18.907168  1539 skeleton_planner.h:170] Found solution in: 5
I20260909 04:46:18.907200  1539 skeleton_planner.h:170] Found solution in: 9
I20260909 04:46:18.907236  1539 skeleton_planner.h:170] Found solution in: 9
I20260909 04:46:18.907261  1539 skeleton_planner.h:170] Found solution in: 8
I20260909 04:46:18.907289  1539 skeleton_planner.h:170] Found solution in: 11
I20260909 04:46:18.907346  1539 skeleton_planner.h:170] Found solution in: 26
I20260909 04:46:18.907377  1539 skeleton_planner.h:170] Found solution in: 9
I20260909 04:46:18.907400  1539 skeleton_planner.h:170] Found solution in: 7
I20260909 04:46:18.907413  1539 skeleton_planner.h:170] Found solution in: 3
I20260909 04:46:18.907423  1539 skeleton_planner.h:170] Found solution in: 3
I20260909 04:46:18.907438  1539 skeleton_planner.h:170] Found solution in: 4
I20260909 04:46:18.907449  1539 skeleton_planner.h:170] Found solution in: 3
I20260909 04:46:18.907460  1539 skeleton_planner.h:170] Found solution in: 3
I20260909 04:46:18.907464  1539 skeleton_planner.h:170] Found solution in: 1
I20260909 04:46:18.907478  1539 skeleton_planner.h:170] Found solution in: 5
I20260909 04:46:18.907495  1539 skeleton_planner.h:170] Found solution in: 5
I20260909 04:46:18.907513  1539 skeleton_planner.h:170] Found solution in: 6
I20260909 04:46:18.907526  1539 skeleton_planner.h:170] Found solution in: 4
I20260909 04:46:18.907536  1539 skeleton_planner.h:170] Found solution in: 3
I20260909 04:46:18.907557  1539 skeleton_planner.h:170] Found solution in: 6
I20260909 04:46:18.907578  1539 skeleton_planner.h:170] Found solution in: 7
I20260909 04:46:18.907596  1539 skeleton_planner.h:170] Found solution in: 5
I20260909 04:46:18.907615  1539 skeleton_planner.h:170] Found solution in: 6
I20260909 04:46:18.907637  1539 skeleton_planner.h:170] Found solution in: 6
I20260909 04:46:18.907665  1539 skeleton_planner.h:170] Found solution in: 8
I20260909 04:46:18.907686  1539 skeleton_planner.h:170] Found solution in: 5
I20260909 04:46:18.907707  1539 skeleton_planner.h:170] Found solution in: 6
I20260909 04:46:18.907719  1539 skeleton_planner.h:170] Found solution in: 4
I20260909 04:46:18.907735  1539 skeleton_planner.h:170] Found solution in: 4
I20260909 04:46:18.907753  1539 skeleton_planner.h:170] Found solution in: 5
I20260909 04:46:18.907770  1539 skeleton_planner.h:170] Found solution in: 5
I20260909 04:46:18.907792  1539 skeleton_planner.h:170] Found solution in: 7
I20260909 04:46:18.907810  1539 skeleton_planner.h:170] Found solution in: 4
I20260909 04:46:18.907835  1539 skeleton_planner.h:170] Found solution in: 8
I20260909 04:46:18.907850  1539 skeleton_planner.h:170] Found solution in: 4
I20260909 04:46:18.907861  1539 skeleton_planner.h:170] Found solution in: 4
I20260909 04:46:18.907869  1539 skeleton_planner.h:170] Found solution in: 2
I20260909 04:46:18.907876  1539 skeleton_planner.h:170] Found solution in: 2
I20260909 04:46:18.907881  1539 skeleton_planner.h:170] Found solution in: 1
I20260909 04:46:18.907883  1539 skeleton_planner.h:170] Found solution in: 1
I20260909 04:46:18.907902  1539 skeleton_planner.h:170] Found solution in: 5
I20260909 04:46:18.907913  1539 skeleton_planner.h:170] Found solution in: 3
I20260909 04:46:18.907918  1539 skeleton_planner.h:170] Found solution in: 1
I20260909 04:46:18.907922  1539 skeleton_planner.h:170] Found solution in: 1
I20260909 04:46:18.907931  1539 skeleton_planner.h:170] Found solution in: 3
I20260909 04:46:18.907948  1539 skeleton_planner.h:170] Found solution in: 5
I20260909 04:46:18.907967  1539 skeleton_planner.h:170] Found solution in: 6
I20260909 04:46:18.907982  1539 skeleton_planner.h:170] Found solution in: 5
I20260909 04:46:18.907994  1539 skeleton_planner.h:170] Found solution in: 3
I20260909 04:46:18.908016  1539 skeleton_planner.h:170] Found solution in: 8
I20260909 04:46:18.908063  1539 skeleton_planner.h:170] Found solution in: 15
I20260909 04:46:18.908088  1539 skeleton_planner.h:170] Found solution in: 6
I20260909 04:46:18.908128  1539 skeleton_planner.h:170] Found solution in: 13
I20260909 04:46:18.908143  1539 skeleton_planner.h:170] Found solution in: 3
I20260909 04:46:18.908252  1539 skeleton_planner.h:170] Found solution in: 31
I20260909 04:46:18.908290  1539 skeleton_planner.h:170] Found solution in: 8
I20260909 04:46:18.908321  1539 skeleton_planner.h:170] Found solution in: 10
I20260909 04:46:18.908340  1539 skeleton_planner.h:170] Found solution in: 5
I20260909 04:46:18.908355  1539 skeleton_planner.h:170] Found solution in: 4
I20260909 04:46:18.908375  1539 skeleton_planner.h:170] Found solution in: 7
I20260909 04:46:18.908396  1539 skeleton_planner.h:170] Found solution in: 6
I20260909 04:46:18.908416  1539 skeleton_planner.h:170] Found solution in: 6
I20260909 04:46:18.908427  1539 skeleton_planner.h:170] Found solution in: 3
I20260909 04:46:18.908444  1539 skeleton_planner.h:170] Found solution in: 6
I20260909 04:46:18.908463  1539 skeleton_planner.h:170] Found solution in: 6
I20260909 04:46:18.908481  1539 skeleton_planner.h:170] Found solution in: 6
I20260909 04:46:18.908504  1539 skeleton_planner.h:170] Found solution in: 7
I20260909 04:46:18.908536  1539 skeleton_planner.h:170] Found solution in: 8
I20260909 04:46:18.908564  1539 skeleton_planner.h:170] Found solution in: 8
I20260909 04:46:18.908587  1539 skeleton_planner.h:170] Found solution in: 8
I20260909 04:46:18.908617  1539 skeleton_planner.h:170] Found solution in: 8
I20260909 04:46:18.908674  1539 skeleton_planner.h:170] Found solution in: 18
I20260909 04:46:18.908701  1539 skeleton_planner.h:170] Found solution in: 6
I20260909 04:46:18.908713  1539 skeleton_planner.h:170] Found solution in: 3
I20260909 04:46:18.908735  1539 skeleton_planner.h:170] Found solution in: 8
I20260909 04:46:18.908748  1539 skeleton_planner.h:170] Found solution in: 3
I20260909 04:46:18.908761  1539 skeleton_planner.h:170] Found solution in: 4
I20260909 04:46:18.908772  1539 skeleton_planner.h:170] Found solution in: 3
I20260909 04:46:18.908782  1539 skeleton_planner.h:170] Found solution in: 3
I20260909 04:46:18.908860  1539 skeleton_planner.h:170] Found solution in: 23
I20260909 04:46:18.908890  1539 skeleton_planner.h:170] Found solution in: 4
I20260909 04:46:18.908912  1539 skeleton_planner.h:170] Found solution in: 7
I20260909 04:46:18.908937  1539 skeleton_planner.h:170] Found solution in: 8
I20260909 04:46:18.908951  1539 skeleton_planner.h:170] Found solution in: 4
I20260909 04:46:18.908979  1539 skeleton_planner.h:170] Found solution in: 9
I20260909 04:46:18.909049  1539 skeleton_planner.h:170] Found solution in: 28
I20260909 04:46:18.909060  1539 skeleton_planner.h:170] Found solution in: 1
I20260909 04:46:18.909083  1539 skeleton_planner.h:170] Found solution in: 6
I20260909 04:46:18.909104  1539 skeleton_planner.h:170] Found solution in: 7
I20260909 04:46:18.909116  1539 skeleton_planner.h:170] Found solution in: 3
I20260909 04:46:18.909128  1539 skeleton_planner.h:170] Found solution in: 4
I20260909 04:46:18.909147  1539 skeleton_planner.h:170] Found solution in: 6
I20260909 04:46:18.909170  1539 skeleton_planner.h:170] Found solution in: 8
I20260909 04:46:18.909201  1539 skeleton_planner.h:170] Found solution in: 11
I20260909 04:46:18.909224  1539 skeleton_planner.h:170] Found solution in: 6
I20260909 04:46:18.909245  1539 skeleton_planner.h:170] Found solution in: 7
I20260909 04:46:18.909269  1539 skeleton_planner.h:170] Found solution in: 8
I20260909 04:46:18.909308  1539 skeleton_planner.h:170] Found solution in: 10
I20260909 04:46:18.909322  1539 skeleton_planner.h:170] Found solution in: 3
I20260909 04:46:18.909334  1539 skeleton_planner.h:170] Found solution in: 4
I20260909 04:46:18.909365  1539 skeleton_planner.h:170] Found solution in: 8
I20260909 04:46:18.909390  1539 skeleton_planner.h:170] Found solution in: 6
I20260909 04:46:18.909404  1539 skeleton_planner.h:170] Found solution in: 4
I20260909 04:46:18.909425  1539 skeleton_planner.h:170] Found solution in: 6
I20260909 04:46:18.909451  1539 skeleton_planner.h:170] Found solution in: 9
I20260909 04:46:18.909492  1539 skeleton_planner.h:170] Found solution in: 14
I20260909 04:46:18.909551  1539 skeleton_planner.h:170] Found solution in: 18
I20260909 04:46:18.909578  1539 skeleton_planner.h:170] Found solution in: 5
I20260909 04:46:18.909591  1539 skeleton_planner.h:170] Found solution in: 3
I20260909 04:46:18.909611  1539 skeleton_planner.h:170] Found solution in: 6
I20260909 04:46:18.909667  1539 skeleton_planner.h:170] Found solution in: 19
I20260909 04:46:18.909719  1539 skeleton_planner.h:170] Found solution in: 10
I20260909 04:46:18.909778  1539 skeleton_planner.h:170] Found solution in: 18
I20260909 04:46:18.909829  1539 skeleton_planner.h:170] Found solution in: 14
I20260909 04:46:18.909843  1539 skeleton_planner.h:170] Found solution in: 3
I20260909 04:46:18.909868  1539 skeleton_planner.h:170] Found solution in: 5
I20260909 04:46:18.909879  1539 skeleton_planner.h:170] Found solution in: 3
I20260909 04:46:18.909904  1539 skeleton_planner.h:170] Found solution in: 7
I20260909 04:46:18.909932  1539 skeleton_planner.h:170] Found solution in: 8
I20260909 04:46:18.909946  1539 skeleton_planner.h:170] Found solution in: 4
I20260909 04:46:18.909969  1539 skeleton_planner.h:170] Found solution in: 7
I20260909 04:46:18.909991  1539 skeleton_planner.h:170] Found solution in: 6
I20260909 04:46:18.910012  1539 skeleton_planner.h:170] Found solution in: 6
I20260909 04:46:18.910027  1539 skeleton_planner.h:170] Found solution in: 5
I20260909 04:46:18.910056  1539 skeleton_planner.h:170] Found solution in: 11
I20260909 04:46:18.910102  1539 skeleton_planner.h:170] Found solution in: 15
I20260909 04:46:18.910143  1539 skeleton_planner.h:170] Found solution in: 13
I20260909 04:46:18.910168  1539 skeleton_planner.h:170] Found solution in: 7
I20260909 04:46:18.910220  1539 skeleton_planner.h:170] Found solution in: 19
I20260909 04:46:18.910252  1539 skeleton_planner.h:170] Found solution in: 8
I20260909 04:46:18.910296  1539 skeleton_planner.h:170] Found solution in: 12
I20260909 04:46:18.910305  1539 skeleton_planner.h:170] Found solution in: 1
I20260909 04:46:18.910336  1539 skeleton_planner.h:170] Found solution in: 9
I20260909 04:46:18.910359  1539 skeleton_planner.h:170] Found solution in: 8
I20260909 04:46:18.910367  1539 skeleton_planner.h:170] Found solution in: 2
I20260909 04:46:18.910392  1539 skeleton_planner.h:170] Found solution in: 9
I20260909 04:46:18.910427  1539 skeleton_planner.h:170] Found solution in: 16
I20260909 04:46:18.910455  1539 skeleton_planner.h:170] Found solution in: 9
I20260909 04:46:18.910487  1539 skeleton_planner.h:170] Found solution in: 11
I20260909 04:46:18.910511  1539 skeleton_planner.h:170] Found solution in: 8
I20260909 04:46:18.910524  1539 skeleton_planner.h:170] Found solution in: 3
I20260909 04:46:18.910542  1539 skeleton_planner.h:170] Found solution in: 5
I20260909 04:46:18.910560  1539 skeleton_planner.h:170] Found solution in: 5
I20260909 04:46:18.910570  1539 skeleton_planner.h:170] Found solution in: 2
I20260909 04:46:18.910597  1539 skeleton_planner.h:170] Found solution in: 10
I20260909 04:46:18.910617  1539 skeleton_planner.h:170] Found solution in: 5
I20260909 04:46:18.910634  1539 skeleton_planner.h:170] Found solution in: 5
I20260909 04:46:18.910640  1539 skeleton_planner.h:170] Found solution in: 1
I20260909 04:46:18.910657  1539 skeleton_planner.h:170] Found solution in: 6
I20260909 04:46:18.910677  1539 skeleton_planner.h:170] Found solution in: 5
I20260909 04:46:18.910693  1539 skeleton_planner.h:170] Found solution in: 5
I20260909 04:46:18.910703  1539 skeleton_planner.h:170] Found solution in: 3
I20260909 04:46:18.910722  1539 skeleton_planner.h:170] Found solution in: 6
I20260909 04:46:18.910735  1539 skeleton_planner.h:170] Found solution in: 4
I20260909 04:46:18.910755  1539 skeleton_planner.h:170] Found solution in: 6
I20260909 04:46:18.910774  1539 skeleton_planner.h:170] Found solution in: 7
I20260909 04:46:18.910791  1539 skeleton_planner.h:170] Found solution in: 5
I20260909 04:46:18.910815  1539 skeleton_planner.h:170] Found solution in: 8
I20260909 04:46:18.910840  1539 skeleton_planner.h:170] Found solution in: 8
I20260909 04:46:18.910893  1539 skeleton_planner.h:170] Found solution in: 19
I20260909 04:46:18.911264  1539 skeleton_planner.h:170] Found solution in: 1
I20260909 04:46:18.911268  1539 skeleton_planner.h:170] Found solution in: 1
I20260909 04:46:18.911280  1539 skeleton_planner.h:170] Found solution in: 4
I20260909 04:46:18.911330  1539 skeleton_planner.h:170] Found solution in: 7
I20260909 04:46:18.911337  1539 skeleton_planner.h:170] Found solution in: 1
I20260909 04:46:18.911369  1539 skeleton_planner.h:170] Found solution in: 15
I20260909 04:46:18.911514  1539 skeleton_planner.h:170] Found solution in: 39
I20260909 04:46:18.912119  1539 skeleton_planner.h:170] Found solution in: 21
I20260909 04:46:18.912149  1539 skeleton_planner.h:170] Found solution in: 6
I20260909 04:46:18.912168  1539 skeleton_planner.h:170] Found solution in: 6
I20260909 04:46:18.912177  1539 skeleton_planner.h:170] Found solution in: 2
I20260909 04:46:18.912194  1539 skeleton_planner.h:170] Found solution in: 5
I20260909 04:46:18.912211  1539 skeleton_planner.h:170] Found solution in: 5
I20260909 04:46:18.912217  1539 skeleton_planner.h:170] Found solution in: 1
I20260909 04:46:18.912220  1539 skeleton_planner.h:170] Found solution in: 1
I20260909 04:46:18.912271  1539 skeleton_planner.h:170] Found solution in: 12
I20260909 04:46:18.912330  1539 skeleton_planner.h:170] Found solution in: 12
I20260909 04:46:18.912385  1539 skeleton_planner.h:170] Found solution in: 13
I20260909 04:46:18.912400  1539 skeleton_planner.h:170] Found solution in: 3
I20260909 04:46:18.912456  1539 skeleton_planner.h:170] Found solution in: 14
I20260909 04:46:18.912483  1539 skeleton_planner.h:170] Found solution in: 4
I20260909 04:46:18.912489  1539 skeleton_planner.h:170] Found solution in: 1
I20260909 04:46:18.912492  1539 skeleton_generator.cpp:1655] [Simplify Vertices] Vertex removals: 679 / 693, Edges added: 219
I20260909 04:46:18.912897  1539 skeleton_generator.cpp:1697] [Subgraph] Number of disconnected subgraphs: 21
I20260909 04:46:18.917066  1539 skeleton_planner.h:170] Found solution in: 6
I20260909 04:46:18.917145  1539 skeleton_planner.h:170] Found solution in: 3
I20260909 04:46:18.917475  1539 skeleton_planner.h:170] Found solution in: 28
I20260909 04:46:18.917637  1539 skeleton_planner.h:170] Found solution in: 19
I20260909 04:46:18.919242  1539 skeleton_planner.h:170] Found solution in: 94
I20260909 04:46:18.919332  1539 skeleton_planner.h:170] Found solution in: 5
I20260909 04:46:18.920867  1539 skeleton_planner.h:170] Found solution in: 7
I20260909 04:46:18.923130  1539 skeleton_planner.h:170] Found solution in: 5
I20260909 04:46:18.923156  1539 skeleton_planner.h:170] Found solution in: 7
I20260909 04:46:18.923771  1539 skeleton_planner.h:170] Found solution in: 13
I20260909 04:46:18.923847  1539 skeleton_planner.h:170] Found solution in: 5
I20260909 04:46:18.924604  1539 skeleton_planner.h:170] Found solution in: 64
I20260909 04:46:18.924773  1539 skeleton_planner.h:170] Found solution in: 17
I20260909 04:46:18.932489  1539 skeleton_planner.h:170] Found solution in: 3
I20260909 04:46:18.933326  1539 skeleton_generator.cpp:1756] [Subgraph] Potential edge candidates: 84 diagram candidates: 14
I20260909 04:46:18.933379  1539 skeleton_generator.cpp:1771] [Subgraph] Final number of disconnected subgraphs: 8
I20260909 04:46:18.933384  1539 skeleton_generator.cpp:633] [Sparse Graph] Vertices: 1175 Edges: 1956
