I20260909 04:43:44.747051  1095 skeleton_planner.h:31] Setting ESDF layer.
I20260909 04:43:44.833021  1095 skeleton_generator.cpp:226] [GVD] Finished finding GVD candidates. Number of skeleton points: 57520 edges: 6050
I20260909 04:43:44.846776  1095 skeleton_generator.cpp:1093] [Prune] Number of vertices before prune: 2613 Number of deleted vertices: 657
I20260909 04:43:44.853703  1095 skeleton_planner.h:170] Found solution in: 1
I20260909 04:43:44.854074  1095 skeleton_planner.h:170] Found solution in: 1
I20260909 04:43:44.854081  1095 skeleton_planner.h:170] Found solution in: 4
I20260909 04:43:44.854089  1095 skeleton_planner.h:170] Found solution in: 4
I20260909 04:43:44.854125  1095 skeleton_planner.h:170] Found solution in: 6
I20260909 04:43:44.854133  1095 skeleton_planner.h:170] Found solution in: 1
I20260909 04:43:44.854139  1095 skeleton_planner.h:170] Found solution in: 5
I20260909 04:43:44.854156  1095 skeleton_planner.h:170] Found solution in: 5
I20260909 04:43:44.854161  1095 skeleton_planner.h:170] Found solution in: 1
I20260909 04:43:44.854175  1095 skeleton_planner.h:170] Found solution in: 4
I20260909 04:43:44.854183  1095 skeleton_planner.h:170] Found solution in: 1
I20260909 04:43:44.854193  1095 skeleton_planner.h:170] Found solution in: 10
I20260909 04:43:44.854199  1095 skeleton_planner.h:170] Found solution in: 1
I20260909 04:43:44.854203  1095 skeleton_planner.h:170] Found solution in: 2
I20260909 04:43:44.854215  1095 skeleton_planner.h:170] Found solution in: 3
I20260909 04:43:44.854221  1095 skeleton_planner.h:170] Found solution in: 1
I20260909 04:43:44.854312  1095 skeleton_planner.h:170] Found solution in: 3
I20260909 04:43:44.854323  1095 skeleton_planner.h:170] Found solution in: 1
I20260909 04:43:44.854331  1095 skeleton_planner.h:170] Found solution in: 6
I20260909 04:43:44.854346  1095 skeleton_planner.h:170] Found solution in: 3
I20260909 04:43:44.854353  1095 skeleton_planner.h:170] Found solution in: 1
I20260909 04:43:44.854359  1095 skeleton_planner.h:170] Found solution in: 6
I20260909 04:43:44.854364  1095 skeleton_planner.h:170] Found solution in: 4
I20260909 04:43:44.854501  1095 skeleton_planner.h:170] Found solution in: 68
I20260909 04:43:44.854724  1095 skeleton_planner.h:170] Found solution in: 1
I20260909 04:43:44.854737  1095 skeleton_planner.h:170] Found solution in: 3
I20260909 04:43:44.854746  1095 skeleton_planner.h:170] Found solution in: 1
I20260909 04:43:44.854751  1095 skeleton_planner.h:170] Found solution in: 3
I20260909 04:43:44.854780  1095 skeleton_planner.h:170] Found solution in: 6
I20260909 04:43:44.854789  1095 skeleton_planner.h:170] Found solution in: 1
I20260909 04:43:44.854795  1095 skeleton_planner.h:170] Found solution in: 5
I20260909 04:43:44.854817  1095 skeleton_planner.h:170] Found solution in: 4
I20260909 04:43:44.854825  1095 skeleton_planner.h:170] Found solution in: 1
I20260909 04:43:44.854833  1095 skeleton_planner.h:170] Found solution in: 9
I20260909 04:43:44.854844  1095 skeleton_planner.h:170] Found solution in: 10
I20260909 04:43:44.854854  1095 skeleton_planner.h:170] Found solution in: 10
I20260909 04:43:44.854861  1095 skeleton_planner.h:170] Found solution in: 1
I20260909 04:43:44.854884  1095 skeleton_planner.h:170] Found solution in: 5
I20260909 04:43:44.854897  1095 skeleton_planner.h:170] Found solution in: 1
I20260909 04:43:44.854902  1095 skeleton_planner.h:170] Found solution in: 6
I20260909 04:43:44.854923  1095 skeleton_planner.h:170] Found solution in: 5
I20260909 04:43:44.854933  1095 skeleton_planner.h:170] Found solution in: 1
I20260909 04:43:44.854943  1095 skeleton_planner.h:170] Found solution in: 3
I20260909 04:43:44.854950  1095 skeleton_planner.h:170] Found solution in: 1
I20260909 04:43:44.854962  1095 skeleton_planner.h:170] Found solution in: 3
I20260909 04:43:44.854974  1095 skeleton_planner.h:170] Found solution in: 1
I20260909 04:43:44.854976  1095 skeleton_planner.h:170] Found solution in: 2
I20260909 04:43:44.854988  1095 skeleton_planner.h:170] Found solution in: 3
I20260909 04:43:44.854998  1095 skeleton_planner.h:170] Found solution in: 1
I20260909 04:43:44.855011  1095 skeleton_planner.h:170] Found solution in: 6
I20260909 04:43:44.855070  1095 skeleton_planner.h:170] Found solution in: 65
I20260909 04:43:44.855079  1095 skeleton_planner.h:170] Found solution in: 1
I20260909 04:43:44.855085  1095 skeleton_planner.h:170] Found solution in: 5
I20260909 04:43:44.855101  1095 skeleton_planner.h:170] Found solution in: 5
I20260909 04:43:44.855113  1095 skeleton_planner.h:170] Found solution in: 1
I20260909 04:43:44.855119  1095 skeleton_planner.h:170] Found solution in: 7
I20260909 04:43:44.855159  1095 skeleton_planner.h:170] Found solution in: 9
I20260909 04:43:44.855170  1095 skeleton_planner.h:170] Found solution in: 1
I20260909 04:43:44.855178  1095 skeleton_planner.h:170] Found solution in: 1
I20260909 04:43:44.855181  1095 skeleton_planner.h:170] Found solution in: 2
I20260909 04:43:44.855192  1095 skeleton_planner.h:170] Found solution in: 3
I20260909 04:43:44.855201  1095 skeleton_planner.h:170] Found solution in: 1
I20260909 04:43:44.855203  1095 skeleton_planner.h:170] Found solution in: 2
I20260909 04:43:44.855213  1095 skeleton_planner.h:170] Found solution in: 3
I20260909 04:43:44.855221  1095 skeleton_planner.h:170] Found solution in: 1
I20260909 04:43:44.855223  1095 skeleton_planner.h:170] Found solution in: 2
I20260909 04:43:44.855233  1095 skeleton_planner.h:170] Found solution in: 3
I20260909 04:43:44.855242  1095 skeleton_planner.h:170] Found solution in: 1
I20260909 04:43:44.855248  1095 skeleton_planner.h:170] Found solution in: 1
I20260909 04:43:44.855252  1095 skeleton_planner.h:170] Found solution in: 2
I20260909 04:43:44.855261  1095 skeleton_planner.h:170] Found solution in: 3
I20260909 04:43:44.855269  1095 skeleton_planner.h:170] Found solution in: 1
I20260909 04:43:44.855273  1095 skeleton_planner.h:170] Found solution in: 3
I20260909 04:43:44.855276  1095 skeleton_planner.h:170] Found solution in: 3
I20260909 04:43:44.855290  1095 skeleton_planner.h:170] Found solution in: 5
I20260909 04:43:44.855300  1095 skeleton_planner.h:170] Found solution in: 1
I20260909 04:43:44.855321  1095 skeleton_planner.h:170] Found solution in: 21
I20260909 04:43:44.855334  1095 skeleton_planner.h:170] Found solution in: 1
I20260909 04:43:44.855427  1095 skeleton_planner.h:170] Found solution in: 4
I20260909 04:43:44.855438  1095 skeleton_planner.h:170] Found solution in: 1
I20260909 04:43:44.855494  1095 skeleton_planner.h:170] Found solution in: 73
I20260909 04:43:44.855513  1095 skeleton_planner.h:170] Found solution in: 22
I20260909 04:43:44.855528  1095 skeleton_planner.h:170] Found solution in: 19
I20260909 04:43:44.855575  1095 skeleton_planner.h:170] Found solution in: 63
I20260909 04:43:44.855587  1095 skeleton_planner.h:170] Found solution in: 1
I20260909 04:43:44.855592  1095 skeleton_planner.h:170] Found solution in: 4
I20260909 04:43:44.855602  1095 skeleton_planner.h:170] Found solution in: 3
I20260909 04:43:44.855610  1095 skeleton_planner.h:170] Found solution in: 1
I20260909 04:43:44.855614  1095 skeleton_planner.h:170] Found solution in: 4
I20260909 04:43:44.855630  1095 skeleton_planner.h:170] Found solution in: 5
I20260909 04:43:44.855638  1095 skeleton_planner.h:170] Found solution in: 1
I20260909 04:43:44.855654  1095 skeleton_planner.h:170] Found solution in: 6
I20260909 04:43:44.855661  1095 skeleton_planner.h:170] Found solution in: 1
I20260909 04:43:44.855664  1095 skeleton_planner.h:170] Found solution in: 2
I20260909 04:43:44.855675  1095 skeleton_planner.h:170] Found solution in: 3
I20260909 04:43:44.855681  1095 skeleton_planner.h:170] Found solution in: 1
I20260909 04:43:44.855686  1095 skeleton_planner.h:170] Found solution in: 4
I20260909 04:43:44.855705  1095 skeleton_planner.h:170] Found solution in: 5
I20260909 04:43:44.855715  1095 skeleton_planner.h:170] Found solution in: 1
I20260909 04:43:44.855720  1095 skeleton_planner.h:170] Found solution in: 3
I20260909 04:43:44.855737  1095 skeleton_planner.h:170] Found solution in: 5
I20260909 04:43:44.855747  1095 skeleton_planner.h:170] Found solution in: 1
I20260909 04:43:44.855767  1095 skeleton_planner.h:170] Found solution in: 5
I20260909 04:43:44.855780  1095 skeleton_planner.h:170] Found solution in: 1
I20260909 04:43:44.855790  1095 skeleton_planner.h:170] Found solution in: 3
I20260909 04:43:44.855803  1095 skeleton_planner.h:170] Found solution in: 1
I20260909 04:43:44.855826  1095 skeleton_planner.h:170] Found solution in: 5
I20260909 04:43:44.855837  1095 skeleton_planner.h:170] Found solution in: 1
I20260909 04:43:44.855922  1095 skeleton_planner.h:170] Found solution in: 3
I20260909 04:43:44.855934  1095 skeleton_planner.h:170] Found solution in: 1
I20260909 04:43:44.855939  1095 skeleton_planner.h:170] Found solution in: 5
I20260909 04:43:44.855965  1095 skeleton_planner.h:170] Found solution in: 7
I20260909 04:43:44.855975  1095 skeleton_planner.h:170] Found solution in: 1
I20260909 04:43:44.855981  1095 skeleton_planner.h:170] Found solution in: 4
I20260909 04:43:44.856076  1095 skeleton_planner.h:170] Found solution in: 5
I20260909 04:43:44.856086  1095 skeleton_planner.h:170] Found solution in: 1
I20260909 04:43:44.856091  1095 skeleton_planner.h:170] Found solution in: 3
I20260909 04:43:44.856102  1095 skeleton_planner.h:170] Found solution in: 3
I20260909 04:43:44.856113  1095 skeleton_planner.h:170] Found solution in: 1
I20260909 04:43:44.856120  1095 skeleton_planner.h:170] Found solution in: 6
I20260909 04:43:44.856125  1095 skeleton_planner.h:170] Found solution in: 4
I20260909 04:43:44.856134  1095 skeleton_planner.h:170] Found solution in: 1
I20260909 04:43:44.856140  1095 skeleton_planner.h:170] Found solution in: 4
I20260909 04:43:44.856155  1095 skeleton_planner.h:170] Found solution in: 4
I20260909 04:43:44.856163  1095 skeleton_planner.h:170] Found solution in: 1
I20260909 04:43:44.856168  1095 skeleton_planner.h:170] Found solution in: 3
I20260909 04:43:44.856561  1095 skeleton_planner.h:170] Found solution in: 23
I20260909 04:43:44.856576  1095 skeleton_planner.h:170] Found solution in: 1
I20260909 04:43:44.856580  1095 skeleton_planner.h:170] Found solution in: 3
I20260909 04:43:44.856587  1095 skeleton_planner.h:170] Found solution in: 1
I20260909 04:43:44.856688  1095 skeleton_planner.h:170] Found solution in: 4
I20260909 04:43:44.856695  1095 skeleton_planner.h:170] Found solution in: 1
I20260909 04:43:44.856701  1095 skeleton_planner.h:170] Found solution in: 4
I20260909 04:43:44.856719  1095 skeleton_planner.h:170] Found solution in: 6
I20260909 04:43:44.856727  1095 skeleton_planner.h:170] Found solution in: 1
I20260909 04:43:44.856817  1095 skeleton_planner.h:170] Found solution in: 3
I20260909 04:43:44.856827  1095 skeleton_planner.h:170] Found solution in: 1
I20260909 04:43:44.856909  1095 skeleton_planner.h:170] Found solution in: 31
I20260909 04:43:44.856940  1095 skeleton_planner.h:170] Found solution in: 7
I20260909 04:43:44.856950  1095 skeleton_planner.h:170] Found solution in: 1
I20260909 04:43:44.856954  1095 skeleton_planner.h:170] Found solution in: 3
I20260909 04:43:44.856961  1095 skeleton_planner.h:170] Found solution in: 1
I20260909 04:43:44.856964  1095 skeleton_planner.h:170] Found solution in: 3
I20260909 04:43:44.856976  1095 skeleton_planner.h:170] Found solution in: 3
I20260909 04:43:44.856984  1095 skeleton_planner.h:170] Found solution in: 1
I20260909 04:43:44.856987  1095 skeleton_planner.h:170] Found solution in: 3
I20260909 04:43:44.857002  1095 skeleton_planner.h:170] Found solution in: 4
I20260909 04:43:44.857009  1095 skeleton_planner.h:170] Found solution in: 1
I20260909 04:43:44.857020  1095 skeleton_planner.h:170] Found solution in: 3
I20260909 04:43:44.857028  1095 skeleton_planner.h:170] Found solution in: 1
I20260909 04:43:44.857030  1095 skeleton_planner.h:170] Found solution in: 2
I20260909 04:43:44.857048  1095 skeleton_planner.h:170] Found solution in: 6
I20260909 04:43:44.857055  1095 skeleton_planner.h:170] Found solution in: 1
I20260909 04:43:44.857069  1095 skeleton_planner.h:170] Found solution in: 6
I20260909 04:43:44.857079  1095 skeleton_planner.h:170] Found solution in: 1
I20260909 04:43:44.857086  1095 skeleton_planner.h:170] Found solution in: 6
I20260909 04:43:44.857183  1095 skeleton_planner.h:170] Found solution in: 5
I20260909 04:43:44.857194  1095 skeleton_planner.h:170] Found solution in: 1
I20260909 04:43:44.857204  1095 skeleton_planner.h:170] Found solution in: 11
I20260909 04:43:44.857211  1095 skeleton_planner.h:170] Found solution in: 7
I20260909 04:43:44.857309  1095 skeleton_planner.h:170] Found solution in: 6
I20260909 04:43:44.857321  1095 skeleton_planner.h:170] Found solution in: 1
I20260909 04:43:44.857400  1095 skeleton_planner.h:170] Found solution in: 3
I20260909 04:43:44.857410  1095 skeleton_planner.h:170] Found solution in: 1
I20260909 04:43:44.857417  1095 skeleton_planner.h:170] Found solution in: 6
I20260909 04:43:44.857425  1095 skeleton_planner.h:170] Found solution in: 1
I20260909 04:43:44.857513  1095 skeleton_planner.h:170] Found solution in: 3
I20260909 04:43:44.857519  1095 skeleton_planner.h:170] Found solution in: 1
I20260909 04:43:44.857532  1095 skeleton_planner.h:170] Found solution in: 14
I20260909 04:43:44.857539  1095 skeleton_planner.h:170] Found solution in: 7
I20260909 04:43:44.857545  1095 skeleton_planner.h:170] Found solution in: 1
I20260909 04:43:44.857636  1095 skeleton_planner.h:170] Found solution in: 4
I20260909 04:43:44.857646  1095 skeleton_planner.h:170] Found solution in: 1
I20260909 04:43:44.857651  1095 skeleton_planner.h:170] Found solution in: 1
I20260909 04:43:44.857735  1095 skeleton_planner.h:170] Found solution in: 4
I20260909 04:43:44.857740  1095 skeleton_planner.h:170] Found solution in: 1
I20260909 04:43:44.857755  1095 skeleton_planner.h:170] Found solution in: 18
I20260909 04:43:44.857761  1095 skeleton_planner.h:170] Found solution in: 1
I20260909 04:43:44.857776  1095 skeleton_planner.h:170] Found solution in: 5
I20260909 04:43:44.857784  1095 skeleton_planner.h:170] Found solution in: 1
I20260909 04:43:44.857832  1095 skeleton_planner.h:170] Found solution in: 23
I20260909 04:43:44.858018  1095 skeleton_planner.h:170] Found solution in: 1
I20260909 04:43:44.858026  1095 skeleton_planner.h:170] Found solution in: 8
I20260909 04:43:44.858124  1095 skeleton_planner.h:170] Found solution in: 31
I20260909 04:43:44.858139  1095 skeleton_planner.h:170] Found solution in: 1
I20260909 04:43:44.858142  1095 skeleton_planner.h:170] Found solution in: 2
I20260909 04:43:44.858152  1095 skeleton_planner.h:170] Found solution in: 3
I20260909 04:43:44.858160  1095 skeleton_planner.h:170] Found solution in: 1
I20260909 04:43:44.858186  1095 skeleton_planner.h:170] Found solution in: 5
I20260909 04:43:44.858194  1095 skeleton_planner.h:170] Found solution in: 1
I20260909 04:43:44.858198  1095 skeleton_planner.h:170] Found solution in: 3
I20260909 04:43:44.858212  1095 skeleton_planner.h:170] Found solution in: 6
I20260909 04:43:44.858219  1095 skeleton_planner.h:170] Found solution in: 1
I20260909 04:43:44.858237  1095 skeleton_planner.h:170] Found solution in: 7
I20260909 04:43:44.858243  1095 skeleton_planner.h:170] Found solution in: 1
I20260909 04:43:44.858247  1095 skeleton_planner.h:170] Found solution in: 3
I20260909 04:43:44.859031  1095 skeleton_planner.h:170] Found solution in: 17
I20260909 04:43:44.859083  1095 skeleton_planner.h:170] Found solution in: 21
I20260909 04:43:44.859092  1095 skeleton_planner.h:170] Found solution in: 1
I20260909 04:43:44.859097  1095 skeleton_planner.h:170] Found solution in: 3
I20260909 04:43:44.859915  1095 skeleton_planner.h:170] Found solution in: 1
I20260909 04:43:44.859921  1095 skeleton_planner.h:170] Found solution in: 5
I20260909 04:43:44.859937  1095 skeleton_planner.h:170] Found solution in: 5
I20260909 04:43:44.859944  1095 skeleton_planner.h:170] Found solution in: 1
I20260909 04:43:44.860001  1095 skeleton_planner.h:170] Found solution in: 14
I20260909 04:43:44.860013  1095 skeleton_planner.h:170] Found solution in: 1
I20260909 04:43:44.860018  1095 skeleton_planner.h:170] Found solution in: 4
I20260909 04:43:44.860046  1095 skeleton_planner.h:170] Found solution in: 7
I20260909 04:43:44.860057  1095 skeleton_planner.h:170] Found solution in: 1
I20260909 04:43:44.860061  1095 skeleton_planner.h:170] Found solution in: 2
I20260909 04:43:44.860071  1095 skeleton_planner.h:170] Found solution in: 3
I20260909 04:43:44.860080  1095 skeleton_planner.h:170] Found solution in: 1
I20260909 04:43:44.860087  1095 skeleton_planner.h:170] Found solution in: 8
I20260909 04:43:44.860093  1095 skeleton_planner.h:170] Found solution in: 1
I20260909 04:43:44.860103  1095 skeleton_planner.h:170] Found solution in: 3
I20260909 04:43:44.860110  1095 skeleton_planner.h:170] Found solution in: 1
I20260909 04:43:44.860113  1095 skeleton_planner.h:170] Found solution in: 2
I20260909 04:43:44.860124  1095 skeleton_planner.h:170] Found solution in: 4
I20260909 04:43:44.860132  1095 skeleton_planner.h:170] Found solution in: 1
I20260909 04:43:44.860146  1095 skeleton_planner.h:170] Found solution in: 4
I20260909 04:43:44.860154  1095 skeleton_planner.h:170] Found solution in: 1
I20260909 04:43:44.860167  1095 skeleton_planner.h:170] Found solution in: 3
I20260909 04:43:44.860175  1095 skeleton_planner.h:170] Found solution in: 1
I20260909 04:43:44.860186  1095 skeleton_planner.h:170] Found solution in: 3
I20260909 04:43:44.860198  1095 skeleton_planner.h:170] Found solution in: 1
I20260909 04:43:44.860224  1095 skeleton_planner.h:170] Found solution in: 34
I20260909 04:43:44.860321  1095 skeleton_planner.h:170] Found solution in: 5
I20260909 04:43:44.860330  1095 skeleton_planner.h:170] Found solution in: 1
I20260909 04:43:44.860430  1095 skeleton_planner.h:170] Found solution in: 6
I20260909 04:43:44.860438  1095 skeleton_planner.h:170] Found solution in: 1
I20260909 04:43:44.860445  1095 skeleton_planner.h:170] Found solution in: 6
I20260909 04:43:44.860496  1095 skeleton_planner.h:170] Found solution in: 3
I20260909 04:43:44.860507  1095 skeleton_planner.h:170] Found solution in: 1
I20260909 04:43:44.860525  1095 skeleton_planner.h:170] Found solution in: 4
I20260909 04:43:44.860533  1095 skeleton_planner.h:170] Found solution in: 1
I20260909 04:43:44.860549  1095 skeleton_planner.h:170] Found solution in: 3
I20260909 04:43:44.860558  1095 skeleton_planner.h:170] Found solution in: 1
I20260909 04:43:44.860571  1095 skeleton_planner.h:170] Found solution in: 3
I20260909 04:43:44.860579  1095 skeleton_planner.h:170] Found solution in: 1
I20260909 04:43:44.860591  1095 skeleton_planner.h:170] Found solution in: 3
I20260909 04:43:44.860601  1095 skeleton_planner.h:170] Found solution in: 1
I20260909 04:43:44.860606  1095 skeleton_planner.h:170] Found solution in: 3
I20260909 04:43:44.860616  1095 skeleton_planner.h:170] Found solution in: 3
I20260909 04:43:44.860623  1095 skeleton_planner.h:170] Found solution in: 1
I20260909 04:43:44.860637  1095 skeleton_planner.h:170] Found solution in: 3
I20260909 04:43:44.860646  1095 skeleton_planner.h:170] Found solution in: 1
I20260909 04:43:44.860730  1095 skeleton_planner.h:170] Found solution in: 3
I20260909 04:43:44.860740  1095 skeleton_planner.h:170] Found solution in: 1
I20260909 04:43:44.860759  1095 skeleton_planner.h:170] Found solution in: 5
I20260909 04:43:44.860767  1095 skeleton_planner.h:170] Found solution in: 1
I20260909 04:43:44.860782  1095 skeleton_planner.h:170] Found solution in: 3
I20260909 04:43:44.860790  1095 skeleton_planner.h:170] Found solution in: 1
I20260909 04:43:44.860805  1095 skeleton_planner.h:170] Found solution in: 4
I20260909 04:43:44.860814  1095 skeleton_planner.h:170] Found solution in: 1
I20260909 04:43:44.860904  1095 skeleton_planner.h:170] Found solution in: 4
I20260909 04:43:44.860914  1095 skeleton_planner.h:170] Found solution in: 1
I20260909 04:43:44.860934  1095 skeleton_planner.h:170] Found solution in: 6
I20260909 04:43:44.860944  1095 skeleton_planner.h:170] Found solution in: 1
I20260909 04:43:44.860956  1095 skeleton_planner.h:170] Found solution in: 4
I20260909 04:43:44.860966  1095 skeleton_planner.h:170] Found solution in: 1
I20260909 04:43:44.860978  1095 skeleton_planner.h:170] Found solution in: 3
I20260909 04:43:44.860986  1095 skeleton_planner.h:170] Found solution in: 1
I20260909 04:43:44.860997  1095 skeleton_planner.h:170] Found solution in: 3
I20260909 04:43:44.861003  1095 skeleton_planner.h:170] Found solution in: 1
I20260909 04:43:44.861007  1095 skeleton_planner.h:170] Found solution in: 3
I20260909 04:43:44.861012  1095 skeleton_planner.h:170] Found solution in: 4
I20260909 04:43:44.861029  1095 skeleton_planner.h:170] Found solution in: 5
I20260909 04:43:44.861034  1095 skeleton_planner.h:170] Found solution in: 1
I20260909 04:43:44.861053  1095 skeleton_planner.h:170] Found solution in: 5
I20260909 04:43:44.861061  1095 skeleton_planner.h:170] Found solution in: 1
I20260909 04:43:44.861066  1095 skeleton_planner.h:170] Found solution in: 1
I20260909 04:43:44.861075  1095 skeleton_planner.h:170] Found solution in: 1
I20260909 04:43:44.861089  1095 skeleton_planner.h:170] Found solution in: 3
I20260909 04:43:44.861101  1095 skeleton_planner.h:170] Found solution in: 1
I20260909 04:43:44.861105  1095 skeleton_planner.h:170] Found solution in: 3
I20260909 04:43:44.861124  1095 skeleton_planner.h:170] Found solution in: 6
I20260909 04:43:44.861135  1095 skeleton_planner.h:170] Found solution in: 1
I20260909 04:43:44.861153  1095 skeleton_planner.h:170] Found solution in: 5
I20260909 04:43:44.861162  1095 skeleton_planner.h:170] Found solution in: 1
I20260909 04:43:44.861166  1095 skeleton_planner.h:170] Found solution in: 2
I20260909 04:43:44.861176  1095 skeleton_planner.h:170] Found solution in: 3
I20260909 04:43:44.861183  1095 skeleton_planner.h:170] Found solution in: 1
I20260909 04:43:44.861194  1095 skeleton_planner.h:170] Found solution in: 3
I20260909 04:43:44.861200  1095 skeleton_planner.h:170] Found solution in: 1
I20260909 04:43:44.861217  1095 skeleton_planner.h:170] Found solution in: 5
I20260909 04:43:44.861224  1095 skeleton_planner.h:170] Found solution in: 1
I20260909 04:43:44.861228  1095 skeleton_planner.h:170] Found solution in: 3
I20260909 04:43:44.861238  1095 skeleton_planner.h:170] Found solution in: 3
I20260909 04:43:44.861243  1095 skeleton_planner.h:170] Found solution in: 1
I20260909 04:43:44.861249  1095 skeleton_planner.h:170] Found solution in: 1
I20260909 04:43:44.861253  1095 skeleton_planner.h:170] Found solution in: 2
I20260909 04:43:44.861266  1095 skeleton_planner.h:170] Found solution in: 4
I20260909 04:43:44.861274  1095 skeleton_planner.h:170] Found solution in: 1
I20260909 04:43:44.861285  1095 skeleton_planner.h:170] Found solution in: 4
I20260909 04:43:44.861292  1095 skeleton_planner.h:170] Found solution in: 1
I20260909 04:43:44.861300  1095 skeleton_planner.h:170] Found solution in: 1
I20260909 04:43:44.861310  1095 skeleton_planner.h:170] Found solution in: 9
I20260909 04:43:44.861320  1095 skeleton_planner.h:170] Found solution in: 1
I20260909 04:43:44.861344  1095 skeleton_planner.h:170] Found solution in: 29
I20260909 04:43:44.861353  1095 skeleton_planner.h:170] Found solution in: 1
I20260909 04:43:44.861380  1095 skeleton_planner.h:170] Found solution in: 30
I20260909 04:43:44.861393  1095 skeleton_planner.h:170] Found solution in: 13
I20260909 04:43:44.861400  1095 skeleton_planner.h:170] Found solution in: 1
I20260909 04:43:44.861421  1095 skeleton_planner.h:170] Found solution in: 25
I20260909 04:43:44.861428  1095 skeleton_planner.h:170] Found solution in: 1
I20260909 04:43:44.861565  1095 skeleton_planner.h:170] Found solution in: 81
I20260909 04:43:44.861578  1095 skeleton_planner.h:170] Found solution in: 6
I20260909 04:43:44.861815  1095 skeleton_planner.h:170] Found solution in: 32
I20260909 04:43:44.861825  1095 skeleton_planner.h:170] Found solution in: 1
I20260909 04:43:44.861831  1095 skeleton_planner.h:170] Found solution in: 6
I20260909 04:43:44.861837  1095 skeleton_planner.h:170] Found solution in: 5
I20260909 04:43:44.861917  1095 skeleton_planner.h:170] Found solution in: 35
I20260909 04:43:44.861928  1095 skeleton_planner.h:170] Found solution in: 1
I20260909 04:43:44.861932  1095 skeleton_planner.h:170] Found solution in: 3
I20260909 04:43:44.861948  1095 skeleton_planner.h:170] Found solution in: 6
I20260909 04:43:44.861954  1095 skeleton_planner.h:170] Found solution in: 1
I20260909 04:43:44.861968  1095 skeleton_planner.h:170] Found solution in: 5
I20260909 04:43:44.861975  1095 skeleton_planner.h:170] Found solution in: 1
I20260909 04:43:44.861980  1095 skeleton_planner.h:170] Found solution in: 4
I20260909 04:43:44.861985  1095 skeleton_planner.h:170] Found solution in: 5
I20260909 04:43:44.862188  1095 skeleton_planner.h:170] Found solution in: 6
I20260909 04:43:44.862195  1095 skeleton_planner.h:170] Found solution in: 1
I20260909 04:43:44.862206  1095 skeleton_planner.h:170] Found solution in: 4
I20260909 04:43:44.862214  1095 skeleton_planner.h:170] Found solution in: 1
I20260909 04:43:44.862221  1095 skeleton_planner.h:170] Found solution in: 1
I20260909 04:43:44.862226  1095 skeleton_planner.h:170] Found solution in: 3
I20260909 04:43:44.862264  1095 skeleton_planner.h:170] Found solution in: 10
I20260909 04:43:44.862274  1095 skeleton_planner.h:170] Found solution in: 1
I20260909 04:43:44.862282  1095 skeleton_planner.h:170] Found solution in: 1
I20260909 04:43:44.862286  1095 skeleton_planner.h:170] Found solution in: 1
I20260909 04:43:44.862299  1095 skeleton_planner.h:170] Found solution in: 3
I20260909 04:43:44.862310  1095 skeleton_planner.h:170] Found solution in: 1
I20260909 04:43:44.862331  1095 skeleton_planner.h:170] Found solution in: 7
I20260909 04:43:44.862340  1095 skeleton_planner.h:170] Found solution in: 1
I20260909 04:43:44.862385  1095 skeleton_planner.h:170] Found solution in: 5
I20260909 04:43:44.862396  1095 skeleton_planner.h:170] Found solution in: 1
I20260909 04:43:44.862401  1095 skeleton_planner.h:170] Found solution in: 5
I20260909 04:43:44.862494  1095 skeleton_planner.h:170] Found solution in: 5
I20260909 04:43:44.862504  1095 skeleton_planner.h:170] Found solution in: 1
I20260909 04:43:44.862521  1095 skeleton_planner.h:170] Found solution in: 4
I20260909 04:43:44.862528  1095 skeleton_planner.h:170] Found solution in: 1
I20260909 04:43:44.862534  1095 skeleton_planner.h:170] Found solution in: 6
I20260909 04:43:44.862623  1095 skeleton_planner.h:170] Found solution in: 5
I20260909 04:43:44.862633  1095 skeleton_planner.h:170] Found solution in: 1
I20260909 04:43:44.862636  1095 skeleton_planner.h:170] Found solution in: 2
I20260909 04:43:44.862648  1095 skeleton_planner.h:170] Found solution in: 3
I20260909 04:43:44.862653  1095 skeleton_planner.h:170] Found solution in: 1
I20260909 04:43:44.862682  1095 skeleton_planner.h:170] Found solution in: 36
I20260909 04:43:44.862689  1095 skeleton_planner.h:170] Found solution in: 1
I20260909 04:43:44.862721  1095 skeleton_planner.h:170] Found solution in: 39
I20260909 04:43:44.862810  1095 skeleton_planner.h:170] Found solution in: 3
I20260909 04:43:44.862816  1095 skeleton_planner.h:170] Found solution in: 1
I20260909 04:43:44.862829  1095 skeleton_planner.h:170] Found solution in: 4
I20260909 04:43:44.862838  1095 skeleton_planner.h:170] Found solution in: 1
I20260909 04:43:44.862849  1095 skeleton_planner.h:170] Found solution in: 4
I20260909 04:43:44.862857  1095 skeleton_planner.h:170] Found solution in: 1
I20260909 04:43:44.862866  1095 skeleton_planner.h:170] Found solution in: 1
I20260909 04:43:44.862880  1095 skeleton_planner.h:170] Found solution in: 3
I20260909 04:43:44.862888  1095 skeleton_planner.h:170] Found solution in: 1
I20260909 04:43:44.862900  1095 skeleton_planner.h:170] Found solution in: 3
I20260909 04:43:44.862911  1095 skeleton_planner.h:170] Found solution in: 1
I20260909 04:43:44.862924  1095 skeleton_planner.h:170] Found solution in: 5
I20260909 04:43:44.862933  1095 skeleton_planner.h:170] Found solution in: 1
I20260909 04:43:44.862939  1095 skeleton_planner.h:170] Found solution in: 5
I20260909 04:43:44.863030  1095 skeleton_planner.h:170] Found solution in: 5
I20260909 04:43:44.863039  1095 skeleton_planner.h:170] Found solution in: 1
I20260909 04:43:44.863049  1095 skeleton_planner.h:170] Found solution in: 10
I20260909 04:43:44.863055  1095 skeleton_planner.h:170] Found solution in: 1
I20260909 04:43:44.863061  1095 skeleton_planner.h:170] Found solution in: 3
I20260909 04:43:44.863080  1095 skeleton_planner.h:170] Found solution in: 5
I20260909 04:43:44.863089  1095 skeleton_planner.h:170] Found solution in: 1
I20260909 04:43:44.863094  1095 skeleton_planner.h:170] Found solution in: 1
I20260909 04:43:44.863113  1095 skeleton_planner.h:170] Found solution in: 4
I20260909 04:43:44.863119  1095 skeleton_planner.h:170] Found solution in: 1
I20260909 04:43:44.863125  1095 skeleton_planner.h:170] Found solution in: 6
I20260909 04:43:44.863130  1095 skeleton_planner.h:170] Found solution in: 1
I20260909 04:43:44.863135  1095 skeleton_planner.h:170] Found solution in: 5
I20260909 04:43:44.863142  1095 skeleton_planner.h:170] Found solution in: 1
I20260909 04:43:44.863159  1095 skeleton_planner.h:170] Found solution in: 5
I20260909 04:43:44.863168  1095 skeleton_planner.h:170] Found solution in: 1
I20260909 04:43:44.863183  1095 skeleton_planner.h:170] Found solution in: 3
I20260909 04:43:44.863191  1095 skeleton_planner.h:170] Found solution in: 1
I20260909 04:43:44.863195  1095 skeleton_planner.h:170] Found solution in: 3
I20260909 04:43:44.863200  1095 skeleton_planner.h:170] Found solution in: 1
I20260909 04:43:44.863206  1095 skeleton_planner.h:170] Found solution in: 5
I20260909 04:43:44.863211  1095 skeleton_planner.h:170] Found solution in: 1
I20260909 04:43:44.863216  1095 skeleton_planner.h:170] Found solution in: 5
I20260909 04:43:44.863222  1095 skeleton_planner.h:170] Found solution in: 1
I20260909 04:43:44.863230  1095 skeleton_planner.h:170] Found solution in: 8
I20260909 04:43:44.863272  1095 skeleton_planner.h:170] Found solution in: 6
I20260909 04:43:44.863281  1095 skeleton_planner.h:170] Found solution in: 1
I20260909 04:43:44.863288  1095 skeleton_planner.h:170] Found solution in: 7
I20260909 04:43:44.863296  1095 skeleton_planner.h:170] Found solution in: 7
I20260909 04:43:44.863302  1095 skeleton_planner.h:170] Found solution in: 1
I20260909 04:43:44.863324  1095 skeleton_planner.h:170] Found solution in: 26
I20260909 04:43:44.863363  1095 skeleton_planner.h:170] Found solution in: 4
I20260909 04:43:44.863371  1095 skeleton_planner.h:170] Found solution in: 1
I20260909 04:43:44.863379  1095 skeleton_planner.h:170] Found solution in: 7
I20260909 04:43:44.863386  1095 skeleton_planner.h:170] Found solution in: 7
I20260909 04:43:44.863394  1095 skeleton_planner.h:170] Found solution in: 1
I20260909 04:43:44.863653  1095 skeleton_planner.h:170] Found solution in: 8
I20260909 04:43:44.863663  1095 skeleton_planner.h:170] Found solution in: 1
I20260909 04:43:44.863679  1095 skeleton_planner.h:170] Found solution in: 4
I20260909 04:43:44.863688  1095 skeleton_planner.h:170] Found solution in: 1
I20260909 04:43:44.863729  1095 skeleton_planner.h:170] Found solution in: 47
I20260909 04:43:44.863829  1095 skeleton_planner.h:170] Found solution in: 5
I20260909 04:43:44.863840  1095 skeleton_planner.h:170] Found solution in: 1
I20260909 04:43:44.863938  1095 skeleton_planner.h:170] Found solution in: 3
I20260909 04:43:44.863950  1095 skeleton_planner.h:170] Found solution in: 1
I20260909 04:43:44.863955  1095 skeleton_planner.h:170] Found solution in: 3
I20260909 04:43:44.863967  1095 skeleton_planner.h:170] Found solution in: 4
I20260909 04:43:44.863977  1095 skeleton_planner.h:170] Found solution in: 1
I20260909 04:43:44.864077  1095 skeleton_planner.h:170] Found solution in: 4
I20260909 04:43:44.864089  1095 skeleton_planner.h:170] Found solution in: 1
I20260909 04:43:44.864099  1095 skeleton_planner.h:170] Found solution in: 3
I20260909 04:43:44.864108  1095 skeleton_planner.h:170] Found solution in: 1
I20260909 04:43:44.864192  1095 skeleton_planner.h:170] Found solution in: 3
I20260909 04:43:44.864198  1095 skeleton_planner.h:170] Found solution in: 1
I20260909 04:43:44.864207  1095 skeleton_planner.h:170] Found solution in: 7
I20260909 04:43:44.864214  1095 skeleton_planner.h:170] Found solution in: 1
I20260909 04:43:44.864228  1095 skeleton_planner.h:170] Found solution in: 3
I20260909 04:43:44.864238  1095 skeleton_planner.h:170] Found solution in: 1
I20260909 04:43:44.864257  1095 skeleton_planner.h:170] Found solution in: 5
I20260909 04:43:44.864266  1095 skeleton_planner.h:170] Found solution in: 1
I20260909 04:43:44.864270  1095 skeleton_planner.h:170] Found solution in: 2
I20260909 04:43:44.864285  1095 skeleton_planner.h:170] Found solution in: 3
I20260909 04:43:44.864300  1095 skeleton_planner.h:170] Found solution in: 1
I20260909 04:43:44.864313  1095 skeleton_planner.h:170] Found solution in: 3
I20260909 04:43:44.864320  1095 skeleton_planner.h:170] Found solution in: 1
I20260909 04:43:44.864328  1095 skeleton_planner.h:170] Found solution in: 3
I20260909 04:43:44.864336  1095 skeleton_planner.h:170] Found solution in: 1
I20260909 04:43:44.864339  1095 skeleton_planner.h:170] Found solution in: 3
I20260909 04:43:44.864356  1095 skeleton_planner.h:170] Found solution in: 6
I20260909 04:43:44.864367  1095 skeleton_planner.h:170] Found solution in: 1
I20260909 04:43:44.864373  1095 skeleton_planner.h:170] Found solution in: 5
I20260909 04:43:44.864391  1095 skeleton_planner.h:170] Found solution in: 4
I20260909 04:43:44.864401  1095 skeleton_planner.h:170] Found solution in: 1
I20260909 04:43:44.864421  1095 skeleton_planner.h:170] Found solution in: 5
I20260909 04:43:44.864429  1095 skeleton_planner.h:170] Found solution in: 1
I20260909 04:43:44.864516  1095 skeleton_planner.h:170] Found solution in: 3
I20260909 04:43:44.864521  1095 skeleton_planner.h:170] Found solution in: 1
I20260909 04:43:44.864535  1095 skeleton_planner.h:170] Found solution in: 13
I20260909 04:43:44.864542  1095 skeleton_planner.h:170] Found solution in: 1
I20260909 04:43:44.864547  1095 skeleton_planner.h:170] Found solution in: 2
I20260909 04:43:44.864558  1095 skeleton_planner.h:170] Found solution in: 4
I20260909 04:43:44.864565  1095 skeleton_planner.h:170] Found solution in: 1
I20260909 04:43:44.864578  1095 skeleton_planner.h:170] Found solution in: 4
I20260909 04:43:44.864585  1095 skeleton_planner.h:170] Found solution in: 1
I20260909 04:43:44.864598  1095 skeleton_planner.h:170] Found solution in: 3
I20260909 04:43:44.864609  1095 skeleton_planner.h:170] Found solution in: 1
I20260909 04:43:44.864625  1095 skeleton_planner.h:170] Found solution in: 5
I20260909 04:43:44.864631  1095 skeleton_planner.h:170] Found solution in: 1
I20260909 04:43:44.864647  1095 skeleton_planner.h:170] Found solution in: 16
I20260909 04:43:44.864658  1095 skeleton_planner.h:170] Found solution in: 1
I20260909 04:43:44.864665  1095 skeleton_planner.h:170] Found solution in: 6
I20260909 04:43:44.864671  1095 skeleton_planner.h:170] Found solution in: 6
I20260909 04:43:44.864679  1095 skeleton_planner.h:170] Found solution in: 1
I20260909 04:43:44.864704  1095 skeleton_planner.h:170] Found solution in: 31
I20260909 04:43:44.864712  1095 skeleton_planner.h:170] Found solution in: 1
I20260909 04:43:44.864729  1095 skeleton_planner.h:170] Found solution in: 15
I20260909 04:43:44.864737  1095 skeleton_planner.h:170] Found solution in: 1
I20260909 04:43:44.864743  1095 skeleton_planner.h:170] Found solution in: 7
I20260909 04:43:44.864750  1095 skeleton_planner.h:170] Found solution in: 6
I20260909 04:43:44.864758  1095 skeleton_planner.h:170] Found solution in: 1
I20260909 04:43:44.864761  1095 skeleton_planner.h:170] Found solution in: 3
I20260909 04:43:44.864780  1095 skeleton_planner.h:170] Found solution in: 4
I20260909 04:43:44.864786  1095 skeleton_planner.h:170] Found solution in: 1
I20260909 04:43:44.864864  1095 skeleton_planner.h:170] Found solution in: 3
I20260909 04:43:44.864871  1095 skeleton_planner.h:170] Found solution in: 1
I20260909 04:43:44.864883  1095 skeleton_planner.h:170] Found solution in: 5
I20260909 04:43:44.864892  1095 skeleton_planner.h:170] Found solution in: 1
I20260909 04:43:44.864895  1095 skeleton_planner.h:170] Found solution in: 2
I20260909 04:43:44.864907  1095 skeleton_planner.h:170] Found solution in: 3
I20260909 04:43:44.864914  1095 skeleton_planner.h:170] Found solution in: 1
I20260909 04:43:44.864925  1095 skeleton_planner.h:170] Found solution in: 3
I20260909 04:43:44.864933  1095 skeleton_planner.h:170] Found solution in: 1
I20260909 04:43:44.864938  1095 skeleton_planner.h:170] Found solution in: 3
I20260909 04:43:44.864959  1095 skeleton_planner.h:170] Found solution in: 5
I20260909 04:43:44.864965  1095 skeleton_planner.h:170] Found solution in: 1
I20260909 04:43:44.864969  1095 skeleton_planner.h:170] Found solution in: 2
I20260909 04:43:44.866230  1095 skeleton_planner.h:170] Found solution in: 1
I20260909 04:43:44.866235  1095 skeleton_planner.h:170] Found solution in: 2
I20260909 04:43:44.867601  1095 skeleton_planner.h:170] Found solution in: 1
I20260909 04:43:44.867643  1095 skeleton_planner.h:170] Found solution in: 54
I20260909 04:43:44.867658  1095 skeleton_planner.h:170] Found solution in: 14
I20260909 04:43:44.867669  1095 skeleton_planner.h:170] Found solution in: 1
I20260909 04:43:44.867687  1095 skeleton_planner.h:170] Found solution in: 3
I20260909 04:43:44.867697  1095 skeleton_planner.h:170] Found solution in: 1
I20260909 04:43:44.867703  1095 skeleton_planner.h:170] Found solution in: 6
I20260909 04:43:44.867710  1095 skeleton_planner.h:170] Found solution in: 7
I20260909 04:43:44.867717  1095 skeleton_planner.h:170] Found solution in: 1
I20260909 04:43:44.867724  1095 skeleton_planner.h:170] Found solution in: 9
I20260909 04:43:44.867731  1095 skeleton_planner.h:170] Found solution in: 1
I20260909 04:43:44.867749  1095 skeleton_planner.h:170] Found solution in: 6
I20260909 04:43:44.867758  1095 skeleton_planner.h:170] Found solution in: 1
I20260909 04:43:44.867764  1095 skeleton_planner.h:170] Found solution in: 6
I20260909 04:43:44.867770  1095 skeleton_planner.h:170] Found solution in: 6
I20260909 04:43:44.867779  1095 skeleton_planner.h:170] Found solution in: 1
I20260909 04:43:44.867789  1095 skeleton_planner.h:170] Found solution in: 3
I20260909 04:43:44.867796  1095 skeleton_planner.h:170] Found solution in: 1
I20260909 04:43:44.867834  1095 skeleton_planner.h:170] Found solution in: 7
I20260909 04:43:44.867843  1095 skeleton_planner.h:170] Found solution in: 1
I20260909 04:43:44.867863  1095 skeleton_planner.h:170] Found solution in: 7
I20260909 04:43:44.867875  1095 skeleton_planner.h:170] Found solution in: 1
I20260909 04:43:44.867903  1095 skeleton_planner.h:170] Found solution in: 6
I20260909 04:43:44.867913  1095 skeleton_planner.h:170] Found solution in: 1
I20260909 04:43:44.867915  1095 skeleton_planner.h:170] Found solution in: 2
I20260909 04:43:44.867933  1095 skeleton_planner.h:170] Found solution in: 5
I20260909 04:43:44.867940  1095 skeleton_planner.h:170] Found solution in: 1
I20260909 04:43:44.867954  1095 skeleton_planner.h:170] Found solution in: 5
I20260909 04:43:44.867962  1095 skeleton_planner.h:170] Found solution in: 1
I20260909 04:43:44.867969  1095 skeleton_planner.h:170] Found solution in: 6
I20260909 04:43:44.867977  1095 skeleton_planner.h:170] Found solution in: 6
I20260909 04:43:44.867983  1095 skeleton_planner.h:170] Found solution in: 1
I20260909 04:43:44.868040  1095 skeleton_planner.h:170] Found solution in: 20
I20260909 04:43:44.868052  1095 skeleton_planner.h:170] Found solution in: 1
I20260909 04:43:44.868069  1095 skeleton_planner.h:170] Found solution in: 21
I20260909 04:43:44.868075  1095 skeleton_planner.h:170] Found solution in: 1
I20260909 04:43:44.868099  1095 skeleton_planner.h:170] Found solution in: 30
I20260909 04:43:44.868108  1095 skeleton_planner.h:170] Found solution in: 1
I20260909 04:43:44.868114  1095 skeleton_planner.h:170] Found solution in: 6
I20260909 04:43:44.868134  1095 skeleton_planner.h:170] Found solution in: 6
I20260909 04:43:44.868141  1095 skeleton_planner.h:170] Found solution in: 1
I20260909 04:43:44.868147  1095 skeleton_planner.h:170] Found solution in: 6
I20260909 04:43:44.868160  1095 skeleton_planner.h:170] Found solution in: 1
I20260909 04:43:44.868162  1095 skeleton_planner.h:170] Found solution in: 2
I20260909 04:43:44.868193  1095 skeleton_planner.h:170] Found solution in: 11
I20260909 04:43:44.868211  1095 skeleton_planner.h:170] Found solution in: 1
I20260909 04:43:44.868217  1095 skeleton_planner.h:170] Found solution in: 1
I20260909 04:43:44.868224  1095 skeleton_planner.h:170] Found solution in: 1
I20260909 04:43:44.868234  1095 skeleton_planner.h:170] Found solution in: 3
I20260909 04:43:44.868242  1095 skeleton_planner.h:170] Found solution in: 1
I20260909 04:43:44.868248  1095 skeleton_planner.h:170] Found solution in: 1
I20260909 04:43:44.868268  1095 skeleton_planner.h:170] Found solution in: 22
I20260909 04:43:44.868283  1095 skeleton_planner.h:170] Found solution in: 17
I20260909 04:43:44.868289  1095 skeleton_planner.h:170] Found solution in: 1
I20260909 04:43:44.868311  1095 skeleton_planner.h:170] Found solution in: 21
I20260909 04:43:44.868317  1095 skeleton_planner.h:170] Found solution in: 5
I20260909 04:43:44.868325  1095 skeleton_planner.h:170] Found solution in: 1
I20260909 04:43:44.868328  1095 skeleton_planner.h:170] Found solution in: 2
I20260909 04:43:44.868340  1095 skeleton_planner.h:170] Found solution in: 5
I20260909 04:43:44.868348  1095 skeleton_planner.h:170] Found solution in: 1
I20260909 04:43:44.868435  1095 skeleton_planner.h:170] Found solution in: 5
I20260909 04:43:44.868443  1095 skeleton_planner.h:170] Found solution in: 1
I20260909 04:43:44.868461  1095 skeleton_planner.h:170] Found solution in: 5
I20260909 04:43:44.868471  1095 skeleton_planner.h:170] Found solution in: 1
I20260909 04:43:44.868530  1095 skeleton_planner.h:170] Found solution in: 34
I20260909 04:43:44.868554  1095 skeleton_planner.h:170] Found solution in: 6
I20260909 04:43:44.868566  1095 skeleton_planner.h:170] Found solution in: 1
I20260909 04:43:44.868582  1095 skeleton_planner.h:170] Found solution in: 5
I20260909 04:43:44.868589  1095 skeleton_planner.h:170] Found solution in: 1
I20260909 04:43:44.868613  1095 skeleton_planner.h:170] Found solution in: 7
I20260909 04:43:44.868624  1095 skeleton_planner.h:170] Found solution in: 1
I20260909 04:43:44.868628  1095 skeleton_planner.h:170] Found solution in: 2
I20260909 04:43:44.868649  1095 skeleton_planner.h:170] Found solution in: 5
I20260909 04:43:44.868657  1095 skeleton_planner.h:170] Found solution in: 1
I20260909 04:43:44.868680  1095 skeleton_planner.h:170] Found solution in: 7
I20260909 04:43:44.868687  1095 skeleton_planner.h:170] Found solution in: 1
I20260909 04:43:44.868698  1095 skeleton_planner.h:170] Found solution in: 3
I20260909 04:43:44.868706  1095 skeleton_planner.h:170] Found solution in: 1
I20260909 04:43:44.868793  1095 skeleton_planner.h:170] Found solution in: 3
I20260909 04:43:44.868800  1095 skeleton_planner.h:170] Found solution in: 1
I20260909 04:43:44.868814  1095 skeleton_planner.h:170] Found solution in: 16
I20260909 04:43:44.868911  1095 skeleton_planner.h:170] Found solution in: 5
I20260909 04:43:44.868918  1095 skeleton_planner.h:170] Found solution in: 1
I20260909 04:43:44.868927  1095 skeleton_planner.h:170] Found solution in: 8
I20260909 04:43:44.868937  1095 skeleton_planner.h:170] Found solution in: 9
I20260909 04:43:44.869107  1095 skeleton_planner.h:170] Found solution in: 60
I20260909 04:43:44.869120  1095 skeleton_planner.h:170] Found solution in: 1
I20260909 04:43:44.869124  1095 skeleton_planner.h:170] Found solution in: 2
I20260909 04:43:44.869160  1095 skeleton_planner.h:170] Found solution in: 15
I20260909 04:43:44.869181  1095 skeleton_planner.h:170] Found solution in: 6
I20260909 04:43:44.869190  1095 skeleton_planner.h:170] Found solution in: 1
I20260909 04:43:44.869213  1095 skeleton_planner.h:170] Found solution in: 9
I20260909 04:43:44.869225  1095 skeleton_planner.h:170] Found solution in: 1
I20260909 04:43:44.869232  1095 skeleton_planner.h:170] Found solution in: 3
I20260909 04:43:44.869239  1095 skeleton_planner.h:170] Found solution in: 1
I20260909 04:43:44.869244  1095 skeleton_planner.h:170] Found solution in: 3
I20260909 04:43:44.869258  1095 skeleton_planner.h:170] Found solution in: 4
I20260909 04:43:44.869267  1095 skeleton_planner.h:170] Found solution in: 1
I20260909 04:43:44.869274  1095 skeleton_planner.h:170] Found solution in: 3
I20260909 04:43:44.869361  1095 skeleton_planner.h:170] Found solution in: 4
I20260909 04:43:44.869370  1095 skeleton_planner.h:170] Found solution in: 1
I20260909 04:43:44.869386  1095 skeleton_planner.h:170] Found solution in: 18
I20260909 04:43:44.869426  1095 skeleton_planner.h:170] Found solution in: 54
I20260909 04:43:44.869436  1095 skeleton_planner.h:170] Found solution in: 10
I20260909 04:43:44.869451  1095 skeleton_planner.h:170] Found solution in: 17
I20260909 04:43:44.869457  1095 skeleton_planner.h:170] Found solution in: 1
I20260909 04:43:44.869462  1095 skeleton_planner.h:170] Found solution in: 4
I20260909 04:43:44.869470  1095 skeleton_planner.h:170] Found solution in: 10
I20260909 04:43:44.869475  1095 skeleton_planner.h:170] Found solution in: 1
I20260909 04:43:44.869494  1095 skeleton_planner.h:170] Found solution in: 24
I20260909 04:43:44.869542  1095 skeleton_planner.h:170] Found solution in: 56
I20260909 04:43:44.869549  1095 skeleton_planner.h:170] Found solution in: 1
I20260909 04:43:44.869553  1095 skeleton_planner.h:170] Found solution in: 4
I20260909 04:43:44.869570  1095 skeleton_planner.h:170] Found solution in: 19
I20260909 04:43:44.869575  1095 skeleton_planner.h:170] Found solution in: 1
I20260909 04:43:44.869581  1095 skeleton_planner.h:170] Found solution in: 4
I20260909 04:43:44.869617  1095 skeleton_planner.h:170] Found solution in: 47
I20260909 04:43:44.869639  1095 skeleton_planner.h:170] Found solution in: 27
I20260909 04:43:44.869702  1095 skeleton_planner.h:170] Found solution in: 5
I20260909 04:43:44.869709  1095 skeleton_planner.h:170] Found solution in: 1
I20260909 04:43:44.869716  1095 skeleton_planner.h:170] Found solution in: 7
I20260909 04:43:44.869750  1095 skeleton_planner.h:170] Found solution in: 47
I20260909 04:43:44.869757  1095 skeleton_planner.h:170] Found solution in: 1
I20260909 04:43:44.869764  1095 skeleton_planner.h:170] Found solution in: 7
I20260909 04:43:44.869827  1095 skeleton_planner.h:170] Found solution in: 5
I20260909 04:43:44.869837  1095 skeleton_planner.h:170] Found solution in: 1
I20260909 04:43:44.869844  1095 skeleton_planner.h:170] Found solution in: 1
I20260909 04:43:44.869859  1095 skeleton_planner.h:170] Found solution in: 5
I20260909 04:43:44.869867  1095 skeleton_planner.h:170] Found solution in: 1
I20260909 04:43:44.869885  1095 skeleton_planner.h:170] Found solution in: 5
I20260909 04:43:44.869892  1095 skeleton_planner.h:170] Found solution in: 1
I20260909 04:43:44.869902  1095 skeleton_planner.h:170] Found solution in: 9
I20260909 04:43:44.869910  1095 skeleton_planner.h:170] Found solution in: 1
I20260909 04:43:44.870005  1095 skeleton_planner.h:170] Found solution in: 3
I20260909 04:43:44.870014  1095 skeleton_planner.h:170] Found solution in: 1
I20260909 04:43:44.870024  1095 skeleton_planner.h:170] Found solution in: 1
I20260909 04:43:44.870030  1095 skeleton_planner.h:170] Found solution in: 1
I20260909 04:43:44.870072  1095 skeleton_planner.h:170] Found solution in: 16
I20260909 04:43:44.870083  1095 skeleton_planner.h:170] Found solution in: 1
I20260909 04:43:44.870090  1095 skeleton_planner.h:170] Found solution in: 4
I20260909 04:43:44.870095  1095 skeleton_planner.h:170] Found solution in: 1
I20260909 04:43:44.870100  1095 skeleton_planner.h:170] Found solution in: 4
I20260909 04:43:44.870656  1095 skeleton_planner.h:170] Found solution in: 1
I20260909 04:43:44.870661  1095 skeleton_planner.h:170] Found solution in: 2
I20260909 04:43:44.870675  1095 skeleton_planner.h:170] Found solution in: 5
I20260909 04:43:44.870683  1095 skeleton_planner.h:170] Found solution in: 1
I20260909 04:43:44.870697  1095 skeleton_planner.h:170] Found solution in: 5
I20260909 04:43:44.870709  1095 skeleton_planner.h:170] Found solution in: 1
I20260909 04:43:44.870725  1095 skeleton_planner.h:170] Found solution in: 3
I20260909 04:43:44.870734  1095 skeleton_planner.h:170] Found solution in: 1
I20260909 04:43:44.870750  1095 skeleton_planner.h:170] Found solution in: 6
I20260909 04:43:44.870764  1095 skeleton_planner.h:170] Found solution in: 1
I20260909 04:43:44.870769  1095 skeleton_planner.h:170] Found solution in: 1
I20260909 04:43:44.870774  1095 skeleton_planner.h:170] Found solution in: 3
I20260909 04:43:44.870797  1095 skeleton_planner.h:170] Found solution in: 5
I20260909 04:43:44.870810  1095 skeleton_planner.h:170] Found solution in: 1
I20260909 04:43:44.870823  1095 skeleton_planner.h:170] Found solution in: 3
I20260909 04:43:44.870829  1095 skeleton_planner.h:170] Found solution in: 1
I20260909 04:43:44.870851  1095 skeleton_planner.h:170] Found solution in: 4
I20260909 04:43:44.870859  1095 skeleton_planner.h:170] Found solution in: 1
I20260909 04:43:44.870863  1095 skeleton_planner.h:170] Found solution in: 2
I20260909 04:43:44.870867  1095 skeleton_planner.h:170] Found solution in: 1
I20260909 04:43:44.870872  1095 skeleton_planner.h:170] Found solution in: 2
I20260909 04:43:44.870877  1095 skeleton_planner.h:170] Found solution in: 1
I20260909 04:43:44.870913  1095 skeleton_planner.h:170] Found solution in: 5
I20260909 04:43:44.870922  1095 skeleton_planner.h:170] Found solution in: 1
I20260909 04:43:44.870941  1095 skeleton_planner.h:170] Found solution in: 6
I20260909 04:43:44.870951  1095 skeleton_planner.h:170] Found solution in: 1
I20260909 04:43:44.870955  1095 skeleton_planner.h:170] Found solution in: 2
I20260909 04:43:44.870970  1095 skeleton_planner.h:170] Found solution in: 5
I20260909 04:43:44.870978  1095 skeleton_planner.h:170] Found solution in: 1
I20260909 04:43:44.870993  1095 skeleton_planner.h:170] Found solution in: 4
I20260909 04:43:44.871001  1095 skeleton_planner.h:170] Found solution in: 1
I20260909 04:43:44.871012  1095 skeleton_planner.h:170] Found solution in: 4
I20260909 04:43:44.871023  1095 skeleton_planner.h:170] Found solution in: 1
I20260909 04:43:44.871027  1095 skeleton_planner.h:170] Found solution in: 3
I20260909 04:43:44.871049  1095 skeleton_planner.h:170] Found solution in: 8
I20260909 04:43:44.871058  1095 skeleton_planner.h:170] Found solution in: 1
I20260909 04:43:44.871064  1095 skeleton_planner.h:170] Found solution in: 1
I20260909 04:43:44.871073  1095 skeleton_planner.h:170] Found solution in: 1
I20260909 04:43:44.871078  1095 skeleton_planner.h:170] Found solution in: 6
I20260909 04:43:44.871086  1095 skeleton_planner.h:170] Found solution in: 1
I20260909 04:43:44.871100  1095 skeleton_planner.h:170] Found solution in: 4
I20260909 04:43:44.871109  1095 skeleton_planner.h:170] Found solution in: 1
I20260909 04:43:44.871114  1095 skeleton_planner.h:170] Found solution in: 5
I20260909 04:43:44.871122  1095 skeleton_planner.h:170] Found solution in: 7
I20260909 04:43:44.871217  1095 skeleton_planner.h:170] Found solution in: 5
I20260909 04:43:44.871225  1095 skeleton_planner.h:170] Found solution in: 1
I20260909 04:43:44.871233  1095 skeleton_planner.h:170] Found solution in: 8
I20260909 04:43:44.871243  1095 skeleton_planner.h:170] Found solution in: 11
I20260909 04:43:44.871248  1095 skeleton_planner.h:170] Found solution in: 1
I20260909 04:43:44.871341  1095 skeleton_planner.h:170] Found solution in: 3
I20260909 04:43:44.871349  1095 skeleton_planner.h:170] Found solution in: 1
I20260909 04:43:44.871356  1095 skeleton_planner.h:170] Found solution in: 6
I20260909 04:43:44.871366  1095 skeleton_planner.h:170] Found solution in: 13
I20260909 04:43:44.871371  1095 skeleton_planner.h:170] Found solution in: 1
I20260909 04:43:44.871379  1095 skeleton_planner.h:170] Found solution in: 11
I20260909 04:43:44.871390  1095 skeleton_planner.h:170] Found solution in: 1
I20260909 04:43:44.871397  1095 skeleton_planner.h:170] Found solution in: 6
I20260909 04:43:44.871501  1095 skeleton_planner.h:170] Found solution in: 7
I20260909 04:43:44.871513  1095 skeleton_planner.h:170] Found solution in: 1
I20260909 04:43:44.871521  1095 skeleton_planner.h:170] Found solution in: 1
I20260909 04:43:44.871529  1095 skeleton_planner.h:170] Found solution in: 9
I20260909 04:43:44.871537  1095 skeleton_planner.h:170] Found solution in: 1
I20260909 04:43:44.871553  1095 skeleton_planner.h:170] Found solution in: 4
I20260909 04:43:44.871563  1095 skeleton_planner.h:170] Found solution in: 1
I20260909 04:43:44.871570  1095 skeleton_planner.h:170] Found solution in: 6
I20260909 04:43:44.871577  1095 skeleton_planner.h:170] Found solution in: 1
I20260909 04:43:44.871670  1095 skeleton_planner.h:170] Found solution in: 5
I20260909 04:43:44.871677  1095 skeleton_planner.h:170] Found solution in: 1
I20260909 04:43:44.871685  1095 skeleton_planner.h:170] Found solution in: 6
I20260909 04:43:44.871695  1095 skeleton_planner.h:170] Found solution in: 12
I20260909 04:43:44.871702  1095 skeleton_planner.h:170] Found solution in: 1
I20260909 04:43:44.871708  1095 skeleton_planner.h:170] Found solution in: 5
I20260909 04:43:44.871714  1095 skeleton_planner.h:170] Found solution in: 1
I20260909 04:43:44.871723  1095 skeleton_planner.h:170] Found solution in: 10
I20260909 04:43:44.871731  1095 skeleton_planner.h:170] Found solution in: 1
I20260909 04:43:44.871827  1095 skeleton_planner.h:170] Found solution in: 4
I20260909 04:43:44.871838  1095 skeleton_planner.h:170] Found solution in: 1
I20260909 04:43:44.871846  1095 skeleton_planner.h:170] Found solution in: 9
I20260909 04:43:44.871876  1095 skeleton_planner.h:170] Found solution in: 5
I20260909 04:43:44.871889  1095 skeleton_planner.h:170] Found solution in: 1
I20260909 04:43:44.871978  1095 skeleton_planner.h:170] Found solution in: 4
I20260909 04:43:44.871989  1095 skeleton_planner.h:170] Found solution in: 1
I20260909 04:43:44.871994  1095 skeleton_planner.h:170] Found solution in: 3
I20260909 04:43:44.872007  1095 skeleton_planner.h:170] Found solution in: 4
I20260909 04:43:44.872014  1095 skeleton_planner.h:170] Found solution in: 1
I20260909 04:43:44.872020  1095 skeleton_planner.h:170] Found solution in: 6
I20260909 04:43:44.872028  1095 skeleton_planner.h:170] Found solution in: 1
I20260909 04:43:44.872031  1095 skeleton_planner.h:170] Found solution in: 2
I20260909 04:43:44.872052  1095 skeleton_planner.h:170] Found solution in: 5
I20260909 04:43:44.872061  1095 skeleton_planner.h:170] Found solution in: 1
I20260909 04:43:44.872143  1095 skeleton_planner.h:170] Found solution in: 3
I20260909 04:43:44.872153  1095 skeleton_planner.h:170] Found solution in: 1
I20260909 04:43:44.872184  1095 skeleton_planner.h:170] Found solution in: 43
I20260909 04:43:44.872191  1095 skeleton_planner.h:170] Found solution in: 1
I20260909 04:43:44.872236  1095 skeleton_planner.h:170] Found solution in: 58
I20260909 04:43:44.872246  1095 skeleton_planner.h:170] Found solution in: 1
I20260909 04:43:44.872252  1095 skeleton_planner.h:170] Found solution in: 6
I20260909 04:43:44.872351  1095 skeleton_planner.h:170] Found solution in: 5
I20260909 04:43:44.872360  1095 skeleton_planner.h:170] Found solution in: 1
I20260909 04:43:44.872368  1095 skeleton_planner.h:170] Found solution in: 1
I20260909 04:43:44.872376  1095 skeleton_planner.h:170] Found solution in: 8
I20260909 04:43:44.872385  1095 skeleton_planner.h:170] Found solution in: 1
I20260909 04:43:44.872398  1095 skeleton_planner.h:170] Found solution in: 17
I20260909 04:43:44.872407  1095 skeleton_planner.h:170] Found solution in: 1
I20260909 04:43:44.872423  1095 skeleton_planner.h:170] Found solution in: 21
I20260909 04:43:44.872438  1095 skeleton_planner.h:170] Found solution in: 18
I20260909 04:43:44.872493  1095 skeleton_planner.h:170] Found solution in: 71
I20260909 04:43:44.872502  1095 skeleton_planner.h:170] Found solution in: 1
I20260909 04:43:44.872598  1095 skeleton_planner.h:170] Found solution in: 3
I20260909 04:43:44.872608  1095 skeleton_planner.h:170] Found solution in: 1
I20260909 04:43:44.872620  1095 skeleton_planner.h:170] Found solution in: 3
I20260909 04:43:44.872629  1095 skeleton_planner.h:170] Found solution in: 1
I20260909 04:43:44.872725  1095 skeleton_planner.h:170] Found solution in: 3
I20260909 04:43:44.872735  1095 skeleton_planner.h:170] Found solution in: 1
I20260909 04:43:44.872746  1095 skeleton_planner.h:170] Found solution in: 1
I20260909 04:43:44.872752  1095 skeleton_planner.h:170] Found solution in: 1
I20260909 04:43:44.872799  1095 skeleton_planner.h:170] Found solution in: 53
I20260909 04:43:44.872809  1095 skeleton_planner.h:170] Found solution in: 1
I20260909 04:43:44.872817  1095 skeleton_planner.h:170] Found solution in: 7
I20260909 04:43:44.872822  1095 skeleton_planner.h:170] Found solution in: 1
I20260909 04:43:44.872828  1095 skeleton_planner.h:170] Found solution in: 5
I20260909 04:43:44.872833  1095 skeleton_planner.h:170] Found solution in: 5
I20260909 04:43:44.872839  1095 skeleton_planner.h:170] Found solution in: 1
I20260909 04:43:44.872855  1095 skeleton_planner.h:170] Found solution in: 5
I20260909 04:43:44.872861  1095 skeleton_planner.h:170] Found solution in: 1
I20260909 04:43:44.872867  1095 skeleton_planner.h:170] Found solution in: 5
I20260909 04:43:44.872877  1095 skeleton_planner.h:170] Found solution in: 1
I20260909 04:43:44.872889  1095 skeleton_planner.h:170] Found solution in: 11
I20260909 04:43:44.872898  1095 skeleton_planner.h:170] Found solution in: 1
I20260909 04:43:44.872903  1095 skeleton_planner.h:170] Found solution in: 5
I20260909 04:43:44.872911  1095 skeleton_planner.h:170] Found solution in: 1
I20260909 04:43:44.872916  1095 skeleton_planner.h:170] Found solution in: 5
I20260909 04:43:44.872922  1095 skeleton_planner.h:170] Found solution in: 1
I20260909 04:43:44.872936  1095 skeleton_planner.h:170] Found solution in: 4
I20260909 04:43:44.872942  1095 skeleton_planner.h:170] Found solution in: 1
I20260909 04:43:44.872948  1095 skeleton_planner.h:170] Found solution in: 6
I20260909 04:43:44.872953  1095 skeleton_planner.h:170] Found solution in: 1
I20260909 04:43:44.872958  1095 skeleton_planner.h:170] Found solution in: 6
I20260909 04:43:44.872963  1095 skeleton_planner.h:170] Found solution in: 1
I20260909 04:43:44.872984  1095 skeleton_planner.h:170] Found solution in: 5
I20260909 04:43:44.872993  1095 skeleton_planner.h:170] Found solution in: 1
I20260909 04:43:44.873008  1095 skeleton_planner.h:170] Found solution in: 4
I20260909 04:43:44.873014  1095 skeleton_planner.h:170] Found solution in: 1
I20260909 04:43:44.873021  1095 skeleton_planner.h:170] Found solution in: 6
I20260909 04:43:44.873029  1095 skeleton_planner.h:170] Found solution in: 10
I20260909 04:43:44.873209  1095 skeleton_planner.h:170] Found solution in: 1
I20260909 04:43:44.873389  1095 skeleton_planner.h:170] Found solution in: 9
I20260909 04:43:44.873394  1095 skeleton_planner.h:170] Found solution in: 1
I20260909 04:43:44.873421  1095 skeleton_planner.h:170] Found solution in: 5
I20260909 04:43:44.873430  1095 skeleton_planner.h:170] Found solution in: 1
I20260909 04:43:44.873432  1095 skeleton_planner.h:170] Found solution in: 2
I20260909 04:43:44.873610  1095 skeleton_planner.h:170] Found solution in: 1
I20260909 04:43:44.873612  1095 skeleton_planner.h:170] Found solution in: 2
I20260909 04:43:44.873809  1095 skeleton_planner.h:170] Found solution in: 1
I20260909 04:43:44.873814  1095 skeleton_planner.h:170] Found solution in: 3
I20260909 04:43:44.874632  1095 skeleton_planner.h:170] Found solution in: 1
I20260909 04:43:44.874639  1095 skeleton_planner.h:170] Found solution in: 3
I20260909 04:43:44.875469  1095 skeleton_planner.h:170] Found solution in: 1
I20260909 04:43:44.875479  1095 skeleton_planner.h:170] Found solution in: 1
I20260909 04:43:44.875701  1095 skeleton_planner.h:170] Found solution in: 77
I20260909 04:43:44.875864  1095 skeleton_planner.h:170] Found solution in: 51
I20260909 04:43:44.875985  1095 skeleton_planner.h:170] Found solution in: 30
I20260909 04:43:44.876109  1095 skeleton_planner.h:170] Found solution in: 32
I20260909 04:43:44.876122  1095 skeleton_planner.h:170] Found solution in: 1
I20260909 04:43:44.876127  1095 skeleton_planner.h:170] Found solution in: 3
I20260909 04:43:44.876137  1095 skeleton_planner.h:170] Found solution in: 3
I20260909 04:43:44.876145  1095 skeleton_planner.h:170] Found solution in: 1
I20260909 04:43:44.876153  1095 skeleton_planner.h:170] Found solution in: 8
I20260909 04:43:44.876158  1095 skeleton_planner.h:170] Found solution in: 1
I20260909 04:43:44.876165  1095 skeleton_planner.h:170] Found solution in: 1
I20260909 04:43:44.876381  1095 skeleton_planner.h:170] Found solution in: 97
I20260909 04:43:44.876406  1095 skeleton_planner.h:170] Found solution in: 4
I20260909 04:43:44.876420  1095 skeleton_planner.h:170] Found solution in: 1
I20260909 04:43:44.876423  1095 skeleton_planner.h:170] Found solution in: 3
I20260909 04:43:44.876436  1095 skeleton_planner.h:170] Found solution in: 3
I20260909 04:43:44.876446  1095 skeleton_planner.h:170] Found solution in: 1
I20260909 04:43:44.876458  1095 skeleton_planner.h:170] Found solution in: 3
I20260909 04:43:44.876468  1095 skeleton_planner.h:170] Found solution in: 1
I20260909 04:43:44.876571  1095 skeleton_planner.h:170] Found solution in: 5
I20260909 04:43:44.876583  1095 skeleton_planner.h:170] Found solution in: 1
I20260909 04:43:44.876592  1095 skeleton_planner.h:170] Found solution in: 1
I20260909 04:43:44.876677  1095 skeleton_planner.h:170] Found solution in: 4
I20260909 04:43:44.876684  1095 skeleton_planner.h:170] Found solution in: 1
I20260909 04:43:44.876767  1095 skeleton_planner.h:170] Found solution in: 3
I20260909 04:43:44.876775  1095 skeleton_planner.h:170] Found solution in: 1
I20260909 04:43:44.876789  1095 skeleton_planner.h:170] Found solution in: 3
I20260909 04:43:44.876797  1095 skeleton_planner.h:170] Found solution in: 1
I20260909 04:43:44.876807  1095 skeleton_planner.h:170] Found solution in: 1
I20260909 04:43:44.876832  1095 skeleton_planner.h:170] Found solution in: 7
I20260909 04:43:44.876839  1095 skeleton_planner.h:170] Found solution in: 1
I20260909 04:43:44.876843  1095 skeleton_planner.h:170] Found solution in: 2
I20260909 04:43:44.876859  1095 skeleton_planner.h:170] Found solution in: 5
I20260909 04:43:44.876866  1095 skeleton_planner.h:170] Found solution in: 1
I20260909 04:43:44.876884  1095 skeleton_planner.h:170] Found solution in: 6
I20260909 04:43:44.876897  1095 skeleton_planner.h:170] Found solution in: 1
I20260909 04:43:44.876904  1095 skeleton_planner.h:170] Found solution in: 1
I20260909 04:43:44.876926  1095 skeleton_planner.h:170] Found solution in: 7
I20260909 04:43:44.876933  1095 skeleton_planner.h:170] Found solution in: 1
I20260909 04:43:44.877017  1095 skeleton_planner.h:170] Found solution in: 3
I20260909 04:43:44.877025  1095 skeleton_planner.h:170] Found solution in: 1
I20260909 04:43:44.877038  1095 skeleton_planner.h:170] Found solution in: 3
I20260909 04:43:44.877044  1095 skeleton_planner.h:170] Found solution in: 1
I20260909 04:43:44.877048  1095 skeleton_planner.h:170] Found solution in: 2
I20260909 04:43:44.877067  1095 skeleton_planner.h:170] Found solution in: 6
I20260909 04:43:44.877074  1095 skeleton_planner.h:170] Found solution in: 1
I20260909 04:43:44.877091  1095 skeleton_planner.h:170] Found solution in: 5
I20260909 04:43:44.877103  1095 skeleton_planner.h:170] Found solution in: 1
I20260909 04:43:44.877111  1095 skeleton_planner.h:170] Found solution in: 1
I20260909 04:43:44.877115  1095 skeleton_planner.h:170] Found solution in: 2
I20260909 04:43:44.877137  1095 skeleton_planner.h:170] Found solution in: 7
I20260909 04:43:44.877147  1095 skeleton_planner.h:170] Found solution in: 1
I20260909 04:43:44.877152  1095 skeleton_planner.h:170] Found solution in: 1
I20260909 04:43:44.877159  1095 skeleton_planner.h:170] Found solution in: 5
I20260909 04:43:44.877166  1095 skeleton_planner.h:170] Found solution in: 5
I20260909 04:43:44.877170  1095 skeleton_planner.h:170] Found solution in: 1
I20260909 04:43:44.877174  1095 skeleton_planner.h:170] Found solution in: 3
I20260909 04:43:44.877179  1095 skeleton_planner.h:170] Found solution in: 5
I20260909 04:43:44.877267  1095 skeleton_planner.h:170] Found solution in: 4
I20260909 04:43:44.877274  1095 skeleton_planner.h:170] Found solution in: 1
I20260909 04:43:44.877280  1095 skeleton_planner.h:170] Found solution in: 1
I20260909 04:43:44.877286  1095 skeleton_planner.h:170] Found solution in: 1
I20260909 04:43:44.877383  1095 skeleton_planner.h:170] Found solution in: 4
I20260909 04:43:44.877395  1095 skeleton_planner.h:170] Found solution in: 1
I20260909 04:43:44.877403  1095 skeleton_planner.h:170] Found solution in: 1
I20260909 04:43:44.877413  1095 skeleton_planner.h:170] Found solution in: 1
I20260909 04:43:44.877425  1095 skeleton_planner.h:170] Found solution in: 3
I20260909 04:43:44.877435  1095 skeleton_planner.h:170] Found solution in: 1
I20260909 04:43:44.877451  1095 skeleton_planner.h:170] Found solution in: 4
I20260909 04:43:44.877465  1095 skeleton_planner.h:170] Found solution in: 1
I20260909 04:43:44.877468  1095 skeleton_planner.h:170] Found solution in: 3
I20260909 04:43:44.877482  1095 skeleton_planner.h:170] Found solution in: 4
I20260909 04:43:44.877497  1095 skeleton_planner.h:170] Found solution in: 1
I20260909 04:43:44.877501  1095 skeleton_planner.h:170] Found solution in: 2
I20260909 04:43:44.877802  1095 skeleton_planner.h:170] Found solution in: 7
I20260909 04:43:44.877815  1095 skeleton_planner.h:170] Found solution in: 1
I20260909 04:43:44.877830  1095 skeleton_planner.h:170] Found solution in: 16
I20260909 04:43:44.877921  1095 skeleton_planner.h:170] Found solution in: 5
I20260909 04:43:44.877934  1095 skeleton_planner.h:170] Found solution in: 1
I20260909 04:43:44.877956  1095 skeleton_planner.h:170] Found solution in: 8
I20260909 04:43:44.877969  1095 skeleton_planner.h:170] Found solution in: 1
I20260909 04:43:44.877990  1095 skeleton_planner.h:170] Found solution in: 6
I20260909 04:43:44.878001  1095 skeleton_planner.h:170] Found solution in: 1
I20260909 04:43:44.878013  1095 skeleton_planner.h:170] Found solution in: 3
I20260909 04:43:44.878022  1095 skeleton_planner.h:170] Found solution in: 1
I20260909 04:43:44.878103  1095 skeleton_planner.h:170] Found solution in: 3
I20260909 04:43:44.878113  1095 skeleton_planner.h:170] Found solution in: 1
I20260909 04:43:44.878119  1095 skeleton_planner.h:170] Found solution in: 6
I20260909 04:43:44.878142  1095 skeleton_planner.h:170] Found solution in: 6
I20260909 04:43:44.878149  1095 skeleton_planner.h:170] Found solution in: 1
I20260909 04:43:44.878161  1095 skeleton_planner.h:170] Found solution in: 3
I20260909 04:43:44.878168  1095 skeleton_planner.h:170] Found solution in: 1
I20260909 04:43:44.878268  1095 skeleton_planner.h:170] Found solution in: 4
I20260909 04:43:44.878274  1095 skeleton_planner.h:170] Found solution in: 1
I20260909 04:43:44.878279  1095 skeleton_planner.h:170] Found solution in: 1
I20260909 04:43:44.878285  1095 skeleton_planner.h:170] Found solution in: 1
I20260909 04:43:44.878374  1095 skeleton_planner.h:170] Found solution in: 4
I20260909 04:43:44.878386  1095 skeleton_planner.h:170] Found solution in: 1
I20260909 04:43:44.878397  1095 skeleton_planner.h:170] Found solution in: 4
I20260909 04:43:44.878404  1095 skeleton_planner.h:170] Found solution in: 1
I20260909 04:43:44.878407  1095 skeleton_planner.h:170] Found solution in: 2
I20260909 04:43:44.879591  1095 skeleton_planner.h:170] Found solution in: 1
I20260909 04:43:44.879595  1095 skeleton_planner.h:170] Found solution in: 2
I20260909 04:43:44.880810  1095 skeleton_planner.h:170] Found solution in: 1
I20260909 04:43:44.880815  1095 skeleton_planner.h:170] Found solution in: 2
I20260909 04:43:44.880846  1095 skeleton_planner.h:170] Found solution in: 7
I20260909 04:43:44.880854  1095 skeleton_planner.h:170] Found solution in: 1
I20260909 04:43:44.880913  1095 skeleton_planner.h:170] Found solution in: 20
I20260909 04:43:44.880925  1095 skeleton_planner.h:170] Found solution in: 1
I20260909 04:43:44.880934  1095 skeleton_planner.h:170] Found solution in: 6
I20260909 04:43:44.881035  1095 skeleton_planner.h:170] Found solution in: 4
I20260909 04:43:44.881047  1095 skeleton_planner.h:170] Found solution in: 1
I20260909 04:43:44.881052  1095 skeleton_planner.h:170] Found solution in: 4
I20260909 04:43:44.881057  1095 skeleton_planner.h:170] Found solution in: 5
I20260909 04:43:44.881062  1095 skeleton_planner.h:170] Found solution in: 6
I20260909 04:43:44.881107  1095 skeleton_planner.h:170] Found solution in: 16
I20260909 04:43:44.881140  1095 skeleton_planner.h:170] Found solution in: 8
I20260909 04:43:44.881148  1095 skeleton_planner.h:170] Found solution in: 1
I20260909 04:43:44.881153  1095 skeleton_planner.h:170] Found solution in: 4
I20260909 04:43:44.881162  1095 skeleton_planner.h:170] Found solution in: 1
I20260909 04:43:44.881170  1095 skeleton_planner.h:170] Found solution in: 8
I20260909 04:43:44.881173  1095 skeleton_planner.h:170] Found solution in: 4
I20260909 04:43:44.881196  1095 skeleton_planner.h:170] Found solution in: 6
I20260909 04:43:44.881206  1095 skeleton_planner.h:170] Found solution in: 1
I20260909 04:43:44.881224  1095 skeleton_planner.h:170] Found solution in: 6
I20260909 04:43:44.881233  1095 skeleton_planner.h:170] Found solution in: 1
I20260909 04:43:44.881253  1095 skeleton_planner.h:170] Found solution in: 6
I20260909 04:43:44.881263  1095 skeleton_planner.h:170] Found solution in: 1
I20260909 04:43:44.881281  1095 skeleton_planner.h:170] Found solution in: 5
I20260909 04:43:44.881290  1095 skeleton_planner.h:170] Found solution in: 1
I20260909 04:43:44.881302  1095 skeleton_planner.h:170] Found solution in: 3
I20260909 04:43:44.881314  1095 skeleton_planner.h:170] Found solution in: 1
I20260909 04:43:44.881319  1095 skeleton_planner.h:170] Found solution in: 1
I20260909 04:43:44.881325  1095 skeleton_planner.h:170] Found solution in: 1
I20260909 04:43:44.881361  1095 skeleton_planner.h:170] Found solution in: 21
I20260909 04:43:44.881372  1095 skeleton_planner.h:170] Found solution in: 1
I20260909 04:43:44.881381  1095 skeleton_planner.h:170] Found solution in: 1
I20260909 04:43:44.881386  1095 skeleton_planner.h:170] Found solution in: 1
I20260909 04:43:44.881398  1095 skeleton_planner.h:170] Found solution in: 13
I20260909 04:43:44.881404  1095 skeleton_planner.h:170] Found solution in: 1
I20260909 04:43:44.881412  1095 skeleton_planner.h:170] Found solution in: 1
I20260909 04:43:44.881474  1095 skeleton_planner.h:170] Found solution in: 66
I20260909 04:43:44.881484  1095 skeleton_planner.h:170] Found solution in: 1
I20260909 04:43:44.881489  1095 skeleton_planner.h:170] Found solution in: 5
I20260909 04:43:44.881495  1095 skeleton_planner.h:170] Found solution in: 5
I20260909 04:43:44.881503  1095 skeleton_planner.h:170] Found solution in: 1
I20260909 04:43:44.881507  1095 skeleton_planner.h:170] Found solution in: 3
I20260909 04:43:44.881513  1095 skeleton_planner.h:170] Found solution in: 1
I20260909 04:43:44.881521  1095 skeleton_planner.h:170] Found solution in: 1
I20260909 04:43:44.881533  1095 skeleton_planner.h:170] Found solution in: 3
I20260909 04:43:44.881541  1095 skeleton_planner.h:170] Found solution in: 1
I20260909 04:43:44.881548  1095 skeleton_planner.h:170] Found solution in: 1
I20260909 04:43:44.881572  1095 skeleton_planner.h:170] Found solution in: 7
I20260909 04:43:44.881580  1095 skeleton_planner.h:170] Found solution in: 1
I20260909 04:43:44.881584  1095 skeleton_planner.h:170] Found solution in: 2
I20260909 04:43:44.881599  1095 skeleton_planner.h:170] Found solution in: 6
I20260909 04:43:44.881608  1095 skeleton_planner.h:170] Found solution in: 1
I20260909 04:43:44.881629  1095 skeleton_planner.h:170] Found solution in: 9
I20260909 04:43:44.881639  1095 skeleton_planner.h:170] Found solution in: 1
I20260909 04:43:44.881646  1095 skeleton_planner.h:170] Found solution in: 6
I20260909 04:43:44.881652  1095 skeleton_planner.h:170] Found solution in: 5
I20260909 04:43:44.881657  1095 skeleton_planner.h:170] Found solution in: 1
I20260909 04:43:44.881661  1095 skeleton_planner.h:170] Found solution in: 4
I20260909 04:43:44.881666  1095 skeleton_planner.h:170] Found solution in: 4
I20260909 04:43:44.881670  1095 skeleton_planner.h:170] Found solution in: 1
I20260909 04:43:44.881675  1095 skeleton_planner.h:170] Found solution in: 4
I20260909 04:43:44.881678  1095 skeleton_planner.h:170] Found solution in: 4
I20260909 04:43:44.881687  1095 skeleton_planner.h:170] Found solution in: 1
I20260909 04:43:44.881692  1095 skeleton_planner.h:170] Found solution in: 3
I20260909 04:43:44.881711  1095 skeleton_planner.h:170] Found solution in: 3
I20260909 04:43:44.881718  1095 skeleton_planner.h:170] Found solution in: 1
I20260909 04:43:44.881734  1095 skeleton_planner.h:170] Found solution in: 3
I20260909 04:43:44.881743  1095 skeleton_planner.h:170] Found solution in: 1
I20260909 04:43:44.881757  1095 skeleton_planner.h:170] Found solution in: 3
I20260909 04:43:44.881764  1095 skeleton_planner.h:170] Found solution in: 1
I20260909 04:43:44.881790  1095 skeleton_planner.h:170] Found solution in: 6
I20260909 04:43:44.881799  1095 skeleton_planner.h:170] Found solution in: 1
I20260909 04:43:44.881804  1095 skeleton_planner.h:170] Found solution in: 1
I20260909 04:43:44.881861  1095 skeleton_planner.h:170] Found solution in: 65
I20260909 04:43:44.881872  1095 skeleton_planner.h:170] Found solution in: 8
I20260909 04:43:44.881891  1095 skeleton_planner.h:170] Found solution in: 19
I20260909 04:43:44.881901  1095 skeleton_planner.h:170] Found solution in: 1
I20260909 04:43:44.881909  1095 skeleton_planner.h:170] Found solution in: 9
I20260909 04:43:44.881916  1095 skeleton_planner.h:170] Found solution in: 1
I20260909 04:43:44.881927  1095 skeleton_planner.h:170] Found solution in: 3
I20260909 04:43:44.881933  1095 skeleton_planner.h:170] Found solution in: 1
I20260909 04:43:44.882028  1095 skeleton_planner.h:170] Found solution in: 4
I20260909 04:43:44.882040  1095 skeleton_planner.h:170] Found solution in: 1
I20260909 04:43:44.882047  1095 skeleton_planner.h:170] Found solution in: 7
I20260909 04:43:44.882054  1095 skeleton_planner.h:170] Found solution in: 1
I20260909 04:43:44.882064  1095 skeleton_planner.h:170] Found solution in: 3
I20260909 04:43:44.882073  1095 skeleton_planner.h:170] Found solution in: 1
I20260909 04:43:44.882078  1095 skeleton_planner.h:170] Found solution in: 1
I20260909 04:43:44.882082  1095 skeleton_planner.h:170] Found solution in: 2
I20260909 04:43:44.882107  1095 skeleton_planner.h:170] Found solution in: 7
I20260909 04:43:44.882114  1095 skeleton_planner.h:170] Found solution in: 1
I20260909 04:43:44.882121  1095 skeleton_planner.h:170] Found solution in: 1
I20260909 04:43:44.882133  1095 skeleton_planner.h:170] Found solution in: 3
I20260909 04:43:44.882143  1095 skeleton_planner.h:170] Found solution in: 1
I20260909 04:43:44.882148  1095 skeleton_planner.h:170] Found solution in: 3
I20260909 04:43:44.882169  1095 skeleton_planner.h:170] Found solution in: 6
I20260909 04:43:44.882177  1095 skeleton_planner.h:170] Found solution in: 1
I20260909 04:43:44.882189  1095 skeleton_planner.h:170] Found solution in: 3
I20260909 04:43:44.882197  1095 skeleton_planner.h:170] Found solution in: 1
I20260909 04:43:44.882200  1095 skeleton_planner.h:170] Found solution in: 2
I20260909 04:43:44.882217  1095 skeleton_planner.h:170] Found solution in: 5
I20260909 04:43:44.882226  1095 skeleton_planner.h:170] Found solution in: 1
I20260909 04:43:44.882243  1095 skeleton_planner.h:170] Found solution in: 5
I20260909 04:43:44.882253  1095 skeleton_planner.h:170] Found solution in: 1
I20260909 04:43:44.882278  1095 skeleton_planner.h:170] Found solution in: 8
I20260909 04:43:44.882288  1095 skeleton_planner.h:170] Found solution in: 1
I20260909 04:43:44.882296  1095 skeleton_planner.h:170] Found solution in: 9
I20260909 04:43:44.882393  1095 skeleton_planner.h:170] Found solution in: 4
I20260909 04:43:44.882401  1095 skeleton_planner.h:170] Found solution in: 1
I20260909 04:43:44.882407  1095 skeleton_planner.h:170] Found solution in: 1
I20260909 04:43:44.882416  1095 skeleton_planner.h:170] Found solution in: 1
I20260909 04:43:44.882424  1095 skeleton_planner.h:170] Found solution in: 1
I20260909 04:43:44.882428  1095 skeleton_planner.h:170] Found solution in: 3
I20260909 04:43:44.882444  1095 skeleton_planner.h:170] Found solution in: 5
I20260909 04:43:44.882453  1095 skeleton_planner.h:170] Found solution in: 1
I20260909 04:43:44.882459  1095 skeleton_planner.h:170] Found solution in: 1
I20260909 04:43:44.882464  1095 skeleton_planner.h:170] Found solution in: 3
I20260909 04:43:44.882488  1095 skeleton_planner.h:170] Found solution in: 27
I20260909 04:43:44.882513  1095 skeleton_planner.h:170] Found solution in: 27
I20260909 04:43:44.882520  1095 skeleton_planner.h:170] Found solution in: 1
I20260909 04:43:44.882524  1095 skeleton_planner.h:170] Found solution in: 3
I20260909 04:43:44.882546  1095 skeleton_planner.h:170] Found solution in: 27
I20260909 04:43:44.882575  1095 skeleton_planner.h:170] Found solution in: 32
I20260909 04:43:44.882582  1095 skeleton_planner.h:170] Found solution in: 1
I20260909 04:43:44.882594  1095 skeleton_planner.h:170] Found solution in: 3
I20260909 04:43:44.882601  1095 skeleton_planner.h:170] Found solution in: 1
I20260909 04:43:44.882625  1095 skeleton_planner.h:170] Found solution in: 7
I20260909 04:43:44.882639  1095 skeleton_planner.h:170] Found solution in: 1
I20260909 04:43:44.882647  1095 skeleton_planner.h:170] Found solution in: 9
I20260909 04:43:44.882653  1095 skeleton_planner.h:170] Found solution in: 1
I20260909 04:43:44.882663  1095 skeleton_planner.h:170] Found solution in: 9
I20260909 04:43:44.882752  1095 skeleton_planner.h:170] Found solution in: 5
I20260909 04:43:44.882764  1095 skeleton_planner.h:170] Found solution in: 1
I20260909 04:43:44.882771  1095 skeleton_planner.h:170] Found solution in: 5
I20260909 04:43:44.882854  1095 skeleton_planner.h:170] Found solution in: 6
I20260909 04:43:44.882866  1095 skeleton_planner.h:170] Found solution in: 1
I20260909 04:43:44.882892  1095 skeleton_planner.h:170] Found solution in: 37
I20260909 04:43:44.882941  1095 skeleton_planner.h:170] Found solution in: 63
I20260909 04:43:44.882951  1095 skeleton_planner.h:170] Found solution in: 1
I20260909 04:43:44.883000  1095 skeleton_planner.h:170] Found solution in: 63
I20260909 04:43:44.883018  1095 skeleton_planner.h:170] Found solution in: 21
I20260909 04:43:44.883028  1095 skeleton_planner.h:170] Found solution in: 1
I20260909 04:43:44.883049  1095 skeleton_planner.h:170] Found solution in: 5
I20260909 04:43:44.883056  1095 skeleton_planner.h:170] Found solution in: 1
I20260909 04:43:44.883068  1095 skeleton_planner.h:170] Found solution in: 13
I20260909 04:43:44.883077  1095 skeleton_planner.h:170] Found solution in: 8
I20260909 04:43:44.883081  1095 skeleton_planner.h:170] Found solution in: 1
I20260909 04:43:44.883087  1095 skeleton_planner.h:170] Found solution in: 7
I20260909 04:43:44.883095  1095 skeleton_planner.h:170] Found solution in: 8
I20260909 04:43:44.883102  1095 skeleton_planner.h:170] Found solution in: 1
I20260909 04:43:44.883111  1095 skeleton_planner.h:170] Found solution in: 1
I20260909 04:43:44.883127  1095 skeleton_planner.h:170] Found solution in: 4
I20260909 04:43:44.883136  1095 skeleton_planner.h:170] Found solution in: 1
I20260909 04:43:44.883141  1095 skeleton_planner.h:170] Found solution in: 1
I20260909 04:43:44.883145  1095 skeleton_planner.h:170] Found solution in: 3
I20260909 04:43:44.883162  1095 skeleton_planner.h:170] Found solution in: 5
I20260909 04:43:44.883170  1095 skeleton_planner.h:170] Found solution in: 1
I20260909 04:43:44.883178  1095 skeleton_planner.h:170] Found solution in: 1
I20260909 04:43:44.883189  1095 skeleton_planner.h:170] Found solution in: 3
I20260909 04:43:44.883203  1095 skeleton_planner.h:170] Found solution in: 1
I20260909 04:43:44.883224  1095 skeleton_planner.h:170] Found solution in: 6
I20260909 04:43:44.883232  1095 skeleton_planner.h:170] Found solution in: 1
I20260909 04:43:44.883239  1095 skeleton_planner.h:170] Found solution in: 4
I20260909 04:43:44.883244  1095 skeleton_planner.h:170] Found solution in: 5
I20260909 04:43:44.883250  1095 skeleton_planner.h:170] Found solution in: 1
I20260909 04:43:44.883266  1095 skeleton_planner.h:170] Found solution in: 18
I20260909 04:43:44.883272  1095 skeleton_planner.h:170] Found solution in: 5
I20260909 04:43:44.883279  1095 skeleton_planner.h:170] Found solution in: 1
I20260909 04:43:44.883308  1095 skeleton_planner.h:170] Found solution in: 10
I20260909 04:43:44.883316  1095 skeleton_planner.h:170] Found solution in: 1
I20260909 04:43:44.883332  1095 skeleton_planner.h:170] Found solution in: 14
I20260909 04:43:44.883342  1095 skeleton_planner.h:170] Found solution in: 1
I20260909 04:43:44.883364  1095 skeleton_planner.h:170] Found solution in: 7
I20260909 04:43:44.883379  1095 skeleton_planner.h:170] Found solution in: 1
I20260909 04:43:44.883385  1095 skeleton_planner.h:170] Found solution in: 5
I20260909 04:43:44.883391  1095 skeleton_planner.h:170] Found solution in: 6
I20260909 04:43:44.883415  1095 skeleton_planner.h:170] Found solution in: 7
I20260909 04:43:44.883426  1095 skeleton_planner.h:170] Found solution in: 1
I20260909 04:43:44.883440  1095 skeleton_planner.h:170] Found solution in: 3
I20260909 04:43:44.883448  1095 skeleton_planner.h:170] Found solution in: 1
I20260909 04:43:44.883456  1095 skeleton_planner.h:170] Found solution in: 1
I20260909 04:43:44.883466  1095 skeleton_planner.h:170] Found solution in: 8
I20260909 04:43:44.883472  1095 skeleton_planner.h:170] Found solution in: 1
I20260909 04:43:44.883479  1095 skeleton_planner.h:170] Found solution in: 1
I20260909 04:43:44.883484  1095 skeleton_planner.h:170] Found solution in: 1
I20260909 04:43:44.883500  1095 skeleton_planner.h:170] Found solution in: 3
I20260909 04:43:44.883510  1095 skeleton_planner.h:170] Found solution in: 1
I20260909 04:43:44.883518  1095 skeleton_planner.h:170] Found solution in: 1
I20260909 04:43:44.883531  1095 skeleton_planner.h:170] Found solution in: 1
I20260909 04:43:44.883538  1095 skeleton_planner.h:170] Found solution in: 5
I20260909 04:43:44.883546  1095 skeleton_planner.h:170] Found solution in: 1
I20260909 04:43:44.883550  1095 skeleton_planner.h:170] Found solution in: 3
I20260909 04:43:44.883555  1095 skeleton_planner.h:170] Found solution in: 5
I20260909 04:43:44.883561  1095 skeleton_planner.h:170] Found solution in: 5
I20260909 04:43:44.883569  1095 skeleton_planner.h:170] Found solution in: 1
I20260909 04:43:44.883572  1095 skeleton_planner.h:170] Found solution in: 3
I20260909 04:43:44.883577  1095 skeleton_planner.h:170] Found solution in: 5
I20260909 04:43:44.883586  1095 skeleton_planner.h:170] Found solution in: 1
I20260909 04:43:44.883590  1095 skeleton_planner.h:170] Found solution in: 3
I20260909 04:43:44.883595  1095 skeleton_planner.h:170] Found solution in: 6
I20260909 04:43:44.883603  1095 skeleton_planner.h:170] Found solution in: 1
I20260909 04:43:44.883608  1095 skeleton_planner.h:170] Found solution in: 1
I20260909 04:43:44.883615  1095 skeleton_planner.h:170] Found solution in: 4
I20260909 04:43:44.883621  1095 skeleton_planner.h:170] Found solution in: 1
I20260909 04:43:44.883630  1095 skeleton_planner.h:170] Found solution in: 8
I20260909 04:43:44.883636  1095 skeleton_planner.h:170] Found solution in: 1
I20260909 04:43:44.883725  1095 skeleton_planner.h:170] Found solution in: 3
I20260909 04:43:44.883733  1095 skeleton_planner.h:170] Found solution in: 1
I20260909 04:43:44.883823  1095 skeleton_planner.h:170] Found solution in: 3
I20260909 04:43:44.883831  1095 skeleton_planner.h:170] Found solution in: 1
I20260909 04:43:44.883837  1095 skeleton_planner.h:170] Found solution in: 1
I20260909 04:43:44.883858  1095 skeleton_planner.h:170] Found solution in: 5
I20260909 04:43:44.883867  1095 skeleton_planner.h:170] Found solution in: 1
I20260909 04:43:44.883878  1095 skeleton_planner.h:170] Found solution in: 1
I20260909 04:43:44.883908  1095 skeleton_planner.h:170] Found solution in: 8
I20260909 04:43:44.883917  1095 skeleton_planner.h:170] Found solution in: 1
I20260909 04:43:44.883929  1095 skeleton_planner.h:170] Found solution in: 3
I20260909 04:43:44.883935  1095 skeleton_planner.h:170] Found solution in: 1
I20260909 04:43:44.883941  1095 skeleton_planner.h:170] Found solution in: 5
I20260909 04:43:44.884186  1095 skeleton_planner.h:170] Found solution in: 1
I20260909 04:43:44.884191  1095 skeleton_planner.h:170] Found solution in: 5
I20260909 04:43:44.884477  1095 skeleton_planner.h:170] Found solution in: 1
I20260909 04:43:44.884485  1095 skeleton_planner.h:170] Found solution in: 5
I20260909 04:43:44.884521  1095 skeleton_planner.h:170] Found solution in: 7
I20260909 04:43:44.884533  1095 skeleton_planner.h:170] Found solution in: 1
I20260909 04:43:44.884569  1095 skeleton_planner.h:170] Found solution in: 6
I20260909 04:43:44.884578  1095 skeleton_planner.h:170] Found solution in: 1
I20260909 04:43:44.884584  1095 skeleton_planner.h:170] Found solution in: 1
I20260909 04:43:44.884600  1095 skeleton_planner.h:170] Found solution in: 4
I20260909 04:43:44.884610  1095 skeleton_planner.h:170] Found solution in: 1
I20260909 04:43:44.884614  1095 skeleton_planner.h:170] Found solution in: 2
I20260909 04:43:44.884629  1095 skeleton_planner.h:170] Found solution in: 5
I20260909 04:43:44.884636  1095 skeleton_planner.h:170] Found solution in: 1
I20260909 04:43:44.884641  1095 skeleton_planner.h:170] Found solution in: 4
I20260909 04:43:44.884660  1095 skeleton_planner.h:170] Found solution in: 6
I20260909 04:43:44.884670  1095 skeleton_planner.h:170] Found solution in: 1
I20260909 04:43:44.884683  1095 skeleton_planner.h:170] Found solution in: 4
I20260909 04:43:44.884691  1095 skeleton_planner.h:170] Found solution in: 1
I20260909 04:43:44.884714  1095 skeleton_planner.h:170] Found solution in: 8
I20260909 04:43:44.884723  1095 skeleton_planner.h:170] Found solution in: 1
I20260909 04:43:44.884743  1095 skeleton_planner.h:170] Found solution in: 5
I20260909 04:43:44.884752  1095 skeleton_planner.h:170] Found solution in: 1
I20260909 04:43:44.884759  1095 skeleton_planner.h:170] Found solution in: 1
I20260909 04:43:44.884763  1095 skeleton_planner.h:170] Found solution in: 3
I20260909 04:43:44.884778  1095 skeleton_planner.h:170] Found solution in: 5
I20260909 04:43:44.884785  1095 skeleton_planner.h:170] Found solution in: 1
I20260909 04:43:44.884800  1095 skeleton_planner.h:170] Found solution in: 4
I20260909 04:43:44.884814  1095 skeleton_planner.h:170] Found solution in: 1
I20260909 04:43:44.884835  1095 skeleton_planner.h:170] Found solution in: 26
I20260909 04:43:44.884845  1095 skeleton_planner.h:170] Found solution in: 1
I20260909 04:43:44.884871  1095 skeleton_planner.h:170] Found solution in: 32
I20260909 04:43:44.884878  1095 skeleton_planner.h:170] Found solution in: 1
I20260909 04:43:44.885043  1095 skeleton_planner.h:170] Found solution in: 77
I20260909 04:43:44.885303  1095 skeleton_planner.h:170] Found solution in: 12
I20260909 04:43:44.885313  1095 skeleton_planner.h:170] Found solution in: 1
I20260909 04:43:44.886020  1095 skeleton_planner.h:170] Found solution in: 1
I20260909 04:43:44.886034  1095 skeleton_planner.h:170] Found solution in: 3
I20260909 04:43:44.886044  1095 skeleton_planner.h:170] Found solution in: 1
I20260909 04:43:44.886059  1095 skeleton_planner.h:170] Found solution in: 19
I20260909 04:43:44.886070  1095 skeleton_planner.h:170] Found solution in: 11
I20260909 04:43:44.886075  1095 skeleton_planner.h:170] Found solution in: 5
I20260909 04:43:44.886081  1095 skeleton_planner.h:170] Found solution in: 1
I20260909 04:43:44.886096  1095 skeleton_planner.h:170] Found solution in: 19
I20260909 04:43:44.886108  1095 skeleton_planner.h:170] Found solution in: 13
I20260909 04:43:44.886209  1095 skeleton_planner.h:170] Found solution in: 5
I20260909 04:43:44.886221  1095 skeleton_planner.h:170] Found solution in: 1
I20260909 04:43:44.886235  1095 skeleton_planner.h:170] Found solution in: 4
I20260909 04:43:44.886243  1095 skeleton_planner.h:170] Found solution in: 1
I20260909 04:43:44.886253  1095 skeleton_planner.h:170] Found solution in: 11
I20260909 04:43:44.886261  1095 skeleton_planner.h:170] Found solution in: 8
I20260909 04:43:44.886268  1095 skeleton_planner.h:170] Found solution in: 1
I20260909 04:43:44.886289  1095 skeleton_planner.h:170] Found solution in: 6
I20260909 04:43:44.886297  1095 skeleton_planner.h:170] Found solution in: 1
I20260909 04:43:44.886310  1095 skeleton_planner.h:170] Found solution in: 12
I20260909 04:43:44.886317  1095 skeleton_planner.h:170] Found solution in: 5
I20260909 04:43:44.886323  1095 skeleton_planner.h:170] Found solution in: 1
I20260909 04:43:44.886349  1095 skeleton_planner.h:170] Found solution in: 10
I20260909 04:43:44.886390  1095 skeleton_planner.h:170] Found solution in: 12
I20260909 04:43:44.886416  1095 skeleton_planner.h:170] Found solution in: 6
I20260909 04:43:44.886438  1095 skeleton_planner.h:170] Found solution in: 6
I20260909 04:43:44.886451  1095 skeleton_planner.h:170] Found solution in: 3
I20260909 04:43:44.886471  1095 skeleton_planner.h:170] Found solution in: 5
I20260909 04:43:44.886492  1095 skeleton_planner.h:170] Found solution in: 7
I20260909 04:43:44.886507  1095 skeleton_planner.h:170] Found solution in: 5
I20260909 04:43:44.886523  1095 skeleton_planner.h:170] Found solution in: 6
I20260909 04:43:44.886533  1095 skeleton_planner.h:170] Found solution in: 3
I20260909 04:43:44.886546  1095 skeleton_planner.h:170] Found solution in: 4
I20260909 04:43:44.886566  1095 skeleton_planner.h:170] Found solution in: 5
I20260909 04:43:44.886585  1095 skeleton_planner.h:170] Found solution in: 4
I20260909 04:43:44.886595  1095 skeleton_planner.h:170] Found solution in: 3
I20260909 04:43:44.886606  1095 skeleton_planner.h:170] Found solution in: 3
I20260909 04:43:44.886631  1095 skeleton_planner.h:170] Found solution in: 10
I20260909 04:43:44.886648  1095 skeleton_planner.h:170] Found solution in: 4
I20260909 04:43:44.886663  1095 skeleton_planner.h:170] Found solution in: 4
I20260909 04:43:44.886677  1095 skeleton_planner.h:170] Found solution in: 4
I20260909 04:43:44.886691  1095 skeleton_planner.h:170] Found solution in: 4
I20260909 04:43:44.886703  1095 skeleton_planner.h:170] Found solution in: 3
I20260909 04:43:44.886714  1095 skeleton_planner.h:170] Found solution in: 3
I20260909 04:43:44.886726  1095 skeleton_planner.h:170] Found solution in: 4
I20260909 04:43:44.886747  1095 skeleton_planner.h:170] Found solution in: 6
I20260909 04:43:44.886759  1095 skeleton_planner.h:170] Found solution in: 3
I20260909 04:43:44.886772  1095 skeleton_planner.h:170] Found solution in: 5
I20260909 04:43:44.886785  1095 skeleton_planner.h:170] Found solution in: 3
I20260909 04:43:44.886792  1095 skeleton_planner.h:170] Found solution in: 2
I20260909 04:43:44.886811  1095 skeleton_planner.h:170] Found solution in: 6
I20260909 04:43:44.886826  1095 skeleton_planner.h:170] Found solution in: 4
I20260909 04:43:44.886837  1095 skeleton_planner.h:170] Found solution in: 3
I20260909 04:43:44.886857  1095 skeleton_planner.h:170] Found solution in: 6
I20260909 04:43:44.886868  1095 skeleton_planner.h:170] Found solution in: 3
I20260909 04:43:44.886879  1095 skeleton_planner.h:170] Found solution in: 3
I20260909 04:43:44.886898  1095 skeleton_planner.h:170] Found solution in: 5
I20260909 04:43:44.886917  1095 skeleton_planner.h:170] Found solution in: 6
I20260909 04:43:44.886937  1095 skeleton_planner.h:170] Found solution in: 6
I20260909 04:43:44.886948  1095 skeleton_planner.h:170] Found solution in: 3
I20260909 04:43:44.886960  1095 skeleton_planner.h:170] Found solution in: 3
I20260909 04:43:44.886974  1095 skeleton_planner.h:170] Found solution in: 5
I20260909 04:43:44.886988  1095 skeleton_planner.h:170] Found solution in: 4
I20260909 04:43:44.887007  1095 skeleton_planner.h:170] Found solution in: 5
I20260909 04:43:44.887020  1095 skeleton_planner.h:170] Found solution in: 3
I20260909 04:43:44.887032  1095 skeleton_planner.h:170] Found solution in: 3
I20260909 04:43:44.887039  1095 skeleton_planner.h:170] Found solution in: 2
I20260909 04:43:44.887049  1095 skeleton_planner.h:170] Found solution in: 3
I20260909 04:43:44.887064  1095 skeleton_planner.h:170] Found solution in: 6
I20260909 04:43:44.887075  1095 skeleton_planner.h:170] Found solution in: 3
I20260909 04:43:44.887084  1095 skeleton_planner.h:170] Found solution in: 3
I20260909 04:43:44.887100  1095 skeleton_planner.h:170] Found solution in: 5
I20260909 04:43:44.887123  1095 skeleton_planner.h:170] Found solution in: 9
I20260909 04:43:44.887135  1095 skeleton_planner.h:170] Found solution in: 3
I20260909 04:43:44.887146  1095 skeleton_planner.h:170] Found solution in: 3
I20260909 04:43:44.887161  1095 skeleton_planner.h:170] Found solution in: 4
I20260909 04:43:44.887183  1095 skeleton_planner.h:170] Found solution in: 6
I20260909 04:43:44.887199  1095 skeleton_planner.h:170] Found solution in: 4
I20260909 04:43:44.887223  1095 skeleton_planner.h:170] Found solution in: 8
I20260909 04:43:44.887241  1095 skeleton_planner.h:170] Found solution in: 5
I20260909 04:43:44.887264  1095 skeleton_planner.h:170] Found solution in: 7
I20260909 04:43:44.887291  1095 skeleton_planner.h:170] Found solution in: 9
I20260909 04:43:44.887302  1095 skeleton_planner.h:170] Found solution in: 3
I20260909 04:43:44.887323  1095 skeleton_planner.h:170] Found solution in: 5
I20260909 04:43:44.887349  1095 skeleton_planner.h:170] Found solution in: 9
I20260909 04:43:44.887363  1095 skeleton_planner.h:170] Found solution in: 4
I20260909 04:43:44.887372  1095 skeleton_planner.h:170] Found solution in: 2
I20260909 04:43:44.887388  1095 skeleton_planner.h:170] Found solution in: 5
I20260909 04:43:44.887400  1095 skeleton_planner.h:170] Found solution in: 3
I20260909 04:43:44.887411  1095 skeleton_planner.h:170] Found solution in: 3
I20260909 04:43:44.887420  1095 skeleton_planner.h:170] Found solution in: 3
I20260909 04:43:44.887431  1095 skeleton_planner.h:170] Found solution in: 3
I20260909 04:43:44.887444  1095 skeleton_planner.h:170] Found solution in: 4
I20260909 04:43:44.887456  1095 skeleton_planner.h:170] Found solution in: 4
I20260909 04:43:44.887476  1095 skeleton_planner.h:170] Found solution in: 8
I20260909 04:43:44.887485  1095 skeleton_planner.h:170] Found solution in: 2
I20260909 04:43:44.887495  1095 skeleton_planner.h:170] Found solution in: 3
I20260909 04:43:44.887507  1095 skeleton_planner.h:170] Found solution in: 4
I20260909 04:43:44.887516  1095 skeleton_planner.h:170] Found solution in: 2
I20260909 04:43:44.887526  1095 skeleton_planner.h:170] Found solution in: 4
I20260909 04:43:44.887539  1095 skeleton_planner.h:170] Found solution in: 4
I20260909 04:43:44.887555  1095 skeleton_planner.h:170] Found solution in: 5
I20260909 04:43:44.887567  1095 skeleton_planner.h:170] Found solution in: 3
I20260909 04:43:44.887584  1095 skeleton_planner.h:170] Found solution in: 5
I20260909 04:43:44.887602  1095 skeleton_planner.h:170] Found solution in: 5
I20260909 04:43:44.887616  1095 skeleton_planner.h:170] Found solution in: 4
I20260909 04:43:44.887632  1095 skeleton_planner.h:170] Found solution in: 5
I20260909 04:43:44.887648  1095 skeleton_planner.h:170] Found solution in: 5
I20260909 04:43:44.887666  1095 skeleton_planner.h:170] Found solution in: 6
I20260909 04:43:44.887692  1095 skeleton_planner.h:170] Found solution in: 7
I20260909 04:43:44.887727  1095 skeleton_planner.h:170] Found solution in: 11
I20260909 04:43:44.887738  1095 skeleton_planner.h:170] Found solution in: 3
I20260909 04:43:44.887773  1095 skeleton_planner.h:170] Found solution in: 14
I20260909 04:43:44.887794  1095 skeleton_planner.h:170] Found solution in: 5
I20260909 04:43:44.887807  1095 skeleton_planner.h:170] Found solution in: 4
I20260909 04:43:44.887823  1095 skeleton_planner.h:170] Found solution in: 6
I20260909 04:43:44.887835  1095 skeleton_planner.h:170] Found solution in: 4
I20260909 04:43:44.887857  1095 skeleton_planner.h:170] Found solution in: 7
I20260909 04:43:44.887871  1095 skeleton_planner.h:170] Found solution in: 4
I20260909 04:43:44.887878  1095 skeleton_planner.h:170] Found solution in: 2
I20260909 04:43:44.887897  1095 skeleton_planner.h:170] Found solution in: 7
I20260909 04:43:44.887917  1095 skeleton_planner.h:170] Found solution in: 7
I20260909 04:43:44.887928  1095 skeleton_planner.h:170] Found solution in: 3
I20260909 04:43:44.887945  1095 skeleton_planner.h:170] Found solution in: 5
I20260909 04:43:44.887964  1095 skeleton_planner.h:170] Found solution in: 5
I20260909 04:43:44.887988  1095 skeleton_planner.h:170] Found solution in: 8
I20260909 04:43:44.888001  1095 skeleton_planner.h:170] Found solution in: 3
I20260909 04:43:44.888015  1095 skeleton_planner.h:170] Found solution in: 4
I20260909 04:43:44.888026  1095 skeleton_planner.h:170] Found solution in: 3
I20260909 04:43:44.888037  1095 skeleton_planner.h:170] Found solution in: 3
I20260909 04:43:44.888059  1095 skeleton_planner.h:170] Found solution in: 8
I20260909 04:43:44.888082  1095 skeleton_planner.h:170] Found solution in: 6
I20260909 04:43:44.888093  1095 skeleton_planner.h:170] Found solution in: 3
I20260909 04:43:44.888105  1095 skeleton_planner.h:170] Found solution in: 4
I20260909 04:43:44.888116  1095 skeleton_planner.h:170] Found solution in: 3
I20260909 04:43:44.888131  1095 skeleton_planner.h:170] Found solution in: 5
I20260909 04:43:44.888166  1095 skeleton_planner.h:170] Found solution in: 17
I20260909 04:43:44.888178  1095 skeleton_planner.h:170] Found solution in: 3
I20260909 04:43:44.888206  1095 skeleton_planner.h:170] Found solution in: 9
I20260909 04:43:44.888239  1095 skeleton_planner.h:170] Found solution in: 12
I20260909 04:43:44.888254  1095 skeleton_planner.h:170] Found solution in: 4
I20260909 04:43:44.888309  1095 skeleton_planner.h:170] Found solution in: 13
I20260909 04:43:44.888334  1095 skeleton_planner.h:170] Found solution in: 4
I20260909 04:43:44.888346  1095 skeleton_planner.h:170] Found solution in: 3
I20260909 04:43:44.888361  1095 skeleton_planner.h:170] Found solution in: 4
I20260909 04:43:44.888378  1095 skeleton_planner.h:170] Found solution in: 6
I20260909 04:43:44.888391  1095 skeleton_planner.h:170] Found solution in: 4
I20260909 04:43:44.888409  1095 skeleton_planner.h:170] Found solution in: 6
I20260909 04:43:44.888425  1095 skeleton_planner.h:170] Found solution in: 4
I20260909 04:43:44.888441  1095 skeleton_planner.h:170] Found solution in: 5
I20260909 04:43:44.888464  1095 skeleton_planner.h:170] Found solution in: 8
I20260909 04:43:44.888499  1095 skeleton_planner.h:170] Found solution in: 12
I20260909 04:43:44.888528  1095 skeleton_planner.h:170] Found solution in: 8
I20260909 04:43:44.888540  1095 skeleton_planner.h:170] Found solution in: 3
I20260909 04:43:44.888556  1095 skeleton_planner.h:170] Found solution in: 4
I20260909 04:43:44.888569  1095 skeleton_planner.h:170] Found solution in: 4
I20260909 04:43:44.888584  1095 skeleton_planner.h:170] Found solution in: 4
I20260909 04:43:44.888600  1095 skeleton_planner.h:170] Found solution in: 5
I20260909 04:43:44.888612  1095 skeleton_planner.h:170] Found solution in: 3
I20260909 04:43:44.888623  1095 skeleton_planner.h:170] Found solution in: 4
I20260909 04:43:44.888633  1095 skeleton_planner.h:170] Found solution in: 3
I20260909 04:43:44.888641  1095 skeleton_planner.h:170] Found solution in: 2
I20260909 04:43:44.888671  1095 skeleton_planner.h:170] Found solution in: 10
I20260909 04:43:44.888685  1095 skeleton_planner.h:170] Found solution in: 3
I20260909 04:43:44.888698  1095 skeleton_planner.h:170] Found solution in: 4
I20260909 04:43:44.888720  1095 skeleton_planner.h:170] Found solution in: 6
I20260909 04:43:44.888736  1095 skeleton_planner.h:170] Found solution in: 5
I20260909 04:43:44.888743  1095 skeleton_planner.h:170] Found solution in: 2
I20260909 04:43:44.888754  1095 skeleton_planner.h:170] Found solution in: 4
I20260909 04:43:44.888759  1095 skeleton_planner.h:170] Found solution in: 1
I20260909 04:43:44.888762  1095 skeleton_planner.h:170] Found solution in: 1
I20260909 04:43:44.888782  1095 skeleton_planner.h:170] Found solution in: 6
I20260909 04:43:44.888794  1095 skeleton_planner.h:170] Found solution in: 4
I20260909 04:43:44.888816  1095 skeleton_planner.h:170] Found solution in: 6
I20260909 04:43:44.888831  1095 skeleton_planner.h:170] Found solution in: 5
I20260909 04:43:44.888855  1095 skeleton_planner.h:170] Found solution in: 8
I20260909 04:43:44.888878  1095 skeleton_planner.h:170] Found solution in: 7
I20260909 04:43:44.888892  1095 skeleton_planner.h:170] Found solution in: 4
I20260909 04:43:44.888909  1095 skeleton_planner.h:170] Found solution in: 5
I20260909 04:43:44.888931  1095 skeleton_planner.h:170] Found solution in: 7
I20260909 04:43:44.888950  1095 skeleton_planner.h:170] Found solution in: 6
I20260909 04:43:44.888958  1095 skeleton_planner.h:170] Found solution in: 2
I20260909 04:43:44.888983  1095 skeleton_planner.h:170] Found solution in: 10
I20260909 04:43:44.889020  1095 skeleton_planner.h:170] Found solution in: 15
I20260909 04:43:44.889057  1095 skeleton_planner.h:170] Found solution in: 11
I20260909 04:43:44.889072  1095 skeleton_planner.h:170] Found solution in: 4
I20260909 04:43:44.889081  1095 skeleton_planner.h:170] Found solution in: 2
I20260909 04:43:44.889083  1095 skeleton_planner.h:170] Found solution in: 1
I20260909 04:43:44.889086  1095 skeleton_planner.h:170] Found solution in: 1
I20260909 04:43:44.889089  1095 skeleton_planner.h:170] Found solution in: 1
I20260909 04:43:44.889092  1095 skeleton_planner.h:170] Found solution in: 1
I20260909 04:43:44.889103  1095 skeleton_planner.h:170] Found solution in: 5
I20260909 04:43:44.889111  1095 skeleton_planner.h:170] Found solution in: 3
I20260909 04:43:44.889117  1095 skeleton_planner.h:170] Found solution in: 1
I20260909 04:43:44.889124  1095 skeleton_planner.h:170] Found solution in: 3
I20260909 04:43:44.889202  1095 skeleton_planner.h:170] Found solution in: 33
I20260909 04:43:44.889307  1095 skeleton_planner.h:170] Found solution in: 35
I20260909 04:43:44.889353  1095 skeleton_planner.h:170] Found solution in: 11
I20260909 04:43:44.889364  1095 skeleton_planner.h:170] Found solution in: 3
I20260909 04:43:44.889372  1095 skeleton_planner.h:170] Found solution in: 2
I20260909 04:43:44.889384  1095 skeleton_planner.h:170] Found solution in: 4
I20260909 04:43:44.889389  1095 skeleton_planner.h:170] Found solution in: 1
I20260909 04:43:44.889397  1095 skeleton_planner.h:170] Found solution in: 3
I20260909 04:43:44.889401  1095 skeleton_planner.h:170] Found solution in: 1
I20260909 04:43:44.889410  1095 skeleton_planner.h:170] Found solution in: 3
I20260909 04:43:44.889426  1095 skeleton_planner.h:170] Found solution in: 4
I20260909 04:43:44.889438  1095 skeleton_planner.h:170] Found solution in: 3
I20260909 04:43:44.889452  1095 skeleton_planner.h:170] Found solution in: 4
I20260909 04:43:44.889472  1095 skeleton_planner.h:170] Found solution in: 6
I20260909 04:43:44.889490  1095 skeleton_planner.h:170] Found solution in: 5
I20260909 04:43:44.889513  1095 skeleton_planner.h:170] Found solution in: 6
I20260909 04:43:44.889534  1095 skeleton_planner.h:170] Found solution in: 6
I20260909 04:43:44.889566  1095 skeleton_planner.h:170] Found solution in: 9
I20260909 04:43:44.889601  1095 skeleton_planner.h:170] Found solution in: 9
I20260909 04:43:44.889617  1095 skeleton_planner.h:170] Found solution in: 4
I20260909 04:43:44.889628  1095 skeleton_planner.h:170] Found solution in: 3
I20260909 04:43:44.889649  1095 skeleton_planner.h:170] Found solution in: 5
I20260909 04:43:44.889668  1095 skeleton_planner.h:170] Found solution in: 6
I20260909 04:43:44.889705  1095 skeleton_planner.h:170] Found solution in: 11
I20260909 04:43:44.889744  1095 skeleton_planner.h:170] Found solution in: 9
I20260909 04:43:44.889786  1095 skeleton_planner.h:170] Found solution in: 11
I20260909 04:43:44.889954  1095 skeleton_planner.h:170] Found solution in: 41
I20260909 04:43:44.890015  1095 skeleton_planner.h:170] Found solution in: 9
I20260909 04:43:44.890056  1095 skeleton_planner.h:170] Found solution in: 11
I20260909 04:43:44.890097  1095 skeleton_planner.h:170] Found solution in: 9
I20260909 04:43:44.890151  1095 skeleton_planner.h:170] Found solution in: 13
I20260909 04:43:44.890168  1095 skeleton_planner.h:170] Found solution in: 4
I20260909 04:43:44.890190  1095 skeleton_planner.h:170] Found solution in: 5
I20260909 04:43:44.890213  1095 skeleton_planner.h:170] Found solution in: 7
I20260909 04:43:44.890255  1095 skeleton_planner.h:170] Found solution in: 13
I20260909 04:43:44.890276  1095 skeleton_planner.h:170] Found solution in: 5
I20260909 04:43:44.890293  1095 skeleton_planner.h:170] Found solution in: 5
I20260909 04:43:44.890311  1095 skeleton_planner.h:170] Found solution in: 5
I20260909 04:43:44.890331  1095 skeleton_planner.h:170] Found solution in: 6
I20260909 04:43:44.890348  1095 skeleton_planner.h:170] Found solution in: 5
I20260909 04:43:44.890362  1095 skeleton_planner.h:170] Found solution in: 3
I20260909 04:43:44.890374  1095 skeleton_planner.h:170] Found solution in: 4
I20260909 04:43:44.890403  1095 skeleton_planner.h:170] Found solution in: 10
I20260909 04:43:44.890435  1095 skeleton_planner.h:170] Found solution in: 9
I20260909 04:43:44.890458  1095 skeleton_planner.h:170] Found solution in: 7
I20260909 04:43:44.890475  1095 skeleton_planner.h:170] Found solution in: 5
I20260909 04:43:44.890517  1095 skeleton_planner.h:170] Found solution in: 13
I20260909 04:43:44.890540  1095 skeleton_planner.h:170] Found solution in: 5
I20260909 04:43:44.890576  1095 skeleton_planner.h:170] Found solution in: 10
I20260909 04:43:44.890602  1095 skeleton_planner.h:170] Found solution in: 6
I20260909 04:43:44.890635  1095 skeleton_planner.h:170] Found solution in: 9
I20260909 04:43:44.890661  1095 skeleton_planner.h:170] Found solution in: 8
I20260909 04:43:44.890697  1095 skeleton_planner.h:170] Found solution in: 10
I20260909 04:43:44.890728  1095 skeleton_planner.h:170] Found solution in: 9
I20260909 04:43:44.890750  1095 skeleton_planner.h:170] Found solution in: 6
I20260909 04:43:44.890799  1095 skeleton_planner.h:170] Found solution in: 16
I20260909 04:43:44.890833  1095 skeleton_planner.h:170] Found solution in: 9
I20260909 04:43:44.890908  1095 skeleton_planner.h:170] Found solution in: 20
I20260909 04:43:44.890946  1095 skeleton_planner.h:170] Found solution in: 8
I20260909 04:43:44.890982  1095 skeleton_planner.h:170] Found solution in: 10
I20260909 04:43:44.891016  1095 skeleton_planner.h:170] Found solution in: 8
I20260909 04:43:44.891029  1095 skeleton_planner.h:170] Found solution in: 4
I20260909 04:43:44.891050  1095 skeleton_planner.h:170] Found solution in: 6
I20260909 04:43:44.891062  1095 skeleton_planner.h:170] Found solution in: 3
I20260909 04:43:44.891074  1095 skeleton_planner.h:170] Found solution in: 4
I20260909 04:43:44.891086  1095 skeleton_planner.h:170] Found solution in: 4
I20260909 04:43:44.891103  1095 skeleton_planner.h:170] Found solution in: 5
I20260909 04:43:44.891129  1095 skeleton_planner.h:170] Found solution in: 9
I20260909 04:43:44.891145  1095 skeleton_planner.h:170] Found solution in: 4
I20260909 04:43:44.891165  1095 skeleton_planner.h:170] Found solution in: 7
I20260909 04:43:44.891176  1095 skeleton_planner.h:170] Found solution in: 3
I20260909 04:43:44.891260  1095 skeleton_planner.h:170] Found solution in: 22
I20260909 04:43:44.891275  1095 skeleton_planner.h:170] Found solution in: 2
I20260909 04:43:44.891309  1095 skeleton_planner.h:170] Found solution in: 7
I20260909 04:43:44.891315  1095 skeleton_planner.h:170] Found solution in: 1
I20260909 04:43:44.891319  1095 skeleton_planner.h:170] Found solution in: 1
I20260909 04:43:44.891335  1095 skeleton_planner.h:170] Found solution in: 5
I20260909 04:43:44.891346  1095 skeleton_planner.h:170] Found solution in: 4
I20260909 04:43:44.891412  1095 skeleton_planner.h:170] Found solution in: 31
I20260909 04:43:44.891426  1095 skeleton_planner.h:170] Found solution in: 4
I20260909 04:43:44.891436  1095 skeleton_planner.h:170] Found solution in: 3
I20260909 04:43:44.891456  1095 skeleton_planner.h:170] Found solution in: 6
I20260909 04:43:44.891464  1095 skeleton_planner.h:170] Found solution in: 2
I20260909 04:43:44.891479  1095 skeleton_planner.h:170] Found solution in: 6
I20260909 04:43:44.891484  1095 skeleton_planner.h:170] Found solution in: 1
I20260909 04:43:44.891501  1095 skeleton_planner.h:170] Found solution in: 8
I20260909 04:43:44.891523  1095 skeleton_planner.h:170] Found solution in: 9
I20260909 04:43:44.891556  1095 skeleton_planner.h:170] Found solution in: 10
I20260909 04:43:44.891584  1095 skeleton_planner.h:170] Found solution in: 8
I20260909 04:43:44.891593  1095 skeleton_planner.h:170] Found solution in: 2
I20260909 04:43:44.891613  1095 skeleton_planner.h:170] Found solution in: 6
I20260909 04:43:44.891626  1095 skeleton_planner.h:170] Found solution in: 4
I20260909 04:43:44.891647  1095 skeleton_planner.h:170] Found solution in: 7
I20260909 04:43:44.891672  1095 skeleton_planner.h:170] Found solution in: 7
I20260909 04:43:44.891697  1095 skeleton_planner.h:170] Found solution in: 8
I20260909 04:43:44.891721  1095 skeleton_planner.h:170] Found solution in: 6
I20260909 04:43:44.891741  1095 skeleton_planner.h:170] Found solution in: 6
I20260909 04:43:44.891764  1095 skeleton_planner.h:170] Found solution in: 7
I20260909 04:43:44.891780  1095 skeleton_planner.h:170] Found solution in: 4
I20260909 04:43:44.891796  1095 skeleton_planner.h:170] Found solution in: 5
I20260909 04:43:44.891826  1095 skeleton_planner.h:170] Found solution in: 10
I20260909 04:43:44.891840  1095 skeleton_planner.h:170] Found solution in: 4
I20260909 04:43:44.891848  1095 skeleton_planner.h:170] Found solution in: 2
I20260909 04:43:44.891867  1095 skeleton_planner.h:170] Found solution in: 5
I20260909 04:43:44.891884  1095 skeleton_planner.h:170] Found solution in: 5
I20260909 04:43:44.891898  1095 skeleton_planner.h:170] Found solution in: 4
I20260909 04:43:44.891937  1095 skeleton_planner.h:170] Found solution in: 11
I20260909 04:43:44.891963  1095 skeleton_planner.h:170] Found solution in: 7
I20260909 04:43:44.891983  1095 skeleton_planner.h:170] Found solution in: 7
I20260909 04:43:44.892009  1095 skeleton_planner.h:170] Found solution in: 8
I20260909 04:43:44.892016  1095 skeleton_planner.h:170] Found solution in: 1
I20260909 04:43:44.892045  1095 skeleton_planner.h:170] Found solution in: 9
I20260909 04:43:44.892051  1095 skeleton_planner.h:170] Found solution in: 1
I20260909 04:43:44.892055  1095 skeleton_planner.h:170] Found solution in: 1
I20260909 04:43:44.892071  1095 skeleton_planner.h:170] Found solution in: 5
I20260909 04:43:44.892089  1095 skeleton_planner.h:170] Found solution in: 5
I20260909 04:43:44.892129  1095 skeleton_planner.h:170] Found solution in: 12
I20260909 04:43:44.892155  1095 skeleton_planner.h:170] Found solution in: 6
I20260909 04:43:44.892234  1095 skeleton_planner.h:170] Found solution in: 28
I20260909 04:43:44.892438  1095 skeleton_planner.h:170] Found solution in: 63
I20260909 04:43:44.892457  1095 skeleton_planner.h:170] Found solution in: 2
I20260909 04:43:44.892489  1095 skeleton_planner.h:170] Found solution in: 6
I20260909 04:43:44.892501  1095 skeleton_planner.h:170] Found solution in: 3
I20260909 04:43:44.892508  1095 skeleton_planner.h:170] Found solution in: 2
I20260909 04:43:44.892517  1095 skeleton_planner.h:170] Found solution in: 3
I20260909 04:43:44.892529  1095 skeleton_planner.h:170] Found solution in: 4
I20260909 04:43:44.892539  1095 skeleton_planner.h:170] Found solution in: 3
I20260909 04:43:44.892554  1095 skeleton_planner.h:170] Found solution in: 3
I20260909 04:43:44.892571  1095 skeleton_planner.h:170] Found solution in: 5
I20260909 04:43:44.892599  1095 skeleton_planner.h:170] Found solution in: 8
I20260909 04:43:44.892612  1095 skeleton_planner.h:170] Found solution in: 3
I20260909 04:43:44.892625  1095 skeleton_planner.h:170] Found solution in: 4
I20260909 04:43:44.892642  1095 skeleton_planner.h:170] Found solution in: 4
I20260909 04:43:44.892657  1095 skeleton_planner.h:170] Found solution in: 5
I20260909 04:43:44.892679  1095 skeleton_planner.h:170] Found solution in: 7
I20260909 04:43:44.892707  1095 skeleton_planner.h:170] Found solution in: 8
I20260909 04:43:44.892720  1095 skeleton_planner.h:170] Found solution in: 3
I20260909 04:43:44.892741  1095 skeleton_planner.h:170] Found solution in: 7
I20260909 04:43:44.892761  1095 skeleton_planner.h:170] Found solution in: 7
I20260909 04:43:44.892777  1095 skeleton_planner.h:170] Found solution in: 4
I20260909 04:43:44.892795  1095 skeleton_planner.h:170] Found solution in: 6
I20260909 04:43:44.892819  1095 skeleton_planner.h:170] Found solution in: 7
I20260909 04:43:44.892838  1095 skeleton_planner.h:170] Found solution in: 4
I20260909 04:43:44.892848  1095 skeleton_planner.h:170] Found solution in: 3
I20260909 04:43:44.892866  1095 skeleton_planner.h:170] Found solution in: 6
I20260909 04:43:44.892910  1095 skeleton_planner.h:170] Found solution in: 12
I20260909 04:43:44.892922  1095 skeleton_planner.h:170] Found solution in: 2
I20260909 04:43:44.892926  1095 skeleton_planner.h:170] Found solution in: 1
I20260909 04:43:44.892983  1095 skeleton_planner.h:170] Found solution in: 14
I20260909 04:43:44.892992  1095 skeleton_planner.h:170] Found solution in: 1
I20260909 04:43:44.893028  1095 skeleton_planner.h:170] Found solution in: 9
I20260909 04:43:44.893059  1095 skeleton_planner.h:170] Found solution in: 8
I20260909 04:43:44.893085  1095 skeleton_planner.h:170] Found solution in: 8
I20260909 04:43:44.893103  1095 skeleton_planner.h:170] Found solution in: 5
I20260909 04:43:44.893131  1095 skeleton_planner.h:170] Found solution in: 10
I20260909 04:43:44.893168  1095 skeleton_planner.h:170] Found solution in: 11
I20260909 04:43:44.893190  1095 skeleton_planner.h:170] Found solution in: 5
I20260909 04:43:44.893200  1095 skeleton_planner.h:170] Found solution in: 3
I20260909 04:43:44.893209  1095 skeleton_planner.h:170] Found solution in: 3
I20260909 04:43:44.893213  1095 skeleton_planner.h:170] Found solution in: 1
I20260909 04:43:44.893231  1095 skeleton_planner.h:170] Found solution in: 7
I20260909 04:43:44.893236  1095 skeleton_planner.h:170] Found solution in: 1
I20260909 04:43:44.893251  1095 skeleton_planner.h:170] Found solution in: 6
I20260909 04:43:44.893290  1095 skeleton_planner.h:170] Found solution in: 23
I20260909 04:43:44.893299  1095 skeleton_planner.h:170] Found solution in: 2
I20260909 04:43:44.893318  1095 skeleton_planner.h:170] Found solution in: 5
I20260909 04:43:44.893329  1095 skeleton_planner.h:170] Found solution in: 3
I20260909 04:43:44.893350  1095 skeleton_planner.h:170] Found solution in: 7
I20260909 04:43:44.893371  1095 skeleton_planner.h:170] Found solution in: 6
I20260909 04:43:44.893388  1095 skeleton_planner.h:170] Found solution in: 4
I20260909 04:43:44.893407  1095 skeleton_planner.h:170] Found solution in: 6
I20260909 04:43:44.893419  1095 skeleton_planner.h:170] Found solution in: 3
I20260909 04:43:44.893429  1095 skeleton_planner.h:170] Found solution in: 3
I20260909 04:43:44.893450  1095 skeleton_planner.h:170] Found solution in: 6
I20260909 04:43:44.893486  1095 skeleton_planner.h:170] Found solution in: 10
I20260909 04:43:44.893507  1095 skeleton_planner.h:170] Found solution in: 4
I20260909 04:43:44.893520  1095 skeleton_planner.h:170] Found solution in: 5
I20260909 04:43:44.893543  1095 skeleton_planner.h:170] Found solution in: 8
I20260909 04:43:44.893587  1095 skeleton_planner.h:170] Found solution in: 13
I20260909 04:43:44.893610  1095 skeleton_planner.h:170] Found solution in: 6
I20260909 04:43:44.893615  1095 skeleton_planner.h:170] Found solution in: 1
I20260909 04:43:44.893632  1095 skeleton_planner.h:170] Found solution in: 6
I20260909 04:43:44.893654  1095 skeleton_planner.h:170] Found solution in: 8
I20260909 04:43:44.893666  1095 skeleton_planner.h:170] Found solution in: 3
I20260909 04:43:44.893675  1095 skeleton_planner.h:170] Found solution in: 4
I20260909 04:43:44.893693  1095 skeleton_planner.h:170] Found solution in: 6
I20260909 04:43:44.893715  1095 skeleton_planner.h:170] Found solution in: 8
I20260909 04:43:44.893730  1095 skeleton_planner.h:170] Found solution in: 4
I20260909 04:43:44.893750  1095 skeleton_planner.h:170] Found solution in: 6
I20260909 04:43:44.893810  1095 skeleton_planner.h:170] Found solution in: 17
I20260909 04:43:44.893828  1095 skeleton_planner.h:170] Found solution in: 4
I20260909 04:43:44.893855  1095 skeleton_planner.h:170] Found solution in: 6
I20260909 04:43:44.893870  1095 skeleton_planner.h:170] Found solution in: 5
I20260909 04:43:44.893898  1095 skeleton_planner.h:170] Found solution in: 10
I20260909 04:43:44.893916  1095 skeleton_planner.h:170] Found solution in: 6
I20260909 04:43:44.893922  1095 skeleton_planner.h:170] Found solution in: 1
I20260909 04:43:44.893944  1095 skeleton_planner.h:170] Found solution in: 7
I20260909 04:43:44.893971  1095 skeleton_planner.h:170] Found solution in: 8
I20260909 04:43:44.893983  1095 skeleton_planner.h:170] Found solution in: 3
I20260909 04:43:44.893994  1095 skeleton_planner.h:170] Found solution in: 3
I20260909 04:43:44.894021  1095 skeleton_planner.h:170] Found solution in: 9
I20260909 04:43:44.894026  1095 skeleton_planner.h:170] Found solution in: 1
I20260909 04:43:44.894030  1095 skeleton_planner.h:170] Found solution in: 1
I20260909 04:43:44.894032  1095 skeleton_planner.h:170] Found solution in: 1
I20260909 04:43:44.894073  1095 skeleton_planner.h:170] Found solution in: 16
I20260909 04:43:44.894105  1095 skeleton_planner.h:170] Found solution in: 9
I20260909 04:43:44.894145  1095 skeleton_planner.h:170] Found solution in: 14
I20260909 04:43:44.894181  1095 skeleton_planner.h:170] Found solution in: 8
I20260909 04:43:44.894203  1095 skeleton_planner.h:170] Found solution in: 6
I20260909 04:43:44.894222  1095 skeleton_planner.h:170] Found solution in: 6
I20260909 04:43:44.894232  1095 skeleton_planner.h:170] Found solution in: 3
I20260909 04:43:44.894248  1095 skeleton_planner.h:170] Found solution in: 6
I20260909 04:43:44.894289  1095 skeleton_planner.h:170] Found solution in: 16
I20260909 04:43:44.894302  1095 skeleton_planner.h:170] Found solution in: 3
I20260909 04:43:44.894318  1095 skeleton_planner.h:170] Found solution in: 6
I20260909 04:43:44.894330  1095 skeleton_planner.h:170] Found solution in: 3
I20260909 04:43:44.894354  1095 skeleton_planner.h:170] Found solution in: 7
I20260909 04:43:44.894372  1095 skeleton_planner.h:170] Found solution in: 8
I20260909 04:43:44.894387  1095 skeleton_planner.h:170] Found solution in: 4
I20260909 04:43:44.894397  1095 skeleton_planner.h:170] Found solution in: 3
I20260909 04:43:44.894420  1095 skeleton_planner.h:170] Found solution in: 10
I20260909 04:43:44.894448  1095 skeleton_planner.h:170] Found solution in: 12
I20260909 04:43:44.894491  1095 skeleton_planner.h:170] Found solution in: 18
I20260909 04:43:44.894505  1095 skeleton_planner.h:170] Found solution in: 3
I20260909 04:43:44.894517  1095 skeleton_planner.h:170] Found solution in: 5
I20260909 04:43:44.894531  1095 skeleton_planner.h:170] Found solution in: 6
I20260909 04:43:44.894541  1095 skeleton_planner.h:170] Found solution in: 3
I20260909 04:43:44.894553  1095 skeleton_planner.h:170] Found solution in: 5
I20260909 04:43:44.894562  1095 skeleton_planner.h:170] Found solution in: 2
I20260909 04:43:44.894573  1095 skeleton_planner.h:170] Found solution in: 6
I20260909 04:43:44.894585  1095 skeleton_planner.h:170] Found solution in: 4
I20260909 04:43:44.894608  1095 skeleton_planner.h:170] Found solution in: 9
I20260909 04:43:44.894632  1095 skeleton_planner.h:170] Found solution in: 10
I20260909 04:43:44.894651  1095 skeleton_planner.h:170] Found solution in: 6
I20260909 04:43:44.894672  1095 skeleton_planner.h:170] Found solution in: 6
I20260909 04:43:44.894703  1095 skeleton_planner.h:170] Found solution in: 16
I20260909 04:43:44.894721  1095 skeleton_planner.h:170] Found solution in: 5
I20260909 04:43:44.894752  1095 skeleton_planner.h:170] Found solution in: 12
I20260909 04:43:44.894791  1095 skeleton_planner.h:170] Found solution in: 10
I20260909 04:43:44.894816  1095 skeleton_planner.h:170] Found solution in: 6
I20260909 04:43:44.894841  1095 skeleton_planner.h:170] Found solution in: 7
I20260909 04:43:44.894855  1095 skeleton_planner.h:170] Found solution in: 3
I20260909 04:43:44.894867  1095 skeleton_planner.h:170] Found solution in: 3
I20260909 04:43:44.894877  1095 skeleton_planner.h:170] Found solution in: 3
I20260909 04:43:44.894888  1095 skeleton_planner.h:170] Found solution in: 3
I20260909 04:43:44.894904  1095 skeleton_planner.h:170] Found solution in: 4
I20260909 04:43:44.894915  1095 skeleton_planner.h:170] Found solution in: 3
I20260909 04:43:44.894934  1095 skeleton_planner.h:170] Found solution in: 6
I20260909 04:43:44.894951  1095 skeleton_planner.h:170] Found solution in: 5
I20260909 04:43:44.894975  1095 skeleton_planner.h:170] Found solution in: 9
I20260909 04:43:44.895006  1095 skeleton_planner.h:170] Found solution in: 10
I20260909 04:43:44.895038  1095 skeleton_planner.h:170] Found solution in: 11
I20260909 04:43:44.895094  1095 skeleton_planner.h:170] Found solution in: 14
I20260909 04:43:44.895107  1095 skeleton_planner.h:170] Found solution in: 3
I20260909 04:43:44.895129  1095 skeleton_planner.h:170] Found solution in: 8
I20260909 04:43:44.895171  1095 skeleton_planner.h:170] Found solution in: 15
I20260909 04:43:44.895181  1095 skeleton_planner.h:170] Found solution in: 2
I20260909 04:43:44.895227  1095 skeleton_planner.h:170] Found solution in: 16
I20260909 04:43:44.895249  1095 skeleton_planner.h:170] Found solution in: 4
I20260909 04:43:44.895263  1095 skeleton_planner.h:170] Found solution in: 5
I20260909 04:43:44.895279  1095 skeleton_planner.h:170] Found solution in: 4
I20260909 04:43:44.895291  1095 skeleton_planner.h:170] Found solution in: 3
I20260909 04:43:44.895308  1095 skeleton_planner.h:170] Found solution in: 5
I20260909 04:43:44.895326  1095 skeleton_planner.h:170] Found solution in: 6
I20260909 04:43:44.895339  1095 skeleton_planner.h:170] Found solution in: 4
I20260909 04:43:44.895354  1095 skeleton_planner.h:170] Found solution in: 4
I20260909 04:43:44.895376  1095 skeleton_planner.h:170] Found solution in: 7
I20260909 04:43:44.895398  1095 skeleton_planner.h:170] Found solution in: 6
I20260909 04:43:44.895414  1095 skeleton_planner.h:170] Found solution in: 4
I20260909 04:43:44.895424  1095 skeleton_planner.h:170] Found solution in: 3
I20260909 04:43:44.895449  1095 skeleton_planner.h:170] Found solution in: 8
I20260909 04:43:44.895501  1095 skeleton_planner.h:170] Found solution in: 15
I20260909 04:43:44.895530  1095 skeleton_planner.h:170] Found solution in: 7
I20260909 04:43:44.895550  1095 skeleton_planner.h:170] Found solution in: 5
I20260909 04:43:44.895557  1095 skeleton_planner.h:170] Found solution in: 2
I20260909 04:43:44.895568  1095 skeleton_planner.h:170] Found solution in: 3
I20260909 04:43:44.895584  1095 skeleton_planner.h:170] Found solution in: 4
I20260909 04:43:44.895597  1095 skeleton_planner.h:170] Found solution in: 4
I20260909 04:43:44.895612  1095 skeleton_planner.h:170] Found solution in: 4
I20260909 04:43:44.895625  1095 skeleton_planner.h:170] Found solution in: 4
I20260909 04:43:44.895641  1095 skeleton_planner.h:170] Found solution in: 5
I20260909 04:43:44.895685  1095 skeleton_planner.h:170] Found solution in: 18
I20260909 04:43:44.895695  1095 skeleton_planner.h:170] Found solution in: 2
I20260909 04:43:44.895721  1095 skeleton_planner.h:170] Found solution in: 8
I20260909 04:43:44.895733  1095 skeleton_planner.h:170] Found solution in: 3
I20260909 04:43:44.895753  1095 skeleton_planner.h:170] Found solution in: 7
I20260909 04:43:44.895771  1095 skeleton_planner.h:170] Found solution in: 8
I20260909 04:43:44.895795  1095 skeleton_planner.h:170] Found solution in: 12
I20260909 04:43:44.895818  1095 skeleton_planner.h:170] Found solution in: 7
I20260909 04:43:44.895841  1095 skeleton_planner.h:170] Found solution in: 6
I20260909 04:43:44.896044  1095 skeleton_planner.h:170] Found solution in: 68
I20260909 04:43:44.896133  1095 skeleton_planner.h:170] Found solution in: 30
I20260909 04:43:44.896167  1095 skeleton_planner.h:170] Found solution in: 7
I20260909 04:43:44.896181  1095 skeleton_planner.h:170] Found solution in: 4
I20260909 04:43:44.896193  1095 skeleton_planner.h:170] Found solution in: 3
I20260909 04:43:44.896212  1095 skeleton_planner.h:170] Found solution in: 6
I20260909 04:43:44.896227  1095 skeleton_planner.h:170] Found solution in: 5
I20260909 04:43:44.896239  1095 skeleton_planner.h:170] Found solution in: 5
I20260909 04:43:44.896258  1095 skeleton_planner.h:170] Found solution in: 6
I20260909 04:43:44.896263  1095 skeleton_planner.h:170] Found solution in: 1
I20260909 04:43:44.896286  1095 skeleton_planner.h:170] Found solution in: 9
I20260909 04:43:44.896299  1095 skeleton_planner.h:170] Found solution in: 4
I20260909 04:43:44.896311  1095 skeleton_planner.h:170] Found solution in: 3
I20260909 04:43:44.896318  1095 skeleton_planner.h:170] Found solution in: 2
I20260909 04:43:44.896342  1095 skeleton_planner.h:170] Found solution in: 9
I20260909 04:43:44.896358  1095 skeleton_planner.h:170] Found solution in: 5
I20260909 04:43:44.896373  1095 skeleton_planner.h:170] Found solution in: 6
I20260909 04:43:44.896395  1095 skeleton_planner.h:170] Found solution in: 8
I20260909 04:43:44.896425  1095 skeleton_planner.h:170] Found solution in: 11
I20260909 04:43:44.896462  1095 skeleton_planner.h:170] Found solution in: 11
I20260909 04:43:44.896492  1095 skeleton_planner.h:170] Found solution in: 7
I20260909 04:43:44.896498  1095 skeleton_planner.h:170] Found solution in: 1
I20260909 04:43:44.896502  1095 skeleton_planner.h:170] Found solution in: 1
I20260909 04:43:44.896519  1095 skeleton_planner.h:170] Found solution in: 5
I20260909 04:43:44.896536  1095 skeleton_planner.h:170] Found solution in: 5
I20260909 04:43:44.896548  1095 skeleton_planner.h:170] Found solution in: 3
I20260909 04:43:44.896566  1095 skeleton_planner.h:170] Found solution in: 6
I20260909 04:43:44.896585  1095 skeleton_planner.h:170] Found solution in: 6
I20260909 04:43:44.896596  1095 skeleton_planner.h:170] Found solution in: 3
I20260909 04:43:44.896613  1095 skeleton_planner.h:170] Found solution in: 5
I20260909 04:43:44.896624  1095 skeleton_planner.h:170] Found solution in: 3
I20260909 04:43:44.896636  1095 skeleton_planner.h:170] Found solution in: 3
I20260909 04:43:44.896651  1095 skeleton_planner.h:170] Found solution in: 5
I20260909 04:43:44.896662  1095 skeleton_planner.h:170] Found solution in: 3
I20260909 04:43:44.896678  1095 skeleton_planner.h:170] Found solution in: 5
I20260909 04:43:44.896696  1095 skeleton_planner.h:170] Found solution in: 6
I20260909 04:43:44.896711  1095 skeleton_planner.h:170] Found solution in: 4
I20260909 04:43:44.896728  1095 skeleton_planner.h:170] Found solution in: 5
I20260909 04:43:44.896739  1095 skeleton_planner.h:170] Found solution in: 3
I20260909 04:43:44.896756  1095 skeleton_planner.h:170] Found solution in: 5
I20260909 04:43:44.896781  1095 skeleton_planner.h:170] Found solution in: 8
I20260909 04:43:44.896802  1095 skeleton_planner.h:170] Found solution in: 6
I20260909 04:43:44.896823  1095 skeleton_planner.h:170] Found solution in: 7
I20260909 04:43:44.896835  1095 skeleton_planner.h:170] Found solution in: 3
I20260909 04:43:44.896854  1095 skeleton_planner.h:170] Found solution in: 5
I20260909 04:43:44.896859  1095 skeleton_planner.h:170] Found solution in: 1
I20260909 04:43:44.896880  1095 skeleton_planner.h:170] Found solution in: 8
I20260909 04:43:44.896898  1095 skeleton_planner.h:170] Found solution in: 5
I20260909 04:43:44.896924  1095 skeleton_planner.h:170] Found solution in: 9
I20260909 04:43:44.896950  1095 skeleton_planner.h:170] Found solution in: 8
I20260909 04:43:44.896971  1095 skeleton_planner.h:170] Found solution in: 6
I20260909 04:43:44.896986  1095 skeleton_planner.h:170] Found solution in: 4
I20260909 04:43:44.896996  1095 skeleton_planner.h:170] Found solution in: 3
I20260909 04:43:44.897007  1095 skeleton_planner.h:170] Found solution in: 3
I20260909 04:43:44.897023  1095 skeleton_planner.h:170] Found solution in: 5
I20260909 04:43:44.897044  1095 skeleton_planner.h:170] Found solution in: 6
I20260909 04:43:44.897061  1095 skeleton_planner.h:170] Found solution in: 4
I20260909 04:43:44.897075  1095 skeleton_planner.h:170] Found solution in: 4
I20260909 04:43:44.897095  1095 skeleton_planner.h:170] Found solution in: 6
I20260909 04:43:44.897106  1095 skeleton_planner.h:170] Found solution in: 3
I20260909 04:43:44.897137  1095 skeleton_planner.h:170] Found solution in: 10
I20260909 04:43:44.897158  1095 skeleton_planner.h:170] Found solution in: 5
I20260909 04:43:44.897176  1095 skeleton_planner.h:170] Found solution in: 6
I20260909 04:43:44.897200  1095 skeleton_planner.h:170] Found solution in: 8
I20260909 04:43:44.897210  1095 skeleton_planner.h:170] Found solution in: 2
I20260909 04:43:44.897245  1095 skeleton_planner.h:170] Found solution in: 11
I20260909 04:43:44.897267  1095 skeleton_planner.h:170] Found solution in: 6
I20260909 04:43:44.897284  1095 skeleton_planner.h:170] Found solution in: 5
I20260909 04:43:44.897300  1095 skeleton_planner.h:170] Found solution in: 5
I20260909 04:43:44.897324  1095 skeleton_planner.h:170] Found solution in: 7
I20260909 04:43:44.897336  1095 skeleton_planner.h:170] Found solution in: 3
I20260909 04:43:44.897356  1095 skeleton_planner.h:170] Found solution in: 6
I20260909 04:43:44.897375  1095 skeleton_planner.h:170] Found solution in: 6
I20260909 04:43:44.897387  1095 skeleton_planner.h:170] Found solution in: 3
I20260909 04:43:44.897398  1095 skeleton_planner.h:170] Found solution in: 3
I20260909 04:43:44.897405  1095 skeleton_planner.h:170] Found solution in: 2
I20260909 04:43:44.897415  1095 skeleton_planner.h:170] Found solution in: 3
I20260909 04:43:44.897433  1095 skeleton_planner.h:170] Found solution in: 6
I20260909 04:43:44.897451  1095 skeleton_planner.h:170] Found solution in: 6
I20260909 04:43:44.897462  1095 skeleton_planner.h:170] Found solution in: 3
I20260909 04:43:44.897471  1095 skeleton_planner.h:170] Found solution in: 3
I20260909 04:43:44.897482  1095 skeleton_planner.h:170] Found solution in: 4
I20260909 04:43:44.897506  1095 skeleton_planner.h:170] Found solution in: 10
I20260909 04:43:44.897521  1095 skeleton_planner.h:170] Found solution in: 5
I20260909 04:43:44.897536  1095 skeleton_planner.h:170] Found solution in: 5
I20260909 04:43:44.897547  1095 skeleton_planner.h:170] Found solution in: 3
I20260909 04:43:44.897567  1095 skeleton_planner.h:170] Found solution in: 8
I20260909 04:43:44.897599  1095 skeleton_planner.h:170] Found solution in: 11
I20260909 04:43:44.897611  1095 skeleton_planner.h:170] Found solution in: 3
I20260909 04:43:44.897615  1095 skeleton_planner.h:170] Found solution in: 1
I20260909 04:43:44.897636  1095 skeleton_planner.h:170] Found solution in: 7
I20260909 04:43:44.897642  1095 skeleton_planner.h:170] Found solution in: 1
I20260909 04:43:44.897671  1095 skeleton_planner.h:170] Found solution in: 9
I20260909 04:43:44.897686  1095 skeleton_planner.h:170] Found solution in: 4
I20260909 04:43:44.897691  1095 skeleton_planner.h:170] Found solution in: 1
I20260909 04:43:44.897693  1095 skeleton_planner.h:170] Found solution in: 1
I20260909 04:43:44.897696  1095 skeleton_planner.h:170] Found solution in: 1
I20260909 04:43:44.897699  1095 skeleton_planner.h:170] Found solution in: 1
I20260909 04:43:44.897719  1095 skeleton_planner.h:170] Found solution in: 6
I20260909 04:43:44.897738  1095 skeleton_planner.h:170] Found solution in: 5
I20260909 04:43:44.897753  1095 skeleton_planner.h:170] Found solution in: 5
I20260909 04:43:44.897763  1095 skeleton_planner.h:170] Found solution in: 3
I20260909 04:43:44.897780  1095 skeleton_planner.h:170] Found solution in: 5
I20260909 04:43:44.897790  1095 skeleton_planner.h:170] Found solution in: 3
I20260909 04:43:44.897795  1095 skeleton_planner.h:170] Found solution in: 1
I20260909 04:43:44.897810  1095 skeleton_planner.h:170] Found solution in: 7
I20260909 04:43:44.897832  1095 skeleton_planner.h:170] Found solution in: 8
I20260909 04:43:44.897854  1095 skeleton_planner.h:170] Found solution in: 6
I20260909 04:43:44.897866  1095 skeleton_planner.h:170] Found solution in: 3
I20260909 04:43:44.897879  1095 skeleton_planner.h:170] Found solution in: 4
I20260909 04:43:44.897894  1095 skeleton_planner.h:170] Found solution in: 5
I20260909 04:43:44.897913  1095 skeleton_planner.h:170] Found solution in: 7
I20260909 04:43:44.897933  1095 skeleton_planner.h:170] Found solution in: 6
I20260909 04:43:44.897950  1095 skeleton_planner.h:170] Found solution in: 4
I20260909 04:43:44.897964  1095 skeleton_planner.h:170] Found solution in: 4
I20260909 04:43:44.897980  1095 skeleton_planner.h:170] Found solution in: 5
I20260909 04:43:44.897993  1095 skeleton_planner.h:170] Found solution in: 4
I20260909 04:43:44.898079  1095 skeleton_planner.h:170] Found solution in: 21
I20260909 04:43:44.898113  1095 skeleton_planner.h:170] Found solution in: 5
I20260909 04:43:44.898133  1095 skeleton_planner.h:170] Found solution in: 7
I20260909 04:43:44.898160  1095 skeleton_planner.h:170] Found solution in: 9
I20260909 04:43:44.898185  1095 skeleton_planner.h:170] Found solution in: 7
I20260909 04:43:44.898202  1095 skeleton_planner.h:170] Found solution in: 4
I20260909 04:43:44.898219  1095 skeleton_planner.h:170] Found solution in: 5
I20260909 04:43:44.898239  1095 skeleton_planner.h:170] Found solution in: 7
I20260909 04:43:44.898252  1095 skeleton_planner.h:170] Found solution in: 4
I20260909 04:43:44.898270  1095 skeleton_planner.h:170] Found solution in: 6
I20260909 04:43:44.898288  1095 skeleton_planner.h:170] Found solution in: 6
I20260909 04:43:44.898312  1095 skeleton_planner.h:170] Found solution in: 8
I20260909 04:43:44.898324  1095 skeleton_planner.h:170] Found solution in: 4
I20260909 04:43:44.898342  1095 skeleton_planner.h:170] Found solution in: 7
I20260909 04:43:44.898348  1095 skeleton_planner.h:170] Found solution in: 1
I20260909 04:43:44.898351  1095 skeleton_planner.h:170] Found solution in: 1
I20260909 04:43:44.898362  1095 skeleton_planner.h:170] Found solution in: 4
I20260909 04:43:44.898394  1095 skeleton_planner.h:170] Found solution in: 14
I20260909 04:43:44.898439  1095 skeleton_planner.h:170] Found solution in: 13
I20260909 04:43:44.898448  1095 skeleton_planner.h:170] Found solution in: 1
I20260909 04:43:44.898483  1095 skeleton_planner.h:170] Found solution in: 9
I20260909 04:43:44.898500  1095 skeleton_planner.h:170] Found solution in: 5
I20260909 04:43:44.898512  1095 skeleton_planner.h:170] Found solution in: 4
I20260909 04:43:44.898541  1095 skeleton_planner.h:170] Found solution in: 10
I20260909 04:43:44.898556  1095 skeleton_planner.h:170] Found solution in: 5
I20260909 04:43:44.898581  1095 skeleton_planner.h:170] Found solution in: 8
I20260909 04:43:44.898595  1095 skeleton_planner.h:170] Found solution in: 4
I20260909 04:43:44.898612  1095 skeleton_planner.h:170] Found solution in: 5
I20260909 04:43:44.898631  1095 skeleton_planner.h:170] Found solution in: 8
I20260909 04:43:44.898649  1095 skeleton_planner.h:170] Found solution in: 8
I20260909 04:43:44.898687  1095 skeleton_planner.h:170] Found solution in: 13
I20260909 04:43:44.898736  1095 skeleton_planner.h:170] Found solution in: 12
I20260909 04:43:44.898766  1095 skeleton_planner.h:170] Found solution in: 7
I20260909 04:43:44.898795  1095 skeleton_planner.h:170] Found solution in: 9
I20260909 04:43:44.898824  1095 skeleton_planner.h:170] Found solution in: 8
I20260909 04:43:44.898851  1095 skeleton_planner.h:170] Found solution in: 7
I20260909 04:43:44.898872  1095 skeleton_planner.h:170] Found solution in: 6
I20260909 04:43:44.898908  1095 skeleton_planner.h:170] Found solution in: 9
I20260909 04:43:44.898922  1095 skeleton_planner.h:170] Found solution in: 3
I20260909 04:43:44.898941  1095 skeleton_planner.h:170] Found solution in: 5
I20260909 04:43:44.898959  1095 skeleton_planner.h:170] Found solution in: 5
I20260909 04:43:44.898972  1095 skeleton_planner.h:170] Found solution in: 3
I20260909 04:43:44.898993  1095 skeleton_planner.h:170] Found solution in: 8
I20260909 04:43:44.899026  1095 skeleton_planner.h:170] Found solution in: 9
I20260909 04:43:44.899041  1095 skeleton_planner.h:170] Found solution in: 4
I20260909 04:43:44.899058  1095 skeleton_planner.h:170] Found solution in: 4
I20260909 04:43:44.899078  1095 skeleton_planner.h:170] Found solution in: 6
I20260909 04:43:44.899107  1095 skeleton_planner.h:170] Found solution in: 11
I20260909 04:43:44.899132  1095 skeleton_planner.h:170] Found solution in: 6
I20260909 04:43:44.899163  1095 skeleton_planner.h:170] Found solution in: 9
I20260909 04:43:44.899222  1095 skeleton_planner.h:170] Found solution in: 16
I20260909 04:43:44.899247  1095 skeleton_planner.h:170] Found solution in: 5
I20260909 04:43:44.899272  1095 skeleton_planner.h:170] Found solution in: 8
I20260909 04:43:44.899286  1095 skeleton_planner.h:170] Found solution in: 4
I20260909 04:43:44.899308  1095 skeleton_planner.h:170] Found solution in: 6
I20260909 04:43:44.899349  1095 skeleton_planner.h:170] Found solution in: 14
I20260909 04:43:44.899394  1095 skeleton_planner.h:170] Found solution in: 11
I20260909 04:43:44.899407  1095 skeleton_planner.h:170] Found solution in: 4
I20260909 04:43:44.899434  1095 skeleton_planner.h:170] Found solution in: 7
I20260909 04:43:44.899482  1095 skeleton_planner.h:170] Found solution in: 11
I20260909 04:43:44.899528  1095 skeleton_planner.h:170] Found solution in: 13
I20260909 04:43:44.899610  1095 skeleton_planner.h:170] Found solution in: 31
I20260909 04:43:44.899647  1095 skeleton_planner.h:170] Found solution in: 9
I20260909 04:43:44.899670  1095 skeleton_planner.h:170] Found solution in: 6
I20260909 04:43:44.899682  1095 skeleton_planner.h:170] Found solution in: 4
I20260909 04:43:44.899698  1095 skeleton_planner.h:170] Found solution in: 4
I20260909 04:43:44.899711  1095 skeleton_planner.h:170] Found solution in: 4
I20260909 04:43:44.899742  1095 skeleton_planner.h:170] Found solution in: 9
I20260909 04:43:44.899765  1095 skeleton_planner.h:170] Found solution in: 5
I20260909 04:43:44.899781  1095 skeleton_planner.h:170] Found solution in: 5
I20260909 04:43:44.899811  1095 skeleton_planner.h:170] Found solution in: 9
I20260909 04:43:44.899832  1095 skeleton_planner.h:170] Found solution in: 5
I20260909 04:43:44.899843  1095 skeleton_planner.h:170] Found solution in: 3
I20260909 04:43:44.899858  1095 skeleton_planner.h:170] Found solution in: 5
I20260909 04:43:44.899864  1095 skeleton_planner.h:170] Found solution in: 1
I20260909 04:43:44.899875  1095 skeleton_planner.h:170] Found solution in: 4
I20260909 04:43:44.899891  1095 skeleton_planner.h:170] Found solution in: 5
I20260909 04:43:44.899916  1095 skeleton_planner.h:170] Found solution in: 8
I20260909 04:43:44.899986  1095 skeleton_planner.h:170] Found solution in: 21
I20260909 04:43:44.900014  1095 skeleton_planner.h:170] Found solution in: 5
I20260909 04:43:44.900032  1095 skeleton_planner.h:170] Found solution in: 6
I20260909 04:43:44.900058  1095 skeleton_planner.h:170] Found solution in: 9
I20260909 04:43:44.900081  1095 skeleton_planner.h:170] Found solution in: 7
I20260909 04:43:44.900108  1095 skeleton_planner.h:170] Found solution in: 9
I20260909 04:43:44.900130  1095 skeleton_planner.h:170] Found solution in: 6
I20260909 04:43:44.900167  1095 skeleton_planner.h:170] Found solution in: 14
I20260909 04:43:44.900204  1095 skeleton_planner.h:170] Found solution in: 14
I20260909 04:43:44.900233  1095 skeleton_planner.h:170] Found solution in: 10
I20260909 04:43:44.900249  1095 skeleton_planner.h:170] Found solution in: 4
I20260909 04:43:44.900273  1095 skeleton_planner.h:170] Found solution in: 8
I20260909 04:43:44.900291  1095 skeleton_planner.h:170] Found solution in: 5
I20260909 04:43:44.900305  1095 skeleton_planner.h:170] Found solution in: 4
I20260909 04:43:44.900332  1095 skeleton_planner.h:170] Found solution in: 10
I20260909 04:43:44.900338  1095 skeleton_planner.h:170] Found solution in: 1
I20260909 04:43:44.900348  1095 skeleton_planner.h:170] Found solution in: 3
I20260909 04:43:44.900359  1095 skeleton_planner.h:170] Found solution in: 3
I20260909 04:43:44.900390  1095 skeleton_planner.h:170] Found solution in: 17
I20260909 04:43:44.900542  1095 skeleton_planner.h:170] Found solution in: 3
I20260909 04:43:44.900560  1095 skeleton_planner.h:170] Found solution in: 4
I20260909 04:43:44.900578  1095 skeleton_planner.h:170] Found solution in: 5
I20260909 04:43:44.900595  1095 skeleton_planner.h:170] Found solution in: 5
I20260909 04:43:44.900610  1095 skeleton_planner.h:170] Found solution in: 4
I20260909 04:43:44.900630  1095 skeleton_planner.h:170] Found solution in: 6
I20260909 04:43:44.900653  1095 skeleton_planner.h:170] Found solution in: 8
I20260909 04:43:44.900665  1095 skeleton_planner.h:170] Found solution in: 3
I20260909 04:43:44.900715  1095 skeleton_planner.h:170] Found solution in: 23
I20260909 04:43:44.900866  1095 skeleton_planner.h:170] Found solution in: 46
I20260909 04:43:44.900883  1095 skeleton_planner.h:170] Found solution in: 3
I20260909 04:43:44.900909  1095 skeleton_planner.h:170] Found solution in: 5
I20260909 04:43:44.900920  1095 skeleton_planner.h:170] Found solution in: 3
I20260909 04:43:44.900935  1095 skeleton_planner.h:170] Found solution in: 4
I20260909 04:43:44.900959  1095 skeleton_planner.h:170] Found solution in: 8
I20260909 04:43:44.900980  1095 skeleton_planner.h:170] Found solution in: 6
I20260909 04:43:44.900990  1095 skeleton_planner.h:170] Found solution in: 2
I20260909 04:43:44.901005  1095 skeleton_planner.h:170] Found solution in: 5
I20260909 04:43:44.901021  1095 skeleton_planner.h:170] Found solution in: 4
I20260909 04:43:44.901041  1095 skeleton_planner.h:170] Found solution in: 7
I20260909 04:43:44.901075  1095 skeleton_planner.h:170] Found solution in: 10
I20260909 04:43:44.901088  1095 skeleton_planner.h:170] Found solution in: 3
I20260909 04:43:44.901100  1095 skeleton_planner.h:170] Found solution in: 4
I20260909 04:43:44.901124  1095 skeleton_planner.h:170] Found solution in: 6
I20260909 04:43:44.901185  1095 skeleton_planner.h:170] Found solution in: 18
I20260909 04:43:44.901237  1095 skeleton_planner.h:170] Found solution in: 13
I20260909 04:43:44.901265  1095 skeleton_planner.h:170] Found solution in: 7
I20260909 04:43:44.901278  1095 skeleton_planner.h:170] Found solution in: 3
I20260909 04:43:44.901292  1095 skeleton_planner.h:170] Found solution in: 4
I20260909 04:43:44.901304  1095 skeleton_planner.h:170] Found solution in: 3
I20260909 04:43:44.901315  1095 skeleton_planner.h:170] Found solution in: 3
I20260909 04:43:44.901325  1095 skeleton_planner.h:170] Found solution in: 3
I20260909 04:43:44.901340  1095 skeleton_planner.h:170] Found solution in: 5
I20260909 04:43:44.901352  1095 skeleton_planner.h:170] Found solution in: 4
I20260909 04:43:44.901368  1095 skeleton_planner.h:170] Found solution in: 5
I20260909 04:43:44.901393  1095 skeleton_planner.h:170] Found solution in: 7
I20260909 04:43:44.901412  1095 skeleton_planner.h:170] Found solution in: 6
I20260909 04:43:44.901424  1095 skeleton_planner.h:170] Found solution in: 4
I20260909 04:43:44.901446  1095 skeleton_planner.h:170] Found solution in: 6
I20260909 04:43:44.901458  1095 skeleton_planner.h:170] Found solution in: 3
I20260909 04:43:44.901480  1095 skeleton_planner.h:170] Found solution in: 8
I20260909 04:43:44.901497  1095 skeleton_planner.h:170] Found solution in: 5
I20260909 04:43:44.901530  1095 skeleton_planner.h:170] Found solution in: 11
I20260909 04:43:44.901739  1095 skeleton_planner.h:170] Found solution in: 65
I20260909 04:43:44.901785  1095 skeleton_planner.h:170] Found solution in: 6
I20260909 04:43:44.901800  1095 skeleton_planner.h:170] Found solution in: 4
I20260909 04:43:44.901816  1095 skeleton_planner.h:170] Found solution in: 5
I20260909 04:43:44.901839  1095 skeleton_planner.h:170] Found solution in: 8
I20260909 04:43:44.901845  1095 skeleton_planner.h:170] Found solution in: 1
I20260909 04:43:44.901865  1095 skeleton_planner.h:170] Found solution in: 6
I20260909 04:43:44.901881  1095 skeleton_planner.h:170] Found solution in: 5
I20260909 04:43:44.901914  1095 skeleton_planner.h:170] Found solution in: 12
I20260909 04:43:44.901979  1095 skeleton_planner.h:170] Found solution in: 17
I20260909 04:43:44.902006  1095 skeleton_planner.h:170] Found solution in: 5
I20260909 04:43:44.902015  1095 skeleton_planner.h:170] Found solution in: 2
I20260909 04:43:44.902034  1095 skeleton_planner.h:170] Found solution in: 6
I20260909 04:43:44.902107  1095 skeleton_planner.h:170] Found solution in: 18
I20260909 04:43:44.902124  1095 skeleton_planner.h:170] Found solution in: 3
I20260909 04:43:44.902129  1095 skeleton_planner.h:170] Found solution in: 1
I20260909 04:43:44.902168  1095 skeleton_planner.h:170] Found solution in: 14
I20260909 04:43:44.902180  1095 skeleton_planner.h:170] Found solution in: 3
I20260909 04:43:44.902217  1095 skeleton_planner.h:170] Found solution in: 10
I20260909 04:43:44.902241  1095 skeleton_planner.h:170] Found solution in: 5
I20260909 04:43:44.902325  1095 skeleton_planner.h:170] Found solution in: 22
I20260909 04:43:44.902508  1095 skeleton_planner.h:170] Found solution in: 44
I20260909 04:43:44.902670  1095 skeleton_planner.h:170] Found solution in: 39
I20260909 04:43:44.902714  1095 skeleton_planner.h:170] Found solution in: 7
I20260909 04:43:44.902738  1095 skeleton_planner.h:170] Found solution in: 7
I20260909 04:43:44.902756  1095 skeleton_planner.h:170] Found solution in: 5
I20260909 04:43:44.902768  1095 skeleton_planner.h:170] Found solution in: 3
I20260909 04:43:44.902778  1095 skeleton_planner.h:170] Found solution in: 3
I20260909 04:43:44.902791  1095 skeleton_planner.h:170] Found solution in: 4
I20260909 04:43:44.902807  1095 skeleton_planner.h:170] Found solution in: 5
I20260909 04:43:44.902822  1095 skeleton_planner.h:170] Found solution in: 5
I20260909 04:43:44.902848  1095 skeleton_planner.h:170] Found solution in: 9
I20260909 04:43:44.902871  1095 skeleton_planner.h:170] Found solution in: 7
I20260909 04:43:44.902915  1095 skeleton_planner.h:170] Found solution in: 15
I20260909 04:43:44.902947  1095 skeleton_planner.h:170] Found solution in: 9
I20260909 04:43:44.903033  1095 skeleton_planner.h:170] Found solution in: 24
I20260909 04:43:44.903050  1095 skeleton_planner.h:170] Found solution in: 3
I20260909 04:43:44.903123  1095 skeleton_planner.h:170] Found solution in: 20
I20260909 04:43:44.903138  1095 skeleton_planner.h:170] Found solution in: 3
I20260909 04:43:44.903146  1095 skeleton_planner.h:170] Found solution in: 2
I20260909 04:43:44.903434  1095 skeleton_planner.h:170] Found solution in: 51
I20260909 04:43:44.903463  1095 skeleton_planner.h:170] Found solution in: 4
I20260909 04:43:44.903509  1095 skeleton_planner.h:170] Found solution in: 7
I20260909 04:43:44.903534  1095 skeleton_planner.h:170] Found solution in: 8
I20260909 04:43:44.903570  1095 skeleton_planner.h:170] Found solution in: 9
I20260909 04:43:44.903582  1095 skeleton_planner.h:170] Found solution in: 3
I20260909 04:43:44.903609  1095 skeleton_planner.h:170] Found solution in: 8
I20260909 04:43:44.903631  1095 skeleton_planner.h:170] Found solution in: 8
I20260909 04:43:44.903672  1095 skeleton_planner.h:170] Found solution in: 14
I20260909 04:43:44.903721  1095 skeleton_planner.h:170] Found solution in: 14
I20260909 04:43:44.903749  1095 skeleton_planner.h:170] Found solution in: 8
I20260909 04:43:44.903755  1095 skeleton_planner.h:170] Found solution in: 1
I20260909 04:43:44.903762  1095 skeleton_planner.h:170] Found solution in: 2
I20260909 04:43:44.903786  1095 skeleton_planner.h:170] Found solution in: 7
I20260909 04:43:44.903995  1095 skeleton_planner.h:170] Found solution in: 14
I20260909 04:43:44.904019  1095 skeleton_planner.h:170] Found solution in: 7
I20260909 04:43:44.904037  1095 skeleton_planner.h:170] Found solution in: 6
I20260909 04:43:44.904055  1095 skeleton_planner.h:170] Found solution in: 6
I20260909 04:43:44.904060  1095 skeleton_planner.h:170] Found solution in: 1
I20260909 04:43:44.904080  1095 skeleton_planner.h:170] Found solution in: 7
I20260909 04:43:44.904089  1095 skeleton_planner.h:170] Found solution in: 2
I20260909 04:43:44.904099  1095 skeleton_planner.h:170] Found solution in: 3
I20260909 04:43:44.904110  1095 skeleton_planner.h:170] Found solution in: 3
I20260909 04:43:44.904117  1095 skeleton_planner.h:170] Found solution in: 2
I20260909 04:43:44.904122  1095 skeleton_planner.h:170] Found solution in: 1
I20260909 04:43:44.904124  1095 skeleton_planner.h:170] Found solution in: 1
I20260909 04:43:44.904134  1095 skeleton_planner.h:170] Found solution in: 3
I20260909 04:43:44.904139  1095 skeleton_planner.h:170] Found solution in: 1
I20260909 04:43:44.904266  1095 skeleton_planner.h:170] Found solution in: 64
I20260909 04:43:44.904284  1095 skeleton_planner.h:170] Found solution in: 4
I20260909 04:43:44.904296  1095 skeleton_planner.h:170] Found solution in: 4
I20260909 04:43:44.904320  1095 skeleton_planner.h:170] Found solution in: 4
I20260909 04:43:44.904332  1095 skeleton_planner.h:170] Found solution in: 4
I20260909 04:43:44.904345  1095 skeleton_planner.h:170] Found solution in: 4
I20260909 04:43:44.904364  1095 skeleton_planner.h:170] Found solution in: 6
I20260909 04:43:44.904388  1095 skeleton_planner.h:170] Found solution in: 8
I20260909 04:43:44.904414  1095 skeleton_planner.h:170] Found solution in: 8
I20260909 04:43:44.904436  1095 skeleton_planner.h:170] Found solution in: 6
I20260909 04:43:44.904462  1095 skeleton_planner.h:170] Found solution in: 7
I20260909 04:43:44.904484  1095 skeleton_planner.h:170] Found solution in: 6
I20260909 04:43:44.904500  1095 skeleton_planner.h:170] Found solution in: 4
I20260909 04:43:44.904521  1095 skeleton_planner.h:170] Found solution in: 7
I20260909 04:43:44.904547  1095 skeleton_planner.h:170] Found solution in: 8
I20260909 04:43:44.904584  1095 skeleton_planner.h:170] Found solution in: 11
I20260909 04:43:44.904628  1095 skeleton_planner.h:170] Found solution in: 13
I20260909 04:43:44.904701  1095 skeleton_planner.h:170] Found solution in: 20
I20260909 04:43:44.904804  1095 skeleton_planner.h:170] Found solution in: 30
I20260909 04:43:44.905243  1095 skeleton_planner.h:170] Found solution in: 5
I20260909 04:43:44.905267  1095 skeleton_planner.h:170] Found solution in: 6
I20260909 04:43:44.905296  1095 skeleton_planner.h:170] Found solution in: 10
I20260909 04:43:44.905345  1095 skeleton_planner.h:170] Found solution in: 13
I20260909 04:43:44.905370  1095 skeleton_planner.h:170] Found solution in: 5
I20260909 04:43:44.905393  1095 skeleton_planner.h:170] Found solution in: 7
I20260909 04:43:44.905405  1095 skeleton_planner.h:170] Found solution in: 3
I20260909 04:43:44.905439  1095 skeleton_planner.h:170] Found solution in: 10
I20260909 04:43:44.905453  1095 skeleton_planner.h:170] Found solution in: 4
I20260909 04:43:44.905464  1095 skeleton_planner.h:170] Found solution in: 3
I20260909 04:43:44.905503  1095 skeleton_planner.h:170] Found solution in: 12
I20260909 04:43:44.905566  1095 skeleton_planner.h:170] Found solution in: 20
I20260909 04:43:44.905606  1095 skeleton_planner.h:170] Found solution in: 9
I20260909 04:43:44.905632  1095 skeleton_planner.h:170] Found solution in: 8
I20260909 04:43:44.905637  1095 skeleton_planner.h:170] Found solution in: 1
I20260909 04:43:44.905658  1095 skeleton_planner.h:170] Found solution in: 7
I20260909 04:43:44.905732  1095 skeleton_planner.h:170] Found solution in: 25
I20260909 04:43:44.905764  1095 skeleton_planner.h:170] Found solution in: 7
I20260909 04:43:44.905827  1095 skeleton_planner.h:170] Found solution in: 22
I20260909 04:43:44.905843  1095 skeleton_planner.h:170] Found solution in: 3
I20260909 04:43:44.905870  1095 skeleton_planner.h:170] Found solution in: 7
I20260909 04:43:44.905891  1095 skeleton_planner.h:170] Found solution in: 8
I20260909 04:43:44.905912  1095 skeleton_planner.h:170] Found solution in: 7
I20260909 04:43:44.905923  1095 skeleton_planner.h:170] Found solution in: 3
I20260909 04:43:44.905937  1095 skeleton_planner.h:170] Found solution in: 4
I20260909 04:43:44.905942  1095 skeleton_planner.h:170] Found solution in: 1
I20260909 04:43:44.905956  1095 skeleton_planner.h:170] Found solution in: 5
I20260909 04:43:44.905961  1095 skeleton_planner.h:170] Found solution in: 1
I20260909 04:43:44.905989  1095 skeleton_planner.h:170] Found solution in: 9
I20260909 04:43:44.906136  1095 skeleton_planner.h:170] Found solution in: 41
I20260909 04:43:44.906183  1095 skeleton_planner.h:170] Found solution in: 7
I20260909 04:43:44.906207  1095 skeleton_planner.h:170] Found solution in: 6
I20260909 04:43:44.906239  1095 skeleton_planner.h:170] Found solution in: 9
I20260909 04:43:44.906257  1095 skeleton_planner.h:170] Found solution in: 5
I20260909 04:43:44.906278  1095 skeleton_planner.h:170] Found solution in: 7
I20260909 04:43:44.906292  1095 skeleton_planner.h:170] Found solution in: 5
I20260909 04:43:44.906505  1095 skeleton_planner.h:170] Found solution in: 78
I20260909 04:43:44.906555  1095 skeleton_planner.h:170] Found solution in: 13
I20260909 04:43:44.906567  1095 skeleton_planner.h:170] Found solution in: 3
I20260909 04:43:44.906587  1095 skeleton_planner.h:170] Found solution in: 5
I20260909 04:43:44.906607  1095 skeleton_planner.h:170] Found solution in: 6
I20260909 04:43:44.906628  1095 skeleton_planner.h:170] Found solution in: 6
I20260909 04:43:44.906651  1095 skeleton_planner.h:170] Found solution in: 6
I20260909 04:43:44.906673  1095 skeleton_planner.h:170] Found solution in: 5
I20260909 04:43:44.906690  1095 skeleton_planner.h:170] Found solution in: 5
I20260909 04:43:44.906710  1095 skeleton_planner.h:170] Found solution in: 6
I20260909 04:43:44.906801  1095 skeleton_planner.h:170] Found solution in: 23
I20260909 04:43:44.906833  1095 skeleton_planner.h:170] Found solution in: 5
I20260909 04:43:44.906844  1095 skeleton_planner.h:170] Found solution in: 3
I20260909 04:43:44.906886  1095 skeleton_planner.h:170] Found solution in: 13
I20260909 04:43:44.906900  1095 skeleton_planner.h:170] Found solution in: 3
I20260909 04:43:44.906913  1095 skeleton_planner.h:170] Found solution in: 4
I20260909 04:43:44.906966  1095 skeleton_planner.h:170] Found solution in: 16
I20260909 04:43:44.906975  1095 skeleton_generator.cpp:1655] [Simplify Vertices] Vertex removals: 844 / 863, Edges added: 312
I20260909 04:43:44.907328  1095 skeleton_generator.cpp:1697] [Subgraph] Number of disconnected subgraphs: 20
I20260909 04:43:44.909786  1095 skeleton_planner.h:170] Found solution in: 4
I20260909 04:43:44.909943  1095 skeleton_planner.h:170] Found solution in: 3
I20260909 04:43:44.910077  1095 skeleton_planner.h:170] Found solution in: 17
I20260909 04:43:44.910552  1095 skeleton_planner.h:170] Found solution in: 12
I20260909 04:43:44.910598  1095 skeleton_planner.h:170] Found solution in: 4
I20260909 04:43:44.910650  1095 skeleton_planner.h:170] Found solution in: 3
I20260909 04:43:44.910697  1095 skeleton_planner.h:170] Found solution in: 13
I20260909 04:43:44.910787  1095 skeleton_planner.h:170] Found solution in: 5
I20260909 04:43:44.912596  1095 skeleton_planner.h:170] Found solution in: 7
I20260909 04:43:44.914526  1095 skeleton_planner.h:170] Found solution in: 10
I20260909 04:43:44.917464  1095 skeleton_planner.h:170] Found solution in: 7
I20260909 04:43:44.917878  1095 skeleton_planner.h:170] Found solution in: 12
I20260909 04:43:44.918166  1095 skeleton_generator.cpp:1756] [Subgraph] Potential edge candidates: 41 diagram candidates: 12
I20260909 04:43:44.918210  1095 skeleton_generator.cpp:1771] [Subgraph] Final number of disconnected subgraphs: 9
I20260909 04:43:44.918215  1095 skeleton_generator.cpp:633] [Sparse Graph] Vertices: 1018 Edges: 1621
