I20260909 04:45:10.003512  1341 skeleton_planner.h:31] Setting ESDF layer.
I20260909 04:45:10.104581  1341 skeleton_generator.cpp:226] [GVD] Finished finding GVD candidates. Number of skeleton points: 71410 edges: 8169
I20260909 04:45:10.129298  1341 skeleton_generator.cpp:1093] [Prune] Number of vertices before prune: 3437 Number of deleted vertices: 895
I20260909 04:45:10.139087  1341 skeleton_planner.h:170] Found solution in: 1
I20260909 04:45:10.139103  1341 skeleton_planner.h:170] Found solution in: 3
I20260909 04:45:10.139122  1341 skeleton_planner.h:170] Found solution in: 5
I20260909 04:45:10.139129  1341 skeleton_planner.h:170] Found solution in: 1
I20260909 04:45:10.139132  1341 skeleton_planner.h:170] Found solution in: 2
I20260909 04:45:10.140252  1341 skeleton_planner.h:170] Found solution in: 1
I20260909 04:45:10.140257  1341 skeleton_planner.h:170] Found solution in: 3
I20260909 04:45:10.140283  1341 skeleton_planner.h:170] Found solution in: 6
I20260909 04:45:10.140292  1341 skeleton_planner.h:170] Found solution in: 1
I20260909 04:45:10.140304  1341 skeleton_planner.h:170] Found solution in: 3
I20260909 04:45:10.140313  1341 skeleton_planner.h:170] Found solution in: 1
I20260909 04:45:10.140318  1341 skeleton_planner.h:170] Found solution in: 3
I20260909 04:45:10.140352  1341 skeleton_planner.h:170] Found solution in: 15
I20260909 04:45:10.140362  1341 skeleton_planner.h:170] Found solution in: 1
I20260909 04:45:10.140365  1341 skeleton_planner.h:170] Found solution in: 3
I20260909 04:45:10.140374  1341 skeleton_planner.h:170] Found solution in: 3
I20260909 04:45:10.140383  1341 skeleton_planner.h:170] Found solution in: 1
I20260909 04:45:10.140470  1341 skeleton_planner.h:170] Found solution in: 5
I20260909 04:45:10.140478  1341 skeleton_planner.h:170] Found solution in: 1
I20260909 04:45:10.140574  1341 skeleton_planner.h:170] Found solution in: 4
I20260909 04:45:10.140583  1341 skeleton_planner.h:170] Found solution in: 1
I20260909 04:45:10.140591  1341 skeleton_planner.h:170] Found solution in: 9
I20260909 04:45:10.140599  1341 skeleton_planner.h:170] Found solution in: 7
I20260909 04:45:10.140652  1341 skeleton_planner.h:170] Found solution in: 6
I20260909 04:45:10.140662  1341 skeleton_planner.h:170] Found solution in: 1
I20260909 04:45:10.140667  1341 skeleton_planner.h:170] Found solution in: 3
I20260909 04:45:10.141005  1341 skeleton_planner.h:170] Found solution in: 6
I20260909 04:45:10.141012  1341 skeleton_planner.h:170] Found solution in: 1
I20260909 04:45:10.141018  1341 skeleton_planner.h:170] Found solution in: 3
I20260909 04:45:10.141024  1341 skeleton_planner.h:170] Found solution in: 6
I20260909 04:45:10.141031  1341 skeleton_planner.h:170] Found solution in: 1
I20260909 04:45:10.141036  1341 skeleton_planner.h:170] Found solution in: 4
I20260909 04:45:10.141040  1341 skeleton_planner.h:170] Found solution in: 4
I20260909 04:45:10.141044  1341 skeleton_planner.h:170] Found solution in: 3
I20260909 04:45:10.141069  1341 skeleton_planner.h:170] Found solution in: 7
I20260909 04:45:10.141080  1341 skeleton_planner.h:170] Found solution in: 1
I20260909 04:45:10.141093  1341 skeleton_planner.h:170] Found solution in: 3
I20260909 04:45:10.141101  1341 skeleton_planner.h:170] Found solution in: 1
I20260909 04:45:10.141105  1341 skeleton_planner.h:170] Found solution in: 4
I20260909 04:45:10.141114  1341 skeleton_planner.h:170] Found solution in: 9
I20260909 04:45:10.141197  1341 skeleton_planner.h:170] Found solution in: 6
I20260909 04:45:10.141206  1341 skeleton_planner.h:170] Found solution in: 1
I20260909 04:45:10.141216  1341 skeleton_planner.h:170] Found solution in: 3
I20260909 04:45:10.141225  1341 skeleton_planner.h:170] Found solution in: 1
I20260909 04:45:10.141234  1341 skeleton_planner.h:170] Found solution in: 3
I20260909 04:45:10.141240  1341 skeleton_planner.h:170] Found solution in: 1
I20260909 04:45:10.141247  1341 skeleton_planner.h:170] Found solution in: 4
I20260909 04:45:10.141343  1341 skeleton_planner.h:170] Found solution in: 4
I20260909 04:45:10.141352  1341 skeleton_planner.h:170] Found solution in: 1
I20260909 04:45:10.141381  1341 skeleton_planner.h:170] Found solution in: 4
I20260909 04:45:10.141390  1341 skeleton_planner.h:170] Found solution in: 1
I20260909 04:45:10.141398  1341 skeleton_planner.h:170] Found solution in: 9
I20260909 04:45:10.141424  1341 skeleton_planner.h:170] Found solution in: 5
I20260909 04:45:10.141433  1341 skeleton_planner.h:170] Found solution in: 1
I20260909 04:45:10.141443  1341 skeleton_planner.h:170] Found solution in: 1
I20260909 04:45:10.141449  1341 skeleton_planner.h:170] Found solution in: 1
I20260909 04:45:10.141476  1341 skeleton_planner.h:170] Found solution in: 6
I20260909 04:45:10.141487  1341 skeleton_planner.h:170] Found solution in: 1
I20260909 04:45:10.141582  1341 skeleton_planner.h:170] Found solution in: 3
I20260909 04:45:10.141593  1341 skeleton_planner.h:170] Found solution in: 1
I20260909 04:45:10.141600  1341 skeleton_planner.h:170] Found solution in: 9
I20260909 04:45:10.141625  1341 skeleton_planner.h:170] Found solution in: 4
I20260909 04:45:10.141636  1341 skeleton_planner.h:170] Found solution in: 1
I20260909 04:45:10.141642  1341 skeleton_planner.h:170] Found solution in: 5
I20260909 04:45:10.141652  1341 skeleton_planner.h:170] Found solution in: 1
I20260909 04:45:10.141741  1341 skeleton_planner.h:170] Found solution in: 4
I20260909 04:45:10.141752  1341 skeleton_planner.h:170] Found solution in: 1
I20260909 04:45:10.141757  1341 skeleton_planner.h:170] Found solution in: 4
I20260909 04:45:10.141762  1341 skeleton_planner.h:170] Found solution in: 4
I20260909 04:45:10.141773  1341 skeleton_planner.h:170] Found solution in: 1
I20260909 04:45:10.141778  1341 skeleton_planner.h:170] Found solution in: 4
I20260909 04:45:10.141793  1341 skeleton_planner.h:170] Found solution in: 4
I20260909 04:45:10.141803  1341 skeleton_planner.h:170] Found solution in: 1
I20260909 04:45:10.141815  1341 skeleton_planner.h:170] Found solution in: 3
I20260909 04:45:10.141824  1341 skeleton_planner.h:170] Found solution in: 1
I20260909 04:45:10.141827  1341 skeleton_planner.h:170] Found solution in: 2
I20260909 04:45:10.141844  1341 skeleton_planner.h:170] Found solution in: 4
I20260909 04:45:10.141856  1341 skeleton_planner.h:170] Found solution in: 1
I20260909 04:45:10.141881  1341 skeleton_planner.h:170] Found solution in: 3
I20260909 04:45:10.141888  1341 skeleton_planner.h:170] Found solution in: 1
I20260909 04:45:10.141896  1341 skeleton_planner.h:170] Found solution in: 1
I20260909 04:45:10.141916  1341 skeleton_planner.h:170] Found solution in: 23
I20260909 04:45:10.141927  1341 skeleton_planner.h:170] Found solution in: 1
I20260909 04:45:10.141930  1341 skeleton_planner.h:170] Found solution in: 2
I20260909 04:45:10.141942  1341 skeleton_planner.h:170] Found solution in: 3
I20260909 04:45:10.141950  1341 skeleton_planner.h:170] Found solution in: 1
I20260909 04:45:10.141954  1341 skeleton_planner.h:170] Found solution in: 2
I20260909 04:45:10.141968  1341 skeleton_planner.h:170] Found solution in: 4
I20260909 04:45:10.141976  1341 skeleton_planner.h:170] Found solution in: 1
I20260909 04:45:10.141983  1341 skeleton_planner.h:170] Found solution in: 1
I20260909 04:45:10.142022  1341 skeleton_planner.h:170] Found solution in: 3
I20260909 04:45:10.142032  1341 skeleton_planner.h:170] Found solution in: 1
I20260909 04:45:10.142040  1341 skeleton_planner.h:170] Found solution in: 9
I20260909 04:45:10.142089  1341 skeleton_planner.h:170] Found solution in: 5
I20260909 04:45:10.142102  1341 skeleton_planner.h:170] Found solution in: 1
I20260909 04:45:10.142108  1341 skeleton_planner.h:170] Found solution in: 1
I20260909 04:45:10.142117  1341 skeleton_planner.h:170] Found solution in: 1
I20260909 04:45:10.142123  1341 skeleton_planner.h:170] Found solution in: 1
I20260909 04:45:10.142148  1341 skeleton_planner.h:170] Found solution in: 28
I20260909 04:45:10.142154  1341 skeleton_planner.h:170] Found solution in: 4
I20260909 04:45:10.142163  1341 skeleton_planner.h:170] Found solution in: 1
I20260909 04:45:10.142166  1341 skeleton_planner.h:170] Found solution in: 3
I20260909 04:45:10.142182  1341 skeleton_planner.h:170] Found solution in: 6
I20260909 04:45:10.142190  1341 skeleton_planner.h:170] Found solution in: 1
I20260909 04:45:10.142200  1341 skeleton_planner.h:170] Found solution in: 3
I20260909 04:45:10.142210  1341 skeleton_planner.h:170] Found solution in: 1
I20260909 04:45:10.142226  1341 skeleton_planner.h:170] Found solution in: 5
I20260909 04:45:10.142235  1341 skeleton_planner.h:170] Found solution in: 1
I20260909 04:45:10.142336  1341 skeleton_planner.h:170] Found solution in: 5
I20260909 04:45:10.142347  1341 skeleton_planner.h:170] Found solution in: 1
I20260909 04:45:10.142352  1341 skeleton_planner.h:170] Found solution in: 4
I20260909 04:45:10.142369  1341 skeleton_planner.h:170] Found solution in: 5
I20260909 04:45:10.142376  1341 skeleton_planner.h:170] Found solution in: 1
I20260909 04:45:10.142383  1341 skeleton_planner.h:170] Found solution in: 1
I20260909 04:45:10.142390  1341 skeleton_planner.h:170] Found solution in: 1
I20260909 04:45:10.142396  1341 skeleton_planner.h:170] Found solution in: 7
I20260909 04:45:10.142402  1341 skeleton_planner.h:170] Found solution in: 1
I20260909 04:45:10.142408  1341 skeleton_planner.h:170] Found solution in: 5
I20260909 04:45:10.142413  1341 skeleton_planner.h:170] Found solution in: 5
I20260909 04:45:10.142478  1341 skeleton_planner.h:170] Found solution in: 22
I20260909 04:45:10.142524  1341 skeleton_planner.h:170] Found solution in: 6
I20260909 04:45:10.142535  1341 skeleton_planner.h:170] Found solution in: 1
I20260909 04:45:10.142562  1341 skeleton_planner.h:170] Found solution in: 5
I20260909 04:45:10.142575  1341 skeleton_planner.h:170] Found solution in: 1
I20260909 04:45:10.142580  1341 skeleton_planner.h:170] Found solution in: 2
I20260909 04:45:10.142596  1341 skeleton_planner.h:170] Found solution in: 5
I20260909 04:45:10.142602  1341 skeleton_planner.h:170] Found solution in: 1
I20260909 04:45:10.142607  1341 skeleton_planner.h:170] Found solution in: 3
I20260909 04:45:10.143498  1341 skeleton_planner.h:170] Found solution in: 13
I20260909 04:45:10.143512  1341 skeleton_planner.h:170] Found solution in: 1
I20260909 04:45:10.143515  1341 skeleton_planner.h:170] Found solution in: 3
I20260909 04:45:10.143540  1341 skeleton_planner.h:170] Found solution in: 9
I20260909 04:45:10.143555  1341 skeleton_planner.h:170] Found solution in: 1
I20260909 04:45:10.143559  1341 skeleton_planner.h:170] Found solution in: 2
I20260909 04:45:10.143572  1341 skeleton_planner.h:170] Found solution in: 4
I20260909 04:45:10.143579  1341 skeleton_planner.h:170] Found solution in: 1
I20260909 04:45:10.143584  1341 skeleton_planner.h:170] Found solution in: 3
I20260909 04:45:10.143602  1341 skeleton_planner.h:170] Found solution in: 5
I20260909 04:45:10.143613  1341 skeleton_planner.h:170] Found solution in: 1
I20260909 04:45:10.143617  1341 skeleton_planner.h:170] Found solution in: 3
I20260909 04:45:10.143630  1341 skeleton_planner.h:170] Found solution in: 4
I20260909 04:45:10.143639  1341 skeleton_planner.h:170] Found solution in: 1
I20260909 04:45:10.143730  1341 skeleton_planner.h:170] Found solution in: 3
I20260909 04:45:10.143738  1341 skeleton_planner.h:170] Found solution in: 1
I20260909 04:45:10.143759  1341 skeleton_planner.h:170] Found solution in: 29
I20260909 04:45:10.143769  1341 skeleton_planner.h:170] Found solution in: 8
I20260909 04:45:10.143775  1341 skeleton_planner.h:170] Found solution in: 1
I20260909 04:45:10.143782  1341 skeleton_planner.h:170] Found solution in: 5
I20260909 04:45:10.143798  1341 skeleton_planner.h:170] Found solution in: 4
I20260909 04:45:10.143806  1341 skeleton_planner.h:170] Found solution in: 1
I20260909 04:45:10.143810  1341 skeleton_planner.h:170] Found solution in: 2
I20260909 04:45:10.143821  1341 skeleton_planner.h:170] Found solution in: 3
I20260909 04:45:10.143828  1341 skeleton_planner.h:170] Found solution in: 1
I20260909 04:45:10.143831  1341 skeleton_planner.h:170] Found solution in: 2
I20260909 04:45:10.143837  1341 skeleton_planner.h:170] Found solution in: 1
I20260909 04:45:10.143844  1341 skeleton_planner.h:170] Found solution in: 1
I20260909 04:45:10.143850  1341 skeleton_planner.h:170] Found solution in: 6
I20260909 04:45:10.143864  1341 skeleton_planner.h:170] Found solution in: 4
I20260909 04:45:10.143870  1341 skeleton_planner.h:170] Found solution in: 1
I20260909 04:45:10.143874  1341 skeleton_planner.h:170] Found solution in: 3
I20260909 04:45:10.143887  1341 skeleton_planner.h:170] Found solution in: 4
I20260909 04:45:10.143898  1341 skeleton_planner.h:170] Found solution in: 1
I20260909 04:45:10.143908  1341 skeleton_planner.h:170] Found solution in: 1
I20260909 04:45:10.143913  1341 skeleton_planner.h:170] Found solution in: 3
I20260909 04:45:10.143924  1341 skeleton_planner.h:170] Found solution in: 4
I20260909 04:45:10.143939  1341 skeleton_planner.h:170] Found solution in: 1
I20260909 04:45:10.143942  1341 skeleton_planner.h:170] Found solution in: 3
I20260909 04:45:10.143960  1341 skeleton_planner.h:170] Found solution in: 4
I20260909 04:45:10.143970  1341 skeleton_planner.h:170] Found solution in: 1
I20260909 04:45:10.143975  1341 skeleton_planner.h:170] Found solution in: 2
I20260909 04:45:10.143985  1341 skeleton_planner.h:170] Found solution in: 3
I20260909 04:45:10.143993  1341 skeleton_planner.h:170] Found solution in: 1
I20260909 04:45:10.144011  1341 skeleton_planner.h:170] Found solution in: 21
I20260909 04:45:10.144021  1341 skeleton_planner.h:170] Found solution in: 10
I20260909 04:45:10.144026  1341 skeleton_planner.h:170] Found solution in: 1
I20260909 04:45:10.144073  1341 skeleton_planner.h:170] Found solution in: 4
I20260909 04:45:10.144083  1341 skeleton_planner.h:170] Found solution in: 1
I20260909 04:45:10.144096  1341 skeleton_planner.h:170] Found solution in: 3
I20260909 04:45:10.144107  1341 skeleton_planner.h:170] Found solution in: 1
I20260909 04:45:10.144111  1341 skeleton_planner.h:170] Found solution in: 3
I20260909 04:45:10.144122  1341 skeleton_planner.h:170] Found solution in: 4
I20260909 04:45:10.144134  1341 skeleton_planner.h:170] Found solution in: 1
I20260909 04:45:10.144155  1341 skeleton_planner.h:170] Found solution in: 25
I20260909 04:45:10.144224  1341 skeleton_planner.h:170] Found solution in: 82
I20260909 04:45:10.144233  1341 skeleton_planner.h:170] Found solution in: 1
I20260909 04:45:10.144238  1341 skeleton_planner.h:170] Found solution in: 4
I20260909 04:45:10.144265  1341 skeleton_planner.h:170] Found solution in: 7
I20260909 04:45:10.144275  1341 skeleton_planner.h:170] Found solution in: 1
I20260909 04:45:10.144291  1341 skeleton_planner.h:170] Found solution in: 4
I20260909 04:45:10.144299  1341 skeleton_planner.h:170] Found solution in: 1
I20260909 04:45:10.144301  1341 skeleton_planner.h:170] Found solution in: 2
I20260909 04:45:10.144315  1341 skeleton_planner.h:170] Found solution in: 4
I20260909 04:45:10.144320  1341 skeleton_planner.h:170] Found solution in: 1
I20260909 04:45:10.144325  1341 skeleton_planner.h:170] Found solution in: 2
I20260909 04:45:10.144337  1341 skeleton_planner.h:170] Found solution in: 5
I20260909 04:45:10.144345  1341 skeleton_planner.h:170] Found solution in: 1
I20260909 04:45:10.144351  1341 skeleton_planner.h:170] Found solution in: 6
I20260909 04:45:10.144363  1341 skeleton_planner.h:170] Found solution in: 1
I20260909 04:45:10.144385  1341 skeleton_planner.h:170] Found solution in: 4
I20260909 04:45:10.144394  1341 skeleton_planner.h:170] Found solution in: 1
I20260909 04:45:10.144415  1341 skeleton_planner.h:170] Found solution in: 7
I20260909 04:45:10.144424  1341 skeleton_planner.h:170] Found solution in: 1
I20260909 04:45:10.144507  1341 skeleton_planner.h:170] Found solution in: 3
I20260909 04:45:10.144521  1341 skeleton_planner.h:170] Found solution in: 1
I20260909 04:45:10.144539  1341 skeleton_planner.h:170] Found solution in: 4
I20260909 04:45:10.144550  1341 skeleton_planner.h:170] Found solution in: 1
I20260909 04:45:10.144557  1341 skeleton_planner.h:170] Found solution in: 1
I20260909 04:45:10.144848  1341 skeleton_planner.h:170] Found solution in: 5
I20260909 04:45:10.144858  1341 skeleton_planner.h:170] Found solution in: 1
I20260909 04:45:10.144867  1341 skeleton_planner.h:170] Found solution in: 6
I20260909 04:45:10.145100  1341 skeleton_planner.h:170] Found solution in: 1
I20260909 04:45:10.145107  1341 skeleton_planner.h:170] Found solution in: 7
I20260909 04:45:10.145496  1341 skeleton_planner.h:170] Found solution in: 11
I20260909 04:45:10.145514  1341 skeleton_planner.h:170] Found solution in: 1
I20260909 04:45:10.145603  1341 skeleton_planner.h:170] Found solution in: 4
I20260909 04:45:10.145617  1341 skeleton_planner.h:170] Found solution in: 1
I20260909 04:45:10.145624  1341 skeleton_planner.h:170] Found solution in: 1
I20260909 04:45:10.145628  1341 skeleton_planner.h:170] Found solution in: 3
I20260909 04:45:10.145644  1341 skeleton_planner.h:170] Found solution in: 4
I20260909 04:45:10.145654  1341 skeleton_planner.h:170] Found solution in: 1
I20260909 04:45:10.145663  1341 skeleton_planner.h:170] Found solution in: 10
I20260909 04:45:10.145670  1341 skeleton_planner.h:170] Found solution in: 1
I20260909 04:45:10.145686  1341 skeleton_planner.h:170] Found solution in: 5
I20260909 04:45:10.145694  1341 skeleton_planner.h:170] Found solution in: 1
I20260909 04:45:10.145697  1341 skeleton_planner.h:170] Found solution in: 2
I20260909 04:45:10.146797  1341 skeleton_planner.h:170] Found solution in: 1
I20260909 04:45:10.146803  1341 skeleton_planner.h:170] Found solution in: 3
I20260909 04:45:10.146869  1341 skeleton_planner.h:170] Found solution in: 41
I20260909 04:45:10.146951  1341 skeleton_planner.h:170] Found solution in: 61
I20260909 04:45:10.147208  1341 skeleton_planner.h:170] Found solution in: 49
I20260909 04:45:10.147317  1341 skeleton_planner.h:170] Found solution in: 71
I20260909 04:45:10.147408  1341 skeleton_planner.h:170] Found solution in: 52
I20260909 04:45:10.147418  1341 skeleton_planner.h:170] Found solution in: 1
I20260909 04:45:10.147423  1341 skeleton_planner.h:170] Found solution in: 3
I20260909 04:45:10.147476  1341 skeleton_planner.h:170] Found solution in: 34
I20260909 04:45:10.147539  1341 skeleton_planner.h:170] Found solution in: 44
I20260909 04:45:10.147805  1341 skeleton_planner.h:170] Found solution in: 32
I20260909 04:45:10.147886  1341 skeleton_planner.h:170] Found solution in: 48
I20260909 04:45:10.147951  1341 skeleton_planner.h:170] Found solution in: 36
I20260909 04:45:10.147965  1341 skeleton_planner.h:170] Found solution in: 1
I20260909 04:45:10.148967  1341 skeleton_planner.h:170] Found solution in: 1
I20260909 04:45:10.149067  1341 skeleton_planner.h:170] Found solution in: 5
I20260909 04:45:10.149080  1341 skeleton_planner.h:170] Found solution in: 1
I20260909 04:45:10.149089  1341 skeleton_planner.h:170] Found solution in: 1
I20260909 04:45:10.149104  1341 skeleton_planner.h:170] Found solution in: 17
I20260909 04:45:10.149114  1341 skeleton_planner.h:170] Found solution in: 1
I20260909 04:45:10.149118  1341 skeleton_planner.h:170] Found solution in: 3
I20260909 04:45:10.149127  1341 skeleton_planner.h:170] Found solution in: 1
I20260909 04:45:10.149145  1341 skeleton_planner.h:170] Found solution in: 20
I20260909 04:45:10.149152  1341 skeleton_planner.h:170] Found solution in: 1
I20260909 04:45:10.149155  1341 skeleton_planner.h:170] Found solution in: 3
I20260909 04:45:10.149160  1341 skeleton_planner.h:170] Found solution in: 1
I20260909 04:45:10.149169  1341 skeleton_planner.h:170] Found solution in: 1
I20260909 04:45:10.149178  1341 skeleton_planner.h:170] Found solution in: 1
I20260909 04:45:10.149184  1341 skeleton_planner.h:170] Found solution in: 7
I20260909 04:45:10.149211  1341 skeleton_planner.h:170] Found solution in: 5
I20260909 04:45:10.149219  1341 skeleton_planner.h:170] Found solution in: 1
I20260909 04:45:10.149240  1341 skeleton_planner.h:170] Found solution in: 6
I20260909 04:45:10.149250  1341 skeleton_planner.h:170] Found solution in: 1
I20260909 04:45:10.149457  1341 skeleton_planner.h:170] Found solution in: 1
I20260909 04:45:10.149524  1341 skeleton_planner.h:170] Found solution in: 24
I20260909 04:45:10.150398  1341 skeleton_planner.h:170] Found solution in: 1
I20260909 04:45:10.150414  1341 skeleton_planner.h:170] Found solution in: 3
I20260909 04:45:10.150425  1341 skeleton_planner.h:170] Found solution in: 1
I20260909 04:45:10.150528  1341 skeleton_planner.h:170] Found solution in: 4
I20260909 04:45:10.150542  1341 skeleton_planner.h:170] Found solution in: 1
I20260909 04:45:10.150547  1341 skeleton_planner.h:170] Found solution in: 4
I20260909 04:45:10.150580  1341 skeleton_planner.h:170] Found solution in: 9
I20260909 04:45:10.150596  1341 skeleton_planner.h:170] Found solution in: 1
I20260909 04:45:10.150642  1341 skeleton_planner.h:170] Found solution in: 60
I20260909 04:45:10.150652  1341 skeleton_planner.h:170] Found solution in: 1
I20260909 04:45:10.150741  1341 skeleton_planner.h:170] Found solution in: 5
I20260909 04:45:10.150749  1341 skeleton_planner.h:170] Found solution in: 1
I20260909 04:45:10.150775  1341 skeleton_planner.h:170] Found solution in: 29
I20260909 04:45:10.150878  1341 skeleton_planner.h:170] Found solution in: 4
I20260909 04:45:10.150885  1341 skeleton_planner.h:170] Found solution in: 1
I20260909 04:45:10.150921  1341 skeleton_planner.h:170] Found solution in: 45
I20260909 04:45:10.150928  1341 skeleton_planner.h:170] Found solution in: 1
I20260909 04:45:10.150942  1341 skeleton_planner.h:170] Found solution in: 17
I20260909 04:45:10.150955  1341 skeleton_planner.h:170] Found solution in: 16
I20260909 04:45:10.150962  1341 skeleton_planner.h:170] Found solution in: 1
I20260909 04:45:10.150981  1341 skeleton_planner.h:170] Found solution in: 5
I20260909 04:45:10.150988  1341 skeleton_planner.h:170] Found solution in: 1
I20260909 04:45:10.151006  1341 skeleton_planner.h:170] Found solution in: 17
I20260909 04:45:10.151013  1341 skeleton_planner.h:170] Found solution in: 7
I20260909 04:45:10.151111  1341 skeleton_planner.h:170] Found solution in: 5
I20260909 04:45:10.151119  1341 skeleton_planner.h:170] Found solution in: 1
I20260909 04:45:10.151157  1341 skeleton_planner.h:170] Found solution in: 49
I20260909 04:45:10.151167  1341 skeleton_planner.h:170] Found solution in: 1
I20260909 04:45:10.151203  1341 skeleton_planner.h:170] Found solution in: 17
I20260909 04:45:10.151213  1341 skeleton_planner.h:170] Found solution in: 1
I20260909 04:45:10.151224  1341 skeleton_planner.h:170] Found solution in: 4
I20260909 04:45:10.151230  1341 skeleton_planner.h:170] Found solution in: 1
I20260909 04:45:10.151243  1341 skeleton_planner.h:170] Found solution in: 5
I20260909 04:45:10.151250  1341 skeleton_planner.h:170] Found solution in: 1
I20260909 04:45:10.151336  1341 skeleton_planner.h:170] Found solution in: 42
I20260909 04:45:10.151366  1341 skeleton_planner.h:170] Found solution in: 7
I20260909 04:45:10.151381  1341 skeleton_planner.h:170] Found solution in: 1
I20260909 04:45:10.151386  1341 skeleton_planner.h:170] Found solution in: 3
I20260909 04:45:10.151412  1341 skeleton_planner.h:170] Found solution in: 8
I20260909 04:45:10.151427  1341 skeleton_planner.h:170] Found solution in: 1
I20260909 04:45:10.151451  1341 skeleton_planner.h:170] Found solution in: 8
I20260909 04:45:10.151460  1341 skeleton_planner.h:170] Found solution in: 1
I20260909 04:45:10.151465  1341 skeleton_planner.h:170] Found solution in: 4
I20260909 04:45:10.151480  1341 skeleton_planner.h:170] Found solution in: 4
I20260909 04:45:10.151490  1341 skeleton_planner.h:170] Found solution in: 1
I20260909 04:45:10.151496  1341 skeleton_planner.h:170] Found solution in: 6
I20260909 04:45:10.151526  1341 skeleton_planner.h:170] Found solution in: 5
I20260909 04:45:10.151533  1341 skeleton_planner.h:170] Found solution in: 1
I20260909 04:45:10.151536  1341 skeleton_planner.h:170] Found solution in: 2
I20260909 04:45:10.151546  1341 skeleton_planner.h:170] Found solution in: 3
I20260909 04:45:10.151552  1341 skeleton_planner.h:170] Found solution in: 1
I20260909 04:45:10.151566  1341 skeleton_planner.h:170] Found solution in: 4
I20260909 04:45:10.151572  1341 skeleton_planner.h:170] Found solution in: 1
I20260909 04:45:10.151582  1341 skeleton_planner.h:170] Found solution in: 3
I20260909 04:45:10.151592  1341 skeleton_planner.h:170] Found solution in: 1
I20260909 04:45:10.151616  1341 skeleton_planner.h:170] Found solution in: 8
I20260909 04:45:10.151623  1341 skeleton_planner.h:170] Found solution in: 1
I20260909 04:45:10.151630  1341 skeleton_planner.h:170] Found solution in: 7
I20260909 04:45:10.151638  1341 skeleton_planner.h:170] Found solution in: 1
I20260909 04:45:10.151643  1341 skeleton_planner.h:170] Found solution in: 7
I20260909 04:45:10.151664  1341 skeleton_planner.h:170] Found solution in: 26
I20260909 04:45:10.151671  1341 skeleton_planner.h:170] Found solution in: 1
I20260909 04:45:10.151695  1341 skeleton_planner.h:170] Found solution in: 5
I20260909 04:45:10.151703  1341 skeleton_planner.h:170] Found solution in: 1
I20260909 04:45:10.151727  1341 skeleton_planner.h:170] Found solution in: 6
I20260909 04:45:10.151736  1341 skeleton_planner.h:170] Found solution in: 1
I20260909 04:45:10.151739  1341 skeleton_planner.h:170] Found solution in: 2
I20260909 04:45:10.151749  1341 skeleton_planner.h:170] Found solution in: 3
I20260909 04:45:10.151755  1341 skeleton_planner.h:170] Found solution in: 1
I20260909 04:45:10.151763  1341 skeleton_planner.h:170] Found solution in: 3
I20260909 04:45:10.151772  1341 skeleton_planner.h:170] Found solution in: 1
I20260909 04:45:10.151785  1341 skeleton_planner.h:170] Found solution in: 3
I20260909 04:45:10.151793  1341 skeleton_planner.h:170] Found solution in: 1
I20260909 04:45:10.151798  1341 skeleton_planner.h:170] Found solution in: 4
I20260909 04:45:10.151845  1341 skeleton_planner.h:170] Found solution in: 4
I20260909 04:45:10.151854  1341 skeleton_planner.h:170] Found solution in: 1
I20260909 04:45:10.151876  1341 skeleton_planner.h:170] Found solution in: 4
I20260909 04:45:10.151885  1341 skeleton_planner.h:170] Found solution in: 1
I20260909 04:45:10.151897  1341 skeleton_planner.h:170] Found solution in: 3
I20260909 04:45:10.151902  1341 skeleton_planner.h:170] Found solution in: 1
I20260909 04:45:10.151950  1341 skeleton_planner.h:170] Found solution in: 6
I20260909 04:45:10.151959  1341 skeleton_planner.h:170] Found solution in: 1
I20260909 04:45:10.151962  1341 skeleton_planner.h:170] Found solution in: 2
I20260909 04:45:10.151973  1341 skeleton_planner.h:170] Found solution in: 4
I20260909 04:45:10.151979  1341 skeleton_planner.h:170] Found solution in: 1
I20260909 04:45:10.152197  1341 skeleton_planner.h:170] Found solution in: 6
I20260909 04:45:10.152206  1341 skeleton_planner.h:170] Found solution in: 1
I20260909 04:45:10.152210  1341 skeleton_planner.h:170] Found solution in: 2
I20260909 04:45:10.152225  1341 skeleton_planner.h:170] Found solution in: 4
I20260909 04:45:10.152231  1341 skeleton_planner.h:170] Found solution in: 1
I20260909 04:45:10.152244  1341 skeleton_planner.h:170] Found solution in: 4
I20260909 04:45:10.152251  1341 skeleton_planner.h:170] Found solution in: 1
I20260909 04:45:10.152845  1341 skeleton_planner.h:170] Found solution in: 1
I20260909 04:45:10.152894  1341 skeleton_planner.h:170] Found solution in: 4
I20260909 04:45:10.152901  1341 skeleton_planner.h:170] Found solution in: 1
I20260909 04:45:10.152907  1341 skeleton_planner.h:170] Found solution in: 1
I20260909 04:45:10.153083  1341 skeleton_planner.h:170] Found solution in: 9
I20260909 04:45:10.153092  1341 skeleton_planner.h:170] Found solution in: 1
I20260909 04:45:10.153095  1341 skeleton_planner.h:170] Found solution in: 2
I20260909 04:45:10.153110  1341 skeleton_planner.h:170] Found solution in: 4
I20260909 04:45:10.153117  1341 skeleton_planner.h:170] Found solution in: 1
I20260909 04:45:10.153133  1341 skeleton_planner.h:170] Found solution in: 6
I20260909 04:45:10.153139  1341 skeleton_planner.h:170] Found solution in: 1
I20260909 04:45:10.153165  1341 skeleton_planner.h:170] Found solution in: 8
I20260909 04:45:10.153178  1341 skeleton_planner.h:170] Found solution in: 1
I20260909 04:45:10.153198  1341 skeleton_planner.h:170] Found solution in: 3
I20260909 04:45:10.153211  1341 skeleton_planner.h:170] Found solution in: 1
I20260909 04:45:10.153215  1341 skeleton_planner.h:170] Found solution in: 2
I20260909 04:45:10.153225  1341 skeleton_planner.h:170] Found solution in: 3
I20260909 04:45:10.153235  1341 skeleton_planner.h:170] Found solution in: 1
I20260909 04:45:10.153259  1341 skeleton_planner.h:170] Found solution in: 7
I20260909 04:45:10.153270  1341 skeleton_planner.h:170] Found solution in: 1
I20260909 04:45:10.153275  1341 skeleton_planner.h:170] Found solution in: 3
I20260909 04:45:10.153293  1341 skeleton_planner.h:170] Found solution in: 7
I20260909 04:45:10.153302  1341 skeleton_planner.h:170] Found solution in: 1
I20260909 04:45:10.153327  1341 skeleton_planner.h:170] Found solution in: 10
I20260909 04:45:10.153340  1341 skeleton_planner.h:170] Found solution in: 1
I20260909 04:45:10.153357  1341 skeleton_planner.h:170] Found solution in: 3
I20260909 04:45:10.153368  1341 skeleton_planner.h:170] Found solution in: 1
I20260909 04:45:10.153388  1341 skeleton_planner.h:170] Found solution in: 3
I20260909 04:45:10.153396  1341 skeleton_planner.h:170] Found solution in: 1
I20260909 04:45:10.153399  1341 skeleton_planner.h:170] Found solution in: 2
I20260909 04:45:10.153415  1341 skeleton_planner.h:170] Found solution in: 6
I20260909 04:45:10.153427  1341 skeleton_planner.h:170] Found solution in: 1
I20260909 04:45:10.153452  1341 skeleton_planner.h:170] Found solution in: 8
I20260909 04:45:10.153461  1341 skeleton_planner.h:170] Found solution in: 1
I20260909 04:45:10.153466  1341 skeleton_planner.h:170] Found solution in: 5
I20260909 04:45:10.153492  1341 skeleton_planner.h:170] Found solution in: 10
I20260909 04:45:10.153499  1341 skeleton_planner.h:170] Found solution in: 1
I20260909 04:45:10.153528  1341 skeleton_planner.h:170] Found solution in: 9
I20260909 04:45:10.153537  1341 skeleton_planner.h:170] Found solution in: 1
I20260909 04:45:10.153542  1341 skeleton_planner.h:170] Found solution in: 5
I20260909 04:45:10.153548  1341 skeleton_planner.h:170] Found solution in: 4
I20260909 04:45:10.153553  1341 skeleton_planner.h:170] Found solution in: 5
I20260909 04:45:10.153559  1341 skeleton_planner.h:170] Found solution in: 6
I20260909 04:45:10.153565  1341 skeleton_planner.h:170] Found solution in: 1
I20260909 04:45:10.153589  1341 skeleton_planner.h:170] Found solution in: 3
I20260909 04:45:10.153596  1341 skeleton_planner.h:170] Found solution in: 1
I20260909 04:45:10.153601  1341 skeleton_planner.h:170] Found solution in: 5
I20260909 04:45:10.153609  1341 skeleton_planner.h:170] Found solution in: 6
I20260909 04:45:10.153613  1341 skeleton_planner.h:170] Found solution in: 1
I20260909 04:45:10.153644  1341 skeleton_planner.h:170] Found solution in: 6
I20260909 04:45:10.153651  1341 skeleton_planner.h:170] Found solution in: 1
I20260909 04:45:10.153851  1341 skeleton_planner.h:170] Found solution in: 1
I20260909 04:45:10.153857  1341 skeleton_planner.h:170] Found solution in: 6
I20260909 04:45:10.153863  1341 skeleton_planner.h:170] Found solution in: 1
I20260909 04:45:10.153867  1341 skeleton_planner.h:170] Found solution in: 3
I20260909 04:45:10.153872  1341 skeleton_planner.h:170] Found solution in: 6
I20260909 04:45:10.153878  1341 skeleton_planner.h:170] Found solution in: 1
I20260909 04:45:10.153882  1341 skeleton_planner.h:170] Found solution in: 3
I20260909 04:45:10.153887  1341 skeleton_planner.h:170] Found solution in: 1
I20260909 04:45:10.153890  1341 skeleton_planner.h:170] Found solution in: 3
I20260909 04:45:10.153898  1341 skeleton_planner.h:170] Found solution in: 6
I20260909 04:45:10.153903  1341 skeleton_planner.h:170] Found solution in: 1
I20260909 04:45:10.153906  1341 skeleton_planner.h:170] Found solution in: 2
I20260909 04:45:10.153963  1341 skeleton_planner.h:170] Found solution in: 27
I20260909 04:45:10.153997  1341 skeleton_planner.h:170] Found solution in: 12
I20260909 04:45:10.154024  1341 skeleton_planner.h:170] Found solution in: 9
I20260909 04:45:10.154034  1341 skeleton_planner.h:170] Found solution in: 1
I20260909 04:45:10.154042  1341 skeleton_planner.h:170] Found solution in: 6
I20260909 04:45:10.154052  1341 skeleton_planner.h:170] Found solution in: 9
I20260909 04:45:10.154057  1341 skeleton_planner.h:170] Found solution in: 1
I20260909 04:45:10.154105  1341 skeleton_planner.h:170] Found solution in: 27
I20260909 04:45:10.154136  1341 skeleton_planner.h:170] Found solution in: 12
I20260909 04:45:10.154145  1341 skeleton_planner.h:170] Found solution in: 1
I20260909 04:45:10.154274  1341 skeleton_planner.h:170] Found solution in: 26
I20260909 04:45:10.154286  1341 skeleton_planner.h:170] Found solution in: 9
I20260909 04:45:10.154294  1341 skeleton_planner.h:170] Found solution in: 1
I20260909 04:45:10.154302  1341 skeleton_planner.h:170] Found solution in: 9
I20260909 04:45:10.154312  1341 skeleton_planner.h:170] Found solution in: 8
I20260909 04:45:10.154318  1341 skeleton_planner.h:170] Found solution in: 1
I20260909 04:45:10.154325  1341 skeleton_planner.h:170] Found solution in: 5
I20260909 04:45:10.154331  1341 skeleton_planner.h:170] Found solution in: 1
I20260909 04:45:10.154335  1341 skeleton_planner.h:170] Found solution in: 2
I20260909 04:45:10.154345  1341 skeleton_planner.h:170] Found solution in: 3
I20260909 04:45:10.154351  1341 skeleton_planner.h:170] Found solution in: 1
I20260909 04:45:10.154356  1341 skeleton_planner.h:170] Found solution in: 2
I20260909 04:45:10.154367  1341 skeleton_planner.h:170] Found solution in: 4
I20260909 04:45:10.154373  1341 skeleton_planner.h:170] Found solution in: 1
I20260909 04:45:10.154397  1341 skeleton_planner.h:170] Found solution in: 7
I20260909 04:45:10.154403  1341 skeleton_planner.h:170] Found solution in: 1
I20260909 04:45:10.154407  1341 skeleton_planner.h:170] Found solution in: 3
I20260909 04:45:10.154428  1341 skeleton_planner.h:170] Found solution in: 7
I20260909 04:45:10.154438  1341 skeleton_planner.h:170] Found solution in: 1
I20260909 04:45:10.154448  1341 skeleton_planner.h:170] Found solution in: 3
I20260909 04:45:10.154453  1341 skeleton_planner.h:170] Found solution in: 1
I20260909 04:45:10.154475  1341 skeleton_planner.h:170] Found solution in: 5
I20260909 04:45:10.154482  1341 skeleton_planner.h:170] Found solution in: 1
I20260909 04:45:10.154492  1341 skeleton_planner.h:170] Found solution in: 3
I20260909 04:45:10.154500  1341 skeleton_planner.h:170] Found solution in: 1
I20260909 04:45:10.154515  1341 skeleton_planner.h:170] Found solution in: 5
I20260909 04:45:10.154520  1341 skeleton_planner.h:170] Found solution in: 1
I20260909 04:45:10.154544  1341 skeleton_planner.h:170] Found solution in: 4
I20260909 04:45:10.154556  1341 skeleton_planner.h:170] Found solution in: 1
I20260909 04:45:10.154584  1341 skeleton_planner.h:170] Found solution in: 7
I20260909 04:45:10.154592  1341 skeleton_planner.h:170] Found solution in: 1
I20260909 04:45:10.154610  1341 skeleton_planner.h:170] Found solution in: 4
I20260909 04:45:10.154618  1341 skeleton_planner.h:170] Found solution in: 1
I20260909 04:45:10.154625  1341 skeleton_planner.h:170] Found solution in: 1
I20260909 04:45:10.154717  1341 skeleton_planner.h:170] Found solution in: 6
I20260909 04:45:10.154729  1341 skeleton_planner.h:170] Found solution in: 1
I20260909 04:45:10.154745  1341 skeleton_planner.h:170] Found solution in: 3
I20260909 04:45:10.154757  1341 skeleton_planner.h:170] Found solution in: 1
I20260909 04:45:10.154768  1341 skeleton_planner.h:170] Found solution in: 3
I20260909 04:45:10.154778  1341 skeleton_planner.h:170] Found solution in: 1
I20260909 04:45:10.154790  1341 skeleton_planner.h:170] Found solution in: 3
I20260909 04:45:10.154798  1341 skeleton_planner.h:170] Found solution in: 1
I20260909 04:45:10.154803  1341 skeleton_planner.h:170] Found solution in: 6
I20260909 04:45:10.154834  1341 skeleton_planner.h:170] Found solution in: 7
I20260909 04:45:10.154843  1341 skeleton_planner.h:170] Found solution in: 1
I20260909 04:45:10.154855  1341 skeleton_planner.h:170] Found solution in: 3
I20260909 04:45:10.154861  1341 skeleton_planner.h:170] Found solution in: 1
I20260909 04:45:10.154879  1341 skeleton_planner.h:170] Found solution in: 6
I20260909 04:45:10.154888  1341 skeleton_planner.h:170] Found solution in: 1
I20260909 04:45:10.154901  1341 skeleton_planner.h:170] Found solution in: 3
I20260909 04:45:10.154909  1341 skeleton_planner.h:170] Found solution in: 1
I20260909 04:45:10.154989  1341 skeleton_planner.h:170] Found solution in: 4
I20260909 04:45:10.154996  1341 skeleton_planner.h:170] Found solution in: 1
I20260909 04:45:10.155006  1341 skeleton_planner.h:170] Found solution in: 1
I20260909 04:45:10.155014  1341 skeleton_planner.h:170] Found solution in: 7
I20260909 04:45:10.155022  1341 skeleton_planner.h:170] Found solution in: 1
I20260909 04:45:10.155349  1341 skeleton_planner.h:170] Found solution in: 11
I20260909 04:45:10.155355  1341 skeleton_planner.h:170] Found solution in: 1
I20260909 04:45:10.155368  1341 skeleton_planner.h:170] Found solution in: 4
I20260909 04:45:10.155375  1341 skeleton_planner.h:170] Found solution in: 1
I20260909 04:45:10.155480  1341 skeleton_planner.h:170] Found solution in: 3
I20260909 04:45:10.155490  1341 skeleton_planner.h:170] Found solution in: 1
I20260909 04:45:10.155495  1341 skeleton_planner.h:170] Found solution in: 4
I20260909 04:45:10.155503  1341 skeleton_planner.h:170] Found solution in: 7
I20260909 04:45:10.155512  1341 skeleton_planner.h:170] Found solution in: 10
I20260909 04:45:10.155519  1341 skeleton_planner.h:170] Found solution in: 1
I20260909 04:45:10.155522  1341 skeleton_planner.h:170] Found solution in: 4
I20260909 04:45:10.155527  1341 skeleton_planner.h:170] Found solution in: 4
I20260909 04:45:10.155534  1341 skeleton_planner.h:170] Found solution in: 6
I20260909 04:45:10.155539  1341 skeleton_planner.h:170] Found solution in: 1
I20260909 04:45:10.155543  1341 skeleton_planner.h:170] Found solution in: 5
I20260909 04:45:10.155550  1341 skeleton_planner.h:170] Found solution in: 5
I20260909 04:45:10.155644  1341 skeleton_planner.h:170] Found solution in: 4
I20260909 04:45:10.155653  1341 skeleton_planner.h:170] Found solution in: 1
I20260909 04:45:10.155660  1341 skeleton_planner.h:170] Found solution in: 1
I20260909 04:45:10.155666  1341 skeleton_planner.h:170] Found solution in: 5
I20260909 04:45:10.155694  1341 skeleton_planner.h:170] Found solution in: 5
I20260909 04:45:10.155709  1341 skeleton_planner.h:170] Found solution in: 1
I20260909 04:45:10.155718  1341 skeleton_planner.h:170] Found solution in: 11
I20260909 04:45:10.155723  1341 skeleton_planner.h:170] Found solution in: 4
I20260909 04:45:10.155728  1341 skeleton_planner.h:170] Found solution in: 5
I20260909 04:45:10.155736  1341 skeleton_planner.h:170] Found solution in: 1
I20260909 04:45:10.155761  1341 skeleton_planner.h:170] Found solution in: 4
I20260909 04:45:10.155769  1341 skeleton_planner.h:170] Found solution in: 1
I20260909 04:45:10.155853  1341 skeleton_planner.h:170] Found solution in: 3
I20260909 04:45:10.155860  1341 skeleton_planner.h:170] Found solution in: 1
I20260909 04:45:10.155874  1341 skeleton_planner.h:170] Found solution in: 3
I20260909 04:45:10.155884  1341 skeleton_planner.h:170] Found solution in: 1
I20260909 04:45:10.155894  1341 skeleton_planner.h:170] Found solution in: 3
I20260909 04:45:10.155903  1341 skeleton_planner.h:170] Found solution in: 1
I20260909 04:45:10.155907  1341 skeleton_planner.h:170] Found solution in: 3
I20260909 04:45:10.155927  1341 skeleton_planner.h:170] Found solution in: 5
I20260909 04:45:10.155936  1341 skeleton_planner.h:170] Found solution in: 1
I20260909 04:45:10.155942  1341 skeleton_planner.h:170] Found solution in: 1
I20260909 04:45:10.155957  1341 skeleton_planner.h:170] Found solution in: 5
I20260909 04:45:10.155965  1341 skeleton_planner.h:170] Found solution in: 1
I20260909 04:45:10.155972  1341 skeleton_planner.h:170] Found solution in: 1
I20260909 04:45:10.155978  1341 skeleton_planner.h:170] Found solution in: 6
I20260909 04:45:10.155998  1341 skeleton_planner.h:170] Found solution in: 7
I20260909 04:45:10.156008  1341 skeleton_planner.h:170] Found solution in: 1
I20260909 04:45:10.156019  1341 skeleton_planner.h:170] Found solution in: 1
I20260909 04:45:10.156023  1341 skeleton_planner.h:170] Found solution in: 2
I20260909 04:45:10.156041  1341 skeleton_planner.h:170] Found solution in: 5
I20260909 04:45:10.156051  1341 skeleton_planner.h:170] Found solution in: 1
I20260909 04:45:10.156068  1341 skeleton_planner.h:170] Found solution in: 5
I20260909 04:45:10.156078  1341 skeleton_planner.h:170] Found solution in: 1
I20260909 04:45:10.156095  1341 skeleton_planner.h:170] Found solution in: 3
I20260909 04:45:10.156103  1341 skeleton_planner.h:170] Found solution in: 1
I20260909 04:45:10.156118  1341 skeleton_planner.h:170] Found solution in: 4
I20260909 04:45:10.156126  1341 skeleton_planner.h:170] Found solution in: 1
I20260909 04:45:10.156136  1341 skeleton_planner.h:170] Found solution in: 3
I20260909 04:45:10.156141  1341 skeleton_planner.h:170] Found solution in: 1
I20260909 04:45:10.156165  1341 skeleton_planner.h:170] Found solution in: 4
I20260909 04:45:10.156175  1341 skeleton_planner.h:170] Found solution in: 1
I20260909 04:45:10.156188  1341 skeleton_planner.h:170] Found solution in: 4
I20260909 04:45:10.156203  1341 skeleton_planner.h:170] Found solution in: 1
I20260909 04:45:10.156207  1341 skeleton_planner.h:170] Found solution in: 4
I20260909 04:45:10.156230  1341 skeleton_planner.h:170] Found solution in: 4
I20260909 04:45:10.156241  1341 skeleton_planner.h:170] Found solution in: 1
I20260909 04:45:10.156247  1341 skeleton_planner.h:170] Found solution in: 5
I20260909 04:45:10.156258  1341 skeleton_planner.h:170] Found solution in: 12
I20260909 04:45:10.156284  1341 skeleton_planner.h:170] Found solution in: 4
I20260909 04:45:10.156296  1341 skeleton_planner.h:170] Found solution in: 1
I20260909 04:45:10.156301  1341 skeleton_planner.h:170] Found solution in: 5
I20260909 04:45:10.156311  1341 skeleton_planner.h:170] Found solution in: 1
I20260909 04:45:10.156317  1341 skeleton_planner.h:170] Found solution in: 1
I20260909 04:45:10.156339  1341 skeleton_planner.h:170] Found solution in: 3
I20260909 04:45:10.156347  1341 skeleton_planner.h:170] Found solution in: 1
I20260909 04:45:10.156358  1341 skeleton_planner.h:170] Found solution in: 1
I20260909 04:45:10.156365  1341 skeleton_planner.h:170] Found solution in: 1
I20260909 04:45:10.156392  1341 skeleton_planner.h:170] Found solution in: 7
I20260909 04:45:10.156399  1341 skeleton_planner.h:170] Found solution in: 5
I20260909 04:45:10.156432  1341 skeleton_planner.h:170] Found solution in: 11
I20260909 04:45:10.156441  1341 skeleton_planner.h:170] Found solution in: 1
I20260909 04:45:10.156455  1341 skeleton_planner.h:170] Found solution in: 16
I20260909 04:45:10.156466  1341 skeleton_planner.h:170] Found solution in: 1
I20260909 04:45:10.156486  1341 skeleton_planner.h:170] Found solution in: 24
I20260909 04:45:10.156523  1341 skeleton_planner.h:170] Found solution in: 43
I20260909 04:45:10.156531  1341 skeleton_planner.h:170] Found solution in: 1
I20260909 04:45:10.156538  1341 skeleton_planner.h:170] Found solution in: 1
I20260909 04:45:10.156544  1341 skeleton_planner.h:170] Found solution in: 1
I20260909 04:45:10.156553  1341 skeleton_planner.h:170] Found solution in: 1
I20260909 04:45:10.156561  1341 skeleton_planner.h:170] Found solution in: 8
I20260909 04:45:10.156572  1341 skeleton_planner.h:170] Found solution in: 1
I20260909 04:45:10.156576  1341 skeleton_planner.h:170] Found solution in: 3
I20260909 04:45:10.156594  1341 skeleton_planner.h:170] Found solution in: 5
I20260909 04:45:10.156603  1341 skeleton_planner.h:170] Found solution in: 1
I20260909 04:45:10.156620  1341 skeleton_planner.h:170] Found solution in: 5
I20260909 04:45:10.156633  1341 skeleton_planner.h:170] Found solution in: 1
I20260909 04:45:10.156651  1341 skeleton_planner.h:170] Found solution in: 4
I20260909 04:45:10.156661  1341 skeleton_planner.h:170] Found solution in: 1
I20260909 04:45:10.156667  1341 skeleton_planner.h:170] Found solution in: 5
I20260909 04:45:10.156770  1341 skeleton_planner.h:170] Found solution in: 6
I20260909 04:45:10.156782  1341 skeleton_planner.h:170] Found solution in: 1
I20260909 04:45:10.156795  1341 skeleton_planner.h:170] Found solution in: 3
I20260909 04:45:10.156806  1341 skeleton_planner.h:170] Found solution in: 1
I20260909 04:45:10.156810  1341 skeleton_planner.h:170] Found solution in: 3
I20260909 04:45:10.156826  1341 skeleton_planner.h:170] Found solution in: 5
I20260909 04:45:10.156833  1341 skeleton_planner.h:170] Found solution in: 1
I20260909 04:45:10.156852  1341 skeleton_planner.h:170] Found solution in: 4
I20260909 04:45:10.156860  1341 skeleton_planner.h:170] Found solution in: 1
I20260909 04:45:10.156872  1341 skeleton_planner.h:170] Found solution in: 3
I20260909 04:45:10.156879  1341 skeleton_planner.h:170] Found solution in: 1
I20260909 04:45:10.156885  1341 skeleton_planner.h:170] Found solution in: 5
I20260909 04:45:10.156924  1341 skeleton_planner.h:170] Found solution in: 46
I20260909 04:45:10.156934  1341 skeleton_planner.h:170] Found solution in: 1
I20260909 04:45:10.156946  1341 skeleton_planner.h:170] Found solution in: 3
I20260909 04:45:10.156953  1341 skeleton_planner.h:170] Found solution in: 1
I20260909 04:45:10.156965  1341 skeleton_planner.h:170] Found solution in: 3
I20260909 04:45:10.156975  1341 skeleton_planner.h:170] Found solution in: 1
I20260909 04:45:10.156991  1341 skeleton_planner.h:170] Found solution in: 17
I20260909 04:45:10.157094  1341 skeleton_planner.h:170] Found solution in: 5
I20260909 04:45:10.157104  1341 skeleton_planner.h:170] Found solution in: 1
I20260909 04:45:10.157106  1341 skeleton_planner.h:170] Found solution in: 2
I20260909 04:45:10.157119  1341 skeleton_planner.h:170] Found solution in: 4
I20260909 04:45:10.157124  1341 skeleton_planner.h:170] Found solution in: 1
I20260909 04:45:10.157215  1341 skeleton_planner.h:170] Found solution in: 3
I20260909 04:45:10.157227  1341 skeleton_planner.h:170] Found solution in: 1
I20260909 04:45:10.157243  1341 skeleton_planner.h:170] Found solution in: 4
I20260909 04:45:10.157251  1341 skeleton_planner.h:170] Found solution in: 1
I20260909 04:45:10.157262  1341 skeleton_planner.h:170] Found solution in: 3
I20260909 04:45:10.157271  1341 skeleton_planner.h:170] Found solution in: 1
I20260909 04:45:10.157364  1341 skeleton_planner.h:170] Found solution in: 3
I20260909 04:45:10.157373  1341 skeleton_planner.h:170] Found solution in: 1
I20260909 04:45:10.157384  1341 skeleton_planner.h:170] Found solution in: 3
I20260909 04:45:10.157393  1341 skeleton_planner.h:170] Found solution in: 1
I20260909 04:45:10.157403  1341 skeleton_planner.h:170] Found solution in: 3
I20260909 04:45:10.157411  1341 skeleton_planner.h:170] Found solution in: 1
I20260909 04:45:10.157435  1341 skeleton_planner.h:170] Found solution in: 7
I20260909 04:45:10.157444  1341 skeleton_planner.h:170] Found solution in: 1
I20260909 04:45:10.157456  1341 skeleton_planner.h:170] Found solution in: 4
I20260909 04:45:10.157464  1341 skeleton_planner.h:170] Found solution in: 1
I20260909 04:45:10.157481  1341 skeleton_planner.h:170] Found solution in: 20
I20260909 04:45:10.157574  1341 skeleton_planner.h:170] Found solution in: 3
I20260909 04:45:10.157580  1341 skeleton_planner.h:170] Found solution in: 1
I20260909 04:45:10.157671  1341 skeleton_planner.h:170] Found solution in: 3
I20260909 04:45:10.157677  1341 skeleton_planner.h:170] Found solution in: 1
I20260909 04:45:10.157682  1341 skeleton_planner.h:170] Found solution in: 4
I20260909 04:45:10.157704  1341 skeleton_planner.h:170] Found solution in: 7
I20260909 04:45:10.157718  1341 skeleton_planner.h:170] Found solution in: 1
I20260909 04:45:10.157724  1341 skeleton_planner.h:170] Found solution in: 1
I20260909 04:45:10.157729  1341 skeleton_planner.h:170] Found solution in: 5
I20260909 04:45:10.157733  1341 skeleton_planner.h:170] Found solution in: 1
I20260909 04:45:10.157745  1341 skeleton_planner.h:170] Found solution in: 3
I20260909 04:45:10.157754  1341 skeleton_planner.h:170] Found solution in: 1
I20260909 04:45:10.157759  1341 skeleton_planner.h:170] Found solution in: 4
I20260909 04:45:10.157764  1341 skeleton_planner.h:170] Found solution in: 4
I20260909 04:45:10.157769  1341 skeleton_planner.h:170] Found solution in: 1
I20260909 04:45:10.157775  1341 skeleton_planner.h:170] Found solution in: 4
I20260909 04:45:10.157780  1341 skeleton_planner.h:170] Found solution in: 4
I20260909 04:45:10.157786  1341 skeleton_planner.h:170] Found solution in: 1
I20260909 04:45:10.157792  1341 skeleton_planner.h:170] Found solution in: 1
I20260909 04:45:10.157799  1341 skeleton_planner.h:170] Found solution in: 1
I20260909 04:45:10.157833  1341 skeleton_planner.h:170] Found solution in: 3
I20260909 04:45:10.157845  1341 skeleton_planner.h:170] Found solution in: 1
I20260909 04:45:10.157848  1341 skeleton_planner.h:170] Found solution in: 3
I20260909 04:45:10.157859  1341 skeleton_planner.h:170] Found solution in: 3
I20260909 04:45:10.157867  1341 skeleton_planner.h:170] Found solution in: 1
I20260909 04:45:10.157882  1341 skeleton_planner.h:170] Found solution in: 3
I20260909 04:45:10.157891  1341 skeleton_planner.h:170] Found solution in: 1
I20260909 04:45:10.157894  1341 skeleton_planner.h:170] Found solution in: 2
I20260909 04:45:10.157900  1341 skeleton_planner.h:170] Found solution in: 1
I20260909 04:45:10.157903  1341 skeleton_planner.h:170] Found solution in: 2
I20260909 04:45:10.157910  1341 skeleton_planner.h:170] Found solution in: 1
I20260909 04:45:10.158001  1341 skeleton_planner.h:170] Found solution in: 5
I20260909 04:45:10.158010  1341 skeleton_planner.h:170] Found solution in: 1
I20260909 04:45:10.158027  1341 skeleton_planner.h:170] Found solution in: 4
I20260909 04:45:10.158033  1341 skeleton_planner.h:170] Found solution in: 1
I20260909 04:45:10.158041  1341 skeleton_planner.h:170] Found solution in: 1
I20260909 04:45:10.158051  1341 skeleton_planner.h:170] Found solution in: 11
I20260909 04:45:10.158061  1341 skeleton_planner.h:170] Found solution in: 1
I20260909 04:45:10.158069  1341 skeleton_planner.h:170] Found solution in: 11
I20260909 04:45:10.158077  1341 skeleton_planner.h:170] Found solution in: 8
I20260909 04:45:10.158084  1341 skeleton_planner.h:170] Found solution in: 1
I20260909 04:45:10.158093  1341 skeleton_planner.h:170] Found solution in: 10
I20260909 04:45:10.158104  1341 skeleton_planner.h:170] Found solution in: 12
I20260909 04:45:10.158136  1341 skeleton_planner.h:170] Found solution in: 40
I20260909 04:45:10.158149  1341 skeleton_planner.h:170] Found solution in: 1
I20260909 04:45:10.158154  1341 skeleton_planner.h:170] Found solution in: 4
I20260909 04:45:10.158175  1341 skeleton_planner.h:170] Found solution in: 5
I20260909 04:45:10.158185  1341 skeleton_planner.h:170] Found solution in: 1
I20260909 04:45:10.158191  1341 skeleton_planner.h:170] Found solution in: 1
I20260909 04:45:10.158285  1341 skeleton_planner.h:170] Found solution in: 5
I20260909 04:45:10.158298  1341 skeleton_planner.h:170] Found solution in: 1
I20260909 04:45:10.158300  1341 skeleton_planner.h:170] Found solution in: 2
I20260909 04:45:10.158313  1341 skeleton_planner.h:170] Found solution in: 3
I20260909 04:45:10.158320  1341 skeleton_planner.h:170] Found solution in: 1
I20260909 04:45:10.158330  1341 skeleton_planner.h:170] Found solution in: 3
I20260909 04:45:10.158339  1341 skeleton_planner.h:170] Found solution in: 1
I20260909 04:45:10.158432  1341 skeleton_planner.h:170] Found solution in: 4
I20260909 04:45:10.158438  1341 skeleton_planner.h:170] Found solution in: 1
I20260909 04:45:10.158521  1341 skeleton_planner.h:170] Found solution in: 3
I20260909 04:45:10.158538  1341 skeleton_planner.h:170] Found solution in: 1
I20260909 04:45:10.158542  1341 skeleton_planner.h:170] Found solution in: 3
I20260909 04:45:10.158555  1341 skeleton_planner.h:170] Found solution in: 5
I20260909 04:45:10.158563  1341 skeleton_planner.h:170] Found solution in: 1
I20260909 04:45:10.158574  1341 skeleton_planner.h:170] Found solution in: 1
I20260909 04:45:10.158578  1341 skeleton_planner.h:170] Found solution in: 3
I20260909 04:45:10.158599  1341 skeleton_planner.h:170] Found solution in: 6
I20260909 04:45:10.158607  1341 skeleton_planner.h:170] Found solution in: 1
I20260909 04:45:10.158620  1341 skeleton_planner.h:170] Found solution in: 4
I20260909 04:45:10.158633  1341 skeleton_planner.h:170] Found solution in: 1
I20260909 04:45:10.158668  1341 skeleton_planner.h:170] Found solution in: 40
I20260909 04:45:10.158717  1341 skeleton_planner.h:170] Found solution in: 56
I20260909 04:45:10.158730  1341 skeleton_planner.h:170] Found solution in: 12
I20260909 04:45:10.158739  1341 skeleton_planner.h:170] Found solution in: 1
I20260909 04:45:10.158761  1341 skeleton_planner.h:170] Found solution in: 24
I20260909 04:45:10.158767  1341 skeleton_planner.h:170] Found solution in: 5
I20260909 04:45:10.158861  1341 skeleton_planner.h:170] Found solution in: 4
I20260909 04:45:10.158872  1341 skeleton_planner.h:170] Found solution in: 1
I20260909 04:45:10.158890  1341 skeleton_planner.h:170] Found solution in: 21
I20260909 04:45:10.158916  1341 skeleton_planner.h:170] Found solution in: 31
I20260909 04:45:10.158926  1341 skeleton_planner.h:170] Found solution in: 1
I20260909 04:45:10.158937  1341 skeleton_planner.h:170] Found solution in: 15
I20260909 04:45:10.158979  1341 skeleton_planner.h:170] Found solution in: 50
I20260909 04:45:10.158987  1341 skeleton_planner.h:170] Found solution in: 1
I20260909 04:45:10.159000  1341 skeleton_planner.h:170] Found solution in: 15
I20260909 04:45:10.159024  1341 skeleton_planner.h:170] Found solution in: 32
I20260909 04:45:10.159034  1341 skeleton_planner.h:170] Found solution in: 1
I20260909 04:45:10.159049  1341 skeleton_planner.h:170] Found solution in: 22
I20260909 04:45:10.159080  1341 skeleton_planner.h:170] Found solution in: 43
I20260909 04:45:10.159106  1341 skeleton_planner.h:170] Found solution in: 33
I20260909 04:45:10.159113  1341 skeleton_planner.h:170] Found solution in: 1
I20260909 04:45:10.159126  1341 skeleton_planner.h:170] Found solution in: 4
I20260909 04:45:10.159135  1341 skeleton_planner.h:170] Found solution in: 1
I20260909 04:45:10.159145  1341 skeleton_planner.h:170] Found solution in: 1
I20260909 04:45:10.159153  1341 skeleton_planner.h:170] Found solution in: 1
I20260909 04:45:10.159159  1341 skeleton_planner.h:170] Found solution in: 1
I20260909 04:45:10.159200  1341 skeleton_planner.h:170] Found solution in: 3
I20260909 04:45:10.159207  1341 skeleton_planner.h:170] Found solution in: 1
I20260909 04:45:10.159224  1341 skeleton_planner.h:170] Found solution in: 4
I20260909 04:45:10.159231  1341 skeleton_planner.h:170] Found solution in: 1
I20260909 04:45:10.159242  1341 skeleton_planner.h:170] Found solution in: 1
I20260909 04:45:10.159248  1341 skeleton_planner.h:170] Found solution in: 1
I20260909 04:45:10.159255  1341 skeleton_planner.h:170] Found solution in: 5
I20260909 04:45:10.159260  1341 skeleton_planner.h:170] Found solution in: 1
I20260909 04:45:10.159267  1341 skeleton_planner.h:170] Found solution in: 1
I20260909 04:45:10.159273  1341 skeleton_planner.h:170] Found solution in: 5
I20260909 04:45:10.159287  1341 skeleton_planner.h:170] Found solution in: 1
I20260909 04:45:10.159299  1341 skeleton_planner.h:170] Found solution in: 13
I20260909 04:45:10.159307  1341 skeleton_planner.h:170] Found solution in: 1
I20260909 04:45:10.159314  1341 skeleton_planner.h:170] Found solution in: 1
I20260909 04:45:10.159323  1341 skeleton_planner.h:170] Found solution in: 1
I20260909 04:45:10.159332  1341 skeleton_planner.h:170] Found solution in: 1
I20260909 04:45:10.159336  1341 skeleton_planner.h:170] Found solution in: 3
I20260909 04:45:10.159742  1341 skeleton_planner.h:170] Found solution in: 75
I20260909 04:45:10.160015  1341 skeleton_planner.h:170] Found solution in: 14
I20260909 04:45:10.160027  1341 skeleton_planner.h:170] Found solution in: 1
I20260909 04:45:10.160225  1341 skeleton_planner.h:170] Found solution in: 94
I20260909 04:45:10.160379  1341 skeleton_planner.h:170] Found solution in: 67
I20260909 04:45:10.160650  1341 skeleton_planner.h:170] Found solution in: 17
I20260909 04:45:10.160662  1341 skeleton_planner.h:170] Found solution in: 1
I20260909 04:45:10.160666  1341 skeleton_planner.h:170] Found solution in: 2
I20260909 04:45:10.160678  1341 skeleton_planner.h:170] Found solution in: 4
I20260909 04:45:10.160693  1341 skeleton_planner.h:170] Found solution in: 1
I20260909 04:45:10.160713  1341 skeleton_planner.h:170] Found solution in: 5
I20260909 04:45:10.160723  1341 skeleton_planner.h:170] Found solution in: 1
I20260909 04:45:10.160727  1341 skeleton_planner.h:170] Found solution in: 2
I20260909 04:45:10.160733  1341 skeleton_planner.h:170] Found solution in: 1
I20260909 04:45:10.160737  1341 skeleton_planner.h:170] Found solution in: 2
I20260909 04:45:10.160763  1341 skeleton_planner.h:170] Found solution in: 7
I20260909 04:45:10.160773  1341 skeleton_planner.h:170] Found solution in: 1
I20260909 04:45:10.160781  1341 skeleton_planner.h:170] Found solution in: 1
I20260909 04:45:10.160827  1341 skeleton_planner.h:170] Found solution in: 4
I20260909 04:45:10.160838  1341 skeleton_planner.h:170] Found solution in: 1
I20260909 04:45:10.160866  1341 skeleton_planner.h:170] Found solution in: 32
I20260909 04:45:10.160873  1341 skeleton_planner.h:170] Found solution in: 1
I20260909 04:45:10.160881  1341 skeleton_planner.h:170] Found solution in: 1
I20260909 04:45:10.160884  1341 skeleton_planner.h:170] Found solution in: 2
I20260909 04:45:10.160895  1341 skeleton_planner.h:170] Found solution in: 4
I20260909 04:45:10.160902  1341 skeleton_planner.h:170] Found solution in: 1
I20260909 04:45:10.160910  1341 skeleton_planner.h:170] Found solution in: 1
I20260909 04:45:10.160917  1341 skeleton_planner.h:170] Found solution in: 1
I20260909 04:45:10.160936  1341 skeleton_planner.h:170] Found solution in: 17
I20260909 04:45:10.160953  1341 skeleton_planner.h:170] Found solution in: 13
I20260909 04:45:10.160961  1341 skeleton_planner.h:170] Found solution in: 1
I20260909 04:45:10.160964  1341 skeleton_planner.h:170] Found solution in: 2
I20260909 04:45:10.160979  1341 skeleton_planner.h:170] Found solution in: 7
I20260909 04:45:10.160986  1341 skeleton_planner.h:170] Found solution in: 1
I20260909 04:45:10.161010  1341 skeleton_planner.h:170] Found solution in: 8
I20260909 04:45:10.161018  1341 skeleton_planner.h:170] Found solution in: 1
I20260909 04:45:10.161033  1341 skeleton_planner.h:170] Found solution in: 5
I20260909 04:45:10.161043  1341 skeleton_planner.h:170] Found solution in: 1
I20260909 04:45:10.161062  1341 skeleton_planner.h:170] Found solution in: 9
I20260909 04:45:10.161072  1341 skeleton_planner.h:170] Found solution in: 1
I20260909 04:45:10.161078  1341 skeleton_planner.h:170] Found solution in: 1
I20260909 04:45:10.161084  1341 skeleton_planner.h:170] Found solution in: 1
I20260909 04:45:10.161099  1341 skeleton_planner.h:170] Found solution in: 15
I20260909 04:45:10.161106  1341 skeleton_planner.h:170] Found solution in: 7
I20260909 04:45:10.161111  1341 skeleton_planner.h:170] Found solution in: 1
I20260909 04:45:10.161118  1341 skeleton_planner.h:170] Found solution in: 7
I20260909 04:45:10.161131  1341 skeleton_planner.h:170] Found solution in: 15
I20260909 04:45:10.161141  1341 skeleton_planner.h:170] Found solution in: 1
I20260909 04:45:10.161147  1341 skeleton_planner.h:170] Found solution in: 1
I20260909 04:45:10.161155  1341 skeleton_planner.h:170] Found solution in: 1
I20260909 04:45:10.161161  1341 skeleton_planner.h:170] Found solution in: 5
I20260909 04:45:10.161175  1341 skeleton_planner.h:170] Found solution in: 1
I20260909 04:45:10.161182  1341 skeleton_planner.h:170] Found solution in: 1
I20260909 04:45:10.161191  1341 skeleton_planner.h:170] Found solution in: 1
I20260909 04:45:10.161195  1341 skeleton_planner.h:170] Found solution in: 3
I20260909 04:45:10.161209  1341 skeleton_planner.h:170] Found solution in: 4
I20260909 04:45:10.161218  1341 skeleton_planner.h:170] Found solution in: 1
I20260909 04:45:10.161223  1341 skeleton_planner.h:170] Found solution in: 5
I20260909 04:45:10.161242  1341 skeleton_planner.h:170] Found solution in: 5
I20260909 04:45:10.161249  1341 skeleton_planner.h:170] Found solution in: 1
I20260909 04:45:10.161254  1341 skeleton_planner.h:170] Found solution in: 4
I20260909 04:45:10.161267  1341 skeleton_planner.h:170] Found solution in: 5
I20260909 04:45:10.161275  1341 skeleton_planner.h:170] Found solution in: 1
I20260909 04:45:10.161298  1341 skeleton_planner.h:170] Found solution in: 8
I20260909 04:45:10.161309  1341 skeleton_planner.h:170] Found solution in: 1
I20260909 04:45:10.161315  1341 skeleton_planner.h:170] Found solution in: 1
I20260909 04:45:10.161321  1341 skeleton_planner.h:170] Found solution in: 1
I20260909 04:45:10.161325  1341 skeleton_planner.h:170] Found solution in: 2
I20260909 04:45:10.162285  1341 skeleton_planner.h:170] Found solution in: 1
I20260909 04:45:10.162290  1341 skeleton_planner.h:170] Found solution in: 2
I20260909 04:45:10.163232  1341 skeleton_planner.h:170] Found solution in: 1
I20260909 04:45:10.163237  1341 skeleton_planner.h:170] Found solution in: 3
I20260909 04:45:10.164186  1341 skeleton_planner.h:170] Found solution in: 1
I20260909 04:45:10.164191  1341 skeleton_planner.h:170] Found solution in: 3
I20260909 04:45:10.165093  1341 skeleton_planner.h:170] Found solution in: 1
I20260909 04:45:10.165098  1341 skeleton_planner.h:170] Found solution in: 2
I20260909 04:45:10.165102  1341 skeleton_planner.h:170] Found solution in: 1
I20260909 04:45:10.165105  1341 skeleton_planner.h:170] Found solution in: 2
I20260909 04:45:10.165148  1341 skeleton_planner.h:170] Found solution in: 10
I20260909 04:45:10.165158  1341 skeleton_planner.h:170] Found solution in: 1
I20260909 04:45:10.165352  1341 skeleton_planner.h:170] Found solution in: 1
I20260909 04:45:10.165359  1341 skeleton_planner.h:170] Found solution in: 7
I20260909 04:45:10.165604  1341 skeleton_planner.h:170] Found solution in: 1
I20260909 04:45:10.165856  1341 skeleton_planner.h:170] Found solution in: 9
I20260909 04:45:10.165869  1341 skeleton_planner.h:170] Found solution in: 1
I20260909 04:45:10.165877  1341 skeleton_planner.h:170] Found solution in: 7
I20260909 04:45:10.165884  1341 skeleton_planner.h:170] Found solution in: 5
I20260909 04:45:10.165889  1341 skeleton_planner.h:170] Found solution in: 1
I20260909 04:45:10.165898  1341 skeleton_planner.h:170] Found solution in: 8
I20260909 04:45:10.165904  1341 skeleton_planner.h:170] Found solution in: 5
I20260909 04:45:10.165912  1341 skeleton_planner.h:170] Found solution in: 1
I20260909 04:45:10.165923  1341 skeleton_planner.h:170] Found solution in: 12
I20260909 04:45:10.165938  1341 skeleton_planner.h:170] Found solution in: 18
I20260909 04:45:10.165948  1341 skeleton_planner.h:170] Found solution in: 1
I20260909 04:45:10.165968  1341 skeleton_planner.h:170] Found solution in: 5
I20260909 04:45:10.165977  1341 skeleton_planner.h:170] Found solution in: 1
I20260909 04:45:10.165985  1341 skeleton_planner.h:170] Found solution in: 9
I20260909 04:45:10.165992  1341 skeleton_planner.h:170] Found solution in: 1
I20260909 04:45:10.166005  1341 skeleton_planner.h:170] Found solution in: 15
I20260909 04:45:10.166018  1341 skeleton_planner.h:170] Found solution in: 13
I20260909 04:45:10.166028  1341 skeleton_planner.h:170] Found solution in: 1
I20260909 04:45:10.166030  1341 skeleton_planner.h:170] Found solution in: 2
I20260909 04:45:10.166041  1341 skeleton_planner.h:170] Found solution in: 3
I20260909 04:45:10.166049  1341 skeleton_planner.h:170] Found solution in: 1
I20260909 04:45:10.166064  1341 skeleton_planner.h:170] Found solution in: 18
I20260909 04:45:10.166071  1341 skeleton_planner.h:170] Found solution in: 1
I20260909 04:45:10.166090  1341 skeleton_planner.h:170] Found solution in: 6
I20260909 04:45:10.166100  1341 skeleton_planner.h:170] Found solution in: 1
I20260909 04:45:10.166105  1341 skeleton_planner.h:170] Found solution in: 1
I20260909 04:45:10.166122  1341 skeleton_planner.h:170] Found solution in: 17
I20260909 04:45:10.166131  1341 skeleton_planner.h:170] Found solution in: 1
I20260909 04:45:10.166143  1341 skeleton_planner.h:170] Found solution in: 4
I20260909 04:45:10.166152  1341 skeleton_planner.h:170] Found solution in: 1
I20260909 04:45:10.166159  1341 skeleton_planner.h:170] Found solution in: 7
I20260909 04:45:10.166615  1341 skeleton_planner.h:170] Found solution in: 1
I20260909 04:45:10.166622  1341 skeleton_planner.h:170] Found solution in: 3
I20260909 04:45:10.166893  1341 skeleton_planner.h:170] Found solution in: 1
I20260909 04:45:10.166898  1341 skeleton_planner.h:170] Found solution in: 3
I20260909 04:45:10.167167  1341 skeleton_planner.h:170] Found solution in: 1
I20260909 04:45:10.167179  1341 skeleton_planner.h:170] Found solution in: 3
I20260909 04:45:10.167186  1341 skeleton_planner.h:170] Found solution in: 1
I20260909 04:45:10.168066  1341 skeleton_planner.h:170] Found solution in: 1
I20260909 04:45:10.168071  1341 skeleton_planner.h:170] Found solution in: 3
I20260909 04:45:10.168075  1341 skeleton_planner.h:170] Found solution in: 3
I20260909 04:45:10.168088  1341 skeleton_planner.h:170] Found solution in: 4
I20260909 04:45:10.168094  1341 skeleton_planner.h:170] Found solution in: 1
I20260909 04:45:10.168098  1341 skeleton_planner.h:170] Found solution in: 3
I20260909 04:45:10.168286  1341 skeleton_planner.h:170] Found solution in: 7
I20260909 04:45:10.168293  1341 skeleton_planner.h:170] Found solution in: 1
I20260909 04:45:10.168457  1341 skeleton_planner.h:170] Found solution in: 1
I20260909 04:45:10.168465  1341 skeleton_planner.h:170] Found solution in: 7
I20260909 04:45:10.168473  1341 skeleton_planner.h:170] Found solution in: 1
I20260909 04:45:10.168521  1341 skeleton_planner.h:170] Found solution in: 47
I20260909 04:45:10.168531  1341 skeleton_planner.h:170] Found solution in: 1
I20260909 04:45:10.168783  1341 skeleton_planner.h:170] Found solution in: 97
I20260909 04:45:10.168957  1341 skeleton_planner.h:170] Found solution in: 48
I20260909 04:45:10.169162  1341 skeleton_planner.h:170] Found solution in: 67
I20260909 04:45:10.169175  1341 skeleton_planner.h:170] Found solution in: 7
I20260909 04:45:10.169293  1341 skeleton_planner.h:170] Found solution in: 18
I20260909 04:45:10.169303  1341 skeleton_planner.h:170] Found solution in: 1
I20260909 04:45:10.169433  1341 skeleton_planner.h:170] Found solution in: 31
I20260909 04:45:10.169446  1341 skeleton_planner.h:170] Found solution in: 1
I20260909 04:45:10.169533  1341 skeleton_planner.h:170] Found solution in: 3
I20260909 04:45:10.169539  1341 skeleton_planner.h:170] Found solution in: 1
I20260909 04:45:10.169545  1341 skeleton_planner.h:170] Found solution in: 1
I20260909 04:45:10.169550  1341 skeleton_planner.h:170] Found solution in: 1
I20260909 04:45:10.169554  1341 skeleton_planner.h:170] Found solution in: 4
I20260909 04:45:10.169560  1341 skeleton_planner.h:170] Found solution in: 6
I20260909 04:45:10.169574  1341 skeleton_planner.h:170] Found solution in: 3
I20260909 04:45:10.169580  1341 skeleton_planner.h:170] Found solution in: 1
I20260909 04:45:10.169588  1341 skeleton_planner.h:170] Found solution in: 8
I20260909 04:45:10.169593  1341 skeleton_planner.h:170] Found solution in: 1
I20260909 04:45:10.169606  1341 skeleton_planner.h:170] Found solution in: 3
I20260909 04:45:10.169615  1341 skeleton_planner.h:170] Found solution in: 1
I20260909 04:45:10.169618  1341 skeleton_planner.h:170] Found solution in: 3
I20260909 04:45:10.169795  1341 skeleton_planner.h:170] Found solution in: 78
I20260909 04:45:10.169814  1341 skeleton_planner.h:170] Found solution in: 1
I20260909 04:45:10.169912  1341 skeleton_planner.h:170] Found solution in: 5
I20260909 04:45:10.169921  1341 skeleton_planner.h:170] Found solution in: 1
I20260909 04:45:10.169925  1341 skeleton_planner.h:170] Found solution in: 3
I20260909 04:45:10.169929  1341 skeleton_planner.h:170] Found solution in: 1
I20260909 04:45:10.170015  1341 skeleton_planner.h:170] Found solution in: 4
I20260909 04:45:10.170025  1341 skeleton_planner.h:170] Found solution in: 1
I20260909 04:45:10.170051  1341 skeleton_planner.h:170] Found solution in: 31
I20260909 04:45:10.170126  1341 skeleton_planner.h:170] Found solution in: 5
I20260909 04:45:10.170136  1341 skeleton_planner.h:170] Found solution in: 1
I20260909 04:45:10.170210  1341 skeleton_planner.h:170] Found solution in: 6
I20260909 04:45:10.170219  1341 skeleton_planner.h:170] Found solution in: 1
I20260909 04:45:10.170233  1341 skeleton_planner.h:170] Found solution in: 3
I20260909 04:45:10.170246  1341 skeleton_planner.h:170] Found solution in: 1
I20260909 04:45:10.170252  1341 skeleton_planner.h:170] Found solution in: 6
I20260909 04:45:10.170416  1341 skeleton_planner.h:170] Found solution in: 1
I20260909 04:45:10.170423  1341 skeleton_planner.h:170] Found solution in: 6
I20260909 04:45:10.170428  1341 skeleton_planner.h:170] Found solution in: 1
I20260909 04:45:10.170432  1341 skeleton_planner.h:170] Found solution in: 2
I20260909 04:45:10.170447  1341 skeleton_planner.h:170] Found solution in: 5
I20260909 04:45:10.170454  1341 skeleton_planner.h:170] Found solution in: 1
I20260909 04:45:10.170457  1341 skeleton_planner.h:170] Found solution in: 2
I20260909 04:45:10.170468  1341 skeleton_planner.h:170] Found solution in: 4
I20260909 04:45:10.170473  1341 skeleton_planner.h:170] Found solution in: 1
I20260909 04:45:10.170480  1341 skeleton_planner.h:170] Found solution in: 1
I20260909 04:45:10.170485  1341 skeleton_planner.h:170] Found solution in: 3
I20260909 04:45:10.170615  1341 skeleton_planner.h:170] Found solution in: 19
I20260909 04:45:10.170624  1341 skeleton_planner.h:170] Found solution in: 1
I20260909 04:45:10.170632  1341 skeleton_planner.h:170] Found solution in: 1
I20260909 04:45:10.170646  1341 skeleton_planner.h:170] Found solution in: 5
I20260909 04:45:10.170655  1341 skeleton_planner.h:170] Found solution in: 1
I20260909 04:45:10.170698  1341 skeleton_planner.h:170] Found solution in: 3
I20260909 04:45:10.170706  1341 skeleton_planner.h:170] Found solution in: 1
I20260909 04:45:10.170769  1341 skeleton_planner.h:170] Found solution in: 16
I20260909 04:45:10.170851  1341 skeleton_planner.h:170] Found solution in: 24
I20260909 04:45:10.170864  1341 skeleton_planner.h:170] Found solution in: 10
I20260909 04:45:10.170871  1341 skeleton_planner.h:170] Found solution in: 1
I20260909 04:45:10.170909  1341 skeleton_planner.h:170] Found solution in: 16
I20260909 04:45:10.170920  1341 skeleton_planner.h:170] Found solution in: 1
I20260909 04:45:10.170926  1341 skeleton_planner.h:170] Found solution in: 6
I20260909 04:45:10.170953  1341 skeleton_planner.h:170] Found solution in: 8
I20260909 04:45:10.170962  1341 skeleton_planner.h:170] Found solution in: 1
I20260909 04:45:10.170967  1341 skeleton_planner.h:170] Found solution in: 1
I20260909 04:45:10.170984  1341 skeleton_planner.h:170] Found solution in: 18
I20260909 04:45:10.170989  1341 skeleton_planner.h:170] Found solution in: 1
I20260909 04:45:10.171028  1341 skeleton_planner.h:170] Found solution in: 3
I20260909 04:45:10.171038  1341 skeleton_planner.h:170] Found solution in: 1
I20260909 04:45:10.171062  1341 skeleton_planner.h:170] Found solution in: 5
I20260909 04:45:10.171072  1341 skeleton_planner.h:170] Found solution in: 1
I20260909 04:45:10.171079  1341 skeleton_planner.h:170] Found solution in: 7
I20260909 04:45:10.171114  1341 skeleton_planner.h:170] Found solution in: 9
I20260909 04:45:10.171123  1341 skeleton_planner.h:170] Found solution in: 1
I20260909 04:45:10.171365  1341 skeleton_planner.h:170] Found solution in: 1
I20260909 04:45:10.171370  1341 skeleton_planner.h:170] Found solution in: 3
I20260909 04:45:10.171427  1341 skeleton_planner.h:170] Found solution in: 21
I20260909 04:45:10.171602  1341 skeleton_planner.h:170] Found solution in: 90
I20260909 04:45:10.171625  1341 skeleton_planner.h:170] Found solution in: 6
I20260909 04:45:10.171633  1341 skeleton_planner.h:170] Found solution in: 1
I20260909 04:45:10.171754  1341 skeleton_planner.h:170] Found solution in: 67
I20260909 04:45:10.171968  1341 skeleton_planner.h:170] Found solution in: 10
I20260909 04:45:10.171978  1341 skeleton_planner.h:170] Found solution in: 1
I20260909 04:45:10.171983  1341 skeleton_planner.h:170] Found solution in: 3
I20260909 04:45:10.171988  1341 skeleton_planner.h:170] Found solution in: 1
I20260909 04:45:10.171993  1341 skeleton_planner.h:170] Found solution in: 3
I20260909 04:45:10.171998  1341 skeleton_planner.h:170] Found solution in: 1
I20260909 04:45:10.172005  1341 skeleton_planner.h:170] Found solution in: 1
I20260909 04:45:10.172011  1341 skeleton_planner.h:170] Found solution in: 6
I20260909 04:45:10.172017  1341 skeleton_planner.h:170] Found solution in: 6
I20260909 04:45:10.172058  1341 skeleton_planner.h:170] Found solution in: 7
I20260909 04:45:10.172068  1341 skeleton_planner.h:170] Found solution in: 1
I20260909 04:45:10.172079  1341 skeleton_planner.h:170] Found solution in: 3
I20260909 04:45:10.172087  1341 skeleton_planner.h:170] Found solution in: 1
I20260909 04:45:10.172094  1341 skeleton_planner.h:170] Found solution in: 6
I20260909 04:45:10.172104  1341 skeleton_planner.h:170] Found solution in: 1
I20260909 04:45:10.172117  1341 skeleton_planner.h:170] Found solution in: 3
I20260909 04:45:10.172123  1341 skeleton_planner.h:170] Found solution in: 1
I20260909 04:45:10.172155  1341 skeleton_planner.h:170] Found solution in: 3
I20260909 04:45:10.172166  1341 skeleton_planner.h:170] Found solution in: 1
I20260909 04:45:10.172179  1341 skeleton_planner.h:170] Found solution in: 15
I20260909 04:45:10.172185  1341 skeleton_planner.h:170] Found solution in: 1
I20260909 04:45:10.172190  1341 skeleton_planner.h:170] Found solution in: 4
I20260909 04:45:10.172195  1341 skeleton_planner.h:170] Found solution in: 1
I20260909 04:45:10.172199  1341 skeleton_planner.h:170] Found solution in: 4
I20260909 04:45:10.172207  1341 skeleton_planner.h:170] Found solution in: 1
I20260909 04:45:10.172308  1341 skeleton_planner.h:170] Found solution in: 4
I20260909 04:45:10.172317  1341 skeleton_planner.h:170] Found solution in: 1
I20260909 04:45:10.172322  1341 skeleton_planner.h:170] Found solution in: 2
I20260909 04:45:10.172331  1341 skeleton_planner.h:170] Found solution in: 3
I20260909 04:45:10.172340  1341 skeleton_planner.h:170] Found solution in: 1
I20260909 04:45:10.172348  1341 skeleton_planner.h:170] Found solution in: 1
I20260909 04:45:10.172356  1341 skeleton_planner.h:170] Found solution in: 1
I20260909 04:45:10.172360  1341 skeleton_planner.h:170] Found solution in: 3
I20260909 04:45:10.172369  1341 skeleton_planner.h:170] Found solution in: 1
I20260909 04:45:10.172381  1341 skeleton_planner.h:170] Found solution in: 1
I20260909 04:45:10.172394  1341 skeleton_planner.h:170] Found solution in: 1
I20260909 04:45:10.172403  1341 skeleton_planner.h:170] Found solution in: 1
I20260909 04:45:10.172413  1341 skeleton_planner.h:170] Found solution in: 1
I20260909 04:45:10.172417  1341 skeleton_planner.h:170] Found solution in: 3
I20260909 04:45:10.172771  1341 skeleton_planner.h:170] Found solution in: 28
I20260909 04:45:10.172783  1341 skeleton_planner.h:170] Found solution in: 1
I20260909 04:45:10.172787  1341 skeleton_planner.h:170] Found solution in: 3
I20260909 04:45:10.173024  1341 skeleton_planner.h:170] Found solution in: 22
I20260909 04:45:10.173038  1341 skeleton_planner.h:170] Found solution in: 1
I20260909 04:45:10.173046  1341 skeleton_planner.h:170] Found solution in: 1
I20260909 04:45:10.173049  1341 skeleton_planner.h:170] Found solution in: 2
I20260909 04:45:10.173059  1341 skeleton_planner.h:170] Found solution in: 3
I20260909 04:45:10.173066  1341 skeleton_planner.h:170] Found solution in: 1
I20260909 04:45:10.173079  1341 skeleton_planner.h:170] Found solution in: 4
I20260909 04:45:10.173087  1341 skeleton_planner.h:170] Found solution in: 1
I20260909 04:45:10.173091  1341 skeleton_planner.h:170] Found solution in: 1
I20260909 04:45:10.173095  1341 skeleton_planner.h:170] Found solution in: 4
I20260909 04:45:10.173110  1341 skeleton_planner.h:170] Found solution in: 5
I20260909 04:45:10.173117  1341 skeleton_planner.h:170] Found solution in: 1
I20260909 04:45:10.173123  1341 skeleton_planner.h:170] Found solution in: 1
I20260909 04:45:10.173130  1341 skeleton_planner.h:170] Found solution in: 1
I20260909 04:45:10.173137  1341 skeleton_planner.h:170] Found solution in: 1
I20260909 04:45:10.173147  1341 skeleton_planner.h:170] Found solution in: 11
I20260909 04:45:10.173192  1341 skeleton_planner.h:170] Found solution in: 49
I20260909 04:45:10.173206  1341 skeleton_planner.h:170] Found solution in: 1
I20260909 04:45:10.173218  1341 skeleton_planner.h:170] Found solution in: 1
I20260909 04:45:10.173237  1341 skeleton_planner.h:170] Found solution in: 21
I20260909 04:45:10.173316  1341 skeleton_planner.h:170] Found solution in: 95
I20260909 04:45:10.173327  1341 skeleton_planner.h:170] Found solution in: 1
I20260909 04:45:10.173369  1341 skeleton_planner.h:170] Found solution in: 47
I20260909 04:45:10.173385  1341 skeleton_planner.h:170] Found solution in: 1
I20260909 04:45:10.173413  1341 skeleton_planner.h:170] Found solution in: 9
I20260909 04:45:10.173422  1341 skeleton_planner.h:170] Found solution in: 1
I20260909 04:45:10.173429  1341 skeleton_planner.h:170] Found solution in: 1
I20260909 04:45:10.173435  1341 skeleton_planner.h:170] Found solution in: 1
I20260909 04:45:10.173440  1341 skeleton_planner.h:170] Found solution in: 5
I20260909 04:45:10.173446  1341 skeleton_planner.h:170] Found solution in: 1
I20260909 04:45:10.173451  1341 skeleton_planner.h:170] Found solution in: 4
I20260909 04:45:10.173470  1341 skeleton_planner.h:170] Found solution in: 4
I20260909 04:45:10.173477  1341 skeleton_planner.h:170] Found solution in: 1
I20260909 04:45:10.173483  1341 skeleton_planner.h:170] Found solution in: 7
I20260909 04:45:10.173516  1341 skeleton_planner.h:170] Found solution in: 9
I20260909 04:45:10.173523  1341 skeleton_planner.h:170] Found solution in: 1
I20260909 04:45:10.173581  1341 skeleton_planner.h:170] Found solution in: 19
I20260909 04:45:10.173591  1341 skeleton_planner.h:170] Found solution in: 1
I20260909 04:45:10.173595  1341 skeleton_planner.h:170] Found solution in: 2
I20260909 04:45:10.173624  1341 skeleton_planner.h:170] Found solution in: 10
I20260909 04:45:10.173632  1341 skeleton_planner.h:170] Found solution in: 1
I20260909 04:45:10.173868  1341 skeleton_planner.h:170] Found solution in: 1
I20260909 04:45:10.173872  1341 skeleton_planner.h:170] Found solution in: 2
I20260909 04:45:10.173913  1341 skeleton_planner.h:170] Found solution in: 9
I20260909 04:45:10.173921  1341 skeleton_planner.h:170] Found solution in: 1
I20260909 04:45:10.173940  1341 skeleton_planner.h:170] Found solution in: 8
I20260909 04:45:10.173951  1341 skeleton_planner.h:170] Found solution in: 1
I20260909 04:45:10.173957  1341 skeleton_planner.h:170] Found solution in: 1
I20260909 04:45:10.173980  1341 skeleton_planner.h:170] Found solution in: 24
I20260909 04:45:10.174021  1341 skeleton_planner.h:170] Found solution in: 50
I20260909 04:45:10.174031  1341 skeleton_planner.h:170] Found solution in: 1
I20260909 04:45:10.174041  1341 skeleton_planner.h:170] Found solution in: 1
I20260909 04:45:10.174046  1341 skeleton_planner.h:170] Found solution in: 1
I20260909 04:45:10.174052  1341 skeleton_planner.h:170] Found solution in: 1
I20260909 04:45:10.174064  1341 skeleton_planner.h:170] Found solution in: 13
I20260909 04:45:10.174147  1341 skeleton_planner.h:170] Found solution in: 99
I20260909 04:45:10.174160  1341 skeleton_planner.h:170] Found solution in: 1
I20260909 04:45:10.174166  1341 skeleton_planner.h:170] Found solution in: 1
I20260909 04:45:10.174170  1341 skeleton_planner.h:170] Found solution in: 2
I20260909 04:45:10.174412  1341 skeleton_planner.h:170] Found solution in: 85
I20260909 04:45:10.174431  1341 skeleton_planner.h:170] Found solution in: 1
I20260909 04:45:10.174435  1341 skeleton_planner.h:170] Found solution in: 2
I20260909 04:45:10.174675  1341 skeleton_planner.h:170] Found solution in: 85
I20260909 04:45:10.174695  1341 skeleton_planner.h:170] Found solution in: 1
I20260909 04:45:10.174957  1341 skeleton_planner.h:170] Found solution in: 1
I20260909 04:45:10.174962  1341 skeleton_planner.h:170] Found solution in: 5
I20260909 04:45:10.174973  1341 skeleton_planner.h:170] Found solution in: 9
I20260909 04:45:10.175072  1341 skeleton_planner.h:170] Found solution in: 5
I20260909 04:45:10.175082  1341 skeleton_planner.h:170] Found solution in: 1
I20260909 04:45:10.175091  1341 skeleton_planner.h:170] Found solution in: 8
I20260909 04:45:10.175102  1341 skeleton_planner.h:170] Found solution in: 1
I20260909 04:45:10.175112  1341 skeleton_planner.h:170] Found solution in: 9
I20260909 04:45:10.175119  1341 skeleton_planner.h:170] Found solution in: 1
I20260909 04:45:10.175123  1341 skeleton_planner.h:170] Found solution in: 2
I20260909 04:45:10.175139  1341 skeleton_planner.h:170] Found solution in: 4
I20260909 04:45:10.175149  1341 skeleton_planner.h:170] Found solution in: 1
I20260909 04:45:10.175154  1341 skeleton_planner.h:170] Found solution in: 4
I20260909 04:45:10.175172  1341 skeleton_planner.h:170] Found solution in: 5
I20260909 04:45:10.175180  1341 skeleton_planner.h:170] Found solution in: 1
I20260909 04:45:10.175196  1341 skeleton_planner.h:170] Found solution in: 5
I20260909 04:45:10.175205  1341 skeleton_planner.h:170] Found solution in: 1
I20260909 04:45:10.175217  1341 skeleton_planner.h:170] Found solution in: 3
I20260909 04:45:10.175225  1341 skeleton_planner.h:170] Found solution in: 1
I20260909 04:45:10.175230  1341 skeleton_planner.h:170] Found solution in: 2
I20260909 04:45:10.175241  1341 skeleton_planner.h:170] Found solution in: 4
I20260909 04:45:10.175248  1341 skeleton_planner.h:170] Found solution in: 1
I20260909 04:45:10.175266  1341 skeleton_planner.h:170] Found solution in: 5
I20260909 04:45:10.175275  1341 skeleton_planner.h:170] Found solution in: 1
I20260909 04:45:10.175282  1341 skeleton_planner.h:170] Found solution in: 1
I20260909 04:45:10.175295  1341 skeleton_planner.h:170] Found solution in: 3
I20260909 04:45:10.175302  1341 skeleton_planner.h:170] Found solution in: 1
I20260909 04:45:10.175310  1341 skeleton_planner.h:170] Found solution in: 8
I20260909 04:45:10.175354  1341 skeleton_planner.h:170] Found solution in: 3
I20260909 04:45:10.175359  1341 skeleton_planner.h:170] Found solution in: 1
I20260909 04:45:10.175366  1341 skeleton_planner.h:170] Found solution in: 6
I20260909 04:45:10.175412  1341 skeleton_planner.h:170] Found solution in: 5
I20260909 04:45:10.175419  1341 skeleton_planner.h:170] Found solution in: 1
I20260909 04:45:10.175427  1341 skeleton_planner.h:170] Found solution in: 1
I20260909 04:45:10.175436  1341 skeleton_planner.h:170] Found solution in: 4
I20260909 04:45:10.175442  1341 skeleton_planner.h:170] Found solution in: 1
I20260909 04:45:10.175448  1341 skeleton_planner.h:170] Found solution in: 5
I20260909 04:45:10.175457  1341 skeleton_planner.h:170] Found solution in: 1
I20260909 04:45:10.175479  1341 skeleton_planner.h:170] Found solution in: 8
I20260909 04:45:10.175488  1341 skeleton_planner.h:170] Found solution in: 1
I20260909 04:45:10.175509  1341 skeleton_planner.h:170] Found solution in: 4
I20260909 04:45:10.175516  1341 skeleton_planner.h:170] Found solution in: 1
I20260909 04:45:10.175530  1341 skeleton_planner.h:170] Found solution in: 4
I20260909 04:45:10.175540  1341 skeleton_planner.h:170] Found solution in: 1
I20260909 04:45:10.175556  1341 skeleton_planner.h:170] Found solution in: 4
I20260909 04:45:10.175565  1341 skeleton_planner.h:170] Found solution in: 1
I20260909 04:45:10.175575  1341 skeleton_planner.h:170] Found solution in: 3
I20260909 04:45:10.175582  1341 skeleton_planner.h:170] Found solution in: 1
I20260909 04:45:10.175596  1341 skeleton_planner.h:170] Found solution in: 3
I20260909 04:45:10.175603  1341 skeleton_planner.h:170] Found solution in: 1
I20260909 04:45:10.175606  1341 skeleton_planner.h:170] Found solution in: 2
I20260909 04:45:10.175628  1341 skeleton_planner.h:170] Found solution in: 7
I20260909 04:45:10.175637  1341 skeleton_planner.h:170] Found solution in: 1
I20260909 04:45:10.175642  1341 skeleton_planner.h:170] Found solution in: 1
I20260909 04:45:10.175648  1341 skeleton_planner.h:170] Found solution in: 1
I20260909 04:45:10.175655  1341 skeleton_planner.h:170] Found solution in: 6
I20260909 04:45:10.175662  1341 skeleton_planner.h:170] Found solution in: 7
I20260909 04:45:10.175668  1341 skeleton_planner.h:170] Found solution in: 1
I20260909 04:45:10.175683  1341 skeleton_planner.h:170] Found solution in: 17
I20260909 04:45:10.175693  1341 skeleton_planner.h:170] Found solution in: 1
I20260909 04:45:10.175700  1341 skeleton_planner.h:170] Found solution in: 1
I20260909 04:45:10.175705  1341 skeleton_planner.h:170] Found solution in: 4
I20260909 04:45:10.175714  1341 skeleton_planner.h:170] Found solution in: 1
I20260909 04:45:10.175734  1341 skeleton_planner.h:170] Found solution in: 23
I20260909 04:45:10.175742  1341 skeleton_planner.h:170] Found solution in: 1
I20260909 04:45:10.175762  1341 skeleton_planner.h:170] Found solution in: 23
I20260909 04:45:10.175770  1341 skeleton_planner.h:170] Found solution in: 1
I20260909 04:45:10.175777  1341 skeleton_planner.h:170] Found solution in: 6
I20260909 04:45:10.175783  1341 skeleton_planner.h:170] Found solution in: 1
I20260909 04:45:10.175789  1341 skeleton_planner.h:170] Found solution in: 5
I20260909 04:45:10.175796  1341 skeleton_planner.h:170] Found solution in: 1
I20260909 04:45:10.175801  1341 skeleton_planner.h:170] Found solution in: 1
I20260909 04:45:10.175884  1341 skeleton_planner.h:170] Found solution in: 54
I20260909 04:45:10.175897  1341 skeleton_planner.h:170] Found solution in: 1
I20260909 04:45:10.175902  1341 skeleton_planner.h:170] Found solution in: 3
I20260909 04:45:10.175907  1341 skeleton_planner.h:170] Found solution in: 4
I20260909 04:45:10.175917  1341 skeleton_planner.h:170] Found solution in: 11
I20260909 04:45:10.175925  1341 skeleton_planner.h:170] Found solution in: 1
I20260909 04:45:10.175940  1341 skeleton_planner.h:170] Found solution in: 3
I20260909 04:45:10.175947  1341 skeleton_planner.h:170] Found solution in: 1
I20260909 04:45:10.175952  1341 skeleton_planner.h:170] Found solution in: 1
I20260909 04:45:10.175956  1341 skeleton_planner.h:170] Found solution in: 4
I20260909 04:45:10.175961  1341 skeleton_planner.h:170] Found solution in: 4
I20260909 04:45:10.175968  1341 skeleton_planner.h:170] Found solution in: 1
I20260909 04:45:10.175971  1341 skeleton_planner.h:170] Found solution in: 2
I20260909 04:45:10.175976  1341 skeleton_planner.h:170] Found solution in: 1
I20260909 04:45:10.175979  1341 skeleton_planner.h:170] Found solution in: 1
I20260909 04:45:10.175983  1341 skeleton_planner.h:170] Found solution in: 2
I20260909 04:45:10.175992  1341 skeleton_planner.h:170] Found solution in: 1
I20260909 04:45:10.176004  1341 skeleton_planner.h:170] Found solution in: 3
I20260909 04:45:10.176015  1341 skeleton_planner.h:170] Found solution in: 1
I20260909 04:45:10.176044  1341 skeleton_planner.h:170] Found solution in: 7
I20260909 04:45:10.176054  1341 skeleton_planner.h:170] Found solution in: 1
I20260909 04:45:10.176059  1341 skeleton_planner.h:170] Found solution in: 3
I20260909 04:45:10.176067  1341 skeleton_planner.h:170] Found solution in: 1
I20260909 04:45:10.176071  1341 skeleton_planner.h:170] Found solution in: 3
I20260909 04:45:10.176080  1341 skeleton_planner.h:170] Found solution in: 10
I20260909 04:45:10.176132  1341 skeleton_planner.h:170] Found solution in: 61
I20260909 04:45:10.176141  1341 skeleton_planner.h:170] Found solution in: 1
I20260909 04:45:10.176146  1341 skeleton_planner.h:170] Found solution in: 3
I20260909 04:45:10.176196  1341 skeleton_planner.h:170] Found solution in: 61
I20260909 04:45:10.176208  1341 skeleton_planner.h:170] Found solution in: 10
I20260909 04:45:10.176214  1341 skeleton_planner.h:170] Found solution in: 1
I20260909 04:45:10.176242  1341 skeleton_planner.h:170] Found solution in: 37
I20260909 04:45:10.176270  1341 skeleton_planner.h:170] Found solution in: 35
I20260909 04:45:10.176276  1341 skeleton_planner.h:170] Found solution in: 1
I20260909 04:45:10.176303  1341 skeleton_planner.h:170] Found solution in: 35
I20260909 04:45:10.176316  1341 skeleton_planner.h:170] Found solution in: 1
I20260909 04:45:10.176324  1341 skeleton_planner.h:170] Found solution in: 8
I20260909 04:45:10.176331  1341 skeleton_planner.h:170] Found solution in: 8
I20260909 04:45:10.176393  1341 skeleton_planner.h:170] Found solution in: 74
I20260909 04:45:10.176404  1341 skeleton_planner.h:170] Found solution in: 1
I20260909 04:45:10.176415  1341 skeleton_planner.h:170] Found solution in: 1
I20260909 04:45:10.176421  1341 skeleton_planner.h:170] Found solution in: 6
I20260909 04:45:10.176429  1341 skeleton_planner.h:170] Found solution in: 6
I20260909 04:45:10.176435  1341 skeleton_planner.h:170] Found solution in: 1
I20260909 04:45:10.176442  1341 skeleton_planner.h:170] Found solution in: 1
I20260909 04:45:10.176446  1341 skeleton_planner.h:170] Found solution in: 3
I20260909 04:45:10.176452  1341 skeleton_planner.h:170] Found solution in: 6
I20260909 04:45:10.176481  1341 skeleton_planner.h:170] Found solution in: 7
I20260909 04:45:10.176491  1341 skeleton_planner.h:170] Found solution in: 1
I20260909 04:45:10.176496  1341 skeleton_planner.h:170] Found solution in: 6
I20260909 04:45:10.176503  1341 skeleton_planner.h:170] Found solution in: 1
I20260909 04:45:10.176524  1341 skeleton_planner.h:170] Found solution in: 8
I20260909 04:45:10.176532  1341 skeleton_planner.h:170] Found solution in: 1
I20260909 04:45:10.176538  1341 skeleton_planner.h:170] Found solution in: 1
I20260909 04:45:10.176570  1341 skeleton_planner.h:170] Found solution in: 17
I20260909 04:45:10.176582  1341 skeleton_planner.h:170] Found solution in: 1
I20260909 04:45:10.176597  1341 skeleton_planner.h:170] Found solution in: 5
I20260909 04:45:10.176606  1341 skeleton_planner.h:170] Found solution in: 1
I20260909 04:45:10.176693  1341 skeleton_planner.h:170] Found solution in: 3
I20260909 04:45:10.176702  1341 skeleton_planner.h:170] Found solution in: 1
I20260909 04:45:10.176707  1341 skeleton_planner.h:170] Found solution in: 1
I20260909 04:45:10.176713  1341 skeleton_planner.h:170] Found solution in: 1
I20260909 04:45:10.176728  1341 skeleton_planner.h:170] Found solution in: 15
I20260909 04:45:10.176733  1341 skeleton_planner.h:170] Found solution in: 1
I20260909 04:45:10.176748  1341 skeleton_planner.h:170] Found solution in: 7
I20260909 04:45:10.176759  1341 skeleton_planner.h:170] Found solution in: 1
I20260909 04:45:10.176764  1341 skeleton_planner.h:170] Found solution in: 2
I20260909 04:45:10.176775  1341 skeleton_planner.h:170] Found solution in: 5
I20260909 04:45:10.176784  1341 skeleton_planner.h:170] Found solution in: 1
I20260909 04:45:10.176798  1341 skeleton_planner.h:170] Found solution in: 6
I20260909 04:45:10.176805  1341 skeleton_planner.h:170] Found solution in: 1
I20260909 04:45:10.176921  1341 skeleton_planner.h:170] Found solution in: 74
I20260909 04:45:10.176934  1341 skeleton_planner.h:170] Found solution in: 1
I20260909 04:45:10.176937  1341 skeleton_planner.h:170] Found solution in: 2
I20260909 04:45:10.176944  1341 skeleton_planner.h:170] Found solution in: 1
I20260909 04:45:10.176949  1341 skeleton_planner.h:170] Found solution in: 2
I20260909 04:45:10.176972  1341 skeleton_planner.h:170] Found solution in: 7
I20260909 04:45:10.176982  1341 skeleton_planner.h:170] Found solution in: 1
I20260909 04:45:10.176987  1341 skeleton_planner.h:170] Found solution in: 5
I20260909 04:45:10.176994  1341 skeleton_planner.h:170] Found solution in: 6
I20260909 04:45:10.177004  1341 skeleton_planner.h:170] Found solution in: 1
I20260909 04:45:10.177024  1341 skeleton_planner.h:170] Found solution in: 5
I20260909 04:45:10.177032  1341 skeleton_planner.h:170] Found solution in: 1
I20260909 04:45:10.177037  1341 skeleton_planner.h:170] Found solution in: 1
I20260909 04:45:10.177045  1341 skeleton_planner.h:170] Found solution in: 1
I20260909 04:45:10.177053  1341 skeleton_planner.h:170] Found solution in: 7
I20260909 04:45:10.177063  1341 skeleton_planner.h:170] Found solution in: 1
I20260909 04:45:10.177165  1341 skeleton_planner.h:170] Found solution in: 5
I20260909 04:45:10.177175  1341 skeleton_planner.h:170] Found solution in: 1
I20260909 04:45:10.177181  1341 skeleton_planner.h:170] Found solution in: 1
I20260909 04:45:10.177188  1341 skeleton_planner.h:170] Found solution in: 1
I20260909 04:45:10.177194  1341 skeleton_planner.h:170] Found solution in: 1
I20260909 04:45:10.177198  1341 skeleton_planner.h:170] Found solution in: 2
I20260909 04:45:10.177320  1341 skeleton_planner.h:170] Found solution in: 77
I20260909 04:45:10.177332  1341 skeleton_planner.h:170] Found solution in: 1
I20260909 04:45:10.177336  1341 skeleton_planner.h:170] Found solution in: 2
I20260909 04:45:10.177479  1341 skeleton_planner.h:170] Found solution in: 95
I20260909 04:45:10.177493  1341 skeleton_planner.h:170] Found solution in: 1
I20260909 04:45:10.177500  1341 skeleton_planner.h:170] Found solution in: 7
I20260909 04:45:10.177507  1341 skeleton_planner.h:170] Found solution in: 1
I20260909 04:45:10.177510  1341 skeleton_planner.h:170] Found solution in: 2
I20260909 04:45:10.177522  1341 skeleton_planner.h:170] Found solution in: 4
I20260909 04:45:10.177531  1341 skeleton_planner.h:170] Found solution in: 1
I20260909 04:45:10.177556  1341 skeleton_planner.h:170] Found solution in: 6
I20260909 04:45:10.177567  1341 skeleton_planner.h:170] Found solution in: 1
I20260909 04:45:10.177587  1341 skeleton_planner.h:170] Found solution in: 7
I20260909 04:45:10.177594  1341 skeleton_planner.h:170] Found solution in: 1
I20260909 04:45:10.177599  1341 skeleton_planner.h:170] Found solution in: 4
I20260909 04:45:10.177604  1341 skeleton_planner.h:170] Found solution in: 1
I20260909 04:45:10.177609  1341 skeleton_planner.h:170] Found solution in: 4
I20260909 04:45:10.177618  1341 skeleton_planner.h:170] Found solution in: 1
I20260909 04:45:10.177716  1341 skeleton_planner.h:170] Found solution in: 3
I20260909 04:45:10.177728  1341 skeleton_planner.h:170] Found solution in: 1
I20260909 04:45:10.177738  1341 skeleton_planner.h:170] Found solution in: 10
I20260909 04:45:10.177745  1341 skeleton_planner.h:170] Found solution in: 1
I20260909 04:45:10.177753  1341 skeleton_planner.h:170] Found solution in: 6
I20260909 04:45:10.177758  1341 skeleton_planner.h:170] Found solution in: 1
I20260909 04:45:10.177767  1341 skeleton_planner.h:170] Found solution in: 7
I20260909 04:45:10.177774  1341 skeleton_planner.h:170] Found solution in: 5
I20260909 04:45:10.177783  1341 skeleton_planner.h:170] Found solution in: 1
I20260909 04:45:10.177881  1341 skeleton_planner.h:170] Found solution in: 4
I20260909 04:45:10.177891  1341 skeleton_planner.h:170] Found solution in: 1
I20260909 04:45:10.177899  1341 skeleton_planner.h:170] Found solution in: 1
I20260909 04:45:10.177996  1341 skeleton_planner.h:170] Found solution in: 5
I20260909 04:45:10.178005  1341 skeleton_planner.h:170] Found solution in: 1
I20260909 04:45:10.178020  1341 skeleton_planner.h:170] Found solution in: 17
I20260909 04:45:10.178028  1341 skeleton_planner.h:170] Found solution in: 1
I20260909 04:45:10.178035  1341 skeleton_planner.h:170] Found solution in: 1
I20260909 04:45:10.178118  1341 skeleton_planner.h:170] Found solution in: 3
I20260909 04:45:10.178126  1341 skeleton_planner.h:170] Found solution in: 1
I20260909 04:45:10.178130  1341 skeleton_planner.h:170] Found solution in: 3
I20260909 04:45:10.178149  1341 skeleton_planner.h:170] Found solution in: 5
I20260909 04:45:10.178157  1341 skeleton_planner.h:170] Found solution in: 1
I20260909 04:45:10.178167  1341 skeleton_planner.h:170] Found solution in: 1
I20260909 04:45:10.178185  1341 skeleton_planner.h:170] Found solution in: 5
I20260909 04:45:10.178195  1341 skeleton_planner.h:170] Found solution in: 1
I20260909 04:45:10.178205  1341 skeleton_planner.h:170] Found solution in: 11
I20260909 04:45:10.178216  1341 skeleton_planner.h:170] Found solution in: 1
I20260909 04:45:10.178223  1341 skeleton_planner.h:170] Found solution in: 1
I20260909 04:45:10.178231  1341 skeleton_planner.h:170] Found solution in: 1
I20260909 04:45:10.178239  1341 skeleton_planner.h:170] Found solution in: 10
I20260909 04:45:10.178328  1341 skeleton_planner.h:170] Found solution in: 4
I20260909 04:45:10.178337  1341 skeleton_planner.h:170] Found solution in: 1
I20260909 04:45:10.178349  1341 skeleton_planner.h:170] Found solution in: 3
I20260909 04:45:10.178356  1341 skeleton_planner.h:170] Found solution in: 1
I20260909 04:45:10.178362  1341 skeleton_planner.h:170] Found solution in: 1
I20260909 04:45:10.178368  1341 skeleton_planner.h:170] Found solution in: 1
I20260909 04:45:10.178376  1341 skeleton_planner.h:170] Found solution in: 6
I20260909 04:45:10.178464  1341 skeleton_planner.h:170] Found solution in: 5
I20260909 04:45:10.178478  1341 skeleton_planner.h:170] Found solution in: 1
I20260909 04:45:10.178496  1341 skeleton_planner.h:170] Found solution in: 6
I20260909 04:45:10.178504  1341 skeleton_planner.h:170] Found solution in: 1
I20260909 04:45:10.178511  1341 skeleton_planner.h:170] Found solution in: 6
I20260909 04:45:10.178519  1341 skeleton_planner.h:170] Found solution in: 1
I20260909 04:45:10.178524  1341 skeleton_planner.h:170] Found solution in: 3
I20260909 04:45:10.178529  1341 skeleton_planner.h:170] Found solution in: 4
I20260909 04:45:10.178539  1341 skeleton_planner.h:170] Found solution in: 11
I20260909 04:45:10.178546  1341 skeleton_planner.h:170] Found solution in: 1
I20260909 04:45:10.178561  1341 skeleton_planner.h:170] Found solution in: 3
I20260909 04:45:10.178568  1341 skeleton_planner.h:170] Found solution in: 1
I20260909 04:45:10.178574  1341 skeleton_planner.h:170] Found solution in: 5
I20260909 04:45:10.178599  1341 skeleton_planner.h:170] Found solution in: 6
I20260909 04:45:10.178608  1341 skeleton_planner.h:170] Found solution in: 1
I20260909 04:45:10.178617  1341 skeleton_planner.h:170] Found solution in: 1
I20260909 04:45:10.178645  1341 skeleton_planner.h:170] Found solution in: 9
I20260909 04:45:10.178658  1341 skeleton_planner.h:170] Found solution in: 1
I20260909 04:45:10.178668  1341 skeleton_planner.h:170] Found solution in: 3
I20260909 04:45:10.178676  1341 skeleton_planner.h:170] Found solution in: 1
I20260909 04:45:10.178682  1341 skeleton_planner.h:170] Found solution in: 5
I20260909 04:45:10.178702  1341 skeleton_planner.h:170] Found solution in: 5
I20260909 04:45:10.178714  1341 skeleton_planner.h:170] Found solution in: 1
I20260909 04:45:10.178723  1341 skeleton_planner.h:170] Found solution in: 1
I20260909 04:45:10.178730  1341 skeleton_planner.h:170] Found solution in: 1
I20260909 04:45:10.178743  1341 skeleton_planner.h:170] Found solution in: 14
I20260909 04:45:10.178750  1341 skeleton_planner.h:170] Found solution in: 1
I20260909 04:45:10.178771  1341 skeleton_planner.h:170] Found solution in: 21
I20260909 04:45:10.178781  1341 skeleton_planner.h:170] Found solution in: 1
I20260909 04:45:10.178814  1341 skeleton_planner.h:170] Found solution in: 8
I20260909 04:45:10.178828  1341 skeleton_planner.h:170] Found solution in: 1
I20260909 04:45:10.178831  1341 skeleton_planner.h:170] Found solution in: 2
I20260909 04:45:10.178843  1341 skeleton_planner.h:170] Found solution in: 4
I20260909 04:45:10.178855  1341 skeleton_planner.h:170] Found solution in: 1
I20260909 04:45:10.178939  1341 skeleton_planner.h:170] Found solution in: 5
I20260909 04:45:10.178948  1341 skeleton_planner.h:170] Found solution in: 1
I20260909 04:45:10.178968  1341 skeleton_planner.h:170] Found solution in: 5
I20260909 04:45:10.178978  1341 skeleton_planner.h:170] Found solution in: 1
I20260909 04:45:10.179031  1341 skeleton_planner.h:170] Found solution in: 72
I20260909 04:45:10.179062  1341 skeleton_planner.h:170] Found solution in: 41
I20260909 04:45:10.179073  1341 skeleton_planner.h:170] Found solution in: 1
I20260909 04:45:10.179077  1341 skeleton_planner.h:170] Found solution in: 3
I20260909 04:45:10.179085  1341 skeleton_planner.h:170] Found solution in: 1
I20260909 04:45:10.179090  1341 skeleton_planner.h:170] Found solution in: 3
I20260909 04:45:10.179097  1341 skeleton_planner.h:170] Found solution in: 3
I20260909 04:45:10.179109  1341 skeleton_planner.h:170] Found solution in: 3
I20260909 04:45:10.179121  1341 skeleton_planner.h:170] Found solution in: 3
I20260909 04:45:10.179131  1341 skeleton_planner.h:170] Found solution in: 3
I20260909 04:45:10.179148  1341 skeleton_planner.h:170] Found solution in: 4
I20260909 04:45:10.179162  1341 skeleton_planner.h:170] Found solution in: 5
I20260909 04:45:10.179173  1341 skeleton_planner.h:170] Found solution in: 4
I20260909 04:45:10.179177  1341 skeleton_planner.h:170] Found solution in: 1
I20260909 04:45:10.179217  1341 skeleton_planner.h:170] Found solution in: 19
I20260909 04:45:10.179239  1341 skeleton_planner.h:170] Found solution in: 5
I20260909 04:45:10.179251  1341 skeleton_planner.h:170] Found solution in: 3
I20260909 04:45:10.179263  1341 skeleton_planner.h:170] Found solution in: 4
I20260909 04:45:10.179280  1341 skeleton_planner.h:170] Found solution in: 5
I20260909 04:45:10.179299  1341 skeleton_planner.h:170] Found solution in: 5
I20260909 04:45:10.179312  1341 skeleton_planner.h:170] Found solution in: 3
I20260909 04:45:10.179323  1341 skeleton_planner.h:170] Found solution in: 4
I20260909 04:45:10.179342  1341 skeleton_planner.h:170] Found solution in: 5
I20260909 04:45:10.179368  1341 skeleton_planner.h:170] Found solution in: 8
I20260909 04:45:10.179390  1341 skeleton_planner.h:170] Found solution in: 7
I20260909 04:45:10.179405  1341 skeleton_planner.h:170] Found solution in: 5
I20260909 04:45:10.179418  1341 skeleton_planner.h:170] Found solution in: 4
I20260909 04:45:10.179431  1341 skeleton_planner.h:170] Found solution in: 4
I20260909 04:45:10.179447  1341 skeleton_planner.h:170] Found solution in: 6
I20260909 04:45:10.179461  1341 skeleton_planner.h:170] Found solution in: 5
I20260909 04:45:10.179483  1341 skeleton_planner.h:170] Found solution in: 8
I20260909 04:45:10.179503  1341 skeleton_planner.h:170] Found solution in: 6
I20260909 04:45:10.179517  1341 skeleton_planner.h:170] Found solution in: 4
I20260909 04:45:10.179527  1341 skeleton_planner.h:170] Found solution in: 3
I20260909 04:45:10.179538  1341 skeleton_planner.h:170] Found solution in: 4
I20260909 04:45:10.179553  1341 skeleton_planner.h:170] Found solution in: 5
I20260909 04:45:10.179566  1341 skeleton_planner.h:170] Found solution in: 3
I20260909 04:45:10.179577  1341 skeleton_planner.h:170] Found solution in: 3
I20260909 04:45:10.179589  1341 skeleton_planner.h:170] Found solution in: 3
I20260909 04:45:10.179602  1341 skeleton_planner.h:170] Found solution in: 5
I20260909 04:45:10.179620  1341 skeleton_planner.h:170] Found solution in: 6
I20260909 04:45:10.179629  1341 skeleton_planner.h:170] Found solution in: 3
I20260909 04:45:10.179638  1341 skeleton_planner.h:170] Found solution in: 3
I20260909 04:45:10.179653  1341 skeleton_planner.h:170] Found solution in: 5
I20260909 04:45:10.179665  1341 skeleton_planner.h:170] Found solution in: 4
I20260909 04:45:10.179682  1341 skeleton_planner.h:170] Found solution in: 5
I20260909 04:45:10.179692  1341 skeleton_planner.h:170] Found solution in: 2
I20260909 04:45:10.179704  1341 skeleton_planner.h:170] Found solution in: 4
I20260909 04:45:10.179720  1341 skeleton_planner.h:170] Found solution in: 4
I20260909 04:45:10.179738  1341 skeleton_planner.h:170] Found solution in: 5
I20260909 04:45:10.179749  1341 skeleton_planner.h:170] Found solution in: 3
I20260909 04:45:10.179764  1341 skeleton_planner.h:170] Found solution in: 4
I20260909 04:45:10.179781  1341 skeleton_planner.h:170] Found solution in: 5
I20260909 04:45:10.179793  1341 skeleton_planner.h:170] Found solution in: 3
I20260909 04:45:10.179805  1341 skeleton_planner.h:170] Found solution in: 4
I20260909 04:45:10.179821  1341 skeleton_planner.h:170] Found solution in: 5
I20260909 04:45:10.179832  1341 skeleton_planner.h:170] Found solution in: 4
I20260909 04:45:10.179845  1341 skeleton_planner.h:170] Found solution in: 4
I20260909 04:45:10.179855  1341 skeleton_planner.h:170] Found solution in: 3
I20260909 04:45:10.179863  1341 skeleton_planner.h:170] Found solution in: 3
I20260909 04:45:10.179872  1341 skeleton_planner.h:170] Found solution in: 2
I20260909 04:45:10.179883  1341 skeleton_planner.h:170] Found solution in: 5
I20260909 04:45:10.179900  1341 skeleton_planner.h:170] Found solution in: 5
I20260909 04:45:10.179905  1341 skeleton_planner.h:170] Found solution in: 1
I20260909 04:45:10.179915  1341 skeleton_planner.h:170] Found solution in: 3
I20260909 04:45:10.179926  1341 skeleton_planner.h:170] Found solution in: 3
I20260909 04:45:10.179939  1341 skeleton_planner.h:170] Found solution in: 5
I20260909 04:45:10.179950  1341 skeleton_planner.h:170] Found solution in: 3
I20260909 04:45:10.179962  1341 skeleton_planner.h:170] Found solution in: 4
I20260909 04:45:10.179971  1341 skeleton_planner.h:170] Found solution in: 3
I20260909 04:45:10.179986  1341 skeleton_planner.h:170] Found solution in: 6
I20260909 04:45:10.180001  1341 skeleton_planner.h:170] Found solution in: 6
I20260909 04:45:10.180022  1341 skeleton_planner.h:170] Found solution in: 7
I20260909 04:45:10.180030  1341 skeleton_planner.h:170] Found solution in: 2
I20260909 04:45:10.180047  1341 skeleton_planner.h:170] Found solution in: 4
I20260909 04:45:10.180056  1341 skeleton_planner.h:170] Found solution in: 3
I20260909 04:45:10.180068  1341 skeleton_planner.h:170] Found solution in: 3
I20260909 04:45:10.180079  1341 skeleton_planner.h:170] Found solution in: 4
I20260909 04:45:10.180089  1341 skeleton_planner.h:170] Found solution in: 3
I20260909 04:45:10.180094  1341 skeleton_planner.h:170] Found solution in: 1
I20260909 04:45:10.180105  1341 skeleton_planner.h:170] Found solution in: 4
I20260909 04:45:10.180121  1341 skeleton_planner.h:170] Found solution in: 4
I20260909 04:45:10.180138  1341 skeleton_planner.h:170] Found solution in: 5
I20260909 04:45:10.180150  1341 skeleton_planner.h:170] Found solution in: 3
I20260909 04:45:10.180161  1341 skeleton_planner.h:170] Found solution in: 4
I20260909 04:45:10.180173  1341 skeleton_planner.h:170] Found solution in: 4
I20260909 04:45:10.180181  1341 skeleton_planner.h:170] Found solution in: 2
I20260909 04:45:10.180203  1341 skeleton_planner.h:170] Found solution in: 9
I20260909 04:45:10.180224  1341 skeleton_planner.h:170] Found solution in: 7
I20260909 04:45:10.180234  1341 skeleton_planner.h:170] Found solution in: 2
I20260909 04:45:10.180246  1341 skeleton_planner.h:170] Found solution in: 4
I20260909 04:45:10.180260  1341 skeleton_planner.h:170] Found solution in: 5
I20260909 04:45:10.180272  1341 skeleton_planner.h:170] Found solution in: 3
I20260909 04:45:10.180284  1341 skeleton_planner.h:170] Found solution in: 3
I20260909 04:45:10.180298  1341 skeleton_planner.h:170] Found solution in: 5
I20260909 04:45:10.180310  1341 skeleton_planner.h:170] Found solution in: 3
I20260909 04:45:10.180335  1341 skeleton_planner.h:170] Found solution in: 8
I20260909 04:45:10.180348  1341 skeleton_planner.h:170] Found solution in: 4
I20260909 04:45:10.180361  1341 skeleton_planner.h:170] Found solution in: 4
I20260909 04:45:10.180368  1341 skeleton_planner.h:170] Found solution in: 2
I20260909 04:45:10.180389  1341 skeleton_planner.h:170] Found solution in: 7
I20260909 04:45:10.180406  1341 skeleton_planner.h:170] Found solution in: 5
I20260909 04:45:10.180428  1341 skeleton_planner.h:170] Found solution in: 6
I20260909 04:45:10.180447  1341 skeleton_planner.h:170] Found solution in: 6
I20260909 04:45:10.180476  1341 skeleton_planner.h:170] Found solution in: 11
I20260909 04:45:10.180491  1341 skeleton_planner.h:170] Found solution in: 5
I20260909 04:45:10.180501  1341 skeleton_planner.h:170] Found solution in: 3
I20260909 04:45:10.180521  1341 skeleton_planner.h:170] Found solution in: 6
I20260909 04:45:10.180531  1341 skeleton_planner.h:170] Found solution in: 3
I20260909 04:45:10.180541  1341 skeleton_planner.h:170] Found solution in: 3
I20260909 04:45:10.180550  1341 skeleton_planner.h:170] Found solution in: 3
I20260909 04:45:10.180563  1341 skeleton_planner.h:170] Found solution in: 5
I20260909 04:45:10.180583  1341 skeleton_planner.h:170] Found solution in: 5
I20260909 04:45:10.180600  1341 skeleton_planner.h:170] Found solution in: 7
I20260909 04:45:10.180614  1341 skeleton_planner.h:170] Found solution in: 5
I20260909 04:45:10.180629  1341 skeleton_planner.h:170] Found solution in: 4
I20260909 04:45:10.180640  1341 skeleton_planner.h:170] Found solution in: 3
I20260909 04:45:10.180657  1341 skeleton_planner.h:170] Found solution in: 6
I20260909 04:45:10.180672  1341 skeleton_planner.h:170] Found solution in: 5
I20260909 04:45:10.180691  1341 skeleton_planner.h:170] Found solution in: 6
I20260909 04:45:10.180706  1341 skeleton_planner.h:170] Found solution in: 5
I20260909 04:45:10.180716  1341 skeleton_planner.h:170] Found solution in: 3
I20260909 04:45:10.180728  1341 skeleton_planner.h:170] Found solution in: 4
I20260909 04:45:10.180739  1341 skeleton_planner.h:170] Found solution in: 3
I20260909 04:45:10.180755  1341 skeleton_planner.h:170] Found solution in: 6
I20260909 04:45:10.180766  1341 skeleton_planner.h:170] Found solution in: 3
I20260909 04:45:10.180776  1341 skeleton_planner.h:170] Found solution in: 3
I20260909 04:45:10.180804  1341 skeleton_planner.h:170] Found solution in: 11
I20260909 04:45:10.180827  1341 skeleton_planner.h:170] Found solution in: 7
I20260909 04:45:10.180840  1341 skeleton_planner.h:170] Found solution in: 3
I20260909 04:45:10.180859  1341 skeleton_planner.h:170] Found solution in: 6
I20260909 04:45:10.180871  1341 skeleton_planner.h:170] Found solution in: 3
I20260909 04:45:10.180882  1341 skeleton_planner.h:170] Found solution in: 4
I20260909 04:45:10.180891  1341 skeleton_planner.h:170] Found solution in: 3
I20260909 04:45:10.180903  1341 skeleton_planner.h:170] Found solution in: 4
I20260909 04:45:10.180913  1341 skeleton_planner.h:170] Found solution in: 3
I20260909 04:45:10.180922  1341 skeleton_planner.h:170] Found solution in: 2
I20260909 04:45:10.180933  1341 skeleton_planner.h:170] Found solution in: 4
I20260909 04:45:10.180951  1341 skeleton_planner.h:170] Found solution in: 6
I20260909 04:45:10.180971  1341 skeleton_planner.h:170] Found solution in: 6
I20260909 04:45:10.180982  1341 skeleton_planner.h:170] Found solution in: 3
I20260909 04:45:10.180998  1341 skeleton_planner.h:170] Found solution in: 4
I20260909 04:45:10.181016  1341 skeleton_planner.h:170] Found solution in: 5
I20260909 04:45:10.181035  1341 skeleton_planner.h:170] Found solution in: 5
I20260909 04:45:10.181056  1341 skeleton_planner.h:170] Found solution in: 5
I20260909 04:45:10.181066  1341 skeleton_planner.h:170] Found solution in: 3
I20260909 04:45:10.181075  1341 skeleton_planner.h:170] Found solution in: 3
I20260909 04:45:10.181093  1341 skeleton_planner.h:170] Found solution in: 4
I20260909 04:45:10.181104  1341 skeleton_planner.h:170] Found solution in: 3
I20260909 04:45:10.181114  1341 skeleton_planner.h:170] Found solution in: 3
I20260909 04:45:10.181123  1341 skeleton_planner.h:170] Found solution in: 4
I20260909 04:45:10.181136  1341 skeleton_planner.h:170] Found solution in: 5
I20260909 04:45:10.181147  1341 skeleton_planner.h:170] Found solution in: 3
I20260909 04:45:10.181169  1341 skeleton_planner.h:170] Found solution in: 7
I20260909 04:45:10.181191  1341 skeleton_planner.h:170] Found solution in: 8
I20260909 04:45:10.181205  1341 skeleton_planner.h:170] Found solution in: 4
I20260909 04:45:10.181223  1341 skeleton_planner.h:170] Found solution in: 6
I20260909 04:45:10.181234  1341 skeleton_planner.h:170] Found solution in: 3
I20260909 04:45:10.181246  1341 skeleton_planner.h:170] Found solution in: 4
I20260909 04:45:10.181265  1341 skeleton_planner.h:170] Found solution in: 5
I20260909 04:45:10.181279  1341 skeleton_planner.h:170] Found solution in: 5
I20260909 04:45:10.181290  1341 skeleton_planner.h:170] Found solution in: 3
I20260909 04:45:10.181301  1341 skeleton_planner.h:170] Found solution in: 3
I20260909 04:45:10.181317  1341 skeleton_planner.h:170] Found solution in: 5
I20260909 04:45:10.181336  1341 skeleton_planner.h:170] Found solution in: 5
I20260909 04:45:10.181358  1341 skeleton_planner.h:170] Found solution in: 7
I20260909 04:45:10.181375  1341 skeleton_planner.h:170] Found solution in: 5
I20260909 04:45:10.181389  1341 skeleton_planner.h:170] Found solution in: 7
I20260909 04:45:10.181398  1341 skeleton_planner.h:170] Found solution in: 3
I20260909 04:45:10.181411  1341 skeleton_planner.h:170] Found solution in: 5
I20260909 04:45:10.181428  1341 skeleton_planner.h:170] Found solution in: 5
I20260909 04:45:10.181440  1341 skeleton_planner.h:170] Found solution in: 3
I20260909 04:45:10.181457  1341 skeleton_planner.h:170] Found solution in: 6
I20260909 04:45:10.181474  1341 skeleton_planner.h:170] Found solution in: 4
I20260909 04:45:10.181485  1341 skeleton_planner.h:170] Found solution in: 3
I20260909 04:45:10.181500  1341 skeleton_planner.h:170] Found solution in: 5
I20260909 04:45:10.181512  1341 skeleton_planner.h:170] Found solution in: 4
I20260909 04:45:10.181533  1341 skeleton_planner.h:170] Found solution in: 8
I20260909 04:45:10.181547  1341 skeleton_planner.h:170] Found solution in: 4
I20260909 04:45:10.181577  1341 skeleton_planner.h:170] Found solution in: 13
I20260909 04:45:10.181592  1341 skeleton_planner.h:170] Found solution in: 5
I20260909 04:45:10.181602  1341 skeleton_planner.h:170] Found solution in: 3
I20260909 04:45:10.181649  1341 skeleton_planner.h:170] Found solution in: 22
I20260909 04:45:10.181702  1341 skeleton_planner.h:170] Found solution in: 23
I20260909 04:45:10.181777  1341 skeleton_planner.h:170] Found solution in: 31
I20260909 04:45:10.181792  1341 skeleton_planner.h:170] Found solution in: 3
I20260909 04:45:10.181820  1341 skeleton_planner.h:170] Found solution in: 8
I20260909 04:45:10.181838  1341 skeleton_planner.h:170] Found solution in: 4
I20260909 04:45:10.181866  1341 skeleton_planner.h:170] Found solution in: 11
I20260909 04:45:10.181905  1341 skeleton_planner.h:170] Found solution in: 13
I20260909 04:45:10.181937  1341 skeleton_planner.h:170] Found solution in: 7
I20260909 04:45:10.181951  1341 skeleton_planner.h:170] Found solution in: 4
I20260909 04:45:10.181963  1341 skeleton_planner.h:170] Found solution in: 4
I20260909 04:45:10.181978  1341 skeleton_planner.h:170] Found solution in: 5
I20260909 04:45:10.181998  1341 skeleton_planner.h:170] Found solution in: 5
I20260909 04:45:10.182018  1341 skeleton_planner.h:170] Found solution in: 7
I20260909 04:45:10.182040  1341 skeleton_planner.h:170] Found solution in: 8
I20260909 04:45:10.182052  1341 skeleton_planner.h:170] Found solution in: 3
I20260909 04:45:10.182062  1341 skeleton_planner.h:170] Found solution in: 3
I20260909 04:45:10.182073  1341 skeleton_planner.h:170] Found solution in: 3
I20260909 04:45:10.182085  1341 skeleton_planner.h:170] Found solution in: 4
I20260909 04:45:10.182097  1341 skeleton_planner.h:170] Found solution in: 5
I20260909 04:45:10.182109  1341 skeleton_planner.h:170] Found solution in: 4
I20260909 04:45:10.182120  1341 skeleton_planner.h:170] Found solution in: 3
I20260909 04:45:10.182138  1341 skeleton_planner.h:170] Found solution in: 5
I20260909 04:45:10.182160  1341 skeleton_planner.h:170] Found solution in: 8
I20260909 04:45:10.182173  1341 skeleton_planner.h:170] Found solution in: 4
I20260909 04:45:10.182176  1341 skeleton_planner.h:170] Found solution in: 1
I20260909 04:45:10.182179  1341 skeleton_planner.h:170] Found solution in: 1
I20260909 04:45:10.182184  1341 skeleton_planner.h:170] Found solution in: 2
I20260909 04:45:10.182204  1341 skeleton_planner.h:170] Found solution in: 6
I20260909 04:45:10.182227  1341 skeleton_planner.h:170] Found solution in: 7
I20260909 04:45:10.182255  1341 skeleton_planner.h:170] Found solution in: 8
I20260909 04:45:10.182271  1341 skeleton_planner.h:170] Found solution in: 5
I20260909 04:45:10.182292  1341 skeleton_planner.h:170] Found solution in: 7
I20260909 04:45:10.182322  1341 skeleton_planner.h:170] Found solution in: 8
I20260909 04:45:10.182348  1341 skeleton_planner.h:170] Found solution in: 7
I20260909 04:45:10.182374  1341 skeleton_planner.h:170] Found solution in: 7
I20260909 04:45:10.182418  1341 skeleton_planner.h:170] Found solution in: 12
I20260909 04:45:10.182432  1341 skeleton_planner.h:170] Found solution in: 3
I20260909 04:45:10.182447  1341 skeleton_planner.h:170] Found solution in: 5
I20260909 04:45:10.182498  1341 skeleton_planner.h:170] Found solution in: 14
I20260909 04:45:10.182526  1341 skeleton_planner.h:170] Found solution in: 7
I20260909 04:45:10.182533  1341 skeleton_planner.h:170] Found solution in: 1
I20260909 04:45:10.182535  1341 skeleton_planner.h:170] Found solution in: 1
I20260909 04:45:10.182544  1341 skeleton_planner.h:170] Found solution in: 4
I20260909 04:45:10.182564  1341 skeleton_planner.h:170] Found solution in: 7
I20260909 04:45:10.182588  1341 skeleton_planner.h:170] Found solution in: 11
I20260909 04:45:10.182626  1341 skeleton_planner.h:170] Found solution in: 16
I20260909 04:45:10.182675  1341 skeleton_planner.h:170] Found solution in: 19
I20260909 04:45:10.182693  1341 skeleton_planner.h:170] Found solution in: 6
I20260909 04:45:10.182708  1341 skeleton_planner.h:170] Found solution in: 6
I20260909 04:45:10.182713  1341 skeleton_planner.h:170] Found solution in: 1
I20260909 04:45:10.182739  1341 skeleton_planner.h:170] Found solution in: 8
I20260909 04:45:10.182750  1341 skeleton_planner.h:170] Found solution in: 3
I20260909 04:45:10.182762  1341 skeleton_planner.h:170] Found solution in: 4
I20260909 04:45:10.182787  1341 skeleton_planner.h:170] Found solution in: 8
I20260909 04:45:10.182806  1341 skeleton_planner.h:170] Found solution in: 5
I20260909 04:45:10.182819  1341 skeleton_planner.h:170] Found solution in: 4
I20260909 04:45:10.182837  1341 skeleton_planner.h:170] Found solution in: 5
I20260909 04:45:10.182859  1341 skeleton_planner.h:170] Found solution in: 6
I20260909 04:45:10.182878  1341 skeleton_planner.h:170] Found solution in: 6
I20260909 04:45:10.182899  1341 skeleton_planner.h:170] Found solution in: 8
I20260909 04:45:10.182919  1341 skeleton_planner.h:170] Found solution in: 7
I20260909 04:45:10.182931  1341 skeleton_planner.h:170] Found solution in: 4
I20260909 04:45:10.182950  1341 skeleton_planner.h:170] Found solution in: 7
I20260909 04:45:10.182996  1341 skeleton_planner.h:170] Found solution in: 14
I20260909 04:45:10.183024  1341 skeleton_planner.h:170] Found solution in: 7
I20260909 04:45:10.183051  1341 skeleton_planner.h:170] Found solution in: 8
I20260909 04:45:10.183125  1341 skeleton_planner.h:170] Found solution in: 21
I20260909 04:45:10.183178  1341 skeleton_planner.h:170] Found solution in: 13
I20260909 04:45:10.183194  1341 skeleton_planner.h:170] Found solution in: 4
I20260909 04:45:10.183208  1341 skeleton_planner.h:170] Found solution in: 5
I20260909 04:45:10.183223  1341 skeleton_planner.h:170] Found solution in: 5
I20260909 04:45:10.183290  1341 skeleton_planner.h:170] Found solution in: 19
I20260909 04:45:10.183322  1341 skeleton_planner.h:170] Found solution in: 6
I20260909 04:45:10.183357  1341 skeleton_planner.h:170] Found solution in: 9
I20260909 04:45:10.183373  1341 skeleton_planner.h:170] Found solution in: 5
I20260909 04:45:10.183405  1341 skeleton_planner.h:170] Found solution in: 8
I20260909 04:45:10.183437  1341 skeleton_planner.h:170] Found solution in: 8
I20260909 04:45:10.183465  1341 skeleton_planner.h:170] Found solution in: 8
I20260909 04:45:10.183488  1341 skeleton_planner.h:170] Found solution in: 7
I20260909 04:45:10.183509  1341 skeleton_planner.h:170] Found solution in: 7
I20260909 04:45:10.183523  1341 skeleton_planner.h:170] Found solution in: 5
I20260909 04:45:10.183530  1341 skeleton_planner.h:170] Found solution in: 2
I20260909 04:45:10.183547  1341 skeleton_planner.h:170] Found solution in: 5
I20260909 04:45:10.183568  1341 skeleton_planner.h:170] Found solution in: 8
I20260909 04:45:10.183593  1341 skeleton_planner.h:170] Found solution in: 9
I20260909 04:45:10.183598  1341 skeleton_planner.h:170] Found solution in: 1
I20260909 04:45:10.183601  1341 skeleton_planner.h:170] Found solution in: 1
I20260909 04:45:10.183630  1341 skeleton_planner.h:170] Found solution in: 13
I20260909 04:45:10.183656  1341 skeleton_planner.h:170] Found solution in: 9
I20260909 04:45:10.183681  1341 skeleton_planner.h:170] Found solution in: 10
I20260909 04:45:10.183701  1341 skeleton_planner.h:170] Found solution in: 6
I20260909 04:45:10.183717  1341 skeleton_planner.h:170] Found solution in: 6
I20260909 04:45:10.183734  1341 skeleton_planner.h:170] Found solution in: 6
I20260909 04:45:10.183751  1341 skeleton_planner.h:170] Found solution in: 5
I20260909 04:45:10.183775  1341 skeleton_planner.h:170] Found solution in: 11
I20260909 04:45:10.183794  1341 skeleton_planner.h:170] Found solution in: 5
I20260909 04:45:10.183849  1341 skeleton_planner.h:170] Found solution in: 20
I20260909 04:45:10.183892  1341 skeleton_planner.h:170] Found solution in: 9
I20260909 04:45:10.183907  1341 skeleton_planner.h:170] Found solution in: 4
I20260909 04:45:10.183938  1341 skeleton_planner.h:170] Found solution in: 8
I20260909 04:45:10.183964  1341 skeleton_planner.h:170] Found solution in: 6
I20260909 04:45:10.183969  1341 skeleton_planner.h:170] Found solution in: 1
I20260909 04:45:10.183993  1341 skeleton_planner.h:170] Found solution in: 10
I20260909 04:45:10.184028  1341 skeleton_planner.h:170] Found solution in: 18
I20260909 04:45:10.184051  1341 skeleton_planner.h:170] Found solution in: 6
I20260909 04:45:10.184083  1341 skeleton_planner.h:170] Found solution in: 10
I20260909 04:45:10.184127  1341 skeleton_planner.h:170] Found solution in: 12
I20260909 04:45:10.184149  1341 skeleton_planner.h:170] Found solution in: 5
I20260909 04:45:10.184180  1341 skeleton_planner.h:170] Found solution in: 11
I20260909 04:45:10.184224  1341 skeleton_planner.h:170] Found solution in: 14
I20260909 04:45:10.184281  1341 skeleton_planner.h:170] Found solution in: 13
I20260909 04:45:10.184311  1341 skeleton_planner.h:170] Found solution in: 6
I20260909 04:45:10.184327  1341 skeleton_planner.h:170] Found solution in: 6
I20260909 04:45:10.184347  1341 skeleton_planner.h:170] Found solution in: 8
I20260909 04:45:10.184355  1341 skeleton_planner.h:170] Found solution in: 2
I20260909 04:45:10.184366  1341 skeleton_planner.h:170] Found solution in: 4
I20260909 04:45:10.184383  1341 skeleton_planner.h:170] Found solution in: 5
I20260909 04:45:10.184412  1341 skeleton_planner.h:170] Found solution in: 11
I20260909 04:45:10.184440  1341 skeleton_planner.h:170] Found solution in: 9
I20260909 04:45:10.184463  1341 skeleton_planner.h:170] Found solution in: 6
I20260909 04:45:10.184477  1341 skeleton_planner.h:170] Found solution in: 4
I20260909 04:45:10.184491  1341 skeleton_planner.h:170] Found solution in: 5
I20260909 04:45:10.184504  1341 skeleton_planner.h:170] Found solution in: 4
I20260909 04:45:10.184525  1341 skeleton_planner.h:170] Found solution in: 8
I20260909 04:45:10.184554  1341 skeleton_planner.h:170] Found solution in: 12
I20260909 04:45:10.184618  1341 skeleton_planner.h:170] Found solution in: 29
I20260909 04:45:10.184675  1341 skeleton_planner.h:170] Found solution in: 22
I20260909 04:45:10.184689  1341 skeleton_planner.h:170] Found solution in: 4
I20260909 04:45:10.184701  1341 skeleton_planner.h:170] Found solution in: 4
I20260909 04:45:10.184715  1341 skeleton_planner.h:170] Found solution in: 5
I20260909 04:45:10.184746  1341 skeleton_planner.h:170] Found solution in: 11
I20260909 04:45:10.184769  1341 skeleton_planner.h:170] Found solution in: 7
I20260909 04:45:10.184782  1341 skeleton_planner.h:170] Found solution in: 3
I20260909 04:45:10.184800  1341 skeleton_planner.h:170] Found solution in: 7
I20260909 04:45:10.184813  1341 skeleton_planner.h:170] Found solution in: 4
I20260909 04:45:10.184834  1341 skeleton_planner.h:170] Found solution in: 7
I20260909 04:45:10.184854  1341 skeleton_planner.h:170] Found solution in: 7
I20260909 04:45:10.184877  1341 skeleton_planner.h:170] Found solution in: 8
I20260909 04:45:10.184888  1341 skeleton_planner.h:170] Found solution in: 3
I20260909 04:45:10.184892  1341 skeleton_planner.h:170] Found solution in: 1
I20260909 04:45:10.184911  1341 skeleton_planner.h:170] Found solution in: 7
I20260909 04:45:10.184916  1341 skeleton_planner.h:170] Found solution in: 1
I20260909 04:45:10.184947  1341 skeleton_planner.h:170] Found solution in: 11
I20260909 04:45:10.184962  1341 skeleton_planner.h:170] Found solution in: 5
I20260909 04:45:10.184978  1341 skeleton_planner.h:170] Found solution in: 5
I20260909 04:45:10.184998  1341 skeleton_planner.h:170] Found solution in: 6
I20260909 04:45:10.185016  1341 skeleton_planner.h:170] Found solution in: 5
I20260909 04:45:10.185024  1341 skeleton_planner.h:170] Found solution in: 2
I20260909 04:45:10.185101  1341 skeleton_planner.h:170] Found solution in: 25
I20260909 04:45:10.185115  1341 skeleton_planner.h:170] Found solution in: 2
I20260909 04:45:10.185130  1341 skeleton_planner.h:170] Found solution in: 6
I20260909 04:45:10.185156  1341 skeleton_planner.h:170] Found solution in: 6
I20260909 04:45:10.185180  1341 skeleton_planner.h:170] Found solution in: 9
I20260909 04:45:10.185226  1341 skeleton_planner.h:170] Found solution in: 18
I20260909 04:45:10.185242  1341 skeleton_planner.h:170] Found solution in: 4
I20260909 04:45:10.185266  1341 skeleton_planner.h:170] Found solution in: 6
I20260909 04:45:10.185286  1341 skeleton_planner.h:170] Found solution in: 6
I20260909 04:45:10.185297  1341 skeleton_planner.h:170] Found solution in: 3
I20260909 04:45:10.185309  1341 skeleton_planner.h:170] Found solution in: 3
I20260909 04:45:10.185333  1341 skeleton_planner.h:170] Found solution in: 8
I20260909 04:45:10.185364  1341 skeleton_planner.h:170] Found solution in: 10
I20260909 04:45:10.185397  1341 skeleton_planner.h:170] Found solution in: 9
I20260909 04:45:10.185434  1341 skeleton_planner.h:170] Found solution in: 9
I20260909 04:45:10.185449  1341 skeleton_planner.h:170] Found solution in: 5
I20260909 04:45:10.185472  1341 skeleton_planner.h:170] Found solution in: 7
I20260909 04:45:10.185487  1341 skeleton_planner.h:170] Found solution in: 6
I20260909 04:45:10.185503  1341 skeleton_planner.h:170] Found solution in: 6
I20260909 04:45:10.185516  1341 skeleton_planner.h:170] Found solution in: 4
I20260909 04:45:10.185524  1341 skeleton_planner.h:170] Found solution in: 2
I20260909 04:45:10.185534  1341 skeleton_planner.h:170] Found solution in: 3
I20260909 04:45:10.185540  1341 skeleton_planner.h:170] Found solution in: 2
I20260909 04:45:10.185551  1341 skeleton_planner.h:170] Found solution in: 3
I20260909 04:45:10.185575  1341 skeleton_planner.h:170] Found solution in: 8
I20260909 04:45:10.185596  1341 skeleton_planner.h:170] Found solution in: 6
I20260909 04:45:10.185619  1341 skeleton_planner.h:170] Found solution in: 7
I20260909 04:45:10.185631  1341 skeleton_planner.h:170] Found solution in: 3
I20260909 04:45:10.185643  1341 skeleton_planner.h:170] Found solution in: 4
I20260909 04:45:10.185662  1341 skeleton_planner.h:170] Found solution in: 7
I20260909 04:45:10.185678  1341 skeleton_planner.h:170] Found solution in: 4
I20260909 04:45:10.185688  1341 skeleton_planner.h:170] Found solution in: 3
I20260909 04:45:10.185701  1341 skeleton_planner.h:170] Found solution in: 4
I20260909 04:45:10.185720  1341 skeleton_planner.h:170] Found solution in: 7
I20260909 04:45:10.185734  1341 skeleton_planner.h:170] Found solution in: 4
I20260909 04:45:10.185747  1341 skeleton_planner.h:170] Found solution in: 4
I20260909 04:45:10.185799  1341 skeleton_planner.h:170] Found solution in: 17
I20260909 04:45:10.185824  1341 skeleton_planner.h:170] Found solution in: 5
I20260909 04:45:10.185835  1341 skeleton_planner.h:170] Found solution in: 3
I20260909 04:45:10.185861  1341 skeleton_planner.h:170] Found solution in: 10
I20260909 04:45:10.185874  1341 skeleton_planner.h:170] Found solution in: 3
I20260909 04:45:10.185897  1341 skeleton_planner.h:170] Found solution in: 7
I20260909 04:45:10.185909  1341 skeleton_planner.h:170] Found solution in: 3
I20260909 04:45:10.185930  1341 skeleton_planner.h:170] Found solution in: 8
I20260909 04:45:10.185952  1341 skeleton_planner.h:170] Found solution in: 8
I20260909 04:45:10.185961  1341 skeleton_planner.h:170] Found solution in: 2
I20260909 04:45:10.185990  1341 skeleton_planner.h:170] Found solution in: 11
I20260909 04:45:10.186028  1341 skeleton_planner.h:170] Found solution in: 11
I20260909 04:45:10.186053  1341 skeleton_planner.h:170] Found solution in: 6
I20260909 04:45:10.186088  1341 skeleton_planner.h:170] Found solution in: 10
I20260909 04:45:10.186126  1341 skeleton_planner.h:170] Found solution in: 10
I20260909 04:45:10.186133  1341 skeleton_planner.h:170] Found solution in: 1
I20260909 04:45:10.186157  1341 skeleton_planner.h:170] Found solution in: 7
I20260909 04:45:10.186205  1341 skeleton_planner.h:170] Found solution in: 13
I20260909 04:45:10.186239  1341 skeleton_planner.h:170] Found solution in: 9
I20260909 04:45:10.186260  1341 skeleton_planner.h:170] Found solution in: 6
I20260909 04:45:10.186283  1341 skeleton_planner.h:170] Found solution in: 8
I20260909 04:45:10.186311  1341 skeleton_planner.h:170] Found solution in: 10
I20260909 04:45:10.186326  1341 skeleton_planner.h:170] Found solution in: 5
I20260909 04:45:10.186369  1341 skeleton_planner.h:170] Found solution in: 14
I20260909 04:45:10.186411  1341 skeleton_planner.h:170] Found solution in: 13
I20260909 04:45:10.186441  1341 skeleton_planner.h:170] Found solution in: 10
I20260909 04:45:10.186460  1341 skeleton_planner.h:170] Found solution in: 5
I20260909 04:45:10.186486  1341 skeleton_planner.h:170] Found solution in: 9
I20260909 04:45:10.186502  1341 skeleton_planner.h:170] Found solution in: 5
I20260909 04:45:10.186520  1341 skeleton_planner.h:170] Found solution in: 5
I20260909 04:45:10.186540  1341 skeleton_planner.h:170] Found solution in: 6
I20260909 04:45:10.186558  1341 skeleton_planner.h:170] Found solution in: 5
I20260909 04:45:10.186573  1341 skeleton_planner.h:170] Found solution in: 4
I20260909 04:45:10.186594  1341 skeleton_planner.h:170] Found solution in: 7
I20260909 04:45:10.186618  1341 skeleton_planner.h:170] Found solution in: 8
I20260909 04:45:10.186635  1341 skeleton_planner.h:170] Found solution in: 4
I20260909 04:45:10.186652  1341 skeleton_planner.h:170] Found solution in: 5
I20260909 04:45:10.186671  1341 skeleton_planner.h:170] Found solution in: 6
I20260909 04:45:10.186681  1341 skeleton_planner.h:170] Found solution in: 2
I20260909 04:45:10.186697  1341 skeleton_planner.h:170] Found solution in: 6
I20260909 04:45:10.186735  1341 skeleton_planner.h:170] Found solution in: 12
I20260909 04:45:10.186761  1341 skeleton_planner.h:170] Found solution in: 7
I20260909 04:45:10.186774  1341 skeleton_planner.h:170] Found solution in: 3
I20260909 04:45:10.186781  1341 skeleton_planner.h:170] Found solution in: 2
I20260909 04:45:10.186791  1341 skeleton_planner.h:170] Found solution in: 3
I20260909 04:45:10.186796  1341 skeleton_planner.h:170] Found solution in: 1
I20260909 04:45:10.186800  1341 skeleton_planner.h:170] Found solution in: 1
I20260909 04:45:10.186807  1341 skeleton_planner.h:170] Found solution in: 3
I20260909 04:45:10.186818  1341 skeleton_planner.h:170] Found solution in: 3
I20260909 04:45:10.186869  1341 skeleton_planner.h:170] Found solution in: 18
I20260909 04:45:10.186903  1341 skeleton_planner.h:170] Found solution in: 8
I20260909 04:45:10.186995  1341 skeleton_planner.h:170] Found solution in: 27
I20260909 04:45:10.187031  1341 skeleton_planner.h:170] Found solution in: 6
I20260909 04:45:10.187043  1341 skeleton_planner.h:170] Found solution in: 3
I20260909 04:45:10.187062  1341 skeleton_planner.h:170] Found solution in: 6
I20260909 04:45:10.187074  1341 skeleton_planner.h:170] Found solution in: 4
I20260909 04:45:10.187084  1341 skeleton_planner.h:170] Found solution in: 3
I20260909 04:45:10.187096  1341 skeleton_planner.h:170] Found solution in: 4
I20260909 04:45:10.187107  1341 skeleton_planner.h:170] Found solution in: 3
I20260909 04:45:10.187116  1341 skeleton_planner.h:170] Found solution in: 3
I20260909 04:45:10.187121  1341 skeleton_planner.h:170] Found solution in: 1
I20260909 04:45:10.187126  1341 skeleton_planner.h:170] Found solution in: 2
I20260909 04:45:10.187130  1341 skeleton_planner.h:170] Found solution in: 1
I20260909 04:45:10.187151  1341 skeleton_planner.h:170] Found solution in: 7
I20260909 04:45:10.187173  1341 skeleton_planner.h:170] Found solution in: 6
I20260909 04:45:10.187191  1341 skeleton_planner.h:170] Found solution in: 6
I20260909 04:45:10.187196  1341 skeleton_planner.h:170] Found solution in: 1
I20260909 04:45:10.187216  1341 skeleton_planner.h:170] Found solution in: 8
I20260909 04:45:10.187281  1341 skeleton_planner.h:170] Found solution in: 20
I20260909 04:45:10.187297  1341 skeleton_planner.h:170] Found solution in: 3
I20260909 04:45:10.187311  1341 skeleton_planner.h:170] Found solution in: 4
I20260909 04:45:10.187333  1341 skeleton_planner.h:170] Found solution in: 5
I20260909 04:45:10.187351  1341 skeleton_planner.h:170] Found solution in: 5
I20260909 04:45:10.187372  1341 skeleton_planner.h:170] Found solution in: 6
I20260909 04:45:10.187394  1341 skeleton_planner.h:170] Found solution in: 6
I20260909 04:45:10.187409  1341 skeleton_planner.h:170] Found solution in: 4
I20260909 04:45:10.187420  1341 skeleton_planner.h:170] Found solution in: 3
I20260909 04:45:10.187500  1341 skeleton_planner.h:170] Found solution in: 23
I20260909 04:45:10.187556  1341 skeleton_planner.h:170] Found solution in: 13
I20260909 04:45:10.187655  1341 skeleton_planner.h:170] Found solution in: 28
I20260909 04:45:10.187672  1341 skeleton_planner.h:170] Found solution in: 3
I20260909 04:45:10.187713  1341 skeleton_planner.h:170] Found solution in: 11
I20260909 04:45:10.187853  1341 skeleton_planner.h:170] Found solution in: 39
I20260909 04:45:10.187893  1341 skeleton_planner.h:170] Found solution in: 5
I20260909 04:45:10.187915  1341 skeleton_planner.h:170] Found solution in: 8
I20260909 04:45:10.187939  1341 skeleton_planner.h:170] Found solution in: 8
I20260909 04:45:10.187955  1341 skeleton_planner.h:170] Found solution in: 4
I20260909 04:45:10.187970  1341 skeleton_planner.h:170] Found solution in: 4
I20260909 04:45:10.188001  1341 skeleton_planner.h:170] Found solution in: 10
I20260909 04:45:10.188086  1341 skeleton_planner.h:170] Found solution in: 22
I20260909 04:45:10.188123  1341 skeleton_planner.h:170] Found solution in: 6
I20260909 04:45:10.188138  1341 skeleton_planner.h:170] Found solution in: 4
I20260909 04:45:10.188143  1341 skeleton_planner.h:170] Found solution in: 1
I20260909 04:45:10.188166  1341 skeleton_planner.h:170] Found solution in: 10
I20260909 04:45:10.188189  1341 skeleton_planner.h:170] Found solution in: 8
I20260909 04:45:10.188207  1341 skeleton_planner.h:170] Found solution in: 6
I20260909 04:45:10.188236  1341 skeleton_planner.h:170] Found solution in: 11
I20260909 04:45:10.188246  1341 skeleton_planner.h:170] Found solution in: 2
I20260909 04:45:10.188269  1341 skeleton_planner.h:170] Found solution in: 7
I20260909 04:45:10.188287  1341 skeleton_planner.h:170] Found solution in: 4
I20260909 04:45:10.188298  1341 skeleton_planner.h:170] Found solution in: 3
I20260909 04:45:10.188314  1341 skeleton_planner.h:170] Found solution in: 5
I20260909 04:45:10.188334  1341 skeleton_planner.h:170] Found solution in: 6
I20260909 04:45:10.188354  1341 skeleton_planner.h:170] Found solution in: 5
I20260909 04:45:10.188375  1341 skeleton_planner.h:170] Found solution in: 7
I20260909 04:45:10.188391  1341 skeleton_planner.h:170] Found solution in: 4
I20260909 04:45:10.188405  1341 skeleton_planner.h:170] Found solution in: 4
I20260909 04:45:10.188414  1341 skeleton_planner.h:170] Found solution in: 3
I20260909 04:45:10.188418  1341 skeleton_planner.h:170] Found solution in: 1
I20260909 04:45:10.188421  1341 skeleton_planner.h:170] Found solution in: 1
I20260909 04:45:10.188437  1341 skeleton_planner.h:170] Found solution in: 5
I20260909 04:45:10.188467  1341 skeleton_planner.h:170] Found solution in: 10
I20260909 04:45:10.188480  1341 skeleton_planner.h:170] Found solution in: 3
I20260909 04:45:10.188498  1341 skeleton_planner.h:170] Found solution in: 4
I20260909 04:45:10.188514  1341 skeleton_planner.h:170] Found solution in: 5
I20260909 04:45:10.188548  1341 skeleton_planner.h:170] Found solution in: 10
I20260909 04:45:10.188570  1341 skeleton_planner.h:170] Found solution in: 6
I20260909 04:45:10.188596  1341 skeleton_planner.h:170] Found solution in: 9
I20260909 04:45:10.188607  1341 skeleton_planner.h:170] Found solution in: 3
I20260909 04:45:10.188621  1341 skeleton_planner.h:170] Found solution in: 5
I20260909 04:45:10.188640  1341 skeleton_planner.h:170] Found solution in: 5
I20260909 04:45:10.188654  1341 skeleton_planner.h:170] Found solution in: 4
I20260909 04:45:10.188673  1341 skeleton_planner.h:170] Found solution in: 5
I20260909 04:45:10.188699  1341 skeleton_planner.h:170] Found solution in: 9
I20260909 04:45:10.188719  1341 skeleton_planner.h:170] Found solution in: 5
I20260909 04:45:10.188735  1341 skeleton_planner.h:170] Found solution in: 5
I20260909 04:45:10.188753  1341 skeleton_planner.h:170] Found solution in: 5
I20260909 04:45:10.188769  1341 skeleton_planner.h:170] Found solution in: 7
I20260909 04:45:10.188793  1341 skeleton_planner.h:170] Found solution in: 8
I20260909 04:45:10.188820  1341 skeleton_planner.h:170] Found solution in: 9
I20260909 04:45:10.188835  1341 skeleton_planner.h:170] Found solution in: 4
I20260909 04:45:10.188848  1341 skeleton_planner.h:170] Found solution in: 4
I20260909 04:45:10.188867  1341 skeleton_planner.h:170] Found solution in: 5
I20260909 04:45:10.188879  1341 skeleton_planner.h:170] Found solution in: 3
I20260909 04:45:10.188894  1341 skeleton_planner.h:170] Found solution in: 6
I20260909 04:45:10.188910  1341 skeleton_planner.h:170] Found solution in: 5
I20260909 04:45:10.188920  1341 skeleton_planner.h:170] Found solution in: 3
I20260909 04:45:10.188930  1341 skeleton_planner.h:170] Found solution in: 4
I20260909 04:45:10.188946  1341 skeleton_planner.h:170] Found solution in: 6
I20260909 04:45:10.188968  1341 skeleton_planner.h:170] Found solution in: 8
I20260909 04:45:10.188980  1341 skeleton_planner.h:170] Found solution in: 3
I20260909 04:45:10.188989  1341 skeleton_planner.h:170] Found solution in: 3
I20260909 04:45:10.189013  1341 skeleton_planner.h:170] Found solution in: 9
I20260909 04:45:10.189030  1341 skeleton_planner.h:170] Found solution in: 5
I20260909 04:45:10.189046  1341 skeleton_planner.h:170] Found solution in: 6
I20260909 04:45:10.189072  1341 skeleton_planner.h:170] Found solution in: 11
I20260909 04:45:10.189095  1341 skeleton_planner.h:170] Found solution in: 8
I20260909 04:45:10.189112  1341 skeleton_planner.h:170] Found solution in: 7
I20260909 04:45:10.189126  1341 skeleton_planner.h:170] Found solution in: 4
I20260909 04:45:10.189136  1341 skeleton_planner.h:170] Found solution in: 3
I20260909 04:45:10.189147  1341 skeleton_planner.h:170] Found solution in: 3
I20260909 04:45:10.189152  1341 skeleton_planner.h:170] Found solution in: 1
I20260909 04:45:10.189167  1341 skeleton_planner.h:170] Found solution in: 4
I20260909 04:45:10.189180  1341 skeleton_planner.h:170] Found solution in: 5
I20260909 04:45:10.189191  1341 skeleton_planner.h:170] Found solution in: 3
I20260909 04:45:10.189224  1341 skeleton_planner.h:170] Found solution in: 15
I20260909 04:45:10.189234  1341 skeleton_planner.h:170] Found solution in: 2
I20260909 04:45:10.189253  1341 skeleton_planner.h:170] Found solution in: 6
I20260909 04:45:10.189270  1341 skeleton_planner.h:170] Found solution in: 5
I20260909 04:45:10.189282  1341 skeleton_planner.h:170] Found solution in: 4
I20260909 04:45:10.189294  1341 skeleton_planner.h:170] Found solution in: 4
I20260909 04:45:10.189312  1341 skeleton_planner.h:170] Found solution in: 5
I20260909 04:45:10.189447  1341 skeleton_planner.h:170] Found solution in: 37
I20260909 04:45:10.189502  1341 skeleton_planner.h:170] Found solution in: 8
I20260909 04:45:10.189522  1341 skeleton_planner.h:170] Found solution in: 5
I20260909 04:45:10.189536  1341 skeleton_planner.h:170] Found solution in: 4
I20260909 04:45:10.189546  1341 skeleton_planner.h:170] Found solution in: 3
I20260909 04:45:10.189564  1341 skeleton_planner.h:170] Found solution in: 6
I20260909 04:45:10.189577  1341 skeleton_planner.h:170] Found solution in: 4
I20260909 04:45:10.189591  1341 skeleton_planner.h:170] Found solution in: 5
I20260909 04:45:10.189602  1341 skeleton_planner.h:170] Found solution in: 3
I20260909 04:45:10.189627  1341 skeleton_planner.h:170] Found solution in: 8
I20260909 04:45:10.189638  1341 skeleton_planner.h:170] Found solution in: 3
I20260909 04:45:10.189647  1341 skeleton_planner.h:170] Found solution in: 3
I20260909 04:45:10.189657  1341 skeleton_planner.h:170] Found solution in: 4
I20260909 04:45:10.189674  1341 skeleton_planner.h:170] Found solution in: 5
I20260909 04:45:10.189697  1341 skeleton_planner.h:170] Found solution in: 7
I20260909 04:45:10.189723  1341 skeleton_planner.h:170] Found solution in: 8
I20260909 04:45:10.189749  1341 skeleton_planner.h:170] Found solution in: 8
I20260909 04:45:10.189769  1341 skeleton_planner.h:170] Found solution in: 8
I20260909 04:45:10.189774  1341 skeleton_planner.h:170] Found solution in: 1
I20260909 04:45:10.189776  1341 skeleton_planner.h:170] Found solution in: 1
I20260909 04:45:10.189800  1341 skeleton_planner.h:170] Found solution in: 8
I20260909 04:45:10.189821  1341 skeleton_planner.h:170] Found solution in: 6
I20260909 04:45:10.189837  1341 skeleton_planner.h:170] Found solution in: 5
I20260909 04:45:10.189844  1341 skeleton_planner.h:170] Found solution in: 2
I20260909 04:45:10.189848  1341 skeleton_planner.h:170] Found solution in: 1
I20260909 04:45:10.189852  1341 skeleton_planner.h:170] Found solution in: 1
I20260909 04:45:10.189880  1341 skeleton_planner.h:170] Found solution in: 16
I20260909 04:45:10.189900  1341 skeleton_planner.h:170] Found solution in: 8
I20260909 04:45:10.189908  1341 skeleton_planner.h:170] Found solution in: 2
I20260909 04:45:10.189915  1341 skeleton_planner.h:170] Found solution in: 2
I20260909 04:45:10.189925  1341 skeleton_planner.h:170] Found solution in: 3
I20260909 04:45:10.189941  1341 skeleton_planner.h:170] Found solution in: 4
I20260909 04:45:10.189952  1341 skeleton_planner.h:170] Found solution in: 3
I20260909 04:45:10.189961  1341 skeleton_planner.h:170] Found solution in: 3
I20260909 04:45:10.189977  1341 skeleton_planner.h:170] Found solution in: 5
I20260909 04:45:10.189989  1341 skeleton_planner.h:170] Found solution in: 3
I20260909 04:45:10.189994  1341 skeleton_planner.h:170] Found solution in: 1
I20260909 04:45:10.190001  1341 skeleton_planner.h:170] Found solution in: 2
I20260909 04:45:10.190012  1341 skeleton_planner.h:170] Found solution in: 4
I20260909 04:45:10.190024  1341 skeleton_planner.h:170] Found solution in: 4
I20260909 04:45:10.190028  1341 skeleton_planner.h:170] Found solution in: 1
I20260909 04:45:10.190039  1341 skeleton_planner.h:170] Found solution in: 4
I20260909 04:45:10.190052  1341 skeleton_planner.h:170] Found solution in: 4
I20260909 04:45:10.190066  1341 skeleton_planner.h:170] Found solution in: 6
I20260909 04:45:10.190076  1341 skeleton_planner.h:170] Found solution in: 3
I20260909 04:45:10.190097  1341 skeleton_planner.h:170] Found solution in: 7
I20260909 04:45:10.190119  1341 skeleton_planner.h:170] Found solution in: 6
I20260909 04:45:10.190130  1341 skeleton_planner.h:170] Found solution in: 4
I20260909 04:45:10.190142  1341 skeleton_planner.h:170] Found solution in: 4
I20260909 04:45:10.190152  1341 skeleton_planner.h:170] Found solution in: 3
I20260909 04:45:10.190168  1341 skeleton_planner.h:170] Found solution in: 6
I20260909 04:45:10.190187  1341 skeleton_planner.h:170] Found solution in: 8
I20260909 04:45:10.190197  1341 skeleton_planner.h:170] Found solution in: 3
I20260909 04:45:10.190246  1341 skeleton_planner.h:170] Found solution in: 18
I20260909 04:45:10.190254  1341 skeleton_planner.h:170] Found solution in: 1
I20260909 04:45:10.190284  1341 skeleton_planner.h:170] Found solution in: 10
I20260909 04:45:10.190308  1341 skeleton_planner.h:170] Found solution in: 7
I20260909 04:45:10.190335  1341 skeleton_planner.h:170] Found solution in: 11
I20260909 04:45:10.190364  1341 skeleton_planner.h:170] Found solution in: 11
I20260909 04:45:10.190407  1341 skeleton_planner.h:170] Found solution in: 15
I20260909 04:45:10.190448  1341 skeleton_planner.h:170] Found solution in: 16
I20260909 04:45:10.190476  1341 skeleton_planner.h:170] Found solution in: 10
I20260909 04:45:10.190503  1341 skeleton_planner.h:170] Found solution in: 10
I20260909 04:45:10.190528  1341 skeleton_planner.h:170] Found solution in: 8
I20260909 04:45:10.190563  1341 skeleton_planner.h:170] Found solution in: 11
I20260909 04:45:10.190577  1341 skeleton_planner.h:170] Found solution in: 3
I20260909 04:45:10.190626  1341 skeleton_planner.h:170] Found solution in: 20
I20260909 04:45:10.190634  1341 skeleton_planner.h:170] Found solution in: 1
I20260909 04:45:10.190646  1341 skeleton_planner.h:170] Found solution in: 4
I20260909 04:45:10.190676  1341 skeleton_planner.h:170] Found solution in: 9
I20260909 04:45:10.190706  1341 skeleton_planner.h:170] Found solution in: 10
I20260909 04:45:10.190721  1341 skeleton_planner.h:170] Found solution in: 4
I20260909 04:45:10.190747  1341 skeleton_planner.h:170] Found solution in: 7
I20260909 04:45:10.190760  1341 skeleton_planner.h:170] Found solution in: 4
I20260909 04:45:10.190769  1341 skeleton_planner.h:170] Found solution in: 3
I20260909 04:45:10.190788  1341 skeleton_planner.h:170] Found solution in: 5
I20260909 04:45:10.190800  1341 skeleton_planner.h:170] Found solution in: 4
I20260909 04:45:10.190820  1341 skeleton_planner.h:170] Found solution in: 8
I20260909 04:45:10.190837  1341 skeleton_planner.h:170] Found solution in: 6
I20260909 04:45:10.190860  1341 skeleton_planner.h:170] Found solution in: 10
I20260909 04:45:10.190893  1341 skeleton_planner.h:170] Found solution in: 10
I20260909 04:45:10.190928  1341 skeleton_planner.h:170] Found solution in: 10
I20260909 04:45:10.190940  1341 skeleton_planner.h:170] Found solution in: 3
I20260909 04:45:10.190953  1341 skeleton_planner.h:170] Found solution in: 5
I20260909 04:45:10.190966  1341 skeleton_planner.h:170] Found solution in: 6
I20260909 04:45:10.190981  1341 skeleton_planner.h:170] Found solution in: 6
I20260909 04:45:10.190985  1341 skeleton_planner.h:170] Found solution in: 1
I20260909 04:45:10.190996  1341 skeleton_planner.h:170] Found solution in: 4
I20260909 04:45:10.191067  1341 skeleton_planner.h:170] Found solution in: 22
I20260909 04:45:10.191085  1341 skeleton_planner.h:170] Found solution in: 5
I20260909 04:45:10.191098  1341 skeleton_planner.h:170] Found solution in: 4
I20260909 04:45:10.191111  1341 skeleton_planner.h:170] Found solution in: 4
I20260909 04:45:10.191121  1341 skeleton_planner.h:170] Found solution in: 3
I20260909 04:45:10.191147  1341 skeleton_planner.h:170] Found solution in: 5
I20260909 04:45:10.191164  1341 skeleton_planner.h:170] Found solution in: 5
I20260909 04:45:10.191176  1341 skeleton_planner.h:170] Found solution in: 4
I20260909 04:45:10.191188  1341 skeleton_planner.h:170] Found solution in: 4
I20260909 04:45:10.191200  1341 skeleton_planner.h:170] Found solution in: 3
I20260909 04:45:10.191218  1341 skeleton_planner.h:170] Found solution in: 6
I20260909 04:45:10.191236  1341 skeleton_planner.h:170] Found solution in: 6
I20260909 04:45:10.191257  1341 skeleton_planner.h:170] Found solution in: 8
I20260909 04:45:10.191272  1341 skeleton_planner.h:170] Found solution in: 4
I20260909 04:45:10.191296  1341 skeleton_planner.h:170] Found solution in: 9
I20260909 04:45:10.191311  1341 skeleton_planner.h:170] Found solution in: 4
I20260909 04:45:10.191322  1341 skeleton_planner.h:170] Found solution in: 4
I20260909 04:45:10.191349  1341 skeleton_planner.h:170] Found solution in: 8
I20260909 04:45:10.191378  1341 skeleton_planner.h:170] Found solution in: 8
I20260909 04:45:10.191390  1341 skeleton_planner.h:170] Found solution in: 3
I20260909 04:45:10.191411  1341 skeleton_planner.h:170] Found solution in: 6
I20260909 04:45:10.191422  1341 skeleton_planner.h:170] Found solution in: 3
I20260909 04:45:10.191443  1341 skeleton_planner.h:170] Found solution in: 6
I20260909 04:45:10.191470  1341 skeleton_planner.h:170] Found solution in: 13
I20260909 04:45:10.191475  1341 skeleton_planner.h:170] Found solution in: 1
I20260909 04:45:10.191478  1341 skeleton_planner.h:170] Found solution in: 1
I20260909 04:45:10.191488  1341 skeleton_planner.h:170] Found solution in: 5
I20260909 04:45:10.191501  1341 skeleton_planner.h:170] Found solution in: 5
I20260909 04:45:10.191514  1341 skeleton_planner.h:170] Found solution in: 4
I20260909 04:45:10.191525  1341 skeleton_planner.h:170] Found solution in: 3
I20260909 04:45:10.191540  1341 skeleton_planner.h:170] Found solution in: 5
I20260909 04:45:10.191558  1341 skeleton_planner.h:170] Found solution in: 6
I20260909 04:45:10.191581  1341 skeleton_planner.h:170] Found solution in: 8
I20260909 04:45:10.191596  1341 skeleton_planner.h:170] Found solution in: 4
I20260909 04:45:10.191612  1341 skeleton_planner.h:170] Found solution in: 6
I20260909 04:45:10.191622  1341 skeleton_planner.h:170] Found solution in: 4
I20260909 04:45:10.191629  1341 skeleton_planner.h:170] Found solution in: 2
I20260909 04:45:10.191653  1341 skeleton_planner.h:170] Found solution in: 8
I20260909 04:45:10.191682  1341 skeleton_planner.h:170] Found solution in: 10
I20260909 04:45:10.191694  1341 skeleton_planner.h:170] Found solution in: 3
I20260909 04:45:10.191699  1341 skeleton_planner.h:170] Found solution in: 1
I20260909 04:45:10.191709  1341 skeleton_planner.h:170] Found solution in: 5
I20260909 04:45:10.191731  1341 skeleton_planner.h:170] Found solution in: 7
I20260909 04:45:10.191742  1341 skeleton_planner.h:170] Found solution in: 3
I20260909 04:45:10.191789  1341 skeleton_planner.h:170] Found solution in: 16
I20260909 04:45:10.191803  1341 skeleton_planner.h:170] Found solution in: 3
I20260909 04:45:10.191814  1341 skeleton_planner.h:170] Found solution in: 3
I20260909 04:45:10.191825  1341 skeleton_planner.h:170] Found solution in: 3
I20260909 04:45:10.191854  1341 skeleton_planner.h:170] Found solution in: 10
I20260909 04:45:10.191871  1341 skeleton_planner.h:170] Found solution in: 5
I20260909 04:45:10.191917  1341 skeleton_planner.h:170] Found solution in: 16
I20260909 04:45:10.191924  1341 skeleton_planner.h:170] Found solution in: 1
I20260909 04:45:10.191975  1341 skeleton_planner.h:170] Found solution in: 18
I20260909 04:45:10.192000  1341 skeleton_planner.h:170] Found solution in: 7
I20260909 04:45:10.192018  1341 skeleton_planner.h:170] Found solution in: 6
I20260909 04:45:10.192070  1341 skeleton_planner.h:170] Found solution in: 20
I20260909 04:45:10.192127  1341 skeleton_planner.h:170] Found solution in: 22
I20260909 04:45:10.192163  1341 skeleton_planner.h:170] Found solution in: 11
I20260909 04:45:10.192185  1341 skeleton_planner.h:170] Found solution in: 6
I20260909 04:45:10.192209  1341 skeleton_planner.h:170] Found solution in: 9
I20260909 04:45:10.192227  1341 skeleton_planner.h:170] Found solution in: 5
I20260909 04:45:10.192245  1341 skeleton_planner.h:170] Found solution in: 6
I20260909 04:45:10.192263  1341 skeleton_planner.h:170] Found solution in: 6
I20260909 04:45:10.192282  1341 skeleton_planner.h:170] Found solution in: 6
I20260909 04:45:10.192294  1341 skeleton_planner.h:170] Found solution in: 3
I20260909 04:45:10.192318  1341 skeleton_planner.h:170] Found solution in: 7
I20260909 04:45:10.192334  1341 skeleton_planner.h:170] Found solution in: 4
I20260909 04:45:10.192346  1341 skeleton_planner.h:170] Found solution in: 4
I20260909 04:45:10.192359  1341 skeleton_planner.h:170] Found solution in: 5
I20260909 04:45:10.192373  1341 skeleton_planner.h:170] Found solution in: 4
I20260909 04:45:10.192407  1341 skeleton_planner.h:170] Found solution in: 13
I20260909 04:45:10.192446  1341 skeleton_planner.h:170] Found solution in: 14
I20260909 04:45:10.192469  1341 skeleton_planner.h:170] Found solution in: 5
I20260909 04:45:10.192487  1341 skeleton_planner.h:170] Found solution in: 5
I20260909 04:45:10.192502  1341 skeleton_planner.h:170] Found solution in: 5
I20260909 04:45:10.192516  1341 skeleton_planner.h:170] Found solution in: 4
I20260909 04:45:10.192526  1341 skeleton_planner.h:170] Found solution in: 3
I20260909 04:45:10.192538  1341 skeleton_planner.h:170] Found solution in: 4
I20260909 04:45:10.192553  1341 skeleton_planner.h:170] Found solution in: 5
I20260909 04:45:10.192564  1341 skeleton_planner.h:170] Found solution in: 3
I20260909 04:45:10.192577  1341 skeleton_planner.h:170] Found solution in: 5
I20260909 04:45:10.192590  1341 skeleton_planner.h:170] Found solution in: 4
I20260909 04:45:10.192601  1341 skeleton_planner.h:170] Found solution in: 3
I20260909 04:45:10.192613  1341 skeleton_planner.h:170] Found solution in: 5
I20260909 04:45:10.192658  1341 skeleton_planner.h:170] Found solution in: 28
I20260909 04:45:10.192679  1341 skeleton_planner.h:170] Found solution in: 5
I20260909 04:45:10.192692  1341 skeleton_planner.h:170] Found solution in: 4
I20260909 04:45:10.192709  1341 skeleton_planner.h:170] Found solution in: 5
I20260909 04:45:10.192742  1341 skeleton_planner.h:170] Found solution in: 10
I20260909 04:45:10.192755  1341 skeleton_planner.h:170] Found solution in: 3
I20260909 04:45:10.192765  1341 skeleton_planner.h:170] Found solution in: 3
I20260909 04:45:10.192786  1341 skeleton_planner.h:170] Found solution in: 8
I20260909 04:45:10.192797  1341 skeleton_planner.h:170] Found solution in: 3
I20260909 04:45:10.192809  1341 skeleton_planner.h:170] Found solution in: 5
I20260909 04:45:10.192826  1341 skeleton_planner.h:170] Found solution in: 7
I20260909 04:45:10.192848  1341 skeleton_planner.h:170] Found solution in: 9
I20260909 04:45:10.192857  1341 skeleton_planner.h:170] Found solution in: 3
I20260909 04:45:10.192868  1341 skeleton_planner.h:170] Found solution in: 4
I20260909 04:45:10.192885  1341 skeleton_planner.h:170] Found solution in: 7
I20260909 04:45:10.192906  1341 skeleton_planner.h:170] Found solution in: 8
I20260909 04:45:10.192945  1341 skeleton_planner.h:170] Found solution in: 12
I20260909 04:45:10.192991  1341 skeleton_planner.h:170] Found solution in: 15
I20260909 04:45:10.193005  1341 skeleton_planner.h:170] Found solution in: 4
I20260909 04:45:10.193023  1341 skeleton_planner.h:170] Found solution in: 4
I20260909 04:45:10.193034  1341 skeleton_planner.h:170] Found solution in: 3
I20260909 04:45:10.193095  1341 skeleton_planner.h:170] Found solution in: 25
I20260909 04:45:10.193138  1341 skeleton_planner.h:170] Found solution in: 10
I20260909 04:45:10.193154  1341 skeleton_planner.h:170] Found solution in: 4
I20260909 04:45:10.193167  1341 skeleton_planner.h:170] Found solution in: 4
I20260909 04:45:10.193182  1341 skeleton_planner.h:170] Found solution in: 5
I20260909 04:45:10.193195  1341 skeleton_planner.h:170] Found solution in: 4
I20260909 04:45:10.193207  1341 skeleton_planner.h:170] Found solution in: 3
I20260909 04:45:10.193214  1341 skeleton_planner.h:170] Found solution in: 3
I20260909 04:45:10.193259  1341 skeleton_planner.h:170] Found solution in: 15
I20260909 04:45:10.193272  1341 skeleton_planner.h:170] Found solution in: 3
I20260909 04:45:10.193297  1341 skeleton_planner.h:170] Found solution in: 9
I20260909 04:45:10.193323  1341 skeleton_planner.h:170] Found solution in: 11
I20260909 04:45:10.193413  1341 skeleton_planner.h:170] Found solution in: 34
I20260909 04:45:10.193481  1341 skeleton_planner.h:170] Found solution in: 21
I20260909 04:45:10.193508  1341 skeleton_planner.h:170] Found solution in: 9
I20260909 04:45:10.193521  1341 skeleton_planner.h:170] Found solution in: 3
I20260909 04:45:10.193542  1341 skeleton_planner.h:170] Found solution in: 8
I20260909 04:45:10.193559  1341 skeleton_planner.h:170] Found solution in: 4
I20260909 04:45:10.193574  1341 skeleton_planner.h:170] Found solution in: 4
I20260909 04:45:10.193599  1341 skeleton_planner.h:170] Found solution in: 11
I20260909 04:45:10.193619  1341 skeleton_planner.h:170] Found solution in: 5
I20260909 04:45:10.193629  1341 skeleton_planner.h:170] Found solution in: 2
I20260909 04:45:10.193652  1341 skeleton_planner.h:170] Found solution in: 7
I20260909 04:45:10.193667  1341 skeleton_planner.h:170] Found solution in: 5
I20260909 04:45:10.193678  1341 skeleton_planner.h:170] Found solution in: 3
I20260909 04:45:10.193687  1341 skeleton_planner.h:170] Found solution in: 3
I20260909 04:45:10.193691  1341 skeleton_planner.h:170] Found solution in: 1
I20260909 04:45:10.193694  1341 skeleton_planner.h:170] Found solution in: 1
I20260909 04:45:10.193749  1341 skeleton_planner.h:170] Found solution in: 24
I20260909 04:45:10.193766  1341 skeleton_planner.h:170] Found solution in: 4
I20260909 04:45:10.193778  1341 skeleton_planner.h:170] Found solution in: 3
I20260909 04:45:10.193789  1341 skeleton_planner.h:170] Found solution in: 3
I20260909 04:45:10.193817  1341 skeleton_planner.h:170] Found solution in: 7
I20260909 04:45:10.193825  1341 skeleton_planner.h:170] Found solution in: 1
I20260909 04:45:10.193835  1341 skeleton_planner.h:170] Found solution in: 4
I20260909 04:45:10.193854  1341 skeleton_planner.h:170] Found solution in: 5
I20260909 04:45:10.193866  1341 skeleton_planner.h:170] Found solution in: 3
I20260909 04:45:10.193876  1341 skeleton_planner.h:170] Found solution in: 3
I20260909 04:45:10.193905  1341 skeleton_planner.h:170] Found solution in: 10
I20260909 04:45:10.193933  1341 skeleton_planner.h:170] Found solution in: 8
I20260909 04:45:10.193953  1341 skeleton_planner.h:170] Found solution in: 6
I20260909 04:45:10.193970  1341 skeleton_planner.h:170] Found solution in: 5
I20260909 04:45:10.193996  1341 skeleton_planner.h:170] Found solution in: 8
I20260909 04:45:10.194013  1341 skeleton_planner.h:170] Found solution in: 5
I20260909 04:45:10.194042  1341 skeleton_planner.h:170] Found solution in: 10
I20260909 04:45:10.194061  1341 skeleton_planner.h:170] Found solution in: 4
I20260909 04:45:10.194169  1341 skeleton_planner.h:170] Found solution in: 31
I20260909 04:45:10.194211  1341 skeleton_planner.h:170] Found solution in: 9
I20260909 04:45:10.194242  1341 skeleton_planner.h:170] Found solution in: 10
I20260909 04:45:10.194258  1341 skeleton_planner.h:170] Found solution in: 5
I20260909 04:45:10.194278  1341 skeleton_planner.h:170] Found solution in: 5
I20260909 04:45:10.194295  1341 skeleton_planner.h:170] Found solution in: 5
I20260909 04:45:10.194304  1341 skeleton_planner.h:170] Found solution in: 2
I20260909 04:45:10.194316  1341 skeleton_planner.h:170] Found solution in: 3
I20260909 04:45:10.194327  1341 skeleton_planner.h:170] Found solution in: 3
I20260909 04:45:10.194344  1341 skeleton_planner.h:170] Found solution in: 5
I20260909 04:45:10.194370  1341 skeleton_planner.h:170] Found solution in: 10
I20260909 04:45:10.194397  1341 skeleton_planner.h:170] Found solution in: 10
I20260909 04:45:10.194427  1341 skeleton_planner.h:170] Found solution in: 11
I20260909 04:45:10.194434  1341 skeleton_planner.h:170] Found solution in: 2
I20260909 04:45:10.194499  1341 skeleton_planner.h:170] Found solution in: 20
I20260909 04:45:10.194582  1341 skeleton_planner.h:170] Found solution in: 27
I20260909 04:45:10.194610  1341 skeleton_planner.h:170] Found solution in: 5
I20260909 04:45:10.194629  1341 skeleton_planner.h:170] Found solution in: 6
I20260909 04:45:10.194648  1341 skeleton_planner.h:170] Found solution in: 5
I20260909 04:45:10.194664  1341 skeleton_planner.h:170] Found solution in: 4
I20260909 04:45:10.194674  1341 skeleton_planner.h:170] Found solution in: 3
I20260909 04:45:10.194687  1341 skeleton_planner.h:170] Found solution in: 4
I20260909 04:45:10.194705  1341 skeleton_planner.h:170] Found solution in: 5
I20260909 04:45:10.194722  1341 skeleton_planner.h:170] Found solution in: 6
I20260909 04:45:10.194749  1341 skeleton_planner.h:170] Found solution in: 10
I20260909 04:45:10.194768  1341 skeleton_planner.h:170] Found solution in: 5
I20260909 04:45:10.194777  1341 skeleton_planner.h:170] Found solution in: 2
I20260909 04:45:10.194787  1341 skeleton_planner.h:170] Found solution in: 3
I20260909 04:45:10.194797  1341 skeleton_planner.h:170] Found solution in: 3
I20260909 04:45:10.194825  1341 skeleton_planner.h:170] Found solution in: 13
I20260909 04:45:10.194845  1341 skeleton_planner.h:170] Found solution in: 6
I20260909 04:45:10.195034  1341 skeleton_planner.h:170] Found solution in: 74
I20260909 04:45:10.195052  1341 skeleton_planner.h:170] Found solution in: 1
I20260909 04:45:10.195056  1341 skeleton_planner.h:170] Found solution in: 1
I20260909 04:45:10.195065  1341 skeleton_planner.h:170] Found solution in: 3
I20260909 04:45:10.195075  1341 skeleton_planner.h:170] Found solution in: 3
I20260909 04:45:10.195116  1341 skeleton_planner.h:170] Found solution in: 8
I20260909 04:45:10.195153  1341 skeleton_planner.h:170] Found solution in: 9
I20260909 04:45:10.195192  1341 skeleton_planner.h:170] Found solution in: 13
I20260909 04:45:10.195219  1341 skeleton_planner.h:170] Found solution in: 8
I20260909 04:45:10.195250  1341 skeleton_planner.h:170] Found solution in: 12
I20260909 04:45:10.195286  1341 skeleton_planner.h:170] Found solution in: 15
I20260909 04:45:10.195457  1341 skeleton_planner.h:170] Found solution in: 3
I20260909 04:45:10.195464  1341 skeleton_planner.h:170] Found solution in: 2
I20260909 04:45:10.195482  1341 skeleton_planner.h:170] Found solution in: 5
I20260909 04:45:10.195511  1341 skeleton_planner.h:170] Found solution in: 6
I20260909 04:45:10.195535  1341 skeleton_planner.h:170] Found solution in: 8
I20260909 04:45:10.195552  1341 skeleton_planner.h:170] Found solution in: 4
I20260909 04:45:10.195564  1341 skeleton_planner.h:170] Found solution in: 3
I20260909 04:45:10.195574  1341 skeleton_planner.h:170] Found solution in: 3
I20260909 04:45:10.195597  1341 skeleton_planner.h:170] Found solution in: 7
I20260909 04:45:10.195634  1341 skeleton_planner.h:170] Found solution in: 10
I20260909 04:45:10.195752  1341 skeleton_planner.h:170] Found solution in: 36
I20260909 04:45:10.195794  1341 skeleton_planner.h:170] Found solution in: 8
I20260909 04:45:10.195803  1341 skeleton_planner.h:170] Found solution in: 2
I20260909 04:45:10.195824  1341 skeleton_planner.h:170] Found solution in: 6
I20260909 04:45:10.195852  1341 skeleton_planner.h:170] Found solution in: 10
I20260909 04:45:10.195858  1341 skeleton_planner.h:170] Found solution in: 1
I20260909 04:45:10.195881  1341 skeleton_planner.h:170] Found solution in: 10
I20260909 04:45:10.196025  1341 skeleton_planner.h:170] Found solution in: 56
I20260909 04:45:10.196080  1341 skeleton_planner.h:170] Found solution in: 19
I20260909 04:45:10.196115  1341 skeleton_planner.h:170] Found solution in: 15
I20260909 04:45:10.196141  1341 skeleton_planner.h:170] Found solution in: 10
I20260909 04:45:10.196161  1341 skeleton_planner.h:170] Found solution in: 7
I20260909 04:45:10.196171  1341 skeleton_planner.h:170] Found solution in: 3
I20260909 04:45:10.196220  1341 skeleton_planner.h:170] Found solution in: 22
I20260909 04:45:10.196234  1341 skeleton_planner.h:170] Found solution in: 3
I20260909 04:45:10.196251  1341 skeleton_planner.h:170] Found solution in: 4
I20260909 04:45:10.196399  1341 skeleton_planner.h:170] Found solution in: 56
I20260909 04:45:10.196421  1341 skeleton_planner.h:170] Found solution in: 5
I20260909 04:45:10.196451  1341 skeleton_planner.h:170] Found solution in: 6
I20260909 04:45:10.196484  1341 skeleton_planner.h:170] Found solution in: 9
I20260909 04:45:10.196506  1341 skeleton_planner.h:170] Found solution in: 6
I20260909 04:45:10.196578  1341 skeleton_planner.h:170] Found solution in: 20
I20260909 04:45:10.196614  1341 skeleton_planner.h:170] Found solution in: 7
I20260909 04:45:10.196707  1341 skeleton_planner.h:170] Found solution in: 41
I20260909 04:45:10.196724  1341 skeleton_planner.h:170] Found solution in: 4
I20260909 04:45:10.196733  1341 skeleton_planner.h:170] Found solution in: 3
I20260909 04:45:10.196906  1341 skeleton_planner.h:170] Found solution in: 61
I20260909 04:45:10.196928  1341 skeleton_planner.h:170] Found solution in: 4
I20260909 04:45:10.197057  1341 skeleton_planner.h:170] Found solution in: 45
I20260909 04:45:10.197067  1341 skeleton_planner.h:170] Found solution in: 1
I20260909 04:45:10.197099  1341 skeleton_planner.h:170] Found solution in: 9
I20260909 04:45:10.197113  1341 skeleton_planner.h:170] Found solution in: 3
I20260909 04:45:10.197129  1341 skeleton_planner.h:170] Found solution in: 4
I20260909 04:45:10.197150  1341 skeleton_planner.h:170] Found solution in: 7
I20260909 04:45:10.197175  1341 skeleton_planner.h:170] Found solution in: 8
I20260909 04:45:10.197194  1341 skeleton_planner.h:170] Found solution in: 5
I20260909 04:45:10.197357  1341 skeleton_planner.h:170] Found solution in: 45
I20260909 04:45:10.197381  1341 skeleton_planner.h:170] Found solution in: 4
I20260909 04:45:10.197414  1341 skeleton_planner.h:170] Found solution in: 6
I20260909 04:45:10.197436  1341 skeleton_planner.h:170] Found solution in: 7
I20260909 04:45:10.197450  1341 skeleton_planner.h:170] Found solution in: 4
I20260909 04:45:10.197470  1341 skeleton_planner.h:170] Found solution in: 6
I20260909 04:45:10.197484  1341 skeleton_planner.h:170] Found solution in: 4
I20260909 04:45:10.197502  1341 skeleton_planner.h:170] Found solution in: 5
I20260909 04:45:10.197517  1341 skeleton_planner.h:170] Found solution in: 4
I20260909 04:45:10.197527  1341 skeleton_planner.h:170] Found solution in: 3
I20260909 04:45:10.197541  1341 skeleton_planner.h:170] Found solution in: 5
I20260909 04:45:10.197562  1341 skeleton_planner.h:170] Found solution in: 8
I20260909 04:45:10.197587  1341 skeleton_planner.h:170] Found solution in: 9
I20260909 04:45:10.197634  1341 skeleton_planner.h:170] Found solution in: 14
I20260909 04:45:10.197660  1341 skeleton_planner.h:170] Found solution in: 6
I20260909 04:45:10.197671  1341 skeleton_planner.h:170] Found solution in: 3
I20260909 04:45:10.197690  1341 skeleton_planner.h:170] Found solution in: 5
I20260909 04:45:10.197700  1341 skeleton_planner.h:170] Found solution in: 3
I20260909 04:45:10.197721  1341 skeleton_planner.h:170] Found solution in: 6
I20260909 04:45:10.197736  1341 skeleton_planner.h:170] Found solution in: 4
I20260909 04:45:10.197742  1341 skeleton_planner.h:170] Found solution in: 2
I20260909 04:45:10.197746  1341 skeleton_planner.h:170] Found solution in: 1
I20260909 04:45:10.197762  1341 skeleton_planner.h:170] Found solution in: 5
I20260909 04:45:10.197768  1341 skeleton_planner.h:170] Found solution in: 2
I20260909 04:45:10.197784  1341 skeleton_planner.h:170] Found solution in: 5
I20260909 04:45:10.197799  1341 skeleton_planner.h:170] Found solution in: 5
I20260909 04:45:10.197821  1341 skeleton_planner.h:170] Found solution in: 8
I20260909 04:45:10.197841  1341 skeleton_planner.h:170] Found solution in: 6
I20260909 04:45:10.197855  1341 skeleton_planner.h:170] Found solution in: 4
I20260909 04:45:10.197883  1341 skeleton_planner.h:170] Found solution in: 9
I20260909 04:45:10.197898  1341 skeleton_planner.h:170] Found solution in: 4
I20260909 04:45:10.197908  1341 skeleton_planner.h:170] Found solution in: 3
I20260909 04:45:10.197934  1341 skeleton_planner.h:170] Found solution in: 8
I20260909 04:45:10.197958  1341 skeleton_planner.h:170] Found solution in: 7
I20260909 04:45:10.197964  1341 skeleton_planner.h:170] Found solution in: 1
I20260909 04:45:10.197999  1341 skeleton_planner.h:170] Found solution in: 11
I20260909 04:45:10.198005  1341 skeleton_planner.h:170] Found solution in: 1
I20260909 04:45:10.198014  1341 skeleton_planner.h:170] Found solution in: 3
I20260909 04:45:10.198024  1341 skeleton_planner.h:170] Found solution in: 3
I20260909 04:45:10.198031  1341 skeleton_planner.h:170] Found solution in: 2
I20260909 04:45:10.198056  1341 skeleton_planner.h:170] Found solution in: 8
I20260909 04:45:10.198071  1341 skeleton_planner.h:170] Found solution in: 4
I20260909 04:45:10.198086  1341 skeleton_planner.h:170] Found solution in: 4
I20260909 04:45:10.198099  1341 skeleton_planner.h:170] Found solution in: 5
I20260909 04:45:10.198110  1341 skeleton_planner.h:170] Found solution in: 3
I20260909 04:45:10.198137  1341 skeleton_planner.h:170] Found solution in: 11
I20260909 04:45:10.198150  1341 skeleton_planner.h:170] Found solution in: 4
I20260909 04:45:10.198168  1341 skeleton_planner.h:170] Found solution in: 5
I20260909 04:45:10.198215  1341 skeleton_planner.h:170] Found solution in: 13
I20260909 04:45:10.198242  1341 skeleton_planner.h:170] Found solution in: 6
I20260909 04:45:10.198256  1341 skeleton_planner.h:170] Found solution in: 4
I20260909 04:45:10.198272  1341 skeleton_planner.h:170] Found solution in: 5
I20260909 04:45:10.198295  1341 skeleton_planner.h:170] Found solution in: 9
I20260909 04:45:10.198309  1341 skeleton_planner.h:170] Found solution in: 4
I20260909 04:45:10.198336  1341 skeleton_planner.h:170] Found solution in: 11
I20260909 04:45:10.198365  1341 skeleton_planner.h:170] Found solution in: 11
I20260909 04:45:10.198380  1341 skeleton_planner.h:170] Found solution in: 5
I20260909 04:45:10.198390  1341 skeleton_planner.h:170] Found solution in: 3
I20260909 04:45:10.198491  1341 skeleton_planner.h:170] Found solution in: 39
I20260909 04:45:10.198534  1341 skeleton_planner.h:170] Found solution in: 11
I20260909 04:45:10.198578  1341 skeleton_planner.h:170] Found solution in: 14
I20260909 04:45:10.198597  1341 skeleton_planner.h:170] Found solution in: 4
I20260909 04:45:10.198616  1341 skeleton_planner.h:170] Found solution in: 6
I20260909 04:45:10.198623  1341 skeleton_planner.h:170] Found solution in: 2
I20260909 04:45:10.198637  1341 skeleton_planner.h:170] Found solution in: 4
I20260909 04:45:10.198647  1341 skeleton_planner.h:170] Found solution in: 3
I20260909 04:45:10.198658  1341 skeleton_planner.h:170] Found solution in: 4
I20260909 04:45:10.198669  1341 skeleton_planner.h:170] Found solution in: 3
I20260909 04:45:10.198673  1341 skeleton_planner.h:170] Found solution in: 1
I20260909 04:45:10.198690  1341 skeleton_planner.h:170] Found solution in: 5
I20260909 04:45:10.198710  1341 skeleton_planner.h:170] Found solution in: 6
I20260909 04:45:10.198729  1341 skeleton_planner.h:170] Found solution in: 5
I20260909 04:45:10.198741  1341 skeleton_planner.h:170] Found solution in: 4
I20260909 04:45:10.198756  1341 skeleton_planner.h:170] Found solution in: 5
I20260909 04:45:10.198771  1341 skeleton_planner.h:170] Found solution in: 5
I20260909 04:45:10.198776  1341 skeleton_planner.h:170] Found solution in: 1
I20260909 04:45:10.198779  1341 skeleton_planner.h:170] Found solution in: 1
I20260909 04:45:10.198782  1341 skeleton_planner.h:170] Found solution in: 1
I20260909 04:45:10.198814  1341 skeleton_planner.h:170] Found solution in: 10
I20260909 04:45:10.198838  1341 skeleton_planner.h:170] Found solution in: 5
I20260909 04:45:10.198861  1341 skeleton_planner.h:170] Found solution in: 7
I20260909 04:45:10.198875  1341 skeleton_planner.h:170] Found solution in: 4
I20260909 04:45:10.198910  1341 skeleton_planner.h:170] Found solution in: 11
I20260909 04:45:10.198968  1341 skeleton_planner.h:170] Found solution in: 17
I20260909 04:45:10.198997  1341 skeleton_planner.h:170] Found solution in: 5
I20260909 04:45:10.199079  1341 skeleton_planner.h:170] Found solution in: 28
I20260909 04:45:10.199128  1341 skeleton_planner.h:170] Found solution in: 9
I20260909 04:45:10.199144  1341 skeleton_planner.h:170] Found solution in: 5
I20260909 04:45:10.199156  1341 skeleton_planner.h:170] Found solution in: 4
I20260909 04:45:10.199183  1341 skeleton_planner.h:170] Found solution in: 8
I20260909 04:45:10.199198  1341 skeleton_planner.h:170] Found solution in: 4
I20260909 04:45:10.199224  1341 skeleton_planner.h:170] Found solution in: 8
I20260909 04:45:10.199285  1341 skeleton_planner.h:170] Found solution in: 18
I20260909 04:45:10.199334  1341 skeleton_planner.h:170] Found solution in: 12
I20260909 04:45:10.199479  1341 skeleton_planner.h:170] Found solution in: 40
I20260909 04:45:10.199493  1341 skeleton_generator.cpp:1655] [Simplify Vertices] Vertex removals: 932 / 946, Edges added: 318
I20260909 04:45:10.200030  1341 skeleton_generator.cpp:1697] [Subgraph] Number of disconnected subgraphs: 29
I20260909 04:45:10.204558  1341 skeleton_planner.h:170] Found solution in: 12
I20260909 04:45:10.204618  1341 skeleton_planner.h:170] Found solution in: 8
I20260909 04:45:10.205998  1341 skeleton_planner.h:170] Found solution in: 49
I20260909 04:45:10.208537  1341 skeleton_planner.h:170] Found solution in: 16
I20260909 04:45:10.208591  1341 skeleton_planner.h:170] Found solution in: 4
I20260909 04:45:10.212437  1341 skeleton_planner.h:170] Found solution in: 8
I20260909 04:45:10.218554  1341 skeleton_planner.h:170] Found solution in: 9
I20260909 04:45:10.218639  1341 skeleton_planner.h:170] Found solution in: 9
I20260909 04:45:10.218693  1341 skeleton_planner.h:170] Found solution in: 4
I20260909 04:45:10.218936  1341 skeleton_planner.h:170] Found solution in: 55
I20260909 04:45:10.218989  1341 skeleton_planner.h:170] Found solution in: 7
I20260909 04:45:10.219879  1341 skeleton_planner.h:170] Found solution in: 85
I20260909 04:45:10.221589  1341 skeleton_planner.h:170] Found solution in: 12
I20260909 04:45:10.221628  1341 skeleton_planner.h:170] Found solution in: 12
I20260909 04:45:10.221904  1341 skeleton_planner.h:170] Found solution in: 3
I20260909 04:45:10.222500  1341 skeleton_planner.h:170] Found solution in: 74
I20260909 04:45:10.222644  1341 skeleton_planner.h:170] Found solution in: 77
I20260909 04:45:10.222770  1341 skeleton_planner.h:170] Found solution in: 5
I20260909 04:45:10.222997  1341 skeleton_planner.h:170] Found solution in: 5
I20260909 04:45:10.223014  1341 skeleton_generator.cpp:1756] [Subgraph] Potential edge candidates: 95 diagram candidates: 19
I20260909 04:45:10.223083  1341 skeleton_generator.cpp:1771] [Subgraph] Final number of disconnected subgraphs: 11
I20260909 04:45:10.223088  1341 skeleton_generator.cpp:633] [Sparse Graph] Vertices: 1517 Edges: 2544
