I20260909 04:39:12.192721   333 skeleton_planner.h:31] Setting ESDF layer.
I20260909 04:39:12.290701   333 skeleton_generator.cpp:226] [GVD] Finished finding GVD candidates. Number of skeleton points: 69663 edges: 7357
I20260909 04:39:12.317123   333 skeleton_generator.cpp:1093] [Prune] Number of vertices before prune: 3003 Number of deleted vertices: 746
I20260909 04:39:12.325289   333 skeleton_planner.h:170] Found solution in: 1
I20260909 04:39:12.325304   333 skeleton_planner.h:170] Found solution in: 3
I20260909 04:39:12.325314   333 skeleton_planner.h:170] Found solution in: 1
I20260909 04:39:12.325320   333 skeleton_planner.h:170] Found solution in: 3
I20260909 04:39:12.325344   333 skeleton_planner.h:170] Found solution in: 7
I20260909 04:39:12.325354   333 skeleton_planner.h:170] Found solution in: 1
I20260909 04:39:12.325368   333 skeleton_planner.h:170] Found solution in: 13
I20260909 04:39:12.325376   333 skeleton_planner.h:170] Found solution in: 1
I20260909 04:39:12.325382   333 skeleton_planner.h:170] Found solution in: 1
I20260909 04:39:12.325392   333 skeleton_planner.h:170] Found solution in: 8
I20260909 04:39:12.325399   333 skeleton_planner.h:170] Found solution in: 1
I20260909 04:39:12.325404   333 skeleton_planner.h:170] Found solution in: 4
I20260909 04:39:12.325413   333 skeleton_planner.h:170] Found solution in: 1
I20260909 04:39:12.325417   333 skeleton_planner.h:170] Found solution in: 3
I20260909 04:39:12.325440   333 skeleton_planner.h:170] Found solution in: 6
I20260909 04:39:12.325452   333 skeleton_planner.h:170] Found solution in: 1
I20260909 04:39:12.325554   333 skeleton_planner.h:170] Found solution in: 6
I20260909 04:39:12.325565   333 skeleton_planner.h:170] Found solution in: 1
I20260909 04:39:12.325569   333 skeleton_planner.h:170] Found solution in: 3
I20260909 04:39:12.325582   333 skeleton_planner.h:170] Found solution in: 3
I20260909 04:39:12.325590   333 skeleton_planner.h:170] Found solution in: 1
I20260909 04:39:12.325605   333 skeleton_planner.h:170] Found solution in: 4
I20260909 04:39:12.325614   333 skeleton_planner.h:170] Found solution in: 1
I20260909 04:39:12.325671   333 skeleton_planner.h:170] Found solution in: 73
I20260909 04:39:12.325681   333 skeleton_planner.h:170] Found solution in: 8
I20260909 04:39:12.325690   333 skeleton_planner.h:170] Found solution in: 8
I20260909 04:39:12.325695   333 skeleton_planner.h:170] Found solution in: 1
I20260909 04:39:12.325699   333 skeleton_planner.h:170] Found solution in: 3
I20260909 04:39:12.325706   333 skeleton_planner.h:170] Found solution in: 8
I20260909 04:39:12.325794   333 skeleton_planner.h:170] Found solution in: 5
I20260909 04:39:12.325804   333 skeleton_planner.h:170] Found solution in: 1
I20260909 04:39:12.325807   333 skeleton_planner.h:170] Found solution in: 2
I20260909 04:39:12.325819   333 skeleton_planner.h:170] Found solution in: 3
I20260909 04:39:12.325830   333 skeleton_planner.h:170] Found solution in: 1
I20260909 04:39:12.325834   333 skeleton_planner.h:170] Found solution in: 2
I20260909 04:39:12.325845   333 skeleton_planner.h:170] Found solution in: 3
I20260909 04:39:12.325853   333 skeleton_planner.h:170] Found solution in: 1
I20260909 04:39:12.325887   333 skeleton_planner.h:170] Found solution in: 41
I20260909 04:39:12.325894   333 skeleton_planner.h:170] Found solution in: 5
I20260909 04:39:12.325902   333 skeleton_planner.h:170] Found solution in: 1
I20260909 04:39:12.325906   333 skeleton_planner.h:170] Found solution in: 3
I20260909 04:39:12.325917   333 skeleton_planner.h:170] Found solution in: 3
I20260909 04:39:12.325927   333 skeleton_planner.h:170] Found solution in: 1
I20260909 04:39:12.325934   333 skeleton_planner.h:170] Found solution in: 1
I20260909 04:39:12.325944   333 skeleton_planner.h:170] Found solution in: 10
I20260909 04:39:12.325986   333 skeleton_planner.h:170] Found solution in: 6
I20260909 04:39:12.325994   333 skeleton_planner.h:170] Found solution in: 1
I20260909 04:39:12.325997   333 skeleton_planner.h:170] Found solution in: 2
I20260909 04:39:12.326715   333 skeleton_planner.h:170] Found solution in: 9
I20260909 04:39:12.326730   333 skeleton_planner.h:170] Found solution in: 1
I20260909 04:39:12.326740   333 skeleton_planner.h:170] Found solution in: 10
I20260909 04:39:12.326747   333 skeleton_planner.h:170] Found solution in: 1
I20260909 04:39:12.326756   333 skeleton_planner.h:170] Found solution in: 8
I20260909 04:39:12.326764   333 skeleton_planner.h:170] Found solution in: 9
I20260909 04:39:12.326772   333 skeleton_planner.h:170] Found solution in: 1
I20260909 04:39:12.326776   333 skeleton_planner.h:170] Found solution in: 2
I20260909 04:39:12.326797   333 skeleton_planner.h:170] Found solution in: 6
I20260909 04:39:12.326807   333 skeleton_planner.h:170] Found solution in: 1
I20260909 04:39:12.326814   333 skeleton_planner.h:170] Found solution in: 8
I20260909 04:39:12.326826   333 skeleton_planner.h:170] Found solution in: 15
I20260909 04:39:12.326853   333 skeleton_planner.h:170] Found solution in: 34
I20260909 04:39:12.326860   333 skeleton_planner.h:170] Found solution in: 1
I20260909 04:39:12.326869   333 skeleton_planner.h:170] Found solution in: 1
I20260909 04:39:12.326875   333 skeleton_planner.h:170] Found solution in: 6
I20260909 04:39:12.326882   333 skeleton_planner.h:170] Found solution in: 1
I20260909 04:39:12.326887   333 skeleton_planner.h:170] Found solution in: 4
I20260909 04:39:12.326902   333 skeleton_planner.h:170] Found solution in: 4
I20260909 04:39:12.326913   333 skeleton_planner.h:170] Found solution in: 1
I20260909 04:39:12.326930   333 skeleton_planner.h:170] Found solution in: 3
I20260909 04:39:12.326939   333 skeleton_planner.h:170] Found solution in: 1
I20260909 04:39:12.326944   333 skeleton_planner.h:170] Found solution in: 4
I20260909 04:39:12.327041   333 skeleton_planner.h:170] Found solution in: 5
I20260909 04:39:12.327054   333 skeleton_planner.h:170] Found solution in: 1
I20260909 04:39:12.327070   333 skeleton_planner.h:170] Found solution in: 4
I20260909 04:39:12.327078   333 skeleton_planner.h:170] Found solution in: 1
I20260909 04:39:12.327085   333 skeleton_planner.h:170] Found solution in: 1
I20260909 04:39:12.327092   333 skeleton_planner.h:170] Found solution in: 8
I20260909 04:39:12.327109   333 skeleton_planner.h:170] Found solution in: 21
I20260909 04:39:12.327118   333 skeleton_planner.h:170] Found solution in: 1
I20260909 04:39:12.327123   333 skeleton_planner.h:170] Found solution in: 4
I20260909 04:39:12.327129   333 skeleton_planner.h:170] Found solution in: 6
I20260909 04:39:12.327135   333 skeleton_planner.h:170] Found solution in: 5
I20260909 04:39:12.327169   333 skeleton_planner.h:170] Found solution in: 9
I20260909 04:39:12.327178   333 skeleton_planner.h:170] Found solution in: 1
I20260909 04:39:12.327183   333 skeleton_planner.h:170] Found solution in: 2
I20260909 04:39:12.327196   333 skeleton_planner.h:170] Found solution in: 6
I20260909 04:39:12.327205   333 skeleton_planner.h:170] Found solution in: 1
I20260909 04:39:12.327230   333 skeleton_planner.h:170] Found solution in: 4
I20260909 04:39:12.327240   333 skeleton_planner.h:170] Found solution in: 1
I20260909 04:39:12.327250   333 skeleton_planner.h:170] Found solution in: 3
I20260909 04:39:12.327257   333 skeleton_planner.h:170] Found solution in: 1
I20260909 04:39:12.327265   333 skeleton_planner.h:170] Found solution in: 6
I20260909 04:39:12.327270   333 skeleton_planner.h:170] Found solution in: 6
I20260909 04:39:12.327294   333 skeleton_planner.h:170] Found solution in: 5
I20260909 04:39:12.327302   333 skeleton_planner.h:170] Found solution in: 1
I20260909 04:39:12.327307   333 skeleton_planner.h:170] Found solution in: 2
I20260909 04:39:12.327318   333 skeleton_planner.h:170] Found solution in: 4
I20260909 04:39:12.327327   333 skeleton_planner.h:170] Found solution in: 1
I20260909 04:39:12.327329   333 skeleton_planner.h:170] Found solution in: 2
I20260909 04:39:12.327339   333 skeleton_planner.h:170] Found solution in: 3
I20260909 04:39:12.327346   333 skeleton_planner.h:170] Found solution in: 1
I20260909 04:39:12.327359   333 skeleton_planner.h:170] Found solution in: 15
I20260909 04:39:12.327370   333 skeleton_planner.h:170] Found solution in: 7
I20260909 04:39:12.327378   333 skeleton_planner.h:170] Found solution in: 1
I20260909 04:39:12.327383   333 skeleton_planner.h:170] Found solution in: 5
I20260909 04:39:12.327390   333 skeleton_planner.h:170] Found solution in: 1
I20260909 04:39:12.327412   333 skeleton_planner.h:170] Found solution in: 20
I20260909 04:39:12.327419   333 skeleton_planner.h:170] Found solution in: 1
I20260909 04:39:12.327425   333 skeleton_planner.h:170] Found solution in: 4
I20260909 04:39:12.327438   333 skeleton_planner.h:170] Found solution in: 3
I20260909 04:39:12.327445   333 skeleton_planner.h:170] Found solution in: 1
I20260909 04:39:12.327448   333 skeleton_planner.h:170] Found solution in: 3
I20260909 04:39:12.327458   333 skeleton_planner.h:170] Found solution in: 3
I20260909 04:39:12.327464   333 skeleton_planner.h:170] Found solution in: 1
I20260909 04:39:12.327497   333 skeleton_planner.h:170] Found solution in: 17
I20260909 04:39:12.327514   333 skeleton_planner.h:170] Found solution in: 6
I20260909 04:39:12.327525   333 skeleton_planner.h:170] Found solution in: 1
I20260909 04:39:12.327611   333 skeleton_planner.h:170] Found solution in: 3
I20260909 04:39:12.327625   333 skeleton_planner.h:170] Found solution in: 1
I20260909 04:39:12.327641   333 skeleton_planner.h:170] Found solution in: 4
I20260909 04:39:12.327651   333 skeleton_planner.h:170] Found solution in: 1
I20260909 04:39:12.327663   333 skeleton_planner.h:170] Found solution in: 4
I20260909 04:39:12.327673   333 skeleton_planner.h:170] Found solution in: 1
I20260909 04:39:12.327766   333 skeleton_planner.h:170] Found solution in: 5
I20260909 04:39:12.327776   333 skeleton_planner.h:170] Found solution in: 1
I20260909 04:39:12.327783   333 skeleton_planner.h:170] Found solution in: 7
I20260909 04:39:12.327792   333 skeleton_planner.h:170] Found solution in: 1
I20260909 04:39:12.327797   333 skeleton_planner.h:170] Found solution in: 4
I20260909 04:39:12.327822   333 skeleton_planner.h:170] Found solution in: 30
I20260909 04:39:12.327836   333 skeleton_planner.h:170] Found solution in: 1
I20260909 04:39:12.327939   333 skeleton_planner.h:170] Found solution in: 5
I20260909 04:39:12.327947   333 skeleton_planner.h:170] Found solution in: 1
I20260909 04:39:12.327950   333 skeleton_planner.h:170] Found solution in: 3
I20260909 04:39:12.327962   333 skeleton_planner.h:170] Found solution in: 3
I20260909 04:39:12.327970   333 skeleton_planner.h:170] Found solution in: 1
I20260909 04:39:12.327991   333 skeleton_planner.h:170] Found solution in: 6
I20260909 04:39:12.328002   333 skeleton_planner.h:170] Found solution in: 1
I20260909 04:39:12.328028   333 skeleton_planner.h:170] Found solution in: 9
I20260909 04:39:12.328042   333 skeleton_planner.h:170] Found solution in: 1
I20260909 04:39:12.328111   333 skeleton_planner.h:170] Found solution in: 4
I20260909 04:39:12.328121   333 skeleton_planner.h:170] Found solution in: 1
I20260909 04:39:12.328133   333 skeleton_planner.h:170] Found solution in: 1
I20260909 04:39:12.328145   333 skeleton_planner.h:170] Found solution in: 11
I20260909 04:39:12.328154   333 skeleton_planner.h:170] Found solution in: 11
I20260909 04:39:12.328162   333 skeleton_planner.h:170] Found solution in: 1
I20260909 04:39:12.328249   333 skeleton_planner.h:170] Found solution in: 4
I20260909 04:39:12.328258   333 skeleton_planner.h:170] Found solution in: 1
I20260909 04:39:12.328262   333 skeleton_planner.h:170] Found solution in: 2
I20260909 04:39:12.328274   333 skeleton_planner.h:170] Found solution in: 4
I20260909 04:39:12.328280   333 skeleton_planner.h:170] Found solution in: 1
I20260909 04:39:12.328295   333 skeleton_planner.h:170] Found solution in: 6
I20260909 04:39:12.328303   333 skeleton_planner.h:170] Found solution in: 1
I20260909 04:39:12.328308   333 skeleton_planner.h:170] Found solution in: 2
I20260909 04:39:12.328327   333 skeleton_planner.h:170] Found solution in: 8
I20260909 04:39:12.328336   333 skeleton_planner.h:170] Found solution in: 1
I20260909 04:39:12.328343   333 skeleton_planner.h:170] Found solution in: 1
I20260909 04:39:12.328357   333 skeleton_planner.h:170] Found solution in: 3
I20260909 04:39:12.328366   333 skeleton_planner.h:170] Found solution in: 1
I20260909 04:39:12.328393   333 skeleton_planner.h:170] Found solution in: 3
I20260909 04:39:12.328400   333 skeleton_planner.h:170] Found solution in: 1
I20260909 04:39:12.328410   333 skeleton_planner.h:170] Found solution in: 10
I20260909 04:39:12.328418   333 skeleton_planner.h:170] Found solution in: 7
I20260909 04:39:12.328425   333 skeleton_planner.h:170] Found solution in: 10
I20260909 04:39:12.328502   333 skeleton_planner.h:170] Found solution in: 7
I20260909 04:39:12.328512   333 skeleton_planner.h:170] Found solution in: 1
I20260909 04:39:12.328516   333 skeleton_planner.h:170] Found solution in: 3
I20260909 04:39:12.328533   333 skeleton_planner.h:170] Found solution in: 19
I20260909 04:39:12.328606   333 skeleton_planner.h:170] Found solution in: 5
I20260909 04:39:12.328615   333 skeleton_planner.h:170] Found solution in: 1
I20260909 04:39:12.328619   333 skeleton_planner.h:170] Found solution in: 3
I20260909 04:39:12.328626   333 skeleton_planner.h:170] Found solution in: 1
I20260909 04:39:12.328634   333 skeleton_planner.h:170] Found solution in: 9
I20260909 04:39:12.328684   333 skeleton_planner.h:170] Found solution in: 6
I20260909 04:39:12.328692   333 skeleton_planner.h:170] Found solution in: 1
I20260909 04:39:12.328744   333 skeleton_planner.h:170] Found solution in: 5
I20260909 04:39:12.328752   333 skeleton_planner.h:170] Found solution in: 1
I20260909 04:39:12.328799   333 skeleton_planner.h:170] Found solution in: 5
I20260909 04:39:12.328809   333 skeleton_planner.h:170] Found solution in: 1
I20260909 04:39:12.328826   333 skeleton_planner.h:170] Found solution in: 23
I20260909 04:39:12.328835   333 skeleton_planner.h:170] Found solution in: 1
I20260909 04:39:12.328850   333 skeleton_planner.h:170] Found solution in: 4
I20260909 04:39:12.328858   333 skeleton_planner.h:170] Found solution in: 1
I20260909 04:39:12.328862   333 skeleton_planner.h:170] Found solution in: 2
I20260909 04:39:12.328873   333 skeleton_planner.h:170] Found solution in: 3
I20260909 04:39:12.328886   333 skeleton_planner.h:170] Found solution in: 1
I20260909 04:39:12.328890   333 skeleton_planner.h:170] Found solution in: 4
I20260909 04:39:12.328912   333 skeleton_planner.h:170] Found solution in: 8
I20260909 04:39:12.328924   333 skeleton_planner.h:170] Found solution in: 1
I20260909 04:39:12.328939   333 skeleton_planner.h:170] Found solution in: 16
I20260909 04:39:12.329037   333 skeleton_planner.h:170] Found solution in: 4
I20260909 04:39:12.329048   333 skeleton_planner.h:170] Found solution in: 1
I20260909 04:39:12.329061   333 skeleton_planner.h:170] Found solution in: 3
I20260909 04:39:12.329070   333 skeleton_planner.h:170] Found solution in: 1
I20260909 04:39:12.329082   333 skeleton_planner.h:170] Found solution in: 3
I20260909 04:39:12.329088   333 skeleton_planner.h:170] Found solution in: 1
I20260909 04:39:12.329092   333 skeleton_planner.h:170] Found solution in: 2
I20260909 04:39:12.329105   333 skeleton_planner.h:170] Found solution in: 4
I20260909 04:39:12.329116   333 skeleton_planner.h:170] Found solution in: 1
I20260909 04:39:12.329133   333 skeleton_planner.h:170] Found solution in: 3
I20260909 04:39:12.329144   333 skeleton_planner.h:170] Found solution in: 1
I20260909 04:39:12.329160   333 skeleton_planner.h:170] Found solution in: 3
I20260909 04:39:12.329167   333 skeleton_planner.h:170] Found solution in: 1
I20260909 04:39:12.329262   333 skeleton_planner.h:170] Found solution in: 3
I20260909 04:39:12.329272   333 skeleton_planner.h:170] Found solution in: 1
I20260909 04:39:12.329275   333 skeleton_planner.h:170] Found solution in: 2
I20260909 04:39:12.329288   333 skeleton_planner.h:170] Found solution in: 4
I20260909 04:39:12.329295   333 skeleton_planner.h:170] Found solution in: 1
I20260909 04:39:12.329304   333 skeleton_planner.h:170] Found solution in: 3
I20260909 04:39:12.329315   333 skeleton_planner.h:170] Found solution in: 1
I20260909 04:39:12.329334   333 skeleton_planner.h:170] Found solution in: 3
I20260909 04:39:12.329339   333 skeleton_planner.h:170] Found solution in: 1
I20260909 04:39:12.329358   333 skeleton_planner.h:170] Found solution in: 5
I20260909 04:39:12.329366   333 skeleton_planner.h:170] Found solution in: 1
I20260909 04:39:12.329450   333 skeleton_planner.h:170] Found solution in: 3
I20260909 04:39:12.329459   333 skeleton_planner.h:170] Found solution in: 1
I20260909 04:39:12.329464   333 skeleton_planner.h:170] Found solution in: 4
I20260909 04:39:12.329469   333 skeleton_planner.h:170] Found solution in: 1
I20260909 04:39:12.329536   333 skeleton_planner.h:170] Found solution in: 83
I20260909 04:39:12.329545   333 skeleton_planner.h:170] Found solution in: 1
I20260909 04:39:12.329547   333 skeleton_planner.h:170] Found solution in: 2
I20260909 04:39:12.329569   333 skeleton_planner.h:170] Found solution in: 5
I20260909 04:39:12.329577   333 skeleton_planner.h:170] Found solution in: 1
I20260909 04:39:12.329582   333 skeleton_planner.h:170] Found solution in: 1
I20260909 04:39:12.329596   333 skeleton_planner.h:170] Found solution in: 18
I20260909 04:39:12.329681   333 skeleton_planner.h:170] Found solution in: 4
I20260909 04:39:12.329690   333 skeleton_planner.h:170] Found solution in: 1
I20260909 04:39:12.329782   333 skeleton_planner.h:170] Found solution in: 4
I20260909 04:39:12.329790   333 skeleton_planner.h:170] Found solution in: 1
I20260909 04:39:12.329800   333 skeleton_planner.h:170] Found solution in: 3
I20260909 04:39:12.329807   333 skeleton_planner.h:170] Found solution in: 1
I20260909 04:39:12.329810   333 skeleton_planner.h:170] Found solution in: 3
I20260909 04:39:12.329823   333 skeleton_planner.h:170] Found solution in: 4
I20260909 04:39:12.329829   333 skeleton_planner.h:170] Found solution in: 1
I20260909 04:39:12.329845   333 skeleton_planner.h:170] Found solution in: 5
I20260909 04:39:12.329852   333 skeleton_planner.h:170] Found solution in: 1
I20260909 04:39:12.329931   333 skeleton_planner.h:170] Found solution in: 3
I20260909 04:39:12.329939   333 skeleton_planner.h:170] Found solution in: 1
I20260909 04:39:12.329952   333 skeleton_planner.h:170] Found solution in: 3
I20260909 04:39:12.329960   333 skeleton_planner.h:170] Found solution in: 1
I20260909 04:39:12.329972   333 skeleton_planner.h:170] Found solution in: 3
I20260909 04:39:12.329980   333 skeleton_planner.h:170] Found solution in: 1
I20260909 04:39:12.329993   333 skeleton_planner.h:170] Found solution in: 3
I20260909 04:39:12.329999   333 skeleton_planner.h:170] Found solution in: 1
I20260909 04:39:12.330065   333 skeleton_planner.h:170] Found solution in: 76
I20260909 04:39:12.330168   333 skeleton_planner.h:170] Found solution in: 4
I20260909 04:39:12.330181   333 skeleton_planner.h:170] Found solution in: 1
I20260909 04:39:12.330188   333 skeleton_planner.h:170] Found solution in: 5
I20260909 04:39:12.330194   333 skeleton_planner.h:170] Found solution in: 1
I20260909 04:39:12.330204   333 skeleton_planner.h:170] Found solution in: 11
I20260909 04:39:12.330304   333 skeleton_planner.h:170] Found solution in: 7
I20260909 04:39:12.330317   333 skeleton_planner.h:170] Found solution in: 1
I20260909 04:39:12.330325   333 skeleton_planner.h:170] Found solution in: 1
I20260909 04:39:12.330363   333 skeleton_planner.h:170] Found solution in: 50
I20260909 04:39:12.330374   333 skeleton_planner.h:170] Found solution in: 1
I20260909 04:39:12.330391   333 skeleton_planner.h:170] Found solution in: 4
I20260909 04:39:12.330401   333 skeleton_planner.h:170] Found solution in: 1
I20260909 04:39:12.330407   333 skeleton_planner.h:170] Found solution in: 6
I20260909 04:39:12.330420   333 skeleton_planner.h:170] Found solution in: 13
I20260909 04:39:12.330426   333 skeleton_planner.h:170] Found solution in: 1
I20260909 04:39:12.330435   333 skeleton_planner.h:170] Found solution in: 10
I20260909 04:39:12.330443   333 skeleton_planner.h:170] Found solution in: 1
I20260909 04:39:12.330451   333 skeleton_planner.h:170] Found solution in: 5
I20260909 04:39:12.330534   333 skeleton_planner.h:170] Found solution in: 5
I20260909 04:39:12.330541   333 skeleton_planner.h:170] Found solution in: 1
I20260909 04:39:12.330651   333 skeleton_planner.h:170] Found solution in: 20
I20260909 04:39:12.330664   333 skeleton_planner.h:170] Found solution in: 12
I20260909 04:39:12.330673   333 skeleton_planner.h:170] Found solution in: 1
I20260909 04:39:12.330678   333 skeleton_planner.h:170] Found solution in: 5
I20260909 04:39:12.330761   333 skeleton_planner.h:170] Found solution in: 4
I20260909 04:39:12.330770   333 skeleton_planner.h:170] Found solution in: 1
I20260909 04:39:12.330794   333 skeleton_planner.h:170] Found solution in: 7
I20260909 04:39:12.330803   333 skeleton_planner.h:170] Found solution in: 1
I20260909 04:39:12.330821   333 skeleton_planner.h:170] Found solution in: 7
I20260909 04:39:12.330832   333 skeleton_planner.h:170] Found solution in: 1
I20260909 04:39:12.330874   333 skeleton_planner.h:170] Found solution in: 4
I20260909 04:39:12.330885   333 skeleton_planner.h:170] Found solution in: 1
I20260909 04:39:12.330891   333 skeleton_planner.h:170] Found solution in: 5
I20260909 04:39:12.330977   333 skeleton_planner.h:170] Found solution in: 4
I20260909 04:39:12.330986   333 skeleton_planner.h:170] Found solution in: 1
I20260909 04:39:12.331032   333 skeleton_planner.h:170] Found solution in: 5
I20260909 04:39:12.331038   333 skeleton_planner.h:170] Found solution in: 1
I20260909 04:39:12.331043   333 skeleton_planner.h:170] Found solution in: 3
I20260909 04:39:12.331049   333 skeleton_planner.h:170] Found solution in: 1
I20260909 04:39:12.331131   333 skeleton_planner.h:170] Found solution in: 3
I20260909 04:39:12.331138   333 skeleton_planner.h:170] Found solution in: 1
I20260909 04:39:12.331144   333 skeleton_planner.h:170] Found solution in: 1
I20260909 04:39:12.331151   333 skeleton_planner.h:170] Found solution in: 1
I20260909 04:39:12.331164   333 skeleton_planner.h:170] Found solution in: 5
I20260909 04:39:12.331173   333 skeleton_planner.h:170] Found solution in: 1
I20260909 04:39:12.331180   333 skeleton_planner.h:170] Found solution in: 7
I20260909 04:39:12.331215   333 skeleton_planner.h:170] Found solution in: 7
I20260909 04:39:12.331224   333 skeleton_planner.h:170] Found solution in: 1
I20260909 04:39:12.331243   333 skeleton_planner.h:170] Found solution in: 6
I20260909 04:39:12.331254   333 skeleton_planner.h:170] Found solution in: 1
I20260909 04:39:12.331259   333 skeleton_planner.h:170] Found solution in: 3
I20260909 04:39:12.331347   333 skeleton_planner.h:170] Found solution in: 5
I20260909 04:39:12.331357   333 skeleton_planner.h:170] Found solution in: 1
I20260909 04:39:12.331362   333 skeleton_planner.h:170] Found solution in: 6
I20260909 04:39:12.331372   333 skeleton_planner.h:170] Found solution in: 1
I20260909 04:39:12.331374   333 skeleton_planner.h:170] Found solution in: 2
I20260909 04:39:12.331398   333 skeleton_planner.h:170] Found solution in: 8
I20260909 04:39:12.331406   333 skeleton_planner.h:170] Found solution in: 1
I20260909 04:39:12.331414   333 skeleton_planner.h:170] Found solution in: 1
I20260909 04:39:12.331424   333 skeleton_planner.h:170] Found solution in: 1
I20260909 04:39:12.331429   333 skeleton_planner.h:170] Found solution in: 3
I20260909 04:39:12.331441   333 skeleton_planner.h:170] Found solution in: 4
I20260909 04:39:12.331452   333 skeleton_planner.h:170] Found solution in: 1
I20260909 04:39:12.331481   333 skeleton_planner.h:170] Found solution in: 6
I20260909 04:39:12.331493   333 skeleton_planner.h:170] Found solution in: 1
I20260909 04:39:12.331496   333 skeleton_planner.h:170] Found solution in: 2
I20260909 04:39:12.331508   333 skeleton_planner.h:170] Found solution in: 4
I20260909 04:39:12.331518   333 skeleton_planner.h:170] Found solution in: 1
I20260909 04:39:12.331534   333 skeleton_planner.h:170] Found solution in: 5
I20260909 04:39:12.331547   333 skeleton_planner.h:170] Found solution in: 1
I20260909 04:39:12.331558   333 skeleton_planner.h:170] Found solution in: 3
I20260909 04:39:12.331565   333 skeleton_planner.h:170] Found solution in: 1
I20260909 04:39:12.331574   333 skeleton_planner.h:170] Found solution in: 1
I20260909 04:39:12.331600   333 skeleton_planner.h:170] Found solution in: 10
I20260909 04:39:12.331611   333 skeleton_planner.h:170] Found solution in: 1
I20260909 04:39:12.331620   333 skeleton_planner.h:170] Found solution in: 9
I20260909 04:39:12.331631   333 skeleton_planner.h:170] Found solution in: 1
I20260909 04:39:12.331705   333 skeleton_planner.h:170] Found solution in: 5
I20260909 04:39:12.331714   333 skeleton_planner.h:170] Found solution in: 1
I20260909 04:39:12.331719   333 skeleton_planner.h:170] Found solution in: 5
I20260909 04:39:12.331727   333 skeleton_planner.h:170] Found solution in: 7
I20260909 04:39:12.331735   333 skeleton_planner.h:170] Found solution in: 8
I20260909 04:39:12.331740   333 skeleton_planner.h:170] Found solution in: 1
I20260909 04:39:12.331746   333 skeleton_planner.h:170] Found solution in: 5
I20260909 04:39:12.331753   333 skeleton_planner.h:170] Found solution in: 8
I20260909 04:39:12.331758   333 skeleton_planner.h:170] Found solution in: 1
I20260909 04:39:12.331763   333 skeleton_planner.h:170] Found solution in: 5
I20260909 04:39:12.331769   333 skeleton_planner.h:170] Found solution in: 5
I20260909 04:39:12.331777   333 skeleton_planner.h:170] Found solution in: 1
I20260909 04:39:12.331792   333 skeleton_planner.h:170] Found solution in: 3
I20260909 04:39:12.331800   333 skeleton_planner.h:170] Found solution in: 1
I20260909 04:39:12.331815   333 skeleton_planner.h:170] Found solution in: 4
I20260909 04:39:12.331823   333 skeleton_planner.h:170] Found solution in: 1
I20260909 04:39:12.331826   333 skeleton_planner.h:170] Found solution in: 2
I20260909 04:39:12.331838   333 skeleton_planner.h:170] Found solution in: 4
I20260909 04:39:12.331846   333 skeleton_planner.h:170] Found solution in: 1
I20260909 04:39:12.331866   333 skeleton_planner.h:170] Found solution in: 6
I20260909 04:39:12.331874   333 skeleton_planner.h:170] Found solution in: 1
I20260909 04:39:12.331878   333 skeleton_planner.h:170] Found solution in: 3
I20260909 04:39:12.331889   333 skeleton_planner.h:170] Found solution in: 3
I20260909 04:39:12.331897   333 skeleton_planner.h:170] Found solution in: 1
I20260909 04:39:12.331908   333 skeleton_planner.h:170] Found solution in: 3
I20260909 04:39:12.331918   333 skeleton_planner.h:170] Found solution in: 1
I20260909 04:39:12.332010   333 skeleton_planner.h:170] Found solution in: 3
I20260909 04:39:12.332018   333 skeleton_planner.h:170] Found solution in: 1
I20260909 04:39:12.332023   333 skeleton_planner.h:170] Found solution in: 1
I20260909 04:39:12.332031   333 skeleton_planner.h:170] Found solution in: 8
I20260909 04:39:12.332036   333 skeleton_planner.h:170] Found solution in: 1
I20260909 04:39:12.332041   333 skeleton_planner.h:170] Found solution in: 7
I20260909 04:39:12.332048   333 skeleton_planner.h:170] Found solution in: 1
I20260909 04:39:12.332062   333 skeleton_planner.h:170] Found solution in: 3
I20260909 04:39:12.332072   333 skeleton_planner.h:170] Found solution in: 1
I20260909 04:39:12.332086   333 skeleton_planner.h:170] Found solution in: 4
I20260909 04:39:12.332095   333 skeleton_planner.h:170] Found solution in: 1
I20260909 04:39:12.332108   333 skeleton_planner.h:170] Found solution in: 3
I20260909 04:39:12.332118   333 skeleton_planner.h:170] Found solution in: 1
I20260909 04:39:12.332124   333 skeleton_planner.h:170] Found solution in: 3
I20260909 04:39:12.332137   333 skeleton_planner.h:170] Found solution in: 4
I20260909 04:39:12.332147   333 skeleton_planner.h:170] Found solution in: 1
I20260909 04:39:12.332157   333 skeleton_planner.h:170] Found solution in: 1
I20260909 04:39:12.332160   333 skeleton_planner.h:170] Found solution in: 2
I20260909 04:39:12.332185   333 skeleton_planner.h:170] Found solution in: 7
I20260909 04:39:12.332196   333 skeleton_planner.h:170] Found solution in: 1
I20260909 04:39:12.332227   333 skeleton_planner.h:170] Found solution in: 12
I20260909 04:39:12.332237   333 skeleton_planner.h:170] Found solution in: 1
I20260909 04:39:12.332248   333 skeleton_planner.h:170] Found solution in: 3
I20260909 04:39:12.332257   333 skeleton_planner.h:170] Found solution in: 1
I20260909 04:39:12.332268   333 skeleton_planner.h:170] Found solution in: 3
I20260909 04:39:12.332276   333 skeleton_planner.h:170] Found solution in: 1
I20260909 04:39:12.332294   333 skeleton_planner.h:170] Found solution in: 5
I20260909 04:39:12.332305   333 skeleton_planner.h:170] Found solution in: 1
I20260909 04:39:12.332312   333 skeleton_planner.h:170] Found solution in: 5
I20260909 04:39:12.332319   333 skeleton_planner.h:170] Found solution in: 7
I20260909 04:39:12.332326   333 skeleton_planner.h:170] Found solution in: 1
I20260909 04:39:12.332332   333 skeleton_planner.h:170] Found solution in: 7
I20260909 04:39:12.332338   333 skeleton_planner.h:170] Found solution in: 1
I20260909 04:39:12.332345   333 skeleton_planner.h:170] Found solution in: 7
I20260909 04:39:12.332353   333 skeleton_planner.h:170] Found solution in: 1
I20260909 04:39:12.332365   333 skeleton_planner.h:170] Found solution in: 1
I20260909 04:39:12.332368   333 skeleton_planner.h:170] Found solution in: 2
I20260909 04:39:12.332782   333 skeleton_planner.h:170] Found solution in: 27
I20260909 04:39:12.332840   333 skeleton_planner.h:170] Found solution in: 23
I20260909 04:39:12.332875   333 skeleton_planner.h:170] Found solution in: 12
I20260909 04:39:12.332887   333 skeleton_planner.h:170] Found solution in: 1
I20260909 04:39:12.333276   333 skeleton_planner.h:170] Found solution in: 23
I20260909 04:39:12.333338   333 skeleton_planner.h:170] Found solution in: 25
I20260909 04:39:12.333351   333 skeleton_planner.h:170] Found solution in: 1
I20260909 04:39:12.333355   333 skeleton_planner.h:170] Found solution in: 3
I20260909 04:39:12.333528   333 skeleton_planner.h:170] Found solution in: 20
I20260909 04:39:12.333580   333 skeleton_planner.h:170] Found solution in: 29
I20260909 04:39:12.333617   333 skeleton_planner.h:170] Found solution in: 18
I20260909 04:39:12.333629   333 skeleton_planner.h:170] Found solution in: 1
I20260909 04:39:12.333789   333 skeleton_planner.h:170] Found solution in: 25
I20260909 04:39:12.333832   333 skeleton_planner.h:170] Found solution in: 23
I20260909 04:39:12.333873   333 skeleton_planner.h:170] Found solution in: 22
I20260909 04:39:12.333884   333 skeleton_planner.h:170] Found solution in: 1
I20260909 04:39:12.333894   333 skeleton_planner.h:170] Found solution in: 1
I20260909 04:39:12.333904   333 skeleton_planner.h:170] Found solution in: 1
I20260909 04:39:12.333995   333 skeleton_planner.h:170] Found solution in: 5
I20260909 04:39:12.334005   333 skeleton_planner.h:170] Found solution in: 1
I20260909 04:39:12.334030   333 skeleton_planner.h:170] Found solution in: 7
I20260909 04:39:12.334043   333 skeleton_planner.h:170] Found solution in: 1
I20260909 04:39:12.334050   333 skeleton_planner.h:170] Found solution in: 7
I20260909 04:39:12.334057   333 skeleton_planner.h:170] Found solution in: 1
I20260909 04:39:12.334148   333 skeleton_planner.h:170] Found solution in: 4
I20260909 04:39:12.334156   333 skeleton_planner.h:170] Found solution in: 1
I20260909 04:39:12.334169   333 skeleton_planner.h:170] Found solution in: 15
I20260909 04:39:12.334223   333 skeleton_planner.h:170] Found solution in: 64
I20260909 04:39:12.334230   333 skeleton_planner.h:170] Found solution in: 1
I20260909 04:39:12.334262   333 skeleton_planner.h:170] Found solution in: 42
I20260909 04:39:12.334290   333 skeleton_planner.h:170] Found solution in: 33
I20260909 04:39:12.334296   333 skeleton_planner.h:170] Found solution in: 1
I20260909 04:39:12.334312   333 skeleton_planner.h:170] Found solution in: 16
I20260909 04:39:12.334345   333 skeleton_planner.h:170] Found solution in: 41
I20260909 04:39:12.334352   333 skeleton_planner.h:170] Found solution in: 5
I20260909 04:39:12.334358   333 skeleton_planner.h:170] Found solution in: 1
I20260909 04:39:12.334383   333 skeleton_planner.h:170] Found solution in: 27
I20260909 04:39:12.334393   333 skeleton_planner.h:170] Found solution in: 1
I20260909 04:39:12.334414   333 skeleton_planner.h:170] Found solution in: 26
I20260909 04:39:12.334429   333 skeleton_planner.h:170] Found solution in: 1
I20260909 04:39:12.334432   333 skeleton_planner.h:170] Found solution in: 3
I20260909 04:39:12.334447   333 skeleton_planner.h:170] Found solution in: 3
I20260909 04:39:12.334456   333 skeleton_planner.h:170] Found solution in: 1
I20260909 04:39:12.334476   333 skeleton_planner.h:170] Found solution in: 6
I20260909 04:39:12.334486   333 skeleton_planner.h:170] Found solution in: 1
I20260909 04:39:12.334491   333 skeleton_planner.h:170] Found solution in: 3
I20260909 04:39:12.334506   333 skeleton_planner.h:170] Found solution in: 4
I20260909 04:39:12.334512   333 skeleton_planner.h:170] Found solution in: 1
I20260909 04:39:12.334517   333 skeleton_planner.h:170] Found solution in: 5
I20260909 04:39:12.334522   333 skeleton_planner.h:170] Found solution in: 1
I20260909 04:39:12.334527   333 skeleton_planner.h:170] Found solution in: 4
I20260909 04:39:12.334548   333 skeleton_planner.h:170] Found solution in: 6
I20260909 04:39:12.334555   333 skeleton_planner.h:170] Found solution in: 1
I20260909 04:39:12.334573   333 skeleton_planner.h:170] Found solution in: 5
I20260909 04:39:12.334579   333 skeleton_planner.h:170] Found solution in: 1
I20260909 04:39:12.334582   333 skeleton_planner.h:170] Found solution in: 3
I20260909 04:39:12.334586   333 skeleton_planner.h:170] Found solution in: 3
I20260909 04:39:12.334947   333 skeleton_planner.h:170] Found solution in: 1
I20260909 04:39:12.334951   333 skeleton_planner.h:170] Found solution in: 3
I20260909 04:39:12.334955   333 skeleton_planner.h:170] Found solution in: 3
I20260909 04:39:12.335285   333 skeleton_planner.h:170] Found solution in: 1
I20260909 04:39:12.335289   333 skeleton_planner.h:170] Found solution in: 3
I20260909 04:39:12.335294   333 skeleton_planner.h:170] Found solution in: 3
I20260909 04:39:12.335625   333 skeleton_planner.h:170] Found solution in: 1
I20260909 04:39:12.335629   333 skeleton_planner.h:170] Found solution in: 2
I20260909 04:39:12.335638   333 skeleton_planner.h:170] Found solution in: 1
I20260909 04:39:12.335641   333 skeleton_planner.h:170] Found solution in: 2
I20260909 04:39:12.335647   333 skeleton_planner.h:170] Found solution in: 1
I20260909 04:39:12.335654   333 skeleton_planner.h:170] Found solution in: 4
I20260909 04:39:12.335657   333 skeleton_planner.h:170] Found solution in: 4
I20260909 04:39:12.335665   333 skeleton_planner.h:170] Found solution in: 1
I20260909 04:39:12.335681   333 skeleton_planner.h:170] Found solution in: 5
I20260909 04:39:12.335690   333 skeleton_planner.h:170] Found solution in: 1
I20260909 04:39:12.335693   333 skeleton_planner.h:170] Found solution in: 3
I20260909 04:39:12.335697   333 skeleton_planner.h:170] Found solution in: 4
I20260909 04:39:12.335706   333 skeleton_planner.h:170] Found solution in: 1
I20260909 04:39:12.335727   333 skeleton_planner.h:170] Found solution in: 4
I20260909 04:39:12.335736   333 skeleton_planner.h:170] Found solution in: 1
I20260909 04:39:12.335739   333 skeleton_planner.h:170] Found solution in: 3
I20260909 04:39:12.335744   333 skeleton_planner.h:170] Found solution in: 4
I20260909 04:39:12.335757   333 skeleton_planner.h:170] Found solution in: 1
I20260909 04:39:12.335760   333 skeleton_planner.h:170] Found solution in: 3
I20260909 04:39:12.336077   333 skeleton_planner.h:170] Found solution in: 18
I20260909 04:39:12.336089   333 skeleton_planner.h:170] Found solution in: 1
I20260909 04:39:12.336097   333 skeleton_planner.h:170] Found solution in: 1
I20260909 04:39:12.336107   333 skeleton_planner.h:170] Found solution in: 3
I20260909 04:39:12.336112   333 skeleton_planner.h:170] Found solution in: 1
I20260909 04:39:12.336122   333 skeleton_planner.h:170] Found solution in: 3
I20260909 04:39:12.336128   333 skeleton_planner.h:170] Found solution in: 1
I20260909 04:39:12.336133   333 skeleton_planner.h:170] Found solution in: 4
I20260909 04:39:12.336158   333 skeleton_planner.h:170] Found solution in: 6
I20260909 04:39:12.336167   333 skeleton_planner.h:170] Found solution in: 1
I20260909 04:39:12.336187   333 skeleton_planner.h:170] Found solution in: 6
I20260909 04:39:12.336195   333 skeleton_planner.h:170] Found solution in: 1
I20260909 04:39:12.336198   333 skeleton_planner.h:170] Found solution in: 3
I20260909 04:39:12.336210   333 skeleton_planner.h:170] Found solution in: 3
I20260909 04:39:12.336215   333 skeleton_planner.h:170] Found solution in: 1
I20260909 04:39:12.336225   333 skeleton_planner.h:170] Found solution in: 3
I20260909 04:39:12.336231   333 skeleton_planner.h:170] Found solution in: 1
I20260909 04:39:12.336241   333 skeleton_planner.h:170] Found solution in: 3
I20260909 04:39:12.336247   333 skeleton_planner.h:170] Found solution in: 1
I20260909 04:39:12.336258   333 skeleton_planner.h:170] Found solution in: 1
I20260909 04:39:12.336354   333 skeleton_planner.h:170] Found solution in: 3
I20260909 04:39:12.336366   333 skeleton_planner.h:170] Found solution in: 1
I20260909 04:39:12.336374   333 skeleton_planner.h:170] Found solution in: 1
I20260909 04:39:12.336385   333 skeleton_planner.h:170] Found solution in: 1
I20260909 04:39:12.336390   333 skeleton_planner.h:170] Found solution in: 1
I20260909 04:39:12.336398   333 skeleton_planner.h:170] Found solution in: 1
I20260909 04:39:12.336406   333 skeleton_planner.h:170] Found solution in: 8
I20260909 04:39:12.336416   333 skeleton_planner.h:170] Found solution in: 1
I20260909 04:39:12.336422   333 skeleton_planner.h:170] Found solution in: 6
I20260909 04:39:12.336521   333 skeleton_planner.h:170] Found solution in: 6
I20260909 04:39:12.336537   333 skeleton_planner.h:170] Found solution in: 1
I20260909 04:39:12.336542   333 skeleton_planner.h:170] Found solution in: 5
I20260909 04:39:12.336556   333 skeleton_planner.h:170] Found solution in: 5
I20260909 04:39:12.336567   333 skeleton_planner.h:170] Found solution in: 1
I20260909 04:39:12.336575   333 skeleton_planner.h:170] Found solution in: 1
I20260909 04:39:12.336788   333 skeleton_planner.h:170] Found solution in: 9
I20260909 04:39:12.336819   333 skeleton_planner.h:170] Found solution in: 6
I20260909 04:39:12.336826   333 skeleton_planner.h:170] Found solution in: 1
I20260909 04:39:12.337379   333 skeleton_planner.h:170] Found solution in: 8
I20260909 04:39:12.337387   333 skeleton_planner.h:170] Found solution in: 1
I20260909 04:39:12.337397   333 skeleton_planner.h:170] Found solution in: 3
I20260909 04:39:12.337404   333 skeleton_planner.h:170] Found solution in: 1
I20260909 04:39:12.337409   333 skeleton_planner.h:170] Found solution in: 1
I20260909 04:39:12.337414   333 skeleton_planner.h:170] Found solution in: 4
I20260909 04:39:12.337419   333 skeleton_planner.h:170] Found solution in: 5
I20260909 04:39:12.337425   333 skeleton_planner.h:170] Found solution in: 1
I20260909 04:39:12.337430   333 skeleton_planner.h:170] Found solution in: 4
I20260909 04:39:12.337435   333 skeleton_planner.h:170] Found solution in: 4
I20260909 04:39:12.337440   333 skeleton_planner.h:170] Found solution in: 1
I20260909 04:39:12.337445   333 skeleton_planner.h:170] Found solution in: 4
I20260909 04:39:12.337450   333 skeleton_planner.h:170] Found solution in: 5
I20260909 04:39:12.337463   333 skeleton_planner.h:170] Found solution in: 15
I20260909 04:39:12.337476   333 skeleton_planner.h:170] Found solution in: 1
I20260909 04:39:12.337484   333 skeleton_planner.h:170] Found solution in: 10
I20260909 04:39:12.337489   333 skeleton_planner.h:170] Found solution in: 1
I20260909 04:39:12.337497   333 skeleton_planner.h:170] Found solution in: 7
I20260909 04:39:12.337507   333 skeleton_planner.h:170] Found solution in: 6
I20260909 04:39:12.337514   333 skeleton_planner.h:170] Found solution in: 1
I20260909 04:39:12.337518   333 skeleton_planner.h:170] Found solution in: 4
I20260909 04:39:12.337524   333 skeleton_planner.h:170] Found solution in: 5
I20260909 04:39:12.337612   333 skeleton_planner.h:170] Found solution in: 5
I20260909 04:39:12.337621   333 skeleton_planner.h:170] Found solution in: 1
I20260909 04:39:12.337628   333 skeleton_planner.h:170] Found solution in: 8
I20260909 04:39:12.337634   333 skeleton_planner.h:170] Found solution in: 1
I20260909 04:39:12.337641   333 skeleton_planner.h:170] Found solution in: 1
I20260909 04:39:12.337646   333 skeleton_planner.h:170] Found solution in: 5
I20260909 04:39:12.337653   333 skeleton_planner.h:170] Found solution in: 6
I20260909 04:39:12.337658   333 skeleton_planner.h:170] Found solution in: 1
I20260909 04:39:12.337668   333 skeleton_planner.h:170] Found solution in: 11
I20260909 04:39:12.337674   333 skeleton_planner.h:170] Found solution in: 5
I20260909 04:39:12.337678   333 skeleton_planner.h:170] Found solution in: 1
I20260909 04:39:12.337689   333 skeleton_planner.h:170] Found solution in: 12
I20260909 04:39:12.337698   333 skeleton_planner.h:170] Found solution in: 9
I20260909 04:39:12.337706   333 skeleton_planner.h:170] Found solution in: 1
I20260909 04:39:12.337710   333 skeleton_planner.h:170] Found solution in: 3
I20260909 04:39:12.337728   333 skeleton_planner.h:170] Found solution in: 7
I20260909 04:39:12.337736   333 skeleton_planner.h:170] Found solution in: 1
I20260909 04:39:12.337944   333 skeleton_planner.h:170] Found solution in: 6
I20260909 04:39:12.337955   333 skeleton_planner.h:170] Found solution in: 12
I20260909 04:39:12.338181   333 skeleton_planner.h:170] Found solution in: 1
I20260909 04:39:12.338199   333 skeleton_planner.h:170] Found solution in: 21
I20260909 04:39:12.338263   333 skeleton_planner.h:170] Found solution in: 6
I20260909 04:39:12.338274   333 skeleton_planner.h:170] Found solution in: 1
I20260909 04:39:12.338280   333 skeleton_planner.h:170] Found solution in: 1
I20260909 04:39:12.338312   333 skeleton_planner.h:170] Found solution in: 6
I20260909 04:39:12.338322   333 skeleton_planner.h:170] Found solution in: 1
I20260909 04:39:12.338338   333 skeleton_planner.h:170] Found solution in: 4
I20260909 04:39:12.338346   333 skeleton_planner.h:170] Found solution in: 1
I20260909 04:39:12.338366   333 skeleton_planner.h:170] Found solution in: 6
I20260909 04:39:12.338374   333 skeleton_planner.h:170] Found solution in: 1
I20260909 04:39:12.338387   333 skeleton_planner.h:170] Found solution in: 3
I20260909 04:39:12.338394   333 skeleton_planner.h:170] Found solution in: 1
I20260909 04:39:12.338642   333 skeleton_planner.h:170] Found solution in: 13
I20260909 04:39:12.338650   333 skeleton_planner.h:170] Found solution in: 1
I20260909 04:39:12.338682   333 skeleton_planner.h:170] Found solution in: 11
I20260909 04:39:12.338691   333 skeleton_planner.h:170] Found solution in: 1
I20260909 04:39:12.338696   333 skeleton_planner.h:170] Found solution in: 3
I20260909 04:39:12.338879   333 skeleton_planner.h:170] Found solution in: 99
I20260909 04:39:12.338900   333 skeleton_planner.h:170] Found solution in: 5
I20260909 04:39:12.338907   333 skeleton_planner.h:170] Found solution in: 1
I20260909 04:39:12.338943   333 skeleton_planner.h:170] Found solution in: 4
I20260909 04:39:12.338951   333 skeleton_planner.h:170] Found solution in: 1
I20260909 04:39:12.338985   333 skeleton_planner.h:170] Found solution in: 3
I20260909 04:39:12.338991   333 skeleton_planner.h:170] Found solution in: 1
I20260909 04:39:12.339147   333 skeleton_planner.h:170] Found solution in: 78
I20260909 04:39:12.339159   333 skeleton_planner.h:170] Found solution in: 1
I20260909 04:39:12.339439   333 skeleton_planner.h:170] Found solution in: 29
I20260909 04:39:12.339448   333 skeleton_planner.h:170] Found solution in: 1
I20260909 04:39:12.339556   333 skeleton_planner.h:170] Found solution in: 56
I20260909 04:39:12.339566   333 skeleton_planner.h:170] Found solution in: 3
I20260909 04:39:12.339571   333 skeleton_planner.h:170] Found solution in: 1
I20260909 04:39:12.339574   333 skeleton_planner.h:170] Found solution in: 3
I20260909 04:39:12.339706   333 skeleton_planner.h:170] Found solution in: 72
I20260909 04:39:12.339721   333 skeleton_planner.h:170] Found solution in: 1
I20260909 04:39:12.339726   333 skeleton_planner.h:170] Found solution in: 2
I20260909 04:39:12.339736   333 skeleton_planner.h:170] Found solution in: 3
I20260909 04:39:12.339744   333 skeleton_planner.h:170] Found solution in: 1
I20260909 04:39:12.339754   333 skeleton_planner.h:170] Found solution in: 3
I20260909 04:39:12.339761   333 skeleton_planner.h:170] Found solution in: 1
I20260909 04:39:12.339768   333 skeleton_planner.h:170] Found solution in: 7
I20260909 04:39:12.339774   333 skeleton_planner.h:170] Found solution in: 1
I20260909 04:39:12.339799   333 skeleton_planner.h:170] Found solution in: 4
I20260909 04:39:12.339807   333 skeleton_planner.h:170] Found solution in: 1
I20260909 04:39:12.339813   333 skeleton_planner.h:170] Found solution in: 1
I20260909 04:39:12.339825   333 skeleton_planner.h:170] Found solution in: 3
I20260909 04:39:12.339835   333 skeleton_planner.h:170] Found solution in: 1
I20260909 04:39:12.339852   333 skeleton_planner.h:170] Found solution in: 20
I20260909 04:39:12.339859   333 skeleton_planner.h:170] Found solution in: 1
I20260909 04:39:12.339865   333 skeleton_planner.h:170] Found solution in: 1
I20260909 04:39:12.339870   333 skeleton_planner.h:170] Found solution in: 1
I20260909 04:39:12.339874   333 skeleton_planner.h:170] Found solution in: 3
I20260909 04:39:12.339895   333 skeleton_planner.h:170] Found solution in: 7
I20260909 04:39:12.339902   333 skeleton_planner.h:170] Found solution in: 1
I20260909 04:39:12.340271   333 skeleton_planner.h:170] Found solution in: 8
I20260909 04:39:12.340281   333 skeleton_planner.h:170] Found solution in: 1
I20260909 04:39:12.340284   333 skeleton_planner.h:170] Found solution in: 3
I20260909 04:39:12.340778   333 skeleton_planner.h:170] Found solution in: 1
I20260909 04:39:12.340782   333 skeleton_planner.h:170] Found solution in: 3
I20260909 04:39:12.340942   333 skeleton_planner.h:170] Found solution in: 1
I20260909 04:39:12.340957   333 skeleton_planner.h:170] Found solution in: 4
I20260909 04:39:12.340965   333 skeleton_planner.h:170] Found solution in: 1
I20260909 04:39:12.341009   333 skeleton_planner.h:170] Found solution in: 3
I20260909 04:39:12.341017   333 skeleton_planner.h:170] Found solution in: 1
I20260909 04:39:12.341023   333 skeleton_planner.h:170] Found solution in: 6
I20260909 04:39:12.341029   333 skeleton_planner.h:170] Found solution in: 1
I20260909 04:39:12.341035   333 skeleton_planner.h:170] Found solution in: 1
I20260909 04:39:12.341041   333 skeleton_planner.h:170] Found solution in: 7
I20260909 04:39:12.341153   333 skeleton_planner.h:170] Found solution in: 34
I20260909 04:39:12.341221   333 skeleton_planner.h:170] Found solution in: 11
I20260909 04:39:12.341235   333 skeleton_planner.h:170] Found solution in: 1
I20260909 04:39:12.341239   333 skeleton_planner.h:170] Found solution in: 3
I20260909 04:39:12.341575   333 skeleton_planner.h:170] Found solution in: 1
I20260909 04:39:12.341591   333 skeleton_planner.h:170] Found solution in: 16
I20260909 04:39:12.341881   333 skeleton_planner.h:170] Found solution in: 1
I20260909 04:39:12.341886   333 skeleton_planner.h:170] Found solution in: 5
I20260909 04:39:12.341892   333 skeleton_planner.h:170] Found solution in: 4
I20260909 04:39:12.341898   333 skeleton_planner.h:170] Found solution in: 9
I20260909 04:39:12.341903   333 skeleton_planner.h:170] Found solution in: 1
I20260909 04:39:12.341908   333 skeleton_planner.h:170] Found solution in: 5
I20260909 04:39:12.341914   333 skeleton_planner.h:170] Found solution in: 1
I20260909 04:39:12.341951   333 skeleton_planner.h:170] Found solution in: 3
I20260909 04:39:12.341958   333 skeleton_planner.h:170] Found solution in: 1
I20260909 04:39:12.341962   333 skeleton_planner.h:170] Found solution in: 4
I20260909 04:39:12.341988   333 skeleton_planner.h:170] Found solution in: 5
I20260909 04:39:12.341995   333 skeleton_planner.h:170] Found solution in: 1
I20260909 04:39:12.342001   333 skeleton_planner.h:170] Found solution in: 1
I20260909 04:39:12.342024   333 skeleton_planner.h:170] Found solution in: 6
I20260909 04:39:12.342032   333 skeleton_planner.h:170] Found solution in: 1
I20260909 04:39:12.342036   333 skeleton_planner.h:170] Found solution in: 3
I20260909 04:39:12.342057   333 skeleton_planner.h:170] Found solution in: 5
I20260909 04:39:12.342063   333 skeleton_planner.h:170] Found solution in: 1
I20260909 04:39:12.342092   333 skeleton_planner.h:170] Found solution in: 10
I20260909 04:39:12.342100   333 skeleton_planner.h:170] Found solution in: 1
I20260909 04:39:12.342103   333 skeleton_planner.h:170] Found solution in: 2
I20260909 04:39:12.342736   333 skeleton_planner.h:170] Found solution in: 1
I20260909 04:39:12.342741   333 skeleton_planner.h:170] Found solution in: 2
I20260909 04:39:12.343381   333 skeleton_planner.h:170] Found solution in: 1
I20260909 04:39:12.343648   333 skeleton_planner.h:170] Found solution in: 8
I20260909 04:39:12.343658   333 skeleton_planner.h:170] Found solution in: 1
I20260909 04:39:12.343683   333 skeleton_planner.h:170] Found solution in: 7
I20260909 04:39:12.343691   333 skeleton_planner.h:170] Found solution in: 1
I20260909 04:39:12.343696   333 skeleton_planner.h:170] Found solution in: 4
I20260909 04:39:12.343703   333 skeleton_planner.h:170] Found solution in: 5
I20260909 04:39:12.343707   333 skeleton_planner.h:170] Found solution in: 1
I20260909 04:39:12.343712   333 skeleton_planner.h:170] Found solution in: 4
I20260909 04:39:12.343722   333 skeleton_planner.h:170] Found solution in: 1
I20260909 04:39:12.343737   333 skeleton_planner.h:170] Found solution in: 4
I20260909 04:39:12.343748   333 skeleton_planner.h:170] Found solution in: 1
I20260909 04:39:12.343760   333 skeleton_planner.h:170] Found solution in: 3
I20260909 04:39:12.343768   333 skeleton_planner.h:170] Found solution in: 1
I20260909 04:39:12.343801   333 skeleton_planner.h:170] Found solution in: 36
I20260909 04:39:12.343822   333 skeleton_planner.h:170] Found solution in: 24
I20260909 04:39:12.343830   333 skeleton_planner.h:170] Found solution in: 1
I20260909 04:39:12.343847   333 skeleton_planner.h:170] Found solution in: 21
I20260909 04:39:12.343853   333 skeleton_planner.h:170] Found solution in: 1
I20260909 04:39:12.343938   333 skeleton_planner.h:170] Found solution in: 3
I20260909 04:39:12.343946   333 skeleton_planner.h:170] Found solution in: 1
I20260909 04:39:12.343950   333 skeleton_planner.h:170] Found solution in: 2
I20260909 04:39:12.343986   333 skeleton_planner.h:170] Found solution in: 14
I20260909 04:39:12.343997   333 skeleton_planner.h:170] Found solution in: 1
I20260909 04:39:12.344002   333 skeleton_planner.h:170] Found solution in: 1
I20260909 04:39:12.344007   333 skeleton_planner.h:170] Found solution in: 5
I20260909 04:39:12.344098   333 skeleton_planner.h:170] Found solution in: 5
I20260909 04:39:12.344106   333 skeleton_planner.h:170] Found solution in: 1
I20260909 04:39:12.344189   333 skeleton_planner.h:170] Found solution in: 4
I20260909 04:39:12.344200   333 skeleton_planner.h:170] Found solution in: 1
I20260909 04:39:12.344205   333 skeleton_planner.h:170] Found solution in: 3
I20260909 04:39:12.344568   333 skeleton_planner.h:170] Found solution in: 1
I20260909 04:39:12.344573   333 skeleton_planner.h:170] Found solution in: 3
I20260909 04:39:12.344753   333 skeleton_planner.h:170] Found solution in: 1
I20260909 04:39:12.344758   333 skeleton_planner.h:170] Found solution in: 2
I20260909 04:39:12.344764   333 skeleton_planner.h:170] Found solution in: 1
I20260909 04:39:12.344767   333 skeleton_planner.h:170] Found solution in: 2
I20260909 04:39:12.344776   333 skeleton_planner.h:170] Found solution in: 1
I20260909 04:39:12.344815   333 skeleton_planner.h:170] Found solution in: 4
I20260909 04:39:12.344825   333 skeleton_planner.h:170] Found solution in: 1
I20260909 04:39:12.344828   333 skeleton_planner.h:170] Found solution in: 2
I20260909 04:39:12.344842   333 skeleton_planner.h:170] Found solution in: 5
I20260909 04:39:12.344852   333 skeleton_planner.h:170] Found solution in: 1
I20260909 04:39:12.345258   333 skeleton_planner.h:170] Found solution in: 7
I20260909 04:39:12.345273   333 skeleton_planner.h:170] Found solution in: 1
I20260909 04:39:12.345276   333 skeleton_planner.h:170] Found solution in: 2
I20260909 04:39:12.345284   333 skeleton_planner.h:170] Found solution in: 1
I20260909 04:39:12.345288   333 skeleton_planner.h:170] Found solution in: 2
I20260909 04:39:12.345293   333 skeleton_planner.h:170] Found solution in: 1
I20260909 04:39:12.345381   333 skeleton_planner.h:170] Found solution in: 3
I20260909 04:39:12.345391   333 skeleton_planner.h:170] Found solution in: 1
I20260909 04:39:12.345474   333 skeleton_planner.h:170] Found solution in: 3
I20260909 04:39:12.345484   333 skeleton_planner.h:170] Found solution in: 1
I20260909 04:39:12.345489   333 skeleton_planner.h:170] Found solution in: 1
I20260909 04:39:12.345569   333 skeleton_planner.h:170] Found solution in: 3
I20260909 04:39:12.345577   333 skeleton_planner.h:170] Found solution in: 1
I20260909 04:39:12.345580   333 skeleton_planner.h:170] Found solution in: 3
I20260909 04:39:12.345597   333 skeleton_planner.h:170] Found solution in: 5
I20260909 04:39:12.345604   333 skeleton_planner.h:170] Found solution in: 1
I20260909 04:39:12.345610   333 skeleton_planner.h:170] Found solution in: 6
I20260909 04:39:12.345616   333 skeleton_planner.h:170] Found solution in: 1
I20260909 04:39:12.345623   333 skeleton_planner.h:170] Found solution in: 6
I20260909 04:39:12.345628   333 skeleton_planner.h:170] Found solution in: 1
I20260909 04:39:12.345635   333 skeleton_planner.h:170] Found solution in: 1
I20260909 04:39:12.345645   333 skeleton_planner.h:170] Found solution in: 1
I20260909 04:39:12.345651   333 skeleton_planner.h:170] Found solution in: 5
I20260909 04:39:12.346004   333 skeleton_planner.h:170] Found solution in: 7
I20260909 04:39:12.346015   333 skeleton_planner.h:170] Found solution in: 1
I20260909 04:39:12.346019   333 skeleton_planner.h:170] Found solution in: 3
I20260909 04:39:12.346031   333 skeleton_planner.h:170] Found solution in: 5
I20260909 04:39:12.346043   333 skeleton_planner.h:170] Found solution in: 1
I20260909 04:39:12.346129   333 skeleton_planner.h:170] Found solution in: 48
I20260909 04:39:12.346215   333 skeleton_planner.h:170] Found solution in: 43
I20260909 04:39:12.346233   333 skeleton_planner.h:170] Found solution in: 6
I20260909 04:39:12.346243   333 skeleton_planner.h:170] Found solution in: 1
I20260909 04:39:12.346336   333 skeleton_planner.h:170] Found solution in: 4
I20260909 04:39:12.346342   333 skeleton_planner.h:170] Found solution in: 1
I20260909 04:39:12.346359   333 skeleton_planner.h:170] Found solution in: 5
I20260909 04:39:12.346370   333 skeleton_planner.h:170] Found solution in: 1
I20260909 04:39:12.346376   333 skeleton_planner.h:170] Found solution in: 1
I20260909 04:39:12.346381   333 skeleton_planner.h:170] Found solution in: 4
I20260909 04:39:12.346396   333 skeleton_planner.h:170] Found solution in: 4
I20260909 04:39:12.346405   333 skeleton_planner.h:170] Found solution in: 1
I20260909 04:39:12.346410   333 skeleton_planner.h:170] Found solution in: 1
I20260909 04:39:12.346419   333 skeleton_planner.h:170] Found solution in: 1
I20260909 04:39:12.346447   333 skeleton_planner.h:170] Found solution in: 6
I20260909 04:39:12.346457   333 skeleton_planner.h:170] Found solution in: 1
I20260909 04:39:12.346462   333 skeleton_planner.h:170] Found solution in: 1
I20260909 04:39:12.346475   333 skeleton_planner.h:170] Found solution in: 3
I20260909 04:39:12.346482   333 skeleton_planner.h:170] Found solution in: 1
I20260909 04:39:12.346486   333 skeleton_planner.h:170] Found solution in: 3
I20260909 04:39:12.346500   333 skeleton_planner.h:170] Found solution in: 5
I20260909 04:39:12.346513   333 skeleton_planner.h:170] Found solution in: 1
I20260909 04:39:12.346518   333 skeleton_planner.h:170] Found solution in: 5
I20260909 04:39:12.346524   333 skeleton_planner.h:170] Found solution in: 1
I20260909 04:39:12.346530   333 skeleton_planner.h:170] Found solution in: 5
I20260909 04:39:12.346555   333 skeleton_planner.h:170] Found solution in: 8
I20260909 04:39:12.346565   333 skeleton_planner.h:170] Found solution in: 1
I20260909 04:39:12.346578   333 skeleton_planner.h:170] Found solution in: 3
I20260909 04:39:12.346587   333 skeleton_planner.h:170] Found solution in: 1
I20260909 04:39:12.346681   333 skeleton_planner.h:170] Found solution in: 4
I20260909 04:39:12.346691   333 skeleton_planner.h:170] Found solution in: 1
I20260909 04:39:12.346698   333 skeleton_planner.h:170] Found solution in: 9
I20260909 04:39:12.346724   333 skeleton_planner.h:170] Found solution in: 6
I20260909 04:39:12.346732   333 skeleton_planner.h:170] Found solution in: 1
I20260909 04:39:12.346745   333 skeleton_planner.h:170] Found solution in: 3
I20260909 04:39:12.346753   333 skeleton_planner.h:170] Found solution in: 1
I20260909 04:39:12.346757   333 skeleton_planner.h:170] Found solution in: 3
I20260909 04:39:12.346771   333 skeleton_planner.h:170] Found solution in: 4
I20260909 04:39:12.346778   333 skeleton_planner.h:170] Found solution in: 1
I20260909 04:39:12.346789   333 skeleton_planner.h:170] Found solution in: 3
I20260909 04:39:12.346797   333 skeleton_planner.h:170] Found solution in: 1
I20260909 04:39:12.346800   333 skeleton_planner.h:170] Found solution in: 2
I20260909 04:39:12.346818   333 skeleton_planner.h:170] Found solution in: 6
I20260909 04:39:12.346824   333 skeleton_planner.h:170] Found solution in: 1
I20260909 04:39:12.346835   333 skeleton_planner.h:170] Found solution in: 3
I20260909 04:39:12.346843   333 skeleton_planner.h:170] Found solution in: 1
I20260909 04:39:12.346846   333 skeleton_planner.h:170] Found solution in: 1
I20260909 04:39:12.346856   333 skeleton_planner.h:170] Found solution in: 11
I20260909 04:39:12.346863   333 skeleton_planner.h:170] Found solution in: 1
I20260909 04:39:12.346907   333 skeleton_planner.h:170] Found solution in: 58
I20260909 04:39:12.346917   333 skeleton_planner.h:170] Found solution in: 9
I20260909 04:39:12.347011   333 skeleton_planner.h:170] Found solution in: 4
I20260909 04:39:12.347020   333 skeleton_planner.h:170] Found solution in: 1
I20260909 04:39:12.347028   333 skeleton_planner.h:170] Found solution in: 6
I20260909 04:39:12.347034   333 skeleton_planner.h:170] Found solution in: 1
I20260909 04:39:12.347039   333 skeleton_planner.h:170] Found solution in: 1
I20260909 04:39:12.347052   333 skeleton_planner.h:170] Found solution in: 3
I20260909 04:39:12.347061   333 skeleton_planner.h:170] Found solution in: 1
I20260909 04:39:12.347146   333 skeleton_planner.h:170] Found solution in: 3
I20260909 04:39:12.347157   333 skeleton_planner.h:170] Found solution in: 1
I20260909 04:39:12.347162   333 skeleton_planner.h:170] Found solution in: 1
I20260909 04:39:12.347175   333 skeleton_planner.h:170] Found solution in: 3
I20260909 04:39:12.347182   333 skeleton_planner.h:170] Found solution in: 1
I20260909 04:39:12.347195   333 skeleton_planner.h:170] Found solution in: 4
I20260909 04:39:12.347203   333 skeleton_planner.h:170] Found solution in: 1
I20260909 04:39:12.347206   333 skeleton_planner.h:170] Found solution in: 4
I20260909 04:39:12.347215   333 skeleton_planner.h:170] Found solution in: 11
I20260909 04:39:12.347220   333 skeleton_planner.h:170] Found solution in: 5
I20260909 04:39:12.347251   333 skeleton_planner.h:170] Found solution in: 6
I20260909 04:39:12.347259   333 skeleton_planner.h:170] Found solution in: 1
I20260909 04:39:12.347262   333 skeleton_planner.h:170] Found solution in: 2
I20260909 04:39:12.347287   333 skeleton_planner.h:170] Found solution in: 7
I20260909 04:39:12.347299   333 skeleton_planner.h:170] Found solution in: 1
I20260909 04:39:12.347306   333 skeleton_planner.h:170] Found solution in: 5
I20260909 04:39:12.347330   333 skeleton_planner.h:170] Found solution in: 5
I20260909 04:39:12.347340   333 skeleton_planner.h:170] Found solution in: 1
I20260909 04:39:12.347347   333 skeleton_planner.h:170] Found solution in: 1
I20260909 04:39:12.347357   333 skeleton_planner.h:170] Found solution in: 8
I20260909 04:39:12.347429   333 skeleton_planner.h:170] Found solution in: 85
I20260909 04:39:12.347443   333 skeleton_planner.h:170] Found solution in: 1
I20260909 04:39:12.347463   333 skeleton_planner.h:170] Found solution in: 6
I20260909 04:39:12.347472   333 skeleton_planner.h:170] Found solution in: 1
I20260909 04:39:12.347477   333 skeleton_planner.h:170] Found solution in: 5
I20260909 04:39:12.347482   333 skeleton_planner.h:170] Found solution in: 1
I20260909 04:39:12.347493   333 skeleton_planner.h:170] Found solution in: 13
I20260909 04:39:12.347499   333 skeleton_planner.h:170] Found solution in: 1
I20260909 04:39:12.347528   333 skeleton_planner.h:170] Found solution in: 5
I20260909 04:39:12.347537   333 skeleton_planner.h:170] Found solution in: 1
I20260909 04:39:12.347543   333 skeleton_planner.h:170] Found solution in: 6
I20260909 04:39:12.347551   333 skeleton_planner.h:170] Found solution in: 1
I20260909 04:39:12.347554   333 skeleton_planner.h:170] Found solution in: 2
I20260909 04:39:12.348345   333 skeleton_planner.h:170] Found solution in: 1
I20260909 04:39:12.348348   333 skeleton_planner.h:170] Found solution in: 2
I20260909 04:39:12.349310   333 skeleton_planner.h:170] Found solution in: 1
I20260909 04:39:12.349314   333 skeleton_planner.h:170] Found solution in: 2
I20260909 04:39:12.349503   333 skeleton_planner.h:170] Found solution in: 6
I20260909 04:39:12.349510   333 skeleton_planner.h:170] Found solution in: 1
I20260909 04:39:12.349690   333 skeleton_planner.h:170] Found solution in: 6
I20260909 04:39:12.349697   333 skeleton_planner.h:170] Found solution in: 1
I20260909 04:39:12.350054   333 skeleton_planner.h:170] Found solution in: 1
I20260909 04:39:12.350262   333 skeleton_planner.h:170] Found solution in: 4
I20260909 04:39:12.350271   333 skeleton_planner.h:170] Found solution in: 1
I20260909 04:39:12.350279   333 skeleton_planner.h:170] Found solution in: 3
I20260909 04:39:12.350497   333 skeleton_planner.h:170] Found solution in: 7
I20260909 04:39:12.350507   333 skeleton_planner.h:170] Found solution in: 1
I20260909 04:39:12.350535   333 skeleton_planner.h:170] Found solution in: 8
I20260909 04:39:12.350543   333 skeleton_planner.h:170] Found solution in: 1
I20260909 04:39:12.350611   333 skeleton_planner.h:170] Found solution in: 34
I20260909 04:39:12.350621   333 skeleton_planner.h:170] Found solution in: 4
I20260909 04:39:12.350627   333 skeleton_planner.h:170] Found solution in: 1
I20260909 04:39:12.350630   333 skeleton_planner.h:170] Found solution in: 3
I20260909 04:39:12.350647   333 skeleton_planner.h:170] Found solution in: 6
I20260909 04:39:12.350656   333 skeleton_planner.h:170] Found solution in: 1
I20260909 04:39:12.351464   333 skeleton_planner.h:170] Found solution in: 8
I20260909 04:39:12.351475   333 skeleton_planner.h:170] Found solution in: 1
I20260909 04:39:12.351491   333 skeleton_planner.h:170] Found solution in: 4
I20260909 04:39:12.351501   333 skeleton_planner.h:170] Found solution in: 1
I20260909 04:39:12.351513   333 skeleton_planner.h:170] Found solution in: 13
I20260909 04:39:12.351523   333 skeleton_planner.h:170] Found solution in: 1
I20260909 04:39:12.351527   333 skeleton_planner.h:170] Found solution in: 3
I20260909 04:39:12.351550   333 skeleton_planner.h:170] Found solution in: 7
I20260909 04:39:12.351563   333 skeleton_planner.h:170] Found solution in: 1
I20260909 04:39:12.351577   333 skeleton_planner.h:170] Found solution in: 3
I20260909 04:39:12.351588   333 skeleton_planner.h:170] Found solution in: 1
I20260909 04:39:12.351612   333 skeleton_planner.h:170] Found solution in: 7
I20260909 04:39:12.351622   333 skeleton_planner.h:170] Found solution in: 1
I20260909 04:39:12.351629   333 skeleton_planner.h:170] Found solution in: 4
I20260909 04:39:12.351634   333 skeleton_planner.h:170] Found solution in: 4
I20260909 04:39:12.351639   333 skeleton_planner.h:170] Found solution in: 1
I20260909 04:39:12.351643   333 skeleton_planner.h:170] Found solution in: 4
I20260909 04:39:12.351647   333 skeleton_planner.h:170] Found solution in: 4
I20260909 04:39:12.351651   333 skeleton_planner.h:170] Found solution in: 1
I20260909 04:39:12.351656   333 skeleton_planner.h:170] Found solution in: 4
I20260909 04:39:12.351661   333 skeleton_planner.h:170] Found solution in: 4
I20260909 04:39:12.351668   333 skeleton_planner.h:170] Found solution in: 1
I20260909 04:39:12.351675   333 skeleton_planner.h:170] Found solution in: 6
I20260909 04:39:12.351696   333 skeleton_planner.h:170] Found solution in: 5
I20260909 04:39:12.351708   333 skeleton_planner.h:170] Found solution in: 1
I20260909 04:39:12.351715   333 skeleton_planner.h:170] Found solution in: 1
I20260909 04:39:12.351720   333 skeleton_planner.h:170] Found solution in: 5
I20260909 04:39:12.351739   333 skeleton_planner.h:170] Found solution in: 5
I20260909 04:39:12.351747   333 skeleton_planner.h:170] Found solution in: 1
I20260909 04:39:12.351750   333 skeleton_planner.h:170] Found solution in: 2
I20260909 04:39:12.351763   333 skeleton_planner.h:170] Found solution in: 4
I20260909 04:39:12.351770   333 skeleton_planner.h:170] Found solution in: 1
I20260909 04:39:12.351783   333 skeleton_planner.h:170] Found solution in: 4
I20260909 04:39:12.351794   333 skeleton_planner.h:170] Found solution in: 1
I20260909 04:39:12.351801   333 skeleton_planner.h:170] Found solution in: 1
I20260909 04:39:12.351805   333 skeleton_planner.h:170] Found solution in: 2
I20260909 04:39:12.351810   333 skeleton_planner.h:170] Found solution in: 1
I20260909 04:39:12.351814   333 skeleton_planner.h:170] Found solution in: 2
I20260909 04:39:12.351821   333 skeleton_planner.h:170] Found solution in: 1
I20260909 04:39:12.351903   333 skeleton_planner.h:170] Found solution in: 3
I20260909 04:39:12.351915   333 skeleton_planner.h:170] Found solution in: 1
I20260909 04:39:12.351918   333 skeleton_planner.h:170] Found solution in: 2
I20260909 04:39:12.351940   333 skeleton_planner.h:170] Found solution in: 6
I20260909 04:39:12.351953   333 skeleton_planner.h:170] Found solution in: 1
I20260909 04:39:12.352043   333 skeleton_planner.h:170] Found solution in: 3
I20260909 04:39:12.352051   333 skeleton_planner.h:170] Found solution in: 1
I20260909 04:39:12.352058   333 skeleton_planner.h:170] Found solution in: 1
I20260909 04:39:12.352082   333 skeleton_planner.h:170] Found solution in: 6
I20260909 04:39:12.352092   333 skeleton_planner.h:170] Found solution in: 1
I20260909 04:39:12.352176   333 skeleton_planner.h:170] Found solution in: 3
I20260909 04:39:12.352185   333 skeleton_planner.h:170] Found solution in: 1
I20260909 04:39:12.352279   333 skeleton_planner.h:170] Found solution in: 6
I20260909 04:39:12.352291   333 skeleton_planner.h:170] Found solution in: 1
I20260909 04:39:12.352295   333 skeleton_planner.h:170] Found solution in: 2
I20260909 04:39:12.352313   333 skeleton_planner.h:170] Found solution in: 8
I20260909 04:39:12.352321   333 skeleton_planner.h:170] Found solution in: 1
I20260909 04:39:12.352324   333 skeleton_planner.h:170] Found solution in: 3
I20260909 04:39:12.352337   333 skeleton_planner.h:170] Found solution in: 4
I20260909 04:39:12.352344   333 skeleton_planner.h:170] Found solution in: 1
I20260909 04:39:12.352353   333 skeleton_planner.h:170] Found solution in: 3
I20260909 04:39:12.352360   333 skeleton_planner.h:170] Found solution in: 1
I20260909 04:39:12.352383   333 skeleton_planner.h:170] Found solution in: 10
I20260909 04:39:12.352392   333 skeleton_planner.h:170] Found solution in: 1
I20260909 04:39:12.352399   333 skeleton_planner.h:170] Found solution in: 1
I20260909 04:39:12.352404   333 skeleton_planner.h:170] Found solution in: 4
I20260909 04:39:12.352428   333 skeleton_planner.h:170] Found solution in: 5
I20260909 04:39:12.352440   333 skeleton_planner.h:170] Found solution in: 1
I20260909 04:39:12.352443   333 skeleton_planner.h:170] Found solution in: 2
I20260909 04:39:12.352448   333 skeleton_planner.h:170] Found solution in: 1
I20260909 04:39:12.352470   333 skeleton_planner.h:170] Found solution in: 4
I20260909 04:39:12.352480   333 skeleton_planner.h:170] Found solution in: 1
I20260909 04:39:12.352484   333 skeleton_planner.h:170] Found solution in: 2
I20260909 04:39:12.352491   333 skeleton_planner.h:170] Found solution in: 1
I20260909 04:39:12.352495   333 skeleton_planner.h:170] Found solution in: 2
I20260909 04:39:12.352510   333 skeleton_planner.h:170] Found solution in: 5
I20260909 04:39:12.352519   333 skeleton_planner.h:170] Found solution in: 1
I20260909 04:39:12.352524   333 skeleton_planner.h:170] Found solution in: 1
I20260909 04:39:12.352545   333 skeleton_planner.h:170] Found solution in: 6
I20260909 04:39:12.352553   333 skeleton_planner.h:170] Found solution in: 1
I20260909 04:39:12.352571   333 skeleton_planner.h:170] Found solution in: 6
I20260909 04:39:12.352581   333 skeleton_planner.h:170] Found solution in: 1
I20260909 04:39:12.352602   333 skeleton_planner.h:170] Found solution in: 7
I20260909 04:39:12.352612   333 skeleton_planner.h:170] Found solution in: 1
I20260909 04:39:12.352626   333 skeleton_planner.h:170] Found solution in: 17
I20260909 04:39:12.352638   333 skeleton_planner.h:170] Found solution in: 1
I20260909 04:39:12.352645   333 skeleton_planner.h:170] Found solution in: 1
I20260909 04:39:12.352651   333 skeleton_planner.h:170] Found solution in: 6
I20260909 04:39:12.352671   333 skeleton_planner.h:170] Found solution in: 6
I20260909 04:39:12.352682   333 skeleton_planner.h:170] Found solution in: 1
I20260909 04:39:12.352689   333 skeleton_planner.h:170] Found solution in: 7
I20260909 04:39:12.352694   333 skeleton_planner.h:170] Found solution in: 1
I20260909 04:39:12.352700   333 skeleton_planner.h:170] Found solution in: 8
I20260909 04:39:12.352707   333 skeleton_planner.h:170] Found solution in: 7
I20260909 04:39:12.352711   333 skeleton_planner.h:170] Found solution in: 1
I20260909 04:39:12.352720   333 skeleton_planner.h:170] Found solution in: 11
I20260909 04:39:12.352728   333 skeleton_planner.h:170] Found solution in: 1
I20260909 04:39:12.352766   333 skeleton_planner.h:170] Found solution in: 4
I20260909 04:39:12.352773   333 skeleton_planner.h:170] Found solution in: 1
I20260909 04:39:12.352777   333 skeleton_planner.h:170] Found solution in: 3
I20260909 04:39:12.352790   333 skeleton_planner.h:170] Found solution in: 4
I20260909 04:39:12.352799   333 skeleton_planner.h:170] Found solution in: 1
I20260909 04:39:12.352807   333 skeleton_planner.h:170] Found solution in: 1
I20260909 04:39:12.352818   333 skeleton_planner.h:170] Found solution in: 3
I20260909 04:39:12.352828   333 skeleton_planner.h:170] Found solution in: 1
I20260909 04:39:12.352846   333 skeleton_planner.h:170] Found solution in: 5
I20260909 04:39:12.352855   333 skeleton_planner.h:170] Found solution in: 1
I20260909 04:39:12.352859   333 skeleton_planner.h:170] Found solution in: 3
I20260909 04:39:12.352870   333 skeleton_planner.h:170] Found solution in: 3
I20260909 04:39:12.352880   333 skeleton_planner.h:170] Found solution in: 1
I20260909 04:39:12.352900   333 skeleton_planner.h:170] Found solution in: 5
I20260909 04:39:12.352909   333 skeleton_planner.h:170] Found solution in: 1
I20260909 04:39:12.353003   333 skeleton_planner.h:170] Found solution in: 4
I20260909 04:39:12.353011   333 skeleton_planner.h:170] Found solution in: 1
I20260909 04:39:12.353103   333 skeleton_planner.h:170] Found solution in: 3
I20260909 04:39:12.353111   333 skeleton_planner.h:170] Found solution in: 1
I20260909 04:39:12.353148   333 skeleton_planner.h:170] Found solution in: 4
I20260909 04:39:12.353157   333 skeleton_planner.h:170] Found solution in: 1
I20260909 04:39:12.353243   333 skeleton_planner.h:170] Found solution in: 3
I20260909 04:39:12.353255   333 skeleton_planner.h:170] Found solution in: 1
I20260909 04:39:12.353262   333 skeleton_planner.h:170] Found solution in: 1
I20260909 04:39:12.353274   333 skeleton_planner.h:170] Found solution in: 1
I20260909 04:39:12.353281   333 skeleton_planner.h:170] Found solution in: 1
I20260909 04:39:12.353286   333 skeleton_planner.h:170] Found solution in: 1
I20260909 04:39:12.353302   333 skeleton_planner.h:170] Found solution in: 6
I20260909 04:39:12.353309   333 skeleton_planner.h:170] Found solution in: 1
I20260909 04:39:12.353314   333 skeleton_planner.h:170] Found solution in: 1
I20260909 04:39:12.353324   333 skeleton_planner.h:170] Found solution in: 3
I20260909 04:39:12.353607   333 skeleton_planner.h:170] Found solution in: 1
I20260909 04:39:12.353612   333 skeleton_planner.h:170] Found solution in: 3
I20260909 04:39:12.353641   333 skeleton_planner.h:170] Found solution in: 11
I20260909 04:39:12.353650   333 skeleton_planner.h:170] Found solution in: 1
I20260909 04:39:12.353657   333 skeleton_planner.h:170] Found solution in: 1
I20260909 04:39:12.353673   333 skeleton_planner.h:170] Found solution in: 20
I20260909 04:39:12.353679   333 skeleton_planner.h:170] Found solution in: 5
I20260909 04:39:12.353685   333 skeleton_planner.h:170] Found solution in: 1
I20260909 04:39:12.353690   333 skeleton_planner.h:170] Found solution in: 5
I20260909 04:39:12.353701   333 skeleton_planner.h:170] Found solution in: 13
I20260909 04:39:12.353709   333 skeleton_planner.h:170] Found solution in: 1
I20260909 04:39:12.353714   333 skeleton_planner.h:170] Found solution in: 5
I20260909 04:39:12.353718   333 skeleton_planner.h:170] Found solution in: 1
I20260909 04:39:12.353726   333 skeleton_planner.h:170] Found solution in: 10
I20260909 04:39:12.353734   333 skeleton_planner.h:170] Found solution in: 1
I20260909 04:39:12.353747   333 skeleton_planner.h:170] Found solution in: 16
I20260909 04:39:12.353755   333 skeleton_planner.h:170] Found solution in: 1
I20260909 04:39:12.353766   333 skeleton_planner.h:170] Found solution in: 3
I20260909 04:39:12.353775   333 skeleton_planner.h:170] Found solution in: 1
I20260909 04:39:12.353787   333 skeleton_planner.h:170] Found solution in: 15
I20260909 04:39:12.353864   333 skeleton_planner.h:170] Found solution in: 4
I20260909 04:39:12.353871   333 skeleton_planner.h:170] Found solution in: 1
I20260909 04:39:12.353883   333 skeleton_planner.h:170] Found solution in: 3
I20260909 04:39:12.353895   333 skeleton_planner.h:170] Found solution in: 1
I20260909 04:39:12.353909   333 skeleton_planner.h:170] Found solution in: 3
I20260909 04:39:12.353919   333 skeleton_planner.h:170] Found solution in: 1
I20260909 04:39:12.353926   333 skeleton_planner.h:170] Found solution in: 7
I20260909 04:39:12.353933   333 skeleton_planner.h:170] Found solution in: 1
I20260909 04:39:12.353940   333 skeleton_planner.h:170] Found solution in: 1
I20260909 04:39:12.353945   333 skeleton_planner.h:170] Found solution in: 1
I20260909 04:39:12.354028   333 skeleton_planner.h:170] Found solution in: 4
I20260909 04:39:12.354035   333 skeleton_planner.h:170] Found solution in: 1
I20260909 04:39:12.354041   333 skeleton_planner.h:170] Found solution in: 1
I20260909 04:39:12.354130   333 skeleton_planner.h:170] Found solution in: 6
I20260909 04:39:12.354140   333 skeleton_planner.h:170] Found solution in: 1
I20260909 04:39:12.354146   333 skeleton_planner.h:170] Found solution in: 1
I20260909 04:39:12.354241   333 skeleton_planner.h:170] Found solution in: 4
I20260909 04:39:12.354252   333 skeleton_planner.h:170] Found solution in: 1
I20260909 04:39:12.354290   333 skeleton_planner.h:170] Found solution in: 8
I20260909 04:39:12.354298   333 skeleton_planner.h:170] Found solution in: 1
I20260909 04:39:12.354305   333 skeleton_planner.h:170] Found solution in: 6
I20260909 04:39:12.354314   333 skeleton_planner.h:170] Found solution in: 1
I20260909 04:39:12.354321   333 skeleton_planner.h:170] Found solution in: 1
I20260909 04:39:12.354409   333 skeleton_planner.h:170] Found solution in: 9
I20260909 04:39:12.354416   333 skeleton_planner.h:170] Found solution in: 1
I20260909 04:39:12.354470   333 skeleton_planner.h:170] Found solution in: 62
I20260909 04:39:12.354560   333 skeleton_planner.h:170] Found solution in: 4
I20260909 04:39:12.354568   333 skeleton_planner.h:170] Found solution in: 1
I20260909 04:39:12.354575   333 skeleton_planner.h:170] Found solution in: 1
I20260909 04:39:12.354579   333 skeleton_planner.h:170] Found solution in: 3
I20260909 04:39:12.354589   333 skeleton_planner.h:170] Found solution in: 3
I20260909 04:39:12.354595   333 skeleton_planner.h:170] Found solution in: 1
I20260909 04:39:12.354617   333 skeleton_planner.h:170] Found solution in: 6
I20260909 04:39:12.354624   333 skeleton_planner.h:170] Found solution in: 1
I20260909 04:39:12.354627   333 skeleton_planner.h:170] Found solution in: 2
I20260909 04:39:12.354638   333 skeleton_planner.h:170] Found solution in: 3
I20260909 04:39:12.354645   333 skeleton_planner.h:170] Found solution in: 1
I20260909 04:39:12.354650   333 skeleton_planner.h:170] Found solution in: 1
I20260909 04:39:12.354658   333 skeleton_planner.h:170] Found solution in: 3
I20260909 04:39:12.354665   333 skeleton_planner.h:170] Found solution in: 1
I20260909 04:39:12.354669   333 skeleton_planner.h:170] Found solution in: 3
I20260909 04:39:12.354691   333 skeleton_planner.h:170] Found solution in: 8
I20260909 04:39:12.354698   333 skeleton_planner.h:170] Found solution in: 1
I20260909 04:39:12.354718   333 skeleton_planner.h:170] Found solution in: 7
I20260909 04:39:12.354729   333 skeleton_planner.h:170] Found solution in: 1
I20260909 04:39:12.354741   333 skeleton_planner.h:170] Found solution in: 1
I20260909 04:39:12.354758   333 skeleton_planner.h:170] Found solution in: 6
I20260909 04:39:12.354768   333 skeleton_planner.h:170] Found solution in: 1
I20260909 04:39:12.354789   333 skeleton_planner.h:170] Found solution in: 6
I20260909 04:39:12.354795   333 skeleton_planner.h:170] Found solution in: 1
I20260909 04:39:12.354799   333 skeleton_planner.h:170] Found solution in: 3
I20260909 04:39:12.354838   333 skeleton_planner.h:170] Found solution in: 5
I20260909 04:39:12.354852   333 skeleton_planner.h:170] Found solution in: 1
I20260909 04:39:12.354859   333 skeleton_planner.h:170] Found solution in: 1
I20260909 04:39:12.354872   333 skeleton_planner.h:170] Found solution in: 3
I20260909 04:39:12.354880   333 skeleton_planner.h:170] Found solution in: 1
I20260909 04:39:12.354898   333 skeleton_planner.h:170] Found solution in: 4
I20260909 04:39:12.354911   333 skeleton_planner.h:170] Found solution in: 1
I20260909 04:39:12.355000   333 skeleton_planner.h:170] Found solution in: 4
I20260909 04:39:12.355012   333 skeleton_planner.h:170] Found solution in: 1
I20260909 04:39:12.355018   333 skeleton_planner.h:170] Found solution in: 1
I20260909 04:39:12.355024   333 skeleton_planner.h:170] Found solution in: 5
I20260909 04:39:12.355028   333 skeleton_planner.h:170] Found solution in: 1
I20260909 04:39:12.355034   333 skeleton_planner.h:170] Found solution in: 5
I20260909 04:39:12.355125   333 skeleton_planner.h:170] Found solution in: 5
I20260909 04:39:12.355136   333 skeleton_planner.h:170] Found solution in: 1
I20260909 04:39:12.355158   333 skeleton_planner.h:170] Found solution in: 5
I20260909 04:39:12.355166   333 skeleton_planner.h:170] Found solution in: 1
I20260909 04:39:12.355173   333 skeleton_planner.h:170] Found solution in: 1
I20260909 04:39:12.355201   333 skeleton_planner.h:170] Found solution in: 9
I20260909 04:39:12.355209   333 skeleton_planner.h:170] Found solution in: 1
I20260909 04:39:12.355216   333 skeleton_planner.h:170] Found solution in: 1
I20260909 04:39:12.355222   333 skeleton_planner.h:170] Found solution in: 1
I20260909 04:39:12.355293   333 skeleton_planner.h:170] Found solution in: 3
I20260909 04:39:12.355298   333 skeleton_planner.h:170] Found solution in: 1
I20260909 04:39:12.355301   333 skeleton_planner.h:170] Found solution in: 2
I20260909 04:39:12.355315   333 skeleton_planner.h:170] Found solution in: 4
I20260909 04:39:12.355321   333 skeleton_planner.h:170] Found solution in: 1
I20260909 04:39:12.355324   333 skeleton_planner.h:170] Found solution in: 1
I20260909 04:39:12.355335   333 skeleton_planner.h:170] Found solution in: 1
I20260909 04:39:12.355340   333 skeleton_planner.h:170] Found solution in: 3
I20260909 04:39:12.355937   333 skeleton_planner.h:170] Found solution in: 1
I20260909 04:39:12.355942   333 skeleton_planner.h:170] Found solution in: 2
I20260909 04:39:12.356062   333 skeleton_planner.h:170] Found solution in: 69
I20260909 04:39:12.356166   333 skeleton_planner.h:170] Found solution in: 58
I20260909 04:39:12.356179   333 skeleton_planner.h:170] Found solution in: 1
I20260909 04:39:12.356184   333 skeleton_planner.h:170] Found solution in: 2
I20260909 04:39:12.356299   333 skeleton_planner.h:170] Found solution in: 68
I20260909 04:39:12.356314   333 skeleton_planner.h:170] Found solution in: 1
I20260909 04:39:12.356318   333 skeleton_planner.h:170] Found solution in: 2
I20260909 04:39:12.356328   333 skeleton_planner.h:170] Found solution in: 4
I20260909 04:39:12.356334   333 skeleton_planner.h:170] Found solution in: 1
I20260909 04:39:12.356738   333 skeleton_planner.h:170] Found solution in: 1
I20260909 04:39:12.356745   333 skeleton_planner.h:170] Found solution in: 4
I20260909 04:39:12.356750   333 skeleton_planner.h:170] Found solution in: 1
I20260909 04:39:12.356757   333 skeleton_planner.h:170] Found solution in: 6
I20260909 04:39:12.356763   333 skeleton_planner.h:170] Found solution in: 1
I20260909 04:39:12.356806   333 skeleton_planner.h:170] Found solution in: 17
I20260909 04:39:12.356813   333 skeleton_planner.h:170] Found solution in: 1
I20260909 04:39:12.356818   333 skeleton_planner.h:170] Found solution in: 5
I20260909 04:39:12.356835   333 skeleton_planner.h:170] Found solution in: 6
I20260909 04:39:12.356842   333 skeleton_planner.h:170] Found solution in: 1
I20260909 04:39:12.356848   333 skeleton_planner.h:170] Found solution in: 1
I20260909 04:39:12.356863   333 skeleton_planner.h:170] Found solution in: 3
I20260909 04:39:12.356869   333 skeleton_planner.h:170] Found solution in: 1
I20260909 04:39:12.356899   333 skeleton_planner.h:170] Found solution in: 10
I20260909 04:39:12.356910   333 skeleton_planner.h:170] Found solution in: 1
I20260909 04:39:12.357009   333 skeleton_planner.h:170] Found solution in: 3
I20260909 04:39:12.357019   333 skeleton_planner.h:170] Found solution in: 1
I20260909 04:39:12.357024   333 skeleton_planner.h:170] Found solution in: 4
I20260909 04:39:12.357030   333 skeleton_planner.h:170] Found solution in: 1
I20260909 04:39:12.357035   333 skeleton_planner.h:170] Found solution in: 5
I20260909 04:39:12.357049   333 skeleton_planner.h:170] Found solution in: 1
I20260909 04:39:12.357074   333 skeleton_planner.h:170] Found solution in: 6
I20260909 04:39:12.357085   333 skeleton_planner.h:170] Found solution in: 1
I20260909 04:39:12.357093   333 skeleton_planner.h:170] Found solution in: 1
I20260909 04:39:12.357120   333 skeleton_planner.h:170] Found solution in: 7
I20260909 04:39:12.357128   333 skeleton_planner.h:170] Found solution in: 1
I20260909 04:39:12.357144   333 skeleton_planner.h:170] Found solution in: 3
I20260909 04:39:12.357153   333 skeleton_planner.h:170] Found solution in: 1
I20260909 04:39:12.357160   333 skeleton_planner.h:170] Found solution in: 7
I20260909 04:39:12.357168   333 skeleton_planner.h:170] Found solution in: 1
I20260909 04:39:12.357185   333 skeleton_planner.h:170] Found solution in: 5
I20260909 04:39:12.357194   333 skeleton_planner.h:170] Found solution in: 1
I20260909 04:39:12.357200   333 skeleton_planner.h:170] Found solution in: 1
I20260909 04:39:12.357205   333 skeleton_planner.h:170] Found solution in: 4
I20260909 04:39:12.357213   333 skeleton_planner.h:170] Found solution in: 1
I20260909 04:39:12.357223   333 skeleton_planner.h:170] Found solution in: 3
I20260909 04:39:12.357230   333 skeleton_planner.h:170] Found solution in: 1
I20260909 04:39:12.357235   333 skeleton_planner.h:170] Found solution in: 4
I20260909 04:39:12.357240   333 skeleton_planner.h:170] Found solution in: 4
I20260909 04:39:12.357246   333 skeleton_planner.h:170] Found solution in: 1
I20260909 04:39:12.357259   333 skeleton_planner.h:170] Found solution in: 1
I20260909 04:39:12.357681   333 skeleton_planner.h:170] Found solution in: 9
I20260909 04:39:12.357693   333 skeleton_planner.h:170] Found solution in: 1
I20260909 04:39:12.357700   333 skeleton_planner.h:170] Found solution in: 6
I20260909 04:39:12.357707   333 skeleton_planner.h:170] Found solution in: 1
I20260909 04:39:12.357715   333 skeleton_planner.h:170] Found solution in: 7
I20260909 04:39:12.357720   333 skeleton_planner.h:170] Found solution in: 6
I20260909 04:39:12.357728   333 skeleton_planner.h:170] Found solution in: 1
I20260909 04:39:12.357733   333 skeleton_planner.h:170] Found solution in: 5
I20260909 04:39:12.357743   333 skeleton_planner.h:170] Found solution in: 1
I20260909 04:39:12.357760   333 skeleton_planner.h:170] Found solution in: 4
I20260909 04:39:12.357766   333 skeleton_planner.h:170] Found solution in: 1
I20260909 04:39:12.357772   333 skeleton_planner.h:170] Found solution in: 5
I20260909 04:39:12.357867   333 skeleton_planner.h:170] Found solution in: 4
I20260909 04:39:12.357874   333 skeleton_planner.h:170] Found solution in: 1
I20260909 04:39:12.357882   333 skeleton_planner.h:170] Found solution in: 1
I20260909 04:39:12.357894   333 skeleton_planner.h:170] Found solution in: 3
I20260909 04:39:12.357903   333 skeleton_planner.h:170] Found solution in: 1
I20260909 04:39:12.357944   333 skeleton_planner.h:170] Found solution in: 4
I20260909 04:39:12.357954   333 skeleton_planner.h:170] Found solution in: 1
I20260909 04:39:12.357961   333 skeleton_planner.h:170] Found solution in: 1
I20260909 04:39:12.358007   333 skeleton_planner.h:170] Found solution in: 56
I20260909 04:39:12.358086   333 skeleton_planner.h:170] Found solution in: 99
I20260909 04:39:12.358098   333 skeleton_planner.h:170] Found solution in: 1
I20260909 04:39:12.358201   333 skeleton_planner.h:170] Found solution in: 3
I20260909 04:39:12.358211   333 skeleton_planner.h:170] Found solution in: 1
I20260909 04:39:12.358263   333 skeleton_planner.h:170] Found solution in: 58
I20260909 04:39:12.358371   333 skeleton_planner.h:170] Found solution in: 5
I20260909 04:39:12.358379   333 skeleton_planner.h:170] Found solution in: 1
I20260909 04:39:12.358383   333 skeleton_planner.h:170] Found solution in: 3
I20260909 04:39:12.358395   333 skeleton_planner.h:170] Found solution in: 4
I20260909 04:39:12.358404   333 skeleton_planner.h:170] Found solution in: 1
I20260909 04:39:12.358410   333 skeleton_planner.h:170] Found solution in: 6
I20260909 04:39:12.358502   333 skeleton_planner.h:170] Found solution in: 6
I20260909 04:39:12.358511   333 skeleton_planner.h:170] Found solution in: 1
I20260909 04:39:12.358515   333 skeleton_planner.h:170] Found solution in: 2
I20260909 04:39:12.358525   333 skeleton_planner.h:170] Found solution in: 4
I20260909 04:39:12.358532   333 skeleton_planner.h:170] Found solution in: 1
I20260909 04:39:12.358572   333 skeleton_planner.h:170] Found solution in: 5
I20260909 04:39:12.358579   333 skeleton_planner.h:170] Found solution in: 1
I20260909 04:39:12.358592   333 skeleton_planner.h:170] Found solution in: 5
I20260909 04:39:12.358605   333 skeleton_planner.h:170] Found solution in: 1
I20260909 04:39:12.358611   333 skeleton_planner.h:170] Found solution in: 5
I20260909 04:39:12.358619   333 skeleton_planner.h:170] Found solution in: 1
I20260909 04:39:12.358625   333 skeleton_planner.h:170] Found solution in: 5
I20260909 04:39:12.358800   333 skeleton_planner.h:170] Found solution in: 42
I20260909 04:39:12.358814   333 skeleton_planner.h:170] Found solution in: 1
I20260909 04:39:12.358917   333 skeleton_planner.h:170] Found solution in: 3
I20260909 04:39:12.358927   333 skeleton_planner.h:170] Found solution in: 1
I20260909 04:39:12.359007   333 skeleton_planner.h:170] Found solution in: 94
I20260909 04:39:12.359019   333 skeleton_planner.h:170] Found solution in: 1
I20260909 04:39:12.359026   333 skeleton_planner.h:170] Found solution in: 1
I20260909 04:39:12.359032   333 skeleton_planner.h:170] Found solution in: 1
I20260909 04:39:12.359073   333 skeleton_planner.h:170] Found solution in: 45
I20260909 04:39:12.359082   333 skeleton_planner.h:170] Found solution in: 7
I20260909 04:39:12.359089   333 skeleton_planner.h:170] Found solution in: 1
I20260909 04:39:12.359097   333 skeleton_planner.h:170] Found solution in: 7
I20260909 04:39:12.359133   333 skeleton_planner.h:170] Found solution in: 45
I20260909 04:39:12.359140   333 skeleton_planner.h:170] Found solution in: 1
I20260909 04:39:12.359144   333 skeleton_planner.h:170] Found solution in: 3
I20260909 04:39:12.359153   333 skeleton_planner.h:170] Found solution in: 1
I20260909 04:39:12.359161   333 skeleton_planner.h:170] Found solution in: 10
I20260909 04:39:12.359169   333 skeleton_planner.h:170] Found solution in: 1
I20260909 04:39:12.359259   333 skeleton_planner.h:170] Found solution in: 4
I20260909 04:39:12.359266   333 skeleton_planner.h:170] Found solution in: 1
I20260909 04:39:12.359294   333 skeleton_planner.h:170] Found solution in: 8
I20260909 04:39:12.359302   333 skeleton_planner.h:170] Found solution in: 1
I20260909 04:39:12.359306   333 skeleton_planner.h:170] Found solution in: 3
I20260909 04:39:12.359311   333 skeleton_planner.h:170] Found solution in: 4
I20260909 04:39:12.359318   333 skeleton_planner.h:170] Found solution in: 1
I20260909 04:39:12.359323   333 skeleton_planner.h:170] Found solution in: 4
I20260909 04:39:12.359328   333 skeleton_planner.h:170] Found solution in: 4
I20260909 04:39:12.359332   333 skeleton_planner.h:170] Found solution in: 1
I20260909 04:39:12.359346   333 skeleton_planner.h:170] Found solution in: 1
I20260909 04:39:12.359354   333 skeleton_planner.h:170] Found solution in: 1
I20260909 04:39:12.359357   333 skeleton_planner.h:170] Found solution in: 3
I20260909 04:39:12.359364   333 skeleton_planner.h:170] Found solution in: 1
I20260909 04:39:12.359367   333 skeleton_planner.h:170] Found solution in: 3
I20260909 04:39:12.359376   333 skeleton_planner.h:170] Found solution in: 1
I20260909 04:39:12.359381   333 skeleton_planner.h:170] Found solution in: 5
I20260909 04:39:12.359388   333 skeleton_planner.h:170] Found solution in: 1
I20260909 04:39:12.359400   333 skeleton_planner.h:170] Found solution in: 3
I20260909 04:39:12.359409   333 skeleton_planner.h:170] Found solution in: 1
I20260909 04:39:12.359426   333 skeleton_planner.h:170] Found solution in: 4
I20260909 04:39:12.359431   333 skeleton_planner.h:170] Found solution in: 1
I20260909 04:39:12.359441   333 skeleton_planner.h:170] Found solution in: 1
I20260909 04:39:12.359452   333 skeleton_planner.h:170] Found solution in: 1
I20260909 04:39:12.359463   333 skeleton_planner.h:170] Found solution in: 12
I20260909 04:39:12.359506   333 skeleton_planner.h:170] Found solution in: 52
I20260909 04:39:12.359520   333 skeleton_planner.h:170] Found solution in: 15
I20260909 04:39:12.359527   333 skeleton_planner.h:170] Found solution in: 1
I20260909 04:39:12.359532   333 skeleton_planner.h:170] Found solution in: 4
I20260909 04:39:12.359545   333 skeleton_planner.h:170] Found solution in: 14
I20260909 04:39:12.359553   333 skeleton_planner.h:170] Found solution in: 1
I20260909 04:39:12.359586   333 skeleton_planner.h:170] Found solution in: 43
I20260909 04:39:12.359611   333 skeleton_planner.h:170] Found solution in: 28
I20260909 04:39:12.359633   333 skeleton_planner.h:170] Found solution in: 29
I20260909 04:39:12.359642   333 skeleton_planner.h:170] Found solution in: 1
I20260909 04:39:12.359645   333 skeleton_planner.h:170] Found solution in: 3
I20260909 04:39:12.359660   333 skeleton_planner.h:170] Found solution in: 5
I20260909 04:39:12.359669   333 skeleton_planner.h:170] Found solution in: 1
I20260909 04:39:12.359675   333 skeleton_planner.h:170] Found solution in: 1
I20260909 04:39:12.359683   333 skeleton_planner.h:170] Found solution in: 1
I20260909 04:39:12.359694   333 skeleton_planner.h:170] Found solution in: 1
I20260909 04:39:12.359711   333 skeleton_planner.h:170] Found solution in: 3
I20260909 04:39:12.359720   333 skeleton_planner.h:170] Found solution in: 1
I20260909 04:39:12.359805   333 skeleton_planner.h:170] Found solution in: 3
I20260909 04:39:12.359813   333 skeleton_planner.h:170] Found solution in: 1
I20260909 04:39:12.359822   333 skeleton_planner.h:170] Found solution in: 1
I20260909 04:39:12.359836   333 skeleton_planner.h:170] Found solution in: 16
I20260909 04:39:12.359841   333 skeleton_planner.h:170] Found solution in: 1
I20260909 04:39:12.359845   333 skeleton_planner.h:170] Found solution in: 3
I20260909 04:39:12.359850   333 skeleton_planner.h:170] Found solution in: 4
I20260909 04:39:12.359858   333 skeleton_planner.h:170] Found solution in: 7
I20260909 04:39:12.359863   333 skeleton_planner.h:170] Found solution in: 1
I20260909 04:39:12.359866   333 skeleton_planner.h:170] Found solution in: 3
I20260909 04:39:12.359874   333 skeleton_planner.h:170] Found solution in: 7
I20260909 04:39:12.359879   333 skeleton_planner.h:170] Found solution in: 4
I20260909 04:39:12.359884   333 skeleton_planner.h:170] Found solution in: 1
I20260909 04:39:12.359896   333 skeleton_planner.h:170] Found solution in: 4
I20260909 04:39:12.359921   333 skeleton_planner.h:170] Found solution in: 7
I20260909 04:39:12.359936   333 skeleton_planner.h:170] Found solution in: 4
I20260909 04:39:12.359947   333 skeleton_planner.h:170] Found solution in: 3
I20260909 04:39:12.359959   333 skeleton_planner.h:170] Found solution in: 4
I20260909 04:39:12.359977   333 skeleton_planner.h:170] Found solution in: 5
I20260909 04:39:12.359989   333 skeleton_planner.h:170] Found solution in: 4
I20260909 04:39:12.360013   333 skeleton_planner.h:170] Found solution in: 7
I20260909 04:39:12.360025   333 skeleton_planner.h:170] Found solution in: 3
I20260909 04:39:12.360036   333 skeleton_planner.h:170] Found solution in: 4
I20260909 04:39:12.360055   333 skeleton_planner.h:170] Found solution in: 5
I20260909 04:39:12.360064   333 skeleton_planner.h:170] Found solution in: 2
I20260909 04:39:12.360077   333 skeleton_planner.h:170] Found solution in: 6
I20260909 04:39:12.360098   333 skeleton_planner.h:170] Found solution in: 8
I20260909 04:39:12.360114   333 skeleton_planner.h:170] Found solution in: 3
I20260909 04:39:12.360124   333 skeleton_planner.h:170] Found solution in: 3
I20260909 04:39:12.360138   333 skeleton_planner.h:170] Found solution in: 4
I20260909 04:39:12.360155   333 skeleton_planner.h:170] Found solution in: 6
I20260909 04:39:12.360170   333 skeleton_planner.h:170] Found solution in: 4
I20260909 04:39:12.360180   333 skeleton_planner.h:170] Found solution in: 3
I20260909 04:39:12.360193   333 skeleton_planner.h:170] Found solution in: 4
I20260909 04:39:12.360201   333 skeleton_planner.h:170] Found solution in: 2
I20260909 04:39:12.360217   333 skeleton_planner.h:170] Found solution in: 6
I20260909 04:39:12.360235   333 skeleton_planner.h:170] Found solution in: 5
I20260909 04:39:12.360246   333 skeleton_planner.h:170] Found solution in: 3
I20260909 04:39:12.360260   333 skeleton_planner.h:170] Found solution in: 4
I20260909 04:39:12.360273   333 skeleton_planner.h:170] Found solution in: 3
I20260909 04:39:12.360285   333 skeleton_planner.h:170] Found solution in: 4
I20260909 04:39:12.360298   333 skeleton_planner.h:170] Found solution in: 4
I20260909 04:39:12.360316   333 skeleton_planner.h:170] Found solution in: 5
I20260909 04:39:12.360342   333 skeleton_planner.h:170] Found solution in: 8
I20260909 04:39:12.360355   333 skeleton_planner.h:170] Found solution in: 4
I20260909 04:39:12.360374   333 skeleton_planner.h:170] Found solution in: 5
I20260909 04:39:12.360394   333 skeleton_planner.h:170] Found solution in: 6
I20260909 04:39:12.360409   333 skeleton_planner.h:170] Found solution in: 5
I20260909 04:39:12.360424   333 skeleton_planner.h:170] Found solution in: 4
I20260909 04:39:12.360441   333 skeleton_planner.h:170] Found solution in: 5
I20260909 04:39:12.360455   333 skeleton_planner.h:170] Found solution in: 4
I20260909 04:39:12.360471   333 skeleton_planner.h:170] Found solution in: 4
I20260909 04:39:12.360481   333 skeleton_planner.h:170] Found solution in: 2
I20260909 04:39:12.360492   333 skeleton_planner.h:170] Found solution in: 4
I20260909 04:39:12.360505   333 skeleton_planner.h:170] Found solution in: 4
I20260909 04:39:12.360517   333 skeleton_planner.h:170] Found solution in: 3
I20260909 04:39:12.360529   333 skeleton_planner.h:170] Found solution in: 5
I20260909 04:39:12.360549   333 skeleton_planner.h:170] Found solution in: 8
I20260909 04:39:12.360574   333 skeleton_planner.h:170] Found solution in: 9
I20260909 04:39:12.360589   333 skeleton_planner.h:170] Found solution in: 6
I20260909 04:39:12.360612   333 skeleton_planner.h:170] Found solution in: 8
I20260909 04:39:12.360637   333 skeleton_planner.h:170] Found solution in: 8
I20260909 04:39:12.360656   333 skeleton_planner.h:170] Found solution in: 5
I20260909 04:39:12.360667   333 skeleton_planner.h:170] Found solution in: 3
I20260909 04:39:12.360677   333 skeleton_planner.h:170] Found solution in: 3
I20260909 04:39:12.360694   333 skeleton_planner.h:170] Found solution in: 5
I20260909 04:39:12.360710   333 skeleton_planner.h:170] Found solution in: 5
I20260909 04:39:12.360724   333 skeleton_planner.h:170] Found solution in: 5
I20260909 04:39:12.360735   333 skeleton_planner.h:170] Found solution in: 3
I20260909 04:39:12.360749   333 skeleton_planner.h:170] Found solution in: 4
I20260909 04:39:12.360778   333 skeleton_planner.h:170] Found solution in: 11
I20260909 04:39:12.360790   333 skeleton_planner.h:170] Found solution in: 3
I20260909 04:39:12.360800   333 skeleton_planner.h:170] Found solution in: 3
I20260909 04:39:12.360811   333 skeleton_planner.h:170] Found solution in: 3
I20260909 04:39:12.360826   333 skeleton_planner.h:170] Found solution in: 4
I20260909 04:39:12.360838   333 skeleton_planner.h:170] Found solution in: 5
I20260909 04:39:12.360852   333 skeleton_planner.h:170] Found solution in: 4
I20260909 04:39:12.360863   333 skeleton_planner.h:170] Found solution in: 3
I20260909 04:39:12.360873   333 skeleton_planner.h:170] Found solution in: 3
I20260909 04:39:12.360886   333 skeleton_planner.h:170] Found solution in: 4
I20260909 04:39:12.360898   333 skeleton_planner.h:170] Found solution in: 3
I20260909 04:39:12.360913   333 skeleton_planner.h:170] Found solution in: 6
I20260909 04:39:12.360926   333 skeleton_planner.h:170] Found solution in: 6
I20260909 04:39:12.360939   333 skeleton_planner.h:170] Found solution in: 5
I20260909 04:39:12.360950   333 skeleton_planner.h:170] Found solution in: 3
I20260909 04:39:12.360961   333 skeleton_planner.h:170] Found solution in: 4
I20260909 04:39:12.360983   333 skeleton_planner.h:170] Found solution in: 6
I20260909 04:39:12.361001   333 skeleton_planner.h:170] Found solution in: 4
I20260909 04:39:12.361011   333 skeleton_planner.h:170] Found solution in: 3
I20260909 04:39:12.361021   333 skeleton_planner.h:170] Found solution in: 3
I20260909 04:39:12.361039   333 skeleton_planner.h:170] Found solution in: 5
I20260909 04:39:12.361049   333 skeleton_planner.h:170] Found solution in: 3
I20260909 04:39:12.361057   333 skeleton_planner.h:170] Found solution in: 2
I20260909 04:39:12.361068   333 skeleton_planner.h:170] Found solution in: 3
I20260909 04:39:12.361079   333 skeleton_planner.h:170] Found solution in: 4
I20260909 04:39:12.361094   333 skeleton_planner.h:170] Found solution in: 4
I20260909 04:39:12.361105   333 skeleton_planner.h:170] Found solution in: 3
I20260909 04:39:12.361117   333 skeleton_planner.h:170] Found solution in: 4
I20260909 04:39:12.361128   333 skeleton_planner.h:170] Found solution in: 3
I20260909 04:39:12.361140   333 skeleton_planner.h:170] Found solution in: 3
I20260909 04:39:12.361157   333 skeleton_planner.h:170] Found solution in: 5
I20260909 04:39:12.361169   333 skeleton_planner.h:170] Found solution in: 3
I20260909 04:39:12.361187   333 skeleton_planner.h:170] Found solution in: 6
I20260909 04:39:12.361212   333 skeleton_planner.h:170] Found solution in: 8
I20260909 04:39:12.361227   333 skeleton_planner.h:170] Found solution in: 4
I20260909 04:39:12.361254   333 skeleton_planner.h:170] Found solution in: 8
I20260909 04:39:12.361271   333 skeleton_planner.h:170] Found solution in: 7
I20260909 04:39:12.361292   333 skeleton_planner.h:170] Found solution in: 6
I20260909 04:39:12.361315   333 skeleton_planner.h:170] Found solution in: 6
I20260909 04:39:12.361330   333 skeleton_planner.h:170] Found solution in: 5
I20260909 04:39:12.361340   333 skeleton_planner.h:170] Found solution in: 3
I20260909 04:39:12.361351   333 skeleton_planner.h:170] Found solution in: 3
I20260909 04:39:12.361361   333 skeleton_planner.h:170] Found solution in: 3
I20260909 04:39:12.361369   333 skeleton_planner.h:170] Found solution in: 2
I20260909 04:39:12.361390   333 skeleton_planner.h:170] Found solution in: 6
I20260909 04:39:12.361399   333 skeleton_planner.h:170] Found solution in: 2
I20260909 04:39:12.361413   333 skeleton_planner.h:170] Found solution in: 5
I20260909 04:39:12.361424   333 skeleton_planner.h:170] Found solution in: 3
I20260909 04:39:12.361440   333 skeleton_planner.h:170] Found solution in: 5
I20260909 04:39:12.361454   333 skeleton_planner.h:170] Found solution in: 5
I20260909 04:39:12.361462   333 skeleton_planner.h:170] Found solution in: 3
I20260909 04:39:12.361474   333 skeleton_planner.h:170] Found solution in: 4
I20260909 04:39:12.361486   333 skeleton_planner.h:170] Found solution in: 4
I20260909 04:39:12.361497   333 skeleton_planner.h:170] Found solution in: 3
I20260909 04:39:12.361508   333 skeleton_planner.h:170] Found solution in: 3
I20260909 04:39:12.361522   333 skeleton_planner.h:170] Found solution in: 4
I20260909 04:39:12.361536   333 skeleton_planner.h:170] Found solution in: 5
I20260909 04:39:12.361550   333 skeleton_planner.h:170] Found solution in: 6
I20260909 04:39:12.361567   333 skeleton_planner.h:170] Found solution in: 5
I20260909 04:39:12.361582   333 skeleton_planner.h:170] Found solution in: 4
I20260909 04:39:12.361596   333 skeleton_planner.h:170] Found solution in: 5
I20260909 04:39:12.361604   333 skeleton_planner.h:170] Found solution in: 2
I20260909 04:39:12.361625   333 skeleton_planner.h:170] Found solution in: 6
I20260909 04:39:12.361645   333 skeleton_planner.h:170] Found solution in: 5
I20260909 04:39:12.361657   333 skeleton_planner.h:170] Found solution in: 3
I20260909 04:39:12.361671   333 skeleton_planner.h:170] Found solution in: 5
I20260909 04:39:12.361691   333 skeleton_planner.h:170] Found solution in: 6
I20260909 04:39:12.361716   333 skeleton_planner.h:170] Found solution in: 9
I20260909 04:39:12.361740   333 skeleton_planner.h:170] Found solution in: 7
I20260909 04:39:12.361764   333 skeleton_planner.h:170] Found solution in: 8
I20260909 04:39:12.361783   333 skeleton_planner.h:170] Found solution in: 6
I20260909 04:39:12.361793   333 skeleton_planner.h:170] Found solution in: 3
I20260909 04:39:12.361806   333 skeleton_planner.h:170] Found solution in: 4
I20260909 04:39:12.361819   333 skeleton_planner.h:170] Found solution in: 4
I20260909 04:39:12.361833   333 skeleton_planner.h:170] Found solution in: 5
I20260909 04:39:12.361853   333 skeleton_planner.h:170] Found solution in: 6
I20260909 04:39:12.361865   333 skeleton_planner.h:170] Found solution in: 4
I20260909 04:39:12.361879   333 skeleton_planner.h:170] Found solution in: 5
I20260909 04:39:12.361896   333 skeleton_planner.h:170] Found solution in: 4
I20260909 04:39:12.361907   333 skeleton_planner.h:170] Found solution in: 4
I20260909 04:39:12.361920   333 skeleton_planner.h:170] Found solution in: 4
I20260909 04:39:12.361938   333 skeleton_planner.h:170] Found solution in: 6
I20260909 04:39:12.361959   333 skeleton_planner.h:170] Found solution in: 7
I20260909 04:39:12.361982   333 skeleton_planner.h:170] Found solution in: 7
I20260909 04:39:12.361991   333 skeleton_planner.h:170] Found solution in: 2
I20260909 04:39:12.362001   333 skeleton_planner.h:170] Found solution in: 3
I20260909 04:39:12.362012   333 skeleton_planner.h:170] Found solution in: 3
I20260909 04:39:12.362035   333 skeleton_planner.h:170] Found solution in: 7
I20260909 04:39:12.362051   333 skeleton_planner.h:170] Found solution in: 5
I20260909 04:39:12.362062   333 skeleton_planner.h:170] Found solution in: 3
I20260909 04:39:12.362069   333 skeleton_planner.h:170] Found solution in: 2
I20260909 04:39:12.362094   333 skeleton_planner.h:170] Found solution in: 8
I20260909 04:39:12.362104   333 skeleton_planner.h:170] Found solution in: 3
I20260909 04:39:12.362112   333 skeleton_planner.h:170] Found solution in: 2
I20260909 04:39:12.362126   333 skeleton_planner.h:170] Found solution in: 4
I20260909 04:39:12.362149   333 skeleton_planner.h:170] Found solution in: 8
I20260909 04:39:12.362165   333 skeleton_planner.h:170] Found solution in: 4
I20260909 04:39:12.362178   333 skeleton_planner.h:170] Found solution in: 4
I20260909 04:39:12.362205   333 skeleton_planner.h:170] Found solution in: 8
I20260909 04:39:12.362216   333 skeleton_planner.h:170] Found solution in: 3
I20260909 04:39:12.362229   333 skeleton_planner.h:170] Found solution in: 4
I20260909 04:39:12.362247   333 skeleton_planner.h:170] Found solution in: 5
I20260909 04:39:12.362258   333 skeleton_planner.h:170] Found solution in: 3
I20260909 04:39:12.362270   333 skeleton_planner.h:170] Found solution in: 3
I20260909 04:39:12.362282   333 skeleton_planner.h:170] Found solution in: 4
I20260909 04:39:12.362313   333 skeleton_planner.h:170] Found solution in: 10
I20260909 04:39:12.362329   333 skeleton_planner.h:170] Found solution in: 4
I20260909 04:39:12.362358   333 skeleton_planner.h:170] Found solution in: 9
I20260909 04:39:12.362373   333 skeleton_planner.h:170] Found solution in: 4
I20260909 04:39:12.362397   333 skeleton_planner.h:170] Found solution in: 7
I20260909 04:39:12.362416   333 skeleton_planner.h:170] Found solution in: 6
I20260909 04:39:12.362437   333 skeleton_planner.h:170] Found solution in: 6
I20260909 04:39:12.362461   333 skeleton_planner.h:170] Found solution in: 7
I20260909 04:39:12.362478   333 skeleton_planner.h:170] Found solution in: 5
I20260909 04:39:12.362488   333 skeleton_planner.h:170] Found solution in: 3
I20260909 04:39:12.362497   333 skeleton_planner.h:170] Found solution in: 4
I20260909 04:39:12.362514   333 skeleton_planner.h:170] Found solution in: 7
I20260909 04:39:12.362525   333 skeleton_planner.h:170] Found solution in: 4
I20260909 04:39:12.362545   333 skeleton_planner.h:170] Found solution in: 8
I20260909 04:39:12.362566   333 skeleton_planner.h:170] Found solution in: 7
I20260909 04:39:12.362583   333 skeleton_planner.h:170] Found solution in: 4
I20260909 04:39:12.362599   333 skeleton_planner.h:170] Found solution in: 4
I20260909 04:39:12.362623   333 skeleton_planner.h:170] Found solution in: 8
I20260909 04:39:12.362730   333 skeleton_planner.h:170] Found solution in: 49
I20260909 04:39:12.362744   333 skeleton_planner.h:170] Found solution in: 3
I20260909 04:39:12.362756   333 skeleton_planner.h:170] Found solution in: 3
I20260909 04:39:12.362768   333 skeleton_planner.h:170] Found solution in: 4
I20260909 04:39:12.362778   333 skeleton_planner.h:170] Found solution in: 3
I20260909 04:39:12.362789   333 skeleton_planner.h:170] Found solution in: 4
I20260909 04:39:12.362815   333 skeleton_planner.h:170] Found solution in: 6
I20260909 04:39:12.362834   333 skeleton_planner.h:170] Found solution in: 5
I20260909 04:39:12.362847   333 skeleton_planner.h:170] Found solution in: 4
I20260909 04:39:12.362866   333 skeleton_planner.h:170] Found solution in: 6
I20260909 04:39:12.362877   333 skeleton_planner.h:170] Found solution in: 3
I20260909 04:39:12.362895   333 skeleton_planner.h:170] Found solution in: 6
I20260909 04:39:12.362915   333 skeleton_planner.h:170] Found solution in: 7
I20260909 04:39:12.362947   333 skeleton_planner.h:170] Found solution in: 10
I20260909 04:39:12.362959   333 skeleton_planner.h:170] Found solution in: 3
I20260909 04:39:12.362982   333 skeleton_planner.h:170] Found solution in: 8
I20260909 04:39:12.363023   333 skeleton_planner.h:170] Found solution in: 14
I20260909 04:39:12.363075   333 skeleton_planner.h:170] Found solution in: 17
I20260909 04:39:12.363097   333 skeleton_planner.h:170] Found solution in: 4
I20260909 04:39:12.363117   333 skeleton_planner.h:170] Found solution in: 7
I20260909 04:39:12.363142   333 skeleton_planner.h:170] Found solution in: 9
I20260909 04:39:12.363153   333 skeleton_planner.h:170] Found solution in: 3
I20260909 04:39:12.363164   333 skeleton_planner.h:170] Found solution in: 3
I20260909 04:39:12.363178   333 skeleton_planner.h:170] Found solution in: 4
I20260909 04:39:12.363189   333 skeleton_planner.h:170] Found solution in: 3
I20260909 04:39:12.363226   333 skeleton_planner.h:170] Found solution in: 13
I20260909 04:39:12.363250   333 skeleton_planner.h:170] Found solution in: 5
I20260909 04:39:12.363260   333 skeleton_planner.h:170] Found solution in: 3
I20260909 04:39:12.363274   333 skeleton_planner.h:170] Found solution in: 4
I20260909 04:39:12.363289   333 skeleton_planner.h:170] Found solution in: 4
I20260909 04:39:12.363330   333 skeleton_planner.h:170] Found solution in: 14
I20260909 04:39:12.363356   333 skeleton_planner.h:170] Found solution in: 6
I20260909 04:39:12.363397   333 skeleton_planner.h:170] Found solution in: 15
I20260909 04:39:12.363431   333 skeleton_planner.h:170] Found solution in: 9
I20260909 04:39:12.363454   333 skeleton_planner.h:170] Found solution in: 6
I20260909 04:39:12.363471   333 skeleton_planner.h:170] Found solution in: 5
I20260909 04:39:12.363489   333 skeleton_planner.h:170] Found solution in: 6
I20260909 04:39:12.363500   333 skeleton_planner.h:170] Found solution in: 3
I20260909 04:39:12.363524   333 skeleton_planner.h:170] Found solution in: 8
I20260909 04:39:12.363551   333 skeleton_planner.h:170] Found solution in: 7
I20260909 04:39:12.363569   333 skeleton_planner.h:170] Found solution in: 4
I20260909 04:39:12.363587   333 skeleton_planner.h:170] Found solution in: 6
I20260909 04:39:12.363596   333 skeleton_planner.h:170] Found solution in: 2
I20260909 04:39:12.363611   333 skeleton_planner.h:170] Found solution in: 5
I20260909 04:39:12.363624   333 skeleton_planner.h:170] Found solution in: 4
I20260909 04:39:12.363641   333 skeleton_planner.h:170] Found solution in: 6
I20260909 04:39:12.363664   333 skeleton_planner.h:170] Found solution in: 10
I20260909 04:39:12.363698   333 skeleton_planner.h:170] Found solution in: 9
I20260909 04:39:12.363711   333 skeleton_planner.h:170] Found solution in: 4
I20260909 04:39:12.363734   333 skeleton_planner.h:170] Found solution in: 6
I20260909 04:39:12.363759   333 skeleton_planner.h:170] Found solution in: 7
I20260909 04:39:12.363786   333 skeleton_planner.h:170] Found solution in: 8
I20260909 04:39:12.363802   333 skeleton_planner.h:170] Found solution in: 4
I20260909 04:39:12.363829   333 skeleton_planner.h:170] Found solution in: 9
I20260909 04:39:12.363860   333 skeleton_planner.h:170] Found solution in: 9
I20260909 04:39:12.363883   333 skeleton_planner.h:170] Found solution in: 6
I20260909 04:39:12.363899   333 skeleton_planner.h:170] Found solution in: 5
I20260909 04:39:12.363911   333 skeleton_planner.h:170] Found solution in: 3
I20260909 04:39:12.363929   333 skeleton_planner.h:170] Found solution in: 5
I20260909 04:39:12.363945   333 skeleton_planner.h:170] Found solution in: 5
I20260909 04:39:12.363956   333 skeleton_planner.h:170] Found solution in: 3
I20260909 04:39:12.363970   333 skeleton_planner.h:170] Found solution in: 5
I20260909 04:39:12.363988   333 skeleton_planner.h:170] Found solution in: 6
I20260909 04:39:12.364002   333 skeleton_planner.h:170] Found solution in: 4
I20260909 04:39:12.364019   333 skeleton_planner.h:170] Found solution in: 5
I20260909 04:39:12.364037   333 skeleton_planner.h:170] Found solution in: 6
I20260909 04:39:12.364058   333 skeleton_planner.h:170] Found solution in: 6
I20260909 04:39:12.364069   333 skeleton_planner.h:170] Found solution in: 3
I20260909 04:39:12.364092   333 skeleton_planner.h:170] Found solution in: 8
I20260909 04:39:12.364105   333 skeleton_planner.h:170] Found solution in: 4
I20260909 04:39:12.364122   333 skeleton_planner.h:170] Found solution in: 6
I20260909 04:39:12.364154   333 skeleton_planner.h:170] Found solution in: 15
I20260909 04:39:12.364169   333 skeleton_planner.h:170] Found solution in: 5
I20260909 04:39:12.364194   333 skeleton_planner.h:170] Found solution in: 10
I20260909 04:39:12.364214   333 skeleton_planner.h:170] Found solution in: 5
I20260909 04:39:12.364228   333 skeleton_planner.h:170] Found solution in: 5
I20260909 04:39:12.364240   333 skeleton_planner.h:170] Found solution in: 4
I20260909 04:39:12.364259   333 skeleton_planner.h:170] Found solution in: 6
I20260909 04:39:12.364270   333 skeleton_planner.h:170] Found solution in: 3
I20260909 04:39:12.364311   333 skeleton_planner.h:170] Found solution in: 16
I20260909 04:39:12.364326   333 skeleton_planner.h:170] Found solution in: 4
I20260909 04:39:12.364338   333 skeleton_planner.h:170] Found solution in: 4
I20260909 04:39:12.364348   333 skeleton_planner.h:170] Found solution in: 3
I20260909 04:39:12.364367   333 skeleton_planner.h:170] Found solution in: 5
I20260909 04:39:12.364384   333 skeleton_planner.h:170] Found solution in: 7
I20260909 04:39:12.364400   333 skeleton_planner.h:170] Found solution in: 6
I20260909 04:39:12.364418   333 skeleton_planner.h:170] Found solution in: 6
I20260909 04:39:12.364437   333 skeleton_planner.h:170] Found solution in: 6
I20260909 04:39:12.364477   333 skeleton_planner.h:170] Found solution in: 17
I20260909 04:39:12.364498   333 skeleton_planner.h:170] Found solution in: 6
I20260909 04:39:12.364516   333 skeleton_planner.h:170] Found solution in: 6
I20260909 04:39:12.364535   333 skeleton_planner.h:170] Found solution in: 7
I20260909 04:39:12.364557   333 skeleton_planner.h:170] Found solution in: 6
I20260909 04:39:12.364570   333 skeleton_planner.h:170] Found solution in: 4
I20260909 04:39:12.364590   333 skeleton_planner.h:170] Found solution in: 7
I20260909 04:39:12.364607   333 skeleton_planner.h:170] Found solution in: 6
I20260909 04:39:12.364620   333 skeleton_planner.h:170] Found solution in: 4
I20260909 04:39:12.364626   333 skeleton_planner.h:170] Found solution in: 1
I20260909 04:39:12.364638   333 skeleton_planner.h:170] Found solution in: 6
I20260909 04:39:12.364666   333 skeleton_planner.h:170] Found solution in: 10
I20260909 04:39:12.364687   333 skeleton_planner.h:170] Found solution in: 6
I20260909 04:39:12.364702   333 skeleton_planner.h:170] Found solution in: 4
I20260909 04:39:12.364719   333 skeleton_planner.h:170] Found solution in: 5
I20260909 04:39:12.364737   333 skeleton_planner.h:170] Found solution in: 6
I20260909 04:39:12.364761   333 skeleton_planner.h:170] Found solution in: 8
I20260909 04:39:12.364773   333 skeleton_planner.h:170] Found solution in: 3
I20260909 04:39:12.364790   333 skeleton_planner.h:170] Found solution in: 5
I20260909 04:39:12.364795   333 skeleton_planner.h:170] Found solution in: 1
I20260909 04:39:12.364801   333 skeleton_planner.h:170] Found solution in: 2
I20260909 04:39:12.364821   333 skeleton_planner.h:170] Found solution in: 8
I20260909 04:39:12.364841   333 skeleton_planner.h:170] Found solution in: 6
I20260909 04:39:12.364868   333 skeleton_planner.h:170] Found solution in: 10
I20260909 04:39:12.364878   333 skeleton_planner.h:170] Found solution in: 3
I20260909 04:39:12.364897   333 skeleton_planner.h:170] Found solution in: 5
I20260909 04:39:12.364909   333 skeleton_planner.h:170] Found solution in: 4
I20260909 04:39:12.364924   333 skeleton_planner.h:170] Found solution in: 4
I20260909 04:39:12.364939   333 skeleton_planner.h:170] Found solution in: 4
I20260909 04:39:12.364959   333 skeleton_planner.h:170] Found solution in: 6
I20260909 04:39:12.364982   333 skeleton_planner.h:170] Found solution in: 7
I20260909 04:39:12.364995   333 skeleton_planner.h:170] Found solution in: 3
I20260909 04:39:12.365023   333 skeleton_planner.h:170] Found solution in: 10
I20260909 04:39:12.365052   333 skeleton_planner.h:170] Found solution in: 10
I20260909 04:39:12.365069   333 skeleton_planner.h:170] Found solution in: 4
I20260909 04:39:12.365089   333 skeleton_planner.h:170] Found solution in: 6
I20260909 04:39:12.365108   333 skeleton_planner.h:170] Found solution in: 5
I20260909 04:39:12.365126   333 skeleton_planner.h:170] Found solution in: 6
I20260909 04:39:12.365149   333 skeleton_planner.h:170] Found solution in: 6
I20260909 04:39:12.365171   333 skeleton_planner.h:170] Found solution in: 7
I20260909 04:39:12.365191   333 skeleton_planner.h:170] Found solution in: 5
I20260909 04:39:12.365212   333 skeleton_planner.h:170] Found solution in: 6
I20260909 04:39:12.365223   333 skeleton_planner.h:170] Found solution in: 3
I20260909 04:39:12.365233   333 skeleton_planner.h:170] Found solution in: 3
I20260909 04:39:12.365252   333 skeleton_planner.h:170] Found solution in: 6
I20260909 04:39:12.365267   333 skeleton_planner.h:170] Found solution in: 6
I20260909 04:39:12.365285   333 skeleton_planner.h:170] Found solution in: 6
I20260909 04:39:12.365324   333 skeleton_planner.h:170] Found solution in: 11
I20260909 04:39:12.365371   333 skeleton_planner.h:170] Found solution in: 12
I20260909 04:39:12.365419   333 skeleton_planner.h:170] Found solution in: 12
I20260909 04:39:12.365448   333 skeleton_planner.h:170] Found solution in: 6
I20260909 04:39:12.365530   333 skeleton_planner.h:170] Found solution in: 24
I20260909 04:39:12.365546   333 skeleton_planner.h:170] Found solution in: 3
I20260909 04:39:12.365583   333 skeleton_planner.h:170] Found solution in: 13
I20260909 04:39:12.365628   333 skeleton_planner.h:170] Found solution in: 28
I20260909 04:39:12.365641   333 skeleton_planner.h:170] Found solution in: 4
I20260909 04:39:12.365680   333 skeleton_planner.h:170] Found solution in: 15
I20260909 04:39:12.365736   333 skeleton_planner.h:170] Found solution in: 30
I20260909 04:39:12.365751   333 skeleton_planner.h:170] Found solution in: 4
I20260909 04:39:12.365770   333 skeleton_planner.h:170] Found solution in: 5
I20260909 04:39:12.365782   333 skeleton_planner.h:170] Found solution in: 3
I20260909 04:39:12.365803   333 skeleton_planner.h:170] Found solution in: 6
I20260909 04:39:12.365823   333 skeleton_planner.h:170] Found solution in: 6
I20260909 04:39:12.365845   333 skeleton_planner.h:170] Found solution in: 8
I20260909 04:39:12.365862   333 skeleton_planner.h:170] Found solution in: 5
I20260909 04:39:12.365883   333 skeleton_planner.h:170] Found solution in: 7
I20260909 04:39:12.365906   333 skeleton_planner.h:170] Found solution in: 6
I20260909 04:39:12.365923   333 skeleton_planner.h:170] Found solution in: 5
I20260909 04:39:12.365935   333 skeleton_planner.h:170] Found solution in: 4
I20260909 04:39:12.365954   333 skeleton_planner.h:170] Found solution in: 6
I20260909 04:39:12.365975   333 skeleton_planner.h:170] Found solution in: 6
I20260909 04:39:12.365996   333 skeleton_planner.h:170] Found solution in: 7
I20260909 04:39:12.366019   333 skeleton_planner.h:170] Found solution in: 9
I20260909 04:39:12.366031   333 skeleton_planner.h:170] Found solution in: 3
I20260909 04:39:12.366035   333 skeleton_planner.h:170] Found solution in: 1
I20260909 04:39:12.366052   333 skeleton_planner.h:170] Found solution in: 5
I20260909 04:39:12.366061   333 skeleton_planner.h:170] Found solution in: 2
I20260909 04:39:12.366091   333 skeleton_planner.h:170] Found solution in: 9
I20260909 04:39:12.366113   333 skeleton_planner.h:170] Found solution in: 6
I20260909 04:39:12.366164   333 skeleton_planner.h:170] Found solution in: 16
I20260909 04:39:12.366195   333 skeleton_planner.h:170] Found solution in: 7
I20260909 04:39:12.366218   333 skeleton_planner.h:170] Found solution in: 8
I20260909 04:39:12.366245   333 skeleton_planner.h:170] Found solution in: 8
I20260909 04:39:12.366276   333 skeleton_planner.h:170] Found solution in: 10
I20260909 04:39:12.366288   333 skeleton_planner.h:170] Found solution in: 3
I20260909 04:39:12.366298   333 skeleton_planner.h:170] Found solution in: 3
I20260909 04:39:12.366302   333 skeleton_planner.h:170] Found solution in: 1
I20260909 04:39:12.366304   333 skeleton_planner.h:170] Found solution in: 1
I20260909 04:39:12.366323   333 skeleton_planner.h:170] Found solution in: 5
I20260909 04:39:12.366335   333 skeleton_planner.h:170] Found solution in: 4
I20260909 04:39:12.366351   333 skeleton_planner.h:170] Found solution in: 5
I20260909 04:39:12.366367   333 skeleton_planner.h:170] Found solution in: 5
I20260909 04:39:12.366380   333 skeleton_planner.h:170] Found solution in: 4
I20260909 04:39:12.366390   333 skeleton_planner.h:170] Found solution in: 3
I20260909 04:39:12.366405   333 skeleton_planner.h:170] Found solution in: 5
I20260909 04:39:12.366415   333 skeleton_planner.h:170] Found solution in: 3
I20260909 04:39:12.366428   333 skeleton_planner.h:170] Found solution in: 4
I20260909 04:39:12.366453   333 skeleton_planner.h:170] Found solution in: 9
I20260909 04:39:12.366483   333 skeleton_planner.h:170] Found solution in: 9
I20260909 04:39:12.366499   333 skeleton_planner.h:170] Found solution in: 4
I20260909 04:39:12.366510   333 skeleton_planner.h:170] Found solution in: 3
I20260909 04:39:12.366518   333 skeleton_planner.h:170] Found solution in: 2
I20260909 04:39:12.366535   333 skeleton_planner.h:170] Found solution in: 5
I20260909 04:39:12.366544   333 skeleton_planner.h:170] Found solution in: 2
I20260909 04:39:12.366556   333 skeleton_planner.h:170] Found solution in: 4
I20260909 04:39:12.366575   333 skeleton_planner.h:170] Found solution in: 6
I20260909 04:39:12.366586   333 skeleton_planner.h:170] Found solution in: 4
I20260909 04:39:12.366600   333 skeleton_planner.h:170] Found solution in: 7
I20260909 04:39:12.366629   333 skeleton_planner.h:170] Found solution in: 13
I20260909 04:39:12.366653   333 skeleton_planner.h:170] Found solution in: 8
I20260909 04:39:12.366677   333 skeleton_planner.h:170] Found solution in: 10
I20260909 04:39:12.366689   333 skeleton_planner.h:170] Found solution in: 5
I20260909 04:39:12.366706   333 skeleton_planner.h:170] Found solution in: 6
I20260909 04:39:12.366732   333 skeleton_planner.h:170] Found solution in: 11
I20260909 04:39:12.366745   333 skeleton_planner.h:170] Found solution in: 5
I20260909 04:39:12.366763   333 skeleton_planner.h:170] Found solution in: 5
I20260909 04:39:12.366778   333 skeleton_planner.h:170] Found solution in: 4
I20260909 04:39:12.366797   333 skeleton_planner.h:170] Found solution in: 6
I20260909 04:39:12.366813   333 skeleton_planner.h:170] Found solution in: 5
I20260909 04:39:12.366834   333 skeleton_planner.h:170] Found solution in: 7
I20260909 04:39:12.366849   333 skeleton_planner.h:170] Found solution in: 4
I20260909 04:39:12.366869   333 skeleton_planner.h:170] Found solution in: 9
I20260909 04:39:12.366894   333 skeleton_planner.h:170] Found solution in: 11
I20260909 04:39:12.366907   333 skeleton_planner.h:170] Found solution in: 5
I20260909 04:39:12.366920   333 skeleton_planner.h:170] Found solution in: 4
I20260909 04:39:12.366940   333 skeleton_planner.h:170] Found solution in: 6
I20260909 04:39:12.366950   333 skeleton_planner.h:170] Found solution in: 3
I20260909 04:39:12.366961   333 skeleton_planner.h:170] Found solution in: 3
I20260909 04:39:12.366984   333 skeleton_planner.h:170] Found solution in: 7
I20260909 04:39:12.366998   333 skeleton_planner.h:170] Found solution in: 4
I20260909 04:39:12.367022   333 skeleton_planner.h:170] Found solution in: 8
I20260909 04:39:12.367044   333 skeleton_planner.h:170] Found solution in: 7
I20260909 04:39:12.367070   333 skeleton_planner.h:170] Found solution in: 9
I20260909 04:39:12.367093   333 skeleton_planner.h:170] Found solution in: 9
I20260909 04:39:12.367110   333 skeleton_planner.h:170] Found solution in: 6
I20260909 04:39:12.367157   333 skeleton_planner.h:170] Found solution in: 19
I20260909 04:39:12.367204   333 skeleton_planner.h:170] Found solution in: 17
I20260909 04:39:12.367265   333 skeleton_planner.h:170] Found solution in: 24
I20260909 04:39:12.367336   333 skeleton_planner.h:170] Found solution in: 25
I20260909 04:39:12.367386   333 skeleton_planner.h:170] Found solution in: 18
I20260909 04:39:12.367393   333 skeleton_planner.h:170] Found solution in: 1
I20260909 04:39:12.367395   333 skeleton_planner.h:170] Found solution in: 1
I20260909 04:39:12.367408   333 skeleton_planner.h:170] Found solution in: 5
I20260909 04:39:12.367431   333 skeleton_planner.h:170] Found solution in: 9
I20260909 04:39:12.367446   333 skeleton_planner.h:170] Found solution in: 5
I20260909 04:39:12.367465   333 skeleton_planner.h:170] Found solution in: 8
I20260909 04:39:12.367486   333 skeleton_planner.h:170] Found solution in: 9
I20260909 04:39:12.367498   333 skeleton_planner.h:170] Found solution in: 3
I20260909 04:39:12.367508   333 skeleton_planner.h:170] Found solution in: 3
I20260909 04:39:12.367584   333 skeleton_planner.h:170] Found solution in: 29
I20260909 04:39:12.367596   333 skeleton_planner.h:170] Found solution in: 2
I20260909 04:39:12.367605   333 skeleton_planner.h:170] Found solution in: 2
I20260909 04:39:12.367615   333 skeleton_planner.h:170] Found solution in: 3
I20260909 04:39:12.367627   333 skeleton_planner.h:170] Found solution in: 5
I20260909 04:39:12.367652   333 skeleton_planner.h:170] Found solution in: 6
I20260909 04:39:12.367666   333 skeleton_planner.h:170] Found solution in: 4
I20260909 04:39:12.367686   333 skeleton_planner.h:170] Found solution in: 7
I20260909 04:39:12.367700   333 skeleton_planner.h:170] Found solution in: 4
I20260909 04:39:12.367717   333 skeleton_planner.h:170] Found solution in: 5
I20260909 04:39:12.367739   333 skeleton_planner.h:170] Found solution in: 7
I20260909 04:39:12.367751   333 skeleton_planner.h:170] Found solution in: 3
I20260909 04:39:12.367781   333 skeleton_planner.h:170] Found solution in: 8
I20260909 04:39:12.367795   333 skeleton_planner.h:170] Found solution in: 3
I20260909 04:39:12.367827   333 skeleton_planner.h:170] Found solution in: 14
I20260909 04:39:12.367847   333 skeleton_planner.h:170] Found solution in: 6
I20260909 04:39:12.367863   333 skeleton_planner.h:170] Found solution in: 4
I20260909 04:39:12.367869   333 skeleton_planner.h:170] Found solution in: 1
I20260909 04:39:12.367879   333 skeleton_planner.h:170] Found solution in: 3
I20260909 04:39:12.367903   333 skeleton_planner.h:170] Found solution in: 9
I20260909 04:39:12.367913   333 skeleton_planner.h:170] Found solution in: 3
I20260909 04:39:12.367923   333 skeleton_planner.h:170] Found solution in: 3
I20260909 04:39:12.367939   333 skeleton_planner.h:170] Found solution in: 6
I20260909 04:39:12.367956   333 skeleton_planner.h:170] Found solution in: 6
I20260909 04:39:12.367980   333 skeleton_planner.h:170] Found solution in: 9
I20260909 04:39:12.368021   333 skeleton_planner.h:170] Found solution in: 13
I20260909 04:39:12.368036   333 skeleton_planner.h:170] Found solution in: 3
I20260909 04:39:12.368047   333 skeleton_planner.h:170] Found solution in: 4
I20260909 04:39:12.368058   333 skeleton_planner.h:170] Found solution in: 3
I20260909 04:39:12.368076   333 skeleton_planner.h:170] Found solution in: 4
I20260909 04:39:12.368098   333 skeleton_planner.h:170] Found solution in: 8
I20260909 04:39:12.368112   333 skeleton_planner.h:170] Found solution in: 4
I20260909 04:39:12.368131   333 skeleton_planner.h:170] Found solution in: 5
I20260909 04:39:12.368165   333 skeleton_planner.h:170] Found solution in: 11
I20260909 04:39:12.368184   333 skeleton_planner.h:170] Found solution in: 5
I20260909 04:39:12.368211   333 skeleton_planner.h:170] Found solution in: 11
I20260909 04:39:12.368232   333 skeleton_planner.h:170] Found solution in: 5
I20260909 04:39:12.368242   333 skeleton_planner.h:170] Found solution in: 3
I20260909 04:39:12.368259   333 skeleton_planner.h:170] Found solution in: 5
I20260909 04:39:12.368280   333 skeleton_planner.h:170] Found solution in: 7
I20260909 04:39:12.368290   333 skeleton_planner.h:170] Found solution in: 3
I20260909 04:39:12.368300   333 skeleton_planner.h:170] Found solution in: 3
I20260909 04:39:12.368309   333 skeleton_planner.h:170] Found solution in: 2
I20260909 04:39:12.368321   333 skeleton_planner.h:170] Found solution in: 5
I20260909 04:39:12.368346   333 skeleton_planner.h:170] Found solution in: 12
I20260909 04:39:12.368359   333 skeleton_planner.h:170] Found solution in: 5
I20260909 04:39:12.368363   333 skeleton_planner.h:170] Found solution in: 1
I20260909 04:39:12.368366   333 skeleton_planner.h:170] Found solution in: 1
I20260909 04:39:12.368368   333 skeleton_planner.h:170] Found solution in: 1
I20260909 04:39:12.368379   333 skeleton_planner.h:170] Found solution in: 4
I20260909 04:39:12.368403   333 skeleton_planner.h:170] Found solution in: 8
I20260909 04:39:12.368408   333 skeleton_planner.h:170] Found solution in: 1
I20260909 04:39:12.368435   333 skeleton_planner.h:170] Found solution in: 11
I20260909 04:39:12.368470   333 skeleton_planner.h:170] Found solution in: 14
I20260909 04:39:12.368495   333 skeleton_planner.h:170] Found solution in: 7
I20260909 04:39:12.368508   333 skeleton_planner.h:170] Found solution in: 3
I20260909 04:39:12.368530   333 skeleton_planner.h:170] Found solution in: 7
I20260909 04:39:12.368557   333 skeleton_planner.h:170] Found solution in: 9
I20260909 04:39:12.368588   333 skeleton_planner.h:170] Found solution in: 10
I20260909 04:39:12.368602   333 skeleton_planner.h:170] Found solution in: 4
I20260909 04:39:12.368626   333 skeleton_planner.h:170] Found solution in: 7
I20260909 04:39:12.368641   333 skeleton_planner.h:170] Found solution in: 4
I20260909 04:39:12.368692   333 skeleton_planner.h:170] Found solution in: 21
I20260909 04:39:12.368708   333 skeleton_planner.h:170] Found solution in: 4
I20260909 04:39:12.368731   333 skeleton_planner.h:170] Found solution in: 7
I20260909 04:39:12.368748   333 skeleton_planner.h:170] Found solution in: 6
I20260909 04:39:12.368767   333 skeleton_planner.h:170] Found solution in: 7
I20260909 04:39:12.368788   333 skeleton_planner.h:170] Found solution in: 8
I20260909 04:39:12.368808   333 skeleton_planner.h:170] Found solution in: 8
I20260909 04:39:12.368822   333 skeleton_planner.h:170] Found solution in: 5
I20260909 04:39:12.368837   333 skeleton_planner.h:170] Found solution in: 5
I20260909 04:39:12.368852   333 skeleton_planner.h:170] Found solution in: 6
I20260909 04:39:12.368860   333 skeleton_planner.h:170] Found solution in: 2
I20260909 04:39:12.368862   333 skeleton_planner.h:170] Found solution in: 1
I20260909 04:39:12.368865   333 skeleton_planner.h:170] Found solution in: 1
I20260909 04:39:12.368876   333 skeleton_planner.h:170] Found solution in: 4
I20260909 04:39:12.368889   333 skeleton_planner.h:170] Found solution in: 4
I20260909 04:39:12.368907   333 skeleton_planner.h:170] Found solution in: 5
I20260909 04:39:12.368927   333 skeleton_planner.h:170] Found solution in: 7
I20260909 04:39:12.368981   333 skeleton_planner.h:170] Found solution in: 22
I20260909 04:39:12.368995   333 skeleton_planner.h:170] Found solution in: 4
I20260909 04:39:12.369023   333 skeleton_planner.h:170] Found solution in: 9
I20260909 04:39:12.369046   333 skeleton_planner.h:170] Found solution in: 7
I20260909 04:39:12.369059   333 skeleton_planner.h:170] Found solution in: 4
I20260909 04:39:12.369074   333 skeleton_planner.h:170] Found solution in: 7
I20260909 04:39:12.369099   333 skeleton_planner.h:170] Found solution in: 12
I20260909 04:39:12.369148   333 skeleton_planner.h:170] Found solution in: 22
I20260909 04:39:12.369258   333 skeleton_planner.h:170] Found solution in: 42
I20260909 04:39:12.369277   333 skeleton_planner.h:170] Found solution in: 5
I20260909 04:39:12.369302   333 skeleton_planner.h:170] Found solution in: 5
I20260909 04:39:12.369321   333 skeleton_planner.h:170] Found solution in: 6
I20260909 04:39:12.369350   333 skeleton_planner.h:170] Found solution in: 10
I20260909 04:39:12.369374   333 skeleton_planner.h:170] Found solution in: 6
I20260909 04:39:12.369385   333 skeleton_planner.h:170] Found solution in: 3
I20260909 04:39:12.369406   333 skeleton_planner.h:170] Found solution in: 6
I20260909 04:39:12.369422   333 skeleton_planner.h:170] Found solution in: 4
I20260909 04:39:12.369433   333 skeleton_planner.h:170] Found solution in: 3
I20260909 04:39:12.369438   333 skeleton_planner.h:170] Found solution in: 1
I20260909 04:39:12.369448   333 skeleton_planner.h:170] Found solution in: 3
I20260909 04:39:12.369459   333 skeleton_planner.h:170] Found solution in: 3
I20260909 04:39:12.369482   333 skeleton_planner.h:170] Found solution in: 8
I20260909 04:39:12.369495   333 skeleton_planner.h:170] Found solution in: 3
I20260909 04:39:12.369506   333 skeleton_planner.h:170] Found solution in: 3
I20260909 04:39:12.369527   333 skeleton_planner.h:170] Found solution in: 6
I20260909 04:39:12.369539   333 skeleton_planner.h:170] Found solution in: 3
I20260909 04:39:12.369558   333 skeleton_planner.h:170] Found solution in: 6
I20260909 04:39:12.369576   333 skeleton_planner.h:170] Found solution in: 5
I20260909 04:39:12.369598   333 skeleton_planner.h:170] Found solution in: 7
I20260909 04:39:12.369630   333 skeleton_planner.h:170] Found solution in: 9
I20260909 04:39:12.369637   333 skeleton_planner.h:170] Found solution in: 1
I20260909 04:39:12.369650   333 skeleton_planner.h:170] Found solution in: 4
I20260909 04:39:12.369660   333 skeleton_planner.h:170] Found solution in: 3
I20260909 04:39:12.369670   333 skeleton_planner.h:170] Found solution in: 3
I20260909 04:39:12.369695   333 skeleton_planner.h:170] Found solution in: 9
I20260909 04:39:12.369717   333 skeleton_planner.h:170] Found solution in: 7
I20260909 04:39:12.369735   333 skeleton_planner.h:170] Found solution in: 5
I20260909 04:39:12.369755   333 skeleton_planner.h:170] Found solution in: 6
I20260909 04:39:12.369778   333 skeleton_planner.h:170] Found solution in: 7
I20260909 04:39:12.369800   333 skeleton_planner.h:170] Found solution in: 6
I20260909 04:39:12.369812   333 skeleton_planner.h:170] Found solution in: 3
I20260909 04:39:12.369835   333 skeleton_planner.h:170] Found solution in: 9
I20260909 04:39:12.369853   333 skeleton_planner.h:170] Found solution in: 4
I20260909 04:39:12.369866   333 skeleton_planner.h:170] Found solution in: 4
I20260909 04:39:12.369879   333 skeleton_planner.h:170] Found solution in: 4
I20260909 04:39:12.369894   333 skeleton_planner.h:170] Found solution in: 4
I20260909 04:39:12.369907   333 skeleton_planner.h:170] Found solution in: 5
I20260909 04:39:12.369930   333 skeleton_planner.h:170] Found solution in: 7
I20260909 04:39:12.369943   333 skeleton_planner.h:170] Found solution in: 4
I20260909 04:39:12.369992   333 skeleton_planner.h:170] Found solution in: 15
I20260909 04:39:12.370030   333 skeleton_planner.h:170] Found solution in: 9
I20260909 04:39:12.370044   333 skeleton_planner.h:170] Found solution in: 4
I20260909 04:39:12.370085   333 skeleton_planner.h:170] Found solution in: 12
I20260909 04:39:12.370137   333 skeleton_planner.h:170] Found solution in: 15
I20260909 04:39:12.370162   333 skeleton_planner.h:170] Found solution in: 5
I20260909 04:39:12.370222   333 skeleton_planner.h:170] Found solution in: 18
I20260909 04:39:12.370254   333 skeleton_planner.h:170] Found solution in: 7
I20260909 04:39:12.370270   333 skeleton_planner.h:170] Found solution in: 4
I20260909 04:39:12.370280   333 skeleton_planner.h:170] Found solution in: 3
I20260909 04:39:12.370301   333 skeleton_planner.h:170] Found solution in: 6
I20260909 04:39:12.370316   333 skeleton_planner.h:170] Found solution in: 4
I20260909 04:39:12.370332   333 skeleton_planner.h:170] Found solution in: 5
I20260909 04:39:12.370338   333 skeleton_planner.h:170] Found solution in: 2
I20260909 04:39:12.370358   333 skeleton_planner.h:170] Found solution in: 6
I20260909 04:39:12.370384   333 skeleton_planner.h:170] Found solution in: 7
I20260909 04:39:12.370429   333 skeleton_planner.h:170] Found solution in: 12
I20260909 04:39:12.370456   333 skeleton_planner.h:170] Found solution in: 7
I20260909 04:39:12.370479   333 skeleton_planner.h:170] Found solution in: 7
I20260909 04:39:12.370502   333 skeleton_planner.h:170] Found solution in: 8
I20260909 04:39:12.370522   333 skeleton_planner.h:170] Found solution in: 6
I20260909 04:39:12.370535   333 skeleton_planner.h:170] Found solution in: 4
I20260909 04:39:12.370543   333 skeleton_planner.h:170] Found solution in: 2
I20260909 04:39:12.370553   333 skeleton_planner.h:170] Found solution in: 3
I20260909 04:39:12.370575   333 skeleton_planner.h:170] Found solution in: 8
I20260909 04:39:12.370599   333 skeleton_planner.h:170] Found solution in: 7
I20260909 04:39:12.370611   333 skeleton_planner.h:170] Found solution in: 4
I20260909 04:39:12.370636   333 skeleton_planner.h:170] Found solution in: 9
I20260909 04:39:12.370666   333 skeleton_planner.h:170] Found solution in: 9
I20260909 04:39:12.370684   333 skeleton_planner.h:170] Found solution in: 4
I20260909 04:39:12.370695   333 skeleton_planner.h:170] Found solution in: 3
I20260909 04:39:12.370712   333 skeleton_planner.h:170] Found solution in: 6
I20260909 04:39:12.370718   333 skeleton_planner.h:170] Found solution in: 1
I20260909 04:39:12.370731   333 skeleton_planner.h:170] Found solution in: 6
I20260909 04:39:12.370738   333 skeleton_planner.h:170] Found solution in: 2
I20260909 04:39:12.370759   333 skeleton_planner.h:170] Found solution in: 8
I20260909 04:39:12.370779   333 skeleton_planner.h:170] Found solution in: 6
I20260909 04:39:12.370798   333 skeleton_planner.h:170] Found solution in: 7
I20260909 04:39:12.370811   333 skeleton_planner.h:170] Found solution in: 5
I20260909 04:39:12.370823   333 skeleton_planner.h:170] Found solution in: 4
I20260909 04:39:12.370852   333 skeleton_planner.h:170] Found solution in: 15
I20260909 04:39:12.370886   333 skeleton_planner.h:170] Found solution in: 15
I20260909 04:39:12.370913   333 skeleton_planner.h:170] Found solution in: 8
I20260909 04:39:12.370939   333 skeleton_planner.h:170] Found solution in: 10
I20260909 04:39:12.370957   333 skeleton_planner.h:170] Found solution in: 6
I20260909 04:39:12.370988   333 skeleton_planner.h:170] Found solution in: 14
I20260909 04:39:12.371009   333 skeleton_planner.h:170] Found solution in: 5
I20260909 04:39:12.371050   333 skeleton_planner.h:170] Found solution in: 13
I20260909 04:39:12.371065   333 skeleton_planner.h:170] Found solution in: 4
I20260909 04:39:12.371134   333 skeleton_planner.h:170] Found solution in: 22
I20260909 04:39:12.371150   333 skeleton_planner.h:170] Found solution in: 3
I20260909 04:39:12.371162   333 skeleton_planner.h:170] Found solution in: 3
I20260909 04:39:12.371171   333 skeleton_planner.h:170] Found solution in: 3
I20260909 04:39:12.371178   333 skeleton_planner.h:170] Found solution in: 2
I20260909 04:39:12.371191   333 skeleton_planner.h:170] Found solution in: 5
I20260909 04:39:12.371218   333 skeleton_planner.h:170] Found solution in: 6
I20260909 04:39:12.371232   333 skeleton_planner.h:170] Found solution in: 5
I20260909 04:39:12.371251   333 skeleton_planner.h:170] Found solution in: 7
I20260909 04:39:12.371263   333 skeleton_planner.h:170] Found solution in: 3
I20260909 04:39:12.371274   333 skeleton_planner.h:170] Found solution in: 4
I20260909 04:39:12.371295   333 skeleton_planner.h:170] Found solution in: 7
I20260909 04:39:12.371320   333 skeleton_planner.h:170] Found solution in: 9
I20260909 04:39:12.371347   333 skeleton_planner.h:170] Found solution in: 10
I20260909 04:39:12.371361   333 skeleton_planner.h:170] Found solution in: 3
I20260909 04:39:12.371380   333 skeleton_planner.h:170] Found solution in: 5
I20260909 04:39:12.371400   333 skeleton_planner.h:170] Found solution in: 6
I20260909 04:39:12.371423   333 skeleton_planner.h:170] Found solution in: 7
I20260909 04:39:12.371440   333 skeleton_planner.h:170] Found solution in: 4
I20260909 04:39:12.371465   333 skeleton_planner.h:170] Found solution in: 8
I20260909 04:39:12.371484   333 skeleton_planner.h:170] Found solution in: 5
I20260909 04:39:12.371501   333 skeleton_planner.h:170] Found solution in: 5
I20260909 04:39:12.371534   333 skeleton_planner.h:170] Found solution in: 10
I20260909 04:39:12.371558   333 skeleton_planner.h:170] Found solution in: 6
I20260909 04:39:12.371578   333 skeleton_planner.h:170] Found solution in: 6
I20260909 04:39:12.371611   333 skeleton_planner.h:170] Found solution in: 13
I20260909 04:39:12.371628   333 skeleton_planner.h:170] Found solution in: 7
I20260909 04:39:12.371636   333 skeleton_planner.h:170] Found solution in: 3
I20260909 04:39:12.371647   333 skeleton_planner.h:170] Found solution in: 5
I20260909 04:39:12.371661   333 skeleton_planner.h:170] Found solution in: 6
I20260909 04:39:12.371676   333 skeleton_planner.h:170] Found solution in: 7
I20260909 04:39:12.371683   333 skeleton_planner.h:170] Found solution in: 3
I20260909 04:39:12.371687   333 skeleton_planner.h:170] Found solution in: 1
I20260909 04:39:12.371690   333 skeleton_planner.h:170] Found solution in: 1
I20260909 04:39:12.371709   333 skeleton_planner.h:170] Found solution in: 6
I20260909 04:39:12.371721   333 skeleton_planner.h:170] Found solution in: 3
I20260909 04:39:12.371737   333 skeleton_planner.h:170] Found solution in: 5
I20260909 04:39:12.371743   333 skeleton_planner.h:170] Found solution in: 1
I20260909 04:39:12.371752   333 skeleton_planner.h:170] Found solution in: 3
I20260909 04:39:12.371765   333 skeleton_planner.h:170] Found solution in: 4
I20260909 04:39:12.371773   333 skeleton_planner.h:170] Found solution in: 2
I20260909 04:39:12.371776   333 skeleton_planner.h:170] Found solution in: 1
I20260909 04:39:12.371779   333 skeleton_planner.h:170] Found solution in: 1
I20260909 04:39:12.371795   333 skeleton_planner.h:170] Found solution in: 6
I20260909 04:39:12.371814   333 skeleton_planner.h:170] Found solution in: 7
I20260909 04:39:12.371834   333 skeleton_planner.h:170] Found solution in: 6
I20260909 04:39:12.371847   333 skeleton_planner.h:170] Found solution in: 5
I20260909 04:39:12.371858   333 skeleton_planner.h:170] Found solution in: 3
I20260909 04:39:12.371866   333 skeleton_planner.h:170] Found solution in: 2
I20260909 04:39:12.371881   333 skeleton_planner.h:170] Found solution in: 5
I20260909 04:39:12.371894   333 skeleton_planner.h:170] Found solution in: 4
I20260909 04:39:12.371909   333 skeleton_planner.h:170] Found solution in: 5
I20260909 04:39:12.371932   333 skeleton_planner.h:170] Found solution in: 8
I20260909 04:39:12.371945   333 skeleton_planner.h:170] Found solution in: 4
I20260909 04:39:12.371975   333 skeleton_planner.h:170] Found solution in: 11
I20260909 04:39:12.372013   333 skeleton_planner.h:170] Found solution in: 12
I20260909 04:39:12.372049   333 skeleton_planner.h:170] Found solution in: 10
I20260909 04:39:12.372064   333 skeleton_planner.h:170] Found solution in: 4
I20260909 04:39:12.372077   333 skeleton_planner.h:170] Found solution in: 4
I20260909 04:39:12.372085   333 skeleton_planner.h:170] Found solution in: 2
I20260909 04:39:12.372092   333 skeleton_planner.h:170] Found solution in: 2
I20260909 04:39:12.372118   333 skeleton_planner.h:170] Found solution in: 11
I20260909 04:39:12.372148   333 skeleton_planner.h:170] Found solution in: 12
I20260909 04:39:12.372154   333 skeleton_planner.h:170] Found solution in: 1
I20260909 04:39:12.372157   333 skeleton_planner.h:170] Found solution in: 1
I20260909 04:39:12.372177   333 skeleton_planner.h:170] Found solution in: 7
I20260909 04:39:12.372193   333 skeleton_planner.h:170] Found solution in: 4
I20260909 04:39:12.372207   333 skeleton_planner.h:170] Found solution in: 4
I20260909 04:39:12.372228   333 skeleton_planner.h:170] Found solution in: 6
I20260909 04:39:12.372251   333 skeleton_planner.h:170] Found solution in: 6
I20260909 04:39:12.372272   333 skeleton_planner.h:170] Found solution in: 7
I20260909 04:39:12.372295   333 skeleton_planner.h:170] Found solution in: 7
I20260909 04:39:12.372310   333 skeleton_planner.h:170] Found solution in: 4
I20260909 04:39:12.372328   333 skeleton_planner.h:170] Found solution in: 5
I20260909 04:39:12.372371   333 skeleton_planner.h:170] Found solution in: 11
I20260909 04:39:12.372398   333 skeleton_planner.h:170] Found solution in: 6
I20260909 04:39:12.372412   333 skeleton_planner.h:170] Found solution in: 4
I20260909 04:39:12.372424   333 skeleton_planner.h:170] Found solution in: 4
I20260909 04:39:12.372444   333 skeleton_planner.h:170] Found solution in: 6
I20260909 04:39:12.372496   333 skeleton_planner.h:170] Found solution in: 15
I20260909 04:39:12.372519   333 skeleton_planner.h:170] Found solution in: 5
I20260909 04:39:12.372534   333 skeleton_planner.h:170] Found solution in: 4
I20260909 04:39:12.372550   333 skeleton_planner.h:170] Found solution in: 5
I20260909 04:39:12.372568   333 skeleton_planner.h:170] Found solution in: 6
I20260909 04:39:12.372588   333 skeleton_planner.h:170] Found solution in: 7
I20260909 04:39:12.372614   333 skeleton_planner.h:170] Found solution in: 9
I20260909 04:39:12.372629   333 skeleton_planner.h:170] Found solution in: 5
I20260909 04:39:12.372659   333 skeleton_planner.h:170] Found solution in: 10
I20260909 04:39:12.372678   333 skeleton_planner.h:170] Found solution in: 4
I20260909 04:39:12.372696   333 skeleton_planner.h:170] Found solution in: 7
I20260909 04:39:12.372722   333 skeleton_planner.h:170] Found solution in: 12
I20260909 04:39:12.372732   333 skeleton_planner.h:170] Found solution in: 3
I20260909 04:39:12.372761   333 skeleton_planner.h:170] Found solution in: 15
I20260909 04:39:12.372788   333 skeleton_planner.h:170] Found solution in: 11
I20260909 04:39:12.372812   333 skeleton_planner.h:170] Found solution in: 11
I20260909 04:39:12.372824   333 skeleton_planner.h:170] Found solution in: 4
I20260909 04:39:12.372835   333 skeleton_planner.h:170] Found solution in: 3
I20260909 04:39:12.372851   333 skeleton_planner.h:170] Found solution in: 5
I20260909 04:39:12.372869   333 skeleton_planner.h:170] Found solution in: 6
I20260909 04:39:12.372884   333 skeleton_planner.h:170] Found solution in: 5
I20260909 04:39:12.372901   333 skeleton_planner.h:170] Found solution in: 7
I20260909 04:39:12.372923   333 skeleton_planner.h:170] Found solution in: 8
I20260909 04:39:12.372941   333 skeleton_planner.h:170] Found solution in: 5
I20260909 04:39:12.372960   333 skeleton_planner.h:170] Found solution in: 6
I20260909 04:39:12.372973   333 skeleton_planner.h:170] Found solution in: 4
I20260909 04:39:12.372987   333 skeleton_planner.h:170] Found solution in: 5
I20260909 04:39:12.373003   333 skeleton_planner.h:170] Found solution in: 4
I20260909 04:39:12.373014   333 skeleton_planner.h:170] Found solution in: 4
I20260909 04:39:12.373019   333 skeleton_planner.h:170] Found solution in: 1
I20260909 04:39:12.373025   333 skeleton_planner.h:170] Found solution in: 2
I20260909 04:39:12.373029   333 skeleton_planner.h:170] Found solution in: 1
I20260909 04:39:12.373041   333 skeleton_planner.h:170] Found solution in: 5
I20260909 04:39:12.373056   333 skeleton_planner.h:170] Found solution in: 6
I20260909 04:39:12.373066   333 skeleton_planner.h:170] Found solution in: 3
I20260909 04:39:12.373083   333 skeleton_planner.h:170] Found solution in: 5
I20260909 04:39:12.373162   333 skeleton_planner.h:170] Found solution in: 36
I20260909 04:39:12.373178   333 skeleton_planner.h:170] Found solution in: 4
I20260909 04:39:12.373216   333 skeleton_planner.h:170] Found solution in: 14
I20260909 04:39:12.373231   333 skeleton_planner.h:170] Found solution in: 4
I20260909 04:39:12.373263   333 skeleton_planner.h:170] Found solution in: 11
I20260909 04:39:12.373286   333 skeleton_planner.h:170] Found solution in: 6
I20260909 04:39:12.373315   333 skeleton_planner.h:170] Found solution in: 9
I20260909 04:39:12.373343   333 skeleton_planner.h:170] Found solution in: 8
I20260909 04:39:12.373353   333 skeleton_planner.h:170] Found solution in: 3
I20260909 04:39:12.373380   333 skeleton_planner.h:170] Found solution in: 10
I20260909 04:39:12.373404   333 skeleton_planner.h:170] Found solution in: 6
I20260909 04:39:12.373415   333 skeleton_planner.h:170] Found solution in: 3
I20260909 04:39:12.373427   333 skeleton_planner.h:170] Found solution in: 4
I20260909 04:39:12.373440   333 skeleton_planner.h:170] Found solution in: 5
I20260909 04:39:12.373448   333 skeleton_planner.h:170] Found solution in: 2
I20260909 04:39:12.373451   333 skeleton_planner.h:170] Found solution in: 1
I20260909 04:39:12.373454   333 skeleton_planner.h:170] Found solution in: 1
I20260909 04:39:12.373463   333 skeleton_planner.h:170] Found solution in: 3
I20260909 04:39:12.373536   333 skeleton_planner.h:170] Found solution in: 23
I20260909 04:39:12.373556   333 skeleton_planner.h:170] Found solution in: 5
I20260909 04:39:12.373581   333 skeleton_planner.h:170] Found solution in: 6
I20260909 04:39:12.373601   333 skeleton_planner.h:170] Found solution in: 7
I20260909 04:39:12.373622   333 skeleton_planner.h:170] Found solution in: 8
I20260909 04:39:12.373633   333 skeleton_planner.h:170] Found solution in: 3
I20260909 04:39:12.373638   333 skeleton_planner.h:170] Found solution in: 1
I20260909 04:39:12.373641   333 skeleton_planner.h:170] Found solution in: 1
I20260909 04:39:12.373651   333 skeleton_planner.h:170] Found solution in: 4
I20260909 04:39:12.373667   333 skeleton_planner.h:170] Found solution in: 6
I20260909 04:39:12.373672   333 skeleton_planner.h:170] Found solution in: 1
I20260909 04:39:12.373674   333 skeleton_planner.h:170] Found solution in: 1
I20260909 04:39:12.373677   333 skeleton_planner.h:170] Found solution in: 1
I20260909 04:39:12.373696   333 skeleton_planner.h:170] Found solution in: 7
I20260909 04:39:12.373733   333 skeleton_planner.h:170] Found solution in: 12
I20260909 04:39:12.373740   333 skeleton_planner.h:170] Found solution in: 1
I20260909 04:39:12.373768   333 skeleton_planner.h:170] Found solution in: 8
I20260909 04:39:12.373788   333 skeleton_planner.h:170] Found solution in: 5
I20260909 04:39:12.373809   333 skeleton_planner.h:170] Found solution in: 7
I20260909 04:39:12.373842   333 skeleton_planner.h:170] Found solution in: 11
I20260909 04:39:12.373854   333 skeleton_planner.h:170] Found solution in: 4
I20260909 04:39:12.373859   333 skeleton_planner.h:170] Found solution in: 1
I20260909 04:39:12.373875   333 skeleton_planner.h:170] Found solution in: 5
I20260909 04:39:12.373880   333 skeleton_planner.h:170] Found solution in: 1
I20260909 04:39:12.373927   333 skeleton_planner.h:170] Found solution in: 17
I20260909 04:39:12.373936   333 skeleton_planner.h:170] Found solution in: 1
I20260909 04:39:12.373960   333 skeleton_planner.h:170] Found solution in: 7
I20260909 04:39:12.373980   333 skeleton_planner.h:170] Found solution in: 6
I20260909 04:39:12.374002   333 skeleton_planner.h:170] Found solution in: 7
I20260909 04:39:12.374008   333 skeleton_planner.h:170] Found solution in: 1
I20260909 04:39:12.374027   333 skeleton_planner.h:170] Found solution in: 6
I20260909 04:39:12.374053   333 skeleton_planner.h:170] Found solution in: 7
I20260909 04:39:12.374065   333 skeleton_planner.h:170] Found solution in: 3
I20260909 04:39:12.374069   333 skeleton_planner.h:170] Found solution in: 1
I20260909 04:39:12.374083   333 skeleton_planner.h:170] Found solution in: 4
I20260909 04:39:12.374096   333 skeleton_planner.h:170] Found solution in: 4
I20260909 04:39:12.374119   333 skeleton_planner.h:170] Found solution in: 8
I20260909 04:39:12.374140   333 skeleton_planner.h:170] Found solution in: 5
I20260909 04:39:12.374157   333 skeleton_planner.h:170] Found solution in: 5
I20260909 04:39:12.374168   333 skeleton_planner.h:170] Found solution in: 3
I20260909 04:39:12.374181   333 skeleton_planner.h:170] Found solution in: 4
I20260909 04:39:12.374220   333 skeleton_planner.h:170] Found solution in: 14
I20260909 04:39:12.374246   333 skeleton_planner.h:170] Found solution in: 8
I20260909 04:39:12.374267   333 skeleton_planner.h:170] Found solution in: 6
I20260909 04:39:12.374297   333 skeleton_planner.h:170] Found solution in: 10
I20260909 04:39:12.374312   333 skeleton_planner.h:170] Found solution in: 3
I20260909 04:39:12.374338   333 skeleton_planner.h:170] Found solution in: 8
I20260909 04:39:12.374385   333 skeleton_planner.h:170] Found solution in: 14
I20260909 04:39:12.374425   333 skeleton_planner.h:170] Found solution in: 10
I20260909 04:39:12.374435   333 skeleton_planner.h:170] Found solution in: 2
I20260909 04:39:12.374459   333 skeleton_planner.h:170] Found solution in: 7
I20260909 04:39:12.374488   333 skeleton_planner.h:170] Found solution in: 10
I20260909 04:39:12.374502   333 skeleton_planner.h:170] Found solution in: 4
I20260909 04:39:12.374523   333 skeleton_planner.h:170] Found solution in: 6
I20260909 04:39:12.374545   333 skeleton_planner.h:170] Found solution in: 7
I20260909 04:39:12.374563   333 skeleton_planner.h:170] Found solution in: 5
I20260909 04:39:12.374580   333 skeleton_planner.h:170] Found solution in: 5
I20260909 04:39:12.374590   333 skeleton_planner.h:170] Found solution in: 3
I20260909 04:39:12.374650   333 skeleton_planner.h:170] Found solution in: 20
I20260909 04:39:12.374660   333 skeleton_planner.h:170] Found solution in: 1
I20260909 04:39:12.374670   333 skeleton_planner.h:170] Found solution in: 3
I20260909 04:39:12.374675   333 skeleton_planner.h:170] Found solution in: 1
I20260909 04:39:12.374683   333 skeleton_planner.h:170] Found solution in: 3
I20260909 04:39:12.374708   333 skeleton_planner.h:170] Found solution in: 7
I20260909 04:39:12.374750   333 skeleton_planner.h:170] Found solution in: 14
I20260909 04:39:12.374769   333 skeleton_planner.h:170] Found solution in: 7
I20260909 04:39:12.374780   333 skeleton_planner.h:170] Found solution in: 3
I20260909 04:39:12.374822   333 skeleton_planner.h:170] Found solution in: 16
I20260909 04:39:12.374897   333 skeleton_planner.h:170] Found solution in: 29
I20260909 04:39:12.374912   333 skeleton_planner.h:170] Found solution in: 3
I20260909 04:39:12.374923   333 skeleton_planner.h:170] Found solution in: 3
I20260909 04:39:12.374959   333 skeleton_planner.h:170] Found solution in: 16
I20260909 04:39:12.374979   333 skeleton_planner.h:170] Found solution in: 7
I20260909 04:39:12.375003   333 skeleton_planner.h:170] Found solution in: 11
I20260909 04:39:12.375073   333 skeleton_planner.h:170] Found solution in: 26
I20260909 04:39:12.375102   333 skeleton_planner.h:170] Found solution in: 7
I20260909 04:39:12.375192   333 skeleton_planner.h:170] Found solution in: 37
I20260909 04:39:12.375223   333 skeleton_planner.h:170] Found solution in: 6
I20260909 04:39:12.375242   333 skeleton_planner.h:170] Found solution in: 7
I20260909 04:39:12.375265   333 skeleton_planner.h:170] Found solution in: 9
I20260909 04:39:12.375290   333 skeleton_planner.h:170] Found solution in: 8
I20260909 04:39:12.375303   333 skeleton_planner.h:170] Found solution in: 3
I20260909 04:39:12.375313   333 skeleton_planner.h:170] Found solution in: 3
I20260909 04:39:12.375360   333 skeleton_planner.h:170] Found solution in: 15
I20260909 04:39:12.375396   333 skeleton_planner.h:170] Found solution in: 8
I20260909 04:39:12.375407   333 skeleton_planner.h:170] Found solution in: 3
I20260909 04:39:12.375453   333 skeleton_planner.h:170] Found solution in: 15
I20260909 04:39:12.375504   333 skeleton_planner.h:170] Found solution in: 11
I20260909 04:39:12.375532   333 skeleton_planner.h:170] Found solution in: 7
I20260909 04:39:12.375569   333 skeleton_planner.h:170] Found solution in: 10
I20260909 04:39:12.375610   333 skeleton_planner.h:170] Found solution in: 12
I20260909 04:39:12.375618   333 skeleton_planner.h:170] Found solution in: 1
I20260909 04:39:12.375638   333 skeleton_planner.h:170] Found solution in: 5
I20260909 04:39:12.375669   333 skeleton_planner.h:170] Found solution in: 10
I20260909 04:39:12.375710   333 skeleton_planner.h:170] Found solution in: 11
I20260909 04:39:12.375725   333 skeleton_planner.h:170] Found solution in: 3
I20260909 04:39:12.375766   333 skeleton_planner.h:170] Found solution in: 11
I20260909 04:39:12.375790   333 skeleton_planner.h:170] Found solution in: 5
I20260909 04:39:12.375795   333 skeleton_planner.h:170] Found solution in: 1
I20260909 04:39:12.375813   333 skeleton_planner.h:170] Found solution in: 7
I20260909 04:39:12.375840   333 skeleton_planner.h:170] Found solution in: 10
I20260909 04:39:12.375876   333 skeleton_planner.h:170] Found solution in: 15
I20260909 04:39:12.375887   333 skeleton_planner.h:170] Found solution in: 3
I20260909 04:39:12.375917   333 skeleton_planner.h:170] Found solution in: 13
I20260909 04:39:12.375923   333 skeleton_planner.h:170] Found solution in: 1
I20260909 04:39:12.375937   333 skeleton_planner.h:170] Found solution in: 6
I20260909 04:39:12.375945   333 skeleton_planner.h:170] Found solution in: 2
I20260909 04:39:12.375952   333 skeleton_planner.h:170] Found solution in: 2
I20260909 04:39:12.375962   333 skeleton_planner.h:170] Found solution in: 3
I20260909 04:39:12.375979   333 skeleton_planner.h:170] Found solution in: 5
I20260909 04:39:12.376010   333 skeleton_planner.h:170] Found solution in: 11
I20260909 04:39:12.376055   333 skeleton_planner.h:170] Found solution in: 15
I20260909 04:39:12.376067   333 skeleton_planner.h:170] Found solution in: 3
I20260909 04:39:12.376088   333 skeleton_planner.h:170] Found solution in: 6
I20260909 04:39:12.376094   333 skeleton_planner.h:170] Found solution in: 1
I20260909 04:39:12.376116   333 skeleton_planner.h:170] Found solution in: 8
I20260909 04:39:12.376121   333 skeleton_planner.h:170] Found solution in: 1
I20260909 04:39:12.376149   333 skeleton_planner.h:170] Found solution in: 10
I20260909 04:39:12.376194   333 skeleton_planner.h:170] Found solution in: 13
I20260909 04:39:12.376224   333 skeleton_planner.h:170] Found solution in: 7
I20260909 04:39:12.376240   333 skeleton_planner.h:170] Found solution in: 4
I20260909 04:39:12.376252   333 skeleton_planner.h:170] Found solution in: 3
I20260909 04:39:12.376262   333 skeleton_planner.h:170] Found solution in: 3
I20260909 04:39:12.376273   333 skeleton_planner.h:170] Found solution in: 3
I20260909 04:39:12.376295   333 skeleton_planner.h:170] Found solution in: 8
I20260909 04:39:12.376317   333 skeleton_planner.h:170] Found solution in: 5
I20260909 04:39:12.376333   333 skeleton_planner.h:170] Found solution in: 5
I20260909 04:39:12.376343   333 skeleton_planner.h:170] Found solution in: 3
I20260909 04:39:12.376366   333 skeleton_planner.h:170] Found solution in: 10
I20260909 04:39:12.376379   333 skeleton_planner.h:170] Found solution in: 3
I20260909 04:39:12.376387   333 skeleton_planner.h:170] Found solution in: 3
I20260909 04:39:12.376410   333 skeleton_planner.h:170] Found solution in: 9
I20260909 04:39:12.376431   333 skeleton_planner.h:170] Found solution in: 7
I20260909 04:39:12.376451   333 skeleton_planner.h:170] Found solution in: 6
I20260909 04:39:12.376470   333 skeleton_planner.h:170] Found solution in: 7
I20260909 04:39:12.376495   333 skeleton_planner.h:170] Found solution in: 10
I20260909 04:39:12.376520   333 skeleton_planner.h:170] Found solution in: 9
I20260909 04:39:12.376531   333 skeleton_planner.h:170] Found solution in: 3
I20260909 04:39:12.376542   333 skeleton_planner.h:170] Found solution in: 3
I20260909 04:39:12.376546   333 skeleton_planner.h:170] Found solution in: 1
I20260909 04:39:12.376556   333 skeleton_planner.h:170] Found solution in: 4
I20260909 04:39:12.376566   333 skeleton_planner.h:170] Found solution in: 3
I20260909 04:39:12.376586   333 skeleton_planner.h:170] Found solution in: 6
I20260909 04:39:12.376610   333 skeleton_planner.h:170] Found solution in: 9
I20260909 04:39:12.376623   333 skeleton_planner.h:170] Found solution in: 4
I20260909 04:39:12.376641   333 skeleton_planner.h:170] Found solution in: 5
I20260909 04:39:12.376654   333 skeleton_planner.h:170] Found solution in: 4
I20260909 04:39:12.376674   333 skeleton_planner.h:170] Found solution in: 6
I20260909 04:39:12.376688   333 skeleton_planner.h:170] Found solution in: 4
I20260909 04:39:12.376708   333 skeleton_planner.h:170] Found solution in: 6
I20260909 04:39:12.376726   333 skeleton_planner.h:170] Found solution in: 6
I20260909 04:39:12.376739   333 skeleton_planner.h:170] Found solution in: 3
I20260909 04:39:12.376757   333 skeleton_planner.h:170] Found solution in: 6
I20260909 04:39:12.376768   333 skeleton_planner.h:170] Found solution in: 3
I20260909 04:39:12.376780   333 skeleton_planner.h:170] Found solution in: 3
I20260909 04:39:12.376791   333 skeleton_planner.h:170] Found solution in: 3
I20260909 04:39:12.376801   333 skeleton_planner.h:170] Found solution in: 3
I20260909 04:39:12.376816   333 skeleton_planner.h:170] Found solution in: 4
I20260909 04:39:12.376844   333 skeleton_planner.h:170] Found solution in: 11
I20260909 04:39:12.376854   333 skeleton_planner.h:170] Found solution in: 2
I20260909 04:39:12.376865   333 skeleton_planner.h:170] Found solution in: 3
I20260909 04:39:12.376888   333 skeleton_planner.h:170] Found solution in: 7
I20260909 04:39:12.376907   333 skeleton_planner.h:170] Found solution in: 6
I20260909 04:39:12.376920   333 skeleton_planner.h:170] Found solution in: 3
I20260909 04:39:12.376940   333 skeleton_planner.h:170] Found solution in: 6
I20260909 04:39:12.376957   333 skeleton_planner.h:170] Found solution in: 5
I20260909 04:39:12.376981   333 skeleton_planner.h:170] Found solution in: 8
I20260909 04:39:12.376988   333 skeleton_planner.h:170] Found solution in: 1
I20260909 04:39:12.377027   333 skeleton_planner.h:170] Found solution in: 11
I20260909 04:39:12.377079   333 skeleton_planner.h:170] Found solution in: 14
I20260909 04:39:12.377107   333 skeleton_planner.h:170] Found solution in: 7
I20260909 04:39:12.377118   333 skeleton_planner.h:170] Found solution in: 3
I20260909 04:39:12.377131   333 skeleton_planner.h:170] Found solution in: 4
I20260909 04:39:12.377149   333 skeleton_planner.h:170] Found solution in: 5
I20260909 04:39:12.377164   333 skeleton_planner.h:170] Found solution in: 4
I20260909 04:39:12.377175   333 skeleton_planner.h:170] Found solution in: 3
I20260909 04:39:12.377192   333 skeleton_planner.h:170] Found solution in: 5
I20260909 04:39:12.377211   333 skeleton_planner.h:170] Found solution in: 6
I20260909 04:39:12.377219   333 skeleton_planner.h:170] Found solution in: 2
I20260909 04:39:12.377254   333 skeleton_planner.h:170] Found solution in: 11
I20260909 04:39:12.377262   333 skeleton_planner.h:170] Found solution in: 1
I20260909 04:39:12.377271   333 skeleton_planner.h:170] Found solution in: 3
I20260909 04:39:12.377296   333 skeleton_planner.h:170] Found solution in: 8
I20260909 04:39:12.377310   333 skeleton_planner.h:170] Found solution in: 3
I20260909 04:39:12.377329   333 skeleton_planner.h:170] Found solution in: 6
I20260909 04:39:12.377369   333 skeleton_planner.h:170] Found solution in: 12
I20260909 04:39:12.377447   333 skeleton_planner.h:170] Found solution in: 23
I20260909 04:39:12.377487   333 skeleton_planner.h:170] Found solution in: 8
I20260909 04:39:12.377493   333 skeleton_generator.cpp:1655] [Simplify Vertices] Vertex removals: 905 / 915, Edges added: 305
I20260909 04:39:12.377904   333 skeleton_generator.cpp:1697] [Subgraph] Number of disconnected subgraphs: 25
I20260909 04:39:12.381019   333 skeleton_planner.h:170] Found solution in: 5
I20260909 04:39:12.381215   333 skeleton_planner.h:170] Found solution in: 3
I20260909 04:39:12.382368   333 skeleton_planner.h:170] Found solution in: 6
I20260909 04:39:12.382400   333 skeleton_planner.h:170] Found solution in: 12
I20260909 04:39:12.384044   333 skeleton_planner.h:170] Found solution in: 78
I20260909 04:39:12.384730   333 skeleton_planner.h:170] Found solution in: 78
I20260909 04:39:12.389315   333 skeleton_planner.h:170] Found solution in: 7
I20260909 04:39:12.389478   333 skeleton_planner.h:170] Found solution in: 26
I20260909 04:39:12.392769   333 skeleton_planner.h:170] Found solution in: 9
I20260909 04:39:12.392834   333 skeleton_planner.h:170] Found solution in: 6
I20260909 04:39:12.393348   333 skeleton_planner.h:170] Found solution in: 6
I20260909 04:39:12.393891   333 skeleton_planner.h:170] Found solution in: 40
I20260909 04:39:12.394388   333 skeleton_generator.cpp:1756] [Subgraph] Potential edge candidates: 66 diagram candidates: 12
I20260909 04:39:12.394444   333 skeleton_generator.cpp:1771] [Subgraph] Final number of disconnected subgraphs: 14
I20260909 04:39:12.394450   333 skeleton_generator.cpp:633] [Sparse Graph] Vertices: 1255 Edges: 2016
