I20260909 04:38:51.789690   267 skeleton_planner.h:31] Setting ESDF layer.
I20260909 04:38:51.900372   267 skeleton_generator.cpp:226] [GVD] Finished finding GVD candidates. Number of skeleton points: 80312 edges: 9250
I20260909 04:38:51.931380   267 skeleton_generator.cpp:1093] [Prune] Number of vertices before prune: 3949 Number of deleted vertices: 1097
I20260909 04:38:51.943120   267 skeleton_planner.h:170] Found solution in: 1
I20260909 04:38:51.943141   267 skeleton_planner.h:170] Found solution in: 3
I20260909 04:38:51.944723   267 skeleton_planner.h:170] Found solution in: 1
I20260909 04:38:51.944756   267 skeleton_planner.h:170] Found solution in: 3
I20260909 04:38:51.944769   267 skeleton_planner.h:170] Found solution in: 1
I20260909 04:38:51.944886   267 skeleton_planner.h:170] Found solution in: 4
I20260909 04:38:51.944900   267 skeleton_planner.h:170] Found solution in: 1
I20260909 04:38:51.944916   267 skeleton_planner.h:170] Found solution in: 3
I20260909 04:38:51.944924   267 skeleton_planner.h:170] Found solution in: 1
I20260909 04:38:51.944932   267 skeleton_planner.h:170] Found solution in: 4
I20260909 04:38:51.945026   267 skeleton_planner.h:170] Found solution in: 5
I20260909 04:38:51.945040   267 skeleton_planner.h:170] Found solution in: 1
I20260909 04:38:51.945070   267 skeleton_planner.h:170] Found solution in: 31
I20260909 04:38:51.945166   267 skeleton_planner.h:170] Found solution in: 4
I20260909 04:38:51.945179   267 skeleton_planner.h:170] Found solution in: 1
I20260909 04:38:51.945523   267 skeleton_planner.h:170] Found solution in: 99
I20260909 04:38:51.945545   267 skeleton_planner.h:170] Found solution in: 1
I20260909 04:38:51.945556   267 skeleton_planner.h:170] Found solution in: 1
I20260909 04:38:51.945566   267 skeleton_planner.h:170] Found solution in: 1
I20260909 04:38:51.945588   267 skeleton_planner.h:170] Found solution in: 3
I20260909 04:38:51.945598   267 skeleton_planner.h:170] Found solution in: 1
I20260909 04:38:51.945606   267 skeleton_planner.h:170] Found solution in: 4
I20260909 04:38:51.945616   267 skeleton_planner.h:170] Found solution in: 1
I20260909 04:38:51.945638   267 skeleton_planner.h:170] Found solution in: 17
I20260909 04:38:51.945652   267 skeleton_planner.h:170] Found solution in: 1
I20260909 04:38:51.945755   267 skeleton_planner.h:170] Found solution in: 3
I20260909 04:38:51.945765   267 skeleton_planner.h:170] Found solution in: 1
I20260909 04:38:51.945771   267 skeleton_planner.h:170] Found solution in: 2
I20260909 04:38:51.945804   267 skeleton_planner.h:170] Found solution in: 9
I20260909 04:38:51.945817   267 skeleton_planner.h:170] Found solution in: 1
I20260909 04:38:51.945824   267 skeleton_planner.h:170] Found solution in: 3
I20260909 04:38:51.945834   267 skeleton_planner.h:170] Found solution in: 1
I20260909 04:38:51.945838   267 skeleton_planner.h:170] Found solution in: 2
I20260909 04:38:51.945856   267 skeleton_planner.h:170] Found solution in: 4
I20260909 04:38:51.945871   267 skeleton_planner.h:170] Found solution in: 1
I20260909 04:38:51.945964   267 skeleton_planner.h:170] Found solution in: 4
I20260909 04:38:51.945978   267 skeleton_planner.h:170] Found solution in: 1
I20260909 04:38:51.945986   267 skeleton_planner.h:170] Found solution in: 6
I20260909 04:38:51.946059   267 skeleton_planner.h:170] Found solution in: 82
I20260909 04:38:51.946074   267 skeleton_planner.h:170] Found solution in: 1
I20260909 04:38:51.946182   267 skeleton_planner.h:170] Found solution in: 4
I20260909 04:38:51.946195   267 skeleton_planner.h:170] Found solution in: 1
I20260909 04:38:51.946218   267 skeleton_planner.h:170] Found solution in: 22
I20260909 04:38:51.946231   267 skeleton_planner.h:170] Found solution in: 1
I20260909 04:38:51.946235   267 skeleton_planner.h:170] Found solution in: 2
I20260909 04:38:51.946658   267 skeleton_planner.h:170] Found solution in: 10
I20260909 04:38:51.946671   267 skeleton_planner.h:170] Found solution in: 1
I20260909 04:38:51.946676   267 skeleton_planner.h:170] Found solution in: 3
I20260909 04:38:51.946702   267 skeleton_planner.h:170] Found solution in: 7
I20260909 04:38:51.946718   267 skeleton_planner.h:170] Found solution in: 1
I20260909 04:38:51.946723   267 skeleton_planner.h:170] Found solution in: 2
I20260909 04:38:51.946744   267 skeleton_planner.h:170] Found solution in: 7
I20260909 04:38:51.946756   267 skeleton_planner.h:170] Found solution in: 1
I20260909 04:38:51.946766   267 skeleton_planner.h:170] Found solution in: 6
I20260909 04:38:51.946780   267 skeleton_planner.h:170] Found solution in: 1
I20260909 04:38:51.946789   267 skeleton_planner.h:170] Found solution in: 1
I20260909 04:38:51.946800   267 skeleton_planner.h:170] Found solution in: 7
I20260909 04:38:51.946808   267 skeleton_planner.h:170] Found solution in: 1
I20260909 04:38:51.946820   267 skeleton_planner.h:170] Found solution in: 7
I20260909 04:38:51.946825   267 skeleton_planner.h:170] Found solution in: 3
I20260909 04:38:51.946920   267 skeleton_planner.h:170] Found solution in: 3
I20260909 04:38:51.946931   267 skeleton_planner.h:170] Found solution in: 1
I20260909 04:38:51.946949   267 skeleton_planner.h:170] Found solution in: 4
I20260909 04:38:51.946962   267 skeleton_planner.h:170] Found solution in: 1
I20260909 04:38:51.947435   267 skeleton_planner.h:170] Found solution in: 7
I20260909 04:38:51.947593   267 skeleton_planner.h:170] Found solution in: 1
I20260909 04:38:51.947602   267 skeleton_planner.h:170] Found solution in: 7
I20260909 04:38:51.947650   267 skeleton_planner.h:170] Found solution in: 12
I20260909 04:38:51.947666   267 skeleton_planner.h:170] Found solution in: 1
I20260909 04:38:51.947701   267 skeleton_planner.h:170] Found solution in: 4
I20260909 04:38:51.947714   267 skeleton_planner.h:170] Found solution in: 1
I20260909 04:38:51.947741   267 skeleton_planner.h:170] Found solution in: 5
I20260909 04:38:51.947750   267 skeleton_planner.h:170] Found solution in: 1
I20260909 04:38:51.947762   267 skeleton_planner.h:170] Found solution in: 8
I20260909 04:38:51.947790   267 skeleton_planner.h:170] Found solution in: 4
I20260909 04:38:51.947803   267 skeleton_planner.h:170] Found solution in: 1
I20260909 04:38:51.947808   267 skeleton_planner.h:170] Found solution in: 2
I20260909 04:38:51.947825   267 skeleton_planner.h:170] Found solution in: 4
I20260909 04:38:51.947834   267 skeleton_planner.h:170] Found solution in: 1
I20260909 04:38:51.947858   267 skeleton_planner.h:170] Found solution in: 4
I20260909 04:38:51.947872   267 skeleton_planner.h:170] Found solution in: 1
I20260909 04:38:51.947881   267 skeleton_planner.h:170] Found solution in: 1
I20260909 04:38:51.947887   267 skeleton_planner.h:170] Found solution in: 3
I20260909 04:38:51.947914   267 skeleton_planner.h:170] Found solution in: 5
I20260909 04:38:51.947926   267 skeleton_planner.h:170] Found solution in: 1
I20260909 04:38:51.947942   267 skeleton_planner.h:170] Found solution in: 3
I20260909 04:38:51.947950   267 skeleton_planner.h:170] Found solution in: 1
I20260909 04:38:51.947963   267 skeleton_planner.h:170] Found solution in: 8
I20260909 04:38:51.947973   267 skeleton_planner.h:170] Found solution in: 1
I20260909 04:38:51.947979   267 skeleton_planner.h:170] Found solution in: 3
I20260909 04:38:51.948012   267 skeleton_planner.h:170] Found solution in: 35
I20260909 04:38:51.948021   267 skeleton_planner.h:170] Found solution in: 1
I20260909 04:38:51.948026   267 skeleton_planner.h:170] Found solution in: 2
I20260909 04:38:51.948045   267 skeleton_planner.h:170] Found solution in: 4
I20260909 04:38:51.948060   267 skeleton_planner.h:170] Found solution in: 1
I20260909 04:38:51.948064   267 skeleton_planner.h:170] Found solution in: 3
I20260909 04:38:51.948082   267 skeleton_planner.h:170] Found solution in: 5
I20260909 04:38:51.948096   267 skeleton_planner.h:170] Found solution in: 1
I20260909 04:38:51.948166   267 skeleton_planner.h:170] Found solution in: 75
I20260909 04:38:51.948182   267 skeleton_planner.h:170] Found solution in: 10
I20260909 04:38:51.948195   267 skeleton_planner.h:170] Found solution in: 8
I20260909 04:38:51.948210   267 skeleton_planner.h:170] Found solution in: 1
I20260909 04:38:51.948220   267 skeleton_planner.h:170] Found solution in: 6
I20260909 04:38:51.948230   267 skeleton_planner.h:170] Found solution in: 7
I20260909 04:38:51.948242   267 skeleton_planner.h:170] Found solution in: 8
I20260909 04:38:51.948342   267 skeleton_planner.h:170] Found solution in: 5
I20260909 04:38:51.948356   267 skeleton_planner.h:170] Found solution in: 1
I20260909 04:38:51.948458   267 skeleton_planner.h:170] Found solution in: 8
I20260909 04:38:51.948472   267 skeleton_planner.h:170] Found solution in: 1
I20260909 04:38:51.948480   267 skeleton_planner.h:170] Found solution in: 5
I20260909 04:38:51.948493   267 skeleton_planner.h:170] Found solution in: 1
I20260909 04:38:51.948498   267 skeleton_planner.h:170] Found solution in: 2
I20260909 04:38:51.948515   267 skeleton_planner.h:170] Found solution in: 5
I20260909 04:38:51.948523   267 skeleton_planner.h:170] Found solution in: 1
I20260909 04:38:51.948542   267 skeleton_planner.h:170] Found solution in: 5
I20260909 04:38:51.948555   267 skeleton_planner.h:170] Found solution in: 1
I20260909 04:38:51.948563   267 skeleton_planner.h:170] Found solution in: 6
I20260909 04:38:51.948576   267 skeleton_planner.h:170] Found solution in: 7
I20260909 04:38:51.948587   267 skeleton_planner.h:170] Found solution in: 1
I20260909 04:38:51.948603   267 skeleton_planner.h:170] Found solution in: 3
I20260909 04:38:51.948614   267 skeleton_planner.h:170] Found solution in: 1
I20260909 04:38:51.948630   267 skeleton_planner.h:170] Found solution in: 4
I20260909 04:38:51.948639   267 skeleton_planner.h:170] Found solution in: 1
I20260909 04:38:51.948653   267 skeleton_planner.h:170] Found solution in: 11
I20260909 04:38:51.948740   267 skeleton_planner.h:170] Found solution in: 4
I20260909 04:38:51.948751   267 skeleton_planner.h:170] Found solution in: 1
I20260909 04:38:51.948762   267 skeleton_planner.h:170] Found solution in: 1
I20260909 04:38:51.948791   267 skeleton_planner.h:170] Found solution in: 28
I20260909 04:38:51.948800   267 skeleton_planner.h:170] Found solution in: 1
I20260909 04:38:51.948810   267 skeleton_planner.h:170] Found solution in: 1
I20260909 04:38:51.948827   267 skeleton_planner.h:170] Found solution in: 14
I20260909 04:38:51.948846   267 skeleton_planner.h:170] Found solution in: 18
I20260909 04:38:51.948879   267 skeleton_planner.h:170] Found solution in: 33
I20260909 04:38:51.948890   267 skeleton_planner.h:170] Found solution in: 1
I20260909 04:38:51.948900   267 skeleton_planner.h:170] Found solution in: 1
I20260909 04:38:51.948905   267 skeleton_planner.h:170] Found solution in: 3
I20260909 04:38:51.948928   267 skeleton_planner.h:170] Found solution in: 5
I20260909 04:38:51.948941   267 skeleton_planner.h:170] Found solution in: 1
I20260909 04:38:51.949059   267 skeleton_planner.h:170] Found solution in: 3
I20260909 04:38:51.949069   267 skeleton_planner.h:170] Found solution in: 1
I20260909 04:38:51.949086   267 skeleton_planner.h:170] Found solution in: 15
I20260909 04:38:51.949097   267 skeleton_planner.h:170] Found solution in: 7
I20260909 04:38:51.949105   267 skeleton_planner.h:170] Found solution in: 1
I20260909 04:38:51.949111   267 skeleton_planner.h:170] Found solution in: 3
I20260909 04:38:51.950870   267 skeleton_planner.h:170] Found solution in: 1
I20260909 04:38:51.950943   267 skeleton_planner.h:170] Found solution in: 57
I20260909 04:38:51.950963   267 skeleton_planner.h:170] Found solution in: 1
I20260909 04:38:51.950970   267 skeleton_planner.h:170] Found solution in: 4
I20260909 04:38:51.950985   267 skeleton_planner.h:170] Found solution in: 11
I20260909 04:38:51.950997   267 skeleton_planner.h:170] Found solution in: 1
I20260909 04:38:51.951004   267 skeleton_planner.h:170] Found solution in: 4
I20260909 04:38:51.951018   267 skeleton_planner.h:170] Found solution in: 11
I20260909 04:38:51.951041   267 skeleton_planner.h:170] Found solution in: 21
I20260909 04:38:51.951052   267 skeleton_planner.h:170] Found solution in: 1
I20260909 04:38:51.951061   267 skeleton_planner.h:170] Found solution in: 1
I20260909 04:38:51.951073   267 skeleton_planner.h:170] Found solution in: 6
I20260909 04:38:51.951086   267 skeleton_planner.h:170] Found solution in: 8
I20260909 04:38:51.951098   267 skeleton_planner.h:170] Found solution in: 1
I20260909 04:38:51.951104   267 skeleton_planner.h:170] Found solution in: 5
I20260909 04:38:51.951128   267 skeleton_planner.h:170] Found solution in: 5
I20260909 04:38:51.951140   267 skeleton_planner.h:170] Found solution in: 1
I20260909 04:38:51.951155   267 skeleton_planner.h:170] Found solution in: 3
I20260909 04:38:51.951169   267 skeleton_planner.h:170] Found solution in: 1
I20260909 04:38:51.951189   267 skeleton_planner.h:170] Found solution in: 21
I20260909 04:38:51.951283   267 skeleton_planner.h:170] Found solution in: 4
I20260909 04:38:51.951295   267 skeleton_planner.h:170] Found solution in: 1
I20260909 04:38:51.951313   267 skeleton_planner.h:170] Found solution in: 14
I20260909 04:38:51.951323   267 skeleton_planner.h:170] Found solution in: 1
I20260909 04:38:51.951328   267 skeleton_planner.h:170] Found solution in: 3
I20260909 04:38:51.951336   267 skeleton_planner.h:170] Found solution in: 1
I20260909 04:38:51.951342   267 skeleton_planner.h:170] Found solution in: 3
I20260909 04:38:51.951356   267 skeleton_planner.h:170] Found solution in: 1
I20260909 04:38:51.951364   267 skeleton_planner.h:170] Found solution in: 1
I20260909 04:38:51.951371   267 skeleton_planner.h:170] Found solution in: 3
I20260909 04:38:51.951380   267 skeleton_planner.h:170] Found solution in: 1
I20260909 04:38:51.951386   267 skeleton_planner.h:170] Found solution in: 3
I20260909 04:38:51.951402   267 skeleton_planner.h:170] Found solution in: 3
I20260909 04:38:51.951412   267 skeleton_planner.h:170] Found solution in: 1
I20260909 04:38:51.951424   267 skeleton_planner.h:170] Found solution in: 1
I20260909 04:38:51.951434   267 skeleton_planner.h:170] Found solution in: 6
I20260909 04:38:51.951447   267 skeleton_planner.h:170] Found solution in: 7
I20260909 04:38:51.951454   267 skeleton_planner.h:170] Found solution in: 1
I20260909 04:38:51.951460   267 skeleton_planner.h:170] Found solution in: 3
I20260909 04:38:51.951467   267 skeleton_planner.h:170] Found solution in: 1
I20260909 04:38:51.951473   267 skeleton_planner.h:170] Found solution in: 3
I20260909 04:38:51.951498   267 skeleton_planner.h:170] Found solution in: 4
I20260909 04:38:51.951507   267 skeleton_planner.h:170] Found solution in: 1
I20260909 04:38:51.951517   267 skeleton_planner.h:170] Found solution in: 1
I20260909 04:38:51.952646   267 skeleton_planner.h:170] Found solution in: 1
I20260909 04:38:51.952678   267 skeleton_planner.h:170] Found solution in: 4
I20260909 04:38:51.952687   267 skeleton_planner.h:170] Found solution in: 1
I20260909 04:38:51.952695   267 skeleton_planner.h:170] Found solution in: 1
I20260909 04:38:51.952701   267 skeleton_planner.h:170] Found solution in: 3
I20260909 04:38:51.952735   267 skeleton_planner.h:170] Found solution in: 6
I20260909 04:38:51.952744   267 skeleton_planner.h:170] Found solution in: 1
I20260909 04:38:51.952762   267 skeleton_planner.h:170] Found solution in: 4
I20260909 04:38:51.952773   267 skeleton_planner.h:170] Found solution in: 1
I20260909 04:38:51.952788   267 skeleton_planner.h:170] Found solution in: 3
I20260909 04:38:51.952798   267 skeleton_planner.h:170] Found solution in: 1
I20260909 04:38:51.952809   267 skeleton_planner.h:170] Found solution in: 1
I20260909 04:38:51.952831   267 skeleton_planner.h:170] Found solution in: 5
I20260909 04:38:51.952841   267 skeleton_planner.h:170] Found solution in: 1
I20260909 04:38:51.952852   267 skeleton_planner.h:170] Found solution in: 1
I20260909 04:38:51.952946   267 skeleton_planner.h:170] Found solution in: 4
I20260909 04:38:51.952957   267 skeleton_planner.h:170] Found solution in: 1
I20260909 04:38:51.952977   267 skeleton_planner.h:170] Found solution in: 4
I20260909 04:38:51.952986   267 skeleton_planner.h:170] Found solution in: 1
I20260909 04:38:51.952999   267 skeleton_planner.h:170] Found solution in: 9
I20260909 04:38:51.953097   267 skeleton_planner.h:170] Found solution in: 4
I20260909 04:38:51.953107   267 skeleton_planner.h:170] Found solution in: 1
I20260909 04:38:51.953194   267 skeleton_planner.h:170] Found solution in: 3
I20260909 04:38:51.953208   267 skeleton_planner.h:170] Found solution in: 1
I20260909 04:38:51.953230   267 skeleton_planner.h:170] Found solution in: 22
I20260909 04:38:51.953243   267 skeleton_planner.h:170] Found solution in: 1
I20260909 04:38:51.953248   267 skeleton_planner.h:170] Found solution in: 1
I20260909 04:38:51.953266   267 skeleton_planner.h:170] Found solution in: 3
I20260909 04:38:51.953279   267 skeleton_planner.h:170] Found solution in: 1
I20260909 04:38:51.953289   267 skeleton_planner.h:170] Found solution in: 7
I20260909 04:38:51.953298   267 skeleton_planner.h:170] Found solution in: 1
I20260909 04:38:51.953315   267 skeleton_planner.h:170] Found solution in: 8
I20260909 04:38:51.953416   267 skeleton_planner.h:170] Found solution in: 4
I20260909 04:38:51.953426   267 skeleton_planner.h:170] Found solution in: 1
I20260909 04:38:51.953435   267 skeleton_planner.h:170] Found solution in: 1
I20260909 04:38:51.953502   267 skeleton_planner.h:170] Found solution in: 76
I20260909 04:38:51.953519   267 skeleton_planner.h:170] Found solution in: 1
I20260909 04:38:51.953616   267 skeleton_planner.h:170] Found solution in: 5
I20260909 04:38:51.953626   267 skeleton_planner.h:170] Found solution in: 1
I20260909 04:38:51.953632   267 skeleton_planner.h:170] Found solution in: 1
I20260909 04:38:51.953658   267 skeleton_planner.h:170] Found solution in: 30
I20260909 04:38:51.953683   267 skeleton_planner.h:170] Found solution in: 25
I20260909 04:38:51.953692   267 skeleton_planner.h:170] Found solution in: 1
I20260909 04:38:51.953704   267 skeleton_planner.h:170] Found solution in: 4
I20260909 04:38:51.953712   267 skeleton_planner.h:170] Found solution in: 1
I20260909 04:38:51.953716   267 skeleton_planner.h:170] Found solution in: 2
I20260909 04:38:51.953732   267 skeleton_planner.h:170] Found solution in: 8
I20260909 04:38:51.953740   267 skeleton_planner.h:170] Found solution in: 1
I20260909 04:38:51.953748   267 skeleton_planner.h:170] Found solution in: 1
I20260909 04:38:51.953860   267 skeleton_planner.h:170] Found solution in: 6
I20260909 04:38:51.953868   267 skeleton_planner.h:170] Found solution in: 1
I20260909 04:38:51.953984   267 skeleton_planner.h:170] Found solution in: 14
I20260909 04:38:51.953994   267 skeleton_planner.h:170] Found solution in: 1
I20260909 04:38:51.953998   267 skeleton_planner.h:170] Found solution in: 3
I20260909 04:38:51.954012   267 skeleton_planner.h:170] Found solution in: 4
I20260909 04:38:51.954021   267 skeleton_planner.h:170] Found solution in: 1
I20260909 04:38:51.954025   267 skeleton_planner.h:170] Found solution in: 2
I20260909 04:38:51.954039   267 skeleton_planner.h:170] Found solution in: 5
I20260909 04:38:51.954049   267 skeleton_planner.h:170] Found solution in: 1
I20260909 04:38:51.954052   267 skeleton_planner.h:170] Found solution in: 2
I20260909 04:38:51.954062   267 skeleton_planner.h:170] Found solution in: 3
I20260909 04:38:51.954069   267 skeleton_planner.h:170] Found solution in: 1
I20260909 04:38:51.954083   267 skeleton_planner.h:170] Found solution in: 4
I20260909 04:38:51.954092   267 skeleton_planner.h:170] Found solution in: 1
I20260909 04:38:51.954119   267 skeleton_planner.h:170] Found solution in: 11
I20260909 04:38:51.954128   267 skeleton_planner.h:170] Found solution in: 1
I20260909 04:38:51.954147   267 skeleton_planner.h:170] Found solution in: 5
I20260909 04:38:51.954154   267 skeleton_planner.h:170] Found solution in: 1
I20260909 04:38:51.954159   267 skeleton_planner.h:170] Found solution in: 1
I20260909 04:38:51.954165   267 skeleton_planner.h:170] Found solution in: 1
I20260909 04:38:51.954229   267 skeleton_planner.h:170] Found solution in: 5
I20260909 04:38:51.954239   267 skeleton_planner.h:170] Found solution in: 1
I20260909 04:38:51.954243   267 skeleton_planner.h:170] Found solution in: 2
I20260909 04:38:51.954253   267 skeleton_planner.h:170] Found solution in: 3
I20260909 04:38:51.954260   267 skeleton_planner.h:170] Found solution in: 1
I20260909 04:38:51.954270   267 skeleton_planner.h:170] Found solution in: 3
I20260909 04:38:51.954275   267 skeleton_planner.h:170] Found solution in: 1
I20260909 04:38:51.954279   267 skeleton_planner.h:170] Found solution in: 2
I20260909 04:38:51.954289   267 skeleton_planner.h:170] Found solution in: 4
I20260909 04:38:51.954298   267 skeleton_planner.h:170] Found solution in: 1
I20260909 04:38:51.954308   267 skeleton_planner.h:170] Found solution in: 1
I20260909 04:38:51.954320   267 skeleton_planner.h:170] Found solution in: 11
I20260909 04:38:51.954329   267 skeleton_planner.h:170] Found solution in: 1
I20260909 04:38:51.954416   267 skeleton_planner.h:170] Found solution in: 3
I20260909 04:38:51.954423   267 skeleton_planner.h:170] Found solution in: 1
I20260909 04:38:51.954435   267 skeleton_planner.h:170] Found solution in: 12
I20260909 04:38:51.954447   267 skeleton_planner.h:170] Found solution in: 1
I20260909 04:38:51.954457   267 skeleton_planner.h:170] Found solution in: 3
I20260909 04:38:51.954465   267 skeleton_planner.h:170] Found solution in: 1
I20260909 04:38:51.954550   267 skeleton_planner.h:170] Found solution in: 3
I20260909 04:38:51.954556   267 skeleton_planner.h:170] Found solution in: 1
I20260909 04:38:51.954639   267 skeleton_planner.h:170] Found solution in: 3
I20260909 04:38:51.954646   267 skeleton_planner.h:170] Found solution in: 1
I20260909 04:38:51.954658   267 skeleton_planner.h:170] Found solution in: 3
I20260909 04:38:51.954664   267 skeleton_planner.h:170] Found solution in: 1
I20260909 04:38:51.954668   267 skeleton_planner.h:170] Found solution in: 1
I20260909 04:38:51.954677   267 skeleton_planner.h:170] Found solution in: 1
I20260909 04:38:51.954685   267 skeleton_planner.h:170] Found solution in: 3
I20260909 04:38:51.954711   267 skeleton_planner.h:170] Found solution in: 7
I20260909 04:38:51.954725   267 skeleton_planner.h:170] Found solution in: 1
I20260909 04:38:51.954808   267 skeleton_planner.h:170] Found solution in: 3
I20260909 04:38:51.954818   267 skeleton_planner.h:170] Found solution in: 1
I20260909 04:38:51.954849   267 skeleton_planner.h:170] Found solution in: 6
I20260909 04:38:51.954857   267 skeleton_planner.h:170] Found solution in: 1
I20260909 04:38:51.954885   267 skeleton_planner.h:170] Found solution in: 7
I20260909 04:38:51.954898   267 skeleton_planner.h:170] Found solution in: 1
I20260909 04:38:51.954922   267 skeleton_planner.h:170] Found solution in: 4
I20260909 04:38:51.954932   267 skeleton_planner.h:170] Found solution in: 1
I20260909 04:38:51.954944   267 skeleton_planner.h:170] Found solution in: 4
I20260909 04:38:51.954958   267 skeleton_planner.h:170] Found solution in: 1
I20260909 04:38:51.954962   267 skeleton_planner.h:170] Found solution in: 2
I20260909 04:38:51.954972   267 skeleton_planner.h:170] Found solution in: 3
I20260909 04:38:51.954981   267 skeleton_planner.h:170] Found solution in: 1
I20260909 04:38:51.955006   267 skeleton_planner.h:170] Found solution in: 30
I20260909 04:38:51.955068   267 skeleton_planner.h:170] Found solution in: 80
I20260909 04:38:51.955164   267 skeleton_planner.h:170] Found solution in: 5
I20260909 04:38:51.955175   267 skeleton_planner.h:170] Found solution in: 1
I20260909 04:38:51.955179   267 skeleton_planner.h:170] Found solution in: 2
I20260909 04:38:51.955191   267 skeleton_planner.h:170] Found solution in: 3
I20260909 04:38:51.955200   267 skeleton_planner.h:170] Found solution in: 1
I20260909 04:38:51.955212   267 skeleton_planner.h:170] Found solution in: 3
I20260909 04:38:51.955221   267 skeleton_planner.h:170] Found solution in: 1
I20260909 04:38:51.955225   267 skeleton_planner.h:170] Found solution in: 3
I20260909 04:38:51.955242   267 skeleton_planner.h:170] Found solution in: 5
I20260909 04:38:51.955251   267 skeleton_planner.h:170] Found solution in: 1
I20260909 04:38:51.955322   267 skeleton_planner.h:170] Found solution in: 93
I20260909 04:38:51.955420   267 skeleton_planner.h:170] Found solution in: 8
I20260909 04:38:51.955432   267 skeleton_planner.h:170] Found solution in: 1
I20260909 04:38:51.955446   267 skeleton_planner.h:170] Found solution in: 3
I20260909 04:38:51.955453   267 skeleton_planner.h:170] Found solution in: 1
I20260909 04:38:51.955477   267 skeleton_planner.h:170] Found solution in: 4
I20260909 04:38:51.955487   267 skeleton_planner.h:170] Found solution in: 1
I20260909 04:38:51.955497   267 skeleton_planner.h:170] Found solution in: 8
I20260909 04:38:51.955503   267 skeleton_planner.h:170] Found solution in: 1
I20260909 04:38:51.955509   267 skeleton_planner.h:170] Found solution in: 5
I20260909 04:38:51.955528   267 skeleton_planner.h:170] Found solution in: 4
I20260909 04:38:51.955538   267 skeleton_planner.h:170] Found solution in: 1
I20260909 04:38:51.955549   267 skeleton_planner.h:170] Found solution in: 7
I20260909 04:38:51.955556   267 skeleton_planner.h:170] Found solution in: 1
I20260909 04:38:51.955562   267 skeleton_planner.h:170] Found solution in: 4
I20260909 04:38:51.955579   267 skeleton_planner.h:170] Found solution in: 18
I20260909 04:38:51.955586   267 skeleton_planner.h:170] Found solution in: 1
I20260909 04:38:51.955591   267 skeleton_planner.h:170] Found solution in: 5
I20260909 04:38:51.955608   267 skeleton_planner.h:170] Found solution in: 5
I20260909 04:38:51.955616   267 skeleton_planner.h:170] Found solution in: 1
I20260909 04:38:51.955621   267 skeleton_planner.h:170] Found solution in: 3
I20260909 04:38:51.955641   267 skeleton_planner.h:170] Found solution in: 7
I20260909 04:38:51.955653   267 skeleton_planner.h:170] Found solution in: 1
I20260909 04:38:51.955674   267 skeleton_planner.h:170] Found solution in: 23
I20260909 04:38:51.955685   267 skeleton_planner.h:170] Found solution in: 1
I20260909 04:38:51.955688   267 skeleton_planner.h:170] Found solution in: 2
I20260909 04:38:51.955701   267 skeleton_planner.h:170] Found solution in: 4
I20260909 04:38:51.955710   267 skeleton_planner.h:170] Found solution in: 1
I20260909 04:38:51.955731   267 skeleton_planner.h:170] Found solution in: 7
I20260909 04:38:51.955742   267 skeleton_planner.h:170] Found solution in: 1
I20260909 04:38:51.955756   267 skeleton_planner.h:170] Found solution in: 3
I20260909 04:38:51.955762   267 skeleton_planner.h:170] Found solution in: 1
I20260909 04:38:51.955766   267 skeleton_planner.h:170] Found solution in: 3
I20260909 04:38:51.955780   267 skeleton_planner.h:170] Found solution in: 4
I20260909 04:38:51.955787   267 skeleton_planner.h:170] Found solution in: 1
I20260909 04:38:51.955801   267 skeleton_planner.h:170] Found solution in: 4
I20260909 04:38:51.955807   267 skeleton_planner.h:170] Found solution in: 1
I20260909 04:38:51.955811   267 skeleton_planner.h:170] Found solution in: 3
I20260909 04:38:51.955825   267 skeleton_planner.h:170] Found solution in: 4
I20260909 04:38:51.955832   267 skeleton_planner.h:170] Found solution in: 1
I20260909 04:38:51.955842   267 skeleton_planner.h:170] Found solution in: 3
I20260909 04:38:51.955847   267 skeleton_planner.h:170] Found solution in: 1
I20260909 04:38:51.955857   267 skeleton_planner.h:170] Found solution in: 3
I20260909 04:38:51.955864   267 skeleton_planner.h:170] Found solution in: 1
I20260909 04:38:51.955876   267 skeleton_planner.h:170] Found solution in: 3
I20260909 04:38:51.955884   267 skeleton_planner.h:170] Found solution in: 1
I20260909 04:38:51.955978   267 skeleton_planner.h:170] Found solution in: 4
I20260909 04:38:51.955987   267 skeleton_planner.h:170] Found solution in: 1
I20260909 04:38:51.956000   267 skeleton_planner.h:170] Found solution in: 3
I20260909 04:38:51.956012   267 skeleton_planner.h:170] Found solution in: 1
I20260909 04:38:51.956015   267 skeleton_planner.h:170] Found solution in: 2
I20260909 04:38:51.956025   267 skeleton_planner.h:170] Found solution in: 3
I20260909 04:38:51.956033   267 skeleton_planner.h:170] Found solution in: 1
I20260909 04:38:51.956046   267 skeleton_planner.h:170] Found solution in: 3
I20260909 04:38:51.956054   267 skeleton_planner.h:170] Found solution in: 1
I20260909 04:38:51.956147   267 skeleton_planner.h:170] Found solution in: 4
I20260909 04:38:51.956158   267 skeleton_planner.h:170] Found solution in: 1
I20260909 04:38:51.956171   267 skeleton_planner.h:170] Found solution in: 4
I20260909 04:38:51.956180   267 skeleton_planner.h:170] Found solution in: 1
I20260909 04:38:51.956193   267 skeleton_planner.h:170] Found solution in: 4
I20260909 04:38:51.956199   267 skeleton_planner.h:170] Found solution in: 1
I20260909 04:38:51.956204   267 skeleton_planner.h:170] Found solution in: 3
I20260909 04:38:51.956211   267 skeleton_planner.h:170] Found solution in: 1
I20260909 04:38:51.956214   267 skeleton_planner.h:170] Found solution in: 2
I20260909 04:38:51.956228   267 skeleton_planner.h:170] Found solution in: 5
I20260909 04:38:51.956236   267 skeleton_planner.h:170] Found solution in: 1
I20260909 04:38:51.956256   267 skeleton_planner.h:170] Found solution in: 6
I20260909 04:38:51.956265   267 skeleton_planner.h:170] Found solution in: 1
I20260909 04:38:51.956280   267 skeleton_planner.h:170] Found solution in: 4
I20260909 04:38:51.956288   267 skeleton_planner.h:170] Found solution in: 1
I20260909 04:38:51.956292   267 skeleton_planner.h:170] Found solution in: 3
I20260909 04:38:51.956312   267 skeleton_planner.h:170] Found solution in: 5
I20260909 04:38:51.956321   267 skeleton_planner.h:170] Found solution in: 1
I20260909 04:38:51.956328   267 skeleton_planner.h:170] Found solution in: 7
I20260909 04:38:51.956357   267 skeleton_planner.h:170] Found solution in: 6
I20260909 04:38:51.956365   267 skeleton_planner.h:170] Found solution in: 1
I20260909 04:38:51.956781   267 skeleton_planner.h:170] Found solution in: 1
I20260909 04:38:51.956786   267 skeleton_planner.h:170] Found solution in: 4
I20260909 04:38:51.956943   267 skeleton_planner.h:170] Found solution in: 1
I20260909 04:38:51.956946   267 skeleton_planner.h:170] Found solution in: 4
I20260909 04:38:51.957105   267 skeleton_planner.h:170] Found solution in: 1
I20260909 04:38:51.957115   267 skeleton_planner.h:170] Found solution in: 1
I20260909 04:38:51.957122   267 skeleton_planner.h:170] Found solution in: 1
I20260909 04:38:51.957129   267 skeleton_planner.h:170] Found solution in: 8
I20260909 04:38:51.957232   267 skeleton_planner.h:170] Found solution in: 5
I20260909 04:38:51.957240   267 skeleton_planner.h:170] Found solution in: 1
I20260909 04:38:51.957247   267 skeleton_planner.h:170] Found solution in: 5
I20260909 04:38:51.957252   267 skeleton_planner.h:170] Found solution in: 5
I20260909 04:38:51.957258   267 skeleton_planner.h:170] Found solution in: 1
I20260909 04:38:51.957268   267 skeleton_planner.h:170] Found solution in: 3
I20260909 04:38:51.957276   267 skeleton_planner.h:170] Found solution in: 1
I20260909 04:38:51.957302   267 skeleton_planner.h:170] Found solution in: 8
I20260909 04:38:51.957314   267 skeleton_planner.h:170] Found solution in: 1
I20260909 04:38:51.957320   267 skeleton_planner.h:170] Found solution in: 1
I20260909 04:38:51.957327   267 skeleton_planner.h:170] Found solution in: 6
I20260909 04:38:51.957429   267 skeleton_planner.h:170] Found solution in: 5
I20260909 04:38:51.957438   267 skeleton_planner.h:170] Found solution in: 1
I20260909 04:38:51.957453   267 skeleton_planner.h:170] Found solution in: 16
I20260909 04:38:51.957468   267 skeleton_planner.h:170] Found solution in: 1
I20260909 04:38:51.957491   267 skeleton_planner.h:170] Found solution in: 5
I20260909 04:38:51.957501   267 skeleton_planner.h:170] Found solution in: 1
I20260909 04:38:51.957520   267 skeleton_planner.h:170] Found solution in: 5
I20260909 04:38:51.957528   267 skeleton_planner.h:170] Found solution in: 1
I20260909 04:38:51.957543   267 skeleton_planner.h:170] Found solution in: 4
I20260909 04:38:51.957552   267 skeleton_planner.h:170] Found solution in: 1
I20260909 04:38:51.957559   267 skeleton_planner.h:170] Found solution in: 5
I20260909 04:38:51.957573   267 skeleton_planner.h:170] Found solution in: 14
I20260909 04:38:51.957580   267 skeleton_planner.h:170] Found solution in: 1
I20260909 04:38:51.957594   267 skeleton_planner.h:170] Found solution in: 3
I20260909 04:38:51.957602   267 skeleton_planner.h:170] Found solution in: 1
I20260909 04:38:51.957612   267 skeleton_planner.h:170] Found solution in: 8
I20260909 04:38:51.957620   267 skeleton_planner.h:170] Found solution in: 8
I20260909 04:38:51.957626   267 skeleton_planner.h:170] Found solution in: 1
I20260909 04:38:51.957639   267 skeleton_planner.h:170] Found solution in: 3
I20260909 04:38:51.957646   267 skeleton_planner.h:170] Found solution in: 1
I20260909 04:38:51.957733   267 skeleton_planner.h:170] Found solution in: 4
I20260909 04:38:51.957741   267 skeleton_planner.h:170] Found solution in: 1
I20260909 04:38:51.957751   267 skeleton_planner.h:170] Found solution in: 3
I20260909 04:38:51.957757   267 skeleton_planner.h:170] Found solution in: 1
I20260909 04:38:51.957763   267 skeleton_planner.h:170] Found solution in: 1
I20260909 04:38:51.957795   267 skeleton_planner.h:170] Found solution in: 40
I20260909 04:38:51.957803   267 skeleton_planner.h:170] Found solution in: 1
I20260909 04:38:51.957813   267 skeleton_planner.h:170] Found solution in: 3
I20260909 04:38:51.957821   267 skeleton_planner.h:170] Found solution in: 1
I20260909 04:38:51.957827   267 skeleton_planner.h:170] Found solution in: 5
I20260909 04:38:51.957834   267 skeleton_planner.h:170] Found solution in: 7
I20260909 04:38:51.957842   267 skeleton_planner.h:170] Found solution in: 1
I20260909 04:38:51.957846   267 skeleton_planner.h:170] Found solution in: 3
I20260909 04:38:51.957857   267 skeleton_planner.h:170] Found solution in: 3
I20260909 04:38:51.957866   267 skeleton_planner.h:170] Found solution in: 1
I20260909 04:38:51.957877   267 skeleton_planner.h:170] Found solution in: 3
I20260909 04:38:51.957885   267 skeleton_planner.h:170] Found solution in: 1
I20260909 04:38:51.957901   267 skeleton_planner.h:170] Found solution in: 18
I20260909 04:38:51.957916   267 skeleton_planner.h:170] Found solution in: 17
I20260909 04:38:51.957924   267 skeleton_planner.h:170] Found solution in: 1
I20260909 04:38:51.957952   267 skeleton_planner.h:170] Found solution in: 32
I20260909 04:38:51.957960   267 skeleton_planner.h:170] Found solution in: 1
I20260909 04:38:51.958003   267 skeleton_planner.h:170] Found solution in: 23
I20260909 04:38:51.958014   267 skeleton_planner.h:170] Found solution in: 1
I20260909 04:38:51.958021   267 skeleton_planner.h:170] Found solution in: 7
I20260909 04:38:51.958132   267 skeleton_planner.h:170] Found solution in: 6
I20260909 04:38:51.958140   267 skeleton_planner.h:170] Found solution in: 1
I20260909 04:38:51.958148   267 skeleton_planner.h:170] Found solution in: 1
I20260909 04:38:51.958154   267 skeleton_planner.h:170] Found solution in: 5
I20260909 04:38:51.958161   267 skeleton_planner.h:170] Found solution in: 1
I20260909 04:38:51.958168   267 skeleton_planner.h:170] Found solution in: 5
I20260909 04:38:51.958176   267 skeleton_planner.h:170] Found solution in: 1
I20260909 04:38:51.958190   267 skeleton_planner.h:170] Found solution in: 3
I20260909 04:38:51.958197   267 skeleton_planner.h:170] Found solution in: 1
I20260909 04:38:51.958292   267 skeleton_planner.h:170] Found solution in: 4
I20260909 04:38:51.958300   267 skeleton_planner.h:170] Found solution in: 1
I20260909 04:38:51.958395   267 skeleton_planner.h:170] Found solution in: 3
I20260909 04:38:51.958405   267 skeleton_planner.h:170] Found solution in: 1
I20260909 04:38:51.958410   267 skeleton_planner.h:170] Found solution in: 1
I20260909 04:38:51.958415   267 skeleton_planner.h:170] Found solution in: 4
I20260909 04:38:51.958510   267 skeleton_planner.h:170] Found solution in: 4
I20260909 04:38:51.958520   267 skeleton_planner.h:170] Found solution in: 1
I20260909 04:38:51.958673   267 skeleton_planner.h:170] Found solution in: 28
I20260909 04:38:51.958817   267 skeleton_planner.h:170] Found solution in: 21
I20260909 04:38:51.958829   267 skeleton_planner.h:170] Found solution in: 1
I20260909 04:38:51.958832   267 skeleton_planner.h:170] Found solution in: 2
I20260909 04:38:51.958861   267 skeleton_planner.h:170] Found solution in: 12
I20260909 04:38:51.958870   267 skeleton_planner.h:170] Found solution in: 1
I20260909 04:38:51.958873   267 skeleton_planner.h:170] Found solution in: 2
I20260909 04:38:51.958894   267 skeleton_planner.h:170] Found solution in: 9
I20260909 04:38:51.958904   267 skeleton_planner.h:170] Found solution in: 1
I20260909 04:38:51.958907   267 skeleton_planner.h:170] Found solution in: 2
I20260909 04:38:51.958920   267 skeleton_planner.h:170] Found solution in: 4
I20260909 04:38:51.958926   267 skeleton_planner.h:170] Found solution in: 1
I20260909 04:38:51.958930   267 skeleton_planner.h:170] Found solution in: 2
I20260909 04:38:51.958941   267 skeleton_planner.h:170] Found solution in: 4
I20260909 04:38:51.958948   267 skeleton_planner.h:170] Found solution in: 1
I20260909 04:38:51.958961   267 skeleton_planner.h:170] Found solution in: 4
I20260909 04:38:51.958966   267 skeleton_planner.h:170] Found solution in: 1
I20260909 04:38:51.958974   267 skeleton_planner.h:170] Found solution in: 3
I20260909 04:38:51.958979   267 skeleton_planner.h:170] Found solution in: 1
I20260909 04:38:51.958992   267 skeleton_planner.h:170] Found solution in: 3
I20260909 04:38:51.958997   267 skeleton_planner.h:170] Found solution in: 1
I20260909 04:38:51.959013   267 skeleton_planner.h:170] Found solution in: 5
I20260909 04:38:51.959019   267 skeleton_planner.h:170] Found solution in: 1
I20260909 04:38:51.959022   267 skeleton_planner.h:170] Found solution in: 2
I20260909 04:38:51.959034   267 skeleton_planner.h:170] Found solution in: 4
I20260909 04:38:51.959040   267 skeleton_planner.h:170] Found solution in: 1
I20260909 04:38:51.959045   267 skeleton_planner.h:170] Found solution in: 1
I20260909 04:38:51.959049   267 skeleton_planner.h:170] Found solution in: 5
I20260909 04:38:51.959092   267 skeleton_planner.h:170] Found solution in: 16
I20260909 04:38:51.959100   267 skeleton_planner.h:170] Found solution in: 1
I20260909 04:38:51.959106   267 skeleton_planner.h:170] Found solution in: 1
I20260909 04:38:51.959112   267 skeleton_planner.h:170] Found solution in: 5
I20260909 04:38:51.959122   267 skeleton_planner.h:170] Found solution in: 11
I20260909 04:38:51.959131   267 skeleton_planner.h:170] Found solution in: 9
I20260909 04:38:51.959138   267 skeleton_planner.h:170] Found solution in: 1
I20260909 04:38:51.959142   267 skeleton_planner.h:170] Found solution in: 3
I20260909 04:38:51.959149   267 skeleton_planner.h:170] Found solution in: 1
I20260909 04:38:51.959170   267 skeleton_planner.h:170] Found solution in: 25
I20260909 04:38:51.959177   267 skeleton_planner.h:170] Found solution in: 1
I20260909 04:38:51.959182   267 skeleton_planner.h:170] Found solution in: 5
I20260909 04:38:51.959192   267 skeleton_planner.h:170] Found solution in: 8
I20260909 04:38:51.959205   267 skeleton_planner.h:170] Found solution in: 17
I20260909 04:38:51.959213   267 skeleton_planner.h:170] Found solution in: 1
I20260909 04:38:51.959223   267 skeleton_planner.h:170] Found solution in: 1
I20260909 04:38:51.959226   267 skeleton_planner.h:170] Found solution in: 3
I20260909 04:38:51.959255   267 skeleton_planner.h:170] Found solution in: 9
I20260909 04:38:51.959268   267 skeleton_planner.h:170] Found solution in: 1
I20260909 04:38:51.959282   267 skeleton_planner.h:170] Found solution in: 4
I20260909 04:38:51.959290   267 skeleton_planner.h:170] Found solution in: 1
I20260909 04:38:51.959311   267 skeleton_planner.h:170] Found solution in: 4
I20260909 04:38:51.959319   267 skeleton_planner.h:170] Found solution in: 1
I20260909 04:38:51.959327   267 skeleton_planner.h:170] Found solution in: 1
I20260909 04:38:51.959342   267 skeleton_planner.h:170] Found solution in: 4
I20260909 04:38:51.959350   267 skeleton_planner.h:170] Found solution in: 1
I20260909 04:38:51.959434   267 skeleton_planner.h:170] Found solution in: 3
I20260909 04:38:51.959442   267 skeleton_planner.h:170] Found solution in: 1
I20260909 04:38:51.959448   267 skeleton_planner.h:170] Found solution in: 1
I20260909 04:38:51.959474   267 skeleton_planner.h:170] Found solution in: 25
I20260909 04:38:51.959486   267 skeleton_planner.h:170] Found solution in: 13
I20260909 04:38:51.959491   267 skeleton_planner.h:170] Found solution in: 1
I20260909 04:38:51.959517   267 skeleton_planner.h:170] Found solution in: 30
I20260909 04:38:51.959525   267 skeleton_planner.h:170] Found solution in: 7
I20260909 04:38:51.959537   267 skeleton_planner.h:170] Found solution in: 1
I20260909 04:38:51.959539   267 skeleton_planner.h:170] Found solution in: 2
I20260909 04:38:51.959553   267 skeleton_planner.h:170] Found solution in: 4
I20260909 04:38:51.959559   267 skeleton_planner.h:170] Found solution in: 1
I20260909 04:38:51.959568   267 skeleton_planner.h:170] Found solution in: 8
I20260909 04:38:51.959578   267 skeleton_planner.h:170] Found solution in: 12
I20260909 04:38:51.959586   267 skeleton_planner.h:170] Found solution in: 1
I20260909 04:38:51.959606   267 skeleton_planner.h:170] Found solution in: 5
I20260909 04:38:51.959617   267 skeleton_planner.h:170] Found solution in: 1
I20260909 04:38:51.959623   267 skeleton_planner.h:170] Found solution in: 1
I20260909 04:38:51.959630   267 skeleton_planner.h:170] Found solution in: 6
I20260909 04:38:51.959669   267 skeleton_planner.h:170] Found solution in: 49
I20260909 04:38:51.959678   267 skeleton_planner.h:170] Found solution in: 1
I20260909 04:38:51.959686   267 skeleton_planner.h:170] Found solution in: 8
I20260909 04:38:51.959692   267 skeleton_planner.h:170] Found solution in: 1
I20260909 04:38:51.959699   267 skeleton_planner.h:170] Found solution in: 6
I20260909 04:38:51.959704   267 skeleton_planner.h:170] Found solution in: 1
I20260909 04:38:51.959712   267 skeleton_planner.h:170] Found solution in: 6
I20260909 04:38:51.959720   267 skeleton_planner.h:170] Found solution in: 10
I20260909 04:38:51.959728   267 skeleton_planner.h:170] Found solution in: 8
I20260909 04:38:51.959735   267 skeleton_planner.h:170] Found solution in: 1
I20260909 04:38:51.959740   267 skeleton_planner.h:170] Found solution in: 1
I20260909 04:38:51.959750   267 skeleton_planner.h:170] Found solution in: 1
I20260909 04:38:51.959753   267 skeleton_planner.h:170] Found solution in: 2
I20260909 04:38:51.959764   267 skeleton_planner.h:170] Found solution in: 3
I20260909 04:38:51.959774   267 skeleton_planner.h:170] Found solution in: 1
I20260909 04:38:51.959798   267 skeleton_planner.h:170] Found solution in: 8
I20260909 04:38:51.959810   267 skeleton_planner.h:170] Found solution in: 1
I20260909 04:38:51.959816   267 skeleton_planner.h:170] Found solution in: 5
I20260909 04:38:51.959906   267 skeleton_planner.h:170] Found solution in: 6
I20260909 04:38:51.959914   267 skeleton_planner.h:170] Found solution in: 1
I20260909 04:38:51.959928   267 skeleton_planner.h:170] Found solution in: 15
I20260909 04:38:51.959936   267 skeleton_planner.h:170] Found solution in: 1
I20260909 04:38:51.959949   267 skeleton_planner.h:170] Found solution in: 14
I20260909 04:38:51.959957   267 skeleton_planner.h:170] Found solution in: 1
I20260909 04:38:51.959973   267 skeleton_planner.h:170] Found solution in: 20
I20260909 04:38:51.960031   267 skeleton_planner.h:170] Found solution in: 72
I20260909 04:38:51.960042   267 skeleton_planner.h:170] Found solution in: 1
I20260909 04:38:51.960052   267 skeleton_planner.h:170] Found solution in: 1
I20260909 04:38:51.960058   267 skeleton_planner.h:170] Found solution in: 1
I20260909 04:38:51.960155   267 skeleton_planner.h:170] Found solution in: 4
I20260909 04:38:51.960163   267 skeleton_planner.h:170] Found solution in: 1
I20260909 04:38:51.960170   267 skeleton_planner.h:170] Found solution in: 5
I20260909 04:38:51.960175   267 skeleton_planner.h:170] Found solution in: 1
I20260909 04:38:51.960180   267 skeleton_planner.h:170] Found solution in: 5
I20260909 04:38:51.960189   267 skeleton_planner.h:170] Found solution in: 1
I20260909 04:38:51.960213   267 skeleton_planner.h:170] Found solution in: 31
I20260909 04:38:51.960219   267 skeleton_planner.h:170] Found solution in: 1
I20260909 04:38:51.960227   267 skeleton_planner.h:170] Found solution in: 1
I20260909 04:38:51.960230   267 skeleton_planner.h:170] Found solution in: 3
I20260909 04:38:51.960244   267 skeleton_planner.h:170] Found solution in: 4
I20260909 04:38:51.960250   267 skeleton_planner.h:170] Found solution in: 1
I20260909 04:38:51.960264   267 skeleton_planner.h:170] Found solution in: 4
I20260909 04:38:51.960273   267 skeleton_planner.h:170] Found solution in: 1
I20260909 04:38:51.960278   267 skeleton_planner.h:170] Found solution in: 3
I20260909 04:38:51.960309   267 skeleton_planner.h:170] Found solution in: 8
I20260909 04:38:51.960318   267 skeleton_planner.h:170] Found solution in: 1
I20260909 04:38:51.960337   267 skeleton_planner.h:170] Found solution in: 3
I20260909 04:38:51.960345   267 skeleton_planner.h:170] Found solution in: 1
I20260909 04:38:51.960348   267 skeleton_planner.h:170] Found solution in: 2
I20260909 04:38:51.960371   267 skeleton_planner.h:170] Found solution in: 7
I20260909 04:38:51.960379   267 skeleton_planner.h:170] Found solution in: 1
I20260909 04:38:51.960392   267 skeleton_planner.h:170] Found solution in: 4
I20260909 04:38:51.960400   267 skeleton_planner.h:170] Found solution in: 1
I20260909 04:38:51.960431   267 skeleton_planner.h:170] Found solution in: 10
I20260909 04:38:51.960439   267 skeleton_planner.h:170] Found solution in: 1
I20260909 04:38:51.960443   267 skeleton_planner.h:170] Found solution in: 3
I20260909 04:38:51.960448   267 skeleton_planner.h:170] Found solution in: 4
I20260909 04:38:51.960466   267 skeleton_planner.h:170] Found solution in: 5
I20260909 04:38:51.960474   267 skeleton_planner.h:170] Found solution in: 1
I20260909 04:38:51.960479   267 skeleton_planner.h:170] Found solution in: 1
I20260909 04:38:51.960512   267 skeleton_planner.h:170] Found solution in: 10
I20260909 04:38:51.960520   267 skeleton_planner.h:170] Found solution in: 1
I20260909 04:38:51.960525   267 skeleton_planner.h:170] Found solution in: 2
I20260909 04:38:51.961843   267 skeleton_planner.h:170] Found solution in: 1
I20260909 04:38:51.961848   267 skeleton_planner.h:170] Found solution in: 2
I20260909 04:38:51.963253   267 skeleton_planner.h:170] Found solution in: 1
I20260909 04:38:51.963256   267 skeleton_planner.h:170] Found solution in: 2
I20260909 04:38:51.963271   267 skeleton_planner.h:170] Found solution in: 4
I20260909 04:38:51.963279   267 skeleton_planner.h:170] Found solution in: 1
I20260909 04:38:51.963284   267 skeleton_planner.h:170] Found solution in: 4
I20260909 04:38:51.963302   267 skeleton_planner.h:170] Found solution in: 18
I20260909 04:38:51.963311   267 skeleton_planner.h:170] Found solution in: 1
I20260909 04:38:51.963323   267 skeleton_planner.h:170] Found solution in: 4
I20260909 04:38:51.963331   267 skeleton_planner.h:170] Found solution in: 1
I20260909 04:38:51.963335   267 skeleton_planner.h:170] Found solution in: 2
I20260909 04:38:51.963341   267 skeleton_planner.h:170] Found solution in: 1
I20260909 04:38:51.963344   267 skeleton_planner.h:170] Found solution in: 2
I20260909 04:38:51.963356   267 skeleton_planner.h:170] Found solution in: 5
I20260909 04:38:51.963366   267 skeleton_planner.h:170] Found solution in: 1
I20260909 04:38:51.963374   267 skeleton_planner.h:170] Found solution in: 9
I20260909 04:38:51.963382   267 skeleton_planner.h:170] Found solution in: 1
I20260909 04:38:51.963480   267 skeleton_planner.h:170] Found solution in: 4
I20260909 04:38:51.963490   267 skeleton_planner.h:170] Found solution in: 1
I20260909 04:38:51.963501   267 skeleton_planner.h:170] Found solution in: 12
I20260909 04:38:51.963510   267 skeleton_planner.h:170] Found solution in: 7
I20260909 04:38:51.963515   267 skeleton_planner.h:170] Found solution in: 1
I20260909 04:38:51.963536   267 skeleton_planner.h:170] Found solution in: 7
I20260909 04:38:51.963546   267 skeleton_planner.h:170] Found solution in: 1
I20260909 04:38:51.963554   267 skeleton_planner.h:170] Found solution in: 1
I20260909 04:38:51.963647   267 skeleton_planner.h:170] Found solution in: 3
I20260909 04:38:51.963656   267 skeleton_planner.h:170] Found solution in: 1
I20260909 04:38:51.963665   267 skeleton_planner.h:170] Found solution in: 1
I20260909 04:38:51.963675   267 skeleton_planner.h:170] Found solution in: 8
I20260909 04:38:51.963738   267 skeleton_planner.h:170] Found solution in: 73
I20260909 04:38:51.963846   267 skeleton_planner.h:170] Found solution in: 4
I20260909 04:38:51.963855   267 skeleton_planner.h:170] Found solution in: 1
I20260909 04:38:51.963864   267 skeleton_planner.h:170] Found solution in: 1
I20260909 04:38:51.963867   267 skeleton_planner.h:170] Found solution in: 2
I20260909 04:38:51.963881   267 skeleton_planner.h:170] Found solution in: 5
I20260909 04:38:51.963887   267 skeleton_planner.h:170] Found solution in: 1
I20260909 04:38:51.963900   267 skeleton_planner.h:170] Found solution in: 5
I20260909 04:38:51.963907   267 skeleton_planner.h:170] Found solution in: 1
I20260909 04:38:51.963912   267 skeleton_planner.h:170] Found solution in: 1
I20260909 04:38:51.963937   267 skeleton_planner.h:170] Found solution in: 32
I20260909 04:38:51.963944   267 skeleton_planner.h:170] Found solution in: 1
I20260909 04:38:51.963965   267 skeleton_planner.h:170] Found solution in: 4
I20260909 04:38:51.963976   267 skeleton_planner.h:170] Found solution in: 1
I20260909 04:38:51.963984   267 skeleton_planner.h:170] Found solution in: 7
I20260909 04:38:51.963989   267 skeleton_planner.h:170] Found solution in: 5
I20260909 04:38:51.963994   267 skeleton_planner.h:170] Found solution in: 1
I20260909 04:38:51.963999   267 skeleton_planner.h:170] Found solution in: 5
I20260909 04:38:51.964007   267 skeleton_planner.h:170] Found solution in: 9
I20260909 04:38:51.964272   267 skeleton_planner.h:170] Found solution in: 1
I20260909 04:38:51.964859   267 skeleton_planner.h:170] Found solution in: 1
I20260909 04:38:51.964895   267 skeleton_planner.h:170] Found solution in: 8
I20260909 04:38:51.964903   267 skeleton_planner.h:170] Found solution in: 1
I20260909 04:38:51.964907   267 skeleton_planner.h:170] Found solution in: 2
I20260909 04:38:51.964916   267 skeleton_planner.h:170] Found solution in: 3
I20260909 04:38:51.964926   267 skeleton_planner.h:170] Found solution in: 1
I20260909 04:38:51.964938   267 skeleton_planner.h:170] Found solution in: 12
I20260909 04:38:51.964946   267 skeleton_planner.h:170] Found solution in: 1
I20260909 04:38:51.964949   267 skeleton_planner.h:170] Found solution in: 3
I20260909 04:38:51.965206   267 skeleton_planner.h:170] Found solution in: 61
I20260909 04:38:51.965219   267 skeleton_planner.h:170] Found solution in: 1
I20260909 04:38:51.965224   267 skeleton_planner.h:170] Found solution in: 5
I20260909 04:38:51.965229   267 skeleton_planner.h:170] Found solution in: 4
I20260909 04:38:51.965235   267 skeleton_planner.h:170] Found solution in: 1
I20260909 04:38:51.965248   267 skeleton_planner.h:170] Found solution in: 5
I20260909 04:38:51.965255   267 skeleton_planner.h:170] Found solution in: 1
I20260909 04:38:51.965260   267 skeleton_planner.h:170] Found solution in: 1
I20260909 04:38:51.965263   267 skeleton_planner.h:170] Found solution in: 2
I20260909 04:38:51.965287   267 skeleton_planner.h:170] Found solution in: 6
I20260909 04:38:51.965294   267 skeleton_planner.h:170] Found solution in: 1
I20260909 04:38:51.965310   267 skeleton_planner.h:170] Found solution in: 6
I20260909 04:38:51.965318   267 skeleton_planner.h:170] Found solution in: 1
I20260909 04:38:51.965324   267 skeleton_planner.h:170] Found solution in: 5
I20260909 04:38:51.965338   267 skeleton_planner.h:170] Found solution in: 15
I20260909 04:38:51.965345   267 skeleton_planner.h:170] Found solution in: 1
I20260909 04:38:51.965435   267 skeleton_planner.h:170] Found solution in: 3
I20260909 04:38:51.965443   267 skeleton_planner.h:170] Found solution in: 1
I20260909 04:38:51.965458   267 skeleton_planner.h:170] Found solution in: 1
I20260909 04:38:51.965461   267 skeleton_planner.h:170] Found solution in: 2
I20260909 04:38:51.965472   267 skeleton_planner.h:170] Found solution in: 3
I20260909 04:38:51.965485   267 skeleton_planner.h:170] Found solution in: 1
I20260909 04:38:51.965497   267 skeleton_planner.h:170] Found solution in: 4
I20260909 04:38:51.965507   267 skeleton_planner.h:170] Found solution in: 1
I20260909 04:38:51.965601   267 skeleton_planner.h:170] Found solution in: 3
I20260909 04:38:51.965610   267 skeleton_planner.h:170] Found solution in: 1
I20260909 04:38:51.965626   267 skeleton_planner.h:170] Found solution in: 5
I20260909 04:38:51.965634   267 skeleton_planner.h:170] Found solution in: 1
I20260909 04:38:51.965642   267 skeleton_planner.h:170] Found solution in: 5
I20260909 04:38:51.965649   267 skeleton_planner.h:170] Found solution in: 1
I20260909 04:38:51.965652   267 skeleton_planner.h:170] Found solution in: 2
I20260909 04:38:51.965658   267 skeleton_planner.h:170] Found solution in: 1
I20260909 04:38:51.965662   267 skeleton_planner.h:170] Found solution in: 2
I20260909 04:38:51.965667   267 skeleton_planner.h:170] Found solution in: 1
I20260909 04:38:51.965698   267 skeleton_planner.h:170] Found solution in: 41
I20260909 04:38:51.965704   267 skeleton_planner.h:170] Found solution in: 6
I20260909 04:38:51.965734   267 skeleton_planner.h:170] Found solution in: 39
I20260909 04:38:51.965739   267 skeleton_planner.h:170] Found solution in: 1
I20260909 04:38:51.965744   267 skeleton_planner.h:170] Found solution in: 6
I20260909 04:38:51.965776   267 skeleton_planner.h:170] Found solution in: 43
I20260909 04:38:51.965811   267 skeleton_planner.h:170] Found solution in: 44
I20260909 04:38:51.965819   267 skeleton_planner.h:170] Found solution in: 1
I20260909 04:38:51.965822   267 skeleton_planner.h:170] Found solution in: 2
I20260909 04:38:51.965834   267 skeleton_planner.h:170] Found solution in: 4
I20260909 04:38:51.965842   267 skeleton_planner.h:170] Found solution in: 1
I20260909 04:38:51.965857   267 skeleton_planner.h:170] Found solution in: 6
I20260909 04:38:51.965864   267 skeleton_planner.h:170] Found solution in: 1
I20260909 04:38:51.965870   267 skeleton_planner.h:170] Found solution in: 6
I20260909 04:38:51.965875   267 skeleton_planner.h:170] Found solution in: 1
I20260909 04:38:51.965881   267 skeleton_planner.h:170] Found solution in: 1
I20260909 04:38:51.965885   267 skeleton_planner.h:170] Found solution in: 3
I20260909 04:38:51.965898   267 skeleton_planner.h:170] Found solution in: 3
I20260909 04:38:51.965904   267 skeleton_planner.h:170] Found solution in: 1
I20260909 04:38:51.966121   267 skeleton_planner.h:170] Found solution in: 5
I20260909 04:38:51.966128   267 skeleton_planner.h:170] Found solution in: 1
I20260909 04:38:51.966662   267 skeleton_planner.h:170] Found solution in: 1
I20260909 04:38:51.966667   267 skeleton_planner.h:170] Found solution in: 4
I20260909 04:38:51.966902   267 skeleton_planner.h:170] Found solution in: 6
I20260909 04:38:51.966907   267 skeleton_planner.h:170] Found solution in: 1
I20260909 04:38:51.966912   267 skeleton_planner.h:170] Found solution in: 4
I20260909 04:38:51.967144   267 skeleton_planner.h:170] Found solution in: 7
I20260909 04:38:51.967154   267 skeleton_planner.h:170] Found solution in: 1
I20260909 04:38:51.967159   267 skeleton_planner.h:170] Found solution in: 4
I20260909 04:38:51.967191   267 skeleton_planner.h:170] Found solution in: 5
I20260909 04:38:51.967199   267 skeleton_planner.h:170] Found solution in: 1
I20260909 04:38:51.967206   267 skeleton_planner.h:170] Found solution in: 5
I20260909 04:38:51.967234   267 skeleton_planner.h:170] Found solution in: 7
I20260909 04:38:51.967243   267 skeleton_planner.h:170] Found solution in: 1
I20260909 04:38:51.967247   267 skeleton_planner.h:170] Found solution in: 2
I20260909 04:38:51.967756   267 skeleton_planner.h:170] Found solution in: 1
I20260909 04:38:51.967759   267 skeleton_planner.h:170] Found solution in: 2
I20260909 04:38:51.968269   267 skeleton_planner.h:170] Found solution in: 1
I20260909 04:38:51.968273   267 skeleton_planner.h:170] Found solution in: 2
I20260909 04:38:51.969502   267 skeleton_planner.h:170] Found solution in: 1
I20260909 04:38:51.969506   267 skeleton_planner.h:170] Found solution in: 2
I20260909 04:38:51.970772   267 skeleton_planner.h:170] Found solution in: 1
I20260909 04:38:51.970777   267 skeleton_planner.h:170] Found solution in: 2
I20260909 04:38:51.972186   267 skeleton_planner.h:170] Found solution in: 1
I20260909 04:38:51.972191   267 skeleton_planner.h:170] Found solution in: 2
I20260909 04:38:51.973619   267 skeleton_planner.h:170] Found solution in: 1
I20260909 04:38:51.973631   267 skeleton_planner.h:170] Found solution in: 3
I20260909 04:38:51.973641   267 skeleton_planner.h:170] Found solution in: 1
I20260909 04:38:51.973654   267 skeleton_planner.h:170] Found solution in: 12
I20260909 04:38:51.973660   267 skeleton_planner.h:170] Found solution in: 1
I20260909 04:38:51.973666   267 skeleton_planner.h:170] Found solution in: 7
I20260909 04:38:51.973671   267 skeleton_planner.h:170] Found solution in: 1
I20260909 04:38:51.973677   267 skeleton_planner.h:170] Found solution in: 6
I20260909 04:38:51.973683   267 skeleton_planner.h:170] Found solution in: 1
I20260909 04:38:51.973692   267 skeleton_planner.h:170] Found solution in: 9
I20260909 04:38:51.973699   267 skeleton_planner.h:170] Found solution in: 7
I20260909 04:38:51.973706   267 skeleton_planner.h:170] Found solution in: 1
I20260909 04:38:51.973711   267 skeleton_planner.h:170] Found solution in: 3
I20260909 04:38:51.973716   267 skeleton_planner.h:170] Found solution in: 5
I20260909 04:38:51.973723   267 skeleton_planner.h:170] Found solution in: 1
I20260909 04:38:51.973733   267 skeleton_planner.h:170] Found solution in: 7
I20260909 04:38:51.973738   267 skeleton_planner.h:170] Found solution in: 1
I20260909 04:38:51.973755   267 skeleton_planner.h:170] Found solution in: 4
I20260909 04:38:51.973762   267 skeleton_planner.h:170] Found solution in: 1
I20260909 04:38:51.973779   267 skeleton_planner.h:170] Found solution in: 3
I20260909 04:38:51.973786   267 skeleton_planner.h:170] Found solution in: 1
I20260909 04:38:51.973798   267 skeleton_planner.h:170] Found solution in: 4
I20260909 04:38:51.973806   267 skeleton_planner.h:170] Found solution in: 1
I20260909 04:38:51.973821   267 skeleton_planner.h:170] Found solution in: 6
I20260909 04:38:51.973830   267 skeleton_planner.h:170] Found solution in: 1
I20260909 04:38:51.973834   267 skeleton_planner.h:170] Found solution in: 3
I20260909 04:38:51.973843   267 skeleton_planner.h:170] Found solution in: 3
I20260909 04:38:51.973853   267 skeleton_planner.h:170] Found solution in: 1
I20260909 04:38:51.973857   267 skeleton_planner.h:170] Found solution in: 4
I20260909 04:38:51.973865   267 skeleton_planner.h:170] Found solution in: 1
I20260909 04:38:51.973868   267 skeleton_planner.h:170] Found solution in: 4
I20260909 04:38:51.973874   267 skeleton_planner.h:170] Found solution in: 1
I20260909 04:38:51.973881   267 skeleton_planner.h:170] Found solution in: 1
I20260909 04:38:51.973886   267 skeleton_planner.h:170] Found solution in: 1
I20260909 04:38:51.973892   267 skeleton_planner.h:170] Found solution in: 1
I20260909 04:38:51.974090   267 skeleton_planner.h:170] Found solution in: 7
I20260909 04:38:51.974097   267 skeleton_planner.h:170] Found solution in: 1
I20260909 04:38:51.974567   267 skeleton_planner.h:170] Found solution in: 1
I20260909 04:38:51.974572   267 skeleton_planner.h:170] Found solution in: 2
I20260909 04:38:51.974599   267 skeleton_planner.h:170] Found solution in: 4
I20260909 04:38:51.974609   267 skeleton_planner.h:170] Found solution in: 1
I20260909 04:38:51.974617   267 skeleton_planner.h:170] Found solution in: 1
I20260909 04:38:51.974623   267 skeleton_planner.h:170] Found solution in: 1
I20260909 04:38:51.974628   267 skeleton_planner.h:170] Found solution in: 3
I20260909 04:38:51.974644   267 skeleton_planner.h:170] Found solution in: 5
I20260909 04:38:51.974650   267 skeleton_planner.h:170] Found solution in: 1
I20260909 04:38:51.974663   267 skeleton_planner.h:170] Found solution in: 3
I20260909 04:38:51.974669   267 skeleton_planner.h:170] Found solution in: 1
I20260909 04:38:51.974684   267 skeleton_planner.h:170] Found solution in: 15
I20260909 04:38:51.974691   267 skeleton_planner.h:170] Found solution in: 1
I20260909 04:38:51.974704   267 skeleton_planner.h:170] Found solution in: 12
I20260909 04:38:51.974714   267 skeleton_planner.h:170] Found solution in: 1
I20260909 04:38:51.974726   267 skeleton_planner.h:170] Found solution in: 11
I20260909 04:38:51.974740   267 skeleton_planner.h:170] Found solution in: 11
I20260909 04:38:51.974749   267 skeleton_planner.h:170] Found solution in: 1
I20260909 04:38:51.974845   267 skeleton_planner.h:170] Found solution in: 4
I20260909 04:38:51.974859   267 skeleton_planner.h:170] Found solution in: 1
I20260909 04:38:51.974864   267 skeleton_planner.h:170] Found solution in: 2
I20260909 04:38:51.974875   267 skeleton_planner.h:170] Found solution in: 3
I20260909 04:38:51.974884   267 skeleton_planner.h:170] Found solution in: 1
I20260909 04:38:51.974893   267 skeleton_planner.h:170] Found solution in: 9
I20260909 04:38:51.974901   267 skeleton_planner.h:170] Found solution in: 1
I20260909 04:38:51.974912   267 skeleton_planner.h:170] Found solution in: 3
I20260909 04:38:51.974920   267 skeleton_planner.h:170] Found solution in: 1
I20260909 04:38:51.974926   267 skeleton_planner.h:170] Found solution in: 7
I20260909 04:38:51.974932   267 skeleton_planner.h:170] Found solution in: 1
I20260909 04:38:51.975025   267 skeleton_planner.h:170] Found solution in: 4
I20260909 04:38:51.975034   267 skeleton_planner.h:170] Found solution in: 1
I20260909 04:38:51.975039   267 skeleton_planner.h:170] Found solution in: 3
I20260909 04:38:51.975267   267 skeleton_planner.h:170] Found solution in: 42
I20260909 04:38:51.975283   267 skeleton_planner.h:170] Found solution in: 1
I20260909 04:38:51.975293   267 skeleton_planner.h:170] Found solution in: 1
I20260909 04:38:51.975298   267 skeleton_planner.h:170] Found solution in: 5
I20260909 04:38:51.975327   267 skeleton_planner.h:170] Found solution in: 4
I20260909 04:38:51.975335   267 skeleton_planner.h:170] Found solution in: 1
I20260909 04:38:51.975343   267 skeleton_planner.h:170] Found solution in: 10
I20260909 04:38:51.975354   267 skeleton_planner.h:170] Found solution in: 1
I20260909 04:38:51.975369   267 skeleton_planner.h:170] Found solution in: 18
I20260909 04:38:51.975375   267 skeleton_planner.h:170] Found solution in: 1
I20260909 04:38:51.975379   267 skeleton_planner.h:170] Found solution in: 3
I20260909 04:38:51.975389   267 skeleton_planner.h:170] Found solution in: 12
I20260909 04:38:51.975395   267 skeleton_planner.h:170] Found solution in: 1
I20260909 04:38:51.975399   267 skeleton_planner.h:170] Found solution in: 3
I20260909 04:38:51.975409   267 skeleton_planner.h:170] Found solution in: 12
I20260909 04:38:51.975418   267 skeleton_planner.h:170] Found solution in: 1
I20260909 04:38:51.975431   267 skeleton_planner.h:170] Found solution in: 16
I20260909 04:38:51.975440   267 skeleton_planner.h:170] Found solution in: 1
I20260909 04:38:51.975449   267 skeleton_planner.h:170] Found solution in: 3
I20260909 04:38:51.975461   267 skeleton_planner.h:170] Found solution in: 1
I20260909 04:38:51.975466   267 skeleton_planner.h:170] Found solution in: 1
I20260909 04:38:51.975485   267 skeleton_planner.h:170] Found solution in: 6
I20260909 04:38:51.975493   267 skeleton_planner.h:170] Found solution in: 1
I20260909 04:38:51.975502   267 skeleton_planner.h:170] Found solution in: 8
I20260909 04:38:51.975508   267 skeleton_planner.h:170] Found solution in: 8
I20260909 04:38:51.975512   267 skeleton_planner.h:170] Found solution in: 1
I20260909 04:38:51.975535   267 skeleton_planner.h:170] Found solution in: 4
I20260909 04:38:51.975544   267 skeleton_planner.h:170] Found solution in: 1
I20260909 04:38:51.975549   267 skeleton_planner.h:170] Found solution in: 3
I20260909 04:38:51.975642   267 skeleton_planner.h:170] Found solution in: 5
I20260909 04:38:51.975651   267 skeleton_planner.h:170] Found solution in: 1
I20260909 04:38:51.975659   267 skeleton_planner.h:170] Found solution in: 9
I20260909 04:38:51.975670   267 skeleton_planner.h:170] Found solution in: 1
I20260909 04:38:51.975679   267 skeleton_planner.h:170] Found solution in: 9
I20260909 04:38:51.975687   267 skeleton_planner.h:170] Found solution in: 10
I20260909 04:38:51.975692   267 skeleton_planner.h:170] Found solution in: 1
I20260909 04:38:51.975710   267 skeleton_planner.h:170] Found solution in: 3
I20260909 04:38:51.975718   267 skeleton_planner.h:170] Found solution in: 1
I20260909 04:38:51.975726   267 skeleton_planner.h:170] Found solution in: 9
I20260909 04:38:51.975732   267 skeleton_planner.h:170] Found solution in: 1
I20260909 04:38:51.975736   267 skeleton_planner.h:170] Found solution in: 4
I20260909 04:38:51.975754   267 skeleton_planner.h:170] Found solution in: 4
I20260909 04:38:51.975759   267 skeleton_planner.h:170] Found solution in: 1
I20260909 04:38:51.975775   267 skeleton_planner.h:170] Found solution in: 5
I20260909 04:38:51.975782   267 skeleton_planner.h:170] Found solution in: 1
I20260909 04:38:51.975797   267 skeleton_planner.h:170] Found solution in: 20
I20260909 04:38:51.975802   267 skeleton_planner.h:170] Found solution in: 1
I20260909 04:38:51.975813   267 skeleton_planner.h:170] Found solution in: 14
I20260909 04:38:51.975821   267 skeleton_planner.h:170] Found solution in: 1
I20260909 04:38:51.975911   267 skeleton_planner.h:170] Found solution in: 3
I20260909 04:38:51.975920   267 skeleton_planner.h:170] Found solution in: 1
I20260909 04:38:51.975925   267 skeleton_planner.h:170] Found solution in: 5
I20260909 04:38:51.976060   267 skeleton_planner.h:170] Found solution in: 75
I20260909 04:38:51.976083   267 skeleton_planner.h:170] Found solution in: 6
I20260909 04:38:51.976092   267 skeleton_planner.h:170] Found solution in: 1
I20260909 04:38:51.976172   267 skeleton_planner.h:170] Found solution in: 41
I20260909 04:38:51.976190   267 skeleton_planner.h:170] Found solution in: 1
I20260909 04:38:51.976254   267 skeleton_planner.h:170] Found solution in: 35
I20260909 04:38:51.976265   267 skeleton_planner.h:170] Found solution in: 1
I20260909 04:38:51.976269   267 skeleton_planner.h:170] Found solution in: 2
I20260909 04:38:51.976280   267 skeleton_planner.h:170] Found solution in: 3
I20260909 04:38:51.976286   267 skeleton_planner.h:170] Found solution in: 1
I20260909 04:38:51.976297   267 skeleton_planner.h:170] Found solution in: 3
I20260909 04:38:51.976305   267 skeleton_planner.h:170] Found solution in: 1
I20260909 04:38:51.976329   267 skeleton_planner.h:170] Found solution in: 5
I20260909 04:38:51.976336   267 skeleton_planner.h:170] Found solution in: 1
I20260909 04:38:51.976341   267 skeleton_planner.h:170] Found solution in: 1
I20260909 04:38:51.976365   267 skeleton_planner.h:170] Found solution in: 7
I20260909 04:38:51.976374   267 skeleton_planner.h:170] Found solution in: 1
I20260909 04:38:51.976378   267 skeleton_planner.h:170] Found solution in: 2
I20260909 04:38:51.977787   267 skeleton_planner.h:170] Found solution in: 1
I20260909 04:38:51.977790   267 skeleton_planner.h:170] Found solution in: 2
I20260909 04:38:51.979158   267 skeleton_planner.h:170] Found solution in: 1
I20260909 04:38:51.979163   267 skeleton_planner.h:170] Found solution in: 3
I20260909 04:38:51.979176   267 skeleton_planner.h:170] Found solution in: 4
I20260909 04:38:51.979182   267 skeleton_planner.h:170] Found solution in: 1
I20260909 04:38:51.979208   267 skeleton_planner.h:170] Found solution in: 6
I20260909 04:38:51.979215   267 skeleton_planner.h:170] Found solution in: 1
I20260909 04:38:51.979236   267 skeleton_planner.h:170] Found solution in: 7
I20260909 04:38:51.979242   267 skeleton_planner.h:170] Found solution in: 1
I20260909 04:38:51.979259   267 skeleton_planner.h:170] Found solution in: 4
I20260909 04:38:51.979265   267 skeleton_planner.h:170] Found solution in: 1
I20260909 04:38:51.979274   267 skeleton_planner.h:170] Found solution in: 1
I20260909 04:38:51.979283   267 skeleton_planner.h:170] Found solution in: 9
I20260909 04:38:51.979292   267 skeleton_planner.h:170] Found solution in: 1
I20260909 04:38:51.979388   267 skeleton_planner.h:170] Found solution in: 3
I20260909 04:38:51.979399   267 skeleton_planner.h:170] Found solution in: 1
I20260909 04:38:51.979418   267 skeleton_planner.h:170] Found solution in: 22
I20260909 04:38:51.979514   267 skeleton_planner.h:170] Found solution in: 4
I20260909 04:38:51.979522   267 skeleton_planner.h:170] Found solution in: 1
I20260909 04:38:51.979534   267 skeleton_planner.h:170] Found solution in: 3
I20260909 04:38:51.979542   267 skeleton_planner.h:170] Found solution in: 1
I20260909 04:38:51.979559   267 skeleton_planner.h:170] Found solution in: 22
I20260909 04:38:51.979652   267 skeleton_planner.h:170] Found solution in: 3
I20260909 04:38:51.979660   267 skeleton_planner.h:170] Found solution in: 1
I20260909 04:38:51.979750   267 skeleton_planner.h:170] Found solution in: 3
I20260909 04:38:51.979758   267 skeleton_planner.h:170] Found solution in: 1
I20260909 04:38:51.979763   267 skeleton_planner.h:170] Found solution in: 1
I20260909 04:38:51.979769   267 skeleton_planner.h:170] Found solution in: 1
I20260909 04:38:51.979787   267 skeleton_planner.h:170] Found solution in: 4
I20260909 04:38:51.979795   267 skeleton_planner.h:170] Found solution in: 1
I20260909 04:38:51.979804   267 skeleton_planner.h:170] Found solution in: 1
I20260909 04:38:51.979812   267 skeleton_planner.h:170] Found solution in: 1
I20260909 04:38:51.979820   267 skeleton_planner.h:170] Found solution in: 1
I20260909 04:38:51.979828   267 skeleton_planner.h:170] Found solution in: 1
I20260909 04:38:51.979923   267 skeleton_planner.h:170] Found solution in: 3
I20260909 04:38:51.979931   267 skeleton_planner.h:170] Found solution in: 1
I20260909 04:38:51.979938   267 skeleton_planner.h:170] Found solution in: 1
I20260909 04:38:51.979943   267 skeleton_planner.h:170] Found solution in: 5
I20260909 04:38:51.979956   267 skeleton_planner.h:170] Found solution in: 14
I20260909 04:38:51.979964   267 skeleton_planner.h:170] Found solution in: 1
I20260909 04:38:51.979969   267 skeleton_planner.h:170] Found solution in: 5
I20260909 04:38:51.979976   267 skeleton_planner.h:170] Found solution in: 7
I20260909 04:38:51.979990   267 skeleton_planner.h:170] Found solution in: 15
I20260909 04:38:51.979996   267 skeleton_planner.h:170] Found solution in: 1
I20260909 04:38:51.980002   267 skeleton_planner.h:170] Found solution in: 7
I20260909 04:38:51.980008   267 skeleton_planner.h:170] Found solution in: 1
I20260909 04:38:51.980012   267 skeleton_planner.h:170] Found solution in: 2
I20260909 04:38:51.980016   267 skeleton_planner.h:170] Found solution in: 1
I20260909 04:38:51.980019   267 skeleton_planner.h:170] Found solution in: 2
I20260909 04:38:51.980024   267 skeleton_planner.h:170] Found solution in: 1
I20260909 04:38:51.980031   267 skeleton_planner.h:170] Found solution in: 5
I20260909 04:38:51.980037   267 skeleton_planner.h:170] Found solution in: 1
I20260909 04:38:51.980042   267 skeleton_planner.h:170] Found solution in: 1
I20260909 04:38:51.980047   267 skeleton_planner.h:170] Found solution in: 5
I20260909 04:38:51.980063   267 skeleton_planner.h:170] Found solution in: 16
I20260909 04:38:51.980072   267 skeleton_planner.h:170] Found solution in: 7
I20260909 04:38:51.980080   267 skeleton_planner.h:170] Found solution in: 1
I20260909 04:38:51.980094   267 skeleton_planner.h:170] Found solution in: 1
I20260909 04:38:51.980100   267 skeleton_planner.h:170] Found solution in: 5
I20260909 04:38:51.980108   267 skeleton_planner.h:170] Found solution in: 1
I20260909 04:38:51.980116   267 skeleton_planner.h:170] Found solution in: 9
I20260909 04:38:51.980121   267 skeleton_planner.h:170] Found solution in: 1
I20260909 04:38:51.980129   267 skeleton_planner.h:170] Found solution in: 7
I20260909 04:38:51.980135   267 skeleton_planner.h:170] Found solution in: 6
I20260909 04:38:51.980141   267 skeleton_planner.h:170] Found solution in: 1
I20260909 04:38:51.980158   267 skeleton_planner.h:170] Found solution in: 23
I20260909 04:38:51.980199   267 skeleton_planner.h:170] Found solution in: 6
I20260909 04:38:51.980208   267 skeleton_planner.h:170] Found solution in: 1
I20260909 04:38:51.980216   267 skeleton_planner.h:170] Found solution in: 1
I20260909 04:38:51.980223   267 skeleton_planner.h:170] Found solution in: 1
I20260909 04:38:51.980226   267 skeleton_planner.h:170] Found solution in: 2
I20260909 04:38:51.980240   267 skeleton_planner.h:170] Found solution in: 5
I20260909 04:38:51.980250   267 skeleton_planner.h:170] Found solution in: 1
I20260909 04:38:51.980254   267 skeleton_planner.h:170] Found solution in: 3
I20260909 04:38:51.980265   267 skeleton_planner.h:170] Found solution in: 3
I20260909 04:38:51.980273   267 skeleton_planner.h:170] Found solution in: 1
I20260909 04:38:51.980283   267 skeleton_planner.h:170] Found solution in: 3
I20260909 04:38:51.980288   267 skeleton_planner.h:170] Found solution in: 1
I20260909 04:38:51.980315   267 skeleton_planner.h:170] Found solution in: 8
I20260909 04:38:51.980329   267 skeleton_planner.h:170] Found solution in: 1
I20260909 04:38:51.980341   267 skeleton_planner.h:170] Found solution in: 3
I20260909 04:38:51.980350   267 skeleton_planner.h:170] Found solution in: 1
I20260909 04:38:51.980415   267 skeleton_planner.h:170] Found solution in: 80
I20260909 04:38:51.980428   267 skeleton_planner.h:170] Found solution in: 1
I20260909 04:38:51.980435   267 skeleton_planner.h:170] Found solution in: 1
I20260909 04:38:51.980450   267 skeleton_planner.h:170] Found solution in: 15
I20260909 04:38:51.980456   267 skeleton_planner.h:170] Found solution in: 1
I20260909 04:38:51.980480   267 skeleton_planner.h:170] Found solution in: 29
I20260909 04:38:51.980489   267 skeleton_planner.h:170] Found solution in: 1
I20260909 04:38:51.980497   267 skeleton_planner.h:170] Found solution in: 10
I20260909 04:38:51.980504   267 skeleton_planner.h:170] Found solution in: 1
I20260909 04:38:51.980575   267 skeleton_planner.h:170] Found solution in: 83
I20260909 04:38:51.980585   267 skeleton_planner.h:170] Found solution in: 1
I20260909 04:38:51.980629   267 skeleton_planner.h:170] Found solution in: 46
I20260909 04:38:51.980638   267 skeleton_planner.h:170] Found solution in: 1
I20260909 04:38:51.980643   267 skeleton_planner.h:170] Found solution in: 5
I20260909 04:38:51.980690   267 skeleton_planner.h:170] Found solution in: 50
I20260909 04:38:51.980696   267 skeleton_planner.h:170] Found solution in: 1
I20260909 04:38:51.980702   267 skeleton_planner.h:170] Found solution in: 5
I20260909 04:38:51.980713   267 skeleton_planner.h:170] Found solution in: 1
I20260909 04:38:51.980720   267 skeleton_planner.h:170] Found solution in: 10
I20260909 04:38:51.980746   267 skeleton_planner.h:170] Found solution in: 6
I20260909 04:38:51.980756   267 skeleton_planner.h:170] Found solution in: 1
I20260909 04:38:51.980777   267 skeleton_planner.h:170] Found solution in: 4
I20260909 04:38:51.980792   267 skeleton_planner.h:170] Found solution in: 1
I20260909 04:38:51.980795   267 skeleton_planner.h:170] Found solution in: 2
I20260909 04:38:51.980816   267 skeleton_planner.h:170] Found solution in: 8
I20260909 04:38:51.980826   267 skeleton_planner.h:170] Found solution in: 1
I20260909 04:38:51.980840   267 skeleton_planner.h:170] Found solution in: 4
I20260909 04:38:51.980851   267 skeleton_planner.h:170] Found solution in: 1
I20260909 04:38:51.980878   267 skeleton_planner.h:170] Found solution in: 10
I20260909 04:38:51.980887   267 skeleton_planner.h:170] Found solution in: 1
I20260909 04:38:51.980911   267 skeleton_planner.h:170] Found solution in: 4
I20260909 04:38:51.980921   267 skeleton_planner.h:170] Found solution in: 1
I20260909 04:38:51.980923   267 skeleton_planner.h:170] Found solution in: 2
I20260909 04:38:51.980935   267 skeleton_planner.h:170] Found solution in: 4
I20260909 04:38:51.980947   267 skeleton_planner.h:170] Found solution in: 1
I20260909 04:38:51.980957   267 skeleton_planner.h:170] Found solution in: 4
I20260909 04:38:51.980965   267 skeleton_planner.h:170] Found solution in: 1
I20260909 04:38:51.980973   267 skeleton_planner.h:170] Found solution in: 5
I20260909 04:38:51.980979   267 skeleton_planner.h:170] Found solution in: 1
I20260909 04:38:51.980984   267 skeleton_planner.h:170] Found solution in: 3
I20260909 04:38:51.981005   267 skeleton_planner.h:170] Found solution in: 6
I20260909 04:38:51.981014   267 skeleton_planner.h:170] Found solution in: 1
I20260909 04:38:51.981029   267 skeleton_planner.h:170] Found solution in: 5
I20260909 04:38:51.981040   267 skeleton_planner.h:170] Found solution in: 1
I20260909 04:38:51.981062   267 skeleton_planner.h:170] Found solution in: 7
I20260909 04:38:51.981071   267 skeleton_planner.h:170] Found solution in: 1
I20260909 04:38:51.981159   267 skeleton_planner.h:170] Found solution in: 3
I20260909 04:38:51.981168   267 skeleton_planner.h:170] Found solution in: 1
I20260909 04:38:51.981174   267 skeleton_planner.h:170] Found solution in: 6
I20260909 04:38:51.981182   267 skeleton_planner.h:170] Found solution in: 1
I20260909 04:38:51.981189   267 skeleton_planner.h:170] Found solution in: 6
I20260909 04:38:51.981290   267 skeleton_planner.h:170] Found solution in: 5
I20260909 04:38:51.981300   267 skeleton_planner.h:170] Found solution in: 1
I20260909 04:38:51.981305   267 skeleton_planner.h:170] Found solution in: 4
I20260909 04:38:51.981316   267 skeleton_planner.h:170] Found solution in: 1
I20260909 04:38:51.981321   267 skeleton_planner.h:170] Found solution in: 4
I20260909 04:38:51.981335   267 skeleton_planner.h:170] Found solution in: 4
I20260909 04:38:51.981345   267 skeleton_planner.h:170] Found solution in: 1
I20260909 04:38:51.981349   267 skeleton_planner.h:170] Found solution in: 3
I20260909 04:38:51.981370   267 skeleton_planner.h:170] Found solution in: 7
I20260909 04:38:51.981379   267 skeleton_planner.h:170] Found solution in: 1
I20260909 04:38:51.981402   267 skeleton_planner.h:170] Found solution in: 7
I20260909 04:38:51.981411   267 skeleton_planner.h:170] Found solution in: 1
I20260909 04:38:51.981441   267 skeleton_planner.h:170] Found solution in: 7
I20260909 04:38:51.981453   267 skeleton_planner.h:170] Found solution in: 1
I20260909 04:38:51.981457   267 skeleton_planner.h:170] Found solution in: 3
I20260909 04:38:51.981468   267 skeleton_planner.h:170] Found solution in: 3
I20260909 04:38:51.981477   267 skeleton_planner.h:170] Found solution in: 1
I20260909 04:38:51.981487   267 skeleton_planner.h:170] Found solution in: 3
I20260909 04:38:51.981495   267 skeleton_planner.h:170] Found solution in: 1
I20260909 04:38:51.981549   267 skeleton_planner.h:170] Found solution in: 21
I20260909 04:38:51.981611   267 skeleton_planner.h:170] Found solution in: 19
I20260909 04:38:51.981623   267 skeleton_planner.h:170] Found solution in: 1
I20260909 04:38:51.981648   267 skeleton_planner.h:170] Found solution in: 8
I20260909 04:38:51.981658   267 skeleton_planner.h:170] Found solution in: 1
I20260909 04:38:51.981662   267 skeleton_planner.h:170] Found solution in: 3
I20260909 04:38:51.981673   267 skeleton_planner.h:170] Found solution in: 3
I20260909 04:38:51.981680   267 skeleton_planner.h:170] Found solution in: 1
I20260909 04:38:51.981686   267 skeleton_planner.h:170] Found solution in: 1
I20260909 04:38:51.981694   267 skeleton_planner.h:170] Found solution in: 1
I20260909 04:38:51.981705   267 skeleton_planner.h:170] Found solution in: 14
I20260909 04:38:51.981799   267 skeleton_planner.h:170] Found solution in: 4
I20260909 04:38:51.981812   267 skeleton_planner.h:170] Found solution in: 1
I20260909 04:38:51.981817   267 skeleton_planner.h:170] Found solution in: 1
I20260909 04:38:51.981828   267 skeleton_planner.h:170] Found solution in: 8
I20260909 04:38:51.981834   267 skeleton_planner.h:170] Found solution in: 1
I20260909 04:38:51.981839   267 skeleton_planner.h:170] Found solution in: 3
I20260909 04:38:51.982018   267 skeleton_planner.h:170] Found solution in: 55
I20260909 04:38:51.982031   267 skeleton_planner.h:170] Found solution in: 8
I20260909 04:38:51.982223   267 skeleton_planner.h:170] Found solution in: 61
I20260909 04:38:51.982237   267 skeleton_planner.h:170] Found solution in: 1
I20260909 04:38:51.982244   267 skeleton_planner.h:170] Found solution in: 5
I20260909 04:38:51.982251   267 skeleton_planner.h:170] Found solution in: 1
I20260909 04:38:51.982255   267 skeleton_planner.h:170] Found solution in: 2
I20260909 04:38:51.982378   267 skeleton_planner.h:170] Found solution in: 81
I20260909 04:38:51.982491   267 skeleton_planner.h:170] Found solution in: 71
I20260909 04:38:51.982545   267 skeleton_planner.h:170] Found solution in: 26
I20260909 04:38:51.982554   267 skeleton_planner.h:170] Found solution in: 1
I20260909 04:38:51.982558   267 skeleton_planner.h:170] Found solution in: 2
I20260909 04:38:51.982625   267 skeleton_planner.h:170] Found solution in: 47
I20260909 04:38:51.982720   267 skeleton_planner.h:170] Found solution in: 64
I20260909 04:38:51.982770   267 skeleton_planner.h:170] Found solution in: 25
I20260909 04:38:51.982779   267 skeleton_planner.h:170] Found solution in: 1
I20260909 04:38:51.982784   267 skeleton_planner.h:170] Found solution in: 3
I20260909 04:38:51.982792   267 skeleton_planner.h:170] Found solution in: 8
I20260909 04:38:51.982988   267 skeleton_planner.h:170] Found solution in: 56
I20260909 04:38:51.983232   267 skeleton_planner.h:170] Found solution in: 79
I20260909 04:38:51.983248   267 skeleton_planner.h:170] Found solution in: 1
I20260909 04:38:51.983356   267 skeleton_planner.h:170] Found solution in: 6
I20260909 04:38:51.983366   267 skeleton_planner.h:170] Found solution in: 1
I20260909 04:38:51.983374   267 skeleton_planner.h:170] Found solution in: 6
I20260909 04:38:51.983381   267 skeleton_planner.h:170] Found solution in: 1
I20260909 04:38:51.983389   267 skeleton_planner.h:170] Found solution in: 1
I20260909 04:38:51.983415   267 skeleton_planner.h:170] Found solution in: 31
I20260909 04:38:51.983428   267 skeleton_planner.h:170] Found solution in: 14
I20260909 04:38:51.983434   267 skeleton_planner.h:170] Found solution in: 1
I20260909 04:38:51.983461   267 skeleton_planner.h:170] Found solution in: 28
I20260909 04:38:51.983469   267 skeleton_planner.h:170] Found solution in: 1
I20260909 04:38:51.983475   267 skeleton_planner.h:170] Found solution in: 5
I20260909 04:38:51.983486   267 skeleton_planner.h:170] Found solution in: 11
I20260909 04:38:51.983493   267 skeleton_planner.h:170] Found solution in: 1
I20260909 04:38:51.983498   267 skeleton_planner.h:170] Found solution in: 5
I20260909 04:38:51.983548   267 skeleton_planner.h:170] Found solution in: 57
I20260909 04:38:51.983556   267 skeleton_planner.h:170] Found solution in: 5
I20260909 04:38:51.983599   267 skeleton_planner.h:170] Found solution in: 55
I20260909 04:38:51.983608   267 skeleton_planner.h:170] Found solution in: 1
I20260909 04:38:51.983614   267 skeleton_planner.h:170] Found solution in: 6
I20260909 04:38:51.983650   267 skeleton_planner.h:170] Found solution in: 43
I20260909 04:38:51.983660   267 skeleton_planner.h:170] Found solution in: 1
I20260909 04:38:51.983690   267 skeleton_planner.h:170] Found solution in: 5
I20260909 04:38:51.983700   267 skeleton_planner.h:170] Found solution in: 1
I20260909 04:38:51.983707   267 skeleton_planner.h:170] Found solution in: 9
I20260909 04:38:51.983712   267 skeleton_planner.h:170] Found solution in: 1
I20260909 04:38:51.983719   267 skeleton_planner.h:170] Found solution in: 1
I20260909 04:38:51.983736   267 skeleton_planner.h:170] Found solution in: 1
I20260909 04:38:51.983765   267 skeleton_planner.h:170] Found solution in: 7
I20260909 04:38:51.983776   267 skeleton_planner.h:170] Found solution in: 1
I20260909 04:38:51.983780   267 skeleton_planner.h:170] Found solution in: 3
I20260909 04:38:51.983793   267 skeleton_planner.h:170] Found solution in: 1
I20260909 04:38:51.983804   267 skeleton_planner.h:170] Found solution in: 12
I20260909 04:38:51.983816   267 skeleton_planner.h:170] Found solution in: 15
I20260909 04:38:51.983829   267 skeleton_planner.h:170] Found solution in: 1
I20260909 04:38:51.983839   267 skeleton_planner.h:170] Found solution in: 13
I20260909 04:38:51.983848   267 skeleton_planner.h:170] Found solution in: 9
I20260909 04:38:51.983855   267 skeleton_planner.h:170] Found solution in: 1
I20260909 04:38:51.983860   267 skeleton_planner.h:170] Found solution in: 3
I20260909 04:38:51.983866   267 skeleton_planner.h:170] Found solution in: 5
I20260909 04:38:51.983954   267 skeleton_planner.h:170] Found solution in: 4
I20260909 04:38:51.983961   267 skeleton_planner.h:170] Found solution in: 1
I20260909 04:38:51.983968   267 skeleton_planner.h:170] Found solution in: 6
I20260909 04:38:51.983978   267 skeleton_planner.h:170] Found solution in: 1
I20260909 04:38:51.983984   267 skeleton_planner.h:170] Found solution in: 8
I20260909 04:38:51.983990   267 skeleton_planner.h:170] Found solution in: 1
I20260909 04:38:51.983995   267 skeleton_planner.h:170] Found solution in: 1
I20260909 04:38:51.984001   267 skeleton_planner.h:170] Found solution in: 1
I20260909 04:38:51.984009   267 skeleton_planner.h:170] Found solution in: 6
I20260909 04:38:51.984095   267 skeleton_planner.h:170] Found solution in: 3
I20260909 04:38:51.984102   267 skeleton_planner.h:170] Found solution in: 1
I20260909 04:38:51.984109   267 skeleton_planner.h:170] Found solution in: 1
I20260909 04:38:51.984185   267 skeleton_planner.h:170] Found solution in: 99
I20260909 04:38:51.984194   267 skeleton_planner.h:170] Found solution in: 1
I20260909 04:38:51.984268   267 skeleton_planner.h:170] Found solution in: 98
I20260909 04:38:51.984277   267 skeleton_planner.h:170] Found solution in: 5
I20260909 04:38:51.984282   267 skeleton_planner.h:170] Found solution in: 1
I20260909 04:38:51.984287   267 skeleton_planner.h:170] Found solution in: 5
I20260909 04:38:51.984293   267 skeleton_planner.h:170] Found solution in: 5
I20260909 04:38:51.984299   267 skeleton_planner.h:170] Found solution in: 1
I20260909 04:38:51.984392   267 skeleton_planner.h:170] Found solution in: 4
I20260909 04:38:51.984401   267 skeleton_planner.h:170] Found solution in: 1
I20260909 04:38:51.984491   267 skeleton_planner.h:170] Found solution in: 4
I20260909 04:38:51.984501   267 skeleton_planner.h:170] Found solution in: 1
I20260909 04:38:51.984511   267 skeleton_planner.h:170] Found solution in: 1
I20260909 04:38:51.984519   267 skeleton_planner.h:170] Found solution in: 1
I20260909 04:38:51.984609   267 skeleton_planner.h:170] Found solution in: 3
I20260909 04:38:51.984620   267 skeleton_planner.h:170] Found solution in: 1
I20260909 04:38:51.984627   267 skeleton_planner.h:170] Found solution in: 6
I20260909 04:38:51.984633   267 skeleton_planner.h:170] Found solution in: 6
I20260909 04:38:51.984642   267 skeleton_planner.h:170] Found solution in: 1
I20260909 04:38:51.984647   267 skeleton_planner.h:170] Found solution in: 5
I20260909 04:38:51.984653   267 skeleton_planner.h:170] Found solution in: 6
I20260909 04:38:51.984664   267 skeleton_planner.h:170] Found solution in: 12
I20260909 04:38:51.984671   267 skeleton_planner.h:170] Found solution in: 1
I20260909 04:38:51.984686   267 skeleton_planner.h:170] Found solution in: 16
I20260909 04:38:51.984696   267 skeleton_planner.h:170] Found solution in: 9
I20260909 04:38:51.984704   267 skeleton_planner.h:170] Found solution in: 1
I20260909 04:38:51.984714   267 skeleton_planner.h:170] Found solution in: 9
I20260909 04:38:51.984722   267 skeleton_planner.h:170] Found solution in: 1
I20260909 04:38:51.984747   267 skeleton_planner.h:170] Found solution in: 28
I20260909 04:38:51.984757   267 skeleton_planner.h:170] Found solution in: 1
I20260909 04:38:51.984766   267 skeleton_planner.h:170] Found solution in: 1
I20260909 04:38:51.984771   267 skeleton_planner.h:170] Found solution in: 5
I20260909 04:38:51.984781   267 skeleton_planner.h:170] Found solution in: 9
I20260909 04:38:51.984793   267 skeleton_planner.h:170] Found solution in: 15
I20260909 04:38:51.984799   267 skeleton_planner.h:170] Found solution in: 1
I20260909 04:38:51.984805   267 skeleton_planner.h:170] Found solution in: 6
I20260909 04:38:51.984812   267 skeleton_planner.h:170] Found solution in: 5
I20260909 04:38:51.984915   267 skeleton_planner.h:170] Found solution in: 6
I20260909 04:38:51.984923   267 skeleton_planner.h:170] Found solution in: 1
I20260909 04:38:51.984933   267 skeleton_planner.h:170] Found solution in: 1
I20260909 04:38:51.984941   267 skeleton_planner.h:170] Found solution in: 7
I20260909 04:38:51.984965   267 skeleton_planner.h:170] Found solution in: 31
I20260909 04:38:51.984973   267 skeleton_planner.h:170] Found solution in: 7
I20260909 04:38:51.984982   267 skeleton_planner.h:170] Found solution in: 1
I20260909 04:38:51.985003   267 skeleton_planner.h:170] Found solution in: 25
I20260909 04:38:51.985040   267 skeleton_planner.h:170] Found solution in: 46
I20260909 04:38:51.985047   267 skeleton_planner.h:170] Found solution in: 5
I20260909 04:38:51.985059   267 skeleton_planner.h:170] Found solution in: 1
I20260909 04:38:51.985066   267 skeleton_planner.h:170] Found solution in: 8
I20260909 04:38:51.985074   267 skeleton_planner.h:170] Found solution in: 10
I20260909 04:38:51.985082   267 skeleton_planner.h:170] Found solution in: 1
I20260909 04:38:51.985102   267 skeleton_planner.h:170] Found solution in: 24
I20260909 04:38:51.985114   267 skeleton_planner.h:170] Found solution in: 13
I20260909 04:38:51.985124   267 skeleton_planner.h:170] Found solution in: 1
I20260909 04:38:51.985146   267 skeleton_planner.h:170] Found solution in: 5
I20260909 04:38:51.985157   267 skeleton_planner.h:170] Found solution in: 1
I20260909 04:38:51.985179   267 skeleton_planner.h:170] Found solution in: 27
I20260909 04:38:51.985188   267 skeleton_planner.h:170] Found solution in: 1
I20260909 04:38:51.985208   267 skeleton_planner.h:170] Found solution in: 22
I20260909 04:38:51.985219   267 skeleton_planner.h:170] Found solution in: 1
I20260909 04:38:51.985231   267 skeleton_planner.h:170] Found solution in: 1
I20260909 04:38:51.985235   267 skeleton_planner.h:170] Found solution in: 2
I20260909 04:38:51.985251   267 skeleton_planner.h:170] Found solution in: 4
I20260909 04:38:51.985261   267 skeleton_planner.h:170] Found solution in: 1
I20260909 04:38:51.985273   267 skeleton_planner.h:170] Found solution in: 1
I20260909 04:38:51.985280   267 skeleton_planner.h:170] Found solution in: 1
I20260909 04:38:51.985301   267 skeleton_planner.h:170] Found solution in: 23
I20260909 04:38:51.985311   267 skeleton_planner.h:170] Found solution in: 1
I20260909 04:38:51.985322   267 skeleton_planner.h:170] Found solution in: 1
I20260909 04:38:51.985334   267 skeleton_planner.h:170] Found solution in: 3
I20260909 04:38:51.985344   267 skeleton_planner.h:170] Found solution in: 1
I20260909 04:38:51.985351   267 skeleton_planner.h:170] Found solution in: 1
I20260909 04:38:51.985357   267 skeleton_planner.h:170] Found solution in: 1
I20260909 04:38:51.985373   267 skeleton_planner.h:170] Found solution in: 4
I20260909 04:38:51.985381   267 skeleton_planner.h:170] Found solution in: 1
I20260909 04:38:51.985396   267 skeleton_planner.h:170] Found solution in: 4
I20260909 04:38:51.985405   267 skeleton_planner.h:170] Found solution in: 1
I20260909 04:38:51.985498   267 skeleton_planner.h:170] Found solution in: 5
I20260909 04:38:51.985508   267 skeleton_planner.h:170] Found solution in: 1
I20260909 04:38:51.985517   267 skeleton_planner.h:170] Found solution in: 1
I20260909 04:38:51.985522   267 skeleton_planner.h:170] Found solution in: 5
I20260909 04:38:51.985527   267 skeleton_planner.h:170] Found solution in: 5
I20260909 04:38:51.985600   267 skeleton_planner.h:170] Found solution in: 98
I20260909 04:38:51.985612   267 skeleton_planner.h:170] Found solution in: 1
I20260909 04:38:51.985615   267 skeleton_planner.h:170] Found solution in: 2
I20260909 04:38:51.985622   267 skeleton_planner.h:170] Found solution in: 1
I20260909 04:38:51.985626   267 skeleton_planner.h:170] Found solution in: 2
I20260909 04:38:51.985633   267 skeleton_planner.h:170] Found solution in: 1
I20260909 04:38:51.985729   267 skeleton_planner.h:170] Found solution in: 6
I20260909 04:38:51.985739   267 skeleton_planner.h:170] Found solution in: 1
I20260909 04:38:51.985764   267 skeleton_planner.h:170] Found solution in: 26
I20260909 04:38:51.985772   267 skeleton_planner.h:170] Found solution in: 1
I20260909 04:38:51.985780   267 skeleton_planner.h:170] Found solution in: 5
I20260909 04:38:51.985805   267 skeleton_planner.h:170] Found solution in: 6
I20260909 04:38:51.985814   267 skeleton_planner.h:170] Found solution in: 1
I20260909 04:38:51.985821   267 skeleton_planner.h:170] Found solution in: 1
I20260909 04:38:51.985824   267 skeleton_planner.h:170] Found solution in: 3
I20260909 04:38:51.985829   267 skeleton_planner.h:170] Found solution in: 1
I20260909 04:38:51.985833   267 skeleton_planner.h:170] Found solution in: 3
I20260909 04:38:51.985839   267 skeleton_planner.h:170] Found solution in: 1
I20260909 04:38:51.985847   267 skeleton_planner.h:170] Found solution in: 1
I20260909 04:38:51.985850   267 skeleton_planner.h:170] Found solution in: 2
I20260909 04:38:51.985857   267 skeleton_planner.h:170] Found solution in: 1
I20260909 04:38:51.985862   267 skeleton_planner.h:170] Found solution in: 6
I20260909 04:38:51.985868   267 skeleton_planner.h:170] Found solution in: 6
I20260909 04:38:51.985875   267 skeleton_planner.h:170] Found solution in: 6
I20260909 04:38:51.985899   267 skeleton_planner.h:170] Found solution in: 6
I20260909 04:38:51.985906   267 skeleton_planner.h:170] Found solution in: 1
I20260909 04:38:51.985911   267 skeleton_planner.h:170] Found solution in: 5
I20260909 04:38:51.985917   267 skeleton_planner.h:170] Found solution in: 6
I20260909 04:38:51.985946   267 skeleton_planner.h:170] Found solution in: 9
I20260909 04:38:51.985953   267 skeleton_planner.h:170] Found solution in: 1
I20260909 04:38:51.985965   267 skeleton_planner.h:170] Found solution in: 3
I20260909 04:38:51.985970   267 skeleton_planner.h:170] Found solution in: 1
I20260909 04:38:51.985975   267 skeleton_planner.h:170] Found solution in: 3
I20260909 04:38:51.985978   267 skeleton_planner.h:170] Found solution in: 1
I20260909 04:38:51.985991   267 skeleton_planner.h:170] Found solution in: 5
I20260909 04:38:51.985998   267 skeleton_planner.h:170] Found solution in: 1
I20260909 04:38:51.986004   267 skeleton_planner.h:170] Found solution in: 6
I20260909 04:38:51.986222   267 skeleton_planner.h:170] Found solution in: 7
I20260909 04:38:51.986230   267 skeleton_planner.h:170] Found solution in: 1
I20260909 04:38:51.986240   267 skeleton_planner.h:170] Found solution in: 1
I20260909 04:38:51.986356   267 skeleton_planner.h:170] Found solution in: 5
I20260909 04:38:51.986366   267 skeleton_planner.h:170] Found solution in: 1
I20260909 04:38:51.986377   267 skeleton_planner.h:170] Found solution in: 9
I20260909 04:38:51.986384   267 skeleton_planner.h:170] Found solution in: 1
I20260909 04:38:51.986481   267 skeleton_planner.h:170] Found solution in: 6
I20260909 04:38:51.986490   267 skeleton_planner.h:170] Found solution in: 1
I20260909 04:38:51.986495   267 skeleton_planner.h:170] Found solution in: 6
I20260909 04:38:51.986512   267 skeleton_planner.h:170] Found solution in: 18
I20260909 04:38:51.986518   267 skeleton_planner.h:170] Found solution in: 1
I20260909 04:38:51.986526   267 skeleton_planner.h:170] Found solution in: 6
I20260909 04:38:51.986532   267 skeleton_planner.h:170] Found solution in: 1
I20260909 04:38:51.986543   267 skeleton_planner.h:170] Found solution in: 10
I20260909 04:38:51.986554   267 skeleton_planner.h:170] Found solution in: 1
I20260909 04:38:51.986564   267 skeleton_planner.h:170] Found solution in: 11
I20260909 04:38:51.986572   267 skeleton_planner.h:170] Found solution in: 1
I20260909 04:38:51.986586   267 skeleton_planner.h:170] Found solution in: 4
I20260909 04:38:51.986594   267 skeleton_planner.h:170] Found solution in: 1
I20260909 04:38:51.986598   267 skeleton_planner.h:170] Found solution in: 2
I20260909 04:38:51.987059   267 skeleton_planner.h:170] Found solution in: 1
I20260909 04:38:51.987064   267 skeleton_planner.h:170] Found solution in: 2
I20260909 04:38:51.987529   267 skeleton_planner.h:170] Found solution in: 1
I20260909 04:38:51.987541   267 skeleton_planner.h:170] Found solution in: 1
I20260909 04:38:51.987556   267 skeleton_planner.h:170] Found solution in: 16
I20260909 04:38:51.987565   267 skeleton_planner.h:170] Found solution in: 1
I20260909 04:38:51.987571   267 skeleton_planner.h:170] Found solution in: 2
I20260909 04:38:51.987588   267 skeleton_planner.h:170] Found solution in: 5
I20260909 04:38:51.987596   267 skeleton_planner.h:170] Found solution in: 1
I20260909 04:38:51.987601   267 skeleton_planner.h:170] Found solution in: 4
I20260909 04:38:51.987633   267 skeleton_planner.h:170] Found solution in: 7
I20260909 04:38:51.987643   267 skeleton_planner.h:170] Found solution in: 1
I20260909 04:38:51.987672   267 skeleton_planner.h:170] Found solution in: 9
I20260909 04:38:51.987684   267 skeleton_planner.h:170] Found solution in: 1
I20260909 04:38:51.987690   267 skeleton_planner.h:170] Found solution in: 7
I20260909 04:38:51.987699   267 skeleton_planner.h:170] Found solution in: 1
I20260909 04:38:51.987706   267 skeleton_planner.h:170] Found solution in: 7
I20260909 04:38:51.987712   267 skeleton_planner.h:170] Found solution in: 1
I20260909 04:38:51.987739   267 skeleton_planner.h:170] Found solution in: 6
I20260909 04:38:51.987751   267 skeleton_planner.h:170] Found solution in: 1
I20260909 04:38:51.987754   267 skeleton_planner.h:170] Found solution in: 3
I20260909 04:38:51.987761   267 skeleton_planner.h:170] Found solution in: 1
I20260909 04:38:51.987764   267 skeleton_planner.h:170] Found solution in: 3
I20260909 04:38:51.987778   267 skeleton_planner.h:170] Found solution in: 1
I20260909 04:38:51.987784   267 skeleton_planner.h:170] Found solution in: 5
I20260909 04:38:51.987790   267 skeleton_planner.h:170] Found solution in: 1
I20260909 04:38:51.987808   267 skeleton_planner.h:170] Found solution in: 19
I20260909 04:38:51.987816   267 skeleton_planner.h:170] Found solution in: 1
I20260909 04:38:51.987824   267 skeleton_planner.h:170] Found solution in: 1
I20260909 04:38:51.987828   267 skeleton_planner.h:170] Found solution in: 3
I20260909 04:38:51.987833   267 skeleton_planner.h:170] Found solution in: 4
I20260909 04:38:51.987848   267 skeleton_planner.h:170] Found solution in: 5
I20260909 04:38:51.987859   267 skeleton_planner.h:170] Found solution in: 1
I20260909 04:38:51.987864   267 skeleton_planner.h:170] Found solution in: 4
I20260909 04:38:51.987880   267 skeleton_planner.h:170] Found solution in: 5
I20260909 04:38:51.987890   267 skeleton_planner.h:170] Found solution in: 1
I20260909 04:38:51.987910   267 skeleton_planner.h:170] Found solution in: 5
I20260909 04:38:51.987920   267 skeleton_planner.h:170] Found solution in: 1
I20260909 04:38:51.987939   267 skeleton_planner.h:170] Found solution in: 6
I20260909 04:38:51.987948   267 skeleton_planner.h:170] Found solution in: 1
I20260909 04:38:51.987952   267 skeleton_planner.h:170] Found solution in: 2
I20260909 04:38:51.988395   267 skeleton_planner.h:170] Found solution in: 1
I20260909 04:38:51.988399   267 skeleton_planner.h:170] Found solution in: 2
I20260909 04:38:51.988840   267 skeleton_planner.h:170] Found solution in: 1
I20260909 04:38:51.988870   267 skeleton_planner.h:170] Found solution in: 5
I20260909 04:38:51.988880   267 skeleton_planner.h:170] Found solution in: 1
I20260909 04:38:51.988891   267 skeleton_planner.h:170] Found solution in: 9
I20260909 04:38:51.988976   267 skeleton_planner.h:170] Found solution in: 3
I20260909 04:38:51.988983   267 skeleton_planner.h:170] Found solution in: 1
I20260909 04:38:51.988991   267 skeleton_planner.h:170] Found solution in: 1
I20260909 04:38:51.989025   267 skeleton_planner.h:170] Found solution in: 10
I20260909 04:38:51.989034   267 skeleton_planner.h:170] Found solution in: 1
I20260909 04:38:51.989039   267 skeleton_planner.h:170] Found solution in: 3
I20260909 04:38:51.989060   267 skeleton_planner.h:170] Found solution in: 7
I20260909 04:38:51.989068   267 skeleton_planner.h:170] Found solution in: 1
I20260909 04:38:51.989074   267 skeleton_planner.h:170] Found solution in: 1
I20260909 04:38:51.989085   267 skeleton_planner.h:170] Found solution in: 1
I20260909 04:38:51.989094   267 skeleton_planner.h:170] Found solution in: 1
I20260909 04:38:51.989102   267 skeleton_planner.h:170] Found solution in: 1
I20260909 04:38:51.989120   267 skeleton_planner.h:170] Found solution in: 17
I20260909 04:38:51.989130   267 skeleton_planner.h:170] Found solution in: 1
I20260909 04:38:51.989140   267 skeleton_planner.h:170] Found solution in: 1
I20260909 04:38:51.989148   267 skeleton_planner.h:170] Found solution in: 1
I20260909 04:38:51.989188   267 skeleton_planner.h:170] Found solution in: 46
I20260909 04:38:51.989197   267 skeleton_planner.h:170] Found solution in: 7
I20260909 04:38:51.989205   267 skeleton_planner.h:170] Found solution in: 1
I20260909 04:38:51.989302   267 skeleton_planner.h:170] Found solution in: 4
I20260909 04:38:51.989315   267 skeleton_planner.h:170] Found solution in: 1
I20260909 04:38:51.989329   267 skeleton_planner.h:170] Found solution in: 3
I20260909 04:38:51.989339   267 skeleton_planner.h:170] Found solution in: 1
I20260909 04:38:51.989351   267 skeleton_planner.h:170] Found solution in: 3
I20260909 04:38:51.989359   267 skeleton_planner.h:170] Found solution in: 1
I20260909 04:38:51.989377   267 skeleton_planner.h:170] Found solution in: 5
I20260909 04:38:51.989387   267 skeleton_planner.h:170] Found solution in: 1
I20260909 04:38:51.989398   267 skeleton_planner.h:170] Found solution in: 3
I20260909 04:38:51.989408   267 skeleton_planner.h:170] Found solution in: 1
I20260909 04:38:51.989423   267 skeleton_planner.h:170] Found solution in: 6
I20260909 04:38:51.989432   267 skeleton_planner.h:170] Found solution in: 1
I20260909 04:38:51.989440   267 skeleton_planner.h:170] Found solution in: 1
I20260909 04:38:51.989447   267 skeleton_planner.h:170] Found solution in: 1
I20260909 04:38:51.989456   267 skeleton_planner.h:170] Found solution in: 1
I20260909 04:38:51.989464   267 skeleton_planner.h:170] Found solution in: 6
I20260909 04:38:51.989480   267 skeleton_planner.h:170] Found solution in: 19
I20260909 04:38:51.989590   267 skeleton_planner.h:170] Found solution in: 7
I20260909 04:38:51.989598   267 skeleton_planner.h:170] Found solution in: 1
I20260909 04:38:51.989610   267 skeleton_planner.h:170] Found solution in: 4
I20260909 04:38:51.989617   267 skeleton_planner.h:170] Found solution in: 1
I20260909 04:38:51.989620   267 skeleton_planner.h:170] Found solution in: 3
I20260909 04:38:51.989727   267 skeleton_planner.h:170] Found solution in: 4
I20260909 04:38:51.989737   267 skeleton_planner.h:170] Found solution in: 1
I20260909 04:38:51.989748   267 skeleton_planner.h:170] Found solution in: 1
I20260909 04:38:51.989754   267 skeleton_planner.h:170] Found solution in: 1
I20260909 04:38:51.989761   267 skeleton_planner.h:170] Found solution in: 1
I20260909 04:38:51.989768   267 skeleton_planner.h:170] Found solution in: 5
I20260909 04:38:51.989792   267 skeleton_planner.h:170] Found solution in: 6
I20260909 04:38:51.989804   267 skeleton_planner.h:170] Found solution in: 1
I20260909 04:38:51.989809   267 skeleton_planner.h:170] Found solution in: 5
I20260909 04:38:51.989835   267 skeleton_planner.h:170] Found solution in: 8
I20260909 04:38:51.989843   267 skeleton_planner.h:170] Found solution in: 1
I20260909 04:38:51.989864   267 skeleton_planner.h:170] Found solution in: 6
I20260909 04:38:51.989874   267 skeleton_planner.h:170] Found solution in: 1
I20260909 04:38:51.989879   267 skeleton_planner.h:170] Found solution in: 4
I20260909 04:38:51.989900   267 skeleton_planner.h:170] Found solution in: 6
I20260909 04:38:51.989908   267 skeleton_planner.h:170] Found solution in: 1
I20260909 04:38:51.989929   267 skeleton_planner.h:170] Found solution in: 9
I20260909 04:38:51.989938   267 skeleton_planner.h:170] Found solution in: 1
I20260909 04:38:51.989944   267 skeleton_planner.h:170] Found solution in: 1
I20260909 04:38:51.989959   267 skeleton_planner.h:170] Found solution in: 3
I20260909 04:38:51.989966   267 skeleton_planner.h:170] Found solution in: 1
I20260909 04:38:51.989982   267 skeleton_planner.h:170] Found solution in: 4
I20260909 04:38:51.989990   267 skeleton_planner.h:170] Found solution in: 1
I20260909 04:38:51.990016   267 skeleton_planner.h:170] Found solution in: 34
I20260909 04:38:51.990024   267 skeleton_planner.h:170] Found solution in: 5
I20260909 04:38:51.990031   267 skeleton_planner.h:170] Found solution in: 1
I20260909 04:38:51.990038   267 skeleton_planner.h:170] Found solution in: 1
I20260909 04:38:51.990058   267 skeleton_planner.h:170] Found solution in: 4
I20260909 04:38:51.990067   267 skeleton_planner.h:170] Found solution in: 1
I20260909 04:38:51.990084   267 skeleton_planner.h:170] Found solution in: 24
I20260909 04:38:51.990098   267 skeleton_planner.h:170] Found solution in: 1
I20260909 04:38:51.990106   267 skeleton_planner.h:170] Found solution in: 6
I20260909 04:38:51.990113   267 skeleton_planner.h:170] Found solution in: 7
I20260909 04:38:51.990165   267 skeleton_planner.h:170] Found solution in: 5
I20260909 04:38:51.990175   267 skeleton_planner.h:170] Found solution in: 1
I20260909 04:38:51.990221   267 skeleton_planner.h:170] Found solution in: 4
I20260909 04:38:51.990228   267 skeleton_planner.h:170] Found solution in: 1
I20260909 04:38:51.990278   267 skeleton_planner.h:170] Found solution in: 5
I20260909 04:38:51.990288   267 skeleton_planner.h:170] Found solution in: 1
I20260909 04:38:51.990291   267 skeleton_planner.h:170] Found solution in: 3
I20260909 04:38:51.990301   267 skeleton_planner.h:170] Found solution in: 3
I20260909 04:38:51.990312   267 skeleton_planner.h:170] Found solution in: 1
I20260909 04:38:51.990332   267 skeleton_planner.h:170] Found solution in: 5
I20260909 04:38:51.990340   267 skeleton_planner.h:170] Found solution in: 1
I20260909 04:38:51.990351   267 skeleton_planner.h:170] Found solution in: 3
I20260909 04:38:51.990361   267 skeleton_planner.h:170] Found solution in: 1
I20260909 04:38:51.990387   267 skeleton_planner.h:170] Found solution in: 8
I20260909 04:38:51.990396   267 skeleton_planner.h:170] Found solution in: 1
I20260909 04:38:51.990401   267 skeleton_planner.h:170] Found solution in: 1
I20260909 04:38:51.990504   267 skeleton_planner.h:170] Found solution in: 4
I20260909 04:38:51.990516   267 skeleton_planner.h:170] Found solution in: 1
I20260909 04:38:51.990521   267 skeleton_planner.h:170] Found solution in: 5
I20260909 04:38:51.990614   267 skeleton_planner.h:170] Found solution in: 5
I20260909 04:38:51.990626   267 skeleton_planner.h:170] Found solution in: 1
I20260909 04:38:51.990634   267 skeleton_planner.h:170] Found solution in: 1
I20260909 04:38:51.990733   267 skeleton_planner.h:170] Found solution in: 4
I20260909 04:38:51.990741   267 skeleton_planner.h:170] Found solution in: 1
I20260909 04:38:51.990753   267 skeleton_planner.h:170] Found solution in: 1
I20260909 04:38:51.990783   267 skeleton_planner.h:170] Found solution in: 10
I20260909 04:38:51.990796   267 skeleton_planner.h:170] Found solution in: 4
I20260909 04:38:51.990810   267 skeleton_planner.h:170] Found solution in: 5
I20260909 04:38:51.990824   267 skeleton_planner.h:170] Found solution in: 5
I20260909 04:38:51.990849   267 skeleton_planner.h:170] Found solution in: 9
I20260909 04:38:51.990867   267 skeleton_planner.h:170] Found solution in: 5
I20260909 04:38:51.990883   267 skeleton_planner.h:170] Found solution in: 4
I20260909 04:38:51.990899   267 skeleton_planner.h:170] Found solution in: 7
I20260909 04:38:51.990916   267 skeleton_planner.h:170] Found solution in: 5
I20260909 04:38:51.990929   267 skeleton_planner.h:170] Found solution in: 4
I20260909 04:38:51.990940   267 skeleton_planner.h:170] Found solution in: 3
I20260909 04:38:51.990952   267 skeleton_planner.h:170] Found solution in: 3
I20260909 04:38:51.990962   267 skeleton_planner.h:170] Found solution in: 3
I20260909 04:38:51.990975   267 skeleton_planner.h:170] Found solution in: 4
I20260909 04:38:51.990990   267 skeleton_planner.h:170] Found solution in: 4
I20260909 04:38:51.991007   267 skeleton_planner.h:170] Found solution in: 4
I20260909 04:38:51.991019   267 skeleton_planner.h:170] Found solution in: 3
I20260909 04:38:51.991041   267 skeleton_planner.h:170] Found solution in: 7
I20260909 04:38:51.991053   267 skeleton_planner.h:170] Found solution in: 3
I20260909 04:38:51.991065   267 skeleton_planner.h:170] Found solution in: 3
I20260909 04:38:51.991075   267 skeleton_planner.h:170] Found solution in: 4
I20260909 04:38:51.991086   267 skeleton_planner.h:170] Found solution in: 3
I20260909 04:38:51.991103   267 skeleton_planner.h:170] Found solution in: 6
I20260909 04:38:51.991117   267 skeleton_planner.h:170] Found solution in: 4
I20260909 04:38:51.991129   267 skeleton_planner.h:170] Found solution in: 4
I20260909 04:38:51.991142   267 skeleton_planner.h:170] Found solution in: 3
I20260909 04:38:51.991169   267 skeleton_planner.h:170] Found solution in: 11
I20260909 04:38:51.991189   267 skeleton_planner.h:170] Found solution in: 3
I20260909 04:38:51.991199   267 skeleton_planner.h:170] Found solution in: 3
I20260909 04:38:51.991219   267 skeleton_planner.h:170] Found solution in: 5
I20260909 04:38:51.991235   267 skeleton_planner.h:170] Found solution in: 5
I20260909 04:38:51.991247   267 skeleton_planner.h:170] Found solution in: 3
I20260909 04:38:51.991262   267 skeleton_planner.h:170] Found solution in: 5
I20260909 04:38:51.991281   267 skeleton_planner.h:170] Found solution in: 6
I20260909 04:38:51.991293   267 skeleton_planner.h:170] Found solution in: 3
I20260909 04:38:51.991304   267 skeleton_planner.h:170] Found solution in: 3
I20260909 04:38:51.991325   267 skeleton_planner.h:170] Found solution in: 5
I20260909 04:38:51.991340   267 skeleton_planner.h:170] Found solution in: 5
I20260909 04:38:51.991354   267 skeleton_planner.h:170] Found solution in: 4
I20260909 04:38:51.991367   267 skeleton_planner.h:170] Found solution in: 4
I20260909 04:38:51.991379   267 skeleton_planner.h:170] Found solution in: 3
I20260909 04:38:51.991392   267 skeleton_planner.h:170] Found solution in: 3
I20260909 04:38:51.991405   267 skeleton_planner.h:170] Found solution in: 4
I20260909 04:38:51.991416   267 skeleton_planner.h:170] Found solution in: 3
I20260909 04:38:51.991426   267 skeleton_planner.h:170] Found solution in: 3
I20260909 04:38:51.991437   267 skeleton_planner.h:170] Found solution in: 3
I20260909 04:38:51.991452   267 skeleton_planner.h:170] Found solution in: 4
I20260909 04:38:51.991477   267 skeleton_planner.h:170] Found solution in: 10
I20260909 04:38:51.991492   267 skeleton_planner.h:170] Found solution in: 5
I20260909 04:38:51.991508   267 skeleton_planner.h:170] Found solution in: 6
I20260909 04:38:51.991520   267 skeleton_planner.h:170] Found solution in: 4
I20260909 04:38:51.991539   267 skeleton_planner.h:170] Found solution in: 4
I20260909 04:38:51.991550   267 skeleton_planner.h:170] Found solution in: 3
I20260909 04:38:51.991559   267 skeleton_planner.h:170] Found solution in: 3
I20260909 04:38:51.991571   267 skeleton_planner.h:170] Found solution in: 4
I20260909 04:38:51.991575   267 skeleton_planner.h:170] Found solution in: 1
I20260909 04:38:51.991585   267 skeleton_planner.h:170] Found solution in: 3
I20260909 04:38:51.991596   267 skeleton_planner.h:170] Found solution in: 3
I20260909 04:38:51.991614   267 skeleton_planner.h:170] Found solution in: 5
I20260909 04:38:51.991626   267 skeleton_planner.h:170] Found solution in: 3
I20260909 04:38:51.991638   267 skeleton_planner.h:170] Found solution in: 4
I20260909 04:38:51.991653   267 skeleton_planner.h:170] Found solution in: 5
I20260909 04:38:51.991673   267 skeleton_planner.h:170] Found solution in: 5
I20260909 04:38:51.991683   267 skeleton_planner.h:170] Found solution in: 3
I20260909 04:38:51.991693   267 skeleton_planner.h:170] Found solution in: 3
I20260909 04:38:51.991716   267 skeleton_planner.h:170] Found solution in: 7
I20260909 04:38:51.991729   267 skeleton_planner.h:170] Found solution in: 3
I20260909 04:38:51.991741   267 skeleton_planner.h:170] Found solution in: 3
I20260909 04:38:51.991750   267 skeleton_planner.h:170] Found solution in: 3
I20260909 04:38:51.991765   267 skeleton_planner.h:170] Found solution in: 4
I20260909 04:38:51.991786   267 skeleton_planner.h:170] Found solution in: 6
I20260909 04:38:51.991803   267 skeleton_planner.h:170] Found solution in: 5
I20260909 04:38:51.991814   267 skeleton_planner.h:170] Found solution in: 2
I20260909 04:38:51.991827   267 skeleton_planner.h:170] Found solution in: 4
I20260909 04:38:51.991845   267 skeleton_planner.h:170] Found solution in: 7
I20260909 04:38:51.991856   267 skeleton_planner.h:170] Found solution in: 3
I20260909 04:38:51.991868   267 skeleton_planner.h:170] Found solution in: 4
I20260909 04:38:51.991889   267 skeleton_planner.h:170] Found solution in: 6
I20260909 04:38:51.991901   267 skeleton_planner.h:170] Found solution in: 3
I20260909 04:38:51.991912   267 skeleton_planner.h:170] Found solution in: 3
I20260909 04:38:51.991923   267 skeleton_planner.h:170] Found solution in: 4
I20260909 04:38:51.991933   267 skeleton_planner.h:170] Found solution in: 3
I20260909 04:38:51.991951   267 skeleton_planner.h:170] Found solution in: 5
I20260909 04:38:51.991963   267 skeleton_planner.h:170] Found solution in: 3
I20260909 04:38:51.991972   267 skeleton_planner.h:170] Found solution in: 2
I20260909 04:38:51.991979   267 skeleton_planner.h:170] Found solution in: 2
I20260909 04:38:51.991988   267 skeleton_planner.h:170] Found solution in: 3
I20260909 04:38:51.991999   267 skeleton_planner.h:170] Found solution in: 4
I20260909 04:38:51.992015   267 skeleton_planner.h:170] Found solution in: 5
I20260909 04:38:51.992029   267 skeleton_planner.h:170] Found solution in: 4
I20260909 04:38:51.992046   267 skeleton_planner.h:170] Found solution in: 4
I20260909 04:38:51.992059   267 skeleton_planner.h:170] Found solution in: 4
I20260909 04:38:51.992069   267 skeleton_planner.h:170] Found solution in: 3
I20260909 04:38:51.992092   267 skeleton_planner.h:170] Found solution in: 7
I20260909 04:38:51.992110   267 skeleton_planner.h:170] Found solution in: 5
I20260909 04:38:51.992123   267 skeleton_planner.h:170] Found solution in: 4
I20260909 04:38:51.992134   267 skeleton_planner.h:170] Found solution in: 3
I20260909 04:38:51.992146   267 skeleton_planner.h:170] Found solution in: 3
I20260909 04:38:51.992161   267 skeleton_planner.h:170] Found solution in: 4
I20260909 04:38:51.992172   267 skeleton_planner.h:170] Found solution in: 3
I20260909 04:38:51.992185   267 skeleton_planner.h:170] Found solution in: 4
I20260909 04:38:51.992197   267 skeleton_planner.h:170] Found solution in: 3
I20260909 04:38:51.992209   267 skeleton_planner.h:170] Found solution in: 5
I20260909 04:38:51.992223   267 skeleton_planner.h:170] Found solution in: 4
I20260909 04:38:51.992241   267 skeleton_planner.h:170] Found solution in: 6
I20260909 04:38:51.992259   267 skeleton_planner.h:170] Found solution in: 5
I20260909 04:38:51.992271   267 skeleton_planner.h:170] Found solution in: 3
I20260909 04:38:51.992281   267 skeleton_planner.h:170] Found solution in: 3
I20260909 04:38:51.992291   267 skeleton_planner.h:170] Found solution in: 3
I20260909 04:38:51.992316   267 skeleton_planner.h:170] Found solution in: 7
I20260909 04:38:51.992328   267 skeleton_planner.h:170] Found solution in: 3
I20260909 04:38:51.992340   267 skeleton_planner.h:170] Found solution in: 4
I20260909 04:38:51.992352   267 skeleton_planner.h:170] Found solution in: 3
I20260909 04:38:51.992375   267 skeleton_planner.h:170] Found solution in: 8
I20260909 04:38:51.992384   267 skeleton_planner.h:170] Found solution in: 2
I20260909 04:38:51.992396   267 skeleton_planner.h:170] Found solution in: 4
I20260909 04:38:51.992410   267 skeleton_planner.h:170] Found solution in: 4
I20260909 04:38:51.992419   267 skeleton_planner.h:170] Found solution in: 2
I20260909 04:38:51.992431   267 skeleton_planner.h:170] Found solution in: 4
I20260909 04:38:51.992447   267 skeleton_planner.h:170] Found solution in: 4
I20260909 04:38:51.992458   267 skeleton_planner.h:170] Found solution in: 3
I20260909 04:38:51.992472   267 skeleton_planner.h:170] Found solution in: 4
I20260909 04:38:51.992483   267 skeleton_planner.h:170] Found solution in: 3
I20260909 04:38:51.992494   267 skeleton_planner.h:170] Found solution in: 4
I20260909 04:38:51.992506   267 skeleton_planner.h:170] Found solution in: 5
I20260909 04:38:51.992516   267 skeleton_planner.h:170] Found solution in: 2
I20260909 04:38:51.992527   267 skeleton_planner.h:170] Found solution in: 3
I20260909 04:38:51.992539   267 skeleton_planner.h:170] Found solution in: 4
I20260909 04:38:51.992550   267 skeleton_planner.h:170] Found solution in: 3
I20260909 04:38:51.992568   267 skeleton_planner.h:170] Found solution in: 7
I20260909 04:38:51.992583   267 skeleton_planner.h:170] Found solution in: 4
I20260909 04:38:51.992599   267 skeleton_planner.h:170] Found solution in: 5
I20260909 04:38:51.992614   267 skeleton_planner.h:170] Found solution in: 4
I20260909 04:38:51.992621   267 skeleton_planner.h:170] Found solution in: 2
I20260909 04:38:51.992631   267 skeleton_planner.h:170] Found solution in: 3
I20260909 04:38:51.992647   267 skeleton_planner.h:170] Found solution in: 5
I20260909 04:38:51.992659   267 skeleton_planner.h:170] Found solution in: 3
I20260909 04:38:51.992673   267 skeleton_planner.h:170] Found solution in: 4
I20260909 04:38:51.992691   267 skeleton_planner.h:170] Found solution in: 5
I20260909 04:38:51.992702   267 skeleton_planner.h:170] Found solution in: 3
I20260909 04:38:51.992710   267 skeleton_planner.h:170] Found solution in: 2
I20260909 04:38:51.992730   267 skeleton_planner.h:170] Found solution in: 7
I20260909 04:38:51.992750   267 skeleton_planner.h:170] Found solution in: 5
I20260909 04:38:51.992763   267 skeleton_planner.h:170] Found solution in: 4
I20260909 04:38:51.992779   267 skeleton_planner.h:170] Found solution in: 4
I20260909 04:38:51.992789   267 skeleton_planner.h:170] Found solution in: 3
I20260909 04:38:51.992805   267 skeleton_planner.h:170] Found solution in: 5
I20260909 04:38:51.992817   267 skeleton_planner.h:170] Found solution in: 4
I20260909 04:38:51.992828   267 skeleton_planner.h:170] Found solution in: 3
I20260909 04:38:51.992841   267 skeleton_planner.h:170] Found solution in: 4
I20260909 04:38:51.992853   267 skeleton_planner.h:170] Found solution in: 4
I20260909 04:38:51.992865   267 skeleton_planner.h:170] Found solution in: 3
I20260909 04:38:51.992875   267 skeleton_planner.h:170] Found solution in: 3
I20260909 04:38:51.992893   267 skeleton_planner.h:170] Found solution in: 5
I20260909 04:38:51.992905   267 skeleton_planner.h:170] Found solution in: 4
I20260909 04:38:51.992931   267 skeleton_planner.h:170] Found solution in: 11
I20260909 04:38:51.992942   267 skeleton_planner.h:170] Found solution in: 3
I20260909 04:38:51.992949   267 skeleton_planner.h:170] Found solution in: 2
I20260909 04:38:51.992954   267 skeleton_planner.h:170] Found solution in: 1
I20260909 04:38:51.992962   267 skeleton_planner.h:170] Found solution in: 3
I20260909 04:38:51.992972   267 skeleton_planner.h:170] Found solution in: 3
I20260909 04:38:51.992992   267 skeleton_planner.h:170] Found solution in: 6
I20260909 04:38:51.993013   267 skeleton_planner.h:170] Found solution in: 8
I20260909 04:38:51.993031   267 skeleton_planner.h:170] Found solution in: 5
I20260909 04:38:51.993052   267 skeleton_planner.h:170] Found solution in: 7
I20260909 04:38:51.993067   267 skeleton_planner.h:170] Found solution in: 4
I20260909 04:38:51.993083   267 skeleton_planner.h:170] Found solution in: 4
I20260909 04:38:51.993098   267 skeleton_planner.h:170] Found solution in: 4
I20260909 04:38:51.993119   267 skeleton_planner.h:170] Found solution in: 7
I20260909 04:38:51.993139   267 skeleton_planner.h:170] Found solution in: 5
I20260909 04:38:51.993156   267 skeleton_planner.h:170] Found solution in: 5
I20260909 04:38:51.993173   267 skeleton_planner.h:170] Found solution in: 5
I20260909 04:38:51.993194   267 skeleton_planner.h:170] Found solution in: 6
I20260909 04:38:51.993216   267 skeleton_planner.h:170] Found solution in: 6
I20260909 04:38:51.993235   267 skeleton_planner.h:170] Found solution in: 6
I20260909 04:38:51.993261   267 skeleton_planner.h:170] Found solution in: 8
I20260909 04:38:51.993285   267 skeleton_planner.h:170] Found solution in: 9
I20260909 04:38:51.993299   267 skeleton_planner.h:170] Found solution in: 5
I20260909 04:38:51.993321   267 skeleton_planner.h:170] Found solution in: 8
I20260909 04:38:51.993355   267 skeleton_planner.h:170] Found solution in: 16
I20260909 04:38:51.993371   267 skeleton_planner.h:170] Found solution in: 4
I20260909 04:38:51.993383   267 skeleton_planner.h:170] Found solution in: 4
I20260909 04:38:51.993391   267 skeleton_planner.h:170] Found solution in: 2
I20260909 04:38:51.993405   267 skeleton_planner.h:170] Found solution in: 7
I20260909 04:38:51.993432   267 skeleton_planner.h:170] Found solution in: 8
I20260909 04:38:51.993453   267 skeleton_planner.h:170] Found solution in: 6
I20260909 04:38:51.993477   267 skeleton_planner.h:170] Found solution in: 7
I20260909 04:38:51.993500   267 skeleton_planner.h:170] Found solution in: 6
I20260909 04:38:51.993527   267 skeleton_planner.h:170] Found solution in: 9
I20260909 04:38:51.993553   267 skeleton_planner.h:170] Found solution in: 8
I20260909 04:38:51.993577   267 skeleton_planner.h:170] Found solution in: 8
I20260909 04:38:51.993597   267 skeleton_planner.h:170] Found solution in: 5
I20260909 04:38:51.993620   267 skeleton_planner.h:170] Found solution in: 8
I20260909 04:38:51.993638   267 skeleton_planner.h:170] Found solution in: 4
I20260909 04:38:51.993661   267 skeleton_planner.h:170] Found solution in: 8
I20260909 04:38:51.993674   267 skeleton_planner.h:170] Found solution in: 3
I20260909 04:38:51.993681   267 skeleton_planner.h:170] Found solution in: 2
I20260909 04:38:51.993692   267 skeleton_planner.h:170] Found solution in: 3
I20260909 04:38:51.993710   267 skeleton_planner.h:170] Found solution in: 5
I20260909 04:38:51.993723   267 skeleton_planner.h:170] Found solution in: 4
I20260909 04:38:51.993746   267 skeleton_planner.h:170] Found solution in: 7
I20260909 04:38:51.993757   267 skeleton_planner.h:170] Found solution in: 3
I20260909 04:38:51.993783   267 skeleton_planner.h:170] Found solution in: 8
I20260909 04:38:51.993796   267 skeleton_planner.h:170] Found solution in: 3
I20260909 04:38:51.993814   267 skeleton_planner.h:170] Found solution in: 5
I20260909 04:38:51.993834   267 skeleton_planner.h:170] Found solution in: 6
I20260909 04:38:51.993858   267 skeleton_planner.h:170] Found solution in: 10
I20260909 04:38:51.993891   267 skeleton_planner.h:170] Found solution in: 14
I20260909 04:38:51.993911   267 skeleton_planner.h:170] Found solution in: 6
I20260909 04:38:51.993925   267 skeleton_planner.h:170] Found solution in: 4
I20260909 04:38:51.993937   267 skeleton_planner.h:170] Found solution in: 3
I20260909 04:38:51.993949   267 skeleton_planner.h:170] Found solution in: 3
I20260909 04:38:51.993971   267 skeleton_planner.h:170] Found solution in: 7
I20260909 04:38:51.993984   267 skeleton_planner.h:170] Found solution in: 4
I20260909 04:38:51.993994   267 skeleton_planner.h:170] Found solution in: 3
I20260909 04:38:51.994009   267 skeleton_planner.h:170] Found solution in: 7
I20260909 04:38:51.994235   267 skeleton_planner.h:170] Found solution in: 79
I20260909 04:38:51.994280   267 skeleton_planner.h:170] Found solution in: 8
I20260909 04:38:51.994290   267 skeleton_planner.h:170] Found solution in: 4
I20260909 04:38:51.994326   267 skeleton_planner.h:170] Found solution in: 14
I20260909 04:38:51.994352   267 skeleton_planner.h:170] Found solution in: 8
I20260909 04:38:51.994376   267 skeleton_planner.h:170] Found solution in: 6
I20260909 04:38:51.994405   267 skeleton_planner.h:170] Found solution in: 11
I20260909 04:38:51.994436   267 skeleton_planner.h:170] Found solution in: 10
I20260909 04:38:51.994449   267 skeleton_planner.h:170] Found solution in: 3
I20260909 04:38:51.994465   267 skeleton_planner.h:170] Found solution in: 6
I20260909 04:38:51.994477   267 skeleton_planner.h:170] Found solution in: 3
I20260909 04:38:51.994493   267 skeleton_planner.h:170] Found solution in: 4
I20260909 04:38:51.994517   267 skeleton_planner.h:170] Found solution in: 8
I20260909 04:38:51.994539   267 skeleton_planner.h:170] Found solution in: 7
I20260909 04:38:51.994544   267 skeleton_planner.h:170] Found solution in: 1
I20260909 04:38:51.994554   267 skeleton_planner.h:170] Found solution in: 3
I20260909 04:38:51.994568   267 skeleton_planner.h:170] Found solution in: 3
I20260909 04:38:51.994575   267 skeleton_planner.h:170] Found solution in: 2
I20260909 04:38:51.994606   267 skeleton_planner.h:170] Found solution in: 11
I20260909 04:38:51.994643   267 skeleton_planner.h:170] Found solution in: 13
I20260909 04:38:51.994668   267 skeleton_planner.h:170] Found solution in: 7
I20260909 04:38:51.994688   267 skeleton_planner.h:170] Found solution in: 6
I20260909 04:38:51.994709   267 skeleton_planner.h:170] Found solution in: 7
I20260909 04:38:51.994720   267 skeleton_planner.h:170] Found solution in: 3
I20260909 04:38:51.994733   267 skeleton_planner.h:170] Found solution in: 5
I20260909 04:38:51.994753   267 skeleton_planner.h:170] Found solution in: 6
I20260909 04:38:51.994773   267 skeleton_planner.h:170] Found solution in: 6
I20260909 04:38:51.994787   267 skeleton_planner.h:170] Found solution in: 5
I20260909 04:38:51.994803   267 skeleton_planner.h:170] Found solution in: 7
I20260909 04:38:51.994824   267 skeleton_planner.h:170] Found solution in: 8
I20260909 04:38:51.994853   267 skeleton_planner.h:170] Found solution in: 10
I20260909 04:38:51.994866   267 skeleton_planner.h:170] Found solution in: 3
I20260909 04:38:51.994900   267 skeleton_planner.h:170] Found solution in: 9
I20260909 04:38:51.994926   267 skeleton_planner.h:170] Found solution in: 7
I20260909 04:38:51.994949   267 skeleton_planner.h:170] Found solution in: 7
I20260909 04:38:51.994976   267 skeleton_planner.h:170] Found solution in: 7
I20260909 04:38:51.994999   267 skeleton_planner.h:170] Found solution in: 6
I20260909 04:38:51.995012   267 skeleton_planner.h:170] Found solution in: 3
I20260909 04:38:51.995023   267 skeleton_planner.h:170] Found solution in: 3
I20260909 04:38:51.995055   267 skeleton_planner.h:170] Found solution in: 10
I20260909 04:38:51.995069   267 skeleton_planner.h:170] Found solution in: 3
I20260909 04:38:51.995091   267 skeleton_planner.h:170] Found solution in: 7
I20260909 04:38:51.995123   267 skeleton_planner.h:170] Found solution in: 12
I20260909 04:38:51.995143   267 skeleton_planner.h:170] Found solution in: 5
I20260909 04:38:51.995162   267 skeleton_planner.h:170] Found solution in: 6
I20260909 04:38:51.995183   267 skeleton_planner.h:170] Found solution in: 6
I20260909 04:38:51.995200   267 skeleton_planner.h:170] Found solution in: 5
I20260909 04:38:51.995223   267 skeleton_planner.h:170] Found solution in: 8
I20260909 04:38:51.995234   267 skeleton_planner.h:170] Found solution in: 3
I20260909 04:38:51.995252   267 skeleton_planner.h:170] Found solution in: 5
I20260909 04:38:51.995265   267 skeleton_planner.h:170] Found solution in: 4
I20260909 04:38:51.995282   267 skeleton_planner.h:170] Found solution in: 5
I20260909 04:38:51.995296   267 skeleton_planner.h:170] Found solution in: 4
I20260909 04:38:51.995312   267 skeleton_planner.h:170] Found solution in: 4
I20260909 04:38:51.995343   267 skeleton_planner.h:170] Found solution in: 9
I20260909 04:38:51.995358   267 skeleton_planner.h:170] Found solution in: 4
I20260909 04:38:51.995371   267 skeleton_planner.h:170] Found solution in: 4
I20260909 04:38:51.995376   267 skeleton_planner.h:170] Found solution in: 1
I20260909 04:38:51.995388   267 skeleton_planner.h:170] Found solution in: 4
I20260909 04:38:51.995415   267 skeleton_planner.h:170] Found solution in: 10
I20260909 04:38:51.995430   267 skeleton_planner.h:170] Found solution in: 4
I20260909 04:38:51.995447   267 skeleton_planner.h:170] Found solution in: 5
I20260909 04:38:51.995469   267 skeleton_planner.h:170] Found solution in: 7
I20260909 04:38:51.995496   267 skeleton_planner.h:170] Found solution in: 9
I20260909 04:38:51.995522   267 skeleton_planner.h:170] Found solution in: 7
I20260909 04:38:51.995585   267 skeleton_planner.h:170] Found solution in: 19
I20260909 04:38:51.995615   267 skeleton_planner.h:170] Found solution in: 6
I20260909 04:38:51.995631   267 skeleton_planner.h:170] Found solution in: 5
I20260909 04:38:51.995654   267 skeleton_planner.h:170] Found solution in: 8
I20260909 04:38:51.995684   267 skeleton_planner.h:170] Found solution in: 10
I20260909 04:38:51.995697   267 skeleton_planner.h:170] Found solution in: 4
I20260909 04:38:51.995718   267 skeleton_planner.h:170] Found solution in: 6
I20260909 04:38:51.995733   267 skeleton_planner.h:170] Found solution in: 4
I20260909 04:38:51.995743   267 skeleton_planner.h:170] Found solution in: 3
I20260909 04:38:51.995759   267 skeleton_planner.h:170] Found solution in: 5
I20260909 04:38:51.995774   267 skeleton_planner.h:170] Found solution in: 5
I20260909 04:38:51.995786   267 skeleton_planner.h:170] Found solution in: 4
I20260909 04:38:51.995811   267 skeleton_planner.h:170] Found solution in: 9
I20260909 04:38:51.995829   267 skeleton_planner.h:170] Found solution in: 4
I20260909 04:38:51.995846   267 skeleton_planner.h:170] Found solution in: 6
I20260909 04:38:51.995867   267 skeleton_planner.h:170] Found solution in: 8
I20260909 04:38:51.995885   267 skeleton_planner.h:170] Found solution in: 5
I20260909 04:38:51.995899   267 skeleton_planner.h:170] Found solution in: 4
I20260909 04:38:51.995920   267 skeleton_planner.h:170] Found solution in: 9
I20260909 04:38:51.995940   267 skeleton_planner.h:170] Found solution in: 7
I20260909 04:38:51.995954   267 skeleton_planner.h:170] Found solution in: 4
I20260909 04:38:51.995966   267 skeleton_planner.h:170] Found solution in: 4
I20260909 04:38:51.995981   267 skeleton_planner.h:170] Found solution in: 4
I20260909 04:38:51.995991   267 skeleton_planner.h:170] Found solution in: 3
I20260909 04:38:51.996004   267 skeleton_planner.h:170] Found solution in: 4
I20260909 04:38:51.996014   267 skeleton_planner.h:170] Found solution in: 3
I20260909 04:38:51.996025   267 skeleton_planner.h:170] Found solution in: 4
I20260909 04:38:51.996037   267 skeleton_planner.h:170] Found solution in: 3
I20260909 04:38:51.996048   267 skeleton_planner.h:170] Found solution in: 4
I20260909 04:38:51.996058   267 skeleton_planner.h:170] Found solution in: 3
I20260909 04:38:51.996073   267 skeleton_planner.h:170] Found solution in: 4
I20260909 04:38:51.996088   267 skeleton_planner.h:170] Found solution in: 5
I20260909 04:38:51.996105   267 skeleton_planner.h:170] Found solution in: 5
I20260909 04:38:51.996124   267 skeleton_planner.h:170] Found solution in: 6
I20260909 04:38:51.996147   267 skeleton_planner.h:170] Found solution in: 7
I20260909 04:38:51.996167   267 skeleton_planner.h:170] Found solution in: 6
I20260909 04:38:51.996179   267 skeleton_planner.h:170] Found solution in: 4
I20260909 04:38:51.996203   267 skeleton_planner.h:170] Found solution in: 8
I20260909 04:38:51.996238   267 skeleton_planner.h:170] Found solution in: 11
I20260909 04:38:51.996253   267 skeleton_planner.h:170] Found solution in: 3
I20260909 04:38:51.996275   267 skeleton_planner.h:170] Found solution in: 7
I20260909 04:38:51.996297   267 skeleton_planner.h:170] Found solution in: 6
I20260909 04:38:51.996304   267 skeleton_planner.h:170] Found solution in: 1
I20260909 04:38:51.996315   267 skeleton_planner.h:170] Found solution in: 3
I20260909 04:38:51.996328   267 skeleton_planner.h:170] Found solution in: 4
I20260909 04:38:51.996332   267 skeleton_planner.h:170] Found solution in: 1
I20260909 04:38:51.996377   267 skeleton_planner.h:170] Found solution in: 16
I20260909 04:38:51.996390   267 skeleton_planner.h:170] Found solution in: 3
I20260909 04:38:51.996423   267 skeleton_planner.h:170] Found solution in: 10
I20260909 04:38:51.996448   267 skeleton_planner.h:170] Found solution in: 7
I20260909 04:38:51.996469   267 skeleton_planner.h:170] Found solution in: 6
I20260909 04:38:51.996488   267 skeleton_planner.h:170] Found solution in: 7
I20260909 04:38:51.996502   267 skeleton_planner.h:170] Found solution in: 4
I20260909 04:38:51.996513   267 skeleton_planner.h:170] Found solution in: 3
I20260909 04:38:51.996527   267 skeleton_planner.h:170] Found solution in: 4
I20260909 04:38:51.996541   267 skeleton_planner.h:170] Found solution in: 4
I20260909 04:38:51.996558   267 skeleton_planner.h:170] Found solution in: 7
I20260909 04:38:51.996573   267 skeleton_planner.h:170] Found solution in: 4
I20260909 04:38:51.996584   267 skeleton_planner.h:170] Found solution in: 4
I20260909 04:38:51.996598   267 skeleton_planner.h:170] Found solution in: 5
I20260909 04:38:51.996616   267 skeleton_planner.h:170] Found solution in: 6
I20260909 04:38:51.996636   267 skeleton_planner.h:170] Found solution in: 6
I20260909 04:38:51.996663   267 skeleton_planner.h:170] Found solution in: 11
I20260909 04:38:51.996690   267 skeleton_planner.h:170] Found solution in: 10
I20260909 04:38:51.996717   267 skeleton_planner.h:170] Found solution in: 8
I20260909 04:38:51.996730   267 skeleton_planner.h:170] Found solution in: 3
I20260909 04:38:51.996752   267 skeleton_planner.h:170] Found solution in: 6
I20260909 04:38:51.996770   267 skeleton_planner.h:170] Found solution in: 5
I20260909 04:38:51.996786   267 skeleton_planner.h:170] Found solution in: 4
I20260909 04:38:51.996804   267 skeleton_planner.h:170] Found solution in: 6
I20260909 04:38:51.996824   267 skeleton_planner.h:170] Found solution in: 5
I20260909 04:38:51.996894   267 skeleton_planner.h:170] Found solution in: 23
I20260909 04:38:51.996932   267 skeleton_planner.h:170] Found solution in: 8
I20260909 04:38:51.996965   267 skeleton_planner.h:170] Found solution in: 8
I20260909 04:38:51.996994   267 skeleton_planner.h:170] Found solution in: 7
I20260909 04:38:51.997007   267 skeleton_planner.h:170] Found solution in: 4
I20260909 04:38:51.997027   267 skeleton_planner.h:170] Found solution in: 6
I20260909 04:38:51.997038   267 skeleton_planner.h:170] Found solution in: 3
I20260909 04:38:51.997053   267 skeleton_planner.h:170] Found solution in: 5
I20260909 04:38:51.997066   267 skeleton_planner.h:170] Found solution in: 4
I20260909 04:38:51.997076   267 skeleton_planner.h:170] Found solution in: 3
I20260909 04:38:51.997088   267 skeleton_planner.h:170] Found solution in: 4
I20260909 04:38:51.997112   267 skeleton_planner.h:170] Found solution in: 7
I20260909 04:38:51.997148   267 skeleton_planner.h:170] Found solution in: 9
I20260909 04:38:51.997174   267 skeleton_planner.h:170] Found solution in: 8
I20260909 04:38:51.997212   267 skeleton_planner.h:170] Found solution in: 10
I20260909 04:38:51.997231   267 skeleton_planner.h:170] Found solution in: 5
I20260909 04:38:51.997251   267 skeleton_planner.h:170] Found solution in: 5
I20260909 04:38:51.997268   267 skeleton_planner.h:170] Found solution in: 5
I20260909 04:38:51.997283   267 skeleton_planner.h:170] Found solution in: 4
I20260909 04:38:51.997301   267 skeleton_planner.h:170] Found solution in: 5
I20260909 04:38:51.997316   267 skeleton_planner.h:170] Found solution in: 4
I20260909 04:38:51.997330   267 skeleton_planner.h:170] Found solution in: 4
I20260909 04:38:51.997345   267 skeleton_planner.h:170] Found solution in: 5
I20260909 04:38:51.997371   267 skeleton_planner.h:170] Found solution in: 8
I20260909 04:38:51.997416   267 skeleton_planner.h:170] Found solution in: 12
I20260909 04:38:51.997447   267 skeleton_planner.h:170] Found solution in: 6
I20260909 04:38:51.997459   267 skeleton_planner.h:170] Found solution in: 3
I20260909 04:38:51.997475   267 skeleton_planner.h:170] Found solution in: 4
I20260909 04:38:51.997493   267 skeleton_planner.h:170] Found solution in: 5
I20260909 04:38:51.997515   267 skeleton_planner.h:170] Found solution in: 8
I20260909 04:38:51.997538   267 skeleton_planner.h:170] Found solution in: 8
I20260909 04:38:51.997565   267 skeleton_planner.h:170] Found solution in: 8
I20260909 04:38:51.997596   267 skeleton_planner.h:170] Found solution in: 9
I20260909 04:38:51.997618   267 skeleton_planner.h:170] Found solution in: 5
I20260909 04:38:51.997639   267 skeleton_planner.h:170] Found solution in: 6
I20260909 04:38:51.997658   267 skeleton_planner.h:170] Found solution in: 5
I20260909 04:38:51.997668   267 skeleton_planner.h:170] Found solution in: 3
I20260909 04:38:51.997697   267 skeleton_planner.h:170] Found solution in: 12
I20260909 04:38:51.997751   267 skeleton_planner.h:170] Found solution in: 22
I20260909 04:38:51.997781   267 skeleton_planner.h:170] Found solution in: 8
I20260909 04:38:51.997797   267 skeleton_planner.h:170] Found solution in: 6
I20260909 04:38:51.997808   267 skeleton_planner.h:170] Found solution in: 4
I20260909 04:38:51.997818   267 skeleton_planner.h:170] Found solution in: 3
I20260909 04:38:51.997839   267 skeleton_planner.h:170] Found solution in: 9
I20260909 04:38:51.997862   267 skeleton_planner.h:170] Found solution in: 9
I20260909 04:38:51.997895   267 skeleton_planner.h:170] Found solution in: 15
I20260909 04:38:51.997908   267 skeleton_planner.h:170] Found solution in: 3
I20260909 04:38:51.997912   267 skeleton_planner.h:170] Found solution in: 1
I20260909 04:38:51.997915   267 skeleton_planner.h:170] Found solution in: 1
I20260909 04:38:51.997967   267 skeleton_planner.h:170] Found solution in: 21
I20260909 04:38:51.998000   267 skeleton_planner.h:170] Found solution in: 10
I20260909 04:38:51.998019   267 skeleton_planner.h:170] Found solution in: 5
I20260909 04:38:51.998031   267 skeleton_planner.h:170] Found solution in: 4
I20260909 04:38:51.998049   267 skeleton_planner.h:170] Found solution in: 6
I20260909 04:38:51.998121   267 skeleton_planner.h:170] Found solution in: 25
I20260909 04:38:51.998157   267 skeleton_planner.h:170] Found solution in: 10
I20260909 04:38:51.998172   267 skeleton_planner.h:170] Found solution in: 4
I20260909 04:38:51.998185   267 skeleton_planner.h:170] Found solution in: 4
I20260909 04:38:51.998194   267 skeleton_planner.h:170] Found solution in: 2
I20260909 04:38:51.998226   267 skeleton_planner.h:170] Found solution in: 9
I20260909 04:38:51.998241   267 skeleton_planner.h:170] Found solution in: 3
I20260909 04:38:51.998251   267 skeleton_planner.h:170] Found solution in: 3
I20260909 04:38:51.998265   267 skeleton_planner.h:170] Found solution in: 5
I20260909 04:38:51.998276   267 skeleton_planner.h:170] Found solution in: 4
I20260909 04:38:51.998289   267 skeleton_planner.h:170] Found solution in: 4
I20260909 04:38:51.998303   267 skeleton_planner.h:170] Found solution in: 4
I20260909 04:38:51.998317   267 skeleton_planner.h:170] Found solution in: 3
I20260909 04:38:51.998339   267 skeleton_planner.h:170] Found solution in: 6
I20260909 04:38:51.998353   267 skeleton_planner.h:170] Found solution in: 3
I20260909 04:38:51.998368   267 skeleton_planner.h:170] Found solution in: 4
I20260909 04:38:51.998389   267 skeleton_planner.h:170] Found solution in: 6
I20260909 04:38:51.998410   267 skeleton_planner.h:170] Found solution in: 5
I20260909 04:38:51.998422   267 skeleton_planner.h:170] Found solution in: 3
I20260909 04:38:51.998433   267 skeleton_planner.h:170] Found solution in: 3
I20260909 04:38:51.998443   267 skeleton_planner.h:170] Found solution in: 3
I20260909 04:38:51.998467   267 skeleton_planner.h:170] Found solution in: 8
I20260909 04:38:51.998484   267 skeleton_planner.h:170] Found solution in: 4
I20260909 04:38:51.998502   267 skeleton_planner.h:170] Found solution in: 5
I20260909 04:38:51.998517   267 skeleton_planner.h:170] Found solution in: 4
I20260909 04:38:51.998539   267 skeleton_planner.h:170] Found solution in: 8
I20260909 04:38:51.998546   267 skeleton_planner.h:170] Found solution in: 1
I20260909 04:38:51.998569   267 skeleton_planner.h:170] Found solution in: 8
I20260909 04:38:51.998657   267 skeleton_planner.h:170] Found solution in: 23
I20260909 04:38:51.998711   267 skeleton_planner.h:170] Found solution in: 12
I20260909 04:38:51.998739   267 skeleton_planner.h:170] Found solution in: 6
I20260909 04:38:51.998757   267 skeleton_planner.h:170] Found solution in: 5
I20260909 04:38:51.998775   267 skeleton_planner.h:170] Found solution in: 5
I20260909 04:38:51.998787   267 skeleton_planner.h:170] Found solution in: 3
I20260909 04:38:51.998799   267 skeleton_planner.h:170] Found solution in: 3
I20260909 04:38:51.998817   267 skeleton_planner.h:170] Found solution in: 5
I20260909 04:38:51.998832   267 skeleton_planner.h:170] Found solution in: 4
I20260909 04:38:51.998843   267 skeleton_planner.h:170] Found solution in: 3
I20260909 04:38:51.998857   267 skeleton_planner.h:170] Found solution in: 4
I20260909 04:38:51.998878   267 skeleton_planner.h:170] Found solution in: 7
I20260909 04:38:51.998908   267 skeleton_planner.h:170] Found solution in: 9
I20260909 04:38:51.998915   267 skeleton_planner.h:170] Found solution in: 1
I20260909 04:38:51.998935   267 skeleton_planner.h:170] Found solution in: 6
I20260909 04:38:51.998955   267 skeleton_planner.h:170] Found solution in: 6
I20260909 04:38:51.998961   267 skeleton_planner.h:170] Found solution in: 1
I20260909 04:38:51.998987   267 skeleton_planner.h:170] Found solution in: 11
I20260909 04:38:51.999027   267 skeleton_planner.h:170] Found solution in: 11
I20260909 04:38:51.999061   267 skeleton_planner.h:170] Found solution in: 8
I20260909 04:38:51.999078   267 skeleton_planner.h:170] Found solution in: 5
I20260909 04:38:51.999106   267 skeleton_planner.h:170] Found solution in: 9
I20260909 04:38:51.999116   267 skeleton_planner.h:170] Found solution in: 2
I20260909 04:38:51.999135   267 skeleton_planner.h:170] Found solution in: 5
I20260909 04:38:51.999148   267 skeleton_planner.h:170] Found solution in: 5
I20260909 04:38:51.999161   267 skeleton_planner.h:170] Found solution in: 3
I20260909 04:38:51.999181   267 skeleton_planner.h:170] Found solution in: 7
I20260909 04:38:51.999210   267 skeleton_planner.h:170] Found solution in: 11
I20260909 04:38:51.999222   267 skeleton_planner.h:170] Found solution in: 3
I20260909 04:38:51.999274   267 skeleton_planner.h:170] Found solution in: 23
I20260909 04:38:51.999325   267 skeleton_planner.h:170] Found solution in: 15
I20260909 04:38:51.999348   267 skeleton_planner.h:170] Found solution in: 6
I20260909 04:38:51.999366   267 skeleton_planner.h:170] Found solution in: 7
I20260909 04:38:51.999387   267 skeleton_planner.h:170] Found solution in: 8
I20260909 04:38:51.999399   267 skeleton_planner.h:170] Found solution in: 4
I20260909 04:38:51.999425   267 skeleton_planner.h:170] Found solution in: 8
I20260909 04:38:51.999449   267 skeleton_planner.h:170] Found solution in: 7
I20260909 04:38:51.999476   267 skeleton_planner.h:170] Found solution in: 10
I20260909 04:38:51.999492   267 skeleton_planner.h:170] Found solution in: 4
I20260909 04:38:51.999503   267 skeleton_planner.h:170] Found solution in: 3
I20260909 04:38:51.999514   267 skeleton_planner.h:170] Found solution in: 3
I20260909 04:38:51.999526   267 skeleton_planner.h:170] Found solution in: 3
I20260909 04:38:51.999537   267 skeleton_planner.h:170] Found solution in: 4
I20260909 04:38:51.999558   267 skeleton_planner.h:170] Found solution in: 6
I20260909 04:38:51.999580   267 skeleton_planner.h:170] Found solution in: 6
I20260909 04:38:51.999593   267 skeleton_planner.h:170] Found solution in: 3
I20260909 04:38:51.999599   267 skeleton_planner.h:170] Found solution in: 2
I20260909 04:38:51.999604   267 skeleton_planner.h:170] Found solution in: 1
I20260909 04:38:51.999607   267 skeleton_planner.h:170] Found solution in: 1
I20260909 04:38:51.999616   267 skeleton_planner.h:170] Found solution in: 3
I20260909 04:38:51.999629   267 skeleton_planner.h:170] Found solution in: 3
I20260909 04:38:51.999756   267 skeleton_planner.h:170] Found solution in: 42
I20260909 04:38:51.999818   267 skeleton_planner.h:170] Found solution in: 16
I20260909 04:38:51.999854   267 skeleton_planner.h:170] Found solution in: 12
I20260909 04:38:51.999867   267 skeleton_planner.h:170] Found solution in: 3
I20260909 04:38:51.999888   267 skeleton_planner.h:170] Found solution in: 6
I20260909 04:38:51.999909   267 skeleton_planner.h:170] Found solution in: 7
I20260909 04:38:51.999915   267 skeleton_planner.h:170] Found solution in: 1
I20260909 04:38:51.999929   267 skeleton_planner.h:170] Found solution in: 6
I20260909 04:38:51.999935   267 skeleton_planner.h:170] Found solution in: 1
I20260909 04:38:51.999953   267 skeleton_planner.h:170] Found solution in: 9
I20260909 04:38:51.999959   267 skeleton_planner.h:170] Found solution in: 1
I20260909 04:38:51.999962   267 skeleton_planner.h:170] Found solution in: 1
I20260909 04:38:51.999967   267 skeleton_planner.h:170] Found solution in: 1
I20260909 04:38:51.999970   267 skeleton_planner.h:170] Found solution in: 1
I20260909 04:38:51.999986   267 skeleton_planner.h:170] Found solution in: 5
I20260909 04:38:52.000005   267 skeleton_planner.h:170] Found solution in: 6
I20260909 04:38:52.000017   267 skeleton_planner.h:170] Found solution in: 3
I20260909 04:38:52.000025   267 skeleton_planner.h:170] Found solution in: 2
I20260909 04:38:52.000028   267 skeleton_planner.h:170] Found solution in: 1
I20260909 04:38:52.000031   267 skeleton_planner.h:170] Found solution in: 1
I20260909 04:38:52.000054   267 skeleton_planner.h:170] Found solution in: 6
I20260909 04:38:52.000068   267 skeleton_planner.h:170] Found solution in: 4
I20260909 04:38:52.000087   267 skeleton_planner.h:170] Found solution in: 6
I20260909 04:38:52.000100   267 skeleton_planner.h:170] Found solution in: 4
I20260909 04:38:52.000108   267 skeleton_planner.h:170] Found solution in: 2
I20260909 04:38:52.000118   267 skeleton_planner.h:170] Found solution in: 3
I20260909 04:38:52.000135   267 skeleton_planner.h:170] Found solution in: 5
I20260909 04:38:52.000152   267 skeleton_planner.h:170] Found solution in: 5
I20260909 04:38:52.000167   267 skeleton_planner.h:170] Found solution in: 5
I20260909 04:38:52.000180   267 skeleton_planner.h:170] Found solution in: 4
I20260909 04:38:52.000188   267 skeleton_planner.h:170] Found solution in: 2
I20260909 04:38:52.000202   267 skeleton_planner.h:170] Found solution in: 4
I20260909 04:38:52.000216   267 skeleton_planner.h:170] Found solution in: 5
I20260909 04:38:52.000232   267 skeleton_planner.h:170] Found solution in: 6
I20260909 04:38:52.000247   267 skeleton_planner.h:170] Found solution in: 4
I20260909 04:38:52.000263   267 skeleton_planner.h:170] Found solution in: 5
I20260909 04:38:52.000285   267 skeleton_planner.h:170] Found solution in: 7
I20260909 04:38:52.000324   267 skeleton_planner.h:170] Found solution in: 11
I20260909 04:38:52.000340   267 skeleton_planner.h:170] Found solution in: 5
I20260909 04:38:52.000351   267 skeleton_planner.h:170] Found solution in: 3
I20260909 04:38:52.000355   267 skeleton_planner.h:170] Found solution in: 1
I20260909 04:38:52.000378   267 skeleton_planner.h:170] Found solution in: 7
I20260909 04:38:52.000401   267 skeleton_planner.h:170] Found solution in: 7
I20260909 04:38:52.000422   267 skeleton_planner.h:170] Found solution in: 5
I20260909 04:38:52.000438   267 skeleton_planner.h:170] Found solution in: 5
I20260909 04:38:52.000455   267 skeleton_planner.h:170] Found solution in: 7
I20260909 04:38:52.000468   267 skeleton_planner.h:170] Found solution in: 5
I20260909 04:38:52.000483   267 skeleton_planner.h:170] Found solution in: 7
I20260909 04:38:52.000506   267 skeleton_planner.h:170] Found solution in: 9
I20260909 04:38:52.000532   267 skeleton_planner.h:170] Found solution in: 11
I20260909 04:38:52.000569   267 skeleton_planner.h:170] Found solution in: 13
I20260909 04:38:52.000605   267 skeleton_planner.h:170] Found solution in: 15
I20260909 04:38:52.000660   267 skeleton_planner.h:170] Found solution in: 20
I20260909 04:38:52.000675   267 skeleton_planner.h:170] Found solution in: 3
I20260909 04:38:52.000689   267 skeleton_planner.h:170] Found solution in: 4
I20260909 04:38:52.000705   267 skeleton_planner.h:170] Found solution in: 4
I20260909 04:38:52.000718   267 skeleton_planner.h:170] Found solution in: 4
I20260909 04:38:52.000731   267 skeleton_planner.h:170] Found solution in: 4
I20260909 04:38:52.000765   267 skeleton_planner.h:170] Found solution in: 10
I20260909 04:38:52.000789   267 skeleton_planner.h:170] Found solution in: 6
I20260909 04:38:52.000801   267 skeleton_planner.h:170] Found solution in: 3
I20260909 04:38:52.000823   267 skeleton_planner.h:170] Found solution in: 7
I20260909 04:38:52.000828   267 skeleton_planner.h:170] Found solution in: 1
I20260909 04:38:52.000838   267 skeleton_planner.h:170] Found solution in: 3
I20260909 04:38:52.000845   267 skeleton_planner.h:170] Found solution in: 2
I20260909 04:38:52.000864   267 skeleton_planner.h:170] Found solution in: 5
I20260909 04:38:52.000882   267 skeleton_planner.h:170] Found solution in: 6
I20260909 04:38:52.000896   267 skeleton_planner.h:170] Found solution in: 5
I20260909 04:38:52.000914   267 skeleton_planner.h:170] Found solution in: 5
I20260909 04:38:52.000929   267 skeleton_planner.h:170] Found solution in: 4
I20260909 04:38:52.000945   267 skeleton_planner.h:170] Found solution in: 5
I20260909 04:38:52.000968   267 skeleton_planner.h:170] Found solution in: 7
I20260909 04:38:52.000995   267 skeleton_planner.h:170] Found solution in: 8
I20260909 04:38:52.001016   267 skeleton_planner.h:170] Found solution in: 5
I20260909 04:38:52.001029   267 skeleton_planner.h:170] Found solution in: 3
I20260909 04:38:52.001045   267 skeleton_planner.h:170] Found solution in: 4
I20260909 04:38:52.001066   267 skeleton_planner.h:170] Found solution in: 6
I20260909 04:38:52.001080   267 skeleton_planner.h:170] Found solution in: 4
I20260909 04:38:52.001104   267 skeleton_planner.h:170] Found solution in: 7
I20260909 04:38:52.001130   267 skeleton_planner.h:170] Found solution in: 7
I20260909 04:38:52.001147   267 skeleton_planner.h:170] Found solution in: 5
I20260909 04:38:52.001163   267 skeleton_planner.h:170] Found solution in: 5
I20260909 04:38:52.001175   267 skeleton_planner.h:170] Found solution in: 3
I20260909 04:38:52.001191   267 skeleton_planner.h:170] Found solution in: 4
I20260909 04:38:52.001224   267 skeleton_planner.h:170] Found solution in: 9
I20260909 04:38:52.001238   267 skeleton_planner.h:170] Found solution in: 3
I20260909 04:38:52.001264   267 skeleton_planner.h:170] Found solution in: 7
I20260909 04:38:52.001294   267 skeleton_planner.h:170] Found solution in: 8
I20260909 04:38:52.001312   267 skeleton_planner.h:170] Found solution in: 4
I20260909 04:38:52.001338   267 skeleton_planner.h:170] Found solution in: 9
I20260909 04:38:52.001374   267 skeleton_planner.h:170] Found solution in: 12
I20260909 04:38:52.001397   267 skeleton_planner.h:170] Found solution in: 6
I20260909 04:38:52.001403   267 skeleton_planner.h:170] Found solution in: 1
I20260909 04:38:52.001417   267 skeleton_planner.h:170] Found solution in: 5
I20260909 04:38:52.001427   267 skeleton_planner.h:170] Found solution in: 3
I20260909 04:38:52.001441   267 skeleton_planner.h:170] Found solution in: 7
I20260909 04:38:52.001454   267 skeleton_planner.h:170] Found solution in: 5
I20260909 04:38:52.001492   267 skeleton_planner.h:170] Found solution in: 14
I20260909 04:38:52.001507   267 skeleton_planner.h:170] Found solution in: 6
I20260909 04:38:52.001536   267 skeleton_planner.h:170] Found solution in: 12
I20260909 04:38:52.001572   267 skeleton_planner.h:170] Found solution in: 12
I20260909 04:38:52.001586   267 skeleton_planner.h:170] Found solution in: 3
I20260909 04:38:52.001600   267 skeleton_planner.h:170] Found solution in: 4
I20260909 04:38:52.001619   267 skeleton_planner.h:170] Found solution in: 5
I20260909 04:38:52.001637   267 skeleton_planner.h:170] Found solution in: 6
I20260909 04:38:52.001655   267 skeleton_planner.h:170] Found solution in: 6
I20260909 04:38:52.001674   267 skeleton_planner.h:170] Found solution in: 6
I20260909 04:38:52.001713   267 skeleton_planner.h:170] Found solution in: 14
I20260909 04:38:52.001729   267 skeleton_planner.h:170] Found solution in: 3
I20260909 04:38:52.001742   267 skeleton_planner.h:170] Found solution in: 3
I20260909 04:38:52.001751   267 skeleton_planner.h:170] Found solution in: 2
I20260909 04:38:52.001757   267 skeleton_planner.h:170] Found solution in: 1
I20260909 04:38:52.001793   267 skeleton_planner.h:170] Found solution in: 9
I20260909 04:38:52.001822   267 skeleton_planner.h:170] Found solution in: 8
I20260909 04:38:52.001842   267 skeleton_planner.h:170] Found solution in: 6
I20260909 04:38:52.001853   267 skeleton_planner.h:170] Found solution in: 3
I20260909 04:38:52.001866   267 skeleton_planner.h:170] Found solution in: 5
I20260909 04:38:52.001879   267 skeleton_planner.h:170] Found solution in: 5
I20260909 04:38:52.001886   267 skeleton_planner.h:170] Found solution in: 1
I20260909 04:38:52.001889   267 skeleton_planner.h:170] Found solution in: 1
I20260909 04:38:52.001924   267 skeleton_planner.h:170] Found solution in: 15
I20260909 04:38:52.001948   267 skeleton_planner.h:170] Found solution in: 7
I20260909 04:38:52.001972   267 skeleton_planner.h:170] Found solution in: 10
I20260909 04:38:52.001995   267 skeleton_planner.h:170] Found solution in: 8
I20260909 04:38:52.002002   267 skeleton_planner.h:170] Found solution in: 1
I20260909 04:38:52.002050   267 skeleton_planner.h:170] Found solution in: 17
I20260909 04:38:52.002066   267 skeleton_planner.h:170] Found solution in: 3
I20260909 04:38:52.002089   267 skeleton_planner.h:170] Found solution in: 5
I20260909 04:38:52.002115   267 skeleton_planner.h:170] Found solution in: 7
I20260909 04:38:52.002162   267 skeleton_planner.h:170] Found solution in: 10
I20260909 04:38:52.002178   267 skeleton_planner.h:170] Found solution in: 4
I20260909 04:38:52.002202   267 skeleton_planner.h:170] Found solution in: 6
I20260909 04:38:52.002223   267 skeleton_planner.h:170] Found solution in: 6
I20260909 04:38:52.002238   267 skeleton_planner.h:170] Found solution in: 4
I20260909 04:38:52.002250   267 skeleton_planner.h:170] Found solution in: 3
I20260909 04:38:52.002274   267 skeleton_planner.h:170] Found solution in: 8
I20260909 04:38:52.002305   267 skeleton_planner.h:170] Found solution in: 8
I20260909 04:38:52.002331   267 skeleton_planner.h:170] Found solution in: 5
I20260909 04:38:52.002352   267 skeleton_planner.h:170] Found solution in: 7
I20260909 04:38:52.002373   267 skeleton_planner.h:170] Found solution in: 5
I20260909 04:38:52.002386   267 skeleton_planner.h:170] Found solution in: 3
I20260909 04:38:52.002398   267 skeleton_planner.h:170] Found solution in: 3
I20260909 04:38:52.002408   267 skeleton_planner.h:170] Found solution in: 2
I20260909 04:38:52.002426   267 skeleton_planner.h:170] Found solution in: 5
I20260909 04:38:52.002440   267 skeleton_planner.h:170] Found solution in: 4
I20260909 04:38:52.002463   267 skeleton_planner.h:170] Found solution in: 6
I20260909 04:38:52.002476   267 skeleton_planner.h:170] Found solution in: 3
I20260909 04:38:52.002512   267 skeleton_planner.h:170] Found solution in: 13
I20260909 04:38:52.002529   267 skeleton_planner.h:170] Found solution in: 4
I20260909 04:38:52.002549   267 skeleton_planner.h:170] Found solution in: 5
I20260909 04:38:52.002573   267 skeleton_planner.h:170] Found solution in: 7
I20260909 04:38:52.002596   267 skeleton_planner.h:170] Found solution in: 8
I20260909 04:38:52.002612   267 skeleton_planner.h:170] Found solution in: 4
I20260909 04:38:52.002617   267 skeleton_planner.h:170] Found solution in: 1
I20260909 04:38:52.002763   267 skeleton_planner.h:170] Found solution in: 37
I20260909 04:38:52.002805   267 skeleton_planner.h:170] Found solution in: 5
I20260909 04:38:52.002811   267 skeleton_planner.h:170] Found solution in: 1
I20260909 04:38:52.002818   267 skeleton_planner.h:170] Found solution in: 2
I20260909 04:38:52.002835   267 skeleton_planner.h:170] Found solution in: 6
I20260909 04:38:52.002899   267 skeleton_planner.h:170] Found solution in: 26
I20260909 04:38:52.002931   267 skeleton_planner.h:170] Found solution in: 6
I20260909 04:38:52.002952   267 skeleton_planner.h:170] Found solution in: 5
I20260909 04:38:52.002964   267 skeleton_planner.h:170] Found solution in: 4
I20260909 04:38:52.002976   267 skeleton_planner.h:170] Found solution in: 3
I20260909 04:38:52.002988   267 skeleton_planner.h:170] Found solution in: 4
I20260909 04:38:52.003005   267 skeleton_planner.h:170] Found solution in: 6
I20260909 04:38:52.003022   267 skeleton_planner.h:170] Found solution in: 6
I20260909 04:38:52.003041   267 skeleton_planner.h:170] Found solution in: 5
I20260909 04:38:52.003057   267 skeleton_planner.h:170] Found solution in: 6
I20260909 04:38:52.003062   267 skeleton_planner.h:170] Found solution in: 1
I20260909 04:38:52.003082   267 skeleton_planner.h:170] Found solution in: 6
I20260909 04:38:52.003116   267 skeleton_planner.h:170] Found solution in: 11
I20260909 04:38:52.003130   267 skeleton_planner.h:170] Found solution in: 3
I20260909 04:38:52.003149   267 skeleton_planner.h:170] Found solution in: 6
I20260909 04:38:52.003165   267 skeleton_planner.h:170] Found solution in: 5
I20260909 04:38:52.003188   267 skeleton_planner.h:170] Found solution in: 6
I20260909 04:38:52.003201   267 skeleton_planner.h:170] Found solution in: 3
I20260909 04:38:52.003213   267 skeleton_planner.h:170] Found solution in: 4
I20260909 04:38:52.003229   267 skeleton_planner.h:170] Found solution in: 4
I20260909 04:38:52.003240   267 skeleton_planner.h:170] Found solution in: 3
I20260909 04:38:52.003264   267 skeleton_planner.h:170] Found solution in: 9
I20260909 04:38:52.003320   267 skeleton_planner.h:170] Found solution in: 16
I20260909 04:38:52.003340   267 skeleton_planner.h:170] Found solution in: 7
I20260909 04:38:52.003362   267 skeleton_planner.h:170] Found solution in: 5
I20260909 04:38:52.003381   267 skeleton_planner.h:170] Found solution in: 6
I20260909 04:38:52.003396   267 skeleton_planner.h:170] Found solution in: 5
I20260909 04:38:52.003419   267 skeleton_planner.h:170] Found solution in: 9
I20260909 04:38:52.003432   267 skeleton_planner.h:170] Found solution in: 3
I20260909 04:38:52.003448   267 skeleton_planner.h:170] Found solution in: 4
I20260909 04:38:52.003461   267 skeleton_planner.h:170] Found solution in: 3
I20260909 04:38:52.003474   267 skeleton_planner.h:170] Found solution in: 4
I20260909 04:38:52.003485   267 skeleton_planner.h:170] Found solution in: 3
I20260909 04:38:52.003502   267 skeleton_planner.h:170] Found solution in: 6
I20260909 04:38:52.003521   267 skeleton_planner.h:170] Found solution in: 6
I20260909 04:38:52.003545   267 skeleton_planner.h:170] Found solution in: 7
I20260909 04:38:52.003602   267 skeleton_planner.h:170] Found solution in: 21
I20260909 04:38:52.003631   267 skeleton_planner.h:170] Found solution in: 8
I20260909 04:38:52.003777   267 skeleton_planner.h:170] Found solution in: 36
I20260909 04:38:52.003818   267 skeleton_planner.h:170] Found solution in: 5
I20260909 04:38:52.003839   267 skeleton_planner.h:170] Found solution in: 7
I20260909 04:38:52.003852   267 skeleton_planner.h:170] Found solution in: 4
I20260909 04:38:52.003863   267 skeleton_planner.h:170] Found solution in: 3
I20260909 04:38:52.003885   267 skeleton_planner.h:170] Found solution in: 6
I20260909 04:38:52.003898   267 skeleton_planner.h:170] Found solution in: 5
I20260909 04:38:52.003916   267 skeleton_planner.h:170] Found solution in: 5
I20260909 04:38:52.003942   267 skeleton_planner.h:170] Found solution in: 9
I20260909 04:38:52.003973   267 skeleton_planner.h:170] Found solution in: 11
I20260909 04:38:52.004000   267 skeleton_planner.h:170] Found solution in: 9
I20260909 04:38:52.004025   267 skeleton_planner.h:170] Found solution in: 10
I20260909 04:38:52.004043   267 skeleton_planner.h:170] Found solution in: 6
I20260909 04:38:52.004062   267 skeleton_planner.h:170] Found solution in: 7
I20260909 04:38:52.004073   267 skeleton_planner.h:170] Found solution in: 3
I20260909 04:38:52.004092   267 skeleton_planner.h:170] Found solution in: 6
I20260909 04:38:52.004105   267 skeleton_planner.h:170] Found solution in: 3
I20260909 04:38:52.004114   267 skeleton_planner.h:170] Found solution in: 3
I20260909 04:38:52.004118   267 skeleton_planner.h:170] Found solution in: 1
I20260909 04:38:52.004122   267 skeleton_planner.h:170] Found solution in: 1
I20260909 04:38:52.004129   267 skeleton_planner.h:170] Found solution in: 3
I20260909 04:38:52.004148   267 skeleton_planner.h:170] Found solution in: 6
I20260909 04:38:52.004169   267 skeleton_planner.h:170] Found solution in: 8
I20260909 04:38:52.004175   267 skeleton_planner.h:170] Found solution in: 1
I20260909 04:38:52.004179   267 skeleton_planner.h:170] Found solution in: 1
I20260909 04:38:52.004181   267 skeleton_planner.h:170] Found solution in: 1
I20260909 04:38:52.004204   267 skeleton_planner.h:170] Found solution in: 8
I20260909 04:38:52.004220   267 skeleton_planner.h:170] Found solution in: 5
I20260909 04:38:52.004242   267 skeleton_planner.h:170] Found solution in: 6
I20260909 04:38:52.004263   267 skeleton_planner.h:170] Found solution in: 6
I20260909 04:38:52.004324   267 skeleton_planner.h:170] Found solution in: 20
I20260909 04:38:52.004356   267 skeleton_planner.h:170] Found solution in: 7
I20260909 04:38:52.004375   267 skeleton_planner.h:170] Found solution in: 5
I20260909 04:38:52.004398   267 skeleton_planner.h:170] Found solution in: 7
I20260909 04:38:52.004419   267 skeleton_planner.h:170] Found solution in: 7
I20260909 04:38:52.004444   267 skeleton_planner.h:170] Found solution in: 8
I20260909 04:38:52.004456   267 skeleton_planner.h:170] Found solution in: 3
I20260909 04:38:52.004467   267 skeleton_planner.h:170] Found solution in: 3
I20260909 04:38:52.004487   267 skeleton_planner.h:170] Found solution in: 4
I20260909 04:38:52.004501   267 skeleton_planner.h:170] Found solution in: 4
I20260909 04:38:52.004506   267 skeleton_planner.h:170] Found solution in: 1
I20260909 04:38:52.004534   267 skeleton_planner.h:170] Found solution in: 9
I20260909 04:38:52.004547   267 skeleton_planner.h:170] Found solution in: 4
I20260909 04:38:52.004575   267 skeleton_planner.h:170] Found solution in: 9
I20260909 04:38:52.004597   267 skeleton_planner.h:170] Found solution in: 6
I20260909 04:38:52.004786   267 skeleton_planner.h:170] Found solution in: 51
I20260909 04:38:52.004835   267 skeleton_planner.h:170] Found solution in: 8
I20260909 04:38:52.004890   267 skeleton_planner.h:170] Found solution in: 19
I20260909 04:38:52.004904   267 skeleton_planner.h:170] Found solution in: 2
I20260909 04:38:52.004931   267 skeleton_planner.h:170] Found solution in: 7
I20260909 04:38:52.004951   267 skeleton_planner.h:170] Found solution in: 6
I20260909 04:38:52.004968   267 skeleton_planner.h:170] Found solution in: 4
I20260909 04:38:52.004989   267 skeleton_planner.h:170] Found solution in: 7
I20260909 04:38:52.005007   267 skeleton_planner.h:170] Found solution in: 5
I20260909 04:38:52.005059   267 skeleton_planner.h:170] Found solution in: 17
I20260909 04:38:52.005081   267 skeleton_planner.h:170] Found solution in: 4
I20260909 04:38:52.005098   267 skeleton_planner.h:170] Found solution in: 5
I20260909 04:38:52.005127   267 skeleton_planner.h:170] Found solution in: 11
I20260909 04:38:52.005139   267 skeleton_planner.h:170] Found solution in: 3
I20260909 04:38:52.005152   267 skeleton_planner.h:170] Found solution in: 4
I20260909 04:38:52.005163   267 skeleton_planner.h:170] Found solution in: 3
I20260909 04:38:52.005174   267 skeleton_planner.h:170] Found solution in: 3
I20260909 04:38:52.005193   267 skeleton_planner.h:170] Found solution in: 5
I20260909 04:38:52.005209   267 skeleton_planner.h:170] Found solution in: 5
I20260909 04:38:52.005230   267 skeleton_planner.h:170] Found solution in: 6
I20260909 04:38:52.005244   267 skeleton_planner.h:170] Found solution in: 3
I20260909 04:38:52.005261   267 skeleton_planner.h:170] Found solution in: 5
I20260909 04:38:52.005280   267 skeleton_planner.h:170] Found solution in: 6
I20260909 04:38:52.005295   267 skeleton_planner.h:170] Found solution in: 5
I20260909 04:38:52.005308   267 skeleton_planner.h:170] Found solution in: 3
I20260909 04:38:52.005326   267 skeleton_planner.h:170] Found solution in: 6
I20260909 04:38:52.005347   267 skeleton_planner.h:170] Found solution in: 6
I20260909 04:38:52.005358   267 skeleton_planner.h:170] Found solution in: 3
I20260909 04:38:52.005369   267 skeleton_planner.h:170] Found solution in: 3
I20260909 04:38:52.005379   267 skeleton_planner.h:170] Found solution in: 3
I20260909 04:38:52.005401   267 skeleton_planner.h:170] Found solution in: 7
I20260909 04:38:52.005412   267 skeleton_planner.h:170] Found solution in: 2
I20260909 04:38:52.005429   267 skeleton_planner.h:170] Found solution in: 4
I20260909 04:38:52.005452   267 skeleton_planner.h:170] Found solution in: 7
I20260909 04:38:52.005475   267 skeleton_planner.h:170] Found solution in: 7
I20260909 04:38:52.005488   267 skeleton_planner.h:170] Found solution in: 3
I20260909 04:38:52.005509   267 skeleton_planner.h:170] Found solution in: 5
I20260909 04:38:52.005524   267 skeleton_planner.h:170] Found solution in: 4
I20260909 04:38:52.005541   267 skeleton_planner.h:170] Found solution in: 5
I20260909 04:38:52.005561   267 skeleton_planner.h:170] Found solution in: 6
I20260909 04:38:52.005574   267 skeleton_planner.h:170] Found solution in: 4
I20260909 04:38:52.005582   267 skeleton_planner.h:170] Found solution in: 2
I20260909 04:38:52.005587   267 skeleton_planner.h:170] Found solution in: 1
I20260909 04:38:52.005596   267 skeleton_planner.h:170] Found solution in: 3
I20260909 04:38:52.005601   267 skeleton_planner.h:170] Found solution in: 1
I20260909 04:38:52.005604   267 skeleton_planner.h:170] Found solution in: 1
I20260909 04:38:52.005614   267 skeleton_planner.h:170] Found solution in: 3
I20260909 04:38:52.005669   267 skeleton_planner.h:170] Found solution in: 16
I20260909 04:38:52.005722   267 skeleton_planner.h:170] Found solution in: 12
I20260909 04:38:52.005753   267 skeleton_planner.h:170] Found solution in: 7
I20260909 04:38:52.005774   267 skeleton_planner.h:170] Found solution in: 6
I20260909 04:38:52.005800   267 skeleton_planner.h:170] Found solution in: 8
I20260909 04:38:52.005806   267 skeleton_planner.h:170] Found solution in: 1
I20260909 04:38:52.005836   267 skeleton_planner.h:170] Found solution in: 9
I20260909 04:38:52.005882   267 skeleton_planner.h:170] Found solution in: 12
I20260909 04:38:52.005930   267 skeleton_planner.h:170] Found solution in: 13
I20260909 04:38:52.005945   267 skeleton_planner.h:170] Found solution in: 3
I20260909 04:38:52.005999   267 skeleton_planner.h:170] Found solution in: 15
I20260909 04:38:52.006019   267 skeleton_planner.h:170] Found solution in: 5
I20260909 04:38:52.006088   267 skeleton_planner.h:170] Found solution in: 18
I20260909 04:38:52.006124   267 skeleton_planner.h:170] Found solution in: 6
I20260909 04:38:52.006224   267 skeleton_planner.h:170] Found solution in: 27
I20260909 04:38:52.006265   267 skeleton_planner.h:170] Found solution in: 7
I20260909 04:38:52.006271   267 skeleton_planner.h:170] Found solution in: 1
I20260909 04:38:52.006285   267 skeleton_planner.h:170] Found solution in: 4
I20260909 04:38:52.006309   267 skeleton_planner.h:170] Found solution in: 7
I20260909 04:38:52.006321   267 skeleton_planner.h:170] Found solution in: 3
I20260909 04:38:52.006343   267 skeleton_planner.h:170] Found solution in: 7
I20260909 04:38:52.006376   267 skeleton_planner.h:170] Found solution in: 10
I20260909 04:38:52.006383   267 skeleton_planner.h:170] Found solution in: 1
I20260909 04:38:52.006386   267 skeleton_planner.h:170] Found solution in: 1
I20260909 04:38:52.006400   267 skeleton_planner.h:170] Found solution in: 6
I20260909 04:38:52.006424   267 skeleton_planner.h:170] Found solution in: 8
I20260909 04:38:52.006441   267 skeleton_planner.h:170] Found solution in: 7
I20260909 04:38:52.006464   267 skeleton_planner.h:170] Found solution in: 8
I20260909 04:38:52.006489   267 skeleton_planner.h:170] Found solution in: 10
I20260909 04:38:52.006521   267 skeleton_planner.h:170] Found solution in: 12
I20260909 04:38:52.006558   267 skeleton_planner.h:170] Found solution in: 12
I20260909 04:38:52.006594   267 skeleton_planner.h:170] Found solution in: 13
I20260909 04:38:52.006604   267 skeleton_planner.h:170] Found solution in: 3
I20260909 04:38:52.006614   267 skeleton_planner.h:170] Found solution in: 3
I20260909 04:38:52.006629   267 skeleton_planner.h:170] Found solution in: 4
I20260909 04:38:52.006639   267 skeleton_planner.h:170] Found solution in: 3
I20260909 04:38:52.006668   267 skeleton_planner.h:170] Found solution in: 10
I20260909 04:38:52.006683   267 skeleton_planner.h:170] Found solution in: 4
I20260909 04:38:52.006696   267 skeleton_planner.h:170] Found solution in: 4
I20260909 04:38:52.006704   267 skeleton_planner.h:170] Found solution in: 2
I20260909 04:38:52.006731   267 skeleton_planner.h:170] Found solution in: 10
I20260909 04:38:52.006742   267 skeleton_planner.h:170] Found solution in: 3
I20260909 04:38:52.006753   267 skeleton_planner.h:170] Found solution in: 3
I20260909 04:38:52.006757   267 skeleton_planner.h:170] Found solution in: 1
I20260909 04:38:52.006760   267 skeleton_planner.h:170] Found solution in: 1
I20260909 04:38:52.006773   267 skeleton_planner.h:170] Found solution in: 4
I20260909 04:38:52.006800   267 skeleton_planner.h:170] Found solution in: 8
I20260909 04:38:52.006814   267 skeleton_planner.h:170] Found solution in: 3
I20260909 04:38:52.006824   267 skeleton_planner.h:170] Found solution in: 3
I20260909 04:38:52.006834   267 skeleton_planner.h:170] Found solution in: 3
I20260909 04:38:52.006848   267 skeleton_planner.h:170] Found solution in: 5
I20260909 04:38:52.006939   267 skeleton_planner.h:170] Found solution in: 29
I20260909 04:38:52.006986   267 skeleton_planner.h:170] Found solution in: 13
I20260909 04:38:52.007058   267 skeleton_planner.h:170] Found solution in: 24
I20260909 04:38:52.007068   267 skeleton_planner.h:170] Found solution in: 1
I20260909 04:38:52.007071   267 skeleton_planner.h:170] Found solution in: 1
I20260909 04:38:52.007074   267 skeleton_planner.h:170] Found solution in: 1
I20260909 04:38:52.007098   267 skeleton_planner.h:170] Found solution in: 5
I20260909 04:38:52.007138   267 skeleton_planner.h:170] Found solution in: 14
I20260909 04:38:52.007164   267 skeleton_planner.h:170] Found solution in: 6
I20260909 04:38:52.007169   267 skeleton_planner.h:170] Found solution in: 1
I20260909 04:38:52.007174   267 skeleton_planner.h:170] Found solution in: 1
I20260909 04:38:52.007190   267 skeleton_planner.h:170] Found solution in: 5
I20260909 04:38:52.007205   267 skeleton_planner.h:170] Found solution in: 3
I20260909 04:38:52.007217   267 skeleton_planner.h:170] Found solution in: 3
I20260909 04:38:52.007234   267 skeleton_planner.h:170] Found solution in: 6
I20260909 04:38:52.007248   267 skeleton_planner.h:170] Found solution in: 5
I20260909 04:38:52.007261   267 skeleton_planner.h:170] Found solution in: 4
I20260909 04:38:52.007282   267 skeleton_planner.h:170] Found solution in: 8
I20260909 04:38:52.007293   267 skeleton_planner.h:170] Found solution in: 3
I20260909 04:38:52.007318   267 skeleton_planner.h:170] Found solution in: 7
I20260909 04:38:52.007331   267 skeleton_planner.h:170] Found solution in: 4
I20260909 04:38:52.007339   267 skeleton_planner.h:170] Found solution in: 2
I20260909 04:38:52.007344   267 skeleton_planner.h:170] Found solution in: 1
I20260909 04:38:52.007345   267 skeleton_planner.h:170] Found solution in: 1
I20260909 04:38:52.007364   267 skeleton_planner.h:170] Found solution in: 5
I20260909 04:38:52.007368   267 skeleton_planner.h:170] Found solution in: 1
I20260909 04:38:52.007385   267 skeleton_planner.h:170] Found solution in: 5
I20260909 04:38:52.007390   267 skeleton_planner.h:170] Found solution in: 1
I20260909 04:38:52.007408   267 skeleton_planner.h:170] Found solution in: 7
I20260909 04:38:52.007416   267 skeleton_planner.h:170] Found solution in: 2
I20260909 04:38:52.007436   267 skeleton_planner.h:170] Found solution in: 8
I20260909 04:38:52.007463   267 skeleton_planner.h:170] Found solution in: 10
I20260909 04:38:52.007488   267 skeleton_planner.h:170] Found solution in: 8
I20260909 04:38:52.007493   267 skeleton_planner.h:170] Found solution in: 1
I20260909 04:38:52.007501   267 skeleton_planner.h:170] Found solution in: 3
I20260909 04:38:52.007519   267 skeleton_planner.h:170] Found solution in: 5
I20260909 04:38:52.007529   267 skeleton_planner.h:170] Found solution in: 3
I20260909 04:38:52.007548   267 skeleton_planner.h:170] Found solution in: 6
I20260909 04:38:52.007560   267 skeleton_planner.h:170] Found solution in: 3
I20260909 04:38:52.007580   267 skeleton_planner.h:170] Found solution in: 7
I20260909 04:38:52.007599   267 skeleton_planner.h:170] Found solution in: 6
I20260909 04:38:52.007611   267 skeleton_planner.h:170] Found solution in: 3
I20260909 04:38:52.007623   267 skeleton_planner.h:170] Found solution in: 3
I20260909 04:38:52.007643   267 skeleton_planner.h:170] Found solution in: 6
I20260909 04:38:52.007658   267 skeleton_planner.h:170] Found solution in: 4
I20260909 04:38:52.007669   267 skeleton_planner.h:170] Found solution in: 3
I20260909 04:38:52.007686   267 skeleton_planner.h:170] Found solution in: 5
I20260909 04:38:52.007719   267 skeleton_planner.h:170] Found solution in: 10
I20260909 04:38:52.007748   267 skeleton_planner.h:170] Found solution in: 7
I20260909 04:38:52.007804   267 skeleton_planner.h:170] Found solution in: 16
I20260909 04:38:52.007840   267 skeleton_planner.h:170] Found solution in: 9
I20260909 04:38:52.007866   267 skeleton_planner.h:170] Found solution in: 7
I20260909 04:38:52.007891   267 skeleton_planner.h:170] Found solution in: 9
I20260909 04:38:52.007910   267 skeleton_planner.h:170] Found solution in: 5
I20260909 04:38:52.007927   267 skeleton_planner.h:170] Found solution in: 5
I20260909 04:38:52.007944   267 skeleton_planner.h:170] Found solution in: 5
I20260909 04:38:52.007954   267 skeleton_planner.h:170] Found solution in: 3
I20260909 04:38:52.007959   267 skeleton_planner.h:170] Found solution in: 1
I20260909 04:38:52.007977   267 skeleton_planner.h:170] Found solution in: 5
I20260909 04:38:52.008009   267 skeleton_planner.h:170] Found solution in: 14
I20260909 04:38:52.008036   267 skeleton_planner.h:170] Found solution in: 10
I20260909 04:38:52.008054   267 skeleton_planner.h:170] Found solution in: 6
I20260909 04:38:52.008065   267 skeleton_planner.h:170] Found solution in: 3
I20260909 04:38:52.008082   267 skeleton_planner.h:170] Found solution in: 6
I20260909 04:38:52.008096   267 skeleton_planner.h:170] Found solution in: 5
I20260909 04:38:52.008101   267 skeleton_planner.h:170] Found solution in: 1
I20260909 04:38:52.008122   267 skeleton_planner.h:170] Found solution in: 8
I20260909 04:38:52.008134   267 skeleton_planner.h:170] Found solution in: 3
I20260909 04:38:52.008142   267 skeleton_planner.h:170] Found solution in: 2
I20260909 04:38:52.008160   267 skeleton_planner.h:170] Found solution in: 5
I20260909 04:38:52.008172   267 skeleton_planner.h:170] Found solution in: 3
I20260909 04:38:52.008189   267 skeleton_planner.h:170] Found solution in: 6
I20260909 04:38:52.008205   267 skeleton_planner.h:170] Found solution in: 5
I20260909 04:38:52.008217   267 skeleton_planner.h:170] Found solution in: 4
I20260909 04:38:52.008229   267 skeleton_planner.h:170] Found solution in: 4
I20260909 04:38:52.008232   267 skeleton_planner.h:170] Found solution in: 1
I20260909 04:38:52.008234   267 skeleton_planner.h:170] Found solution in: 1
I20260909 04:38:52.008244   267 skeleton_planner.h:170] Found solution in: 4
I20260909 04:38:52.008289   267 skeleton_planner.h:170] Found solution in: 17
I20260909 04:38:52.008390   267 skeleton_planner.h:170] Found solution in: 32
I20260909 04:38:52.008407   267 skeleton_planner.h:170] Found solution in: 4
I20260909 04:38:52.008441   267 skeleton_planner.h:170] Found solution in: 12
I20260909 04:38:52.008459   267 skeleton_planner.h:170] Found solution in: 4
I20260909 04:38:52.008476   267 skeleton_planner.h:170] Found solution in: 4
I20260909 04:38:52.008486   267 skeleton_planner.h:170] Found solution in: 3
I20260909 04:38:52.008500   267 skeleton_planner.h:170] Found solution in: 4
I20260909 04:38:52.008517   267 skeleton_planner.h:170] Found solution in: 5
I20260909 04:38:52.008534   267 skeleton_planner.h:170] Found solution in: 6
I20260909 04:38:52.008545   267 skeleton_planner.h:170] Found solution in: 3
I20260909 04:38:52.008569   267 skeleton_planner.h:170] Found solution in: 9
I20260909 04:38:52.008594   267 skeleton_planner.h:170] Found solution in: 8
I20260909 04:38:52.008605   267 skeleton_planner.h:170] Found solution in: 3
I20260909 04:38:52.008625   267 skeleton_planner.h:170] Found solution in: 6
I20260909 04:38:52.008636   267 skeleton_planner.h:170] Found solution in: 3
I20260909 04:38:52.008657   267 skeleton_planner.h:170] Found solution in: 6
I20260909 04:38:52.008662   267 skeleton_planner.h:170] Found solution in: 1
I20260909 04:38:52.008821   267 skeleton_planner.h:170] Found solution in: 44
I20260909 04:38:52.008865   267 skeleton_planner.h:170] Found solution in: 6
I20260909 04:38:52.008885   267 skeleton_planner.h:170] Found solution in: 6
I20260909 04:38:52.008906   267 skeleton_planner.h:170] Found solution in: 6
I20260909 04:38:52.008922   267 skeleton_planner.h:170] Found solution in: 5
I20260909 04:38:52.008935   267 skeleton_planner.h:170] Found solution in: 4
I20260909 04:38:52.008948   267 skeleton_planner.h:170] Found solution in: 4
I20260909 04:38:52.008960   267 skeleton_planner.h:170] Found solution in: 4
I20260909 04:38:52.008975   267 skeleton_planner.h:170] Found solution in: 5
I20260909 04:38:52.008996   267 skeleton_planner.h:170] Found solution in: 6
I20260909 04:38:52.009020   267 skeleton_planner.h:170] Found solution in: 9
I20260909 04:38:52.009043   267 skeleton_planner.h:170] Found solution in: 7
I20260909 04:38:52.009061   267 skeleton_planner.h:170] Found solution in: 5
I20260909 04:38:52.009109   267 skeleton_planner.h:170] Found solution in: 16
I20260909 04:38:52.009146   267 skeleton_planner.h:170] Found solution in: 8
I20260909 04:38:52.009176   267 skeleton_planner.h:170] Found solution in: 8
I20260909 04:38:52.009204   267 skeleton_planner.h:170] Found solution in: 9
I20260909 04:38:52.009228   267 skeleton_planner.h:170] Found solution in: 7
I20260909 04:38:52.009253   267 skeleton_planner.h:170] Found solution in: 7
I20260909 04:38:52.009302   267 skeleton_planner.h:170] Found solution in: 14
I20260909 04:38:52.009352   267 skeleton_planner.h:170] Found solution in: 12
I20260909 04:38:52.009382   267 skeleton_planner.h:170] Found solution in: 6
I20260909 04:38:52.009395   267 skeleton_planner.h:170] Found solution in: 3
I20260909 04:38:52.009409   267 skeleton_planner.h:170] Found solution in: 5
I20260909 04:38:52.009423   267 skeleton_planner.h:170] Found solution in: 4
I20260909 04:38:52.009449   267 skeleton_planner.h:170] Found solution in: 8
I20260909 04:38:52.009477   267 skeleton_planner.h:170] Found solution in: 8
I20260909 04:38:52.009505   267 skeleton_planner.h:170] Found solution in: 9
I20260909 04:38:52.009527   267 skeleton_planner.h:170] Found solution in: 6
I20260909 04:38:52.009533   267 skeleton_generator.cpp:1655] [Simplify Vertices] Vertex removals: 939 / 949, Edges added: 312
I20260909 04:38:52.010221   267 skeleton_generator.cpp:1697] [Subgraph] Number of disconnected subgraphs: 31
I20260909 04:38:52.015475   267 skeleton_planner.h:170] Found solution in: 6
I20260909 04:38:52.015512   267 skeleton_planner.h:170] Found solution in: 9
I20260909 04:38:52.016394   267 skeleton_planner.h:170] Found solution in: 9
I20260909 04:38:52.018013   267 skeleton_planner.h:170] Found solution in: 7
I20260909 04:38:52.019099   267 skeleton_planner.h:170] Found solution in: 10
I20260909 04:38:52.019456   267 skeleton_planner.h:170] Found solution in: 16
I20260909 04:38:52.021910   267 skeleton_planner.h:170] Found solution in: 35
I20260909 04:38:52.030295   267 skeleton_planner.h:170] Found solution in: 34
I20260909 04:38:52.032588   267 skeleton_planner.h:170] Found solution in: 41
I20260909 04:38:52.035072   267 skeleton_planner.h:170] Found solution in: 3
I20260909 04:38:52.035338   267 skeleton_planner.h:170] Found solution in: 55
I20260909 04:38:52.035720   267 skeleton_planner.h:170] Found solution in: 5
I20260909 04:38:52.038910   267 skeleton_planner.h:170] Found solution in: 10
I20260909 04:38:52.041682   267 skeleton_planner.h:170] Found solution in: 15
I20260909 04:38:52.042187   267 skeleton_generator.cpp:1756] [Subgraph] Potential edge candidates: 122 diagram candidates: 14
I20260909 04:38:52.042268   267 skeleton_generator.cpp:1771] [Subgraph] Final number of disconnected subgraphs: 18
I20260909 04:38:52.042274   267 skeleton_generator.cpp:633] [Sparse Graph] Vertices: 1811 Edges: 3044
