I20260909 04:43:37.185639  1071 skeleton_planner.h:31] Setting ESDF layer.
I20260909 04:43:37.279805  1071 skeleton_generator.cpp:226] [GVD] Finished finding GVD candidates. Number of skeleton points: 65842 edges: 7844
I20260909 04:43:37.304380  1071 skeleton_generator.cpp:1093] [Prune] Number of vertices before prune: 3441 Number of deleted vertices: 949
I20260909 04:43:37.314465  1071 skeleton_planner.h:170] Found solution in: 1
I20260909 04:43:37.314476  1071 skeleton_planner.h:170] Found solution in: 4
I20260909 04:43:37.314482  1071 skeleton_planner.h:170] Found solution in: 4
I20260909 04:43:37.314487  1071 skeleton_planner.h:170] Found solution in: 1
I20260909 04:43:37.314491  1071 skeleton_planner.h:170] Found solution in: 3
I20260909 04:43:37.314507  1071 skeleton_planner.h:170] Found solution in: 3
I20260909 04:43:37.314518  1071 skeleton_planner.h:170] Found solution in: 1
I20260909 04:43:37.314523  1071 skeleton_planner.h:170] Found solution in: 3
I20260909 04:43:37.314536  1071 skeleton_planner.h:170] Found solution in: 3
I20260909 04:43:37.314544  1071 skeleton_planner.h:170] Found solution in: 1
I20260909 04:43:37.314555  1071 skeleton_planner.h:170] Found solution in: 10
I20260909 04:43:37.314568  1071 skeleton_planner.h:170] Found solution in: 14
I20260909 04:43:37.314579  1071 skeleton_planner.h:170] Found solution in: 1
I20260909 04:43:37.314582  1071 skeleton_planner.h:170] Found solution in: 2
I20260909 04:43:37.314595  1071 skeleton_planner.h:170] Found solution in: 4
I20260909 04:43:37.314603  1071 skeleton_planner.h:170] Found solution in: 1
I20260909 04:43:37.314607  1071 skeleton_planner.h:170] Found solution in: 2
I20260909 04:43:37.314623  1071 skeleton_planner.h:170] Found solution in: 4
I20260909 04:43:37.314633  1071 skeleton_planner.h:170] Found solution in: 1
I20260909 04:43:37.314675  1071 skeleton_planner.h:170] Found solution in: 13
I20260909 04:43:37.314685  1071 skeleton_planner.h:170] Found solution in: 1
I20260909 04:43:37.314689  1071 skeleton_planner.h:170] Found solution in: 2
I20260909 04:43:37.314710  1071 skeleton_planner.h:170] Found solution in: 7
I20260909 04:43:37.314718  1071 skeleton_planner.h:170] Found solution in: 1
I20260909 04:43:37.314724  1071 skeleton_planner.h:170] Found solution in: 5
I20260909 04:43:37.314733  1071 skeleton_planner.h:170] Found solution in: 9
I20260909 04:43:37.314745  1071 skeleton_planner.h:170] Found solution in: 13
I20260909 04:43:37.314754  1071 skeleton_planner.h:170] Found solution in: 1
I20260909 04:43:37.314782  1071 skeleton_planner.h:170] Found solution in: 32
I20260909 04:43:37.314793  1071 skeleton_planner.h:170] Found solution in: 1
I20260909 04:43:37.314800  1071 skeleton_planner.h:170] Found solution in: 1
I20260909 04:43:37.314810  1071 skeleton_planner.h:170] Found solution in: 1
I20260909 04:43:37.314816  1071 skeleton_planner.h:170] Found solution in: 7
I20260909 04:43:37.314841  1071 skeleton_planner.h:170] Found solution in: 5
I20260909 04:43:37.314848  1071 skeleton_planner.h:170] Found solution in: 1
I20260909 04:43:37.314927  1071 skeleton_planner.h:170] Found solution in: 96
I20260909 04:43:37.314958  1071 skeleton_planner.h:170] Found solution in: 31
I20260909 04:43:37.314970  1071 skeleton_planner.h:170] Found solution in: 1
I20260909 04:43:37.314975  1071 skeleton_planner.h:170] Found solution in: 3
I20260909 04:43:37.314985  1071 skeleton_planner.h:170] Found solution in: 3
I20260909 04:43:37.314994  1071 skeleton_planner.h:170] Found solution in: 1
I20260909 04:43:37.315088  1071 skeleton_planner.h:170] Found solution in: 4
I20260909 04:43:37.315099  1071 skeleton_planner.h:170] Found solution in: 1
I20260909 04:43:37.315114  1071 skeleton_planner.h:170] Found solution in: 18
I20260909 04:43:37.315124  1071 skeleton_planner.h:170] Found solution in: 1
I20260909 04:43:37.315127  1071 skeleton_planner.h:170] Found solution in: 3
I20260909 04:43:37.315224  1071 skeleton_planner.h:170] Found solution in: 4
I20260909 04:43:37.315235  1071 skeleton_planner.h:170] Found solution in: 1
I20260909 04:43:37.315253  1071 skeleton_planner.h:170] Found solution in: 4
I20260909 04:43:37.315267  1071 skeleton_planner.h:170] Found solution in: 1
I20260909 04:43:37.315274  1071 skeleton_planner.h:170] Found solution in: 7
I20260909 04:43:37.315279  1071 skeleton_planner.h:170] Found solution in: 5
I20260909 04:43:37.315295  1071 skeleton_planner.h:170] Found solution in: 4
I20260909 04:43:37.315308  1071 skeleton_planner.h:170] Found solution in: 1
I20260909 04:43:37.315315  1071 skeleton_planner.h:170] Found solution in: 5
I20260909 04:43:37.315339  1071 skeleton_planner.h:170] Found solution in: 6
I20260909 04:43:37.315351  1071 skeleton_planner.h:170] Found solution in: 1
I20260909 04:43:37.315357  1071 skeleton_planner.h:170] Found solution in: 6
I20260909 04:43:37.315366  1071 skeleton_planner.h:170] Found solution in: 1
I20260909 04:43:37.315373  1071 skeleton_planner.h:170] Found solution in: 1
I20260909 04:43:37.315378  1071 skeleton_planner.h:170] Found solution in: 3
I20260909 04:43:37.315384  1071 skeleton_planner.h:170] Found solution in: 1
I20260909 04:43:37.315402  1071 skeleton_planner.h:170] Found solution in: 3
I20260909 04:43:37.315411  1071 skeleton_planner.h:170] Found solution in: 1
I20260909 04:43:37.315415  1071 skeleton_planner.h:170] Found solution in: 2
I20260909 04:43:37.315435  1071 skeleton_planner.h:170] Found solution in: 3
I20260909 04:43:37.315445  1071 skeleton_planner.h:170] Found solution in: 1
I20260909 04:43:37.315465  1071 skeleton_planner.h:170] Found solution in: 23
I20260909 04:43:37.315481  1071 skeleton_planner.h:170] Found solution in: 19
I20260909 04:43:37.315488  1071 skeleton_planner.h:170] Found solution in: 5
I20260909 04:43:37.315493  1071 skeleton_planner.h:170] Found solution in: 1
I20260909 04:43:37.315510  1071 skeleton_planner.h:170] Found solution in: 4
I20260909 04:43:37.315519  1071 skeleton_planner.h:170] Found solution in: 1
I20260909 04:43:37.315524  1071 skeleton_planner.h:170] Found solution in: 3
I20260909 04:43:37.315529  1071 skeleton_planner.h:170] Found solution in: 1
I20260909 04:43:37.315533  1071 skeleton_planner.h:170] Found solution in: 4
I20260909 04:43:37.315553  1071 skeleton_planner.h:170] Found solution in: 7
I20260909 04:43:37.315560  1071 skeleton_planner.h:170] Found solution in: 1
I20260909 04:43:37.315564  1071 skeleton_planner.h:170] Found solution in: 2
I20260909 04:43:37.315577  1071 skeleton_planner.h:170] Found solution in: 3
I20260909 04:43:37.315586  1071 skeleton_planner.h:170] Found solution in: 1
I20260909 04:43:37.315675  1071 skeleton_planner.h:170] Found solution in: 3
I20260909 04:43:37.315680  1071 skeleton_planner.h:170] Found solution in: 1
I20260909 04:43:37.315685  1071 skeleton_planner.h:170] Found solution in: 2
I20260909 04:43:37.315693  1071 skeleton_planner.h:170] Found solution in: 3
I20260909 04:43:37.315703  1071 skeleton_planner.h:170] Found solution in: 1
I20260909 04:43:37.315800  1071 skeleton_planner.h:170] Found solution in: 3
I20260909 04:43:37.315807  1071 skeleton_planner.h:170] Found solution in: 1
I20260909 04:43:37.315811  1071 skeleton_planner.h:170] Found solution in: 3
I20260909 04:43:37.315822  1071 skeleton_planner.h:170] Found solution in: 3
I20260909 04:43:37.315832  1071 skeleton_planner.h:170] Found solution in: 1
I20260909 04:43:37.315838  1071 skeleton_planner.h:170] Found solution in: 5
I20260909 04:43:37.315941  1071 skeleton_planner.h:170] Found solution in: 6
I20260909 04:43:37.315954  1071 skeleton_planner.h:170] Found solution in: 1
I20260909 04:43:37.315958  1071 skeleton_planner.h:170] Found solution in: 3
I20260909 04:43:37.315975  1071 skeleton_planner.h:170] Found solution in: 5
I20260909 04:43:37.315984  1071 skeleton_planner.h:170] Found solution in: 1
I20260909 04:43:37.315990  1071 skeleton_planner.h:170] Found solution in: 6
I20260909 04:43:37.316013  1071 skeleton_planner.h:170] Found solution in: 7
I20260909 04:43:37.316025  1071 skeleton_planner.h:170] Found solution in: 1
I20260909 04:43:37.316027  1071 skeleton_planner.h:170] Found solution in: 2
I20260909 04:43:37.316038  1071 skeleton_planner.h:170] Found solution in: 3
I20260909 04:43:37.316048  1071 skeleton_planner.h:170] Found solution in: 1
I20260909 04:43:37.316053  1071 skeleton_planner.h:170] Found solution in: 1
I20260909 04:43:37.316067  1071 skeleton_planner.h:170] Found solution in: 3
I20260909 04:43:37.316076  1071 skeleton_planner.h:170] Found solution in: 1
I20260909 04:43:37.316082  1071 skeleton_planner.h:170] Found solution in: 7
I20260909 04:43:37.316103  1071 skeleton_planner.h:170] Found solution in: 26
I20260909 04:43:37.316110  1071 skeleton_planner.h:170] Found solution in: 1
I20260909 04:43:37.316126  1071 skeleton_planner.h:170] Found solution in: 4
I20260909 04:43:37.316138  1071 skeleton_planner.h:170] Found solution in: 1
I20260909 04:43:37.316179  1071 skeleton_planner.h:170] Found solution in: 49
I20260909 04:43:37.316244  1071 skeleton_planner.h:170] Found solution in: 84
I20260909 04:43:37.316260  1071 skeleton_planner.h:170] Found solution in: 15
I20260909 04:43:37.316360  1071 skeleton_planner.h:170] Found solution in: 5
I20260909 04:43:37.316370  1071 skeleton_planner.h:170] Found solution in: 1
I20260909 04:43:37.316373  1071 skeleton_planner.h:170] Found solution in: 2
I20260909 04:43:37.316387  1071 skeleton_planner.h:170] Found solution in: 4
I20260909 04:43:37.316403  1071 skeleton_planner.h:170] Found solution in: 1
I20260909 04:43:37.316443  1071 skeleton_planner.h:170] Found solution in: 6
I20260909 04:43:37.316453  1071 skeleton_planner.h:170] Found solution in: 1
I20260909 04:43:37.316484  1071 skeleton_planner.h:170] Found solution in: 38
I20260909 04:43:37.316493  1071 skeleton_planner.h:170] Found solution in: 1
I20260909 04:43:37.316498  1071 skeleton_planner.h:170] Found solution in: 5
I20260909 04:43:37.316574  1071 skeleton_planner.h:170] Found solution in: 4
I20260909 04:43:37.316588  1071 skeleton_planner.h:170] Found solution in: 1
I20260909 04:43:37.316591  1071 skeleton_planner.h:170] Found solution in: 2
I20260909 04:43:37.316603  1071 skeleton_planner.h:170] Found solution in: 3
I20260909 04:43:37.316614  1071 skeleton_planner.h:170] Found solution in: 1
I20260909 04:43:37.316624  1071 skeleton_planner.h:170] Found solution in: 1
I20260909 04:43:37.316633  1071 skeleton_planner.h:170] Found solution in: 1
I20260909 04:43:37.316637  1071 skeleton_planner.h:170] Found solution in: 2
I20260909 04:43:37.316648  1071 skeleton_planner.h:170] Found solution in: 3
I20260909 04:43:37.316660  1071 skeleton_planner.h:170] Found solution in: 1
I20260909 04:43:37.316668  1071 skeleton_planner.h:170] Found solution in: 6
I20260909 04:43:37.316673  1071 skeleton_planner.h:170] Found solution in: 5
I20260909 04:43:37.316681  1071 skeleton_planner.h:170] Found solution in: 1
I20260909 04:43:37.316689  1071 skeleton_planner.h:170] Found solution in: 7
I20260909 04:43:37.316694  1071 skeleton_planner.h:170] Found solution in: 6
I20260909 04:43:37.316723  1071 skeleton_planner.h:170] Found solution in: 7
I20260909 04:43:37.316733  1071 skeleton_planner.h:170] Found solution in: 1
I20260909 04:43:37.316736  1071 skeleton_planner.h:170] Found solution in: 2
I20260909 04:43:37.316749  1071 skeleton_planner.h:170] Found solution in: 5
I20260909 04:43:37.316761  1071 skeleton_planner.h:170] Found solution in: 1
I20260909 04:43:37.316771  1071 skeleton_planner.h:170] Found solution in: 3
I20260909 04:43:37.316779  1071 skeleton_planner.h:170] Found solution in: 1
I20260909 04:43:37.316783  1071 skeleton_planner.h:170] Found solution in: 3
I20260909 04:43:37.316792  1071 skeleton_planner.h:170] Found solution in: 1
I20260909 04:43:37.316800  1071 skeleton_planner.h:170] Found solution in: 8
I20260909 04:43:37.316809  1071 skeleton_planner.h:170] Found solution in: 1
I20260909 04:43:37.316836  1071 skeleton_planner.h:170] Found solution in: 26
I20260909 04:43:37.316849  1071 skeleton_planner.h:170] Found solution in: 1
I20260909 04:43:37.316869  1071 skeleton_planner.h:170] Found solution in: 21
I20260909 04:43:37.316876  1071 skeleton_planner.h:170] Found solution in: 1
I20260909 04:43:37.316883  1071 skeleton_planner.h:170] Found solution in: 1
I20260909 04:43:37.316891  1071 skeleton_planner.h:170] Found solution in: 6
I20260909 04:43:37.316897  1071 skeleton_planner.h:170] Found solution in: 1
I20260909 04:43:37.316902  1071 skeleton_planner.h:170] Found solution in: 4
I20260909 04:43:37.316910  1071 skeleton_planner.h:170] Found solution in: 1
I20260909 04:43:37.316915  1071 skeleton_planner.h:170] Found solution in: 3
I20260909 04:43:37.316920  1071 skeleton_planner.h:170] Found solution in: 1
I20260909 04:43:37.316924  1071 skeleton_planner.h:170] Found solution in: 3
I20260909 04:43:37.316932  1071 skeleton_planner.h:170] Found solution in: 1
I20260909 04:43:37.316938  1071 skeleton_planner.h:170] Found solution in: 5
I20260909 04:43:37.316946  1071 skeleton_planner.h:170] Found solution in: 7
I20260909 04:43:37.317051  1071 skeleton_planner.h:170] Found solution in: 6
I20260909 04:43:37.317060  1071 skeleton_planner.h:170] Found solution in: 1
I20260909 04:43:37.317080  1071 skeleton_planner.h:170] Found solution in: 5
I20260909 04:43:37.317087  1071 skeleton_planner.h:170] Found solution in: 1
I20260909 04:43:37.317094  1071 skeleton_planner.h:170] Found solution in: 1
I20260909 04:43:37.317102  1071 skeleton_planner.h:170] Found solution in: 7
I20260909 04:43:37.317111  1071 skeleton_planner.h:170] Found solution in: 1
I20260909 04:43:37.317116  1071 skeleton_planner.h:170] Found solution in: 2
I20260909 04:43:37.317143  1071 skeleton_planner.h:170] Found solution in: 13
I20260909 04:43:37.317154  1071 skeleton_planner.h:170] Found solution in: 1
I20260909 04:43:37.317195  1071 skeleton_planner.h:170] Found solution in: 52
I20260909 04:43:37.317203  1071 skeleton_planner.h:170] Found solution in: 1
I20260909 04:43:37.317291  1071 skeleton_planner.h:170] Found solution in: 3
I20260909 04:43:37.317298  1071 skeleton_planner.h:170] Found solution in: 1
I20260909 04:43:37.317303  1071 skeleton_planner.h:170] Found solution in: 4
I20260909 04:43:37.317319  1071 skeleton_planner.h:170] Found solution in: 16
I20260909 04:43:37.317329  1071 skeleton_planner.h:170] Found solution in: 9
I20260909 04:43:37.317337  1071 skeleton_planner.h:170] Found solution in: 1
I20260909 04:43:37.317358  1071 skeleton_planner.h:170] Found solution in: 21
I20260909 04:43:37.317363  1071 skeleton_planner.h:170] Found solution in: 4
I20260909 04:43:37.317458  1071 skeleton_planner.h:170] Found solution in: 5
I20260909 04:43:37.317466  1071 skeleton_planner.h:170] Found solution in: 1
I20260909 04:43:37.317477  1071 skeleton_planner.h:170] Found solution in: 12
I20260909 04:43:37.317487  1071 skeleton_planner.h:170] Found solution in: 11
I20260909 04:43:37.317525  1071 skeleton_planner.h:170] Found solution in: 43
I20260909 04:43:37.317533  1071 skeleton_planner.h:170] Found solution in: 1
I20260909 04:43:37.317549  1071 skeleton_planner.h:170] Found solution in: 18
I20260909 04:43:37.317554  1071 skeleton_planner.h:170] Found solution in: 4
I20260909 04:43:37.317577  1071 skeleton_planner.h:170] Found solution in: 27
I20260909 04:43:37.317584  1071 skeleton_planner.h:170] Found solution in: 1
I20260909 04:43:37.317589  1071 skeleton_planner.h:170] Found solution in: 4
I20260909 04:43:37.317611  1071 skeleton_planner.h:170] Found solution in: 4
I20260909 04:43:37.317621  1071 skeleton_planner.h:170] Found solution in: 1
I20260909 04:43:37.317708  1071 skeleton_planner.h:170] Found solution in: 3
I20260909 04:43:37.317718  1071 skeleton_planner.h:170] Found solution in: 1
I20260909 04:43:37.317816  1071 skeleton_planner.h:170] Found solution in: 6
I20260909 04:43:37.317823  1071 skeleton_planner.h:170] Found solution in: 1
I20260909 04:43:37.317848  1071 skeleton_planner.h:170] Found solution in: 8
I20260909 04:43:37.317859  1071 skeleton_planner.h:170] Found solution in: 1
I20260909 04:43:37.317953  1071 skeleton_planner.h:170] Found solution in: 4
I20260909 04:43:37.317963  1071 skeleton_planner.h:170] Found solution in: 1
I20260909 04:43:37.318061  1071 skeleton_planner.h:170] Found solution in: 7
I20260909 04:43:37.318069  1071 skeleton_planner.h:170] Found solution in: 1
I20260909 04:43:37.318079  1071 skeleton_planner.h:170] Found solution in: 1
I20260909 04:43:37.318172  1071 skeleton_planner.h:170] Found solution in: 4
I20260909 04:43:37.318178  1071 skeleton_planner.h:170] Found solution in: 1
I20260909 04:43:37.318182  1071 skeleton_planner.h:170] Found solution in: 2
I20260909 04:43:37.318193  1071 skeleton_planner.h:170] Found solution in: 3
I20260909 04:43:37.318199  1071 skeleton_planner.h:170] Found solution in: 1
I20260909 04:43:37.318213  1071 skeleton_planner.h:170] Found solution in: 3
I20260909 04:43:37.318220  1071 skeleton_planner.h:170] Found solution in: 1
I20260909 04:43:37.318233  1071 skeleton_planner.h:170] Found solution in: 3
I20260909 04:43:37.318240  1071 skeleton_planner.h:170] Found solution in: 1
I20260909 04:43:37.318255  1071 skeleton_planner.h:170] Found solution in: 5
I20260909 04:43:37.318264  1071 skeleton_planner.h:170] Found solution in: 1
I20260909 04:43:37.318357  1071 skeleton_planner.h:170] Found solution in: 3
I20260909 04:43:37.318372  1071 skeleton_planner.h:170] Found solution in: 1
I20260909 04:43:37.318377  1071 skeleton_planner.h:170] Found solution in: 3
I20260909 04:43:37.318392  1071 skeleton_planner.h:170] Found solution in: 3
I20260909 04:43:37.318400  1071 skeleton_planner.h:170] Found solution in: 1
I20260909 04:43:37.318408  1071 skeleton_planner.h:170] Found solution in: 1
I20260909 04:43:37.318411  1071 skeleton_planner.h:170] Found solution in: 3
I20260909 04:43:37.318418  1071 skeleton_planner.h:170] Found solution in: 1
I20260909 04:43:37.318424  1071 skeleton_planner.h:170] Found solution in: 1
I20260909 04:43:37.318428  1071 skeleton_planner.h:170] Found solution in: 3
I20260909 04:43:37.318434  1071 skeleton_planner.h:170] Found solution in: 1
I20260909 04:43:37.318440  1071 skeleton_planner.h:170] Found solution in: 1
I20260909 04:43:37.318475  1071 skeleton_planner.h:170] Found solution in: 41
I20260909 04:43:37.318483  1071 skeleton_planner.h:170] Found solution in: 1
I20260909 04:43:37.318490  1071 skeleton_planner.h:170] Found solution in: 7
I20260909 04:43:37.318531  1071 skeleton_planner.h:170] Found solution in: 50
I20260909 04:43:37.318537  1071 skeleton_planner.h:170] Found solution in: 1
I20260909 04:43:37.318544  1071 skeleton_planner.h:170] Found solution in: 7
I20260909 04:43:37.318552  1071 skeleton_planner.h:170] Found solution in: 1
I20260909 04:43:37.318598  1071 skeleton_planner.h:170] Found solution in: 58
I20260909 04:43:37.318609  1071 skeleton_planner.h:170] Found solution in: 1
I20260909 04:43:37.318614  1071 skeleton_planner.h:170] Found solution in: 4
I20260909 04:43:37.318707  1071 skeleton_planner.h:170] Found solution in: 5
I20260909 04:43:37.318717  1071 skeleton_planner.h:170] Found solution in: 1
I20260909 04:43:37.318755  1071 skeleton_planner.h:170] Found solution in: 52
I20260909 04:43:37.318763  1071 skeleton_planner.h:170] Found solution in: 1
I20260909 04:43:37.318770  1071 skeleton_planner.h:170] Found solution in: 1
I20260909 04:43:37.318776  1071 skeleton_planner.h:170] Found solution in: 1
I20260909 04:43:37.318781  1071 skeleton_planner.h:170] Found solution in: 4
I20260909 04:43:37.319428  1071 skeleton_planner.h:170] Found solution in: 1
I20260909 04:43:37.319434  1071 skeleton_planner.h:170] Found solution in: 4
I20260909 04:43:37.320276  1071 skeleton_planner.h:170] Found solution in: 1
I20260909 04:43:37.320309  1071 skeleton_planner.h:170] Found solution in: 5
I20260909 04:43:37.320317  1071 skeleton_planner.h:170] Found solution in: 1
I20260909 04:43:37.320322  1071 skeleton_planner.h:170] Found solution in: 3
I20260909 04:43:37.320338  1071 skeleton_planner.h:170] Found solution in: 5
I20260909 04:43:37.320344  1071 skeleton_planner.h:170] Found solution in: 1
I20260909 04:43:37.320348  1071 skeleton_planner.h:170] Found solution in: 4
I20260909 04:43:37.320528  1071 skeleton_planner.h:170] Found solution in: 6
I20260909 04:43:37.320540  1071 skeleton_planner.h:170] Found solution in: 1
I20260909 04:43:37.320571  1071 skeleton_planner.h:170] Found solution in: 13
I20260909 04:43:37.320580  1071 skeleton_planner.h:170] Found solution in: 1
I20260909 04:43:37.320927  1071 skeleton_planner.h:170] Found solution in: 1
I20260909 04:43:37.320991  1071 skeleton_planner.h:170] Found solution in: 20
I20260909 04:43:37.321002  1071 skeleton_planner.h:170] Found solution in: 1
I20260909 04:43:37.321028  1071 skeleton_planner.h:170] Found solution in: 4
I20260909 04:43:37.321036  1071 skeleton_planner.h:170] Found solution in: 1
I20260909 04:43:37.321040  1071 skeleton_planner.h:170] Found solution in: 3
I20260909 04:43:37.321053  1071 skeleton_planner.h:170] Found solution in: 4
I20260909 04:43:37.321060  1071 skeleton_planner.h:170] Found solution in: 1
I20260909 04:43:37.321071  1071 skeleton_planner.h:170] Found solution in: 3
I20260909 04:43:37.321080  1071 skeleton_planner.h:170] Found solution in: 1
I20260909 04:43:37.321087  1071 skeleton_planner.h:170] Found solution in: 6
I20260909 04:43:37.321180  1071 skeleton_planner.h:170] Found solution in: 5
I20260909 04:43:37.321190  1071 skeleton_planner.h:170] Found solution in: 1
I20260909 04:43:37.321197  1071 skeleton_planner.h:170] Found solution in: 1
I20260909 04:43:37.321208  1071 skeleton_planner.h:170] Found solution in: 12
I20260909 04:43:37.321213  1071 skeleton_planner.h:170] Found solution in: 1
I20260909 04:43:37.321223  1071 skeleton_planner.h:170] Found solution in: 10
I20260909 04:43:37.321228  1071 skeleton_planner.h:170] Found solution in: 1
I20260909 04:43:37.321245  1071 skeleton_planner.h:170] Found solution in: 4
I20260909 04:43:37.321251  1071 skeleton_planner.h:170] Found solution in: 1
I20260909 04:43:37.321272  1071 skeleton_planner.h:170] Found solution in: 6
I20260909 04:43:37.321280  1071 skeleton_planner.h:170] Found solution in: 1
I20260909 04:43:37.321300  1071 skeleton_planner.h:170] Found solution in: 4
I20260909 04:43:37.321310  1071 skeleton_planner.h:170] Found solution in: 1
I20260909 04:43:37.321341  1071 skeleton_planner.h:170] Found solution in: 35
I20260909 04:43:37.321349  1071 skeleton_planner.h:170] Found solution in: 1
I20260909 04:43:37.321362  1071 skeleton_planner.h:170] Found solution in: 15
I20260909 04:43:37.321368  1071 skeleton_planner.h:170] Found solution in: 1
I20260909 04:43:37.321372  1071 skeleton_planner.h:170] Found solution in: 3
I20260909 04:43:37.321388  1071 skeleton_planner.h:170] Found solution in: 4
I20260909 04:43:37.321396  1071 skeleton_planner.h:170] Found solution in: 1
I20260909 04:43:37.321484  1071 skeleton_planner.h:170] Found solution in: 3
I20260909 04:43:37.321491  1071 skeleton_planner.h:170] Found solution in: 1
I20260909 04:43:37.321503  1071 skeleton_planner.h:170] Found solution in: 4
I20260909 04:43:37.321512  1071 skeleton_planner.h:170] Found solution in: 1
I20260909 04:43:37.321516  1071 skeleton_planner.h:170] Found solution in: 2
I20260909 04:43:37.321522  1071 skeleton_planner.h:170] Found solution in: 1
I20260909 04:43:37.321525  1071 skeleton_planner.h:170] Found solution in: 2
I20260909 04:43:37.321545  1071 skeleton_planner.h:170] Found solution in: 6
I20260909 04:43:37.321555  1071 skeleton_planner.h:170] Found solution in: 1
I20260909 04:43:37.321561  1071 skeleton_planner.h:170] Found solution in: 1
I20260909 04:43:37.321565  1071 skeleton_planner.h:170] Found solution in: 1
I20260909 04:43:37.321573  1071 skeleton_planner.h:170] Found solution in: 1
I20260909 04:43:37.321580  1071 skeleton_planner.h:170] Found solution in: 7
I20260909 04:43:37.321587  1071 skeleton_planner.h:170] Found solution in: 1
I20260909 04:43:37.321595  1071 skeleton_planner.h:170] Found solution in: 1
I20260909 04:43:37.321604  1071 skeleton_planner.h:170] Found solution in: 11
I20260909 04:43:37.321630  1071 skeleton_planner.h:170] Found solution in: 4
I20260909 04:43:37.321640  1071 skeleton_planner.h:170] Found solution in: 1
I20260909 04:43:37.321642  1071 skeleton_planner.h:170] Found solution in: 2
I20260909 04:43:37.322948  1071 skeleton_planner.h:170] Found solution in: 1
I20260909 04:43:37.322952  1071 skeleton_planner.h:170] Found solution in: 2
I20260909 04:43:37.324216  1071 skeleton_planner.h:170] Found solution in: 1
I20260909 04:43:37.324221  1071 skeleton_planner.h:170] Found solution in: 2
I20260909 04:43:37.324846  1071 skeleton_planner.h:170] Found solution in: 12
I20260909 04:43:37.324858  1071 skeleton_planner.h:170] Found solution in: 1
I20260909 04:43:37.325083  1071 skeleton_planner.h:170] Found solution in: 84
I20260909 04:43:37.325139  1071 skeleton_planner.h:170] Found solution in: 11
I20260909 04:43:37.325151  1071 skeleton_planner.h:170] Found solution in: 1
I20260909 04:43:37.325169  1071 skeleton_planner.h:170] Found solution in: 16
I20260909 04:43:37.325181  1071 skeleton_planner.h:170] Found solution in: 1
I20260909 04:43:37.325203  1071 skeleton_planner.h:170] Found solution in: 5
I20260909 04:43:37.325213  1071 skeleton_planner.h:170] Found solution in: 1
I20260909 04:43:37.325227  1071 skeleton_planner.h:170] Found solution in: 3
I20260909 04:43:37.325237  1071 skeleton_planner.h:170] Found solution in: 1
I20260909 04:43:37.325251  1071 skeleton_planner.h:170] Found solution in: 4
I20260909 04:43:37.325259  1071 skeleton_planner.h:170] Found solution in: 1
I20260909 04:43:37.325270  1071 skeleton_planner.h:170] Found solution in: 3
I20260909 04:43:37.325277  1071 skeleton_planner.h:170] Found solution in: 1
I20260909 04:43:37.325281  1071 skeleton_planner.h:170] Found solution in: 2
I20260909 04:43:37.325292  1071 skeleton_planner.h:170] Found solution in: 3
I20260909 04:43:37.325299  1071 skeleton_planner.h:170] Found solution in: 1
I20260909 04:43:37.325312  1071 skeleton_planner.h:170] Found solution in: 3
I20260909 04:43:37.325318  1071 skeleton_planner.h:170] Found solution in: 1
I20260909 04:43:37.325330  1071 skeleton_planner.h:170] Found solution in: 3
I20260909 04:43:37.325335  1071 skeleton_planner.h:170] Found solution in: 1
I20260909 04:43:37.325348  1071 skeleton_planner.h:170] Found solution in: 3
I20260909 04:43:37.325356  1071 skeleton_planner.h:170] Found solution in: 1
I20260909 04:43:37.325452  1071 skeleton_planner.h:170] Found solution in: 3
I20260909 04:43:37.325459  1071 skeleton_planner.h:170] Found solution in: 1
I20260909 04:43:37.325479  1071 skeleton_planner.h:170] Found solution in: 5
I20260909 04:43:37.325490  1071 skeleton_planner.h:170] Found solution in: 1
I20260909 04:43:37.325590  1071 skeleton_planner.h:170] Found solution in: 3
I20260909 04:43:37.325599  1071 skeleton_planner.h:170] Found solution in: 1
I20260909 04:43:37.325615  1071 skeleton_planner.h:170] Found solution in: 4
I20260909 04:43:37.325624  1071 skeleton_planner.h:170] Found solution in: 1
I20260909 04:43:37.325637  1071 skeleton_planner.h:170] Found solution in: 3
I20260909 04:43:37.325644  1071 skeleton_planner.h:170] Found solution in: 1
I20260909 04:43:37.325664  1071 skeleton_planner.h:170] Found solution in: 5
I20260909 04:43:37.325672  1071 skeleton_planner.h:170] Found solution in: 1
I20260909 04:43:37.325685  1071 skeleton_planner.h:170] Found solution in: 13
I20260909 04:43:37.325692  1071 skeleton_planner.h:170] Found solution in: 6
I20260909 04:43:37.325700  1071 skeleton_planner.h:170] Found solution in: 8
I20260909 04:43:37.325706  1071 skeleton_planner.h:170] Found solution in: 1
I20260909 04:43:37.325716  1071 skeleton_planner.h:170] Found solution in: 1
I20260909 04:43:37.325722  1071 skeleton_planner.h:170] Found solution in: 6
I20260909 04:43:37.325729  1071 skeleton_planner.h:170] Found solution in: 7
I20260909 04:43:37.325734  1071 skeleton_planner.h:170] Found solution in: 1
I20260909 04:43:37.325742  1071 skeleton_planner.h:170] Found solution in: 8
I20260909 04:43:37.325830  1071 skeleton_planner.h:170] Found solution in: 3
I20260909 04:43:37.325838  1071 skeleton_planner.h:170] Found solution in: 1
I20260909 04:43:37.325858  1071 skeleton_planner.h:170] Found solution in: 24
I20260909 04:43:37.325875  1071 skeleton_planner.h:170] Found solution in: 19
I20260909 04:43:37.325882  1071 skeleton_planner.h:170] Found solution in: 1
I20260909 04:43:37.325968  1071 skeleton_planner.h:170] Found solution in: 3
I20260909 04:43:37.325978  1071 skeleton_planner.h:170] Found solution in: 1
I20260909 04:43:37.326002  1071 skeleton_planner.h:170] Found solution in: 28
I20260909 04:43:37.326058  1071 skeleton_planner.h:170] Found solution in: 67
I20260909 04:43:37.326133  1071 skeleton_planner.h:170] Found solution in: 98
I20260909 04:43:37.326145  1071 skeleton_planner.h:170] Found solution in: 1
I20260909 04:43:37.326153  1071 skeleton_planner.h:170] Found solution in: 1
I20260909 04:43:37.326157  1071 skeleton_planner.h:170] Found solution in: 3
I20260909 04:43:37.327508  1071 skeleton_planner.h:170] Found solution in: 1
I20260909 04:43:37.327513  1071 skeleton_planner.h:170] Found solution in: 3
I20260909 04:43:37.328869  1071 skeleton_planner.h:170] Found solution in: 1
I20260909 04:43:37.328877  1071 skeleton_planner.h:170] Found solution in: 1
I20260909 04:43:37.328886  1071 skeleton_planner.h:170] Found solution in: 7
I20260909 04:43:37.328892  1071 skeleton_planner.h:170] Found solution in: 1
I20260909 04:43:37.328904  1071 skeleton_planner.h:170] Found solution in: 12
I20260909 04:43:37.328915  1071 skeleton_planner.h:170] Found solution in: 1
I20260909 04:43:37.328922  1071 skeleton_planner.h:170] Found solution in: 1
I20260909 04:43:37.328939  1071 skeleton_planner.h:170] Found solution in: 14
I20260909 04:43:37.328949  1071 skeleton_planner.h:170] Found solution in: 1
I20260909 04:43:37.328955  1071 skeleton_planner.h:170] Found solution in: 5
I20260909 04:43:37.329011  1071 skeleton_planner.h:170] Found solution in: 48
I20260909 04:43:37.329041  1071 skeleton_planner.h:170] Found solution in: 33
I20260909 04:43:37.329046  1071 skeleton_planner.h:170] Found solution in: 1
I20260909 04:43:37.329052  1071 skeleton_planner.h:170] Found solution in: 5
I20260909 04:43:37.329057  1071 skeleton_planner.h:170] Found solution in: 4
I20260909 04:43:37.329063  1071 skeleton_planner.h:170] Found solution in: 1
I20260909 04:43:37.329080  1071 skeleton_planner.h:170] Found solution in: 18
I20260909 04:43:37.329087  1071 skeleton_planner.h:170] Found solution in: 1
I20260909 04:43:37.329093  1071 skeleton_planner.h:170] Found solution in: 1
I20260909 04:43:37.329099  1071 skeleton_planner.h:170] Found solution in: 5
I20260909 04:43:37.329108  1071 skeleton_planner.h:170] Found solution in: 10
I20260909 04:43:37.329113  1071 skeleton_planner.h:170] Found solution in: 1
I20260909 04:43:37.329119  1071 skeleton_planner.h:170] Found solution in: 1
I20260909 04:43:37.329128  1071 skeleton_planner.h:170] Found solution in: 7
I20260909 04:43:37.329134  1071 skeleton_planner.h:170] Found solution in: 1
I20260909 04:43:37.329141  1071 skeleton_planner.h:170] Found solution in: 1
I20260909 04:43:37.329146  1071 skeleton_planner.h:170] Found solution in: 4
I20260909 04:43:37.329151  1071 skeleton_planner.h:170] Found solution in: 4
I20260909 04:43:37.329175  1071 skeleton_planner.h:170] Found solution in: 6
I20260909 04:43:37.329183  1071 skeleton_planner.h:170] Found solution in: 1
I20260909 04:43:37.329190  1071 skeleton_planner.h:170] Found solution in: 6
I20260909 04:43:37.329216  1071 skeleton_planner.h:170] Found solution in: 9
I20260909 04:43:37.329224  1071 skeleton_planner.h:170] Found solution in: 1
I20260909 04:43:37.329250  1071 skeleton_planner.h:170] Found solution in: 9
I20260909 04:43:37.329263  1071 skeleton_planner.h:170] Found solution in: 1
I20260909 04:43:37.329365  1071 skeleton_planner.h:170] Found solution in: 3
I20260909 04:43:37.329372  1071 skeleton_planner.h:170] Found solution in: 1
I20260909 04:43:37.329378  1071 skeleton_planner.h:170] Found solution in: 4
I20260909 04:43:37.329385  1071 skeleton_planner.h:170] Found solution in: 6
I20260909 04:43:37.329394  1071 skeleton_planner.h:170] Found solution in: 1
I20260909 04:43:37.329496  1071 skeleton_planner.h:170] Found solution in: 3
I20260909 04:43:37.329507  1071 skeleton_planner.h:170] Found solution in: 1
I20260909 04:43:37.329514  1071 skeleton_planner.h:170] Found solution in: 1
I20260909 04:43:37.329523  1071 skeleton_planner.h:170] Found solution in: 1
I20260909 04:43:37.329612  1071 skeleton_planner.h:170] Found solution in: 100
I20260909 04:43:37.329627  1071 skeleton_planner.h:170] Found solution in: 1
I20260909 04:43:37.329669  1071 skeleton_planner.h:170] Found solution in: 50
I20260909 04:43:37.329766  1071 skeleton_planner.h:170] Found solution in: 4
I20260909 04:43:37.329774  1071 skeleton_planner.h:170] Found solution in: 1
I20260909 04:43:37.329783  1071 skeleton_planner.h:170] Found solution in: 1
I20260909 04:43:37.329873  1071 skeleton_planner.h:170] Found solution in: 4
I20260909 04:43:37.329881  1071 skeleton_planner.h:170] Found solution in: 1
I20260909 04:43:37.329890  1071 skeleton_planner.h:170] Found solution in: 9
I20260909 04:43:37.329982  1071 skeleton_planner.h:170] Found solution in: 6
I20260909 04:43:37.329991  1071 skeleton_planner.h:170] Found solution in: 1
I20260909 04:43:37.330084  1071 skeleton_planner.h:170] Found solution in: 5
I20260909 04:43:37.330096  1071 skeleton_planner.h:170] Found solution in: 1
I20260909 04:43:37.330101  1071 skeleton_planner.h:170] Found solution in: 1
I20260909 04:43:37.330189  1071 skeleton_planner.h:170] Found solution in: 5
I20260909 04:43:37.330199  1071 skeleton_planner.h:170] Found solution in: 1
I20260909 04:43:37.330209  1071 skeleton_planner.h:170] Found solution in: 1
I20260909 04:43:37.330217  1071 skeleton_planner.h:170] Found solution in: 8
I20260909 04:43:37.330225  1071 skeleton_planner.h:170] Found solution in: 8
I20260909 04:43:37.330246  1071 skeleton_planner.h:170] Found solution in: 27
I20260909 04:43:37.330255  1071 skeleton_planner.h:170] Found solution in: 1
I20260909 04:43:37.330276  1071 skeleton_planner.h:170] Found solution in: 20
I20260909 04:43:37.330287  1071 skeleton_planner.h:170] Found solution in: 12
I20260909 04:43:37.330296  1071 skeleton_planner.h:170] Found solution in: 1
I20260909 04:43:37.330309  1071 skeleton_planner.h:170] Found solution in: 12
I20260909 04:43:37.330319  1071 skeleton_planner.h:170] Found solution in: 1
I20260909 04:43:37.330329  1071 skeleton_planner.h:170] Found solution in: 1
I20260909 04:43:37.330345  1071 skeleton_planner.h:170] Found solution in: 3
I20260909 04:43:37.330353  1071 skeleton_planner.h:170] Found solution in: 1
I20260909 04:43:37.330358  1071 skeleton_planner.h:170] Found solution in: 4
I20260909 04:43:37.330371  1071 skeleton_planner.h:170] Found solution in: 4
I20260909 04:43:37.330379  1071 skeleton_planner.h:170] Found solution in: 1
I20260909 04:43:37.330478  1071 skeleton_planner.h:170] Found solution in: 5
I20260909 04:43:37.330487  1071 skeleton_planner.h:170] Found solution in: 1
I20260909 04:43:37.330497  1071 skeleton_planner.h:170] Found solution in: 3
I20260909 04:43:37.330506  1071 skeleton_planner.h:170] Found solution in: 1
I20260909 04:43:37.330524  1071 skeleton_planner.h:170] Found solution in: 4
I20260909 04:43:37.330534  1071 skeleton_planner.h:170] Found solution in: 1
I20260909 04:43:37.330547  1071 skeleton_planner.h:170] Found solution in: 14
I20260909 04:43:37.330572  1071 skeleton_planner.h:170] Found solution in: 30
I20260909 04:43:37.330585  1071 skeleton_planner.h:170] Found solution in: 1
I20260909 04:43:37.330591  1071 skeleton_planner.h:170] Found solution in: 1
I20260909 04:43:37.330606  1071 skeleton_planner.h:170] Found solution in: 12
I20260909 04:43:37.330613  1071 skeleton_planner.h:170] Found solution in: 1
I20260909 04:43:37.330621  1071 skeleton_planner.h:170] Found solution in: 1
I20260909 04:43:37.330629  1071 skeleton_planner.h:170] Found solution in: 9
I20260909 04:43:37.330637  1071 skeleton_planner.h:170] Found solution in: 1
I20260909 04:43:37.330643  1071 skeleton_planner.h:170] Found solution in: 5
I20260909 04:43:37.330649  1071 skeleton_planner.h:170] Found solution in: 1
I20260909 04:43:37.330655  1071 skeleton_planner.h:170] Found solution in: 5
I20260909 04:43:37.330668  1071 skeleton_planner.h:170] Found solution in: 15
I20260909 04:43:37.330675  1071 skeleton_planner.h:170] Found solution in: 1
I20260909 04:43:37.330680  1071 skeleton_planner.h:170] Found solution in: 4
I20260909 04:43:37.330688  1071 skeleton_planner.h:170] Found solution in: 1
I20260909 04:43:37.330698  1071 skeleton_planner.h:170] Found solution in: 1
I20260909 04:43:37.330716  1071 skeleton_planner.h:170] Found solution in: 4
I20260909 04:43:37.330724  1071 skeleton_planner.h:170] Found solution in: 1
I20260909 04:43:37.330741  1071 skeleton_planner.h:170] Found solution in: 16
I20260909 04:43:37.330840  1071 skeleton_planner.h:170] Found solution in: 4
I20260909 04:43:37.330849  1071 skeleton_planner.h:170] Found solution in: 1
I20260909 04:43:37.330853  1071 skeleton_planner.h:170] Found solution in: 3
I20260909 04:43:37.330859  1071 skeleton_planner.h:170] Found solution in: 1
I20260909 04:43:37.330866  1071 skeleton_planner.h:170] Found solution in: 7
I20260909 04:43:37.330874  1071 skeleton_planner.h:170] Found solution in: 1
I20260909 04:43:37.330880  1071 skeleton_planner.h:170] Found solution in: 5
I20260909 04:43:37.330890  1071 skeleton_planner.h:170] Found solution in: 1
I20260909 04:43:37.330896  1071 skeleton_planner.h:170] Found solution in: 5
I20260909 04:43:37.330963  1071 skeleton_planner.h:170] Found solution in: 73
I20260909 04:43:37.330974  1071 skeleton_planner.h:170] Found solution in: 1
I20260909 04:43:37.330981  1071 skeleton_planner.h:170] Found solution in: 1
I20260909 04:43:37.331099  1071 skeleton_planner.h:170] Found solution in: 4
I20260909 04:43:37.331107  1071 skeleton_planner.h:170] Found solution in: 1
I20260909 04:43:37.331112  1071 skeleton_planner.h:170] Found solution in: 3
I20260909 04:43:37.331161  1071 skeleton_planner.h:170] Found solution in: 58
I20260909 04:43:37.331169  1071 skeleton_planner.h:170] Found solution in: 1
I20260909 04:43:37.331197  1071 skeleton_planner.h:170] Found solution in: 34
I20260909 04:43:37.331272  1071 skeleton_planner.h:170] Found solution in: 93
I20260909 04:43:37.331284  1071 skeleton_planner.h:170] Found solution in: 1
I20260909 04:43:37.331290  1071 skeleton_planner.h:170] Found solution in: 5
I20260909 04:43:37.331296  1071 skeleton_planner.h:170] Found solution in: 1
I20260909 04:43:37.331301  1071 skeleton_planner.h:170] Found solution in: 5
I20260909 04:43:37.331470  1071 skeleton_planner.h:170] Found solution in: 78
I20260909 04:43:37.331486  1071 skeleton_planner.h:170] Found solution in: 1
I20260909 04:43:37.331496  1071 skeleton_planner.h:170] Found solution in: 8
I20260909 04:43:37.331503  1071 skeleton_planner.h:170] Found solution in: 1
I20260909 04:43:37.331512  1071 skeleton_planner.h:170] Found solution in: 8
I20260909 04:43:37.331521  1071 skeleton_planner.h:170] Found solution in: 1
I20260909 04:43:37.331525  1071 skeleton_planner.h:170] Found solution in: 4
I20260909 04:43:37.331553  1071 skeleton_planner.h:170] Found solution in: 6
I20260909 04:43:37.331563  1071 skeleton_planner.h:170] Found solution in: 1
I20260909 04:43:37.331580  1071 skeleton_planner.h:170] Found solution in: 7
I20260909 04:43:37.331590  1071 skeleton_planner.h:170] Found solution in: 1
I20260909 04:43:37.331612  1071 skeleton_planner.h:170] Found solution in: 9
I20260909 04:43:37.331624  1071 skeleton_planner.h:170] Found solution in: 1
I20260909 04:43:37.331629  1071 skeleton_planner.h:170] Found solution in: 4
I20260909 04:43:37.331645  1071 skeleton_planner.h:170] Found solution in: 4
I20260909 04:43:37.331655  1071 skeleton_planner.h:170] Found solution in: 1
I20260909 04:43:37.331668  1071 skeleton_planner.h:170] Found solution in: 4
I20260909 04:43:37.331676  1071 skeleton_planner.h:170] Found solution in: 1
I20260909 04:43:37.331687  1071 skeleton_planner.h:170] Found solution in: 7
I20260909 04:43:37.331696  1071 skeleton_planner.h:170] Found solution in: 1
I20260909 04:43:37.331705  1071 skeleton_planner.h:170] Found solution in: 11
I20260909 04:43:37.331712  1071 skeleton_planner.h:170] Found solution in: 1
I20260909 04:43:37.331715  1071 skeleton_planner.h:170] Found solution in: 3
I20260909 04:43:37.331722  1071 skeleton_planner.h:170] Found solution in: 1
I20260909 04:43:37.331735  1071 skeleton_planner.h:170] Found solution in: 4
I20260909 04:43:37.331743  1071 skeleton_planner.h:170] Found solution in: 1
I20260909 04:43:37.331753  1071 skeleton_planner.h:170] Found solution in: 4
I20260909 04:43:37.331774  1071 skeleton_planner.h:170] Found solution in: 5
I20260909 04:43:37.331784  1071 skeleton_planner.h:170] Found solution in: 1
I20260909 04:43:37.331807  1071 skeleton_planner.h:170] Found solution in: 6
I20260909 04:43:37.331815  1071 skeleton_planner.h:170] Found solution in: 1
I20260909 04:43:37.331820  1071 skeleton_planner.h:170] Found solution in: 5
I20260909 04:43:37.331827  1071 skeleton_planner.h:170] Found solution in: 6
I20260909 04:43:37.331833  1071 skeleton_planner.h:170] Found solution in: 1
I20260909 04:43:37.331839  1071 skeleton_planner.h:170] Found solution in: 6
I20260909 04:43:37.331851  1071 skeleton_planner.h:170] Found solution in: 11
I20260909 04:43:37.331858  1071 skeleton_planner.h:170] Found solution in: 1
I20260909 04:43:37.331866  1071 skeleton_planner.h:170] Found solution in: 1
I20260909 04:43:37.331873  1071 skeleton_planner.h:170] Found solution in: 1
I20260909 04:43:37.331879  1071 skeleton_planner.h:170] Found solution in: 1
I20260909 04:43:37.331885  1071 skeleton_planner.h:170] Found solution in: 6
I20260909 04:43:37.332293  1071 skeleton_planner.h:170] Found solution in: 1
I20260909 04:43:37.332499  1071 skeleton_planner.h:170] Found solution in: 6
I20260909 04:43:37.332655  1071 skeleton_planner.h:170] Found solution in: 81
I20260909 04:43:37.332669  1071 skeleton_planner.h:170] Found solution in: 1
I20260909 04:43:37.332875  1071 skeleton_planner.h:170] Found solution in: 7
I20260909 04:43:37.332885  1071 skeleton_planner.h:170] Found solution in: 1
I20260909 04:43:37.332890  1071 skeleton_planner.h:170] Found solution in: 5
I20260909 04:43:37.332911  1071 skeleton_planner.h:170] Found solution in: 7
I20260909 04:43:37.332917  1071 skeleton_planner.h:170] Found solution in: 1
I20260909 04:43:37.332922  1071 skeleton_planner.h:170] Found solution in: 4
I20260909 04:43:37.332926  1071 skeleton_planner.h:170] Found solution in: 1
I20260909 04:43:37.332930  1071 skeleton_planner.h:170] Found solution in: 4
I20260909 04:43:37.332934  1071 skeleton_planner.h:170] Found solution in: 1
I20260909 04:43:37.333099  1071 skeleton_planner.h:170] Found solution in: 1
I20260909 04:43:37.333104  1071 skeleton_planner.h:170] Found solution in: 4
I20260909 04:43:37.333204  1071 skeleton_planner.h:170] Found solution in: 4
I20260909 04:43:37.333214  1071 skeleton_planner.h:170] Found solution in: 1
I20260909 04:43:37.333312  1071 skeleton_planner.h:170] Found solution in: 7
I20260909 04:43:37.333321  1071 skeleton_planner.h:170] Found solution in: 1
I20260909 04:43:37.333325  1071 skeleton_planner.h:170] Found solution in: 3
I20260909 04:43:37.333330  1071 skeleton_planner.h:170] Found solution in: 1
I20260909 04:43:37.333335  1071 skeleton_planner.h:170] Found solution in: 3
I20260909 04:43:37.333348  1071 skeleton_planner.h:170] Found solution in: 3
I20260909 04:43:37.333355  1071 skeleton_planner.h:170] Found solution in: 1
I20260909 04:43:37.333359  1071 skeleton_planner.h:170] Found solution in: 3
I20260909 04:43:37.334293  1071 skeleton_planner.h:170] Found solution in: 10
I20260909 04:43:37.334302  1071 skeleton_planner.h:170] Found solution in: 1
I20260909 04:43:37.334995  1071 skeleton_planner.h:170] Found solution in: 14
I20260909 04:43:37.335012  1071 skeleton_planner.h:170] Found solution in: 1
I20260909 04:43:37.335019  1071 skeleton_planner.h:170] Found solution in: 1
I20260909 04:43:37.335024  1071 skeleton_planner.h:170] Found solution in: 3
I20260909 04:43:37.335031  1071 skeleton_planner.h:170] Found solution in: 1
I20260909 04:43:37.335037  1071 skeleton_planner.h:170] Found solution in: 1
I20260909 04:43:37.335043  1071 skeleton_planner.h:170] Found solution in: 5
I20260909 04:43:37.335067  1071 skeleton_planner.h:170] Found solution in: 23
I20260909 04:43:37.335074  1071 skeleton_planner.h:170] Found solution in: 6
I20260909 04:43:37.335079  1071 skeleton_planner.h:170] Found solution in: 1
I20260909 04:43:37.335084  1071 skeleton_planner.h:170] Found solution in: 4
I20260909 04:43:37.335091  1071 skeleton_planner.h:170] Found solution in: 4
I20260909 04:43:37.335114  1071 skeleton_planner.h:170] Found solution in: 25
I20260909 04:43:37.335122  1071 skeleton_planner.h:170] Found solution in: 1
I20260909 04:43:37.335150  1071 skeleton_planner.h:170] Found solution in: 5
I20260909 04:43:37.335157  1071 skeleton_planner.h:170] Found solution in: 1
I20260909 04:43:37.335165  1071 skeleton_planner.h:170] Found solution in: 6
I20260909 04:43:37.335171  1071 skeleton_planner.h:170] Found solution in: 1
I20260909 04:43:37.335183  1071 skeleton_planner.h:170] Found solution in: 3
I20260909 04:43:37.335189  1071 skeleton_planner.h:170] Found solution in: 1
I20260909 04:43:37.335196  1071 skeleton_planner.h:170] Found solution in: 6
I20260909 04:43:37.335202  1071 skeleton_planner.h:170] Found solution in: 1
I20260909 04:43:37.335219  1071 skeleton_planner.h:170] Found solution in: 4
I20260909 04:43:37.335227  1071 skeleton_planner.h:170] Found solution in: 1
I20260909 04:43:37.335240  1071 skeleton_planner.h:170] Found solution in: 4
I20260909 04:43:37.335247  1071 skeleton_planner.h:170] Found solution in: 1
I20260909 04:43:37.335259  1071 skeleton_planner.h:170] Found solution in: 4
I20260909 04:43:37.335268  1071 skeleton_planner.h:170] Found solution in: 1
I20260909 04:43:37.335376  1071 skeleton_planner.h:170] Found solution in: 7
I20260909 04:43:37.335386  1071 skeleton_planner.h:170] Found solution in: 1
I20260909 04:43:37.335403  1071 skeleton_planner.h:170] Found solution in: 17
I20260909 04:43:37.335418  1071 skeleton_planner.h:170] Found solution in: 16
I20260909 04:43:37.335429  1071 skeleton_planner.h:170] Found solution in: 1
I20260909 04:43:37.335441  1071 skeleton_planner.h:170] Found solution in: 4
I20260909 04:43:37.335450  1071 skeleton_planner.h:170] Found solution in: 1
I20260909 04:43:37.335454  1071 skeleton_planner.h:170] Found solution in: 3
I20260909 04:43:37.335475  1071 skeleton_planner.h:170] Found solution in: 25
I20260909 04:43:37.335482  1071 skeleton_planner.h:170] Found solution in: 1
I20260909 04:43:37.335486  1071 skeleton_planner.h:170] Found solution in: 3
I20260909 04:43:37.335507  1071 skeleton_planner.h:170] Found solution in: 25
I20260909 04:43:37.335516  1071 skeleton_planner.h:170] Found solution in: 1
I20260909 04:43:37.335613  1071 skeleton_planner.h:170] Found solution in: 3
I20260909 04:43:37.335621  1071 skeleton_planner.h:170] Found solution in: 1
I20260909 04:43:37.335630  1071 skeleton_planner.h:170] Found solution in: 1
I20260909 04:43:37.335642  1071 skeleton_planner.h:170] Found solution in: 1
I20260909 04:43:37.335646  1071 skeleton_planner.h:170] Found solution in: 3
I20260909 04:43:37.337356  1071 skeleton_planner.h:170] Found solution in: 1
I20260909 04:43:37.337363  1071 skeleton_planner.h:170] Found solution in: 3
I20260909 04:43:37.338797  1071 skeleton_planner.h:170] Found solution in: 1
I20260909 04:43:37.338809  1071 skeleton_planner.h:170] Found solution in: 9
I20260909 04:43:37.338815  1071 skeleton_planner.h:170] Found solution in: 1
I20260909 04:43:37.338819  1071 skeleton_planner.h:170] Found solution in: 2
I20260909 04:43:37.338829  1071 skeleton_planner.h:170] Found solution in: 4
I20260909 04:43:37.338837  1071 skeleton_planner.h:170] Found solution in: 1
I20260909 04:43:37.338850  1071 skeleton_planner.h:170] Found solution in: 4
I20260909 04:43:37.338860  1071 skeleton_planner.h:170] Found solution in: 1
I20260909 04:43:37.338877  1071 skeleton_planner.h:170] Found solution in: 3
I20260909 04:43:37.338886  1071 skeleton_planner.h:170] Found solution in: 1
I20260909 04:43:37.338900  1071 skeleton_planner.h:170] Found solution in: 3
I20260909 04:43:37.338907  1071 skeleton_planner.h:170] Found solution in: 1
I20260909 04:43:37.339020  1071 skeleton_planner.h:170] Found solution in: 3
I20260909 04:43:37.339028  1071 skeleton_planner.h:170] Found solution in: 1
I20260909 04:43:37.339133  1071 skeleton_planner.h:170] Found solution in: 6
I20260909 04:43:37.339141  1071 skeleton_planner.h:170] Found solution in: 1
I20260909 04:43:37.339157  1071 skeleton_planner.h:170] Found solution in: 4
I20260909 04:43:37.339165  1071 skeleton_planner.h:170] Found solution in: 1
I20260909 04:43:37.339170  1071 skeleton_planner.h:170] Found solution in: 3
I20260909 04:43:37.339624  1071 skeleton_planner.h:170] Found solution in: 1
I20260909 04:43:37.339637  1071 skeleton_planner.h:170] Found solution in: 3
I20260909 04:43:37.339644  1071 skeleton_planner.h:170] Found solution in: 1
I20260909 04:43:37.339670  1071 skeleton_planner.h:170] Found solution in: 4
I20260909 04:43:37.339682  1071 skeleton_planner.h:170] Found solution in: 1
I20260909 04:43:37.339689  1071 skeleton_planner.h:170] Found solution in: 6
I20260909 04:43:37.339710  1071 skeleton_planner.h:170] Found solution in: 6
I20260909 04:43:37.339722  1071 skeleton_planner.h:170] Found solution in: 1
I20260909 04:43:37.339742  1071 skeleton_planner.h:170] Found solution in: 5
I20260909 04:43:37.339751  1071 skeleton_planner.h:170] Found solution in: 1
I20260909 04:43:37.339763  1071 skeleton_planner.h:170] Found solution in: 3
I20260909 04:43:37.339772  1071 skeleton_planner.h:170] Found solution in: 1
I20260909 04:43:37.339783  1071 skeleton_planner.h:170] Found solution in: 3
I20260909 04:43:37.339792  1071 skeleton_planner.h:170] Found solution in: 1
I20260909 04:43:37.339797  1071 skeleton_planner.h:170] Found solution in: 2
I20260909 04:43:37.339807  1071 skeleton_planner.h:170] Found solution in: 3
I20260909 04:43:37.339816  1071 skeleton_planner.h:170] Found solution in: 1
I20260909 04:43:37.339825  1071 skeleton_planner.h:170] Found solution in: 1
I20260909 04:43:37.339834  1071 skeleton_planner.h:170] Found solution in: 1
I20260909 04:43:37.339850  1071 skeleton_planner.h:170] Found solution in: 15
I20260909 04:43:37.339859  1071 skeleton_planner.h:170] Found solution in: 1
I20260909 04:43:37.339877  1071 skeleton_planner.h:170] Found solution in: 20
I20260909 04:43:37.339884  1071 skeleton_planner.h:170] Found solution in: 5
I20260909 04:43:37.339892  1071 skeleton_planner.h:170] Found solution in: 1
I20260909 04:43:37.339917  1071 skeleton_planner.h:170] Found solution in: 28
I20260909 04:43:37.339926  1071 skeleton_planner.h:170] Found solution in: 6
I20260909 04:43:37.339932  1071 skeleton_planner.h:170] Found solution in: 1
I20260909 04:43:37.339948  1071 skeleton_planner.h:170] Found solution in: 19
I20260909 04:43:37.339955  1071 skeleton_planner.h:170] Found solution in: 6
I20260909 04:43:37.339963  1071 skeleton_planner.h:170] Found solution in: 1
I20260909 04:43:37.339969  1071 skeleton_planner.h:170] Found solution in: 6
I20260909 04:43:37.339993  1071 skeleton_planner.h:170] Found solution in: 8
I20260909 04:43:37.340003  1071 skeleton_planner.h:170] Found solution in: 1
I20260909 04:43:37.340009  1071 skeleton_planner.h:170] Found solution in: 5
I20260909 04:43:37.340036  1071 skeleton_planner.h:170] Found solution in: 5
I20260909 04:43:37.340044  1071 skeleton_planner.h:170] Found solution in: 1
I20260909 04:43:37.340247  1071 skeleton_planner.h:170] Found solution in: 7
I20260909 04:43:37.340456  1071 skeleton_planner.h:170] Found solution in: 1
I20260909 04:43:37.340494  1071 skeleton_planner.h:170] Found solution in: 12
I20260909 04:43:37.340502  1071 skeleton_planner.h:170] Found solution in: 1
I20260909 04:43:37.340524  1071 skeleton_planner.h:170] Found solution in: 3
I20260909 04:43:37.340533  1071 skeleton_planner.h:170] Found solution in: 1
I20260909 04:43:37.340547  1071 skeleton_planner.h:170] Found solution in: 4
I20260909 04:43:37.340553  1071 skeleton_planner.h:170] Found solution in: 1
I20260909 04:43:37.340557  1071 skeleton_planner.h:170] Found solution in: 2
I20260909 04:43:37.340566  1071 skeleton_planner.h:170] Found solution in: 3
I20260909 04:43:37.340571  1071 skeleton_planner.h:170] Found solution in: 1
I20260909 04:43:37.340575  1071 skeleton_planner.h:170] Found solution in: 2
I20260909 04:43:37.340588  1071 skeleton_planner.h:170] Found solution in: 5
I20260909 04:43:37.340595  1071 skeleton_planner.h:170] Found solution in: 1
I20260909 04:43:37.340600  1071 skeleton_planner.h:170] Found solution in: 2
I20260909 04:43:37.340605  1071 skeleton_planner.h:170] Found solution in: 1
I20260909 04:43:37.340608  1071 skeleton_planner.h:170] Found solution in: 2
I20260909 04:43:37.340612  1071 skeleton_planner.h:170] Found solution in: 1
I20260909 04:43:37.340628  1071 skeleton_planner.h:170] Found solution in: 4
I20260909 04:43:37.340634  1071 skeleton_planner.h:170] Found solution in: 1
I20260909 04:43:37.340837  1071 skeleton_planner.h:170] Found solution in: 5
I20260909 04:43:37.340844  1071 skeleton_planner.h:170] Found solution in: 1
I20260909 04:43:37.340847  1071 skeleton_planner.h:170] Found solution in: 2
I20260909 04:43:37.340907  1071 skeleton_planner.h:170] Found solution in: 34
I20260909 04:43:37.341030  1071 skeleton_planner.h:170] Found solution in: 78
I20260909 04:43:37.341048  1071 skeleton_planner.h:170] Found solution in: 5
I20260909 04:43:37.341055  1071 skeleton_planner.h:170] Found solution in: 1
I20260909 04:43:37.341431  1071 skeleton_planner.h:170] Found solution in: 41
I20260909 04:43:37.341444  1071 skeleton_planner.h:170] Found solution in: 1
I20260909 04:43:37.341447  1071 skeleton_planner.h:170] Found solution in: 2
I20260909 04:43:37.341460  1071 skeleton_planner.h:170] Found solution in: 5
I20260909 04:43:37.341468  1071 skeleton_planner.h:170] Found solution in: 1
I20260909 04:43:37.341475  1071 skeleton_planner.h:170] Found solution in: 8
I20260909 04:43:37.341675  1071 skeleton_planner.h:170] Found solution in: 6
I20260909 04:43:37.341683  1071 skeleton_planner.h:170] Found solution in: 1
I20260909 04:43:37.341809  1071 skeleton_planner.h:170] Found solution in: 60
I20260909 04:43:37.341822  1071 skeleton_planner.h:170] Found solution in: 5
I20260909 04:43:37.341841  1071 skeleton_planner.h:170] Found solution in: 5
I20260909 04:43:37.341850  1071 skeleton_planner.h:170] Found solution in: 1
I20260909 04:43:37.341854  1071 skeleton_planner.h:170] Found solution in: 3
I20260909 04:43:37.341866  1071 skeleton_planner.h:170] Found solution in: 3
I20260909 04:43:37.341872  1071 skeleton_planner.h:170] Found solution in: 1
I20260909 04:43:37.342065  1071 skeleton_planner.h:170] Found solution in: 1
I20260909 04:43:37.342070  1071 skeleton_planner.h:170] Found solution in: 4
I20260909 04:43:37.342089  1071 skeleton_planner.h:170] Found solution in: 8
I20260909 04:43:37.342097  1071 skeleton_planner.h:170] Found solution in: 1
I20260909 04:43:37.342125  1071 skeleton_planner.h:170] Found solution in: 8
I20260909 04:43:37.342135  1071 skeleton_planner.h:170] Found solution in: 1
I20260909 04:43:37.342144  1071 skeleton_planner.h:170] Found solution in: 5
I20260909 04:43:37.342149  1071 skeleton_planner.h:170] Found solution in: 1
I20260909 04:43:37.342163  1071 skeleton_planner.h:170] Found solution in: 16
I20260909 04:43:37.342170  1071 skeleton_planner.h:170] Found solution in: 4
I20260909 04:43:37.342175  1071 skeleton_planner.h:170] Found solution in: 1
I20260909 04:43:37.342180  1071 skeleton_planner.h:170] Found solution in: 5
I20260909 04:43:37.342185  1071 skeleton_planner.h:170] Found solution in: 4
I20260909 04:43:37.342201  1071 skeleton_planner.h:170] Found solution in: 19
I20260909 04:43:37.342216  1071 skeleton_planner.h:170] Found solution in: 1
I20260909 04:43:37.342222  1071 skeleton_planner.h:170] Found solution in: 1
I20260909 04:43:37.342231  1071 skeleton_planner.h:170] Found solution in: 1
I20260909 04:43:37.342338  1071 skeleton_planner.h:170] Found solution in: 5
I20260909 04:43:37.342351  1071 skeleton_planner.h:170] Found solution in: 1
I20260909 04:43:37.342445  1071 skeleton_planner.h:170] Found solution in: 5
I20260909 04:43:37.342454  1071 skeleton_planner.h:170] Found solution in: 1
I20260909 04:43:37.342469  1071 skeleton_planner.h:170] Found solution in: 5
I20260909 04:43:37.342478  1071 skeleton_planner.h:170] Found solution in: 1
I20260909 04:43:37.342482  1071 skeleton_planner.h:170] Found solution in: 3
I20260909 04:43:37.342500  1071 skeleton_planner.h:170] Found solution in: 4
I20260909 04:43:37.342509  1071 skeleton_planner.h:170] Found solution in: 1
I20260909 04:43:37.342515  1071 skeleton_planner.h:170] Found solution in: 1
I20260909 04:43:37.342540  1071 skeleton_planner.h:170] Found solution in: 7
I20260909 04:43:37.342552  1071 skeleton_planner.h:170] Found solution in: 1
I20260909 04:43:37.342567  1071 skeleton_planner.h:170] Found solution in: 3
I20260909 04:43:37.342576  1071 skeleton_planner.h:170] Found solution in: 1
I20260909 04:43:37.342579  1071 skeleton_planner.h:170] Found solution in: 3
I20260909 04:43:37.343108  1071 skeleton_planner.h:170] Found solution in: 1
I20260909 04:43:37.343600  1071 skeleton_planner.h:170] Found solution in: 1
I20260909 04:43:37.343604  1071 skeleton_planner.h:170] Found solution in: 4
I20260909 04:43:37.343827  1071 skeleton_planner.h:170] Found solution in: 1
I20260909 04:43:37.343832  1071 skeleton_planner.h:170] Found solution in: 4
I20260909 04:43:37.344050  1071 skeleton_planner.h:170] Found solution in: 1
I20260909 04:43:37.344054  1071 skeleton_planner.h:170] Found solution in: 2
I20260909 04:43:37.344064  1071 skeleton_planner.h:170] Found solution in: 3
I20260909 04:43:37.344074  1071 skeleton_planner.h:170] Found solution in: 1
I20260909 04:43:37.344084  1071 skeleton_planner.h:170] Found solution in: 1
I20260909 04:43:37.344092  1071 skeleton_planner.h:170] Found solution in: 8
I20260909 04:43:37.344100  1071 skeleton_planner.h:170] Found solution in: 1
I20260909 04:43:37.344110  1071 skeleton_planner.h:170] Found solution in: 8
I20260909 04:43:37.344116  1071 skeleton_planner.h:170] Found solution in: 1
I20260909 04:43:37.344120  1071 skeleton_planner.h:170] Found solution in: 3
I20260909 04:43:37.344177  1071 skeleton_planner.h:170] Found solution in: 26
I20260909 04:43:37.344254  1071 skeleton_planner.h:170] Found solution in: 27
I20260909 04:43:37.344264  1071 skeleton_planner.h:170] Found solution in: 1
I20260909 04:43:37.344350  1071 skeleton_planner.h:170] Found solution in: 38
I20260909 04:43:37.344362  1071 skeleton_planner.h:170] Found solution in: 1
I20260909 04:43:37.344422  1071 skeleton_planner.h:170] Found solution in: 25
I20260909 04:43:37.344457  1071 skeleton_planner.h:170] Found solution in: 9
I20260909 04:43:37.344467  1071 skeleton_planner.h:170] Found solution in: 1
I20260909 04:43:37.344471  1071 skeleton_planner.h:170] Found solution in: 3
I20260909 04:43:37.344482  1071 skeleton_planner.h:170] Found solution in: 3
I20260909 04:43:37.344491  1071 skeleton_planner.h:170] Found solution in: 1
I20260909 04:43:37.344509  1071 skeleton_planner.h:170] Found solution in: 3
I20260909 04:43:37.344516  1071 skeleton_planner.h:170] Found solution in: 1
I20260909 04:43:37.344530  1071 skeleton_planner.h:170] Found solution in: 4
I20260909 04:43:37.344537  1071 skeleton_planner.h:170] Found solution in: 1
I20260909 04:43:37.344548  1071 skeleton_planner.h:170] Found solution in: 3
I20260909 04:43:37.344556  1071 skeleton_planner.h:170] Found solution in: 1
I20260909 04:43:37.344580  1071 skeleton_planner.h:170] Found solution in: 5
I20260909 04:43:37.344590  1071 skeleton_planner.h:170] Found solution in: 1
I20260909 04:43:37.344594  1071 skeleton_planner.h:170] Found solution in: 3
I20260909 04:43:37.344606  1071 skeleton_planner.h:170] Found solution in: 13
I20260909 04:43:37.344614  1071 skeleton_planner.h:170] Found solution in: 7
I20260909 04:43:37.344619  1071 skeleton_planner.h:170] Found solution in: 1
I20260909 04:43:37.344622  1071 skeleton_planner.h:170] Found solution in: 3
I20260909 04:43:37.344628  1071 skeleton_planner.h:170] Found solution in: 6
I20260909 04:43:37.344640  1071 skeleton_planner.h:170] Found solution in: 13
I20260909 04:43:37.344681  1071 skeleton_planner.h:170] Found solution in: 50
I20260909 04:43:37.344691  1071 skeleton_planner.h:170] Found solution in: 1
I20260909 04:43:37.344794  1071 skeleton_planner.h:170] Found solution in: 5
I20260909 04:43:37.344802  1071 skeleton_planner.h:170] Found solution in: 1
I20260909 04:43:37.344810  1071 skeleton_planner.h:170] Found solution in: 1
I20260909 04:43:37.344916  1071 skeleton_planner.h:170] Found solution in: 5
I20260909 04:43:37.344929  1071 skeleton_planner.h:170] Found solution in: 1
I20260909 04:43:37.344983  1071 skeleton_planner.h:170] Found solution in: 65
I20260909 04:43:37.344993  1071 skeleton_planner.h:170] Found solution in: 1
I20260909 04:43:37.345016  1071 skeleton_planner.h:170] Found solution in: 27
I20260909 04:43:37.345021  1071 skeleton_planner.h:170] Found solution in: 1
I20260909 04:43:37.345036  1071 skeleton_planner.h:170] Found solution in: 17
I20260909 04:43:37.345041  1071 skeleton_planner.h:170] Found solution in: 1
I20260909 04:43:37.345052  1071 skeleton_planner.h:170] Found solution in: 3
I20260909 04:43:37.345058  1071 skeleton_planner.h:170] Found solution in: 1
I20260909 04:43:37.345067  1071 skeleton_planner.h:170] Found solution in: 1
I20260909 04:43:37.345075  1071 skeleton_planner.h:170] Found solution in: 6
I20260909 04:43:37.345082  1071 skeleton_planner.h:170] Found solution in: 1
I20260909 04:43:37.345088  1071 skeleton_planner.h:170] Found solution in: 6
I20260909 04:43:37.345096  1071 skeleton_planner.h:170] Found solution in: 1
I20260909 04:43:37.345101  1071 skeleton_planner.h:170] Found solution in: 4
I20260909 04:43:37.345124  1071 skeleton_planner.h:170] Found solution in: 6
I20260909 04:43:37.345132  1071 skeleton_planner.h:170] Found solution in: 1
I20260909 04:43:37.345139  1071 skeleton_planner.h:170] Found solution in: 1
I20260909 04:43:37.345145  1071 skeleton_planner.h:170] Found solution in: 1
I20260909 04:43:37.345149  1071 skeleton_planner.h:170] Found solution in: 1
I20260909 04:43:37.345153  1071 skeleton_planner.h:170] Found solution in: 2
I20260909 04:43:37.345183  1071 skeleton_planner.h:170] Found solution in: 10
I20260909 04:43:37.345191  1071 skeleton_planner.h:170] Found solution in: 1
I20260909 04:43:37.345197  1071 skeleton_planner.h:170] Found solution in: 1
I20260909 04:43:37.345206  1071 skeleton_planner.h:170] Found solution in: 7
I20260909 04:43:37.345212  1071 skeleton_planner.h:170] Found solution in: 1
I20260909 04:43:37.345223  1071 skeleton_planner.h:170] Found solution in: 10
I20260909 04:43:37.345229  1071 skeleton_planner.h:170] Found solution in: 1
I20260909 04:43:37.345242  1071 skeleton_planner.h:170] Found solution in: 4
I20260909 04:43:37.345248  1071 skeleton_planner.h:170] Found solution in: 1
I20260909 04:43:37.345263  1071 skeleton_planner.h:170] Found solution in: 5
I20260909 04:43:37.345274  1071 skeleton_planner.h:170] Found solution in: 1
I20260909 04:43:37.345289  1071 skeleton_planner.h:170] Found solution in: 3
I20260909 04:43:37.345296  1071 skeleton_planner.h:170] Found solution in: 1
I20260909 04:43:37.345309  1071 skeleton_planner.h:170] Found solution in: 3
I20260909 04:43:37.345317  1071 skeleton_planner.h:170] Found solution in: 1
I20260909 04:43:37.345330  1071 skeleton_planner.h:170] Found solution in: 3
I20260909 04:43:37.345340  1071 skeleton_planner.h:170] Found solution in: 1
I20260909 04:43:37.345343  1071 skeleton_planner.h:170] Found solution in: 3
I20260909 04:43:37.345434  1071 skeleton_planner.h:170] Found solution in: 4
I20260909 04:43:37.345443  1071 skeleton_planner.h:170] Found solution in: 1
I20260909 04:43:37.345536  1071 skeleton_planner.h:170] Found solution in: 5
I20260909 04:43:37.345547  1071 skeleton_planner.h:170] Found solution in: 1
I20260909 04:43:37.345567  1071 skeleton_planner.h:170] Found solution in: 5
I20260909 04:43:37.345578  1071 skeleton_planner.h:170] Found solution in: 1
I20260909 04:43:37.345585  1071 skeleton_planner.h:170] Found solution in: 1
I20260909 04:43:37.345589  1071 skeleton_planner.h:170] Found solution in: 2
I20260909 04:43:37.345604  1071 skeleton_planner.h:170] Found solution in: 5
I20260909 04:43:37.345613  1071 skeleton_planner.h:170] Found solution in: 1
I20260909 04:43:37.345623  1071 skeleton_planner.h:170] Found solution in: 10
I20260909 04:43:37.345629  1071 skeleton_planner.h:170] Found solution in: 1
I20260909 04:43:37.345638  1071 skeleton_planner.h:170] Found solution in: 8
I20260909 04:43:37.345643  1071 skeleton_planner.h:170] Found solution in: 1
I20260909 04:43:37.345654  1071 skeleton_planner.h:170] Found solution in: 9
I20260909 04:43:37.345661  1071 skeleton_planner.h:170] Found solution in: 1
I20260909 04:43:37.345674  1071 skeleton_planner.h:170] Found solution in: 3
I20260909 04:43:37.345682  1071 skeleton_planner.h:170] Found solution in: 1
I20260909 04:43:37.345696  1071 skeleton_planner.h:170] Found solution in: 5
I20260909 04:43:37.345709  1071 skeleton_planner.h:170] Found solution in: 1
I20260909 04:43:37.345719  1071 skeleton_planner.h:170] Found solution in: 1
I20260909 04:43:37.345729  1071 skeleton_planner.h:170] Found solution in: 1
I20260909 04:43:37.345818  1071 skeleton_planner.h:170] Found solution in: 3
I20260909 04:43:37.345826  1071 skeleton_planner.h:170] Found solution in: 1
I20260909 04:43:37.345914  1071 skeleton_planner.h:170] Found solution in: 3
I20260909 04:43:37.345924  1071 skeleton_planner.h:170] Found solution in: 1
I20260909 04:43:37.346004  1071 skeleton_planner.h:170] Found solution in: 4
I20260909 04:43:37.346010  1071 skeleton_planner.h:170] Found solution in: 1
I20260909 04:43:37.346024  1071 skeleton_planner.h:170] Found solution in: 14
I20260909 04:43:37.346032  1071 skeleton_planner.h:170] Found solution in: 1
I20260909 04:43:37.346062  1071 skeleton_planner.h:170] Found solution in: 35
I20260909 04:43:37.346071  1071 skeleton_planner.h:170] Found solution in: 1
I20260909 04:43:37.346078  1071 skeleton_planner.h:170] Found solution in: 7
I20260909 04:43:37.346084  1071 skeleton_planner.h:170] Found solution in: 1
I20260909 04:43:37.346091  1071 skeleton_planner.h:170] Found solution in: 7
I20260909 04:43:37.346098  1071 skeleton_planner.h:170] Found solution in: 1
I20260909 04:43:37.346103  1071 skeleton_planner.h:170] Found solution in: 5
I20260909 04:43:37.346109  1071 skeleton_planner.h:170] Found solution in: 1
I20260909 04:43:37.346114  1071 skeleton_planner.h:170] Found solution in: 5
I20260909 04:43:37.346122  1071 skeleton_planner.h:170] Found solution in: 1
I20260909 04:43:37.346134  1071 skeleton_planner.h:170] Found solution in: 3
I20260909 04:43:37.346145  1071 skeleton_planner.h:170] Found solution in: 1
I20260909 04:43:37.346247  1071 skeleton_planner.h:170] Found solution in: 7
I20260909 04:43:37.346256  1071 skeleton_planner.h:170] Found solution in: 1
I20260909 04:43:37.346264  1071 skeleton_planner.h:170] Found solution in: 7
I20260909 04:43:37.346293  1071 skeleton_planner.h:170] Found solution in: 7
I20260909 04:43:37.346303  1071 skeleton_planner.h:170] Found solution in: 1
I20260909 04:43:37.346312  1071 skeleton_planner.h:170] Found solution in: 6
I20260909 04:43:37.346323  1071 skeleton_planner.h:170] Found solution in: 11
I20260909 04:43:37.346343  1071 skeleton_planner.h:170] Found solution in: 26
I20260909 04:43:37.346350  1071 skeleton_planner.h:170] Found solution in: 1
I20260909 04:43:37.346354  1071 skeleton_planner.h:170] Found solution in: 3
I20260909 04:43:37.346366  1071 skeleton_planner.h:170] Found solution in: 3
I20260909 04:43:37.346374  1071 skeleton_planner.h:170] Found solution in: 1
I20260909 04:43:37.346386  1071 skeleton_planner.h:170] Found solution in: 4
I20260909 04:43:37.346395  1071 skeleton_planner.h:170] Found solution in: 1
I20260909 04:43:37.346402  1071 skeleton_planner.h:170] Found solution in: 6
I20260909 04:43:37.346407  1071 skeleton_planner.h:170] Found solution in: 1
I20260909 04:43:37.346416  1071 skeleton_planner.h:170] Found solution in: 9
I20260909 04:43:37.346423  1071 skeleton_planner.h:170] Found solution in: 7
I20260909 04:43:37.346431  1071 skeleton_planner.h:170] Found solution in: 8
I20260909 04:43:37.346438  1071 skeleton_planner.h:170] Found solution in: 1
I20260909 04:43:37.346446  1071 skeleton_planner.h:170] Found solution in: 10
I20260909 04:43:37.346462  1071 skeleton_planner.h:170] Found solution in: 19
I20260909 04:43:37.346475  1071 skeleton_planner.h:170] Found solution in: 1
I20260909 04:43:37.346566  1071 skeleton_planner.h:170] Found solution in: 3
I20260909 04:43:37.346576  1071 skeleton_planner.h:170] Found solution in: 1
I20260909 04:43:37.346596  1071 skeleton_planner.h:170] Found solution in: 4
I20260909 04:43:37.346604  1071 skeleton_planner.h:170] Found solution in: 1
I20260909 04:43:37.346616  1071 skeleton_planner.h:170] Found solution in: 3
I20260909 04:43:37.346628  1071 skeleton_planner.h:170] Found solution in: 1
I20260909 04:43:37.346635  1071 skeleton_planner.h:170] Found solution in: 6
I20260909 04:43:37.346645  1071 skeleton_planner.h:170] Found solution in: 9
I20260909 04:43:37.346653  1071 skeleton_planner.h:170] Found solution in: 1
I20260909 04:43:37.346659  1071 skeleton_planner.h:170] Found solution in: 1
I20260909 04:43:37.346745  1071 skeleton_planner.h:170] Found solution in: 3
I20260909 04:43:37.346753  1071 skeleton_planner.h:170] Found solution in: 1
I20260909 04:43:37.346761  1071 skeleton_planner.h:170] Found solution in: 1
I20260909 04:43:37.346767  1071 skeleton_planner.h:170] Found solution in: 1
I20260909 04:43:37.346771  1071 skeleton_planner.h:170] Found solution in: 3
I20260909 04:43:37.346863  1071 skeleton_planner.h:170] Found solution in: 4
I20260909 04:43:37.346870  1071 skeleton_planner.h:170] Found solution in: 1
I20260909 04:43:37.346880  1071 skeleton_planner.h:170] Found solution in: 10
I20260909 04:43:37.346885  1071 skeleton_planner.h:170] Found solution in: 1
I20260909 04:43:37.346904  1071 skeleton_planner.h:170] Found solution in: 26
I20260909 04:43:37.346909  1071 skeleton_planner.h:170] Found solution in: 1
I20260909 04:43:37.346920  1071 skeleton_planner.h:170] Found solution in: 10
I20260909 04:43:37.347007  1071 skeleton_planner.h:170] Found solution in: 4
I20260909 04:43:37.347014  1071 skeleton_planner.h:170] Found solution in: 1
I20260909 04:43:37.347021  1071 skeleton_planner.h:170] Found solution in: 7
I20260909 04:43:37.347127  1071 skeleton_planner.h:170] Found solution in: 6
I20260909 04:43:37.347138  1071 skeleton_planner.h:170] Found solution in: 1
I20260909 04:43:37.347142  1071 skeleton_planner.h:170] Found solution in: 2
I20260909 04:43:37.347148  1071 skeleton_planner.h:170] Found solution in: 1
I20260909 04:43:37.347152  1071 skeleton_planner.h:170] Found solution in: 2
I20260909 04:43:37.347157  1071 skeleton_planner.h:170] Found solution in: 1
I20260909 04:43:37.347167  1071 skeleton_planner.h:170] Found solution in: 1
I20260909 04:43:37.347244  1071 skeleton_planner.h:170] Found solution in: 5
I20260909 04:43:37.347255  1071 skeleton_planner.h:170] Found solution in: 1
I20260909 04:43:37.347338  1071 skeleton_planner.h:170] Found solution in: 5
I20260909 04:43:37.347348  1071 skeleton_planner.h:170] Found solution in: 1
I20260909 04:43:37.347357  1071 skeleton_planner.h:170] Found solution in: 3
I20260909 04:43:37.347363  1071 skeleton_planner.h:170] Found solution in: 1
I20260909 04:43:37.347368  1071 skeleton_planner.h:170] Found solution in: 3
I20260909 04:43:37.347386  1071 skeleton_planner.h:170] Found solution in: 5
I20260909 04:43:37.347394  1071 skeleton_planner.h:170] Found solution in: 1
I20260909 04:43:37.347409  1071 skeleton_planner.h:170] Found solution in: 5
I20260909 04:43:37.347417  1071 skeleton_planner.h:170] Found solution in: 1
I20260909 04:43:37.347422  1071 skeleton_planner.h:170] Found solution in: 3
I20260909 04:43:37.347426  1071 skeleton_planner.h:170] Found solution in: 1
I20260909 04:43:37.347435  1071 skeleton_planner.h:170] Found solution in: 9
I20260909 04:43:37.347443  1071 skeleton_planner.h:170] Found solution in: 1
I20260909 04:43:37.347447  1071 skeleton_planner.h:170] Found solution in: 3
I20260909 04:43:37.347453  1071 skeleton_planner.h:170] Found solution in: 1
I20260909 04:43:37.347457  1071 skeleton_planner.h:170] Found solution in: 3
I20260909 04:43:37.347492  1071 skeleton_planner.h:170] Found solution in: 37
I20260909 04:43:37.347501  1071 skeleton_planner.h:170] Found solution in: 1
I20260909 04:43:37.347509  1071 skeleton_planner.h:170] Found solution in: 1
I20260909 04:43:37.347604  1071 skeleton_planner.h:170] Found solution in: 4
I20260909 04:43:37.347611  1071 skeleton_planner.h:170] Found solution in: 1
I20260909 04:43:37.347644  1071 skeleton_planner.h:170] Found solution in: 40
I20260909 04:43:37.347651  1071 skeleton_planner.h:170] Found solution in: 3
I20260909 04:43:37.347679  1071 skeleton_planner.h:170] Found solution in: 37
I20260909 04:43:37.347688  1071 skeleton_planner.h:170] Found solution in: 1
I20260909 04:43:37.347754  1071 skeleton_planner.h:170] Found solution in: 77
I20260909 04:43:37.347764  1071 skeleton_planner.h:170] Found solution in: 1
I20260909 04:43:37.347771  1071 skeleton_planner.h:170] Found solution in: 1
I20260909 04:43:37.347805  1071 skeleton_planner.h:170] Found solution in: 7
I20260909 04:43:37.347816  1071 skeleton_planner.h:170] Found solution in: 1
I20260909 04:43:37.347820  1071 skeleton_planner.h:170] Found solution in: 3
I20260909 04:43:37.347826  1071 skeleton_planner.h:170] Found solution in: 1
I20260909 04:43:37.347829  1071 skeleton_planner.h:170] Found solution in: 3
I20260909 04:43:37.347837  1071 skeleton_planner.h:170] Found solution in: 10
I20260909 04:43:37.347844  1071 skeleton_planner.h:170] Found solution in: 1
I20260909 04:43:37.347851  1071 skeleton_planner.h:170] Found solution in: 9
I20260909 04:43:37.347859  1071 skeleton_planner.h:170] Found solution in: 9
I20260909 04:43:37.347867  1071 skeleton_planner.h:170] Found solution in: 1
I20260909 04:43:37.347898  1071 skeleton_planner.h:170] Found solution in: 36
I20260909 04:43:37.347906  1071 skeleton_planner.h:170] Found solution in: 1
I20260909 04:43:37.348008  1071 skeleton_planner.h:170] Found solution in: 3
I20260909 04:43:37.348016  1071 skeleton_planner.h:170] Found solution in: 1
I20260909 04:43:37.348042  1071 skeleton_planner.h:170] Found solution in: 34
I20260909 04:43:37.348048  1071 skeleton_planner.h:170] Found solution in: 4
I20260909 04:43:37.348055  1071 skeleton_planner.h:170] Found solution in: 1
I20260909 04:43:37.348158  1071 skeleton_planner.h:170] Found solution in: 3
I20260909 04:43:37.348167  1071 skeleton_planner.h:170] Found solution in: 1
I20260909 04:43:37.348174  1071 skeleton_planner.h:170] Found solution in: 8
I20260909 04:43:37.348181  1071 skeleton_planner.h:170] Found solution in: 8
I20260909 04:43:37.348189  1071 skeleton_planner.h:170] Found solution in: 8
I20260909 04:43:37.348220  1071 skeleton_planner.h:170] Found solution in: 8
I20260909 04:43:37.348228  1071 skeleton_planner.h:170] Found solution in: 1
I20260909 04:43:37.348240  1071 skeleton_planner.h:170] Found solution in: 1
I20260909 04:43:37.348362  1071 skeleton_planner.h:170] Found solution in: 6
I20260909 04:43:37.348372  1071 skeleton_planner.h:170] Found solution in: 1
I20260909 04:43:37.348385  1071 skeleton_planner.h:170] Found solution in: 3
I20260909 04:43:37.348394  1071 skeleton_planner.h:170] Found solution in: 1
I20260909 04:43:37.348412  1071 skeleton_planner.h:170] Found solution in: 5
I20260909 04:43:37.348421  1071 skeleton_planner.h:170] Found solution in: 1
I20260909 04:43:37.348434  1071 skeleton_planner.h:170] Found solution in: 4
I20260909 04:43:37.348443  1071 skeleton_planner.h:170] Found solution in: 1
I20260909 04:43:37.348493  1071 skeleton_planner.h:170] Found solution in: 66
I20260909 04:43:37.348505  1071 skeleton_planner.h:170] Found solution in: 11
I20260909 04:43:37.348511  1071 skeleton_planner.h:170] Found solution in: 1
I20260909 04:43:37.348529  1071 skeleton_planner.h:170] Found solution in: 5
I20260909 04:43:37.348538  1071 skeleton_planner.h:170] Found solution in: 1
I20260909 04:43:37.348603  1071 skeleton_planner.h:170] Found solution in: 83
I20260909 04:43:37.348613  1071 skeleton_planner.h:170] Found solution in: 1
I20260909 04:43:37.348621  1071 skeleton_planner.h:170] Found solution in: 1
I20260909 04:43:37.348672  1071 skeleton_planner.h:170] Found solution in: 65
I20260909 04:43:37.348680  1071 skeleton_planner.h:170] Found solution in: 1
I20260909 04:43:37.348688  1071 skeleton_planner.h:170] Found solution in: 1
I20260909 04:43:37.348691  1071 skeleton_planner.h:170] Found solution in: 2
I20260909 04:43:37.348696  1071 skeleton_planner.h:170] Found solution in: 1
I20260909 04:43:37.348701  1071 skeleton_planner.h:170] Found solution in: 2
I20260909 04:43:37.348706  1071 skeleton_planner.h:170] Found solution in: 1
I20260909 04:43:37.348711  1071 skeleton_planner.h:170] Found solution in: 4
I20260909 04:43:37.348742  1071 skeleton_planner.h:170] Found solution in: 10
I20260909 04:43:37.348752  1071 skeleton_planner.h:170] Found solution in: 1
I20260909 04:43:37.348778  1071 skeleton_planner.h:170] Found solution in: 8
I20260909 04:43:37.348786  1071 skeleton_planner.h:170] Found solution in: 1
I20260909 04:43:37.348801  1071 skeleton_planner.h:170] Found solution in: 3
I20260909 04:43:37.348809  1071 skeleton_planner.h:170] Found solution in: 1
I20260909 04:43:37.348876  1071 skeleton_planner.h:170] Found solution in: 32
I20260909 04:43:37.348886  1071 skeleton_planner.h:170] Found solution in: 1
I20260909 04:43:37.348899  1071 skeleton_planner.h:170] Found solution in: 15
I20260909 04:43:37.348908  1071 skeleton_planner.h:170] Found solution in: 1
I20260909 04:43:37.348915  1071 skeleton_planner.h:170] Found solution in: 7
I20260909 04:43:37.348946  1071 skeleton_planner.h:170] Found solution in: 5
I20260909 04:43:37.348954  1071 skeleton_planner.h:170] Found solution in: 1
I20260909 04:43:37.348961  1071 skeleton_planner.h:170] Found solution in: 7
I20260909 04:43:37.349052  1071 skeleton_planner.h:170] Found solution in: 4
I20260909 04:43:37.349061  1071 skeleton_planner.h:170] Found solution in: 1
I20260909 04:43:37.349068  1071 skeleton_planner.h:170] Found solution in: 1
I20260909 04:43:37.349072  1071 skeleton_planner.h:170] Found solution in: 3
I20260909 04:43:37.349092  1071 skeleton_planner.h:170] Found solution in: 5
I20260909 04:43:37.349100  1071 skeleton_planner.h:170] Found solution in: 1
I20260909 04:43:37.349365  1071 skeleton_planner.h:170] Found solution in: 1
I20260909 04:43:37.349401  1071 skeleton_planner.h:170] Found solution in: 5
I20260909 04:43:37.349414  1071 skeleton_planner.h:170] Found solution in: 1
I20260909 04:43:37.349422  1071 skeleton_planner.h:170] Found solution in: 1
I20260909 04:43:37.349426  1071 skeleton_planner.h:170] Found solution in: 3
I20260909 04:43:37.349444  1071 skeleton_planner.h:170] Found solution in: 4
I20260909 04:43:37.349452  1071 skeleton_planner.h:170] Found solution in: 1
I20260909 04:43:37.349454  1071 skeleton_planner.h:170] Found solution in: 3
I20260909 04:43:37.349466  1071 skeleton_planner.h:170] Found solution in: 13
I20260909 04:43:37.349500  1071 skeleton_planner.h:170] Found solution in: 5
I20260909 04:43:37.349509  1071 skeleton_planner.h:170] Found solution in: 1
I20260909 04:43:37.349519  1071 skeleton_planner.h:170] Found solution in: 13
I20260909 04:43:37.349524  1071 skeleton_planner.h:170] Found solution in: 1
I20260909 04:43:37.349534  1071 skeleton_planner.h:170] Found solution in: 11
I20260909 04:43:37.349539  1071 skeleton_planner.h:170] Found solution in: 1
I20260909 04:43:37.349553  1071 skeleton_planner.h:170] Found solution in: 3
I20260909 04:43:37.349562  1071 skeleton_planner.h:170] Found solution in: 1
I20260909 04:43:37.349566  1071 skeleton_planner.h:170] Found solution in: 3
I20260909 04:43:37.349581  1071 skeleton_planner.h:170] Found solution in: 4
I20260909 04:43:37.349588  1071 skeleton_planner.h:170] Found solution in: 1
I20260909 04:43:37.349599  1071 skeleton_planner.h:170] Found solution in: 3
I20260909 04:43:37.349610  1071 skeleton_planner.h:170] Found solution in: 1
I20260909 04:43:37.349700  1071 skeleton_planner.h:170] Found solution in: 3
I20260909 04:43:37.349709  1071 skeleton_planner.h:170] Found solution in: 1
I20260909 04:43:37.349721  1071 skeleton_planner.h:170] Found solution in: 3
I20260909 04:43:37.349730  1071 skeleton_planner.h:170] Found solution in: 1
I20260909 04:43:37.349736  1071 skeleton_planner.h:170] Found solution in: 1
I20260909 04:43:37.349742  1071 skeleton_planner.h:170] Found solution in: 1
I20260909 04:43:37.349752  1071 skeleton_planner.h:170] Found solution in: 3
I20260909 04:43:37.349761  1071 skeleton_planner.h:170] Found solution in: 1
I20260909 04:43:37.349776  1071 skeleton_planner.h:170] Found solution in: 4
I20260909 04:43:37.349786  1071 skeleton_planner.h:170] Found solution in: 1
I20260909 04:43:37.349798  1071 skeleton_planner.h:170] Found solution in: 11
I20260909 04:43:37.349808  1071 skeleton_planner.h:170] Found solution in: 1
I20260909 04:43:37.349814  1071 skeleton_planner.h:170] Found solution in: 4
I20260909 04:43:37.349822  1071 skeleton_planner.h:170] Found solution in: 1
I20260909 04:43:37.349828  1071 skeleton_planner.h:170] Found solution in: 4
I20260909 04:43:37.349833  1071 skeleton_planner.h:170] Found solution in: 1
I20260909 04:43:37.349854  1071 skeleton_planner.h:170] Found solution in: 6
I20260909 04:43:37.349865  1071 skeleton_planner.h:170] Found solution in: 1
I20260909 04:43:37.349882  1071 skeleton_planner.h:170] Found solution in: 4
I20260909 04:43:37.349892  1071 skeleton_planner.h:170] Found solution in: 1
I20260909 04:43:37.349898  1071 skeleton_planner.h:170] Found solution in: 1
I20260909 04:43:37.349907  1071 skeleton_planner.h:170] Found solution in: 1
I20260909 04:43:37.349915  1071 skeleton_planner.h:170] Found solution in: 1
I20260909 04:43:37.349922  1071 skeleton_planner.h:170] Found solution in: 1
I20260909 04:43:37.349939  1071 skeleton_planner.h:170] Found solution in: 5
I20260909 04:43:37.349946  1071 skeleton_planner.h:170] Found solution in: 1
I20260909 04:43:37.349960  1071 skeleton_planner.h:170] Found solution in: 4
I20260909 04:43:37.349970  1071 skeleton_planner.h:170] Found solution in: 1
I20260909 04:43:37.349977  1071 skeleton_planner.h:170] Found solution in: 5
I20260909 04:43:37.349992  1071 skeleton_planner.h:170] Found solution in: 21
I20260909 04:43:37.349999  1071 skeleton_planner.h:170] Found solution in: 1
I20260909 04:43:37.350010  1071 skeleton_planner.h:170] Found solution in: 3
I20260909 04:43:37.350018  1071 skeleton_planner.h:170] Found solution in: 1
I20260909 04:43:37.350023  1071 skeleton_planner.h:170] Found solution in: 5
I20260909 04:43:37.350029  1071 skeleton_planner.h:170] Found solution in: 8
I20260909 04:43:37.350037  1071 skeleton_planner.h:170] Found solution in: 1
I20260909 04:43:37.350047  1071 skeleton_planner.h:170] Found solution in: 9
I20260909 04:43:37.350065  1071 skeleton_planner.h:170] Found solution in: 21
I20260909 04:43:37.350073  1071 skeleton_planner.h:170] Found solution in: 1
I20260909 04:43:37.350085  1071 skeleton_planner.h:170] Found solution in: 10
I20260909 04:43:37.350092  1071 skeleton_planner.h:170] Found solution in: 1
I20260909 04:43:37.350099  1071 skeleton_planner.h:170] Found solution in: 8
I20260909 04:43:37.350106  1071 skeleton_planner.h:170] Found solution in: 8
I20260909 04:43:37.350116  1071 skeleton_planner.h:170] Found solution in: 1
I20260909 04:43:37.350123  1071 skeleton_planner.h:170] Found solution in: 7
I20260909 04:43:37.350144  1071 skeleton_planner.h:170] Found solution in: 23
I20260909 04:43:37.350153  1071 skeleton_planner.h:170] Found solution in: 1
I20260909 04:43:37.350160  1071 skeleton_planner.h:170] Found solution in: 7
I20260909 04:43:37.350167  1071 skeleton_planner.h:170] Found solution in: 1
I20260909 04:43:37.350201  1071 skeleton_planner.h:170] Found solution in: 39
I20260909 04:43:37.350212  1071 skeleton_planner.h:170] Found solution in: 1
I20260909 04:43:37.350293  1071 skeleton_planner.h:170] Found solution in: 100
I20260909 04:43:37.350308  1071 skeleton_planner.h:170] Found solution in: 1
I20260909 04:43:37.350311  1071 skeleton_planner.h:170] Found solution in: 2
I20260909 04:43:37.350317  1071 skeleton_planner.h:170] Found solution in: 1
I20260909 04:43:37.350322  1071 skeleton_planner.h:170] Found solution in: 2
I20260909 04:43:37.350327  1071 skeleton_planner.h:170] Found solution in: 1
I20260909 04:43:37.350425  1071 skeleton_planner.h:170] Found solution in: 9
I20260909 04:43:37.350435  1071 skeleton_planner.h:170] Found solution in: 1
I20260909 04:43:37.350441  1071 skeleton_planner.h:170] Found solution in: 6
I20260909 04:43:37.350456  1071 skeleton_planner.h:170] Found solution in: 4
I20260909 04:43:37.350467  1071 skeleton_planner.h:170] Found solution in: 1
I20260909 04:43:37.350472  1071 skeleton_planner.h:170] Found solution in: 4
I20260909 04:43:37.350481  1071 skeleton_planner.h:170] Found solution in: 1
I20260909 04:43:37.350485  1071 skeleton_planner.h:170] Found solution in: 4
I20260909 04:43:37.350490  1071 skeleton_planner.h:170] Found solution in: 1
I20260909 04:43:37.350500  1071 skeleton_planner.h:170] Found solution in: 9
I20260909 04:43:37.350508  1071 skeleton_planner.h:170] Found solution in: 1
I20260909 04:43:37.350517  1071 skeleton_planner.h:170] Found solution in: 8
I20260909 04:43:37.350522  1071 skeleton_planner.h:170] Found solution in: 1
I20260909 04:43:37.350531  1071 skeleton_planner.h:170] Found solution in: 10
I20260909 04:43:37.350610  1071 skeleton_planner.h:170] Found solution in: 5
I20260909 04:43:37.350617  1071 skeleton_planner.h:170] Found solution in: 1
I20260909 04:43:37.350627  1071 skeleton_planner.h:170] Found solution in: 9
I20260909 04:43:37.350633  1071 skeleton_planner.h:170] Found solution in: 1
I20260909 04:43:37.350641  1071 skeleton_planner.h:170] Found solution in: 1
I20260909 04:43:37.350659  1071 skeleton_planner.h:170] Found solution in: 20
I20260909 04:43:37.350667  1071 skeleton_planner.h:170] Found solution in: 1
I20260909 04:43:37.350683  1071 skeleton_planner.h:170] Found solution in: 18
I20260909 04:43:37.350708  1071 skeleton_planner.h:170] Found solution in: 28
I20260909 04:43:37.350715  1071 skeleton_planner.h:170] Found solution in: 1
I20260909 04:43:37.350721  1071 skeleton_planner.h:170] Found solution in: 1
I20260909 04:43:37.350733  1071 skeleton_planner.h:170] Found solution in: 14
I20260909 04:43:37.350739  1071 skeleton_planner.h:170] Found solution in: 5
I20260909 04:43:37.350747  1071 skeleton_planner.h:170] Found solution in: 1
I20260909 04:43:37.350752  1071 skeleton_planner.h:170] Found solution in: 5
I20260909 04:43:37.350760  1071 skeleton_planner.h:170] Found solution in: 1
I20260909 04:43:37.350769  1071 skeleton_planner.h:170] Found solution in: 1
I20260909 04:43:37.350785  1071 skeleton_planner.h:170] Found solution in: 15
I20260909 04:43:37.350793  1071 skeleton_planner.h:170] Found solution in: 1
I20260909 04:43:37.350814  1071 skeleton_planner.h:170] Found solution in: 19
I20260909 04:43:37.350826  1071 skeleton_planner.h:170] Found solution in: 1
I20260909 04:43:37.350857  1071 skeleton_planner.h:170] Found solution in: 36
I20260909 04:43:37.350867  1071 skeleton_planner.h:170] Found solution in: 1
I20260909 04:43:37.350888  1071 skeleton_planner.h:170] Found solution in: 22
I20260909 04:43:37.350916  1071 skeleton_planner.h:170] Found solution in: 33
I20260909 04:43:37.350926  1071 skeleton_planner.h:170] Found solution in: 1
I20260909 04:43:37.350934  1071 skeleton_planner.h:170] Found solution in: 7
I20260909 04:43:37.350966  1071 skeleton_planner.h:170] Found solution in: 7
I20260909 04:43:37.350979  1071 skeleton_planner.h:170] Found solution in: 1
I20260909 04:43:37.350992  1071 skeleton_planner.h:170] Found solution in: 15
I20260909 04:43:37.351001  1071 skeleton_planner.h:170] Found solution in: 1
I20260909 04:43:37.351012  1071 skeleton_planner.h:170] Found solution in: 14
I20260909 04:43:37.351018  1071 skeleton_planner.h:170] Found solution in: 1
I20260909 04:43:37.351061  1071 skeleton_planner.h:170] Found solution in: 50
I20260909 04:43:37.351073  1071 skeleton_planner.h:170] Found solution in: 1
I20260909 04:43:37.351078  1071 skeleton_planner.h:170] Found solution in: 4
I20260909 04:43:37.351084  1071 skeleton_planner.h:170] Found solution in: 1
I20260909 04:43:37.351089  1071 skeleton_planner.h:170] Found solution in: 4
I20260909 04:43:37.351099  1071 skeleton_planner.h:170] Found solution in: 1
I20260909 04:43:37.351104  1071 skeleton_planner.h:170] Found solution in: 1
I20260909 04:43:37.351110  1071 skeleton_planner.h:170] Found solution in: 5
I20260909 04:43:37.351117  1071 skeleton_planner.h:170] Found solution in: 1
I20260909 04:43:37.351121  1071 skeleton_planner.h:170] Found solution in: 3
I20260909 04:43:37.351209  1071 skeleton_planner.h:170] Found solution in: 3
I20260909 04:43:37.351219  1071 skeleton_planner.h:170] Found solution in: 1
I20260909 04:43:37.351226  1071 skeleton_planner.h:170] Found solution in: 6
I20260909 04:43:37.351317  1071 skeleton_planner.h:170] Found solution in: 4
I20260909 04:43:37.351325  1071 skeleton_planner.h:170] Found solution in: 1
I20260909 04:43:37.351337  1071 skeleton_planner.h:170] Found solution in: 3
I20260909 04:43:37.351346  1071 skeleton_planner.h:170] Found solution in: 1
I20260909 04:43:37.351354  1071 skeleton_planner.h:170] Found solution in: 9
I20260909 04:43:37.351361  1071 skeleton_planner.h:170] Found solution in: 1
I20260909 04:43:37.351367  1071 skeleton_planner.h:170] Found solution in: 5
I20260909 04:43:37.351375  1071 skeleton_planner.h:170] Found solution in: 1
I20260909 04:43:37.351382  1071 skeleton_planner.h:170] Found solution in: 1
I20260909 04:43:37.351387  1071 skeleton_planner.h:170] Found solution in: 5
I20260909 04:43:37.351399  1071 skeleton_planner.h:170] Found solution in: 1
I20260909 04:43:37.351437  1071 skeleton_planner.h:170] Found solution in: 35
I20260909 04:43:37.351545  1071 skeleton_planner.h:170] Found solution in: 6
I20260909 04:43:37.351554  1071 skeleton_planner.h:170] Found solution in: 1
I20260909 04:43:37.351565  1071 skeleton_planner.h:170] Found solution in: 3
I20260909 04:43:37.351573  1071 skeleton_planner.h:170] Found solution in: 1
I20260909 04:43:37.351584  1071 skeleton_planner.h:170] Found solution in: 12
I20260909 04:43:37.351680  1071 skeleton_planner.h:170] Found solution in: 5
I20260909 04:43:37.351688  1071 skeleton_planner.h:170] Found solution in: 1
I20260909 04:43:37.351696  1071 skeleton_planner.h:170] Found solution in: 1
I20260909 04:43:37.351706  1071 skeleton_planner.h:170] Found solution in: 1
I20260909 04:43:37.351711  1071 skeleton_planner.h:170] Found solution in: 3
I20260909 04:43:37.351801  1071 skeleton_planner.h:170] Found solution in: 5
I20260909 04:43:37.351811  1071 skeleton_planner.h:170] Found solution in: 1
I20260909 04:43:37.351819  1071 skeleton_planner.h:170] Found solution in: 1
I20260909 04:43:37.351874  1071 skeleton_planner.h:170] Found solution in: 63
I20260909 04:43:37.351884  1071 skeleton_planner.h:170] Found solution in: 1
I20260909 04:43:37.351927  1071 skeleton_planner.h:170] Found solution in: 49
I20260909 04:43:37.351938  1071 skeleton_planner.h:170] Found solution in: 1
I20260909 04:43:37.351955  1071 skeleton_planner.h:170] Found solution in: 6
I20260909 04:43:37.351964  1071 skeleton_planner.h:170] Found solution in: 1
I20260909 04:43:37.351981  1071 skeleton_planner.h:170] Found solution in: 18
I20260909 04:43:37.351989  1071 skeleton_planner.h:170] Found solution in: 1
I20260909 04:43:37.352008  1071 skeleton_planner.h:170] Found solution in: 5
I20260909 04:43:37.352018  1071 skeleton_planner.h:170] Found solution in: 1
I20260909 04:43:37.352106  1071 skeleton_planner.h:170] Found solution in: 37
I20260909 04:43:37.352118  1071 skeleton_planner.h:170] Found solution in: 1
I20260909 04:43:37.352124  1071 skeleton_planner.h:170] Found solution in: 4
I20260909 04:43:37.352156  1071 skeleton_planner.h:170] Found solution in: 9
I20260909 04:43:37.352169  1071 skeleton_planner.h:170] Found solution in: 1
I20260909 04:43:37.352190  1071 skeleton_planner.h:170] Found solution in: 7
I20260909 04:43:37.352213  1071 skeleton_planner.h:170] Found solution in: 6
I20260909 04:43:37.352227  1071 skeleton_planner.h:170] Found solution in: 4
I20260909 04:43:37.352238  1071 skeleton_planner.h:170] Found solution in: 3
I20260909 04:43:37.352252  1071 skeleton_planner.h:170] Found solution in: 4
I20260909 04:43:37.352264  1071 skeleton_planner.h:170] Found solution in: 4
I20260909 04:43:37.352275  1071 skeleton_planner.h:170] Found solution in: 3
I20260909 04:43:37.352285  1071 skeleton_planner.h:170] Found solution in: 3
I20260909 04:43:37.352293  1071 skeleton_planner.h:170] Found solution in: 3
I20260909 04:43:37.352303  1071 skeleton_planner.h:170] Found solution in: 3
I20260909 04:43:37.352322  1071 skeleton_planner.h:170] Found solution in: 5
I20260909 04:43:37.352334  1071 skeleton_planner.h:170] Found solution in: 3
I20260909 04:43:37.352344  1071 skeleton_planner.h:170] Found solution in: 4
I20260909 04:43:37.352352  1071 skeleton_planner.h:170] Found solution in: 2
I20260909 04:43:37.352365  1071 skeleton_planner.h:170] Found solution in: 3
I20260909 04:43:37.352391  1071 skeleton_planner.h:170] Found solution in: 9
I20260909 04:43:37.352411  1071 skeleton_planner.h:170] Found solution in: 7
I20260909 04:43:37.352425  1071 skeleton_planner.h:170] Found solution in: 4
I20260909 04:43:37.352437  1071 skeleton_planner.h:170] Found solution in: 4
I20260909 04:43:37.352448  1071 skeleton_planner.h:170] Found solution in: 3
I20260909 04:43:37.352459  1071 skeleton_planner.h:170] Found solution in: 3
I20260909 04:43:37.352471  1071 skeleton_planner.h:170] Found solution in: 3
I20260909 04:43:37.352487  1071 skeleton_planner.h:170] Found solution in: 5
I20260909 04:43:37.352504  1071 skeleton_planner.h:170] Found solution in: 4
I20260909 04:43:37.352517  1071 skeleton_planner.h:170] Found solution in: 4
I20260909 04:43:37.352535  1071 skeleton_planner.h:170] Found solution in: 6
I20260909 04:43:37.352546  1071 skeleton_planner.h:170] Found solution in: 3
I20260909 04:43:37.352569  1071 skeleton_planner.h:170] Found solution in: 7
I20260909 04:43:37.352583  1071 skeleton_planner.h:170] Found solution in: 4
I20260909 04:43:37.352595  1071 skeleton_planner.h:170] Found solution in: 4
I20260909 04:43:37.352605  1071 skeleton_planner.h:170] Found solution in: 3
I20260909 04:43:37.352613  1071 skeleton_planner.h:170] Found solution in: 2
I20260909 04:43:37.352631  1071 skeleton_planner.h:170] Found solution in: 6
I20260909 04:43:37.352651  1071 skeleton_planner.h:170] Found solution in: 7
I20260909 04:43:37.352662  1071 skeleton_planner.h:170] Found solution in: 3
I20260909 04:43:37.352677  1071 skeleton_planner.h:170] Found solution in: 4
I20260909 04:43:37.352685  1071 skeleton_planner.h:170] Found solution in: 2
I20260909 04:43:37.352698  1071 skeleton_planner.h:170] Found solution in: 4
I20260909 04:43:37.352710  1071 skeleton_planner.h:170] Found solution in: 3
I20260909 04:43:37.352726  1071 skeleton_planner.h:170] Found solution in: 5
I20260909 04:43:37.352742  1071 skeleton_planner.h:170] Found solution in: 5
I20260909 04:43:37.352753  1071 skeleton_planner.h:170] Found solution in: 3
I20260909 04:43:37.352771  1071 skeleton_planner.h:170] Found solution in: 5
I20260909 04:43:37.352788  1071 skeleton_planner.h:170] Found solution in: 4
I20260909 04:43:37.352799  1071 skeleton_planner.h:170] Found solution in: 3
I20260909 04:43:37.352810  1071 skeleton_planner.h:170] Found solution in: 3
I20260909 04:43:37.352823  1071 skeleton_planner.h:170] Found solution in: 4
I20260909 04:43:37.352837  1071 skeleton_planner.h:170] Found solution in: 4
I20260909 04:43:37.352854  1071 skeleton_planner.h:170] Found solution in: 5
I20260909 04:43:37.352869  1071 skeleton_planner.h:170] Found solution in: 4
I20260909 04:43:37.352882  1071 skeleton_planner.h:170] Found solution in: 4
I20260909 04:43:37.352896  1071 skeleton_planner.h:170] Found solution in: 4
I20260909 04:43:37.352907  1071 skeleton_planner.h:170] Found solution in: 3
I20260909 04:43:37.352917  1071 skeleton_planner.h:170] Found solution in: 3
I20260909 04:43:37.352929  1071 skeleton_planner.h:170] Found solution in: 4
I20260909 04:43:37.352937  1071 skeleton_planner.h:170] Found solution in: 2
I20260909 04:43:37.352949  1071 skeleton_planner.h:170] Found solution in: 4
I20260909 04:43:37.352960  1071 skeleton_planner.h:170] Found solution in: 3
I20260909 04:43:37.352978  1071 skeleton_planner.h:170] Found solution in: 6
I20260909 04:43:37.352999  1071 skeleton_planner.h:170] Found solution in: 8
I20260909 04:43:37.353010  1071 skeleton_planner.h:170] Found solution in: 3
I20260909 04:43:37.353024  1071 skeleton_planner.h:170] Found solution in: 4
I20260909 04:43:37.353034  1071 skeleton_planner.h:170] Found solution in: 3
I20260909 04:43:37.353051  1071 skeleton_planner.h:170] Found solution in: 5
I20260909 04:43:37.353067  1071 skeleton_planner.h:170] Found solution in: 6
I20260909 04:43:37.353080  1071 skeleton_planner.h:170] Found solution in: 4
I20260909 04:43:37.353091  1071 skeleton_planner.h:170] Found solution in: 3
I20260909 04:43:37.353104  1071 skeleton_planner.h:170] Found solution in: 4
I20260909 04:43:37.353113  1071 skeleton_planner.h:170] Found solution in: 3
I20260909 04:43:37.353128  1071 skeleton_planner.h:170] Found solution in: 4
I20260909 04:43:37.353150  1071 skeleton_planner.h:170] Found solution in: 7
I20260909 04:43:37.353168  1071 skeleton_planner.h:170] Found solution in: 4
I20260909 04:43:37.353180  1071 skeleton_planner.h:170] Found solution in: 4
I20260909 04:43:37.353197  1071 skeleton_planner.h:170] Found solution in: 5
I20260909 04:43:37.353210  1071 skeleton_planner.h:170] Found solution in: 3
I20260909 04:43:37.353233  1071 skeleton_planner.h:170] Found solution in: 7
I20260909 04:43:37.353260  1071 skeleton_planner.h:170] Found solution in: 9
I20260909 04:43:37.353274  1071 skeleton_planner.h:170] Found solution in: 4
I20260909 04:43:37.353289  1071 skeleton_planner.h:170] Found solution in: 6
I20260909 04:43:37.353317  1071 skeleton_planner.h:170] Found solution in: 7
I20260909 04:43:37.353336  1071 skeleton_planner.h:170] Found solution in: 5
I20260909 04:43:37.353351  1071 skeleton_planner.h:170] Found solution in: 4
I20260909 04:43:37.353363  1071 skeleton_planner.h:170] Found solution in: 3
I20260909 04:43:37.353374  1071 skeleton_planner.h:170] Found solution in: 3
I20260909 04:43:37.353384  1071 skeleton_planner.h:170] Found solution in: 3
I20260909 04:43:37.353399  1071 skeleton_planner.h:170] Found solution in: 6
I20260909 04:43:37.353418  1071 skeleton_planner.h:170] Found solution in: 6
I20260909 04:43:37.353438  1071 skeleton_planner.h:170] Found solution in: 6
I20260909 04:43:37.353461  1071 skeleton_planner.h:170] Found solution in: 8
I20260909 04:43:37.353477  1071 skeleton_planner.h:170] Found solution in: 4
I20260909 04:43:37.353487  1071 skeleton_planner.h:170] Found solution in: 3
I20260909 04:43:37.353499  1071 skeleton_planner.h:170] Found solution in: 3
I20260909 04:43:37.353511  1071 skeleton_planner.h:170] Found solution in: 4
I20260909 04:43:37.353523  1071 skeleton_planner.h:170] Found solution in: 3
I20260909 04:43:37.353533  1071 skeleton_planner.h:170] Found solution in: 3
I20260909 04:43:37.353542  1071 skeleton_planner.h:170] Found solution in: 3
I20260909 04:43:37.353554  1071 skeleton_planner.h:170] Found solution in: 4
I20260909 04:43:37.353567  1071 skeleton_planner.h:170] Found solution in: 4
I20260909 04:43:37.353590  1071 skeleton_planner.h:170] Found solution in: 7
I20260909 04:43:37.353600  1071 skeleton_planner.h:170] Found solution in: 2
I20260909 04:43:37.353609  1071 skeleton_planner.h:170] Found solution in: 3
I20260909 04:43:37.353622  1071 skeleton_planner.h:170] Found solution in: 4
I20260909 04:43:37.353641  1071 skeleton_planner.h:170] Found solution in: 6
I20260909 04:43:37.353655  1071 skeleton_planner.h:170] Found solution in: 4
I20260909 04:43:37.353677  1071 skeleton_planner.h:170] Found solution in: 7
I20260909 04:43:37.353689  1071 skeleton_planner.h:170] Found solution in: 3
I20260909 04:43:37.353703  1071 skeleton_planner.h:170] Found solution in: 4
I20260909 04:43:37.353713  1071 skeleton_planner.h:170] Found solution in: 3
I20260909 04:43:37.353726  1071 skeleton_planner.h:170] Found solution in: 4
I20260909 04:43:37.353739  1071 skeleton_planner.h:170] Found solution in: 4
I20260909 04:43:37.353749  1071 skeleton_planner.h:170] Found solution in: 3
I20260909 04:43:37.353772  1071 skeleton_planner.h:170] Found solution in: 8
I20260909 04:43:37.353790  1071 skeleton_planner.h:170] Found solution in: 4
I20260909 04:43:37.353811  1071 skeleton_planner.h:170] Found solution in: 6
I20260909 04:43:37.353823  1071 skeleton_planner.h:170] Found solution in: 4
I20260909 04:43:37.353834  1071 skeleton_planner.h:170] Found solution in: 3
I20260909 04:43:37.353847  1071 skeleton_planner.h:170] Found solution in: 4
I20260909 04:43:37.353861  1071 skeleton_planner.h:170] Found solution in: 4
I20260909 04:43:37.353873  1071 skeleton_planner.h:170] Found solution in: 3
I20260909 04:43:37.353884  1071 skeleton_planner.h:170] Found solution in: 4
I20260909 04:43:37.353909  1071 skeleton_planner.h:170] Found solution in: 7
I20260909 04:43:37.353921  1071 skeleton_planner.h:170] Found solution in: 3
I20260909 04:43:37.353940  1071 skeleton_planner.h:170] Found solution in: 5
I20260909 04:43:37.353955  1071 skeleton_planner.h:170] Found solution in: 5
I20260909 04:43:37.353963  1071 skeleton_planner.h:170] Found solution in: 3
I20260909 04:43:37.353977  1071 skeleton_planner.h:170] Found solution in: 4
I20260909 04:43:37.353986  1071 skeleton_planner.h:170] Found solution in: 2
I20260909 04:43:37.353997  1071 skeleton_planner.h:170] Found solution in: 4
I20260909 04:43:37.354022  1071 skeleton_planner.h:170] Found solution in: 8
I20260909 04:43:37.354035  1071 skeleton_planner.h:170] Found solution in: 4
I20260909 04:43:37.354048  1071 skeleton_planner.h:170] Found solution in: 4
I20260909 04:43:37.354065  1071 skeleton_planner.h:170] Found solution in: 5
I20260909 04:43:37.354075  1071 skeleton_planner.h:170] Found solution in: 3
I20260909 04:43:37.354087  1071 skeleton_planner.h:170] Found solution in: 4
I20260909 04:43:37.354106  1071 skeleton_planner.h:170] Found solution in: 6
I20260909 04:43:37.354117  1071 skeleton_planner.h:170] Found solution in: 3
I20260909 04:43:37.354125  1071 skeleton_planner.h:170] Found solution in: 2
I20260909 04:43:37.354138  1071 skeleton_planner.h:170] Found solution in: 5
I20260909 04:43:37.354151  1071 skeleton_planner.h:170] Found solution in: 4
I20260909 04:43:37.354161  1071 skeleton_planner.h:170] Found solution in: 3
I20260909 04:43:37.354172  1071 skeleton_planner.h:170] Found solution in: 3
I20260909 04:43:37.354180  1071 skeleton_planner.h:170] Found solution in: 2
I20260909 04:43:37.354193  1071 skeleton_planner.h:170] Found solution in: 4
I20260909 04:43:37.354202  1071 skeleton_planner.h:170] Found solution in: 2
I20260909 04:43:37.354216  1071 skeleton_planner.h:170] Found solution in: 7
I20260909 04:43:37.354229  1071 skeleton_planner.h:170] Found solution in: 4
I20260909 04:43:37.354243  1071 skeleton_planner.h:170] Found solution in: 4
I20260909 04:43:37.354264  1071 skeleton_planner.h:170] Found solution in: 5
I20260909 04:43:37.354276  1071 skeleton_planner.h:170] Found solution in: 3
I20260909 04:43:37.354290  1071 skeleton_planner.h:170] Found solution in: 4
I20260909 04:43:37.354303  1071 skeleton_planner.h:170] Found solution in: 4
I20260909 04:43:37.354318  1071 skeleton_planner.h:170] Found solution in: 4
I20260909 04:43:37.354332  1071 skeleton_planner.h:170] Found solution in: 5
I20260909 04:43:37.354346  1071 skeleton_planner.h:170] Found solution in: 4
I20260909 04:43:37.354357  1071 skeleton_planner.h:170] Found solution in: 3
I20260909 04:43:37.354368  1071 skeleton_planner.h:170] Found solution in: 3
I20260909 04:43:37.354378  1071 skeleton_planner.h:170] Found solution in: 3
I20260909 04:43:37.354388  1071 skeleton_planner.h:170] Found solution in: 3
I20260909 04:43:37.354399  1071 skeleton_planner.h:170] Found solution in: 3
I20260909 04:43:37.354409  1071 skeleton_planner.h:170] Found solution in: 3
I20260909 04:43:37.354417  1071 skeleton_planner.h:170] Found solution in: 2
I20260909 04:43:37.354427  1071 skeleton_planner.h:170] Found solution in: 3
I20260909 04:43:37.354439  1071 skeleton_planner.h:170] Found solution in: 3
I20260909 04:43:37.354450  1071 skeleton_planner.h:170] Found solution in: 4
I20260909 04:43:37.354471  1071 skeleton_planner.h:170] Found solution in: 6
I20260909 04:43:37.354493  1071 skeleton_planner.h:170] Found solution in: 6
I20260909 04:43:37.354508  1071 skeleton_planner.h:170] Found solution in: 4
I20260909 04:43:37.354519  1071 skeleton_planner.h:170] Found solution in: 3
I20260909 04:43:37.354550  1071 skeleton_planner.h:170] Found solution in: 12
I20260909 04:43:37.354564  1071 skeleton_planner.h:170] Found solution in: 4
I20260909 04:43:37.354580  1071 skeleton_planner.h:170] Found solution in: 5
I20260909 04:43:37.354600  1071 skeleton_planner.h:170] Found solution in: 6
I20260909 04:43:37.354614  1071 skeleton_planner.h:170] Found solution in: 4
I20260909 04:43:37.354627  1071 skeleton_planner.h:170] Found solution in: 4
I20260909 04:43:37.354638  1071 skeleton_planner.h:170] Found solution in: 3
I20260909 04:43:37.354651  1071 skeleton_planner.h:170] Found solution in: 4
I20260909 04:43:37.354667  1071 skeleton_planner.h:170] Found solution in: 5
I20260909 04:43:37.354688  1071 skeleton_planner.h:170] Found solution in: 7
I20260909 04:43:37.354709  1071 skeleton_planner.h:170] Found solution in: 6
I20260909 04:43:37.354736  1071 skeleton_planner.h:170] Found solution in: 9
I20260909 04:43:37.354755  1071 skeleton_planner.h:170] Found solution in: 5
I20260909 04:43:37.354765  1071 skeleton_planner.h:170] Found solution in: 3
I20260909 04:43:37.354780  1071 skeleton_planner.h:170] Found solution in: 5
I20260909 04:43:37.354800  1071 skeleton_planner.h:170] Found solution in: 6
I20260909 04:43:37.354815  1071 skeleton_planner.h:170] Found solution in: 5
I20260909 04:43:37.354830  1071 skeleton_planner.h:170] Found solution in: 6
I20260909 04:43:37.354851  1071 skeleton_planner.h:170] Found solution in: 7
I20260909 04:43:37.354873  1071 skeleton_planner.h:170] Found solution in: 6
I20260909 04:43:37.354885  1071 skeleton_planner.h:170] Found solution in: 3
I20260909 04:43:37.354897  1071 skeleton_planner.h:170] Found solution in: 3
I20260909 04:43:37.354912  1071 skeleton_planner.h:170] Found solution in: 4
I20260909 04:43:37.354924  1071 skeleton_planner.h:170] Found solution in: 4
I20260909 04:43:37.354940  1071 skeleton_planner.h:170] Found solution in: 6
I20260909 04:43:37.354962  1071 skeleton_planner.h:170] Found solution in: 7
I20260909 04:43:37.354974  1071 skeleton_planner.h:170] Found solution in: 4
I20260909 04:43:37.354985  1071 skeleton_planner.h:170] Found solution in: 3
I20260909 04:43:37.355000  1071 skeleton_planner.h:170] Found solution in: 4
I20260909 04:43:37.355012  1071 skeleton_planner.h:170] Found solution in: 4
I20260909 04:43:37.355033  1071 skeleton_planner.h:170] Found solution in: 6
I20260909 04:43:37.355050  1071 skeleton_planner.h:170] Found solution in: 4
I20260909 04:43:37.355062  1071 skeleton_planner.h:170] Found solution in: 3
I20260909 04:43:37.355073  1071 skeleton_planner.h:170] Found solution in: 4
I20260909 04:43:37.355083  1071 skeleton_planner.h:170] Found solution in: 3
I20260909 04:43:37.355103  1071 skeleton_planner.h:170] Found solution in: 6
I20260909 04:43:37.355115  1071 skeleton_planner.h:170] Found solution in: 3
I20260909 04:43:37.355125  1071 skeleton_planner.h:170] Found solution in: 3
I20260909 04:43:37.355134  1071 skeleton_planner.h:170] Found solution in: 2
I20260909 04:43:37.355144  1071 skeleton_planner.h:170] Found solution in: 3
I20260909 04:43:37.355157  1071 skeleton_planner.h:170] Found solution in: 6
I20260909 04:43:37.355170  1071 skeleton_planner.h:170] Found solution in: 4
I20260909 04:43:37.355204  1071 skeleton_planner.h:170] Found solution in: 13
I20260909 04:43:37.355245  1071 skeleton_planner.h:170] Found solution in: 13
I20260909 04:43:37.355573  1071 skeleton_planner.h:170] Found solution in: 4
I20260909 04:43:37.355585  1071 skeleton_planner.h:170] Found solution in: 3
I20260909 04:43:37.355592  1071 skeleton_planner.h:170] Found solution in: 1
I20260909 04:43:37.355633  1071 skeleton_planner.h:170] Found solution in: 10
I20260909 04:43:37.355666  1071 skeleton_planner.h:170] Found solution in: 11
I20260909 04:43:37.355695  1071 skeleton_planner.h:170] Found solution in: 8
I20260909 04:43:37.355717  1071 skeleton_planner.h:170] Found solution in: 6
I20260909 04:43:37.355748  1071 skeleton_planner.h:170] Found solution in: 9
I20260909 04:43:37.355762  1071 skeleton_planner.h:170] Found solution in: 4
I20260909 04:43:37.355808  1071 skeleton_planner.h:170] Found solution in: 14
I20260909 04:43:37.355818  1071 skeleton_planner.h:170] Found solution in: 2
I20260909 04:43:37.355823  1071 skeleton_planner.h:170] Found solution in: 1
I20260909 04:43:37.355825  1071 skeleton_planner.h:170] Found solution in: 1
I20260909 04:43:37.355832  1071 skeleton_planner.h:170] Found solution in: 2
I20260909 04:43:37.355854  1071 skeleton_planner.h:170] Found solution in: 6
I20260909 04:43:37.355861  1071 skeleton_planner.h:170] Found solution in: 2
I20260909 04:43:37.355880  1071 skeleton_planner.h:170] Found solution in: 6
I20260909 04:43:37.355901  1071 skeleton_planner.h:170] Found solution in: 7
I20260909 04:43:37.355907  1071 skeleton_planner.h:170] Found solution in: 1
I20260909 04:43:37.355924  1071 skeleton_planner.h:170] Found solution in: 6
I20260909 04:43:37.355944  1071 skeleton_planner.h:170] Found solution in: 6
I20260909 04:43:37.355965  1071 skeleton_planner.h:170] Found solution in: 7
I20260909 04:43:37.355974  1071 skeleton_planner.h:170] Found solution in: 2
I20260909 04:43:37.355995  1071 skeleton_planner.h:170] Found solution in: 7
I20260909 04:43:37.356019  1071 skeleton_planner.h:170] Found solution in: 7
I20260909 04:43:37.356045  1071 skeleton_planner.h:170] Found solution in: 7
I20260909 04:43:37.356076  1071 skeleton_planner.h:170] Found solution in: 9
I20260909 04:43:37.356118  1071 skeleton_planner.h:170] Found solution in: 11
I20260909 04:43:37.356140  1071 skeleton_planner.h:170] Found solution in: 5
I20260909 04:43:37.356151  1071 skeleton_planner.h:170] Found solution in: 3
I20260909 04:43:37.356168  1071 skeleton_planner.h:170] Found solution in: 5
I20260909 04:43:37.356189  1071 skeleton_planner.h:170] Found solution in: 7
I20260909 04:43:37.356199  1071 skeleton_planner.h:170] Found solution in: 3
I20260909 04:43:37.356215  1071 skeleton_planner.h:170] Found solution in: 4
I20260909 04:43:37.356251  1071 skeleton_planner.h:170] Found solution in: 12
I20260909 04:43:37.356263  1071 skeleton_planner.h:170] Found solution in: 3
I20260909 04:43:37.356287  1071 skeleton_planner.h:170] Found solution in: 7
I20260909 04:43:37.356298  1071 skeleton_planner.h:170] Found solution in: 3
I20260909 04:43:37.356302  1071 skeleton_planner.h:170] Found solution in: 1
I20260909 04:43:37.356323  1071 skeleton_planner.h:170] Found solution in: 6
I20260909 04:43:37.356336  1071 skeleton_planner.h:170] Found solution in: 3
I20260909 04:43:37.356350  1071 skeleton_planner.h:170] Found solution in: 4
I20260909 04:43:37.356364  1071 skeleton_planner.h:170] Found solution in: 4
I20260909 04:43:37.356384  1071 skeleton_planner.h:170] Found solution in: 7
I20260909 04:43:37.356405  1071 skeleton_planner.h:170] Found solution in: 8
I20260909 04:43:37.356419  1071 skeleton_planner.h:170] Found solution in: 4
I20260909 04:43:37.356447  1071 skeleton_planner.h:170] Found solution in: 9
I20260909 04:43:37.356459  1071 skeleton_planner.h:170] Found solution in: 3
I20260909 04:43:37.356475  1071 skeleton_planner.h:170] Found solution in: 4
I20260909 04:43:37.356491  1071 skeleton_planner.h:170] Found solution in: 5
I20260909 04:43:37.356510  1071 skeleton_planner.h:170] Found solution in: 6
I20260909 04:43:37.356540  1071 skeleton_planner.h:170] Found solution in: 9
I20260909 04:43:37.356568  1071 skeleton_planner.h:170] Found solution in: 7
I20260909 04:43:37.356590  1071 skeleton_planner.h:170] Found solution in: 6
I20260909 04:43:37.356612  1071 skeleton_planner.h:170] Found solution in: 7
I20260909 04:43:37.356626  1071 skeleton_planner.h:170] Found solution in: 4
I20260909 04:43:37.356649  1071 skeleton_planner.h:170] Found solution in: 7
I20260909 04:43:37.356663  1071 skeleton_planner.h:170] Found solution in: 4
I20260909 04:43:37.356678  1071 skeleton_planner.h:170] Found solution in: 5
I20260909 04:43:37.356699  1071 skeleton_planner.h:170] Found solution in: 7
I20260909 04:43:37.356721  1071 skeleton_planner.h:170] Found solution in: 7
I20260909 04:43:37.356745  1071 skeleton_planner.h:170] Found solution in: 7
I20260909 04:43:37.356760  1071 skeleton_planner.h:170] Found solution in: 4
I20260909 04:43:37.356779  1071 skeleton_planner.h:170] Found solution in: 6
I20260909 04:43:37.356820  1071 skeleton_planner.h:170] Found solution in: 12
I20260909 04:43:37.356844  1071 skeleton_planner.h:170] Found solution in: 6
I20260909 04:43:37.356864  1071 skeleton_planner.h:170] Found solution in: 7
I20260909 04:43:37.356885  1071 skeleton_planner.h:170] Found solution in: 6
I20260909 04:43:37.356909  1071 skeleton_planner.h:170] Found solution in: 7
I20260909 04:43:37.356961  1071 skeleton_planner.h:170] Found solution in: 18
I20260909 04:43:37.356997  1071 skeleton_planner.h:170] Found solution in: 9
I20260909 04:43:37.357008  1071 skeleton_planner.h:170] Found solution in: 3
I20260909 04:43:37.357041  1071 skeleton_planner.h:170] Found solution in: 10
I20260909 04:43:37.357051  1071 skeleton_planner.h:170] Found solution in: 2
I20260909 04:43:37.357070  1071 skeleton_planner.h:170] Found solution in: 5
I20260909 04:43:37.357093  1071 skeleton_planner.h:170] Found solution in: 8
I20260909 04:43:37.357112  1071 skeleton_planner.h:170] Found solution in: 5
I20260909 04:43:37.357122  1071 skeleton_planner.h:170] Found solution in: 3
I20260909 04:43:37.357133  1071 skeleton_planner.h:170] Found solution in: 3
I20260909 04:43:37.357137  1071 skeleton_planner.h:170] Found solution in: 1
I20260909 04:43:37.357141  1071 skeleton_planner.h:170] Found solution in: 1
I20260909 04:43:37.357149  1071 skeleton_planner.h:170] Found solution in: 3
I20260909 04:43:37.357159  1071 skeleton_planner.h:170] Found solution in: 3
I20260909 04:43:37.357170  1071 skeleton_planner.h:170] Found solution in: 3
I20260909 04:43:37.357183  1071 skeleton_planner.h:170] Found solution in: 3
I20260909 04:43:37.357195  1071 skeleton_planner.h:170] Found solution in: 3
I20260909 04:43:37.357208  1071 skeleton_planner.h:170] Found solution in: 4
I20260909 04:43:37.357219  1071 skeleton_planner.h:170] Found solution in: 3
I20260909 04:43:37.357230  1071 skeleton_planner.h:170] Found solution in: 3
I20260909 04:43:37.357252  1071 skeleton_planner.h:170] Found solution in: 9
I20260909 04:43:37.357273  1071 skeleton_planner.h:170] Found solution in: 7
I20260909 04:43:37.357283  1071 skeleton_planner.h:170] Found solution in: 3
I20260909 04:43:37.357312  1071 skeleton_planner.h:170] Found solution in: 11
I20260909 04:43:37.357333  1071 skeleton_planner.h:170] Found solution in: 7
I20260909 04:43:37.357348  1071 skeleton_planner.h:170] Found solution in: 4
I20260909 04:43:37.357372  1071 skeleton_planner.h:170] Found solution in: 8
I20260909 04:43:37.357386  1071 skeleton_planner.h:170] Found solution in: 3
I20260909 04:43:37.357407  1071 skeleton_planner.h:170] Found solution in: 6
I20260909 04:43:37.357429  1071 skeleton_planner.h:170] Found solution in: 7
I20260909 04:43:37.357448  1071 skeleton_planner.h:170] Found solution in: 5
I20260909 04:43:37.357462  1071 skeleton_planner.h:170] Found solution in: 5
I20260909 04:43:37.357472  1071 skeleton_planner.h:170] Found solution in: 3
I20260909 04:43:37.357496  1071 skeleton_planner.h:170] Found solution in: 7
I20260909 04:43:37.357510  1071 skeleton_planner.h:170] Found solution in: 4
I20260909 04:43:37.357522  1071 skeleton_planner.h:170] Found solution in: 3
I20260909 04:43:37.357553  1071 skeleton_planner.h:170] Found solution in: 11
I20260909 04:43:37.357570  1071 skeleton_planner.h:170] Found solution in: 5
I20260909 04:43:37.357590  1071 skeleton_planner.h:170] Found solution in: 7
I20260909 04:43:37.357612  1071 skeleton_planner.h:170] Found solution in: 7
I20260909 04:43:37.357656  1071 skeleton_planner.h:170] Found solution in: 14
I20260909 04:43:37.357671  1071 skeleton_planner.h:170] Found solution in: 4
I20260909 04:43:37.357697  1071 skeleton_planner.h:170] Found solution in: 6
I20260909 04:43:37.357726  1071 skeleton_planner.h:170] Found solution in: 8
I20260909 04:43:37.357772  1071 skeleton_planner.h:170] Found solution in: 13
I20260909 04:43:37.357786  1071 skeleton_planner.h:170] Found solution in: 3
I20260909 04:43:37.357800  1071 skeleton_planner.h:170] Found solution in: 5
I20260909 04:43:37.357825  1071 skeleton_planner.h:170] Found solution in: 6
I20260909 04:43:37.357841  1071 skeleton_planner.h:170] Found solution in: 4
I20260909 04:43:37.357853  1071 skeleton_planner.h:170] Found solution in: 4
I20260909 04:43:37.357867  1071 skeleton_planner.h:170] Found solution in: 5
I20260909 04:43:37.357879  1071 skeleton_planner.h:170] Found solution in: 4
I20260909 04:43:37.357895  1071 skeleton_planner.h:170] Found solution in: 6
I20260909 04:43:37.357908  1071 skeleton_planner.h:170] Found solution in: 3
I20260909 04:43:37.357930  1071 skeleton_planner.h:170] Found solution in: 7
I20260909 04:43:37.357941  1071 skeleton_planner.h:170] Found solution in: 3
I20260909 04:43:37.357964  1071 skeleton_planner.h:170] Found solution in: 8
I20260909 04:43:37.357976  1071 skeleton_planner.h:170] Found solution in: 3
I20260909 04:43:37.357998  1071 skeleton_planner.h:170] Found solution in: 7
I20260909 04:43:37.358009  1071 skeleton_planner.h:170] Found solution in: 3
I20260909 04:43:37.358016  1071 skeleton_planner.h:170] Found solution in: 2
I20260909 04:43:37.358026  1071 skeleton_planner.h:170] Found solution in: 3
I20260909 04:43:37.358037  1071 skeleton_planner.h:170] Found solution in: 3
I20260909 04:43:37.358055  1071 skeleton_planner.h:170] Found solution in: 5
I20260909 04:43:37.358076  1071 skeleton_planner.h:170] Found solution in: 6
I20260909 04:43:37.358094  1071 skeleton_planner.h:170] Found solution in: 5
I20260909 04:43:37.358114  1071 skeleton_planner.h:170] Found solution in: 5
I20260909 04:43:37.358125  1071 skeleton_planner.h:170] Found solution in: 3
I20260909 04:43:37.358151  1071 skeleton_planner.h:170] Found solution in: 8
I20260909 04:43:37.358174  1071 skeleton_planner.h:170] Found solution in: 6
I20260909 04:43:37.358191  1071 skeleton_planner.h:170] Found solution in: 4
I20260909 04:43:37.358201  1071 skeleton_planner.h:170] Found solution in: 3
I20260909 04:43:37.358211  1071 skeleton_planner.h:170] Found solution in: 3
I20260909 04:43:37.358232  1071 skeleton_planner.h:170] Found solution in: 7
I20260909 04:43:37.358243  1071 skeleton_planner.h:170] Found solution in: 3
I20260909 04:43:37.358265  1071 skeleton_planner.h:170] Found solution in: 6
I20260909 04:43:37.358279  1071 skeleton_planner.h:170] Found solution in: 4
I20260909 04:43:37.358299  1071 skeleton_planner.h:170] Found solution in: 10
I20260909 04:43:37.358312  1071 skeleton_planner.h:170] Found solution in: 3
I20260909 04:43:37.358322  1071 skeleton_planner.h:170] Found solution in: 3
I20260909 04:43:37.358333  1071 skeleton_planner.h:170] Found solution in: 3
I20260909 04:43:37.358341  1071 skeleton_planner.h:170] Found solution in: 2
I20260909 04:43:37.358361  1071 skeleton_planner.h:170] Found solution in: 7
I20260909 04:43:37.358381  1071 skeleton_planner.h:170] Found solution in: 6
I20260909 04:43:37.358403  1071 skeleton_planner.h:170] Found solution in: 11
I20260909 04:43:37.358421  1071 skeleton_planner.h:170] Found solution in: 7
I20260909 04:43:37.358433  1071 skeleton_planner.h:170] Found solution in: 3
I20260909 04:43:37.358448  1071 skeleton_planner.h:170] Found solution in: 5
I20260909 04:43:37.358455  1071 skeleton_planner.h:170] Found solution in: 2
I20260909 04:43:37.358469  1071 skeleton_planner.h:170] Found solution in: 5
I20260909 04:43:37.358475  1071 skeleton_planner.h:170] Found solution in: 1
I20260909 04:43:37.358481  1071 skeleton_planner.h:170] Found solution in: 2
I20260909 04:43:37.358485  1071 skeleton_planner.h:170] Found solution in: 1
I20260909 04:43:37.358496  1071 skeleton_planner.h:170] Found solution in: 4
I20260909 04:43:37.358506  1071 skeleton_planner.h:170] Found solution in: 3
I20260909 04:43:37.358515  1071 skeleton_planner.h:170] Found solution in: 3
I20260909 04:43:37.358522  1071 skeleton_planner.h:170] Found solution in: 2
I20260909 04:43:37.358526  1071 skeleton_planner.h:170] Found solution in: 1
I20260909 04:43:37.358536  1071 skeleton_planner.h:170] Found solution in: 3
I20260909 04:43:37.358547  1071 skeleton_planner.h:170] Found solution in: 4
I20260909 04:43:37.358561  1071 skeleton_planner.h:170] Found solution in: 4
I20260909 04:43:37.358582  1071 skeleton_planner.h:170] Found solution in: 7
I20260909 04:43:37.358603  1071 skeleton_planner.h:170] Found solution in: 7
I20260909 04:43:37.358608  1071 skeleton_planner.h:170] Found solution in: 1
I20260909 04:43:37.358624  1071 skeleton_planner.h:170] Found solution in: 5
I20260909 04:43:37.358639  1071 skeleton_planner.h:170] Found solution in: 4
I20260909 04:43:37.358649  1071 skeleton_planner.h:170] Found solution in: 3
I20260909 04:43:37.358660  1071 skeleton_planner.h:170] Found solution in: 3
I20260909 04:43:37.358665  1071 skeleton_planner.h:170] Found solution in: 1
I20260909 04:43:37.358685  1071 skeleton_planner.h:170] Found solution in: 7
I20260909 04:43:37.358691  1071 skeleton_planner.h:170] Found solution in: 1
I20260909 04:43:37.358705  1071 skeleton_planner.h:170] Found solution in: 7
I20260909 04:43:37.358711  1071 skeleton_planner.h:170] Found solution in: 1
I20260909 04:43:37.358727  1071 skeleton_planner.h:170] Found solution in: 5
I20260909 04:43:37.358742  1071 skeleton_planner.h:170] Found solution in: 4
I20260909 04:43:37.358754  1071 skeleton_planner.h:170] Found solution in: 4
I20260909 04:43:37.358774  1071 skeleton_planner.h:170] Found solution in: 6
I20260909 04:43:37.358799  1071 skeleton_planner.h:170] Found solution in: 7
I20260909 04:43:37.358814  1071 skeleton_planner.h:170] Found solution in: 4
I20260909 04:43:37.358852  1071 skeleton_planner.h:170] Found solution in: 12
I20260909 04:43:37.358891  1071 skeleton_planner.h:170] Found solution in: 15
I20260909 04:43:37.358915  1071 skeleton_planner.h:170] Found solution in: 7
I20260909 04:43:37.358937  1071 skeleton_planner.h:170] Found solution in: 8
I20260909 04:43:37.358973  1071 skeleton_planner.h:170] Found solution in: 11
I20260909 04:43:37.358999  1071 skeleton_planner.h:170] Found solution in: 8
I20260909 04:43:37.359014  1071 skeleton_planner.h:170] Found solution in: 6
I20260909 04:43:37.359035  1071 skeleton_planner.h:170] Found solution in: 8
I20260909 04:43:37.359051  1071 skeleton_planner.h:170] Found solution in: 7
I20260909 04:43:37.359071  1071 skeleton_planner.h:170] Found solution in: 6
I20260909 04:43:37.359087  1071 skeleton_planner.h:170] Found solution in: 5
I20260909 04:43:37.359107  1071 skeleton_planner.h:170] Found solution in: 7
I20260909 04:43:37.359122  1071 skeleton_planner.h:170] Found solution in: 4
I20260909 04:43:37.359144  1071 skeleton_planner.h:170] Found solution in: 8
I20260909 04:43:37.359164  1071 skeleton_planner.h:170] Found solution in: 6
I20260909 04:43:37.359182  1071 skeleton_planner.h:170] Found solution in: 5
I20260909 04:43:37.359194  1071 skeleton_planner.h:170] Found solution in: 4
I20260909 04:43:37.359216  1071 skeleton_planner.h:170] Found solution in: 7
I20260909 04:43:37.359241  1071 skeleton_planner.h:170] Found solution in: 6
I20260909 04:43:37.359252  1071 skeleton_planner.h:170] Found solution in: 3
I20260909 04:43:37.359259  1071 skeleton_planner.h:170] Found solution in: 2
I20260909 04:43:37.359269  1071 skeleton_planner.h:170] Found solution in: 3
I20260909 04:43:37.359302  1071 skeleton_planner.h:170] Found solution in: 9
I20260909 04:43:37.359338  1071 skeleton_planner.h:170] Found solution in: 9
I20260909 04:43:37.359390  1071 skeleton_planner.h:170] Found solution in: 14
I20260909 04:43:37.359405  1071 skeleton_planner.h:170] Found solution in: 4
I20260909 04:43:37.359418  1071 skeleton_planner.h:170] Found solution in: 4
I20260909 04:43:37.359428  1071 skeleton_planner.h:170] Found solution in: 3
I20260909 04:43:37.359439  1071 skeleton_planner.h:170] Found solution in: 3
I20260909 04:43:37.359452  1071 skeleton_planner.h:170] Found solution in: 4
I20260909 04:43:37.359476  1071 skeleton_planner.h:170] Found solution in: 7
I20260909 04:43:37.359493  1071 skeleton_planner.h:170] Found solution in: 4
I20260909 04:43:37.359515  1071 skeleton_planner.h:170] Found solution in: 8
I20260909 04:43:37.359539  1071 skeleton_planner.h:170] Found solution in: 8
I20260909 04:43:37.359544  1071 skeleton_planner.h:170] Found solution in: 1
I20260909 04:43:37.359563  1071 skeleton_planner.h:170] Found solution in: 7
I20260909 04:43:37.359575  1071 skeleton_planner.h:170] Found solution in: 3
I20260909 04:43:37.359587  1071 skeleton_planner.h:170] Found solution in: 3
I20260909 04:43:37.359604  1071 skeleton_planner.h:170] Found solution in: 6
I20260909 04:43:37.359619  1071 skeleton_planner.h:170] Found solution in: 4
I20260909 04:43:37.359635  1071 skeleton_planner.h:170] Found solution in: 5
I20260909 04:43:37.359640  1071 skeleton_planner.h:170] Found solution in: 1
I20260909 04:43:37.359654  1071 skeleton_planner.h:170] Found solution in: 4
I20260909 04:43:37.359659  1071 skeleton_planner.h:170] Found solution in: 1
I20260909 04:43:37.359663  1071 skeleton_planner.h:170] Found solution in: 1
I20260909 04:43:37.359699  1071 skeleton_planner.h:170] Found solution in: 12
I20260909 04:43:37.359764  1071 skeleton_planner.h:170] Found solution in: 20
I20260909 04:43:37.359793  1071 skeleton_planner.h:170] Found solution in: 5
I20260909 04:43:37.359812  1071 skeleton_planner.h:170] Found solution in: 6
I20260909 04:43:37.359965  1071 skeleton_planner.h:170] Found solution in: 43
I20260909 04:43:37.360014  1071 skeleton_planner.h:170] Found solution in: 6
I20260909 04:43:37.360030  1071 skeleton_planner.h:170] Found solution in: 4
I20260909 04:43:37.360047  1071 skeleton_planner.h:170] Found solution in: 5
I20260909 04:43:37.360072  1071 skeleton_planner.h:170] Found solution in: 8
I20260909 04:43:37.360098  1071 skeleton_planner.h:170] Found solution in: 7
I20260909 04:43:37.360126  1071 skeleton_planner.h:170] Found solution in: 8
I20260909 04:43:37.360143  1071 skeleton_planner.h:170] Found solution in: 4
I20260909 04:43:37.360158  1071 skeleton_planner.h:170] Found solution in: 5
I20260909 04:43:37.360174  1071 skeleton_planner.h:170] Found solution in: 5
I20260909 04:43:37.360200  1071 skeleton_planner.h:170] Found solution in: 8
I20260909 04:43:37.360215  1071 skeleton_planner.h:170] Found solution in: 4
I20260909 04:43:37.360237  1071 skeleton_planner.h:170] Found solution in: 8
I20260909 04:43:37.360252  1071 skeleton_planner.h:170] Found solution in: 4
I20260909 04:43:37.360265  1071 skeleton_planner.h:170] Found solution in: 4
I20260909 04:43:37.360277  1071 skeleton_planner.h:170] Found solution in: 3
I20260909 04:43:37.360294  1071 skeleton_planner.h:170] Found solution in: 5
I20260909 04:43:37.360316  1071 skeleton_planner.h:170] Found solution in: 6
I20260909 04:43:37.360332  1071 skeleton_planner.h:170] Found solution in: 5
I20260909 04:43:37.360350  1071 skeleton_planner.h:170] Found solution in: 7
I20260909 04:43:37.360368  1071 skeleton_planner.h:170] Found solution in: 6
I20260909 04:43:37.360385  1071 skeleton_planner.h:170] Found solution in: 5
I20260909 04:43:37.360407  1071 skeleton_planner.h:170] Found solution in: 10
I20260909 04:43:37.360432  1071 skeleton_planner.h:170] Found solution in: 11
I20260909 04:43:37.360443  1071 skeleton_planner.h:170] Found solution in: 3
I20260909 04:43:37.360580  1071 skeleton_planner.h:170] Found solution in: 64
I20260909 04:43:37.360621  1071 skeleton_planner.h:170] Found solution in: 9
I20260909 04:43:37.360636  1071 skeleton_planner.h:170] Found solution in: 5
I20260909 04:43:37.360658  1071 skeleton_planner.h:170] Found solution in: 7
I20260909 04:43:37.360682  1071 skeleton_planner.h:170] Found solution in: 7
I20260909 04:43:37.360711  1071 skeleton_planner.h:170] Found solution in: 10
I20260909 04:43:37.360744  1071 skeleton_planner.h:170] Found solution in: 12
I20260909 04:43:37.360791  1071 skeleton_planner.h:170] Found solution in: 17
I20260909 04:43:37.360822  1071 skeleton_planner.h:170] Found solution in: 9
I20260909 04:43:37.360855  1071 skeleton_planner.h:170] Found solution in: 12
I20260909 04:43:37.360886  1071 skeleton_planner.h:170] Found solution in: 11
I20260909 04:43:37.360903  1071 skeleton_planner.h:170] Found solution in: 6
I20260909 04:43:37.360924  1071 skeleton_planner.h:170] Found solution in: 6
I20260909 04:43:37.360945  1071 skeleton_planner.h:170] Found solution in: 7
I20260909 04:43:37.360957  1071 skeleton_planner.h:170] Found solution in: 4
I20260909 04:43:37.360972  1071 skeleton_planner.h:170] Found solution in: 6
I20260909 04:43:37.360981  1071 skeleton_planner.h:170] Found solution in: 3
I20260909 04:43:37.360997  1071 skeleton_planner.h:170] Found solution in: 6
I20260909 04:43:37.361027  1071 skeleton_planner.h:170] Found solution in: 13
I20260909 04:43:37.361047  1071 skeleton_planner.h:170] Found solution in: 8
I20260909 04:43:37.361056  1071 skeleton_planner.h:170] Found solution in: 3
I20260909 04:43:37.361075  1071 skeleton_planner.h:170] Found solution in: 9
I20260909 04:43:37.361096  1071 skeleton_planner.h:170] Found solution in: 9
I20260909 04:43:37.361119  1071 skeleton_planner.h:170] Found solution in: 10
I20260909 04:43:37.361147  1071 skeleton_planner.h:170] Found solution in: 12
I20260909 04:43:37.361168  1071 skeleton_planner.h:170] Found solution in: 7
I20260909 04:43:37.361189  1071 skeleton_planner.h:170] Found solution in: 9
I20260909 04:43:37.361243  1071 skeleton_planner.h:170] Found solution in: 19
I20260909 04:43:37.361254  1071 skeleton_planner.h:170] Found solution in: 2
I20260909 04:43:37.361317  1071 skeleton_planner.h:170] Found solution in: 17
I20260909 04:43:37.361335  1071 skeleton_planner.h:170] Found solution in: 5
I20260909 04:43:37.361346  1071 skeleton_planner.h:170] Found solution in: 3
I20260909 04:43:37.361366  1071 skeleton_planner.h:170] Found solution in: 4
I20260909 04:43:37.361383  1071 skeleton_planner.h:170] Found solution in: 5
I20260909 04:43:37.361442  1071 skeleton_planner.h:170] Found solution in: 20
I20260909 04:43:37.361461  1071 skeleton_planner.h:170] Found solution in: 5
I20260909 04:43:37.361483  1071 skeleton_planner.h:170] Found solution in: 5
I20260909 04:43:37.361492  1071 skeleton_planner.h:170] Found solution in: 2
I20260909 04:43:37.361496  1071 skeleton_planner.h:170] Found solution in: 1
I20260909 04:43:37.361531  1071 skeleton_planner.h:170] Found solution in: 10
I20260909 04:43:37.361567  1071 skeleton_planner.h:170] Found solution in: 10
I20260909 04:43:37.361598  1071 skeleton_planner.h:170] Found solution in: 10
I20260909 04:43:37.361629  1071 skeleton_planner.h:170] Found solution in: 10
I20260909 04:43:37.361662  1071 skeleton_planner.h:170] Found solution in: 10
I20260909 04:43:37.361685  1071 skeleton_planner.h:170] Found solution in: 5
I20260909 04:43:37.361697  1071 skeleton_planner.h:170] Found solution in: 4
I20260909 04:43:37.361713  1071 skeleton_planner.h:170] Found solution in: 4
I20260909 04:43:37.361833  1071 skeleton_planner.h:170] Found solution in: 44
I20260909 04:43:37.361893  1071 skeleton_planner.h:170] Found solution in: 15
I20260909 04:43:37.361953  1071 skeleton_planner.h:170] Found solution in: 19
I20260909 04:43:37.361977  1071 skeleton_planner.h:170] Found solution in: 5
I20260909 04:43:37.361996  1071 skeleton_planner.h:170] Found solution in: 6
I20260909 04:43:37.362017  1071 skeleton_planner.h:170] Found solution in: 6
I20260909 04:43:37.362057  1071 skeleton_planner.h:170] Found solution in: 11
I20260909 04:43:37.362103  1071 skeleton_planner.h:170] Found solution in: 12
I20260909 04:43:37.362121  1071 skeleton_planner.h:170] Found solution in: 6
I20260909 04:43:37.362146  1071 skeleton_planner.h:170] Found solution in: 6
I20260909 04:43:37.362174  1071 skeleton_planner.h:170] Found solution in: 9
I20260909 04:43:37.362200  1071 skeleton_planner.h:170] Found solution in: 8
I20260909 04:43:37.362221  1071 skeleton_planner.h:170] Found solution in: 5
I20260909 04:43:37.362244  1071 skeleton_planner.h:170] Found solution in: 8
I20260909 04:43:37.362259  1071 skeleton_planner.h:170] Found solution in: 4
I20260909 04:43:37.362277  1071 skeleton_planner.h:170] Found solution in: 5
I20260909 04:43:37.362299  1071 skeleton_planner.h:170] Found solution in: 8
I20260909 04:43:37.362322  1071 skeleton_planner.h:170] Found solution in: 6
I20260909 04:43:37.362342  1071 skeleton_planner.h:170] Found solution in: 6
I20260909 04:43:37.362372  1071 skeleton_planner.h:170] Found solution in: 10
I20260909 04:43:37.362397  1071 skeleton_planner.h:170] Found solution in: 7
I20260909 04:43:37.362411  1071 skeleton_planner.h:170] Found solution in: 3
I20260909 04:43:37.362434  1071 skeleton_planner.h:170] Found solution in: 8
I20260909 04:43:37.362445  1071 skeleton_planner.h:170] Found solution in: 3
I20260909 04:43:37.362478  1071 skeleton_planner.h:170] Found solution in: 11
I20260909 04:43:37.362497  1071 skeleton_planner.h:170] Found solution in: 5
I20260909 04:43:37.362509  1071 skeleton_planner.h:170] Found solution in: 3
I20260909 04:43:37.362514  1071 skeleton_planner.h:170] Found solution in: 1
I20260909 04:43:37.362524  1071 skeleton_planner.h:170] Found solution in: 4
I20260909 04:43:37.362556  1071 skeleton_planner.h:170] Found solution in: 11
I20260909 04:43:37.362566  1071 skeleton_planner.h:170] Found solution in: 2
I20260909 04:43:37.362571  1071 skeleton_planner.h:170] Found solution in: 1
I20260909 04:43:37.362572  1071 skeleton_planner.h:170] Found solution in: 1
I20260909 04:43:37.362596  1071 skeleton_planner.h:170] Found solution in: 7
I20260909 04:43:37.362608  1071 skeleton_planner.h:170] Found solution in: 3
I20260909 04:43:37.362634  1071 skeleton_planner.h:170] Found solution in: 8
I20260909 04:43:37.362671  1071 skeleton_planner.h:170] Found solution in: 10
I20260909 04:43:37.362699  1071 skeleton_planner.h:170] Found solution in: 8
I20260909 04:43:37.362711  1071 skeleton_planner.h:170] Found solution in: 4
I20260909 04:43:37.362716  1071 skeleton_planner.h:170] Found solution in: 1
I20260909 04:43:37.362718  1071 skeleton_planner.h:170] Found solution in: 1
I20260909 04:43:37.362744  1071 skeleton_planner.h:170] Found solution in: 10
I20260909 04:43:37.363013  1071 skeleton_planner.h:170] Found solution in: 12
I20260909 04:43:37.363026  1071 skeleton_planner.h:170] Found solution in: 3
I20260909 04:43:37.363040  1071 skeleton_planner.h:170] Found solution in: 6
I20260909 04:43:37.363054  1071 skeleton_planner.h:170] Found solution in: 6
I20260909 04:43:37.363071  1071 skeleton_planner.h:170] Found solution in: 6
I20260909 04:43:37.363101  1071 skeleton_planner.h:170] Found solution in: 8
I20260909 04:43:37.363121  1071 skeleton_planner.h:170] Found solution in: 5
I20260909 04:43:37.363152  1071 skeleton_planner.h:170] Found solution in: 10
I20260909 04:43:37.363184  1071 skeleton_planner.h:170] Found solution in: 10
I20260909 04:43:37.363196  1071 skeleton_planner.h:170] Found solution in: 3
I20260909 04:43:37.363201  1071 skeleton_planner.h:170] Found solution in: 1
I20260909 04:43:37.363215  1071 skeleton_planner.h:170] Found solution in: 4
I20260909 04:43:37.363220  1071 skeleton_planner.h:170] Found solution in: 1
I20260909 04:43:37.363235  1071 skeleton_planner.h:170] Found solution in: 5
I20260909 04:43:37.363248  1071 skeleton_planner.h:170] Found solution in: 4
I20260909 04:43:37.363260  1071 skeleton_planner.h:170] Found solution in: 3
I20260909 04:43:37.363276  1071 skeleton_planner.h:170] Found solution in: 5
I20260909 04:43:37.363281  1071 skeleton_planner.h:170] Found solution in: 1
I20260909 04:43:37.363287  1071 skeleton_planner.h:170] Found solution in: 2
I20260909 04:43:37.363291  1071 skeleton_planner.h:170] Found solution in: 1
I20260909 04:43:37.363308  1071 skeleton_planner.h:170] Found solution in: 5
I20260909 04:43:37.363313  1071 skeleton_planner.h:170] Found solution in: 1
I20260909 04:43:37.363336  1071 skeleton_planner.h:170] Found solution in: 8
I20260909 04:43:37.363392  1071 skeleton_planner.h:170] Found solution in: 20
I20260909 04:43:37.363406  1071 skeleton_planner.h:170] Found solution in: 3
I20260909 04:43:37.363430  1071 skeleton_planner.h:170] Found solution in: 5
I20260909 04:43:37.363446  1071 skeleton_planner.h:170] Found solution in: 5
I20260909 04:43:37.363467  1071 skeleton_planner.h:170] Found solution in: 7
I20260909 04:43:37.363473  1071 skeleton_planner.h:170] Found solution in: 1
I20260909 04:43:37.363487  1071 skeleton_planner.h:170] Found solution in: 5
I20260909 04:43:37.363507  1071 skeleton_planner.h:170] Found solution in: 7
I20260909 04:43:37.363525  1071 skeleton_planner.h:170] Found solution in: 5
I20260909 04:43:37.363545  1071 skeleton_planner.h:170] Found solution in: 6
I20260909 04:43:37.363555  1071 skeleton_planner.h:170] Found solution in: 2
I20260909 04:43:37.363574  1071 skeleton_planner.h:170] Found solution in: 5
I20260909 04:43:37.363583  1071 skeleton_planner.h:170] Found solution in: 3
I20260909 04:43:37.363601  1071 skeleton_planner.h:170] Found solution in: 6
I20260909 04:43:37.363620  1071 skeleton_planner.h:170] Found solution in: 6
I20260909 04:43:37.363636  1071 skeleton_planner.h:170] Found solution in: 5
I20260909 04:43:37.363653  1071 skeleton_planner.h:170] Found solution in: 6
I20260909 04:43:37.363674  1071 skeleton_planner.h:170] Found solution in: 7
I20260909 04:43:37.363694  1071 skeleton_planner.h:170] Found solution in: 6
I20260909 04:43:37.363718  1071 skeleton_planner.h:170] Found solution in: 7
I20260909 04:43:37.363744  1071 skeleton_planner.h:170] Found solution in: 8
I20260909 04:43:37.363756  1071 skeleton_planner.h:170] Found solution in: 3
I20260909 04:43:37.363766  1071 skeleton_planner.h:170] Found solution in: 3
I20260909 04:43:37.363794  1071 skeleton_planner.h:170] Found solution in: 9
I20260909 04:43:37.363807  1071 skeleton_planner.h:170] Found solution in: 3
I20260909 04:43:37.363826  1071 skeleton_planner.h:170] Found solution in: 5
I20260909 04:43:37.363834  1071 skeleton_planner.h:170] Found solution in: 3
I20260909 04:43:37.363849  1071 skeleton_planner.h:170] Found solution in: 4
I20260909 04:43:37.363860  1071 skeleton_planner.h:170] Found solution in: 3
I20260909 04:43:37.363864  1071 skeleton_planner.h:170] Found solution in: 1
I20260909 04:43:37.363867  1071 skeleton_planner.h:170] Found solution in: 1
I20260909 04:43:37.363878  1071 skeleton_planner.h:170] Found solution in: 3
I20260909 04:43:37.363891  1071 skeleton_planner.h:170] Found solution in: 5
I20260909 04:43:37.363901  1071 skeleton_planner.h:170] Found solution in: 3
I20260909 04:43:37.363919  1071 skeleton_planner.h:170] Found solution in: 5
I20260909 04:43:37.363941  1071 skeleton_planner.h:170] Found solution in: 7
I20260909 04:43:37.363960  1071 skeleton_planner.h:170] Found solution in: 5
I20260909 04:43:37.363970  1071 skeleton_planner.h:170] Found solution in: 3
I20260909 04:43:37.364001  1071 skeleton_planner.h:170] Found solution in: 10
I20260909 04:43:37.364015  1071 skeleton_planner.h:170] Found solution in: 4
I20260909 04:43:37.364027  1071 skeleton_planner.h:170] Found solution in: 3
I20260909 04:43:37.364043  1071 skeleton_planner.h:170] Found solution in: 5
I20260909 04:43:37.364053  1071 skeleton_planner.h:170] Found solution in: 3
I20260909 04:43:37.364070  1071 skeleton_planner.h:170] Found solution in: 5
I20260909 04:43:37.364089  1071 skeleton_planner.h:170] Found solution in: 5
I20260909 04:43:37.364099  1071 skeleton_planner.h:170] Found solution in: 3
I20260909 04:43:37.364112  1071 skeleton_planner.h:170] Found solution in: 4
I20260909 04:43:37.364122  1071 skeleton_planner.h:170] Found solution in: 3
I20260909 04:43:37.364136  1071 skeleton_planner.h:170] Found solution in: 4
I20260909 04:43:37.364153  1071 skeleton_planner.h:170] Found solution in: 6
I20260909 04:43:37.364172  1071 skeleton_planner.h:170] Found solution in: 6
I20260909 04:43:37.364192  1071 skeleton_planner.h:170] Found solution in: 6
I20260909 04:43:37.364213  1071 skeleton_planner.h:170] Found solution in: 7
I20260909 04:43:37.364249  1071 skeleton_planner.h:170] Found solution in: 12
I20260909 04:43:37.364264  1071 skeleton_planner.h:170] Found solution in: 3
I20260909 04:43:37.364275  1071 skeleton_planner.h:170] Found solution in: 3
I20260909 04:43:37.364285  1071 skeleton_planner.h:170] Found solution in: 3
I20260909 04:43:37.364311  1071 skeleton_planner.h:170] Found solution in: 7
I20260909 04:43:37.364326  1071 skeleton_planner.h:170] Found solution in: 4
I20260909 04:43:37.364348  1071 skeleton_planner.h:170] Found solution in: 8
I20260909 04:43:37.364369  1071 skeleton_planner.h:170] Found solution in: 7
I20260909 04:43:37.364380  1071 skeleton_planner.h:170] Found solution in: 3
I20260909 04:43:37.364396  1071 skeleton_planner.h:170] Found solution in: 5
I20260909 04:43:37.364408  1071 skeleton_planner.h:170] Found solution in: 3
I20260909 04:43:37.364418  1071 skeleton_planner.h:170] Found solution in: 4
I20260909 04:43:37.364467  1071 skeleton_planner.h:170] Found solution in: 23
I20260909 04:43:37.364482  1071 skeleton_planner.h:170] Found solution in: 5
I20260909 04:43:37.364494  1071 skeleton_planner.h:170] Found solution in: 4
I20260909 04:43:37.364507  1071 skeleton_planner.h:170] Found solution in: 4
I20260909 04:43:37.364517  1071 skeleton_planner.h:170] Found solution in: 3
I20260909 04:43:37.364528  1071 skeleton_planner.h:170] Found solution in: 3
I20260909 04:43:37.364547  1071 skeleton_planner.h:170] Found solution in: 4
I20260909 04:43:37.364563  1071 skeleton_planner.h:170] Found solution in: 5
I20260909 04:43:37.364586  1071 skeleton_planner.h:170] Found solution in: 7
I20260909 04:43:37.364602  1071 skeleton_planner.h:170] Found solution in: 4
I20260909 04:43:37.364625  1071 skeleton_planner.h:170] Found solution in: 8
I20260909 04:43:37.364699  1071 skeleton_planner.h:170] Found solution in: 27
I20260909 04:43:37.364718  1071 skeleton_planner.h:170] Found solution in: 4
I20260909 04:43:37.364723  1071 skeleton_planner.h:170] Found solution in: 1
I20260909 04:43:37.364733  1071 skeleton_planner.h:170] Found solution in: 3
I20260909 04:43:37.364759  1071 skeleton_planner.h:170] Found solution in: 5
I20260909 04:43:37.364789  1071 skeleton_planner.h:170] Found solution in: 10
I20260909 04:43:37.364825  1071 skeleton_planner.h:170] Found solution in: 9
I20260909 04:43:37.364845  1071 skeleton_planner.h:170] Found solution in: 5
I20260909 04:43:37.364866  1071 skeleton_planner.h:170] Found solution in: 8
I20260909 04:43:37.364926  1071 skeleton_planner.h:170] Found solution in: 18
I20260909 04:43:37.364941  1071 skeleton_planner.h:170] Found solution in: 3
I20260909 04:43:37.364954  1071 skeleton_planner.h:170] Found solution in: 4
I20260909 04:43:37.364969  1071 skeleton_planner.h:170] Found solution in: 5
I20260909 04:43:37.364980  1071 skeleton_planner.h:170] Found solution in: 4
I20260909 04:43:37.365063  1071 skeleton_planner.h:170] Found solution in: 27
I20260909 04:43:37.365108  1071 skeleton_planner.h:170] Found solution in: 13
I20260909 04:43:37.365114  1071 skeleton_planner.h:170] Found solution in: 1
I20260909 04:43:37.365142  1071 skeleton_planner.h:170] Found solution in: 12
I20260909 04:43:37.365168  1071 skeleton_planner.h:170] Found solution in: 8
I20260909 04:43:37.365319  1071 skeleton_planner.h:170] Found solution in: 63
I20260909 04:43:37.365350  1071 skeleton_planner.h:170] Found solution in: 5
I20260909 04:43:37.365367  1071 skeleton_planner.h:170] Found solution in: 5
I20260909 04:43:37.365379  1071 skeleton_planner.h:170] Found solution in: 3
I20260909 04:43:37.365391  1071 skeleton_planner.h:170] Found solution in: 3
I20260909 04:43:37.365413  1071 skeleton_planner.h:170] Found solution in: 8
I20260909 04:43:37.365450  1071 skeleton_planner.h:170] Found solution in: 12
I20260909 04:43:37.365686  1071 skeleton_planner.h:170] Found solution in: 58
I20260909 04:43:37.365748  1071 skeleton_planner.h:170] Found solution in: 14
I20260909 04:43:37.365796  1071 skeleton_planner.h:170] Found solution in: 15
I20260909 04:43:37.365897  1071 skeleton_planner.h:170] Found solution in: 33
I20260909 04:43:37.365916  1071 skeleton_planner.h:170] Found solution in: 4
I20260909 04:43:37.366072  1071 skeleton_planner.h:170] Found solution in: 58
I20260909 04:43:37.366110  1071 skeleton_planner.h:170] Found solution in: 6
I20260909 04:43:37.366132  1071 skeleton_planner.h:170] Found solution in: 6
I20260909 04:43:37.366150  1071 skeleton_planner.h:170] Found solution in: 6
I20260909 04:43:37.366168  1071 skeleton_planner.h:170] Found solution in: 6
I20260909 04:43:37.366182  1071 skeleton_planner.h:170] Found solution in: 5
I20260909 04:43:37.366202  1071 skeleton_planner.h:170] Found solution in: 5
I20260909 04:43:37.366217  1071 skeleton_planner.h:170] Found solution in: 6
I20260909 04:43:37.366245  1071 skeleton_planner.h:170] Found solution in: 10
I20260909 04:43:37.366268  1071 skeleton_planner.h:170] Found solution in: 6
I20260909 04:43:37.366291  1071 skeleton_planner.h:170] Found solution in: 7
I20260909 04:43:37.366308  1071 skeleton_planner.h:170] Found solution in: 5
I20260909 04:43:37.366333  1071 skeleton_planner.h:170] Found solution in: 7
I20260909 04:43:37.366350  1071 skeleton_planner.h:170] Found solution in: 4
I20260909 04:43:37.366380  1071 skeleton_planner.h:170] Found solution in: 11
I20260909 04:43:37.366401  1071 skeleton_planner.h:170] Found solution in: 6
I20260909 04:43:37.366420  1071 skeleton_planner.h:170] Found solution in: 5
I20260909 04:43:37.366432  1071 skeleton_planner.h:170] Found solution in: 4
I20260909 04:43:37.366449  1071 skeleton_planner.h:170] Found solution in: 5
I20260909 04:43:37.366474  1071 skeleton_planner.h:170] Found solution in: 11
I20260909 04:43:37.366498  1071 skeleton_planner.h:170] Found solution in: 7
I20260909 04:43:37.366520  1071 skeleton_planner.h:170] Found solution in: 6
I20260909 04:43:37.366539  1071 skeleton_planner.h:170] Found solution in: 5
I20260909 04:43:37.366554  1071 skeleton_planner.h:170] Found solution in: 4
I20260909 04:43:37.366569  1071 skeleton_planner.h:170] Found solution in: 5
I20260909 04:43:37.366587  1071 skeleton_planner.h:170] Found solution in: 6
I20260909 04:43:37.366600  1071 skeleton_planner.h:170] Found solution in: 4
I20260909 04:43:37.366617  1071 skeleton_planner.h:170] Found solution in: 5
I20260909 04:43:37.366645  1071 skeleton_planner.h:170] Found solution in: 10
I20260909 04:43:37.366667  1071 skeleton_planner.h:170] Found solution in: 6
I20260909 04:43:37.366695  1071 skeleton_planner.h:170] Found solution in: 8
I20260909 04:43:37.366711  1071 skeleton_planner.h:170] Found solution in: 4
I20260909 04:43:37.366724  1071 skeleton_planner.h:170] Found solution in: 4
I20260909 04:43:37.366758  1071 skeleton_planner.h:170] Found solution in: 12
I20260909 04:43:37.366773  1071 skeleton_planner.h:170] Found solution in: 5
I20260909 04:43:37.366818  1071 skeleton_planner.h:170] Found solution in: 15
I20260909 04:43:37.366858  1071 skeleton_planner.h:170] Found solution in: 10
I20260909 04:43:37.366892  1071 skeleton_planner.h:170] Found solution in: 12
I20260909 04:43:37.366899  1071 skeleton_planner.h:170] Found solution in: 1
I20260909 04:43:37.366971  1071 skeleton_planner.h:170] Found solution in: 26
I20260909 04:43:37.366986  1071 skeleton_planner.h:170] Found solution in: 3
I20260909 04:43:37.367025  1071 skeleton_planner.h:170] Found solution in: 11
I20260909 04:43:37.367038  1071 skeleton_planner.h:170] Found solution in: 3
I20260909 04:43:37.367079  1071 skeleton_planner.h:170] Found solution in: 15
I20260909 04:43:37.367105  1071 skeleton_planner.h:170] Found solution in: 8
I20260909 04:43:37.367116  1071 skeleton_planner.h:170] Found solution in: 4
I20260909 04:43:37.367129  1071 skeleton_planner.h:170] Found solution in: 5
I20260909 04:43:37.367142  1071 skeleton_planner.h:170] Found solution in: 6
I20260909 04:43:37.367159  1071 skeleton_planner.h:170] Found solution in: 8
I20260909 04:43:37.367173  1071 skeleton_planner.h:170] Found solution in: 7
I20260909 04:43:37.367194  1071 skeleton_planner.h:170] Found solution in: 9
I20260909 04:43:37.367213  1071 skeleton_planner.h:170] Found solution in: 9
I20260909 04:43:37.367226  1071 skeleton_planner.h:170] Found solution in: 5
I20260909 04:43:37.367236  1071 skeleton_planner.h:170] Found solution in: 3
I20260909 04:43:37.367246  1071 skeleton_planner.h:170] Found solution in: 3
I20260909 04:43:37.367259  1071 skeleton_planner.h:170] Found solution in: 3
I20260909 04:43:37.367273  1071 skeleton_planner.h:170] Found solution in: 5
I20260909 04:43:37.367290  1071 skeleton_planner.h:170] Found solution in: 5
I20260909 04:43:37.367301  1071 skeleton_planner.h:170] Found solution in: 4
I20260909 04:43:37.367316  1071 skeleton_planner.h:170] Found solution in: 5
I20260909 04:43:37.367339  1071 skeleton_planner.h:170] Found solution in: 10
I20260909 04:43:37.367354  1071 skeleton_planner.h:170] Found solution in: 5
I20260909 04:43:37.367378  1071 skeleton_planner.h:170] Found solution in: 11
I20260909 04:43:37.367444  1071 skeleton_planner.h:170] Found solution in: 26
I20260909 04:43:37.367473  1071 skeleton_planner.h:170] Found solution in: 7
I20260909 04:43:37.367488  1071 skeleton_planner.h:170] Found solution in: 6
I20260909 04:43:37.367506  1071 skeleton_planner.h:170] Found solution in: 8
I20260909 04:43:37.367523  1071 skeleton_planner.h:170] Found solution in: 9
I20260909 04:43:37.367555  1071 skeleton_planner.h:170] Found solution in: 15
I20260909 04:43:37.367571  1071 skeleton_planner.h:170] Found solution in: 4
I20260909 04:43:37.367594  1071 skeleton_planner.h:170] Found solution in: 6
I20260909 04:43:37.367604  1071 skeleton_planner.h:170] Found solution in: 2
I20260909 04:43:37.367611  1071 skeleton_planner.h:170] Found solution in: 2
I20260909 04:43:37.367621  1071 skeleton_planner.h:170] Found solution in: 3
I20260909 04:43:37.367638  1071 skeleton_planner.h:170] Found solution in: 6
I20260909 04:43:37.367650  1071 skeleton_planner.h:170] Found solution in: 3
I20260909 04:43:37.367655  1071 skeleton_planner.h:170] Found solution in: 1
I20260909 04:43:37.367677  1071 skeleton_planner.h:170] Found solution in: 8
I20260909 04:43:37.367691  1071 skeleton_planner.h:170] Found solution in: 3
I20260909 04:43:37.367715  1071 skeleton_planner.h:170] Found solution in: 7
I20260909 04:43:37.367735  1071 skeleton_planner.h:170] Found solution in: 6
I20260909 04:43:37.367746  1071 skeleton_planner.h:170] Found solution in: 3
I20260909 04:43:37.367758  1071 skeleton_planner.h:170] Found solution in: 3
I20260909 04:43:37.367770  1071 skeleton_planner.h:170] Found solution in: 4
I20260909 04:43:37.367782  1071 skeleton_planner.h:170] Found solution in: 4
I20260909 04:43:37.367794  1071 skeleton_planner.h:170] Found solution in: 3
I20260909 04:43:37.367805  1071 skeleton_planner.h:170] Found solution in: 3
I20260909 04:43:37.367815  1071 skeleton_planner.h:170] Found solution in: 3
I20260909 04:43:37.367826  1071 skeleton_planner.h:170] Found solution in: 3
I20260909 04:43:37.367836  1071 skeleton_planner.h:170] Found solution in: 3
I20260909 04:43:37.367851  1071 skeleton_planner.h:170] Found solution in: 5
I20260909 04:43:37.367861  1071 skeleton_planner.h:170] Found solution in: 3
I20260909 04:43:37.367875  1071 skeleton_planner.h:170] Found solution in: 5
I20260909 04:43:37.367887  1071 skeleton_planner.h:170] Found solution in: 3
I20260909 04:43:37.367890  1071 skeleton_planner.h:170] Found solution in: 1
I20260909 04:43:37.367897  1071 skeleton_planner.h:170] Found solution in: 2
I20260909 04:43:37.367910  1071 skeleton_planner.h:170] Found solution in: 5
I20260909 04:43:37.367930  1071 skeleton_planner.h:170] Found solution in: 7
I20260909 04:43:37.367949  1071 skeleton_planner.h:170] Found solution in: 5
I20260909 04:43:37.368005  1071 skeleton_planner.h:170] Found solution in: 17
I20260909 04:43:37.368036  1071 skeleton_planner.h:170] Found solution in: 6
I20260909 04:43:37.368053  1071 skeleton_planner.h:170] Found solution in: 5
I20260909 04:43:37.368065  1071 skeleton_planner.h:170] Found solution in: 3
I20260909 04:43:37.368088  1071 skeleton_planner.h:170] Found solution in: 8
I20260909 04:43:37.368100  1071 skeleton_planner.h:170] Found solution in: 3
I20260909 04:43:37.368119  1071 skeleton_planner.h:170] Found solution in: 5
I20260909 04:43:37.368129  1071 skeleton_planner.h:170] Found solution in: 3
I20260909 04:43:37.368139  1071 skeleton_planner.h:170] Found solution in: 3
I20260909 04:43:37.368146  1071 skeleton_planner.h:170] Found solution in: 2
I20260909 04:43:37.368155  1071 skeleton_planner.h:170] Found solution in: 3
I20260909 04:43:37.368196  1071 skeleton_planner.h:170] Found solution in: 13
I20260909 04:43:37.368203  1071 skeleton_planner.h:170] Found solution in: 1
I20260909 04:43:37.368227  1071 skeleton_planner.h:170] Found solution in: 7
I20260909 04:43:37.368255  1071 skeleton_planner.h:170] Found solution in: 10
I20260909 04:43:37.368281  1071 skeleton_planner.h:170] Found solution in: 7
I20260909 04:43:37.368287  1071 skeleton_planner.h:170] Found solution in: 1
I20260909 04:43:37.368290  1071 skeleton_planner.h:170] Found solution in: 1
I20260909 04:43:37.368300  1071 skeleton_planner.h:170] Found solution in: 3
I20260909 04:43:37.368319  1071 skeleton_planner.h:170] Found solution in: 4
I20260909 04:43:37.368340  1071 skeleton_planner.h:170] Found solution in: 8
I20260909 04:43:37.368355  1071 skeleton_planner.h:170] Found solution in: 4
I20260909 04:43:37.368366  1071 skeleton_planner.h:170] Found solution in: 4
I20260909 04:43:37.368381  1071 skeleton_planner.h:170] Found solution in: 4
I20260909 04:43:37.368393  1071 skeleton_planner.h:170] Found solution in: 4
I20260909 04:43:37.368413  1071 skeleton_planner.h:170] Found solution in: 7
I20260909 04:43:37.368734  1071 skeleton_planner.h:170] Found solution in: 59
I20260909 04:43:37.368759  1071 skeleton_planner.h:170] Found solution in: 2
I20260909 04:43:37.368770  1071 skeleton_planner.h:170] Found solution in: 3
I20260909 04:43:37.368815  1071 skeleton_planner.h:170] Found solution in: 6
I20260909 04:43:37.368842  1071 skeleton_planner.h:170] Found solution in: 7
I20260909 04:43:37.368851  1071 skeleton_planner.h:170] Found solution in: 2
I20260909 04:43:37.368861  1071 skeleton_planner.h:170] Found solution in: 3
I20260909 04:43:37.368883  1071 skeleton_planner.h:170] Found solution in: 7
I20260909 04:43:37.368893  1071 skeleton_planner.h:170] Found solution in: 3
I20260909 04:43:37.368943  1071 skeleton_planner.h:170] Found solution in: 22
I20260909 04:43:37.368963  1071 skeleton_planner.h:170] Found solution in: 4
I20260909 04:43:37.368979  1071 skeleton_planner.h:170] Found solution in: 7
I20260909 04:43:37.368994  1071 skeleton_planner.h:170] Found solution in: 4
I20260909 04:43:37.369001  1071 skeleton_planner.h:170] Found solution in: 2
I20260909 04:43:37.369005  1071 skeleton_planner.h:170] Found solution in: 1
I20260909 04:43:37.369035  1071 skeleton_planner.h:170] Found solution in: 10
I20260909 04:43:37.369102  1071 skeleton_planner.h:170] Found solution in: 31
I20260909 04:43:37.369130  1071 skeleton_planner.h:170] Found solution in: 8
I20260909 04:43:37.369153  1071 skeleton_planner.h:170] Found solution in: 7
I20260909 04:43:37.369179  1071 skeleton_planner.h:170] Found solution in: 9
I20260909 04:43:37.369185  1071 skeleton_generator.cpp:1655] [Simplify Vertices] Vertex removals: 822 / 839, Edges added: 260
I20260909 04:43:37.369764  1071 skeleton_generator.cpp:1697] [Subgraph] Number of disconnected subgraphs: 21
I20260909 04:43:37.373660  1071 skeleton_planner.h:170] Found solution in: 3
I20260909 04:43:37.373972  1071 skeleton_planner.h:170] Found solution in: 9
I20260909 04:43:37.374264  1071 skeleton_planner.h:170] Found solution in: 6
I20260909 04:43:37.376395  1071 skeleton_planner.h:170] Found solution in: 3
I20260909 04:43:37.381283  1071 skeleton_planner.h:170] Found solution in: 98
I20260909 04:43:37.381903  1071 skeleton_planner.h:170] Found solution in: 13
I20260909 04:43:37.384506  1071 skeleton_planner.h:170] Found solution in: 31
I20260909 04:43:37.388465  1071 skeleton_planner.h:170] Found solution in: 24
I20260909 04:43:37.388662  1071 skeleton_planner.h:170] Found solution in: 5
I20260909 04:43:37.388769  1071 skeleton_planner.h:170] Found solution in: 5
I20260909 04:43:37.388797  1071 skeleton_planner.h:170] Found solution in: 7
I20260909 04:43:37.388990  1071 skeleton_planner.h:170] Found solution in: 4
I20260909 04:43:37.390024  1071 skeleton_planner.h:170] Found solution in: 5
I20260909 04:43:37.390407  1071 skeleton_generator.cpp:1756] [Subgraph] Potential edge candidates: 69 diagram candidates: 13
I20260909 04:43:37.390471  1071 skeleton_generator.cpp:1771] [Subgraph] Final number of disconnected subgraphs: 9
I20260909 04:43:37.390475  1071 skeleton_generator.cpp:633] [Sparse Graph] Vertices: 1591 Edges: 2693
