I20260909 04:40:19.167163   531 skeleton_planner.h:31] Setting ESDF layer.
I20260909 04:40:19.283051   531 skeleton_generator.cpp:226] [GVD] Finished finding GVD candidates. Number of skeleton points: 75238 edges: 6641
I20260909 04:40:19.298624   531 skeleton_generator.cpp:1093] [Prune] Number of vertices before prune: 2836 Number of deleted vertices: 643
I20260909 04:40:19.306360   531 skeleton_planner.h:170] Found solution in: 1
I20260909 04:40:19.306375   531 skeleton_planner.h:170] Found solution in: 2
I20260909 04:40:19.306402   531 skeleton_planner.h:170] Found solution in: 6
I20260909 04:40:19.306412   531 skeleton_planner.h:170] Found solution in: 1
I20260909 04:40:19.306417   531 skeleton_planner.h:170] Found solution in: 2
I20260909 04:40:19.306430   531 skeleton_planner.h:170] Found solution in: 3
I20260909 04:40:19.306438   531 skeleton_planner.h:170] Found solution in: 1
I20260909 04:40:19.306533   531 skeleton_planner.h:170] Found solution in: 3
I20260909 04:40:19.306543   531 skeleton_planner.h:170] Found solution in: 1
I20260909 04:40:19.306548   531 skeleton_planner.h:170] Found solution in: 3
I20260909 04:40:19.306562   531 skeleton_planner.h:170] Found solution in: 3
I20260909 04:40:19.306572   531 skeleton_planner.h:170] Found solution in: 1
I20260909 04:40:19.306583   531 skeleton_planner.h:170] Found solution in: 3
I20260909 04:40:19.306593   531 skeleton_planner.h:170] Found solution in: 1
I20260909 04:40:19.306607   531 skeleton_planner.h:170] Found solution in: 3
I20260909 04:40:19.306617   531 skeleton_planner.h:170] Found solution in: 1
I20260909 04:40:19.306623   531 skeleton_planner.h:170] Found solution in: 6
I20260909 04:40:19.306629   531 skeleton_planner.h:170] Found solution in: 6
I20260909 04:40:19.306656   531 skeleton_planner.h:170] Found solution in: 8
I20260909 04:40:19.306667   531 skeleton_planner.h:170] Found solution in: 1
I20260909 04:40:19.306671   531 skeleton_planner.h:170] Found solution in: 2
I20260909 04:40:19.306692   531 skeleton_planner.h:170] Found solution in: 8
I20260909 04:40:19.306702   531 skeleton_planner.h:170] Found solution in: 1
I20260909 04:40:19.306717   531 skeleton_planner.h:170] Found solution in: 4
I20260909 04:40:19.306727   531 skeleton_planner.h:170] Found solution in: 1
I20260909 04:40:19.306814   531 skeleton_planner.h:170] Found solution in: 4
I20260909 04:40:19.306821   531 skeleton_planner.h:170] Found solution in: 1
I20260909 04:40:19.306825   531 skeleton_planner.h:170] Found solution in: 2
I20260909 04:40:19.306835   531 skeleton_planner.h:170] Found solution in: 3
I20260909 04:40:19.306841   531 skeleton_planner.h:170] Found solution in: 1
I20260909 04:40:19.306852   531 skeleton_planner.h:170] Found solution in: 3
I20260909 04:40:19.306860   531 skeleton_planner.h:170] Found solution in: 1
I20260909 04:40:19.306864   531 skeleton_planner.h:170] Found solution in: 3
I20260909 04:40:19.306875   531 skeleton_planner.h:170] Found solution in: 3
I20260909 04:40:19.306885   531 skeleton_planner.h:170] Found solution in: 1
I20260909 04:40:19.306892   531 skeleton_planner.h:170] Found solution in: 8
I20260909 04:40:19.306900   531 skeleton_planner.h:170] Found solution in: 7
I20260909 04:40:19.306911   531 skeleton_planner.h:170] Found solution in: 1
I20260909 04:40:19.306921   531 skeleton_planner.h:170] Found solution in: 10
I20260909 04:40:19.306931   531 skeleton_planner.h:170] Found solution in: 11
I20260909 04:40:19.306938   531 skeleton_planner.h:170] Found solution in: 7
I20260909 04:40:19.306944   531 skeleton_planner.h:170] Found solution in: 1
I20260909 04:40:19.306949   531 skeleton_planner.h:170] Found solution in: 3
I20260909 04:40:19.306959   531 skeleton_planner.h:170] Found solution in: 12
I20260909 04:40:19.306972   531 skeleton_planner.h:170] Found solution in: 13
I20260909 04:40:19.306978   531 skeleton_planner.h:170] Found solution in: 1
I20260909 04:40:19.306986   531 skeleton_planner.h:170] Found solution in: 8
I20260909 04:40:19.306994   531 skeleton_planner.h:170] Found solution in: 8
I20260909 04:40:19.307003   531 skeleton_planner.h:170] Found solution in: 1
I20260909 04:40:19.307024   531 skeleton_planner.h:170] Found solution in: 4
I20260909 04:40:19.307034   531 skeleton_planner.h:170] Found solution in: 1
I20260909 04:40:19.307045   531 skeleton_planner.h:170] Found solution in: 14
I20260909 04:40:19.307051   531 skeleton_planner.h:170] Found solution in: 1
I20260909 04:40:19.307065   531 skeleton_planner.h:170] Found solution in: 16
I20260909 04:40:19.307073   531 skeleton_planner.h:170] Found solution in: 1
I20260909 04:40:19.307080   531 skeleton_planner.h:170] Found solution in: 5
I20260909 04:40:19.307096   531 skeleton_planner.h:170] Found solution in: 17
I20260909 04:40:19.307103   531 skeleton_planner.h:170] Found solution in: 1
I20260909 04:40:19.307124   531 skeleton_planner.h:170] Found solution in: 24
I20260909 04:40:19.307132   531 skeleton_planner.h:170] Found solution in: 1
I20260909 04:40:19.307137   531 skeleton_planner.h:170] Found solution in: 5
I20260909 04:40:19.307144   531 skeleton_planner.h:170] Found solution in: 6
I20260909 04:40:19.307176   531 skeleton_planner.h:170] Found solution in: 7
I20260909 04:40:19.307186   531 skeleton_planner.h:170] Found solution in: 1
I20260909 04:40:19.307197   531 skeleton_planner.h:170] Found solution in: 10
I20260909 04:40:19.307204   531 skeleton_planner.h:170] Found solution in: 1
I20260909 04:40:19.307209   531 skeleton_planner.h:170] Found solution in: 3
I20260909 04:40:19.307817   531 skeleton_planner.h:170] Found solution in: 1
I20260909 04:40:19.307834   531 skeleton_planner.h:170] Found solution in: 4
I20260909 04:40:19.307842   531 skeleton_planner.h:170] Found solution in: 1
I20260909 04:40:19.307847   531 skeleton_planner.h:170] Found solution in: 3
I20260909 04:40:19.307859   531 skeleton_planner.h:170] Found solution in: 4
I20260909 04:40:19.307868   531 skeleton_planner.h:170] Found solution in: 1
I20260909 04:40:19.307873   531 skeleton_planner.h:170] Found solution in: 3
I20260909 04:40:19.307878   531 skeleton_planner.h:170] Found solution in: 1
I20260909 04:40:19.307883   531 skeleton_planner.h:170] Found solution in: 3
I20260909 04:40:19.307888   531 skeleton_planner.h:170] Found solution in: 1
I20260909 04:40:19.307902   531 skeleton_planner.h:170] Found solution in: 15
I20260909 04:40:19.307909   531 skeleton_planner.h:170] Found solution in: 1
I20260909 04:40:19.307914   531 skeleton_planner.h:170] Found solution in: 3
I20260909 04:40:19.307930   531 skeleton_planner.h:170] Found solution in: 6
I20260909 04:40:19.307940   531 skeleton_planner.h:170] Found solution in: 1
I20260909 04:40:19.307950   531 skeleton_planner.h:170] Found solution in: 11
I20260909 04:40:19.307956   531 skeleton_planner.h:170] Found solution in: 6
I20260909 04:40:19.307962   531 skeleton_planner.h:170] Found solution in: 4
I20260909 04:40:19.307974   531 skeleton_planner.h:170] Found solution in: 15
I20260909 04:40:19.307979   531 skeleton_planner.h:170] Found solution in: 1
I20260909 04:40:19.307986   531 skeleton_planner.h:170] Found solution in: 5
I20260909 04:40:19.307991   531 skeleton_planner.h:170] Found solution in: 5
I20260909 04:40:19.307997   531 skeleton_planner.h:170] Found solution in: 5
I20260909 04:40:19.308010   531 skeleton_planner.h:170] Found solution in: 16
I20260909 04:40:19.308017   531 skeleton_planner.h:170] Found solution in: 1
I20260909 04:40:19.308022   531 skeleton_planner.h:170] Found solution in: 2
I20260909 04:40:19.308034   531 skeleton_planner.h:170] Found solution in: 4
I20260909 04:40:19.308045   531 skeleton_planner.h:170] Found solution in: 1
I20260909 04:40:19.308049   531 skeleton_planner.h:170] Found solution in: 2
I20260909 04:40:19.308059   531 skeleton_planner.h:170] Found solution in: 3
I20260909 04:40:19.308069   531 skeleton_planner.h:170] Found solution in: 1
I20260909 04:40:19.308079   531 skeleton_planner.h:170] Found solution in: 11
I20260909 04:40:19.308113   531 skeleton_planner.h:170] Found solution in: 5
I20260909 04:40:19.308121   531 skeleton_planner.h:170] Found solution in: 1
I20260909 04:40:19.308127   531 skeleton_planner.h:170] Found solution in: 4
I20260909 04:40:19.308159   531 skeleton_planner.h:170] Found solution in: 6
I20260909 04:40:19.308171   531 skeleton_planner.h:170] Found solution in: 1
I20260909 04:40:19.308176   531 skeleton_planner.h:170] Found solution in: 4
I20260909 04:40:19.308192   531 skeleton_planner.h:170] Found solution in: 6
I20260909 04:40:19.308203   531 skeleton_planner.h:170] Found solution in: 1
I20260909 04:40:19.308207   531 skeleton_planner.h:170] Found solution in: 2
I20260909 04:40:19.308223   531 skeleton_planner.h:170] Found solution in: 4
I20260909 04:40:19.308233   531 skeleton_planner.h:170] Found solution in: 1
I20260909 04:40:19.308238   531 skeleton_planner.h:170] Found solution in: 4
I20260909 04:40:19.308257   531 skeleton_planner.h:170] Found solution in: 5
I20260909 04:40:19.308266   531 skeleton_planner.h:170] Found solution in: 1
I20260909 04:40:19.308333   531 skeleton_planner.h:170] Found solution in: 33
I20260909 04:40:19.308346   531 skeleton_planner.h:170] Found solution in: 1
I20260909 04:40:19.308351   531 skeleton_planner.h:170] Found solution in: 4
I20260909 04:40:19.308377   531 skeleton_planner.h:170] Found solution in: 4
I20260909 04:40:19.308383   531 skeleton_planner.h:170] Found solution in: 1
I20260909 04:40:19.308387   531 skeleton_planner.h:170] Found solution in: 2
I20260909 04:40:19.308857   531 skeleton_planner.h:170] Found solution in: 41
I20260909 04:40:19.308928   531 skeleton_planner.h:170] Found solution in: 32
I20260909 04:40:19.308991   531 skeleton_planner.h:170] Found solution in: 29
I20260909 04:40:19.309046   531 skeleton_planner.h:170] Found solution in: 19
I20260909 04:40:19.309211   531 skeleton_planner.h:170] Found solution in: 97
I20260909 04:40:19.309278   531 skeleton_planner.h:170] Found solution in: 18
I20260909 04:40:19.309288   531 skeleton_planner.h:170] Found solution in: 1
I20260909 04:40:19.309291   531 skeleton_planner.h:170] Found solution in: 2
I20260909 04:40:19.309484   531 skeleton_planner.h:170] Found solution in: 91
I20260909 04:40:19.309530   531 skeleton_planner.h:170] Found solution in: 12
I20260909 04:40:19.309561   531 skeleton_planner.h:170] Found solution in: 14
I20260909 04:40:19.309571   531 skeleton_planner.h:170] Found solution in: 1
I20260909 04:40:19.309580   531 skeleton_planner.h:170] Found solution in: 8
I20260909 04:40:19.309588   531 skeleton_planner.h:170] Found solution in: 8
I20260909 04:40:19.309598   531 skeleton_planner.h:170] Found solution in: 1
I20260909 04:40:19.309607   531 skeleton_planner.h:170] Found solution in: 1
I20260909 04:40:19.309612   531 skeleton_planner.h:170] Found solution in: 4
I20260909 04:40:19.309635   531 skeleton_planner.h:170] Found solution in: 5
I20260909 04:40:19.309645   531 skeleton_planner.h:170] Found solution in: 1
I20260909 04:40:19.309654   531 skeleton_planner.h:170] Found solution in: 8
I20260909 04:40:19.309660   531 skeleton_planner.h:170] Found solution in: 1
I20260909 04:40:19.309708   531 skeleton_planner.h:170] Found solution in: 5
I20260909 04:40:19.309716   531 skeleton_planner.h:170] Found solution in: 1
I20260909 04:40:19.309734   531 skeleton_planner.h:170] Found solution in: 3
I20260909 04:40:19.309741   531 skeleton_planner.h:170] Found solution in: 1
I20260909 04:40:19.309770   531 skeleton_planner.h:170] Found solution in: 5
I20260909 04:40:19.309780   531 skeleton_planner.h:170] Found solution in: 1
I20260909 04:40:19.309785   531 skeleton_planner.h:170] Found solution in: 4
I20260909 04:40:19.309809   531 skeleton_planner.h:170] Found solution in: 8
I20260909 04:40:19.309818   531 skeleton_planner.h:170] Found solution in: 1
I20260909 04:40:19.309840   531 skeleton_planner.h:170] Found solution in: 7
I20260909 04:40:19.309851   531 skeleton_planner.h:170] Found solution in: 1
I20260909 04:40:19.309859   531 skeleton_planner.h:170] Found solution in: 1
I20260909 04:40:19.309865   531 skeleton_planner.h:170] Found solution in: 5
I20260909 04:40:19.309908   531 skeleton_planner.h:170] Found solution in: 19
I20260909 04:40:19.309960   531 skeleton_planner.h:170] Found solution in: 21
I20260909 04:40:19.309975   531 skeleton_planner.h:170] Found solution in: 10
I20260909 04:40:19.310004   531 skeleton_planner.h:170] Found solution in: 8
I20260909 04:40:19.310019   531 skeleton_planner.h:170] Found solution in: 1
I20260909 04:40:19.310055   531 skeleton_planner.h:170] Found solution in: 6
I20260909 04:40:19.310065   531 skeleton_planner.h:170] Found solution in: 1
I20260909 04:40:19.310068   531 skeleton_planner.h:170] Found solution in: 2
I20260909 04:40:19.310078   531 skeleton_planner.h:170] Found solution in: 3
I20260909 04:40:19.310087   531 skeleton_planner.h:170] Found solution in: 1
I20260909 04:40:19.310142   531 skeleton_planner.h:170] Found solution in: 3
I20260909 04:40:19.310149   531 skeleton_planner.h:170] Found solution in: 1
I20260909 04:40:19.310155   531 skeleton_planner.h:170] Found solution in: 1
I20260909 04:40:19.310158   531 skeleton_planner.h:170] Found solution in: 2
I20260909 04:40:19.310169   531 skeleton_planner.h:170] Found solution in: 3
I20260909 04:40:19.310175   531 skeleton_planner.h:170] Found solution in: 1
I20260909 04:40:19.310186   531 skeleton_planner.h:170] Found solution in: 3
I20260909 04:40:19.310191   531 skeleton_planner.h:170] Found solution in: 1
I20260909 04:40:19.310195   531 skeleton_planner.h:170] Found solution in: 3
I20260909 04:40:19.310206   531 skeleton_planner.h:170] Found solution in: 3
I20260909 04:40:19.310211   531 skeleton_planner.h:170] Found solution in: 1
I20260909 04:40:19.310222   531 skeleton_planner.h:170] Found solution in: 4
I20260909 04:40:19.310228   531 skeleton_planner.h:170] Found solution in: 1
I20260909 04:40:19.310250   531 skeleton_planner.h:170] Found solution in: 8
I20260909 04:40:19.310257   531 skeleton_planner.h:170] Found solution in: 1
I20260909 04:40:19.310267   531 skeleton_planner.h:170] Found solution in: 3
I20260909 04:40:19.310273   531 skeleton_planner.h:170] Found solution in: 1
I20260909 04:40:19.310282   531 skeleton_planner.h:170] Found solution in: 1
I20260909 04:40:19.310302   531 skeleton_planner.h:170] Found solution in: 3
I20260909 04:40:19.310312   531 skeleton_planner.h:170] Found solution in: 1
I20260909 04:40:19.310324   531 skeleton_planner.h:170] Found solution in: 3
I20260909 04:40:19.310333   531 skeleton_planner.h:170] Found solution in: 1
I20260909 04:40:19.310343   531 skeleton_planner.h:170] Found solution in: 3
I20260909 04:40:19.310353   531 skeleton_planner.h:170] Found solution in: 1
I20260909 04:40:19.310357   531 skeleton_planner.h:170] Found solution in: 2
I20260909 04:40:19.310367   531 skeleton_planner.h:170] Found solution in: 3
I20260909 04:40:19.310379   531 skeleton_planner.h:170] Found solution in: 1
I20260909 04:40:19.310392   531 skeleton_planner.h:170] Found solution in: 4
I20260909 04:40:19.310402   531 skeleton_planner.h:170] Found solution in: 1
I20260909 04:40:19.310413   531 skeleton_planner.h:170] Found solution in: 3
I20260909 04:40:19.310421   531 skeleton_planner.h:170] Found solution in: 1
I20260909 04:40:19.310434   531 skeleton_planner.h:170] Found solution in: 3
I20260909 04:40:19.310441   531 skeleton_planner.h:170] Found solution in: 1
I20260909 04:40:19.310446   531 skeleton_planner.h:170] Found solution in: 4
I20260909 04:40:19.310461   531 skeleton_planner.h:170] Found solution in: 4
I20260909 04:40:19.310469   531 skeleton_planner.h:170] Found solution in: 1
I20260909 04:40:19.310482   531 skeleton_planner.h:170] Found solution in: 3
I20260909 04:40:19.310489   531 skeleton_planner.h:170] Found solution in: 1
I20260909 04:40:19.310498   531 skeleton_planner.h:170] Found solution in: 10
I20260909 04:40:19.310506   531 skeleton_planner.h:170] Found solution in: 1
I20260909 04:40:19.310509   531 skeleton_planner.h:170] Found solution in: 2
I20260909 04:40:19.310523   531 skeleton_planner.h:170] Found solution in: 4
I20260909 04:40:19.310530   531 skeleton_planner.h:170] Found solution in: 1
I20260909 04:40:19.310541   531 skeleton_planner.h:170] Found solution in: 3
I20260909 04:40:19.310551   531 skeleton_planner.h:170] Found solution in: 1
I20260909 04:40:19.310560   531 skeleton_planner.h:170] Found solution in: 8
I20260909 04:40:19.310587   531 skeleton_planner.h:170] Found solution in: 7
I20260909 04:40:19.310595   531 skeleton_planner.h:170] Found solution in: 1
I20260909 04:40:19.310675   531 skeleton_planner.h:170] Found solution in: 3
I20260909 04:40:19.310683   531 skeleton_planner.h:170] Found solution in: 1
I20260909 04:40:19.310686   531 skeleton_planner.h:170] Found solution in: 3
I20260909 04:40:19.310711   531 skeleton_planner.h:170] Found solution in: 8
I20260909 04:40:19.310719   531 skeleton_planner.h:170] Found solution in: 1
I20260909 04:40:19.310748   531 skeleton_planner.h:170] Found solution in: 9
I20260909 04:40:19.310760   531 skeleton_planner.h:170] Found solution in: 1
I20260909 04:40:19.310848   531 skeleton_planner.h:170] Found solution in: 3
I20260909 04:40:19.310861   531 skeleton_planner.h:170] Found solution in: 1
I20260909 04:40:19.310869   531 skeleton_planner.h:170] Found solution in: 1
I20260909 04:40:19.310877   531 skeleton_planner.h:170] Found solution in: 1
I20260909 04:40:19.310881   531 skeleton_planner.h:170] Found solution in: 2
I20260909 04:40:19.310891   531 skeleton_planner.h:170] Found solution in: 3
I20260909 04:40:19.310900   531 skeleton_planner.h:170] Found solution in: 1
I20260909 04:40:19.310910   531 skeleton_planner.h:170] Found solution in: 3
I20260909 04:40:19.310920   531 skeleton_planner.h:170] Found solution in: 1
I20260909 04:40:19.310945   531 skeleton_planner.h:170] Found solution in: 7
I20260909 04:40:19.310956   531 skeleton_planner.h:170] Found solution in: 1
I20260909 04:40:19.310958   531 skeleton_planner.h:170] Found solution in: 2
I20260909 04:40:19.310971   531 skeleton_planner.h:170] Found solution in: 4
I20260909 04:40:19.310978   531 skeleton_planner.h:170] Found solution in: 1
I20260909 04:40:19.310993   531 skeleton_planner.h:170] Found solution in: 5
I20260909 04:40:19.311002   531 skeleton_planner.h:170] Found solution in: 1
I20260909 04:40:19.311022   531 skeleton_planner.h:170] Found solution in: 6
I20260909 04:40:19.311031   531 skeleton_planner.h:170] Found solution in: 1
I20260909 04:40:19.311038   531 skeleton_planner.h:170] Found solution in: 4
I20260909 04:40:19.311044   531 skeleton_planner.h:170] Found solution in: 8
I20260909 04:40:19.311062   531 skeleton_planner.h:170] Found solution in: 4
I20260909 04:40:19.311071   531 skeleton_planner.h:170] Found solution in: 1
I20260909 04:40:19.311076   531 skeleton_planner.h:170] Found solution in: 4
I20260909 04:40:19.311082   531 skeleton_planner.h:170] Found solution in: 1
I20260909 04:40:19.311086   531 skeleton_planner.h:170] Found solution in: 4
I20260909 04:40:19.311095   531 skeleton_planner.h:170] Found solution in: 1
I20260909 04:40:19.311101   531 skeleton_planner.h:170] Found solution in: 5
I20260909 04:40:19.311205   531 skeleton_planner.h:170] Found solution in: 10
I20260909 04:40:19.311213   531 skeleton_planner.h:170] Found solution in: 1
I20260909 04:40:19.311221   531 skeleton_planner.h:170] Found solution in: 8
I20260909 04:40:19.311226   531 skeleton_planner.h:170] Found solution in: 1
I20260909 04:40:19.311244   531 skeleton_planner.h:170] Found solution in: 6
I20260909 04:40:19.311254   531 skeleton_planner.h:170] Found solution in: 1
I20260909 04:40:19.311259   531 skeleton_planner.h:170] Found solution in: 5
I20260909 04:40:19.311266   531 skeleton_planner.h:170] Found solution in: 1
I20260909 04:40:19.311271   531 skeleton_planner.h:170] Found solution in: 5
I20260909 04:40:19.311278   531 skeleton_planner.h:170] Found solution in: 1
I20260909 04:40:19.311296   531 skeleton_planner.h:170] Found solution in: 4
I20260909 04:40:19.311303   531 skeleton_planner.h:170] Found solution in: 1
I20260909 04:40:19.311311   531 skeleton_planner.h:170] Found solution in: 3
I20260909 04:40:19.311338   531 skeleton_planner.h:170] Found solution in: 3
I20260909 04:40:19.311345   531 skeleton_planner.h:170] Found solution in: 1
I20260909 04:40:19.311352   531 skeleton_planner.h:170] Found solution in: 7
I20260909 04:40:19.311378   531 skeleton_planner.h:170] Found solution in: 8
I20260909 04:40:19.311386   531 skeleton_planner.h:170] Found solution in: 1
I20260909 04:40:19.311398   531 skeleton_planner.h:170] Found solution in: 13
I20260909 04:40:19.311407   531 skeleton_planner.h:170] Found solution in: 10
I20260909 04:40:19.311414   531 skeleton_planner.h:170] Found solution in: 1
I20260909 04:40:19.311422   531 skeleton_planner.h:170] Found solution in: 10
I20260909 04:40:19.311431   531 skeleton_planner.h:170] Found solution in: 10
I20260909 04:40:19.311440   531 skeleton_planner.h:170] Found solution in: 1
I20260909 04:40:19.311444   531 skeleton_planner.h:170] Found solution in: 3
I20260909 04:40:19.312618   531 skeleton_planner.h:170] Found solution in: 1
I20260909 04:40:19.312623   531 skeleton_planner.h:170] Found solution in: 3
I20260909 04:40:19.313668   531 skeleton_planner.h:170] Found solution in: 1
I20260909 04:40:19.313673   531 skeleton_planner.h:170] Found solution in: 2
I20260909 04:40:19.313697   531 skeleton_planner.h:170] Found solution in: 5
I20260909 04:40:19.313707   531 skeleton_planner.h:170] Found solution in: 1
I20260909 04:40:19.313731   531 skeleton_planner.h:170] Found solution in: 7
I20260909 04:40:19.313741   531 skeleton_planner.h:170] Found solution in: 1
I20260909 04:40:19.313745   531 skeleton_planner.h:170] Found solution in: 2
I20260909 04:40:19.313759   531 skeleton_planner.h:170] Found solution in: 4
I20260909 04:40:19.313767   531 skeleton_planner.h:170] Found solution in: 1
I20260909 04:40:19.313771   531 skeleton_planner.h:170] Found solution in: 3
I20260909 04:40:19.313782   531 skeleton_planner.h:170] Found solution in: 3
I20260909 04:40:19.313791   531 skeleton_planner.h:170] Found solution in: 1
I20260909 04:40:19.313807   531 skeleton_planner.h:170] Found solution in: 4
I20260909 04:40:19.313817   531 skeleton_planner.h:170] Found solution in: 1
I20260909 04:40:19.313822   531 skeleton_planner.h:170] Found solution in: 5
I20260909 04:40:19.313830   531 skeleton_planner.h:170] Found solution in: 1
I20260909 04:40:19.313927   531 skeleton_planner.h:170] Found solution in: 5
I20260909 04:40:19.313939   531 skeleton_planner.h:170] Found solution in: 1
I20260909 04:40:19.313951   531 skeleton_planner.h:170] Found solution in: 3
I20260909 04:40:19.313959   531 skeleton_planner.h:170] Found solution in: 1
I20260909 04:40:19.313964   531 skeleton_planner.h:170] Found solution in: 1
I20260909 04:40:19.314050   531 skeleton_planner.h:170] Found solution in: 4
I20260909 04:40:19.314061   531 skeleton_planner.h:170] Found solution in: 1
I20260909 04:40:19.314144   531 skeleton_planner.h:170] Found solution in: 5
I20260909 04:40:19.314152   531 skeleton_planner.h:170] Found solution in: 1
I20260909 04:40:19.314158   531 skeleton_planner.h:170] Found solution in: 1
I20260909 04:40:19.314174   531 skeleton_planner.h:170] Found solution in: 4
I20260909 04:40:19.314185   531 skeleton_planner.h:170] Found solution in: 1
I20260909 04:40:19.314191   531 skeleton_planner.h:170] Found solution in: 1
I20260909 04:40:19.314203   531 skeleton_planner.h:170] Found solution in: 3
I20260909 04:40:19.314211   531 skeleton_planner.h:170] Found solution in: 1
I20260909 04:40:19.314215   531 skeleton_planner.h:170] Found solution in: 4
I20260909 04:40:19.314236   531 skeleton_planner.h:170] Found solution in: 6
I20260909 04:40:19.314244   531 skeleton_planner.h:170] Found solution in: 1
I20260909 04:40:19.314249   531 skeleton_planner.h:170] Found solution in: 4
I20260909 04:40:19.314265   531 skeleton_planner.h:170] Found solution in: 4
I20260909 04:40:19.314275   531 skeleton_planner.h:170] Found solution in: 1
I20260909 04:40:19.314280   531 skeleton_planner.h:170] Found solution in: 4
I20260909 04:40:19.314296   531 skeleton_planner.h:170] Found solution in: 4
I20260909 04:40:19.314306   531 skeleton_planner.h:170] Found solution in: 1
I20260909 04:40:19.314321   531 skeleton_planner.h:170] Found solution in: 4
I20260909 04:40:19.314328   531 skeleton_planner.h:170] Found solution in: 1
I20260909 04:40:19.314332   531 skeleton_planner.h:170] Found solution in: 2
I20260909 04:40:19.314343   531 skeleton_planner.h:170] Found solution in: 3
I20260909 04:40:19.314349   531 skeleton_planner.h:170] Found solution in: 1
I20260909 04:40:19.314358   531 skeleton_planner.h:170] Found solution in: 1
I20260909 04:40:19.314364   531 skeleton_planner.h:170] Found solution in: 5
I20260909 04:40:19.314384   531 skeleton_planner.h:170] Found solution in: 6
I20260909 04:40:19.314392   531 skeleton_planner.h:170] Found solution in: 1
I20260909 04:40:19.314399   531 skeleton_planner.h:170] Found solution in: 5
I20260909 04:40:19.314414   531 skeleton_planner.h:170] Found solution in: 5
I20260909 04:40:19.314424   531 skeleton_planner.h:170] Found solution in: 1
I20260909 04:40:19.314431   531 skeleton_planner.h:170] Found solution in: 1
I20260909 04:40:19.314453   531 skeleton_planner.h:170] Found solution in: 6
I20260909 04:40:19.314464   531 skeleton_planner.h:170] Found solution in: 1
I20260909 04:40:19.314479   531 skeleton_planner.h:170] Found solution in: 4
I20260909 04:40:19.314488   531 skeleton_planner.h:170] Found solution in: 1
I20260909 04:40:19.314512   531 skeleton_planner.h:170] Found solution in: 8
I20260909 04:40:19.314520   531 skeleton_planner.h:170] Found solution in: 1
I20260909 04:40:19.314544   531 skeleton_planner.h:170] Found solution in: 28
I20260909 04:40:19.314551   531 skeleton_planner.h:170] Found solution in: 1
I20260909 04:40:19.314558   531 skeleton_planner.h:170] Found solution in: 5
I20260909 04:40:19.314566   531 skeleton_planner.h:170] Found solution in: 1
I20260909 04:40:19.314570   531 skeleton_planner.h:170] Found solution in: 3
I20260909 04:40:19.314585   531 skeleton_planner.h:170] Found solution in: 6
I20260909 04:40:19.314594   531 skeleton_planner.h:170] Found solution in: 1
I20260909 04:40:19.314605   531 skeleton_planner.h:170] Found solution in: 4
I20260909 04:40:19.314616   531 skeleton_planner.h:170] Found solution in: 1
I20260909 04:40:19.314702   531 skeleton_planner.h:170] Found solution in: 3
I20260909 04:40:19.314713   531 skeleton_planner.h:170] Found solution in: 1
I20260909 04:40:19.314720   531 skeleton_planner.h:170] Found solution in: 1
I20260909 04:40:19.314805   531 skeleton_planner.h:170] Found solution in: 3
I20260909 04:40:19.314813   531 skeleton_planner.h:170] Found solution in: 1
I20260909 04:40:19.314865   531 skeleton_planner.h:170] Found solution in: 67
I20260909 04:40:19.314949   531 skeleton_planner.h:170] Found solution in: 4
I20260909 04:40:19.314957   531 skeleton_planner.h:170] Found solution in: 1
I20260909 04:40:19.315044   531 skeleton_planner.h:170] Found solution in: 4
I20260909 04:40:19.315053   531 skeleton_planner.h:170] Found solution in: 1
I20260909 04:40:19.315059   531 skeleton_planner.h:170] Found solution in: 5
I20260909 04:40:19.315151   531 skeleton_planner.h:170] Found solution in: 5
I20260909 04:40:19.315158   531 skeleton_planner.h:170] Found solution in: 1
I20260909 04:40:19.315164   531 skeleton_planner.h:170] Found solution in: 1
I20260909 04:40:19.315169   531 skeleton_planner.h:170] Found solution in: 3
I20260909 04:40:19.315181   531 skeleton_planner.h:170] Found solution in: 3
I20260909 04:40:19.315188   531 skeleton_planner.h:170] Found solution in: 1
I20260909 04:40:19.315200   531 skeleton_planner.h:170] Found solution in: 4
I20260909 04:40:19.315207   531 skeleton_planner.h:170] Found solution in: 1
I20260909 04:40:19.315214   531 skeleton_planner.h:170] Found solution in: 1
I20260909 04:40:19.315218   531 skeleton_planner.h:170] Found solution in: 3
I20260909 04:40:19.315239   531 skeleton_planner.h:170] Found solution in: 6
I20260909 04:40:19.315248   531 skeleton_planner.h:170] Found solution in: 1
I20260909 04:40:19.315253   531 skeleton_planner.h:170] Found solution in: 5
I20260909 04:40:19.315275   531 skeleton_planner.h:170] Found solution in: 6
I20260909 04:40:19.315282   531 skeleton_planner.h:170] Found solution in: 1
I20260909 04:40:19.315289   531 skeleton_planner.h:170] Found solution in: 1
I20260909 04:40:19.315308   531 skeleton_planner.h:170] Found solution in: 6
I20260909 04:40:19.315316   531 skeleton_planner.h:170] Found solution in: 1
I20260909 04:40:19.315322   531 skeleton_planner.h:170] Found solution in: 1
I20260909 04:40:19.315328   531 skeleton_planner.h:170] Found solution in: 5
I20260909 04:40:19.315336   531 skeleton_planner.h:170] Found solution in: 1
I20260909 04:40:19.315339   531 skeleton_planner.h:170] Found solution in: 2
I20260909 04:40:19.315357   531 skeleton_planner.h:170] Found solution in: 6
I20260909 04:40:19.315367   531 skeleton_planner.h:170] Found solution in: 1
I20260909 04:40:19.315371   531 skeleton_planner.h:170] Found solution in: 3
I20260909 04:40:19.315383   531 skeleton_planner.h:170] Found solution in: 4
I20260909 04:40:19.315392   531 skeleton_planner.h:170] Found solution in: 1
I20260909 04:40:19.315409   531 skeleton_planner.h:170] Found solution in: 6
I20260909 04:40:19.315418   531 skeleton_planner.h:170] Found solution in: 1
I20260909 04:40:19.315433   531 skeleton_planner.h:170] Found solution in: 3
I20260909 04:40:19.315438   531 skeleton_planner.h:170] Found solution in: 1
I20260909 04:40:19.315448   531 skeleton_planner.h:170] Found solution in: 3
I20260909 04:40:19.315459   531 skeleton_planner.h:170] Found solution in: 1
I20260909 04:40:19.315471   531 skeleton_planner.h:170] Found solution in: 4
I20260909 04:40:19.315476   531 skeleton_planner.h:170] Found solution in: 1
I20260909 04:40:19.315483   531 skeleton_planner.h:170] Found solution in: 5
I20260909 04:40:19.315541   531 skeleton_planner.h:170] Found solution in: 5
I20260909 04:40:19.315547   531 skeleton_planner.h:170] Found solution in: 1
I20260909 04:40:19.315562   531 skeleton_planner.h:170] Found solution in: 4
I20260909 04:40:19.315572   531 skeleton_planner.h:170] Found solution in: 1
I20260909 04:40:19.315584   531 skeleton_planner.h:170] Found solution in: 4
I20260909 04:40:19.315593   531 skeleton_planner.h:170] Found solution in: 1
I20260909 04:40:19.315600   531 skeleton_planner.h:170] Found solution in: 1
I20260909 04:40:19.315608   531 skeleton_planner.h:170] Found solution in: 8
I20260909 04:40:19.315698   531 skeleton_planner.h:170] Found solution in: 5
I20260909 04:40:19.315706   531 skeleton_planner.h:170] Found solution in: 1
I20260909 04:40:19.315712   531 skeleton_planner.h:170] Found solution in: 1
I20260909 04:40:19.315730   531 skeleton_planner.h:170] Found solution in: 8
I20260909 04:40:19.315738   531 skeleton_planner.h:170] Found solution in: 1
I20260909 04:40:19.315989   531 skeleton_planner.h:170] Found solution in: 13
I20260909 04:40:19.316000   531 skeleton_planner.h:170] Found solution in: 1
I20260909 04:40:19.316006   531 skeleton_planner.h:170] Found solution in: 4
I20260909 04:40:19.316162   531 skeleton_planner.h:170] Found solution in: 70
I20260909 04:40:19.316188   531 skeleton_planner.h:170] Found solution in: 6
I20260909 04:40:19.316196   531 skeleton_planner.h:170] Found solution in: 1
I20260909 04:40:19.316200   531 skeleton_planner.h:170] Found solution in: 2
I20260909 04:40:19.316211   531 skeleton_planner.h:170] Found solution in: 4
I20260909 04:40:19.316217   531 skeleton_planner.h:170] Found solution in: 1
I20260909 04:40:19.316226   531 skeleton_planner.h:170] Found solution in: 1
I20260909 04:40:19.316231   531 skeleton_planner.h:170] Found solution in: 3
I20260909 04:40:19.316241   531 skeleton_planner.h:170] Found solution in: 3
I20260909 04:40:19.316249   531 skeleton_planner.h:170] Found solution in: 1
I20260909 04:40:19.316260   531 skeleton_planner.h:170] Found solution in: 3
I20260909 04:40:19.316267   531 skeleton_planner.h:170] Found solution in: 1
I20260909 04:40:19.316272   531 skeleton_planner.h:170] Found solution in: 4
I20260909 04:40:19.316293   531 skeleton_planner.h:170] Found solution in: 4
I20260909 04:40:19.316300   531 skeleton_planner.h:170] Found solution in: 1
I20260909 04:40:19.316303   531 skeleton_planner.h:170] Found solution in: 2
I20260909 04:40:19.316316   531 skeleton_planner.h:170] Found solution in: 4
I20260909 04:40:19.316323   531 skeleton_planner.h:170] Found solution in: 1
I20260909 04:40:19.316336   531 skeleton_planner.h:170] Found solution in: 4
I20260909 04:40:19.316344   531 skeleton_planner.h:170] Found solution in: 1
I20260909 04:40:19.316349   531 skeleton_planner.h:170] Found solution in: 1
I20260909 04:40:19.316360   531 skeleton_planner.h:170] Found solution in: 3
I20260909 04:40:19.316367   531 skeleton_planner.h:170] Found solution in: 1
I20260909 04:40:19.316457   531 skeleton_planner.h:170] Found solution in: 3
I20260909 04:40:19.316465   531 skeleton_planner.h:170] Found solution in: 1
I20260909 04:40:19.316470   531 skeleton_planner.h:170] Found solution in: 1
I20260909 04:40:19.316475   531 skeleton_planner.h:170] Found solution in: 1
I20260909 04:40:19.316480   531 skeleton_planner.h:170] Found solution in: 3
I20260909 04:40:19.316493   531 skeleton_planner.h:170] Found solution in: 3
I20260909 04:40:19.316498   531 skeleton_planner.h:170] Found solution in: 1
I20260909 04:40:19.316509   531 skeleton_planner.h:170] Found solution in: 3
I20260909 04:40:19.316519   531 skeleton_planner.h:170] Found solution in: 1
I20260909 04:40:19.316537   531 skeleton_planner.h:170] Found solution in: 4
I20260909 04:40:19.316545   531 skeleton_planner.h:170] Found solution in: 1
I20260909 04:40:19.316558   531 skeleton_planner.h:170] Found solution in: 3
I20260909 04:40:19.316574   531 skeleton_planner.h:170] Found solution in: 1
I20260909 04:40:19.316578   531 skeleton_planner.h:170] Found solution in: 2
I20260909 04:40:19.316596   531 skeleton_planner.h:170] Found solution in: 8
I20260909 04:40:19.316610   531 skeleton_planner.h:170] Found solution in: 1
I20260909 04:40:19.317046   531 skeleton_planner.h:170] Found solution in: 1
I20260909 04:40:19.317051   531 skeleton_planner.h:170] Found solution in: 2
I20260909 04:40:19.317067   531 skeleton_planner.h:170] Found solution in: 5
I20260909 04:40:19.317076   531 skeleton_planner.h:170] Found solution in: 1
I20260909 04:40:19.317087   531 skeleton_planner.h:170] Found solution in: 1
I20260909 04:40:19.317092   531 skeleton_planner.h:170] Found solution in: 3
I20260909 04:40:19.317103   531 skeleton_planner.h:170] Found solution in: 3
I20260909 04:40:19.317111   531 skeleton_planner.h:170] Found solution in: 1
I20260909 04:40:19.317118   531 skeleton_planner.h:170] Found solution in: 5
I20260909 04:40:19.317126   531 skeleton_planner.h:170] Found solution in: 1
I20260909 04:40:19.317224   531 skeleton_planner.h:170] Found solution in: 3
I20260909 04:40:19.317235   531 skeleton_planner.h:170] Found solution in: 1
I20260909 04:40:19.317248   531 skeleton_planner.h:170] Found solution in: 3
I20260909 04:40:19.317256   531 skeleton_planner.h:170] Found solution in: 1
I20260909 04:40:19.317269   531 skeleton_planner.h:170] Found solution in: 3
I20260909 04:40:19.317279   531 skeleton_planner.h:170] Found solution in: 1
I20260909 04:40:19.317283   531 skeleton_planner.h:170] Found solution in: 3
I20260909 04:40:19.317296   531 skeleton_planner.h:170] Found solution in: 4
I20260909 04:40:19.317307   531 skeleton_planner.h:170] Found solution in: 1
I20260909 04:40:19.317332   531 skeleton_planner.h:170] Found solution in: 6
I20260909 04:40:19.317339   531 skeleton_planner.h:170] Found solution in: 1
I20260909 04:40:19.317344   531 skeleton_planner.h:170] Found solution in: 1
I20260909 04:40:19.317359   531 skeleton_planner.h:170] Found solution in: 5
I20260909 04:40:19.317368   531 skeleton_planner.h:170] Found solution in: 1
I20260909 04:40:19.317382   531 skeleton_planner.h:170] Found solution in: 3
I20260909 04:40:19.317391   531 skeleton_planner.h:170] Found solution in: 1
I20260909 04:40:19.317405   531 skeleton_planner.h:170] Found solution in: 3
I20260909 04:40:19.317413   531 skeleton_planner.h:170] Found solution in: 1
I20260909 04:40:19.317432   531 skeleton_planner.h:170] Found solution in: 5
I20260909 04:40:19.317440   531 skeleton_planner.h:170] Found solution in: 1
I20260909 04:40:19.317444   531 skeleton_planner.h:170] Found solution in: 2
I20260909 04:40:19.317464   531 skeleton_planner.h:170] Found solution in: 6
I20260909 04:40:19.317480   531 skeleton_planner.h:170] Found solution in: 1
I20260909 04:40:19.317503   531 skeleton_planner.h:170] Found solution in: 8
I20260909 04:40:19.317512   531 skeleton_planner.h:170] Found solution in: 1
I20260909 04:40:19.317519   531 skeleton_planner.h:170] Found solution in: 1
I20260909 04:40:19.317606   531 skeleton_planner.h:170] Found solution in: 3
I20260909 04:40:19.317615   531 skeleton_planner.h:170] Found solution in: 1
I20260909 04:40:19.317622   531 skeleton_planner.h:170] Found solution in: 9
I20260909 04:40:19.317629   531 skeleton_planner.h:170] Found solution in: 1
I20260909 04:40:19.317656   531 skeleton_planner.h:170] Found solution in: 4
I20260909 04:40:19.317667   531 skeleton_planner.h:170] Found solution in: 1
I20260909 04:40:19.317672   531 skeleton_planner.h:170] Found solution in: 2
I20260909 04:40:19.317682   531 skeleton_planner.h:170] Found solution in: 3
I20260909 04:40:19.317689   531 skeleton_planner.h:170] Found solution in: 1
I20260909 04:40:19.317703   531 skeleton_planner.h:170] Found solution in: 5
I20260909 04:40:19.317709   531 skeleton_planner.h:170] Found solution in: 1
I20260909 04:40:19.317713   531 skeleton_planner.h:170] Found solution in: 4
I20260909 04:40:19.317727   531 skeleton_planner.h:170] Found solution in: 5
I20260909 04:40:19.317734   531 skeleton_planner.h:170] Found solution in: 1
I20260909 04:40:19.317737   531 skeleton_planner.h:170] Found solution in: 3
I20260909 04:40:19.317747   531 skeleton_planner.h:170] Found solution in: 3
I20260909 04:40:19.317751   531 skeleton_planner.h:170] Found solution in: 1
I20260909 04:40:19.317773   531 skeleton_planner.h:170] Found solution in: 6
I20260909 04:40:19.317785   531 skeleton_planner.h:170] Found solution in: 1
I20260909 04:40:19.317791   531 skeleton_planner.h:170] Found solution in: 4
I20260909 04:40:19.317809   531 skeleton_planner.h:170] Found solution in: 5
I20260909 04:40:19.317818   531 skeleton_planner.h:170] Found solution in: 1
I20260909 04:40:19.317842   531 skeleton_planner.h:170] Found solution in: 6
I20260909 04:40:19.317852   531 skeleton_planner.h:170] Found solution in: 1
I20260909 04:40:19.317865   531 skeleton_planner.h:170] Found solution in: 3
I20260909 04:40:19.317875   531 skeleton_planner.h:170] Found solution in: 1
I20260909 04:40:19.317900   531 skeleton_planner.h:170] Found solution in: 6
I20260909 04:40:19.317910   531 skeleton_planner.h:170] Found solution in: 1
I20260909 04:40:19.317917   531 skeleton_planner.h:170] Found solution in: 1
I20260909 04:40:19.317930   531 skeleton_planner.h:170] Found solution in: 4
I20260909 04:40:19.317936   531 skeleton_planner.h:170] Found solution in: 1
I20260909 04:40:19.317943   531 skeleton_planner.h:170] Found solution in: 6
I20260909 04:40:19.317952   531 skeleton_planner.h:170] Found solution in: 1
I20260909 04:40:19.317957   531 skeleton_planner.h:170] Found solution in: 1
I20260909 04:40:19.317965   531 skeleton_planner.h:170] Found solution in: 7
I20260909 04:40:19.317974   531 skeleton_planner.h:170] Found solution in: 1
I20260909 04:40:19.317983   531 skeleton_planner.h:170] Found solution in: 1
I20260909 04:40:19.317991   531 skeleton_planner.h:170] Found solution in: 7
I20260909 04:40:19.317997   531 skeleton_planner.h:170] Found solution in: 1
I20260909 04:40:19.318001   531 skeleton_planner.h:170] Found solution in: 3
I20260909 04:40:19.318012   531 skeleton_planner.h:170] Found solution in: 12
I20260909 04:40:19.318107   531 skeleton_planner.h:170] Found solution in: 7
I20260909 04:40:19.318115   531 skeleton_planner.h:170] Found solution in: 1
I20260909 04:40:19.318120   531 skeleton_planner.h:170] Found solution in: 2
I20260909 04:40:19.318135   531 skeleton_planner.h:170] Found solution in: 6
I20260909 04:40:19.318143   531 skeleton_planner.h:170] Found solution in: 1
I20260909 04:40:19.318149   531 skeleton_planner.h:170] Found solution in: 1
I20260909 04:40:19.318168   531 skeleton_planner.h:170] Found solution in: 8
I20260909 04:40:19.318179   531 skeleton_planner.h:170] Found solution in: 1
I20260909 04:40:19.318187   531 skeleton_planner.h:170] Found solution in: 6
I20260909 04:40:19.318192   531 skeleton_planner.h:170] Found solution in: 1
I20260909 04:40:19.318202   531 skeleton_planner.h:170] Found solution in: 10
I20260909 04:40:19.318207   531 skeleton_planner.h:170] Found solution in: 1
I20260909 04:40:19.318241   531 skeleton_planner.h:170] Found solution in: 38
I20260909 04:40:19.318249   531 skeleton_planner.h:170] Found solution in: 1
I20260909 04:40:19.318284   531 skeleton_planner.h:170] Found solution in: 44
I20260909 04:40:19.318298   531 skeleton_planner.h:170] Found solution in: 1
I20260909 04:40:19.318349   531 skeleton_planner.h:170] Found solution in: 54
I20260909 04:40:19.318360   531 skeleton_planner.h:170] Found solution in: 1
I20260909 04:40:19.318364   531 skeleton_planner.h:170] Found solution in: 2
I20260909 04:40:19.318374   531 skeleton_planner.h:170] Found solution in: 3
I20260909 04:40:19.318384   531 skeleton_planner.h:170] Found solution in: 1
I20260909 04:40:19.318389   531 skeleton_planner.h:170] Found solution in: 3
I20260909 04:40:19.318398   531 skeleton_planner.h:170] Found solution in: 1
I20260909 04:40:19.318514   531 skeleton_planner.h:170] Found solution in: 12
I20260909 04:40:19.318523   531 skeleton_planner.h:170] Found solution in: 1
I20260909 04:40:19.318542   531 skeleton_planner.h:170] Found solution in: 5
I20260909 04:40:19.318550   531 skeleton_planner.h:170] Found solution in: 1
I20260909 04:40:19.318557   531 skeleton_planner.h:170] Found solution in: 1
I20260909 04:40:19.318573   531 skeleton_planner.h:170] Found solution in: 3
I20260909 04:40:19.318579   531 skeleton_planner.h:170] Found solution in: 1
I20260909 04:40:19.318588   531 skeleton_planner.h:170] Found solution in: 1
I20260909 04:40:19.318593   531 skeleton_planner.h:170] Found solution in: 3
I20260909 04:40:19.318611   531 skeleton_planner.h:170] Found solution in: 6
I20260909 04:40:19.318620   531 skeleton_planner.h:170] Found solution in: 1
I20260909 04:40:19.318640   531 skeleton_planner.h:170] Found solution in: 6
I20260909 04:40:19.318647   531 skeleton_planner.h:170] Found solution in: 1
I20260909 04:40:19.318663   531 skeleton_planner.h:170] Found solution in: 4
I20260909 04:40:19.318671   531 skeleton_planner.h:170] Found solution in: 1
I20260909 04:40:19.318681   531 skeleton_planner.h:170] Found solution in: 7
I20260909 04:40:19.318686   531 skeleton_planner.h:170] Found solution in: 1
I20260909 04:40:19.318696   531 skeleton_planner.h:170] Found solution in: 9
I20260909 04:40:19.318713   531 skeleton_planner.h:170] Found solution in: 17
I20260909 04:40:19.318802   531 skeleton_planner.h:170] Found solution in: 5
I20260909 04:40:19.318812   531 skeleton_planner.h:170] Found solution in: 1
I20260909 04:40:19.318817   531 skeleton_planner.h:170] Found solution in: 4
I20260909 04:40:19.318830   531 skeleton_planner.h:170] Found solution in: 6
I20260909 04:40:19.318838   531 skeleton_planner.h:170] Found solution in: 1
I20260909 04:40:19.318841   531 skeleton_planner.h:170] Found solution in: 2
I20260909 04:40:19.318863   531 skeleton_planner.h:170] Found solution in: 7
I20260909 04:40:19.318871   531 skeleton_planner.h:170] Found solution in: 1
I20260909 04:40:19.318894   531 skeleton_planner.h:170] Found solution in: 10
I20260909 04:40:19.318903   531 skeleton_planner.h:170] Found solution in: 1
I20260909 04:40:19.318923   531 skeleton_planner.h:170] Found solution in: 5
I20260909 04:40:19.318933   531 skeleton_planner.h:170] Found solution in: 1
I20260909 04:40:19.318945   531 skeleton_planner.h:170] Found solution in: 5
I20260909 04:40:19.318953   531 skeleton_planner.h:170] Found solution in: 1
I20260909 04:40:19.318967   531 skeleton_planner.h:170] Found solution in: 6
I20260909 04:40:19.318976   531 skeleton_planner.h:170] Found solution in: 1
I20260909 04:40:19.318981   531 skeleton_planner.h:170] Found solution in: 3
I20260909 04:40:19.318998   531 skeleton_planner.h:170] Found solution in: 5
I20260909 04:40:19.319005   531 skeleton_planner.h:170] Found solution in: 1
I20260909 04:40:19.319011   531 skeleton_planner.h:170] Found solution in: 5
I20260909 04:40:19.319023   531 skeleton_planner.h:170] Found solution in: 14
I20260909 04:40:19.319027   531 skeleton_planner.h:170] Found solution in: 1
I20260909 04:40:19.319032   531 skeleton_planner.h:170] Found solution in: 5
I20260909 04:40:19.319041   531 skeleton_planner.h:170] Found solution in: 11
I20260909 04:40:19.319046   531 skeleton_planner.h:170] Found solution in: 1
I20260909 04:40:19.319054   531 skeleton_planner.h:170] Found solution in: 10
I20260909 04:40:19.319063   531 skeleton_planner.h:170] Found solution in: 10
I20260909 04:40:19.319068   531 skeleton_planner.h:170] Found solution in: 1
I20260909 04:40:19.319072   531 skeleton_planner.h:170] Found solution in: 3
I20260909 04:40:19.319097   531 skeleton_planner.h:170] Found solution in: 9
I20260909 04:40:19.319103   531 skeleton_planner.h:170] Found solution in: 1
I20260909 04:40:19.319126   531 skeleton_planner.h:170] Found solution in: 9
I20260909 04:40:19.319136   531 skeleton_planner.h:170] Found solution in: 1
I20260909 04:40:19.319142   531 skeleton_planner.h:170] Found solution in: 5
I20260909 04:40:19.319166   531 skeleton_planner.h:170] Found solution in: 6
I20260909 04:40:19.319176   531 skeleton_planner.h:170] Found solution in: 1
I20260909 04:40:19.319269   531 skeleton_planner.h:170] Found solution in: 7
I20260909 04:40:19.319280   531 skeleton_planner.h:170] Found solution in: 1
I20260909 04:40:19.319293   531 skeleton_planner.h:170] Found solution in: 3
I20260909 04:40:19.319303   531 skeleton_planner.h:170] Found solution in: 1
I20260909 04:40:19.319403   531 skeleton_planner.h:170] Found solution in: 9
I20260909 04:40:19.319414   531 skeleton_planner.h:170] Found solution in: 1
I20260909 04:40:19.319418   531 skeleton_planner.h:170] Found solution in: 2
I20260909 04:40:19.319442   531 skeleton_planner.h:170] Found solution in: 10
I20260909 04:40:19.319451   531 skeleton_planner.h:170] Found solution in: 1
I20260909 04:40:19.319456   531 skeleton_planner.h:170] Found solution in: 3
I20260909 04:40:19.319473   531 skeleton_planner.h:170] Found solution in: 6
I20260909 04:40:19.319481   531 skeleton_planner.h:170] Found solution in: 1
I20260909 04:40:19.319511   531 skeleton_planner.h:170] Found solution in: 13
I20260909 04:40:19.319519   531 skeleton_planner.h:170] Found solution in: 1
I20260909 04:40:19.319592   531 skeleton_planner.h:170] Found solution in: 37
I20260909 04:40:19.319607   531 skeleton_planner.h:170] Found solution in: 1
I20260909 04:40:19.319619   531 skeleton_planner.h:170] Found solution in: 11
I20260909 04:40:19.319628   531 skeleton_planner.h:170] Found solution in: 1
I20260909 04:40:19.319633   531 skeleton_planner.h:170] Found solution in: 3
I20260909 04:40:19.319654   531 skeleton_planner.h:170] Found solution in: 5
I20260909 04:40:19.319665   531 skeleton_planner.h:170] Found solution in: 1
I20260909 04:40:19.319686   531 skeleton_planner.h:170] Found solution in: 6
I20260909 04:40:19.319694   531 skeleton_planner.h:170] Found solution in: 1
I20260909 04:40:19.319705   531 skeleton_planner.h:170] Found solution in: 3
I20260909 04:40:19.319711   531 skeleton_planner.h:170] Found solution in: 1
I20260909 04:40:19.319723   531 skeleton_planner.h:170] Found solution in: 3
I20260909 04:40:19.319729   531 skeleton_planner.h:170] Found solution in: 1
I20260909 04:40:19.319742   531 skeleton_planner.h:170] Found solution in: 3
I20260909 04:40:19.319749   531 skeleton_planner.h:170] Found solution in: 1
I20260909 04:40:19.319762   531 skeleton_planner.h:170] Found solution in: 3
I20260909 04:40:19.319770   531 skeleton_planner.h:170] Found solution in: 1
I20260909 04:40:19.319783   531 skeleton_planner.h:170] Found solution in: 14
I20260909 04:40:19.319796   531 skeleton_planner.h:170] Found solution in: 12
I20260909 04:40:19.319803   531 skeleton_planner.h:170] Found solution in: 1
I20260909 04:40:19.319813   531 skeleton_planner.h:170] Found solution in: 11
I20260909 04:40:19.319819   531 skeleton_planner.h:170] Found solution in: 5
I20260909 04:40:19.319828   531 skeleton_planner.h:170] Found solution in: 1
I20260909 04:40:19.319833   531 skeleton_planner.h:170] Found solution in: 1
I20260909 04:40:19.319861   531 skeleton_planner.h:170] Found solution in: 37
I20260909 04:40:19.319868   531 skeleton_planner.h:170] Found solution in: 5
I20260909 04:40:19.319875   531 skeleton_planner.h:170] Found solution in: 1
I20260909 04:40:19.319911   531 skeleton_planner.h:170] Found solution in: 9
I20260909 04:40:19.319919   531 skeleton_planner.h:170] Found solution in: 1
I20260909 04:40:19.319924   531 skeleton_planner.h:170] Found solution in: 5
I20260909 04:40:19.319945   531 skeleton_planner.h:170] Found solution in: 6
I20260909 04:40:19.319952   531 skeleton_planner.h:170] Found solution in: 1
I20260909 04:40:19.319969   531 skeleton_planner.h:170] Found solution in: 4
I20260909 04:40:19.319979   531 skeleton_planner.h:170] Found solution in: 1
I20260909 04:40:19.319983   531 skeleton_planner.h:170] Found solution in: 3
I20260909 04:40:19.320001   531 skeleton_planner.h:170] Found solution in: 5
I20260909 04:40:19.320009   531 skeleton_planner.h:170] Found solution in: 1
I20260909 04:40:19.320029   531 skeleton_planner.h:170] Found solution in: 5
I20260909 04:40:19.320036   531 skeleton_planner.h:170] Found solution in: 1
I20260909 04:40:19.320039   531 skeleton_planner.h:170] Found solution in: 2
I20260909 04:40:19.320050   531 skeleton_planner.h:170] Found solution in: 3
I20260909 04:40:19.320056   531 skeleton_planner.h:170] Found solution in: 1
I20260909 04:40:19.320070   531 skeleton_planner.h:170] Found solution in: 4
I20260909 04:40:19.320077   531 skeleton_planner.h:170] Found solution in: 1
I20260909 04:40:19.320120   531 skeleton_planner.h:170] Found solution in: 53
I20260909 04:40:19.320132   531 skeleton_planner.h:170] Found solution in: 10
I20260909 04:40:19.320142   531 skeleton_planner.h:170] Found solution in: 1
I20260909 04:40:19.320145   531 skeleton_planner.h:170] Found solution in: 2
I20260909 04:40:19.320161   531 skeleton_planner.h:170] Found solution in: 6
I20260909 04:40:19.320173   531 skeleton_planner.h:170] Found solution in: 1
I20260909 04:40:19.320191   531 skeleton_planner.h:170] Found solution in: 5
I20260909 04:40:19.320204   531 skeleton_planner.h:170] Found solution in: 1
I20260909 04:40:19.320209   531 skeleton_planner.h:170] Found solution in: 5
I20260909 04:40:19.320238   531 skeleton_planner.h:170] Found solution in: 7
I20260909 04:40:19.320248   531 skeleton_planner.h:170] Found solution in: 1
I20260909 04:40:19.320254   531 skeleton_planner.h:170] Found solution in: 1
I20260909 04:40:19.320289   531 skeleton_planner.h:170] Found solution in: 5
I20260909 04:40:19.320300   531 skeleton_planner.h:170] Found solution in: 1
I20260909 04:40:19.320304   531 skeleton_planner.h:170] Found solution in: 2
I20260909 04:40:19.320322   531 skeleton_planner.h:170] Found solution in: 5
I20260909 04:40:19.320333   531 skeleton_planner.h:170] Found solution in: 1
I20260909 04:40:19.320353   531 skeleton_planner.h:170] Found solution in: 6
I20260909 04:40:19.320362   531 skeleton_planner.h:170] Found solution in: 1
I20260909 04:40:19.320379   531 skeleton_planner.h:170] Found solution in: 5
I20260909 04:40:19.320389   531 skeleton_planner.h:170] Found solution in: 1
I20260909 04:40:19.320417   531 skeleton_planner.h:170] Found solution in: 5
I20260909 04:40:19.320426   531 skeleton_planner.h:170] Found solution in: 1
I20260909 04:40:19.320436   531 skeleton_planner.h:170] Found solution in: 9
I20260909 04:40:19.320442   531 skeleton_planner.h:170] Found solution in: 1
I20260909 04:40:19.320451   531 skeleton_planner.h:170] Found solution in: 9
I20260909 04:40:19.320456   531 skeleton_planner.h:170] Found solution in: 1
I20260909 04:40:19.320461   531 skeleton_planner.h:170] Found solution in: 4
I20260909 04:40:19.320469   531 skeleton_planner.h:170] Found solution in: 1
I20260909 04:40:19.320475   531 skeleton_planner.h:170] Found solution in: 5
I20260909 04:40:19.320480   531 skeleton_planner.h:170] Found solution in: 1
I20260909 04:40:19.320487   531 skeleton_planner.h:170] Found solution in: 1
I20260909 04:40:19.320580   531 skeleton_planner.h:170] Found solution in: 3
I20260909 04:40:19.320591   531 skeleton_planner.h:170] Found solution in: 1
I20260909 04:40:19.320600   531 skeleton_planner.h:170] Found solution in: 1
I20260909 04:40:19.320611   531 skeleton_planner.h:170] Found solution in: 8
I20260909 04:40:19.320616   531 skeleton_planner.h:170] Found solution in: 1
I20260909 04:40:19.320636   531 skeleton_planner.h:170] Found solution in: 5
I20260909 04:40:19.320645   531 skeleton_planner.h:170] Found solution in: 1
I20260909 04:40:19.320652   531 skeleton_planner.h:170] Found solution in: 7
I20260909 04:40:19.320662   531 skeleton_planner.h:170] Found solution in: 1
I20260909 04:40:19.320667   531 skeleton_planner.h:170] Found solution in: 4
I20260909 04:40:19.320722   531 skeleton_planner.h:170] Found solution in: 3
I20260909 04:40:19.320732   531 skeleton_planner.h:170] Found solution in: 1
I20260909 04:40:19.320739   531 skeleton_planner.h:170] Found solution in: 1
I20260909 04:40:19.320757   531 skeleton_planner.h:170] Found solution in: 4
I20260909 04:40:19.320763   531 skeleton_planner.h:170] Found solution in: 1
I20260909 04:40:19.320772   531 skeleton_planner.h:170] Found solution in: 8
I20260909 04:40:19.320806   531 skeleton_planner.h:170] Found solution in: 6
I20260909 04:40:19.320817   531 skeleton_planner.h:170] Found solution in: 1
I20260909 04:40:19.320894   531 skeleton_planner.h:170] Found solution in: 95
I20260909 04:40:19.320994   531 skeleton_planner.h:170] Found solution in: 5
I20260909 04:40:19.321003   531 skeleton_planner.h:170] Found solution in: 1
I20260909 04:40:19.321098   531 skeleton_planner.h:170] Found solution in: 5
I20260909 04:40:19.321106   531 skeleton_planner.h:170] Found solution in: 1
I20260909 04:40:19.321110   531 skeleton_planner.h:170] Found solution in: 2
I20260909 04:40:19.321120   531 skeleton_planner.h:170] Found solution in: 3
I20260909 04:40:19.321128   531 skeleton_planner.h:170] Found solution in: 1
I20260909 04:40:19.321219   531 skeleton_planner.h:170] Found solution in: 6
I20260909 04:40:19.321228   531 skeleton_planner.h:170] Found solution in: 1
I20260909 04:40:19.321233   531 skeleton_planner.h:170] Found solution in: 2
I20260909 04:40:19.321241   531 skeleton_planner.h:170] Found solution in: 3
I20260909 04:40:19.321249   531 skeleton_planner.h:170] Found solution in: 1
I20260909 04:40:19.321256   531 skeleton_planner.h:170] Found solution in: 1
I20260909 04:40:19.321275   531 skeleton_planner.h:170] Found solution in: 5
I20260909 04:40:19.321285   531 skeleton_planner.h:170] Found solution in: 1
I20260909 04:40:19.321370   531 skeleton_planner.h:170] Found solution in: 3
I20260909 04:40:19.321378   531 skeleton_planner.h:170] Found solution in: 1
I20260909 04:40:19.321403   531 skeleton_planner.h:170] Found solution in: 4
I20260909 04:40:19.321413   531 skeleton_planner.h:170] Found solution in: 1
I20260909 04:40:19.321417   531 skeleton_planner.h:170] Found solution in: 1
I20260909 04:40:19.321427   531 skeleton_planner.h:170] Found solution in: 11
I20260909 04:40:19.321439   531 skeleton_planner.h:170] Found solution in: 1
I20260909 04:40:19.321445   531 skeleton_planner.h:170] Found solution in: 8
I20260909 04:40:19.321455   531 skeleton_planner.h:170] Found solution in: 1
I20260909 04:40:19.321458   531 skeleton_planner.h:170] Found solution in: 2
I20260909 04:40:19.322064   531 skeleton_planner.h:170] Found solution in: 1
I20260909 04:40:19.322068   531 skeleton_planner.h:170] Found solution in: 2
I20260909 04:40:19.322706   531 skeleton_planner.h:170] Found solution in: 1
I20260909 04:40:19.322714   531 skeleton_planner.h:170] Found solution in: 8
I20260909 04:40:19.322722   531 skeleton_planner.h:170] Found solution in: 1
I20260909 04:40:19.322729   531 skeleton_planner.h:170] Found solution in: 7
I20260909 04:40:19.322736   531 skeleton_planner.h:170] Found solution in: 7
I20260909 04:40:19.322742   531 skeleton_planner.h:170] Found solution in: 1
I20260909 04:40:19.322750   531 skeleton_planner.h:170] Found solution in: 10
I20260909 04:40:19.322781   531 skeleton_planner.h:170] Found solution in: 5
I20260909 04:40:19.322788   531 skeleton_planner.h:170] Found solution in: 1
I20260909 04:40:19.322794   531 skeleton_planner.h:170] Found solution in: 1
I20260909 04:40:19.322813   531 skeleton_planner.h:170] Found solution in: 25
I20260909 04:40:19.322837   531 skeleton_planner.h:170] Found solution in: 30
I20260909 04:40:19.322942   531 skeleton_planner.h:170] Found solution in: 6
I20260909 04:40:19.322950   531 skeleton_planner.h:170] Found solution in: 1
I20260909 04:40:19.322956   531 skeleton_planner.h:170] Found solution in: 5
I20260909 04:40:19.322961   531 skeleton_planner.h:170] Found solution in: 1
I20260909 04:40:19.322968   531 skeleton_planner.h:170] Found solution in: 5
I20260909 04:40:19.322973   531 skeleton_planner.h:170] Found solution in: 1
I20260909 04:40:19.322988   531 skeleton_planner.h:170] Found solution in: 5
I20260909 04:40:19.322996   531 skeleton_planner.h:170] Found solution in: 1
I20260909 04:40:19.323001   531 skeleton_planner.h:170] Found solution in: 5
I20260909 04:40:19.323007   531 skeleton_planner.h:170] Found solution in: 1
I20260909 04:40:19.323014   531 skeleton_planner.h:170] Found solution in: 5
I20260909 04:40:19.323020   531 skeleton_planner.h:170] Found solution in: 1
I20260909 04:40:19.323029   531 skeleton_planner.h:170] Found solution in: 9
I20260909 04:40:19.323091   531 skeleton_planner.h:170] Found solution in: 6
I20260909 04:40:19.323096   531 skeleton_planner.h:170] Found solution in: 1
I20260909 04:40:19.323103   531 skeleton_planner.h:170] Found solution in: 6
I20260909 04:40:19.323109   531 skeleton_planner.h:170] Found solution in: 5
I20260909 04:40:19.323114   531 skeleton_planner.h:170] Found solution in: 1
I20260909 04:40:19.323119   531 skeleton_planner.h:170] Found solution in: 5
I20260909 04:40:19.323124   531 skeleton_planner.h:170] Found solution in: 1
I20260909 04:40:19.323177   531 skeleton_planner.h:170] Found solution in: 3
I20260909 04:40:19.323184   531 skeleton_planner.h:170] Found solution in: 1
I20260909 04:40:19.323189   531 skeleton_planner.h:170] Found solution in: 5
I20260909 04:40:19.323196   531 skeleton_planner.h:170] Found solution in: 1
I20260909 04:40:19.323201   531 skeleton_planner.h:170] Found solution in: 3
I20260909 04:40:19.323211   531 skeleton_planner.h:170] Found solution in: 3
I20260909 04:40:19.323218   531 skeleton_planner.h:170] Found solution in: 1
I20260909 04:40:19.323228   531 skeleton_planner.h:170] Found solution in: 3
I20260909 04:40:19.323236   531 skeleton_planner.h:170] Found solution in: 1
I20260909 04:40:19.323239   531 skeleton_planner.h:170] Found solution in: 2
I20260909 04:40:19.323251   531 skeleton_planner.h:170] Found solution in: 3
I20260909 04:40:19.323256   531 skeleton_planner.h:170] Found solution in: 1
I20260909 04:40:19.323267   531 skeleton_planner.h:170] Found solution in: 3
I20260909 04:40:19.323273   531 skeleton_planner.h:170] Found solution in: 1
I20260909 04:40:19.323287   531 skeleton_planner.h:170] Found solution in: 3
I20260909 04:40:19.323294   531 skeleton_planner.h:170] Found solution in: 1
I20260909 04:40:19.323307   531 skeleton_planner.h:170] Found solution in: 3
I20260909 04:40:19.323318   531 skeleton_planner.h:170] Found solution in: 1
I20260909 04:40:19.323345   531 skeleton_planner.h:170] Found solution in: 5
I20260909 04:40:19.323354   531 skeleton_planner.h:170] Found solution in: 1
I20260909 04:40:19.323361   531 skeleton_planner.h:170] Found solution in: 6
I20260909 04:40:19.323390   531 skeleton_planner.h:170] Found solution in: 8
I20260909 04:40:19.323396   531 skeleton_planner.h:170] Found solution in: 1
I20260909 04:40:19.323400   531 skeleton_planner.h:170] Found solution in: 2
I20260909 04:40:19.323413   531 skeleton_planner.h:170] Found solution in: 4
I20260909 04:40:19.323419   531 skeleton_planner.h:170] Found solution in: 1
I20260909 04:40:19.323424   531 skeleton_planner.h:170] Found solution in: 5
I20260909 04:40:19.323438   531 skeleton_planner.h:170] Found solution in: 5
I20260909 04:40:19.323444   531 skeleton_planner.h:170] Found solution in: 1
I20260909 04:40:19.323463   531 skeleton_planner.h:170] Found solution in: 7
I20260909 04:40:19.323472   531 skeleton_planner.h:170] Found solution in: 1
I20260909 04:40:19.323498   531 skeleton_planner.h:170] Found solution in: 8
I20260909 04:40:19.323509   531 skeleton_planner.h:170] Found solution in: 1
I20260909 04:40:19.323513   531 skeleton_planner.h:170] Found solution in: 3
I20260909 04:40:19.323720   531 skeleton_planner.h:170] Found solution in: 1
I20260909 04:40:19.323755   531 skeleton_planner.h:170] Found solution in: 6
I20260909 04:40:19.323766   531 skeleton_planner.h:170] Found solution in: 1
I20260909 04:40:19.323817   531 skeleton_planner.h:170] Found solution in: 5
I20260909 04:40:19.323824   531 skeleton_planner.h:170] Found solution in: 1
I20260909 04:40:19.323830   531 skeleton_planner.h:170] Found solution in: 6
I20260909 04:40:19.323848   531 skeleton_planner.h:170] Found solution in: 6
I20260909 04:40:19.323853   531 skeleton_planner.h:170] Found solution in: 1
I20260909 04:40:19.323870   531 skeleton_planner.h:170] Found solution in: 4
I20260909 04:40:19.323876   531 skeleton_planner.h:170] Found solution in: 1
I20260909 04:40:19.323884   531 skeleton_planner.h:170] Found solution in: 8
I20260909 04:40:19.324097   531 skeleton_planner.h:170] Found solution in: 1
I20260909 04:40:19.324105   531 skeleton_planner.h:170] Found solution in: 1
I20260909 04:40:19.324110   531 skeleton_planner.h:170] Found solution in: 2
I20260909 04:40:19.324154   531 skeleton_planner.h:170] Found solution in: 11
I20260909 04:40:19.324165   531 skeleton_planner.h:170] Found solution in: 1
I20260909 04:40:19.324174   531 skeleton_planner.h:170] Found solution in: 1
I20260909 04:40:19.324183   531 skeleton_planner.h:170] Found solution in: 1
I20260909 04:40:19.324271   531 skeleton_planner.h:170] Found solution in: 3
I20260909 04:40:19.324278   531 skeleton_planner.h:170] Found solution in: 1
I20260909 04:40:19.324287   531 skeleton_planner.h:170] Found solution in: 9
I20260909 04:40:19.324294   531 skeleton_planner.h:170] Found solution in: 1
I20260909 04:40:19.324306   531 skeleton_planner.h:170] Found solution in: 10
I20260909 04:40:19.324316   531 skeleton_planner.h:170] Found solution in: 1
I20260909 04:40:19.324319   531 skeleton_planner.h:170] Found solution in: 3
I20260909 04:40:19.324344   531 skeleton_planner.h:170] Found solution in: 9
I20260909 04:40:19.324353   531 skeleton_planner.h:170] Found solution in: 1
I20260909 04:40:19.324373   531 skeleton_planner.h:170] Found solution in: 8
I20260909 04:40:19.324383   531 skeleton_planner.h:170] Found solution in: 1
I20260909 04:40:19.324388   531 skeleton_planner.h:170] Found solution in: 2
I20260909 04:40:19.324397   531 skeleton_planner.h:170] Found solution in: 4
I20260909 04:40:19.324406   531 skeleton_planner.h:170] Found solution in: 1
I20260909 04:40:19.324419   531 skeleton_planner.h:170] Found solution in: 5
I20260909 04:40:19.324426   531 skeleton_planner.h:170] Found solution in: 1
I20260909 04:40:19.324431   531 skeleton_planner.h:170] Found solution in: 3
I20260909 04:40:19.324450   531 skeleton_planner.h:170] Found solution in: 5
I20260909 04:40:19.324461   531 skeleton_planner.h:170] Found solution in: 1
I20260909 04:40:19.324573   531 skeleton_planner.h:170] Found solution in: 18
I20260909 04:40:19.324582   531 skeleton_planner.h:170] Found solution in: 1
I20260909 04:40:19.324683   531 skeleton_planner.h:170] Found solution in: 39
I20260909 04:40:19.324694   531 skeleton_planner.h:170] Found solution in: 1
I20260909 04:40:19.324715   531 skeleton_planner.h:170] Found solution in: 26
I20260909 04:40:19.324723   531 skeleton_planner.h:170] Found solution in: 1
I20260909 04:40:19.324733   531 skeleton_planner.h:170] Found solution in: 1
I20260909 04:40:19.324736   531 skeleton_planner.h:170] Found solution in: 2
I20260909 04:40:19.324750   531 skeleton_planner.h:170] Found solution in: 4
I20260909 04:40:19.324764   531 skeleton_planner.h:170] Found solution in: 1
I20260909 04:40:19.324787   531 skeleton_planner.h:170] Found solution in: 4
I20260909 04:40:19.324796   531 skeleton_planner.h:170] Found solution in: 1
I20260909 04:40:19.324817   531 skeleton_planner.h:170] Found solution in: 4
I20260909 04:40:19.324828   531 skeleton_planner.h:170] Found solution in: 1
I20260909 04:40:19.324837   531 skeleton_planner.h:170] Found solution in: 1
I20260909 04:40:19.324856   531 skeleton_planner.h:170] Found solution in: 5
I20260909 04:40:19.324865   531 skeleton_planner.h:170] Found solution in: 1
I20260909 04:40:19.324877   531 skeleton_planner.h:170] Found solution in: 3
I20260909 04:40:19.324885   531 skeleton_planner.h:170] Found solution in: 1
I20260909 04:40:19.324896   531 skeleton_planner.h:170] Found solution in: 3
I20260909 04:40:19.324904   531 skeleton_planner.h:170] Found solution in: 1
I20260909 04:40:19.324908   531 skeleton_planner.h:170] Found solution in: 2
I20260909 04:40:19.324913   531 skeleton_planner.h:170] Found solution in: 1
I20260909 04:40:19.324924   531 skeleton_planner.h:170] Found solution in: 3
I20260909 04:40:19.324931   531 skeleton_planner.h:170] Found solution in: 1
I20260909 04:40:19.324935   531 skeleton_planner.h:170] Found solution in: 2
I20260909 04:40:19.324951   531 skeleton_planner.h:170] Found solution in: 5
I20260909 04:40:19.324962   531 skeleton_planner.h:170] Found solution in: 1
I20260909 04:40:19.324966   531 skeleton_planner.h:170] Found solution in: 3
I20260909 04:40:19.324981   531 skeleton_planner.h:170] Found solution in: 4
I20260909 04:40:19.324991   531 skeleton_planner.h:170] Found solution in: 1
I20260909 04:40:19.324998   531 skeleton_planner.h:170] Found solution in: 1
I20260909 04:40:19.325019   531 skeleton_planner.h:170] Found solution in: 6
I20260909 04:40:19.325028   531 skeleton_planner.h:170] Found solution in: 1
I20260909 04:40:19.325033   531 skeleton_planner.h:170] Found solution in: 4
I20260909 04:40:19.325039   531 skeleton_planner.h:170] Found solution in: 1
I20260909 04:40:19.325047   531 skeleton_planner.h:170] Found solution in: 5
I20260909 04:40:19.325053   531 skeleton_planner.h:170] Found solution in: 1
I20260909 04:40:19.325060   531 skeleton_planner.h:170] Found solution in: 5
I20260909 04:40:19.325073   531 skeleton_planner.h:170] Found solution in: 13
I20260909 04:40:19.325080   531 skeleton_planner.h:170] Found solution in: 1
I20260909 04:40:19.325161   531 skeleton_planner.h:170] Found solution in: 3
I20260909 04:40:19.325169   531 skeleton_planner.h:170] Found solution in: 1
I20260909 04:40:19.325181   531 skeleton_planner.h:170] Found solution in: 11
I20260909 04:40:19.325187   531 skeleton_planner.h:170] Found solution in: 1
I20260909 04:40:19.325214   531 skeleton_planner.h:170] Found solution in: 7
I20260909 04:40:19.325225   531 skeleton_planner.h:170] Found solution in: 1
I20260909 04:40:19.325230   531 skeleton_planner.h:170] Found solution in: 3
I20260909 04:40:19.325237   531 skeleton_planner.h:170] Found solution in: 1
I20260909 04:40:19.325241   531 skeleton_planner.h:170] Found solution in: 5
I20260909 04:40:19.325258   531 skeleton_planner.h:170] Found solution in: 6
I20260909 04:40:19.325266   531 skeleton_planner.h:170] Found solution in: 1
I20260909 04:40:19.325824   531 skeleton_planner.h:170] Found solution in: 1
I20260909 04:40:19.325832   531 skeleton_planner.h:170] Found solution in: 6
I20260909 04:40:19.325884   531 skeleton_planner.h:170] Found solution in: 4
I20260909 04:40:19.325893   531 skeleton_planner.h:170] Found solution in: 1
I20260909 04:40:19.325901   531 skeleton_planner.h:170] Found solution in: 8
I20260909 04:40:19.325907   531 skeleton_planner.h:170] Found solution in: 6
I20260909 04:40:19.325914   531 skeleton_planner.h:170] Found solution in: 1
I20260909 04:40:19.325935   531 skeleton_planner.h:170] Found solution in: 4
I20260909 04:40:19.325941   531 skeleton_planner.h:170] Found solution in: 1
I20260909 04:40:19.325951   531 skeleton_planner.h:170] Found solution in: 12
I20260909 04:40:19.325958   531 skeleton_planner.h:170] Found solution in: 6
I20260909 04:40:19.325965   531 skeleton_planner.h:170] Found solution in: 1
I20260909 04:40:19.325984   531 skeleton_planner.h:170] Found solution in: 4
I20260909 04:40:19.325994   531 skeleton_planner.h:170] Found solution in: 1
I20260909 04:40:19.326000   531 skeleton_planner.h:170] Found solution in: 5
I20260909 04:40:19.326006   531 skeleton_planner.h:170] Found solution in: 1
I20260909 04:40:19.326038   531 skeleton_planner.h:170] Found solution in: 5
I20260909 04:40:19.326046   531 skeleton_planner.h:170] Found solution in: 1
I20260909 04:40:19.326051   531 skeleton_planner.h:170] Found solution in: 3
I20260909 04:40:19.326066   531 skeleton_planner.h:170] Found solution in: 4
I20260909 04:40:19.326074   531 skeleton_planner.h:170] Found solution in: 1
I20260909 04:40:19.326087   531 skeleton_planner.h:170] Found solution in: 4
I20260909 04:40:19.326094   531 skeleton_planner.h:170] Found solution in: 1
I20260909 04:40:19.326112   531 skeleton_planner.h:170] Found solution in: 4
I20260909 04:40:19.326121   531 skeleton_planner.h:170] Found solution in: 1
I20260909 04:40:19.326124   531 skeleton_planner.h:170] Found solution in: 2
I20260909 04:40:19.326143   531 skeleton_planner.h:170] Found solution in: 6
I20260909 04:40:19.326151   531 skeleton_planner.h:170] Found solution in: 1
I20260909 04:40:19.326155   531 skeleton_planner.h:170] Found solution in: 2
I20260909 04:40:19.326169   531 skeleton_planner.h:170] Found solution in: 5
I20260909 04:40:19.326175   531 skeleton_planner.h:170] Found solution in: 1
I20260909 04:40:19.326182   531 skeleton_planner.h:170] Found solution in: 1
I20260909 04:40:19.326200   531 skeleton_planner.h:170] Found solution in: 5
I20260909 04:40:19.326210   531 skeleton_planner.h:170] Found solution in: 1
I20260909 04:40:19.326216   531 skeleton_planner.h:170] Found solution in: 1
I20260909 04:40:19.326221   531 skeleton_planner.h:170] Found solution in: 4
I20260909 04:40:19.326233   531 skeleton_planner.h:170] Found solution in: 4
I20260909 04:40:19.326239   531 skeleton_planner.h:170] Found solution in: 1
I20260909 04:40:19.326434   531 skeleton_planner.h:170] Found solution in: 16
I20260909 04:40:19.326444   531 skeleton_planner.h:170] Found solution in: 1
I20260909 04:40:19.326452   531 skeleton_planner.h:170] Found solution in: 7
I20260909 04:40:19.326486   531 skeleton_planner.h:170] Found solution in: 6
I20260909 04:40:19.326494   531 skeleton_planner.h:170] Found solution in: 1
I20260909 04:40:19.326500   531 skeleton_planner.h:170] Found solution in: 1
I20260909 04:40:19.326504   531 skeleton_planner.h:170] Found solution in: 2
I20260909 04:40:19.326689   531 skeleton_planner.h:170] Found solution in: 16
I20260909 04:40:19.326695   531 skeleton_planner.h:170] Found solution in: 1
I20260909 04:40:19.326884   531 skeleton_planner.h:170] Found solution in: 17
I20260909 04:40:19.326893   531 skeleton_planner.h:170] Found solution in: 1
I20260909 04:40:19.326897   531 skeleton_planner.h:170] Found solution in: 2
I20260909 04:40:19.326910   531 skeleton_planner.h:170] Found solution in: 4
I20260909 04:40:19.326916   531 skeleton_planner.h:170] Found solution in: 1
I20260909 04:40:19.326926   531 skeleton_planner.h:170] Found solution in: 3
I20260909 04:40:19.326934   531 skeleton_planner.h:170] Found solution in: 1
I20260909 04:40:19.326939   531 skeleton_planner.h:170] Found solution in: 3
I20260909 04:40:19.326949   531 skeleton_planner.h:170] Found solution in: 3
I20260909 04:40:19.326957   531 skeleton_planner.h:170] Found solution in: 1
I20260909 04:40:19.326972   531 skeleton_planner.h:170] Found solution in: 4
I20260909 04:40:19.326978   531 skeleton_planner.h:170] Found solution in: 1
I20260909 04:40:19.326990   531 skeleton_planner.h:170] Found solution in: 4
I20260909 04:40:19.326998   531 skeleton_planner.h:170] Found solution in: 1
I20260909 04:40:19.327008   531 skeleton_planner.h:170] Found solution in: 3
I20260909 04:40:19.327013   531 skeleton_planner.h:170] Found solution in: 1
I20260909 04:40:19.327025   531 skeleton_planner.h:170] Found solution in: 4
I20260909 04:40:19.327034   531 skeleton_planner.h:170] Found solution in: 1
I20260909 04:40:19.327044   531 skeleton_planner.h:170] Found solution in: 3
I20260909 04:40:19.327051   531 skeleton_planner.h:170] Found solution in: 1
I20260909 04:40:19.327062   531 skeleton_planner.h:170] Found solution in: 3
I20260909 04:40:19.327069   531 skeleton_planner.h:170] Found solution in: 1
I20260909 04:40:19.327073   531 skeleton_planner.h:170] Found solution in: 3
I20260909 04:40:19.327092   531 skeleton_planner.h:170] Found solution in: 5
I20260909 04:40:19.327101   531 skeleton_planner.h:170] Found solution in: 1
I20260909 04:40:19.327121   531 skeleton_planner.h:170] Found solution in: 5
I20260909 04:40:19.327129   531 skeleton_planner.h:170] Found solution in: 1
I20260909 04:40:19.327142   531 skeleton_planner.h:170] Found solution in: 4
I20260909 04:40:19.327152   531 skeleton_planner.h:170] Found solution in: 1
I20260909 04:40:19.327157   531 skeleton_planner.h:170] Found solution in: 3
I20260909 04:40:19.327169   531 skeleton_planner.h:170] Found solution in: 5
I20260909 04:40:19.327180   531 skeleton_planner.h:170] Found solution in: 1
I20260909 04:40:19.327184   531 skeleton_planner.h:170] Found solution in: 3
I20260909 04:40:19.327199   531 skeleton_planner.h:170] Found solution in: 4
I20260909 04:40:19.327208   531 skeleton_planner.h:170] Found solution in: 1
I20260909 04:40:19.327219   531 skeleton_planner.h:170] Found solution in: 3
I20260909 04:40:19.327229   531 skeleton_planner.h:170] Found solution in: 1
I20260909 04:40:19.327244   531 skeleton_planner.h:170] Found solution in: 4
I20260909 04:40:19.327258   531 skeleton_planner.h:170] Found solution in: 1
I20260909 04:40:19.327261   531 skeleton_planner.h:170] Found solution in: 2
I20260909 04:40:19.327271   531 skeleton_planner.h:170] Found solution in: 3
I20260909 04:40:19.327282   531 skeleton_planner.h:170] Found solution in: 1
I20260909 04:40:19.327293   531 skeleton_planner.h:170] Found solution in: 3
I20260909 04:40:19.327302   531 skeleton_planner.h:170] Found solution in: 1
I20260909 04:40:19.327309   531 skeleton_planner.h:170] Found solution in: 4
I20260909 04:40:19.327406   531 skeleton_planner.h:170] Found solution in: 5
I20260909 04:40:19.327416   531 skeleton_planner.h:170] Found solution in: 1
I20260909 04:40:19.327430   531 skeleton_planner.h:170] Found solution in: 4
I20260909 04:40:19.327440   531 skeleton_planner.h:170] Found solution in: 1
I20260909 04:40:19.327539   531 skeleton_planner.h:170] Found solution in: 5
I20260909 04:40:19.327549   531 skeleton_planner.h:170] Found solution in: 1
I20260909 04:40:19.327555   531 skeleton_planner.h:170] Found solution in: 1
I20260909 04:40:19.327561   531 skeleton_planner.h:170] Found solution in: 3
I20260909 04:40:19.327569   531 skeleton_planner.h:170] Found solution in: 1
I20260909 04:40:19.327574   531 skeleton_planner.h:170] Found solution in: 4
I20260909 04:40:19.327589   531 skeleton_planner.h:170] Found solution in: 4
I20260909 04:40:19.327597   531 skeleton_planner.h:170] Found solution in: 1
I20260909 04:40:19.327602   531 skeleton_planner.h:170] Found solution in: 4
I20260909 04:40:19.327633   531 skeleton_planner.h:170] Found solution in: 10
I20260909 04:40:19.327644   531 skeleton_planner.h:170] Found solution in: 1
I20260909 04:40:19.327664   531 skeleton_planner.h:170] Found solution in: 5
I20260909 04:40:19.327672   531 skeleton_planner.h:170] Found solution in: 1
I20260909 04:40:19.327678   531 skeleton_planner.h:170] Found solution in: 1
I20260909 04:40:19.327682   531 skeleton_planner.h:170] Found solution in: 3
I20260909 04:40:19.327688   531 skeleton_planner.h:170] Found solution in: 1
I20260909 04:40:19.327696   531 skeleton_planner.h:170] Found solution in: 1
I20260909 04:40:19.327703   531 skeleton_planner.h:170] Found solution in: 1
I20260909 04:40:19.327732   531 skeleton_planner.h:170] Found solution in: 8
I20260909 04:40:19.327744   531 skeleton_planner.h:170] Found solution in: 1
I20260909 04:40:19.327785   531 skeleton_planner.h:170] Found solution in: 9
I20260909 04:40:19.327795   531 skeleton_planner.h:170] Found solution in: 1
I20260909 04:40:19.327814   531 skeleton_planner.h:170] Found solution in: 5
I20260909 04:40:19.327821   531 skeleton_planner.h:170] Found solution in: 1
I20260909 04:40:19.327831   531 skeleton_planner.h:170] Found solution in: 1
I20260909 04:40:19.327836   531 skeleton_planner.h:170] Found solution in: 3
I20260909 04:40:19.327847   531 skeleton_planner.h:170] Found solution in: 4
I20260909 04:40:19.327857   531 skeleton_planner.h:170] Found solution in: 1
I20260909 04:40:19.327859   531 skeleton_planner.h:170] Found solution in: 2
I20260909 04:40:19.327879   531 skeleton_planner.h:170] Found solution in: 7
I20260909 04:40:19.327889   531 skeleton_planner.h:170] Found solution in: 1
I20260909 04:40:19.327903   531 skeleton_planner.h:170] Found solution in: 4
I20260909 04:40:19.327912   531 skeleton_planner.h:170] Found solution in: 1
I20260909 04:40:19.327919   531 skeleton_planner.h:170] Found solution in: 1
I20260909 04:40:19.327930   531 skeleton_planner.h:170] Found solution in: 3
I20260909 04:40:19.327936   531 skeleton_planner.h:170] Found solution in: 1
I20260909 04:40:19.327950   531 skeleton_planner.h:170] Found solution in: 4
I20260909 04:40:19.327956   531 skeleton_planner.h:170] Found solution in: 1
I20260909 04:40:19.327970   531 skeleton_planner.h:170] Found solution in: 3
I20260909 04:40:19.327977   531 skeleton_planner.h:170] Found solution in: 1
I20260909 04:40:19.327987   531 skeleton_planner.h:170] Found solution in: 1
I20260909 04:40:19.327994   531 skeleton_planner.h:170] Found solution in: 1
I20260909 04:40:19.328006   531 skeleton_planner.h:170] Found solution in: 3
I20260909 04:40:19.328014   531 skeleton_planner.h:170] Found solution in: 1
I20260909 04:40:19.328035   531 skeleton_planner.h:170] Found solution in: 6
I20260909 04:40:19.328042   531 skeleton_planner.h:170] Found solution in: 1
I20260909 04:40:19.328073   531 skeleton_planner.h:170] Found solution in: 9
I20260909 04:40:19.328084   531 skeleton_planner.h:170] Found solution in: 1
I20260909 04:40:19.328090   531 skeleton_planner.h:170] Found solution in: 1
I20260909 04:40:19.328097   531 skeleton_planner.h:170] Found solution in: 6
I20260909 04:40:19.328106   531 skeleton_planner.h:170] Found solution in: 1
I20260909 04:40:19.328130   531 skeleton_planner.h:170] Found solution in: 7
I20260909 04:40:19.328138   531 skeleton_planner.h:170] Found solution in: 1
I20260909 04:40:19.328150   531 skeleton_planner.h:170] Found solution in: 3
I20260909 04:40:19.328157   531 skeleton_planner.h:170] Found solution in: 1
I20260909 04:40:19.328167   531 skeleton_planner.h:170] Found solution in: 1
I20260909 04:40:19.328181   531 skeleton_planner.h:170] Found solution in: 3
I20260909 04:40:19.328190   531 skeleton_planner.h:170] Found solution in: 1
I20260909 04:40:19.328202   531 skeleton_planner.h:170] Found solution in: 3
I20260909 04:40:19.328210   531 skeleton_planner.h:170] Found solution in: 1
I20260909 04:40:19.328227   531 skeleton_planner.h:170] Found solution in: 4
I20260909 04:40:19.328240   531 skeleton_planner.h:170] Found solution in: 1
I20260909 04:40:19.328258   531 skeleton_planner.h:170] Found solution in: 4
I20260909 04:40:19.328264   531 skeleton_planner.h:170] Found solution in: 1
I20260909 04:40:19.328284   531 skeleton_planner.h:170] Found solution in: 4
I20260909 04:40:19.328295   531 skeleton_planner.h:170] Found solution in: 1
I20260909 04:40:19.328310   531 skeleton_planner.h:170] Found solution in: 3
I20260909 04:40:19.328317   531 skeleton_planner.h:170] Found solution in: 1
I20260909 04:40:19.328328   531 skeleton_planner.h:170] Found solution in: 3
I20260909 04:40:19.328337   531 skeleton_planner.h:170] Found solution in: 1
I20260909 04:40:19.328354   531 skeleton_planner.h:170] Found solution in: 5
I20260909 04:40:19.328361   531 skeleton_planner.h:170] Found solution in: 1
I20260909 04:40:19.328364   531 skeleton_planner.h:170] Found solution in: 2
I20260909 04:40:19.328378   531 skeleton_planner.h:170] Found solution in: 4
I20260909 04:40:19.328385   531 skeleton_planner.h:170] Found solution in: 1
I20260909 04:40:19.328399   531 skeleton_planner.h:170] Found solution in: 4
I20260909 04:40:19.328410   531 skeleton_planner.h:170] Found solution in: 1
I20260909 04:40:19.328414   531 skeleton_planner.h:170] Found solution in: 2
I20260909 04:40:19.328424   531 skeleton_planner.h:170] Found solution in: 3
I20260909 04:40:19.328433   531 skeleton_planner.h:170] Found solution in: 1
I20260909 04:40:19.328447   531 skeleton_planner.h:170] Found solution in: 4
I20260909 04:40:19.328454   531 skeleton_planner.h:170] Found solution in: 1
I20260909 04:40:19.328472   531 skeleton_planner.h:170] Found solution in: 5
I20260909 04:40:19.328481   531 skeleton_planner.h:170] Found solution in: 1
I20260909 04:40:19.328529   531 skeleton_planner.h:170] Found solution in: 17
I20260909 04:40:19.328542   531 skeleton_planner.h:170] Found solution in: 1
I20260909 04:40:19.328547   531 skeleton_planner.h:170] Found solution in: 1
I20260909 04:40:19.328565   531 skeleton_planner.h:170] Found solution in: 4
I20260909 04:40:19.328573   531 skeleton_planner.h:170] Found solution in: 1
I20260909 04:40:19.328578   531 skeleton_planner.h:170] Found solution in: 3
I20260909 04:40:19.328590   531 skeleton_planner.h:170] Found solution in: 5
I20260909 04:40:19.328598   531 skeleton_planner.h:170] Found solution in: 1
I20260909 04:40:19.328795   531 skeleton_planner.h:170] Found solution in: 5
I20260909 04:40:19.328804   531 skeleton_planner.h:170] Found solution in: 1
I20260909 04:40:19.328809   531 skeleton_planner.h:170] Found solution in: 3
I20260909 04:40:19.328811   531 skeleton_planner.h:170] Found solution in: 3
I20260909 04:40:19.328842   531 skeleton_planner.h:170] Found solution in: 5
I20260909 04:40:19.328850   531 skeleton_planner.h:170] Found solution in: 1
I20260909 04:40:19.328881   531 skeleton_planner.h:170] Found solution in: 5
I20260909 04:40:19.328888   531 skeleton_planner.h:170] Found solution in: 1
I20260909 04:40:19.328894   531 skeleton_planner.h:170] Found solution in: 1
I20260909 04:40:19.328898   531 skeleton_planner.h:170] Found solution in: 3
I20260909 04:40:19.328926   531 skeleton_planner.h:170] Found solution in: 4
I20260909 04:40:19.328933   531 skeleton_planner.h:170] Found solution in: 1
I20260909 04:40:19.328962   531 skeleton_planner.h:170] Found solution in: 5
I20260909 04:40:19.328969   531 skeleton_planner.h:170] Found solution in: 1
I20260909 04:40:19.328986   531 skeleton_planner.h:170] Found solution in: 5
I20260909 04:40:19.328994   531 skeleton_planner.h:170] Found solution in: 1
I20260909 04:40:19.328997   531 skeleton_planner.h:170] Found solution in: 3
I20260909 04:40:19.329010   531 skeleton_planner.h:170] Found solution in: 6
I20260909 04:40:19.329017   531 skeleton_planner.h:170] Found solution in: 1
I20260909 04:40:19.329022   531 skeleton_planner.h:170] Found solution in: 1
I20260909 04:40:19.329032   531 skeleton_planner.h:170] Found solution in: 1
I20260909 04:40:19.329051   531 skeleton_planner.h:170] Found solution in: 4
I20260909 04:40:19.329061   531 skeleton_planner.h:170] Found solution in: 1
I20260909 04:40:19.329066   531 skeleton_planner.h:170] Found solution in: 3
I20260909 04:40:19.329070   531 skeleton_planner.h:170] Found solution in: 6
I20260909 04:40:19.329095   531 skeleton_planner.h:170] Found solution in: 6
I20260909 04:40:19.329103   531 skeleton_planner.h:170] Found solution in: 1
I20260909 04:40:19.329109   531 skeleton_planner.h:170] Found solution in: 5
I20260909 04:40:19.329114   531 skeleton_planner.h:170] Found solution in: 1
I20260909 04:40:19.329120   531 skeleton_planner.h:170] Found solution in: 5
I20260909 04:40:19.329128   531 skeleton_planner.h:170] Found solution in: 1
I20260909 04:40:19.329141   531 skeleton_planner.h:170] Found solution in: 3
I20260909 04:40:19.329147   531 skeleton_planner.h:170] Found solution in: 1
I20260909 04:40:19.329180   531 skeleton_planner.h:170] Found solution in: 3
I20260909 04:40:19.329185   531 skeleton_planner.h:170] Found solution in: 1
I20260909 04:40:19.329192   531 skeleton_planner.h:170] Found solution in: 1
I20260909 04:40:19.329211   531 skeleton_planner.h:170] Found solution in: 5
I20260909 04:40:19.329221   531 skeleton_planner.h:170] Found solution in: 1
I20260909 04:40:19.329233   531 skeleton_planner.h:170] Found solution in: 15
I20260909 04:40:19.329268   531 skeleton_planner.h:170] Found solution in: 7
I20260909 04:40:19.329277   531 skeleton_planner.h:170] Found solution in: 1
I20260909 04:40:19.329282   531 skeleton_planner.h:170] Found solution in: 1
I20260909 04:40:19.329288   531 skeleton_planner.h:170] Found solution in: 1
I20260909 04:40:19.329293   531 skeleton_planner.h:170] Found solution in: 5
I20260909 04:40:19.329336   531 skeleton_planner.h:170] Found solution in: 7
I20260909 04:40:19.329344   531 skeleton_planner.h:170] Found solution in: 1
I20260909 04:40:19.329352   531 skeleton_planner.h:170] Found solution in: 8
I20260909 04:40:19.329358   531 skeleton_planner.h:170] Found solution in: 1
I20260909 04:40:19.329365   531 skeleton_planner.h:170] Found solution in: 7
I20260909 04:40:19.329375   531 skeleton_planner.h:170] Found solution in: 1
I20260909 04:40:19.329378   531 skeleton_planner.h:170] Found solution in: 2
I20260909 04:40:19.329890   531 skeleton_planner.h:170] Found solution in: 1
I20260909 04:40:19.329895   531 skeleton_planner.h:170] Found solution in: 2
I20260909 04:40:19.330387   531 skeleton_planner.h:170] Found solution in: 1
I20260909 04:40:19.330391   531 skeleton_planner.h:170] Found solution in: 2
I20260909 04:40:19.331312   531 skeleton_planner.h:170] Found solution in: 1
I20260909 04:40:19.331317   531 skeleton_planner.h:170] Found solution in: 2
I20260909 04:40:19.332285   531 skeleton_planner.h:170] Found solution in: 1
I20260909 04:40:19.332289   531 skeleton_planner.h:170] Found solution in: 2
I20260909 04:40:19.332701   531 skeleton_planner.h:170] Found solution in: 13
I20260909 04:40:19.332710   531 skeleton_planner.h:170] Found solution in: 1
I20260909 04:40:19.333137   531 skeleton_planner.h:170] Found solution in: 31
I20260909 04:40:19.333149   531 skeleton_planner.h:170] Found solution in: 1
I20260909 04:40:19.333153   531 skeleton_planner.h:170] Found solution in: 2
I20260909 04:40:19.333165   531 skeleton_planner.h:170] Found solution in: 5
I20260909 04:40:19.333173   531 skeleton_planner.h:170] Found solution in: 1
I20260909 04:40:19.333187   531 skeleton_planner.h:170] Found solution in: 7
I20260909 04:40:19.333192   531 skeleton_planner.h:170] Found solution in: 1
I20260909 04:40:19.333205   531 skeleton_planner.h:170] Found solution in: 5
I20260909 04:40:19.333211   531 skeleton_planner.h:170] Found solution in: 1
I20260909 04:40:19.333401   531 skeleton_planner.h:170] Found solution in: 1
I20260909 04:40:19.333406   531 skeleton_planner.h:170] Found solution in: 3
I20260909 04:40:19.333432   531 skeleton_planner.h:170] Found solution in: 5
I20260909 04:40:19.333447   531 skeleton_planner.h:170] Found solution in: 1
I20260909 04:40:19.333469   531 skeleton_planner.h:170] Found solution in: 7
I20260909 04:40:19.333478   531 skeleton_planner.h:170] Found solution in: 1
I20260909 04:40:19.333487   531 skeleton_planner.h:170] Found solution in: 1
I20260909 04:40:19.333491   531 skeleton_planner.h:170] Found solution in: 3
I20260909 04:40:19.333506   531 skeleton_planner.h:170] Found solution in: 4
I20260909 04:40:19.333515   531 skeleton_planner.h:170] Found solution in: 1
I20260909 04:40:19.333529   531 skeleton_planner.h:170] Found solution in: 3
I20260909 04:40:19.333539   531 skeleton_planner.h:170] Found solution in: 1
I20260909 04:40:19.333551   531 skeleton_planner.h:170] Found solution in: 3
I20260909 04:40:19.333560   531 skeleton_planner.h:170] Found solution in: 1
I20260909 04:40:19.333573   531 skeleton_planner.h:170] Found solution in: 3
I20260909 04:40:19.333580   531 skeleton_planner.h:170] Found solution in: 1
I20260909 04:40:19.333591   531 skeleton_planner.h:170] Found solution in: 3
I20260909 04:40:19.333598   531 skeleton_planner.h:170] Found solution in: 1
I20260909 04:40:19.333616   531 skeleton_planner.h:170] Found solution in: 5
I20260909 04:40:19.333626   531 skeleton_planner.h:170] Found solution in: 1
I20260909 04:40:19.333634   531 skeleton_planner.h:170] Found solution in: 1
I20260909 04:40:19.333647   531 skeleton_planner.h:170] Found solution in: 3
I20260909 04:40:19.333654   531 skeleton_planner.h:170] Found solution in: 1
I20260909 04:40:19.333668   531 skeleton_planner.h:170] Found solution in: 4
I20260909 04:40:19.333674   531 skeleton_planner.h:170] Found solution in: 1
I20260909 04:40:19.333693   531 skeleton_planner.h:170] Found solution in: 4
I20260909 04:40:19.333700   531 skeleton_planner.h:170] Found solution in: 1
I20260909 04:40:19.333711   531 skeleton_planner.h:170] Found solution in: 3
I20260909 04:40:19.333719   531 skeleton_planner.h:170] Found solution in: 1
I20260909 04:40:19.333729   531 skeleton_planner.h:170] Found solution in: 3
I20260909 04:40:19.333736   531 skeleton_planner.h:170] Found solution in: 1
I20260909 04:40:19.333742   531 skeleton_planner.h:170] Found solution in: 1
I20260909 04:40:19.333830   531 skeleton_planner.h:170] Found solution in: 3
I20260909 04:40:19.333838   531 skeleton_planner.h:170] Found solution in: 1
I20260909 04:40:19.333847   531 skeleton_planner.h:170] Found solution in: 1
I20260909 04:40:19.333856   531 skeleton_planner.h:170] Found solution in: 9
I20260909 04:40:19.333861   531 skeleton_planner.h:170] Found solution in: 3
I20260909 04:40:19.333881   531 skeleton_planner.h:170] Found solution in: 24
I20260909 04:40:19.333889   531 skeleton_planner.h:170] Found solution in: 1
I20260909 04:40:19.333894   531 skeleton_planner.h:170] Found solution in: 3
I20260909 04:40:19.333901   531 skeleton_planner.h:170] Found solution in: 9
I20260909 04:40:19.333921   531 skeleton_planner.h:170] Found solution in: 24
I20260909 04:40:19.333930   531 skeleton_planner.h:170] Found solution in: 1
I20260909 04:40:19.333935   531 skeleton_planner.h:170] Found solution in: 1
I20260909 04:40:19.333941   531 skeleton_planner.h:170] Found solution in: 1
I20260909 04:40:19.333951   531 skeleton_planner.h:170] Found solution in: 10
I20260909 04:40:19.333974   531 skeleton_planner.h:170] Found solution in: 24
I20260909 04:40:19.333982   531 skeleton_planner.h:170] Found solution in: 1
I20260909 04:40:19.333990   531 skeleton_planner.h:170] Found solution in: 9
I20260909 04:40:19.334003   531 skeleton_planner.h:170] Found solution in: 1
I20260909 04:40:19.334092   531 skeleton_planner.h:170] Found solution in: 3
I20260909 04:40:19.334103   531 skeleton_planner.h:170] Found solution in: 1
I20260909 04:40:19.334108   531 skeleton_planner.h:170] Found solution in: 3
I20260909 04:40:19.334122   531 skeleton_planner.h:170] Found solution in: 5
I20260909 04:40:19.334131   531 skeleton_planner.h:170] Found solution in: 1
I20260909 04:40:19.334138   531 skeleton_planner.h:170] Found solution in: 6
I20260909 04:40:19.334147   531 skeleton_planner.h:170] Found solution in: 1
I20260909 04:40:19.334154   531 skeleton_planner.h:170] Found solution in: 1
I20260909 04:40:19.334174   531 skeleton_planner.h:170] Found solution in: 6
I20260909 04:40:19.334182   531 skeleton_planner.h:170] Found solution in: 1
I20260909 04:40:19.334189   531 skeleton_planner.h:170] Found solution in: 6
I20260909 04:40:19.334197   531 skeleton_planner.h:170] Found solution in: 8
I20260909 04:40:19.334203   531 skeleton_planner.h:170] Found solution in: 1
I20260909 04:40:19.334290   531 skeleton_planner.h:170] Found solution in: 3
I20260909 04:40:19.334298   531 skeleton_planner.h:170] Found solution in: 1
I20260909 04:40:19.334304   531 skeleton_planner.h:170] Found solution in: 4
I20260909 04:40:19.334313   531 skeleton_planner.h:170] Found solution in: 1
I20260909 04:40:19.334318   531 skeleton_planner.h:170] Found solution in: 4
I20260909 04:40:19.334323   531 skeleton_planner.h:170] Found solution in: 1
I20260909 04:40:19.334331   531 skeleton_planner.h:170] Found solution in: 1
I20260909 04:40:19.334394   531 skeleton_planner.h:170] Found solution in: 4
I20260909 04:40:19.334403   531 skeleton_planner.h:170] Found solution in: 1
I20260909 04:40:19.334453   531 skeleton_planner.h:170] Found solution in: 20
I20260909 04:40:19.334465   531 skeleton_planner.h:170] Found solution in: 1
I20260909 04:40:19.334470   531 skeleton_planner.h:170] Found solution in: 1
I20260909 04:40:19.334476   531 skeleton_planner.h:170] Found solution in: 3
I20260909 04:40:19.334486   531 skeleton_planner.h:170] Found solution in: 1
I20260909 04:40:19.334492   531 skeleton_planner.h:170] Found solution in: 1
I20260909 04:40:19.334501   531 skeleton_planner.h:170] Found solution in: 1
I20260909 04:40:19.334507   531 skeleton_planner.h:170] Found solution in: 1
I20260909 04:40:19.334527   531 skeleton_planner.h:170] Found solution in: 21
I20260909 04:40:19.334534   531 skeleton_planner.h:170] Found solution in: 1
I20260909 04:40:19.334540   531 skeleton_planner.h:170] Found solution in: 1
I20260909 04:40:19.334545   531 skeleton_planner.h:170] Found solution in: 3
I20260909 04:40:19.334551   531 skeleton_planner.h:170] Found solution in: 1
I20260909 04:40:19.334555   531 skeleton_planner.h:170] Found solution in: 3
I20260909 04:40:19.334563   531 skeleton_planner.h:170] Found solution in: 1
I20260909 04:40:19.334569   531 skeleton_planner.h:170] Found solution in: 1
I20260909 04:40:19.334574   531 skeleton_planner.h:170] Found solution in: 5
I20260909 04:40:19.334602   531 skeleton_planner.h:170] Found solution in: 4
I20260909 04:40:19.334612   531 skeleton_planner.h:170] Found solution in: 1
I20260909 04:40:19.334619   531 skeleton_planner.h:170] Found solution in: 1
I20260909 04:40:19.334630   531 skeleton_planner.h:170] Found solution in: 3
I20260909 04:40:19.334636   531 skeleton_planner.h:170] Found solution in: 1
I20260909 04:40:19.334642   531 skeleton_planner.h:170] Found solution in: 4
I20260909 04:40:19.334647   531 skeleton_planner.h:170] Found solution in: 1
I20260909 04:40:19.334651   531 skeleton_planner.h:170] Found solution in: 4
I20260909 04:40:19.334661   531 skeleton_planner.h:170] Found solution in: 1
I20260909 04:40:19.334667   531 skeleton_planner.h:170] Found solution in: 1
I20260909 04:40:19.334674   531 skeleton_planner.h:170] Found solution in: 1
I20260909 04:40:19.334684   531 skeleton_planner.h:170] Found solution in: 1
I20260909 04:40:19.334718   531 skeleton_planner.h:170] Found solution in: 9
I20260909 04:40:19.334729   531 skeleton_planner.h:170] Found solution in: 1
I20260909 04:40:19.334733   531 skeleton_planner.h:170] Found solution in: 2
I20260909 04:40:19.334743   531 skeleton_planner.h:170] Found solution in: 3
I20260909 04:40:19.334750   531 skeleton_planner.h:170] Found solution in: 1
I20260909 04:40:19.334759   531 skeleton_planner.h:170] Found solution in: 3
I20260909 04:40:19.334766   531 skeleton_planner.h:170] Found solution in: 1
I20260909 04:40:19.334772   531 skeleton_planner.h:170] Found solution in: 1
I20260909 04:40:19.334780   531 skeleton_planner.h:170] Found solution in: 6
I20260909 04:40:19.334806   531 skeleton_planner.h:170] Found solution in: 6
I20260909 04:40:19.334815   531 skeleton_planner.h:170] Found solution in: 1
I20260909 04:40:19.334836   531 skeleton_planner.h:170] Found solution in: 5
I20260909 04:40:19.334846   531 skeleton_planner.h:170] Found solution in: 1
I20260909 04:40:19.334857   531 skeleton_planner.h:170] Found solution in: 11
I20260909 04:40:19.334864   531 skeleton_planner.h:170] Found solution in: 1
I20260909 04:40:19.334872   531 skeleton_planner.h:170] Found solution in: 6
I20260909 04:40:19.334877   531 skeleton_planner.h:170] Found solution in: 1
I20260909 04:40:19.334883   531 skeleton_planner.h:170] Found solution in: 6
I20260909 04:40:19.334889   531 skeleton_planner.h:170] Found solution in: 1
I20260909 04:40:19.334894   531 skeleton_planner.h:170] Found solution in: 1
I20260909 04:40:19.334921   531 skeleton_planner.h:170] Found solution in: 7
I20260909 04:40:19.334930   531 skeleton_planner.h:170] Found solution in: 1
I20260909 04:40:19.334934   531 skeleton_planner.h:170] Found solution in: 2
I20260909 04:40:19.336117   531 skeleton_planner.h:170] Found solution in: 1
I20260909 04:40:19.336122   531 skeleton_planner.h:170] Found solution in: 2
I20260909 04:40:19.337294   531 skeleton_planner.h:170] Found solution in: 1
I20260909 04:40:19.337311   531 skeleton_planner.h:170] Found solution in: 14
I20260909 04:40:19.337317   531 skeleton_planner.h:170] Found solution in: 1
I20260909 04:40:19.337321   531 skeleton_planner.h:170] Found solution in: 4
I20260909 04:40:19.337337   531 skeleton_planner.h:170] Found solution in: 5
I20260909 04:40:19.337344   531 skeleton_planner.h:170] Found solution in: 1
I20260909 04:40:19.337349   531 skeleton_planner.h:170] Found solution in: 3
I20260909 04:40:19.337522   531 skeleton_planner.h:170] Found solution in: 4
I20260909 04:40:19.337723   531 skeleton_planner.h:170] Found solution in: 9
I20260909 04:40:19.337733   531 skeleton_planner.h:170] Found solution in: 1
I20260909 04:40:19.337738   531 skeleton_planner.h:170] Found solution in: 4
I20260909 04:40:19.338050   531 skeleton_planner.h:170] Found solution in: 1
I20260909 04:40:19.338055   531 skeleton_planner.h:170] Found solution in: 4
I20260909 04:40:19.338400   531 skeleton_planner.h:170] Found solution in: 1
I20260909 04:40:19.338407   531 skeleton_planner.h:170] Found solution in: 7
I20260909 04:40:19.338455   531 skeleton_planner.h:170] Found solution in: 13
I20260909 04:40:19.338464   531 skeleton_planner.h:170] Found solution in: 1
I20260909 04:40:19.338474   531 skeleton_planner.h:170] Found solution in: 1
I20260909 04:40:19.338479   531 skeleton_planner.h:170] Found solution in: 4
I20260909 04:40:19.338505   531 skeleton_planner.h:170] Found solution in: 6
I20260909 04:40:19.338514   531 skeleton_planner.h:170] Found solution in: 1
I20260909 04:40:19.338534   531 skeleton_planner.h:170] Found solution in: 21
I20260909 04:40:19.338546   531 skeleton_planner.h:170] Found solution in: 1
I20260909 04:40:19.338551   531 skeleton_planner.h:170] Found solution in: 5
I20260909 04:40:19.338560   531 skeleton_planner.h:170] Found solution in: 9
I20260909 04:40:19.338568   531 skeleton_planner.h:170] Found solution in: 1
I20260909 04:40:19.338588   531 skeleton_planner.h:170] Found solution in: 4
I20260909 04:40:19.338598   531 skeleton_planner.h:170] Found solution in: 1
I20260909 04:40:19.338603   531 skeleton_planner.h:170] Found solution in: 2
I20260909 04:40:19.338618   531 skeleton_planner.h:170] Found solution in: 5
I20260909 04:40:19.338627   531 skeleton_planner.h:170] Found solution in: 1
I20260909 04:40:19.338642   531 skeleton_planner.h:170] Found solution in: 5
I20260909 04:40:19.338650   531 skeleton_planner.h:170] Found solution in: 1
I20260909 04:40:19.338655   531 skeleton_planner.h:170] Found solution in: 4
I20260909 04:40:19.338678   531 skeleton_planner.h:170] Found solution in: 5
I20260909 04:40:19.338686   531 skeleton_planner.h:170] Found solution in: 1
I20260909 04:40:19.338701   531 skeleton_planner.h:170] Found solution in: 3
I20260909 04:40:19.338707   531 skeleton_planner.h:170] Found solution in: 1
I20260909 04:40:19.338722   531 skeleton_planner.h:170] Found solution in: 3
I20260909 04:40:19.338732   531 skeleton_planner.h:170] Found solution in: 1
I20260909 04:40:19.338745   531 skeleton_planner.h:170] Found solution in: 1
I20260909 04:40:19.338750   531 skeleton_planner.h:170] Found solution in: 5
I20260909 04:40:19.338856   531 skeleton_planner.h:170] Found solution in: 64
I20260909 04:40:19.338936   531 skeleton_planner.h:170] Found solution in: 39
I20260909 04:40:19.338979   531 skeleton_planner.h:170] Found solution in: 16
I20260909 04:40:19.338989   531 skeleton_planner.h:170] Found solution in: 1
I20260909 04:40:19.338994   531 skeleton_planner.h:170] Found solution in: 5
I20260909 04:40:19.339030   531 skeleton_planner.h:170] Found solution in: 15
I20260909 04:40:19.339064   531 skeleton_planner.h:170] Found solution in: 12
I20260909 04:40:19.339092   531 skeleton_planner.h:170] Found solution in: 10
I20260909 04:40:19.339099   531 skeleton_planner.h:170] Found solution in: 1
I20260909 04:40:19.339107   531 skeleton_planner.h:170] Found solution in: 7
I20260909 04:40:19.339210   531 skeleton_planner.h:170] Found solution in: 6
I20260909 04:40:19.339216   531 skeleton_planner.h:170] Found solution in: 1
I20260909 04:40:19.339228   531 skeleton_planner.h:170] Found solution in: 4
I20260909 04:40:19.339239   531 skeleton_planner.h:170] Found solution in: 1
I20260909 04:40:19.339242   531 skeleton_planner.h:170] Found solution in: 2
I20260909 04:40:19.339257   531 skeleton_planner.h:170] Found solution in: 5
I20260909 04:40:19.339264   531 skeleton_planner.h:170] Found solution in: 1
I20260909 04:40:19.339284   531 skeleton_planner.h:170] Found solution in: 6
I20260909 04:40:19.339293   531 skeleton_planner.h:170] Found solution in: 1
I20260909 04:40:19.339361   531 skeleton_planner.h:170] Found solution in: 5
I20260909 04:40:19.339370   531 skeleton_planner.h:170] Found solution in: 1
I20260909 04:40:19.339385   531 skeleton_planner.h:170] Found solution in: 5
I20260909 04:40:19.339395   531 skeleton_planner.h:170] Found solution in: 1
I20260909 04:40:19.339408   531 skeleton_planner.h:170] Found solution in: 3
I20260909 04:40:19.339416   531 skeleton_planner.h:170] Found solution in: 1
I20260909 04:40:19.339432   531 skeleton_planner.h:170] Found solution in: 4
I20260909 04:40:19.339439   531 skeleton_planner.h:170] Found solution in: 1
I20260909 04:40:19.339453   531 skeleton_planner.h:170] Found solution in: 4
I20260909 04:40:19.339461   531 skeleton_planner.h:170] Found solution in: 1
I20260909 04:40:19.339464   531 skeleton_planner.h:170] Found solution in: 2
I20260909 04:40:19.339485   531 skeleton_planner.h:170] Found solution in: 8
I20260909 04:40:19.339493   531 skeleton_planner.h:170] Found solution in: 1
I20260909 04:40:19.339514   531 skeleton_planner.h:170] Found solution in: 8
I20260909 04:40:19.339524   531 skeleton_planner.h:170] Found solution in: 1
I20260909 04:40:19.339527   531 skeleton_planner.h:170] Found solution in: 2
I20260909 04:40:19.339541   531 skeleton_planner.h:170] Found solution in: 4
I20260909 04:40:19.339548   531 skeleton_planner.h:170] Found solution in: 1
I20260909 04:40:19.339555   531 skeleton_planner.h:170] Found solution in: 1
I20260909 04:40:19.339557   531 skeleton_planner.h:170] Found solution in: 2
I20260909 04:40:19.339569   531 skeleton_planner.h:170] Found solution in: 4
I20260909 04:40:19.339576   531 skeleton_planner.h:170] Found solution in: 1
I20260909 04:40:19.339579   531 skeleton_planner.h:170] Found solution in: 1
I20260909 04:40:19.339599   531 skeleton_planner.h:170] Found solution in: 3
I20260909 04:40:19.339609   531 skeleton_planner.h:170] Found solution in: 1
I20260909 04:40:19.339617   531 skeleton_planner.h:170] Found solution in: 1
I20260909 04:40:19.339627   531 skeleton_planner.h:170] Found solution in: 1
I20260909 04:40:19.339636   531 skeleton_planner.h:170] Found solution in: 3
I20260909 04:40:19.339645   531 skeleton_planner.h:170] Found solution in: 1
I20260909 04:40:19.339649   531 skeleton_planner.h:170] Found solution in: 2
I20260909 04:40:19.339669   531 skeleton_planner.h:170] Found solution in: 6
I20260909 04:40:19.339679   531 skeleton_planner.h:170] Found solution in: 1
I20260909 04:40:19.339701   531 skeleton_planner.h:170] Found solution in: 6
I20260909 04:40:19.339711   531 skeleton_planner.h:170] Found solution in: 1
I20260909 04:40:19.339735   531 skeleton_planner.h:170] Found solution in: 6
I20260909 04:40:19.339744   531 skeleton_planner.h:170] Found solution in: 1
I20260909 04:40:19.339752   531 skeleton_planner.h:170] Found solution in: 1
I20260909 04:40:19.339783   531 skeleton_planner.h:170] Found solution in: 38
I20260909 04:40:19.339792   531 skeleton_planner.h:170] Found solution in: 1
I20260909 04:40:19.339820   531 skeleton_planner.h:170] Found solution in: 33
I20260909 04:40:19.339840   531 skeleton_planner.h:170] Found solution in: 15
I20260909 04:40:19.339851   531 skeleton_planner.h:170] Found solution in: 1
I20260909 04:40:19.339855   531 skeleton_planner.h:170] Found solution in: 3
I20260909 04:40:19.339874   531 skeleton_planner.h:170] Found solution in: 5
I20260909 04:40:19.339883   531 skeleton_planner.h:170] Found solution in: 1
I20260909 04:40:19.339893   531 skeleton_planner.h:170] Found solution in: 1
I20260909 04:40:19.339905   531 skeleton_planner.h:170] Found solution in: 3
I20260909 04:40:19.339912   531 skeleton_planner.h:170] Found solution in: 1
I20260909 04:40:19.339915   531 skeleton_planner.h:170] Found solution in: 2
I20260909 04:40:19.339926   531 skeleton_planner.h:170] Found solution in: 3
I20260909 04:40:19.339936   531 skeleton_planner.h:170] Found solution in: 1
I20260909 04:40:19.339946   531 skeleton_planner.h:170] Found solution in: 3
I20260909 04:40:19.339952   531 skeleton_planner.h:170] Found solution in: 1
I20260909 04:40:19.339965   531 skeleton_planner.h:170] Found solution in: 4
I20260909 04:40:19.339972   531 skeleton_planner.h:170] Found solution in: 1
I20260909 04:40:19.339983   531 skeleton_planner.h:170] Found solution in: 3
I20260909 04:40:19.339989   531 skeleton_planner.h:170] Found solution in: 1
I20260909 04:40:19.340000   531 skeleton_planner.h:170] Found solution in: 3
I20260909 04:40:19.340009   531 skeleton_planner.h:170] Found solution in: 1
I20260909 04:40:19.340013   531 skeleton_planner.h:170] Found solution in: 3
I20260909 04:40:19.340023   531 skeleton_planner.h:170] Found solution in: 3
I20260909 04:40:19.340031   531 skeleton_planner.h:170] Found solution in: 1
I20260909 04:40:19.340045   531 skeleton_planner.h:170] Found solution in: 4
I20260909 04:40:19.340068   531 skeleton_planner.h:170] Found solution in: 8
I20260909 04:40:19.340085   531 skeleton_planner.h:170] Found solution in: 4
I20260909 04:40:19.340099   531 skeleton_planner.h:170] Found solution in: 5
I20260909 04:40:19.340111   531 skeleton_planner.h:170] Found solution in: 3
I20260909 04:40:19.340117   531 skeleton_planner.h:170] Found solution in: 2
I20260909 04:40:19.340137   531 skeleton_planner.h:170] Found solution in: 5
I20260909 04:40:19.340160   531 skeleton_planner.h:170] Found solution in: 7
I20260909 04:40:19.340174   531 skeleton_planner.h:170] Found solution in: 4
I20260909 04:40:19.340204   531 skeleton_planner.h:170] Found solution in: 9
I20260909 04:40:19.340217   531 skeleton_planner.h:170] Found solution in: 4
I20260909 04:40:19.340235   531 skeleton_planner.h:170] Found solution in: 5
I20260909 04:40:19.340261   531 skeleton_planner.h:170] Found solution in: 7
I20260909 04:40:19.340270   531 skeleton_planner.h:170] Found solution in: 2
I20260909 04:40:19.340281   531 skeleton_planner.h:170] Found solution in: 3
I20260909 04:40:19.340292   531 skeleton_planner.h:170] Found solution in: 4
I20260909 04:40:19.340317   531 skeleton_planner.h:170] Found solution in: 8
I20260909 04:40:19.340330   531 skeleton_planner.h:170] Found solution in: 3
I20260909 04:40:19.340340   531 skeleton_planner.h:170] Found solution in: 3
I20260909 04:40:19.340360   531 skeleton_planner.h:170] Found solution in: 6
I20260909 04:40:19.340371   531 skeleton_planner.h:170] Found solution in: 3
I20260909 04:40:19.340389   531 skeleton_planner.h:170] Found solution in: 5
I20260909 04:40:19.340402   531 skeleton_planner.h:170] Found solution in: 4
I20260909 04:40:19.340417   531 skeleton_planner.h:170] Found solution in: 5
I20260909 04:40:19.340428   531 skeleton_planner.h:170] Found solution in: 3
I20260909 04:40:19.340453   531 skeleton_planner.h:170] Found solution in: 9
I20260909 04:40:19.340478   531 skeleton_planner.h:170] Found solution in: 9
I20260909 04:40:19.340487   531 skeleton_planner.h:170] Found solution in: 2
I20260909 04:40:19.340507   531 skeleton_planner.h:170] Found solution in: 8
I20260909 04:40:19.340526   531 skeleton_planner.h:170] Found solution in: 6
I20260909 04:40:19.340538   531 skeleton_planner.h:170] Found solution in: 3
I20260909 04:40:19.340556   531 skeleton_planner.h:170] Found solution in: 7
I20260909 04:40:19.340570   531 skeleton_planner.h:170] Found solution in: 4
I20260909 04:40:19.340584   531 skeleton_planner.h:170] Found solution in: 4
I20260909 04:40:19.340595   531 skeleton_planner.h:170] Found solution in: 3
I20260909 04:40:19.340605   531 skeleton_planner.h:170] Found solution in: 3
I20260909 04:40:19.340618   531 skeleton_planner.h:170] Found solution in: 4
I20260909 04:40:19.340629   531 skeleton_planner.h:170] Found solution in: 3
I20260909 04:40:19.340641   531 skeleton_planner.h:170] Found solution in: 4
I20260909 04:40:19.340655   531 skeleton_planner.h:170] Found solution in: 4
I20260909 04:40:19.340672   531 skeleton_planner.h:170] Found solution in: 4
I20260909 04:40:19.340682   531 skeleton_planner.h:170] Found solution in: 2
I20260909 04:40:19.340694   531 skeleton_planner.h:170] Found solution in: 4
I20260909 04:40:19.340705   531 skeleton_planner.h:170] Found solution in: 3
I20260909 04:40:19.340715   531 skeleton_planner.h:170] Found solution in: 3
I20260909 04:40:19.340735   531 skeleton_planner.h:170] Found solution in: 6
I20260909 04:40:19.340750   531 skeleton_planner.h:170] Found solution in: 4
I20260909 04:40:19.340761   531 skeleton_planner.h:170] Found solution in: 3
I20260909 04:40:19.340773   531 skeleton_planner.h:170] Found solution in: 3
I20260909 04:40:19.340806   531 skeleton_planner.h:170] Found solution in: 11
I20260909 04:40:19.340826   531 skeleton_planner.h:170] Found solution in: 5
I20260909 04:40:19.340837   531 skeleton_planner.h:170] Found solution in: 3
I20260909 04:40:19.340845   531 skeleton_planner.h:170] Found solution in: 3
I20260909 04:40:19.340859   531 skeleton_planner.h:170] Found solution in: 4
I20260909 04:40:19.340881   531 skeleton_planner.h:170] Found solution in: 8
I20260909 04:40:19.340893   531 skeleton_planner.h:170] Found solution in: 3
I20260909 04:40:19.340903   531 skeleton_planner.h:170] Found solution in: 3
I20260909 04:40:19.340914   531 skeleton_planner.h:170] Found solution in: 5
I20260909 04:40:19.340925   531 skeleton_planner.h:170] Found solution in: 3
I20260909 04:40:19.340936   531 skeleton_planner.h:170] Found solution in: 3
I20260909 04:40:19.340950   531 skeleton_planner.h:170] Found solution in: 4
I20260909 04:40:19.340966   531 skeleton_planner.h:170] Found solution in: 4
I20260909 04:40:19.340987   531 skeleton_planner.h:170] Found solution in: 6
I20260909 04:40:19.341010   531 skeleton_planner.h:170] Found solution in: 8
I20260909 04:40:19.341023   531 skeleton_planner.h:170] Found solution in: 3
I20260909 04:40:19.341037   531 skeleton_planner.h:170] Found solution in: 4
I20260909 04:40:19.341049   531 skeleton_planner.h:170] Found solution in: 4
I20260909 04:40:19.341068   531 skeleton_planner.h:170] Found solution in: 5
I20260909 04:40:19.341084   531 skeleton_planner.h:170] Found solution in: 5
I20260909 04:40:19.341109   531 skeleton_planner.h:170] Found solution in: 9
I20260909 04:40:19.341122   531 skeleton_planner.h:170] Found solution in: 4
I20260909 04:40:19.341135   531 skeleton_planner.h:170] Found solution in: 4
I20260909 04:40:19.341145   531 skeleton_planner.h:170] Found solution in: 3
I20260909 04:40:19.341158   531 skeleton_planner.h:170] Found solution in: 4
I20260909 04:40:19.341178   531 skeleton_planner.h:170] Found solution in: 8
I20260909 04:40:19.341197   531 skeleton_planner.h:170] Found solution in: 5
I20260909 04:40:19.341212   531 skeleton_planner.h:170] Found solution in: 4
I20260909 04:40:19.341229   531 skeleton_planner.h:170] Found solution in: 4
I20260909 04:40:19.341248   531 skeleton_planner.h:170] Found solution in: 5
I20260909 04:40:19.341264   531 skeleton_planner.h:170] Found solution in: 5
I20260909 04:40:19.341275   531 skeleton_planner.h:170] Found solution in: 4
I20260909 04:40:19.341293   531 skeleton_planner.h:170] Found solution in: 6
I20260909 04:40:19.341310   531 skeleton_planner.h:170] Found solution in: 5
I20260909 04:40:19.341322   531 skeleton_planner.h:170] Found solution in: 4
I20260909 04:40:19.341336   531 skeleton_planner.h:170] Found solution in: 4
I20260909 04:40:19.341347   531 skeleton_planner.h:170] Found solution in: 4
I20260909 04:40:19.341360   531 skeleton_planner.h:170] Found solution in: 4
I20260909 04:40:19.341378   531 skeleton_planner.h:170] Found solution in: 5
I20260909 04:40:19.341408   531 skeleton_planner.h:170] Found solution in: 9
I20260909 04:40:19.341424   531 skeleton_planner.h:170] Found solution in: 4
I20260909 04:40:19.341437   531 skeleton_planner.h:170] Found solution in: 4
I20260909 04:40:19.341470   531 skeleton_planner.h:170] Found solution in: 10
I20260909 04:40:19.341497   531 skeleton_planner.h:170] Found solution in: 7
I20260909 04:40:19.341516   531 skeleton_planner.h:170] Found solution in: 6
I20260909 04:40:19.341527   531 skeleton_planner.h:170] Found solution in: 3
I20260909 04:40:19.341547   531 skeleton_planner.h:170] Found solution in: 6
I20260909 04:40:19.341559   531 skeleton_planner.h:170] Found solution in: 5
I20260909 04:40:19.341576   531 skeleton_planner.h:170] Found solution in: 5
I20260909 04:40:19.341588   531 skeleton_planner.h:170] Found solution in: 4
I20260909 04:40:19.341598   531 skeleton_planner.h:170] Found solution in: 3
I20260909 04:40:19.341621   531 skeleton_planner.h:170] Found solution in: 7
I20260909 04:40:19.341653   531 skeleton_planner.h:170] Found solution in: 18
I20260909 04:40:19.341665   531 skeleton_planner.h:170] Found solution in: 3
I20260909 04:40:19.341686   531 skeleton_planner.h:170] Found solution in: 6
I20260909 04:40:19.341694   531 skeleton_planner.h:170] Found solution in: 2
I20260909 04:40:19.341704   531 skeleton_planner.h:170] Found solution in: 3
I20260909 04:40:19.341718   531 skeleton_planner.h:170] Found solution in: 5
I20260909 04:40:19.341782   531 skeleton_planner.h:170] Found solution in: 32
I20260909 04:40:19.341799   531 skeleton_planner.h:170] Found solution in: 4
I20260909 04:40:19.341820   531 skeleton_planner.h:170] Found solution in: 6
I20260909 04:40:19.341832   531 skeleton_planner.h:170] Found solution in: 3
I20260909 04:40:19.341845   531 skeleton_planner.h:170] Found solution in: 4
I20260909 04:40:19.341856   531 skeleton_planner.h:170] Found solution in: 3
I20260909 04:40:19.341874   531 skeleton_planner.h:170] Found solution in: 7
I20260909 04:40:19.341892   531 skeleton_planner.h:170] Found solution in: 6
I20260909 04:40:19.341900   531 skeleton_planner.h:170] Found solution in: 2
I20260909 04:40:19.341907   531 skeleton_planner.h:170] Found solution in: 2
I20260909 04:40:19.341917   531 skeleton_planner.h:170] Found solution in: 3
I20260909 04:40:19.341936   531 skeleton_planner.h:170] Found solution in: 6
I20260909 04:40:19.341948   531 skeleton_planner.h:170] Found solution in: 3
I20260909 04:40:19.341962   531 skeleton_planner.h:170] Found solution in: 6
I20260909 04:40:19.341976   531 skeleton_planner.h:170] Found solution in: 5
I20260909 04:40:19.341985   531 skeleton_planner.h:170] Found solution in: 3
I20260909 04:40:19.342007   531 skeleton_planner.h:170] Found solution in: 8
I20260909 04:40:19.342031   531 skeleton_planner.h:170] Found solution in: 7
I20260909 04:40:19.342041   531 skeleton_planner.h:170] Found solution in: 3
I20260909 04:40:19.342054   531 skeleton_planner.h:170] Found solution in: 4
I20260909 04:40:19.342067   531 skeleton_planner.h:170] Found solution in: 4
I20260909 04:40:19.342085   531 skeleton_planner.h:170] Found solution in: 5
I20260909 04:40:19.342100   531 skeleton_planner.h:170] Found solution in: 4
I20260909 04:40:19.342113   531 skeleton_planner.h:170] Found solution in: 4
I20260909 04:40:19.342135   531 skeleton_planner.h:170] Found solution in: 9
I20260909 04:40:19.342155   531 skeleton_planner.h:170] Found solution in: 6
I20260909 04:40:19.342168   531 skeleton_planner.h:170] Found solution in: 3
I20260909 04:40:19.342180   531 skeleton_planner.h:170] Found solution in: 4
I20260909 04:40:19.342188   531 skeleton_planner.h:170] Found solution in: 2
I20260909 04:40:19.342207   531 skeleton_planner.h:170] Found solution in: 7
I20260909 04:40:19.342219   531 skeleton_planner.h:170] Found solution in: 3
I20260909 04:40:19.342243   531 skeleton_planner.h:170] Found solution in: 8
I20260909 04:40:19.342259   531 skeleton_planner.h:170] Found solution in: 4
I20260909 04:40:19.342272   531 skeleton_planner.h:170] Found solution in: 4
I20260909 04:40:19.342285   531 skeleton_planner.h:170] Found solution in: 4
I20260909 04:40:19.342307   531 skeleton_planner.h:170] Found solution in: 5
I20260909 04:40:19.342319   531 skeleton_planner.h:170] Found solution in: 3
I20260909 04:40:19.342325   531 skeleton_planner.h:170] Found solution in: 2
I20260909 04:40:19.342335   531 skeleton_planner.h:170] Found solution in: 3
I20260909 04:40:19.342355   531 skeleton_planner.h:170] Found solution in: 8
I20260909 04:40:19.342376   531 skeleton_planner.h:170] Found solution in: 8
I20260909 04:40:19.342394   531 skeleton_planner.h:170] Found solution in: 8
I20260909 04:40:19.342414   531 skeleton_planner.h:170] Found solution in: 7
I20260909 04:40:19.342437   531 skeleton_planner.h:170] Found solution in: 7
I20260909 04:40:19.342489   531 skeleton_planner.h:170] Found solution in: 17
I20260909 04:40:19.342496   531 skeleton_planner.h:170] Found solution in: 1
I20260909 04:40:19.342500   531 skeleton_planner.h:170] Found solution in: 1
I20260909 04:40:19.342527   531 skeleton_planner.h:170] Found solution in: 7
I20260909 04:40:19.342546   531 skeleton_planner.h:170] Found solution in: 5
I20260909 04:40:19.342557   531 skeleton_planner.h:170] Found solution in: 3
I20260909 04:40:19.342578   531 skeleton_planner.h:170] Found solution in: 6
I20260909 04:40:19.342590   531 skeleton_planner.h:170] Found solution in: 3
I20260909 04:40:19.342612   531 skeleton_planner.h:170] Found solution in: 7
I20260909 04:40:19.342628   531 skeleton_planner.h:170] Found solution in: 4
I20260909 04:40:19.342645   531 skeleton_planner.h:170] Found solution in: 5
I20260909 04:40:19.342656   531 skeleton_planner.h:170] Found solution in: 3
I20260909 04:40:19.342660   531 skeleton_planner.h:170] Found solution in: 1
I20260909 04:40:19.342664   531 skeleton_planner.h:170] Found solution in: 1
I20260909 04:40:19.342674   531 skeleton_planner.h:170] Found solution in: 3
I20260909 04:40:19.342681   531 skeleton_planner.h:170] Found solution in: 2
I20260909 04:40:19.342689   531 skeleton_planner.h:170] Found solution in: 2
I20260909 04:40:19.342700   531 skeleton_planner.h:170] Found solution in: 3
I20260909 04:40:19.342720   531 skeleton_planner.h:170] Found solution in: 6
I20260909 04:40:19.342743   531 skeleton_planner.h:170] Found solution in: 6
I20260909 04:40:19.342772   531 skeleton_planner.h:170] Found solution in: 8
I20260909 04:40:19.342922   531 skeleton_planner.h:170] Found solution in: 56
I20260909 04:40:19.343153   531 skeleton_planner.h:170] Found solution in: 100
I20260909 04:40:19.343212   531 skeleton_planner.h:170] Found solution in: 12
I20260909 04:40:19.343264   531 skeleton_planner.h:170] Found solution in: 15
I20260909 04:40:19.343297   531 skeleton_planner.h:170] Found solution in: 9
I20260909 04:40:19.343339   531 skeleton_planner.h:170] Found solution in: 11
I20260909 04:40:19.343356   531 skeleton_planner.h:170] Found solution in: 5
I20260909 04:40:19.343379   531 skeleton_planner.h:170] Found solution in: 6
I20260909 04:40:19.343389   531 skeleton_planner.h:170] Found solution in: 3
I20260909 04:40:19.343396   531 skeleton_planner.h:170] Found solution in: 2
I20260909 04:40:19.343406   531 skeleton_planner.h:170] Found solution in: 3
I20260909 04:40:19.343415   531 skeleton_planner.h:170] Found solution in: 2
I20260909 04:40:19.343437   531 skeleton_planner.h:170] Found solution in: 8
I20260909 04:40:19.343443   531 skeleton_planner.h:170] Found solution in: 1
I20260909 04:40:19.343447   531 skeleton_planner.h:170] Found solution in: 1
I20260909 04:40:19.343457   531 skeleton_planner.h:170] Found solution in: 4
I20260909 04:40:19.343470   531 skeleton_planner.h:170] Found solution in: 5
I20260909 04:40:19.343483   531 skeleton_planner.h:170] Found solution in: 5
I20260909 04:40:19.343494   531 skeleton_planner.h:170] Found solution in: 3
I20260909 04:40:19.343498   531 skeleton_planner.h:170] Found solution in: 1
I20260909 04:40:19.343501   531 skeleton_planner.h:170] Found solution in: 1
I20260909 04:40:19.343515   531 skeleton_planner.h:170] Found solution in: 4
I20260909 04:40:19.343530   531 skeleton_planner.h:170] Found solution in: 3
I20260909 04:40:19.343542   531 skeleton_planner.h:170] Found solution in: 4
I20260909 04:40:19.343551   531 skeleton_planner.h:170] Found solution in: 3
I20260909 04:40:19.343562   531 skeleton_planner.h:170] Found solution in: 3
I20260909 04:40:19.343573   531 skeleton_planner.h:170] Found solution in: 4
I20260909 04:40:19.343585   531 skeleton_planner.h:170] Found solution in: 5
I20260909 04:40:19.343595   531 skeleton_planner.h:170] Found solution in: 3
I20260909 04:40:19.343608   531 skeleton_planner.h:170] Found solution in: 4
I20260909 04:40:19.343622   531 skeleton_planner.h:170] Found solution in: 4
I20260909 04:40:19.343643   531 skeleton_planner.h:170] Found solution in: 7
I20260909 04:40:19.343667   531 skeleton_planner.h:170] Found solution in: 8
I20260909 04:40:19.343693   531 skeleton_planner.h:170] Found solution in: 9
I20260909 04:40:19.343717   531 skeleton_planner.h:170] Found solution in: 7
I20260909 04:40:19.343755   531 skeleton_planner.h:170] Found solution in: 11
I20260909 04:40:19.343780   531 skeleton_planner.h:170] Found solution in: 6
I20260909 04:40:19.343788   531 skeleton_planner.h:170] Found solution in: 2
I20260909 04:40:19.343802   531 skeleton_planner.h:170] Found solution in: 4
I20260909 04:40:19.343813   531 skeleton_planner.h:170] Found solution in: 3
I20260909 04:40:19.343827   531 skeleton_planner.h:170] Found solution in: 4
I20260909 04:40:19.343844   531 skeleton_planner.h:170] Found solution in: 5
I20260909 04:40:19.343865   531 skeleton_planner.h:170] Found solution in: 6
I20260909 04:40:19.343890   531 skeleton_planner.h:170] Found solution in: 7
I20260909 04:40:19.343922   531 skeleton_planner.h:170] Found solution in: 11
I20260909 04:40:19.343946   531 skeleton_planner.h:170] Found solution in: 8
I20260909 04:40:19.343968   531 skeleton_planner.h:170] Found solution in: 8
I20260909 04:40:19.344000   531 skeleton_planner.h:170] Found solution in: 9
I20260909 04:40:19.344022   531 skeleton_planner.h:170] Found solution in: 5
I20260909 04:40:19.344066   531 skeleton_planner.h:170] Found solution in: 17
I20260909 04:40:19.344079   531 skeleton_planner.h:170] Found solution in: 3
I20260909 04:40:19.344089   531 skeleton_planner.h:170] Found solution in: 3
I20260909 04:40:19.344110   531 skeleton_planner.h:170] Found solution in: 5
I20260909 04:40:19.344128   531 skeleton_planner.h:170] Found solution in: 6
I20260909 04:40:19.344146   531 skeleton_planner.h:170] Found solution in: 5
I20260909 04:40:19.344164   531 skeleton_planner.h:170] Found solution in: 6
I20260909 04:40:19.344179   531 skeleton_planner.h:170] Found solution in: 4
I20260909 04:40:19.344197   531 skeleton_planner.h:170] Found solution in: 5
I20260909 04:40:19.344221   531 skeleton_planner.h:170] Found solution in: 9
I20260909 04:40:19.344244   531 skeleton_planner.h:170] Found solution in: 6
I20260909 04:40:19.344301   531 skeleton_planner.h:170] Found solution in: 19
I20260909 04:40:19.344317   531 skeleton_planner.h:170] Found solution in: 3
I20260909 04:40:19.344403   531 skeleton_planner.h:170] Found solution in: 25
I20260909 04:40:19.344473   531 skeleton_planner.h:170] Found solution in: 21
I20260909 04:40:19.344488   531 skeleton_planner.h:170] Found solution in: 3
I20260909 04:40:19.344501   531 skeleton_planner.h:170] Found solution in: 4
I20260909 04:40:19.344511   531 skeleton_planner.h:170] Found solution in: 3
I20260909 04:40:19.344527   531 skeleton_planner.h:170] Found solution in: 6
I20260909 04:40:19.344538   531 skeleton_planner.h:170] Found solution in: 4
I20260909 04:40:19.344566   531 skeleton_planner.h:170] Found solution in: 7
I20260909 04:40:19.344587   531 skeleton_planner.h:170] Found solution in: 7
I20260909 04:40:19.344601   531 skeleton_planner.h:170] Found solution in: 4
I20260909 04:40:19.344651   531 skeleton_planner.h:170] Found solution in: 20
I20260909 04:40:19.344678   531 skeleton_planner.h:170] Found solution in: 7
I20260909 04:40:19.344687   531 skeleton_planner.h:170] Found solution in: 2
I20260909 04:40:19.344691   531 skeleton_planner.h:170] Found solution in: 1
I20260909 04:40:19.344695   531 skeleton_planner.h:170] Found solution in: 1
I20260909 04:40:19.344698   531 skeleton_planner.h:170] Found solution in: 1
I20260909 04:40:19.344715   531 skeleton_planner.h:170] Found solution in: 6
I20260909 04:40:19.344748   531 skeleton_planner.h:170] Found solution in: 10
I20260909 04:40:19.344777   531 skeleton_planner.h:170] Found solution in: 8
I20260909 04:40:19.344796   531 skeleton_planner.h:170] Found solution in: 5
I20260909 04:40:19.344808   531 skeleton_planner.h:170] Found solution in: 4
I20260909 04:40:19.344820   531 skeleton_planner.h:170] Found solution in: 5
I20260909 04:40:19.344851   531 skeleton_planner.h:170] Found solution in: 10
I20260909 04:40:19.344872   531 skeleton_planner.h:170] Found solution in: 5
I20260909 04:40:19.344890   531 skeleton_planner.h:170] Found solution in: 5
I20260909 04:40:19.344914   531 skeleton_planner.h:170] Found solution in: 7
I20260909 04:40:19.344926   531 skeleton_planner.h:170] Found solution in: 3
I20260909 04:40:19.344940   531 skeleton_planner.h:170] Found solution in: 6
I20260909 04:40:19.344965   531 skeleton_planner.h:170] Found solution in: 8
I20260909 04:40:19.344991   531 skeleton_planner.h:170] Found solution in: 8
I20260909 04:40:19.345005   531 skeleton_planner.h:170] Found solution in: 4
I20260909 04:40:19.345043   531 skeleton_planner.h:170] Found solution in: 12
I20260909 04:40:19.345057   531 skeleton_planner.h:170] Found solution in: 3
I20260909 04:40:19.345068   531 skeleton_planner.h:170] Found solution in: 4
I20260909 04:40:19.345089   531 skeleton_planner.h:170] Found solution in: 5
I20260909 04:40:19.345100   531 skeleton_planner.h:170] Found solution in: 3
I20260909 04:40:19.345119   531 skeleton_planner.h:170] Found solution in: 6
I20260909 04:40:19.345141   531 skeleton_planner.h:170] Found solution in: 7
I20260909 04:40:19.345163   531 skeleton_planner.h:170] Found solution in: 6
I20260909 04:40:19.345176   531 skeleton_planner.h:170] Found solution in: 4
I20260909 04:40:19.345194   531 skeleton_planner.h:170] Found solution in: 5
I20260909 04:40:19.345232   531 skeleton_planner.h:170] Found solution in: 11
I20260909 04:40:19.345253   531 skeleton_planner.h:170] Found solution in: 6
I20260909 04:40:19.345266   531 skeleton_planner.h:170] Found solution in: 4
I20260909 04:40:19.345276   531 skeleton_planner.h:170] Found solution in: 3
I20260909 04:40:19.345283   531 skeleton_planner.h:170] Found solution in: 2
I20260909 04:40:19.345294   531 skeleton_planner.h:170] Found solution in: 4
I20260909 04:40:19.345300   531 skeleton_planner.h:170] Found solution in: 1
I20260909 04:40:19.345315   531 skeleton_planner.h:170] Found solution in: 5
I20260909 04:40:19.345335   531 skeleton_planner.h:170] Found solution in: 7
I20260909 04:40:19.345352   531 skeleton_planner.h:170] Found solution in: 5
I20260909 04:40:19.345382   531 skeleton_planner.h:170] Found solution in: 9
I20260909 04:40:19.345407   531 skeleton_planner.h:170] Found solution in: 6
I20260909 04:40:19.345420   531 skeleton_planner.h:170] Found solution in: 4
I20260909 04:40:19.345441   531 skeleton_planner.h:170] Found solution in: 6
I20260909 04:40:19.345446   531 skeleton_planner.h:170] Found solution in: 1
I20260909 04:40:19.345466   531 skeleton_planner.h:170] Found solution in: 6
I20260909 04:40:19.345492   531 skeleton_planner.h:170] Found solution in: 8
I20260909 04:40:19.345516   531 skeleton_planner.h:170] Found solution in: 7
I20260909 04:40:19.345522   531 skeleton_planner.h:170] Found solution in: 1
I20260909 04:40:19.345531   531 skeleton_planner.h:170] Found solution in: 3
I20260909 04:40:19.345566   531 skeleton_planner.h:170] Found solution in: 9
I20260909 04:40:19.345593   531 skeleton_planner.h:170] Found solution in: 7
I20260909 04:40:19.345618   531 skeleton_planner.h:170] Found solution in: 9
I20260909 04:40:19.345646   531 skeleton_planner.h:170] Found solution in: 12
I20260909 04:40:19.345655   531 skeleton_planner.h:170] Found solution in: 2
I20260909 04:40:19.345670   531 skeleton_planner.h:170] Found solution in: 5
I20260909 04:40:19.345681   531 skeleton_planner.h:170] Found solution in: 3
I20260909 04:40:19.345692   531 skeleton_planner.h:170] Found solution in: 3
I20260909 04:40:19.345702   531 skeleton_planner.h:170] Found solution in: 3
I20260909 04:40:19.345712   531 skeleton_planner.h:170] Found solution in: 3
I20260909 04:40:19.345724   531 skeleton_planner.h:170] Found solution in: 4
I20260909 04:40:19.345737   531 skeleton_planner.h:170] Found solution in: 4
I20260909 04:40:19.345749   531 skeleton_planner.h:170] Found solution in: 4
I20260909 04:40:19.345760   531 skeleton_planner.h:170] Found solution in: 3
I20260909 04:40:19.345764   531 skeleton_planner.h:170] Found solution in: 1
I20260909 04:40:19.345767   531 skeleton_planner.h:170] Found solution in: 1
I20260909 04:40:19.345804   531 skeleton_planner.h:170] Found solution in: 15
I20260909 04:40:19.345858   531 skeleton_planner.h:170] Found solution in: 21
I20260909 04:40:19.345882   531 skeleton_planner.h:170] Found solution in: 5
I20260909 04:40:19.345906   531 skeleton_planner.h:170] Found solution in: 8
I20260909 04:40:19.345932   531 skeleton_planner.h:170] Found solution in: 9
I20260909 04:40:19.345944   531 skeleton_planner.h:170] Found solution in: 4
I20260909 04:40:19.345975   531 skeleton_planner.h:170] Found solution in: 12
I20260909 04:40:19.345999   531 skeleton_planner.h:170] Found solution in: 6
I20260909 04:40:19.346017   531 skeleton_planner.h:170] Found solution in: 5
I20260909 04:40:19.346057   531 skeleton_planner.h:170] Found solution in: 12
I20260909 04:40:19.346081   531 skeleton_planner.h:170] Found solution in: 5
I20260909 04:40:19.346102   531 skeleton_planner.h:170] Found solution in: 7
I20260909 04:40:19.346114   531 skeleton_planner.h:170] Found solution in: 3
I20260909 04:40:19.346119   531 skeleton_planner.h:170] Found solution in: 1
I20260909 04:40:19.346122   531 skeleton_planner.h:170] Found solution in: 1
I20260909 04:40:19.346130   531 skeleton_planner.h:170] Found solution in: 3
I20260909 04:40:19.346141   531 skeleton_planner.h:170] Found solution in: 3
I20260909 04:40:19.346146   531 skeleton_planner.h:170] Found solution in: 1
I20260909 04:40:19.346148   531 skeleton_planner.h:170] Found solution in: 1
I20260909 04:40:19.346163   531 skeleton_planner.h:170] Found solution in: 7
I20260909 04:40:19.346192   531 skeleton_planner.h:170] Found solution in: 10
I20260909 04:40:19.346206   531 skeleton_planner.h:170] Found solution in: 4
I20260909 04:40:19.346211   531 skeleton_planner.h:170] Found solution in: 1
I20260909 04:40:19.346230   531 skeleton_planner.h:170] Found solution in: 5
I20260909 04:40:19.346235   531 skeleton_planner.h:170] Found solution in: 1
I20260909 04:40:19.346246   531 skeleton_planner.h:170] Found solution in: 4
I20260909 04:40:19.346261   531 skeleton_planner.h:170] Found solution in: 5
I20260909 04:40:19.346271   531 skeleton_planner.h:170] Found solution in: 3
I20260909 04:40:19.346293   531 skeleton_planner.h:170] Found solution in: 7
I20260909 04:40:19.346334   531 skeleton_planner.h:170] Found solution in: 11
I20260909 04:40:19.346370   531 skeleton_planner.h:170] Found solution in: 9
I20260909 04:40:19.346383   531 skeleton_planner.h:170] Found solution in: 3
I20260909 04:40:19.346393   531 skeleton_planner.h:170] Found solution in: 3
I20260909 04:40:19.346414   531 skeleton_planner.h:170] Found solution in: 6
I20260909 04:40:19.346434   531 skeleton_planner.h:170] Found solution in: 6
I20260909 04:40:19.346446   531 skeleton_planner.h:170] Found solution in: 4
I20260909 04:40:19.346467   531 skeleton_planner.h:170] Found solution in: 6
I20260909 04:40:19.346491   531 skeleton_planner.h:170] Found solution in: 9
I20260909 04:40:19.346498   531 skeleton_planner.h:170] Found solution in: 1
I20260909 04:40:19.346520   531 skeleton_planner.h:170] Found solution in: 7
I20260909 04:40:19.346542   531 skeleton_planner.h:170] Found solution in: 6
I20260909 04:40:19.346553   531 skeleton_planner.h:170] Found solution in: 3
I20260909 04:40:19.346570   531 skeleton_planner.h:170] Found solution in: 5
I20260909 04:40:19.346609   531 skeleton_planner.h:170] Found solution in: 11
I20260909 04:40:19.346873   531 skeleton_planner.h:170] Found solution in: 58
I20260909 04:40:19.346931   531 skeleton_planner.h:170] Found solution in: 7
I20260909 04:40:19.346948   531 skeleton_planner.h:170] Found solution in: 5
I20260909 04:40:19.346971   531 skeleton_planner.h:170] Found solution in: 7
I20260909 04:40:19.346998   531 skeleton_planner.h:170] Found solution in: 9
I20260909 04:40:19.347028   531 skeleton_planner.h:170] Found solution in: 8
I20260909 04:40:19.347054   531 skeleton_planner.h:170] Found solution in: 8
I20260909 04:40:19.347065   531 skeleton_planner.h:170] Found solution in: 3
I20260909 04:40:19.347084   531 skeleton_planner.h:170] Found solution in: 6
I20260909 04:40:19.347105   531 skeleton_planner.h:170] Found solution in: 7
I20260909 04:40:19.347121   531 skeleton_planner.h:170] Found solution in: 5
I20260909 04:40:19.347148   531 skeleton_planner.h:170] Found solution in: 8
I20260909 04:40:19.347162   531 skeleton_planner.h:170] Found solution in: 4
I20260909 04:40:19.347168   531 skeleton_planner.h:170] Found solution in: 2
I20260909 04:40:19.347172   531 skeleton_planner.h:170] Found solution in: 1
I20260909 04:40:19.347175   531 skeleton_planner.h:170] Found solution in: 1
I20260909 04:40:19.347186   531 skeleton_planner.h:170] Found solution in: 4
I20260909 04:40:19.347195   531 skeleton_planner.h:170] Found solution in: 3
I20260909 04:40:19.347205   531 skeleton_planner.h:170] Found solution in: 4
I20260909 04:40:19.347216   531 skeleton_planner.h:170] Found solution in: 4
I20260909 04:40:19.347221   531 skeleton_planner.h:170] Found solution in: 1
I20260909 04:40:19.347223   531 skeleton_planner.h:170] Found solution in: 1
I20260909 04:40:19.347249   531 skeleton_planner.h:170] Found solution in: 8
I20260909 04:40:19.347289   531 skeleton_planner.h:170] Found solution in: 11
I20260909 04:40:19.347313   531 skeleton_planner.h:170] Found solution in: 5
I20260909 04:40:19.347325   531 skeleton_planner.h:170] Found solution in: 3
I20260909 04:40:19.347335   531 skeleton_planner.h:170] Found solution in: 3
I20260909 04:40:19.347349   531 skeleton_planner.h:170] Found solution in: 5
I20260909 04:40:19.347359   531 skeleton_planner.h:170] Found solution in: 3
I20260909 04:40:19.347369   531 skeleton_planner.h:170] Found solution in: 3
I20260909 04:40:19.347378   531 skeleton_planner.h:170] Found solution in: 2
I20260909 04:40:19.347388   531 skeleton_planner.h:170] Found solution in: 3
I20260909 04:40:19.347399   531 skeleton_planner.h:170] Found solution in: 4
I20260909 04:40:19.347414   531 skeleton_planner.h:170] Found solution in: 4
I20260909 04:40:19.347426   531 skeleton_planner.h:170] Found solution in: 4
I20260909 04:40:19.347450   531 skeleton_planner.h:170] Found solution in: 9
I20260909 04:40:19.347486   531 skeleton_planner.h:170] Found solution in: 10
I20260909 04:40:19.347510   531 skeleton_planner.h:170] Found solution in: 6
I20260909 04:40:19.347532   531 skeleton_planner.h:170] Found solution in: 7
I20260909 04:40:19.347550   531 skeleton_planner.h:170] Found solution in: 7
I20260909 04:40:19.347556   531 skeleton_planner.h:170] Found solution in: 1
I20260909 04:40:19.347560   531 skeleton_planner.h:170] Found solution in: 1
I20260909 04:40:19.347569   531 skeleton_planner.h:170] Found solution in: 3
I20260909 04:40:19.347581   531 skeleton_planner.h:170] Found solution in: 4
I20260909 04:40:19.347592   531 skeleton_planner.h:170] Found solution in: 3
I20260909 04:40:19.347599   531 skeleton_planner.h:170] Found solution in: 2
I20260909 04:40:19.347611   531 skeleton_planner.h:170] Found solution in: 4
I20260909 04:40:19.347656   531 skeleton_planner.h:170] Found solution in: 15
I20260909 04:40:19.347692   531 skeleton_planner.h:170] Found solution in: 9
I20260909 04:40:19.347718   531 skeleton_planner.h:170] Found solution in: 7
I20260909 04:40:19.347733   531 skeleton_planner.h:170] Found solution in: 4
I20260909 04:40:19.347738   531 skeleton_planner.h:170] Found solution in: 1
I20260909 04:40:19.347740   531 skeleton_planner.h:170] Found solution in: 1
I20260909 04:40:19.347762   531 skeleton_planner.h:170] Found solution in: 7
I20260909 04:40:19.347781   531 skeleton_planner.h:170] Found solution in: 6
I20260909 04:40:19.347792   531 skeleton_planner.h:170] Found solution in: 3
I20260909 04:40:19.347811   531 skeleton_planner.h:170] Found solution in: 7
I20260909 04:40:19.347838   531 skeleton_planner.h:170] Found solution in: 11
I20260909 04:40:19.347859   531 skeleton_planner.h:170] Found solution in: 5
I20260909 04:40:19.347879   531 skeleton_planner.h:170] Found solution in: 7
I20260909 04:40:19.347894   531 skeleton_planner.h:170] Found solution in: 5
I20260909 04:40:19.347908   531 skeleton_planner.h:170] Found solution in: 4
I20260909 04:40:19.347934   531 skeleton_planner.h:170] Found solution in: 10
I20260909 04:40:19.347963   531 skeleton_planner.h:170] Found solution in: 10
I20260909 04:40:19.347971   531 skeleton_planner.h:170] Found solution in: 1
I20260909 04:40:19.347993   531 skeleton_planner.h:170] Found solution in: 7
I20260909 04:40:19.348009   531 skeleton_planner.h:170] Found solution in: 7
I20260909 04:40:19.348032   531 skeleton_planner.h:170] Found solution in: 8
I20260909 04:40:19.348047   531 skeleton_planner.h:170] Found solution in: 5
I20260909 04:40:19.348058   531 skeleton_planner.h:170] Found solution in: 4
I20260909 04:40:19.348081   531 skeleton_planner.h:170] Found solution in: 10
I20260909 04:40:19.348102   531 skeleton_planner.h:170] Found solution in: 8
I20260909 04:40:19.348116   531 skeleton_planner.h:170] Found solution in: 5
I20260909 04:40:19.348162   531 skeleton_planner.h:170] Found solution in: 23
I20260909 04:40:19.348173   531 skeleton_planner.h:170] Found solution in: 3
I20260909 04:40:19.348194   531 skeleton_planner.h:170] Found solution in: 6
I20260909 04:40:19.348208   531 skeleton_planner.h:170] Found solution in: 4
I20260909 04:40:19.348227   531 skeleton_planner.h:170] Found solution in: 6
I20260909 04:40:19.348237   531 skeleton_planner.h:170] Found solution in: 3
I20260909 04:40:19.348254   531 skeleton_planner.h:170] Found solution in: 7
I20260909 04:40:19.348278   531 skeleton_planner.h:170] Found solution in: 9
I20260909 04:40:19.348284   531 skeleton_planner.h:170] Found solution in: 1
I20260909 04:40:19.348304   531 skeleton_planner.h:170] Found solution in: 6
I20260909 04:40:19.348326   531 skeleton_planner.h:170] Found solution in: 6
I20260909 04:40:19.348348   531 skeleton_planner.h:170] Found solution in: 6
I20260909 04:40:19.348380   531 skeleton_planner.h:170] Found solution in: 12
I20260909 04:40:19.348421   531 skeleton_planner.h:170] Found solution in: 14
I20260909 04:40:19.348451   531 skeleton_planner.h:170] Found solution in: 10
I20260909 04:40:19.348469   531 skeleton_planner.h:170] Found solution in: 6
I20260909 04:40:19.348481   531 skeleton_planner.h:170] Found solution in: 4
I20260909 04:40:19.348486   531 skeleton_planner.h:170] Found solution in: 1
I20260909 04:40:19.348497   531 skeleton_planner.h:170] Found solution in: 4
I20260909 04:40:19.348518   531 skeleton_planner.h:170] Found solution in: 6
I20260909 04:40:19.348556   531 skeleton_planner.h:170] Found solution in: 10
I20260909 04:40:19.348572   531 skeleton_planner.h:170] Found solution in: 4
I20260909 04:40:19.348605   531 skeleton_planner.h:170] Found solution in: 9
I20260909 04:40:19.348628   531 skeleton_planner.h:170] Found solution in: 6
I20260909 04:40:19.348640   531 skeleton_planner.h:170] Found solution in: 3
I20260909 04:40:19.348675   531 skeleton_planner.h:170] Found solution in: 11
I20260909 04:40:19.348686   531 skeleton_planner.h:170] Found solution in: 2
I20260909 04:40:19.348690   531 skeleton_planner.h:170] Found solution in: 1
I20260909 04:40:19.348714   531 skeleton_planner.h:170] Found solution in: 7
I20260909 04:40:19.348826   531 skeleton_planner.h:170] Found solution in: 33
I20260909 04:40:19.348839   531 skeleton_planner.h:170] Found solution in: 1
I20260909 04:40:19.348843   531 skeleton_planner.h:170] Found solution in: 1
I20260909 04:40:19.348846   531 skeleton_planner.h:170] Found solution in: 1
I20260909 04:40:19.348850   531 skeleton_planner.h:170] Found solution in: 1
I20260909 04:40:19.348876   531 skeleton_planner.h:170] Found solution in: 4
I20260909 04:40:19.348896   531 skeleton_planner.h:170] Found solution in: 6
I20260909 04:40:19.348918   531 skeleton_planner.h:170] Found solution in: 8
I20260909 04:40:19.348933   531 skeleton_planner.h:170] Found solution in: 5
I20260909 04:40:19.348945   531 skeleton_planner.h:170] Found solution in: 3
I20260909 04:40:19.348955   531 skeleton_planner.h:170] Found solution in: 3
I20260909 04:40:19.348968   531 skeleton_planner.h:170] Found solution in: 4
I20260909 04:40:19.348979   531 skeleton_planner.h:170] Found solution in: 3
I20260909 04:40:19.348989   531 skeleton_planner.h:170] Found solution in: 3
I20260909 04:40:19.349015   531 skeleton_planner.h:170] Found solution in: 7
I20260909 04:40:19.349037   531 skeleton_planner.h:170] Found solution in: 7
I20260909 04:40:19.349081   531 skeleton_planner.h:170] Found solution in: 13
I20260909 04:40:19.349107   531 skeleton_planner.h:170] Found solution in: 6
I20260909 04:40:19.349167   531 skeleton_planner.h:170] Found solution in: 17
I20260909 04:40:19.349195   531 skeleton_planner.h:170] Found solution in: 4
I20260909 04:40:19.349202   531 skeleton_planner.h:170] Found solution in: 2
I20260909 04:40:19.349236   531 skeleton_planner.h:170] Found solution in: 11
I20260909 04:40:19.349275   531 skeleton_planner.h:170] Found solution in: 10
I20260909 04:40:19.349295   531 skeleton_planner.h:170] Found solution in: 4
I20260909 04:40:19.349313   531 skeleton_planner.h:170] Found solution in: 5
I20260909 04:40:19.349323   531 skeleton_planner.h:170] Found solution in: 3
I20260909 04:40:19.349356   531 skeleton_planner.h:170] Found solution in: 9
I20260909 04:40:19.349385   531 skeleton_planner.h:170] Found solution in: 7
I20260909 04:40:19.349393   531 skeleton_planner.h:170] Found solution in: 2
I20260909 04:40:19.349406   531 skeleton_planner.h:170] Found solution in: 4
I20260909 04:40:19.349419   531 skeleton_planner.h:170] Found solution in: 6
I20260909 04:40:19.349431   531 skeleton_planner.h:170] Found solution in: 3
I20260909 04:40:19.349440   531 skeleton_planner.h:170] Found solution in: 3
I20260909 04:40:19.349448   531 skeleton_planner.h:170] Found solution in: 2
I20260909 04:40:19.349468   531 skeleton_planner.h:170] Found solution in: 6
I20260909 04:40:19.349514   531 skeleton_planner.h:170] Found solution in: 15
I20260909 04:40:19.349546   531 skeleton_planner.h:170] Found solution in: 10
I20260909 04:40:19.349573   531 skeleton_planner.h:170] Found solution in: 9
I20260909 04:40:19.349604   531 skeleton_planner.h:170] Found solution in: 10
I20260909 04:40:19.349634   531 skeleton_planner.h:170] Found solution in: 10
I20260909 04:40:19.349655   531 skeleton_planner.h:170] Found solution in: 5
I20260909 04:40:19.349671   531 skeleton_planner.h:170] Found solution in: 6
I20260909 04:40:19.349694   531 skeleton_planner.h:170] Found solution in: 8
I20260909 04:40:19.349706   531 skeleton_planner.h:170] Found solution in: 4
I20260909 04:40:19.349727   531 skeleton_planner.h:170] Found solution in: 7
I20260909 04:40:19.349748   531 skeleton_planner.h:170] Found solution in: 6
I20260909 04:40:19.349768   531 skeleton_planner.h:170] Found solution in: 7
I20260909 04:40:19.349788   531 skeleton_planner.h:170] Found solution in: 7
I20260909 04:40:19.349810   531 skeleton_planner.h:170] Found solution in: 7
I20260909 04:40:19.349843   531 skeleton_planner.h:170] Found solution in: 10
I20260909 04:40:19.349884   531 skeleton_planner.h:170] Found solution in: 9
I20260909 04:40:19.349895   531 skeleton_planner.h:170] Found solution in: 2
I20260909 04:40:19.349953   531 skeleton_planner.h:170] Found solution in: 20
I20260909 04:40:19.349995   531 skeleton_planner.h:170] Found solution in: 9
I20260909 04:40:19.350010   531 skeleton_planner.h:170] Found solution in: 4
I20260909 04:40:19.350040   531 skeleton_planner.h:170] Found solution in: 9
I20260909 04:40:19.350060   531 skeleton_planner.h:170] Found solution in: 5
I20260909 04:40:19.350095   531 skeleton_planner.h:170] Found solution in: 9
I20260909 04:40:19.350107   531 skeleton_planner.h:170] Found solution in: 3
I20260909 04:40:19.350126   531 skeleton_planner.h:170] Found solution in: 6
I20260909 04:40:19.350137   531 skeleton_planner.h:170] Found solution in: 3
I20260909 04:40:19.350171   531 skeleton_planner.h:170] Found solution in: 10
I20260909 04:40:19.350217   531 skeleton_planner.h:170] Found solution in: 11
I20260909 04:40:19.350283   531 skeleton_planner.h:170] Found solution in: 20
I20260909 04:40:19.350317   531 skeleton_planner.h:170] Found solution in: 6
I20260909 04:40:19.350338   531 skeleton_planner.h:170] Found solution in: 6
I20260909 04:40:19.350358   531 skeleton_planner.h:170] Found solution in: 6
I20260909 04:40:19.350378   531 skeleton_planner.h:170] Found solution in: 6
I20260909 04:40:19.350406   531 skeleton_planner.h:170] Found solution in: 10
I20260909 04:40:19.350443   531 skeleton_planner.h:170] Found solution in: 12
I20260909 04:40:19.350469   531 skeleton_planner.h:170] Found solution in: 7
I20260909 04:40:19.350482   531 skeleton_planner.h:170] Found solution in: 3
I20260909 04:40:19.350512   531 skeleton_planner.h:170] Found solution in: 8
I20260909 04:40:19.350564   531 skeleton_planner.h:170] Found solution in: 14
I20260909 04:40:19.350613   531 skeleton_planner.h:170] Found solution in: 12
I20260909 04:40:19.350646   531 skeleton_planner.h:170] Found solution in: 7
I20260909 04:40:19.350685   531 skeleton_planner.h:170] Found solution in: 11
I20260909 04:40:19.350701   531 skeleton_planner.h:170] Found solution in: 3
I20260909 04:40:19.350723   531 skeleton_planner.h:170] Found solution in: 5
I20260909 04:40:19.350740   531 skeleton_planner.h:170] Found solution in: 6
I20260909 04:40:19.350751   531 skeleton_planner.h:170] Found solution in: 3
I20260909 04:40:19.350761   531 skeleton_planner.h:170] Found solution in: 3
I20260909 04:40:19.350773   531 skeleton_planner.h:170] Found solution in: 4
I20260909 04:40:19.350790   531 skeleton_planner.h:170] Found solution in: 6
I20260909 04:40:19.350801   531 skeleton_planner.h:170] Found solution in: 4
I20260909 04:40:19.350818   531 skeleton_planner.h:170] Found solution in: 6
I20260909 04:40:19.350844   531 skeleton_planner.h:170] Found solution in: 11
I20260909 04:40:19.350870   531 skeleton_planner.h:170] Found solution in: 9
I20260909 04:40:19.350879   531 skeleton_planner.h:170] Found solution in: 2
I20260909 04:40:19.350894   531 skeleton_planner.h:170] Found solution in: 4
I20260909 04:40:19.350907   531 skeleton_planner.h:170] Found solution in: 4
I20260909 04:40:19.350926   531 skeleton_planner.h:170] Found solution in: 7
I20260909 04:40:19.350948   531 skeleton_planner.h:170] Found solution in: 7
I20260909 04:40:19.351505   531 skeleton_planner.h:170] Found solution in: 94
I20260909 04:40:19.352190   531 skeleton_planner.h:170] Found solution in: 1
I20260909 04:40:19.352238   531 skeleton_planner.h:170] Found solution in: 4
I20260909 04:40:19.352267   531 skeleton_planner.h:170] Found solution in: 8
I20260909 04:40:19.352293   531 skeleton_planner.h:170] Found solution in: 6
I20260909 04:40:19.352314   531 skeleton_planner.h:170] Found solution in: 5
I20260909 04:40:19.352339   531 skeleton_planner.h:170] Found solution in: 7
I20260909 04:40:19.352344   531 skeleton_planner.h:170] Found solution in: 1
I20260909 04:40:19.352355   531 skeleton_planner.h:170] Found solution in: 5
I20260909 04:40:19.352370   531 skeleton_planner.h:170] Found solution in: 6
I20260909 04:40:19.352384   531 skeleton_planner.h:170] Found solution in: 7
I20260909 04:40:19.352397   531 skeleton_planner.h:170] Found solution in: 7
I20260909 04:40:19.352402   531 skeleton_planner.h:170] Found solution in: 1
I20260909 04:40:19.352404   531 skeleton_planner.h:170] Found solution in: 1
I20260909 04:40:19.352418   531 skeleton_planner.h:170] Found solution in: 5
I20260909 04:40:19.352427   531 skeleton_planner.h:170] Found solution in: 2
I20260909 04:40:19.352430   531 skeleton_planner.h:170] Found solution in: 1
I20260909 04:40:19.352458   531 skeleton_planner.h:170] Found solution in: 9
I20260909 04:40:19.352473   531 skeleton_planner.h:170] Found solution in: 4
I20260909 04:40:19.352515   531 skeleton_planner.h:170] Found solution in: 14
I20260909 04:40:19.352577   531 skeleton_planner.h:170] Found solution in: 19
I20260909 04:40:19.352626   531 skeleton_planner.h:170] Found solution in: 18
I20260909 04:40:19.352653   531 skeleton_planner.h:170] Found solution in: 7
I20260909 04:40:19.352687   531 skeleton_planner.h:170] Found solution in: 11
I20260909 04:40:19.352710   531 skeleton_planner.h:170] Found solution in: 6
I20260909 04:40:19.352726   531 skeleton_planner.h:170] Found solution in: 6
I20260909 04:40:19.352751   531 skeleton_planner.h:170] Found solution in: 9
I20260909 04:40:19.353089   531 skeleton_planner.h:170] Found solution in: 16
I20260909 04:40:19.353121   531 skeleton_planner.h:170] Found solution in: 11
I20260909 04:40:19.353134   531 skeleton_planner.h:170] Found solution in: 3
I20260909 04:40:19.353147   531 skeleton_planner.h:170] Found solution in: 4
I20260909 04:40:19.353163   531 skeleton_planner.h:170] Found solution in: 4
I20260909 04:40:19.353174   531 skeleton_planner.h:170] Found solution in: 3
I20260909 04:40:19.353185   531 skeleton_planner.h:170] Found solution in: 3
I20260909 04:40:19.353199   531 skeleton_planner.h:170] Found solution in: 4
I20260909 04:40:19.353214   531 skeleton_planner.h:170] Found solution in: 5
I20260909 04:40:19.353224   531 skeleton_planner.h:170] Found solution in: 3
I20260909 04:40:19.353240   531 skeleton_planner.h:170] Found solution in: 7
I20260909 04:40:19.353247   531 skeleton_planner.h:170] Found solution in: 2
I20260909 04:40:19.353259   531 skeleton_planner.h:170] Found solution in: 5
I20260909 04:40:19.353272   531 skeleton_planner.h:170] Found solution in: 5
I20260909 04:40:19.353289   531 skeleton_planner.h:170] Found solution in: 5
I20260909 04:40:19.353294   531 skeleton_planner.h:170] Found solution in: 1
I20260909 04:40:19.353297   531 skeleton_planner.h:170] Found solution in: 1
I20260909 04:40:19.353317   531 skeleton_planner.h:170] Found solution in: 6
I20260909 04:40:19.353341   531 skeleton_planner.h:170] Found solution in: 7
I20260909 04:40:19.353355   531 skeleton_planner.h:170] Found solution in: 3
I20260909 04:40:19.353384   531 skeleton_planner.h:170] Found solution in: 9
I20260909 04:40:19.353415   531 skeleton_planner.h:170] Found solution in: 10
I20260909 04:40:19.353437   531 skeleton_planner.h:170] Found solution in: 5
I20260909 04:40:19.353456   531 skeleton_planner.h:170] Found solution in: 6
I20260909 04:40:19.353470   531 skeleton_planner.h:170] Found solution in: 4
I20260909 04:40:19.353487   531 skeleton_planner.h:170] Found solution in: 4
I20260909 04:40:19.353497   531 skeleton_planner.h:170] Found solution in: 3
I20260909 04:40:19.353509   531 skeleton_planner.h:170] Found solution in: 4
I20260909 04:40:19.353533   531 skeleton_planner.h:170] Found solution in: 8
I20260909 04:40:19.353559   531 skeleton_planner.h:170] Found solution in: 7
I20260909 04:40:19.353595   531 skeleton_planner.h:170] Found solution in: 8
I20260909 04:40:19.353617   531 skeleton_planner.h:170] Found solution in: 5
I20260909 04:40:19.353641   531 skeleton_planner.h:170] Found solution in: 6
I20260909 04:40:19.353684   531 skeleton_planner.h:170] Found solution in: 11
I20260909 04:40:19.353699   531 skeleton_planner.h:170] Found solution in: 3
I20260909 04:40:19.353725   531 skeleton_planner.h:170] Found solution in: 6
I20260909 04:40:19.353744   531 skeleton_planner.h:170] Found solution in: 5
I20260909 04:40:19.353781   531 skeleton_planner.h:170] Found solution in: 10
I20260909 04:40:19.353796   531 skeleton_planner.h:170] Found solution in: 3
I20260909 04:40:19.353818   531 skeleton_planner.h:170] Found solution in: 5
I20260909 04:40:19.353842   531 skeleton_planner.h:170] Found solution in: 6
I20260909 04:40:19.353855   531 skeleton_planner.h:170] Found solution in: 4
I20260909 04:40:19.353876   531 skeleton_planner.h:170] Found solution in: 6
I20260909 04:40:19.353896   531 skeleton_planner.h:170] Found solution in: 6
I20260909 04:40:19.353915   531 skeleton_planner.h:170] Found solution in: 6
I20260909 04:40:19.353928   531 skeleton_planner.h:170] Found solution in: 4
I20260909 04:40:19.353938   531 skeleton_planner.h:170] Found solution in: 3
I20260909 04:40:19.353958   531 skeleton_planner.h:170] Found solution in: 7
I20260909 04:40:19.353981   531 skeleton_planner.h:170] Found solution in: 9
I20260909 04:40:19.353997   531 skeleton_planner.h:170] Found solution in: 5
I20260909 04:40:19.354008   531 skeleton_planner.h:170] Found solution in: 3
I20260909 04:40:19.354018   531 skeleton_planner.h:170] Found solution in: 3
I20260909 04:40:19.354035   531 skeleton_planner.h:170] Found solution in: 6
I20260909 04:40:19.354063   531 skeleton_planner.h:170] Found solution in: 8
I20260909 04:40:19.354084   531 skeleton_planner.h:170] Found solution in: 5
I20260909 04:40:19.354091   531 skeleton_planner.h:170] Found solution in: 2
I20260909 04:40:19.354108   531 skeleton_planner.h:170] Found solution in: 5
I20260909 04:40:19.354126   531 skeleton_planner.h:170] Found solution in: 5
I20260909 04:40:19.354147   531 skeleton_planner.h:170] Found solution in: 6
I20260909 04:40:19.354153   531 skeleton_planner.h:170] Found solution in: 1
I20260909 04:40:19.354169   531 skeleton_planner.h:170] Found solution in: 5
I20260909 04:40:19.354187   531 skeleton_planner.h:170] Found solution in: 5
I20260909 04:40:19.354197   531 skeleton_planner.h:170] Found solution in: 3
I20260909 04:40:19.354211   531 skeleton_planner.h:170] Found solution in: 4
I20260909 04:40:19.354231   531 skeleton_planner.h:170] Found solution in: 6
I20260909 04:40:19.354244   531 skeleton_planner.h:170] Found solution in: 4
I20260909 04:40:19.354266   531 skeleton_planner.h:170] Found solution in: 7
I20260909 04:40:19.354283   531 skeleton_planner.h:170] Found solution in: 5
I20260909 04:40:19.354312   531 skeleton_planner.h:170] Found solution in: 8
I20260909 04:40:19.354338   531 skeleton_planner.h:170] Found solution in: 7
I20260909 04:40:19.354358   531 skeleton_planner.h:170] Found solution in: 5
I20260909 04:40:19.354374   531 skeleton_planner.h:170] Found solution in: 6
I20260909 04:40:19.354418   531 skeleton_planner.h:170] Found solution in: 20
I20260909 04:40:19.354436   531 skeleton_planner.h:170] Found solution in: 6
I20260909 04:40:19.354457   531 skeleton_planner.h:170] Found solution in: 7
I20260909 04:40:19.354478   531 skeleton_planner.h:170] Found solution in: 7
I20260909 04:40:19.354671   531 skeleton_planner.h:170] Found solution in: 75
I20260909 04:40:19.354722   531 skeleton_planner.h:170] Found solution in: 15
I20260909 04:40:19.354732   531 skeleton_planner.h:170] Found solution in: 2
I20260909 04:40:19.354743   531 skeleton_planner.h:170] Found solution in: 3
I20260909 04:40:19.354755   531 skeleton_planner.h:170] Found solution in: 4
I20260909 04:40:19.354766   531 skeleton_planner.h:170] Found solution in: 3
I20260909 04:40:19.354781   531 skeleton_planner.h:170] Found solution in: 5
I20260909 04:40:19.354804   531 skeleton_planner.h:170] Found solution in: 8
I20260909 04:40:19.354823   531 skeleton_planner.h:170] Found solution in: 6
I20260909 04:40:19.354842   531 skeleton_planner.h:170] Found solution in: 6
I20260909 04:40:19.354858   531 skeleton_planner.h:170] Found solution in: 4
I20260909 04:40:19.354869   531 skeleton_planner.h:170] Found solution in: 3
I20260909 04:40:19.354883   531 skeleton_planner.h:170] Found solution in: 4
I20260909 04:40:19.354900   531 skeleton_planner.h:170] Found solution in: 6
I20260909 04:40:19.354918   531 skeleton_planner.h:170] Found solution in: 5
I20260909 04:40:19.354943   531 skeleton_planner.h:170] Found solution in: 8
I20260909 04:40:19.354969   531 skeleton_planner.h:170] Found solution in: 8
I20260909 04:40:19.355010   531 skeleton_planner.h:170] Found solution in: 13
I20260909 04:40:19.355043   531 skeleton_planner.h:170] Found solution in: 11
I20260909 04:40:19.355080   531 skeleton_planner.h:170] Found solution in: 13
I20260909 04:40:19.355105   531 skeleton_planner.h:170] Found solution in: 6
I20260909 04:40:19.355145   531 skeleton_planner.h:170] Found solution in: 15
I20260909 04:40:19.355181   531 skeleton_planner.h:170] Found solution in: 9
I20260909 04:40:19.355202   531 skeleton_planner.h:170] Found solution in: 5
I20260909 04:40:19.355230   531 skeleton_planner.h:170] Found solution in: 11
I20260909 04:40:19.355269   531 skeleton_planner.h:170] Found solution in: 11
I20260909 04:40:19.355310   531 skeleton_planner.h:170] Found solution in: 9
I20260909 04:40:19.355327   531 skeleton_planner.h:170] Found solution in: 5
I20260909 04:40:19.355351   531 skeleton_planner.h:170] Found solution in: 6
I20260909 04:40:19.355368   531 skeleton_planner.h:170] Found solution in: 5
I20260909 04:40:19.355381   531 skeleton_planner.h:170] Found solution in: 4
I20260909 04:40:19.355398   531 skeleton_planner.h:170] Found solution in: 5
I20260909 04:40:19.355420   531 skeleton_planner.h:170] Found solution in: 7
I20260909 04:40:19.355438   531 skeleton_planner.h:170] Found solution in: 4
I20260909 04:40:19.355456   531 skeleton_planner.h:170] Found solution in: 5
I20260909 04:40:19.355479   531 skeleton_planner.h:170] Found solution in: 7
I20260909 04:40:19.355499   531 skeleton_planner.h:170] Found solution in: 5
I20260909 04:40:19.355517   531 skeleton_planner.h:170] Found solution in: 6
I20260909 04:40:19.355540   531 skeleton_planner.h:170] Found solution in: 7
I20260909 04:40:19.355551   531 skeleton_planner.h:170] Found solution in: 3
I20260909 04:40:19.355574   531 skeleton_planner.h:170] Found solution in: 7
I20260909 04:40:19.355589   531 skeleton_planner.h:170] Found solution in: 4
I20260909 04:40:19.355610   531 skeleton_planner.h:170] Found solution in: 6
I20260909 04:40:19.355616   531 skeleton_planner.h:170] Found solution in: 1
I20260909 04:40:19.355628   531 skeleton_planner.h:170] Found solution in: 4
I20260909 04:40:19.355680   531 skeleton_planner.h:170] Found solution in: 16
I20260909 04:40:19.355690   531 skeleton_planner.h:170] Found solution in: 1
I20260909 04:40:19.355717   531 skeleton_planner.h:170] Found solution in: 8
I20260909 04:40:19.355775   531 skeleton_planner.h:170] Found solution in: 17
I20260909 04:40:19.355795   531 skeleton_planner.h:170] Found solution in: 6
I20260909 04:40:19.355832   531 skeleton_planner.h:170] Found solution in: 9
I20260909 04:40:19.355854   531 skeleton_planner.h:170] Found solution in: 5
I20260909 04:40:19.355860   531 skeleton_planner.h:170] Found solution in: 1
I20260909 04:40:19.355863   531 skeleton_planner.h:170] Found solution in: 1
I20260909 04:40:19.355887   531 skeleton_planner.h:170] Found solution in: 9
I20260909 04:40:19.355902   531 skeleton_planner.h:170] Found solution in: 5
I20260909 04:40:19.355947   531 skeleton_planner.h:170] Found solution in: 15
I20260909 04:40:19.355978   531 skeleton_planner.h:170] Found solution in: 11
I20260909 04:40:19.355985   531 skeleton_planner.h:170] Found solution in: 1
I20260909 04:40:19.356030   531 skeleton_planner.h:170] Found solution in: 14
I20260909 04:40:19.356048   531 skeleton_planner.h:170] Found solution in: 6
I20260909 04:40:19.356073   531 skeleton_planner.h:170] Found solution in: 7
I20260909 04:40:19.356079   531 skeleton_planner.h:170] Found solution in: 1
I20260909 04:40:19.356091   531 skeleton_planner.h:170] Found solution in: 4
I20260909 04:40:19.356101   531 skeleton_planner.h:170] Found solution in: 3
I20260909 04:40:19.356106   531 skeleton_planner.h:170] Found solution in: 1
I20260909 04:40:19.356127   531 skeleton_planner.h:170] Found solution in: 8
I20260909 04:40:19.356142   531 skeleton_planner.h:170] Found solution in: 5
I20260909 04:40:19.356174   531 skeleton_planner.h:170] Found solution in: 12
I20260909 04:40:19.356227   531 skeleton_planner.h:170] Found solution in: 17
I20260909 04:40:19.356242   531 skeleton_planner.h:170] Found solution in: 4
I20260909 04:40:19.356285   531 skeleton_planner.h:170] Found solution in: 17
I20260909 04:40:19.356397   531 skeleton_planner.h:170] Found solution in: 43
I20260909 04:40:19.356416   531 skeleton_planner.h:170] Found solution in: 4
I20260909 04:40:19.356443   531 skeleton_planner.h:170] Found solution in: 5
I20260909 04:40:19.356456   531 skeleton_planner.h:170] Found solution in: 4
I20260909 04:40:19.356477   531 skeleton_planner.h:170] Found solution in: 6
I20260909 04:40:19.356500   531 skeleton_planner.h:170] Found solution in: 8
I20260909 04:40:19.356521   531 skeleton_planner.h:170] Found solution in: 6
I20260909 04:40:19.356541   531 skeleton_planner.h:170] Found solution in: 6
I20260909 04:40:19.356581   531 skeleton_planner.h:170] Found solution in: 13
I20260909 04:40:19.356609   531 skeleton_planner.h:170] Found solution in: 8
I20260909 04:40:19.356640   531 skeleton_planner.h:170] Found solution in: 10
I20260909 04:40:19.356654   531 skeleton_planner.h:170] Found solution in: 4
I20260909 04:40:19.356668   531 skeleton_planner.h:170] Found solution in: 6
I20260909 04:40:19.356688   531 skeleton_planner.h:170] Found solution in: 7
I20260909 04:40:19.356714   531 skeleton_planner.h:170] Found solution in: 11
I20260909 04:40:19.356741   531 skeleton_planner.h:170] Found solution in: 10
I20260909 04:40:19.356775   531 skeleton_planner.h:170] Found solution in: 14
I20260909 04:40:19.356788   531 skeleton_planner.h:170] Found solution in: 4
I20260909 04:40:19.356807   531 skeleton_planner.h:170] Found solution in: 6
I20260909 04:40:19.356827   531 skeleton_planner.h:170] Found solution in: 6
I20260909 04:40:19.356876   531 skeleton_planner.h:170] Found solution in: 22
I20260909 04:40:19.356926   531 skeleton_planner.h:170] Found solution in: 20
I20260909 04:40:19.356938   531 skeleton_planner.h:170] Found solution in: 3
I20260909 04:40:19.356963   531 skeleton_planner.h:170] Found solution in: 7
I20260909 04:40:19.356990   531 skeleton_planner.h:170] Found solution in: 7
I20260909 04:40:19.357026   531 skeleton_planner.h:170] Found solution in: 10
I20260909 04:40:19.357048   531 skeleton_planner.h:170] Found solution in: 4
I20260909 04:40:19.357090   531 skeleton_planner.h:170] Found solution in: 15
I20260909 04:40:19.357120   531 skeleton_planner.h:170] Found solution in: 7
I20260909 04:40:19.357154   531 skeleton_planner.h:170] Found solution in: 11
I20260909 04:40:19.357183   531 skeleton_planner.h:170] Found solution in: 8
I20260909 04:40:19.357235   531 skeleton_planner.h:170] Found solution in: 14
I20260909 04:40:19.357270   531 skeleton_planner.h:170] Found solution in: 9
I20260909 04:40:19.357316   531 skeleton_planner.h:170] Found solution in: 12
I20260909 04:40:19.357412   531 skeleton_planner.h:170] Found solution in: 26
I20260909 04:40:19.357462   531 skeleton_planner.h:170] Found solution in: 13
I20260909 04:40:19.357512   531 skeleton_planner.h:170] Found solution in: 13
I20260909 04:40:19.357558   531 skeleton_planner.h:170] Found solution in: 11
I20260909 04:40:19.357614   531 skeleton_planner.h:170] Found solution in: 15
I20260909 04:40:19.357630   531 skeleton_planner.h:170] Found solution in: 3
I20260909 04:40:19.357666   531 skeleton_planner.h:170] Found solution in: 12
I20260909 04:40:19.357697   531 skeleton_planner.h:170] Found solution in: 11
I20260909 04:40:19.357708   531 skeleton_planner.h:170] Found solution in: 3
I20260909 04:40:19.357738   531 skeleton_planner.h:170] Found solution in: 12
I20260909 04:40:19.357753   531 skeleton_planner.h:170] Found solution in: 4
I20260909 04:40:19.357803   531 skeleton_planner.h:170] Found solution in: 14
I20260909 04:40:19.357869   531 skeleton_planner.h:170] Found solution in: 16
I20260909 04:40:19.357887   531 skeleton_planner.h:170] Found solution in: 4
I20260909 04:40:19.357987   531 skeleton_planner.h:170] Found solution in: 26
I20260909 04:40:19.358057   531 skeleton_planner.h:170] Found solution in: 19
I20260909 04:40:19.358064   531 skeleton_planner.h:170] Found solution in: 1
I20260909 04:40:19.358510   531 skeleton_planner.h:170] Found solution in: 1
I20260909 04:40:19.358513   531 skeleton_planner.h:170] Found solution in: 1
I20260909 04:40:19.358610   531 skeleton_planner.h:170] Found solution in: 22
I20260909 04:40:19.358726   531 skeleton_planner.h:170] Found solution in: 28
I20260909 04:40:19.358742   531 skeleton_planner.h:170] Found solution in: 3
I20260909 04:40:19.358757   531 skeleton_planner.h:170] Found solution in: 5
I20260909 04:40:19.358762   531 skeleton_planner.h:170] Found solution in: 1
I20260909 04:40:19.358791   531 skeleton_planner.h:170] Found solution in: 8
I20260909 04:40:19.358803   531 skeleton_planner.h:170] Found solution in: 4
I20260909 04:40:19.358824   531 skeleton_planner.h:170] Found solution in: 6
I20260909 04:40:19.358837   531 skeleton_planner.h:170] Found solution in: 5
I20260909 04:40:19.358850   531 skeleton_planner.h:170] Found solution in: 5
I20260909 04:40:19.358872   531 skeleton_planner.h:170] Found solution in: 7
I20260909 04:40:19.358886   531 skeleton_planner.h:170] Found solution in: 5
I20260909 04:40:19.358899   531 skeleton_planner.h:170] Found solution in: 5
I20260909 04:40:19.358912   531 skeleton_planner.h:170] Found solution in: 6
I20260909 04:40:19.358927   531 skeleton_planner.h:170] Found solution in: 5
I20260909 04:40:19.358930   531 skeleton_planner.h:170] Found solution in: 1
I20260909 04:40:19.358950   531 skeleton_planner.h:170] Found solution in: 10
I20260909 04:40:19.358965   531 skeleton_planner.h:170] Found solution in: 6
I20260909 04:40:19.358991   531 skeleton_planner.h:170] Found solution in: 13
I20260909 04:40:19.359011   531 skeleton_planner.h:170] Found solution in: 6
I20260909 04:40:19.359025   531 skeleton_planner.h:170] Found solution in: 4
I20260909 04:40:19.359102   531 skeleton_planner.h:170] Found solution in: 23
I20260909 04:40:19.359239   531 skeleton_planner.h:170] Found solution in: 54
I20260909 04:40:19.359261   531 skeleton_planner.h:170] Found solution in: 7
I20260909 04:40:19.359298   531 skeleton_planner.h:170] Found solution in: 12
I20260909 04:40:19.359315   531 skeleton_planner.h:170] Found solution in: 4
I20260909 04:40:19.359338   531 skeleton_planner.h:170] Found solution in: 7
I20260909 04:40:19.359351   531 skeleton_planner.h:170] Found solution in: 4
I20260909 04:40:19.359367   531 skeleton_planner.h:170] Found solution in: 5
I20260909 04:40:19.359381   531 skeleton_planner.h:170] Found solution in: 4
I20260909 04:40:19.359392   531 skeleton_planner.h:170] Found solution in: 3
I20260909 04:40:19.359535   531 skeleton_planner.h:170] Found solution in: 40
I20260909 04:40:19.359578   531 skeleton_planner.h:170] Found solution in: 6
I20260909 04:40:19.359588   531 skeleton_planner.h:170] Found solution in: 3
I20260909 04:40:19.359620   531 skeleton_planner.h:170] Found solution in: 9
I20260909 04:40:19.359829   531 skeleton_planner.h:170] Found solution in: 61
I20260909 04:40:19.359854   531 skeleton_planner.h:170] Found solution in: 4
I20260909 04:40:19.359866   531 skeleton_planner.h:170] Found solution in: 4
I20260909 04:40:19.359870   531 skeleton_planner.h:170] Found solution in: 1
I20260909 04:40:19.359899   531 skeleton_planner.h:170] Found solution in: 4
I20260909 04:40:19.360010   531 skeleton_planner.h:170] Found solution in: 27
I20260909 04:40:19.360031   531 skeleton_planner.h:170] Found solution in: 4
I20260909 04:40:19.360059   531 skeleton_planner.h:170] Found solution in: 5
I20260909 04:40:19.360064   531 skeleton_planner.h:170] Found solution in: 1
I20260909 04:40:19.360082   531 skeleton_planner.h:170] Found solution in: 6
I20260909 04:40:19.360093   531 skeleton_planner.h:170] Found solution in: 3
I20260909 04:40:19.360110   531 skeleton_planner.h:170] Found solution in: 5
I20260909 04:40:19.360116   531 skeleton_planner.h:170] Found solution in: 1
I20260909 04:40:19.360144   531 skeleton_planner.h:170] Found solution in: 14
I20260909 04:40:19.360150   531 skeleton_planner.h:170] Found solution in: 1
I20260909 04:40:19.360287   531 skeleton_planner.h:170] Found solution in: 57
I20260909 04:40:19.360342   531 skeleton_planner.h:170] Found solution in: 15
I20260909 04:40:19.360366   531 skeleton_planner.h:170] Found solution in: 7
I20260909 04:40:19.360381   531 skeleton_planner.h:170] Found solution in: 6
I20260909 04:40:19.360426   531 skeleton_planner.h:170] Found solution in: 22
I20260909 04:40:19.360481   531 skeleton_planner.h:170] Found solution in: 26
I20260909 04:40:19.360539   531 skeleton_planner.h:170] Found solution in: 33
I20260909 04:40:19.360603   531 skeleton_planner.h:170] Found solution in: 39
I20260909 04:40:19.360708   531 skeleton_planner.h:170] Found solution in: 67
I20260909 04:40:19.360735   531 skeleton_planner.h:170] Found solution in: 6
I20260909 04:40:19.360747   531 skeleton_planner.h:170] Found solution in: 3
I20260909 04:40:19.360755   531 skeleton_planner.h:170] Found solution in: 2
I20260909 04:40:19.360759   531 skeleton_planner.h:170] Found solution in: 1
I20260909 04:40:19.360762   531 skeleton_planner.h:170] Found solution in: 1
I20260909 04:40:19.360792   531 skeleton_planner.h:170] Found solution in: 12
I20260909 04:40:19.360863   531 skeleton_planner.h:170] Found solution in: 22
I20260909 04:40:19.360879   531 skeleton_planner.h:170] Found solution in: 3
I20260909 04:40:19.360891   531 skeleton_planner.h:170] Found solution in: 4
I20260909 04:40:19.360922   531 skeleton_planner.h:170] Found solution in: 7
I20260909 04:40:19.360940   531 skeleton_planner.h:170] Found solution in: 4
I20260909 04:40:19.360951   531 skeleton_planner.h:170] Found solution in: 3
I20260909 04:40:19.360978   531 skeleton_planner.h:170] Found solution in: 10
I20260909 04:40:19.361009   531 skeleton_planner.h:170] Found solution in: 11
I20260909 04:40:19.361057   531 skeleton_planner.h:170] Found solution in: 14
I20260909 04:40:19.361081   531 skeleton_planner.h:170] Found solution in: 5
I20260909 04:40:19.361089   531 skeleton_planner.h:170] Found solution in: 2
I20260909 04:40:19.361105   531 skeleton_planner.h:170] Found solution in: 5
I20260909 04:40:19.361126   531 skeleton_planner.h:170] Found solution in: 6
I20260909 04:40:19.361145   531 skeleton_planner.h:170] Found solution in: 6
I20260909 04:40:19.361167   531 skeleton_planner.h:170] Found solution in: 7
I20260909 04:40:19.361229   531 skeleton_planner.h:170] Found solution in: 17
I20260909 04:40:19.361238   531 skeleton_planner.h:170] Found solution in: 1
I20260909 04:40:19.361248   531 skeleton_planner.h:170] Found solution in: 3
I20260909 04:40:19.361271   531 skeleton_planner.h:170] Found solution in: 6
I20260909 04:40:19.361291   531 skeleton_planner.h:170] Found solution in: 6
I20260909 04:40:19.361315   531 skeleton_planner.h:170] Found solution in: 6
I20260909 04:40:19.361333   531 skeleton_planner.h:170] Found solution in: 4
I20260909 04:40:19.361351   531 skeleton_planner.h:170] Found solution in: 6
I20260909 04:40:19.361377   531 skeleton_planner.h:170] Found solution in: 7
I20260909 04:40:19.361413   531 skeleton_planner.h:170] Found solution in: 10
I20260909 04:40:19.361425   531 skeleton_planner.h:170] Found solution in: 3
I20260909 04:40:19.361444   531 skeleton_planner.h:170] Found solution in: 5
I20260909 04:40:19.361495   531 skeleton_planner.h:170] Found solution in: 14
I20260909 04:40:19.361575   531 skeleton_planner.h:170] Found solution in: 24
I20260909 04:40:19.361629   531 skeleton_planner.h:170] Found solution in: 12
I20260909 04:40:19.361642   531 skeleton_planner.h:170] Found solution in: 3
I20260909 04:40:19.361732   531 skeleton_planner.h:170] Found solution in: 23
I20260909 04:40:19.361752   531 skeleton_planner.h:170] Found solution in: 4
I20260909 04:40:19.361776   531 skeleton_planner.h:170] Found solution in: 5
I20260909 04:40:19.361796   531 skeleton_planner.h:170] Found solution in: 7
I20260909 04:40:19.361822   531 skeleton_planner.h:170] Found solution in: 9
I20260909 04:40:19.361852   531 skeleton_planner.h:170] Found solution in: 11
I20260909 04:40:19.361864   531 skeleton_planner.h:170] Found solution in: 3
I20260909 04:40:19.361876   531 skeleton_planner.h:170] Found solution in: 4
I20260909 04:40:19.361900   531 skeleton_planner.h:170] Found solution in: 7
I20260909 04:40:19.361922   531 skeleton_planner.h:170] Found solution in: 6
I20260909 04:40:19.361931   531 skeleton_planner.h:170] Found solution in: 3
I20260909 04:40:19.361943   531 skeleton_planner.h:170] Found solution in: 3
I20260909 04:40:19.361953   531 skeleton_planner.h:170] Found solution in: 3
I20260909 04:40:19.361958   531 skeleton_planner.h:170] Found solution in: 1
I20260909 04:40:19.361970   531 skeleton_planner.h:170] Found solution in: 5
I20260909 04:40:19.361985   531 skeleton_planner.h:170] Found solution in: 4
I20260909 04:40:19.362093   531 skeleton_planner.h:170] Found solution in: 29
I20260909 04:40:19.362115   531 skeleton_planner.h:170] Found solution in: 5
I20260909 04:40:19.362120   531 skeleton_planner.h:170] Found solution in: 1
I20260909 04:40:19.362146   531 skeleton_planner.h:170] Found solution in: 5
I20260909 04:40:19.362156   531 skeleton_planner.h:170] Found solution in: 3
I20260909 04:40:19.362172   531 skeleton_planner.h:170] Found solution in: 5
I20260909 04:40:19.362181   531 skeleton_planner.h:170] Found solution in: 2
I20260909 04:40:19.362191   531 skeleton_planner.h:170] Found solution in: 3
I20260909 04:40:19.362210   531 skeleton_planner.h:170] Found solution in: 6
I20260909 04:40:19.362231   531 skeleton_planner.h:170] Found solution in: 8
I20260909 04:40:19.362243   531 skeleton_planner.h:170] Found solution in: 4
I20260909 04:40:19.362253   531 skeleton_planner.h:170] Found solution in: 3
I20260909 04:40:19.362270   531 skeleton_planner.h:170] Found solution in: 5
I20260909 04:40:19.362291   531 skeleton_planner.h:170] Found solution in: 6
I20260909 04:40:19.362306   531 skeleton_planner.h:170] Found solution in: 4
I20260909 04:40:19.362329   531 skeleton_planner.h:170] Found solution in: 8
I20260909 04:40:19.362372   531 skeleton_planner.h:170] Found solution in: 23
I20260909 04:40:19.362392   531 skeleton_planner.h:170] Found solution in: 5
I20260909 04:40:19.362408   531 skeleton_planner.h:170] Found solution in: 5
I20260909 04:40:19.362421   531 skeleton_planner.h:170] Found solution in: 3
I20260909 04:40:19.362432   531 skeleton_planner.h:170] Found solution in: 4
I20260909 04:40:19.362454   531 skeleton_planner.h:170] Found solution in: 8
I20260909 04:40:19.362473   531 skeleton_planner.h:170] Found solution in: 5
I20260909 04:40:19.362494   531 skeleton_planner.h:170] Found solution in: 6
I20260909 04:40:19.362506   531 skeleton_planner.h:170] Found solution in: 3
I20260909 04:40:19.362521   531 skeleton_planner.h:170] Found solution in: 5
I20260909 04:40:19.362550   531 skeleton_planner.h:170] Found solution in: 11
I20260909 04:40:19.362557   531 skeleton_planner.h:170] Found solution in: 1
I20260909 04:40:19.362560   531 skeleton_planner.h:170] Found solution in: 1
I20260909 04:40:19.362851   531 skeleton_planner.h:170] Found solution in: 76
I20260909 04:40:19.362910   531 skeleton_planner.h:170] Found solution in: 6
I20260909 04:40:19.362950   531 skeleton_planner.h:170] Found solution in: 11
I20260909 04:40:19.362964   531 skeleton_planner.h:170] Found solution in: 3
I20260909 04:40:19.362974   531 skeleton_planner.h:170] Found solution in: 3
I20260909 04:40:19.362984   531 skeleton_planner.h:170] Found solution in: 3
I20260909 04:40:19.362989   531 skeleton_planner.h:170] Found solution in: 1
I20260909 04:40:19.362991   531 skeleton_planner.h:170] Found solution in: 1
I20260909 04:40:19.363013   531 skeleton_planner.h:170] Found solution in: 6
I20260909 04:40:19.363039   531 skeleton_planner.h:170] Found solution in: 7
I20260909 04:40:19.363050   531 skeleton_planner.h:170] Found solution in: 3
I20260909 04:40:19.363055   531 skeleton_planner.h:170] Found solution in: 1
I20260909 04:40:19.363068   531 skeleton_planner.h:170] Found solution in: 5
I20260909 04:40:19.363085   531 skeleton_planner.h:170] Found solution in: 6
I20260909 04:40:19.363106   531 skeleton_planner.h:170] Found solution in: 7
I20260909 04:40:19.363127   531 skeleton_planner.h:170] Found solution in: 7
I20260909 04:40:19.363142   531 skeleton_planner.h:170] Found solution in: 4
I20260909 04:40:19.363147   531 skeleton_planner.h:170] Found solution in: 1
I20260909 04:40:19.363160   531 skeleton_planner.h:170] Found solution in: 6
I20260909 04:40:19.363178   531 skeleton_planner.h:170] Found solution in: 7
I20260909 04:40:19.363202   531 skeleton_planner.h:170] Found solution in: 10
I20260909 04:40:19.363214   531 skeleton_planner.h:170] Found solution in: 3
I20260909 04:40:19.363243   531 skeleton_planner.h:170] Found solution in: 10
I20260909 04:40:19.363252   531 skeleton_planner.h:170] Found solution in: 2
I20260909 04:40:19.363291   531 skeleton_planner.h:170] Found solution in: 12
I20260909 04:40:19.363323   531 skeleton_planner.h:170] Found solution in: 6
I20260909 04:40:19.363343   531 skeleton_planner.h:170] Found solution in: 5
I20260909 04:40:19.363372   531 skeleton_planner.h:170] Found solution in: 9
I20260909 04:40:19.363423   531 skeleton_planner.h:170] Found solution in: 18
I20260909 04:40:19.363461   531 skeleton_planner.h:170] Found solution in: 11
I20260909 04:40:19.363480   531 skeleton_planner.h:170] Found solution in: 5
I20260909 04:40:19.363489   531 skeleton_planner.h:170] Found solution in: 2
I20260909 04:40:19.363505   531 skeleton_planner.h:170] Found solution in: 6
I20260909 04:40:19.363523   531 skeleton_planner.h:170] Found solution in: 5
I20260909 04:40:19.363545   531 skeleton_planner.h:170] Found solution in: 7
I20260909 04:40:19.363567   531 skeleton_planner.h:170] Found solution in: 6
I20260909 04:40:19.363581   531 skeleton_planner.h:170] Found solution in: 4
I20260909 04:40:19.363586   531 skeleton_planner.h:170] Found solution in: 1
I20260909 04:40:19.363590   531 skeleton_planner.h:170] Found solution in: 1
I20260909 04:40:19.363610   531 skeleton_planner.h:170] Found solution in: 8
I20260909 04:40:19.363641   531 skeleton_planner.h:170] Found solution in: 9
I20260909 04:40:19.363664   531 skeleton_planner.h:170] Found solution in: 6
I20260909 04:40:19.363726   531 skeleton_planner.h:170] Found solution in: 17
I20260909 04:40:19.363754   531 skeleton_planner.h:170] Found solution in: 5
I20260909 04:40:19.363771   531 skeleton_planner.h:170] Found solution in: 5
I20260909 04:40:19.363785   531 skeleton_planner.h:170] Found solution in: 5
I20260909 04:40:19.363803   531 skeleton_planner.h:170] Found solution in: 7
I20260909 04:40:19.363812   531 skeleton_planner.h:170] Found solution in: 3
I20260909 04:40:19.363824   531 skeleton_planner.h:170] Found solution in: 5
I20260909 04:40:19.363834   531 skeleton_planner.h:170] Found solution in: 3
I20260909 04:40:19.363842   531 skeleton_planner.h:170] Found solution in: 2
I20260909 04:40:19.363859   531 skeleton_planner.h:170] Found solution in: 6
I20260909 04:40:19.363876   531 skeleton_planner.h:170] Found solution in: 5
I20260909 04:40:19.363886   531 skeleton_planner.h:170] Found solution in: 3
I20260909 04:40:19.363899   531 skeleton_planner.h:170] Found solution in: 4
I20260909 04:40:19.363919   531 skeleton_planner.h:170] Found solution in: 7
I20260909 04:40:19.363941   531 skeleton_planner.h:170] Found solution in: 8
I20260909 04:40:19.363965   531 skeleton_planner.h:170] Found solution in: 7
I20260909 04:40:19.363989   531 skeleton_planner.h:170] Found solution in: 8
I20260909 04:40:19.364001   531 skeleton_planner.h:170] Found solution in: 3
I20260909 04:40:19.364022   531 skeleton_planner.h:170] Found solution in: 7
I20260909 04:40:19.364035   531 skeleton_planner.h:170] Found solution in: 4
I20260909 04:40:19.364149   531 skeleton_planner.h:170] Found solution in: 33
I20260909 04:40:19.364316   531 skeleton_planner.h:170] Found solution in: 39
I20260909 04:40:19.364354   531 skeleton_planner.h:170] Found solution in: 4
I20260909 04:40:19.364365   531 skeleton_planner.h:170] Found solution in: 3
I20260909 04:40:19.364478   531 skeleton_planner.h:170] Found solution in: 31
I20260909 04:40:19.364490   531 skeleton_planner.h:170] Found solution in: 1
I20260909 04:40:19.364522   531 skeleton_planner.h:170] Found solution in: 6
I20260909 04:40:19.364543   531 skeleton_planner.h:170] Found solution in: 7
I20260909 04:40:19.364552   531 skeleton_planner.h:170] Found solution in: 2
I20260909 04:40:19.364555   531 skeleton_planner.h:170] Found solution in: 1
I20260909 04:40:19.364559   531 skeleton_planner.h:170] Found solution in: 1
I20260909 04:40:19.364569   531 skeleton_planner.h:170] Found solution in: 4
I20260909 04:40:19.364581   531 skeleton_planner.h:170] Found solution in: 4
I20260909 04:40:19.364593   531 skeleton_planner.h:170] Found solution in: 3
I20260909 04:40:19.364607   531 skeleton_planner.h:170] Found solution in: 4
I20260909 04:40:19.364619   531 skeleton_planner.h:170] Found solution in: 4
I20260909 04:40:19.364634   531 skeleton_planner.h:170] Found solution in: 5
I20260909 04:40:19.364655   531 skeleton_planner.h:170] Found solution in: 7
I20260909 04:40:19.364676   531 skeleton_planner.h:170] Found solution in: 7
I20260909 04:40:19.364697   531 skeleton_planner.h:170] Found solution in: 8
I20260909 04:40:19.364720   531 skeleton_planner.h:170] Found solution in: 9
I20260909 04:40:19.364746   531 skeleton_planner.h:170] Found solution in: 9
I20260909 04:40:19.364753   531 skeleton_planner.h:170] Found solution in: 1
I20260909 04:40:19.364755   531 skeleton_planner.h:170] Found solution in: 1
I20260909 04:40:19.364828   531 skeleton_planner.h:170] Found solution in: 39
I20260909 04:40:19.364842   531 skeleton_planner.h:170] Found solution in: 3
I20260909 04:40:19.364853   531 skeleton_planner.h:170] Found solution in: 3
I20260909 04:40:19.364871   531 skeleton_planner.h:170] Found solution in: 4
I20260909 04:40:19.364892   531 skeleton_planner.h:170] Found solution in: 7
I20260909 04:40:19.364897   531 skeleton_planner.h:170] Found solution in: 1
I20260909 04:40:19.364959   531 skeleton_planner.h:170] Found solution in: 18
I20260909 04:40:19.365051   531 skeleton_planner.h:170] Found solution in: 24
I20260909 04:40:19.365171   531 skeleton_planner.h:170] Found solution in: 29
I20260909 04:40:19.365293   531 skeleton_planner.h:170] Found solution in: 31
I20260909 04:40:19.365340   531 skeleton_planner.h:170] Found solution in: 9
I20260909 04:40:19.365605   531 skeleton_planner.h:170] Found solution in: 67
I20260909 04:40:19.365624   531 skeleton_planner.h:170] Found solution in: 1
I20260909 04:40:19.365638   531 skeleton_planner.h:170] Found solution in: 5
I20260909 04:40:19.365718   531 skeleton_planner.h:170] Found solution in: 25
I20260909 04:40:19.365725   531 skeleton_planner.h:170] Found solution in: 1
I20260909 04:40:19.365754   531 skeleton_planner.h:170] Found solution in: 9
I20260909 04:40:19.365768   531 skeleton_planner.h:170] Found solution in: 3
I20260909 04:40:19.365777   531 skeleton_planner.h:170] Found solution in: 2
I20260909 04:40:19.365810   531 skeleton_planner.h:170] Found solution in: 10
I20260909 04:40:19.365818   531 skeleton_planner.h:170] Found solution in: 1
I20260909 04:40:19.365821   531 skeleton_planner.h:170] Found solution in: 1
I20260909 04:40:19.365845   531 skeleton_planner.h:170] Found solution in: 8
I20260909 04:40:19.365869   531 skeleton_planner.h:170] Found solution in: 7
I20260909 04:40:19.365924   531 skeleton_planner.h:170] Found solution in: 17
I20260909 04:40:19.365940   531 skeleton_planner.h:170] Found solution in: 3
I20260909 04:40:19.365962   531 skeleton_planner.h:170] Found solution in: 5
I20260909 04:40:19.365981   531 skeleton_planner.h:170] Found solution in: 6
I20260909 04:40:19.366020   531 skeleton_planner.h:170] Found solution in: 10
I20260909 04:40:19.366044   531 skeleton_planner.h:170] Found solution in: 6
I20260909 04:40:19.366056   531 skeleton_planner.h:170] Found solution in: 3
I20260909 04:40:19.366066   531 skeleton_planner.h:170] Found solution in: 3
I20260909 04:40:19.366083   531 skeleton_planner.h:170] Found solution in: 5
I20260909 04:40:19.366093   531 skeleton_planner.h:170] Found solution in: 3
I20260909 04:40:19.366164   531 skeleton_planner.h:170] Found solution in: 24
I20260909 04:40:19.366178   531 skeleton_planner.h:170] Found solution in: 2
I20260909 04:40:19.366245   531 skeleton_planner.h:170] Found solution in: 23
I20260909 04:40:19.366271   531 skeleton_planner.h:170] Found solution in: 4
I20260909 04:40:19.366276   531 skeleton_planner.h:170] Found solution in: 1
I20260909 04:40:19.366286   531 skeleton_planner.h:170] Found solution in: 3
I20260909 04:40:19.366297   531 skeleton_planner.h:170] Found solution in: 3
I20260909 04:40:19.366312   531 skeleton_planner.h:170] Found solution in: 4
I20260909 04:40:19.366324   531 skeleton_planner.h:170] Found solution in: 4
I20260909 04:40:19.366339   531 skeleton_planner.h:170] Found solution in: 5
I20260909 04:40:19.366356   531 skeleton_planner.h:170] Found solution in: 5
I20260909 04:40:19.366386   531 skeleton_planner.h:170] Found solution in: 9
I20260909 04:40:19.366431   531 skeleton_planner.h:170] Found solution in: 15
I20260909 04:40:19.366439   531 skeleton_generator.cpp:1655] [Simplify Vertices] Vertex removals: 1034 / 1054, Edges added: 411
I20260909 04:40:19.366786   531 skeleton_generator.cpp:1697] [Subgraph] Number of disconnected subgraphs: 21
I20260909 04:40:19.369794   531 skeleton_planner.h:170] Found solution in: 7
I20260909 04:40:19.369824   531 skeleton_planner.h:170] Found solution in: 8
I20260909 04:40:19.370028   531 skeleton_planner.h:170] Found solution in: 30
I20260909 04:40:19.370113   531 skeleton_planner.h:170] Found solution in: 9
I20260909 04:40:19.370137   531 skeleton_planner.h:170] Found solution in: 4
I20260909 04:40:19.370352   531 skeleton_planner.h:170] Found solution in: 12
I20260909 04:40:19.370469   531 skeleton_planner.h:170] Found solution in: 4
I20260909 04:40:19.374308   531 skeleton_planner.h:170] Found solution in: 25
I20260909 04:40:19.377266   531 skeleton_planner.h:170] Found solution in: 9
I20260909 04:40:19.377511   531 skeleton_planner.h:170] Found solution in: 26
I20260909 04:40:19.380074   531 skeleton_planner.h:170] Found solution in: 57
I20260909 04:40:19.380105   531 skeleton_planner.h:170] Found solution in: 5
I20260909 04:40:19.380774   531 skeleton_generator.cpp:1756] [Subgraph] Potential edge candidates: 59 diagram candidates: 12
I20260909 04:40:19.380818   531 skeleton_generator.cpp:1771] [Subgraph] Final number of disconnected subgraphs: 10
I20260909 04:40:19.380823   531 skeleton_generator.cpp:633] [Sparse Graph] Vertices: 1047 Edges: 1633
