I20260909 04:39:44.827946   429 skeleton_planner.h:31] Setting ESDF layer.
I20260909 04:39:44.929054   429 skeleton_generator.cpp:226] [GVD] Finished finding GVD candidates. Number of skeleton points: 70961 edges: 7185
I20260909 04:39:44.949424   429 skeleton_generator.cpp:1093] [Prune] Number of vertices before prune: 3104 Number of deleted vertices: 834
I20260909 04:39:44.957983   429 skeleton_planner.h:170] Found solution in: 1
I20260909 04:39:44.958009   429 skeleton_planner.h:170] Found solution in: 3
I20260909 04:39:44.958019   429 skeleton_planner.h:170] Found solution in: 1
I20260909 04:39:44.958024   429 skeleton_planner.h:170] Found solution in: 2
I20260909 04:39:44.958047   429 skeleton_planner.h:170] Found solution in: 7
I20260909 04:39:44.958056   429 skeleton_planner.h:170] Found solution in: 1
I20260909 04:39:44.958117   429 skeleton_planner.h:170] Found solution in: 74
I20260909 04:39:44.958127   429 skeleton_planner.h:170] Found solution in: 1
I20260909 04:39:44.958130   429 skeleton_planner.h:170] Found solution in: 2
I20260909 04:39:44.958148   429 skeleton_planner.h:170] Found solution in: 4
I20260909 04:39:44.958158   429 skeleton_planner.h:170] Found solution in: 1
I20260909 04:39:44.958166   429 skeleton_planner.h:170] Found solution in: 8
I20260909 04:39:44.958231   429 skeleton_planner.h:170] Found solution in: 7
I20260909 04:39:44.958243   429 skeleton_planner.h:170] Found solution in: 1
I20260909 04:39:44.958250   429 skeleton_planner.h:170] Found solution in: 6
I20260909 04:39:44.958280   429 skeleton_planner.h:170] Found solution in: 36
I20260909 04:39:44.958297   429 skeleton_planner.h:170] Found solution in: 19
I20260909 04:39:44.958312   429 skeleton_planner.h:170] Found solution in: 1
I20260909 04:39:44.958317   429 skeleton_planner.h:170] Found solution in: 5
I20260909 04:39:44.958343   429 skeleton_planner.h:170] Found solution in: 5
I20260909 04:39:44.958351   429 skeleton_planner.h:170] Found solution in: 1
I20260909 04:39:44.958380   429 skeleton_planner.h:170] Found solution in: 5
I20260909 04:39:44.958388   429 skeleton_planner.h:170] Found solution in: 1
I20260909 04:39:44.958405   429 skeleton_planner.h:170] Found solution in: 3
I20260909 04:39:44.958413   429 skeleton_planner.h:170] Found solution in: 1
I20260909 04:39:44.958421   429 skeleton_planner.h:170] Found solution in: 7
I20260909 04:39:44.958441   429 skeleton_planner.h:170] Found solution in: 5
I20260909 04:39:44.958447   429 skeleton_planner.h:170] Found solution in: 1
I20260909 04:39:44.958458   429 skeleton_planner.h:170] Found solution in: 13
I20260909 04:39:44.958472   429 skeleton_planner.h:170] Found solution in: 1
I20260909 04:39:44.958489   429 skeleton_planner.h:170] Found solution in: 21
I20260909 04:39:44.958501   429 skeleton_planner.h:170] Found solution in: 13
I20260909 04:39:44.958509   429 skeleton_planner.h:170] Found solution in: 1
I20260909 04:39:44.958514   429 skeleton_planner.h:170] Found solution in: 3
I20260909 04:39:44.958526   429 skeleton_planner.h:170] Found solution in: 3
I20260909 04:39:44.958535   429 skeleton_planner.h:170] Found solution in: 1
I20260909 04:39:44.958540   429 skeleton_planner.h:170] Found solution in: 4
I20260909 04:39:44.958559   429 skeleton_planner.h:170] Found solution in: 5
I20260909 04:39:44.958567   429 skeleton_planner.h:170] Found solution in: 1
I20260909 04:39:44.958616   429 skeleton_planner.h:170] Found solution in: 25
I20260909 04:39:44.958635   429 skeleton_planner.h:170] Found solution in: 5
I20260909 04:39:44.958645   429 skeleton_planner.h:170] Found solution in: 1
I20260909 04:39:44.958653   429 skeleton_planner.h:170] Found solution in: 1
I20260909 04:39:44.958662   429 skeleton_planner.h:170] Found solution in: 1
I20260909 04:39:44.958670   429 skeleton_planner.h:170] Found solution in: 9
I20260909 04:39:44.958678   429 skeleton_planner.h:170] Found solution in: 1
I20260909 04:39:44.958683   429 skeleton_planner.h:170] Found solution in: 4
I20260909 04:39:44.958690   429 skeleton_planner.h:170] Found solution in: 1
I20260909 04:39:44.958695   429 skeleton_planner.h:170] Found solution in: 3
I20260909 04:39:44.958715   429 skeleton_planner.h:170] Found solution in: 4
I20260909 04:39:44.958722   429 skeleton_planner.h:170] Found solution in: 1
I20260909 04:39:44.958739   429 skeleton_planner.h:170] Found solution in: 17
I20260909 04:39:44.958748   429 skeleton_planner.h:170] Found solution in: 9
I20260909 04:39:44.958757   429 skeleton_planner.h:170] Found solution in: 8
I20260909 04:39:44.958762   429 skeleton_planner.h:170] Found solution in: 1
I20260909 04:39:44.958766   429 skeleton_planner.h:170] Found solution in: 3
I20260909 04:39:44.958770   429 skeleton_planner.h:170] Found solution in: 3
I20260909 04:39:44.958783   429 skeleton_planner.h:170] Found solution in: 4
I20260909 04:39:44.958791   429 skeleton_planner.h:170] Found solution in: 1
I20260909 04:39:44.958796   429 skeleton_planner.h:170] Found solution in: 3
I20260909 04:39:44.958807   429 skeleton_planner.h:170] Found solution in: 3
I20260909 04:39:44.958814   429 skeleton_planner.h:170] Found solution in: 1
I20260909 04:39:44.958820   429 skeleton_planner.h:170] Found solution in: 5
I20260909 04:39:44.958827   429 skeleton_planner.h:170] Found solution in: 1
I20260909 04:39:44.958833   429 skeleton_planner.h:170] Found solution in: 5
I20260909 04:39:44.958843   429 skeleton_planner.h:170] Found solution in: 9
I20260909 04:39:44.958849   429 skeleton_planner.h:170] Found solution in: 1
I20260909 04:39:44.958856   429 skeleton_planner.h:170] Found solution in: 7
I20260909 04:39:44.958868   429 skeleton_planner.h:170] Found solution in: 10
I20260909 04:39:44.958881   429 skeleton_planner.h:170] Found solution in: 16
I20260909 04:39:44.958890   429 skeleton_planner.h:170] Found solution in: 1
I20260909 04:39:44.958894   429 skeleton_planner.h:170] Found solution in: 3
I20260909 04:39:44.958907   429 skeleton_planner.h:170] Found solution in: 4
I20260909 04:39:44.958917   429 skeleton_planner.h:170] Found solution in: 1
I20260909 04:39:44.958921   429 skeleton_planner.h:170] Found solution in: 2
I20260909 04:39:44.958932   429 skeleton_planner.h:170] Found solution in: 4
I20260909 04:39:44.958942   429 skeleton_planner.h:170] Found solution in: 1
I20260909 04:39:44.958946   429 skeleton_planner.h:170] Found solution in: 3
I20260909 04:39:44.958951   429 skeleton_planner.h:170] Found solution in: 4
I20260909 04:39:44.958969   429 skeleton_planner.h:170] Found solution in: 4
I20260909 04:39:44.958976   429 skeleton_planner.h:170] Found solution in: 1
I20260909 04:39:44.958981   429 skeleton_planner.h:170] Found solution in: 2
I20260909 04:39:44.960089   429 skeleton_planner.h:170] Found solution in: 36
I20260909 04:39:44.960103   429 skeleton_planner.h:170] Found solution in: 1
I20260909 04:39:44.960108   429 skeleton_planner.h:170] Found solution in: 3
I20260909 04:39:44.960368   429 skeleton_planner.h:170] Found solution in: 6
I20260909 04:39:44.960412   429 skeleton_planner.h:170] Found solution in: 6
I20260909 04:39:44.960420   429 skeleton_planner.h:170] Found solution in: 1
I20260909 04:39:44.960439   429 skeleton_planner.h:170] Found solution in: 3
I20260909 04:39:44.960446   429 skeleton_planner.h:170] Found solution in: 1
I20260909 04:39:44.960450   429 skeleton_planner.h:170] Found solution in: 2
I20260909 04:39:44.960502   429 skeleton_planner.h:170] Found solution in: 27
I20260909 04:39:44.960647   429 skeleton_planner.h:170] Found solution in: 69
I20260909 04:39:44.960681   429 skeleton_planner.h:170] Found solution in: 6
I20260909 04:39:44.960691   429 skeleton_planner.h:170] Found solution in: 1
I20260909 04:39:44.960697   429 skeleton_planner.h:170] Found solution in: 1
I20260909 04:39:44.960701   429 skeleton_planner.h:170] Found solution in: 3
I20260909 04:39:44.960723   429 skeleton_planner.h:170] Found solution in: 7
I20260909 04:39:44.960731   429 skeleton_planner.h:170] Found solution in: 1
I20260909 04:39:44.960736   429 skeleton_planner.h:170] Found solution in: 3
I20260909 04:39:44.960752   429 skeleton_planner.h:170] Found solution in: 6
I20260909 04:39:44.960760   429 skeleton_planner.h:170] Found solution in: 1
I20260909 04:39:44.960767   429 skeleton_planner.h:170] Found solution in: 3
I20260909 04:39:44.960783   429 skeleton_planner.h:170] Found solution in: 5
I20260909 04:39:44.960789   429 skeleton_planner.h:170] Found solution in: 1
I20260909 04:39:44.960793   429 skeleton_planner.h:170] Found solution in: 2
I20260909 04:39:44.960803   429 skeleton_planner.h:170] Found solution in: 3
I20260909 04:39:44.960810   429 skeleton_planner.h:170] Found solution in: 1
I20260909 04:39:44.960912   429 skeleton_planner.h:170] Found solution in: 13
I20260909 04:39:44.960920   429 skeleton_planner.h:170] Found solution in: 1
I20260909 04:39:44.961004   429 skeleton_planner.h:170] Found solution in: 3
I20260909 04:39:44.961011   429 skeleton_planner.h:170] Found solution in: 1
I20260909 04:39:44.961021   429 skeleton_planner.h:170] Found solution in: 10
I20260909 04:39:44.961035   429 skeleton_planner.h:170] Found solution in: 14
I20260909 04:39:44.961040   429 skeleton_planner.h:170] Found solution in: 1
I20260909 04:39:44.961071   429 skeleton_planner.h:170] Found solution in: 12
I20260909 04:39:44.961087   429 skeleton_planner.h:170] Found solution in: 5
I20260909 04:39:44.961097   429 skeleton_planner.h:170] Found solution in: 1
I20260909 04:39:44.961104   429 skeleton_planner.h:170] Found solution in: 1
I20260909 04:39:44.961118   429 skeleton_planner.h:170] Found solution in: 3
I20260909 04:39:44.961127   429 skeleton_planner.h:170] Found solution in: 1
I20260909 04:39:44.961133   429 skeleton_planner.h:170] Found solution in: 3
I20260909 04:39:44.961153   429 skeleton_planner.h:170] Found solution in: 7
I20260909 04:39:44.961162   429 skeleton_planner.h:170] Found solution in: 1
I20260909 04:39:44.961167   429 skeleton_planner.h:170] Found solution in: 4
I20260909 04:39:44.961174   429 skeleton_planner.h:170] Found solution in: 1
I20260909 04:39:44.961179   429 skeleton_planner.h:170] Found solution in: 3
I20260909 04:39:44.961251   429 skeleton_planner.h:170] Found solution in: 46
I20260909 04:39:44.961269   429 skeleton_planner.h:170] Found solution in: 6
I20260909 04:39:44.961277   429 skeleton_planner.h:170] Found solution in: 1
I20260909 04:39:44.961292   429 skeleton_planner.h:170] Found solution in: 7
I20260909 04:39:44.961303   429 skeleton_planner.h:170] Found solution in: 1
I20260909 04:39:44.961310   429 skeleton_planner.h:170] Found solution in: 3
I20260909 04:39:44.961354   429 skeleton_planner.h:170] Found solution in: 48
I20260909 04:39:44.961365   429 skeleton_planner.h:170] Found solution in: 1
I20260909 04:39:44.961372   429 skeleton_planner.h:170] Found solution in: 1
I20260909 04:39:44.961385   429 skeleton_planner.h:170] Found solution in: 12
I20260909 04:39:44.961393   429 skeleton_planner.h:170] Found solution in: 1
I20260909 04:39:44.961403   429 skeleton_planner.h:170] Found solution in: 1
I20260909 04:39:44.961407   429 skeleton_planner.h:170] Found solution in: 2
I20260909 04:39:44.961421   429 skeleton_planner.h:170] Found solution in: 5
I20260909 04:39:44.961436   429 skeleton_planner.h:170] Found solution in: 1
I20260909 04:39:44.961441   429 skeleton_planner.h:170] Found solution in: 4
I20260909 04:39:44.961447   429 skeleton_planner.h:170] Found solution in: 5
I20260909 04:39:44.961459   429 skeleton_planner.h:170] Found solution in: 1
I20260909 04:39:44.961462   429 skeleton_planner.h:170] Found solution in: 2
I20260909 04:39:44.961484   429 skeleton_planner.h:170] Found solution in: 7
I20260909 04:39:44.961493   429 skeleton_planner.h:170] Found solution in: 1
I20260909 04:39:44.961501   429 skeleton_planner.h:170] Found solution in: 1
I20260909 04:39:44.961515   429 skeleton_planner.h:170] Found solution in: 3
I20260909 04:39:44.961522   429 skeleton_planner.h:170] Found solution in: 1
I20260909 04:39:44.961525   429 skeleton_planner.h:170] Found solution in: 2
I20260909 04:39:44.961535   429 skeleton_planner.h:170] Found solution in: 3
I20260909 04:39:44.961541   429 skeleton_planner.h:170] Found solution in: 1
I20260909 04:39:44.961551   429 skeleton_planner.h:170] Found solution in: 3
I20260909 04:39:44.961561   429 skeleton_planner.h:170] Found solution in: 1
I20260909 04:39:44.961581   429 skeleton_planner.h:170] Found solution in: 8
I20260909 04:39:44.961591   429 skeleton_planner.h:170] Found solution in: 1
I20260909 04:39:44.961601   429 skeleton_planner.h:170] Found solution in: 3
I20260909 04:39:44.961608   429 skeleton_planner.h:170] Found solution in: 1
I20260909 04:39:44.961615   429 skeleton_planner.h:170] Found solution in: 6
I20260909 04:39:44.961647   429 skeleton_planner.h:170] Found solution in: 7
I20260909 04:39:44.961654   429 skeleton_planner.h:170] Found solution in: 1
I20260909 04:39:44.961668   429 skeleton_planner.h:170] Found solution in: 3
I20260909 04:39:44.961674   429 skeleton_planner.h:170] Found solution in: 1
I20260909 04:39:44.961678   429 skeleton_planner.h:170] Found solution in: 2
I20260909 04:39:44.961694   429 skeleton_planner.h:170] Found solution in: 5
I20260909 04:39:44.961700   429 skeleton_planner.h:170] Found solution in: 1
I20260909 04:39:44.961714   429 skeleton_planner.h:170] Found solution in: 5
I20260909 04:39:44.961723   429 skeleton_planner.h:170] Found solution in: 1
I20260909 04:39:44.961730   429 skeleton_planner.h:170] Found solution in: 1
I20260909 04:39:44.961742   429 skeleton_planner.h:170] Found solution in: 3
I20260909 04:39:44.961750   429 skeleton_planner.h:170] Found solution in: 1
I20260909 04:39:44.961757   429 skeleton_planner.h:170] Found solution in: 6
I20260909 04:39:44.961771   429 skeleton_planner.h:170] Found solution in: 3
I20260909 04:39:44.961776   429 skeleton_planner.h:170] Found solution in: 1
I20260909 04:39:44.961789   429 skeleton_planner.h:170] Found solution in: 3
I20260909 04:39:44.961796   429 skeleton_planner.h:170] Found solution in: 1
I20260909 04:39:44.961800   429 skeleton_planner.h:170] Found solution in: 3
I20260909 04:39:44.961814   429 skeleton_planner.h:170] Found solution in: 5
I20260909 04:39:44.961823   429 skeleton_planner.h:170] Found solution in: 1
I20260909 04:39:44.961838   429 skeleton_planner.h:170] Found solution in: 3
I20260909 04:39:44.961846   429 skeleton_planner.h:170] Found solution in: 1
I20260909 04:39:44.961859   429 skeleton_planner.h:170] Found solution in: 4
I20260909 04:39:44.961870   429 skeleton_planner.h:170] Found solution in: 1
I20260909 04:39:44.961876   429 skeleton_planner.h:170] Found solution in: 6
I20260909 04:39:44.961894   429 skeleton_planner.h:170] Found solution in: 5
I20260909 04:39:44.961901   429 skeleton_planner.h:170] Found solution in: 1
I20260909 04:39:44.961918   429 skeleton_planner.h:170] Found solution in: 5
I20260909 04:39:44.961926   429 skeleton_planner.h:170] Found solution in: 1
I20260909 04:39:44.961937   429 skeleton_planner.h:170] Found solution in: 3
I20260909 04:39:44.961944   429 skeleton_planner.h:170] Found solution in: 1
I20260909 04:39:44.961956   429 skeleton_planner.h:170] Found solution in: 3
I20260909 04:39:44.961964   429 skeleton_planner.h:170] Found solution in: 1
I20260909 04:39:44.961990   429 skeleton_planner.h:170] Found solution in: 8
I20260909 04:39:44.961999   429 skeleton_planner.h:170] Found solution in: 1
I20260909 04:39:44.962019   429 skeleton_planner.h:170] Found solution in: 6
I20260909 04:39:44.962028   429 skeleton_planner.h:170] Found solution in: 1
I20260909 04:39:44.962049   429 skeleton_planner.h:170] Found solution in: 6
I20260909 04:39:44.962056   429 skeleton_planner.h:170] Found solution in: 1
I20260909 04:39:44.962067   429 skeleton_planner.h:170] Found solution in: 1
I20260909 04:39:44.962127   429 skeleton_planner.h:170] Found solution in: 72
I20260909 04:39:44.962137   429 skeleton_planner.h:170] Found solution in: 1
I20260909 04:39:44.962142   429 skeleton_planner.h:170] Found solution in: 1
I20260909 04:39:44.962148   429 skeleton_planner.h:170] Found solution in: 1
I20260909 04:39:44.962155   429 skeleton_planner.h:170] Found solution in: 6
I20260909 04:39:44.962172   429 skeleton_planner.h:170] Found solution in: 21
I20260909 04:39:44.962180   429 skeleton_planner.h:170] Found solution in: 1
I20260909 04:39:44.962188   429 skeleton_planner.h:170] Found solution in: 1
I20260909 04:39:44.962194   429 skeleton_planner.h:170] Found solution in: 7
I20260909 04:39:44.962217   429 skeleton_planner.h:170] Found solution in: 30
I20260909 04:39:44.962222   429 skeleton_planner.h:170] Found solution in: 1
I20260909 04:39:44.962229   429 skeleton_planner.h:170] Found solution in: 1
I20260909 04:39:44.962319   429 skeleton_planner.h:170] Found solution in: 5
I20260909 04:39:44.962330   429 skeleton_planner.h:170] Found solution in: 1
I20260909 04:39:44.962338   429 skeleton_planner.h:170] Found solution in: 1
I20260909 04:39:44.962345   429 skeleton_planner.h:170] Found solution in: 6
I20260909 04:39:44.962435   429 skeleton_planner.h:170] Found solution in: 5
I20260909 04:39:44.962445   429 skeleton_planner.h:170] Found solution in: 1
I20260909 04:39:44.962458   429 skeleton_planner.h:170] Found solution in: 3
I20260909 04:39:44.962467   429 skeleton_planner.h:170] Found solution in: 1
I20260909 04:39:44.962481   429 skeleton_planner.h:170] Found solution in: 3
I20260909 04:39:44.962493   429 skeleton_planner.h:170] Found solution in: 1
I20260909 04:39:44.962502   429 skeleton_planner.h:170] Found solution in: 8
I20260909 04:39:44.962597   429 skeleton_planner.h:170] Found solution in: 5
I20260909 04:39:44.962606   429 skeleton_planner.h:170] Found solution in: 1
I20260909 04:39:44.962692   429 skeleton_planner.h:170] Found solution in: 3
I20260909 04:39:44.962700   429 skeleton_planner.h:170] Found solution in: 1
I20260909 04:39:44.962706   429 skeleton_planner.h:170] Found solution in: 5
I20260909 04:39:44.962711   429 skeleton_planner.h:170] Found solution in: 5
I20260909 04:39:44.962740   429 skeleton_planner.h:170] Found solution in: 9
I20260909 04:39:44.962749   429 skeleton_planner.h:170] Found solution in: 1
I20260909 04:39:44.962752   429 skeleton_planner.h:170] Found solution in: 2
I20260909 04:39:44.963202   429 skeleton_planner.h:170] Found solution in: 24
I20260909 04:39:44.963215   429 skeleton_planner.h:170] Found solution in: 1
I20260909 04:39:44.963229   429 skeleton_planner.h:170] Found solution in: 16
I20260909 04:39:44.963238   429 skeleton_planner.h:170] Found solution in: 1
I20260909 04:39:44.963243   429 skeleton_planner.h:170] Found solution in: 1
I20260909 04:39:44.963256   429 skeleton_planner.h:170] Found solution in: 4
I20260909 04:39:44.963266   429 skeleton_planner.h:170] Found solution in: 1
I20260909 04:39:44.963310   429 skeleton_planner.h:170] Found solution in: 38
I20260909 04:39:44.963320   429 skeleton_planner.h:170] Found solution in: 1
I20260909 04:39:44.963416   429 skeleton_planner.h:170] Found solution in: 6
I20260909 04:39:44.963428   429 skeleton_planner.h:170] Found solution in: 1
I20260909 04:39:44.963446   429 skeleton_planner.h:170] Found solution in: 21
I20260909 04:39:44.963454   429 skeleton_planner.h:170] Found solution in: 1
I20260909 04:39:44.963500   429 skeleton_planner.h:170] Found solution in: 53
I20260909 04:39:44.963510   429 skeleton_planner.h:170] Found solution in: 1
I20260909 04:39:44.963515   429 skeleton_planner.h:170] Found solution in: 4
I20260909 04:39:44.963534   429 skeleton_planner.h:170] Found solution in: 5
I20260909 04:39:44.963543   429 skeleton_planner.h:170] Found solution in: 1
I20260909 04:39:44.963635   429 skeleton_planner.h:170] Found solution in: 3
I20260909 04:39:44.963642   429 skeleton_planner.h:170] Found solution in: 1
I20260909 04:39:44.963649   429 skeleton_planner.h:170] Found solution in: 1
I20260909 04:39:44.963662   429 skeleton_planner.h:170] Found solution in: 4
I20260909 04:39:44.963675   429 skeleton_planner.h:170] Found solution in: 1
I20260909 04:39:44.963681   429 skeleton_planner.h:170] Found solution in: 1
I20260909 04:39:44.963697   429 skeleton_planner.h:170] Found solution in: 18
I20260909 04:39:44.963706   429 skeleton_planner.h:170] Found solution in: 1
I20260909 04:39:44.963721   429 skeleton_planner.h:170] Found solution in: 17
I20260909 04:39:44.963725   429 skeleton_planner.h:170] Found solution in: 4
I20260909 04:39:44.963737   429 skeleton_planner.h:170] Found solution in: 11
I20260909 04:39:44.963743   429 skeleton_planner.h:170] Found solution in: 1
I20260909 04:39:44.963748   429 skeleton_planner.h:170] Found solution in: 4
I20260909 04:39:44.963757   429 skeleton_planner.h:170] Found solution in: 8
I20260909 04:39:44.963764   429 skeleton_planner.h:170] Found solution in: 9
I20260909 04:39:44.963831   429 skeleton_planner.h:170] Found solution in: 6
I20260909 04:39:44.963842   429 skeleton_planner.h:170] Found solution in: 1
I20260909 04:39:44.963850   429 skeleton_planner.h:170] Found solution in: 7
I20260909 04:39:44.963864   429 skeleton_planner.h:170] Found solution in: 19
I20260909 04:39:44.963872   429 skeleton_planner.h:170] Found solution in: 1
I20260909 04:39:44.963879   429 skeleton_planner.h:170] Found solution in: 8
I20260909 04:39:44.963886   429 skeleton_planner.h:170] Found solution in: 1
I20260909 04:39:44.963891   429 skeleton_planner.h:170] Found solution in: 8
I20260909 04:39:44.963899   429 skeleton_planner.h:170] Found solution in: 1
I20260909 04:39:44.963902   429 skeleton_planner.h:170] Found solution in: 2
I20260909 04:39:44.964066   429 skeleton_planner.h:170] Found solution in: 99
I20260909 04:39:44.964655   429 skeleton_planner.h:170] Found solution in: 1
I20260909 04:39:44.964669   429 skeleton_planner.h:170] Found solution in: 3
I20260909 04:39:44.964679   429 skeleton_planner.h:170] Found solution in: 1
I20260909 04:39:44.964711   429 skeleton_planner.h:170] Found solution in: 6
I20260909 04:39:44.964720   429 skeleton_planner.h:170] Found solution in: 1
I20260909 04:39:44.964740   429 skeleton_planner.h:170] Found solution in: 4
I20260909 04:39:44.964749   429 skeleton_planner.h:170] Found solution in: 1
I20260909 04:39:44.964807   429 skeleton_planner.h:170] Found solution in: 4
I20260909 04:39:44.964816   429 skeleton_planner.h:170] Found solution in: 1
I20260909 04:39:44.964828   429 skeleton_planner.h:170] Found solution in: 3
I20260909 04:39:44.964836   429 skeleton_planner.h:170] Found solution in: 1
I20260909 04:39:44.964839   429 skeleton_planner.h:170] Found solution in: 2
I20260909 04:39:44.964854   429 skeleton_planner.h:170] Found solution in: 4
I20260909 04:39:44.964861   429 skeleton_planner.h:170] Found solution in: 1
I20260909 04:39:44.964866   429 skeleton_planner.h:170] Found solution in: 1
I20260909 04:39:44.965262   429 skeleton_planner.h:170] Found solution in: 1
I20260909 04:39:44.965271   429 skeleton_planner.h:170] Found solution in: 1
I20260909 04:39:44.965276   429 skeleton_planner.h:170] Found solution in: 3
I20260909 04:39:44.965296   429 skeleton_planner.h:170] Found solution in: 5
I20260909 04:39:44.965309   429 skeleton_planner.h:170] Found solution in: 1
I20260909 04:39:44.965312   429 skeleton_planner.h:170] Found solution in: 2
I20260909 04:39:44.965327   429 skeleton_planner.h:170] Found solution in: 4
I20260909 04:39:44.965337   429 skeleton_planner.h:170] Found solution in: 1
I20260909 04:39:44.965353   429 skeleton_planner.h:170] Found solution in: 5
I20260909 04:39:44.965361   429 skeleton_planner.h:170] Found solution in: 1
I20260909 04:39:44.965468   429 skeleton_planner.h:170] Found solution in: 3
I20260909 04:39:44.965476   429 skeleton_planner.h:170] Found solution in: 1
I20260909 04:39:44.965576   429 skeleton_planner.h:170] Found solution in: 3
I20260909 04:39:44.965583   429 skeleton_planner.h:170] Found solution in: 1
I20260909 04:39:44.965603   429 skeleton_planner.h:170] Found solution in: 4
I20260909 04:39:44.965615   429 skeleton_planner.h:170] Found solution in: 1
I20260909 04:39:44.965719   429 skeleton_planner.h:170] Found solution in: 3
I20260909 04:39:44.965728   429 skeleton_planner.h:170] Found solution in: 1
I20260909 04:39:44.965834   429 skeleton_planner.h:170] Found solution in: 4
I20260909 04:39:44.965842   429 skeleton_planner.h:170] Found solution in: 1
I20260909 04:39:44.965847   429 skeleton_planner.h:170] Found solution in: 2
I20260909 04:39:44.965858   429 skeleton_planner.h:170] Found solution in: 4
I20260909 04:39:44.965868   429 skeleton_planner.h:170] Found solution in: 1
I20260909 04:39:44.965875   429 skeleton_planner.h:170] Found solution in: 4
I20260909 04:39:44.965881   429 skeleton_planner.h:170] Found solution in: 5
I20260909 04:39:44.965888   429 skeleton_planner.h:170] Found solution in: 1
I20260909 04:39:44.965898   429 skeleton_planner.h:170] Found solution in: 3
I20260909 04:39:44.965906   429 skeleton_planner.h:170] Found solution in: 1
I20260909 04:39:44.965919   429 skeleton_planner.h:170] Found solution in: 3
I20260909 04:39:44.965926   429 skeleton_planner.h:170] Found solution in: 1
I20260909 04:39:44.965939   429 skeleton_planner.h:170] Found solution in: 3
I20260909 04:39:44.965946   429 skeleton_planner.h:170] Found solution in: 1
I20260909 04:39:44.965968   429 skeleton_planner.h:170] Found solution in: 5
I20260909 04:39:44.965976   429 skeleton_planner.h:170] Found solution in: 1
I20260909 04:39:44.965979   429 skeleton_planner.h:170] Found solution in: 2
I20260909 04:39:44.965989   429 skeleton_planner.h:170] Found solution in: 3
I20260909 04:39:44.965996   429 skeleton_planner.h:170] Found solution in: 1
I20260909 04:39:44.966013   429 skeleton_planner.h:170] Found solution in: 4
I20260909 04:39:44.966020   429 skeleton_planner.h:170] Found solution in: 1
I20260909 04:39:44.966034   429 skeleton_planner.h:170] Found solution in: 3
I20260909 04:39:44.966045   429 skeleton_planner.h:170] Found solution in: 1
I20260909 04:39:44.966065   429 skeleton_planner.h:170] Found solution in: 3
I20260909 04:39:44.966077   429 skeleton_planner.h:170] Found solution in: 1
I20260909 04:39:44.966101   429 skeleton_planner.h:170] Found solution in: 5
I20260909 04:39:44.966114   429 skeleton_planner.h:170] Found solution in: 1
I20260909 04:39:44.966219   429 skeleton_planner.h:170] Found solution in: 4
I20260909 04:39:44.966230   429 skeleton_planner.h:170] Found solution in: 1
I20260909 04:39:44.966252   429 skeleton_planner.h:170] Found solution in: 5
I20260909 04:39:44.966262   429 skeleton_planner.h:170] Found solution in: 1
I20260909 04:39:44.966282   429 skeleton_planner.h:170] Found solution in: 3
I20260909 04:39:44.966291   429 skeleton_planner.h:170] Found solution in: 1
I20260909 04:39:44.966308   429 skeleton_planner.h:170] Found solution in: 4
I20260909 04:39:44.966315   429 skeleton_planner.h:170] Found solution in: 1
I20260909 04:39:44.966333   429 skeleton_planner.h:170] Found solution in: 5
I20260909 04:39:44.966342   429 skeleton_planner.h:170] Found solution in: 1
I20260909 04:39:44.966347   429 skeleton_planner.h:170] Found solution in: 4
I20260909 04:39:44.966353   429 skeleton_planner.h:170] Found solution in: 1
I20260909 04:39:44.966360   429 skeleton_planner.h:170] Found solution in: 1
I20260909 04:39:44.966365   429 skeleton_planner.h:170] Found solution in: 4
I20260909 04:39:44.966372   429 skeleton_planner.h:170] Found solution in: 1
I20260909 04:39:44.966385   429 skeleton_planner.h:170] Found solution in: 16
I20260909 04:39:44.966395   429 skeleton_planner.h:170] Found solution in: 12
I20260909 04:39:44.966401   429 skeleton_planner.h:170] Found solution in: 1
I20260909 04:39:44.966408   429 skeleton_planner.h:170] Found solution in: 6
I20260909 04:39:44.966427   429 skeleton_planner.h:170] Found solution in: 5
I20260909 04:39:44.966435   429 skeleton_planner.h:170] Found solution in: 1
I20260909 04:39:44.966502   429 skeleton_planner.h:170] Found solution in: 9
I20260909 04:39:44.966511   429 skeleton_planner.h:170] Found solution in: 1
I20260909 04:39:44.966523   429 skeleton_planner.h:170] Found solution in: 16
I20260909 04:39:44.966538   429 skeleton_planner.h:170] Found solution in: 19
I20260909 04:39:44.966544   429 skeleton_planner.h:170] Found solution in: 1
I20260909 04:39:44.966553   429 skeleton_planner.h:170] Found solution in: 1
I20260909 04:39:44.966565   429 skeleton_planner.h:170] Found solution in: 1
I20260909 04:39:44.966571   429 skeleton_planner.h:170] Found solution in: 5
I20260909 04:39:44.966589   429 skeleton_planner.h:170] Found solution in: 5
I20260909 04:39:44.966600   429 skeleton_planner.h:170] Found solution in: 1
I20260909 04:39:44.966609   429 skeleton_planner.h:170] Found solution in: 1
I20260909 04:39:44.966627   429 skeleton_planner.h:170] Found solution in: 22
I20260909 04:39:44.966636   429 skeleton_planner.h:170] Found solution in: 8
I20260909 04:39:44.966645   429 skeleton_planner.h:170] Found solution in: 1
I20260909 04:39:44.966737   429 skeleton_planner.h:170] Found solution in: 4
I20260909 04:39:44.966748   429 skeleton_planner.h:170] Found solution in: 1
I20260909 04:39:44.966755   429 skeleton_planner.h:170] Found solution in: 1
I20260909 04:39:44.966847   429 skeleton_planner.h:170] Found solution in: 4
I20260909 04:39:44.966856   429 skeleton_planner.h:170] Found solution in: 1
I20260909 04:39:44.966940   429 skeleton_planner.h:170] Found solution in: 3
I20260909 04:39:44.966950   429 skeleton_planner.h:170] Found solution in: 1
I20260909 04:39:44.967044   429 skeleton_planner.h:170] Found solution in: 3
I20260909 04:39:44.967054   429 skeleton_planner.h:170] Found solution in: 1
I20260909 04:39:44.967146   429 skeleton_planner.h:170] Found solution in: 4
I20260909 04:39:44.967155   429 skeleton_planner.h:170] Found solution in: 1
I20260909 04:39:44.967178   429 skeleton_planner.h:170] Found solution in: 5
I20260909 04:39:44.967187   429 skeleton_planner.h:170] Found solution in: 1
I20260909 04:39:44.967274   429 skeleton_planner.h:170] Found solution in: 3
I20260909 04:39:44.967281   429 skeleton_planner.h:170] Found solution in: 1
I20260909 04:39:44.967293   429 skeleton_planner.h:170] Found solution in: 3
I20260909 04:39:44.967299   429 skeleton_planner.h:170] Found solution in: 1
I20260909 04:39:44.967304   429 skeleton_planner.h:170] Found solution in: 4
I20260909 04:39:44.967314   429 skeleton_planner.h:170] Found solution in: 1
I20260909 04:39:44.967319   429 skeleton_planner.h:170] Found solution in: 3
I20260909 04:39:44.967406   429 skeleton_planner.h:170] Found solution in: 3
I20260909 04:39:44.967415   429 skeleton_planner.h:170] Found solution in: 1
I20260909 04:39:44.967422   429 skeleton_planner.h:170] Found solution in: 8
I20260909 04:39:44.967514   429 skeleton_planner.h:170] Found solution in: 4
I20260909 04:39:44.967525   429 skeleton_planner.h:170] Found solution in: 1
I20260909 04:39:44.967530   429 skeleton_planner.h:170] Found solution in: 4
I20260909 04:39:44.967535   429 skeleton_planner.h:170] Found solution in: 1
I20260909 04:39:44.967540   429 skeleton_planner.h:170] Found solution in: 4
I20260909 04:39:44.967546   429 skeleton_planner.h:170] Found solution in: 1
I20260909 04:39:44.967561   429 skeleton_planner.h:170] Found solution in: 4
I20260909 04:39:44.967573   429 skeleton_planner.h:170] Found solution in: 1
I20260909 04:39:44.967661   429 skeleton_planner.h:170] Found solution in: 3
I20260909 04:39:44.967669   429 skeleton_planner.h:170] Found solution in: 1
I20260909 04:39:44.967690   429 skeleton_planner.h:170] Found solution in: 22
I20260909 04:39:44.967720   429 skeleton_planner.h:170] Found solution in: 29
I20260909 04:39:44.967728   429 skeleton_planner.h:170] Found solution in: 1
I20260909 04:39:44.967742   429 skeleton_planner.h:170] Found solution in: 10
I20260909 04:39:44.967837   429 skeleton_planner.h:170] Found solution in: 3
I20260909 04:39:44.967844   429 skeleton_planner.h:170] Found solution in: 1
I20260909 04:39:44.967864   429 skeleton_planner.h:170] Found solution in: 19
I20260909 04:39:44.967877   429 skeleton_planner.h:170] Found solution in: 15
I20260909 04:39:44.967885   429 skeleton_planner.h:170] Found solution in: 1
I20260909 04:39:44.967891   429 skeleton_planner.h:170] Found solution in: 5
I20260909 04:39:44.967903   429 skeleton_planner.h:170] Found solution in: 12
I20260909 04:39:44.967911   429 skeleton_planner.h:170] Found solution in: 1
I20260909 04:39:44.967916   429 skeleton_planner.h:170] Found solution in: 5
I20260909 04:39:44.967923   429 skeleton_planner.h:170] Found solution in: 7
I20260909 04:39:44.967931   429 skeleton_planner.h:170] Found solution in: 1
I20260909 04:39:44.967934   429 skeleton_planner.h:170] Found solution in: 2
I20260909 04:39:44.968212   429 skeleton_planner.h:170] Found solution in: 89
I20260909 04:39:44.968509   429 skeleton_planner.h:170] Found solution in: 1
I20260909 04:39:44.968514   429 skeleton_planner.h:170] Found solution in: 3
I20260909 04:39:44.968638   429 skeleton_planner.h:170] Found solution in: 99
I20260909 04:39:44.968681   429 skeleton_planner.h:170] Found solution in: 20
I20260909 04:39:44.968737   429 skeleton_planner.h:170] Found solution in: 36
I20260909 04:39:44.968776   429 skeleton_planner.h:170] Found solution in: 21
I20260909 04:39:44.968786   429 skeleton_planner.h:170] Found solution in: 1
I20260909 04:39:44.968899   429 skeleton_planner.h:170] Found solution in: 88
I20260909 04:39:44.968940   429 skeleton_planner.h:170] Found solution in: 20
I20260909 04:39:44.969004   429 skeleton_planner.h:170] Found solution in: 43
I20260909 04:39:44.969013   429 skeleton_planner.h:170] Found solution in: 1
I20260909 04:39:44.969019   429 skeleton_planner.h:170] Found solution in: 4
I20260909 04:39:44.969034   429 skeleton_planner.h:170] Found solution in: 4
I20260909 04:39:44.969043   429 skeleton_planner.h:170] Found solution in: 1
I20260909 04:39:44.969046   429 skeleton_planner.h:170] Found solution in: 2
I20260909 04:39:44.969244   429 skeleton_planner.h:170] Found solution in: 1
I20260909 04:39:44.969247   429 skeleton_planner.h:170] Found solution in: 2
I20260909 04:39:44.969446   429 skeleton_planner.h:170] Found solution in: 1
I20260909 04:39:44.969455   429 skeleton_planner.h:170] Found solution in: 9
I20260909 04:39:44.969478   429 skeleton_planner.h:170] Found solution in: 5
I20260909 04:39:44.969488   429 skeleton_planner.h:170] Found solution in: 1
I20260909 04:39:44.969496   429 skeleton_planner.h:170] Found solution in: 6
I20260909 04:39:44.969509   429 skeleton_planner.h:170] Found solution in: 1
I20260909 04:39:44.969519   429 skeleton_planner.h:170] Found solution in: 1
I20260909 04:39:44.969628   429 skeleton_planner.h:170] Found solution in: 5
I20260909 04:39:44.969637   429 skeleton_planner.h:170] Found solution in: 1
I20260909 04:39:44.969645   429 skeleton_planner.h:170] Found solution in: 1
I20260909 04:39:44.969655   429 skeleton_planner.h:170] Found solution in: 1
I20260909 04:39:44.969661   429 skeleton_planner.h:170] Found solution in: 1
I20260909 04:39:44.969671   429 skeleton_planner.h:170] Found solution in: 9
I20260909 04:39:44.969681   429 skeleton_planner.h:170] Found solution in: 1
I20260909 04:39:44.969776   429 skeleton_planner.h:170] Found solution in: 4
I20260909 04:39:44.969786   429 skeleton_planner.h:170] Found solution in: 1
I20260909 04:39:44.969877   429 skeleton_planner.h:170] Found solution in: 3
I20260909 04:39:44.969887   429 skeleton_planner.h:170] Found solution in: 1
I20260909 04:39:44.969894   429 skeleton_planner.h:170] Found solution in: 8
I20260909 04:39:44.969902   429 skeleton_planner.h:170] Found solution in: 8
I20260909 04:39:44.969928   429 skeleton_planner.h:170] Found solution in: 5
I20260909 04:39:44.969936   429 skeleton_planner.h:170] Found solution in: 1
I20260909 04:39:44.969959   429 skeleton_planner.h:170] Found solution in: 5
I20260909 04:39:44.969966   429 skeleton_planner.h:170] Found solution in: 1
I20260909 04:39:44.969980   429 skeleton_planner.h:170] Found solution in: 3
I20260909 04:39:44.969986   429 skeleton_planner.h:170] Found solution in: 1
I20260909 04:39:44.969995   429 skeleton_planner.h:170] Found solution in: 1
I20260909 04:39:44.970018   429 skeleton_planner.h:170] Found solution in: 8
I20260909 04:39:44.970027   429 skeleton_planner.h:170] Found solution in: 1
I20260909 04:39:44.970042   429 skeleton_planner.h:170] Found solution in: 15
I20260909 04:39:44.970050   429 skeleton_planner.h:170] Found solution in: 1
I20260909 04:39:44.970058   429 skeleton_planner.h:170] Found solution in: 1
I20260909 04:39:44.970072   429 skeleton_planner.h:170] Found solution in: 14
I20260909 04:39:44.970080   429 skeleton_planner.h:170] Found solution in: 1
I20260909 04:39:44.970089   429 skeleton_planner.h:170] Found solution in: 1
I20260909 04:39:44.970108   429 skeleton_planner.h:170] Found solution in: 4
I20260909 04:39:44.970116   429 skeleton_planner.h:170] Found solution in: 1
I20260909 04:39:44.970124   429 skeleton_planner.h:170] Found solution in: 1
I20260909 04:39:44.970140   429 skeleton_planner.h:170] Found solution in: 5
I20260909 04:39:44.970147   429 skeleton_planner.h:170] Found solution in: 1
I20260909 04:39:44.970201   429 skeleton_planner.h:170] Found solution in: 3
I20260909 04:39:44.970209   429 skeleton_planner.h:170] Found solution in: 1
I20260909 04:39:44.970214   429 skeleton_planner.h:170] Found solution in: 4
I20260909 04:39:44.970221   429 skeleton_planner.h:170] Found solution in: 7
I20260909 04:39:44.970242   429 skeleton_planner.h:170] Found solution in: 6
I20260909 04:39:44.970250   429 skeleton_planner.h:170] Found solution in: 1
I20260909 04:39:44.970371   429 skeleton_planner.h:170] Found solution in: 4
I20260909 04:39:44.970378   429 skeleton_planner.h:170] Found solution in: 1
I20260909 04:39:44.970384   429 skeleton_planner.h:170] Found solution in: 5
I20260909 04:39:44.970391   429 skeleton_planner.h:170] Found solution in: 7
I20260909 04:39:44.970397   429 skeleton_planner.h:170] Found solution in: 1
I20260909 04:39:44.970404   429 skeleton_planner.h:170] Found solution in: 8
I20260909 04:39:44.970422   429 skeleton_planner.h:170] Found solution in: 5
I20260909 04:39:44.970430   429 skeleton_planner.h:170] Found solution in: 1
I20260909 04:39:44.970435   429 skeleton_planner.h:170] Found solution in: 1
I20260909 04:39:44.970448   429 skeleton_planner.h:170] Found solution in: 3
I20260909 04:39:44.970455   429 skeleton_planner.h:170] Found solution in: 1
I20260909 04:39:44.970460   429 skeleton_planner.h:170] Found solution in: 4
I20260909 04:39:44.970471   429 skeleton_planner.h:170] Found solution in: 11
I20260909 04:39:44.970479   429 skeleton_planner.h:170] Found solution in: 1
I20260909 04:39:44.970492   429 skeleton_planner.h:170] Found solution in: 3
I20260909 04:39:44.970500   429 skeleton_planner.h:170] Found solution in: 1
I20260909 04:39:44.970504   429 skeleton_planner.h:170] Found solution in: 2
I20260909 04:39:44.970515   429 skeleton_planner.h:170] Found solution in: 3
I20260909 04:39:44.970521   429 skeleton_planner.h:170] Found solution in: 1
I20260909 04:39:44.970533   429 skeleton_planner.h:170] Found solution in: 3
I20260909 04:39:44.970541   429 skeleton_planner.h:170] Found solution in: 1
I20260909 04:39:44.970552   429 skeleton_planner.h:170] Found solution in: 4
I20260909 04:39:44.970559   429 skeleton_planner.h:170] Found solution in: 1
I20260909 04:39:44.970564   429 skeleton_planner.h:170] Found solution in: 4
I20260909 04:39:44.970572   429 skeleton_planner.h:170] Found solution in: 1
I20260909 04:39:44.970578   429 skeleton_planner.h:170] Found solution in: 5
I20260909 04:39:44.970607   429 skeleton_planner.h:170] Found solution in: 7
I20260909 04:39:44.970616   429 skeleton_planner.h:170] Found solution in: 1
I20260909 04:39:44.970634   429 skeleton_planner.h:170] Found solution in: 5
I20260909 04:39:44.970643   429 skeleton_planner.h:170] Found solution in: 1
I20260909 04:39:44.970655   429 skeleton_planner.h:170] Found solution in: 1
I20260909 04:39:44.970660   429 skeleton_planner.h:170] Found solution in: 4
I20260909 04:39:44.970678   429 skeleton_planner.h:170] Found solution in: 6
I20260909 04:39:44.970691   429 skeleton_planner.h:170] Found solution in: 1
I20260909 04:39:44.970702   429 skeleton_planner.h:170] Found solution in: 3
I20260909 04:39:44.970711   429 skeleton_planner.h:170] Found solution in: 1
I20260909 04:39:44.970717   429 skeleton_planner.h:170] Found solution in: 1
I20260909 04:39:44.970727   429 skeleton_planner.h:170] Found solution in: 9
I20260909 04:39:44.970734   429 skeleton_planner.h:170] Found solution in: 1
I20260909 04:39:44.970739   429 skeleton_planner.h:170] Found solution in: 4
I20260909 04:39:44.970745   429 skeleton_planner.h:170] Found solution in: 1
I20260909 04:39:44.970750   429 skeleton_planner.h:170] Found solution in: 4
I20260909 04:39:44.970788   429 skeleton_planner.h:170] Found solution in: 5
I20260909 04:39:44.970794   429 skeleton_planner.h:170] Found solution in: 1
I20260909 04:39:44.970803   429 skeleton_planner.h:170] Found solution in: 9
I20260909 04:39:44.970811   429 skeleton_planner.h:170] Found solution in: 1
I20260909 04:39:44.970815   429 skeleton_planner.h:170] Found solution in: 3
I20260909 04:39:44.970836   429 skeleton_planner.h:170] Found solution in: 5
I20260909 04:39:44.970845   429 skeleton_planner.h:170] Found solution in: 1
I20260909 04:39:44.970858   429 skeleton_planner.h:170] Found solution in: 3
I20260909 04:39:44.970866   429 skeleton_planner.h:170] Found solution in: 1
I20260909 04:39:44.970877   429 skeleton_planner.h:170] Found solution in: 13
I20260909 04:39:44.970916   429 skeleton_planner.h:170] Found solution in: 3
I20260909 04:39:44.970922   429 skeleton_planner.h:170] Found solution in: 1
I20260909 04:39:44.970927   429 skeleton_planner.h:170] Found solution in: 3
I20260909 04:39:44.970932   429 skeleton_planner.h:170] Found solution in: 1
I20260909 04:39:44.970943   429 skeleton_planner.h:170] Found solution in: 3
I20260909 04:39:44.970950   429 skeleton_planner.h:170] Found solution in: 1
I20260909 04:39:44.970954   429 skeleton_planner.h:170] Found solution in: 3
I20260909 04:39:44.970964   429 skeleton_planner.h:170] Found solution in: 11
I20260909 04:39:44.970973   429 skeleton_planner.h:170] Found solution in: 1
I20260909 04:39:44.970992   429 skeleton_planner.h:170] Found solution in: 5
I20260909 04:39:44.971001   429 skeleton_planner.h:170] Found solution in: 1
I20260909 04:39:44.971007   429 skeleton_planner.h:170] Found solution in: 1
I20260909 04:39:44.971015   429 skeleton_planner.h:170] Found solution in: 7
I20260909 04:39:44.971030   429 skeleton_planner.h:170] Found solution in: 11
I20260909 04:39:44.971046   429 skeleton_planner.h:170] Found solution in: 20
I20260909 04:39:44.971051   429 skeleton_planner.h:170] Found solution in: 1
I20260909 04:39:44.971060   429 skeleton_planner.h:170] Found solution in: 8
I20260909 04:39:44.971067   429 skeleton_planner.h:170] Found solution in: 8
I20260909 04:39:44.971113   429 skeleton_planner.h:170] Found solution in: 8
I20260909 04:39:44.971122   429 skeleton_planner.h:170] Found solution in: 1
I20260909 04:39:44.971133   429 skeleton_planner.h:170] Found solution in: 14
I20260909 04:39:44.971139   429 skeleton_planner.h:170] Found solution in: 1
I20260909 04:39:44.971144   429 skeleton_planner.h:170] Found solution in: 3
I20260909 04:39:44.971170   429 skeleton_planner.h:170] Found solution in: 10
I20260909 04:39:44.971177   429 skeleton_planner.h:170] Found solution in: 1
I20260909 04:39:44.971196   429 skeleton_planner.h:170] Found solution in: 4
I20260909 04:39:44.971203   429 skeleton_planner.h:170] Found solution in: 1
I20260909 04:39:44.971216   429 skeleton_planner.h:170] Found solution in: 5
I20260909 04:39:44.971225   429 skeleton_planner.h:170] Found solution in: 1
I20260909 04:39:44.971230   429 skeleton_planner.h:170] Found solution in: 5
I20260909 04:39:44.971235   429 skeleton_planner.h:170] Found solution in: 1
I20260909 04:39:44.971238   429 skeleton_planner.h:170] Found solution in: 3
I20260909 04:39:44.971244   429 skeleton_planner.h:170] Found solution in: 1
I20260909 04:39:44.971249   429 skeleton_planner.h:170] Found solution in: 5
I20260909 04:39:44.971256   429 skeleton_planner.h:170] Found solution in: 1
I20260909 04:39:44.971259   429 skeleton_planner.h:170] Found solution in: 3
I20260909 04:39:44.971279   429 skeleton_planner.h:170] Found solution in: 8
I20260909 04:39:44.971287   429 skeleton_planner.h:170] Found solution in: 1
I20260909 04:39:44.971292   429 skeleton_planner.h:170] Found solution in: 2
I20260909 04:39:44.971303   429 skeleton_planner.h:170] Found solution in: 4
I20260909 04:39:44.971314   429 skeleton_planner.h:170] Found solution in: 1
I20260909 04:39:44.971318   429 skeleton_planner.h:170] Found solution in: 2
I20260909 04:39:44.971639   429 skeleton_planner.h:170] Found solution in: 12
I20260909 04:39:44.971649   429 skeleton_planner.h:170] Found solution in: 1
I20260909 04:39:44.971941   429 skeleton_planner.h:170] Found solution in: 1
I20260909 04:39:44.971992   429 skeleton_planner.h:170] Found solution in: 3
I20260909 04:39:44.972000   429 skeleton_planner.h:170] Found solution in: 1
I20260909 04:39:44.972007   429 skeleton_planner.h:170] Found solution in: 5
I20260909 04:39:44.972029   429 skeleton_planner.h:170] Found solution in: 4
I20260909 04:39:44.972040   429 skeleton_planner.h:170] Found solution in: 1
I20260909 04:39:44.972049   429 skeleton_planner.h:170] Found solution in: 9
I20260909 04:39:44.972060   429 skeleton_planner.h:170] Found solution in: 11
I20260909 04:39:44.972066   429 skeleton_planner.h:170] Found solution in: 1
I20260909 04:39:44.972074   429 skeleton_planner.h:170] Found solution in: 6
I20260909 04:39:44.972087   429 skeleton_planner.h:170] Found solution in: 17
I20260909 04:39:44.972095   429 skeleton_planner.h:170] Found solution in: 1
I20260909 04:39:44.972100   429 skeleton_planner.h:170] Found solution in: 6
I20260909 04:39:44.972110   429 skeleton_planner.h:170] Found solution in: 11
I20260909 04:39:44.972119   429 skeleton_planner.h:170] Found solution in: 1
I20260909 04:39:44.972131   429 skeleton_planner.h:170] Found solution in: 3
I20260909 04:39:44.972142   429 skeleton_planner.h:170] Found solution in: 1
I20260909 04:39:44.972163   429 skeleton_planner.h:170] Found solution in: 4
I20260909 04:39:44.972170   429 skeleton_planner.h:170] Found solution in: 1
I20260909 04:39:44.972235   429 skeleton_planner.h:170] Found solution in: 3
I20260909 04:39:44.972244   429 skeleton_planner.h:170] Found solution in: 1
I20260909 04:39:44.972266   429 skeleton_planner.h:170] Found solution in: 6
I20260909 04:39:44.972276   429 skeleton_planner.h:170] Found solution in: 1
I20260909 04:39:44.972281   429 skeleton_planner.h:170] Found solution in: 3
I20260909 04:39:44.972297   429 skeleton_planner.h:170] Found solution in: 4
I20260909 04:39:44.972307   429 skeleton_planner.h:170] Found solution in: 1
I20260909 04:39:44.972311   429 skeleton_planner.h:170] Found solution in: 2
I20260909 04:39:44.972738   429 skeleton_planner.h:170] Found solution in: 32
I20260909 04:39:44.972749   429 skeleton_planner.h:170] Found solution in: 1
I20260909 04:39:44.972754   429 skeleton_planner.h:170] Found solution in: 2
I20260909 04:39:44.973006   429 skeleton_planner.h:170] Found solution in: 35
I20260909 04:39:44.973215   429 skeleton_planner.h:170] Found solution in: 1
I20260909 04:39:44.973234   429 skeleton_planner.h:170] Found solution in: 4
I20260909 04:39:44.973243   429 skeleton_planner.h:170] Found solution in: 1
I20260909 04:39:44.973735   429 skeleton_planner.h:170] Found solution in: 1
I20260909 04:39:44.973744   429 skeleton_planner.h:170] Found solution in: 8
I20260909 04:39:44.973752   429 skeleton_planner.h:170] Found solution in: 8
I20260909 04:39:44.973759   429 skeleton_planner.h:170] Found solution in: 1
I20260909 04:39:44.973763   429 skeleton_planner.h:170] Found solution in: 3
I20260909 04:39:44.973790   429 skeleton_planner.h:170] Found solution in: 4
I20260909 04:39:44.973799   429 skeleton_planner.h:170] Found solution in: 1
I20260909 04:39:44.973812   429 skeleton_planner.h:170] Found solution in: 4
I20260909 04:39:44.973820   429 skeleton_planner.h:170] Found solution in: 1
I20260909 04:39:44.973824   429 skeleton_planner.h:170] Found solution in: 3
I20260909 04:39:44.973831   429 skeleton_planner.h:170] Found solution in: 9
I20260909 04:39:44.973838   429 skeleton_planner.h:170] Found solution in: 1
I20260909 04:39:44.973856   429 skeleton_planner.h:170] Found solution in: 5
I20260909 04:39:44.973863   429 skeleton_planner.h:170] Found solution in: 1
I20260909 04:39:44.973868   429 skeleton_planner.h:170] Found solution in: 4
I20260909 04:39:44.973899   429 skeleton_planner.h:170] Found solution in: 5
I20260909 04:39:44.973907   429 skeleton_planner.h:170] Found solution in: 1
I20260909 04:39:44.973914   429 skeleton_planner.h:170] Found solution in: 8
I20260909 04:39:44.973922   429 skeleton_planner.h:170] Found solution in: 1
I20260909 04:39:44.973927   429 skeleton_planner.h:170] Found solution in: 5
I20260909 04:39:44.973932   429 skeleton_planner.h:170] Found solution in: 1
I20260909 04:39:44.973937   429 skeleton_planner.h:170] Found solution in: 5
I20260909 04:39:44.973942   429 skeleton_planner.h:170] Found solution in: 5
I20260909 04:39:44.973948   429 skeleton_planner.h:170] Found solution in: 1
I20260909 04:39:44.973951   429 skeleton_planner.h:170] Found solution in: 3
I20260909 04:39:44.973959   429 skeleton_planner.h:170] Found solution in: 9
I20260909 04:39:44.973965   429 skeleton_planner.h:170] Found solution in: 1
I20260909 04:39:44.973973   429 skeleton_planner.h:170] Found solution in: 7
I20260909 04:39:44.973982   429 skeleton_planner.h:170] Found solution in: 10
I20260909 04:39:44.973989   429 skeleton_planner.h:170] Found solution in: 1
I20260909 04:39:44.973995   429 skeleton_planner.h:170] Found solution in: 5
I20260909 04:39:44.974005   429 skeleton_planner.h:170] Found solution in: 9
I20260909 04:39:44.974012   429 skeleton_planner.h:170] Found solution in: 1
I20260909 04:39:44.974020   429 skeleton_planner.h:170] Found solution in: 6
I20260909 04:39:44.974033   429 skeleton_planner.h:170] Found solution in: 14
I20260909 04:39:44.974043   429 skeleton_planner.h:170] Found solution in: 1
I20260909 04:39:44.974053   429 skeleton_planner.h:170] Found solution in: 11
I20260909 04:39:44.974066   429 skeleton_planner.h:170] Found solution in: 13
I20260909 04:39:44.974076   429 skeleton_planner.h:170] Found solution in: 1
I20260909 04:39:44.974082   429 skeleton_planner.h:170] Found solution in: 5
I20260909 04:39:44.974100   429 skeleton_planner.h:170] Found solution in: 5
I20260909 04:39:44.974113   429 skeleton_planner.h:170] Found solution in: 1
I20260909 04:39:44.974227   429 skeleton_planner.h:170] Found solution in: 7
I20260909 04:39:44.974236   429 skeleton_planner.h:170] Found solution in: 1
I20260909 04:39:44.974244   429 skeleton_planner.h:170] Found solution in: 7
I20260909 04:39:44.974253   429 skeleton_planner.h:170] Found solution in: 1
I20260909 04:39:44.974267   429 skeleton_planner.h:170] Found solution in: 3
I20260909 04:39:44.974275   429 skeleton_planner.h:170] Found solution in: 1
I20260909 04:39:44.974282   429 skeleton_planner.h:170] Found solution in: 1
I20260909 04:39:44.974285   429 skeleton_planner.h:170] Found solution in: 3
I20260909 04:39:44.974298   429 skeleton_planner.h:170] Found solution in: 3
I20260909 04:39:44.974303   429 skeleton_planner.h:170] Found solution in: 1
I20260909 04:39:44.974314   429 skeleton_planner.h:170] Found solution in: 1
I20260909 04:39:44.974400   429 skeleton_planner.h:170] Found solution in: 3
I20260909 04:39:44.974408   429 skeleton_planner.h:170] Found solution in: 1
I20260909 04:39:44.974414   429 skeleton_planner.h:170] Found solution in: 1
I20260909 04:39:44.974438   429 skeleton_planner.h:170] Found solution in: 6
I20260909 04:39:44.974445   429 skeleton_planner.h:170] Found solution in: 1
I20260909 04:39:44.974469   429 skeleton_planner.h:170] Found solution in: 6
I20260909 04:39:44.974478   429 skeleton_planner.h:170] Found solution in: 1
I20260909 04:39:44.974484   429 skeleton_planner.h:170] Found solution in: 1
I20260909 04:39:44.974488   429 skeleton_planner.h:170] Found solution in: 2
I20260909 04:39:44.975124   429 skeleton_planner.h:170] Found solution in: 1
I20260909 04:39:44.975128   429 skeleton_planner.h:170] Found solution in: 2
I20260909 04:39:44.975785   429 skeleton_planner.h:170] Found solution in: 1
I20260909 04:39:44.975811   429 skeleton_planner.h:170] Found solution in: 3
I20260909 04:39:44.975821   429 skeleton_planner.h:170] Found solution in: 1
I20260909 04:39:44.975828   429 skeleton_planner.h:170] Found solution in: 7
I20260909 04:39:44.975834   429 skeleton_planner.h:170] Found solution in: 1
I20260909 04:39:44.975865   429 skeleton_planner.h:170] Found solution in: 6
I20260909 04:39:44.975875   429 skeleton_planner.h:170] Found solution in: 1
I20260909 04:39:44.975883   429 skeleton_planner.h:170] Found solution in: 5
I20260909 04:39:44.975912   429 skeleton_planner.h:170] Found solution in: 9
I20260909 04:39:44.975921   429 skeleton_planner.h:170] Found solution in: 1
I20260909 04:39:44.975929   429 skeleton_planner.h:170] Found solution in: 1
I20260909 04:39:44.975934   429 skeleton_planner.h:170] Found solution in: 1
I20260909 04:39:44.975939   429 skeleton_planner.h:170] Found solution in: 3
I20260909 04:39:44.975952   429 skeleton_planner.h:170] Found solution in: 3
I20260909 04:39:44.975960   429 skeleton_planner.h:170] Found solution in: 1
I20260909 04:39:44.975988   429 skeleton_planner.h:170] Found solution in: 3
I20260909 04:39:44.976001   429 skeleton_planner.h:170] Found solution in: 1
I20260909 04:39:44.976006   429 skeleton_planner.h:170] Found solution in: 2
I20260909 04:39:44.976016   429 skeleton_planner.h:170] Found solution in: 3
I20260909 04:39:44.976023   429 skeleton_planner.h:170] Found solution in: 1
I20260909 04:39:44.976040   429 skeleton_planner.h:170] Found solution in: 4
I20260909 04:39:44.976049   429 skeleton_planner.h:170] Found solution in: 1
I20260909 04:39:44.976059   429 skeleton_planner.h:170] Found solution in: 11
I20260909 04:39:44.976068   429 skeleton_planner.h:170] Found solution in: 9
I20260909 04:39:44.976104   429 skeleton_planner.h:170] Found solution in: 6
I20260909 04:39:44.976111   429 skeleton_planner.h:170] Found solution in: 1
I20260909 04:39:44.976199   429 skeleton_planner.h:170] Found solution in: 3
I20260909 04:39:44.976209   429 skeleton_planner.h:170] Found solution in: 1
I20260909 04:39:44.976226   429 skeleton_planner.h:170] Found solution in: 4
I20260909 04:39:44.976234   429 skeleton_planner.h:170] Found solution in: 1
I20260909 04:39:44.976241   429 skeleton_planner.h:170] Found solution in: 1
I20260909 04:39:44.976249   429 skeleton_planner.h:170] Found solution in: 1
I20260909 04:39:44.976276   429 skeleton_planner.h:170] Found solution in: 9
I20260909 04:39:44.976287   429 skeleton_planner.h:170] Found solution in: 1
I20260909 04:39:44.976300   429 skeleton_planner.h:170] Found solution in: 1
I20260909 04:39:44.976307   429 skeleton_planner.h:170] Found solution in: 6
I20260909 04:39:44.976325   429 skeleton_planner.h:170] Found solution in: 4
I20260909 04:39:44.976336   429 skeleton_planner.h:170] Found solution in: 1
I20260909 04:39:44.976346   429 skeleton_planner.h:170] Found solution in: 3
I20260909 04:39:44.976354   429 skeleton_planner.h:170] Found solution in: 1
I20260909 04:39:44.976366   429 skeleton_planner.h:170] Found solution in: 3
I20260909 04:39:44.976382   429 skeleton_planner.h:170] Found solution in: 1
I20260909 04:39:44.976389   429 skeleton_planner.h:170] Found solution in: 1
I20260909 04:39:44.976481   429 skeleton_planner.h:170] Found solution in: 3
I20260909 04:39:44.976488   429 skeleton_planner.h:170] Found solution in: 1
I20260909 04:39:44.976491   429 skeleton_planner.h:170] Found solution in: 2
I20260909 04:39:44.976497   429 skeleton_planner.h:170] Found solution in: 1
I20260909 04:39:44.976500   429 skeleton_planner.h:170] Found solution in: 2
I20260909 04:39:44.976505   429 skeleton_planner.h:170] Found solution in: 1
I20260909 04:39:44.976509   429 skeleton_planner.h:170] Found solution in: 4
I20260909 04:39:44.976938   429 skeleton_planner.h:170] Found solution in: 1
I20260909 04:39:44.976945   429 skeleton_planner.h:170] Found solution in: 4
I20260909 04:39:44.976979   429 skeleton_planner.h:170] Found solution in: 7
I20260909 04:39:44.976992   429 skeleton_planner.h:170] Found solution in: 1
I20260909 04:39:44.977000   429 skeleton_planner.h:170] Found solution in: 1
I20260909 04:39:44.977006   429 skeleton_planner.h:170] Found solution in: 5
I20260909 04:39:44.977013   429 skeleton_planner.h:170] Found solution in: 6
I20260909 04:39:44.977020   429 skeleton_planner.h:170] Found solution in: 1
I20260909 04:39:44.977025   429 skeleton_planner.h:170] Found solution in: 5
I20260909 04:39:44.977030   429 skeleton_planner.h:170] Found solution in: 4
I20260909 04:39:44.977038   429 skeleton_planner.h:170] Found solution in: 1
I20260909 04:39:44.977044   429 skeleton_planner.h:170] Found solution in: 4
I20260909 04:39:44.977065   429 skeleton_planner.h:170] Found solution in: 6
I20260909 04:39:44.977075   429 skeleton_planner.h:170] Found solution in: 1
I20260909 04:39:44.977080   429 skeleton_planner.h:170] Found solution in: 4
I20260909 04:39:44.977090   429 skeleton_planner.h:170] Found solution in: 1
I20260909 04:39:44.977097   429 skeleton_planner.h:170] Found solution in: 7
I20260909 04:39:44.977128   429 skeleton_planner.h:170] Found solution in: 5
I20260909 04:39:44.977138   429 skeleton_planner.h:170] Found solution in: 1
I20260909 04:39:44.977151   429 skeleton_planner.h:170] Found solution in: 3
I20260909 04:39:44.977157   429 skeleton_planner.h:170] Found solution in: 1
I20260909 04:39:44.977171   429 skeleton_planner.h:170] Found solution in: 5
I20260909 04:39:44.977180   429 skeleton_planner.h:170] Found solution in: 1
I20260909 04:39:44.977186   429 skeleton_planner.h:170] Found solution in: 1
I20260909 04:39:44.977192   429 skeleton_planner.h:170] Found solution in: 5
I20260909 04:39:44.977200   429 skeleton_planner.h:170] Found solution in: 1
I20260909 04:39:44.977205   429 skeleton_planner.h:170] Found solution in: 4
I20260909 04:39:44.977209   429 skeleton_planner.h:170] Found solution in: 1
I20260909 04:39:44.977213   429 skeleton_planner.h:170] Found solution in: 3
I20260909 04:39:44.977229   429 skeleton_planner.h:170] Found solution in: 4
I20260909 04:39:44.977234   429 skeleton_planner.h:170] Found solution in: 1
I20260909 04:39:44.977254   429 skeleton_planner.h:170] Found solution in: 7
I20260909 04:39:44.977262   429 skeleton_planner.h:170] Found solution in: 1
I20260909 04:39:44.977272   429 skeleton_planner.h:170] Found solution in: 3
I20260909 04:39:44.977278   429 skeleton_planner.h:170] Found solution in: 1
I20260909 04:39:44.977283   429 skeleton_planner.h:170] Found solution in: 2
I20260909 04:39:44.977285   429 skeleton_planner.h:170] Found solution in: 1
I20260909 04:39:44.977299   429 skeleton_planner.h:170] Found solution in: 5
I20260909 04:39:44.977308   429 skeleton_planner.h:170] Found solution in: 1
I20260909 04:39:44.977314   429 skeleton_planner.h:170] Found solution in: 1
I20260909 04:39:44.977317   429 skeleton_planner.h:170] Found solution in: 2
I20260909 04:39:44.978598   429 skeleton_planner.h:170] Found solution in: 1
I20260909 04:39:44.978602   429 skeleton_planner.h:170] Found solution in: 2
I20260909 04:39:44.979863   429 skeleton_planner.h:170] Found solution in: 1
I20260909 04:39:44.979868   429 skeleton_planner.h:170] Found solution in: 3
I20260909 04:39:44.979919   429 skeleton_planner.h:170] Found solution in: 13
I20260909 04:39:44.980005   429 skeleton_planner.h:170] Found solution in: 37
I20260909 04:39:44.980216   429 skeleton_planner.h:170] Found solution in: 92
I20260909 04:39:44.980372   429 skeleton_planner.h:170] Found solution in: 61
I20260909 04:39:44.980386   429 skeleton_planner.h:170] Found solution in: 1
I20260909 04:39:44.981211   429 skeleton_planner.h:170] Found solution in: 1
I20260909 04:39:44.981216   429 skeleton_planner.h:170] Found solution in: 3
I20260909 04:39:44.981243   429 skeleton_planner.h:170] Found solution in: 5
I20260909 04:39:44.981251   429 skeleton_planner.h:170] Found solution in: 1
I20260909 04:39:44.981274   429 skeleton_planner.h:170] Found solution in: 7
I20260909 04:39:44.981284   429 skeleton_planner.h:170] Found solution in: 1
I20260909 04:39:44.981302   429 skeleton_planner.h:170] Found solution in: 5
I20260909 04:39:44.981310   429 skeleton_planner.h:170] Found solution in: 1
I20260909 04:39:44.981320   429 skeleton_planner.h:170] Found solution in: 10
I20260909 04:39:44.981325   429 skeleton_planner.h:170] Found solution in: 1
I20260909 04:39:44.981343   429 skeleton_planner.h:170] Found solution in: 5
I20260909 04:39:44.981349   429 skeleton_planner.h:170] Found solution in: 1
I20260909 04:39:44.981552   429 skeleton_planner.h:170] Found solution in: 1
I20260909 04:39:44.981560   429 skeleton_planner.h:170] Found solution in: 9
I20260909 04:39:44.981572   429 skeleton_planner.h:170] Found solution in: 1
I20260909 04:39:44.981593   429 skeleton_planner.h:170] Found solution in: 20
I20260909 04:39:44.981601   429 skeleton_planner.h:170] Found solution in: 1
I20260909 04:39:44.981617   429 skeleton_planner.h:170] Found solution in: 3
I20260909 04:39:44.981626   429 skeleton_planner.h:170] Found solution in: 1
I20260909 04:39:44.981648   429 skeleton_planner.h:170] Found solution in: 5
I20260909 04:39:44.981657   429 skeleton_planner.h:170] Found solution in: 1
I20260909 04:39:44.981662   429 skeleton_planner.h:170] Found solution in: 4
I20260909 04:39:44.981693   429 skeleton_planner.h:170] Found solution in: 6
I20260909 04:39:44.981704   429 skeleton_planner.h:170] Found solution in: 1
I20260909 04:39:44.981712   429 skeleton_planner.h:170] Found solution in: 1
I20260909 04:39:44.981716   429 skeleton_planner.h:170] Found solution in: 2
I20260909 04:39:44.981736   429 skeleton_planner.h:170] Found solution in: 6
I20260909 04:39:44.981746   429 skeleton_planner.h:170] Found solution in: 1
I20260909 04:39:44.981753   429 skeleton_planner.h:170] Found solution in: 1
I20260909 04:39:44.981760   429 skeleton_planner.h:170] Found solution in: 6
I20260909 04:39:44.981837   429 skeleton_planner.h:170] Found solution in: 97
I20260909 04:39:44.981846   429 skeleton_planner.h:170] Found solution in: 6
I20260909 04:39:44.981943   429 skeleton_planner.h:170] Found solution in: 5
I20260909 04:39:44.981952   429 skeleton_planner.h:170] Found solution in: 1
I20260909 04:39:44.982051   429 skeleton_planner.h:170] Found solution in: 7
I20260909 04:39:44.982059   429 skeleton_planner.h:170] Found solution in: 1
I20260909 04:39:44.982089   429 skeleton_planner.h:170] Found solution in: 5
I20260909 04:39:44.982100   429 skeleton_planner.h:170] Found solution in: 1
I20260909 04:39:44.982115   429 skeleton_planner.h:170] Found solution in: 3
I20260909 04:39:44.982121   429 skeleton_planner.h:170] Found solution in: 1
I20260909 04:39:44.982136   429 skeleton_planner.h:170] Found solution in: 3
I20260909 04:39:44.982143   429 skeleton_planner.h:170] Found solution in: 1
I20260909 04:39:44.982147   429 skeleton_planner.h:170] Found solution in: 2
I20260909 04:39:44.982157   429 skeleton_planner.h:170] Found solution in: 4
I20260909 04:39:44.982167   429 skeleton_planner.h:170] Found solution in: 1
I20260909 04:39:44.982172   429 skeleton_planner.h:170] Found solution in: 2
I20260909 04:39:44.982178   429 skeleton_planner.h:170] Found solution in: 1
I20260909 04:39:44.982182   429 skeleton_planner.h:170] Found solution in: 2
I20260909 04:39:44.982187   429 skeleton_planner.h:170] Found solution in: 1
I20260909 04:39:44.982189   429 skeleton_planner.h:170] Found solution in: 2
I20260909 04:39:44.983314   429 skeleton_planner.h:170] Found solution in: 38
I20260909 04:39:44.983327   429 skeleton_planner.h:170] Found solution in: 1
I20260909 04:39:44.983443   429 skeleton_planner.h:170] Found solution in: 5
I20260909 04:39:44.983453   429 skeleton_planner.h:170] Found solution in: 1
I20260909 04:39:44.983455   429 skeleton_planner.h:170] Found solution in: 2
I20260909 04:39:44.983481   429 skeleton_planner.h:170] Found solution in: 7
I20260909 04:39:44.983489   429 skeleton_planner.h:170] Found solution in: 1
I20260909 04:39:44.983515   429 skeleton_planner.h:170] Found solution in: 7
I20260909 04:39:44.983522   429 skeleton_planner.h:170] Found solution in: 1
I20260909 04:39:44.983527   429 skeleton_planner.h:170] Found solution in: 3
I20260909 04:39:44.983542   429 skeleton_planner.h:170] Found solution in: 5
I20260909 04:39:44.983548   429 skeleton_planner.h:170] Found solution in: 1
I20260909 04:39:44.983572   429 skeleton_planner.h:170] Found solution in: 8
I20260909 04:39:44.983578   429 skeleton_planner.h:170] Found solution in: 1
I20260909 04:39:44.983582   429 skeleton_planner.h:170] Found solution in: 2
I20260909 04:39:44.983960   429 skeleton_planner.h:170] Found solution in: 1
I20260909 04:39:44.983963   429 skeleton_planner.h:170] Found solution in: 2
I20260909 04:39:44.984361   429 skeleton_planner.h:170] Found solution in: 9
I20260909 04:39:44.984369   429 skeleton_planner.h:170] Found solution in: 1
I20260909 04:39:44.984746   429 skeleton_planner.h:170] Found solution in: 10
I20260909 04:39:44.984755   429 skeleton_planner.h:170] Found solution in: 1
I20260909 04:39:44.984760   429 skeleton_planner.h:170] Found solution in: 4
I20260909 04:39:44.984764   429 skeleton_planner.h:170] Found solution in: 1
I20260909 04:39:44.984769   429 skeleton_planner.h:170] Found solution in: 4
I20260909 04:39:44.984774   429 skeleton_planner.h:170] Found solution in: 1
I20260909 04:39:44.984778   429 skeleton_planner.h:170] Found solution in: 1
I20260909 04:39:44.984784   429 skeleton_planner.h:170] Found solution in: 5
I20260909 04:39:44.985133   429 skeleton_planner.h:170] Found solution in: 9
I20260909 04:39:44.985142   429 skeleton_planner.h:170] Found solution in: 1
I20260909 04:39:44.985146   429 skeleton_planner.h:170] Found solution in: 2
I20260909 04:39:44.985394   429 skeleton_planner.h:170] Found solution in: 15
I20260909 04:39:44.985402   429 skeleton_planner.h:170] Found solution in: 1
I20260909 04:39:44.985626   429 skeleton_planner.h:170] Found solution in: 15
I20260909 04:39:44.985634   429 skeleton_planner.h:170] Found solution in: 1
I20260909 04:39:44.985639   429 skeleton_planner.h:170] Found solution in: 3
I20260909 04:39:44.986025   429 skeleton_planner.h:170] Found solution in: 8
I20260909 04:39:44.986032   429 skeleton_planner.h:170] Found solution in: 1
I20260909 04:39:44.986357   429 skeleton_planner.h:170] Found solution in: 1
I20260909 04:39:44.986375   429 skeleton_planner.h:170] Found solution in: 5
I20260909 04:39:44.986382   429 skeleton_planner.h:170] Found solution in: 1
I20260909 04:39:44.986408   429 skeleton_planner.h:170] Found solution in: 7
I20260909 04:39:44.986418   429 skeleton_planner.h:170] Found solution in: 1
I20260909 04:39:44.986428   429 skeleton_planner.h:170] Found solution in: 8
I20260909 04:39:44.986433   429 skeleton_planner.h:170] Found solution in: 1
I20260909 04:39:44.986436   429 skeleton_planner.h:170] Found solution in: 2
I20260909 04:39:44.986446   429 skeleton_planner.h:170] Found solution in: 4
I20260909 04:39:44.986452   429 skeleton_planner.h:170] Found solution in: 1
I20260909 04:39:44.986464   429 skeleton_planner.h:170] Found solution in: 4
I20260909 04:39:44.986469   429 skeleton_planner.h:170] Found solution in: 1
I20260909 04:39:44.986472   429 skeleton_planner.h:170] Found solution in: 2
I20260909 04:39:44.986483   429 skeleton_planner.h:170] Found solution in: 4
I20260909 04:39:44.986490   429 skeleton_planner.h:170] Found solution in: 1
I20260909 04:39:44.986515   429 skeleton_planner.h:170] Found solution in: 11
I20260909 04:39:44.986524   429 skeleton_planner.h:170] Found solution in: 1
I20260909 04:39:44.986529   429 skeleton_planner.h:170] Found solution in: 3
I20260909 04:39:44.986661   429 skeleton_planner.h:170] Found solution in: 1
I20260909 04:39:44.986666   429 skeleton_planner.h:170] Found solution in: 3
I20260909 04:39:44.986793   429 skeleton_planner.h:170] Found solution in: 1
I20260909 04:39:44.986799   429 skeleton_planner.h:170] Found solution in: 1
I20260909 04:39:44.986804   429 skeleton_planner.h:170] Found solution in: 3
I20260909 04:39:44.986852   429 skeleton_planner.h:170] Found solution in: 23
I20260909 04:39:44.986964   429 skeleton_planner.h:170] Found solution in: 58
I20260909 04:39:44.986976   429 skeleton_planner.h:170] Found solution in: 1
I20260909 04:39:44.987133   429 skeleton_planner.h:170] Found solution in: 96
I20260909 04:39:44.987151   429 skeleton_planner.h:170] Found solution in: 6
I20260909 04:39:44.987159   429 skeleton_planner.h:170] Found solution in: 1
I20260909 04:39:44.987164   429 skeleton_planner.h:170] Found solution in: 3
I20260909 04:39:44.987177   429 skeleton_planner.h:170] Found solution in: 6
I20260909 04:39:44.987183   429 skeleton_planner.h:170] Found solution in: 1
I20260909 04:39:44.987386   429 skeleton_planner.h:170] Found solution in: 7
I20260909 04:39:44.987396   429 skeleton_planner.h:170] Found solution in: 1
I20260909 04:39:44.987409   429 skeleton_planner.h:170] Found solution in: 1
I20260909 04:39:44.987413   429 skeleton_planner.h:170] Found solution in: 3
I20260909 04:39:44.987427   429 skeleton_planner.h:170] Found solution in: 4
I20260909 04:39:44.987437   429 skeleton_planner.h:170] Found solution in: 1
I20260909 04:39:44.987466   429 skeleton_planner.h:170] Found solution in: 6
I20260909 04:39:44.987474   429 skeleton_planner.h:170] Found solution in: 1
I20260909 04:39:44.987481   429 skeleton_planner.h:170] Found solution in: 6
I20260909 04:39:44.987568   429 skeleton_planner.h:170] Found solution in: 4
I20260909 04:39:44.987574   429 skeleton_planner.h:170] Found solution in: 1
I20260909 04:39:44.987582   429 skeleton_planner.h:170] Found solution in: 1
I20260909 04:39:44.987668   429 skeleton_planner.h:170] Found solution in: 3
I20260909 04:39:44.987677   429 skeleton_planner.h:170] Found solution in: 1
I20260909 04:39:44.987694   429 skeleton_planner.h:170] Found solution in: 5
I20260909 04:39:44.987701   429 skeleton_planner.h:170] Found solution in: 1
I20260909 04:39:44.987707   429 skeleton_planner.h:170] Found solution in: 1
I20260909 04:39:44.987725   429 skeleton_planner.h:170] Found solution in: 8
I20260909 04:39:44.987735   429 skeleton_planner.h:170] Found solution in: 1
I20260909 04:39:44.987739   429 skeleton_planner.h:170] Found solution in: 2
I20260909 04:39:44.987749   429 skeleton_planner.h:170] Found solution in: 3
I20260909 04:39:44.987759   429 skeleton_planner.h:170] Found solution in: 1
I20260909 04:39:44.987769   429 skeleton_planner.h:170] Found solution in: 3
I20260909 04:39:44.987778   429 skeleton_planner.h:170] Found solution in: 1
I20260909 04:39:44.987788   429 skeleton_planner.h:170] Found solution in: 3
I20260909 04:39:44.987797   429 skeleton_planner.h:170] Found solution in: 1
I20260909 04:39:44.987803   429 skeleton_planner.h:170] Found solution in: 1
I20260909 04:39:44.987808   429 skeleton_planner.h:170] Found solution in: 4
I20260909 04:39:44.987828   429 skeleton_planner.h:170] Found solution in: 6
I20260909 04:39:44.987836   429 skeleton_planner.h:170] Found solution in: 1
I20260909 04:39:44.987850   429 skeleton_planner.h:170] Found solution in: 5
I20260909 04:39:44.987859   429 skeleton_planner.h:170] Found solution in: 1
I20260909 04:39:44.987862   429 skeleton_planner.h:170] Found solution in: 3
I20260909 04:39:44.987875   429 skeleton_planner.h:170] Found solution in: 4
I20260909 04:39:44.987882   429 skeleton_planner.h:170] Found solution in: 1
I20260909 04:39:44.987920   429 skeleton_planner.h:170] Found solution in: 20
I20260909 04:39:44.987934   429 skeleton_planner.h:170] Found solution in: 1
I20260909 04:39:44.987941   429 skeleton_planner.h:170] Found solution in: 1
I20260909 04:39:44.987951   429 skeleton_planner.h:170] Found solution in: 3
I20260909 04:39:44.987958   429 skeleton_planner.h:170] Found solution in: 1
I20260909 04:39:44.987969   429 skeleton_planner.h:170] Found solution in: 3
I20260909 04:39:44.987977   429 skeleton_planner.h:170] Found solution in: 1
I20260909 04:39:44.987986   429 skeleton_planner.h:170] Found solution in: 3
I20260909 04:39:44.987991   429 skeleton_planner.h:170] Found solution in: 1
I20260909 04:39:44.987995   429 skeleton_planner.h:170] Found solution in: 2
I20260909 04:39:44.988008   429 skeleton_planner.h:170] Found solution in: 4
I20260909 04:39:44.988013   429 skeleton_planner.h:170] Found solution in: 1
I20260909 04:39:44.988018   429 skeleton_planner.h:170] Found solution in: 1
I20260909 04:39:44.988022   429 skeleton_planner.h:170] Found solution in: 2
I20260909 04:39:44.988674   429 skeleton_planner.h:170] Found solution in: 1
I20260909 04:39:44.988680   429 skeleton_planner.h:170] Found solution in: 2
I20260909 04:39:44.989312   429 skeleton_planner.h:170] Found solution in: 1
I20260909 04:39:44.989331   429 skeleton_planner.h:170] Found solution in: 6
I20260909 04:39:44.989337   429 skeleton_planner.h:170] Found solution in: 1
I20260909 04:39:44.989463   429 skeleton_planner.h:170] Found solution in: 1
I20260909 04:39:44.989471   429 skeleton_planner.h:170] Found solution in: 1
I20260909 04:39:44.989508   429 skeleton_planner.h:170] Found solution in: 15
I20260909 04:39:44.989518   429 skeleton_planner.h:170] Found solution in: 1
I20260909 04:39:44.989526   429 skeleton_planner.h:170] Found solution in: 1
I20260909 04:39:44.989534   429 skeleton_planner.h:170] Found solution in: 9
I20260909 04:39:44.989542   429 skeleton_planner.h:170] Found solution in: 1
I20260909 04:39:44.989624   429 skeleton_planner.h:170] Found solution in: 3
I20260909 04:39:44.989634   429 skeleton_planner.h:170] Found solution in: 1
I20260909 04:39:44.989641   429 skeleton_planner.h:170] Found solution in: 1
I20260909 04:39:44.989728   429 skeleton_planner.h:170] Found solution in: 4
I20260909 04:39:44.989737   429 skeleton_planner.h:170] Found solution in: 1
I20260909 04:39:44.989840   429 skeleton_planner.h:170] Found solution in: 61
I20260909 04:39:44.990025   429 skeleton_planner.h:170] Found solution in: 100
I20260909 04:39:44.990048   429 skeleton_planner.h:170] Found solution in: 6
I20260909 04:39:44.990056   429 skeleton_planner.h:170] Found solution in: 1
I20260909 04:39:44.990095   429 skeleton_planner.h:170] Found solution in: 8
I20260909 04:39:44.990104   429 skeleton_planner.h:170] Found solution in: 1
I20260909 04:39:44.990111   429 skeleton_planner.h:170] Found solution in: 6
I20260909 04:39:44.990132   429 skeleton_planner.h:170] Found solution in: 22
I20260909 04:39:44.990142   429 skeleton_planner.h:170] Found solution in: 1
I20260909 04:39:44.990165   429 skeleton_planner.h:170] Found solution in: 6
I20260909 04:39:44.990173   429 skeleton_planner.h:170] Found solution in: 1
I20260909 04:39:44.990180   429 skeleton_planner.h:170] Found solution in: 1
I20260909 04:39:44.990186   429 skeleton_planner.h:170] Found solution in: 1
I20260909 04:39:44.990191   429 skeleton_planner.h:170] Found solution in: 3
I20260909 04:39:44.990370   429 skeleton_planner.h:170] Found solution in: 1
I20260909 04:39:44.990373   429 skeleton_planner.h:170] Found solution in: 3
I20260909 04:39:44.990556   429 skeleton_planner.h:170] Found solution in: 1
I20260909 04:39:44.990897   429 skeleton_planner.h:170] Found solution in: 1
I20260909 04:39:44.990940   429 skeleton_planner.h:170] Found solution in: 9
I20260909 04:39:44.990949   429 skeleton_planner.h:170] Found solution in: 1
I20260909 04:39:44.990957   429 skeleton_planner.h:170] Found solution in: 1
I20260909 04:39:44.990960   429 skeleton_planner.h:170] Found solution in: 3
I20260909 04:39:44.991154   429 skeleton_planner.h:170] Found solution in: 99
I20260909 04:39:44.991168   429 skeleton_planner.h:170] Found solution in: 1
I20260909 04:39:44.991171   429 skeleton_planner.h:170] Found solution in: 3
I20260909 04:39:44.991302   429 skeleton_planner.h:170] Found solution in: 68
I20260909 04:39:44.991317   429 skeleton_planner.h:170] Found solution in: 1
I20260909 04:39:44.991478   429 skeleton_planner.h:170] Found solution in: 94
I20260909 04:39:44.991582   429 skeleton_planner.h:170] Found solution in: 47
I20260909 04:39:44.991614   429 skeleton_planner.h:170] Found solution in: 7
I20260909 04:39:44.991621   429 skeleton_planner.h:170] Found solution in: 1
I20260909 04:39:44.991731   429 skeleton_planner.h:170] Found solution in: 52
I20260909 04:39:44.991968   429 skeleton_planner.h:170] Found solution in: 1
I20260909 04:39:44.991993   429 skeleton_planner.h:170] Found solution in: 3
I20260909 04:39:44.992000   429 skeleton_planner.h:170] Found solution in: 1
I20260909 04:39:44.992004   429 skeleton_planner.h:170] Found solution in: 3
I20260909 04:39:44.992008   429 skeleton_planner.h:170] Found solution in: 1
I20260909 04:39:44.992012   429 skeleton_planner.h:170] Found solution in: 3
I20260909 04:39:44.992017   429 skeleton_planner.h:170] Found solution in: 1
I20260909 04:39:44.992022   429 skeleton_planner.h:170] Found solution in: 3
I20260909 04:39:44.992060   429 skeleton_planner.h:170] Found solution in: 10
I20260909 04:39:44.992069   429 skeleton_planner.h:170] Found solution in: 1
I20260909 04:39:44.992093   429 skeleton_planner.h:170] Found solution in: 8
I20260909 04:39:44.992105   429 skeleton_planner.h:170] Found solution in: 1
I20260909 04:39:44.992112   429 skeleton_planner.h:170] Found solution in: 1
I20260909 04:39:44.992131   429 skeleton_planner.h:170] Found solution in: 21
I20260909 04:39:44.992219   429 skeleton_planner.h:170] Found solution in: 4
I20260909 04:39:44.992229   429 skeleton_planner.h:170] Found solution in: 1
I20260909 04:39:44.992256   429 skeleton_planner.h:170] Found solution in: 35
I20260909 04:39:44.992265   429 skeleton_planner.h:170] Found solution in: 1
I20260909 04:39:44.992348   429 skeleton_planner.h:170] Found solution in: 4
I20260909 04:39:44.992357   429 skeleton_planner.h:170] Found solution in: 1
I20260909 04:39:44.992413   429 skeleton_planner.h:170] Found solution in: 73
I20260909 04:39:44.992425   429 skeleton_planner.h:170] Found solution in: 11
I20260909 04:39:44.992434   429 skeleton_planner.h:170] Found solution in: 1
I20260909 04:39:44.992457   429 skeleton_planner.h:170] Found solution in: 33
I20260909 04:39:44.992465   429 skeleton_planner.h:170] Found solution in: 1
I20260909 04:39:44.992515   429 skeleton_planner.h:170] Found solution in: 67
I20260909 04:39:44.992568   429 skeleton_planner.h:170] Found solution in: 68
I20260909 04:39:44.992574   429 skeleton_planner.h:170] Found solution in: 1
I20260909 04:39:44.992628   429 skeleton_planner.h:170] Found solution in: 73
I20260909 04:39:44.992637   429 skeleton_planner.h:170] Found solution in: 1
I20260909 04:39:44.992651   429 skeleton_planner.h:170] Found solution in: 16
I20260909 04:39:44.992657   429 skeleton_planner.h:170] Found solution in: 1
I20260909 04:39:44.992672   429 skeleton_planner.h:170] Found solution in: 19
I20260909 04:39:44.992677   429 skeleton_planner.h:170] Found solution in: 1
I20260909 04:39:44.992758   429 skeleton_planner.h:170] Found solution in: 4
I20260909 04:39:44.992770   429 skeleton_planner.h:170] Found solution in: 1
I20260909 04:39:44.992775   429 skeleton_planner.h:170] Found solution in: 3
I20260909 04:39:44.992790   429 skeleton_planner.h:170] Found solution in: 5
I20260909 04:39:44.992802   429 skeleton_planner.h:170] Found solution in: 1
I20260909 04:39:44.992806   429 skeleton_planner.h:170] Found solution in: 3
I20260909 04:39:44.992918   429 skeleton_planner.h:170] Found solution in: 5
I20260909 04:39:44.992926   429 skeleton_planner.h:170] Found solution in: 1
I20260909 04:39:44.992933   429 skeleton_planner.h:170] Found solution in: 7
I20260909 04:39:44.992940   429 skeleton_planner.h:170] Found solution in: 7
I20260909 04:39:44.993000   429 skeleton_planner.h:170] Found solution in: 72
I20260909 04:39:44.993057   429 skeleton_planner.h:170] Found solution in: 67
I20260909 04:39:44.993067   429 skeleton_planner.h:170] Found solution in: 1
I20260909 04:39:44.993075   429 skeleton_planner.h:170] Found solution in: 1
I20260909 04:39:44.993080   429 skeleton_planner.h:170] Found solution in: 3
I20260909 04:39:44.993088   429 skeleton_planner.h:170] Found solution in: 8
I20260909 04:39:44.993093   429 skeleton_planner.h:170] Found solution in: 4
I20260909 04:39:44.993150   429 skeleton_planner.h:170] Found solution in: 72
I20260909 04:39:44.993161   429 skeleton_planner.h:170] Found solution in: 1
I20260909 04:39:44.993170   429 skeleton_planner.h:170] Found solution in: 10
I20260909 04:39:44.993176   429 skeleton_planner.h:170] Found solution in: 4
I20260909 04:39:44.993181   429 skeleton_planner.h:170] Found solution in: 4
I20260909 04:39:44.993186   429 skeleton_planner.h:170] Found solution in: 1
I20260909 04:39:44.993271   429 skeleton_planner.h:170] Found solution in: 21
I20260909 04:39:44.993285   429 skeleton_planner.h:170] Found solution in: 1
I20260909 04:39:44.993290   429 skeleton_planner.h:170] Found solution in: 3
I20260909 04:39:44.993302   429 skeleton_planner.h:170] Found solution in: 3
I20260909 04:39:44.993314   429 skeleton_planner.h:170] Found solution in: 1
I20260909 04:39:44.993323   429 skeleton_planner.h:170] Found solution in: 8
I20260909 04:39:44.993330   429 skeleton_planner.h:170] Found solution in: 1
I20260909 04:39:44.993335   429 skeleton_planner.h:170] Found solution in: 5
I20260909 04:39:44.993341   429 skeleton_planner.h:170] Found solution in: 1
I20260909 04:39:44.993350   429 skeleton_planner.h:170] Found solution in: 1
I20260909 04:39:44.993373   429 skeleton_planner.h:170] Found solution in: 6
I20260909 04:39:44.993381   429 skeleton_planner.h:170] Found solution in: 1
I20260909 04:39:44.993469   429 skeleton_planner.h:170] Found solution in: 4
I20260909 04:39:44.993477   429 skeleton_planner.h:170] Found solution in: 1
I20260909 04:39:44.993491   429 skeleton_planner.h:170] Found solution in: 3
I20260909 04:39:44.993499   429 skeleton_planner.h:170] Found solution in: 1
I20260909 04:39:44.993512   429 skeleton_planner.h:170] Found solution in: 3
I20260909 04:39:44.993521   429 skeleton_planner.h:170] Found solution in: 1
I20260909 04:39:44.993535   429 skeleton_planner.h:170] Found solution in: 4
I20260909 04:39:44.993543   429 skeleton_planner.h:170] Found solution in: 1
I20260909 04:39:44.993549   429 skeleton_planner.h:170] Found solution in: 5
I20260909 04:39:44.993566   429 skeleton_planner.h:170] Found solution in: 5
I20260909 04:39:44.993574   429 skeleton_planner.h:170] Found solution in: 1
I20260909 04:39:44.993582   429 skeleton_planner.h:170] Found solution in: 1
I20260909 04:39:44.993671   429 skeleton_planner.h:170] Found solution in: 3
I20260909 04:39:44.993678   429 skeleton_planner.h:170] Found solution in: 1
I20260909 04:39:44.993693   429 skeleton_planner.h:170] Found solution in: 4
I20260909 04:39:44.993700   429 skeleton_planner.h:170] Found solution in: 1
I20260909 04:39:44.993705   429 skeleton_planner.h:170] Found solution in: 2
I20260909 04:39:44.993866   429 skeleton_planner.h:170] Found solution in: 1
I20260909 04:39:44.993870   429 skeleton_planner.h:170] Found solution in: 2
I20260909 04:39:44.994038   429 skeleton_planner.h:170] Found solution in: 1
I20260909 04:39:44.994135   429 skeleton_planner.h:170] Found solution in: 4
I20260909 04:39:44.994144   429 skeleton_planner.h:170] Found solution in: 1
I20260909 04:39:44.994151   429 skeleton_planner.h:170] Found solution in: 5
I20260909 04:39:44.994158   429 skeleton_planner.h:170] Found solution in: 5
I20260909 04:39:44.994220   429 skeleton_planner.h:170] Found solution in: 5
I20260909 04:39:44.994230   429 skeleton_planner.h:170] Found solution in: 1
I20260909 04:39:44.994233   429 skeleton_planner.h:170] Found solution in: 3
I20260909 04:39:44.994246   429 skeleton_planner.h:170] Found solution in: 4
I20260909 04:39:44.994252   429 skeleton_planner.h:170] Found solution in: 1
I20260909 04:39:44.994266   429 skeleton_planner.h:170] Found solution in: 4
I20260909 04:39:44.994274   429 skeleton_planner.h:170] Found solution in: 1
I20260909 04:39:44.994283   429 skeleton_planner.h:170] Found solution in: 1
I20260909 04:39:44.994287   429 skeleton_planner.h:170] Found solution in: 2
I20260909 04:39:44.994302   429 skeleton_planner.h:170] Found solution in: 5
I20260909 04:39:44.994313   429 skeleton_planner.h:170] Found solution in: 1
I20260909 04:39:44.994331   429 skeleton_planner.h:170] Found solution in: 5
I20260909 04:39:44.994339   429 skeleton_planner.h:170] Found solution in: 1
I20260909 04:39:44.994347   429 skeleton_planner.h:170] Found solution in: 1
I20260909 04:39:44.994351   429 skeleton_planner.h:170] Found solution in: 2
I20260909 04:39:44.994362   429 skeleton_planner.h:170] Found solution in: 1
I20260909 04:39:44.994405   429 skeleton_planner.h:170] Found solution in: 46
I20260909 04:39:44.994412   429 skeleton_planner.h:170] Found solution in: 5
I20260909 04:39:44.994418   429 skeleton_planner.h:170] Found solution in: 5
I20260909 04:39:44.994428   429 skeleton_planner.h:170] Found solution in: 1
I20260909 04:39:44.994432   429 skeleton_planner.h:170] Found solution in: 3
I20260909 04:39:44.994439   429 skeleton_planner.h:170] Found solution in: 1
I20260909 04:39:44.994445   429 skeleton_planner.h:170] Found solution in: 3
I20260909 04:39:44.994453   429 skeleton_planner.h:170] Found solution in: 1
I20260909 04:39:44.994457   429 skeleton_planner.h:170] Found solution in: 3
I20260909 04:39:44.994464   429 skeleton_planner.h:170] Found solution in: 1
I20260909 04:39:44.994467   429 skeleton_planner.h:170] Found solution in: 2
I20260909 04:39:44.994473   429 skeleton_planner.h:170] Found solution in: 1
I20260909 04:39:44.994481   429 skeleton_planner.h:170] Found solution in: 8
I20260909 04:39:44.994489   429 skeleton_planner.h:170] Found solution in: 1
I20260909 04:39:44.994499   429 skeleton_planner.h:170] Found solution in: 1
I20260909 04:39:44.994504   429 skeleton_planner.h:170] Found solution in: 5
I20260909 04:39:44.994509   429 skeleton_planner.h:170] Found solution in: 5
I20260909 04:39:44.994517   429 skeleton_planner.h:170] Found solution in: 1
I20260909 04:39:44.994521   429 skeleton_planner.h:170] Found solution in: 3
I20260909 04:39:44.994592   429 skeleton_planner.h:170] Found solution in: 83
I20260909 04:39:44.994681   429 skeleton_planner.h:170] Found solution in: 98
I20260909 04:39:44.994701   429 skeleton_planner.h:170] Found solution in: 17
I20260909 04:39:44.994805   429 skeleton_planner.h:170] Found solution in: 4
I20260909 04:39:44.994813   429 skeleton_planner.h:170] Found solution in: 1
I20260909 04:39:44.994829   429 skeleton_planner.h:170] Found solution in: 17
I20260909 04:39:44.994900   429 skeleton_planner.h:170] Found solution in: 83
I20260909 04:39:44.994913   429 skeleton_planner.h:170] Found solution in: 10
I20260909 04:39:44.994920   429 skeleton_planner.h:170] Found solution in: 1
I20260909 04:39:44.994937   429 skeleton_planner.h:170] Found solution in: 19
I20260909 04:39:44.994951   429 skeleton_planner.h:170] Found solution in: 12
I20260909 04:39:44.994959   429 skeleton_planner.h:170] Found solution in: 1
I20260909 04:39:44.994963   429 skeleton_planner.h:170] Found solution in: 3
I20260909 04:39:44.994968   429 skeleton_planner.h:170] Found solution in: 5
I20260909 04:39:44.994977   429 skeleton_planner.h:170] Found solution in: 1
I20260909 04:39:44.994982   429 skeleton_planner.h:170] Found solution in: 3
I20260909 04:39:44.994985   429 skeleton_planner.h:170] Found solution in: 5
I20260909 04:39:44.995007   429 skeleton_planner.h:170] Found solution in: 5
I20260909 04:39:44.995025   429 skeleton_planner.h:170] Found solution in: 1
I20260909 04:39:44.995092   429 skeleton_planner.h:170] Found solution in: 73
I20260909 04:39:44.995118   429 skeleton_planner.h:170] Found solution in: 27
I20260909 04:39:44.995128   429 skeleton_planner.h:170] Found solution in: 1
I20260909 04:39:44.995138   429 skeleton_planner.h:170] Found solution in: 10
I20260909 04:39:44.995191   429 skeleton_planner.h:170] Found solution in: 60
I20260909 04:39:44.995203   429 skeleton_planner.h:170] Found solution in: 1
I20260909 04:39:44.995213   429 skeleton_planner.h:170] Found solution in: 1
I20260909 04:39:44.995304   429 skeleton_planner.h:170] Found solution in: 4
I20260909 04:39:44.995314   429 skeleton_planner.h:170] Found solution in: 1
I20260909 04:39:44.995329   429 skeleton_planner.h:170] Found solution in: 5
I20260909 04:39:44.995338   429 skeleton_planner.h:170] Found solution in: 1
I20260909 04:39:44.995345   429 skeleton_planner.h:170] Found solution in: 1
I20260909 04:39:44.995364   429 skeleton_planner.h:170] Found solution in: 5
I20260909 04:39:44.995373   429 skeleton_planner.h:170] Found solution in: 1
I20260909 04:39:44.995381   429 skeleton_planner.h:170] Found solution in: 1
I20260909 04:39:44.995394   429 skeleton_planner.h:170] Found solution in: 4
I20260909 04:39:44.995405   429 skeleton_planner.h:170] Found solution in: 1
I20260909 04:39:44.995411   429 skeleton_planner.h:170] Found solution in: 1
I20260909 04:39:44.995417   429 skeleton_planner.h:170] Found solution in: 1
I20260909 04:39:44.995424   429 skeleton_planner.h:170] Found solution in: 1
I20260909 04:39:44.995448   429 skeleton_planner.h:170] Found solution in: 21
I20260909 04:39:44.995460   429 skeleton_planner.h:170] Found solution in: 8
I20260909 04:39:44.995468   429 skeleton_planner.h:170] Found solution in: 1
I20260909 04:39:44.995514   429 skeleton_planner.h:170] Found solution in: 51
I20260909 04:39:44.995525   429 skeleton_planner.h:170] Found solution in: 7
I20260909 04:39:44.995544   429 skeleton_planner.h:170] Found solution in: 18
I20260909 04:39:44.995553   429 skeleton_planner.h:170] Found solution in: 1
I20260909 04:39:44.995609   429 skeleton_planner.h:170] Found solution in: 67
I20260909 04:39:44.995620   429 skeleton_planner.h:170] Found solution in: 1
I20260909 04:39:44.995627   429 skeleton_planner.h:170] Found solution in: 1
I20260909 04:39:44.995647   429 skeleton_planner.h:170] Found solution in: 21
I20260909 04:39:44.995656   429 skeleton_planner.h:170] Found solution in: 1
I20260909 04:39:44.995661   429 skeleton_planner.h:170] Found solution in: 4
I20260909 04:39:44.995667   429 skeleton_planner.h:170] Found solution in: 1
I20260909 04:39:44.995674   429 skeleton_planner.h:170] Found solution in: 7
I20260909 04:39:44.995682   429 skeleton_planner.h:170] Found solution in: 7
I20260909 04:39:44.995687   429 skeleton_planner.h:170] Found solution in: 1
I20260909 04:39:44.995694   429 skeleton_planner.h:170] Found solution in: 1
I20260909 04:39:44.995700   429 skeleton_planner.h:170] Found solution in: 1
I20260909 04:39:44.995723   429 skeleton_planner.h:170] Found solution in: 6
I20260909 04:39:44.995733   429 skeleton_planner.h:170] Found solution in: 1
I20260909 04:39:44.995738   429 skeleton_planner.h:170] Found solution in: 3
I20260909 04:39:44.995750   429 skeleton_planner.h:170] Found solution in: 4
I20260909 04:39:44.995759   429 skeleton_planner.h:170] Found solution in: 1
I20260909 04:39:44.995769   429 skeleton_planner.h:170] Found solution in: 1
I20260909 04:39:44.995775   429 skeleton_planner.h:170] Found solution in: 1
I20260909 04:39:44.995867   429 skeleton_planner.h:170] Found solution in: 6
I20260909 04:39:44.995875   429 skeleton_planner.h:170] Found solution in: 1
I20260909 04:39:44.995963   429 skeleton_planner.h:170] Found solution in: 4
I20260909 04:39:44.995972   429 skeleton_planner.h:170] Found solution in: 1
I20260909 04:39:44.995982   429 skeleton_planner.h:170] Found solution in: 11
I20260909 04:39:44.995990   429 skeleton_planner.h:170] Found solution in: 1
I20260909 04:39:44.996002   429 skeleton_planner.h:170] Found solution in: 1
I20260909 04:39:44.996008   429 skeleton_planner.h:170] Found solution in: 1
I20260909 04:39:44.996026   429 skeleton_planner.h:170] Found solution in: 3
I20260909 04:39:44.996032   429 skeleton_planner.h:170] Found solution in: 1
I20260909 04:39:44.996042   429 skeleton_planner.h:170] Found solution in: 1
I20260909 04:39:44.996048   429 skeleton_planner.h:170] Found solution in: 1
I20260909 04:39:44.996083   429 skeleton_planner.h:170] Found solution in: 47
I20260909 04:39:44.996093   429 skeleton_planner.h:170] Found solution in: 11
I20260909 04:39:44.996101   429 skeleton_planner.h:170] Found solution in: 8
I20260909 04:39:44.996127   429 skeleton_planner.h:170] Found solution in: 36
I20260909 04:39:44.996135   429 skeleton_planner.h:170] Found solution in: 1
I20260909 04:39:44.996140   429 skeleton_planner.h:170] Found solution in: 2
I20260909 04:39:44.996163   429 skeleton_planner.h:170] Found solution in: 7
I20260909 04:39:44.996172   429 skeleton_planner.h:170] Found solution in: 1
I20260909 04:39:44.996212   429 skeleton_planner.h:170] Found solution in: 49
I20260909 04:39:44.996232   429 skeleton_planner.h:170] Found solution in: 22
I20260909 04:39:44.996254   429 skeleton_planner.h:170] Found solution in: 28
I20260909 04:39:44.996263   429 skeleton_planner.h:170] Found solution in: 1
I20260909 04:39:44.996269   429 skeleton_planner.h:170] Found solution in: 1
I20260909 04:39:44.996291   429 skeleton_planner.h:170] Found solution in: 30
I20260909 04:39:44.996301   429 skeleton_planner.h:170] Found solution in: 10
I20260909 04:39:44.996308   429 skeleton_planner.h:170] Found solution in: 6
I20260909 04:39:44.996342   429 skeleton_planner.h:170] Found solution in: 40
I20260909 04:39:44.996351   429 skeleton_planner.h:170] Found solution in: 1
I20260909 04:39:44.996372   429 skeleton_planner.h:170] Found solution in: 26
I20260909 04:39:44.996402   429 skeleton_planner.h:170] Found solution in: 39
I20260909 04:39:44.996423   429 skeleton_planner.h:170] Found solution in: 26
I20260909 04:39:44.996435   429 skeleton_planner.h:170] Found solution in: 1
I20260909 04:39:44.996441   429 skeleton_planner.h:170] Found solution in: 1
I20260909 04:39:44.996469   429 skeleton_planner.h:170] Found solution in: 5
I20260909 04:39:44.996479   429 skeleton_planner.h:170] Found solution in: 1
I20260909 04:39:44.996487   429 skeleton_planner.h:170] Found solution in: 1
I20260909 04:39:44.996498   429 skeleton_planner.h:170] Found solution in: 11
I20260909 04:39:44.996506   429 skeleton_planner.h:170] Found solution in: 7
I20260909 04:39:44.996515   429 skeleton_planner.h:170] Found solution in: 1
I20260909 04:39:44.996558   429 skeleton_planner.h:170] Found solution in: 51
I20260909 04:39:44.996658   429 skeleton_planner.h:170] Found solution in: 4
I20260909 04:39:44.996667   429 skeleton_planner.h:170] Found solution in: 1
I20260909 04:39:44.996755   429 skeleton_planner.h:170] Found solution in: 3
I20260909 04:39:44.996764   429 skeleton_planner.h:170] Found solution in: 1
I20260909 04:39:44.996858   429 skeleton_planner.h:170] Found solution in: 4
I20260909 04:39:44.996870   429 skeleton_planner.h:170] Found solution in: 1
I20260909 04:39:44.996879   429 skeleton_planner.h:170] Found solution in: 1
I20260909 04:39:44.996886   429 skeleton_planner.h:170] Found solution in: 1
I20260909 04:39:44.996902   429 skeleton_planner.h:170] Found solution in: 17
I20260909 04:39:44.996909   429 skeleton_planner.h:170] Found solution in: 1
I20260909 04:39:44.996984   429 skeleton_planner.h:170] Found solution in: 98
I20260909 04:39:44.997077   429 skeleton_planner.h:170] Found solution in: 4
I20260909 04:39:44.997084   429 skeleton_planner.h:170] Found solution in: 1
I20260909 04:39:44.997092   429 skeleton_planner.h:170] Found solution in: 1
I20260909 04:39:44.997117   429 skeleton_planner.h:170] Found solution in: 7
I20260909 04:39:44.997135   429 skeleton_planner.h:170] Found solution in: 5
I20260909 04:39:44.997160   429 skeleton_planner.h:170] Found solution in: 8
I20260909 04:39:44.997176   429 skeleton_planner.h:170] Found solution in: 5
I20260909 04:39:44.997190   429 skeleton_planner.h:170] Found solution in: 3
I20260909 04:39:44.997201   429 skeleton_planner.h:170] Found solution in: 3
I20260909 04:39:44.997215   429 skeleton_planner.h:170] Found solution in: 4
I20260909 04:39:44.997228   429 skeleton_planner.h:170] Found solution in: 4
I20260909 04:39:44.997251   429 skeleton_planner.h:170] Found solution in: 7
I20260909 04:39:44.997262   429 skeleton_planner.h:170] Found solution in: 3
I20260909 04:39:44.997274   429 skeleton_planner.h:170] Found solution in: 3
I20260909 04:39:44.997290   429 skeleton_planner.h:170] Found solution in: 4
I20260909 04:39:44.997301   429 skeleton_planner.h:170] Found solution in: 3
I20260909 04:39:44.997313   429 skeleton_planner.h:170] Found solution in: 3
I20260909 04:39:44.997324   429 skeleton_planner.h:170] Found solution in: 3
I20260909 04:39:44.997336   429 skeleton_planner.h:170] Found solution in: 4
I20260909 04:39:44.997347   429 skeleton_planner.h:170] Found solution in: 3
I20260909 04:39:44.997367   429 skeleton_planner.h:170] Found solution in: 6
I20260909 04:39:44.997381   429 skeleton_planner.h:170] Found solution in: 3
I20260909 04:39:44.997406   429 skeleton_planner.h:170] Found solution in: 6
I20260909 04:39:44.997424   429 skeleton_planner.h:170] Found solution in: 5
I20260909 04:39:44.997447   429 skeleton_planner.h:170] Found solution in: 7
I20260909 04:39:44.997474   429 skeleton_planner.h:170] Found solution in: 8
I20260909 04:39:44.997486   429 skeleton_planner.h:170] Found solution in: 3
I20260909 04:39:44.997511   429 skeleton_planner.h:170] Found solution in: 7
I20260909 04:39:44.997524   429 skeleton_planner.h:170] Found solution in: 3
I20260909 04:39:44.997535   429 skeleton_planner.h:170] Found solution in: 3
I20260909 04:39:44.997550   429 skeleton_planner.h:170] Found solution in: 5
I20260909 04:39:44.997565   429 skeleton_planner.h:170] Found solution in: 5
I20260909 04:39:44.997582   429 skeleton_planner.h:170] Found solution in: 6
I20260909 04:39:44.997601   429 skeleton_planner.h:170] Found solution in: 5
I20260909 04:39:44.997615   429 skeleton_planner.h:170] Found solution in: 4
I20260909 04:39:44.997633   429 skeleton_planner.h:170] Found solution in: 5
I20260909 04:39:44.997653   429 skeleton_planner.h:170] Found solution in: 6
I20260909 04:39:44.997668   429 skeleton_planner.h:170] Found solution in: 4
I20260909 04:39:44.997677   429 skeleton_planner.h:170] Found solution in: 3
I20260909 04:39:44.997690   429 skeleton_planner.h:170] Found solution in: 4
I20260909 04:39:44.997701   429 skeleton_planner.h:170] Found solution in: 3
I20260909 04:39:44.997714   429 skeleton_planner.h:170] Found solution in: 4
I20260909 04:39:44.997728   429 skeleton_planner.h:170] Found solution in: 5
I20260909 04:39:44.997740   429 skeleton_planner.h:170] Found solution in: 3
I20260909 04:39:44.997751   429 skeleton_planner.h:170] Found solution in: 3
I20260909 04:39:44.997762   429 skeleton_planner.h:170] Found solution in: 3
I20260909 04:39:44.997773   429 skeleton_planner.h:170] Found solution in: 3
I20260909 04:39:44.997788   429 skeleton_planner.h:170] Found solution in: 4
I20260909 04:39:44.997799   429 skeleton_planner.h:170] Found solution in: 3
I20260909 04:39:44.997812   429 skeleton_planner.h:170] Found solution in: 4
I20260909 04:39:44.997825   429 skeleton_planner.h:170] Found solution in: 5
I20260909 04:39:44.997841   429 skeleton_planner.h:170] Found solution in: 5
I20260909 04:39:44.997852   429 skeleton_planner.h:170] Found solution in: 3
I20260909 04:39:44.997864   429 skeleton_planner.h:170] Found solution in: 3
I20260909 04:39:44.997884   429 skeleton_planner.h:170] Found solution in: 7
I20260909 04:39:44.997895   429 skeleton_planner.h:170] Found solution in: 3
I20260909 04:39:44.997907   429 skeleton_planner.h:170] Found solution in: 4
I20260909 04:39:44.997921   429 skeleton_planner.h:170] Found solution in: 5
I20260909 04:39:44.997938   429 skeleton_planner.h:170] Found solution in: 6
I20260909 04:39:44.997948   429 skeleton_planner.h:170] Found solution in: 3
I20260909 04:39:44.997963   429 skeleton_planner.h:170] Found solution in: 5
I20260909 04:39:44.997974   429 skeleton_planner.h:170] Found solution in: 3
I20260909 04:39:44.997996   429 skeleton_planner.h:170] Found solution in: 6
I20260909 04:39:44.998016   429 skeleton_planner.h:170] Found solution in: 6
I20260909 04:39:44.998051   429 skeleton_planner.h:170] Found solution in: 12
I20260909 04:39:44.998073   429 skeleton_planner.h:170] Found solution in: 6
I20260909 04:39:44.998086   429 skeleton_planner.h:170] Found solution in: 4
I20260909 04:39:44.998095   429 skeleton_planner.h:170] Found solution in: 2
I20260909 04:39:44.998106   429 skeleton_planner.h:170] Found solution in: 5
I20260909 04:39:44.998114   429 skeleton_planner.h:170] Found solution in: 2
I20260909 04:39:44.998126   429 skeleton_planner.h:170] Found solution in: 3
I20260909 04:39:44.998133   429 skeleton_planner.h:170] Found solution in: 2
I20260909 04:39:44.998147   429 skeleton_planner.h:170] Found solution in: 4
I20260909 04:39:44.998158   429 skeleton_planner.h:170] Found solution in: 3
I20260909 04:39:44.998167   429 skeleton_planner.h:170] Found solution in: 2
I20260909 04:39:44.998175   429 skeleton_planner.h:170] Found solution in: 3
I20260909 04:39:44.998189   429 skeleton_planner.h:170] Found solution in: 4
I20260909 04:39:44.998201   429 skeleton_planner.h:170] Found solution in: 3
I20260909 04:39:44.998211   429 skeleton_planner.h:170] Found solution in: 3
I20260909 04:39:44.998232   429 skeleton_planner.h:170] Found solution in: 7
I20260909 04:39:44.998248   429 skeleton_planner.h:170] Found solution in: 7
I20260909 04:39:44.998260   429 skeleton_planner.h:170] Found solution in: 4
I20260909 04:39:44.998275   429 skeleton_planner.h:170] Found solution in: 5
I20260909 04:39:44.998284   429 skeleton_planner.h:170] Found solution in: 3
I20260909 04:39:44.998296   429 skeleton_planner.h:170] Found solution in: 3
I20260909 04:39:44.998308   429 skeleton_planner.h:170] Found solution in: 3
I20260909 04:39:44.998322   429 skeleton_planner.h:170] Found solution in: 5
I20260909 04:39:44.998333   429 skeleton_planner.h:170] Found solution in: 4
I20260909 04:39:44.998345   429 skeleton_planner.h:170] Found solution in: 4
I20260909 04:39:44.998356   429 skeleton_planner.h:170] Found solution in: 3
I20260909 04:39:44.998368   429 skeleton_planner.h:170] Found solution in: 4
I20260909 04:39:44.998379   429 skeleton_planner.h:170] Found solution in: 3
I20260909 04:39:44.998386   429 skeleton_planner.h:170] Found solution in: 2
I20260909 04:39:44.998396   429 skeleton_planner.h:170] Found solution in: 3
I20260909 04:39:44.998406   429 skeleton_planner.h:170] Found solution in: 3
I20260909 04:39:44.998418   429 skeleton_planner.h:170] Found solution in: 4
I20260909 04:39:44.998436   429 skeleton_planner.h:170] Found solution in: 5
I20260909 04:39:44.998447   429 skeleton_planner.h:170] Found solution in: 3
I20260909 04:39:44.998457   429 skeleton_planner.h:170] Found solution in: 3
I20260909 04:39:44.998469   429 skeleton_planner.h:170] Found solution in: 4
I20260909 04:39:44.998482   429 skeleton_planner.h:170] Found solution in: 5
I20260909 04:39:44.998504   429 skeleton_planner.h:170] Found solution in: 8
I20260909 04:39:44.998517   429 skeleton_planner.h:170] Found solution in: 3
I20260909 04:39:44.998528   429 skeleton_planner.h:170] Found solution in: 4
I20260909 04:39:44.998538   429 skeleton_planner.h:170] Found solution in: 3
I20260909 04:39:44.998548   429 skeleton_planner.h:170] Found solution in: 3
I20260909 04:39:44.998564   429 skeleton_planner.h:170] Found solution in: 6
I20260909 04:39:44.998586   429 skeleton_planner.h:170] Found solution in: 9
I20260909 04:39:44.998605   429 skeleton_planner.h:170] Found solution in: 7
I20260909 04:39:44.998626   429 skeleton_planner.h:170] Found solution in: 8
I20260909 04:39:44.998642   429 skeleton_planner.h:170] Found solution in: 6
I20260909 04:39:44.998657   429 skeleton_planner.h:170] Found solution in: 4
I20260909 04:39:44.998682   429 skeleton_planner.h:170] Found solution in: 9
I20260909 04:39:44.998696   429 skeleton_planner.h:170] Found solution in: 4
I20260909 04:39:44.998708   429 skeleton_planner.h:170] Found solution in: 3
I20260909 04:39:44.998719   429 skeleton_planner.h:170] Found solution in: 3
I20260909 04:39:44.998728   429 skeleton_planner.h:170] Found solution in: 3
I20260909 04:39:44.998740   429 skeleton_planner.h:170] Found solution in: 6
I20260909 04:39:44.998752   429 skeleton_planner.h:170] Found solution in: 4
I20260909 04:39:44.998770   429 skeleton_planner.h:170] Found solution in: 5
I20260909 04:39:44.998787   429 skeleton_planner.h:170] Found solution in: 4
I20260909 04:39:44.998798   429 skeleton_planner.h:170] Found solution in: 3
I20260909 04:39:44.998809   429 skeleton_planner.h:170] Found solution in: 3
I20260909 04:39:44.998829   429 skeleton_planner.h:170] Found solution in: 6
I20260909 04:39:44.998843   429 skeleton_planner.h:170] Found solution in: 4
I20260909 04:39:44.998855   429 skeleton_planner.h:170] Found solution in: 4
I20260909 04:39:44.998865   429 skeleton_planner.h:170] Found solution in: 3
I20260909 04:39:44.998873   429 skeleton_planner.h:170] Found solution in: 2
I20260909 04:39:44.998881   429 skeleton_planner.h:170] Found solution in: 2
I20260909 04:39:44.998905   429 skeleton_planner.h:170] Found solution in: 8
I20260909 04:39:44.998919   429 skeleton_planner.h:170] Found solution in: 3
I20260909 04:39:44.998940   429 skeleton_planner.h:170] Found solution in: 7
I20260909 04:39:44.998961   429 skeleton_planner.h:170] Found solution in: 7
I20260909 04:39:44.998984   429 skeleton_planner.h:170] Found solution in: 8
I20260909 04:39:44.999002   429 skeleton_planner.h:170] Found solution in: 5
I20260909 04:39:44.999027   429 skeleton_planner.h:170] Found solution in: 7
I20260909 04:39:44.999048   429 skeleton_planner.h:170] Found solution in: 6
I20260909 04:39:44.999059   429 skeleton_planner.h:170] Found solution in: 3
I20260909 04:39:44.999082   429 skeleton_planner.h:170] Found solution in: 7
I20260909 04:39:44.999094   429 skeleton_planner.h:170] Found solution in: 3
I20260909 04:39:44.999123   429 skeleton_planner.h:170] Found solution in: 11
I20260909 04:39:44.999150   429 skeleton_planner.h:170] Found solution in: 9
I20260909 04:39:44.999173   429 skeleton_planner.h:170] Found solution in: 8
I20260909 04:39:44.999228   429 skeleton_planner.h:170] Found solution in: 21
I20260909 04:39:44.999264   429 skeleton_planner.h:170] Found solution in: 11
I20260909 04:39:44.999287   429 skeleton_planner.h:170] Found solution in: 7
I20260909 04:39:44.999327   429 skeleton_planner.h:170] Found solution in: 13
I20260909 04:39:44.999361   429 skeleton_planner.h:170] Found solution in: 12
I20260909 04:39:44.999414   429 skeleton_planner.h:170] Found solution in: 17
I20260909 04:39:44.999476   429 skeleton_planner.h:170] Found solution in: 19
I20260909 04:39:44.999492   429 skeleton_planner.h:170] Found solution in: 4
I20260909 04:39:44.999504   429 skeleton_planner.h:170] Found solution in: 3
I20260909 04:39:44.999514   429 skeleton_planner.h:170] Found solution in: 3
I20260909 04:39:44.999541   429 skeleton_planner.h:170] Found solution in: 6
I20260909 04:39:44.999559   429 skeleton_planner.h:170] Found solution in: 4
I20260909 04:39:44.999577   429 skeleton_planner.h:170] Found solution in: 6
I20260909 04:39:44.999599   429 skeleton_planner.h:170] Found solution in: 7
I20260909 04:39:44.999636   429 skeleton_planner.h:170] Found solution in: 12
I20260909 04:39:44.999677   429 skeleton_planner.h:170] Found solution in: 11
I20260909 04:39:44.999701   429 skeleton_planner.h:170] Found solution in: 6
I20260909 04:39:44.999723   429 skeleton_planner.h:170] Found solution in: 7
I20260909 04:39:44.999753   429 skeleton_planner.h:170] Found solution in: 9
I20260909 04:39:44.999782   429 skeleton_planner.h:170] Found solution in: 10
I20260909 04:39:44.999810   429 skeleton_planner.h:170] Found solution in: 8
I20260909 04:39:44.999825   429 skeleton_planner.h:170] Found solution in: 4
I20260909 04:39:44.999851   429 skeleton_planner.h:170] Found solution in: 9
I20260909 04:39:44.999898   429 skeleton_planner.h:170] Found solution in: 12
I20260909 04:39:44.999953   429 skeleton_planner.h:170] Found solution in: 14
I20260909 04:39:45.000008   429 skeleton_planner.h:170] Found solution in: 14
I20260909 04:39:45.000046   429 skeleton_planner.h:170] Found solution in: 10
I20260909 04:39:45.000104   429 skeleton_planner.h:170] Found solution in: 18
I20260909 04:39:45.000144   429 skeleton_planner.h:170] Found solution in: 8
I20260909 04:39:45.000200   429 skeleton_planner.h:170] Found solution in: 16
I20260909 04:39:45.000229   429 skeleton_planner.h:170] Found solution in: 7
I20260909 04:39:45.000244   429 skeleton_planner.h:170] Found solution in: 4
I20260909 04:39:45.000255   429 skeleton_planner.h:170] Found solution in: 3
I20260909 04:39:45.000270   429 skeleton_planner.h:170] Found solution in: 4
I20260909 04:39:45.000283   429 skeleton_planner.h:170] Found solution in: 4
I20260909 04:39:45.000295   429 skeleton_planner.h:170] Found solution in: 3
I20260909 04:39:45.000317   429 skeleton_planner.h:170] Found solution in: 6
I20260909 04:39:45.000331   429 skeleton_planner.h:170] Found solution in: 4
I20260909 04:39:45.000342   429 skeleton_planner.h:170] Found solution in: 4
I20260909 04:39:45.000347   429 skeleton_planner.h:170] Found solution in: 1
I20260909 04:39:45.000360   429 skeleton_planner.h:170] Found solution in: 4
I20260909 04:39:45.000375   429 skeleton_planner.h:170] Found solution in: 5
I20260909 04:39:45.000385   429 skeleton_planner.h:170] Found solution in: 3
I20260909 04:39:45.000396   429 skeleton_planner.h:170] Found solution in: 3
I20260909 04:39:45.000416   429 skeleton_planner.h:170] Found solution in: 7
I20260909 04:39:45.000435   429 skeleton_planner.h:170] Found solution in: 6
I20260909 04:39:45.000458   429 skeleton_planner.h:170] Found solution in: 7
I20260909 04:39:45.000470   429 skeleton_planner.h:170] Found solution in: 3
I20260909 04:39:45.000483   429 skeleton_planner.h:170] Found solution in: 5
I20260909 04:39:45.000494   429 skeleton_planner.h:170] Found solution in: 3
I20260909 04:39:45.000504   429 skeleton_planner.h:170] Found solution in: 3
I20260909 04:39:45.000517   429 skeleton_planner.h:170] Found solution in: 4
I20260909 04:39:45.000550   429 skeleton_planner.h:170] Found solution in: 11
I20260909 04:39:45.000564   429 skeleton_planner.h:170] Found solution in: 3
I20260909 04:39:45.000587   429 skeleton_planner.h:170] Found solution in: 7
I20260909 04:39:45.000602   429 skeleton_planner.h:170] Found solution in: 4
I20260909 04:39:45.000624   429 skeleton_planner.h:170] Found solution in: 8
I20260909 04:39:45.000638   429 skeleton_planner.h:170] Found solution in: 4
I20260909 04:39:45.000661   429 skeleton_planner.h:170] Found solution in: 9
I20260909 04:39:45.000725   429 skeleton_planner.h:170] Found solution in: 24
I20260909 04:39:45.000739   429 skeleton_planner.h:170] Found solution in: 3
I20260909 04:39:45.000761   429 skeleton_planner.h:170] Found solution in: 5
I20260909 04:39:45.000769   429 skeleton_planner.h:170] Found solution in: 2
I20260909 04:39:45.000782   429 skeleton_planner.h:170] Found solution in: 5
I20260909 04:39:45.000787   429 skeleton_planner.h:170] Found solution in: 1
I20260909 04:39:45.000803   429 skeleton_planner.h:170] Found solution in: 5
I20260909 04:39:45.000819   429 skeleton_planner.h:170] Found solution in: 5
I20260909 04:39:45.000825   429 skeleton_planner.h:170] Found solution in: 1
I20260909 04:39:45.000841   429 skeleton_planner.h:170] Found solution in: 6
I20260909 04:39:45.000861   429 skeleton_planner.h:170] Found solution in: 7
I20260909 04:39:45.000880   429 skeleton_planner.h:170] Found solution in: 5
I20260909 04:39:45.000900   429 skeleton_planner.h:170] Found solution in: 7
I20260909 04:39:45.000917   429 skeleton_planner.h:170] Found solution in: 4
I20260909 04:39:45.000931   429 skeleton_planner.h:170] Found solution in: 3
I20260909 04:39:45.000942   429 skeleton_planner.h:170] Found solution in: 4
I20260909 04:39:45.000963   429 skeleton_planner.h:170] Found solution in: 6
I20260909 04:39:45.000989   429 skeleton_planner.h:170] Found solution in: 7
I20260909 04:39:45.001008   429 skeleton_planner.h:170] Found solution in: 5
I20260909 04:39:45.001020   429 skeleton_planner.h:170] Found solution in: 4
I20260909 04:39:45.001032   429 skeleton_planner.h:170] Found solution in: 3
I20260909 04:39:45.001053   429 skeleton_planner.h:170] Found solution in: 7
I20260909 04:39:45.001060   429 skeleton_planner.h:170] Found solution in: 1
I20260909 04:39:45.001080   429 skeleton_planner.h:170] Found solution in: 7
I20260909 04:39:45.001097   429 skeleton_planner.h:170] Found solution in: 5
I20260909 04:39:45.001114   429 skeleton_planner.h:170] Found solution in: 5
I20260909 04:39:45.001132   429 skeleton_planner.h:170] Found solution in: 6
I20260909 04:39:45.001168   429 skeleton_planner.h:170] Found solution in: 9
I20260909 04:39:45.001194   429 skeleton_planner.h:170] Found solution in: 6
I20260909 04:39:45.001212   429 skeleton_planner.h:170] Found solution in: 5
I20260909 04:39:45.001245   429 skeleton_planner.h:170] Found solution in: 9
I20260909 04:39:45.001271   429 skeleton_planner.h:170] Found solution in: 7
I20260909 04:39:45.001300   429 skeleton_planner.h:170] Found solution in: 11
I20260909 04:39:45.001314   429 skeleton_planner.h:170] Found solution in: 3
I20260909 04:39:45.001329   429 skeleton_planner.h:170] Found solution in: 5
I20260909 04:39:45.001339   429 skeleton_planner.h:170] Found solution in: 3
I20260909 04:39:45.001350   429 skeleton_planner.h:170] Found solution in: 3
I20260909 04:39:45.001375   429 skeleton_planner.h:170] Found solution in: 7
I20260909 04:39:45.001387   429 skeleton_planner.h:170] Found solution in: 3
I20260909 04:39:45.001405   429 skeleton_planner.h:170] Found solution in: 5
I20260909 04:39:45.001428   429 skeleton_planner.h:170] Found solution in: 7
I20260909 04:39:45.001449   429 skeleton_planner.h:170] Found solution in: 6
I20260909 04:39:45.001461   429 skeleton_planner.h:170] Found solution in: 3
I20260909 04:39:45.001473   429 skeleton_planner.h:170] Found solution in: 4
I20260909 04:39:45.001484   429 skeleton_planner.h:170] Found solution in: 3
I20260909 04:39:45.001505   429 skeleton_planner.h:170] Found solution in: 7
I20260909 04:39:45.001519   429 skeleton_planner.h:170] Found solution in: 4
I20260909 04:39:45.001543   429 skeleton_planner.h:170] Found solution in: 8
I20260909 04:39:45.001555   429 skeleton_planner.h:170] Found solution in: 3
I20260909 04:39:45.001573   429 skeleton_planner.h:170] Found solution in: 5
I20260909 04:39:45.001593   429 skeleton_planner.h:170] Found solution in: 7
I20260909 04:39:45.001605   429 skeleton_planner.h:170] Found solution in: 3
I20260909 04:39:45.001626   429 skeleton_planner.h:170] Found solution in: 7
I20260909 04:39:45.001637   429 skeleton_planner.h:170] Found solution in: 3
I20260909 04:39:45.001665   429 skeleton_planner.h:170] Found solution in: 10
I20260909 04:39:45.001677   429 skeleton_planner.h:170] Found solution in: 3
I20260909 04:39:45.001706   429 skeleton_planner.h:170] Found solution in: 11
I20260909 04:39:45.001721   429 skeleton_planner.h:170] Found solution in: 4
I20260909 04:39:45.001750   429 skeleton_planner.h:170] Found solution in: 10
I20260909 04:39:45.001777   429 skeleton_planner.h:170] Found solution in: 10
I20260909 04:39:45.001796   429 skeleton_planner.h:170] Found solution in: 4
I20260909 04:39:45.001816   429 skeleton_planner.h:170] Found solution in: 7
I20260909 04:39:45.001864   429 skeleton_planner.h:170] Found solution in: 14
I20260909 04:39:45.001878   429 skeleton_planner.h:170] Found solution in: 3
I20260909 04:39:45.001911   429 skeleton_planner.h:170] Found solution in: 11
I20260909 04:39:45.001943   429 skeleton_planner.h:170] Found solution in: 10
I20260909 04:39:45.001979   429 skeleton_planner.h:170] Found solution in: 11
I20260909 04:39:45.002023   429 skeleton_planner.h:170] Found solution in: 11
I20260909 04:39:45.002060   429 skeleton_planner.h:170] Found solution in: 11
I20260909 04:39:45.002072   429 skeleton_planner.h:170] Found solution in: 3
I20260909 04:39:45.002084   429 skeleton_planner.h:170] Found solution in: 4
I20260909 04:39:45.002104   429 skeleton_planner.h:170] Found solution in: 5
I20260909 04:39:45.002125   429 skeleton_planner.h:170] Found solution in: 7
I20260909 04:39:45.002138   429 skeleton_planner.h:170] Found solution in: 3
I20260909 04:39:45.002177   429 skeleton_planner.h:170] Found solution in: 11
I20260909 04:39:45.002202   429 skeleton_planner.h:170] Found solution in: 6
I20260909 04:39:45.002215   429 skeleton_planner.h:170] Found solution in: 4
I20260909 04:39:45.002252   429 skeleton_planner.h:170] Found solution in: 11
I20260909 04:39:45.002264   429 skeleton_planner.h:170] Found solution in: 2
I20260909 04:39:45.002283   429 skeleton_planner.h:170] Found solution in: 6
I20260909 04:39:45.002341   429 skeleton_planner.h:170] Found solution in: 18
I20260909 04:39:45.002370   429 skeleton_planner.h:170] Found solution in: 6
I20260909 04:39:45.002377   429 skeleton_planner.h:170] Found solution in: 1
I20260909 04:39:45.002401   429 skeleton_planner.h:170] Found solution in: 8
I20260909 04:39:45.002408   429 skeleton_planner.h:170] Found solution in: 1
I20260909 04:39:45.002440   429 skeleton_planner.h:170] Found solution in: 10
I20260909 04:39:45.002447   429 skeleton_planner.h:170] Found solution in: 1
I20260909 04:39:45.002478   429 skeleton_planner.h:170] Found solution in: 9
I20260909 04:39:45.002496   429 skeleton_planner.h:170] Found solution in: 5
I20260909 04:39:45.002544   429 skeleton_planner.h:170] Found solution in: 18
I20260909 04:39:45.002573   429 skeleton_planner.h:170] Found solution in: 7
I20260909 04:39:45.002588   429 skeleton_planner.h:170] Found solution in: 4
I20260909 04:39:45.002607   429 skeleton_planner.h:170] Found solution in: 5
I20260909 04:39:45.002619   429 skeleton_planner.h:170] Found solution in: 3
I20260909 04:39:45.002630   429 skeleton_planner.h:170] Found solution in: 3
I20260909 04:39:45.002645   429 skeleton_planner.h:170] Found solution in: 4
I20260909 04:39:45.002661   429 skeleton_planner.h:170] Found solution in: 5
I20260909 04:39:45.002678   429 skeleton_planner.h:170] Found solution in: 4
I20260909 04:39:45.002697   429 skeleton_planner.h:170] Found solution in: 6
I20260909 04:39:45.002714   429 skeleton_planner.h:170] Found solution in: 5
I20260909 04:39:45.002730   429 skeleton_planner.h:170] Found solution in: 5
I20260909 04:39:45.002761   429 skeleton_planner.h:170] Found solution in: 10
I20260909 04:39:45.002774   429 skeleton_planner.h:170] Found solution in: 3
I20260909 04:39:45.002784   429 skeleton_planner.h:170] Found solution in: 3
I20260909 04:39:45.002806   429 skeleton_planner.h:170] Found solution in: 6
I20260909 04:39:45.002827   429 skeleton_planner.h:170] Found solution in: 6
I20260909 04:39:45.002841   429 skeleton_planner.h:170] Found solution in: 4
I20260909 04:39:45.002858   429 skeleton_planner.h:170] Found solution in: 5
I20260909 04:39:45.002875   429 skeleton_planner.h:170] Found solution in: 5
I20260909 04:39:45.002912   429 skeleton_planner.h:170] Found solution in: 10
I20260909 04:39:45.002936   429 skeleton_planner.h:170] Found solution in: 5
I20260909 04:39:45.002952   429 skeleton_planner.h:170] Found solution in: 4
I20260909 04:39:45.002972   429 skeleton_planner.h:170] Found solution in: 6
I20260909 04:39:45.002988   429 skeleton_planner.h:170] Found solution in: 5
I20260909 04:39:45.003011   429 skeleton_planner.h:170] Found solution in: 7
I20260909 04:39:45.003026   429 skeleton_planner.h:170] Found solution in: 4
I20260909 04:39:45.003043   429 skeleton_planner.h:170] Found solution in: 4
I20260909 04:39:45.003060   429 skeleton_planner.h:170] Found solution in: 5
I20260909 04:39:45.003072   429 skeleton_planner.h:170] Found solution in: 3
I20260909 04:39:45.003088   429 skeleton_planner.h:170] Found solution in: 5
I20260909 04:39:45.003124   429 skeleton_planner.h:170] Found solution in: 20
I20260909 04:39:45.003156   429 skeleton_planner.h:170] Found solution in: 13
I20260909 04:39:45.003170   429 skeleton_planner.h:170] Found solution in: 4
I20260909 04:39:45.003194   429 skeleton_planner.h:170] Found solution in: 8
I20260909 04:39:45.003248   429 skeleton_planner.h:170] Found solution in: 22
I20260909 04:39:45.003275   429 skeleton_planner.h:170] Found solution in: 7
I20260909 04:39:45.003289   429 skeleton_planner.h:170] Found solution in: 4
I20260909 04:39:45.003302   429 skeleton_planner.h:170] Found solution in: 4
I20260909 04:39:45.003316   429 skeleton_planner.h:170] Found solution in: 4
I20260909 04:39:45.003333   429 skeleton_planner.h:170] Found solution in: 6
I20260909 04:39:45.003345   429 skeleton_planner.h:170] Found solution in: 3
I20260909 04:39:45.003360   429 skeleton_planner.h:170] Found solution in: 4
I20260909 04:39:45.003371   429 skeleton_planner.h:170] Found solution in: 3
I20260909 04:39:45.003399   429 skeleton_planner.h:170] Found solution in: 11
I20260909 04:39:45.003419   429 skeleton_planner.h:170] Found solution in: 5
I20260909 04:39:45.003429   429 skeleton_planner.h:170] Found solution in: 3
I20260909 04:39:45.003440   429 skeleton_planner.h:170] Found solution in: 3
I20260909 04:39:45.003463   429 skeleton_planner.h:170] Found solution in: 7
I20260909 04:39:45.003475   429 skeleton_planner.h:170] Found solution in: 3
I20260909 04:39:45.003490   429 skeleton_planner.h:170] Found solution in: 4
I20260909 04:39:45.003504   429 skeleton_planner.h:170] Found solution in: 4
I20260909 04:39:45.003520   429 skeleton_planner.h:170] Found solution in: 4
I20260909 04:39:45.003530   429 skeleton_planner.h:170] Found solution in: 3
I20260909 04:39:45.003539   429 skeleton_planner.h:170] Found solution in: 3
I20260909 04:39:45.003553   429 skeleton_planner.h:170] Found solution in: 5
I20260909 04:39:45.003566   429 skeleton_planner.h:170] Found solution in: 3
I20260909 04:39:45.003583   429 skeleton_planner.h:170] Found solution in: 6
I20260909 04:39:45.003604   429 skeleton_planner.h:170] Found solution in: 7
I20260909 04:39:45.003623   429 skeleton_planner.h:170] Found solution in: 5
I20260909 04:39:45.003643   429 skeleton_planner.h:170] Found solution in: 7
I20260909 04:39:45.003677   429 skeleton_planner.h:170] Found solution in: 10
I20260909 04:39:45.003712   429 skeleton_planner.h:170] Found solution in: 11
I20260909 04:39:45.003743   429 skeleton_planner.h:170] Found solution in: 8
I20260909 04:39:45.003769   429 skeleton_planner.h:170] Found solution in: 7
I20260909 04:39:45.003798   429 skeleton_planner.h:170] Found solution in: 10
I20260909 04:39:45.003822   429 skeleton_planner.h:170] Found solution in: 7
I20260909 04:39:45.003845   429 skeleton_planner.h:170] Found solution in: 7
I20260909 04:39:45.003880   429 skeleton_planner.h:170] Found solution in: 11
I20260909 04:39:45.003895   429 skeleton_planner.h:170] Found solution in: 4
I20260909 04:39:45.003916   429 skeleton_planner.h:170] Found solution in: 5
I20260909 04:39:45.003932   429 skeleton_planner.h:170] Found solution in: 5
I20260909 04:39:45.003942   429 skeleton_planner.h:170] Found solution in: 2
I20260909 04:39:45.003960   429 skeleton_planner.h:170] Found solution in: 7
I20260909 04:39:45.003985   429 skeleton_planner.h:170] Found solution in: 10
I20260909 04:39:45.003998   429 skeleton_planner.h:170] Found solution in: 3
I20260909 04:39:45.004010   429 skeleton_planner.h:170] Found solution in: 4
I20260909 04:39:45.004045   429 skeleton_planner.h:170] Found solution in: 14
I20260909 04:39:45.004066   429 skeleton_planner.h:170] Found solution in: 7
I20260909 04:39:45.004081   429 skeleton_planner.h:170] Found solution in: 4
I20260909 04:39:45.004106   429 skeleton_planner.h:170] Found solution in: 11
I20260909 04:39:45.004119   429 skeleton_planner.h:170] Found solution in: 4
I20260909 04:39:45.004130   429 skeleton_planner.h:170] Found solution in: 3
I20260909 04:39:45.004141   429 skeleton_planner.h:170] Found solution in: 3
I20260909 04:39:45.004175   429 skeleton_planner.h:170] Found solution in: 15
I20260909 04:39:45.004191   429 skeleton_planner.h:170] Found solution in: 6
I20260909 04:39:45.004211   429 skeleton_planner.h:170] Found solution in: 7
I20260909 04:39:45.004222   429 skeleton_planner.h:170] Found solution in: 3
I20260909 04:39:45.004235   429 skeleton_planner.h:170] Found solution in: 4
I20260909 04:39:45.004242   429 skeleton_planner.h:170] Found solution in: 2
I20260909 04:39:45.004252   429 skeleton_planner.h:170] Found solution in: 3
I20260909 04:39:45.004269   429 skeleton_planner.h:170] Found solution in: 5
I20260909 04:39:45.004280   429 skeleton_planner.h:170] Found solution in: 3
I20260909 04:39:45.004293   429 skeleton_planner.h:170] Found solution in: 4
I20260909 04:39:45.004314   429 skeleton_planner.h:170] Found solution in: 6
I20260909 04:39:45.004336   429 skeleton_planner.h:170] Found solution in: 7
I20260909 04:39:45.004355   429 skeleton_planner.h:170] Found solution in: 5
I20260909 04:39:45.004369   429 skeleton_planner.h:170] Found solution in: 4
I20260909 04:39:45.004380   429 skeleton_planner.h:170] Found solution in: 4
I20260909 04:39:45.004405   429 skeleton_planner.h:170] Found solution in: 8
I20260909 04:39:45.004434   429 skeleton_planner.h:170] Found solution in: 11
I20260909 04:39:45.004454   429 skeleton_planner.h:170] Found solution in: 5
I20260909 04:39:45.004468   429 skeleton_planner.h:170] Found solution in: 4
I20260909 04:39:45.004477   429 skeleton_planner.h:170] Found solution in: 3
I20260909 04:39:45.004491   429 skeleton_planner.h:170] Found solution in: 5
I20260909 04:39:45.004501   429 skeleton_planner.h:170] Found solution in: 3
I20260909 04:39:45.004506   429 skeleton_planner.h:170] Found solution in: 1
I20260909 04:39:45.004525   429 skeleton_planner.h:170] Found solution in: 7
I20260909 04:39:45.004546   429 skeleton_planner.h:170] Found solution in: 6
I20260909 04:39:45.004560   429 skeleton_planner.h:170] Found solution in: 4
I20260909 04:39:45.004582   429 skeleton_planner.h:170] Found solution in: 7
I20260909 04:39:45.004591   429 skeleton_planner.h:170] Found solution in: 2
I20260909 04:39:45.004626   429 skeleton_planner.h:170] Found solution in: 12
I20260909 04:39:45.004650   429 skeleton_planner.h:170] Found solution in: 6
I20260909 04:39:45.004691   429 skeleton_planner.h:170] Found solution in: 14
I20260909 04:39:45.004741   429 skeleton_planner.h:170] Found solution in: 16
I20260909 04:39:45.004758   429 skeleton_planner.h:170] Found solution in: 4
I20260909 04:39:45.004812   429 skeleton_planner.h:170] Found solution in: 18
I20260909 04:39:45.004837   429 skeleton_planner.h:170] Found solution in: 5
I20260909 04:39:45.004861   429 skeleton_planner.h:170] Found solution in: 7
I20260909 04:39:45.004890   429 skeleton_planner.h:170] Found solution in: 9
I20260909 04:39:45.004914   429 skeleton_planner.h:170] Found solution in: 8
I20260909 04:39:45.004940   429 skeleton_planner.h:170] Found solution in: 9
I20260909 04:39:45.004962   429 skeleton_planner.h:170] Found solution in: 9
I20260909 04:39:45.004984   429 skeleton_planner.h:170] Found solution in: 10
I20260909 04:39:45.004999   429 skeleton_planner.h:170] Found solution in: 5
I20260909 04:39:45.005023   429 skeleton_planner.h:170] Found solution in: 12
I20260909 04:39:45.005056   429 skeleton_planner.h:170] Found solution in: 16
I20260909 04:39:45.005072   429 skeleton_planner.h:170] Found solution in: 5
I20260909 04:39:45.005082   429 skeleton_planner.h:170] Found solution in: 3
I20260909 04:39:45.005100   429 skeleton_planner.h:170] Found solution in: 5
I20260909 04:39:45.005105   429 skeleton_planner.h:170] Found solution in: 1
I20260909 04:39:45.005124   429 skeleton_planner.h:170] Found solution in: 7
I20260909 04:39:45.005154   429 skeleton_planner.h:170] Found solution in: 11
I20260909 04:39:45.005169   429 skeleton_planner.h:170] Found solution in: 4
I20260909 04:39:45.005192   429 skeleton_planner.h:170] Found solution in: 9
I20260909 04:39:45.005203   429 skeleton_planner.h:170] Found solution in: 3
I20260909 04:39:45.005221   429 skeleton_planner.h:170] Found solution in: 11
I20260909 04:39:45.005249   429 skeleton_planner.h:170] Found solution in: 15
I20260909 04:39:45.005268   429 skeleton_planner.h:170] Found solution in: 11
I20260909 04:39:45.005281   429 skeleton_planner.h:170] Found solution in: 4
I20260909 04:39:45.005298   429 skeleton_planner.h:170] Found solution in: 5
I20260909 04:39:45.005314   429 skeleton_planner.h:170] Found solution in: 4
I20260909 04:39:45.005324   429 skeleton_planner.h:170] Found solution in: 3
I20260909 04:39:45.005342   429 skeleton_planner.h:170] Found solution in: 5
I20260909 04:39:45.005374   429 skeleton_planner.h:170] Found solution in: 11
I20260909 04:39:45.005388   429 skeleton_planner.h:170] Found solution in: 3
I20260909 04:39:45.005400   429 skeleton_planner.h:170] Found solution in: 4
I20260909 04:39:45.005441   429 skeleton_planner.h:170] Found solution in: 14
I20260909 04:39:45.005455   429 skeleton_planner.h:170] Found solution in: 3
I20260909 04:39:45.005511   429 skeleton_planner.h:170] Found solution in: 21
I20260909 04:39:45.005548   429 skeleton_planner.h:170] Found solution in: 9
I20260909 04:39:45.005568   429 skeleton_planner.h:170] Found solution in: 5
I20260909 04:39:45.005579   429 skeleton_planner.h:170] Found solution in: 3
I20260909 04:39:45.005584   429 skeleton_planner.h:170] Found solution in: 1
I20260909 04:39:45.005594   429 skeleton_planner.h:170] Found solution in: 3
I20260909 04:39:45.005617   429 skeleton_planner.h:170] Found solution in: 9
I20260909 04:39:45.005645   429 skeleton_planner.h:170] Found solution in: 7
I20260909 04:39:45.005658   429 skeleton_planner.h:170] Found solution in: 3
I20260909 04:39:45.005676   429 skeleton_planner.h:170] Found solution in: 5
I20260909 04:39:45.005682   429 skeleton_planner.h:170] Found solution in: 1
I20260909 04:39:45.005688   429 skeleton_planner.h:170] Found solution in: 2
I20260909 04:39:45.005700   429 skeleton_planner.h:170] Found solution in: 3
I20260909 04:39:45.005721   429 skeleton_planner.h:170] Found solution in: 6
I20260909 04:39:45.005738   429 skeleton_planner.h:170] Found solution in: 4
I20260909 04:39:45.005752   429 skeleton_planner.h:170] Found solution in: 5
I20260909 04:39:45.005764   429 skeleton_planner.h:170] Found solution in: 4
I20260909 04:39:45.005772   429 skeleton_planner.h:170] Found solution in: 2
I20260909 04:39:45.005785   429 skeleton_planner.h:170] Found solution in: 5
I20260909 04:39:45.005800   429 skeleton_planner.h:170] Found solution in: 4
I20260909 04:39:45.005812   429 skeleton_planner.h:170] Found solution in: 4
I20260909 04:39:45.005836   429 skeleton_planner.h:170] Found solution in: 7
I20260909 04:39:45.005864   429 skeleton_planner.h:170] Found solution in: 8
I20260909 04:39:45.005889   429 skeleton_planner.h:170] Found solution in: 7
I20260909 04:39:45.005913   429 skeleton_planner.h:170] Found solution in: 6
I20260909 04:39:45.005941   429 skeleton_planner.h:170] Found solution in: 9
I20260909 04:39:45.005954   429 skeleton_planner.h:170] Found solution in: 3
I20260909 04:39:45.005986   429 skeleton_planner.h:170] Found solution in: 10
I20260909 04:39:45.006002   429 skeleton_planner.h:170] Found solution in: 5
I20260909 04:39:45.006023   429 skeleton_planner.h:170] Found solution in: 6
I20260909 04:39:45.006042   429 skeleton_planner.h:170] Found solution in: 6
I20260909 04:39:45.006053   429 skeleton_planner.h:170] Found solution in: 3
I20260909 04:39:45.006068   429 skeleton_planner.h:170] Found solution in: 4
I20260909 04:39:45.006088   429 skeleton_planner.h:170] Found solution in: 6
I20260909 04:39:45.006121   429 skeleton_planner.h:170] Found solution in: 9
I20260909 04:39:45.006145   429 skeleton_planner.h:170] Found solution in: 6
I20260909 04:39:45.006168   429 skeleton_planner.h:170] Found solution in: 7
I20260909 04:39:45.006206   429 skeleton_planner.h:170] Found solution in: 12
I20260909 04:39:45.006222   429 skeleton_planner.h:170] Found solution in: 5
I20260909 04:39:45.006247   429 skeleton_planner.h:170] Found solution in: 7
I20260909 04:39:45.006256   429 skeleton_planner.h:170] Found solution in: 2
I20260909 04:39:45.006260   429 skeleton_planner.h:170] Found solution in: 1
I20260909 04:39:45.006299   429 skeleton_planner.h:170] Found solution in: 12
I20260909 04:39:45.006325   429 skeleton_planner.h:170] Found solution in: 5
I20260909 04:39:45.006343   429 skeleton_planner.h:170] Found solution in: 7
I20260909 04:39:45.006364   429 skeleton_planner.h:170] Found solution in: 8
I20260909 04:39:45.006374   429 skeleton_planner.h:170] Found solution in: 2
I20260909 04:39:45.006378   429 skeleton_planner.h:170] Found solution in: 1
I20260909 04:39:45.006398   429 skeleton_planner.h:170] Found solution in: 8
I20260909 04:39:45.006421   429 skeleton_planner.h:170] Found solution in: 7
I20260909 04:39:45.006443   429 skeleton_planner.h:170] Found solution in: 6
I20260909 04:39:45.006461   429 skeleton_planner.h:170] Found solution in: 6
I20260909 04:39:45.006479   429 skeleton_planner.h:170] Found solution in: 6
I20260909 04:39:45.006505   429 skeleton_planner.h:170] Found solution in: 12
I20260909 04:39:45.006620   429 skeleton_planner.h:170] Found solution in: 39
I20260909 04:39:45.006640   429 skeleton_planner.h:170] Found solution in: 4
I20260909 04:39:45.006667   429 skeleton_planner.h:170] Found solution in: 5
I20260909 04:39:45.006681   429 skeleton_planner.h:170] Found solution in: 4
I20260909 04:39:45.006692   429 skeleton_planner.h:170] Found solution in: 3
I20260909 04:39:45.006708   429 skeleton_planner.h:170] Found solution in: 5
I20260909 04:39:45.006723   429 skeleton_planner.h:170] Found solution in: 4
I20260909 04:39:45.006734   429 skeleton_planner.h:170] Found solution in: 3
I20260909 04:39:45.006755   429 skeleton_planner.h:170] Found solution in: 7
I20260909 04:39:45.006775   429 skeleton_planner.h:170] Found solution in: 5
I20260909 04:39:45.006806   429 skeleton_planner.h:170] Found solution in: 9
I20260909 04:39:45.006896   429 skeleton_planner.h:170] Found solution in: 23
I20260909 04:39:45.006933   429 skeleton_planner.h:170] Found solution in: 7
I20260909 04:39:45.006991   429 skeleton_planner.h:170] Found solution in: 17
I20260909 04:39:45.007037   429 skeleton_planner.h:170] Found solution in: 11
I20260909 04:39:45.007091   429 skeleton_planner.h:170] Found solution in: 18
I20260909 04:39:45.007148   429 skeleton_planner.h:170] Found solution in: 18
I20260909 04:39:45.007162   429 skeleton_planner.h:170] Found solution in: 3
I20260909 04:39:45.007182   429 skeleton_planner.h:170] Found solution in: 4
I20260909 04:39:45.007197   429 skeleton_planner.h:170] Found solution in: 4
I20260909 04:39:45.007215   429 skeleton_planner.h:170] Found solution in: 5
I20260909 04:39:45.007233   429 skeleton_planner.h:170] Found solution in: 6
I20260909 04:39:45.007258   429 skeleton_planner.h:170] Found solution in: 8
I20260909 04:39:45.007272   429 skeleton_planner.h:170] Found solution in: 4
I20260909 04:39:45.007299   429 skeleton_planner.h:170] Found solution in: 8
I20260909 04:39:45.007355   429 skeleton_planner.h:170] Found solution in: 18
I20260909 04:39:45.007381   429 skeleton_planner.h:170] Found solution in: 5
I20260909 04:39:45.007400   429 skeleton_planner.h:170] Found solution in: 5
I20260909 04:39:45.007421   429 skeleton_planner.h:170] Found solution in: 6
I20260909 04:39:45.007444   429 skeleton_planner.h:170] Found solution in: 8
I20260909 04:39:45.007467   429 skeleton_planner.h:170] Found solution in: 6
I20260909 04:39:45.007488   429 skeleton_planner.h:170] Found solution in: 6
I20260909 04:39:45.007514   429 skeleton_planner.h:170] Found solution in: 8
I20260909 04:39:45.007536   429 skeleton_planner.h:170] Found solution in: 8
I20260909 04:39:45.007552   429 skeleton_planner.h:170] Found solution in: 5
I20260909 04:39:45.007563   429 skeleton_planner.h:170] Found solution in: 3
I20260909 04:39:45.007586   429 skeleton_planner.h:170] Found solution in: 10
I20260909 04:39:45.007619   429 skeleton_planner.h:170] Found solution in: 13
I20260909 04:39:45.007633   429 skeleton_planner.h:170] Found solution in: 4
I20260909 04:39:45.007648   429 skeleton_planner.h:170] Found solution in: 4
I20260909 04:39:45.007669   429 skeleton_planner.h:170] Found solution in: 6
I20260909 04:39:45.007679   429 skeleton_planner.h:170] Found solution in: 3
I20260909 04:39:45.007684   429 skeleton_planner.h:170] Found solution in: 1
I20260909 04:39:45.007718   429 skeleton_planner.h:170] Found solution in: 11
I20260909 04:39:45.007735   429 skeleton_planner.h:170] Found solution in: 5
I20260909 04:39:45.007748   429 skeleton_planner.h:170] Found solution in: 5
I20260909 04:39:45.007772   429 skeleton_planner.h:170] Found solution in: 9
I20260909 04:39:45.007788   429 skeleton_planner.h:170] Found solution in: 6
I20260909 04:39:45.007813   429 skeleton_planner.h:170] Found solution in: 8
I20260909 04:39:45.007846   429 skeleton_planner.h:170] Found solution in: 15
I20260909 04:39:45.007862   429 skeleton_planner.h:170] Found solution in: 6
I20260909 04:39:45.007881   429 skeleton_planner.h:170] Found solution in: 6
I20260909 04:39:45.007921   429 skeleton_planner.h:170] Found solution in: 13
I20260909 04:39:45.007963   429 skeleton_planner.h:170] Found solution in: 19
I20260909 04:39:45.007975   429 skeleton_planner.h:170] Found solution in: 3
I20260909 04:39:45.007985   429 skeleton_planner.h:170] Found solution in: 3
I20260909 04:39:45.007990   429 skeleton_planner.h:170] Found solution in: 1
I20260909 04:39:45.007993   429 skeleton_planner.h:170] Found solution in: 1
I20260909 04:39:45.008006   429 skeleton_planner.h:170] Found solution in: 5
I20260909 04:39:45.008037   429 skeleton_planner.h:170] Found solution in: 11
I20260909 04:39:45.008059   429 skeleton_planner.h:170] Found solution in: 6
I20260909 04:39:45.008080   429 skeleton_planner.h:170] Found solution in: 6
I20260909 04:39:45.008114   429 skeleton_planner.h:170] Found solution in: 12
I20260909 04:39:45.008133   429 skeleton_planner.h:170] Found solution in: 5
I20260909 04:39:45.008174   429 skeleton_planner.h:170] Found solution in: 14
I20260909 04:39:45.008199   429 skeleton_planner.h:170] Found solution in: 6
I20260909 04:39:45.008222   429 skeleton_planner.h:170] Found solution in: 7
I20260909 04:39:45.008241   429 skeleton_planner.h:170] Found solution in: 5
I20260909 04:39:45.008261   429 skeleton_planner.h:170] Found solution in: 6
I20260909 04:39:45.008280   429 skeleton_planner.h:170] Found solution in: 6
I20260909 04:39:45.008297   429 skeleton_planner.h:170] Found solution in: 5
I20260909 04:39:45.008311   429 skeleton_planner.h:170] Found solution in: 3
I20260909 04:39:45.008347   429 skeleton_planner.h:170] Found solution in: 15
I20260909 04:39:45.008374   429 skeleton_planner.h:170] Found solution in: 10
I20260909 04:39:45.008385   429 skeleton_planner.h:170] Found solution in: 3
I20260909 04:39:45.008399   429 skeleton_planner.h:170] Found solution in: 4
I20260909 04:39:45.008409   429 skeleton_planner.h:170] Found solution in: 3
I20260909 04:39:45.008419   429 skeleton_planner.h:170] Found solution in: 3
I20260909 04:39:45.008432   429 skeleton_planner.h:170] Found solution in: 4
I20260909 04:39:45.008453   429 skeleton_planner.h:170] Found solution in: 6
I20260909 04:39:45.008461   429 skeleton_planner.h:170] Found solution in: 2
I20260909 04:39:45.008466   429 skeleton_planner.h:170] Found solution in: 1
I20260909 04:39:45.008476   429 skeleton_planner.h:170] Found solution in: 4
I20260909 04:39:45.008503   429 skeleton_planner.h:170] Found solution in: 10
I20260909 04:39:45.008538   429 skeleton_planner.h:170] Found solution in: 12
I20260909 04:39:45.008563   429 skeleton_planner.h:170] Found solution in: 9
I20260909 04:39:45.008571   429 skeleton_planner.h:170] Found solution in: 2
I20260909 04:39:45.008575   429 skeleton_planner.h:170] Found solution in: 1
I20260909 04:39:45.008577   429 skeleton_planner.h:170] Found solution in: 1
I20260909 04:39:45.008605   429 skeleton_planner.h:170] Found solution in: 12
I20260909 04:39:45.008610   429 skeleton_planner.h:170] Found solution in: 1
I20260909 04:39:45.008677   429 skeleton_planner.h:170] Found solution in: 23
I20260909 04:39:45.008749   429 skeleton_planner.h:170] Found solution in: 24
I20260909 04:39:45.008785   429 skeleton_planner.h:170] Found solution in: 14
I20260909 04:39:45.008819   429 skeleton_planner.h:170] Found solution in: 14
I20260909 04:39:45.008827   429 skeleton_planner.h:170] Found solution in: 2
I20260909 04:39:45.008852   429 skeleton_planner.h:170] Found solution in: 10
I20260909 04:39:45.008874   429 skeleton_planner.h:170] Found solution in: 8
I20260909 04:39:45.008929   429 skeleton_planner.h:170] Found solution in: 32
I20260909 04:39:45.008944   429 skeleton_planner.h:170] Found solution in: 4
I20260909 04:39:45.008960   429 skeleton_planner.h:170] Found solution in: 8
I20260909 04:39:45.008975   429 skeleton_planner.h:170] Found solution in: 6
I20260909 04:39:45.008984   429 skeleton_planner.h:170] Found solution in: 4
I20260909 04:39:45.009013   429 skeleton_planner.h:170] Found solution in: 11
I20260909 04:39:45.009027   429 skeleton_planner.h:170] Found solution in: 3
I20260909 04:39:45.009035   429 skeleton_planner.h:170] Found solution in: 3
I20260909 04:39:45.009042   429 skeleton_planner.h:170] Found solution in: 2
I20260909 04:39:45.009047   429 skeleton_planner.h:170] Found solution in: 1
I20260909 04:39:45.009048   429 skeleton_planner.h:170] Found solution in: 1
I20260909 04:39:45.009057   429 skeleton_planner.h:170] Found solution in: 4
I20260909 04:39:45.009128   429 skeleton_planner.h:170] Found solution in: 28
I20260909 04:39:45.009148   429 skeleton_planner.h:170] Found solution in: 7
I20260909 04:39:45.009176   429 skeleton_planner.h:170] Found solution in: 9
I20260909 04:39:45.009186   429 skeleton_planner.h:170] Found solution in: 3
I20260909 04:39:45.009202   429 skeleton_planner.h:170] Found solution in: 6
I20260909 04:39:45.009209   429 skeleton_planner.h:170] Found solution in: 3
I20260909 04:39:45.009214   429 skeleton_planner.h:170] Found solution in: 1
I20260909 04:39:45.009217   429 skeleton_planner.h:170] Found solution in: 1
I20260909 04:39:45.009414   429 skeleton_planner.h:170] Found solution in: 8
I20260909 04:39:45.009428   429 skeleton_planner.h:170] Found solution in: 5
I20260909 04:39:45.009436   429 skeleton_planner.h:170] Found solution in: 3
I20260909 04:39:45.009450   429 skeleton_planner.h:170] Found solution in: 6
I20260909 04:39:45.009486   429 skeleton_planner.h:170] Found solution in: 12
I20260909 04:39:45.009498   429 skeleton_planner.h:170] Found solution in: 3
I20260909 04:39:45.009514   429 skeleton_planner.h:170] Found solution in: 4
I20260909 04:39:45.009528   429 skeleton_planner.h:170] Found solution in: 4
I20260909 04:39:45.009544   429 skeleton_planner.h:170] Found solution in: 5
I20260909 04:39:45.009562   429 skeleton_planner.h:170] Found solution in: 5
I20260909 04:39:45.009573   429 skeleton_planner.h:170] Found solution in: 3
I20260909 04:39:45.009590   429 skeleton_planner.h:170] Found solution in: 6
I20260909 04:39:45.009604   429 skeleton_planner.h:170] Found solution in: 5
I20260909 04:39:45.009615   429 skeleton_planner.h:170] Found solution in: 3
I20260909 04:39:45.009619   429 skeleton_planner.h:170] Found solution in: 1
I20260909 04:39:45.009629   429 skeleton_planner.h:170] Found solution in: 3
I20260909 04:39:45.009634   429 skeleton_planner.h:170] Found solution in: 1
I20260909 04:39:45.009654   429 skeleton_planner.h:170] Found solution in: 8
I20260909 04:39:45.009668   429 skeleton_planner.h:170] Found solution in: 4
I20260909 04:39:45.009905   429 skeleton_planner.h:170] Found solution in: 6
I20260909 04:39:45.009913   429 skeleton_planner.h:170] Found solution in: 2
I20260909 04:39:45.009922   429 skeleton_planner.h:170] Found solution in: 3
I20260909 04:39:45.009927   429 skeleton_planner.h:170] Found solution in: 1
I20260909 04:39:45.009934   429 skeleton_planner.h:170] Found solution in: 3
I20260909 04:39:45.009944   429 skeleton_planner.h:170] Found solution in: 3
I20260909 04:39:45.009949   429 skeleton_planner.h:170] Found solution in: 1
I20260909 04:39:45.009953   429 skeleton_planner.h:170] Found solution in: 1
I20260909 04:39:45.010007   429 skeleton_planner.h:170] Found solution in: 24
I20260909 04:39:45.010078   429 skeleton_planner.h:170] Found solution in: 25
I20260909 04:39:45.010138   429 skeleton_planner.h:170] Found solution in: 20
I20260909 04:39:45.010166   429 skeleton_planner.h:170] Found solution in: 7
I20260909 04:39:45.010188   429 skeleton_planner.h:170] Found solution in: 8
I20260909 04:39:45.010214   429 skeleton_planner.h:170] Found solution in: 9
I20260909 04:39:45.010228   429 skeleton_planner.h:170] Found solution in: 4
I20260909 04:39:45.010241   429 skeleton_planner.h:170] Found solution in: 4
I20260909 04:39:45.010320   429 skeleton_planner.h:170] Found solution in: 25
I20260909 04:39:45.010337   429 skeleton_planner.h:170] Found solution in: 4
I20260909 04:39:45.010363   429 skeleton_planner.h:170] Found solution in: 5
I20260909 04:39:45.010380   429 skeleton_planner.h:170] Found solution in: 5
I20260909 04:39:45.010396   429 skeleton_planner.h:170] Found solution in: 4
I20260909 04:39:45.010408   429 skeleton_planner.h:170] Found solution in: 4
I20260909 04:39:45.010425   429 skeleton_planner.h:170] Found solution in: 7
I20260909 04:39:45.010447   429 skeleton_planner.h:170] Found solution in: 8
I20260909 04:39:45.010468   429 skeleton_planner.h:170] Found solution in: 6
I20260909 04:39:45.010490   429 skeleton_planner.h:170] Found solution in: 9
I20260909 04:39:45.010509   429 skeleton_planner.h:170] Found solution in: 7
I20260909 04:39:45.010524   429 skeleton_planner.h:170] Found solution in: 5
I20260909 04:39:45.010532   429 skeleton_planner.h:170] Found solution in: 3
I20260909 04:39:45.010536   429 skeleton_planner.h:170] Found solution in: 1
I20260909 04:39:45.010604   429 skeleton_planner.h:170] Found solution in: 23
I20260909 04:39:45.010614   429 skeleton_planner.h:170] Found solution in: 1
I20260909 04:39:45.010625   429 skeleton_planner.h:170] Found solution in: 4
I20260909 04:39:45.010640   429 skeleton_planner.h:170] Found solution in: 5
I20260909 04:39:45.010649   429 skeleton_planner.h:170] Found solution in: 2
I20260909 04:39:45.010663   429 skeleton_planner.h:170] Found solution in: 6
I20260909 04:39:45.010694   429 skeleton_planner.h:170] Found solution in: 11
I20260909 04:39:45.010742   429 skeleton_planner.h:170] Found solution in: 40
I20260909 04:39:45.010758   429 skeleton_planner.h:170] Found solution in: 7
I20260909 04:39:45.010763   429 skeleton_planner.h:170] Found solution in: 1
I20260909 04:39:45.010767   429 skeleton_planner.h:170] Found solution in: 1
I20260909 04:39:45.010814   429 skeleton_planner.h:170] Found solution in: 23
I20260909 04:39:45.010846   429 skeleton_planner.h:170] Found solution in: 11
I20260909 04:39:45.010891   429 skeleton_planner.h:170] Found solution in: 18
I20260909 04:39:45.010905   429 skeleton_planner.h:170] Found solution in: 4
I20260909 04:39:45.011089   429 skeleton_planner.h:170] Found solution in: 79
I20260909 04:39:45.011127   429 skeleton_planner.h:170] Found solution in: 6
I20260909 04:39:45.011150   429 skeleton_planner.h:170] Found solution in: 5
I20260909 04:39:45.011166   429 skeleton_planner.h:170] Found solution in: 6
I20260909 04:39:45.011171   429 skeleton_planner.h:170] Found solution in: 1
I20260909 04:39:45.011188   429 skeleton_planner.h:170] Found solution in: 6
I20260909 04:39:45.011210   429 skeleton_planner.h:170] Found solution in: 11
I20260909 04:39:45.011271   429 skeleton_planner.h:170] Found solution in: 27
I20260909 04:39:45.011304   429 skeleton_planner.h:170] Found solution in: 9
I20260909 04:39:45.011379   429 skeleton_planner.h:170] Found solution in: 24
I20260909 04:39:45.011395   429 skeleton_planner.h:170] Found solution in: 3
I20260909 04:39:45.011420   429 skeleton_planner.h:170] Found solution in: 5
I20260909 04:39:45.011510   429 skeleton_planner.h:170] Found solution in: 27
I20260909 04:39:45.011540   429 skeleton_planner.h:170] Found solution in: 4
I20260909 04:39:45.011564   429 skeleton_planner.h:170] Found solution in: 7
I20260909 04:39:45.011595   429 skeleton_planner.h:170] Found solution in: 10
I20260909 04:39:45.011610   429 skeleton_planner.h:170] Found solution in: 4
I20260909 04:39:45.011621   429 skeleton_planner.h:170] Found solution in: 4
I20260909 04:39:45.011641   429 skeleton_planner.h:170] Found solution in: 6
I20260909 04:39:45.011658   429 skeleton_planner.h:170] Found solution in: 5
I20260909 04:39:45.011675   429 skeleton_planner.h:170] Found solution in: 8
I20260909 04:39:45.011680   429 skeleton_planner.h:170] Found solution in: 1
I20260909 04:39:45.011683   429 skeleton_planner.h:170] Found solution in: 1
I20260909 04:39:45.011686   429 skeleton_planner.h:170] Found solution in: 1
I20260909 04:39:45.011689   429 skeleton_planner.h:170] Found solution in: 1
I20260909 04:39:45.011747   429 skeleton_planner.h:170] Found solution in: 21
I20260909 04:39:45.011783   429 skeleton_planner.h:170] Found solution in: 11
I20260909 04:39:45.011803   429 skeleton_planner.h:170] Found solution in: 7
I20260909 04:39:45.011827   429 skeleton_planner.h:170] Found solution in: 9
I20260909 04:39:45.011940   429 skeleton_planner.h:170] Found solution in: 55
I20260909 04:39:45.011955   429 skeleton_planner.h:170] Found solution in: 4
I20260909 04:39:45.012008   429 skeleton_planner.h:170] Found solution in: 22
I20260909 04:39:45.012037   429 skeleton_planner.h:170] Found solution in: 9
I20260909 04:39:45.012048   429 skeleton_planner.h:170] Found solution in: 3
I20260909 04:39:45.012082   429 skeleton_planner.h:170] Found solution in: 13
I20260909 04:39:45.012113   429 skeleton_planner.h:170] Found solution in: 11
I20260909 04:39:45.012164   429 skeleton_planner.h:170] Found solution in: 20
I20260909 04:39:45.012174   429 skeleton_planner.h:170] Found solution in: 2
I20260909 04:39:45.012179   429 skeleton_planner.h:170] Found solution in: 1
I20260909 04:39:45.012192   429 skeleton_planner.h:170] Found solution in: 5
I20260909 04:39:45.012218   429 skeleton_planner.h:170] Found solution in: 8
I20260909 04:39:45.012257   429 skeleton_planner.h:170] Found solution in: 10
I20260909 04:39:45.012284   429 skeleton_planner.h:170] Found solution in: 7
I20260909 04:39:45.012296   429 skeleton_planner.h:170] Found solution in: 3
I20260909 04:39:45.012399   429 skeleton_planner.h:170] Found solution in: 26
I20260909 04:39:45.012449   429 skeleton_planner.h:170] Found solution in: 15
I20260909 04:39:45.012493   429 skeleton_planner.h:170] Found solution in: 13
I20260909 04:39:45.012517   429 skeleton_planner.h:170] Found solution in: 5
I20260909 04:39:45.012542   429 skeleton_planner.h:170] Found solution in: 9
I20260909 04:39:45.012560   429 skeleton_planner.h:170] Found solution in: 4
I20260909 04:39:45.012571   429 skeleton_planner.h:170] Found solution in: 3
I20260909 04:39:45.012581   429 skeleton_planner.h:170] Found solution in: 3
I20260909 04:39:45.012593   429 skeleton_planner.h:170] Found solution in: 3
I20260909 04:39:45.012611   429 skeleton_planner.h:170] Found solution in: 7
I20260909 04:39:45.012639   429 skeleton_planner.h:170] Found solution in: 10
I20260909 04:39:45.012655   429 skeleton_planner.h:170] Found solution in: 5
I20260909 04:39:45.012689   429 skeleton_planner.h:170] Found solution in: 14
I20260909 04:39:45.012728   429 skeleton_planner.h:170] Found solution in: 13
I20260909 04:39:45.012750   429 skeleton_planner.h:170] Found solution in: 5
I20260909 04:39:45.012763   429 skeleton_planner.h:170] Found solution in: 3
I20260909 04:39:45.012776   429 skeleton_planner.h:170] Found solution in: 5
I20260909 04:39:45.012787   429 skeleton_planner.h:170] Found solution in: 3
I20260909 04:39:45.012799   429 skeleton_planner.h:170] Found solution in: 4
I20260909 04:39:45.012820   429 skeleton_planner.h:170] Found solution in: 8
I20260909 04:39:45.012838   429 skeleton_planner.h:170] Found solution in: 8
I20260909 04:39:45.012861   429 skeleton_planner.h:170] Found solution in: 7
I20260909 04:39:45.012873   429 skeleton_planner.h:170] Found solution in: 3
I20260909 04:39:45.012883   429 skeleton_planner.h:170] Found solution in: 3
I20260909 04:39:45.012899   429 skeleton_planner.h:170] Found solution in: 5
I20260909 04:39:45.012920   429 skeleton_planner.h:170] Found solution in: 7
I20260909 04:39:45.012936   429 skeleton_planner.h:170] Found solution in: 4
I20260909 04:39:45.012948   429 skeleton_planner.h:170] Found solution in: 3
I20260909 04:39:45.012966   429 skeleton_planner.h:170] Found solution in: 7
I20260909 04:39:45.012986   429 skeleton_planner.h:170] Found solution in: 6
I20260909 04:39:45.012992   429 skeleton_planner.h:170] Found solution in: 1
I20260909 04:39:45.013008   429 skeleton_planner.h:170] Found solution in: 5
I20260909 04:39:45.013043   429 skeleton_planner.h:170] Found solution in: 12
I20260909 04:39:45.013051   429 skeleton_planner.h:170] Found solution in: 1
I20260909 04:39:45.013060   429 skeleton_planner.h:170] Found solution in: 3
I20260909 04:39:45.013077   429 skeleton_planner.h:170] Found solution in: 4
I20260909 04:39:45.013090   429 skeleton_planner.h:170] Found solution in: 5
I20260909 04:39:45.013103   429 skeleton_planner.h:170] Found solution in: 4
I20260909 04:39:45.013154   429 skeleton_planner.h:170] Found solution in: 17
I20260909 04:39:45.013180   429 skeleton_planner.h:170] Found solution in: 5
I20260909 04:39:45.013192   429 skeleton_planner.h:170] Found solution in: 4
I20260909 04:39:45.013196   429 skeleton_planner.h:170] Found solution in: 1
I20260909 04:39:45.013199   429 skeleton_planner.h:170] Found solution in: 1
I20260909 04:39:45.013202   429 skeleton_planner.h:170] Found solution in: 1
I20260909 04:39:45.013206   429 skeleton_planner.h:170] Found solution in: 1
I20260909 04:39:45.013216   429 skeleton_planner.h:170] Found solution in: 4
I20260909 04:39:45.013235   429 skeleton_planner.h:170] Found solution in: 6
I20260909 04:39:45.013257   429 skeleton_planner.h:170] Found solution in: 6
I20260909 04:39:45.013274   429 skeleton_planner.h:170] Found solution in: 5
I20260909 04:39:45.013293   429 skeleton_planner.h:170] Found solution in: 5
I20260909 04:39:45.013312   429 skeleton_planner.h:170] Found solution in: 5
I20260909 04:39:45.013343   429 skeleton_planner.h:170] Found solution in: 10
I20260909 04:39:45.013368   429 skeleton_planner.h:170] Found solution in: 6
I20260909 04:39:45.013402   429 skeleton_planner.h:170] Found solution in: 12
I20260909 04:39:45.013423   429 skeleton_planner.h:170] Found solution in: 4
I20260909 04:39:45.013521   429 skeleton_planner.h:170] Found solution in: 29
I20260909 04:39:45.013576   429 skeleton_planner.h:170] Found solution in: 13
I20260909 04:39:45.013615   429 skeleton_planner.h:170] Found solution in: 11
I20260909 04:39:45.013633   429 skeleton_planner.h:170] Found solution in: 5
I20260909 04:39:45.013660   429 skeleton_planner.h:170] Found solution in: 8
I20260909 04:39:45.013671   429 skeleton_planner.h:170] Found solution in: 3
I20260909 04:39:45.013684   429 skeleton_planner.h:170] Found solution in: 4
I20260909 04:39:45.013696   429 skeleton_planner.h:170] Found solution in: 5
I20260909 04:39:45.013702   429 skeleton_planner.h:170] Found solution in: 1
I20260909 04:39:45.013715   429 skeleton_planner.h:170] Found solution in: 4
I20260909 04:39:45.013733   429 skeleton_planner.h:170] Found solution in: 5
I20260909 04:39:45.013751   429 skeleton_planner.h:170] Found solution in: 5
I20260909 04:39:45.013761   429 skeleton_planner.h:170] Found solution in: 3
I20260909 04:39:45.013778   429 skeleton_planner.h:170] Found solution in: 6
I20260909 04:39:45.013800   429 skeleton_planner.h:170] Found solution in: 7
I20260909 04:39:45.013813   429 skeleton_planner.h:170] Found solution in: 4
I20260909 04:39:45.013825   429 skeleton_planner.h:170] Found solution in: 4
I20260909 04:39:45.013839   429 skeleton_planner.h:170] Found solution in: 4
I20260909 04:39:45.013850   429 skeleton_planner.h:170] Found solution in: 3
I20260909 04:39:45.013875   429 skeleton_planner.h:170] Found solution in: 7
I20260909 04:39:45.013885   429 skeleton_planner.h:170] Found solution in: 2
I20260909 04:39:45.013906   429 skeleton_planner.h:170] Found solution in: 7
I20260909 04:39:45.013928   429 skeleton_planner.h:170] Found solution in: 7
I20260909 04:39:45.013959   429 skeleton_planner.h:170] Found solution in: 8
I20260909 04:39:45.013993   429 skeleton_planner.h:170] Found solution in: 10
I20260909 04:39:45.014009   429 skeleton_planner.h:170] Found solution in: 6
I20260909 04:39:45.014017   429 skeleton_planner.h:170] Found solution in: 2
I20260909 04:39:45.014040   429 skeleton_planner.h:170] Found solution in: 7
I20260909 04:39:45.014067   429 skeleton_planner.h:170] Found solution in: 8
I20260909 04:39:45.014091   429 skeleton_planner.h:170] Found solution in: 8
I20260909 04:39:45.014115   429 skeleton_planner.h:170] Found solution in: 11
I20260909 04:39:45.014140   429 skeleton_planner.h:170] Found solution in: 8
I20260909 04:39:45.014169   429 skeleton_planner.h:170] Found solution in: 12
I20260909 04:39:45.014199   429 skeleton_planner.h:170] Found solution in: 10
I20260909 04:39:45.014211   429 skeleton_planner.h:170] Found solution in: 3
I20260909 04:39:45.014222   429 skeleton_planner.h:170] Found solution in: 3
I20260909 04:39:45.014245   429 skeleton_planner.h:170] Found solution in: 7
I20260909 04:39:45.014258   429 skeleton_planner.h:170] Found solution in: 4
I20260909 04:39:45.014292   429 skeleton_planner.h:170] Found solution in: 10
I20260909 04:39:45.014314   429 skeleton_planner.h:170] Found solution in: 5
I20260909 04:39:45.014325   429 skeleton_planner.h:170] Found solution in: 3
I20260909 04:39:45.014338   429 skeleton_planner.h:170] Found solution in: 3
I20260909 04:39:45.014348   429 skeleton_planner.h:170] Found solution in: 3
I20260909 04:39:45.014359   429 skeleton_planner.h:170] Found solution in: 4
I20260909 04:39:45.014367   429 skeleton_planner.h:170] Found solution in: 2
I20260909 04:39:45.014393   429 skeleton_planner.h:170] Found solution in: 11
I20260909 04:39:45.014411   429 skeleton_planner.h:170] Found solution in: 6
I20260909 04:39:45.014437   429 skeleton_planner.h:170] Found solution in: 11
I20260909 04:39:45.014506   429 skeleton_planner.h:170] Found solution in: 17
I20260909 04:39:45.014525   429 skeleton_planner.h:170] Found solution in: 4
I20260909 04:39:45.014603   429 skeleton_planner.h:170] Found solution in: 28
I20260909 04:39:45.014622   429 skeleton_planner.h:170] Found solution in: 6
I20260909 04:39:45.014637   429 skeleton_planner.h:170] Found solution in: 4
I20260909 04:39:45.014648   429 skeleton_planner.h:170] Found solution in: 3
I20260909 04:39:45.014672   429 skeleton_planner.h:170] Found solution in: 7
I20260909 04:39:45.014688   429 skeleton_planner.h:170] Found solution in: 5
I20260909 04:39:45.014699   429 skeleton_planner.h:170] Found solution in: 3
I20260909 04:39:45.014719   429 skeleton_planner.h:170] Found solution in: 6
I20260909 04:39:45.014772   429 skeleton_planner.h:170] Found solution in: 13
I20260909 04:39:45.014787   429 skeleton_planner.h:170] Found solution in: 4
I20260909 04:39:45.014822   429 skeleton_planner.h:170] Found solution in: 10
I20260909 04:39:45.014832   429 skeleton_planner.h:170] Found solution in: 2
I20260909 04:39:45.014839   429 skeleton_planner.h:170] Found solution in: 2
I20260909 04:39:45.014863   429 skeleton_planner.h:170] Found solution in: 7
I20260909 04:39:45.014873   429 skeleton_planner.h:170] Found solution in: 3
I20260909 04:39:45.014889   429 skeleton_planner.h:170] Found solution in: 4
I20260909 04:39:45.014897   429 skeleton_planner.h:170] Found solution in: 2
I20260909 04:39:45.014911   429 skeleton_planner.h:170] Found solution in: 6
I20260909 04:39:45.014923   429 skeleton_planner.h:170] Found solution in: 4
I20260909 04:39:45.014932   429 skeleton_planner.h:170] Found solution in: 2
I20260909 04:39:45.014936   429 skeleton_planner.h:170] Found solution in: 1
I20260909 04:39:45.014957   429 skeleton_planner.h:170] Found solution in: 7
I20260909 04:39:45.014974   429 skeleton_planner.h:170] Found solution in: 5
I20260909 04:39:45.015000   429 skeleton_planner.h:170] Found solution in: 8
I20260909 04:39:45.015013   429 skeleton_planner.h:170] Found solution in: 3
I20260909 04:39:45.015033   429 skeleton_planner.h:170] Found solution in: 5
I20260909 04:39:45.015049   429 skeleton_planner.h:170] Found solution in: 4
I20260909 04:39:45.015069   429 skeleton_planner.h:170] Found solution in: 6
I20260909 04:39:45.015115   429 skeleton_planner.h:170] Found solution in: 22
I20260909 04:39:45.015126   429 skeleton_planner.h:170] Found solution in: 3
I20260909 04:39:45.015151   429 skeleton_planner.h:170] Found solution in: 8
I20260909 04:39:45.015165   429 skeleton_planner.h:170] Found solution in: 4
I20260909 04:39:45.015178   429 skeleton_planner.h:170] Found solution in: 5
I20260909 04:39:45.015210   429 skeleton_planner.h:170] Found solution in: 9
I20260909 04:39:45.015226   429 skeleton_planner.h:170] Found solution in: 5
I20260909 04:39:45.015247   429 skeleton_planner.h:170] Found solution in: 5
I20260909 04:39:45.015273   429 skeleton_planner.h:170] Found solution in: 9
I20260909 04:39:45.015280   429 skeleton_planner.h:170] Found solution in: 1
I20260909 04:39:45.015308   429 skeleton_planner.h:170] Found solution in: 9
I20260909 04:39:45.015347   429 skeleton_planner.h:170] Found solution in: 10
I20260909 04:39:45.015368   429 skeleton_planner.h:170] Found solution in: 5
I20260909 04:39:45.015383   429 skeleton_planner.h:170] Found solution in: 4
I20260909 04:39:45.015404   429 skeleton_planner.h:170] Found solution in: 7
I20260909 04:39:45.015425   429 skeleton_planner.h:170] Found solution in: 6
I20260909 04:39:45.015450   429 skeleton_planner.h:170] Found solution in: 7
I20260909 04:39:45.015475   429 skeleton_planner.h:170] Found solution in: 7
I20260909 04:39:45.015487   429 skeleton_planner.h:170] Found solution in: 3
I20260909 04:39:45.015491   429 skeleton_generator.cpp:1655] [Simplify Vertices] Vertex removals: 854 / 871, Edges added: 297
I20260909 04:39:45.015949   429 skeleton_generator.cpp:1697] [Subgraph] Number of disconnected subgraphs: 41
I20260909 04:39:45.018954   429 skeleton_planner.h:170] Found solution in: 8
I20260909 04:39:45.019636   429 skeleton_planner.h:170] Found solution in: 7
I20260909 04:39:45.020108   429 skeleton_planner.h:170] Found solution in: 36
I20260909 04:39:45.020838   429 skeleton_planner.h:170] Found solution in: 3
I20260909 04:39:45.020944   429 skeleton_planner.h:170] Found solution in: 12
I20260909 04:39:45.021010   429 skeleton_planner.h:170] Found solution in: 15
I20260909 04:39:45.021314   429 skeleton_planner.h:170] Found solution in: 23
I20260909 04:39:45.021493   429 skeleton_planner.h:170] Found solution in: 99
I20260909 04:39:45.021689   429 skeleton_planner.h:170] Found solution in: 11
I20260909 04:39:45.022449   429 skeleton_planner.h:170] Found solution in: 8
I20260909 04:39:45.022473   429 skeleton_planner.h:170] Found solution in: 5
I20260909 04:39:45.022501   429 skeleton_planner.h:170] Found solution in: 7
I20260909 04:39:45.022536   429 skeleton_planner.h:170] Found solution in: 9
I20260909 04:39:45.022883   429 skeleton_planner.h:170] Found solution in: 13
I20260909 04:39:45.024313   429 skeleton_planner.h:170] Found solution in: 7
I20260909 04:39:45.024341   429 skeleton_planner.h:170] Found solution in: 3
I20260909 04:39:45.024389   429 skeleton_planner.h:170] Found solution in: 10
I20260909 04:39:45.024461   429 skeleton_planner.h:170] Found solution in: 8
I20260909 04:39:45.024530   429 skeleton_planner.h:170] Found solution in: 6
I20260909 04:39:45.025038   429 skeleton_planner.h:170] Found solution in: 11
I20260909 04:39:45.026036   429 skeleton_planner.h:170] Found solution in: 35
I20260909 04:39:45.027236   429 skeleton_planner.h:170] Found solution in: 49
I20260909 04:39:45.027266   429 skeleton_planner.h:170] Found solution in: 6
I20260909 04:39:45.029313   429 skeleton_planner.h:170] Found solution in: 6
I20260909 04:39:45.029345   429 skeleton_planner.h:170] Found solution in: 10
I20260909 04:39:45.029404   429 skeleton_planner.h:170] Found solution in: 5
I20260909 04:39:45.032160   429 skeleton_planner.h:170] Found solution in: 7
I20260909 04:39:45.032215   429 skeleton_planner.h:170] Found solution in: 18
I20260909 04:39:45.034767   429 skeleton_planner.h:170] Found solution in: 17
I20260909 04:39:45.036423   429 skeleton_planner.h:170] Found solution in: 4
I20260909 04:39:45.036787   429 skeleton_planner.h:170] Found solution in: 5
I20260909 04:39:45.036903   429 skeleton_generator.cpp:1756] [Subgraph] Potential edge candidates: 109 diagram candidates: 31
I20260909 04:39:45.036965   429 skeleton_generator.cpp:1771] [Subgraph] Final number of disconnected subgraphs: 11
I20260909 04:39:45.036970   429 skeleton_generator.cpp:633] [Sparse Graph] Vertices: 1326 Edges: 2227
