I20260909 04:43:52.331488  1119 skeleton_planner.h:31] Setting ESDF layer.
I20260909 04:43:52.439954  1119 skeleton_generator.cpp:226] [GVD] Finished finding GVD candidates. Number of skeleton points: 69841 edges: 6778
I20260909 04:43:52.457975  1119 skeleton_generator.cpp:1093] [Prune] Number of vertices before prune: 2941 Number of deleted vertices: 639
I20260909 04:43:52.466061  1119 skeleton_planner.h:170] Found solution in: 1
I20260909 04:43:52.466082  1119 skeleton_planner.h:170] Found solution in: 1
I20260909 04:43:52.466095  1119 skeleton_planner.h:170] Found solution in: 10
I20260909 04:43:52.466102  1119 skeleton_planner.h:170] Found solution in: 5
I20260909 04:43:52.466149  1119 skeleton_planner.h:170] Found solution in: 4
I20260909 04:43:52.466157  1119 skeleton_planner.h:170] Found solution in: 1
I20260909 04:43:52.466161  1119 skeleton_planner.h:170] Found solution in: 3
I20260909 04:43:52.466173  1119 skeleton_planner.h:170] Found solution in: 3
I20260909 04:43:52.466182  1119 skeleton_planner.h:170] Found solution in: 1
I20260909 04:43:52.466197  1119 skeleton_planner.h:170] Found solution in: 3
I20260909 04:43:52.466203  1119 skeleton_planner.h:170] Found solution in: 1
I20260909 04:43:52.466212  1119 skeleton_planner.h:170] Found solution in: 1
I20260909 04:43:52.466303  1119 skeleton_planner.h:170] Found solution in: 3
I20260909 04:43:52.466315  1119 skeleton_planner.h:170] Found solution in: 1
I20260909 04:43:52.466405  1119 skeleton_planner.h:170] Found solution in: 3
I20260909 04:43:52.466414  1119 skeleton_planner.h:170] Found solution in: 1
I20260909 04:43:52.466432  1119 skeleton_planner.h:170] Found solution in: 4
I20260909 04:43:52.466441  1119 skeleton_planner.h:170] Found solution in: 1
I20260909 04:43:52.466445  1119 skeleton_planner.h:170] Found solution in: 3
I20260909 04:43:52.466456  1119 skeleton_planner.h:170] Found solution in: 3
I20260909 04:43:52.466464  1119 skeleton_planner.h:170] Found solution in: 1
I20260909 04:43:52.466470  1119 skeleton_planner.h:170] Found solution in: 7
I20260909 04:43:52.466493  1119 skeleton_planner.h:170] Found solution in: 5
I20260909 04:43:52.466503  1119 skeleton_planner.h:170] Found solution in: 1
I20260909 04:43:52.466518  1119 skeleton_planner.h:170] Found solution in: 4
I20260909 04:43:52.466528  1119 skeleton_planner.h:170] Found solution in: 1
I20260909 04:43:52.466531  1119 skeleton_planner.h:170] Found solution in: 2
I20260909 04:43:52.466545  1119 skeleton_planner.h:170] Found solution in: 4
I20260909 04:43:52.466552  1119 skeleton_planner.h:170] Found solution in: 1
I20260909 04:43:52.466558  1119 skeleton_planner.h:170] Found solution in: 4
I20260909 04:43:52.466566  1119 skeleton_planner.h:170] Found solution in: 8
I20260909 04:43:52.466571  1119 skeleton_planner.h:170] Found solution in: 4
I20260909 04:43:52.466578  1119 skeleton_planner.h:170] Found solution in: 1
I20260909 04:43:52.466595  1119 skeleton_planner.h:170] Found solution in: 4
I20260909 04:43:52.466604  1119 skeleton_planner.h:170] Found solution in: 1
I20260909 04:43:52.466609  1119 skeleton_planner.h:170] Found solution in: 3
I20260909 04:43:52.466625  1119 skeleton_planner.h:170] Found solution in: 5
I20260909 04:43:52.466634  1119 skeleton_planner.h:170] Found solution in: 1
I20260909 04:43:52.466642  1119 skeleton_planner.h:170] Found solution in: 7
I20260909 04:43:52.466650  1119 skeleton_planner.h:170] Found solution in: 9
I20260909 04:43:52.466681  1119 skeleton_planner.h:170] Found solution in: 7
I20260909 04:43:52.466691  1119 skeleton_planner.h:170] Found solution in: 1
I20260909 04:43:52.466717  1119 skeleton_planner.h:170] Found solution in: 5
I20260909 04:43:52.466727  1119 skeleton_planner.h:170] Found solution in: 1
I20260909 04:43:52.466734  1119 skeleton_planner.h:170] Found solution in: 6
I20260909 04:43:52.466740  1119 skeleton_planner.h:170] Found solution in: 5
I20260909 04:43:52.466749  1119 skeleton_planner.h:170] Found solution in: 9
I20260909 04:43:52.466756  1119 skeleton_planner.h:170] Found solution in: 6
I20260909 04:43:52.466791  1119 skeleton_planner.h:170] Found solution in: 6
I20260909 04:43:52.466809  1119 skeleton_planner.h:170] Found solution in: 1
I20260909 04:43:52.466813  1119 skeleton_planner.h:170] Found solution in: 4
I20260909 04:43:52.466818  1119 skeleton_planner.h:170] Found solution in: 4
I20260909 04:43:52.466842  1119 skeleton_planner.h:170] Found solution in: 6
I20260909 04:43:52.466853  1119 skeleton_planner.h:170] Found solution in: 1
I20260909 04:43:52.466856  1119 skeleton_planner.h:170] Found solution in: 2
I20260909 04:43:52.466876  1119 skeleton_planner.h:170] Found solution in: 7
I20260909 04:43:52.466885  1119 skeleton_planner.h:170] Found solution in: 1
I20260909 04:43:52.466890  1119 skeleton_planner.h:170] Found solution in: 5
I20260909 04:43:52.466904  1119 skeleton_planner.h:170] Found solution in: 16
I20260909 04:43:52.467067  1119 skeleton_planner.h:170] Found solution in: 1
I20260909 04:43:52.467074  1119 skeleton_planner.h:170] Found solution in: 6
I20260909 04:43:52.467118  1119 skeleton_planner.h:170] Found solution in: 8
I20260909 04:43:52.467125  1119 skeleton_planner.h:170] Found solution in: 1
I20260909 04:43:52.467130  1119 skeleton_planner.h:170] Found solution in: 3
I20260909 04:43:52.467150  1119 skeleton_planner.h:170] Found solution in: 8
I20260909 04:43:52.467157  1119 skeleton_planner.h:170] Found solution in: 1
I20260909 04:43:52.467163  1119 skeleton_planner.h:170] Found solution in: 5
I20260909 04:43:52.467168  1119 skeleton_planner.h:170] Found solution in: 4
I20260909 04:43:52.467177  1119 skeleton_planner.h:170] Found solution in: 1
I20260909 04:43:52.467190  1119 skeleton_planner.h:170] Found solution in: 3
I20260909 04:43:52.467197  1119 skeleton_planner.h:170] Found solution in: 1
I20260909 04:43:52.467260  1119 skeleton_planner.h:170] Found solution in: 6
I20260909 04:43:52.467267  1119 skeleton_planner.h:170] Found solution in: 1
I20260909 04:43:52.467299  1119 skeleton_planner.h:170] Found solution in: 5
I20260909 04:43:52.467310  1119 skeleton_planner.h:170] Found solution in: 1
I20260909 04:43:52.467329  1119 skeleton_planner.h:170] Found solution in: 6
I20260909 04:43:52.467335  1119 skeleton_planner.h:170] Found solution in: 1
I20260909 04:43:52.467342  1119 skeleton_planner.h:170] Found solution in: 1
I20260909 04:43:52.467347  1119 skeleton_planner.h:170] Found solution in: 3
I20260909 04:43:52.467370  1119 skeleton_planner.h:170] Found solution in: 6
I20260909 04:43:52.467377  1119 skeleton_planner.h:170] Found solution in: 1
I20260909 04:43:52.467382  1119 skeleton_planner.h:170] Found solution in: 3
I20260909 04:43:52.467396  1119 skeleton_planner.h:170] Found solution in: 5
I20260909 04:43:52.467402  1119 skeleton_planner.h:170] Found solution in: 1
I20260909 04:43:52.467414  1119 skeleton_planner.h:170] Found solution in: 5
I20260909 04:43:52.467422  1119 skeleton_planner.h:170] Found solution in: 1
I20260909 04:43:52.467427  1119 skeleton_planner.h:170] Found solution in: 4
I20260909 04:43:52.467439  1119 skeleton_planner.h:170] Found solution in: 5
I20260909 04:43:52.467447  1119 skeleton_planner.h:170] Found solution in: 1
I20260909 04:43:52.467453  1119 skeleton_planner.h:170] Found solution in: 3
I20260909 04:43:52.467840  1119 skeleton_planner.h:170] Found solution in: 9
I20260909 04:43:52.467849  1119 skeleton_planner.h:170] Found solution in: 1
I20260909 04:43:52.467854  1119 skeleton_planner.h:170] Found solution in: 4
I20260909 04:43:52.467867  1119 skeleton_planner.h:170] Found solution in: 4
I20260909 04:43:52.467875  1119 skeleton_planner.h:170] Found solution in: 1
I20260909 04:43:52.467955  1119 skeleton_planner.h:170] Found solution in: 3
I20260909 04:43:52.467965  1119 skeleton_planner.h:170] Found solution in: 1
I20260909 04:43:52.467969  1119 skeleton_planner.h:170] Found solution in: 2
I20260909 04:43:52.467979  1119 skeleton_planner.h:170] Found solution in: 3
I20260909 04:43:52.467988  1119 skeleton_planner.h:170] Found solution in: 1
I20260909 04:43:52.467991  1119 skeleton_planner.h:170] Found solution in: 3
I20260909 04:43:52.467995  1119 skeleton_planner.h:170] Found solution in: 4
I20260909 04:43:52.468014  1119 skeleton_planner.h:170] Found solution in: 5
I20260909 04:43:52.468021  1119 skeleton_planner.h:170] Found solution in: 1
I20260909 04:43:52.468026  1119 skeleton_planner.h:170] Found solution in: 4
I20260909 04:43:52.468425  1119 skeleton_planner.h:170] Found solution in: 9
I20260909 04:43:52.468432  1119 skeleton_planner.h:170] Found solution in: 1
I20260909 04:43:52.468441  1119 skeleton_planner.h:170] Found solution in: 9
I20260909 04:43:52.468447  1119 skeleton_planner.h:170] Found solution in: 4
I20260909 04:43:52.468452  1119 skeleton_planner.h:170] Found solution in: 4
I20260909 04:43:52.468456  1119 skeleton_planner.h:170] Found solution in: 1
I20260909 04:43:52.468466  1119 skeleton_planner.h:170] Found solution in: 3
I20260909 04:43:52.468472  1119 skeleton_planner.h:170] Found solution in: 1
I20260909 04:43:52.468493  1119 skeleton_planner.h:170] Found solution in: 3
I20260909 04:43:52.468500  1119 skeleton_planner.h:170] Found solution in: 1
I20260909 04:43:52.468508  1119 skeleton_planner.h:170] Found solution in: 9
I20260909 04:43:52.468516  1119 skeleton_planner.h:170] Found solution in: 9
I20260909 04:43:52.468545  1119 skeleton_planner.h:170] Found solution in: 8
I20260909 04:43:52.468556  1119 skeleton_planner.h:170] Found solution in: 1
I20260909 04:43:52.468572  1119 skeleton_planner.h:170] Found solution in: 17
I20260909 04:43:52.468586  1119 skeleton_planner.h:170] Found solution in: 14
I20260909 04:43:52.468592  1119 skeleton_planner.h:170] Found solution in: 1
I20260909 04:43:52.468611  1119 skeleton_planner.h:170] Found solution in: 5
I20260909 04:43:52.468616  1119 skeleton_planner.h:170] Found solution in: 1
I20260909 04:43:52.468681  1119 skeleton_planner.h:170] Found solution in: 32
I20260909 04:43:52.468691  1119 skeleton_planner.h:170] Found solution in: 5
I20260909 04:43:52.468708  1119 skeleton_planner.h:170] Found solution in: 6
I20260909 04:43:52.468714  1119 skeleton_planner.h:170] Found solution in: 1
I20260909 04:43:52.468731  1119 skeleton_planner.h:170] Found solution in: 3
I20260909 04:43:52.468745  1119 skeleton_planner.h:170] Found solution in: 1
I20260909 04:43:52.468750  1119 skeleton_planner.h:170] Found solution in: 3
I20260909 04:43:52.468760  1119 skeleton_planner.h:170] Found solution in: 3
I20260909 04:43:52.468765  1119 skeleton_planner.h:170] Found solution in: 1
I20260909 04:43:52.468771  1119 skeleton_planner.h:170] Found solution in: 5
I20260909 04:43:52.468778  1119 skeleton_planner.h:170] Found solution in: 8
I20260909 04:43:52.468783  1119 skeleton_planner.h:170] Found solution in: 1
I20260909 04:43:52.468786  1119 skeleton_planner.h:170] Found solution in: 2
I20260909 04:43:52.468803  1119 skeleton_planner.h:170] Found solution in: 5
I20260909 04:43:52.468811  1119 skeleton_planner.h:170] Found solution in: 1
I20260909 04:43:52.468904  1119 skeleton_planner.h:170] Found solution in: 5
I20260909 04:43:52.468912  1119 skeleton_planner.h:170] Found solution in: 1
I20260909 04:43:52.468917  1119 skeleton_planner.h:170] Found solution in: 4
I20260909 04:43:52.469003  1119 skeleton_planner.h:170] Found solution in: 5
I20260909 04:43:52.469013  1119 skeleton_planner.h:170] Found solution in: 1
I20260909 04:43:52.469026  1119 skeleton_planner.h:170] Found solution in: 13
I20260909 04:43:52.469048  1119 skeleton_planner.h:170] Found solution in: 25
I20260909 04:43:52.469069  1119 skeleton_planner.h:170] Found solution in: 24
I20260909 04:43:52.469075  1119 skeleton_planner.h:170] Found solution in: 6
I20260909 04:43:52.469082  1119 skeleton_planner.h:170] Found solution in: 1
I20260909 04:43:52.469092  1119 skeleton_planner.h:170] Found solution in: 10
I20260909 04:43:52.469126  1119 skeleton_planner.h:170] Found solution in: 40
I20260909 04:43:52.469135  1119 skeleton_planner.h:170] Found solution in: 1
I20260909 04:43:52.469139  1119 skeleton_planner.h:170] Found solution in: 3
I20260909 04:43:52.469144  1119 skeleton_planner.h:170] Found solution in: 5
I20260909 04:43:52.469153  1119 skeleton_planner.h:170] Found solution in: 10
I20260909 04:43:52.469259  1119 skeleton_planner.h:170] Found solution in: 5
I20260909 04:43:52.469267  1119 skeleton_planner.h:170] Found solution in: 1
I20260909 04:43:52.469359  1119 skeleton_planner.h:170] Found solution in: 3
I20260909 04:43:52.469367  1119 skeleton_planner.h:170] Found solution in: 1
I20260909 04:43:52.469389  1119 skeleton_planner.h:170] Found solution in: 28
I20260909 04:43:52.469398  1119 skeleton_planner.h:170] Found solution in: 1
I20260909 04:43:52.469403  1119 skeleton_planner.h:170] Found solution in: 4
I20260909 04:43:52.469408  1119 skeleton_planner.h:170] Found solution in: 1
I20260909 04:43:52.469412  1119 skeleton_planner.h:170] Found solution in: 4
I20260909 04:43:52.469419  1119 skeleton_planner.h:170] Found solution in: 5
I20260909 04:43:52.469425  1119 skeleton_planner.h:170] Found solution in: 1
I20260909 04:43:52.469515  1119 skeleton_planner.h:170] Found solution in: 3
I20260909 04:43:52.469523  1119 skeleton_planner.h:170] Found solution in: 1
I20260909 04:43:52.469528  1119 skeleton_planner.h:170] Found solution in: 4
I20260909 04:43:52.469547  1119 skeleton_planner.h:170] Found solution in: 5
I20260909 04:43:52.469555  1119 skeleton_planner.h:170] Found solution in: 1
I20260909 04:43:52.469558  1119 skeleton_planner.h:170] Found solution in: 2
I20260909 04:43:52.469955  1119 skeleton_planner.h:170] Found solution in: 1
I20260909 04:43:52.469962  1119 skeleton_planner.h:170] Found solution in: 5
I20260909 04:43:52.469983  1119 skeleton_planner.h:170] Found solution in: 4
I20260909 04:43:52.469990  1119 skeleton_planner.h:170] Found solution in: 1
I20260909 04:43:52.470008  1119 skeleton_planner.h:170] Found solution in: 3
I20260909 04:43:52.470016  1119 skeleton_planner.h:170] Found solution in: 1
I20260909 04:43:52.470021  1119 skeleton_planner.h:170] Found solution in: 5
I20260909 04:43:52.470799  1119 skeleton_planner.h:170] Found solution in: 1
I20260909 04:43:52.470804  1119 skeleton_planner.h:170] Found solution in: 2
I20260909 04:43:52.470816  1119 skeleton_planner.h:170] Found solution in: 3
I20260909 04:43:52.470829  1119 skeleton_planner.h:170] Found solution in: 1
I20260909 04:43:52.470831  1119 skeleton_planner.h:170] Found solution in: 2
I20260909 04:43:52.470847  1119 skeleton_planner.h:170] Found solution in: 6
I20260909 04:43:52.470857  1119 skeleton_planner.h:170] Found solution in: 1
I20260909 04:43:52.470865  1119 skeleton_planner.h:170] Found solution in: 6
I20260909 04:43:52.470872  1119 skeleton_planner.h:170] Found solution in: 7
I20260909 04:43:52.470914  1119 skeleton_planner.h:170] Found solution in: 8
I20260909 04:43:52.470930  1119 skeleton_planner.h:170] Found solution in: 1
I20260909 04:43:52.470940  1119 skeleton_planner.h:170] Found solution in: 8
I20260909 04:43:52.470948  1119 skeleton_planner.h:170] Found solution in: 1
I20260909 04:43:52.470955  1119 skeleton_planner.h:170] Found solution in: 5
I20260909 04:43:52.470963  1119 skeleton_planner.h:170] Found solution in: 9
I20260909 04:43:52.470969  1119 skeleton_planner.h:170] Found solution in: 1
I20260909 04:43:52.470975  1119 skeleton_planner.h:170] Found solution in: 1
I20260909 04:43:52.470979  1119 skeleton_planner.h:170] Found solution in: 3
I20260909 04:43:52.470994  1119 skeleton_planner.h:170] Found solution in: 4
I20260909 04:43:52.471002  1119 skeleton_planner.h:170] Found solution in: 1
I20260909 04:43:52.471017  1119 skeleton_planner.h:170] Found solution in: 4
I20260909 04:43:52.471025  1119 skeleton_planner.h:170] Found solution in: 1
I20260909 04:43:52.471063  1119 skeleton_planner.h:170] Found solution in: 45
I20260909 04:43:52.471072  1119 skeleton_planner.h:170] Found solution in: 1
I20260909 04:43:52.471086  1119 skeleton_planner.h:170] Found solution in: 3
I20260909 04:43:52.471092  1119 skeleton_planner.h:170] Found solution in: 1
I20260909 04:43:52.471117  1119 skeleton_planner.h:170] Found solution in: 29
I20260909 04:43:52.471127  1119 skeleton_planner.h:170] Found solution in: 1
I20260909 04:43:52.471138  1119 skeleton_planner.h:170] Found solution in: 3
I20260909 04:43:52.471149  1119 skeleton_planner.h:170] Found solution in: 1
I20260909 04:43:52.471166  1119 skeleton_planner.h:170] Found solution in: 6
I20260909 04:43:52.471179  1119 skeleton_planner.h:170] Found solution in: 1
I20260909 04:43:52.471187  1119 skeleton_planner.h:170] Found solution in: 3
I20260909 04:43:52.471194  1119 skeleton_planner.h:170] Found solution in: 1
I20260909 04:43:52.471205  1119 skeleton_planner.h:170] Found solution in: 3
I20260909 04:43:52.471215  1119 skeleton_planner.h:170] Found solution in: 1
I20260909 04:43:52.471220  1119 skeleton_planner.h:170] Found solution in: 3
I20260909 04:43:52.471236  1119 skeleton_planner.h:170] Found solution in: 17
I20260909 04:43:52.471271  1119 skeleton_planner.h:170] Found solution in: 42
I20260909 04:43:52.471280  1119 skeleton_planner.h:170] Found solution in: 1
I20260909 04:43:52.471297  1119 skeleton_planner.h:170] Found solution in: 3
I20260909 04:43:52.471307  1119 skeleton_planner.h:170] Found solution in: 1
I20260909 04:43:52.471312  1119 skeleton_planner.h:170] Found solution in: 3
I20260909 04:43:52.471323  1119 skeleton_planner.h:170] Found solution in: 3
I20260909 04:43:52.471328  1119 skeleton_planner.h:170] Found solution in: 1
I20260909 04:43:52.471344  1119 skeleton_planner.h:170] Found solution in: 19
I20260909 04:43:52.471359  1119 skeleton_planner.h:170] Found solution in: 18
I20260909 04:43:52.471395  1119 skeleton_planner.h:170] Found solution in: 5
I20260909 04:43:52.471402  1119 skeleton_planner.h:170] Found solution in: 1
I20260909 04:43:52.471406  1119 skeleton_planner.h:170] Found solution in: 3
I20260909 04:43:52.471410  1119 skeleton_planner.h:170] Found solution in: 1
I20260909 04:43:52.471414  1119 skeleton_planner.h:170] Found solution in: 3
I20260909 04:43:52.471421  1119 skeleton_planner.h:170] Found solution in: 1
I20260909 04:43:52.471439  1119 skeleton_planner.h:170] Found solution in: 6
I20260909 04:43:52.471452  1119 skeleton_planner.h:170] Found solution in: 1
I20260909 04:43:52.471455  1119 skeleton_planner.h:170] Found solution in: 2
I20260909 04:43:52.471475  1119 skeleton_planner.h:170] Found solution in: 6
I20260909 04:43:52.471489  1119 skeleton_planner.h:170] Found solution in: 1
I20260909 04:43:52.471510  1119 skeleton_planner.h:170] Found solution in: 6
I20260909 04:43:52.471521  1119 skeleton_planner.h:170] Found solution in: 1
I20260909 04:43:52.471529  1119 skeleton_planner.h:170] Found solution in: 1
I20260909 04:43:52.471534  1119 skeleton_planner.h:170] Found solution in: 5
I20260909 04:43:52.471563  1119 skeleton_planner.h:170] Found solution in: 6
I20260909 04:43:52.471571  1119 skeleton_planner.h:170] Found solution in: 1
I20260909 04:43:52.471580  1119 skeleton_planner.h:170] Found solution in: 6
I20260909 04:43:52.471587  1119 skeleton_planner.h:170] Found solution in: 1
I20260909 04:43:52.471601  1119 skeleton_planner.h:170] Found solution in: 3
I20260909 04:43:52.471611  1119 skeleton_planner.h:170] Found solution in: 1
I20260909 04:43:52.471616  1119 skeleton_planner.h:170] Found solution in: 3
I20260909 04:43:52.471634  1119 skeleton_planner.h:170] Found solution in: 5
I20260909 04:43:52.471643  1119 skeleton_planner.h:170] Found solution in: 1
I20260909 04:43:52.471657  1119 skeleton_planner.h:170] Found solution in: 3
I20260909 04:43:52.471666  1119 skeleton_planner.h:170] Found solution in: 1
I20260909 04:43:52.471966  1119 skeleton_planner.h:170] Found solution in: 7
I20260909 04:43:52.471979  1119 skeleton_planner.h:170] Found solution in: 1
I20260909 04:43:52.471992  1119 skeleton_planner.h:170] Found solution in: 3
I20260909 04:43:52.471999  1119 skeleton_planner.h:170] Found solution in: 1
I20260909 04:43:52.472007  1119 skeleton_planner.h:170] Found solution in: 1
I20260909 04:43:52.472018  1119 skeleton_planner.h:170] Found solution in: 3
I20260909 04:43:52.472026  1119 skeleton_planner.h:170] Found solution in: 1
I20260909 04:43:52.472117  1119 skeleton_planner.h:170] Found solution in: 3
I20260909 04:43:52.472126  1119 skeleton_planner.h:170] Found solution in: 1
I20260909 04:43:52.472146  1119 skeleton_planner.h:170] Found solution in: 4
I20260909 04:43:52.472157  1119 skeleton_planner.h:170] Found solution in: 1
I20260909 04:43:52.472163  1119 skeleton_planner.h:170] Found solution in: 5
I20260909 04:43:52.472170  1119 skeleton_planner.h:170] Found solution in: 7
I20260909 04:43:52.472175  1119 skeleton_planner.h:170] Found solution in: 1
I20260909 04:43:52.472182  1119 skeleton_planner.h:170] Found solution in: 1
I20260909 04:43:52.472189  1119 skeleton_planner.h:170] Found solution in: 8
I20260909 04:43:52.472195  1119 skeleton_planner.h:170] Found solution in: 6
I20260909 04:43:52.472234  1119 skeleton_planner.h:170] Found solution in: 11
I20260909 04:43:52.472242  1119 skeleton_planner.h:170] Found solution in: 1
I20260909 04:43:52.472249  1119 skeleton_planner.h:170] Found solution in: 5
I20260909 04:43:52.472255  1119 skeleton_planner.h:170] Found solution in: 1
I20260909 04:43:52.472262  1119 skeleton_planner.h:170] Found solution in: 1
I20260909 04:43:52.472267  1119 skeleton_planner.h:170] Found solution in: 4
I20260909 04:43:52.472275  1119 skeleton_planner.h:170] Found solution in: 7
I20260909 04:43:52.472283  1119 skeleton_planner.h:170] Found solution in: 1
I20260909 04:43:52.472290  1119 skeleton_planner.h:170] Found solution in: 6
I20260909 04:43:52.472296  1119 skeleton_planner.h:170] Found solution in: 1
I20260909 04:43:52.472313  1119 skeleton_planner.h:170] Found solution in: 15
I20260909 04:43:52.472321  1119 skeleton_planner.h:170] Found solution in: 7
I20260909 04:43:52.472327  1119 skeleton_planner.h:170] Found solution in: 1
I20260909 04:43:52.472330  1119 skeleton_planner.h:170] Found solution in: 2
I20260909 04:43:52.472342  1119 skeleton_planner.h:170] Found solution in: 3
I20260909 04:43:52.472349  1119 skeleton_planner.h:170] Found solution in: 1
I20260909 04:43:52.472359  1119 skeleton_planner.h:170] Found solution in: 3
I20260909 04:43:52.472365  1119 skeleton_planner.h:170] Found solution in: 1
I20260909 04:43:52.472429  1119 skeleton_planner.h:170] Found solution in: 5
I20260909 04:43:52.472440  1119 skeleton_planner.h:170] Found solution in: 1
I20260909 04:43:52.472442  1119 skeleton_planner.h:170] Found solution in: 2
I20260909 04:43:52.472452  1119 skeleton_planner.h:170] Found solution in: 3
I20260909 04:43:52.472460  1119 skeleton_planner.h:170] Found solution in: 1
I20260909 04:43:52.472474  1119 skeleton_planner.h:170] Found solution in: 3
I20260909 04:43:52.472482  1119 skeleton_planner.h:170] Found solution in: 1
I20260909 04:43:52.472486  1119 skeleton_planner.h:170] Found solution in: 3
I20260909 04:43:52.472503  1119 skeleton_planner.h:170] Found solution in: 5
I20260909 04:43:52.472515  1119 skeleton_planner.h:170] Found solution in: 1
I20260909 04:43:52.472529  1119 skeleton_planner.h:170] Found solution in: 3
I20260909 04:43:52.472536  1119 skeleton_planner.h:170] Found solution in: 1
I20260909 04:43:52.472553  1119 skeleton_planner.h:170] Found solution in: 5
I20260909 04:43:52.472559  1119 skeleton_planner.h:170] Found solution in: 1
I20260909 04:43:52.472573  1119 skeleton_planner.h:170] Found solution in: 5
I20260909 04:43:52.472581  1119 skeleton_planner.h:170] Found solution in: 1
I20260909 04:43:52.472632  1119 skeleton_planner.h:170] Found solution in: 4
I20260909 04:43:52.472640  1119 skeleton_planner.h:170] Found solution in: 1
I20260909 04:43:52.472645  1119 skeleton_planner.h:170] Found solution in: 1
I20260909 04:43:52.472666  1119 skeleton_planner.h:170] Found solution in: 6
I20260909 04:43:52.472674  1119 skeleton_planner.h:170] Found solution in: 1
I20260909 04:43:52.472689  1119 skeleton_planner.h:170] Found solution in: 5
I20260909 04:43:52.472699  1119 skeleton_planner.h:170] Found solution in: 1
I20260909 04:43:52.472712  1119 skeleton_planner.h:170] Found solution in: 3
I20260909 04:43:52.472720  1119 skeleton_planner.h:170] Found solution in: 1
I20260909 04:43:52.472731  1119 skeleton_planner.h:170] Found solution in: 3
I20260909 04:43:52.472741  1119 skeleton_planner.h:170] Found solution in: 1
I20260909 04:43:52.472764  1119 skeleton_planner.h:170] Found solution in: 5
I20260909 04:43:52.472772  1119 skeleton_planner.h:170] Found solution in: 1
I20260909 04:43:52.472783  1119 skeleton_planner.h:170] Found solution in: 3
I20260909 04:43:52.472790  1119 skeleton_planner.h:170] Found solution in: 1
I20260909 04:43:52.472800  1119 skeleton_planner.h:170] Found solution in: 3
I20260909 04:43:52.472810  1119 skeleton_planner.h:170] Found solution in: 1
I20260909 04:43:52.472819  1119 skeleton_planner.h:170] Found solution in: 3
I20260909 04:43:52.472826  1119 skeleton_planner.h:170] Found solution in: 1
I20260909 04:43:52.472863  1119 skeleton_planner.h:170] Found solution in: 3
I20260909 04:43:52.472873  1119 skeleton_planner.h:170] Found solution in: 1
I20260909 04:43:52.472937  1119 skeleton_planner.h:170] Found solution in: 7
I20260909 04:43:52.472949  1119 skeleton_planner.h:170] Found solution in: 1
I20260909 04:43:52.472955  1119 skeleton_planner.h:170] Found solution in: 7
I20260909 04:43:52.472980  1119 skeleton_planner.h:170] Found solution in: 7
I20260909 04:43:52.472987  1119 skeleton_planner.h:170] Found solution in: 1
I20260909 04:43:52.472996  1119 skeleton_planner.h:170] Found solution in: 10
I20260909 04:43:52.473002  1119 skeleton_planner.h:170] Found solution in: 1
I20260909 04:43:52.473016  1119 skeleton_planner.h:170] Found solution in: 5
I20260909 04:43:52.473030  1119 skeleton_planner.h:170] Found solution in: 1
I20260909 04:43:52.473037  1119 skeleton_planner.h:170] Found solution in: 1
I20260909 04:43:52.473062  1119 skeleton_planner.h:170] Found solution in: 3
I20260909 04:43:52.473071  1119 skeleton_planner.h:170] Found solution in: 1
I20260909 04:43:52.473074  1119 skeleton_planner.h:170] Found solution in: 2
I20260909 04:43:52.473080  1119 skeleton_planner.h:170] Found solution in: 1
I20260909 04:43:52.473083  1119 skeleton_planner.h:170] Found solution in: 2
I20260909 04:43:52.473088  1119 skeleton_planner.h:170] Found solution in: 1
I20260909 04:43:52.473094  1119 skeleton_planner.h:170] Found solution in: 1
I20260909 04:43:52.473150  1119 skeleton_planner.h:170] Found solution in: 16
I20260909 04:43:52.473161  1119 skeleton_planner.h:170] Found solution in: 1
I20260909 04:43:52.473169  1119 skeleton_planner.h:170] Found solution in: 8
I20260909 04:43:52.473176  1119 skeleton_planner.h:170] Found solution in: 1
I20260909 04:43:52.473261  1119 skeleton_planner.h:170] Found solution in: 3
I20260909 04:43:52.473270  1119 skeleton_planner.h:170] Found solution in: 1
I20260909 04:43:52.473277  1119 skeleton_planner.h:170] Found solution in: 8
I20260909 04:43:52.473286  1119 skeleton_planner.h:170] Found solution in: 1
I20260909 04:43:52.473294  1119 skeleton_planner.h:170] Found solution in: 8
I20260909 04:43:52.473301  1119 skeleton_planner.h:170] Found solution in: 1
I20260909 04:43:52.473330  1119 skeleton_planner.h:170] Found solution in: 5
I20260909 04:43:52.473340  1119 skeleton_planner.h:170] Found solution in: 1
I20260909 04:43:52.473349  1119 skeleton_planner.h:170] Found solution in: 11
I20260909 04:43:52.473357  1119 skeleton_planner.h:170] Found solution in: 1
I20260909 04:43:52.473372  1119 skeleton_planner.h:170] Found solution in: 3
I20260909 04:43:52.473381  1119 skeleton_planner.h:170] Found solution in: 1
I20260909 04:43:52.473397  1119 skeleton_planner.h:170] Found solution in: 4
I20260909 04:43:52.473407  1119 skeleton_planner.h:170] Found solution in: 1
I20260909 04:43:52.473419  1119 skeleton_planner.h:170] Found solution in: 3
I20260909 04:43:52.473426  1119 skeleton_planner.h:170] Found solution in: 1
I20260909 04:43:52.473438  1119 skeleton_planner.h:170] Found solution in: 3
I20260909 04:43:52.473445  1119 skeleton_planner.h:170] Found solution in: 1
I20260909 04:43:52.473455  1119 skeleton_planner.h:170] Found solution in: 3
I20260909 04:43:52.473464  1119 skeleton_planner.h:170] Found solution in: 1
I20260909 04:43:52.473467  1119 skeleton_planner.h:170] Found solution in: 1
I20260909 04:43:52.473476  1119 skeleton_planner.h:170] Found solution in: 1
I20260909 04:43:52.473491  1119 skeleton_planner.h:170] Found solution in: 3
I20260909 04:43:52.473500  1119 skeleton_planner.h:170] Found solution in: 1
I20260909 04:43:52.473517  1119 skeleton_planner.h:170] Found solution in: 5
I20260909 04:43:52.473526  1119 skeleton_planner.h:170] Found solution in: 1
I20260909 04:43:52.473536  1119 skeleton_planner.h:170] Found solution in: 11
I20260909 04:43:52.473543  1119 skeleton_planner.h:170] Found solution in: 1
I20260909 04:43:52.473548  1119 skeleton_planner.h:170] Found solution in: 5
I20260909 04:43:52.473556  1119 skeleton_planner.h:170] Found solution in: 8
I20260909 04:43:52.473583  1119 skeleton_planner.h:170] Found solution in: 8
I20260909 04:43:52.473592  1119 skeleton_planner.h:170] Found solution in: 1
I20260909 04:43:52.473616  1119 skeleton_planner.h:170] Found solution in: 5
I20260909 04:43:52.473626  1119 skeleton_planner.h:170] Found solution in: 1
I20260909 04:43:52.473634  1119 skeleton_planner.h:170] Found solution in: 7
I20260909 04:43:52.473660  1119 skeleton_planner.h:170] Found solution in: 8
I20260909 04:43:52.473670  1119 skeleton_planner.h:170] Found solution in: 1
I20260909 04:43:52.473677  1119 skeleton_planner.h:170] Found solution in: 8
I20260909 04:43:52.473771  1119 skeleton_planner.h:170] Found solution in: 5
I20260909 04:43:52.473778  1119 skeleton_planner.h:170] Found solution in: 1
I20260909 04:43:52.473798  1119 skeleton_planner.h:170] Found solution in: 6
I20260909 04:43:52.473809  1119 skeleton_planner.h:170] Found solution in: 1
I20260909 04:43:52.473811  1119 skeleton_planner.h:170] Found solution in: 2
I20260909 04:43:52.473830  1119 skeleton_planner.h:170] Found solution in: 6
I20260909 04:43:52.473838  1119 skeleton_planner.h:170] Found solution in: 1
I20260909 04:43:52.473845  1119 skeleton_planner.h:170] Found solution in: 7
I20260909 04:43:52.473939  1119 skeleton_planner.h:170] Found solution in: 6
I20260909 04:43:52.473948  1119 skeleton_planner.h:170] Found solution in: 1
I20260909 04:43:52.473953  1119 skeleton_planner.h:170] Found solution in: 3
I20260909 04:43:52.473968  1119 skeleton_planner.h:170] Found solution in: 5
I20260909 04:43:52.473977  1119 skeleton_planner.h:170] Found solution in: 1
I20260909 04:43:52.473990  1119 skeleton_planner.h:170] Found solution in: 4
I20260909 04:43:52.474001  1119 skeleton_planner.h:170] Found solution in: 1
I20260909 04:43:52.474086  1119 skeleton_planner.h:170] Found solution in: 3
I20260909 04:43:52.474095  1119 skeleton_planner.h:170] Found solution in: 1
I20260909 04:43:52.474107  1119 skeleton_planner.h:170] Found solution in: 3
I20260909 04:43:52.474115  1119 skeleton_planner.h:170] Found solution in: 1
I20260909 04:43:52.474131  1119 skeleton_planner.h:170] Found solution in: 4
I20260909 04:43:52.474140  1119 skeleton_planner.h:170] Found solution in: 1
I20260909 04:43:52.474146  1119 skeleton_planner.h:170] Found solution in: 6
I20260909 04:43:52.474153  1119 skeleton_planner.h:170] Found solution in: 1
I20260909 04:43:52.474159  1119 skeleton_planner.h:170] Found solution in: 6
I20260909 04:43:52.474180  1119 skeleton_planner.h:170] Found solution in: 5
I20260909 04:43:52.474188  1119 skeleton_planner.h:170] Found solution in: 1
I20260909 04:43:52.474200  1119 skeleton_planner.h:170] Found solution in: 3
I20260909 04:43:52.474211  1119 skeleton_planner.h:170] Found solution in: 1
I20260909 04:43:52.474231  1119 skeleton_planner.h:170] Found solution in: 22
I20260909 04:43:52.474248  1119 skeleton_planner.h:170] Found solution in: 20
I20260909 04:43:52.474363  1119 skeleton_planner.h:170] Found solution in: 10
I20260909 04:43:52.474375  1119 skeleton_planner.h:170] Found solution in: 1
I20260909 04:43:52.474388  1119 skeleton_planner.h:170] Found solution in: 16
I20260909 04:43:52.474396  1119 skeleton_planner.h:170] Found solution in: 8
I20260909 04:43:52.474403  1119 skeleton_planner.h:170] Found solution in: 1
I20260909 04:43:52.474409  1119 skeleton_planner.h:170] Found solution in: 1
I20260909 04:43:52.474419  1119 skeleton_planner.h:170] Found solution in: 10
I20260909 04:43:52.474426  1119 skeleton_planner.h:170] Found solution in: 1
I20260909 04:43:52.474666  1119 skeleton_planner.h:170] Found solution in: 6
I20260909 04:43:52.474897  1119 skeleton_planner.h:170] Found solution in: 1
I20260909 04:43:52.474902  1119 skeleton_planner.h:170] Found solution in: 4
I20260909 04:43:52.475636  1119 skeleton_planner.h:170] Found solution in: 1
I20260909 04:43:52.475641  1119 skeleton_planner.h:170] Found solution in: 4
I20260909 04:43:52.475998  1119 skeleton_planner.h:170] Found solution in: 6
I20260909 04:43:52.476006  1119 skeleton_planner.h:170] Found solution in: 1
I20260909 04:43:52.476011  1119 skeleton_planner.h:170] Found solution in: 2
I20260909 04:43:52.476042  1119 skeleton_planner.h:170] Found solution in: 7
I20260909 04:43:52.476050  1119 skeleton_planner.h:170] Found solution in: 1
I20260909 04:43:52.476058  1119 skeleton_planner.h:170] Found solution in: 1
I20260909 04:43:52.476073  1119 skeleton_planner.h:170] Found solution in: 4
I20260909 04:43:52.476079  1119 skeleton_planner.h:170] Found solution in: 1
I20260909 04:43:52.476337  1119 skeleton_planner.h:170] Found solution in: 5
I20260909 04:43:52.476347  1119 skeleton_planner.h:170] Found solution in: 1
I20260909 04:43:52.476359  1119 skeleton_planner.h:170] Found solution in: 4
I20260909 04:43:52.476368  1119 skeleton_planner.h:170] Found solution in: 1
I20260909 04:43:52.476380  1119 skeleton_planner.h:170] Found solution in: 5
I20260909 04:43:52.476387  1119 skeleton_planner.h:170] Found solution in: 1
I20260909 04:43:52.476392  1119 skeleton_planner.h:170] Found solution in: 3
I20260909 04:43:52.476475  1119 skeleton_planner.h:170] Found solution in: 47
I20260909 04:43:52.476495  1119 skeleton_planner.h:170] Found solution in: 6
I20260909 04:43:52.476501  1119 skeleton_planner.h:170] Found solution in: 1
I20260909 04:43:52.476514  1119 skeleton_planner.h:170] Found solution in: 4
I20260909 04:43:52.476527  1119 skeleton_planner.h:170] Found solution in: 1
I20260909 04:43:52.476531  1119 skeleton_planner.h:170] Found solution in: 3
I20260909 04:43:52.476555  1119 skeleton_planner.h:170] Found solution in: 6
I20260909 04:43:52.476567  1119 skeleton_planner.h:170] Found solution in: 1
I20260909 04:43:52.476580  1119 skeleton_planner.h:170] Found solution in: 3
I20260909 04:43:52.476589  1119 skeleton_planner.h:170] Found solution in: 1
I20260909 04:43:52.476599  1119 skeleton_planner.h:170] Found solution in: 1
I20260909 04:43:52.476611  1119 skeleton_planner.h:170] Found solution in: 3
I20260909 04:43:52.476617  1119 skeleton_planner.h:170] Found solution in: 1
I20260909 04:43:52.476632  1119 skeleton_planner.h:170] Found solution in: 15
I20260909 04:43:52.476639  1119 skeleton_planner.h:170] Found solution in: 1
I20260909 04:43:52.476649  1119 skeleton_planner.h:170] Found solution in: 11
I20260909 04:43:52.476657  1119 skeleton_planner.h:170] Found solution in: 1
I20260909 04:43:52.476670  1119 skeleton_planner.h:170] Found solution in: 3
I20260909 04:43:52.476678  1119 skeleton_planner.h:170] Found solution in: 1
I20260909 04:43:52.476688  1119 skeleton_planner.h:170] Found solution in: 12
I20260909 04:43:52.476696  1119 skeleton_planner.h:170] Found solution in: 1
I20260909 04:43:52.476714  1119 skeleton_planner.h:170] Found solution in: 21
I20260909 04:43:52.476722  1119 skeleton_planner.h:170] Found solution in: 1
I20260909 04:43:52.476737  1119 skeleton_planner.h:170] Found solution in: 17
I20260909 04:43:52.476747  1119 skeleton_planner.h:170] Found solution in: 1
I20260909 04:43:52.476760  1119 skeleton_planner.h:170] Found solution in: 3
I20260909 04:43:52.476770  1119 skeleton_planner.h:170] Found solution in: 1
I20260909 04:43:52.476774  1119 skeleton_planner.h:170] Found solution in: 2
I20260909 04:43:52.476794  1119 skeleton_planner.h:170] Found solution in: 6
I20260909 04:43:52.476804  1119 skeleton_planner.h:170] Found solution in: 1
I20260909 04:43:52.476807  1119 skeleton_planner.h:170] Found solution in: 2
I20260909 04:43:52.476825  1119 skeleton_planner.h:170] Found solution in: 7
I20260909 04:43:52.476832  1119 skeleton_planner.h:170] Found solution in: 1
I20260909 04:43:52.476855  1119 skeleton_planner.h:170] Found solution in: 9
I20260909 04:43:52.476862  1119 skeleton_planner.h:170] Found solution in: 1
I20260909 04:43:52.476887  1119 skeleton_planner.h:170] Found solution in: 9
I20260909 04:43:52.476897  1119 skeleton_planner.h:170] Found solution in: 1
I20260909 04:43:52.476903  1119 skeleton_planner.h:170] Found solution in: 1
I20260909 04:43:52.476915  1119 skeleton_planner.h:170] Found solution in: 3
I20260909 04:43:52.476923  1119 skeleton_planner.h:170] Found solution in: 1
I20260909 04:43:52.476927  1119 skeleton_planner.h:170] Found solution in: 3
I20260909 04:43:52.476945  1119 skeleton_planner.h:170] Found solution in: 20
I20260909 04:43:52.476953  1119 skeleton_planner.h:170] Found solution in: 1
I20260909 04:43:52.476970  1119 skeleton_planner.h:170] Found solution in: 20
I20260909 04:43:52.476975  1119 skeleton_planner.h:170] Found solution in: 3
I20260909 04:43:52.476979  1119 skeleton_planner.h:170] Found solution in: 1
I20260909 04:43:52.476996  1119 skeleton_planner.h:170] Found solution in: 4
I20260909 04:43:52.477010  1119 skeleton_planner.h:170] Found solution in: 1
I20260909 04:43:52.477025  1119 skeleton_planner.h:170] Found solution in: 5
I20260909 04:43:52.477032  1119 skeleton_planner.h:170] Found solution in: 1
I20260909 04:43:52.477043  1119 skeleton_planner.h:170] Found solution in: 13
I20260909 04:43:52.477129  1119 skeleton_planner.h:170] Found solution in: 4
I20260909 04:43:52.477135  1119 skeleton_planner.h:170] Found solution in: 1
I20260909 04:43:52.477223  1119 skeleton_planner.h:170] Found solution in: 4
I20260909 04:43:52.477236  1119 skeleton_planner.h:170] Found solution in: 1
I20260909 04:43:52.477277  1119 skeleton_planner.h:170] Found solution in: 3
I20260909 04:43:52.477283  1119 skeleton_planner.h:170] Found solution in: 1
I20260909 04:43:52.477290  1119 skeleton_planner.h:170] Found solution in: 1
I20260909 04:43:52.477308  1119 skeleton_planner.h:170] Found solution in: 4
I20260909 04:43:52.477317  1119 skeleton_planner.h:170] Found solution in: 1
I20260909 04:43:52.477344  1119 skeleton_planner.h:170] Found solution in: 33
I20260909 04:43:52.477356  1119 skeleton_planner.h:170] Found solution in: 12
I20260909 04:43:52.477365  1119 skeleton_planner.h:170] Found solution in: 1
I20260909 04:43:52.477399  1119 skeleton_planner.h:170] Found solution in: 40
I20260909 04:43:52.477494  1119 skeleton_planner.h:170] Found solution in: 4
I20260909 04:43:52.477502  1119 skeleton_planner.h:170] Found solution in: 1
I20260909 04:43:52.477509  1119 skeleton_planner.h:170] Found solution in: 6
I20260909 04:43:52.477516  1119 skeleton_planner.h:170] Found solution in: 1
I20260909 04:43:52.477519  1119 skeleton_planner.h:170] Found solution in: 2
I20260909 04:43:52.477530  1119 skeleton_planner.h:170] Found solution in: 3
I20260909 04:43:52.477537  1119 skeleton_planner.h:170] Found solution in: 1
I20260909 04:43:52.477548  1119 skeleton_planner.h:170] Found solution in: 3
I20260909 04:43:52.477559  1119 skeleton_planner.h:170] Found solution in: 1
I20260909 04:43:52.477572  1119 skeleton_planner.h:170] Found solution in: 3
I20260909 04:43:52.477582  1119 skeleton_planner.h:170] Found solution in: 1
I20260909 04:43:52.477587  1119 skeleton_planner.h:170] Found solution in: 3
I20260909 04:43:52.478471  1119 skeleton_planner.h:170] Found solution in: 1
I20260909 04:43:52.478514  1119 skeleton_planner.h:170] Found solution in: 3
I20260909 04:43:52.478523  1119 skeleton_planner.h:170] Found solution in: 1
I20260909 04:43:52.478536  1119 skeleton_planner.h:170] Found solution in: 3
I20260909 04:43:52.478544  1119 skeleton_planner.h:170] Found solution in: 1
I20260909 04:43:52.478555  1119 skeleton_planner.h:170] Found solution in: 3
I20260909 04:43:52.478564  1119 skeleton_planner.h:170] Found solution in: 1
I20260909 04:43:52.478567  1119 skeleton_planner.h:170] Found solution in: 2
I20260909 04:43:52.478605  1119 skeleton_planner.h:170] Found solution in: 8
I20260909 04:43:52.478613  1119 skeleton_planner.h:170] Found solution in: 1
I20260909 04:43:52.478649  1119 skeleton_planner.h:170] Found solution in: 12
I20260909 04:43:52.478662  1119 skeleton_planner.h:170] Found solution in: 1
I20260909 04:43:52.478667  1119 skeleton_planner.h:170] Found solution in: 3
I20260909 04:43:52.478848  1119 skeleton_planner.h:170] Found solution in: 91
I20260909 04:43:52.478883  1119 skeleton_planner.h:170] Found solution in: 6
I20260909 04:43:52.478892  1119 skeleton_planner.h:170] Found solution in: 1
I20260909 04:43:52.478986  1119 skeleton_planner.h:170] Found solution in: 3
I20260909 04:43:52.478992  1119 skeleton_planner.h:170] Found solution in: 1
I20260909 04:43:52.478997  1119 skeleton_planner.h:170] Found solution in: 3
I20260909 04:43:52.479012  1119 skeleton_planner.h:170] Found solution in: 6
I20260909 04:43:52.479023  1119 skeleton_planner.h:170] Found solution in: 1
I20260909 04:43:52.479238  1119 skeleton_planner.h:170] Found solution in: 10
I20260909 04:43:52.479249  1119 skeleton_planner.h:170] Found solution in: 1
I20260909 04:43:52.479779  1119 skeleton_planner.h:170] Found solution in: 1
I20260909 04:43:52.479792  1119 skeleton_planner.h:170] Found solution in: 4
I20260909 04:43:52.479801  1119 skeleton_planner.h:170] Found solution in: 1
I20260909 04:43:52.479807  1119 skeleton_planner.h:170] Found solution in: 4
I20260909 04:43:52.479837  1119 skeleton_planner.h:170] Found solution in: 6
I20260909 04:43:52.479849  1119 skeleton_planner.h:170] Found solution in: 1
I20260909 04:43:52.479854  1119 skeleton_planner.h:170] Found solution in: 3
I20260909 04:43:52.480073  1119 skeleton_planner.h:170] Found solution in: 1
I20260909 04:43:52.480082  1119 skeleton_planner.h:170] Found solution in: 7
I20260909 04:43:52.480090  1119 skeleton_planner.h:170] Found solution in: 1
I20260909 04:43:52.480127  1119 skeleton_planner.h:170] Found solution in: 7
I20260909 04:43:52.480136  1119 skeleton_planner.h:170] Found solution in: 1
I20260909 04:43:52.480142  1119 skeleton_planner.h:170] Found solution in: 4
I20260909 04:43:52.480150  1119 skeleton_planner.h:170] Found solution in: 1
I20260909 04:43:52.480167  1119 skeleton_planner.h:170] Found solution in: 3
I20260909 04:43:52.480176  1119 skeleton_planner.h:170] Found solution in: 1
I20260909 04:43:52.480181  1119 skeleton_planner.h:170] Found solution in: 5
I20260909 04:43:52.480189  1119 skeleton_planner.h:170] Found solution in: 1
I20260909 04:43:52.480201  1119 skeleton_planner.h:170] Found solution in: 3
I20260909 04:43:52.480208  1119 skeleton_planner.h:170] Found solution in: 1
I20260909 04:43:52.480244  1119 skeleton_planner.h:170] Found solution in: 4
I20260909 04:43:52.480254  1119 skeleton_planner.h:170] Found solution in: 1
I20260909 04:43:52.480259  1119 skeleton_planner.h:170] Found solution in: 5
I20260909 04:43:52.480279  1119 skeleton_planner.h:170] Found solution in: 5
I20260909 04:43:52.480288  1119 skeleton_planner.h:170] Found solution in: 1
I20260909 04:43:52.480300  1119 skeleton_planner.h:170] Found solution in: 3
I20260909 04:43:52.480309  1119 skeleton_planner.h:170] Found solution in: 1
I20260909 04:43:52.480322  1119 skeleton_planner.h:170] Found solution in: 3
I20260909 04:43:52.480329  1119 skeleton_planner.h:170] Found solution in: 1
I20260909 04:43:52.480355  1119 skeleton_planner.h:170] Found solution in: 6
I20260909 04:43:52.480362  1119 skeleton_planner.h:170] Found solution in: 1
I20260909 04:43:52.480371  1119 skeleton_planner.h:170] Found solution in: 8
I20260909 04:43:52.480376  1119 skeleton_planner.h:170] Found solution in: 1
I20260909 04:43:52.480387  1119 skeleton_planner.h:170] Found solution in: 10
I20260909 04:43:52.480396  1119 skeleton_planner.h:170] Found solution in: 1
I20260909 04:43:52.480402  1119 skeleton_planner.h:170] Found solution in: 4
I20260909 04:43:52.480422  1119 skeleton_planner.h:170] Found solution in: 19
I20260909 04:43:52.480487  1119 skeleton_planner.h:170] Found solution in: 6
I20260909 04:43:52.480496  1119 skeleton_planner.h:170] Found solution in: 1
I20260909 04:43:52.480511  1119 skeleton_planner.h:170] Found solution in: 16
I20260909 04:43:52.480520  1119 skeleton_planner.h:170] Found solution in: 1
I20260909 04:43:52.480526  1119 skeleton_planner.h:170] Found solution in: 6
I20260909 04:43:52.480532  1119 skeleton_planner.h:170] Found solution in: 1
I20260909 04:43:52.480538  1119 skeleton_planner.h:170] Found solution in: 6
I20260909 04:43:52.480562  1119 skeleton_planner.h:170] Found solution in: 4
I20260909 04:43:52.480571  1119 skeleton_planner.h:170] Found solution in: 1
I20260909 04:43:52.480576  1119 skeleton_planner.h:170] Found solution in: 3
I20260909 04:43:52.480581  1119 skeleton_planner.h:170] Found solution in: 5
I20260909 04:43:52.480588  1119 skeleton_planner.h:170] Found solution in: 5
I20260909 04:43:52.480610  1119 skeleton_planner.h:170] Found solution in: 5
I20260909 04:43:52.480618  1119 skeleton_planner.h:170] Found solution in: 1
I20260909 04:43:52.480621  1119 skeleton_planner.h:170] Found solution in: 3
I20260909 04:43:52.480639  1119 skeleton_planner.h:170] Found solution in: 6
I20260909 04:43:52.480647  1119 skeleton_planner.h:170] Found solution in: 1
I20260909 04:43:52.480654  1119 skeleton_planner.h:170] Found solution in: 5
I20260909 04:43:52.480660  1119 skeleton_planner.h:170] Found solution in: 5
I20260909 04:43:52.480665  1119 skeleton_planner.h:170] Found solution in: 1
I20260909 04:43:52.480747  1119 skeleton_planner.h:170] Found solution in: 4
I20260909 04:43:52.480753  1119 skeleton_planner.h:170] Found solution in: 1
I20260909 04:43:52.480757  1119 skeleton_planner.h:170] Found solution in: 1
I20260909 04:43:52.480763  1119 skeleton_planner.h:170] Found solution in: 1
I20260909 04:43:52.480769  1119 skeleton_planner.h:170] Found solution in: 5
I20260909 04:43:52.480775  1119 skeleton_planner.h:170] Found solution in: 6
I20260909 04:43:52.480783  1119 skeleton_planner.h:170] Found solution in: 1
I20260909 04:43:52.480787  1119 skeleton_planner.h:170] Found solution in: 2
I20260909 04:43:52.482144  1119 skeleton_planner.h:170] Found solution in: 1
I20260909 04:43:52.482148  1119 skeleton_planner.h:170] Found solution in: 2
I20260909 04:43:52.483445  1119 skeleton_planner.h:170] Found solution in: 1
I20260909 04:43:52.483449  1119 skeleton_planner.h:170] Found solution in: 2
I20260909 04:43:52.483462  1119 skeleton_planner.h:170] Found solution in: 4
I20260909 04:43:52.483469  1119 skeleton_planner.h:170] Found solution in: 1
I20260909 04:43:52.484261  1119 skeleton_planner.h:170] Found solution in: 6
I20260909 04:43:52.484269  1119 skeleton_planner.h:170] Found solution in: 1
I20260909 04:43:52.484274  1119 skeleton_planner.h:170] Found solution in: 3
I20260909 04:43:52.484289  1119 skeleton_planner.h:170] Found solution in: 6
I20260909 04:43:52.484297  1119 skeleton_planner.h:170] Found solution in: 1
I20260909 04:43:52.484454  1119 skeleton_planner.h:170] Found solution in: 9
I20260909 04:43:52.484464  1119 skeleton_planner.h:170] Found solution in: 1
I20260909 04:43:52.484486  1119 skeleton_planner.h:170] Found solution in: 4
I20260909 04:43:52.484496  1119 skeleton_planner.h:170] Found solution in: 1
I20260909 04:43:52.484509  1119 skeleton_planner.h:170] Found solution in: 3
I20260909 04:43:52.484522  1119 skeleton_planner.h:170] Found solution in: 1
I20260909 04:43:52.484537  1119 skeleton_planner.h:170] Found solution in: 4
I20260909 04:43:52.484545  1119 skeleton_planner.h:170] Found solution in: 1
I20260909 04:43:52.484562  1119 skeleton_planner.h:170] Found solution in: 3
I20260909 04:43:52.484572  1119 skeleton_planner.h:170] Found solution in: 1
I20260909 04:43:52.484576  1119 skeleton_planner.h:170] Found solution in: 2
I20260909 04:43:52.484586  1119 skeleton_planner.h:170] Found solution in: 3
I20260909 04:43:52.484596  1119 skeleton_planner.h:170] Found solution in: 1
I20260909 04:43:52.484606  1119 skeleton_planner.h:170] Found solution in: 3
I20260909 04:43:52.484615  1119 skeleton_planner.h:170] Found solution in: 1
I20260909 04:43:52.484619  1119 skeleton_planner.h:170] Found solution in: 3
I20260909 04:43:52.484635  1119 skeleton_planner.h:170] Found solution in: 3
I20260909 04:43:52.484642  1119 skeleton_planner.h:170] Found solution in: 1
I20260909 04:43:52.484655  1119 skeleton_planner.h:170] Found solution in: 3
I20260909 04:43:52.484663  1119 skeleton_planner.h:170] Found solution in: 1
I20260909 04:43:52.484668  1119 skeleton_planner.h:170] Found solution in: 4
I20260909 04:43:52.484690  1119 skeleton_planner.h:170] Found solution in: 6
I20260909 04:43:52.484701  1119 skeleton_planner.h:170] Found solution in: 1
I20260909 04:43:52.484714  1119 skeleton_planner.h:170] Found solution in: 3
I20260909 04:43:52.484722  1119 skeleton_planner.h:170] Found solution in: 1
I20260909 04:43:52.484740  1119 skeleton_planner.h:170] Found solution in: 4
I20260909 04:43:52.484747  1119 skeleton_planner.h:170] Found solution in: 1
I20260909 04:43:52.484762  1119 skeleton_planner.h:170] Found solution in: 4
I20260909 04:43:52.484773  1119 skeleton_planner.h:170] Found solution in: 1
I20260909 04:43:52.484787  1119 skeleton_planner.h:170] Found solution in: 14
I20260909 04:43:52.484880  1119 skeleton_planner.h:170] Found solution in: 3
I20260909 04:43:52.484889  1119 skeleton_planner.h:170] Found solution in: 1
I20260909 04:43:52.484979  1119 skeleton_planner.h:170] Found solution in: 3
I20260909 04:43:52.484988  1119 skeleton_planner.h:170] Found solution in: 1
I20260909 04:43:52.485001  1119 skeleton_planner.h:170] Found solution in: 4
I20260909 04:43:52.485008  1119 skeleton_planner.h:170] Found solution in: 1
I20260909 04:43:52.485015  1119 skeleton_planner.h:170] Found solution in: 1
I20260909 04:43:52.485026  1119 skeleton_planner.h:170] Found solution in: 1
I20260909 04:43:52.485030  1119 skeleton_planner.h:170] Found solution in: 3
I20260909 04:43:52.485049  1119 skeleton_planner.h:170] Found solution in: 5
I20260909 04:43:52.485060  1119 skeleton_planner.h:170] Found solution in: 1
I20260909 04:43:52.485077  1119 skeleton_planner.h:170] Found solution in: 5
I20260909 04:43:52.485088  1119 skeleton_planner.h:170] Found solution in: 1
I20260909 04:43:52.485100  1119 skeleton_planner.h:170] Found solution in: 3
I20260909 04:43:52.485108  1119 skeleton_planner.h:170] Found solution in: 1
I20260909 04:43:52.485116  1119 skeleton_planner.h:170] Found solution in: 1
I20260909 04:43:52.485149  1119 skeleton_planner.h:170] Found solution in: 6
I20260909 04:43:52.485162  1119 skeleton_planner.h:170] Found solution in: 1
I20260909 04:43:52.485173  1119 skeleton_planner.h:170] Found solution in: 3
I20260909 04:43:52.485179  1119 skeleton_planner.h:170] Found solution in: 1
I20260909 04:43:52.485185  1119 skeleton_planner.h:170] Found solution in: 6
I20260909 04:43:52.485193  1119 skeleton_planner.h:170] Found solution in: 1
I20260909 04:43:52.485199  1119 skeleton_planner.h:170] Found solution in: 7
I20260909 04:43:52.485205  1119 skeleton_planner.h:170] Found solution in: 1
I20260909 04:43:52.485212  1119 skeleton_planner.h:170] Found solution in: 1
I20260909 04:43:52.485219  1119 skeleton_planner.h:170] Found solution in: 6
I20260909 04:43:52.485225  1119 skeleton_planner.h:170] Found solution in: 5
I20260909 04:43:52.485234  1119 skeleton_planner.h:170] Found solution in: 1
I20260909 04:43:52.485236  1119 skeleton_planner.h:170] Found solution in: 2
I20260909 04:43:52.485250  1119 skeleton_planner.h:170] Found solution in: 4
I20260909 04:43:52.485260  1119 skeleton_planner.h:170] Found solution in: 1
I20260909 04:43:52.485270  1119 skeleton_planner.h:170] Found solution in: 9
I20260909 04:43:52.485275  1119 skeleton_planner.h:170] Found solution in: 1
I20260909 04:43:52.485282  1119 skeleton_planner.h:170] Found solution in: 8
I20260909 04:43:52.485288  1119 skeleton_planner.h:170] Found solution in: 1
I20260909 04:43:52.485314  1119 skeleton_planner.h:170] Found solution in: 10
I20260909 04:43:52.485325  1119 skeleton_planner.h:170] Found solution in: 1
I20260909 04:43:52.485419  1119 skeleton_planner.h:170] Found solution in: 4
I20260909 04:43:52.485430  1119 skeleton_planner.h:170] Found solution in: 1
I20260909 04:43:52.485436  1119 skeleton_planner.h:170] Found solution in: 5
I20260909 04:43:52.485442  1119 skeleton_planner.h:170] Found solution in: 1
I20260909 04:43:52.485453  1119 skeleton_planner.h:170] Found solution in: 1
I20260909 04:43:52.485462  1119 skeleton_planner.h:170] Found solution in: 1
I20260909 04:43:52.485467  1119 skeleton_planner.h:170] Found solution in: 3
I20260909 04:43:52.485474  1119 skeleton_planner.h:170] Found solution in: 1
I20260909 04:43:52.485479  1119 skeleton_planner.h:170] Found solution in: 3
I20260909 04:43:52.485495  1119 skeleton_planner.h:170] Found solution in: 17
I20260909 04:43:52.485502  1119 skeleton_planner.h:170] Found solution in: 1
I20260909 04:43:52.485532  1119 skeleton_planner.h:170] Found solution in: 5
I20260909 04:43:52.485543  1119 skeleton_planner.h:170] Found solution in: 1
I20260909 04:43:52.485549  1119 skeleton_planner.h:170] Found solution in: 7
I20260909 04:43:52.485589  1119 skeleton_planner.h:170] Found solution in: 7
I20260909 04:43:52.485600  1119 skeleton_planner.h:170] Found solution in: 1
I20260909 04:43:52.485694  1119 skeleton_planner.h:170] Found solution in: 5
I20260909 04:43:52.485705  1119 skeleton_planner.h:170] Found solution in: 1
I20260909 04:43:52.485800  1119 skeleton_planner.h:170] Found solution in: 3
I20260909 04:43:52.485810  1119 skeleton_planner.h:170] Found solution in: 1
I20260909 04:43:52.485814  1119 skeleton_planner.h:170] Found solution in: 3
I20260909 04:43:52.485836  1119 skeleton_planner.h:170] Found solution in: 8
I20260909 04:43:52.485848  1119 skeleton_planner.h:170] Found solution in: 1
I20260909 04:43:52.485857  1119 skeleton_planner.h:170] Found solution in: 1
I20260909 04:43:52.485867  1119 skeleton_planner.h:170] Found solution in: 1
I20260909 04:43:52.485898  1119 skeleton_planner.h:170] Found solution in: 8
I20260909 04:43:52.485908  1119 skeleton_planner.h:170] Found solution in: 1
I20260909 04:43:52.485917  1119 skeleton_planner.h:170] Found solution in: 1
I20260909 04:43:52.485924  1119 skeleton_planner.h:170] Found solution in: 7
I20260909 04:43:52.485970  1119 skeleton_planner.h:170] Found solution in: 12
I20260909 04:43:52.485978  1119 skeleton_planner.h:170] Found solution in: 1
I20260909 04:43:52.485987  1119 skeleton_planner.h:170] Found solution in: 8
I20260909 04:43:52.485993  1119 skeleton_planner.h:170] Found solution in: 1
I20260909 04:43:52.486011  1119 skeleton_planner.h:170] Found solution in: 19
I20260909 04:43:52.486052  1119 skeleton_planner.h:170] Found solution in: 48
I20260909 04:43:52.486068  1119 skeleton_planner.h:170] Found solution in: 16
I20260909 04:43:52.486074  1119 skeleton_planner.h:170] Found solution in: 1
I20260909 04:43:52.486099  1119 skeleton_planner.h:170] Found solution in: 30
I20260909 04:43:52.486129  1119 skeleton_planner.h:170] Found solution in: 40
I20260909 04:43:52.486140  1119 skeleton_planner.h:170] Found solution in: 1
I20260909 04:43:52.486151  1119 skeleton_planner.h:170] Found solution in: 13
I20260909 04:43:52.486161  1119 skeleton_planner.h:170] Found solution in: 1
I20260909 04:43:52.486171  1119 skeleton_planner.h:170] Found solution in: 1
I20260909 04:43:52.486253  1119 skeleton_planner.h:170] Found solution in: 4
I20260909 04:43:52.486260  1119 skeleton_planner.h:170] Found solution in: 1
I20260909 04:43:52.486266  1119 skeleton_planner.h:170] Found solution in: 4
I20260909 04:43:52.486272  1119 skeleton_planner.h:170] Found solution in: 5
I20260909 04:43:52.486680  1119 skeleton_planner.h:170] Found solution in: 9
I20260909 04:43:52.486690  1119 skeleton_planner.h:170] Found solution in: 1
I20260909 04:43:52.486697  1119 skeleton_planner.h:170] Found solution in: 5
I20260909 04:43:52.486725  1119 skeleton_planner.h:170] Found solution in: 6
I20260909 04:43:52.486734  1119 skeleton_planner.h:170] Found solution in: 1
I20260909 04:43:52.486742  1119 skeleton_planner.h:170] Found solution in: 9
I20260909 04:43:52.486750  1119 skeleton_planner.h:170] Found solution in: 9
I20260909 04:43:52.486758  1119 skeleton_planner.h:170] Found solution in: 9
I20260909 04:43:52.486763  1119 skeleton_planner.h:170] Found solution in: 1
I20260909 04:43:52.486781  1119 skeleton_planner.h:170] Found solution in: 7
I20260909 04:43:52.486789  1119 skeleton_planner.h:170] Found solution in: 1
I20260909 04:43:52.486794  1119 skeleton_planner.h:170] Found solution in: 4
I20260909 04:43:52.486817  1119 skeleton_planner.h:170] Found solution in: 12
I20260909 04:43:52.486822  1119 skeleton_planner.h:170] Found solution in: 1
I20260909 04:43:52.486961  1119 skeleton_planner.h:170] Found solution in: 100
I20260909 04:43:52.487097  1119 skeleton_planner.h:170] Found solution in: 92
I20260909 04:43:52.487164  1119 skeleton_planner.h:170] Found solution in: 34
I20260909 04:43:52.487207  1119 skeleton_planner.h:170] Found solution in: 22
I20260909 04:43:52.487221  1119 skeleton_planner.h:170] Found solution in: 1
I20260909 04:43:52.487229  1119 skeleton_planner.h:170] Found solution in: 6
I20260909 04:43:52.487238  1119 skeleton_planner.h:170] Found solution in: 1
I20260909 04:43:52.487262  1119 skeleton_planner.h:170] Found solution in: 6
I20260909 04:43:52.487269  1119 skeleton_planner.h:170] Found solution in: 1
I20260909 04:43:52.487275  1119 skeleton_planner.h:170] Found solution in: 1
I20260909 04:43:52.487283  1119 skeleton_planner.h:170] Found solution in: 7
I20260909 04:43:52.487376  1119 skeleton_planner.h:170] Found solution in: 4
I20260909 04:43:52.487382  1119 skeleton_planner.h:170] Found solution in: 1
I20260909 04:43:52.487399  1119 skeleton_planner.h:170] Found solution in: 16
I20260909 04:43:52.487406  1119 skeleton_planner.h:170] Found solution in: 1
I20260909 04:43:52.487428  1119 skeleton_planner.h:170] Found solution in: 6
I20260909 04:43:52.487437  1119 skeleton_planner.h:170] Found solution in: 1
I20260909 04:43:52.487443  1119 skeleton_planner.h:170] Found solution in: 1
I20260909 04:43:52.487447  1119 skeleton_planner.h:170] Found solution in: 2
I20260909 04:43:52.487452  1119 skeleton_planner.h:170] Found solution in: 1
I20260909 04:43:52.487454  1119 skeleton_planner.h:170] Found solution in: 2
I20260909 04:43:52.487459  1119 skeleton_planner.h:170] Found solution in: 1
I20260909 04:43:52.487464  1119 skeleton_planner.h:170] Found solution in: 3
I20260909 04:43:52.487476  1119 skeleton_planner.h:170] Found solution in: 4
I20260909 04:43:52.487483  1119 skeleton_planner.h:170] Found solution in: 1
I20260909 04:43:52.487951  1119 skeleton_planner.h:170] Found solution in: 13
I20260909 04:43:52.487963  1119 skeleton_planner.h:170] Found solution in: 1
I20260909 04:43:52.487982  1119 skeleton_planner.h:170] Found solution in: 19
I20260909 04:43:52.488045  1119 skeleton_planner.h:170] Found solution in: 5
I20260909 04:43:52.488054  1119 skeleton_planner.h:170] Found solution in: 1
I20260909 04:43:52.488057  1119 skeleton_planner.h:170] Found solution in: 4
I20260909 04:43:52.488075  1119 skeleton_planner.h:170] Found solution in: 5
I20260909 04:43:52.488080  1119 skeleton_planner.h:170] Found solution in: 1
I20260909 04:43:52.488128  1119 skeleton_planner.h:170] Found solution in: 3
I20260909 04:43:52.488135  1119 skeleton_planner.h:170] Found solution in: 1
I20260909 04:43:52.488148  1119 skeleton_planner.h:170] Found solution in: 4
I20260909 04:43:52.488157  1119 skeleton_planner.h:170] Found solution in: 1
I20260909 04:43:52.488161  1119 skeleton_planner.h:170] Found solution in: 2
I20260909 04:43:52.488340  1119 skeleton_planner.h:170] Found solution in: 1
I20260909 04:43:52.488343  1119 skeleton_planner.h:170] Found solution in: 2
I20260909 04:43:52.488700  1119 skeleton_planner.h:170] Found solution in: 1
I20260909 04:43:52.488705  1119 skeleton_planner.h:170] Found solution in: 3
I20260909 04:43:52.488734  1119 skeleton_planner.h:170] Found solution in: 6
I20260909 04:43:52.488744  1119 skeleton_planner.h:170] Found solution in: 1
I20260909 04:43:52.488759  1119 skeleton_planner.h:170] Found solution in: 4
I20260909 04:43:52.488770  1119 skeleton_planner.h:170] Found solution in: 1
I20260909 04:43:52.488783  1119 skeleton_planner.h:170] Found solution in: 3
I20260909 04:43:52.488796  1119 skeleton_planner.h:170] Found solution in: 1
I20260909 04:43:52.488801  1119 skeleton_planner.h:170] Found solution in: 2
I20260909 04:43:52.488814  1119 skeleton_planner.h:170] Found solution in: 4
I20260909 04:43:52.488826  1119 skeleton_planner.h:170] Found solution in: 1
I20260909 04:43:52.488839  1119 skeleton_planner.h:170] Found solution in: 4
I20260909 04:43:52.488848  1119 skeleton_planner.h:170] Found solution in: 1
I20260909 04:43:52.488860  1119 skeleton_planner.h:170] Found solution in: 3
I20260909 04:43:52.488868  1119 skeleton_planner.h:170] Found solution in: 1
I20260909 04:43:52.488888  1119 skeleton_planner.h:170] Found solution in: 5
I20260909 04:43:52.488895  1119 skeleton_planner.h:170] Found solution in: 1
I20260909 04:43:52.488911  1119 skeleton_planner.h:170] Found solution in: 4
I20260909 04:43:52.488920  1119 skeleton_planner.h:170] Found solution in: 1
I20260909 04:43:52.488947  1119 skeleton_planner.h:170] Found solution in: 9
I20260909 04:43:52.488961  1119 skeleton_planner.h:170] Found solution in: 1
I20260909 04:43:52.488969  1119 skeleton_planner.h:170] Found solution in: 7
I20260909 04:43:52.489001  1119 skeleton_planner.h:170] Found solution in: 8
I20260909 04:43:52.489012  1119 skeleton_planner.h:170] Found solution in: 1
I20260909 04:43:52.489017  1119 skeleton_planner.h:170] Found solution in: 1
I20260909 04:43:52.489032  1119 skeleton_planner.h:170] Found solution in: 4
I20260909 04:43:52.489037  1119 skeleton_planner.h:170] Found solution in: 1
I20260909 04:43:52.489054  1119 skeleton_planner.h:170] Found solution in: 6
I20260909 04:43:52.489061  1119 skeleton_planner.h:170] Found solution in: 1
I20260909 04:43:52.489065  1119 skeleton_planner.h:170] Found solution in: 3
I20260909 04:43:52.489430  1119 skeleton_planner.h:170] Found solution in: 1
I20260909 04:43:52.489437  1119 skeleton_planner.h:170] Found solution in: 5
I20260909 04:43:52.489446  1119 skeleton_planner.h:170] Found solution in: 7
I20260909 04:43:52.489451  1119 skeleton_planner.h:170] Found solution in: 1
I20260909 04:43:52.489461  1119 skeleton_planner.h:170] Found solution in: 3
I20260909 04:43:52.489468  1119 skeleton_planner.h:170] Found solution in: 1
I20260909 04:43:52.489472  1119 skeleton_planner.h:170] Found solution in: 4
I20260909 04:43:52.489675  1119 skeleton_planner.h:170] Found solution in: 7
I20260909 04:43:52.489682  1119 skeleton_planner.h:170] Found solution in: 1
I20260909 04:43:52.489694  1119 skeleton_planner.h:170] Found solution in: 4
I20260909 04:43:52.489703  1119 skeleton_planner.h:170] Found solution in: 1
I20260909 04:43:52.489728  1119 skeleton_planner.h:170] Found solution in: 4
I20260909 04:43:52.489735  1119 skeleton_planner.h:170] Found solution in: 1
I20260909 04:43:52.489749  1119 skeleton_planner.h:170] Found solution in: 4
I20260909 04:43:52.489756  1119 skeleton_planner.h:170] Found solution in: 1
I20260909 04:43:52.489778  1119 skeleton_planner.h:170] Found solution in: 3
I20260909 04:43:52.489784  1119 skeleton_planner.h:170] Found solution in: 1
I20260909 04:43:52.489789  1119 skeleton_planner.h:170] Found solution in: 1
I20260909 04:43:52.489792  1119 skeleton_planner.h:170] Found solution in: 2
I20260909 04:43:52.490016  1119 skeleton_planner.h:170] Found solution in: 1
I20260909 04:43:52.490020  1119 skeleton_planner.h:170] Found solution in: 2
I20260909 04:43:52.490027  1119 skeleton_planner.h:170] Found solution in: 1
I20260909 04:43:52.490033  1119 skeleton_planner.h:170] Found solution in: 4
I20260909 04:43:52.490073  1119 skeleton_planner.h:170] Found solution in: 7
I20260909 04:43:52.490083  1119 skeleton_planner.h:170] Found solution in: 1
I20260909 04:43:52.490088  1119 skeleton_planner.h:170] Found solution in: 4
I20260909 04:43:52.490104  1119 skeleton_planner.h:170] Found solution in: 4
I20260909 04:43:52.490113  1119 skeleton_planner.h:170] Found solution in: 1
I20260909 04:43:52.490126  1119 skeleton_planner.h:170] Found solution in: 4
I20260909 04:43:52.490134  1119 skeleton_planner.h:170] Found solution in: 1
I20260909 04:43:52.490147  1119 skeleton_planner.h:170] Found solution in: 4
I20260909 04:43:52.490155  1119 skeleton_planner.h:170] Found solution in: 1
I20260909 04:43:52.490160  1119 skeleton_planner.h:170] Found solution in: 2
I20260909 04:43:52.490164  1119 skeleton_planner.h:170] Found solution in: 1
I20260909 04:43:52.490167  1119 skeleton_planner.h:170] Found solution in: 2
I20260909 04:43:52.490175  1119 skeleton_planner.h:170] Found solution in: 1
I20260909 04:43:52.490190  1119 skeleton_planner.h:170] Found solution in: 3
I20260909 04:43:52.490198  1119 skeleton_planner.h:170] Found solution in: 1
I20260909 04:43:52.490203  1119 skeleton_planner.h:170] Found solution in: 3
I20260909 04:43:52.490216  1119 skeleton_planner.h:170] Found solution in: 4
I20260909 04:43:52.490226  1119 skeleton_planner.h:170] Found solution in: 1
I20260909 04:43:52.490235  1119 skeleton_planner.h:170] Found solution in: 1
I20260909 04:43:52.490254  1119 skeleton_planner.h:170] Found solution in: 5
I20260909 04:43:52.490264  1119 skeleton_planner.h:170] Found solution in: 1
I20260909 04:43:52.490272  1119 skeleton_planner.h:170] Found solution in: 7
I20260909 04:43:52.490363  1119 skeleton_planner.h:170] Found solution in: 4
I20260909 04:43:52.490372  1119 skeleton_planner.h:170] Found solution in: 1
I20260909 04:43:52.490386  1119 skeleton_planner.h:170] Found solution in: 3
I20260909 04:43:52.490396  1119 skeleton_planner.h:170] Found solution in: 1
I20260909 04:43:52.490402  1119 skeleton_planner.h:170] Found solution in: 1
I20260909 04:43:52.490423  1119 skeleton_planner.h:170] Found solution in: 6
I20260909 04:43:52.490432  1119 skeleton_planner.h:170] Found solution in: 1
I20260909 04:43:52.490456  1119 skeleton_planner.h:170] Found solution in: 28
I20260909 04:43:52.490540  1119 skeleton_planner.h:170] Found solution in: 14
I20260909 04:43:52.490548  1119 skeleton_planner.h:170] Found solution in: 1
I20260909 04:43:52.490553  1119 skeleton_planner.h:170] Found solution in: 5
I20260909 04:43:52.490617  1119 skeleton_planner.h:170] Found solution in: 4
I20260909 04:43:52.490625  1119 skeleton_planner.h:170] Found solution in: 1
I20260909 04:43:52.490710  1119 skeleton_planner.h:170] Found solution in: 4
I20260909 04:43:52.490716  1119 skeleton_planner.h:170] Found solution in: 1
I20260909 04:43:52.490723  1119 skeleton_planner.h:170] Found solution in: 1
I20260909 04:43:52.490728  1119 skeleton_planner.h:170] Found solution in: 3
I20260909 04:43:52.490739  1119 skeleton_planner.h:170] Found solution in: 3
I20260909 04:43:52.490746  1119 skeleton_planner.h:170] Found solution in: 1
I20260909 04:43:52.490837  1119 skeleton_planner.h:170] Found solution in: 4
I20260909 04:43:52.490849  1119 skeleton_planner.h:170] Found solution in: 1
I20260909 04:43:52.490851  1119 skeleton_planner.h:170] Found solution in: 2
I20260909 04:43:52.491241  1119 skeleton_planner.h:170] Found solution in: 1
I20260909 04:43:52.491246  1119 skeleton_planner.h:170] Found solution in: 2
I20260909 04:43:52.491837  1119 skeleton_planner.h:170] Found solution in: 1
I20260909 04:43:52.492053  1119 skeleton_planner.h:170] Found solution in: 1
I20260909 04:43:52.492072  1119 skeleton_planner.h:170] Found solution in: 8
I20260909 04:43:52.492081  1119 skeleton_planner.h:170] Found solution in: 1
I20260909 04:43:52.492086  1119 skeleton_planner.h:170] Found solution in: 5
I20260909 04:43:52.492386  1119 skeleton_planner.h:170] Found solution in: 86
I20260909 04:43:52.492568  1119 skeleton_planner.h:170] Found solution in: 1
I20260909 04:43:52.492573  1119 skeleton_planner.h:170] Found solution in: 5
I20260909 04:43:52.492592  1119 skeleton_planner.h:170] Found solution in: 5
I20260909 04:43:52.492601  1119 skeleton_planner.h:170] Found solution in: 1
I20260909 04:43:52.492619  1119 skeleton_planner.h:170] Found solution in: 3
I20260909 04:43:52.492627  1119 skeleton_planner.h:170] Found solution in: 1
I20260909 04:43:52.492640  1119 skeleton_planner.h:170] Found solution in: 4
I20260909 04:43:52.492646  1119 skeleton_planner.h:170] Found solution in: 1
I20260909 04:43:52.492650  1119 skeleton_planner.h:170] Found solution in: 2
I20260909 04:43:52.492661  1119 skeleton_planner.h:170] Found solution in: 3
I20260909 04:43:52.492672  1119 skeleton_planner.h:170] Found solution in: 1
I20260909 04:43:52.492683  1119 skeleton_planner.h:170] Found solution in: 12
I20260909 04:43:52.492692  1119 skeleton_planner.h:170] Found solution in: 10
I20260909 04:43:52.492698  1119 skeleton_planner.h:170] Found solution in: 1
I20260909 04:43:52.492709  1119 skeleton_planner.h:170] Found solution in: 3
I20260909 04:43:52.492717  1119 skeleton_planner.h:170] Found solution in: 1
I20260909 04:43:52.492728  1119 skeleton_planner.h:170] Found solution in: 12
I20260909 04:43:52.492733  1119 skeleton_planner.h:170] Found solution in: 5
I20260909 04:43:52.492741  1119 skeleton_planner.h:170] Found solution in: 1
I20260909 04:43:52.492746  1119 skeleton_planner.h:170] Found solution in: 4
I20260909 04:43:52.492771  1119 skeleton_planner.h:170] Found solution in: 5
I20260909 04:43:52.492779  1119 skeleton_planner.h:170] Found solution in: 1
I20260909 04:43:52.492782  1119 skeleton_planner.h:170] Found solution in: 2
I20260909 04:43:52.492796  1119 skeleton_planner.h:170] Found solution in: 4
I20260909 04:43:52.492803  1119 skeleton_planner.h:170] Found solution in: 1
I20260909 04:43:52.492815  1119 skeleton_planner.h:170] Found solution in: 3
I20260909 04:43:52.492821  1119 skeleton_planner.h:170] Found solution in: 1
I20260909 04:43:52.492841  1119 skeleton_planner.h:170] Found solution in: 7
I20260909 04:43:52.492849  1119 skeleton_planner.h:170] Found solution in: 1
I20260909 04:43:52.492863  1119 skeleton_planner.h:170] Found solution in: 3
I20260909 04:43:52.492869  1119 skeleton_planner.h:170] Found solution in: 1
I20260909 04:43:52.492873  1119 skeleton_planner.h:170] Found solution in: 2
I20260909 04:43:52.493086  1119 skeleton_planner.h:170] Found solution in: 1
I20260909 04:43:52.493090  1119 skeleton_planner.h:170] Found solution in: 2
I20260909 04:43:52.493291  1119 skeleton_planner.h:170] Found solution in: 1
I20260909 04:43:52.493296  1119 skeleton_planner.h:170] Found solution in: 3
I20260909 04:43:52.493326  1119 skeleton_planner.h:170] Found solution in: 3
I20260909 04:43:52.493335  1119 skeleton_planner.h:170] Found solution in: 1
I20260909 04:43:52.493362  1119 skeleton_planner.h:170] Found solution in: 4
I20260909 04:43:52.493371  1119 skeleton_planner.h:170] Found solution in: 1
I20260909 04:43:52.493381  1119 skeleton_planner.h:170] Found solution in: 3
I20260909 04:43:52.493387  1119 skeleton_planner.h:170] Found solution in: 1
I20260909 04:43:52.493392  1119 skeleton_planner.h:170] Found solution in: 3
I20260909 04:43:52.493400  1119 skeleton_planner.h:170] Found solution in: 1
I20260909 04:43:52.493407  1119 skeleton_planner.h:170] Found solution in: 5
I20260909 04:43:52.493420  1119 skeleton_planner.h:170] Found solution in: 16
I20260909 04:43:52.493597  1119 skeleton_planner.h:170] Found solution in: 1
I20260909 04:43:52.493640  1119 skeleton_planner.h:170] Found solution in: 13
I20260909 04:43:52.493650  1119 skeleton_planner.h:170] Found solution in: 1
I20260909 04:43:52.493655  1119 skeleton_planner.h:170] Found solution in: 4
I20260909 04:43:52.493672  1119 skeleton_planner.h:170] Found solution in: 5
I20260909 04:43:52.493680  1119 skeleton_planner.h:170] Found solution in: 1
I20260909 04:43:52.493698  1119 skeleton_planner.h:170] Found solution in: 20
I20260909 04:43:52.493786  1119 skeleton_planner.h:170] Found solution in: 5
I20260909 04:43:52.493795  1119 skeleton_planner.h:170] Found solution in: 1
I20260909 04:43:52.493820  1119 skeleton_planner.h:170] Found solution in: 29
I20260909 04:43:52.493829  1119 skeleton_planner.h:170] Found solution in: 1
I20260909 04:43:52.493834  1119 skeleton_planner.h:170] Found solution in: 5
I20260909 04:43:52.494181  1119 skeleton_planner.h:170] Found solution in: 7
I20260909 04:43:52.494190  1119 skeleton_planner.h:170] Found solution in: 1
I20260909 04:43:52.494205  1119 skeleton_planner.h:170] Found solution in: 18
I20260909 04:43:52.494216  1119 skeleton_planner.h:170] Found solution in: 1
I20260909 04:43:52.494222  1119 skeleton_planner.h:170] Found solution in: 5
I20260909 04:43:52.494230  1119 skeleton_planner.h:170] Found solution in: 5
I20260909 04:43:52.494237  1119 skeleton_planner.h:170] Found solution in: 1
I20260909 04:43:52.494241  1119 skeleton_planner.h:170] Found solution in: 3
I20260909 04:43:52.494246  1119 skeleton_planner.h:170] Found solution in: 3
I20260909 04:43:52.494261  1119 skeleton_planner.h:170] Found solution in: 5
I20260909 04:43:52.494269  1119 skeleton_planner.h:170] Found solution in: 1
I20260909 04:43:52.494289  1119 skeleton_planner.h:170] Found solution in: 6
I20260909 04:43:52.494297  1119 skeleton_planner.h:170] Found solution in: 1
I20260909 04:43:52.494302  1119 skeleton_planner.h:170] Found solution in: 3
I20260909 04:43:52.494318  1119 skeleton_planner.h:170] Found solution in: 5
I20260909 04:43:52.494324  1119 skeleton_planner.h:170] Found solution in: 1
I20260909 04:43:52.494346  1119 skeleton_planner.h:170] Found solution in: 7
I20260909 04:43:52.494354  1119 skeleton_planner.h:170] Found solution in: 1
I20260909 04:43:52.494359  1119 skeleton_planner.h:170] Found solution in: 4
I20260909 04:43:52.494365  1119 skeleton_planner.h:170] Found solution in: 6
I20260909 04:43:52.494390  1119 skeleton_planner.h:170] Found solution in: 6
I20260909 04:43:52.494398  1119 skeleton_planner.h:170] Found solution in: 1
I20260909 04:43:52.494403  1119 skeleton_planner.h:170] Found solution in: 5
I20260909 04:43:52.494603  1119 skeleton_planner.h:170] Found solution in: 1
I20260909 04:43:52.494607  1119 skeleton_planner.h:170] Found solution in: 3
I20260909 04:43:52.494804  1119 skeleton_planner.h:170] Found solution in: 1
I20260909 04:43:52.494808  1119 skeleton_planner.h:170] Found solution in: 3
I20260909 04:43:52.495002  1119 skeleton_planner.h:170] Found solution in: 1
I20260909 04:43:52.495036  1119 skeleton_planner.h:170] Found solution in: 10
I20260909 04:43:52.495048  1119 skeleton_planner.h:170] Found solution in: 1
I20260909 04:43:52.495054  1119 skeleton_planner.h:170] Found solution in: 4
I20260909 04:43:52.495061  1119 skeleton_planner.h:170] Found solution in: 1
I20260909 04:43:52.495066  1119 skeleton_planner.h:170] Found solution in: 3
I20260909 04:43:52.495080  1119 skeleton_planner.h:170] Found solution in: 4
I20260909 04:43:52.495087  1119 skeleton_planner.h:170] Found solution in: 1
I20260909 04:43:52.495100  1119 skeleton_planner.h:170] Found solution in: 3
I20260909 04:43:52.495107  1119 skeleton_planner.h:170] Found solution in: 1
I20260909 04:43:52.495118  1119 skeleton_planner.h:170] Found solution in: 3
I20260909 04:43:52.495126  1119 skeleton_planner.h:170] Found solution in: 1
I20260909 04:43:52.495142  1119 skeleton_planner.h:170] Found solution in: 5
I20260909 04:43:52.495150  1119 skeleton_planner.h:170] Found solution in: 1
I20260909 04:43:52.495154  1119 skeleton_planner.h:170] Found solution in: 3
I20260909 04:43:52.495160  1119 skeleton_planner.h:170] Found solution in: 5
I20260909 04:43:52.495188  1119 skeleton_planner.h:170] Found solution in: 9
I20260909 04:43:52.495196  1119 skeleton_planner.h:170] Found solution in: 1
I20260909 04:43:52.495203  1119 skeleton_planner.h:170] Found solution in: 5
I20260909 04:43:52.495230  1119 skeleton_planner.h:170] Found solution in: 8
I20260909 04:43:52.495239  1119 skeleton_planner.h:170] Found solution in: 1
I20260909 04:43:52.495270  1119 skeleton_planner.h:170] Found solution in: 11
I20260909 04:43:52.495278  1119 skeleton_planner.h:170] Found solution in: 1
I20260909 04:43:52.495292  1119 skeleton_planner.h:170] Found solution in: 4
I20260909 04:43:52.495298  1119 skeleton_planner.h:170] Found solution in: 1
I20260909 04:43:52.495314  1119 skeleton_planner.h:170] Found solution in: 4
I20260909 04:43:52.495324  1119 skeleton_planner.h:170] Found solution in: 1
I20260909 04:43:52.495332  1119 skeleton_planner.h:170] Found solution in: 7
I20260909 04:43:52.495339  1119 skeleton_planner.h:170] Found solution in: 1
I20260909 04:43:52.495369  1119 skeleton_planner.h:170] Found solution in: 7
I20260909 04:43:52.495380  1119 skeleton_planner.h:170] Found solution in: 1
I20260909 04:43:52.495412  1119 skeleton_planner.h:170] Found solution in: 9
I20260909 04:43:52.495430  1119 skeleton_planner.h:170] Found solution in: 1
I20260909 04:43:52.495450  1119 skeleton_planner.h:170] Found solution in: 7
I20260909 04:43:52.495458  1119 skeleton_planner.h:170] Found solution in: 1
I20260909 04:43:52.495474  1119 skeleton_planner.h:170] Found solution in: 4
I20260909 04:43:52.495481  1119 skeleton_planner.h:170] Found solution in: 1
I20260909 04:43:52.495486  1119 skeleton_planner.h:170] Found solution in: 3
I20260909 04:43:52.495496  1119 skeleton_planner.h:170] Found solution in: 3
I20260909 04:43:52.495502  1119 skeleton_planner.h:170] Found solution in: 1
I20260909 04:43:52.495507  1119 skeleton_planner.h:170] Found solution in: 3
I20260909 04:43:52.495519  1119 skeleton_planner.h:170] Found solution in: 4
I20260909 04:43:52.495524  1119 skeleton_planner.h:170] Found solution in: 1
I20260909 04:43:52.495534  1119 skeleton_planner.h:170] Found solution in: 3
I20260909 04:43:52.495540  1119 skeleton_planner.h:170] Found solution in: 1
I20260909 04:43:52.495867  1119 skeleton_planner.h:170] Found solution in: 1
I20260909 04:43:52.495978  1119 skeleton_planner.h:170] Found solution in: 6
I20260909 04:43:52.495987  1119 skeleton_planner.h:170] Found solution in: 1
I20260909 04:43:52.496008  1119 skeleton_planner.h:170] Found solution in: 25
I20260909 04:43:52.496016  1119 skeleton_planner.h:170] Found solution in: 1
I20260909 04:43:52.496022  1119 skeleton_planner.h:170] Found solution in: 1
I20260909 04:43:52.496043  1119 skeleton_planner.h:170] Found solution in: 7
I20260909 04:43:52.496052  1119 skeleton_planner.h:170] Found solution in: 1
I20260909 04:43:52.496057  1119 skeleton_planner.h:170] Found solution in: 2
I20260909 04:43:52.496483  1119 skeleton_planner.h:170] Found solution in: 1
I20260909 04:43:52.496487  1119 skeleton_planner.h:170] Found solution in: 2
I20260909 04:43:52.496908  1119 skeleton_planner.h:170] Found solution in: 1
I20260909 04:43:52.496913  1119 skeleton_planner.h:170] Found solution in: 3
I20260909 04:43:52.496942  1119 skeleton_planner.h:170] Found solution in: 5
I20260909 04:43:52.496953  1119 skeleton_planner.h:170] Found solution in: 1
I20260909 04:43:52.496971  1119 skeleton_planner.h:170] Found solution in: 3
I20260909 04:43:52.496982  1119 skeleton_planner.h:170] Found solution in: 1
I20260909 04:43:52.496994  1119 skeleton_planner.h:170] Found solution in: 3
I20260909 04:43:52.497002  1119 skeleton_planner.h:170] Found solution in: 1
I20260909 04:43:52.497008  1119 skeleton_planner.h:170] Found solution in: 1
I20260909 04:43:52.497016  1119 skeleton_planner.h:170] Found solution in: 1
I20260909 04:43:52.497047  1119 skeleton_planner.h:170] Found solution in: 7
I20260909 04:43:52.497057  1119 skeleton_planner.h:170] Found solution in: 1
I20260909 04:43:52.497197  1119 skeleton_planner.h:170] Found solution in: 1
I20260909 04:43:52.497201  1119 skeleton_planner.h:170] Found solution in: 2
I20260909 04:43:52.497231  1119 skeleton_planner.h:170] Found solution in: 7
I20260909 04:43:52.497238  1119 skeleton_planner.h:170] Found solution in: 1
I20260909 04:43:52.497243  1119 skeleton_planner.h:170] Found solution in: 1
I20260909 04:43:52.497251  1119 skeleton_planner.h:170] Found solution in: 7
I20260909 04:43:52.497259  1119 skeleton_planner.h:170] Found solution in: 7
I20260909 04:43:52.497265  1119 skeleton_planner.h:170] Found solution in: 6
I20260909 04:43:52.497270  1119 skeleton_planner.h:170] Found solution in: 1
I20260909 04:43:52.497277  1119 skeleton_planner.h:170] Found solution in: 6
I20260909 04:43:52.497285  1119 skeleton_planner.h:170] Found solution in: 8
I20260909 04:43:52.497292  1119 skeleton_planner.h:170] Found solution in: 7
I20260909 04:43:52.497300  1119 skeleton_planner.h:170] Found solution in: 7
I20260909 04:43:52.497304  1119 skeleton_planner.h:170] Found solution in: 1
I20260909 04:43:52.497310  1119 skeleton_planner.h:170] Found solution in: 4
I20260909 04:43:52.497320  1119 skeleton_planner.h:170] Found solution in: 10
I20260909 04:43:52.497327  1119 skeleton_planner.h:170] Found solution in: 6
I20260909 04:43:52.497339  1119 skeleton_planner.h:170] Found solution in: 6
I20260909 04:43:52.497344  1119 skeleton_planner.h:170] Found solution in: 1
I20260909 04:43:52.497347  1119 skeleton_planner.h:170] Found solution in: 3
I20260909 04:43:52.497359  1119 skeleton_planner.h:170] Found solution in: 14
I20260909 04:43:52.497366  1119 skeleton_planner.h:170] Found solution in: 7
I20260909 04:43:52.497373  1119 skeleton_planner.h:170] Found solution in: 7
I20260909 04:43:52.497381  1119 skeleton_planner.h:170] Found solution in: 8
I20260909 04:43:52.497387  1119 skeleton_planner.h:170] Found solution in: 1
I20260909 04:43:52.497392  1119 skeleton_planner.h:170] Found solution in: 4
I20260909 04:43:52.497398  1119 skeleton_planner.h:170] Found solution in: 6
I20260909 04:43:52.497406  1119 skeleton_planner.h:170] Found solution in: 6
I20260909 04:43:52.497416  1119 skeleton_planner.h:170] Found solution in: 13
I20260909 04:43:52.497424  1119 skeleton_planner.h:170] Found solution in: 7
I20260909 04:43:52.497429  1119 skeleton_planner.h:170] Found solution in: 1
I20260909 04:43:52.497433  1119 skeleton_planner.h:170] Found solution in: 3
I20260909 04:43:52.497439  1119 skeleton_planner.h:170] Found solution in: 6
I20260909 04:43:52.497447  1119 skeleton_planner.h:170] Found solution in: 6
I20260909 04:43:52.497457  1119 skeleton_planner.h:170] Found solution in: 14
I20260909 04:43:52.497467  1119 skeleton_planner.h:170] Found solution in: 8
I20260909 04:43:52.497476  1119 skeleton_planner.h:170] Found solution in: 1
I20260909 04:43:52.497515  1119 skeleton_planner.h:170] Found solution in: 3
I20260909 04:43:52.497527  1119 skeleton_planner.h:170] Found solution in: 1
I20260909 04:43:52.497531  1119 skeleton_planner.h:170] Found solution in: 2
I20260909 04:43:52.497560  1119 skeleton_planner.h:170] Found solution in: 11
I20260909 04:43:52.497573  1119 skeleton_planner.h:170] Found solution in: 1
I20260909 04:43:52.497628  1119 skeleton_planner.h:170] Found solution in: 17
I20260909 04:43:52.497641  1119 skeleton_planner.h:170] Found solution in: 1
I20260909 04:43:52.497649  1119 skeleton_planner.h:170] Found solution in: 1
I20260909 04:43:52.497660  1119 skeleton_planner.h:170] Found solution in: 10
I20260909 04:43:52.497761  1119 skeleton_planner.h:170] Found solution in: 4
I20260909 04:43:52.497771  1119 skeleton_planner.h:170] Found solution in: 1
I20260909 04:43:52.497778  1119 skeleton_planner.h:170] Found solution in: 1
I20260909 04:43:52.497787  1119 skeleton_planner.h:170] Found solution in: 1
I20260909 04:43:52.497792  1119 skeleton_planner.h:170] Found solution in: 3
I20260909 04:43:52.497799  1119 skeleton_planner.h:170] Found solution in: 1
I20260909 04:43:52.497807  1119 skeleton_planner.h:170] Found solution in: 1
I20260909 04:43:52.497812  1119 skeleton_planner.h:170] Found solution in: 6
I20260909 04:43:52.497843  1119 skeleton_planner.h:170] Found solution in: 5
I20260909 04:43:52.497851  1119 skeleton_planner.h:170] Found solution in: 1
I20260909 04:43:52.497871  1119 skeleton_planner.h:170] Found solution in: 6
I20260909 04:43:52.497879  1119 skeleton_planner.h:170] Found solution in: 1
I20260909 04:43:52.497895  1119 skeleton_planner.h:170] Found solution in: 4
I20260909 04:43:52.497902  1119 skeleton_planner.h:170] Found solution in: 1
I20260909 04:43:52.497907  1119 skeleton_planner.h:170] Found solution in: 3
I20260909 04:43:52.497927  1119 skeleton_planner.h:170] Found solution in: 4
I20260909 04:43:52.497936  1119 skeleton_planner.h:170] Found solution in: 1
I20260909 04:43:52.497962  1119 skeleton_planner.h:170] Found solution in: 7
I20260909 04:43:52.497973  1119 skeleton_planner.h:170] Found solution in: 1
I20260909 04:43:52.497982  1119 skeleton_planner.h:170] Found solution in: 10
I20260909 04:43:52.497988  1119 skeleton_planner.h:170] Found solution in: 5
I20260909 04:43:52.497997  1119 skeleton_planner.h:170] Found solution in: 1
I20260909 04:43:52.498003  1119 skeleton_planner.h:170] Found solution in: 1
I20260909 04:43:52.498013  1119 skeleton_planner.h:170] Found solution in: 9
I20260909 04:43:52.498023  1119 skeleton_planner.h:170] Found solution in: 1
I20260909 04:43:52.498035  1119 skeleton_planner.h:170] Found solution in: 11
I20260909 04:43:52.498042  1119 skeleton_planner.h:170] Found solution in: 1
I20260909 04:43:52.498057  1119 skeleton_planner.h:170] Found solution in: 16
I20260909 04:43:52.498065  1119 skeleton_planner.h:170] Found solution in: 1
I20260909 04:43:52.498093  1119 skeleton_planner.h:170] Found solution in: 4
I20260909 04:43:52.498102  1119 skeleton_planner.h:170] Found solution in: 1
I20260909 04:43:52.498108  1119 skeleton_planner.h:170] Found solution in: 5
I20260909 04:43:52.498127  1119 skeleton_planner.h:170] Found solution in: 5
I20260909 04:43:52.498134  1119 skeleton_planner.h:170] Found solution in: 1
I20260909 04:43:52.498212  1119 skeleton_planner.h:170] Found solution in: 39
I20260909 04:43:52.498279  1119 skeleton_planner.h:170] Found solution in: 22
I20260909 04:43:52.498289  1119 skeleton_planner.h:170] Found solution in: 1
I20260909 04:43:52.498294  1119 skeleton_planner.h:170] Found solution in: 3
I20260909 04:43:52.498299  1119 skeleton_planner.h:170] Found solution in: 1
I20260909 04:43:52.498303  1119 skeleton_planner.h:170] Found solution in: 3
I20260909 04:43:52.498308  1119 skeleton_planner.h:170] Found solution in: 1
I20260909 04:43:52.498313  1119 skeleton_planner.h:170] Found solution in: 4
I20260909 04:43:52.498361  1119 skeleton_planner.h:170] Found solution in: 18
I20260909 04:43:52.498370  1119 skeleton_planner.h:170] Found solution in: 1
I20260909 04:43:52.498376  1119 skeleton_planner.h:170] Found solution in: 1
I20260909 04:43:52.498380  1119 skeleton_planner.h:170] Found solution in: 2
I20260909 04:43:52.498385  1119 skeleton_planner.h:170] Found solution in: 1
I20260909 04:43:52.498389  1119 skeleton_planner.h:170] Found solution in: 2
I20260909 04:43:52.498394  1119 skeleton_planner.h:170] Found solution in: 1
I20260909 04:43:52.498396  1119 skeleton_planner.h:170] Found solution in: 2
I20260909 04:43:52.498410  1119 skeleton_planner.h:170] Found solution in: 4
I20260909 04:43:52.498416  1119 skeleton_planner.h:170] Found solution in: 1
I20260909 04:43:52.498421  1119 skeleton_planner.h:170] Found solution in: 1
I20260909 04:43:52.498440  1119 skeleton_planner.h:170] Found solution in: 4
I20260909 04:43:52.498449  1119 skeleton_planner.h:170] Found solution in: 1
I20260909 04:43:52.498797  1119 skeleton_planner.h:170] Found solution in: 7
I20260909 04:43:52.498806  1119 skeleton_planner.h:170] Found solution in: 1
I20260909 04:43:52.499205  1119 skeleton_planner.h:170] Found solution in: 1
I20260909 04:43:52.499210  1119 skeleton_planner.h:170] Found solution in: 3
I20260909 04:43:52.499577  1119 skeleton_planner.h:170] Found solution in: 1
I20260909 04:43:52.499581  1119 skeleton_planner.h:170] Found solution in: 3
I20260909 04:43:52.499945  1119 skeleton_planner.h:170] Found solution in: 1
I20260909 04:43:52.499949  1119 skeleton_planner.h:170] Found solution in: 2
I20260909 04:43:52.499982  1119 skeleton_planner.h:170] Found solution in: 10
I20260909 04:43:52.499992  1119 skeleton_planner.h:170] Found solution in: 1
I20260909 04:43:52.500018  1119 skeleton_planner.h:170] Found solution in: 10
I20260909 04:43:52.500027  1119 skeleton_planner.h:170] Found solution in: 1
I20260909 04:43:52.500036  1119 skeleton_planner.h:170] Found solution in: 6
I20260909 04:43:52.500509  1119 skeleton_planner.h:170] Found solution in: 1
I20260909 04:43:52.500512  1119 skeleton_planner.h:170] Found solution in: 2
I20260909 04:43:52.500524  1119 skeleton_planner.h:170] Found solution in: 4
I20260909 04:43:52.500533  1119 skeleton_planner.h:170] Found solution in: 1
I20260909 04:43:52.500545  1119 skeleton_planner.h:170] Found solution in: 4
I20260909 04:43:52.500553  1119 skeleton_planner.h:170] Found solution in: 1
I20260909 04:43:52.500567  1119 skeleton_planner.h:170] Found solution in: 4
I20260909 04:43:52.500576  1119 skeleton_planner.h:170] Found solution in: 1
I20260909 04:43:52.500591  1119 skeleton_planner.h:170] Found solution in: 4
I20260909 04:43:52.500602  1119 skeleton_planner.h:170] Found solution in: 1
I20260909 04:43:52.500639  1119 skeleton_planner.h:170] Found solution in: 3
I20260909 04:43:52.500648  1119 skeleton_planner.h:170] Found solution in: 1
I20260909 04:43:52.500655  1119 skeleton_planner.h:170] Found solution in: 5
I20260909 04:43:52.500677  1119 skeleton_planner.h:170] Found solution in: 24
I20260909 04:43:52.500687  1119 skeleton_planner.h:170] Found solution in: 9
I20260909 04:43:52.500793  1119 skeleton_planner.h:170] Found solution in: 4
I20260909 04:43:52.500804  1119 skeleton_planner.h:170] Found solution in: 1
I20260909 04:43:52.500900  1119 skeleton_planner.h:170] Found solution in: 6
I20260909 04:43:52.500908  1119 skeleton_planner.h:170] Found solution in: 1
I20260909 04:43:52.500913  1119 skeleton_planner.h:170] Found solution in: 3
I20260909 04:43:52.501492  1119 skeleton_planner.h:170] Found solution in: 9
I20260909 04:43:52.501502  1119 skeleton_planner.h:170] Found solution in: 1
I20260909 04:43:52.501524  1119 skeleton_planner.h:170] Found solution in: 6
I20260909 04:43:52.501533  1119 skeleton_planner.h:170] Found solution in: 1
I20260909 04:43:52.501576  1119 skeleton_planner.h:170] Found solution in: 25
I20260909 04:43:52.501727  1119 skeleton_planner.h:170] Found solution in: 65
I20260909 04:43:52.501789  1119 skeleton_planner.h:170] Found solution in: 26
I20260909 04:43:52.501797  1119 skeleton_planner.h:170] Found solution in: 1
I20260909 04:43:52.501802  1119 skeleton_planner.h:170] Found solution in: 3
I20260909 04:43:52.501816  1119 skeleton_planner.h:170] Found solution in: 4
I20260909 04:43:52.501823  1119 skeleton_planner.h:170] Found solution in: 1
I20260909 04:43:52.502326  1119 skeleton_planner.h:170] Found solution in: 34
I20260909 04:43:52.502571  1119 skeleton_planner.h:170] Found solution in: 1
I20260909 04:43:52.502610  1119 skeleton_planner.h:170] Found solution in: 5
I20260909 04:43:52.502617  1119 skeleton_planner.h:170] Found solution in: 1
I20260909 04:43:52.502622  1119 skeleton_planner.h:170] Found solution in: 1
I20260909 04:43:52.502640  1119 skeleton_planner.h:170] Found solution in: 6
I20260909 04:43:52.502645  1119 skeleton_planner.h:170] Found solution in: 1
I20260909 04:43:52.502890  1119 skeleton_planner.h:170] Found solution in: 12
I20260909 04:43:52.502900  1119 skeleton_planner.h:170] Found solution in: 1
I20260909 04:43:52.502918  1119 skeleton_planner.h:170] Found solution in: 19
I20260909 04:43:52.502934  1119 skeleton_planner.h:170] Found solution in: 18
I20260909 04:43:52.502940  1119 skeleton_planner.h:170] Found solution in: 1
I20260909 04:43:52.502956  1119 skeleton_planner.h:170] Found solution in: 19
I20260909 04:43:52.502964  1119 skeleton_planner.h:170] Found solution in: 6
I20260909 04:43:52.503007  1119 skeleton_planner.h:170] Found solution in: 10
I20260909 04:43:52.503019  1119 skeleton_planner.h:170] Found solution in: 1
I20260909 04:43:52.503041  1119 skeleton_planner.h:170] Found solution in: 5
I20260909 04:43:52.503049  1119 skeleton_planner.h:170] Found solution in: 1
I20260909 04:43:52.503053  1119 skeleton_planner.h:170] Found solution in: 3
I20260909 04:43:52.503064  1119 skeleton_planner.h:170] Found solution in: 3
I20260909 04:43:52.503072  1119 skeleton_planner.h:170] Found solution in: 1
I20260909 04:43:52.503083  1119 skeleton_planner.h:170] Found solution in: 3
I20260909 04:43:52.503091  1119 skeleton_planner.h:170] Found solution in: 1
I20260909 04:43:52.503180  1119 skeleton_planner.h:170] Found solution in: 4
I20260909 04:43:52.503186  1119 skeleton_planner.h:170] Found solution in: 1
I20260909 04:43:52.503201  1119 skeleton_planner.h:170] Found solution in: 3
I20260909 04:43:52.503207  1119 skeleton_planner.h:170] Found solution in: 1
I20260909 04:43:52.503221  1119 skeleton_planner.h:170] Found solution in: 4
I20260909 04:43:52.503229  1119 skeleton_planner.h:170] Found solution in: 1
I20260909 04:43:52.503232  1119 skeleton_planner.h:170] Found solution in: 2
I20260909 04:43:52.503253  1119 skeleton_planner.h:170] Found solution in: 6
I20260909 04:43:52.503262  1119 skeleton_planner.h:170] Found solution in: 1
I20260909 04:43:52.503278  1119 skeleton_planner.h:170] Found solution in: 5
I20260909 04:43:52.503286  1119 skeleton_planner.h:170] Found solution in: 1
I20260909 04:43:52.503300  1119 skeleton_planner.h:170] Found solution in: 3
I20260909 04:43:52.503314  1119 skeleton_planner.h:170] Found solution in: 1
I20260909 04:43:52.503330  1119 skeleton_planner.h:170] Found solution in: 20
I20260909 04:43:52.503352  1119 skeleton_planner.h:170] Found solution in: 25
I20260909 04:43:52.503363  1119 skeleton_planner.h:170] Found solution in: 1
I20260909 04:43:52.503468  1119 skeleton_planner.h:170] Found solution in: 5
I20260909 04:43:52.503476  1119 skeleton_planner.h:170] Found solution in: 1
I20260909 04:43:52.503482  1119 skeleton_planner.h:170] Found solution in: 5
I20260909 04:43:52.503487  1119 skeleton_planner.h:170] Found solution in: 1
I20260909 04:43:52.503492  1119 skeleton_planner.h:170] Found solution in: 5
I20260909 04:43:52.503499  1119 skeleton_planner.h:170] Found solution in: 1
I20260909 04:43:52.503528  1119 skeleton_planner.h:170] Found solution in: 37
I20260909 04:43:52.503536  1119 skeleton_planner.h:170] Found solution in: 1
I20260909 04:43:52.503620  1119 skeleton_planner.h:170] Found solution in: 3
I20260909 04:43:52.503629  1119 skeleton_planner.h:170] Found solution in: 1
I20260909 04:43:52.503675  1119 skeleton_planner.h:170] Found solution in: 59
I20260909 04:43:52.503685  1119 skeleton_planner.h:170] Found solution in: 1
I20260909 04:43:52.503700  1119 skeleton_planner.h:170] Found solution in: 5
I20260909 04:43:52.503710  1119 skeleton_planner.h:170] Found solution in: 1
I20260909 04:43:52.503748  1119 skeleton_planner.h:170] Found solution in: 49
I20260909 04:43:52.503757  1119 skeleton_planner.h:170] Found solution in: 8
I20260909 04:43:52.503765  1119 skeleton_planner.h:170] Found solution in: 1
I20260909 04:43:52.503778  1119 skeleton_planner.h:170] Found solution in: 4
I20260909 04:43:52.503788  1119 skeleton_planner.h:170] Found solution in: 1
I20260909 04:43:52.503798  1119 skeleton_planner.h:170] Found solution in: 9
I20260909 04:43:52.503805  1119 skeleton_planner.h:170] Found solution in: 6
I20260909 04:43:52.503813  1119 skeleton_planner.h:170] Found solution in: 6
I20260909 04:43:52.503822  1119 skeleton_planner.h:170] Found solution in: 1
I20260909 04:43:52.503827  1119 skeleton_planner.h:170] Found solution in: 1
I20260909 04:43:52.503834  1119 skeleton_planner.h:170] Found solution in: 1
I20260909 04:43:52.503842  1119 skeleton_planner.h:170] Found solution in: 3
I20260909 04:43:52.503847  1119 skeleton_planner.h:170] Found solution in: 1
I20260909 04:43:52.503851  1119 skeleton_planner.h:170] Found solution in: 3
I20260909 04:43:52.503862  1119 skeleton_planner.h:170] Found solution in: 13
I20260909 04:43:52.503868  1119 skeleton_planner.h:170] Found solution in: 1
I20260909 04:43:52.503873  1119 skeleton_planner.h:170] Found solution in: 4
I20260909 04:43:52.503878  1119 skeleton_planner.h:170] Found solution in: 1
I20260909 04:43:52.503883  1119 skeleton_planner.h:170] Found solution in: 4
I20260909 04:43:52.503890  1119 skeleton_planner.h:170] Found solution in: 1
I20260909 04:43:52.503893  1119 skeleton_planner.h:170] Found solution in: 3
I20260909 04:43:52.503914  1119 skeleton_planner.h:170] Found solution in: 6
I20260909 04:43:52.503922  1119 skeleton_planner.h:170] Found solution in: 1
I20260909 04:43:52.503937  1119 skeleton_planner.h:170] Found solution in: 4
I20260909 04:43:52.503947  1119 skeleton_planner.h:170] Found solution in: 1
I20260909 04:43:52.503964  1119 skeleton_planner.h:170] Found solution in: 5
I20260909 04:43:52.503975  1119 skeleton_planner.h:170] Found solution in: 1
I20260909 04:43:52.503986  1119 skeleton_planner.h:170] Found solution in: 14
I20260909 04:43:52.503997  1119 skeleton_planner.h:170] Found solution in: 12
I20260909 04:43:52.504005  1119 skeleton_planner.h:170] Found solution in: 1
I20260909 04:43:52.504019  1119 skeleton_planner.h:170] Found solution in: 18
I20260909 04:43:52.504025  1119 skeleton_planner.h:170] Found solution in: 4
I20260909 04:43:52.504033  1119 skeleton_planner.h:170] Found solution in: 1
I20260909 04:43:52.504128  1119 skeleton_planner.h:170] Found solution in: 4
I20260909 04:43:52.504138  1119 skeleton_planner.h:170] Found solution in: 1
I20260909 04:43:52.504146  1119 skeleton_planner.h:170] Found solution in: 8
I20260909 04:43:52.504155  1119 skeleton_planner.h:170] Found solution in: 1
I20260909 04:43:52.504160  1119 skeleton_planner.h:170] Found solution in: 4
I20260909 04:43:52.504173  1119 skeleton_planner.h:170] Found solution in: 18
I20260909 04:43:52.504202  1119 skeleton_planner.h:170] Found solution in: 5
I20260909 04:43:52.504211  1119 skeleton_planner.h:170] Found solution in: 1
I20260909 04:43:52.504246  1119 skeleton_planner.h:170] Found solution in: 13
I20260909 04:43:52.504259  1119 skeleton_planner.h:170] Found solution in: 1
I20260909 04:43:52.504287  1119 skeleton_planner.h:170] Found solution in: 6
I20260909 04:43:52.504294  1119 skeleton_planner.h:170] Found solution in: 1
I20260909 04:43:52.504300  1119 skeleton_planner.h:170] Found solution in: 5
I20260909 04:43:52.504308  1119 skeleton_planner.h:170] Found solution in: 1
I20260909 04:43:52.504325  1119 skeleton_planner.h:170] Found solution in: 19
I20260909 04:43:52.504365  1119 skeleton_planner.h:170] Found solution in: 7
I20260909 04:43:52.504377  1119 skeleton_planner.h:170] Found solution in: 1
I20260909 04:43:52.504384  1119 skeleton_planner.h:170] Found solution in: 1
I20260909 04:43:52.504396  1119 skeleton_planner.h:170] Found solution in: 3
I20260909 04:43:52.504402  1119 skeleton_planner.h:170] Found solution in: 1
I20260909 04:43:52.504500  1119 skeleton_planner.h:170] Found solution in: 5
I20260909 04:43:52.504508  1119 skeleton_planner.h:170] Found solution in: 1
I20260909 04:43:52.504513  1119 skeleton_planner.h:170] Found solution in: 4
I20260909 04:43:52.504606  1119 skeleton_planner.h:170] Found solution in: 3
I20260909 04:43:52.504614  1119 skeleton_planner.h:170] Found solution in: 1
I20260909 04:43:52.504619  1119 skeleton_planner.h:170] Found solution in: 1
I20260909 04:43:52.504626  1119 skeleton_planner.h:170] Found solution in: 1
I20260909 04:43:52.504633  1119 skeleton_planner.h:170] Found solution in: 6
I20260909 04:43:52.504638  1119 skeleton_planner.h:170] Found solution in: 1
I20260909 04:43:52.504694  1119 skeleton_planner.h:170] Found solution in: 67
I20260909 04:43:52.504710  1119 skeleton_planner.h:170] Found solution in: 1
I20260909 04:43:52.504740  1119 skeleton_planner.h:170] Found solution in: 4
I20260909 04:43:52.504747  1119 skeleton_planner.h:170] Found solution in: 1
I20260909 04:43:52.504758  1119 skeleton_planner.h:170] Found solution in: 1
I20260909 04:43:52.504765  1119 skeleton_planner.h:170] Found solution in: 1
I20260909 04:43:52.504768  1119 skeleton_planner.h:170] Found solution in: 2
I20260909 04:43:52.504787  1119 skeleton_planner.h:170] Found solution in: 6
I20260909 04:43:52.504796  1119 skeleton_planner.h:170] Found solution in: 1
I20260909 04:43:52.504880  1119 skeleton_planner.h:170] Found solution in: 3
I20260909 04:43:52.504889  1119 skeleton_planner.h:170] Found solution in: 1
I20260909 04:43:52.504925  1119 skeleton_planner.h:170] Found solution in: 18
I20260909 04:43:52.504936  1119 skeleton_planner.h:170] Found solution in: 1
I20260909 04:43:52.504953  1119 skeleton_planner.h:170] Found solution in: 22
I20260909 04:43:52.504961  1119 skeleton_planner.h:170] Found solution in: 1
I20260909 04:43:52.505014  1119 skeleton_planner.h:170] Found solution in: 24
I20260909 04:43:52.505028  1119 skeleton_planner.h:170] Found solution in: 1
I20260909 04:43:52.505034  1119 skeleton_planner.h:170] Found solution in: 6
I20260909 04:43:52.505064  1119 skeleton_planner.h:170] Found solution in: 7
I20260909 04:43:52.505071  1119 skeleton_planner.h:170] Found solution in: 1
I20260909 04:43:52.505076  1119 skeleton_planner.h:170] Found solution in: 4
I20260909 04:43:52.505084  1119 skeleton_planner.h:170] Found solution in: 6
I20260909 04:43:52.505093  1119 skeleton_planner.h:170] Found solution in: 6
I20260909 04:43:52.505098  1119 skeleton_planner.h:170] Found solution in: 4
I20260909 04:43:52.505105  1119 skeleton_planner.h:170] Found solution in: 1
I20260909 04:43:52.505133  1119 skeleton_planner.h:170] Found solution in: 8
I20260909 04:43:52.505144  1119 skeleton_planner.h:170] Found solution in: 1
I20260909 04:43:52.505163  1119 skeleton_planner.h:170] Found solution in: 6
I20260909 04:43:52.505170  1119 skeleton_planner.h:170] Found solution in: 1
I20260909 04:43:52.505179  1119 skeleton_planner.h:170] Found solution in: 10
I20260909 04:43:52.505184  1119 skeleton_planner.h:170] Found solution in: 4
I20260909 04:43:52.505191  1119 skeleton_planner.h:170] Found solution in: 1
I20260909 04:43:52.505216  1119 skeleton_planner.h:170] Found solution in: 30
I20260909 04:43:52.505227  1119 skeleton_planner.h:170] Found solution in: 1
I20260909 04:43:52.505254  1119 skeleton_planner.h:170] Found solution in: 29
I20260909 04:43:52.505261  1119 skeleton_planner.h:170] Found solution in: 1
I20260909 04:43:52.505276  1119 skeleton_planner.h:170] Found solution in: 17
I20260909 04:43:52.505285  1119 skeleton_planner.h:170] Found solution in: 1
I20260909 04:43:52.505307  1119 skeleton_planner.h:170] Found solution in: 24
I20260909 04:43:52.505326  1119 skeleton_planner.h:170] Found solution in: 22
I20260909 04:43:52.505337  1119 skeleton_planner.h:170] Found solution in: 1
I20260909 04:43:52.505352  1119 skeleton_planner.h:170] Found solution in: 3
I20260909 04:43:52.505360  1119 skeleton_planner.h:170] Found solution in: 1
I20260909 04:43:52.505363  1119 skeleton_planner.h:170] Found solution in: 2
I20260909 04:43:52.505374  1119 skeleton_planner.h:170] Found solution in: 3
I20260909 04:43:52.505380  1119 skeleton_planner.h:170] Found solution in: 1
I20260909 04:43:52.505390  1119 skeleton_planner.h:170] Found solution in: 1
I20260909 04:43:52.505398  1119 skeleton_planner.h:170] Found solution in: 1
I20260909 04:43:52.505404  1119 skeleton_planner.h:170] Found solution in: 5
I20260909 04:43:52.505410  1119 skeleton_planner.h:170] Found solution in: 6
I20260909 04:43:52.505507  1119 skeleton_planner.h:170] Found solution in: 5
I20260909 04:43:52.505515  1119 skeleton_planner.h:170] Found solution in: 1
I20260909 04:43:52.505519  1119 skeleton_planner.h:170] Found solution in: 2
I20260909 04:43:52.505532  1119 skeleton_planner.h:170] Found solution in: 4
I20260909 04:43:52.505538  1119 skeleton_planner.h:170] Found solution in: 1
I20260909 04:43:52.505637  1119 skeleton_planner.h:170] Found solution in: 5
I20260909 04:43:52.505646  1119 skeleton_planner.h:170] Found solution in: 1
I20260909 04:43:52.505652  1119 skeleton_planner.h:170] Found solution in: 5
I20260909 04:43:52.505674  1119 skeleton_planner.h:170] Found solution in: 5
I20260909 04:43:52.505685  1119 skeleton_planner.h:170] Found solution in: 1
I20260909 04:43:52.505693  1119 skeleton_planner.h:170] Found solution in: 1
I20260909 04:43:52.505702  1119 skeleton_planner.h:170] Found solution in: 1
I20260909 04:43:52.505715  1119 skeleton_planner.h:170] Found solution in: 5
I20260909 04:43:52.505723  1119 skeleton_planner.h:170] Found solution in: 1
I20260909 04:43:52.505728  1119 skeleton_planner.h:170] Found solution in: 3
I20260909 04:43:52.505739  1119 skeleton_planner.h:170] Found solution in: 4
I20260909 04:43:52.505748  1119 skeleton_planner.h:170] Found solution in: 1
I20260909 04:43:52.505759  1119 skeleton_planner.h:170] Found solution in: 4
I20260909 04:43:52.505766  1119 skeleton_planner.h:170] Found solution in: 1
I20260909 04:43:52.505772  1119 skeleton_planner.h:170] Found solution in: 4
I20260909 04:43:52.505800  1119 skeleton_planner.h:170] Found solution in: 9
I20260909 04:43:52.505807  1119 skeleton_planner.h:170] Found solution in: 1
I20260909 04:43:52.505821  1119 skeleton_planner.h:170] Found solution in: 4
I20260909 04:43:52.505829  1119 skeleton_planner.h:170] Found solution in: 1
I20260909 04:43:52.505883  1119 skeleton_planner.h:170] Found solution in: 4
I20260909 04:43:52.505893  1119 skeleton_planner.h:170] Found solution in: 1
I20260909 04:43:52.505897  1119 skeleton_planner.h:170] Found solution in: 2
I20260909 04:43:52.505901  1119 skeleton_planner.h:170] Found solution in: 1
I20260909 04:43:52.505904  1119 skeleton_planner.h:170] Found solution in: 2
I20260909 04:43:52.505909  1119 skeleton_planner.h:170] Found solution in: 1
I20260909 04:43:52.505913  1119 skeleton_planner.h:170] Found solution in: 2
I20260909 04:43:52.505920  1119 skeleton_planner.h:170] Found solution in: 1
I20260909 04:43:52.505927  1119 skeleton_planner.h:170] Found solution in: 6
I20260909 04:43:52.505935  1119 skeleton_planner.h:170] Found solution in: 1
I20260909 04:43:52.505951  1119 skeleton_planner.h:170] Found solution in: 5
I20260909 04:43:52.505959  1119 skeleton_planner.h:170] Found solution in: 1
I20260909 04:43:52.505970  1119 skeleton_planner.h:170] Found solution in: 3
I20260909 04:43:52.505977  1119 skeleton_planner.h:170] Found solution in: 1
I20260909 04:43:52.505990  1119 skeleton_planner.h:170] Found solution in: 1
I20260909 04:43:52.506007  1119 skeleton_planner.h:170] Found solution in: 5
I20260909 04:43:52.506016  1119 skeleton_planner.h:170] Found solution in: 1
I20260909 04:43:52.506022  1119 skeleton_planner.h:170] Found solution in: 5
I20260909 04:43:52.506043  1119 skeleton_planner.h:170] Found solution in: 24
I20260909 04:43:52.506049  1119 skeleton_planner.h:170] Found solution in: 1
I20260909 04:43:52.506055  1119 skeleton_planner.h:170] Found solution in: 5
I20260909 04:43:52.506064  1119 skeleton_planner.h:170] Found solution in: 1
I20260909 04:43:52.506078  1119 skeleton_planner.h:170] Found solution in: 3
I20260909 04:43:52.506083  1119 skeleton_planner.h:170] Found solution in: 1
I20260909 04:43:52.506096  1119 skeleton_planner.h:170] Found solution in: 3
I20260909 04:43:52.506104  1119 skeleton_planner.h:170] Found solution in: 1
I20260909 04:43:52.506131  1119 skeleton_planner.h:170] Found solution in: 6
I20260909 04:43:52.506142  1119 skeleton_planner.h:170] Found solution in: 1
I20260909 04:43:52.506147  1119 skeleton_planner.h:170] Found solution in: 1
I20260909 04:43:52.506160  1119 skeleton_planner.h:170] Found solution in: 3
I20260909 04:43:52.506170  1119 skeleton_planner.h:170] Found solution in: 1
I20260909 04:43:52.506174  1119 skeleton_planner.h:170] Found solution in: 1
I20260909 04:43:52.506192  1119 skeleton_planner.h:170] Found solution in: 5
I20260909 04:43:52.506198  1119 skeleton_planner.h:170] Found solution in: 1
I20260909 04:43:52.506214  1119 skeleton_planner.h:170] Found solution in: 3
I20260909 04:43:52.506219  1119 skeleton_planner.h:170] Found solution in: 1
I20260909 04:43:52.506232  1119 skeleton_planner.h:170] Found solution in: 4
I20260909 04:43:52.506240  1119 skeleton_planner.h:170] Found solution in: 1
I20260909 04:43:52.506247  1119 skeleton_planner.h:170] Found solution in: 1
I20260909 04:43:52.506255  1119 skeleton_planner.h:170] Found solution in: 1
I20260909 04:43:52.506266  1119 skeleton_planner.h:170] Found solution in: 9
I20260909 04:43:52.506273  1119 skeleton_planner.h:170] Found solution in: 1
I20260909 04:43:52.506279  1119 skeleton_planner.h:170] Found solution in: 1
I20260909 04:43:52.506292  1119 skeleton_planner.h:170] Found solution in: 13
I20260909 04:43:52.506300  1119 skeleton_planner.h:170] Found solution in: 1
I20260909 04:43:52.506309  1119 skeleton_planner.h:170] Found solution in: 1
I20260909 04:43:52.506314  1119 skeleton_planner.h:170] Found solution in: 1
I20260909 04:43:52.506319  1119 skeleton_planner.h:170] Found solution in: 5
I20260909 04:43:52.506352  1119 skeleton_planner.h:170] Found solution in: 12
I20260909 04:43:52.506523  1119 skeleton_planner.h:170] Found solution in: 84
I20260909 04:43:52.506747  1119 skeleton_planner.h:170] Found solution in: 1
I20260909 04:43:52.506752  1119 skeleton_planner.h:170] Found solution in: 3
I20260909 04:43:52.506762  1119 skeleton_planner.h:170] Found solution in: 3
I20260909 04:43:52.506769  1119 skeleton_planner.h:170] Found solution in: 1
I20260909 04:43:52.506778  1119 skeleton_planner.h:170] Found solution in: 5
I20260909 04:43:52.506783  1119 skeleton_planner.h:170] Found solution in: 1
I20260909 04:43:52.506795  1119 skeleton_planner.h:170] Found solution in: 3
I20260909 04:43:52.506805  1119 skeleton_planner.h:170] Found solution in: 1
I20260909 04:43:52.506909  1119 skeleton_planner.h:170] Found solution in: 6
I20260909 04:43:52.506917  1119 skeleton_planner.h:170] Found solution in: 1
I20260909 04:43:52.507001  1119 skeleton_planner.h:170] Found solution in: 3
I20260909 04:43:52.507009  1119 skeleton_planner.h:170] Found solution in: 1
I20260909 04:43:52.507014  1119 skeleton_planner.h:170] Found solution in: 1
I20260909 04:43:52.507023  1119 skeleton_planner.h:170] Found solution in: 9
I20260909 04:43:52.507027  1119 skeleton_planner.h:170] Found solution in: 1
I20260909 04:43:52.507038  1119 skeleton_planner.h:170] Found solution in: 3
I20260909 04:43:52.507045  1119 skeleton_planner.h:170] Found solution in: 1
I20260909 04:43:52.507238  1119 skeleton_planner.h:170] Found solution in: 1
I20260909 04:43:52.507244  1119 skeleton_planner.h:170] Found solution in: 5
I20260909 04:43:52.507274  1119 skeleton_planner.h:170] Found solution in: 7
I20260909 04:43:52.507282  1119 skeleton_planner.h:170] Found solution in: 1
I20260909 04:43:52.507297  1119 skeleton_planner.h:170] Found solution in: 4
I20260909 04:43:52.507308  1119 skeleton_planner.h:170] Found solution in: 1
I20260909 04:43:52.507314  1119 skeleton_planner.h:170] Found solution in: 1
I20260909 04:43:52.507328  1119 skeleton_planner.h:170] Found solution in: 14
I20260909 04:43:52.507362  1119 skeleton_planner.h:170] Found solution in: 37
I20260909 04:43:52.507370  1119 skeleton_planner.h:170] Found solution in: 1
I20260909 04:43:52.507383  1119 skeleton_planner.h:170] Found solution in: 12
I20260909 04:43:52.507392  1119 skeleton_planner.h:170] Found solution in: 1
I20260909 04:43:52.507405  1119 skeleton_planner.h:170] Found solution in: 12
I20260909 04:43:52.507414  1119 skeleton_planner.h:170] Found solution in: 8
I20260909 04:43:52.507422  1119 skeleton_planner.h:170] Found solution in: 1
I20260909 04:43:52.507426  1119 skeleton_planner.h:170] Found solution in: 3
I20260909 04:43:52.507447  1119 skeleton_planner.h:170] Found solution in: 5
I20260909 04:43:52.507455  1119 skeleton_planner.h:170] Found solution in: 1
I20260909 04:43:52.507462  1119 skeleton_planner.h:170] Found solution in: 7
I20260909 04:43:52.507470  1119 skeleton_planner.h:170] Found solution in: 1
I20260909 04:43:52.507483  1119 skeleton_planner.h:170] Found solution in: 1
I20260909 04:43:52.507507  1119 skeleton_planner.h:170] Found solution in: 30
I20260909 04:43:52.507524  1119 skeleton_planner.h:170] Found solution in: 19
I20260909 04:43:52.507560  1119 skeleton_planner.h:170] Found solution in: 48
I20260909 04:43:52.507572  1119 skeleton_planner.h:170] Found solution in: 1
I20260909 04:43:52.507653  1119 skeleton_planner.h:170] Found solution in: 3
I20260909 04:43:52.507663  1119 skeleton_planner.h:170] Found solution in: 1
I20260909 04:43:52.507669  1119 skeleton_planner.h:170] Found solution in: 7
I20260909 04:43:52.507676  1119 skeleton_planner.h:170] Found solution in: 7
I20260909 04:43:52.507711  1119 skeleton_planner.h:170] Found solution in: 10
I20260909 04:43:52.507728  1119 skeleton_planner.h:170] Found solution in: 1
I20260909 04:43:52.507748  1119 skeleton_planner.h:170] Found solution in: 26
I20260909 04:43:52.507779  1119 skeleton_planner.h:170] Found solution in: 39
I20260909 04:43:52.507788  1119 skeleton_planner.h:170] Found solution in: 1
I20260909 04:43:52.507818  1119 skeleton_planner.h:170] Found solution in: 7
I20260909 04:43:52.507827  1119 skeleton_planner.h:170] Found solution in: 1
I20260909 04:43:52.508338  1119 skeleton_planner.h:170] Found solution in: 1
I20260909 04:43:52.508348  1119 skeleton_planner.h:170] Found solution in: 1
I20260909 04:43:52.508358  1119 skeleton_planner.h:170] Found solution in: 1
I20260909 04:43:52.508376  1119 skeleton_planner.h:170] Found solution in: 6
I20260909 04:43:52.508386  1119 skeleton_planner.h:170] Found solution in: 1
I20260909 04:43:52.508589  1119 skeleton_planner.h:170] Found solution in: 1
I20260909 04:43:52.508595  1119 skeleton_planner.h:170] Found solution in: 5
I20260909 04:43:52.508775  1119 skeleton_planner.h:170] Found solution in: 1
I20260909 04:43:52.508780  1119 skeleton_planner.h:170] Found solution in: 2
I20260909 04:43:52.508806  1119 skeleton_planner.h:170] Found solution in: 7
I20260909 04:43:52.508814  1119 skeleton_planner.h:170] Found solution in: 1
I20260909 04:43:52.508821  1119 skeleton_planner.h:170] Found solution in: 1
I20260909 04:43:52.508826  1119 skeleton_planner.h:170] Found solution in: 4
I20260909 04:43:52.509155  1119 skeleton_planner.h:170] Found solution in: 1
I20260909 04:43:52.509160  1119 skeleton_planner.h:170] Found solution in: 4
I20260909 04:43:52.509500  1119 skeleton_planner.h:170] Found solution in: 1
I20260909 04:43:52.509505  1119 skeleton_planner.h:170] Found solution in: 3
I20260909 04:43:52.509816  1119 skeleton_planner.h:170] Found solution in: 1
I20260909 04:43:52.509821  1119 skeleton_planner.h:170] Found solution in: 3
I20260909 04:43:52.510154  1119 skeleton_planner.h:170] Found solution in: 15
I20260909 04:43:52.510165  1119 skeleton_planner.h:170] Found solution in: 1
I20260909 04:43:52.510174  1119 skeleton_planner.h:170] Found solution in: 2
I20260909 04:43:52.510192  1119 skeleton_planner.h:170] Found solution in: 4
I20260909 04:43:52.510207  1119 skeleton_planner.h:170] Found solution in: 4
I20260909 04:43:52.510223  1119 skeleton_planner.h:170] Found solution in: 3
I20260909 04:43:52.510246  1119 skeleton_planner.h:170] Found solution in: 7
I20260909 04:43:52.510269  1119 skeleton_planner.h:170] Found solution in: 5
I20260909 04:43:52.510290  1119 skeleton_planner.h:170] Found solution in: 5
I20260909 04:43:52.510314  1119 skeleton_planner.h:170] Found solution in: 5
I20260909 04:43:52.510337  1119 skeleton_planner.h:170] Found solution in: 7
I20260909 04:43:52.510347  1119 skeleton_planner.h:170] Found solution in: 2
I20260909 04:43:52.510363  1119 skeleton_planner.h:170] Found solution in: 6
I20260909 04:43:52.510377  1119 skeleton_planner.h:170] Found solution in: 5
I20260909 04:43:52.510394  1119 skeleton_planner.h:170] Found solution in: 5
I20260909 04:43:52.510406  1119 skeleton_planner.h:170] Found solution in: 3
I20260909 04:43:52.510423  1119 skeleton_planner.h:170] Found solution in: 5
I20260909 04:43:52.510433  1119 skeleton_planner.h:170] Found solution in: 2
I20260909 04:43:52.510450  1119 skeleton_planner.h:170] Found solution in: 5
I20260909 04:43:52.510463  1119 skeleton_planner.h:170] Found solution in: 4
I20260909 04:43:52.510474  1119 skeleton_planner.h:170] Found solution in: 3
I20260909 04:43:52.510479  1119 skeleton_planner.h:170] Found solution in: 1
I20260909 04:43:52.510496  1119 skeleton_planner.h:170] Found solution in: 5
I20260909 04:43:52.510519  1119 skeleton_planner.h:170] Found solution in: 7
I20260909 04:43:52.510546  1119 skeleton_planner.h:170] Found solution in: 8
I20260909 04:43:52.510560  1119 skeleton_planner.h:170] Found solution in: 5
I20260909 04:43:52.510572  1119 skeleton_planner.h:170] Found solution in: 3
I20260909 04:43:52.510588  1119 skeleton_planner.h:170] Found solution in: 5
I20260909 04:43:52.510600  1119 skeleton_planner.h:170] Found solution in: 4
I20260909 04:43:52.510619  1119 skeleton_planner.h:170] Found solution in: 6
I20260909 04:43:52.510632  1119 skeleton_planner.h:170] Found solution in: 3
I20260909 04:43:52.510653  1119 skeleton_planner.h:170] Found solution in: 5
I20260909 04:43:52.510666  1119 skeleton_planner.h:170] Found solution in: 3
I20260909 04:43:52.510687  1119 skeleton_planner.h:170] Found solution in: 7
I20260909 04:43:52.510696  1119 skeleton_planner.h:170] Found solution in: 2
I20260909 04:43:52.510700  1119 skeleton_planner.h:170] Found solution in: 1
I20260909 04:43:52.510715  1119 skeleton_planner.h:170] Found solution in: 4
I20260909 04:43:52.510727  1119 skeleton_planner.h:170] Found solution in: 4
I20260909 04:43:52.510739  1119 skeleton_planner.h:170] Found solution in: 3
I20260909 04:43:52.510768  1119 skeleton_planner.h:170] Found solution in: 11
I20260909 04:43:52.510785  1119 skeleton_planner.h:170] Found solution in: 5
I20260909 04:43:52.510810  1119 skeleton_planner.h:170] Found solution in: 8
I20260909 04:43:52.510825  1119 skeleton_planner.h:170] Found solution in: 4
I20260909 04:43:52.510833  1119 skeleton_planner.h:170] Found solution in: 2
I20260909 04:43:52.510859  1119 skeleton_planner.h:170] Found solution in: 7
I20260909 04:43:52.510885  1119 skeleton_planner.h:170] Found solution in: 6
I20260909 04:43:52.510897  1119 skeleton_planner.h:170] Found solution in: 3
I20260909 04:43:52.510910  1119 skeleton_planner.h:170] Found solution in: 4
I20260909 04:43:52.510932  1119 skeleton_planner.h:170] Found solution in: 8
I20260909 04:43:52.510955  1119 skeleton_planner.h:170] Found solution in: 7
I20260909 04:43:52.510975  1119 skeleton_planner.h:170] Found solution in: 6
I20260909 04:43:52.510999  1119 skeleton_planner.h:170] Found solution in: 8
I20260909 04:43:52.511014  1119 skeleton_planner.h:170] Found solution in: 4
I20260909 04:43:52.511027  1119 skeleton_planner.h:170] Found solution in: 4
I20260909 04:43:52.511034  1119 skeleton_planner.h:170] Found solution in: 2
I20260909 04:43:52.511047  1119 skeleton_planner.h:170] Found solution in: 4
I20260909 04:43:52.511066  1119 skeleton_planner.h:170] Found solution in: 7
I20260909 04:43:52.511090  1119 skeleton_planner.h:170] Found solution in: 9
I20260909 04:43:52.511102  1119 skeleton_planner.h:170] Found solution in: 3
I20260909 04:43:52.511116  1119 skeleton_planner.h:170] Found solution in: 6
I20260909 04:43:52.511134  1119 skeleton_planner.h:170] Found solution in: 5
I20260909 04:43:52.511152  1119 skeleton_planner.h:170] Found solution in: 5
I20260909 04:43:52.511168  1119 skeleton_planner.h:170] Found solution in: 4
I20260909 04:43:52.511183  1119 skeleton_planner.h:170] Found solution in: 5
I20260909 04:43:52.511191  1119 skeleton_planner.h:170] Found solution in: 3
I20260909 04:43:52.511209  1119 skeleton_planner.h:170] Found solution in: 8
I20260909 04:43:52.511224  1119 skeleton_planner.h:170] Found solution in: 5
I20260909 04:43:52.511236  1119 skeleton_planner.h:170] Found solution in: 4
I20260909 04:43:52.511258  1119 skeleton_planner.h:170] Found solution in: 7
I20260909 04:43:52.511274  1119 skeleton_planner.h:170] Found solution in: 6
I20260909 04:43:52.511291  1119 skeleton_planner.h:170] Found solution in: 5
I20260909 04:43:52.511307  1119 skeleton_planner.h:170] Found solution in: 4
I20260909 04:43:52.511320  1119 skeleton_planner.h:170] Found solution in: 4
I20260909 04:43:52.511332  1119 skeleton_planner.h:170] Found solution in: 3
I20260909 04:43:52.511343  1119 skeleton_planner.h:170] Found solution in: 3
I20260909 04:43:52.511363  1119 skeleton_planner.h:170] Found solution in: 7
I20260909 04:43:52.511375  1119 skeleton_planner.h:170] Found solution in: 3
I20260909 04:43:52.511405  1119 skeleton_planner.h:170] Found solution in: 9
I20260909 04:43:52.511420  1119 skeleton_planner.h:170] Found solution in: 3
I20260909 04:43:52.511439  1119 skeleton_planner.h:170] Found solution in: 6
I20260909 04:43:52.511451  1119 skeleton_planner.h:170] Found solution in: 3
I20260909 04:43:52.511462  1119 skeleton_planner.h:170] Found solution in: 3
I20260909 04:43:52.511480  1119 skeleton_planner.h:170] Found solution in: 5
I20260909 04:43:52.511498  1119 skeleton_planner.h:170] Found solution in: 6
I20260909 04:43:52.511516  1119 skeleton_planner.h:170] Found solution in: 8
I20260909 04:43:52.511530  1119 skeleton_planner.h:170] Found solution in: 5
I20260909 04:43:52.511544  1119 skeleton_planner.h:170] Found solution in: 6
I20260909 04:43:52.511574  1119 skeleton_planner.h:170] Found solution in: 12
I20260909 04:43:52.511595  1119 skeleton_planner.h:170] Found solution in: 5
I20260909 04:43:52.511613  1119 skeleton_planner.h:170] Found solution in: 6
I20260909 04:43:52.511627  1119 skeleton_planner.h:170] Found solution in: 4
I20260909 04:43:52.511651  1119 skeleton_planner.h:170] Found solution in: 8
I20260909 04:43:52.511680  1119 skeleton_planner.h:170] Found solution in: 8
I20260909 04:43:52.511694  1119 skeleton_planner.h:170] Found solution in: 3
I20260909 04:43:52.511705  1119 skeleton_planner.h:170] Found solution in: 3
I20260909 04:43:52.511718  1119 skeleton_planner.h:170] Found solution in: 4
I20260909 04:43:52.511731  1119 skeleton_planner.h:170] Found solution in: 5
I20260909 04:43:52.511755  1119 skeleton_planner.h:170] Found solution in: 8
I20260909 04:43:52.511776  1119 skeleton_planner.h:170] Found solution in: 6
I20260909 04:43:52.511788  1119 skeleton_planner.h:170] Found solution in: 3
I20260909 04:43:52.511806  1119 skeleton_planner.h:170] Found solution in: 8
I20260909 04:43:52.511821  1119 skeleton_planner.h:170] Found solution in: 7
I20260909 04:43:52.511826  1119 skeleton_planner.h:170] Found solution in: 1
I20260909 04:43:52.511837  1119 skeleton_planner.h:170] Found solution in: 3
I20260909 04:43:52.511854  1119 skeleton_planner.h:170] Found solution in: 5
I20260909 04:43:52.511869  1119 skeleton_planner.h:170] Found solution in: 5
I20260909 04:43:52.511886  1119 skeleton_planner.h:170] Found solution in: 5
I20260909 04:43:52.511936  1119 skeleton_planner.h:170] Found solution in: 20
I20260909 04:43:52.511960  1119 skeleton_planner.h:170] Found solution in: 5
I20260909 04:43:52.511971  1119 skeleton_planner.h:170] Found solution in: 3
I20260909 04:43:52.511981  1119 skeleton_planner.h:170] Found solution in: 4
I20260909 04:43:52.511996  1119 skeleton_planner.h:170] Found solution in: 4
I20260909 04:43:52.512015  1119 skeleton_planner.h:170] Found solution in: 5
I20260909 04:43:52.512032  1119 skeleton_planner.h:170] Found solution in: 5
I20260909 04:43:52.512048  1119 skeleton_planner.h:170] Found solution in: 5
I20260909 04:43:52.512068  1119 skeleton_planner.h:170] Found solution in: 5
I20260909 04:43:52.512079  1119 skeleton_planner.h:170] Found solution in: 3
I20260909 04:43:52.512089  1119 skeleton_planner.h:170] Found solution in: 3
I20260909 04:43:52.512099  1119 skeleton_planner.h:170] Found solution in: 3
I20260909 04:43:52.512109  1119 skeleton_planner.h:170] Found solution in: 3
I20260909 04:43:52.512121  1119 skeleton_planner.h:170] Found solution in: 4
I20260909 04:43:52.512135  1119 skeleton_planner.h:170] Found solution in: 4
I20260909 04:43:52.512146  1119 skeleton_planner.h:170] Found solution in: 4
I20260909 04:43:52.512163  1119 skeleton_planner.h:170] Found solution in: 5
I20260909 04:43:52.512174  1119 skeleton_planner.h:170] Found solution in: 3
I20260909 04:43:52.512192  1119 skeleton_planner.h:170] Found solution in: 6
I20260909 04:43:52.512213  1119 skeleton_planner.h:170] Found solution in: 8
I20260909 04:43:52.512224  1119 skeleton_planner.h:170] Found solution in: 3
I20260909 04:43:52.512233  1119 skeleton_planner.h:170] Found solution in: 2
I20260909 04:43:52.512243  1119 skeleton_planner.h:170] Found solution in: 3
I20260909 04:43:52.512256  1119 skeleton_planner.h:170] Found solution in: 4
I20260909 04:43:52.512266  1119 skeleton_planner.h:170] Found solution in: 3
I20260909 04:43:52.512284  1119 skeleton_planner.h:170] Found solution in: 5
I20260909 04:43:52.512292  1119 skeleton_planner.h:170] Found solution in: 2
I20260909 04:43:52.512310  1119 skeleton_planner.h:170] Found solution in: 4
I20260909 04:43:52.512327  1119 skeleton_planner.h:170] Found solution in: 5
I20260909 04:43:52.512346  1119 skeleton_planner.h:170] Found solution in: 5
I20260909 04:43:52.512360  1119 skeleton_planner.h:170] Found solution in: 4
I20260909 04:43:52.512380  1119 skeleton_planner.h:170] Found solution in: 5
I20260909 04:43:52.512391  1119 skeleton_planner.h:170] Found solution in: 3
I20260909 04:43:52.512403  1119 skeleton_planner.h:170] Found solution in: 3
I20260909 04:43:52.512413  1119 skeleton_planner.h:170] Found solution in: 3
I20260909 04:43:52.512421  1119 skeleton_planner.h:170] Found solution in: 2
I20260909 04:43:52.512430  1119 skeleton_planner.h:170] Found solution in: 3
I20260909 04:43:52.512442  1119 skeleton_planner.h:170] Found solution in: 4
I20260909 04:43:52.512454  1119 skeleton_planner.h:170] Found solution in: 3
I20260909 04:43:52.512465  1119 skeleton_planner.h:170] Found solution in: 3
I20260909 04:43:52.512488  1119 skeleton_planner.h:170] Found solution in: 8
I20260909 04:43:52.512513  1119 skeleton_planner.h:170] Found solution in: 9
I20260909 04:43:52.512527  1119 skeleton_planner.h:170] Found solution in: 5
I20260909 04:43:52.512538  1119 skeleton_planner.h:170] Found solution in: 4
I20260909 04:43:52.512552  1119 skeleton_planner.h:170] Found solution in: 5
I20260909 04:43:52.512559  1119 skeleton_planner.h:170] Found solution in: 2
I20260909 04:43:52.512573  1119 skeleton_planner.h:170] Found solution in: 5
I20260909 04:43:52.512595  1119 skeleton_planner.h:170] Found solution in: 7
I20260909 04:43:52.512614  1119 skeleton_planner.h:170] Found solution in: 4
I20260909 04:43:52.512624  1119 skeleton_planner.h:170] Found solution in: 3
I20260909 04:43:52.512643  1119 skeleton_planner.h:170] Found solution in: 6
I20260909 04:43:52.512655  1119 skeleton_planner.h:170] Found solution in: 3
I20260909 04:43:52.512674  1119 skeleton_planner.h:170] Found solution in: 6
I20260909 04:43:52.512694  1119 skeleton_planner.h:170] Found solution in: 5
I20260909 04:43:52.512706  1119 skeleton_planner.h:170] Found solution in: 3
I20260909 04:43:52.512724  1119 skeleton_planner.h:170] Found solution in: 5
I20260909 04:43:52.512739  1119 skeleton_planner.h:170] Found solution in: 5
I20260909 04:43:52.512753  1119 skeleton_planner.h:170] Found solution in: 6
I20260909 04:43:52.512773  1119 skeleton_planner.h:170] Found solution in: 6
I20260909 04:43:52.512797  1119 skeleton_planner.h:170] Found solution in: 8
I20260909 04:43:52.512826  1119 skeleton_planner.h:170] Found solution in: 9
I20260909 04:43:52.512852  1119 skeleton_planner.h:170] Found solution in: 8
I20260909 04:43:52.512866  1119 skeleton_planner.h:170] Found solution in: 4
I20260909 04:43:52.512904  1119 skeleton_planner.h:170] Found solution in: 11
I20260909 04:43:52.512920  1119 skeleton_planner.h:170] Found solution in: 4
I20260909 04:43:52.512945  1119 skeleton_planner.h:170] Found solution in: 8
I20260909 04:43:52.512962  1119 skeleton_planner.h:170] Found solution in: 5
I20260909 04:43:52.512984  1119 skeleton_planner.h:170] Found solution in: 7
I20260909 04:43:52.513007  1119 skeleton_planner.h:170] Found solution in: 7
I20260909 04:43:52.513026  1119 skeleton_planner.h:170] Found solution in: 6
I20260909 04:43:52.513042  1119 skeleton_planner.h:170] Found solution in: 5
I20260909 04:43:52.513064  1119 skeleton_planner.h:170] Found solution in: 7
I20260909 04:43:52.513103  1119 skeleton_planner.h:170] Found solution in: 12
I20260909 04:43:52.513119  1119 skeleton_planner.h:170] Found solution in: 4
I20260909 04:43:52.513131  1119 skeleton_planner.h:170] Found solution in: 3
I20260909 04:43:52.513155  1119 skeleton_planner.h:170] Found solution in: 7
I20260909 04:43:52.513167  1119 skeleton_planner.h:170] Found solution in: 3
I20260909 04:43:52.513187  1119 skeleton_planner.h:170] Found solution in: 6
I20260909 04:43:52.513198  1119 skeleton_planner.h:170] Found solution in: 3
I20260909 04:43:52.513212  1119 skeleton_planner.h:170] Found solution in: 6
I20260909 04:43:52.513236  1119 skeleton_planner.h:170] Found solution in: 7
I20260909 04:43:52.513258  1119 skeleton_planner.h:170] Found solution in: 6
I20260909 04:43:52.513290  1119 skeleton_planner.h:170] Found solution in: 9
I20260909 04:43:52.513320  1119 skeleton_planner.h:170] Found solution in: 8
I20260909 04:43:52.513378  1119 skeleton_planner.h:170] Found solution in: 15
I20260909 04:43:52.513415  1119 skeleton_planner.h:170] Found solution in: 10
I20260909 04:43:52.513454  1119 skeleton_planner.h:170] Found solution in: 10
I20260909 04:43:52.513490  1119 skeleton_planner.h:170] Found solution in: 10
I20260909 04:43:52.513502  1119 skeleton_planner.h:170] Found solution in: 3
I20260909 04:43:52.513541  1119 skeleton_planner.h:170] Found solution in: 11
I20260909 04:43:52.513590  1119 skeleton_planner.h:170] Found solution in: 11
I20260909 04:43:52.513609  1119 skeleton_planner.h:170] Found solution in: 4
I20260909 04:43:52.513635  1119 skeleton_planner.h:170] Found solution in: 8
I20260909 04:43:52.513666  1119 skeleton_planner.h:170] Found solution in: 11
I20260909 04:43:52.513710  1119 skeleton_planner.h:170] Found solution in: 17
I20260909 04:43:52.513749  1119 skeleton_planner.h:170] Found solution in: 13
I20260909 04:43:52.513765  1119 skeleton_planner.h:170] Found solution in: 4
I20260909 04:43:52.513782  1119 skeleton_planner.h:170] Found solution in: 4
I20260909 04:43:52.513803  1119 skeleton_planner.h:170] Found solution in: 6
I20260909 04:43:52.513816  1119 skeleton_planner.h:170] Found solution in: 4
I20260909 04:43:52.513839  1119 skeleton_planner.h:170] Found solution in: 7
I20260909 04:43:52.513865  1119 skeleton_planner.h:170] Found solution in: 8
I20260909 04:43:52.513880  1119 skeleton_planner.h:170] Found solution in: 4
I20260909 04:43:52.513917  1119 skeleton_planner.h:170] Found solution in: 11
I20260909 04:43:52.513950  1119 skeleton_planner.h:170] Found solution in: 8
I20260909 04:43:52.513999  1119 skeleton_planner.h:170] Found solution in: 13
I20260909 04:43:52.514019  1119 skeleton_planner.h:170] Found solution in: 5
I20260909 04:43:52.514045  1119 skeleton_planner.h:170] Found solution in: 5
I20260909 04:43:52.514068  1119 skeleton_planner.h:170] Found solution in: 7
I20260909 04:43:52.514104  1119 skeleton_planner.h:170] Found solution in: 10
I20260909 04:43:52.514130  1119 skeleton_planner.h:170] Found solution in: 5
I20260909 04:43:52.514143  1119 skeleton_planner.h:170] Found solution in: 4
I20260909 04:43:52.514158  1119 skeleton_planner.h:170] Found solution in: 5
I20260909 04:43:52.514173  1119 skeleton_planner.h:170] Found solution in: 6
I20260909 04:43:52.514178  1119 skeleton_planner.h:170] Found solution in: 1
I20260909 04:43:52.514187  1119 skeleton_planner.h:170] Found solution in: 3
I20260909 04:43:52.514206  1119 skeleton_planner.h:170] Found solution in: 6
I20260909 04:43:52.514231  1119 skeleton_planner.h:170] Found solution in: 8
I20260909 04:43:52.514251  1119 skeleton_planner.h:170] Found solution in: 5
I20260909 04:43:52.514281  1119 skeleton_planner.h:170] Found solution in: 10
I20260909 04:43:52.514319  1119 skeleton_planner.h:170] Found solution in: 10
I20260909 04:43:52.514360  1119 skeleton_planner.h:170] Found solution in: 11
I20260909 04:43:52.514400  1119 skeleton_planner.h:170] Found solution in: 11
I20260909 04:43:52.514438  1119 skeleton_planner.h:170] Found solution in: 11
I20260909 04:43:52.514451  1119 skeleton_planner.h:170] Found solution in: 3
I20260909 04:43:52.514474  1119 skeleton_planner.h:170] Found solution in: 6
I20260909 04:43:52.514513  1119 skeleton_planner.h:170] Found solution in: 13
I20260909 04:43:52.514560  1119 skeleton_planner.h:170] Found solution in: 13
I20260909 04:43:52.514582  1119 skeleton_planner.h:170] Found solution in: 4
I20260909 04:43:52.514599  1119 skeleton_planner.h:170] Found solution in: 5
I20260909 04:43:52.514621  1119 skeleton_planner.h:170] Found solution in: 8
I20260909 04:43:52.514659  1119 skeleton_planner.h:170] Found solution in: 12
I20260909 04:43:52.514703  1119 skeleton_planner.h:170] Found solution in: 13
I20260909 04:43:52.514746  1119 skeleton_planner.h:170] Found solution in: 11
I20260909 04:43:52.514760  1119 skeleton_planner.h:170] Found solution in: 3
I20260909 04:43:52.514817  1119 skeleton_planner.h:170] Found solution in: 18
I20260909 04:43:52.514832  1119 skeleton_planner.h:170] Found solution in: 3
I20260909 04:43:52.514869  1119 skeleton_planner.h:170] Found solution in: 12
I20260909 04:43:52.514881  1119 skeleton_planner.h:170] Found solution in: 3
I20260909 04:43:52.514918  1119 skeleton_planner.h:170] Found solution in: 10
I20260909 04:43:52.514950  1119 skeleton_planner.h:170] Found solution in: 7
I20260909 04:43:52.514977  1119 skeleton_planner.h:170] Found solution in: 8
I20260909 04:43:52.514993  1119 skeleton_planner.h:170] Found solution in: 5
I20260909 04:43:52.515017  1119 skeleton_planner.h:170] Found solution in: 8
I20260909 04:43:52.515035  1119 skeleton_planner.h:170] Found solution in: 5
I20260909 04:43:52.515056  1119 skeleton_planner.h:170] Found solution in: 6
I20260909 04:43:52.515082  1119 skeleton_planner.h:170] Found solution in: 7
I20260909 04:43:52.515095  1119 skeleton_planner.h:170] Found solution in: 3
I20260909 04:43:52.515129  1119 skeleton_planner.h:170] Found solution in: 13
I20260909 04:43:52.515141  1119 skeleton_planner.h:170] Found solution in: 3
I20260909 04:43:52.515192  1119 skeleton_planner.h:170] Found solution in: 15
I20260909 04:43:52.515230  1119 skeleton_planner.h:170] Found solution in: 11
I20260909 04:43:52.515254  1119 skeleton_planner.h:170] Found solution in: 7
I20260909 04:43:52.515277  1119 skeleton_planner.h:170] Found solution in: 8
I20260909 04:43:52.515307  1119 skeleton_planner.h:170] Found solution in: 10
I20260909 04:43:52.515327  1119 skeleton_planner.h:170] Found solution in: 5
I20260909 04:43:52.515360  1119 skeleton_planner.h:170] Found solution in: 12
I20260909 04:43:52.515370  1119 skeleton_planner.h:170] Found solution in: 2
I20260909 04:43:52.515389  1119 skeleton_planner.h:170] Found solution in: 5
I20260909 04:43:52.515442  1119 skeleton_planner.h:170] Found solution in: 18
I20260909 04:43:52.515502  1119 skeleton_planner.h:170] Found solution in: 16
I20260909 04:43:52.515532  1119 skeleton_planner.h:170] Found solution in: 8
I20260909 04:43:52.515578  1119 skeleton_planner.h:170] Found solution in: 14
I20260909 04:43:52.515604  1119 skeleton_planner.h:170] Found solution in: 6
I20260909 04:43:52.515615  1119 skeleton_planner.h:170] Found solution in: 3
I20260909 04:43:52.515638  1119 skeleton_planner.h:170] Found solution in: 9
I20260909 04:43:52.515658  1119 skeleton_planner.h:170] Found solution in: 5
I20260909 04:43:52.515686  1119 skeleton_planner.h:170] Found solution in: 10
I20260909 04:43:52.515710  1119 skeleton_planner.h:170] Found solution in: 7
I20260909 04:43:52.515733  1119 skeleton_planner.h:170] Found solution in: 8
I20260909 04:43:52.515761  1119 skeleton_planner.h:170] Found solution in: 9
I20260909 04:43:52.515786  1119 skeleton_planner.h:170] Found solution in: 6
I20260909 04:43:52.515822  1119 skeleton_planner.h:170] Found solution in: 10
I20260909 04:43:52.515846  1119 skeleton_planner.h:170] Found solution in: 6
I20260909 04:43:52.515869  1119 skeleton_planner.h:170] Found solution in: 8
I20260909 04:43:52.515879  1119 skeleton_planner.h:170] Found solution in: 2
I20260909 04:43:52.515897  1119 skeleton_planner.h:170] Found solution in: 6
I20260909 04:43:52.515911  1119 skeleton_planner.h:170] Found solution in: 6
I20260909 04:43:52.515933  1119 skeleton_planner.h:170] Found solution in: 7
I20260909 04:43:52.515950  1119 skeleton_planner.h:170] Found solution in: 5
I20260909 04:43:52.515964  1119 skeleton_planner.h:170] Found solution in: 5
I20260909 04:43:52.515997  1119 skeleton_planner.h:170] Found solution in: 11
I20260909 04:43:52.516021  1119 skeleton_planner.h:170] Found solution in: 7
I20260909 04:43:52.516034  1119 skeleton_planner.h:170] Found solution in: 4
I20260909 04:43:52.516048  1119 skeleton_planner.h:170] Found solution in: 4
I20260909 04:43:52.516062  1119 skeleton_planner.h:170] Found solution in: 4
I20260909 04:43:52.516075  1119 skeleton_planner.h:170] Found solution in: 4
I20260909 04:43:52.516091  1119 skeleton_planner.h:170] Found solution in: 5
I20260909 04:43:52.516105  1119 skeleton_planner.h:170] Found solution in: 4
I20260909 04:43:52.516126  1119 skeleton_planner.h:170] Found solution in: 7
I20260909 04:43:52.516151  1119 skeleton_planner.h:170] Found solution in: 8
I20260909 04:43:52.516181  1119 skeleton_planner.h:170] Found solution in: 9
I20260909 04:43:52.516203  1119 skeleton_planner.h:170] Found solution in: 5
I20260909 04:43:52.516228  1119 skeleton_planner.h:170] Found solution in: 8
I20260909 04:43:52.516247  1119 skeleton_planner.h:170] Found solution in: 5
I20260909 04:43:52.516276  1119 skeleton_planner.h:170] Found solution in: 9
I20260909 04:43:52.516289  1119 skeleton_planner.h:170] Found solution in: 3
I20260909 04:43:52.516301  1119 skeleton_planner.h:170] Found solution in: 4
I20260909 04:43:52.516330  1119 skeleton_planner.h:170] Found solution in: 9
I20260909 04:43:52.516338  1119 skeleton_planner.h:170] Found solution in: 2
I20260909 04:43:52.516366  1119 skeleton_planner.h:170] Found solution in: 8
I20260909 04:43:52.516381  1119 skeleton_planner.h:170] Found solution in: 4
I20260909 04:43:52.516407  1119 skeleton_planner.h:170] Found solution in: 9
I20260909 04:43:52.516433  1119 skeleton_planner.h:170] Found solution in: 8
I20260909 04:43:52.516474  1119 skeleton_planner.h:170] Found solution in: 12
I20260909 04:43:52.516497  1119 skeleton_planner.h:170] Found solution in: 9
I20260909 04:43:52.516530  1119 skeleton_planner.h:170] Found solution in: 14
I20260909 04:43:52.516556  1119 skeleton_planner.h:170] Found solution in: 8
I20260909 04:43:52.516602  1119 skeleton_planner.h:170] Found solution in: 18
I20260909 04:43:52.516670  1119 skeleton_planner.h:170] Found solution in: 18
I20260909 04:43:52.516700  1119 skeleton_planner.h:170] Found solution in: 6
I20260909 04:43:52.516722  1119 skeleton_planner.h:170] Found solution in: 8
I20260909 04:43:52.516738  1119 skeleton_planner.h:170] Found solution in: 5
I20260909 04:43:52.516755  1119 skeleton_planner.h:170] Found solution in: 5
I20260909 04:43:52.516768  1119 skeleton_planner.h:170] Found solution in: 4
I20260909 04:43:52.516778  1119 skeleton_planner.h:170] Found solution in: 3
I20260909 04:43:52.516783  1119 skeleton_planner.h:170] Found solution in: 1
I20260909 04:43:52.516793  1119 skeleton_planner.h:170] Found solution in: 3
I20260909 04:43:52.516804  1119 skeleton_planner.h:170] Found solution in: 4
I20260909 04:43:52.516816  1119 skeleton_planner.h:170] Found solution in: 4
I20260909 04:43:52.516829  1119 skeleton_planner.h:170] Found solution in: 5
I20260909 04:43:52.516832  1119 skeleton_planner.h:170] Found solution in: 1
I20260909 04:43:52.516835  1119 skeleton_planner.h:170] Found solution in: 1
I20260909 04:43:52.516853  1119 skeleton_planner.h:170] Found solution in: 8
I20260909 04:43:52.516901  1119 skeleton_planner.h:170] Found solution in: 23
I20260909 04:43:52.516927  1119 skeleton_planner.h:170] Found solution in: 7
I20260909 04:43:52.516947  1119 skeleton_planner.h:170] Found solution in: 6
I20260909 04:43:52.516963  1119 skeleton_planner.h:170] Found solution in: 4
I20260909 04:43:52.516983  1119 skeleton_planner.h:170] Found solution in: 7
I20260909 04:43:52.517014  1119 skeleton_planner.h:170] Found solution in: 8
I20260909 04:43:52.517026  1119 skeleton_planner.h:170] Found solution in: 3
I20260909 04:43:52.517035  1119 skeleton_planner.h:170] Found solution in: 3
I20260909 04:43:52.517055  1119 skeleton_planner.h:170] Found solution in: 5
I20260909 04:43:52.517067  1119 skeleton_planner.h:170] Found solution in: 4
I20260909 04:43:52.517078  1119 skeleton_planner.h:170] Found solution in: 3
I20260909 04:43:52.517089  1119 skeleton_planner.h:170] Found solution in: 3
I20260909 04:43:52.517102  1119 skeleton_planner.h:170] Found solution in: 3
I20260909 04:43:52.517115  1119 skeleton_planner.h:170] Found solution in: 5
I20260909 04:43:52.517129  1119 skeleton_planner.h:170] Found solution in: 6
I20260909 04:43:52.517145  1119 skeleton_planner.h:170] Found solution in: 5
I20260909 04:43:52.517160  1119 skeleton_planner.h:170] Found solution in: 6
I20260909 04:43:52.517172  1119 skeleton_planner.h:170] Found solution in: 4
I20260909 04:43:52.517195  1119 skeleton_planner.h:170] Found solution in: 9
I20260909 04:43:52.517201  1119 skeleton_planner.h:170] Found solution in: 1
I20260909 04:43:52.517215  1119 skeleton_planner.h:170] Found solution in: 4
I20260909 04:43:52.517236  1119 skeleton_planner.h:170] Found solution in: 7
I20260909 04:43:52.517248  1119 skeleton_planner.h:170] Found solution in: 3
I20260909 04:43:52.517271  1119 skeleton_planner.h:170] Found solution in: 7
I20260909 04:43:52.517294  1119 skeleton_planner.h:170] Found solution in: 6
I20260909 04:43:52.517319  1119 skeleton_planner.h:170] Found solution in: 6
I20260909 04:43:52.517349  1119 skeleton_planner.h:170] Found solution in: 9
I20260909 04:43:52.517369  1119 skeleton_planner.h:170] Found solution in: 5
I20260909 04:43:52.517387  1119 skeleton_planner.h:170] Found solution in: 5
I20260909 04:43:52.517416  1119 skeleton_planner.h:170] Found solution in: 10
I20260909 04:43:52.517458  1119 skeleton_planner.h:170] Found solution in: 11
I20260909 04:43:52.517483  1119 skeleton_planner.h:170] Found solution in: 5
I20260909 04:43:52.517506  1119 skeleton_planner.h:170] Found solution in: 7
I20260909 04:43:52.517554  1119 skeleton_planner.h:170] Found solution in: 12
I20260909 04:43:52.517609  1119 skeleton_planner.h:170] Found solution in: 14
I20260909 04:43:52.517624  1119 skeleton_planner.h:170] Found solution in: 3
I20260909 04:43:52.517638  1119 skeleton_planner.h:170] Found solution in: 4
I20260909 04:43:52.517663  1119 skeleton_planner.h:170] Found solution in: 6
I20260909 04:43:52.517675  1119 skeleton_planner.h:170] Found solution in: 3
I20260909 04:43:52.517686  1119 skeleton_planner.h:170] Found solution in: 3
I20260909 04:43:52.517714  1119 skeleton_planner.h:170] Found solution in: 9
I20260909 04:43:52.517727  1119 skeleton_planner.h:170] Found solution in: 3
I20260909 04:43:52.517743  1119 skeleton_planner.h:170] Found solution in: 4
I20260909 04:43:52.517768  1119 skeleton_planner.h:170] Found solution in: 8
I20260909 04:43:52.517786  1119 skeleton_planner.h:170] Found solution in: 4
I20260909 04:43:52.517796  1119 skeleton_planner.h:170] Found solution in: 3
I20260909 04:43:52.517800  1119 skeleton_planner.h:170] Found solution in: 1
I20260909 04:43:52.517803  1119 skeleton_planner.h:170] Found solution in: 1
I20260909 04:43:52.517828  1119 skeleton_planner.h:170] Found solution in: 9
I20260909 04:43:52.517867  1119 skeleton_planner.h:170] Found solution in: 14
I20260909 04:43:52.517889  1119 skeleton_planner.h:170] Found solution in: 8
I20260909 04:43:52.517908  1119 skeleton_planner.h:170] Found solution in: 5
I20260909 04:43:52.517930  1119 skeleton_planner.h:170] Found solution in: 9
I20260909 04:43:52.517954  1119 skeleton_planner.h:170] Found solution in: 12
I20260909 04:43:52.517962  1119 skeleton_planner.h:170] Found solution in: 2
I20260909 04:43:52.517974  1119 skeleton_planner.h:170] Found solution in: 4
I20260909 04:43:52.517997  1119 skeleton_planner.h:170] Found solution in: 8
I20260909 04:43:52.518034  1119 skeleton_planner.h:170] Found solution in: 14
I20260909 04:43:52.518059  1119 skeleton_planner.h:170] Found solution in: 7
I20260909 04:43:52.518077  1119 skeleton_planner.h:170] Found solution in: 7
I20260909 04:43:52.518101  1119 skeleton_planner.h:170] Found solution in: 8
I20260909 04:43:52.518110  1119 skeleton_planner.h:170] Found solution in: 2
I20260909 04:43:52.518128  1119 skeleton_planner.h:170] Found solution in: 6
I20260909 04:43:52.518139  1119 skeleton_planner.h:170] Found solution in: 3
I20260909 04:43:52.518150  1119 skeleton_planner.h:170] Found solution in: 3
I20260909 04:43:52.518178  1119 skeleton_planner.h:170] Found solution in: 10
I20260909 04:43:52.518200  1119 skeleton_planner.h:170] Found solution in: 6
I20260909 04:43:52.518239  1119 skeleton_planner.h:170] Found solution in: 13
I20260909 04:43:52.518256  1119 skeleton_planner.h:170] Found solution in: 6
I20260909 04:43:52.518270  1119 skeleton_planner.h:170] Found solution in: 4
I20260909 04:43:52.518291  1119 skeleton_planner.h:170] Found solution in: 5
I20260909 04:43:52.518311  1119 skeleton_planner.h:170] Found solution in: 5
I20260909 04:43:52.518329  1119 skeleton_planner.h:170] Found solution in: 6
I20260909 04:43:52.518350  1119 skeleton_planner.h:170] Found solution in: 7
I20260909 04:43:52.518376  1119 skeleton_planner.h:170] Found solution in: 9
I20260909 04:43:52.518426  1119 skeleton_planner.h:170] Found solution in: 16
I20260909 04:43:52.518493  1119 skeleton_planner.h:170] Found solution in: 20
I20260909 04:43:52.518554  1119 skeleton_planner.h:170] Found solution in: 18
I20260909 04:43:52.518570  1119 skeleton_planner.h:170] Found solution in: 3
I20260909 04:43:52.518630  1119 skeleton_planner.h:170] Found solution in: 18
I20260909 04:43:52.518648  1119 skeleton_planner.h:170] Found solution in: 4
I20260909 04:43:52.518662  1119 skeleton_planner.h:170] Found solution in: 4
I20260909 04:43:52.518684  1119 skeleton_planner.h:170] Found solution in: 5
I20260909 04:43:52.518694  1119 skeleton_planner.h:170] Found solution in: 3
I20260909 04:43:52.518702  1119 skeleton_planner.h:170] Found solution in: 2
I20260909 04:43:52.518721  1119 skeleton_planner.h:170] Found solution in: 7
I20260909 04:43:52.518728  1119 skeleton_planner.h:170] Found solution in: 1
I20260909 04:43:52.518748  1119 skeleton_planner.h:170] Found solution in: 8
I20260909 04:43:52.518761  1119 skeleton_planner.h:170] Found solution in: 4
I20260909 04:43:52.518774  1119 skeleton_planner.h:170] Found solution in: 5
I20260909 04:43:52.518785  1119 skeleton_planner.h:170] Found solution in: 4
I20260909 04:43:52.518807  1119 skeleton_planner.h:170] Found solution in: 8
I20260909 04:43:52.518821  1119 skeleton_planner.h:170] Found solution in: 4
I20260909 04:43:52.518832  1119 skeleton_planner.h:170] Found solution in: 4
I20260909 04:43:52.518837  1119 skeleton_planner.h:170] Found solution in: 1
I20260909 04:43:52.518841  1119 skeleton_planner.h:170] Found solution in: 1
I20260909 04:43:52.518855  1119 skeleton_planner.h:170] Found solution in: 8
I20260909 04:43:52.518877  1119 skeleton_planner.h:170] Found solution in: 9
I20260909 04:43:52.518882  1119 skeleton_planner.h:170] Found solution in: 1
I20260909 04:43:52.518885  1119 skeleton_planner.h:170] Found solution in: 1
I20260909 04:43:52.518903  1119 skeleton_planner.h:170] Found solution in: 6
I20260909 04:43:52.518925  1119 skeleton_planner.h:170] Found solution in: 7
I20260909 04:43:52.518951  1119 skeleton_planner.h:170] Found solution in: 9
I20260909 04:43:52.518982  1119 skeleton_planner.h:170] Found solution in: 11
I20260909 04:43:52.519027  1119 skeleton_planner.h:170] Found solution in: 14
I20260909 04:43:52.519047  1119 skeleton_planner.h:170] Found solution in: 4
I20260909 04:43:52.519063  1119 skeleton_planner.h:170] Found solution in: 5
I20260909 04:43:52.519096  1119 skeleton_planner.h:170] Found solution in: 13
I20260909 04:43:52.519116  1119 skeleton_planner.h:170] Found solution in: 5
I20260909 04:43:52.519141  1119 skeleton_planner.h:170] Found solution in: 8
I20260909 04:43:52.519179  1119 skeleton_planner.h:170] Found solution in: 10
I20260909 04:43:52.519205  1119 skeleton_planner.h:170] Found solution in: 7
I20260909 04:43:52.519217  1119 skeleton_planner.h:170] Found solution in: 3
I20260909 04:43:52.519255  1119 skeleton_planner.h:170] Found solution in: 15
I20260909 04:43:52.519299  1119 skeleton_planner.h:170] Found solution in: 14
I20260909 04:43:52.519989  1119 skeleton_planner.h:170] Found solution in: 1
I20260909 04:43:52.520038  1119 skeleton_planner.h:170] Found solution in: 5
I20260909 04:43:52.520063  1119 skeleton_planner.h:170] Found solution in: 8
I20260909 04:43:52.520097  1119 skeleton_planner.h:170] Found solution in: 9
I20260909 04:43:52.520121  1119 skeleton_planner.h:170] Found solution in: 6
I20260909 04:43:52.520145  1119 skeleton_planner.h:170] Found solution in: 8
I20260909 04:43:52.520183  1119 skeleton_planner.h:170] Found solution in: 13
I20260909 04:43:52.520206  1119 skeleton_planner.h:170] Found solution in: 5
I20260909 04:43:52.520234  1119 skeleton_planner.h:170] Found solution in: 9
I20260909 04:43:52.520270  1119 skeleton_planner.h:170] Found solution in: 10
I20260909 04:43:52.520308  1119 skeleton_planner.h:170] Found solution in: 11
I20260909 04:43:52.520342  1119 skeleton_planner.h:170] Found solution in: 10
I20260909 04:43:52.520399  1119 skeleton_planner.h:170] Found solution in: 14
I20260909 04:43:52.520427  1119 skeleton_planner.h:170] Found solution in: 5
I20260909 04:43:52.520445  1119 skeleton_planner.h:170] Found solution in: 5
I20260909 04:43:52.520463  1119 skeleton_planner.h:170] Found solution in: 5
I20260909 04:43:52.520476  1119 skeleton_planner.h:170] Found solution in: 4
I20260909 04:43:52.520498  1119 skeleton_planner.h:170] Found solution in: 7
I20260909 04:43:52.520539  1119 skeleton_planner.h:170] Found solution in: 13
I20260909 04:43:52.520562  1119 skeleton_planner.h:170] Found solution in: 4
I20260909 04:43:52.520587  1119 skeleton_planner.h:170] Found solution in: 9
I20260909 04:43:52.520635  1119 skeleton_planner.h:170] Found solution in: 15
I20260909 04:43:52.520710  1119 skeleton_planner.h:170] Found solution in: 22
I20260909 04:43:52.520740  1119 skeleton_planner.h:170] Found solution in: 5
I20260909 04:43:52.520753  1119 skeleton_planner.h:170] Found solution in: 4
I20260909 04:43:52.520778  1119 skeleton_planner.h:170] Found solution in: 10
I20260909 04:43:52.520810  1119 skeleton_planner.h:170] Found solution in: 9
I20260909 04:43:52.520852  1119 skeleton_planner.h:170] Found solution in: 14
I20260909 04:43:52.520869  1119 skeleton_planner.h:170] Found solution in: 4
I20260909 04:43:52.520882  1119 skeleton_planner.h:170] Found solution in: 5
I20260909 04:43:52.520895  1119 skeleton_planner.h:170] Found solution in: 3
I20260909 04:43:52.520920  1119 skeleton_planner.h:170] Found solution in: 8
I20260909 04:43:52.520931  1119 skeleton_planner.h:170] Found solution in: 3
I20260909 04:43:52.520955  1119 skeleton_planner.h:170] Found solution in: 9
I20260909 04:43:52.520979  1119 skeleton_planner.h:170] Found solution in: 7
I20260909 04:43:52.521013  1119 skeleton_planner.h:170] Found solution in: 12
I20260909 04:43:52.521034  1119 skeleton_planner.h:170] Found solution in: 5
I20260909 04:43:52.521054  1119 skeleton_planner.h:170] Found solution in: 6
I20260909 04:43:52.521067  1119 skeleton_planner.h:170] Found solution in: 4
I20260909 04:43:52.521090  1119 skeleton_planner.h:170] Found solution in: 9
I20260909 04:43:52.521126  1119 skeleton_planner.h:170] Found solution in: 12
I20260909 04:43:52.521138  1119 skeleton_planner.h:170] Found solution in: 3
I20260909 04:43:52.521150  1119 skeleton_planner.h:170] Found solution in: 4
I20260909 04:43:52.521162  1119 skeleton_planner.h:170] Found solution in: 4
I20260909 04:43:52.521181  1119 skeleton_planner.h:170] Found solution in: 8
I20260909 04:43:52.521209  1119 skeleton_planner.h:170] Found solution in: 9
I20260909 04:43:52.521227  1119 skeleton_planner.h:170] Found solution in: 5
I20260909 04:43:52.521240  1119 skeleton_planner.h:170] Found solution in: 4
I20260909 04:43:52.521257  1119 skeleton_planner.h:170] Found solution in: 6
I20260909 04:43:52.521268  1119 skeleton_planner.h:170] Found solution in: 3
I20260909 04:43:52.521286  1119 skeleton_planner.h:170] Found solution in: 6
I20260909 04:43:52.521296  1119 skeleton_planner.h:170] Found solution in: 3
I20260909 04:43:52.521308  1119 skeleton_planner.h:170] Found solution in: 3
I20260909 04:43:52.521328  1119 skeleton_planner.h:170] Found solution in: 6
I20260909 04:43:52.521373  1119 skeleton_planner.h:170] Found solution in: 14
I20260909 04:43:52.521400  1119 skeleton_planner.h:170] Found solution in: 6
I20260909 04:43:52.521411  1119 skeleton_planner.h:170] Found solution in: 3
I20260909 04:43:52.521432  1119 skeleton_planner.h:170] Found solution in: 7
I20260909 04:43:52.521450  1119 skeleton_planner.h:170] Found solution in: 7
I20260909 04:43:52.521478  1119 skeleton_planner.h:170] Found solution in: 13
I20260909 04:43:52.521500  1119 skeleton_planner.h:170] Found solution in: 7
I20260909 04:43:52.521512  1119 skeleton_planner.h:170] Found solution in: 3
I20260909 04:43:52.521562  1119 skeleton_planner.h:170] Found solution in: 21
I20260909 04:43:52.521591  1119 skeleton_planner.h:170] Found solution in: 8
I20260909 04:43:52.521620  1119 skeleton_planner.h:170] Found solution in: 12
I20260909 04:43:52.521648  1119 skeleton_planner.h:170] Found solution in: 13
I20260909 04:43:52.521672  1119 skeleton_planner.h:170] Found solution in: 7
I20260909 04:43:52.521692  1119 skeleton_planner.h:170] Found solution in: 6
I20260909 04:43:52.521733  1119 skeleton_planner.h:170] Found solution in: 15
I20260909 04:43:52.521746  1119 skeleton_planner.h:170] Found solution in: 3
I20260909 04:43:52.521766  1119 skeleton_planner.h:170] Found solution in: 5
I20260909 04:43:52.521778  1119 skeleton_planner.h:170] Found solution in: 3
I20260909 04:43:52.521790  1119 skeleton_planner.h:170] Found solution in: 4
I20260909 04:43:52.521824  1119 skeleton_planner.h:170] Found solution in: 14
I20260909 04:43:52.521847  1119 skeleton_planner.h:170] Found solution in: 7
I20260909 04:43:52.521865  1119 skeleton_planner.h:170] Found solution in: 8
I20260909 04:43:52.521883  1119 skeleton_planner.h:170] Found solution in: 6
I20260909 04:43:52.521900  1119 skeleton_planner.h:170] Found solution in: 6
I20260909 04:43:52.521938  1119 skeleton_planner.h:170] Found solution in: 22
I20260909 04:43:52.521957  1119 skeleton_planner.h:170] Found solution in: 7
I20260909 04:43:52.521991  1119 skeleton_planner.h:170] Found solution in: 12
I20260909 04:43:52.522032  1119 skeleton_planner.h:170] Found solution in: 12
I20260909 04:43:52.522047  1119 skeleton_planner.h:170] Found solution in: 4
I20260909 04:43:52.522068  1119 skeleton_planner.h:170] Found solution in: 5
I20260909 04:43:52.522087  1119 skeleton_planner.h:170] Found solution in: 6
I20260909 04:43:52.522099  1119 skeleton_planner.h:170] Found solution in: 3
I20260909 04:43:52.522112  1119 skeleton_planner.h:170] Found solution in: 5
I20260909 04:43:52.522125  1119 skeleton_planner.h:170] Found solution in: 4
I20260909 04:43:52.522137  1119 skeleton_planner.h:170] Found solution in: 4
I20260909 04:43:52.522176  1119 skeleton_planner.h:170] Found solution in: 15
I20260909 04:43:52.522220  1119 skeleton_planner.h:170] Found solution in: 17
I20260909 04:43:52.522235  1119 skeleton_planner.h:170] Found solution in: 4
I20260909 04:43:52.522239  1119 skeleton_planner.h:170] Found solution in: 1
I20260909 04:43:52.522267  1119 skeleton_planner.h:170] Found solution in: 9
I20260909 04:43:52.522280  1119 skeleton_planner.h:170] Found solution in: 3
I20260909 04:43:52.522315  1119 skeleton_planner.h:170] Found solution in: 10
I20260909 04:43:52.522331  1119 skeleton_planner.h:170] Found solution in: 4
I20260909 04:43:52.522387  1119 skeleton_planner.h:170] Found solution in: 17
I20260909 04:43:52.522406  1119 skeleton_planner.h:170] Found solution in: 6
I20260909 04:43:52.522419  1119 skeleton_planner.h:170] Found solution in: 4
I20260909 04:43:52.522441  1119 skeleton_planner.h:170] Found solution in: 5
I20260909 04:43:52.522452  1119 skeleton_planner.h:170] Found solution in: 3
I20260909 04:43:52.522464  1119 skeleton_planner.h:170] Found solution in: 3
I20260909 04:43:52.522476  1119 skeleton_planner.h:170] Found solution in: 4
I20260909 04:43:52.522507  1119 skeleton_planner.h:170] Found solution in: 11
I20260909 04:43:52.522521  1119 skeleton_planner.h:170] Found solution in: 4
I20260909 04:43:52.522531  1119 skeleton_planner.h:170] Found solution in: 3
I20260909 04:43:52.522543  1119 skeleton_planner.h:170] Found solution in: 4
I20260909 04:43:52.522562  1119 skeleton_planner.h:170] Found solution in: 6
I20260909 04:43:52.522583  1119 skeleton_planner.h:170] Found solution in: 7
I20260909 04:43:52.522634  1119 skeleton_planner.h:170] Found solution in: 18
I20260909 04:43:52.522648  1119 skeleton_planner.h:170] Found solution in: 3
I20260909 04:43:52.522652  1119 skeleton_planner.h:170] Found solution in: 1
I20260909 04:43:52.522703  1119 skeleton_planner.h:170] Found solution in: 17
I20260909 04:43:52.522722  1119 skeleton_planner.h:170] Found solution in: 5
I20260909 04:43:52.522751  1119 skeleton_planner.h:170] Found solution in: 12
I20260909 04:43:52.522780  1119 skeleton_planner.h:170] Found solution in: 12
I20260909 04:43:52.522809  1119 skeleton_planner.h:170] Found solution in: 12
I20260909 04:43:52.522847  1119 skeleton_planner.h:170] Found solution in: 13
I20260909 04:43:52.522861  1119 skeleton_planner.h:170] Found solution in: 4
I20260909 04:43:52.522879  1119 skeleton_planner.h:170] Found solution in: 5
I20260909 04:43:52.522897  1119 skeleton_planner.h:170] Found solution in: 8
I20260909 04:43:52.522919  1119 skeleton_planner.h:170] Found solution in: 10
I20260909 04:43:52.522931  1119 skeleton_planner.h:170] Found solution in: 3
I20260909 04:43:52.522956  1119 skeleton_planner.h:170] Found solution in: 11
I20260909 04:43:52.522979  1119 skeleton_planner.h:170] Found solution in: 10
I20260909 04:43:52.523010  1119 skeleton_planner.h:170] Found solution in: 13
I20260909 04:43:52.523051  1119 skeleton_planner.h:170] Found solution in: 16
I20260909 04:43:52.523072  1119 skeleton_planner.h:170] Found solution in: 6
I20260909 04:43:52.523088  1119 skeleton_planner.h:170] Found solution in: 5
I20260909 04:43:52.523108  1119 skeleton_planner.h:170] Found solution in: 7
I20260909 04:43:52.523124  1119 skeleton_planner.h:170] Found solution in: 7
I20260909 04:43:52.523145  1119 skeleton_planner.h:170] Found solution in: 8
I20260909 04:43:52.523170  1119 skeleton_planner.h:170] Found solution in: 9
I20260909 04:43:52.523181  1119 skeleton_planner.h:170] Found solution in: 3
I20260909 04:43:52.523250  1119 skeleton_planner.h:170] Found solution in: 20
I20260909 04:43:52.523286  1119 skeleton_planner.h:170] Found solution in: 8
I20260909 04:43:52.523300  1119 skeleton_planner.h:170] Found solution in: 4
I20260909 04:43:52.523315  1119 skeleton_planner.h:170] Found solution in: 4
I20260909 04:43:52.523334  1119 skeleton_planner.h:170] Found solution in: 5
I20260909 04:43:52.523353  1119 skeleton_planner.h:170] Found solution in: 7
I20260909 04:43:52.523365  1119 skeleton_planner.h:170] Found solution in: 3
I20260909 04:43:52.523386  1119 skeleton_planner.h:170] Found solution in: 6
I20260909 04:43:52.523398  1119 skeleton_planner.h:170] Found solution in: 4
I20260909 04:43:52.523422  1119 skeleton_planner.h:170] Found solution in: 9
I20260909 04:43:52.523463  1119 skeleton_planner.h:170] Found solution in: 15
I20260909 04:43:52.523476  1119 skeleton_planner.h:170] Found solution in: 3
I20260909 04:43:52.523522  1119 skeleton_planner.h:170] Found solution in: 16
I20260909 04:43:52.523546  1119 skeleton_planner.h:170] Found solution in: 6
I20260909 04:43:52.523557  1119 skeleton_planner.h:170] Found solution in: 3
I20260909 04:43:52.523567  1119 skeleton_planner.h:170] Found solution in: 3
I20260909 04:43:52.523588  1119 skeleton_planner.h:170] Found solution in: 7
I20260909 04:43:52.523622  1119 skeleton_planner.h:170] Found solution in: 12
I20260909 04:43:52.523646  1119 skeleton_planner.h:170] Found solution in: 6
I20260909 04:43:52.523661  1119 skeleton_planner.h:170] Found solution in: 4
I20260909 04:43:52.523698  1119 skeleton_planner.h:170] Found solution in: 15
I20260909 04:43:52.523731  1119 skeleton_planner.h:170] Found solution in: 9
I20260909 04:43:52.523947  1119 skeleton_planner.h:170] Found solution in: 61
I20260909 04:43:52.523972  1119 skeleton_planner.h:170] Found solution in: 4
I20260909 04:43:52.524008  1119 skeleton_planner.h:170] Found solution in: 7
I20260909 04:43:52.524051  1119 skeleton_planner.h:170] Found solution in: 14
I20260909 04:43:52.524082  1119 skeleton_planner.h:170] Found solution in: 10
I20260909 04:43:52.524091  1119 skeleton_planner.h:170] Found solution in: 2
I20260909 04:43:52.524153  1119 skeleton_planner.h:170] Found solution in: 30
I20260909 04:43:52.524181  1119 skeleton_planner.h:170] Found solution in: 8
I20260909 04:43:52.524205  1119 skeleton_planner.h:170] Found solution in: 8
I20260909 04:43:52.524220  1119 skeleton_planner.h:170] Found solution in: 5
I20260909 04:43:52.524227  1119 skeleton_planner.h:170] Found solution in: 2
I20260909 04:43:52.524240  1119 skeleton_planner.h:170] Found solution in: 4
I20260909 04:43:52.524257  1119 skeleton_planner.h:170] Found solution in: 5
I20260909 04:43:52.524271  1119 skeleton_planner.h:170] Found solution in: 4
I20260909 04:43:52.524282  1119 skeleton_planner.h:170] Found solution in: 3
I20260909 04:43:52.524307  1119 skeleton_planner.h:170] Found solution in: 9
I20260909 04:43:52.524331  1119 skeleton_planner.h:170] Found solution in: 7
I20260909 04:43:52.524360  1119 skeleton_planner.h:170] Found solution in: 8
I20260909 04:43:52.524374  1119 skeleton_planner.h:170] Found solution in: 4
I20260909 04:43:52.524386  1119 skeleton_planner.h:170] Found solution in: 3
I20260909 04:43:52.524396  1119 skeleton_planner.h:170] Found solution in: 3
I20260909 04:43:52.524415  1119 skeleton_planner.h:170] Found solution in: 5
I20260909 04:43:52.524434  1119 skeleton_planner.h:170] Found solution in: 6
I20260909 04:43:52.524456  1119 skeleton_planner.h:170] Found solution in: 7
I20260909 04:43:52.524467  1119 skeleton_planner.h:170] Found solution in: 3
I20260909 04:43:52.524479  1119 skeleton_planner.h:170] Found solution in: 4
I20260909 04:43:52.524484  1119 skeleton_planner.h:170] Found solution in: 1
I20260909 04:43:52.524508  1119 skeleton_planner.h:170] Found solution in: 10
I20260909 04:43:52.524537  1119 skeleton_planner.h:170] Found solution in: 15
I20260909 04:43:52.524551  1119 skeleton_planner.h:170] Found solution in: 5
I20260909 04:43:52.524578  1119 skeleton_planner.h:170] Found solution in: 15
I20260909 04:43:52.524593  1119 skeleton_planner.h:170] Found solution in: 6
I20260909 04:43:52.524607  1119 skeleton_planner.h:170] Found solution in: 5
I20260909 04:43:52.524616  1119 skeleton_planner.h:170] Found solution in: 3
I20260909 04:43:52.524626  1119 skeleton_planner.h:170] Found solution in: 3
I20260909 04:43:52.524631  1119 skeleton_planner.h:170] Found solution in: 1
I20260909 04:43:52.524645  1119 skeleton_planner.h:170] Found solution in: 5
I20260909 04:43:52.524657  1119 skeleton_planner.h:170] Found solution in: 3
I20260909 04:43:52.524668  1119 skeleton_planner.h:170] Found solution in: 4
I20260909 04:43:52.524688  1119 skeleton_planner.h:170] Found solution in: 6
I20260909 04:43:52.524710  1119 skeleton_planner.h:170] Found solution in: 6
I20260909 04:43:52.524722  1119 skeleton_planner.h:170] Found solution in: 3
I20260909 04:43:52.524740  1119 skeleton_planner.h:170] Found solution in: 6
I20260909 04:43:52.524761  1119 skeleton_planner.h:170] Found solution in: 6
I20260909 04:43:52.524772  1119 skeleton_planner.h:170] Found solution in: 3
I20260909 04:43:52.524788  1119 skeleton_planner.h:170] Found solution in: 5
I20260909 04:43:52.524811  1119 skeleton_planner.h:170] Found solution in: 9
I20260909 04:43:52.524837  1119 skeleton_planner.h:170] Found solution in: 10
I20260909 04:43:52.524893  1119 skeleton_planner.h:170] Found solution in: 19
I20260909 04:43:52.524945  1119 skeleton_planner.h:170] Found solution in: 15
I20260909 04:43:52.524961  1119 skeleton_planner.h:170] Found solution in: 6
I20260909 04:43:52.524977  1119 skeleton_planner.h:170] Found solution in: 7
I20260909 04:43:52.524999  1119 skeleton_planner.h:170] Found solution in: 8
I20260909 04:43:52.525043  1119 skeleton_planner.h:170] Found solution in: 17
I20260909 04:43:52.525058  1119 skeleton_planner.h:170] Found solution in: 4
I20260909 04:43:52.525122  1119 skeleton_planner.h:170] Found solution in: 28
I20260909 04:43:52.525138  1119 skeleton_planner.h:170] Found solution in: 4
I20260909 04:43:52.525149  1119 skeleton_planner.h:170] Found solution in: 4
I20260909 04:43:52.525170  1119 skeleton_planner.h:170] Found solution in: 5
I20260909 04:43:52.525175  1119 skeleton_planner.h:170] Found solution in: 1
I20260909 04:43:52.525195  1119 skeleton_planner.h:170] Found solution in: 7
I20260909 04:43:52.525208  1119 skeleton_planner.h:170] Found solution in: 4
I20260909 04:43:52.525224  1119 skeleton_planner.h:170] Found solution in: 4
I20260909 04:43:52.525243  1119 skeleton_planner.h:170] Found solution in: 6
I20260909 04:43:52.525254  1119 skeleton_planner.h:170] Found solution in: 3
I20260909 04:43:52.525259  1119 skeleton_planner.h:170] Found solution in: 1
I20260909 04:43:52.525273  1119 skeleton_planner.h:170] Found solution in: 7
I20260909 04:43:52.525285  1119 skeleton_planner.h:170] Found solution in: 3
I20260909 04:43:52.525307  1119 skeleton_planner.h:170] Found solution in: 7
I20260909 04:43:52.525319  1119 skeleton_planner.h:170] Found solution in: 4
I20260909 04:43:52.525331  1119 skeleton_planner.h:170] Found solution in: 4
I20260909 04:43:52.525347  1119 skeleton_planner.h:170] Found solution in: 6
I20260909 04:43:52.525364  1119 skeleton_planner.h:170] Found solution in: 6
I20260909 04:43:52.525389  1119 skeleton_planner.h:170] Found solution in: 10
I20260909 04:43:52.525413  1119 skeleton_planner.h:170] Found solution in: 9
I20260909 04:43:52.525419  1119 skeleton_planner.h:170] Found solution in: 1
I20260909 04:43:52.525425  1119 skeleton_planner.h:170] Found solution in: 2
I20260909 04:43:52.525432  1119 skeleton_planner.h:170] Found solution in: 2
I20260909 04:43:52.525452  1119 skeleton_planner.h:170] Found solution in: 6
I20260909 04:43:52.525467  1119 skeleton_planner.h:170] Found solution in: 5
I20260909 04:43:52.525475  1119 skeleton_planner.h:170] Found solution in: 2
I20260909 04:43:52.525485  1119 skeleton_planner.h:170] Found solution in: 3
I20260909 04:43:52.525501  1119 skeleton_planner.h:170] Found solution in: 4
I20260909 04:43:52.525519  1119 skeleton_planner.h:170] Found solution in: 6
I20260909 04:43:52.525552  1119 skeleton_planner.h:170] Found solution in: 9
I20260909 04:43:52.525578  1119 skeleton_planner.h:170] Found solution in: 7
I20260909 04:43:52.525604  1119 skeleton_planner.h:170] Found solution in: 8
I20260909 04:43:52.525615  1119 skeleton_planner.h:170] Found solution in: 3
I20260909 04:43:52.525714  1119 skeleton_planner.h:170] Found solution in: 29
I20260909 04:43:52.525759  1119 skeleton_planner.h:170] Found solution in: 11
I20260909 04:43:52.525787  1119 skeleton_planner.h:170] Found solution in: 9
I20260909 04:43:52.525810  1119 skeleton_planner.h:170] Found solution in: 9
I20260909 04:43:52.525833  1119 skeleton_planner.h:170] Found solution in: 7
I20260909 04:43:52.525933  1119 skeleton_planner.h:170] Found solution in: 32
I20260909 04:43:52.525964  1119 skeleton_planner.h:170] Found solution in: 4
I20260909 04:43:52.525974  1119 skeleton_planner.h:170] Found solution in: 3
I20260909 04:43:52.525988  1119 skeleton_planner.h:170] Found solution in: 5
I20260909 04:43:52.526012  1119 skeleton_planner.h:170] Found solution in: 8
I20260909 04:43:52.526018  1119 skeleton_planner.h:170] Found solution in: 1
I20260909 04:43:52.526041  1119 skeleton_planner.h:170] Found solution in: 9
I20260909 04:43:52.526080  1119 skeleton_planner.h:170] Found solution in: 12
I20260909 04:43:52.526104  1119 skeleton_planner.h:170] Found solution in: 6
I20260909 04:43:52.526124  1119 skeleton_planner.h:170] Found solution in: 9
I20260909 04:43:52.526136  1119 skeleton_planner.h:170] Found solution in: 4
I20260909 04:43:52.526149  1119 skeleton_planner.h:170] Found solution in: 5
I20260909 04:43:52.526162  1119 skeleton_planner.h:170] Found solution in: 6
I20260909 04:43:52.526188  1119 skeleton_planner.h:170] Found solution in: 14
I20260909 04:43:52.526217  1119 skeleton_planner.h:170] Found solution in: 14
I20260909 04:43:52.526292  1119 skeleton_planner.h:170] Found solution in: 32
I20260909 04:43:52.526310  1119 skeleton_planner.h:170] Found solution in: 3
I20260909 04:43:52.526324  1119 skeleton_planner.h:170] Found solution in: 4
I20260909 04:43:52.526350  1119 skeleton_planner.h:170] Found solution in: 6
I20260909 04:43:52.526374  1119 skeleton_planner.h:170] Found solution in: 8
I20260909 04:43:52.526379  1119 skeleton_planner.h:170] Found solution in: 1
I20260909 04:43:52.526383  1119 skeleton_planner.h:170] Found solution in: 1
I20260909 04:43:52.526410  1119 skeleton_planner.h:170] Found solution in: 14
I20260909 04:43:52.526445  1119 skeleton_planner.h:170] Found solution in: 11
I20260909 04:43:52.526475  1119 skeleton_planner.h:170] Found solution in: 9
I20260909 04:43:52.526494  1119 skeleton_planner.h:170] Found solution in: 4
I20260909 04:43:52.526504  1119 skeleton_planner.h:170] Found solution in: 3
I20260909 04:43:52.526515  1119 skeleton_planner.h:170] Found solution in: 3
I20260909 04:43:52.526531  1119 skeleton_planner.h:170] Found solution in: 5
I20260909 04:43:52.526553  1119 skeleton_planner.h:170] Found solution in: 7
I20260909 04:43:52.526577  1119 skeleton_planner.h:170] Found solution in: 9
I20260909 04:43:52.526597  1119 skeleton_planner.h:170] Found solution in: 6
I20260909 04:43:52.526616  1119 skeleton_planner.h:170] Found solution in: 6
I20260909 04:43:52.526644  1119 skeleton_planner.h:170] Found solution in: 11
I20260909 04:43:52.526693  1119 skeleton_planner.h:170] Found solution in: 16
I20260909 04:43:52.526746  1119 skeleton_planner.h:170] Found solution in: 17
I20260909 04:43:52.526780  1119 skeleton_planner.h:170] Found solution in: 12
I20260909 04:43:52.526810  1119 skeleton_planner.h:170] Found solution in: 14
I20260909 04:43:52.526830  1119 skeleton_planner.h:170] Found solution in: 8
I20260909 04:43:52.526856  1119 skeleton_planner.h:170] Found solution in: 12
I20260909 04:43:52.526898  1119 skeleton_planner.h:170] Found solution in: 15
I20260909 04:43:52.526968  1119 skeleton_planner.h:170] Found solution in: 23
I20260909 04:43:52.527019  1119 skeleton_planner.h:170] Found solution in: 14
I20260909 04:43:52.527029  1119 skeleton_planner.h:170] Found solution in: 2
I20260909 04:43:52.527041  1119 skeleton_planner.h:170] Found solution in: 4
I20260909 04:43:52.527055  1119 skeleton_planner.h:170] Found solution in: 4
I20260909 04:43:52.527097  1119 skeleton_planner.h:170] Found solution in: 15
I20260909 04:43:52.527120  1119 skeleton_planner.h:170] Found solution in: 5
I20260909 04:43:52.527138  1119 skeleton_planner.h:170] Found solution in: 5
I20260909 04:43:52.527149  1119 skeleton_planner.h:170] Found solution in: 3
I20260909 04:43:52.527159  1119 skeleton_planner.h:170] Found solution in: 3
I20260909 04:43:52.527179  1119 skeleton_planner.h:170] Found solution in: 6
I20260909 04:43:52.527191  1119 skeleton_planner.h:170] Found solution in: 3
I20260909 04:43:52.527201  1119 skeleton_planner.h:170] Found solution in: 3
I20260909 04:43:52.527215  1119 skeleton_planner.h:170] Found solution in: 4
I20260909 04:43:52.527230  1119 skeleton_planner.h:170] Found solution in: 4
I20260909 04:43:52.527242  1119 skeleton_planner.h:170] Found solution in: 4
I20260909 04:43:52.527252  1119 skeleton_planner.h:170] Found solution in: 3
I20260909 04:43:52.527262  1119 skeleton_planner.h:170] Found solution in: 3
I20260909 04:43:52.527287  1119 skeleton_planner.h:170] Found solution in: 9
I20260909 04:43:52.527293  1119 skeleton_planner.h:170] Found solution in: 1
I20260909 04:43:52.527303  1119 skeleton_planner.h:170] Found solution in: 3
I20260909 04:43:52.527360  1119 skeleton_planner.h:170] Found solution in: 25
I20260909 04:43:52.527384  1119 skeleton_planner.h:170] Found solution in: 6
I20260909 04:43:52.527398  1119 skeleton_planner.h:170] Found solution in: 5
I20260909 04:43:52.527417  1119 skeleton_planner.h:170] Found solution in: 7
I20260909 04:43:52.527422  1119 skeleton_planner.h:170] Found solution in: 1
I20260909 04:43:52.527436  1119 skeleton_planner.h:170] Found solution in: 5
I20260909 04:43:52.527449  1119 skeleton_planner.h:170] Found solution in: 5
I20260909 04:43:52.527464  1119 skeleton_planner.h:170] Found solution in: 6
I20260909 04:43:52.527539  1119 skeleton_planner.h:170] Found solution in: 27
I20260909 04:43:52.527555  1119 skeleton_planner.h:170] Found solution in: 4
I20260909 04:43:52.527585  1119 skeleton_planner.h:170] Found solution in: 8
I20260909 04:43:52.527611  1119 skeleton_planner.h:170] Found solution in: 9
I20260909 04:43:52.527633  1119 skeleton_planner.h:170] Found solution in: 7
I20260909 04:43:52.527639  1119 skeleton_planner.h:170] Found solution in: 1
I20260909 04:43:52.527684  1119 skeleton_planner.h:170] Found solution in: 16
I20260909 04:43:52.527698  1119 skeleton_planner.h:170] Found solution in: 3
I20260909 04:43:52.527720  1119 skeleton_planner.h:170] Found solution in: 9
I20260909 04:43:52.527732  1119 skeleton_planner.h:170] Found solution in: 4
I20260909 04:43:52.527745  1119 skeleton_planner.h:170] Found solution in: 4
I20260909 04:43:52.527765  1119 skeleton_planner.h:170] Found solution in: 9
I20260909 04:43:52.527805  1119 skeleton_planner.h:170] Found solution in: 15
I20260909 04:43:52.527861  1119 skeleton_planner.h:170] Found solution in: 23
I20260909 04:43:52.527875  1119 skeleton_planner.h:170] Found solution in: 4
I20260909 04:43:52.527899  1119 skeleton_planner.h:170] Found solution in: 10
I20260909 04:43:52.527920  1119 skeleton_planner.h:170] Found solution in: 8
I20260909 04:43:52.527962  1119 skeleton_planner.h:170] Found solution in: 17
I20260909 04:43:52.527997  1119 skeleton_planner.h:170] Found solution in: 14
I20260909 04:43:52.528010  1119 skeleton_planner.h:170] Found solution in: 4
I20260909 04:43:52.528023  1119 skeleton_planner.h:170] Found solution in: 4
I20260909 04:43:52.528040  1119 skeleton_planner.h:170] Found solution in: 5
I20260909 04:43:52.528083  1119 skeleton_planner.h:170] Found solution in: 13
I20260909 04:43:52.528100  1119 skeleton_planner.h:170] Found solution in: 4
I20260909 04:43:52.528121  1119 skeleton_planner.h:170] Found solution in: 5
I20260909 04:43:52.528137  1119 skeleton_planner.h:170] Found solution in: 5
I20260909 04:43:52.528142  1119 skeleton_planner.h:170] Found solution in: 1
I20260909 04:43:52.528177  1119 skeleton_planner.h:170] Found solution in: 10
I20260909 04:43:52.528208  1119 skeleton_planner.h:170] Found solution in: 10
I20260909 04:43:52.528241  1119 skeleton_planner.h:170] Found solution in: 16
I20260909 04:43:52.528280  1119 skeleton_planner.h:170] Found solution in: 19
I20260909 04:43:52.528306  1119 skeleton_planner.h:170] Found solution in: 8
I20260909 04:43:52.528321  1119 skeleton_planner.h:170] Found solution in: 5
I20260909 04:43:52.528326  1119 skeleton_planner.h:170] Found solution in: 1
I20260909 04:43:52.528327  1119 skeleton_planner.h:170] Found solution in: 1
I20260909 04:43:52.528342  1119 skeleton_planner.h:170] Found solution in: 4
I20260909 04:43:52.528357  1119 skeleton_planner.h:170] Found solution in: 5
I20260909 04:43:52.528367  1119 skeleton_planner.h:170] Found solution in: 3
I20260909 04:43:52.528375  1119 skeleton_planner.h:170] Found solution in: 2
I20260909 04:43:52.528393  1119 skeleton_planner.h:170] Found solution in: 5
I20260909 04:43:52.528409  1119 skeleton_planner.h:170] Found solution in: 5
I20260909 04:43:52.528431  1119 skeleton_planner.h:170] Found solution in: 8
I20260909 04:43:52.528437  1119 skeleton_planner.h:170] Found solution in: 1
I20260909 04:43:52.528440  1119 skeleton_planner.h:170] Found solution in: 1
I20260909 04:43:52.528460  1119 skeleton_planner.h:170] Found solution in: 8
I20260909 04:43:52.528501  1119 skeleton_planner.h:170] Found solution in: 15
I20260909 04:43:52.528527  1119 skeleton_planner.h:170] Found solution in: 6
I20260909 04:43:52.528538  1119 skeleton_planner.h:170] Found solution in: 3
I20260909 04:43:52.528581  1119 skeleton_planner.h:170] Found solution in: 15
I20260909 04:43:52.528597  1119 skeleton_planner.h:170] Found solution in: 4
I20260909 04:43:52.528623  1119 skeleton_planner.h:170] Found solution in: 7
I20260909 04:43:52.528636  1119 skeleton_planner.h:170] Found solution in: 4
I20260909 04:43:52.528641  1119 skeleton_planner.h:170] Found solution in: 1
I20260909 04:43:52.528643  1119 skeleton_planner.h:170] Found solution in: 1
I20260909 04:43:52.528697  1119 skeleton_planner.h:170] Found solution in: 28
I20260909 04:43:52.528715  1119 skeleton_planner.h:170] Found solution in: 6
I20260909 04:43:52.528743  1119 skeleton_planner.h:170] Found solution in: 9
I20260909 04:43:52.528753  1119 skeleton_planner.h:170] Found solution in: 4
I20260909 04:43:52.528815  1119 skeleton_planner.h:170] Found solution in: 29
I20260909 04:43:52.528841  1119 skeleton_planner.h:170] Found solution in: 6
I20260909 04:43:52.528859  1119 skeleton_planner.h:170] Found solution in: 6
I20260909 04:43:52.528879  1119 skeleton_planner.h:170] Found solution in: 6
I20260909 04:43:52.528884  1119 skeleton_planner.h:170] Found solution in: 1
I20260909 04:43:52.528911  1119 skeleton_planner.h:170] Found solution in: 11
I20260909 04:43:52.528936  1119 skeleton_planner.h:170] Found solution in: 11
I20260909 04:43:52.528970  1119 skeleton_planner.h:170] Found solution in: 16
I20260909 04:43:52.529012  1119 skeleton_planner.h:170] Found solution in: 17
I20260909 04:43:52.529309  1119 skeleton_planner.h:170] Found solution in: 7
I20260909 04:43:52.529322  1119 skeleton_planner.h:170] Found solution in: 3
I20260909 04:43:52.529340  1119 skeleton_planner.h:170] Found solution in: 5
I20260909 04:43:52.529358  1119 skeleton_planner.h:170] Found solution in: 7
I20260909 04:43:52.529376  1119 skeleton_planner.h:170] Found solution in: 5
I20260909 04:43:52.529392  1119 skeleton_planner.h:170] Found solution in: 5
I20260909 04:43:52.529414  1119 skeleton_planner.h:170] Found solution in: 7
I20260909 04:43:52.529425  1119 skeleton_planner.h:170] Found solution in: 3
I20260909 04:43:52.529430  1119 skeleton_planner.h:170] Found solution in: 1
I20260909 04:43:52.529448  1119 skeleton_planner.h:170] Found solution in: 6
I20260909 04:43:52.529461  1119 skeleton_planner.h:170] Found solution in: 5
I20260909 04:43:52.529474  1119 skeleton_planner.h:170] Found solution in: 4
I20260909 04:43:52.529484  1119 skeleton_planner.h:170] Found solution in: 3
I20260909 04:43:52.529501  1119 skeleton_planner.h:170] Found solution in: 5
I20260909 04:43:52.529533  1119 skeleton_planner.h:170] Found solution in: 12
I20260909 04:43:52.529573  1119 skeleton_planner.h:170] Found solution in: 12
I20260909 04:43:52.529592  1119 skeleton_planner.h:170] Found solution in: 4
I20260909 04:43:52.529609  1119 skeleton_planner.h:170] Found solution in: 5
I20260909 04:43:52.529632  1119 skeleton_planner.h:170] Found solution in: 8
I20260909 04:43:52.529654  1119 skeleton_planner.h:170] Found solution in: 6
I20260909 04:43:52.529701  1119 skeleton_planner.h:170] Found solution in: 15
I20260909 04:43:52.529816  1119 skeleton_planner.h:170] Found solution in: 31
I20260909 04:43:52.529830  1119 skeleton_planner.h:170] Found solution in: 2
I20260909 04:43:52.529856  1119 skeleton_planner.h:170] Found solution in: 5
I20260909 04:43:52.529871  1119 skeleton_planner.h:170] Found solution in: 4
I20260909 04:43:52.529891  1119 skeleton_planner.h:170] Found solution in: 7
I20260909 04:43:52.529906  1119 skeleton_planner.h:170] Found solution in: 6
I20260909 04:43:52.529929  1119 skeleton_planner.h:170] Found solution in: 9
I20260909 04:43:52.529938  1119 skeleton_planner.h:170] Found solution in: 2
I20260909 04:43:52.529946  1119 skeleton_planner.h:170] Found solution in: 3
I20260909 04:43:52.529956  1119 skeleton_planner.h:170] Found solution in: 3
I20260909 04:43:52.529961  1119 skeleton_planner.h:170] Found solution in: 1
I20260909 04:43:52.529978  1119 skeleton_planner.h:170] Found solution in: 5
I20260909 04:43:52.530000  1119 skeleton_planner.h:170] Found solution in: 8
I20260909 04:43:52.530059  1119 skeleton_planner.h:170] Found solution in: 15
I20260909 04:43:52.530089  1119 skeleton_planner.h:170] Found solution in: 5
I20260909 04:43:52.530113  1119 skeleton_planner.h:170] Found solution in: 9
I20260909 04:43:52.530157  1119 skeleton_planner.h:170] Found solution in: 13
I20260909 04:43:52.530174  1119 skeleton_planner.h:170] Found solution in: 5
I20260909 04:43:52.530196  1119 skeleton_planner.h:170] Found solution in: 5
I20260909 04:43:52.530207  1119 skeleton_planner.h:170] Found solution in: 3
I20260909 04:43:52.530223  1119 skeleton_planner.h:170] Found solution in: 5
I20260909 04:43:52.530246  1119 skeleton_planner.h:170] Found solution in: 7
I20260909 04:43:52.530257  1119 skeleton_planner.h:170] Found solution in: 3
I20260909 04:43:52.530273  1119 skeleton_planner.h:170] Found solution in: 5
I20260909 04:43:52.530289  1119 skeleton_planner.h:170] Found solution in: 5
I20260909 04:43:52.530320  1119 skeleton_planner.h:170] Found solution in: 11
I20260909 04:43:52.530326  1119 skeleton_planner.h:170] Found solution in: 1
I20260909 04:43:52.530344  1119 skeleton_planner.h:170] Found solution in: 5
I20260909 04:43:52.530360  1119 skeleton_planner.h:170] Found solution in: 5
I20260909 04:43:52.530365  1119 skeleton_planner.h:170] Found solution in: 1
I20260909 04:43:52.530380  1119 skeleton_planner.h:170] Found solution in: 5
I20260909 04:43:52.530407  1119 skeleton_planner.h:170] Found solution in: 11
I20260909 04:43:52.530431  1119 skeleton_planner.h:170] Found solution in: 7
I20260909 04:43:52.530448  1119 skeleton_planner.h:170] Found solution in: 6
I20260909 04:43:52.530470  1119 skeleton_planner.h:170] Found solution in: 8
I20260909 04:43:52.530514  1119 skeleton_planner.h:170] Found solution in: 18
I20260909 04:43:52.530536  1119 skeleton_planner.h:170] Found solution in: 6
I20260909 04:43:52.530570  1119 skeleton_planner.h:170] Found solution in: 13
I20260909 04:43:52.530606  1119 skeleton_planner.h:170] Found solution in: 14
I20260909 04:43:52.530627  1119 skeleton_planner.h:170] Found solution in: 7
I20260909 04:43:52.530691  1119 skeleton_planner.h:170] Found solution in: 25
I20260909 04:43:52.530715  1119 skeleton_planner.h:170] Found solution in: 5
I20260909 04:43:52.530750  1119 skeleton_planner.h:170] Found solution in: 10
I20260909 04:43:52.530778  1119 skeleton_planner.h:170] Found solution in: 8
I20260909 04:43:52.530805  1119 skeleton_planner.h:170] Found solution in: 8
I20260909 04:43:52.530830  1119 skeleton_planner.h:170] Found solution in: 8
I20260909 04:43:52.530856  1119 skeleton_planner.h:170] Found solution in: 10
I20260909 04:43:52.530879  1119 skeleton_planner.h:170] Found solution in: 8
I20260909 04:43:52.530908  1119 skeleton_planner.h:170] Found solution in: 12
I20260909 04:43:52.530958  1119 skeleton_planner.h:170] Found solution in: 16
I20260909 04:43:52.530984  1119 skeleton_planner.h:170] Found solution in: 7
I20260909 04:43:52.530994  1119 skeleton_planner.h:170] Found solution in: 3
I20260909 04:43:52.531006  1119 skeleton_planner.h:170] Found solution in: 5
I20260909 04:43:52.531025  1119 skeleton_planner.h:170] Found solution in: 6
I20260909 04:43:52.531051  1119 skeleton_planner.h:170] Found solution in: 12
I20260909 04:43:52.531075  1119 skeleton_planner.h:170] Found solution in: 10
I20260909 04:43:52.531087  1119 skeleton_planner.h:170] Found solution in: 4
I20260909 04:43:52.531102  1119 skeleton_planner.h:170] Found solution in: 5
I20260909 04:43:52.531113  1119 skeleton_planner.h:170] Found solution in: 3
I20260909 04:43:52.531133  1119 skeleton_planner.h:170] Found solution in: 8
I20260909 04:43:52.531144  1119 skeleton_planner.h:170] Found solution in: 3
I20260909 04:43:52.531167  1119 skeleton_planner.h:170] Found solution in: 9
I20260909 04:43:52.531190  1119 skeleton_planner.h:170] Found solution in: 8
I20260909 04:43:52.531203  1119 skeleton_planner.h:170] Found solution in: 3
I20260909 04:43:52.531229  1119 skeleton_planner.h:170] Found solution in: 9
I20260909 04:43:52.531250  1119 skeleton_planner.h:170] Found solution in: 6
I20260909 04:43:52.531265  1119 skeleton_planner.h:170] Found solution in: 4
I20260909 04:43:52.531275  1119 skeleton_planner.h:170] Found solution in: 3
I20260909 04:43:52.531283  1119 skeleton_planner.h:170] Found solution in: 3
I20260909 04:43:52.531301  1119 skeleton_planner.h:170] Found solution in: 5
I20260909 04:43:52.531315  1119 skeleton_planner.h:170] Found solution in: 4
I20260909 04:43:52.531337  1119 skeleton_planner.h:170] Found solution in: 8
I20260909 04:43:52.531363  1119 skeleton_planner.h:170] Found solution in: 10
I20260909 04:43:52.531399  1119 skeleton_planner.h:170] Found solution in: 12
I20260909 04:43:52.531411  1119 skeleton_planner.h:170] Found solution in: 4
I20260909 04:43:52.531426  1119 skeleton_planner.h:170] Found solution in: 5
I20260909 04:43:52.531436  1119 skeleton_planner.h:170] Found solution in: 3
I20260909 04:43:52.531458  1119 skeleton_planner.h:170] Found solution in: 7
I20260909 04:43:52.531481  1119 skeleton_planner.h:170] Found solution in: 7
I20260909 04:43:52.531507  1119 skeleton_planner.h:170] Found solution in: 8
I20260909 04:43:52.531512  1119 skeleton_planner.h:170] Found solution in: 1
I20260909 04:43:52.531530  1119 skeleton_planner.h:170] Found solution in: 5
I20260909 04:43:52.531569  1119 skeleton_planner.h:170] Found solution in: 11
I20260909 04:43:52.531579  1119 skeleton_planner.h:170] Found solution in: 1
I20260909 04:43:52.531653  1119 skeleton_planner.h:170] Found solution in: 20
I20260909 04:43:52.531734  1119 skeleton_planner.h:170] Found solution in: 19
I20260909 04:43:52.531745  1119 skeleton_planner.h:170] Found solution in: 1
I20260909 04:43:52.531749  1119 skeleton_planner.h:170] Found solution in: 1
I20260909 04:43:52.531759  1119 skeleton_planner.h:170] Found solution in: 3
I20260909 04:43:52.531845  1119 skeleton_planner.h:170] Found solution in: 23
I20260909 04:43:52.531862  1119 skeleton_planner.h:170] Found solution in: 3
I20260909 04:43:52.531888  1119 skeleton_planner.h:170] Found solution in: 6
I20260909 04:43:52.531909  1119 skeleton_planner.h:170] Found solution in: 7
I20260909 04:43:52.531944  1119 skeleton_planner.h:170] Found solution in: 10
I20260909 04:43:52.531966  1119 skeleton_planner.h:170] Found solution in: 5
I20260909 04:43:52.531993  1119 skeleton_planner.h:170] Found solution in: 11
I20260909 04:43:52.532011  1119 skeleton_planner.h:170] Found solution in: 5
I20260909 04:43:52.532049  1119 skeleton_planner.h:170] Found solution in: 14
I20260909 04:43:52.532074  1119 skeleton_planner.h:170] Found solution in: 6
I20260909 04:43:52.532095  1119 skeleton_planner.h:170] Found solution in: 6
I20260909 04:43:52.532115  1119 skeleton_planner.h:170] Found solution in: 5
I20260909 04:43:52.532143  1119 skeleton_planner.h:170] Found solution in: 12
I20260909 04:43:52.532177  1119 skeleton_planner.h:170] Found solution in: 13
I20260909 04:43:52.532189  1119 skeleton_planner.h:170] Found solution in: 4
I20260909 04:43:52.532200  1119 skeleton_planner.h:170] Found solution in: 5
I20260909 04:43:52.532213  1119 skeleton_planner.h:170] Found solution in: 6
I20260909 04:43:52.532274  1119 skeleton_planner.h:170] Found solution in: 28
I20260909 04:43:52.532294  1119 skeleton_planner.h:170] Found solution in: 7
I20260909 04:43:52.532310  1119 skeleton_planner.h:170] Found solution in: 6
I20260909 04:43:52.532337  1119 skeleton_planner.h:170] Found solution in: 11
I20260909 04:43:52.532356  1119 skeleton_planner.h:170] Found solution in: 5
I20260909 04:43:52.532461  1119 skeleton_planner.h:170] Found solution in: 31
I20260909 04:43:52.532496  1119 skeleton_planner.h:170] Found solution in: 5
I20260909 04:43:52.532501  1119 skeleton_planner.h:170] Found solution in: 1
I20260909 04:43:52.532708  1119 skeleton_planner.h:170] Found solution in: 62
I20260909 04:43:52.532754  1119 skeleton_planner.h:170] Found solution in: 5
I20260909 04:43:52.532773  1119 skeleton_planner.h:170] Found solution in: 6
I20260909 04:43:52.532794  1119 skeleton_planner.h:170] Found solution in: 6
I20260909 04:43:52.532811  1119 skeleton_planner.h:170] Found solution in: 4
I20260909 04:43:52.532909  1119 skeleton_planner.h:170] Found solution in: 27
I20260909 04:43:52.532922  1119 skeleton_planner.h:170] Found solution in: 1
I20260909 04:43:52.532950  1119 skeleton_planner.h:170] Found solution in: 6
I20260909 04:43:52.532971  1119 skeleton_planner.h:170] Found solution in: 7
I20260909 04:43:52.532992  1119 skeleton_planner.h:170] Found solution in: 6
I20260909 04:43:52.533026  1119 skeleton_planner.h:170] Found solution in: 10
I20260909 04:43:52.533049  1119 skeleton_planner.h:170] Found solution in: 4
I20260909 04:43:52.533072  1119 skeleton_planner.h:170] Found solution in: 8
I20260909 04:43:52.533084  1119 skeleton_planner.h:170] Found solution in: 3
I20260909 04:43:52.533104  1119 skeleton_planner.h:170] Found solution in: 6
I20260909 04:43:52.533120  1119 skeleton_planner.h:170] Found solution in: 4
I20260909 04:43:52.533143  1119 skeleton_planner.h:170] Found solution in: 8
I20260909 04:43:52.533160  1119 skeleton_planner.h:170] Found solution in: 5
I20260909 04:43:52.533195  1119 skeleton_planner.h:170] Found solution in: 10
I20260909 04:43:52.533209  1119 skeleton_planner.h:170] Found solution in: 3
I20260909 04:43:52.533214  1119 skeleton_planner.h:170] Found solution in: 1
I20260909 04:43:52.533216  1119 skeleton_planner.h:170] Found solution in: 1
I20260909 04:43:52.533224  1119 skeleton_planner.h:170] Found solution in: 3
I20260909 04:43:52.533239  1119 skeleton_planner.h:170] Found solution in: 5
I20260909 04:43:52.533269  1119 skeleton_planner.h:170] Found solution in: 10
I20260909 04:43:52.533280  1119 skeleton_planner.h:170] Found solution in: 3
I20260909 04:43:52.533298  1119 skeleton_planner.h:170] Found solution in: 5
I20260909 04:43:52.533310  1119 skeleton_planner.h:170] Found solution in: 3
I20260909 04:43:52.533314  1119 skeleton_planner.h:170] Found solution in: 1
I20260909 04:43:52.533383  1119 skeleton_planner.h:170] Found solution in: 23
I20260909 04:43:52.533399  1119 skeleton_planner.h:170] Found solution in: 3
I20260909 04:43:52.533421  1119 skeleton_planner.h:170] Found solution in: 4
I20260909 04:43:52.533434  1119 skeleton_planner.h:170] Found solution in: 4
I20260909 04:43:52.533520  1119 skeleton_planner.h:170] Found solution in: 38
I20260909 04:43:52.533535  1119 skeleton_planner.h:170] Found solution in: 3
I20260909 04:43:52.533561  1119 skeleton_planner.h:170] Found solution in: 7
I20260909 04:43:52.533574  1119 skeleton_planner.h:170] Found solution in: 4
I20260909 04:43:52.533602  1119 skeleton_planner.h:170] Found solution in: 10
I20260909 04:43:52.533624  1119 skeleton_planner.h:170] Found solution in: 6
I20260909 04:43:52.533643  1119 skeleton_planner.h:170] Found solution in: 6
I20260909 04:43:52.533667  1119 skeleton_planner.h:170] Found solution in: 9
I20260909 04:43:52.533695  1119 skeleton_planner.h:170] Found solution in: 11
I20260909 04:43:52.533708  1119 skeleton_planner.h:170] Found solution in: 4
I20260909 04:43:52.533720  1119 skeleton_planner.h:170] Found solution in: 3
I20260909 04:43:52.533730  1119 skeleton_planner.h:170] Found solution in: 4
I20260909 04:43:52.533741  1119 skeleton_planner.h:170] Found solution in: 4
I20260909 04:43:52.533759  1119 skeleton_planner.h:170] Found solution in: 6
I20260909 04:43:52.533782  1119 skeleton_planner.h:170] Found solution in: 10
I20260909 04:43:52.533792  1119 skeleton_planner.h:170] Found solution in: 3
I20260909 04:43:52.533797  1119 skeleton_planner.h:170] Found solution in: 1
I20260909 04:43:52.533812  1119 skeleton_planner.h:170] Found solution in: 6
I20260909 04:43:52.533830  1119 skeleton_planner.h:170] Found solution in: 6
I20260909 04:43:52.533860  1119 skeleton_planner.h:170] Found solution in: 12
I20260909 04:43:52.533886  1119 skeleton_planner.h:170] Found solution in: 8
I20260909 04:43:52.533967  1119 skeleton_planner.h:170] Found solution in: 47
I20260909 04:43:52.533982  1119 skeleton_planner.h:170] Found solution in: 5
I20260909 04:43:52.533993  1119 skeleton_planner.h:170] Found solution in: 5
I20260909 04:43:52.533996  1119 skeleton_planner.h:170] Found solution in: 1
I20260909 04:43:52.533998  1119 skeleton_planner.h:170] Found solution in: 1
I20260909 04:43:52.534026  1119 skeleton_planner.h:170] Found solution in: 8
I20260909 04:43:52.534044  1119 skeleton_planner.h:170] Found solution in: 4
I20260909 04:43:52.534072  1119 skeleton_planner.h:170] Found solution in: 10
I20260909 04:43:52.534093  1119 skeleton_planner.h:170] Found solution in: 6
I20260909 04:43:52.534116  1119 skeleton_planner.h:170] Found solution in: 7
I20260909 04:43:52.534142  1119 skeleton_planner.h:170] Found solution in: 7
I20260909 04:43:52.534188  1119 skeleton_planner.h:170] Found solution in: 14
I20260909 04:43:52.534227  1119 skeleton_planner.h:170] Found solution in: 10
I20260909 04:43:52.534241  1119 skeleton_planner.h:170] Found solution in: 3
I20260909 04:43:52.534253  1119 skeleton_planner.h:170] Found solution in: 4
I20260909 04:43:52.534276  1119 skeleton_planner.h:170] Found solution in: 7
I20260909 04:43:52.534291  1119 skeleton_planner.h:170] Found solution in: 5
I20260909 04:43:52.534319  1119 skeleton_planner.h:170] Found solution in: 9
I20260909 04:43:52.534344  1119 skeleton_planner.h:170] Found solution in: 8
I20260909 04:43:52.534356  1119 skeleton_planner.h:170] Found solution in: 4
I20260909 04:43:52.534390  1119 skeleton_planner.h:170] Found solution in: 12
I20260909 04:43:52.534464  1119 skeleton_planner.h:170] Found solution in: 31
I20260909 04:43:52.534495  1119 skeleton_planner.h:170] Found solution in: 8
I20260909 04:43:52.534533  1119 skeleton_planner.h:170] Found solution in: 16
I20260909 04:43:52.534579  1119 skeleton_planner.h:170] Found solution in: 21
I20260909 04:43:52.534588  1119 skeleton_planner.h:170] Found solution in: 1
I20260909 04:43:52.534621  1119 skeleton_planner.h:170] Found solution in: 16
I20260909 04:43:52.534627  1119 skeleton_planner.h:170] Found solution in: 1
I20260909 04:43:52.534631  1119 skeleton_generator.cpp:1655] [Simplify Vertices] Vertex removals: 1037 / 1050, Edges added: 401
I20260909 04:43:52.535008  1119 skeleton_generator.cpp:1697] [Subgraph] Number of disconnected subgraphs: 38
I20260909 04:43:52.537786  1119 skeleton_planner.h:170] Found solution in: 8
I20260909 04:43:52.537828  1119 skeleton_planner.h:170] Found solution in: 4
I20260909 04:43:52.538214  1119 skeleton_planner.h:170] Found solution in: 7
I20260909 04:43:52.538280  1119 skeleton_planner.h:170] Found solution in: 22
I20260909 04:43:52.539587  1119 skeleton_planner.h:170] Found solution in: 6
I20260909 04:43:52.539645  1119 skeleton_planner.h:170] Found solution in: 7
I20260909 04:43:52.539708  1119 skeleton_planner.h:170] Found solution in: 6
I20260909 04:43:52.540665  1119 skeleton_planner.h:170] Found solution in: 5
I20260909 04:43:52.543928  1119 skeleton_planner.h:170] Found solution in: 7
I20260909 04:43:52.543982  1119 skeleton_planner.h:170] Found solution in: 22
I20260909 04:43:52.544018  1119 skeleton_planner.h:170] Found solution in: 11
I20260909 04:43:52.546759  1119 skeleton_planner.h:170] Found solution in: 10
I20260909 04:43:52.550704  1119 skeleton_planner.h:170] Found solution in: 41
I20260909 04:43:52.550753  1119 skeleton_planner.h:170] Found solution in: 5
I20260909 04:43:52.551733  1119 skeleton_planner.h:170] Found solution in: 11
I20260909 04:43:52.552829  1119 skeleton_planner.h:170] Found solution in: 12
I20260909 04:43:52.553673  1119 skeleton_planner.h:170] Found solution in: 25
I20260909 04:43:52.560156  1119 skeleton_planner.h:170] Found solution in: 44
I20260909 04:43:52.561262  1119 skeleton_planner.h:170] Found solution in: 40
I20260909 04:43:52.562276  1119 skeleton_planner.h:170] Found solution in: 27
I20260909 04:43:52.564023  1119 skeleton_generator.cpp:1756] [Subgraph] Potential edge candidates: 142 diagram candidates: 20
I20260909 04:43:52.564078  1119 skeleton_generator.cpp:1771] [Subgraph] Final number of disconnected subgraphs: 19
I20260909 04:43:52.564085  1119 skeleton_generator.cpp:633] [Sparse Graph] Vertices: 1156 Edges: 1829
