I20260909 04:40:21.436197   537 skeleton_planner.h:31] Setting ESDF layer.
I20260909 04:40:21.543319   537 skeleton_generator.cpp:226] [GVD] Finished finding GVD candidates. Number of skeleton points: 71833 edges: 6353
I20260909 04:40:21.579753   537 skeleton_generator.cpp:1093] [Prune] Number of vertices before prune: 2727 Number of deleted vertices: 651
I20260909 04:40:21.587244   537 skeleton_planner.h:170] Found solution in: 1
I20260909 04:40:21.587275   537 skeleton_planner.h:170] Found solution in: 4
I20260909 04:40:21.587289   537 skeleton_planner.h:170] Found solution in: 1
I20260909 04:40:21.587294   537 skeleton_planner.h:170] Found solution in: 2
I20260909 04:40:21.587319   537 skeleton_planner.h:170] Found solution in: 6
I20260909 04:40:21.587329   537 skeleton_planner.h:170] Found solution in: 1
I20260909 04:40:21.587334   537 skeleton_planner.h:170] Found solution in: 5
I20260909 04:40:21.587356   537 skeleton_planner.h:170] Found solution in: 24
I20260909 04:40:21.587448   537 skeleton_planner.h:170] Found solution in: 5
I20260909 04:40:21.587459   537 skeleton_planner.h:170] Found solution in: 1
I20260909 04:40:21.587466   537 skeleton_planner.h:170] Found solution in: 1
I20260909 04:40:21.587471   537 skeleton_planner.h:170] Found solution in: 4
I20260909 04:40:21.587481   537 skeleton_planner.h:170] Found solution in: 12
I20260909 04:40:21.587577   537 skeleton_planner.h:170] Found solution in: 5
I20260909 04:40:21.587589   537 skeleton_planner.h:170] Found solution in: 1
I20260909 04:40:21.587594   537 skeleton_planner.h:170] Found solution in: 3
I20260909 04:40:21.587615   537 skeleton_planner.h:170] Found solution in: 6
I20260909 04:40:21.587626   537 skeleton_planner.h:170] Found solution in: 1
I20260909 04:40:21.587633   537 skeleton_planner.h:170] Found solution in: 8
I20260909 04:40:21.587652   537 skeleton_planner.h:170] Found solution in: 6
I20260909 04:40:21.587666   537 skeleton_planner.h:170] Found solution in: 1
I20260909 04:40:21.587669   537 skeleton_planner.h:170] Found solution in: 2
I20260909 04:40:21.587679   537 skeleton_planner.h:170] Found solution in: 3
I20260909 04:40:21.587688   537 skeleton_planner.h:170] Found solution in: 1
I20260909 04:40:21.587703   537 skeleton_planner.h:170] Found solution in: 16
I20260909 04:40:21.587792   537 skeleton_planner.h:170] Found solution in: 4
I20260909 04:40:21.587801   537 skeleton_planner.h:170] Found solution in: 1
I20260909 04:40:21.587814   537 skeleton_planner.h:170] Found solution in: 15
I20260909 04:40:21.587827   537 skeleton_planner.h:170] Found solution in: 15
I20260909 04:40:21.587833   537 skeleton_planner.h:170] Found solution in: 1
I20260909 04:40:21.587841   537 skeleton_planner.h:170] Found solution in: 6
I20260909 04:40:21.587846   537 skeleton_planner.h:170] Found solution in: 1
I20260909 04:40:21.587853   537 skeleton_planner.h:170] Found solution in: 5
I20260909 04:40:21.587862   537 skeleton_planner.h:170] Found solution in: 1
I20260909 04:40:21.587865   537 skeleton_planner.h:170] Found solution in: 2
I20260909 04:40:21.587906   537 skeleton_planner.h:170] Found solution in: 19
I20260909 04:40:21.587970   537 skeleton_planner.h:170] Found solution in: 31
I20260909 04:40:21.588127   537 skeleton_planner.h:170] Found solution in: 78
I20260909 04:40:21.588164   537 skeleton_planner.h:170] Found solution in: 11
I20260909 04:40:21.588172   537 skeleton_planner.h:170] Found solution in: 1
I20260909 04:40:21.588179   537 skeleton_planner.h:170] Found solution in: 7
I20260909 04:40:21.588187   537 skeleton_planner.h:170] Found solution in: 9
I20260909 04:40:21.588215   537 skeleton_planner.h:170] Found solution in: 7
I20260909 04:40:21.588223   537 skeleton_planner.h:170] Found solution in: 1
I20260909 04:40:21.588230   537 skeleton_planner.h:170] Found solution in: 8
I20260909 04:40:21.588594   537 skeleton_planner.h:170] Found solution in: 1
I20260909 04:40:21.588614   537 skeleton_planner.h:170] Found solution in: 24
I20260909 04:40:21.588630   537 skeleton_planner.h:170] Found solution in: 16
I20260909 04:40:21.588742   537 skeleton_planner.h:170] Found solution in: 6
I20260909 04:40:21.588759   537 skeleton_planner.h:170] Found solution in: 1
I20260909 04:40:21.588763   537 skeleton_planner.h:170] Found solution in: 3
I20260909 04:40:21.588778   537 skeleton_planner.h:170] Found solution in: 4
I20260909 04:40:21.588784   537 skeleton_planner.h:170] Found solution in: 1
I20260909 04:40:21.588801   537 skeleton_planner.h:170] Found solution in: 3
I20260909 04:40:21.588809   537 skeleton_planner.h:170] Found solution in: 1
I20260909 04:40:21.588814   537 skeleton_planner.h:170] Found solution in: 4
I20260909 04:40:21.588819   537 skeleton_planner.h:170] Found solution in: 5
I20260909 04:40:21.588827   537 skeleton_planner.h:170] Found solution in: 1
I20260909 04:40:21.588832   537 skeleton_planner.h:170] Found solution in: 4
I20260909 04:40:21.588850   537 skeleton_planner.h:170] Found solution in: 5
I20260909 04:40:21.588858   537 skeleton_planner.h:170] Found solution in: 1
I20260909 04:40:21.588862   537 skeleton_planner.h:170] Found solution in: 2
I20260909 04:40:21.588886   537 skeleton_planner.h:170] Found solution in: 6
I20260909 04:40:21.588896   537 skeleton_planner.h:170] Found solution in: 1
I20260909 04:40:21.588899   537 skeleton_planner.h:170] Found solution in: 2
I20260909 04:40:21.588961   537 skeleton_planner.h:170] Found solution in: 28
I20260909 04:40:21.588973   537 skeleton_planner.h:170] Found solution in: 1
I20260909 04:40:21.588977   537 skeleton_planner.h:170] Found solution in: 2
I20260909 04:40:21.589206   537 skeleton_planner.h:170] Found solution in: 1
I20260909 04:40:21.589213   537 skeleton_planner.h:170] Found solution in: 5
I20260909 04:40:21.589221   537 skeleton_planner.h:170] Found solution in: 7
I20260909 04:40:21.589226   537 skeleton_planner.h:170] Found solution in: 6
I20260909 04:40:21.589231   537 skeleton_planner.h:170] Found solution in: 5
I20260909 04:40:21.589267   537 skeleton_planner.h:170] Found solution in: 5
I20260909 04:40:21.589274   537 skeleton_planner.h:170] Found solution in: 1
I20260909 04:40:21.589331   537 skeleton_planner.h:170] Found solution in: 3
I20260909 04:40:21.589339   537 skeleton_planner.h:170] Found solution in: 1
I20260909 04:40:21.589344   537 skeleton_planner.h:170] Found solution in: 2
I20260909 04:40:21.589356   537 skeleton_planner.h:170] Found solution in: 5
I20260909 04:40:21.589363   537 skeleton_planner.h:170] Found solution in: 1
I20260909 04:40:21.589368   537 skeleton_planner.h:170] Found solution in: 4
I20260909 04:40:21.589382   537 skeleton_planner.h:170] Found solution in: 5
I20260909 04:40:21.589391   537 skeleton_planner.h:170] Found solution in: 1
I20260909 04:40:21.589399   537 skeleton_planner.h:170] Found solution in: 1
I20260909 04:40:21.589408   537 skeleton_planner.h:170] Found solution in: 10
I20260909 04:40:21.589437   537 skeleton_planner.h:170] Found solution in: 5
I20260909 04:40:21.589447   537 skeleton_planner.h:170] Found solution in: 1
I20260909 04:40:21.589466   537 skeleton_planner.h:170] Found solution in: 3
I20260909 04:40:21.589476   537 skeleton_planner.h:170] Found solution in: 1
I20260909 04:40:21.589480   537 skeleton_planner.h:170] Found solution in: 2
I20260909 04:40:21.589489   537 skeleton_planner.h:170] Found solution in: 3
I20260909 04:40:21.589499   537 skeleton_planner.h:170] Found solution in: 1
I20260909 04:40:21.589506   537 skeleton_planner.h:170] Found solution in: 1
I20260909 04:40:21.589591   537 skeleton_planner.h:170] Found solution in: 3
I20260909 04:40:21.589602   537 skeleton_planner.h:170] Found solution in: 1
I20260909 04:40:21.589607   537 skeleton_planner.h:170] Found solution in: 3
I20260909 04:40:21.589625   537 skeleton_planner.h:170] Found solution in: 5
I20260909 04:40:21.589634   537 skeleton_planner.h:170] Found solution in: 1
I20260909 04:40:21.589653   537 skeleton_planner.h:170] Found solution in: 6
I20260909 04:40:21.589660   537 skeleton_planner.h:170] Found solution in: 1
I20260909 04:40:21.589664   537 skeleton_planner.h:170] Found solution in: 3
I20260909 04:40:21.589682   537 skeleton_planner.h:170] Found solution in: 5
I20260909 04:40:21.589695   537 skeleton_planner.h:170] Found solution in: 1
I20260909 04:40:21.589699   537 skeleton_planner.h:170] Found solution in: 3
I20260909 04:40:21.589711   537 skeleton_planner.h:170] Found solution in: 4
I20260909 04:40:21.589718   537 skeleton_planner.h:170] Found solution in: 1
I20260909 04:40:21.589732   537 skeleton_planner.h:170] Found solution in: 4
I20260909 04:40:21.589741   537 skeleton_planner.h:170] Found solution in: 1
I20260909 04:40:21.589745   537 skeleton_planner.h:170] Found solution in: 3
I20260909 04:40:21.589758   537 skeleton_planner.h:170] Found solution in: 15
I20260909 04:40:21.589764   537 skeleton_planner.h:170] Found solution in: 5
I20260909 04:40:21.589769   537 skeleton_planner.h:170] Found solution in: 1
I20260909 04:40:21.589777   537 skeleton_planner.h:170] Found solution in: 7
I20260909 04:40:21.589785   537 skeleton_planner.h:170] Found solution in: 1
I20260909 04:40:21.589790   537 skeleton_planner.h:170] Found solution in: 5
I20260909 04:40:21.589811   537 skeleton_planner.h:170] Found solution in: 17
I20260909 04:40:21.589823   537 skeleton_planner.h:170] Found solution in: 1
I20260909 04:40:21.589828   537 skeleton_planner.h:170] Found solution in: 4
I20260909 04:40:21.589839   537 skeleton_planner.h:170] Found solution in: 4
I20260909 04:40:21.589847   537 skeleton_planner.h:170] Found solution in: 1
I20260909 04:40:21.589869   537 skeleton_planner.h:170] Found solution in: 23
I20260909 04:40:21.589960   537 skeleton_planner.h:170] Found solution in: 3
I20260909 04:40:21.589972   537 skeleton_planner.h:170] Found solution in: 1
I20260909 04:40:21.589975   537 skeleton_planner.h:170] Found solution in: 2
I20260909 04:40:21.589985   537 skeleton_planner.h:170] Found solution in: 3
I20260909 04:40:21.589993   537 skeleton_planner.h:170] Found solution in: 1
I20260909 04:40:21.589999   537 skeleton_planner.h:170] Found solution in: 1
I20260909 04:40:21.590015   537 skeleton_planner.h:170] Found solution in: 18
I20260909 04:40:21.590021   537 skeleton_planner.h:170] Found solution in: 1
I20260909 04:40:21.590034   537 skeleton_planner.h:170] Found solution in: 12
I20260909 04:40:21.590044   537 skeleton_planner.h:170] Found solution in: 1
I20260909 04:40:21.590047   537 skeleton_planner.h:170] Found solution in: 2
I20260909 04:40:21.590071   537 skeleton_planner.h:170] Found solution in: 6
I20260909 04:40:21.590080   537 skeleton_planner.h:170] Found solution in: 1
I20260909 04:40:21.590085   537 skeleton_planner.h:170] Found solution in: 3
I20260909 04:40:21.590090   537 skeleton_planner.h:170] Found solution in: 5
I20260909 04:40:21.590113   537 skeleton_planner.h:170] Found solution in: 6
I20260909 04:40:21.590123   537 skeleton_planner.h:170] Found solution in: 1
I20260909 04:40:21.590155   537 skeleton_planner.h:170] Found solution in: 43
I20260909 04:40:21.590186   537 skeleton_planner.h:170] Found solution in: 40
I20260909 04:40:21.590195   537 skeleton_planner.h:170] Found solution in: 1
I20260909 04:40:21.590226   537 skeleton_planner.h:170] Found solution in: 38
I20260909 04:40:21.590238   537 skeleton_planner.h:170] Found solution in: 7
I20260909 04:40:21.590270   537 skeleton_planner.h:170] Found solution in: 40
I20260909 04:40:21.590279   537 skeleton_planner.h:170] Found solution in: 1
I20260909 04:40:21.590282   537 skeleton_planner.h:170] Found solution in: 2
I20260909 04:40:21.590296   537 skeleton_planner.h:170] Found solution in: 4
I20260909 04:40:21.590303   537 skeleton_planner.h:170] Found solution in: 1
I20260909 04:40:21.590309   537 skeleton_planner.h:170] Found solution in: 2
I20260909 04:40:21.590319   537 skeleton_planner.h:170] Found solution in: 3
I20260909 04:40:21.590327   537 skeleton_planner.h:170] Found solution in: 1
I20260909 04:40:21.590351   537 skeleton_planner.h:170] Found solution in: 5
I20260909 04:40:21.590360   537 skeleton_planner.h:170] Found solution in: 1
I20260909 04:40:21.590368   537 skeleton_planner.h:170] Found solution in: 7
I20260909 04:40:21.590379   537 skeleton_planner.h:170] Found solution in: 16
I20260909 04:40:21.590395   537 skeleton_planner.h:170] Found solution in: 17
I20260909 04:40:21.590401   537 skeleton_planner.h:170] Found solution in: 1
I20260909 04:40:21.590405   537 skeleton_planner.h:170] Found solution in: 3
I20260909 04:40:21.590418   537 skeleton_planner.h:170] Found solution in: 3
I20260909 04:40:21.590427   537 skeleton_planner.h:170] Found solution in: 1
I20260909 04:40:21.590445   537 skeleton_planner.h:170] Found solution in: 5
I20260909 04:40:21.590454   537 skeleton_planner.h:170] Found solution in: 1
I20260909 04:40:21.590476   537 skeleton_planner.h:170] Found solution in: 6
I20260909 04:40:21.590483   537 skeleton_planner.h:170] Found solution in: 1
I20260909 04:40:21.590487   537 skeleton_planner.h:170] Found solution in: 2
I20260909 04:40:21.590499   537 skeleton_planner.h:170] Found solution in: 5
I20260909 04:40:21.590505   537 skeleton_planner.h:170] Found solution in: 1
I20260909 04:40:21.590524   537 skeleton_planner.h:170] Found solution in: 6
I20260909 04:40:21.590534   537 skeleton_planner.h:170] Found solution in: 1
I20260909 04:40:21.590582   537 skeleton_planner.h:170] Found solution in: 63
I20260909 04:40:21.590590   537 skeleton_planner.h:170] Found solution in: 1
I20260909 04:40:21.590673   537 skeleton_planner.h:170] Found solution in: 3
I20260909 04:40:21.590680   537 skeleton_planner.h:170] Found solution in: 1
I20260909 04:40:21.590693   537 skeleton_planner.h:170] Found solution in: 16
I20260909 04:40:21.590698   537 skeleton_planner.h:170] Found solution in: 1
I20260909 04:40:21.590701   537 skeleton_planner.h:170] Found solution in: 3
I20260909 04:40:21.590716   537 skeleton_planner.h:170] Found solution in: 19
I20260909 04:40:21.590720   537 skeleton_planner.h:170] Found solution in: 1
I20260909 04:40:21.590724   537 skeleton_planner.h:170] Found solution in: 3
I20260909 04:40:21.590739   537 skeleton_planner.h:170] Found solution in: 19
I20260909 04:40:21.590749   537 skeleton_planner.h:170] Found solution in: 1
I20260909 04:40:21.590755   537 skeleton_planner.h:170] Found solution in: 5
I20260909 04:40:21.590761   537 skeleton_planner.h:170] Found solution in: 6
I20260909 04:40:21.590853   537 skeleton_planner.h:170] Found solution in: 6
I20260909 04:40:21.590862   537 skeleton_planner.h:170] Found solution in: 1
I20260909 04:40:21.590868   537 skeleton_planner.h:170] Found solution in: 5
I20260909 04:40:21.590894   537 skeleton_planner.h:170] Found solution in: 5
I20260909 04:40:21.590904   537 skeleton_planner.h:170] Found solution in: 1
I20260909 04:40:21.590919   537 skeleton_planner.h:170] Found solution in: 3
I20260909 04:40:21.590925   537 skeleton_planner.h:170] Found solution in: 1
I20260909 04:40:21.590941   537 skeleton_planner.h:170] Found solution in: 4
I20260909 04:40:21.590951   537 skeleton_planner.h:170] Found solution in: 1
I20260909 04:40:21.591048   537 skeleton_planner.h:170] Found solution in: 5
I20260909 04:40:21.591058   537 skeleton_planner.h:170] Found solution in: 1
I20260909 04:40:21.591076   537 skeleton_planner.h:170] Found solution in: 6
I20260909 04:40:21.591084   537 skeleton_planner.h:170] Found solution in: 1
I20260909 04:40:21.591105   537 skeleton_planner.h:170] Found solution in: 5
I20260909 04:40:21.591115   537 skeleton_planner.h:170] Found solution in: 1
I20260909 04:40:21.591118   537 skeleton_planner.h:170] Found solution in: 2
I20260909 04:40:21.591133   537 skeleton_planner.h:170] Found solution in: 5
I20260909 04:40:21.591142   537 skeleton_planner.h:170] Found solution in: 1
I20260909 04:40:21.591156   537 skeleton_planner.h:170] Found solution in: 4
I20260909 04:40:21.591162   537 skeleton_planner.h:170] Found solution in: 1
I20260909 04:40:21.591254   537 skeleton_planner.h:170] Found solution in: 4
I20260909 04:40:21.591264   537 skeleton_planner.h:170] Found solution in: 1
I20260909 04:40:21.591270   537 skeleton_planner.h:170] Found solution in: 4
I20260909 04:40:21.591377   537 skeleton_planner.h:170] Found solution in: 6
I20260909 04:40:21.591387   537 skeleton_planner.h:170] Found solution in: 1
I20260909 04:40:21.591406   537 skeleton_planner.h:170] Found solution in: 3
I20260909 04:40:21.591415   537 skeleton_planner.h:170] Found solution in: 1
I20260909 04:40:21.591421   537 skeleton_planner.h:170] Found solution in: 5
I20260909 04:40:21.591514   537 skeleton_planner.h:170] Found solution in: 5
I20260909 04:40:21.591526   537 skeleton_planner.h:170] Found solution in: 1
I20260909 04:40:21.591616   537 skeleton_planner.h:170] Found solution in: 3
I20260909 04:40:21.591625   537 skeleton_planner.h:170] Found solution in: 1
I20260909 04:40:21.591636   537 skeleton_planner.h:170] Found solution in: 3
I20260909 04:40:21.591645   537 skeleton_planner.h:170] Found solution in: 1
I20260909 04:40:21.591732   537 skeleton_planner.h:170] Found solution in: 3
I20260909 04:40:21.591740   537 skeleton_planner.h:170] Found solution in: 1
I20260909 04:40:21.591831   537 skeleton_planner.h:170] Found solution in: 3
I20260909 04:40:21.591840   537 skeleton_planner.h:170] Found solution in: 1
I20260909 04:40:21.591845   537 skeleton_planner.h:170] Found solution in: 1
I20260909 04:40:21.591864   537 skeleton_planner.h:170] Found solution in: 4
I20260909 04:40:21.591873   537 skeleton_planner.h:170] Found solution in: 1
I20260909 04:40:21.591882   537 skeleton_planner.h:170] Found solution in: 1
I20260909 04:40:21.591889   537 skeleton_planner.h:170] Found solution in: 5
I20260909 04:40:21.591895   537 skeleton_planner.h:170] Found solution in: 6
I20260909 04:40:21.591902   537 skeleton_planner.h:170] Found solution in: 1
I20260909 04:40:21.591908   537 skeleton_planner.h:170] Found solution in: 5
I20260909 04:40:21.591941   537 skeleton_planner.h:170] Found solution in: 39
I20260909 04:40:21.591950   537 skeleton_planner.h:170] Found solution in: 1
I20260909 04:40:21.591972   537 skeleton_planner.h:170] Found solution in: 25
I20260909 04:40:21.591981   537 skeleton_planner.h:170] Found solution in: 1
I20260909 04:40:21.591996   537 skeleton_planner.h:170] Found solution in: 4
I20260909 04:40:21.592005   537 skeleton_planner.h:170] Found solution in: 1
I20260909 04:40:21.592024   537 skeleton_planner.h:170] Found solution in: 5
I20260909 04:40:21.592037   537 skeleton_planner.h:170] Found solution in: 1
I20260909 04:40:21.592054   537 skeleton_planner.h:170] Found solution in: 6
I20260909 04:40:21.592062   537 skeleton_planner.h:170] Found solution in: 1
I20260909 04:40:21.592067   537 skeleton_planner.h:170] Found solution in: 3
I20260909 04:40:21.592082   537 skeleton_planner.h:170] Found solution in: 5
I20260909 04:40:21.592087   537 skeleton_planner.h:170] Found solution in: 1
I20260909 04:40:21.592100   537 skeleton_planner.h:170] Found solution in: 4
I20260909 04:40:21.592109   537 skeleton_planner.h:170] Found solution in: 1
I20260909 04:40:21.592202   537 skeleton_planner.h:170] Found solution in: 6
I20260909 04:40:21.592211   537 skeleton_planner.h:170] Found solution in: 1
I20260909 04:40:21.592216   537 skeleton_planner.h:170] Found solution in: 4
I20260909 04:40:21.592221   537 skeleton_planner.h:170] Found solution in: 1
I20260909 04:40:21.592226   537 skeleton_planner.h:170] Found solution in: 3
I20260909 04:40:21.592238   537 skeleton_planner.h:170] Found solution in: 3
I20260909 04:40:21.592249   537 skeleton_planner.h:170] Found solution in: 1
I20260909 04:40:21.592263   537 skeleton_planner.h:170] Found solution in: 3
I20260909 04:40:21.592272   537 skeleton_planner.h:170] Found solution in: 1
I20260909 04:40:21.592358   537 skeleton_planner.h:170] Found solution in: 3
I20260909 04:40:21.592366   537 skeleton_planner.h:170] Found solution in: 1
I20260909 04:40:21.592401   537 skeleton_planner.h:170] Found solution in: 42
I20260909 04:40:21.592409   537 skeleton_planner.h:170] Found solution in: 1
I20260909 04:40:21.592414   537 skeleton_planner.h:170] Found solution in: 1
I20260909 04:40:21.592420   537 skeleton_planner.h:170] Found solution in: 4
I20260909 04:40:21.592506   537 skeleton_planner.h:170] Found solution in: 4
I20260909 04:40:21.592514   537 skeleton_planner.h:170] Found solution in: 1
I20260909 04:40:21.592602   537 skeleton_planner.h:170] Found solution in: 3
I20260909 04:40:21.592607   537 skeleton_planner.h:170] Found solution in: 1
I20260909 04:40:21.592614   537 skeleton_planner.h:170] Found solution in: 1
I20260909 04:40:21.592630   537 skeleton_planner.h:170] Found solution in: 3
I20260909 04:40:21.592636   537 skeleton_planner.h:170] Found solution in: 1
I20260909 04:40:21.592648   537 skeleton_planner.h:170] Found solution in: 3
I20260909 04:40:21.592653   537 skeleton_planner.h:170] Found solution in: 1
I20260909 04:40:21.592676   537 skeleton_planner.h:170] Found solution in: 7
I20260909 04:40:21.592684   537 skeleton_planner.h:170] Found solution in: 1
I20260909 04:40:21.592694   537 skeleton_planner.h:170] Found solution in: 12
I20260909 04:40:21.592787   537 skeleton_planner.h:170] Found solution in: 6
I20260909 04:40:21.592799   537 skeleton_planner.h:170] Found solution in: 1
I20260909 04:40:21.592834   537 skeleton_planner.h:170] Found solution in: 7
I20260909 04:40:21.592842   537 skeleton_planner.h:170] Found solution in: 1
I20260909 04:40:21.592851   537 skeleton_planner.h:170] Found solution in: 9
I20260909 04:40:21.592856   537 skeleton_planner.h:170] Found solution in: 1
I20260909 04:40:21.592859   537 skeleton_planner.h:170] Found solution in: 2
I20260909 04:40:21.592870   537 skeleton_planner.h:170] Found solution in: 3
I20260909 04:40:21.592878   537 skeleton_planner.h:170] Found solution in: 1
I20260909 04:40:21.592898   537 skeleton_planner.h:170] Found solution in: 24
I20260909 04:40:21.592984   537 skeleton_planner.h:170] Found solution in: 4
I20260909 04:40:21.592990   537 skeleton_planner.h:170] Found solution in: 1
I20260909 04:40:21.593003   537 skeleton_planner.h:170] Found solution in: 4
I20260909 04:40:21.593014   537 skeleton_planner.h:170] Found solution in: 1
I20260909 04:40:21.593019   537 skeleton_planner.h:170] Found solution in: 4
I20260909 04:40:21.593041   537 skeleton_planner.h:170] Found solution in: 6
I20260909 04:40:21.593050   537 skeleton_planner.h:170] Found solution in: 1
I20260909 04:40:21.593053   537 skeleton_planner.h:170] Found solution in: 2
I20260909 04:40:21.593077   537 skeleton_planner.h:170] Found solution in: 8
I20260909 04:40:21.593086   537 skeleton_planner.h:170] Found solution in: 1
I20260909 04:40:21.593089   537 skeleton_planner.h:170] Found solution in: 2
I20260909 04:40:21.593101   537 skeleton_planner.h:170] Found solution in: 3
I20260909 04:40:21.593106   537 skeleton_planner.h:170] Found solution in: 1
I20260909 04:40:21.593114   537 skeleton_planner.h:170] Found solution in: 1
I20260909 04:40:21.593118   537 skeleton_planner.h:170] Found solution in: 2
I20260909 04:40:21.593137   537 skeleton_planner.h:170] Found solution in: 6
I20260909 04:40:21.593143   537 skeleton_planner.h:170] Found solution in: 1
I20260909 04:40:21.593161   537 skeleton_planner.h:170] Found solution in: 5
I20260909 04:40:21.593169   537 skeleton_planner.h:170] Found solution in: 1
I20260909 04:40:21.593175   537 skeleton_planner.h:170] Found solution in: 1
I20260909 04:40:21.593179   537 skeleton_planner.h:170] Found solution in: 3
I20260909 04:40:21.593192   537 skeleton_planner.h:170] Found solution in: 4
I20260909 04:40:21.593199   537 skeleton_planner.h:170] Found solution in: 1
I20260909 04:40:21.593212   537 skeleton_planner.h:170] Found solution in: 4
I20260909 04:40:21.593218   537 skeleton_planner.h:170] Found solution in: 1
I20260909 04:40:21.593232   537 skeleton_planner.h:170] Found solution in: 3
I20260909 04:40:21.593241   537 skeleton_planner.h:170] Found solution in: 1
I20260909 04:40:21.593263   537 skeleton_planner.h:170] Found solution in: 6
I20260909 04:40:21.593273   537 skeleton_planner.h:170] Found solution in: 1
I20260909 04:40:21.593290   537 skeleton_planner.h:170] Found solution in: 22
I20260909 04:40:21.593297   537 skeleton_planner.h:170] Found solution in: 1
I20260909 04:40:21.593331   537 skeleton_planner.h:170] Found solution in: 39
I20260909 04:40:21.593339   537 skeleton_planner.h:170] Found solution in: 7
I20260909 04:40:21.593349   537 skeleton_planner.h:170] Found solution in: 1
I20260909 04:40:21.593361   537 skeleton_planner.h:170] Found solution in: 10
I20260909 04:40:21.593366   537 skeleton_planner.h:170] Found solution in: 4
I20260909 04:40:21.593374   537 skeleton_planner.h:170] Found solution in: 1
I20260909 04:40:21.593376   537 skeleton_planner.h:170] Found solution in: 2
I20260909 04:40:21.593397   537 skeleton_planner.h:170] Found solution in: 6
I20260909 04:40:21.593405   537 skeleton_planner.h:170] Found solution in: 1
I20260909 04:40:21.593426   537 skeleton_planner.h:170] Found solution in: 9
I20260909 04:40:21.593433   537 skeleton_planner.h:170] Found solution in: 1
I20260909 04:40:21.593830   537 skeleton_planner.h:170] Found solution in: 11
I20260909 04:40:21.593839   537 skeleton_planner.h:170] Found solution in: 1
I20260909 04:40:21.593843   537 skeleton_planner.h:170] Found solution in: 2
I20260909 04:40:21.593891   537 skeleton_planner.h:170] Found solution in: 1
I20260909 04:40:21.593894   537 skeleton_planner.h:170] Found solution in: 2
I20260909 04:40:21.593940   537 skeleton_planner.h:170] Found solution in: 1
I20260909 04:40:21.594025   537 skeleton_planner.h:170] Found solution in: 3
I20260909 04:40:21.594033   537 skeleton_planner.h:170] Found solution in: 1
I20260909 04:40:21.594038   537 skeleton_planner.h:170] Found solution in: 3
I20260909 04:40:21.594043   537 skeleton_planner.h:170] Found solution in: 5
I20260909 04:40:21.594064   537 skeleton_planner.h:170] Found solution in: 5
I20260909 04:40:21.594075   537 skeleton_planner.h:170] Found solution in: 1
I20260909 04:40:21.594105   537 skeleton_planner.h:170] Found solution in: 5
I20260909 04:40:21.594112   537 skeleton_planner.h:170] Found solution in: 1
I20260909 04:40:21.594138   537 skeleton_planner.h:170] Found solution in: 3
I20260909 04:40:21.594144   537 skeleton_planner.h:170] Found solution in: 1
I20260909 04:40:21.594156   537 skeleton_planner.h:170] Found solution in: 12
I20260909 04:40:21.594161   537 skeleton_planner.h:170] Found solution in: 1
I20260909 04:40:21.594166   537 skeleton_planner.h:170] Found solution in: 1
I20260909 04:40:21.594177   537 skeleton_planner.h:170] Found solution in: 3
I20260909 04:40:21.594183   537 skeleton_planner.h:170] Found solution in: 1
I20260909 04:40:21.594198   537 skeleton_planner.h:170] Found solution in: 3
I20260909 04:40:21.594204   537 skeleton_planner.h:170] Found solution in: 1
I20260909 04:40:21.594218   537 skeleton_planner.h:170] Found solution in: 3
I20260909 04:40:21.594226   537 skeleton_planner.h:170] Found solution in: 1
I20260909 04:40:21.594229   537 skeleton_planner.h:170] Found solution in: 2
I20260909 04:40:21.594250   537 skeleton_planner.h:170] Found solution in: 6
I20260909 04:40:21.594257   537 skeleton_planner.h:170] Found solution in: 1
I20260909 04:40:21.594295   537 skeleton_planner.h:170] Found solution in: 13
I20260909 04:40:21.594309   537 skeleton_planner.h:170] Found solution in: 1
I20260909 04:40:21.594313   537 skeleton_planner.h:170] Found solution in: 3
I20260909 04:40:21.594332   537 skeleton_planner.h:170] Found solution in: 4
I20260909 04:40:21.594340   537 skeleton_planner.h:170] Found solution in: 1
I20260909 04:40:21.594350   537 skeleton_planner.h:170] Found solution in: 3
I20260909 04:40:21.594358   537 skeleton_planner.h:170] Found solution in: 1
I20260909 04:40:21.594372   537 skeleton_planner.h:170] Found solution in: 16
I20260909 04:40:21.594424   537 skeleton_planner.h:170] Found solution in: 72
I20260909 04:40:21.594515   537 skeleton_planner.h:170] Found solution in: 6
I20260909 04:40:21.594524   537 skeleton_planner.h:170] Found solution in: 1
I20260909 04:40:21.594537   537 skeleton_planner.h:170] Found solution in: 4
I20260909 04:40:21.594544   537 skeleton_planner.h:170] Found solution in: 1
I20260909 04:40:21.594597   537 skeleton_planner.h:170] Found solution in: 67
I20260909 04:40:21.594605   537 skeleton_planner.h:170] Found solution in: 1
I20260909 04:40:21.594620   537 skeleton_planner.h:170] Found solution in: 5
I20260909 04:40:21.594630   537 skeleton_planner.h:170] Found solution in: 1
I20260909 04:40:21.594636   537 skeleton_planner.h:170] Found solution in: 1
I20260909 04:40:21.594646   537 skeleton_planner.h:170] Found solution in: 1
I20260909 04:40:21.595479   537 skeleton_planner.h:170] Found solution in: 33
I20260909 04:40:21.595487   537 skeleton_planner.h:170] Found solution in: 1
I20260909 04:40:21.595531   537 skeleton_planner.h:170] Found solution in: 4
I20260909 04:40:21.595541   537 skeleton_planner.h:170] Found solution in: 1
I20260909 04:40:21.595553   537 skeleton_planner.h:170] Found solution in: 14
I20260909 04:40:21.595588   537 skeleton_planner.h:170] Found solution in: 6
I20260909 04:40:21.595597   537 skeleton_planner.h:170] Found solution in: 1
I20260909 04:40:21.595602   537 skeleton_planner.h:170] Found solution in: 3
I20260909 04:40:21.595610   537 skeleton_planner.h:170] Found solution in: 1
I20260909 04:40:21.595700   537 skeleton_planner.h:170] Found solution in: 3
I20260909 04:40:21.595713   537 skeleton_planner.h:170] Found solution in: 1
I20260909 04:40:21.595813   537 skeleton_planner.h:170] Found solution in: 7
I20260909 04:40:21.595822   537 skeleton_planner.h:170] Found solution in: 1
I20260909 04:40:21.595916   537 skeleton_planner.h:170] Found solution in: 3
I20260909 04:40:21.595925   537 skeleton_planner.h:170] Found solution in: 1
I20260909 04:40:21.596021   537 skeleton_planner.h:170] Found solution in: 4
I20260909 04:40:21.596029   537 skeleton_planner.h:170] Found solution in: 1
I20260909 04:40:21.596045   537 skeleton_planner.h:170] Found solution in: 5
I20260909 04:40:21.596053   537 skeleton_planner.h:170] Found solution in: 1
I20260909 04:40:21.596074   537 skeleton_planner.h:170] Found solution in: 4
I20260909 04:40:21.596086   537 skeleton_planner.h:170] Found solution in: 1
I20260909 04:40:21.596096   537 skeleton_planner.h:170] Found solution in: 3
I20260909 04:40:21.596103   537 skeleton_planner.h:170] Found solution in: 1
I20260909 04:40:21.596117   537 skeleton_planner.h:170] Found solution in: 4
I20260909 04:40:21.596124   537 skeleton_planner.h:170] Found solution in: 1
I20260909 04:40:21.596128   537 skeleton_planner.h:170] Found solution in: 3
I20260909 04:40:21.596148   537 skeleton_planner.h:170] Found solution in: 6
I20260909 04:40:21.596156   537 skeleton_planner.h:170] Found solution in: 1
I20260909 04:40:21.596175   537 skeleton_planner.h:170] Found solution in: 6
I20260909 04:40:21.596185   537 skeleton_planner.h:170] Found solution in: 1
I20260909 04:40:21.596200   537 skeleton_planner.h:170] Found solution in: 4
I20260909 04:40:21.596207   537 skeleton_planner.h:170] Found solution in: 1
I20260909 04:40:21.596295   537 skeleton_planner.h:170] Found solution in: 4
I20260909 04:40:21.596302   537 skeleton_planner.h:170] Found solution in: 1
I20260909 04:40:21.596393   537 skeleton_planner.h:170] Found solution in: 5
I20260909 04:40:21.596401   537 skeleton_planner.h:170] Found solution in: 1
I20260909 04:40:21.596408   537 skeleton_planner.h:170] Found solution in: 1
I20260909 04:40:21.596414   537 skeleton_planner.h:170] Found solution in: 1
I20260909 04:40:21.596421   537 skeleton_planner.h:170] Found solution in: 1
I20260909 04:40:21.596844   537 skeleton_planner.h:170] Found solution in: 1
I20260909 04:40:21.596853   537 skeleton_planner.h:170] Found solution in: 1
I20260909 04:40:21.596890   537 skeleton_planner.h:170] Found solution in: 4
I20260909 04:40:21.596899   537 skeleton_planner.h:170] Found solution in: 1
I20260909 04:40:21.596906   537 skeleton_planner.h:170] Found solution in: 1
I20260909 04:40:21.596911   537 skeleton_planner.h:170] Found solution in: 4
I20260909 04:40:21.596930   537 skeleton_planner.h:170] Found solution in: 5
I20260909 04:40:21.596939   537 skeleton_planner.h:170] Found solution in: 1
I20260909 04:40:21.596959   537 skeleton_planner.h:170] Found solution in: 5
I20260909 04:40:21.596967   537 skeleton_planner.h:170] Found solution in: 1
I20260909 04:40:21.596976   537 skeleton_planner.h:170] Found solution in: 1
I20260909 04:40:21.596979   537 skeleton_planner.h:170] Found solution in: 2
I20260909 04:40:21.596992   537 skeleton_planner.h:170] Found solution in: 3
I20260909 04:40:21.596999   537 skeleton_planner.h:170] Found solution in: 1
I20260909 04:40:21.597005   537 skeleton_planner.h:170] Found solution in: 5
I20260909 04:40:21.597015   537 skeleton_planner.h:170] Found solution in: 11
I20260909 04:40:21.597020   537 skeleton_planner.h:170] Found solution in: 1
I20260909 04:40:21.597025   537 skeleton_planner.h:170] Found solution in: 5
I20260909 04:40:21.597034   537 skeleton_planner.h:170] Found solution in: 9
I20260909 04:40:21.597043   537 skeleton_planner.h:170] Found solution in: 1
I20260909 04:40:21.597329   537 skeleton_planner.h:170] Found solution in: 27
I20260909 04:40:21.597425   537 skeleton_planner.h:170] Found solution in: 47
I20260909 04:40:21.597438   537 skeleton_planner.h:170] Found solution in: 1
I20260909 04:40:21.597441   537 skeleton_planner.h:170] Found solution in: 2
I20260909 04:40:21.597460   537 skeleton_planner.h:170] Found solution in: 9
I20260909 04:40:21.597467   537 skeleton_planner.h:170] Found solution in: 1
I20260909 04:40:21.597498   537 skeleton_planner.h:170] Found solution in: 9
I20260909 04:40:21.597507   537 skeleton_planner.h:170] Found solution in: 1
I20260909 04:40:21.597512   537 skeleton_planner.h:170] Found solution in: 2
I20260909 04:40:21.597522   537 skeleton_planner.h:170] Found solution in: 4
I20260909 04:40:21.597530   537 skeleton_planner.h:170] Found solution in: 1
I20260909 04:40:21.597550   537 skeleton_planner.h:170] Found solution in: 3
I20260909 04:40:21.597559   537 skeleton_planner.h:170] Found solution in: 1
I20260909 04:40:21.597572   537 skeleton_planner.h:170] Found solution in: 4
I20260909 04:40:21.597579   537 skeleton_planner.h:170] Found solution in: 1
I20260909 04:40:21.597582   537 skeleton_planner.h:170] Found solution in: 3
I20260909 04:40:21.597601   537 skeleton_planner.h:170] Found solution in: 3
I20260909 04:40:21.597607   537 skeleton_planner.h:170] Found solution in: 1
I20260909 04:40:21.597616   537 skeleton_planner.h:170] Found solution in: 1
I20260909 04:40:21.597640   537 skeleton_planner.h:170] Found solution in: 26
I20260909 04:40:21.597651   537 skeleton_planner.h:170] Found solution in: 1
I20260909 04:40:21.597668   537 skeleton_planner.h:170] Found solution in: 21
I20260909 04:40:21.597675   537 skeleton_planner.h:170] Found solution in: 1
I20260909 04:40:21.597679   537 skeleton_planner.h:170] Found solution in: 3
I20260909 04:40:21.597692   537 skeleton_planner.h:170] Found solution in: 4
I20260909 04:40:21.597700   537 skeleton_planner.h:170] Found solution in: 1
I20260909 04:40:21.597703   537 skeleton_planner.h:170] Found solution in: 2
I20260909 04:40:21.597720   537 skeleton_planner.h:170] Found solution in: 5
I20260909 04:40:21.597728   537 skeleton_planner.h:170] Found solution in: 1
I20260909 04:40:21.597744   537 skeleton_planner.h:170] Found solution in: 5
I20260909 04:40:21.597751   537 skeleton_planner.h:170] Found solution in: 1
I20260909 04:40:21.597765   537 skeleton_planner.h:170] Found solution in: 4
I20260909 04:40:21.597774   537 skeleton_planner.h:170] Found solution in: 1
I20260909 04:40:21.597785   537 skeleton_planner.h:170] Found solution in: 5
I20260909 04:40:21.597796   537 skeleton_planner.h:170] Found solution in: 1
I20260909 04:40:21.597888   537 skeleton_planner.h:170] Found solution in: 5
I20260909 04:40:21.597898   537 skeleton_planner.h:170] Found solution in: 1
I20260909 04:40:21.597942   537 skeleton_planner.h:170] Found solution in: 52
I20260909 04:40:21.597951   537 skeleton_planner.h:170] Found solution in: 1
I20260909 04:40:21.597955   537 skeleton_planner.h:170] Found solution in: 3
I20260909 04:40:21.597966   537 skeleton_planner.h:170] Found solution in: 3
I20260909 04:40:21.597972   537 skeleton_planner.h:170] Found solution in: 1
I20260909 04:40:21.597983   537 skeleton_planner.h:170] Found solution in: 3
I20260909 04:40:21.597992   537 skeleton_planner.h:170] Found solution in: 1
I20260909 04:40:21.598011   537 skeleton_planner.h:170] Found solution in: 5
I20260909 04:40:21.598021   537 skeleton_planner.h:170] Found solution in: 1
I20260909 04:40:21.598028   537 skeleton_planner.h:170] Found solution in: 1
I20260909 04:40:21.598121   537 skeleton_planner.h:170] Found solution in: 6
I20260909 04:40:21.598129   537 skeleton_planner.h:170] Found solution in: 1
I20260909 04:40:21.598150   537 skeleton_planner.h:170] Found solution in: 5
I20260909 04:40:21.598158   537 skeleton_planner.h:170] Found solution in: 1
I20260909 04:40:21.598244   537 skeleton_planner.h:170] Found solution in: 4
I20260909 04:40:21.598253   537 skeleton_planner.h:170] Found solution in: 1
I20260909 04:40:21.598265   537 skeleton_planner.h:170] Found solution in: 3
I20260909 04:40:21.598274   537 skeleton_planner.h:170] Found solution in: 1
I20260909 04:40:21.598280   537 skeleton_planner.h:170] Found solution in: 1
I20260909 04:40:21.598289   537 skeleton_planner.h:170] Found solution in: 8
I20260909 04:40:21.598302   537 skeleton_planner.h:170] Found solution in: 1
I20260909 04:40:21.598320   537 skeleton_planner.h:170] Found solution in: 16
I20260909 04:40:21.598330   537 skeleton_planner.h:170] Found solution in: 1
I20260909 04:40:21.598335   537 skeleton_planner.h:170] Found solution in: 1
I20260909 04:40:21.598340   537 skeleton_planner.h:170] Found solution in: 3
I20260909 04:40:21.598353   537 skeleton_planner.h:170] Found solution in: 5
I20260909 04:40:21.598361   537 skeleton_planner.h:170] Found solution in: 1
I20260909 04:40:21.598380   537 skeleton_planner.h:170] Found solution in: 8
I20260909 04:40:21.598387   537 skeleton_planner.h:170] Found solution in: 1
I20260909 04:40:21.598393   537 skeleton_planner.h:170] Found solution in: 7
I20260909 04:40:21.598405   537 skeleton_planner.h:170] Found solution in: 1
I20260909 04:40:21.598409   537 skeleton_planner.h:170] Found solution in: 3
I20260909 04:40:21.598428   537 skeleton_planner.h:170] Found solution in: 5
I20260909 04:40:21.598439   537 skeleton_planner.h:170] Found solution in: 1
I20260909 04:40:21.598461   537 skeleton_planner.h:170] Found solution in: 6
I20260909 04:40:21.598471   537 skeleton_planner.h:170] Found solution in: 1
I20260909 04:40:21.598484   537 skeleton_planner.h:170] Found solution in: 3
I20260909 04:40:21.598491   537 skeleton_planner.h:170] Found solution in: 1
I20260909 04:40:21.598497   537 skeleton_planner.h:170] Found solution in: 6
I20260909 04:40:21.598502   537 skeleton_planner.h:170] Found solution in: 1
I20260909 04:40:21.598506   537 skeleton_planner.h:170] Found solution in: 3
I20260909 04:40:21.598526   537 skeleton_planner.h:170] Found solution in: 4
I20260909 04:40:21.598534   537 skeleton_planner.h:170] Found solution in: 1
I20260909 04:40:21.598541   537 skeleton_planner.h:170] Found solution in: 6
I20260909 04:40:21.598562   537 skeleton_planner.h:170] Found solution in: 5
I20260909 04:40:21.598569   537 skeleton_planner.h:170] Found solution in: 1
I20260909 04:40:21.598603   537 skeleton_planner.h:170] Found solution in: 3
I20260909 04:40:21.598608   537 skeleton_planner.h:170] Found solution in: 1
I20260909 04:40:21.598614   537 skeleton_planner.h:170] Found solution in: 1
I20260909 04:40:21.598619   537 skeleton_planner.h:170] Found solution in: 1
I20260909 04:40:21.598624   537 skeleton_planner.h:170] Found solution in: 4
I20260909 04:40:21.599113   537 skeleton_planner.h:170] Found solution in: 28
I20260909 04:40:21.599124   537 skeleton_planner.h:170] Found solution in: 1
I20260909 04:40:21.599647   537 skeleton_planner.h:170] Found solution in: 20
I20260909 04:40:21.599661   537 skeleton_planner.h:170] Found solution in: 1
I20260909 04:40:21.599673   537 skeleton_planner.h:170] Found solution in: 4
I20260909 04:40:21.599684   537 skeleton_planner.h:170] Found solution in: 1
I20260909 04:40:21.599687   537 skeleton_planner.h:170] Found solution in: 2
I20260909 04:40:21.599965   537 skeleton_planner.h:170] Found solution in: 35
I20260909 04:40:21.599979   537 skeleton_planner.h:170] Found solution in: 1
I20260909 04:40:21.599983   537 skeleton_planner.h:170] Found solution in: 2
I20260909 04:40:21.600272   537 skeleton_planner.h:170] Found solution in: 57
I20260909 04:40:21.600287   537 skeleton_planner.h:170] Found solution in: 1
I20260909 04:40:21.600320   537 skeleton_planner.h:170] Found solution in: 6
I20260909 04:40:21.600329   537 skeleton_planner.h:170] Found solution in: 1
I20260909 04:40:21.600401   537 skeleton_planner.h:170] Found solution in: 4
I20260909 04:40:21.600409   537 skeleton_planner.h:170] Found solution in: 1
I20260909 04:40:21.600419   537 skeleton_planner.h:170] Found solution in: 10
I20260909 04:40:21.600425   537 skeleton_planner.h:170] Found solution in: 1
I20260909 04:40:21.600443   537 skeleton_planner.h:170] Found solution in: 4
I20260909 04:40:21.600450   537 skeleton_planner.h:170] Found solution in: 1
I20260909 04:40:21.600473   537 skeleton_planner.h:170] Found solution in: 5
I20260909 04:40:21.600481   537 skeleton_planner.h:170] Found solution in: 1
I20260909 04:40:21.600487   537 skeleton_planner.h:170] Found solution in: 1
I20260909 04:40:21.600519   537 skeleton_planner.h:170] Found solution in: 45
I20260909 04:40:21.600529   537 skeleton_planner.h:170] Found solution in: 1
I20260909 04:40:21.600533   537 skeleton_planner.h:170] Found solution in: 2
I20260909 04:40:21.600546   537 skeleton_planner.h:170] Found solution in: 5
I20260909 04:40:21.600554   537 skeleton_planner.h:170] Found solution in: 1
I20260909 04:40:21.600569   537 skeleton_planner.h:170] Found solution in: 6
I20260909 04:40:21.600579   537 skeleton_planner.h:170] Found solution in: 1
I20260909 04:40:21.600584   537 skeleton_planner.h:170] Found solution in: 1
I20260909 04:40:21.600601   537 skeleton_planner.h:170] Found solution in: 5
I20260909 04:40:21.600607   537 skeleton_planner.h:170] Found solution in: 1
I20260909 04:40:21.600626   537 skeleton_planner.h:170] Found solution in: 4
I20260909 04:40:21.600637   537 skeleton_planner.h:170] Found solution in: 1
I20260909 04:40:21.600674   537 skeleton_planner.h:170] Found solution in: 51
I20260909 04:40:21.600716   537 skeleton_planner.h:170] Found solution in: 55
I20260909 04:40:21.600728   537 skeleton_planner.h:170] Found solution in: 11
I20260909 04:40:21.600736   537 skeleton_planner.h:170] Found solution in: 1
I20260909 04:40:21.600756   537 skeleton_planner.h:170] Found solution in: 5
I20260909 04:40:21.600764   537 skeleton_planner.h:170] Found solution in: 1
I20260909 04:40:21.600780   537 skeleton_planner.h:170] Found solution in: 19
I20260909 04:40:21.600841   537 skeleton_planner.h:170] Found solution in: 80
I20260909 04:40:21.600849   537 skeleton_planner.h:170] Found solution in: 1
I20260909 04:40:21.600860   537 skeleton_planner.h:170] Found solution in: 11
I20260909 04:40:21.600919   537 skeleton_planner.h:170] Found solution in: 74
I20260909 04:40:21.600929   537 skeleton_planner.h:170] Found solution in: 1
I20260909 04:40:21.600942   537 skeleton_planner.h:170] Found solution in: 3
I20260909 04:40:21.600948   537 skeleton_planner.h:170] Found solution in: 1
I20260909 04:40:21.600952   537 skeleton_planner.h:170] Found solution in: 2
I20260909 04:40:21.600965   537 skeleton_planner.h:170] Found solution in: 4
I20260909 04:40:21.600970   537 skeleton_planner.h:170] Found solution in: 1
I20260909 04:40:21.600988   537 skeleton_planner.h:170] Found solution in: 6
I20260909 04:40:21.600998   537 skeleton_planner.h:170] Found solution in: 1
I20260909 04:40:21.601007   537 skeleton_planner.h:170] Found solution in: 1
I20260909 04:40:21.601023   537 skeleton_planner.h:170] Found solution in: 5
I20260909 04:40:21.601032   537 skeleton_planner.h:170] Found solution in: 1
I20260909 04:40:21.601066   537 skeleton_planner.h:170] Found solution in: 41
I20260909 04:40:21.601073   537 skeleton_planner.h:170] Found solution in: 1
I20260909 04:40:21.601094   537 skeleton_planner.h:170] Found solution in: 26
I20260909 04:40:21.601106   537 skeleton_planner.h:170] Found solution in: 1
I20260909 04:40:21.601111   537 skeleton_planner.h:170] Found solution in: 2
I20260909 04:40:21.601123   537 skeleton_planner.h:170] Found solution in: 4
I20260909 04:40:21.601132   537 skeleton_planner.h:170] Found solution in: 1
I20260909 04:40:21.601140   537 skeleton_planner.h:170] Found solution in: 1
I20260909 04:40:21.601243   537 skeleton_planner.h:170] Found solution in: 5
I20260909 04:40:21.601251   537 skeleton_planner.h:170] Found solution in: 1
I20260909 04:40:21.601259   537 skeleton_planner.h:170] Found solution in: 7
I20260909 04:40:21.601266   537 skeleton_planner.h:170] Found solution in: 8
I20260909 04:40:21.601294   537 skeleton_planner.h:170] Found solution in: 8
I20260909 04:40:21.601310   537 skeleton_planner.h:170] Found solution in: 1
I20260909 04:40:21.601313   537 skeleton_planner.h:170] Found solution in: 2
I20260909 04:40:21.601322   537 skeleton_planner.h:170] Found solution in: 3
I20260909 04:40:21.601330   537 skeleton_planner.h:170] Found solution in: 1
I20260909 04:40:21.601337   537 skeleton_planner.h:170] Found solution in: 6
I20260909 04:40:21.601343   537 skeleton_planner.h:170] Found solution in: 1
I20260909 04:40:21.601356   537 skeleton_planner.h:170] Found solution in: 3
I20260909 04:40:21.601363   537 skeleton_planner.h:170] Found solution in: 1
I20260909 04:40:21.601369   537 skeleton_planner.h:170] Found solution in: 1
I20260909 04:40:21.601383   537 skeleton_planner.h:170] Found solution in: 4
I20260909 04:40:21.601392   537 skeleton_planner.h:170] Found solution in: 1
I20260909 04:40:21.601418   537 skeleton_planner.h:170] Found solution in: 7
I20260909 04:40:21.601425   537 skeleton_planner.h:170] Found solution in: 1
I20260909 04:40:21.601429   537 skeleton_planner.h:170] Found solution in: 2
I20260909 04:40:21.601433   537 skeleton_planner.h:170] Found solution in: 1
I20260909 04:40:21.601436   537 skeleton_planner.h:170] Found solution in: 2
I20260909 04:40:21.601442   537 skeleton_planner.h:170] Found solution in: 1
I20260909 04:40:21.601469   537 skeleton_planner.h:170] Found solution in: 8
I20260909 04:40:21.601480   537 skeleton_planner.h:170] Found solution in: 1
I20260909 04:40:21.601487   537 skeleton_planner.h:170] Found solution in: 7
I20260909 04:40:21.601531   537 skeleton_planner.h:170] Found solution in: 5
I20260909 04:40:21.601540   537 skeleton_planner.h:170] Found solution in: 1
I20260909 04:40:21.601547   537 skeleton_planner.h:170] Found solution in: 4
I20260909 04:40:21.601552   537 skeleton_planner.h:170] Found solution in: 6
I20260909 04:40:21.601557   537 skeleton_planner.h:170] Found solution in: 4
I20260909 04:40:21.601562   537 skeleton_planner.h:170] Found solution in: 1
I20260909 04:40:21.601568   537 skeleton_planner.h:170] Found solution in: 6
I20260909 04:40:21.601574   537 skeleton_planner.h:170] Found solution in: 1
I20260909 04:40:21.601580   537 skeleton_planner.h:170] Found solution in: 5
I20260909 04:40:21.601588   537 skeleton_planner.h:170] Found solution in: 1
I20260909 04:40:21.601601   537 skeleton_planner.h:170] Found solution in: 13
I20260909 04:40:21.601608   537 skeleton_planner.h:170] Found solution in: 1
I20260909 04:40:21.601619   537 skeleton_planner.h:170] Found solution in: 12
I20260909 04:40:21.601637   537 skeleton_planner.h:170] Found solution in: 18
I20260909 04:40:21.601645   537 skeleton_planner.h:170] Found solution in: 1
I20260909 04:40:21.601651   537 skeleton_planner.h:170] Found solution in: 6
I20260909 04:40:21.601686   537 skeleton_planner.h:170] Found solution in: 45
I20260909 04:40:21.601694   537 skeleton_planner.h:170] Found solution in: 1
I20260909 04:40:21.601701   537 skeleton_planner.h:170] Found solution in: 6
I20260909 04:40:21.601732   537 skeleton_planner.h:170] Found solution in: 45
I20260909 04:40:21.601820   537 skeleton_planner.h:170] Found solution in: 5
I20260909 04:40:21.601831   537 skeleton_planner.h:170] Found solution in: 1
I20260909 04:40:21.601843   537 skeleton_planner.h:170] Found solution in: 3
I20260909 04:40:21.601850   537 skeleton_planner.h:170] Found solution in: 1
I20260909 04:40:21.601935   537 skeleton_planner.h:170] Found solution in: 3
I20260909 04:40:21.601945   537 skeleton_planner.h:170] Found solution in: 1
I20260909 04:40:21.601965   537 skeleton_planner.h:170] Found solution in: 5
I20260909 04:40:21.601980   537 skeleton_planner.h:170] Found solution in: 1
I20260909 04:40:21.601987   537 skeleton_planner.h:170] Found solution in: 5
I20260909 04:40:21.601994   537 skeleton_planner.h:170] Found solution in: 1
I20260909 04:40:21.602008   537 skeleton_planner.h:170] Found solution in: 16
I20260909 04:40:21.602015   537 skeleton_planner.h:170] Found solution in: 1
I20260909 04:40:21.602027   537 skeleton_planner.h:170] Found solution in: 13
I20260909 04:40:21.602036   537 skeleton_planner.h:170] Found solution in: 1
I20260909 04:40:21.602044   537 skeleton_planner.h:170] Found solution in: 1
I20260909 04:40:21.602052   537 skeleton_planner.h:170] Found solution in: 1
I20260909 04:40:21.602104   537 skeleton_planner.h:170] Found solution in: 72
I20260909 04:40:21.602114   537 skeleton_planner.h:170] Found solution in: 1
I20260909 04:40:21.602121   537 skeleton_planner.h:170] Found solution in: 7
I20260909 04:40:21.602216   537 skeleton_planner.h:170] Found solution in: 6
I20260909 04:40:21.602223   537 skeleton_planner.h:170] Found solution in: 1
I20260909 04:40:21.602228   537 skeleton_planner.h:170] Found solution in: 1
I20260909 04:40:21.602239   537 skeleton_planner.h:170] Found solution in: 13
I20260909 04:40:21.602245   537 skeleton_planner.h:170] Found solution in: 1
I20260909 04:40:21.602249   537 skeleton_planner.h:170] Found solution in: 3
I20260909 04:40:21.602253   537 skeleton_planner.h:170] Found solution in: 1
I20260909 04:40:21.602257   537 skeleton_planner.h:170] Found solution in: 3
I20260909 04:40:21.602264   537 skeleton_planner.h:170] Found solution in: 1
I20260909 04:40:21.602269   537 skeleton_planner.h:170] Found solution in: 4
I20260909 04:40:21.602275   537 skeleton_planner.h:170] Found solution in: 1
I20260909 04:40:21.602278   537 skeleton_planner.h:170] Found solution in: 2
I20260909 04:40:21.602289   537 skeleton_planner.h:170] Found solution in: 3
I20260909 04:40:21.602295   537 skeleton_planner.h:170] Found solution in: 1
I20260909 04:40:21.602311   537 skeleton_planner.h:170] Found solution in: 4
I20260909 04:40:21.602317   537 skeleton_planner.h:170] Found solution in: 1
I20260909 04:40:21.602404   537 skeleton_planner.h:170] Found solution in: 3
I20260909 04:40:21.602413   537 skeleton_planner.h:170] Found solution in: 1
I20260909 04:40:21.602422   537 skeleton_planner.h:170] Found solution in: 2
I20260909 04:40:21.602656   537 skeleton_planner.h:170] Found solution in: 1
I20260909 04:40:21.602721   537 skeleton_planner.h:170] Found solution in: 3
I20260909 04:40:21.602731   537 skeleton_planner.h:170] Found solution in: 1
I20260909 04:40:21.602734   537 skeleton_planner.h:170] Found solution in: 2
I20260909 04:40:21.602751   537 skeleton_planner.h:170] Found solution in: 5
I20260909 04:40:21.602757   537 skeleton_planner.h:170] Found solution in: 1
I20260909 04:40:21.602839   537 skeleton_planner.h:170] Found solution in: 5
I20260909 04:40:21.602846   537 skeleton_planner.h:170] Found solution in: 1
I20260909 04:40:21.602928   537 skeleton_planner.h:170] Found solution in: 5
I20260909 04:40:21.602936   537 skeleton_planner.h:170] Found solution in: 1
I20260909 04:40:21.602943   537 skeleton_planner.h:170] Found solution in: 1
I20260909 04:40:21.602949   537 skeleton_planner.h:170] Found solution in: 5
I20260909 04:40:21.602957   537 skeleton_planner.h:170] Found solution in: 1
I20260909 04:40:21.602962   537 skeleton_planner.h:170] Found solution in: 1
I20260909 04:40:21.602981   537 skeleton_planner.h:170] Found solution in: 7
I20260909 04:40:21.602990   537 skeleton_planner.h:170] Found solution in: 1
I20260909 04:40:21.602994   537 skeleton_planner.h:170] Found solution in: 3
I20260909 04:40:21.603014   537 skeleton_planner.h:170] Found solution in: 7
I20260909 04:40:21.603020   537 skeleton_planner.h:170] Found solution in: 1
I20260909 04:40:21.603029   537 skeleton_planner.h:170] Found solution in: 10
I20260909 04:40:21.603034   537 skeleton_planner.h:170] Found solution in: 1
I20260909 04:40:21.603045   537 skeleton_planner.h:170] Found solution in: 12
I20260909 04:40:21.603049   537 skeleton_planner.h:170] Found solution in: 1
I20260909 04:40:21.603053   537 skeleton_planner.h:170] Found solution in: 3
I20260909 04:40:21.603076   537 skeleton_planner.h:170] Found solution in: 25
I20260909 04:40:21.603082   537 skeleton_planner.h:170] Found solution in: 1
I20260909 04:40:21.603086   537 skeleton_planner.h:170] Found solution in: 3
I20260909 04:40:21.603106   537 skeleton_planner.h:170] Found solution in: 26
I20260909 04:40:21.603113   537 skeleton_planner.h:170] Found solution in: 1
I20260909 04:40:21.603134   537 skeleton_planner.h:170] Found solution in: 24
I20260909 04:40:21.603142   537 skeleton_planner.h:170] Found solution in: 7
I20260909 04:40:21.603158   537 skeleton_planner.h:170] Found solution in: 17
I20260909 04:40:21.603165   537 skeleton_planner.h:170] Found solution in: 1
I20260909 04:40:21.603170   537 skeleton_planner.h:170] Found solution in: 4
I20260909 04:40:21.603199   537 skeleton_planner.h:170] Found solution in: 9
I20260909 04:40:21.603207   537 skeleton_planner.h:170] Found solution in: 1
I20260909 04:40:21.603211   537 skeleton_planner.h:170] Found solution in: 2
I20260909 04:40:21.603502   537 skeleton_planner.h:170] Found solution in: 60
I20260909 04:40:21.603725   537 skeleton_planner.h:170] Found solution in: 1
I20260909 04:40:21.603729   537 skeleton_planner.h:170] Found solution in: 2
I20260909 04:40:21.604009   537 skeleton_planner.h:170] Found solution in: 57
I20260909 04:40:21.604219   537 skeleton_planner.h:170] Found solution in: 1
I20260909 04:40:21.604315   537 skeleton_planner.h:170] Found solution in: 6
I20260909 04:40:21.604321   537 skeleton_planner.h:170] Found solution in: 1
I20260909 04:40:21.604470   537 skeleton_planner.h:170] Found solution in: 88
I20260909 04:40:21.604650   537 skeleton_planner.h:170] Found solution in: 97
I20260909 04:40:21.604666   537 skeleton_planner.h:170] Found solution in: 11
I20260909 04:40:21.604676   537 skeleton_planner.h:170] Found solution in: 1
I20260909 04:40:21.604687   537 skeleton_planner.h:170] Found solution in: 13
I20260909 04:40:21.604696   537 skeleton_planner.h:170] Found solution in: 7
I20260909 04:40:21.604735   537 skeleton_planner.h:170] Found solution in: 6
I20260909 04:40:21.604744   537 skeleton_planner.h:170] Found solution in: 1
I20260909 04:40:21.604769   537 skeleton_planner.h:170] Found solution in: 5
I20260909 04:40:21.604782   537 skeleton_planner.h:170] Found solution in: 1
I20260909 04:40:21.604787   537 skeleton_planner.h:170] Found solution in: 4
I20260909 04:40:21.604974   537 skeleton_planner.h:170] Found solution in: 1
I20260909 04:40:21.604979   537 skeleton_planner.h:170] Found solution in: 4
I20260909 04:40:21.605165   537 skeleton_planner.h:170] Found solution in: 1
I20260909 04:40:21.605197   537 skeleton_planner.h:170] Found solution in: 8
I20260909 04:40:21.605206   537 skeleton_planner.h:170] Found solution in: 1
I20260909 04:40:21.605218   537 skeleton_planner.h:170] Found solution in: 5
I20260909 04:40:21.605225   537 skeleton_planner.h:170] Found solution in: 1
I20260909 04:40:21.605228   537 skeleton_planner.h:170] Found solution in: 2
I20260909 04:40:21.605430   537 skeleton_planner.h:170] Found solution in: 1
I20260909 04:40:21.605434   537 skeleton_planner.h:170] Found solution in: 2
I20260909 04:40:21.605636   537 skeleton_planner.h:170] Found solution in: 1
I20260909 04:40:21.605643   537 skeleton_planner.h:170] Found solution in: 6
I20260909 04:40:21.605650   537 skeleton_planner.h:170] Found solution in: 1
I20260909 04:40:21.605654   537 skeleton_planner.h:170] Found solution in: 2
I20260909 04:40:21.605665   537 skeleton_planner.h:170] Found solution in: 3
I20260909 04:40:21.605674   537 skeleton_planner.h:170] Found solution in: 1
I20260909 04:40:21.605770   537 skeleton_planner.h:170] Found solution in: 5
I20260909 04:40:21.605778   537 skeleton_planner.h:170] Found solution in: 1
I20260909 04:40:21.605791   537 skeleton_planner.h:170] Found solution in: 4
I20260909 04:40:21.605800   537 skeleton_planner.h:170] Found solution in: 1
I20260909 04:40:21.605806   537 skeleton_planner.h:170] Found solution in: 6
I20260909 04:40:21.605854   537 skeleton_planner.h:170] Found solution in: 69
I20260909 04:40:21.605865   537 skeleton_planner.h:170] Found solution in: 1
I20260909 04:40:21.605948   537 skeleton_planner.h:170] Found solution in: 4
I20260909 04:40:21.605955   537 skeleton_planner.h:170] Found solution in: 1
I20260909 04:40:21.605962   537 skeleton_planner.h:170] Found solution in: 1
I20260909 04:40:21.606038   537 skeleton_planner.h:170] Found solution in: 3
I20260909 04:40:21.606048   537 skeleton_planner.h:170] Found solution in: 1
I20260909 04:40:21.606058   537 skeleton_planner.h:170] Found solution in: 3
I20260909 04:40:21.606068   537 skeleton_planner.h:170] Found solution in: 1
I20260909 04:40:21.606073   537 skeleton_planner.h:170] Found solution in: 4
I20260909 04:40:21.606077   537 skeleton_planner.h:170] Found solution in: 5
I20260909 04:40:21.606093   537 skeleton_planner.h:170] Found solution in: 4
I20260909 04:40:21.606101   537 skeleton_planner.h:170] Found solution in: 1
I20260909 04:40:21.606105   537 skeleton_planner.h:170] Found solution in: 4
I20260909 04:40:21.606128   537 skeleton_planner.h:170] Found solution in: 6
I20260909 04:40:21.606137   537 skeleton_planner.h:170] Found solution in: 1
I20260909 04:40:21.606149   537 skeleton_planner.h:170] Found solution in: 1
I20260909 04:40:21.606153   537 skeleton_planner.h:170] Found solution in: 4
I20260909 04:40:21.606174   537 skeleton_planner.h:170] Found solution in: 6
I20260909 04:40:21.606185   537 skeleton_planner.h:170] Found solution in: 1
I20260909 04:40:21.606192   537 skeleton_planner.h:170] Found solution in: 1
I20260909 04:40:21.606206   537 skeleton_planner.h:170] Found solution in: 1
I20260909 04:40:21.606221   537 skeleton_planner.h:170] Found solution in: 3
I20260909 04:40:21.606230   537 skeleton_planner.h:170] Found solution in: 1
I20260909 04:40:21.606245   537 skeleton_planner.h:170] Found solution in: 3
I20260909 04:40:21.606261   537 skeleton_planner.h:170] Found solution in: 1
I20260909 04:40:21.606287   537 skeleton_planner.h:170] Found solution in: 7
I20260909 04:40:21.606299   537 skeleton_planner.h:170] Found solution in: 1
I20260909 04:40:21.606320   537 skeleton_planner.h:170] Found solution in: 4
I20260909 04:40:21.606330   537 skeleton_planner.h:170] Found solution in: 1
I20260909 04:40:21.606343   537 skeleton_planner.h:170] Found solution in: 3
I20260909 04:40:21.606351   537 skeleton_planner.h:170] Found solution in: 1
I20260909 04:40:21.606365   537 skeleton_planner.h:170] Found solution in: 3
I20260909 04:40:21.606374   537 skeleton_planner.h:170] Found solution in: 1
I20260909 04:40:21.606379   537 skeleton_planner.h:170] Found solution in: 3
I20260909 04:40:21.606406   537 skeleton_planner.h:170] Found solution in: 12
I20260909 04:40:21.606415   537 skeleton_planner.h:170] Found solution in: 1
I20260909 04:40:21.606443   537 skeleton_planner.h:170] Found solution in: 12
I20260909 04:40:21.606456   537 skeleton_planner.h:170] Found solution in: 1
I20260909 04:40:21.606464   537 skeleton_planner.h:170] Found solution in: 6
I20260909 04:40:21.606482   537 skeleton_planner.h:170] Found solution in: 15
I20260909 04:40:21.606489   537 skeleton_planner.h:170] Found solution in: 1
I20260909 04:40:21.606585   537 skeleton_planner.h:170] Found solution in: 5
I20260909 04:40:21.606595   537 skeleton_planner.h:170] Found solution in: 1
I20260909 04:40:21.606678   537 skeleton_planner.h:170] Found solution in: 3
I20260909 04:40:21.606688   537 skeleton_planner.h:170] Found solution in: 1
I20260909 04:40:21.606699   537 skeleton_planner.h:170] Found solution in: 3
I20260909 04:40:21.606707   537 skeleton_planner.h:170] Found solution in: 1
I20260909 04:40:21.606717   537 skeleton_planner.h:170] Found solution in: 10
I20260909 04:40:21.606809   537 skeleton_planner.h:170] Found solution in: 4
I20260909 04:40:21.606817   537 skeleton_planner.h:170] Found solution in: 1
I20260909 04:40:21.606828   537 skeleton_planner.h:170] Found solution in: 3
I20260909 04:40:21.606839   537 skeleton_planner.h:170] Found solution in: 1
I20260909 04:40:21.606851   537 skeleton_planner.h:170] Found solution in: 3
I20260909 04:40:21.606858   537 skeleton_planner.h:170] Found solution in: 1
I20260909 04:40:21.606869   537 skeleton_planner.h:170] Found solution in: 3
I20260909 04:40:21.606875   537 skeleton_planner.h:170] Found solution in: 1
I20260909 04:40:21.606879   537 skeleton_planner.h:170] Found solution in: 3
I20260909 04:40:21.606890   537 skeleton_planner.h:170] Found solution in: 4
I20260909 04:40:21.606899   537 skeleton_planner.h:170] Found solution in: 1
I20260909 04:40:21.606902   537 skeleton_planner.h:170] Found solution in: 3
I20260909 04:40:21.606920   537 skeleton_planner.h:170] Found solution in: 5
I20260909 04:40:21.606928   537 skeleton_planner.h:170] Found solution in: 1
I20260909 04:40:21.606938   537 skeleton_planner.h:170] Found solution in: 3
I20260909 04:40:21.606946   537 skeleton_planner.h:170] Found solution in: 1
I20260909 04:40:21.606967   537 skeleton_planner.h:170] Found solution in: 6
I20260909 04:40:21.606974   537 skeleton_planner.h:170] Found solution in: 1
I20260909 04:40:21.606985   537 skeleton_planner.h:170] Found solution in: 3
I20260909 04:40:21.607000   537 skeleton_planner.h:170] Found solution in: 1
I20260909 04:40:21.607004   537 skeleton_planner.h:170] Found solution in: 3
I20260909 04:40:21.607036   537 skeleton_planner.h:170] Found solution in: 15
I20260909 04:40:21.607048   537 skeleton_planner.h:170] Found solution in: 1
I20260909 04:40:21.607108   537 skeleton_planner.h:170] Found solution in: 26
I20260909 04:40:21.607120   537 skeleton_planner.h:170] Found solution in: 1
I20260909 04:40:21.607131   537 skeleton_planner.h:170] Found solution in: 1
I20260909 04:40:21.607136   537 skeleton_planner.h:170] Found solution in: 1
I20260909 04:40:21.607143   537 skeleton_planner.h:170] Found solution in: 1
I20260909 04:40:21.607237   537 skeleton_planner.h:170] Found solution in: 6
I20260909 04:40:21.607246   537 skeleton_planner.h:170] Found solution in: 1
I20260909 04:40:21.607326   537 skeleton_planner.h:170] Found solution in: 99
I20260909 04:40:21.607334   537 skeleton_planner.h:170] Found solution in: 1
I20260909 04:40:21.607401   537 skeleton_planner.h:170] Found solution in: 89
I20260909 04:40:21.607434   537 skeleton_planner.h:170] Found solution in: 42
I20260909 04:40:21.607445   537 skeleton_planner.h:170] Found solution in: 1
I20260909 04:40:21.607450   537 skeleton_planner.h:170] Found solution in: 1
I20260909 04:40:21.607460   537 skeleton_planner.h:170] Found solution in: 10
I20260909 04:40:21.607466   537 skeleton_planner.h:170] Found solution in: 1
I20260909 04:40:21.607472   537 skeleton_planner.h:170] Found solution in: 5
I20260909 04:40:21.607482   537 skeleton_planner.h:170] Found solution in: 12
I20260909 04:40:21.607489   537 skeleton_planner.h:170] Found solution in: 1
I20260909 04:40:21.607507   537 skeleton_planner.h:170] Found solution in: 3
I20260909 04:40:21.607513   537 skeleton_planner.h:170] Found solution in: 1
I20260909 04:40:21.607520   537 skeleton_planner.h:170] Found solution in: 8
I20260909 04:40:21.607558   537 skeleton_planner.h:170] Found solution in: 10
I20260909 04:40:21.607565   537 skeleton_planner.h:170] Found solution in: 1
I20260909 04:40:21.607578   537 skeleton_planner.h:170] Found solution in: 1
I20260909 04:40:21.607596   537 skeleton_planner.h:170] Found solution in: 4
I20260909 04:40:21.607605   537 skeleton_planner.h:170] Found solution in: 1
I20260909 04:40:21.607609   537 skeleton_planner.h:170] Found solution in: 3
I20260909 04:40:21.607626   537 skeleton_planner.h:170] Found solution in: 5
I20260909 04:40:21.607635   537 skeleton_planner.h:170] Found solution in: 1
I20260909 04:40:21.607646   537 skeleton_planner.h:170] Found solution in: 3
I20260909 04:40:21.607656   537 skeleton_planner.h:170] Found solution in: 1
I20260909 04:40:21.607661   537 skeleton_planner.h:170] Found solution in: 4
I20260909 04:40:21.607676   537 skeleton_planner.h:170] Found solution in: 4
I20260909 04:40:21.607684   537 skeleton_planner.h:170] Found solution in: 1
I20260909 04:40:21.607698   537 skeleton_planner.h:170] Found solution in: 4
I20260909 04:40:21.607708   537 skeleton_planner.h:170] Found solution in: 1
I20260909 04:40:21.607712   537 skeleton_planner.h:170] Found solution in: 2
I20260909 04:40:21.607721   537 skeleton_planner.h:170] Found solution in: 3
I20260909 04:40:21.607729   537 skeleton_planner.h:170] Found solution in: 1
I20260909 04:40:21.607739   537 skeleton_planner.h:170] Found solution in: 3
I20260909 04:40:21.607748   537 skeleton_planner.h:170] Found solution in: 1
I20260909 04:40:21.607757   537 skeleton_planner.h:170] Found solution in: 11
I20260909 04:40:21.607764   537 skeleton_planner.h:170] Found solution in: 1
I20260909 04:40:21.607771   537 skeleton_planner.h:170] Found solution in: 1
I20260909 04:40:21.607786   537 skeleton_planner.h:170] Found solution in: 4
I20260909 04:40:21.607796   537 skeleton_planner.h:170] Found solution in: 1
I20260909 04:40:21.607802   537 skeleton_planner.h:170] Found solution in: 6
I20260909 04:40:21.607825   537 skeleton_planner.h:170] Found solution in: 5
I20260909 04:40:21.607832   537 skeleton_planner.h:170] Found solution in: 1
I20260909 04:40:21.607915   537 skeleton_planner.h:170] Found solution in: 4
I20260909 04:40:21.607925   537 skeleton_planner.h:170] Found solution in: 1
I20260909 04:40:21.607939   537 skeleton_planner.h:170] Found solution in: 3
I20260909 04:40:21.607947   537 skeleton_planner.h:170] Found solution in: 1
I20260909 04:40:21.607996   537 skeleton_planner.h:170] Found solution in: 54
I20260909 04:40:21.608017   537 skeleton_planner.h:170] Found solution in: 23
I20260909 04:40:21.608106   537 skeleton_planner.h:170] Found solution in: 5
I20260909 04:40:21.608115   537 skeleton_planner.h:170] Found solution in: 1
I20260909 04:40:21.608157   537 skeleton_planner.h:170] Found solution in: 57
I20260909 04:40:21.608167   537 skeleton_planner.h:170] Found solution in: 1
I20260909 04:40:21.608175   537 skeleton_planner.h:170] Found solution in: 7
I20260909 04:40:21.608183   537 skeleton_planner.h:170] Found solution in: 1
I20260909 04:40:21.608242   537 skeleton_planner.h:170] Found solution in: 79
I20260909 04:40:21.608251   537 skeleton_planner.h:170] Found solution in: 1
I20260909 04:40:21.608256   537 skeleton_planner.h:170] Found solution in: 3
I20260909 04:40:21.608269   537 skeleton_planner.h:170] Found solution in: 4
I20260909 04:40:21.608276   537 skeleton_planner.h:170] Found solution in: 1
I20260909 04:40:21.608287   537 skeleton_planner.h:170] Found solution in: 3
I20260909 04:40:21.608299   537 skeleton_planner.h:170] Found solution in: 1
I20260909 04:40:21.608307   537 skeleton_planner.h:170] Found solution in: 1
I20260909 04:40:21.608314   537 skeleton_planner.h:170] Found solution in: 6
I20260909 04:40:21.608320   537 skeleton_planner.h:170] Found solution in: 1
I20260909 04:40:21.608368   537 skeleton_planner.h:170] Found solution in: 58
I20260909 04:40:21.608384   537 skeleton_planner.h:170] Found solution in: 19
I20260909 04:40:21.608393   537 skeleton_planner.h:170] Found solution in: 9
I20260909 04:40:21.608399   537 skeleton_planner.h:170] Found solution in: 1
I20260909 04:40:21.608428   537 skeleton_planner.h:170] Found solution in: 34
I20260909 04:40:21.608438   537 skeleton_planner.h:170] Found solution in: 1
I20260909 04:40:21.608443   537 skeleton_planner.h:170] Found solution in: 5
I20260909 04:40:21.608610   537 skeleton_planner.h:170] Found solution in: 72
I20260909 04:40:21.608676   537 skeleton_planner.h:170] Found solution in: 21
I20260909 04:40:21.608687   537 skeleton_planner.h:170] Found solution in: 1
I20260909 04:40:21.608742   537 skeleton_planner.h:170] Found solution in: 67
I20260909 04:40:21.608760   537 skeleton_planner.h:170] Found solution in: 18
I20260909 04:40:21.608767   537 skeleton_planner.h:170] Found solution in: 1
I20260909 04:40:21.608829   537 skeleton_planner.h:170] Found solution in: 80
I20260909 04:40:21.608842   537 skeleton_planner.h:170] Found solution in: 11
I20260909 04:40:21.608850   537 skeleton_planner.h:170] Found solution in: 1
I20260909 04:40:21.608861   537 skeleton_planner.h:170] Found solution in: 12
I20260909 04:40:21.608873   537 skeleton_planner.h:170] Found solution in: 16
I20260909 04:40:21.608896   537 skeleton_planner.h:170] Found solution in: 27
I20260909 04:40:21.608904   537 skeleton_planner.h:170] Found solution in: 1
I20260909 04:40:21.608942   537 skeleton_planner.h:170] Found solution in: 3
I20260909 04:40:21.608951   537 skeleton_planner.h:170] Found solution in: 1
I20260909 04:40:21.609045   537 skeleton_planner.h:170] Found solution in: 3
I20260909 04:40:21.609053   537 skeleton_planner.h:170] Found solution in: 1
I20260909 04:40:21.609057   537 skeleton_planner.h:170] Found solution in: 4
I20260909 04:40:21.609156   537 skeleton_planner.h:170] Found solution in: 5
I20260909 04:40:21.609165   537 skeleton_planner.h:170] Found solution in: 1
I20260909 04:40:21.609177   537 skeleton_planner.h:170] Found solution in: 3
I20260909 04:40:21.609184   537 skeleton_planner.h:170] Found solution in: 1
I20260909 04:40:21.609193   537 skeleton_planner.h:170] Found solution in: 1
I20260909 04:40:21.609198   537 skeleton_planner.h:170] Found solution in: 5
I20260909 04:40:21.609220   537 skeleton_planner.h:170] Found solution in: 6
I20260909 04:40:21.609227   537 skeleton_planner.h:170] Found solution in: 1
I20260909 04:40:21.609233   537 skeleton_planner.h:170] Found solution in: 4
I20260909 04:40:21.609264   537 skeleton_planner.h:170] Found solution in: 7
I20260909 04:40:21.609275   537 skeleton_planner.h:170] Found solution in: 1
I20260909 04:40:21.609287   537 skeleton_planner.h:170] Found solution in: 4
I20260909 04:40:21.609300   537 skeleton_planner.h:170] Found solution in: 4
I20260909 04:40:21.609313   537 skeleton_planner.h:170] Found solution in: 1
I20260909 04:40:21.609319   537 skeleton_planner.h:170] Found solution in: 1
I20260909 04:40:21.609332   537 skeleton_planner.h:170] Found solution in: 13
I20260909 04:40:21.609426   537 skeleton_planner.h:170] Found solution in: 3
I20260909 04:40:21.609433   537 skeleton_planner.h:170] Found solution in: 1
I20260909 04:40:21.609438   537 skeleton_planner.h:170] Found solution in: 3
I20260909 04:40:21.609442   537 skeleton_planner.h:170] Found solution in: 4
I20260909 04:40:21.609447   537 skeleton_planner.h:170] Found solution in: 1
I20260909 04:40:21.609452   537 skeleton_planner.h:170] Found solution in: 3
I20260909 04:40:21.609457   537 skeleton_planner.h:170] Found solution in: 4
I20260909 04:40:21.609489   537 skeleton_planner.h:170] Found solution in: 41
I20260909 04:40:21.609498   537 skeleton_planner.h:170] Found solution in: 1
I20260909 04:40:21.609501   537 skeleton_planner.h:170] Found solution in: 2
I20260909 04:40:21.609910   537 skeleton_planner.h:170] Found solution in: 1
I20260909 04:40:21.609913   537 skeleton_planner.h:170] Found solution in: 2
I20260909 04:40:21.610498   537 skeleton_planner.h:170] Found solution in: 1
I20260909 04:40:21.610502   537 skeleton_planner.h:170] Found solution in: 2
I20260909 04:40:21.611280   537 skeleton_planner.h:170] Found solution in: 1
I20260909 04:40:21.611284   537 skeleton_planner.h:170] Found solution in: 2
I20260909 04:40:21.611917   537 skeleton_planner.h:170] Found solution in: 1
I20260909 04:40:21.612404   537 skeleton_planner.h:170] Found solution in: 8
I20260909 04:40:21.612413   537 skeleton_planner.h:170] Found solution in: 1
I20260909 04:40:21.612426   537 skeleton_planner.h:170] Found solution in: 3
I20260909 04:40:21.612432   537 skeleton_planner.h:170] Found solution in: 1
I20260909 04:40:21.612443   537 skeleton_planner.h:170] Found solution in: 4
I20260909 04:40:21.612452   537 skeleton_planner.h:170] Found solution in: 1
I20260909 04:40:21.612460   537 skeleton_planner.h:170] Found solution in: 7
I20260909 04:40:21.612466   537 skeleton_planner.h:170] Found solution in: 1
I20260909 04:40:21.612473   537 skeleton_planner.h:170] Found solution in: 8
I20260909 04:40:21.612571   537 skeleton_planner.h:170] Found solution in: 3
I20260909 04:40:21.612581   537 skeleton_planner.h:170] Found solution in: 1
I20260909 04:40:21.612586   537 skeleton_planner.h:170] Found solution in: 4
I20260909 04:40:21.612593   537 skeleton_planner.h:170] Found solution in: 1
I20260909 04:40:21.612609   537 skeleton_planner.h:170] Found solution in: 19
I20260909 04:40:21.612617   537 skeleton_planner.h:170] Found solution in: 1
I20260909 04:40:21.612632   537 skeleton_planner.h:170] Found solution in: 16
I20260909 04:40:21.612640   537 skeleton_planner.h:170] Found solution in: 1
I20260909 04:40:21.612643   537 skeleton_planner.h:170] Found solution in: 2
I20260909 04:40:21.612668   537 skeleton_planner.h:170] Found solution in: 9
I20260909 04:40:21.612679   537 skeleton_planner.h:170] Found solution in: 1
I20260909 04:40:21.612707   537 skeleton_planner.h:170] Found solution in: 8
I20260909 04:40:21.612718   537 skeleton_planner.h:170] Found solution in: 1
I20260909 04:40:21.612805   537 skeleton_planner.h:170] Found solution in: 5
I20260909 04:40:21.612818   537 skeleton_planner.h:170] Found solution in: 1
I20260909 04:40:21.612821   537 skeleton_planner.h:170] Found solution in: 3
I20260909 04:40:21.612831   537 skeleton_planner.h:170] Found solution in: 3
I20260909 04:40:21.612841   537 skeleton_planner.h:170] Found solution in: 1
I20260909 04:40:21.612855   537 skeleton_planner.h:170] Found solution in: 5
I20260909 04:40:21.612864   537 skeleton_planner.h:170] Found solution in: 1
I20260909 04:40:21.612946   537 skeleton_planner.h:170] Found solution in: 3
I20260909 04:40:21.612953   537 skeleton_planner.h:170] Found solution in: 1
I20260909 04:40:21.613044   537 skeleton_planner.h:170] Found solution in: 3
I20260909 04:40:21.613054   537 skeleton_planner.h:170] Found solution in: 1
I20260909 04:40:21.613068   537 skeleton_planner.h:170] Found solution in: 4
I20260909 04:40:21.613076   537 skeleton_planner.h:170] Found solution in: 1
I20260909 04:40:21.613090   537 skeleton_planner.h:170] Found solution in: 3
I20260909 04:40:21.613097   537 skeleton_planner.h:170] Found solution in: 1
I20260909 04:40:21.613111   537 skeleton_planner.h:170] Found solution in: 4
I20260909 04:40:21.613119   537 skeleton_planner.h:170] Found solution in: 1
I20260909 04:40:21.613123   537 skeleton_planner.h:170] Found solution in: 3
I20260909 04:40:21.613135   537 skeleton_planner.h:170] Found solution in: 4
I20260909 04:40:21.613143   537 skeleton_planner.h:170] Found solution in: 1
I20260909 04:40:21.613154   537 skeleton_planner.h:170] Found solution in: 4
I20260909 04:40:21.613161   537 skeleton_planner.h:170] Found solution in: 1
I20260909 04:40:21.613175   537 skeleton_planner.h:170] Found solution in: 3
I20260909 04:40:21.613184   537 skeleton_planner.h:170] Found solution in: 1
I20260909 04:40:21.613198   537 skeleton_planner.h:170] Found solution in: 3
I20260909 04:40:21.613209   537 skeleton_planner.h:170] Found solution in: 1
I20260909 04:40:21.613220   537 skeleton_planner.h:170] Found solution in: 3
I20260909 04:40:21.613227   537 skeleton_planner.h:170] Found solution in: 1
I20260909 04:40:21.613240   537 skeleton_planner.h:170] Found solution in: 3
I20260909 04:40:21.613247   537 skeleton_planner.h:170] Found solution in: 1
I20260909 04:40:21.613269   537 skeleton_planner.h:170] Found solution in: 6
I20260909 04:40:21.613277   537 skeleton_planner.h:170] Found solution in: 1
I20260909 04:40:21.613302   537 skeleton_planner.h:170] Found solution in: 4
I20260909 04:40:21.613313   537 skeleton_planner.h:170] Found solution in: 1
I20260909 04:40:21.613334   537 skeleton_planner.h:170] Found solution in: 24
I20260909 04:40:21.613358   537 skeleton_planner.h:170] Found solution in: 28
I20260909 04:40:21.613373   537 skeleton_planner.h:170] Found solution in: 17
I20260909 04:40:21.613380   537 skeleton_planner.h:170] Found solution in: 1
I20260909 04:40:21.613389   537 skeleton_planner.h:170] Found solution in: 8
I20260909 04:40:21.613395   537 skeleton_planner.h:170] Found solution in: 8
I20260909 04:40:21.613400   537 skeleton_planner.h:170] Found solution in: 1
I20260909 04:40:21.613406   537 skeleton_planner.h:170] Found solution in: 3
I20260909 04:40:21.613415   537 skeleton_planner.h:170] Found solution in: 10
I20260909 04:40:21.613423   537 skeleton_planner.h:170] Found solution in: 1
I20260909 04:40:21.613438   537 skeleton_planner.h:170] Found solution in: 19
I20260909 04:40:21.613454   537 skeleton_planner.h:170] Found solution in: 19
I20260909 04:40:21.613461   537 skeleton_planner.h:170] Found solution in: 1
I20260909 04:40:21.613500   537 skeleton_planner.h:170] Found solution in: 49
I20260909 04:40:21.613515   537 skeleton_planner.h:170] Found solution in: 15
I20260909 04:40:21.613523   537 skeleton_planner.h:170] Found solution in: 1
I20260909 04:40:21.613580   537 skeleton_planner.h:170] Found solution in: 78
I20260909 04:40:21.613595   537 skeleton_planner.h:170] Found solution in: 16
I20260909 04:40:21.613602   537 skeleton_planner.h:170] Found solution in: 1
I20260909 04:40:21.613621   537 skeleton_planner.h:170] Found solution in: 25
I20260909 04:40:21.613680   537 skeleton_planner.h:170] Found solution in: 77
I20260909 04:40:21.613690   537 skeleton_planner.h:170] Found solution in: 9
I20260909 04:40:21.613696   537 skeleton_planner.h:170] Found solution in: 1
I20260909 04:40:21.613701   537 skeleton_planner.h:170] Found solution in: 3
I20260909 04:40:21.613720   537 skeleton_planner.h:170] Found solution in: 23
I20260909 04:40:21.613729   537 skeleton_planner.h:170] Found solution in: 1
I20260909 04:40:21.613754   537 skeleton_planner.h:170] Found solution in: 7
I20260909 04:40:21.613763   537 skeleton_planner.h:170] Found solution in: 1
I20260909 04:40:21.613766   537 skeleton_planner.h:170] Found solution in: 2
I20260909 04:40:21.613780   537 skeleton_planner.h:170] Found solution in: 4
I20260909 04:40:21.613785   537 skeleton_planner.h:170] Found solution in: 1
I20260909 04:40:21.613868   537 skeleton_planner.h:170] Found solution in: 3
I20260909 04:40:21.613875   537 skeleton_planner.h:170] Found solution in: 1
I20260909 04:40:21.613897   537 skeleton_planner.h:170] Found solution in: 6
I20260909 04:40:21.613904   537 skeleton_planner.h:170] Found solution in: 1
I20260909 04:40:21.613912   537 skeleton_planner.h:170] Found solution in: 8
I20260909 04:40:21.613919   537 skeleton_planner.h:170] Found solution in: 1
I20260909 04:40:21.613924   537 skeleton_planner.h:170] Found solution in: 1
I20260909 04:40:21.614012   537 skeleton_planner.h:170] Found solution in: 4
I20260909 04:40:21.614023   537 skeleton_planner.h:170] Found solution in: 1
I20260909 04:40:21.614028   537 skeleton_planner.h:170] Found solution in: 5
I20260909 04:40:21.614053   537 skeleton_planner.h:170] Found solution in: 5
I20260909 04:40:21.614060   537 skeleton_planner.h:170] Found solution in: 1
I20260909 04:40:21.614081   537 skeleton_planner.h:170] Found solution in: 5
I20260909 04:40:21.614094   537 skeleton_planner.h:170] Found solution in: 1
I20260909 04:40:21.614099   537 skeleton_planner.h:170] Found solution in: 3
I20260909 04:40:21.614790   537 skeleton_planner.h:170] Found solution in: 1
I20260909 04:40:21.614795   537 skeleton_planner.h:170] Found solution in: 3
I20260909 04:40:21.615285   537 skeleton_planner.h:170] Found solution in: 1
I20260909 04:40:21.615302   537 skeleton_planner.h:170] Found solution in: 4
I20260909 04:40:21.615312   537 skeleton_planner.h:170] Found solution in: 1
I20260909 04:40:21.615329   537 skeleton_planner.h:170] Found solution in: 21
I20260909 04:40:21.615360   537 skeleton_planner.h:170] Found solution in: 4
I20260909 04:40:21.615367   537 skeleton_planner.h:170] Found solution in: 1
I20260909 04:40:21.615396   537 skeleton_planner.h:170] Found solution in: 4
I20260909 04:40:21.615402   537 skeleton_planner.h:170] Found solution in: 1
I20260909 04:40:21.615411   537 skeleton_planner.h:170] Found solution in: 1
I20260909 04:40:21.615419   537 skeleton_planner.h:170] Found solution in: 1
I20260909 04:40:21.615425   537 skeleton_planner.h:170] Found solution in: 6
I20260909 04:40:21.615465   537 skeleton_planner.h:170] Found solution in: 8
I20260909 04:40:21.615476   537 skeleton_planner.h:170] Found solution in: 1
I20260909 04:40:21.615558   537 skeleton_planner.h:170] Found solution in: 3
I20260909 04:40:21.615566   537 skeleton_planner.h:170] Found solution in: 1
I20260909 04:40:21.615571   537 skeleton_planner.h:170] Found solution in: 5
I20260909 04:40:21.615578   537 skeleton_planner.h:170] Found solution in: 6
I20260909 04:40:21.615597   537 skeleton_planner.h:170] Found solution in: 4
I20260909 04:40:21.615607   537 skeleton_planner.h:170] Found solution in: 1
I20260909 04:40:21.615638   537 skeleton_planner.h:170] Found solution in: 9
I20260909 04:40:21.615648   537 skeleton_planner.h:170] Found solution in: 1
I20260909 04:40:21.615653   537 skeleton_planner.h:170] Found solution in: 4
I20260909 04:40:21.615674   537 skeleton_planner.h:170] Found solution in: 5
I20260909 04:40:21.615680   537 skeleton_planner.h:170] Found solution in: 1
I20260909 04:40:21.615685   537 skeleton_planner.h:170] Found solution in: 4
I20260909 04:40:21.615702   537 skeleton_planner.h:170] Found solution in: 4
I20260909 04:40:21.615710   537 skeleton_planner.h:170] Found solution in: 1
I20260909 04:40:21.615722   537 skeleton_planner.h:170] Found solution in: 3
I20260909 04:40:21.615734   537 skeleton_planner.h:170] Found solution in: 1
I20260909 04:40:21.615746   537 skeleton_planner.h:170] Found solution in: 3
I20260909 04:40:21.615754   537 skeleton_planner.h:170] Found solution in: 1
I20260909 04:40:21.615767   537 skeleton_planner.h:170] Found solution in: 4
I20260909 04:40:21.615778   537 skeleton_planner.h:170] Found solution in: 1
I20260909 04:40:21.615875   537 skeleton_planner.h:170] Found solution in: 4
I20260909 04:40:21.615886   537 skeleton_planner.h:170] Found solution in: 1
I20260909 04:40:21.615895   537 skeleton_planner.h:170] Found solution in: 3
I20260909 04:40:21.615902   537 skeleton_planner.h:170] Found solution in: 1
I20260909 04:40:21.615909   537 skeleton_planner.h:170] Found solution in: 1
I20260909 04:40:21.615916   537 skeleton_planner.h:170] Found solution in: 6
I20260909 04:40:21.615998   537 skeleton_planner.h:170] Found solution in: 5
I20260909 04:40:21.616006   537 skeleton_planner.h:170] Found solution in: 1
I20260909 04:40:21.616015   537 skeleton_planner.h:170] Found solution in: 1
I20260909 04:40:21.616029   537 skeleton_planner.h:170] Found solution in: 18
I20260909 04:40:21.616037   537 skeleton_planner.h:170] Found solution in: 6
I20260909 04:40:21.616043   537 skeleton_planner.h:170] Found solution in: 1
I20260909 04:40:21.616055   537 skeleton_planner.h:170] Found solution in: 14
I20260909 04:40:21.616062   537 skeleton_planner.h:170] Found solution in: 1
I20260909 04:40:21.616106   537 skeleton_planner.h:170] Found solution in: 3
I20260909 04:40:21.616117   537 skeleton_planner.h:170] Found solution in: 1
I20260909 04:40:21.616125   537 skeleton_planner.h:170] Found solution in: 10
I20260909 04:40:21.616272   537 skeleton_planner.h:170] Found solution in: 72
I20260909 04:40:21.616286   537 skeleton_planner.h:170] Found solution in: 1
I20260909 04:40:21.616295   537 skeleton_planner.h:170] Found solution in: 9
I20260909 04:40:21.616302   537 skeleton_planner.h:170] Found solution in: 1
I20260909 04:40:21.616322   537 skeleton_planner.h:170] Found solution in: 21
I20260909 04:40:21.616333   537 skeleton_planner.h:170] Found solution in: 1
I20260909 04:40:21.616344   537 skeleton_planner.h:170] Found solution in: 13
I20260909 04:40:21.616439   537 skeleton_planner.h:170] Found solution in: 4
I20260909 04:40:21.616447   537 skeleton_planner.h:170] Found solution in: 1
I20260909 04:40:21.616463   537 skeleton_planner.h:170] Found solution in: 16
I20260909 04:40:21.616472   537 skeleton_planner.h:170] Found solution in: 1
I20260909 04:40:21.616477   537 skeleton_planner.h:170] Found solution in: 1
I20260909 04:40:21.616493   537 skeleton_planner.h:170] Found solution in: 4
I20260909 04:40:21.616503   537 skeleton_planner.h:170] Found solution in: 1
I20260909 04:40:21.616505   537 skeleton_planner.h:170] Found solution in: 2
I20260909 04:40:21.616510   537 skeleton_planner.h:170] Found solution in: 1
I20260909 04:40:21.616514   537 skeleton_planner.h:170] Found solution in: 2
I20260909 04:40:21.616533   537 skeleton_planner.h:170] Found solution in: 5
I20260909 04:40:21.616542   537 skeleton_planner.h:170] Found solution in: 1
I20260909 04:40:21.616561   537 skeleton_planner.h:170] Found solution in: 6
I20260909 04:40:21.616571   537 skeleton_planner.h:170] Found solution in: 1
I20260909 04:40:21.616576   537 skeleton_planner.h:170] Found solution in: 4
I20260909 04:40:21.616585   537 skeleton_planner.h:170] Found solution in: 1
I20260909 04:40:21.616590   537 skeleton_planner.h:170] Found solution in: 5
I20260909 04:40:21.616598   537 skeleton_planner.h:170] Found solution in: 9
I20260909 04:40:21.616607   537 skeleton_planner.h:170] Found solution in: 1
I20260909 04:40:21.616611   537 skeleton_planner.h:170] Found solution in: 3
I20260909 04:40:21.616626   537 skeleton_planner.h:170] Found solution in: 4
I20260909 04:40:21.616636   537 skeleton_planner.h:170] Found solution in: 1
I20260909 04:40:21.616654   537 skeleton_planner.h:170] Found solution in: 5
I20260909 04:40:21.616662   537 skeleton_planner.h:170] Found solution in: 1
I20260909 04:40:21.616669   537 skeleton_planner.h:170] Found solution in: 8
I20260909 04:40:21.616680   537 skeleton_planner.h:170] Found solution in: 1
I20260909 04:40:21.616693   537 skeleton_planner.h:170] Found solution in: 14
I20260909 04:40:21.616794   537 skeleton_planner.h:170] Found solution in: 4
I20260909 04:40:21.616804   537 skeleton_planner.h:170] Found solution in: 1
I20260909 04:40:21.616818   537 skeleton_planner.h:170] Found solution in: 4
I20260909 04:40:21.616828   537 skeleton_planner.h:170] Found solution in: 1
I20260909 04:40:21.616837   537 skeleton_planner.h:170] Found solution in: 1
I20260909 04:40:21.616839   537 skeleton_planner.h:170] Found solution in: 2
I20260909 04:40:21.616858   537 skeleton_planner.h:170] Found solution in: 4
I20260909 04:40:21.616868   537 skeleton_planner.h:170] Found solution in: 1
I20260909 04:40:21.616878   537 skeleton_planner.h:170] Found solution in: 3
I20260909 04:40:21.616885   537 skeleton_planner.h:170] Found solution in: 1
I20260909 04:40:21.616899   537 skeleton_planner.h:170] Found solution in: 4
I20260909 04:40:21.616909   537 skeleton_planner.h:170] Found solution in: 1
I20260909 04:40:21.616919   537 skeleton_planner.h:170] Found solution in: 3
I20260909 04:40:21.616926   537 skeleton_planner.h:170] Found solution in: 1
I20260909 04:40:21.616936   537 skeleton_planner.h:170] Found solution in: 3
I20260909 04:40:21.616943   537 skeleton_planner.h:170] Found solution in: 1
I20260909 04:40:21.616958   537 skeleton_planner.h:170] Found solution in: 4
I20260909 04:40:21.616969   537 skeleton_planner.h:170] Found solution in: 1
I20260909 04:40:21.616973   537 skeleton_planner.h:170] Found solution in: 2
I20260909 04:40:21.616989   537 skeleton_planner.h:170] Found solution in: 5
I20260909 04:40:21.616997   537 skeleton_planner.h:170] Found solution in: 1
I20260909 04:40:21.617087   537 skeleton_planner.h:170] Found solution in: 5
I20260909 04:40:21.617101   537 skeleton_planner.h:170] Found solution in: 1
I20260909 04:40:21.617107   537 skeleton_planner.h:170] Found solution in: 1
I20260909 04:40:21.617120   537 skeleton_planner.h:170] Found solution in: 3
I20260909 04:40:21.617126   537 skeleton_planner.h:170] Found solution in: 1
I20260909 04:40:21.617133   537 skeleton_planner.h:170] Found solution in: 1
I20260909 04:40:21.617146   537 skeleton_planner.h:170] Found solution in: 12
I20260909 04:40:21.617153   537 skeleton_planner.h:170] Found solution in: 6
I20260909 04:40:21.617159   537 skeleton_planner.h:170] Found solution in: 1
I20260909 04:40:21.617172   537 skeleton_planner.h:170] Found solution in: 13
I20260909 04:40:21.617182   537 skeleton_planner.h:170] Found solution in: 1
I20260909 04:40:21.617185   537 skeleton_planner.h:170] Found solution in: 2
I20260909 04:40:21.617556   537 skeleton_planner.h:170] Found solution in: 1
I20260909 04:40:21.617561   537 skeleton_planner.h:170] Found solution in: 2
I20260909 04:40:21.617918   537 skeleton_planner.h:170] Found solution in: 1
I20260909 04:40:21.617928   537 skeleton_planner.h:170] Found solution in: 9
I20260909 04:40:21.617935   537 skeleton_planner.h:170] Found solution in: 1
I20260909 04:40:21.617944   537 skeleton_planner.h:170] Found solution in: 8
I20260909 04:40:21.618242   537 skeleton_planner.h:170] Found solution in: 1
I20260909 04:40:21.618505   537 skeleton_planner.h:170] Found solution in: 87
I20260909 04:40:21.618523   537 skeleton_planner.h:170] Found solution in: 9
I20260909 04:40:21.618530   537 skeleton_planner.h:170] Found solution in: 1
I20260909 04:40:21.618537   537 skeleton_planner.h:170] Found solution in: 5
I20260909 04:40:21.618544   537 skeleton_planner.h:170] Found solution in: 6
I20260909 04:40:21.618549   537 skeleton_planner.h:170] Found solution in: 1
I20260909 04:40:21.618556   537 skeleton_planner.h:170] Found solution in: 5
I20260909 04:40:21.618564   537 skeleton_planner.h:170] Found solution in: 9
I20260909 04:40:21.618569   537 skeleton_planner.h:170] Found solution in: 1
I20260909 04:40:21.618597   537 skeleton_planner.h:170] Found solution in: 3
I20260909 04:40:21.618604   537 skeleton_planner.h:170] Found solution in: 1
I20260909 04:40:21.618640   537 skeleton_planner.h:170] Found solution in: 6
I20260909 04:40:21.618649   537 skeleton_planner.h:170] Found solution in: 1
I20260909 04:40:21.618659   537 skeleton_planner.h:170] Found solution in: 3
I20260909 04:40:21.618669   537 skeleton_planner.h:170] Found solution in: 1
I20260909 04:40:21.618672   537 skeleton_planner.h:170] Found solution in: 2
I20260909 04:40:21.618685   537 skeleton_planner.h:170] Found solution in: 4
I20260909 04:40:21.618695   537 skeleton_planner.h:170] Found solution in: 1
I20260909 04:40:21.618821   537 skeleton_planner.h:170] Found solution in: 60
I20260909 04:40:21.618836   537 skeleton_planner.h:170] Found solution in: 1
I20260909 04:40:21.618858   537 skeleton_planner.h:170] Found solution in: 3
I20260909 04:40:21.618868   537 skeleton_planner.h:170] Found solution in: 1
I20260909 04:40:21.618880   537 skeleton_planner.h:170] Found solution in: 3
I20260909 04:40:21.618889   537 skeleton_planner.h:170] Found solution in: 1
I20260909 04:40:21.618896   537 skeleton_planner.h:170] Found solution in: 1
I20260909 04:40:21.618901   537 skeleton_planner.h:170] Found solution in: 1
I20260909 04:40:21.618908   537 skeleton_planner.h:170] Found solution in: 1
I20260909 04:40:21.618917   537 skeleton_planner.h:170] Found solution in: 8
I20260909 04:40:21.618952   537 skeleton_planner.h:170] Found solution in: 43
I20260909 04:40:21.618961   537 skeleton_planner.h:170] Found solution in: 1
I20260909 04:40:21.618992   537 skeleton_planner.h:170] Found solution in: 38
I20260909 04:40:21.619004   537 skeleton_planner.h:170] Found solution in: 1
I20260909 04:40:21.619007   537 skeleton_planner.h:170] Found solution in: 3
I20260909 04:40:21.619021   537 skeleton_planner.h:170] Found solution in: 5
I20260909 04:40:21.619031   537 skeleton_planner.h:170] Found solution in: 1
I20260909 04:40:21.619043   537 skeleton_planner.h:170] Found solution in: 4
I20260909 04:40:21.619050   537 skeleton_planner.h:170] Found solution in: 1
I20260909 04:40:21.619123   537 skeleton_planner.h:170] Found solution in: 84
I20260909 04:40:21.619134   537 skeleton_planner.h:170] Found solution in: 1
I20260909 04:40:21.619148   537 skeleton_planner.h:170] Found solution in: 4
I20260909 04:40:21.619158   537 skeleton_planner.h:170] Found solution in: 1
I20260909 04:40:21.619248   537 skeleton_planner.h:170] Found solution in: 4
I20260909 04:40:21.619257   537 skeleton_planner.h:170] Found solution in: 1
I20260909 04:40:21.619267   537 skeleton_planner.h:170] Found solution in: 3
I20260909 04:40:21.619277   537 skeleton_planner.h:170] Found solution in: 1
I20260909 04:40:21.619294   537 skeleton_planner.h:170] Found solution in: 6
I20260909 04:40:21.619302   537 skeleton_planner.h:170] Found solution in: 1
I20260909 04:40:21.619310   537 skeleton_planner.h:170] Found solution in: 2
I20260909 04:40:21.619323   537 skeleton_planner.h:170] Found solution in: 4
I20260909 04:40:21.619330   537 skeleton_planner.h:170] Found solution in: 1
I20260909 04:40:21.619513   537 skeleton_planner.h:170] Found solution in: 5
I20260909 04:40:21.619518   537 skeleton_planner.h:170] Found solution in: 1
I20260909 04:40:21.619522   537 skeleton_planner.h:170] Found solution in: 2
I20260909 04:40:21.619526   537 skeleton_planner.h:170] Found solution in: 1
I20260909 04:40:21.619529   537 skeleton_planner.h:170] Found solution in: 2
I20260909 04:40:21.619534   537 skeleton_planner.h:170] Found solution in: 1
I20260909 04:40:21.619542   537 skeleton_planner.h:170] Found solution in: 9
I20260909 04:40:21.619550   537 skeleton_planner.h:170] Found solution in: 1
I20260909 04:40:21.619598   537 skeleton_planner.h:170] Found solution in: 51
I20260909 04:40:21.619685   537 skeleton_planner.h:170] Found solution in: 5
I20260909 04:40:21.619693   537 skeleton_planner.h:170] Found solution in: 1
I20260909 04:40:21.619697   537 skeleton_planner.h:170] Found solution in: 3
I20260909 04:40:21.619704   537 skeleton_planner.h:170] Found solution in: 1
I20260909 04:40:21.619712   537 skeleton_planner.h:170] Found solution in: 3
I20260909 04:40:21.619717   537 skeleton_planner.h:170] Found solution in: 1
I20260909 04:40:21.619737   537 skeleton_planner.h:170] Found solution in: 27
I20260909 04:40:21.619745   537 skeleton_planner.h:170] Found solution in: 1
I20260909 04:40:21.619752   537 skeleton_planner.h:170] Found solution in: 8
I20260909 04:40:21.619980   537 skeleton_planner.h:170] Found solution in: 9
I20260909 04:40:21.619990   537 skeleton_planner.h:170] Found solution in: 1
I20260909 04:40:21.620012   537 skeleton_planner.h:170] Found solution in: 6
I20260909 04:40:21.620023   537 skeleton_planner.h:170] Found solution in: 1
I20260909 04:40:21.620042   537 skeleton_planner.h:170] Found solution in: 7
I20260909 04:40:21.620050   537 skeleton_planner.h:170] Found solution in: 1
I20260909 04:40:21.620066   537 skeleton_planner.h:170] Found solution in: 3
I20260909 04:40:21.620072   537 skeleton_planner.h:170] Found solution in: 1
I20260909 04:40:21.620079   537 skeleton_planner.h:170] Found solution in: 7
I20260909 04:40:21.620086   537 skeleton_planner.h:170] Found solution in: 1
I20260909 04:40:21.620110   537 skeleton_planner.h:170] Found solution in: 3
I20260909 04:40:21.620118   537 skeleton_planner.h:170] Found solution in: 1
I20260909 04:40:21.620168   537 skeleton_planner.h:170] Found solution in: 25
I20260909 04:40:21.620219   537 skeleton_planner.h:170] Found solution in: 20
I20260909 04:40:21.620229   537 skeleton_planner.h:170] Found solution in: 1
I20260909 04:40:21.620234   537 skeleton_planner.h:170] Found solution in: 3
I20260909 04:40:21.620627   537 skeleton_planner.h:170] Found solution in: 1
I20260909 04:40:21.620632   537 skeleton_planner.h:170] Found solution in: 3
I20260909 04:40:21.620802   537 skeleton_planner.h:170] Found solution in: 87
I20260909 04:40:21.621002   537 skeleton_planner.h:170] Found solution in: 1
I20260909 04:40:21.621017   537 skeleton_planner.h:170] Found solution in: 3
I20260909 04:40:21.621024   537 skeleton_planner.h:170] Found solution in: 1
I20260909 04:40:21.621030   537 skeleton_planner.h:170] Found solution in: 1
I20260909 04:40:21.621038   537 skeleton_planner.h:170] Found solution in: 1
I20260909 04:40:21.621053   537 skeleton_planner.h:170] Found solution in: 5
I20260909 04:40:21.621063   537 skeleton_planner.h:170] Found solution in: 1
I20260909 04:40:21.621069   537 skeleton_planner.h:170] Found solution in: 1
I20260909 04:40:21.621076   537 skeleton_planner.h:170] Found solution in: 1
I20260909 04:40:21.621083   537 skeleton_planner.h:170] Found solution in: 1
I20260909 04:40:21.621178   537 skeleton_planner.h:170] Found solution in: 3
I20260909 04:40:21.621187   537 skeleton_planner.h:170] Found solution in: 1
I20260909 04:40:21.621191   537 skeleton_planner.h:170] Found solution in: 3
I20260909 04:40:21.621212   537 skeleton_planner.h:170] Found solution in: 5
I20260909 04:40:21.621220   537 skeleton_planner.h:170] Found solution in: 1
I20260909 04:40:21.621230   537 skeleton_planner.h:170] Found solution in: 3
I20260909 04:40:21.621239   537 skeleton_planner.h:170] Found solution in: 1
I20260909 04:40:21.621263   537 skeleton_planner.h:170] Found solution in: 7
I20260909 04:40:21.621271   537 skeleton_planner.h:170] Found solution in: 1
I20260909 04:40:21.621362   537 skeleton_planner.h:170] Found solution in: 3
I20260909 04:40:21.621372   537 skeleton_planner.h:170] Found solution in: 1
I20260909 04:40:21.621384   537 skeleton_planner.h:170] Found solution in: 10
I20260909 04:40:21.621392   537 skeleton_planner.h:170] Found solution in: 1
I20260909 04:40:21.621398   537 skeleton_planner.h:170] Found solution in: 5
I20260909 04:40:21.621403   537 skeleton_planner.h:170] Found solution in: 1
I20260909 04:40:21.621411   537 skeleton_planner.h:170] Found solution in: 8
I20260909 04:40:21.621421   537 skeleton_planner.h:170] Found solution in: 1
I20260909 04:40:21.621428   537 skeleton_planner.h:170] Found solution in: 1
I20260909 04:40:21.621434   537 skeleton_planner.h:170] Found solution in: 1
I20260909 04:40:21.621439   537 skeleton_planner.h:170] Found solution in: 4
I20260909 04:40:21.621444   537 skeleton_planner.h:170] Found solution in: 1
I20260909 04:40:21.621448   537 skeleton_planner.h:170] Found solution in: 4
I20260909 04:40:21.621455   537 skeleton_planner.h:170] Found solution in: 1
I20260909 04:40:21.621461   537 skeleton_planner.h:170] Found solution in: 1
I20260909 04:40:21.621536   537 skeleton_planner.h:170] Found solution in: 6
I20260909 04:40:21.621547   537 skeleton_planner.h:170] Found solution in: 3
I20260909 04:40:21.621559   537 skeleton_planner.h:170] Found solution in: 3
I20260909 04:40:21.621574   537 skeleton_planner.h:170] Found solution in: 5
I20260909 04:40:21.621601   537 skeleton_planner.h:170] Found solution in: 8
I20260909 04:40:21.621622   537 skeleton_planner.h:170] Found solution in: 5
I20260909 04:40:21.621637   537 skeleton_planner.h:170] Found solution in: 5
I20260909 04:40:21.621646   537 skeleton_planner.h:170] Found solution in: 3
I20260909 04:40:21.621667   537 skeleton_planner.h:170] Found solution in: 7
I20260909 04:40:21.621690   537 skeleton_planner.h:170] Found solution in: 7
I20260909 04:40:21.621709   537 skeleton_planner.h:170] Found solution in: 6
I20260909 04:40:21.621723   537 skeleton_planner.h:170] Found solution in: 4
I20260909 04:40:21.621738   537 skeleton_planner.h:170] Found solution in: 4
I20260909 04:40:21.621755   537 skeleton_planner.h:170] Found solution in: 5
I20260909 04:40:21.621767   537 skeleton_planner.h:170] Found solution in: 3
I20260909 04:40:21.621783   537 skeleton_planner.h:170] Found solution in: 7
I20260909 04:40:21.621791   537 skeleton_planner.h:170] Found solution in: 3
I20260909 04:40:21.621800   537 skeleton_planner.h:170] Found solution in: 3
I20260909 04:40:21.621810   537 skeleton_planner.h:170] Found solution in: 3
I20260909 04:40:21.621827   537 skeleton_planner.h:170] Found solution in: 5
I20260909 04:40:21.621838   537 skeleton_planner.h:170] Found solution in: 3
I20260909 04:40:21.621855   537 skeleton_planner.h:170] Found solution in: 4
I20260909 04:40:21.621869   537 skeleton_planner.h:170] Found solution in: 5
I20260909 04:40:21.621881   537 skeleton_planner.h:170] Found solution in: 3
I20260909 04:40:21.621891   537 skeleton_planner.h:170] Found solution in: 3
I20260909 04:40:21.621903   537 skeleton_planner.h:170] Found solution in: 5
I20260909 04:40:21.621917   537 skeleton_planner.h:170] Found solution in: 4
I20260909 04:40:21.621929   537 skeleton_planner.h:170] Found solution in: 7
I20260909 04:40:21.621948   537 skeleton_planner.h:170] Found solution in: 7
I20260909 04:40:21.621963   537 skeleton_planner.h:170] Found solution in: 7
I20260909 04:40:21.621979   537 skeleton_planner.h:170] Found solution in: 5
I20260909 04:40:21.621990   537 skeleton_planner.h:170] Found solution in: 3
I20260909 04:40:21.622001   537 skeleton_planner.h:170] Found solution in: 3
I20260909 04:40:21.622012   537 skeleton_planner.h:170] Found solution in: 3
I20260909 04:40:21.622021   537 skeleton_planner.h:170] Found solution in: 3
I20260909 04:40:21.622031   537 skeleton_planner.h:170] Found solution in: 3
I20260909 04:40:21.622041   537 skeleton_planner.h:170] Found solution in: 3
I20260909 04:40:21.622057   537 skeleton_planner.h:170] Found solution in: 5
I20260909 04:40:21.622066   537 skeleton_planner.h:170] Found solution in: 2
I20260909 04:40:21.622076   537 skeleton_planner.h:170] Found solution in: 3
I20260909 04:40:21.622089   537 skeleton_planner.h:170] Found solution in: 4
I20260909 04:40:21.622099   537 skeleton_planner.h:170] Found solution in: 3
I20260909 04:40:21.622114   537 skeleton_planner.h:170] Found solution in: 4
I20260909 04:40:21.622125   537 skeleton_planner.h:170] Found solution in: 3
I20260909 04:40:21.622133   537 skeleton_planner.h:170] Found solution in: 2
I20260909 04:40:21.622145   537 skeleton_planner.h:170] Found solution in: 4
I20260909 04:40:21.622159   537 skeleton_planner.h:170] Found solution in: 4
I20260909 04:40:21.622174   537 skeleton_planner.h:170] Found solution in: 5
I20260909 04:40:21.622190   537 skeleton_planner.h:170] Found solution in: 5
I20260909 04:40:21.622210   537 skeleton_planner.h:170] Found solution in: 7
I20260909 04:40:21.622219   537 skeleton_planner.h:170] Found solution in: 2
I20260909 04:40:21.622249   537 skeleton_planner.h:170] Found solution in: 14
I20260909 04:40:21.622277   537 skeleton_planner.h:170] Found solution in: 7
I20260909 04:40:21.622296   537 skeleton_planner.h:170] Found solution in: 5
I20260909 04:40:21.622313   537 skeleton_planner.h:170] Found solution in: 4
I20260909 04:40:21.622327   537 skeleton_planner.h:170] Found solution in: 4
I20260909 04:40:21.622340   537 skeleton_planner.h:170] Found solution in: 4
I20260909 04:40:21.622354   537 skeleton_planner.h:170] Found solution in: 5
I20260909 04:40:21.622368   537 skeleton_planner.h:170] Found solution in: 4
I20260909 04:40:21.622380   537 skeleton_planner.h:170] Found solution in: 4
I20260909 04:40:21.622397   537 skeleton_planner.h:170] Found solution in: 4
I20260909 04:40:21.622411   537 skeleton_planner.h:170] Found solution in: 5
I20260909 04:40:21.622437   537 skeleton_planner.h:170] Found solution in: 9
I20260909 04:40:21.622458   537 skeleton_planner.h:170] Found solution in: 6
I20260909 04:40:21.622469   537 skeleton_planner.h:170] Found solution in: 3
I20260909 04:40:21.622486   537 skeleton_planner.h:170] Found solution in: 5
I20260909 04:40:21.622499   537 skeleton_planner.h:170] Found solution in: 4
I20260909 04:40:21.622519   537 skeleton_planner.h:170] Found solution in: 6
I20260909 04:40:21.622539   537 skeleton_planner.h:170] Found solution in: 6
I20260909 04:40:21.622558   537 skeleton_planner.h:170] Found solution in: 6
I20260909 04:40:21.622575   537 skeleton_planner.h:170] Found solution in: 5
I20260909 04:40:21.622592   537 skeleton_planner.h:170] Found solution in: 5
I20260909 04:40:21.622605   537 skeleton_planner.h:170] Found solution in: 4
I20260909 04:40:21.622613   537 skeleton_planner.h:170] Found solution in: 2
I20260909 04:40:21.622623   537 skeleton_planner.h:170] Found solution in: 3
I20260909 04:40:21.622635   537 skeleton_planner.h:170] Found solution in: 4
I20260909 04:40:21.622649   537 skeleton_planner.h:170] Found solution in: 4
I20260909 04:40:21.622665   537 skeleton_planner.h:170] Found solution in: 5
I20260909 04:40:21.622676   537 skeleton_planner.h:170] Found solution in: 3
I20260909 04:40:21.622694   537 skeleton_planner.h:170] Found solution in: 6
I20260909 04:40:21.622711   537 skeleton_planner.h:170] Found solution in: 5
I20260909 04:40:21.622727   537 skeleton_planner.h:170] Found solution in: 4
I20260909 04:40:21.622747   537 skeleton_planner.h:170] Found solution in: 6
I20260909 04:40:21.622771   537 skeleton_planner.h:170] Found solution in: 8
I20260909 04:40:21.622781   537 skeleton_planner.h:170] Found solution in: 3
I20260909 04:40:21.622794   537 skeleton_planner.h:170] Found solution in: 4
I20260909 04:40:21.622809   537 skeleton_planner.h:170] Found solution in: 5
I20260909 04:40:21.622831   537 skeleton_planner.h:170] Found solution in: 8
I20260909 04:40:21.622852   537 skeleton_planner.h:170] Found solution in: 6
I20260909 04:40:21.622870   537 skeleton_planner.h:170] Found solution in: 5
I20260909 04:40:21.622882   537 skeleton_planner.h:170] Found solution in: 4
I20260909 04:40:21.622900   537 skeleton_planner.h:170] Found solution in: 5
I20260909 04:40:21.622918   537 skeleton_planner.h:170] Found solution in: 5
I20260909 04:40:21.622929   537 skeleton_planner.h:170] Found solution in: 3
I20260909 04:40:21.622942   537 skeleton_planner.h:170] Found solution in: 4
I20260909 04:40:21.622952   537 skeleton_planner.h:170] Found solution in: 3
I20260909 04:40:21.622965   537 skeleton_planner.h:170] Found solution in: 4
I20260909 04:40:21.622984   537 skeleton_planner.h:170] Found solution in: 6
I20260909 04:40:21.623008   537 skeleton_planner.h:170] Found solution in: 7
I20260909 04:40:21.623020   537 skeleton_planner.h:170] Found solution in: 3
I20260909 04:40:21.623037   537 skeleton_planner.h:170] Found solution in: 5
I20260909 04:40:21.623054   537 skeleton_planner.h:170] Found solution in: 6
I20260909 04:40:21.623062   537 skeleton_planner.h:170] Found solution in: 2
I20260909 04:40:21.623077   537 skeleton_planner.h:170] Found solution in: 5
I20260909 04:40:21.623095   537 skeleton_planner.h:170] Found solution in: 6
I20260909 04:40:21.623114   537 skeleton_planner.h:170] Found solution in: 5
I20260909 04:40:21.623127   537 skeleton_planner.h:170] Found solution in: 4
I20260909 04:40:21.623140   537 skeleton_planner.h:170] Found solution in: 4
I20260909 04:40:21.623157   537 skeleton_planner.h:170] Found solution in: 5
I20260909 04:40:21.623168   537 skeleton_planner.h:170] Found solution in: 3
I20260909 04:40:21.623178   537 skeleton_planner.h:170] Found solution in: 3
I20260909 04:40:21.623188   537 skeleton_planner.h:170] Found solution in: 3
I20260909 04:40:21.623202   537 skeleton_planner.h:170] Found solution in: 6
I20260909 04:40:21.623210   537 skeleton_planner.h:170] Found solution in: 2
I20260909 04:40:21.623229   537 skeleton_planner.h:170] Found solution in: 6
I20260909 04:40:21.623237   537 skeleton_planner.h:170] Found solution in: 3
I20260909 04:40:21.623247   537 skeleton_planner.h:170] Found solution in: 3
I20260909 04:40:21.623260   537 skeleton_planner.h:170] Found solution in: 5
I20260909 04:40:21.623273   537 skeleton_planner.h:170] Found solution in: 4
I20260909 04:40:21.623291   537 skeleton_planner.h:170] Found solution in: 7
I20260909 04:40:21.623309   537 skeleton_planner.h:170] Found solution in: 4
I20260909 04:40:21.623317   537 skeleton_planner.h:170] Found solution in: 2
I20260909 04:40:21.623327   537 skeleton_planner.h:170] Found solution in: 3
I20260909 04:40:21.623334   537 skeleton_planner.h:170] Found solution in: 2
I20260909 04:40:21.623345   537 skeleton_planner.h:170] Found solution in: 4
I20260909 04:40:21.623363   537 skeleton_planner.h:170] Found solution in: 5
I20260909 04:40:21.623387   537 skeleton_planner.h:170] Found solution in: 8
I20260909 04:40:21.623400   537 skeleton_planner.h:170] Found solution in: 4
I20260909 04:40:21.623413   537 skeleton_planner.h:170] Found solution in: 4
I20260909 04:40:21.623418   537 skeleton_planner.h:170] Found solution in: 1
I20260909 04:40:21.623430   537 skeleton_planner.h:170] Found solution in: 5
I20260909 04:40:21.623459   537 skeleton_planner.h:170] Found solution in: 10
I20260909 04:40:21.623476   537 skeleton_planner.h:170] Found solution in: 4
I20260909 04:40:21.623493   537 skeleton_planner.h:170] Found solution in: 5
I20260909 04:40:21.623505   537 skeleton_planner.h:170] Found solution in: 4
I20260909 04:40:21.623533   537 skeleton_planner.h:170] Found solution in: 9
I20260909 04:40:21.623566   537 skeleton_planner.h:170] Found solution in: 10
I20260909 04:40:21.623594   537 skeleton_planner.h:170] Found solution in: 8
I20260909 04:40:21.623620   537 skeleton_planner.h:170] Found solution in: 8
I20260909 04:40:21.623656   537 skeleton_planner.h:170] Found solution in: 11
I20260909 04:40:21.623683   537 skeleton_planner.h:170] Found solution in: 8
I20260909 04:40:21.623711   537 skeleton_planner.h:170] Found solution in: 11
I20260909 04:40:21.623744   537 skeleton_planner.h:170] Found solution in: 12
I20260909 04:40:21.623797   537 skeleton_planner.h:170] Found solution in: 19
I20260909 04:40:21.623824   537 skeleton_planner.h:170] Found solution in: 6
I20260909 04:40:21.623838   537 skeleton_planner.h:170] Found solution in: 4
I20260909 04:40:21.623848   537 skeleton_planner.h:170] Found solution in: 3
I20260909 04:40:21.623857   537 skeleton_planner.h:170] Found solution in: 2
I20260909 04:40:21.623860   537 skeleton_planner.h:170] Found solution in: 1
I20260909 04:40:21.623873   537 skeleton_planner.h:170] Found solution in: 4
I20260909 04:40:21.623878   537 skeleton_planner.h:170] Found solution in: 1
I20260909 04:40:21.623890   537 skeleton_planner.h:170] Found solution in: 4
I20260909 04:40:21.623906   537 skeleton_planner.h:170] Found solution in: 5
I20260909 04:40:21.623911   537 skeleton_planner.h:170] Found solution in: 1
I20260909 04:40:21.623926   537 skeleton_planner.h:170] Found solution in: 4
I20260909 04:40:21.623939   537 skeleton_planner.h:170] Found solution in: 4
I20260909 04:40:21.623958   537 skeleton_planner.h:170] Found solution in: 7
I20260909 04:40:21.623972   537 skeleton_planner.h:170] Found solution in: 4
I20260909 04:40:21.623996   537 skeleton_planner.h:170] Found solution in: 6
I20260909 04:40:21.624020   537 skeleton_planner.h:170] Found solution in: 9
I20260909 04:40:21.624034   537 skeleton_planner.h:170] Found solution in: 4
I20260909 04:40:21.624063   537 skeleton_planner.h:170] Found solution in: 10
I20260909 04:40:21.624076   537 skeleton_planner.h:170] Found solution in: 4
I20260909 04:40:21.624087   537 skeleton_planner.h:170] Found solution in: 3
I20260909 04:40:21.624114   537 skeleton_planner.h:170] Found solution in: 7
I20260909 04:40:21.624136   537 skeleton_planner.h:170] Found solution in: 5
I20260909 04:40:21.624155   537 skeleton_planner.h:170] Found solution in: 5
I20260909 04:40:21.624173   537 skeleton_planner.h:170] Found solution in: 5
I20260909 04:40:21.624198   537 skeleton_planner.h:170] Found solution in: 8
I20260909 04:40:21.624235   537 skeleton_planner.h:170] Found solution in: 11
I20260909 04:40:21.624264   537 skeleton_planner.h:170] Found solution in: 7
I20260909 04:40:21.624277   537 skeleton_planner.h:170] Found solution in: 4
I20260909 04:40:21.624285   537 skeleton_planner.h:170] Found solution in: 2
I20260909 04:40:21.624311   537 skeleton_planner.h:170] Found solution in: 7
I20260909 04:40:21.624333   537 skeleton_planner.h:170] Found solution in: 7
I20260909 04:40:21.624353   537 skeleton_planner.h:170] Found solution in: 6
I20260909 04:40:21.624359   537 skeleton_planner.h:170] Found solution in: 1
I20260909 04:40:21.624374   537 skeleton_planner.h:170] Found solution in: 5
I20260909 04:40:21.624384   537 skeleton_planner.h:170] Found solution in: 3
I20260909 04:40:21.624394   537 skeleton_planner.h:170] Found solution in: 3
I20260909 04:40:21.624414   537 skeleton_planner.h:170] Found solution in: 6
I20260909 04:40:21.624431   537 skeleton_planner.h:170] Found solution in: 5
I20260909 04:40:21.624452   537 skeleton_planner.h:170] Found solution in: 6
I20260909 04:40:21.624469   537 skeleton_planner.h:170] Found solution in: 4
I20260909 04:40:21.624490   537 skeleton_planner.h:170] Found solution in: 6
I20260909 04:40:21.624500   537 skeleton_planner.h:170] Found solution in: 2
I20260909 04:40:21.624517   537 skeleton_planner.h:170] Found solution in: 6
I20260909 04:40:21.624540   537 skeleton_planner.h:170] Found solution in: 7
I20260909 04:40:21.624553   537 skeleton_planner.h:170] Found solution in: 4
I20260909 04:40:21.624570   537 skeleton_planner.h:170] Found solution in: 5
I20260909 04:40:21.624589   537 skeleton_planner.h:170] Found solution in: 7
I20260909 04:40:21.624609   537 skeleton_planner.h:170] Found solution in: 6
I20260909 04:40:21.624631   537 skeleton_planner.h:170] Found solution in: 6
I20260909 04:40:21.624655   537 skeleton_planner.h:170] Found solution in: 7
I20260909 04:40:21.624675   537 skeleton_planner.h:170] Found solution in: 5
I20260909 04:40:21.624719   537 skeleton_planner.h:170] Found solution in: 16
I20260909 04:40:21.624771   537 skeleton_planner.h:170] Found solution in: 17
I20260909 04:40:21.624799   537 skeleton_planner.h:170] Found solution in: 6
I20260909 04:40:21.624835   537 skeleton_planner.h:170] Found solution in: 14
I20260909 04:40:21.624884   537 skeleton_planner.h:170] Found solution in: 17
I20260909 04:40:21.624898   537 skeleton_planner.h:170] Found solution in: 3
I20260909 04:40:21.624919   537 skeleton_planner.h:170] Found solution in: 5
I20260909 04:40:21.624931   537 skeleton_planner.h:170] Found solution in: 3
I20260909 04:40:21.624943   537 skeleton_planner.h:170] Found solution in: 3
I20260909 04:40:21.624960   537 skeleton_planner.h:170] Found solution in: 5
I20260909 04:40:21.624979   537 skeleton_planner.h:170] Found solution in: 5
I20260909 04:40:21.625005   537 skeleton_planner.h:170] Found solution in: 8
I20260909 04:40:21.625067   537 skeleton_planner.h:170] Found solution in: 15
I20260909 04:40:21.625083   537 skeleton_planner.h:170] Found solution in: 3
I20260909 04:40:21.625116   537 skeleton_planner.h:170] Found solution in: 9
I20260909 04:40:21.625129   537 skeleton_planner.h:170] Found solution in: 4
I20260909 04:40:21.625145   537 skeleton_planner.h:170] Found solution in: 5
I20260909 04:40:21.625168   537 skeleton_planner.h:170] Found solution in: 9
I20260909 04:40:21.625195   537 skeleton_planner.h:170] Found solution in: 8
I20260909 04:40:21.625211   537 skeleton_planner.h:170] Found solution in: 4
I20260909 04:40:21.625222   537 skeleton_planner.h:170] Found solution in: 4
I20260909 04:40:21.625234   537 skeleton_planner.h:170] Found solution in: 4
I20260909 04:40:21.625242   537 skeleton_planner.h:170] Found solution in: 2
I20260909 04:40:21.625308   537 skeleton_planner.h:170] Found solution in: 22
I20260909 04:40:21.625379   537 skeleton_planner.h:170] Found solution in: 22
I20260909 04:40:21.625388   537 skeleton_planner.h:170] Found solution in: 1
I20260909 04:40:21.625391   537 skeleton_planner.h:170] Found solution in: 1
I20260909 04:40:21.625415   537 skeleton_planner.h:170] Found solution in: 6
I20260909 04:40:21.625435   537 skeleton_planner.h:170] Found solution in: 7
I20260909 04:40:21.625458   537 skeleton_planner.h:170] Found solution in: 8
I20260909 04:40:21.625484   537 skeleton_planner.h:170] Found solution in: 9
I20260909 04:40:21.625514   537 skeleton_planner.h:170] Found solution in: 11
I20260909 04:40:21.625566   537 skeleton_planner.h:170] Found solution in: 17
I20260909 04:40:21.625599   537 skeleton_planner.h:170] Found solution in: 7
I20260909 04:40:21.625617   537 skeleton_planner.h:170] Found solution in: 4
I20260909 04:40:21.625633   537 skeleton_planner.h:170] Found solution in: 5
I20260909 04:40:21.625653   537 skeleton_planner.h:170] Found solution in: 6
I20260909 04:40:21.625690   537 skeleton_planner.h:170] Found solution in: 11
I20260909 04:40:21.625777   537 skeleton_planner.h:170] Found solution in: 21
I20260909 04:40:21.625808   537 skeleton_planner.h:170] Found solution in: 5
I20260909 04:40:21.625830   537 skeleton_planner.h:170] Found solution in: 8
I20260909 04:40:21.625839   537 skeleton_planner.h:170] Found solution in: 2
I20260909 04:40:21.625844   537 skeleton_planner.h:170] Found solution in: 1
I20260909 04:40:21.625846   537 skeleton_planner.h:170] Found solution in: 1
I20260909 04:40:21.625870   537 skeleton_planner.h:170] Found solution in: 7
I20260909 04:40:21.625896   537 skeleton_planner.h:170] Found solution in: 7
I20260909 04:40:21.625918   537 skeleton_planner.h:170] Found solution in: 5
I20260909 04:40:21.625939   537 skeleton_planner.h:170] Found solution in: 8
I20260909 04:40:21.625960   537 skeleton_planner.h:170] Found solution in: 6
I20260909 04:40:21.625980   537 skeleton_planner.h:170] Found solution in: 6
I20260909 04:40:21.625999   537 skeleton_planner.h:170] Found solution in: 4
I20260909 04:40:21.626004   537 skeleton_planner.h:170] Found solution in: 1
I20260909 04:40:21.626022   537 skeleton_planner.h:170] Found solution in: 6
I20260909 04:40:21.626037   537 skeleton_planner.h:170] Found solution in: 4
I20260909 04:40:21.626042   537 skeleton_planner.h:170] Found solution in: 1
I20260909 04:40:21.626050   537 skeleton_planner.h:170] Found solution in: 3
I20260909 04:40:21.626061   537 skeleton_planner.h:170] Found solution in: 3
I20260909 04:40:21.626075   537 skeleton_planner.h:170] Found solution in: 4
I20260909 04:40:21.626086   537 skeleton_planner.h:170] Found solution in: 3
I20260909 04:40:21.626096   537 skeleton_planner.h:170] Found solution in: 3
I20260909 04:40:21.626113   537 skeleton_planner.h:170] Found solution in: 5
I20260909 04:40:21.626134   537 skeleton_planner.h:170] Found solution in: 6
I20260909 04:40:21.626156   537 skeleton_planner.h:170] Found solution in: 7
I20260909 04:40:21.626183   537 skeleton_planner.h:170] Found solution in: 8
I20260909 04:40:21.626209   537 skeleton_planner.h:170] Found solution in: 7
I20260909 04:40:21.626243   537 skeleton_planner.h:170] Found solution in: 8
I20260909 04:40:21.626281   537 skeleton_planner.h:170] Found solution in: 10
I20260909 04:40:21.626309   537 skeleton_planner.h:170] Found solution in: 6
I20260909 04:40:21.626323   537 skeleton_planner.h:170] Found solution in: 4
I20260909 04:40:21.626336   537 skeleton_planner.h:170] Found solution in: 4
I20260909 04:40:21.626350   537 skeleton_planner.h:170] Found solution in: 5
I20260909 04:40:21.626381   537 skeleton_planner.h:170] Found solution in: 9
I20260909 04:40:21.626394   537 skeleton_planner.h:170] Found solution in: 3
I20260909 04:40:21.626415   537 skeleton_planner.h:170] Found solution in: 5
I20260909 04:40:21.626427   537 skeleton_planner.h:170] Found solution in: 4
I20260909 04:40:21.626442   537 skeleton_planner.h:170] Found solution in: 5
I20260909 04:40:21.626463   537 skeleton_planner.h:170] Found solution in: 7
I20260909 04:40:21.626479   537 skeleton_planner.h:170] Found solution in: 5
I20260909 04:40:21.626502   537 skeleton_planner.h:170] Found solution in: 8
I20260909 04:40:21.626533   537 skeleton_planner.h:170] Found solution in: 10
I20260909 04:40:21.626555   537 skeleton_planner.h:170] Found solution in: 6
I20260909 04:40:21.626579   537 skeleton_planner.h:170] Found solution in: 7
I20260909 04:40:21.626605   537 skeleton_planner.h:170] Found solution in: 7
I20260909 04:40:21.626667   537 skeleton_planner.h:170] Found solution in: 17
I20260909 04:40:21.626705   537 skeleton_planner.h:170] Found solution in: 8
I20260909 04:40:21.626787   537 skeleton_planner.h:170] Found solution in: 20
I20260909 04:40:21.626820   537 skeleton_planner.h:170] Found solution in: 6
I20260909 04:40:21.626842   537 skeleton_planner.h:170] Found solution in: 6
I20260909 04:40:21.626865   537 skeleton_planner.h:170] Found solution in: 8
I20260909 04:40:21.626917   537 skeleton_planner.h:170] Found solution in: 16
I20260909 04:40:21.626935   537 skeleton_planner.h:170] Found solution in: 4
I20260909 04:40:21.626994   537 skeleton_planner.h:170] Found solution in: 18
I20260909 04:40:21.627003   537 skeleton_planner.h:170] Found solution in: 1
I20260909 04:40:21.627010   537 skeleton_planner.h:170] Found solution in: 2
I20260909 04:40:21.627035   537 skeleton_planner.h:170] Found solution in: 6
I20260909 04:40:21.627044   537 skeleton_planner.h:170] Found solution in: 2
I20260909 04:40:21.627061   537 skeleton_planner.h:170] Found solution in: 6
I20260909 04:40:21.627072   537 skeleton_planner.h:170] Found solution in: 3
I20260909 04:40:21.627091   537 skeleton_planner.h:170] Found solution in: 6
I20260909 04:40:21.627105   537 skeleton_planner.h:170] Found solution in: 4
I20260909 04:40:21.627130   537 skeleton_planner.h:170] Found solution in: 9
I20260909 04:40:21.627143   537 skeleton_planner.h:170] Found solution in: 3
I20260909 04:40:21.627192   537 skeleton_planner.h:170] Found solution in: 29
I20260909 04:40:21.627224   537 skeleton_planner.h:170] Found solution in: 10
I20260909 04:40:21.627236   537 skeleton_planner.h:170] Found solution in: 3
I20260909 04:40:21.627245   537 skeleton_planner.h:170] Found solution in: 3
I20260909 04:40:21.627265   537 skeleton_planner.h:170] Found solution in: 7
I20260909 04:40:21.627288   537 skeleton_planner.h:170] Found solution in: 9
I20260909 04:40:21.627317   537 skeleton_planner.h:170] Found solution in: 9
I20260909 04:40:21.627331   537 skeleton_planner.h:170] Found solution in: 4
I20260909 04:40:21.627347   537 skeleton_planner.h:170] Found solution in: 4
I20260909 04:40:21.627364   537 skeleton_planner.h:170] Found solution in: 6
I20260909 04:40:21.627377   537 skeleton_planner.h:170] Found solution in: 4
I20260909 04:40:21.627386   537 skeleton_planner.h:170] Found solution in: 3
I20260909 04:40:21.627396   537 skeleton_planner.h:170] Found solution in: 3
I20260909 04:40:21.627408   537 skeleton_planner.h:170] Found solution in: 4
I20260909 04:40:21.627425   537 skeleton_planner.h:170] Found solution in: 5
I20260909 04:40:21.627440   537 skeleton_planner.h:170] Found solution in: 4
I20260909 04:40:21.627452   537 skeleton_planner.h:170] Found solution in: 4
I20260909 04:40:21.627457   537 skeleton_planner.h:170] Found solution in: 1
I20260909 04:40:21.627460   537 skeleton_planner.h:170] Found solution in: 1
I20260909 04:40:21.627462   537 skeleton_planner.h:170] Found solution in: 1
I20260909 04:40:21.627472   537 skeleton_planner.h:170] Found solution in: 3
I20260909 04:40:21.627487   537 skeleton_planner.h:170] Found solution in: 6
I20260909 04:40:21.627509   537 skeleton_planner.h:170] Found solution in: 8
I20260909 04:40:21.627537   537 skeleton_planner.h:170] Found solution in: 9
I20260909 04:40:21.627557   537 skeleton_planner.h:170] Found solution in: 6
I20260909 04:40:21.627568   537 skeleton_planner.h:170] Found solution in: 3
I20260909 04:40:21.627585   537 skeleton_planner.h:170] Found solution in: 5
I20260909 04:40:21.627604   537 skeleton_planner.h:170] Found solution in: 5
I20260909 04:40:21.627627   537 skeleton_planner.h:170] Found solution in: 8
I20260909 04:40:21.627640   537 skeleton_planner.h:170] Found solution in: 3
I20260909 04:40:21.627650   537 skeleton_planner.h:170] Found solution in: 3
I20260909 04:40:21.627681   537 skeleton_planner.h:170] Found solution in: 12
I20260909 04:40:21.627687   537 skeleton_planner.h:170] Found solution in: 1
I20260909 04:40:21.627691   537 skeleton_planner.h:170] Found solution in: 1
I20260909 04:40:21.627693   537 skeleton_planner.h:170] Found solution in: 1
I20260909 04:40:21.627732   537 skeleton_planner.h:170] Found solution in: 14
I20260909 04:40:21.627748   537 skeleton_planner.h:170] Found solution in: 4
I20260909 04:40:21.627770   537 skeleton_planner.h:170] Found solution in: 7
I20260909 04:40:21.627790   537 skeleton_planner.h:170] Found solution in: 6
I20260909 04:40:21.627811   537 skeleton_planner.h:170] Found solution in: 7
I20260909 04:40:21.627822   537 skeleton_planner.h:170] Found solution in: 3
I20260909 04:40:21.627830   537 skeleton_planner.h:170] Found solution in: 2
I20260909 04:40:21.627851   537 skeleton_planner.h:170] Found solution in: 8
I20260909 04:40:21.627868   537 skeleton_planner.h:170] Found solution in: 6
I20260909 04:40:21.627885   537 skeleton_planner.h:170] Found solution in: 5
I20260909 04:40:21.627923   537 skeleton_planner.h:170] Found solution in: 11
I20260909 04:40:21.627944   537 skeleton_planner.h:170] Found solution in: 5
I20260909 04:40:21.627966   537 skeleton_planner.h:170] Found solution in: 8
I20260909 04:40:21.627990   537 skeleton_planner.h:170] Found solution in: 8
I20260909 04:40:21.628018   537 skeleton_planner.h:170] Found solution in: 9
I20260909 04:40:21.628033   537 skeleton_planner.h:170] Found solution in: 5
I20260909 04:40:21.628047   537 skeleton_planner.h:170] Found solution in: 5
I20260909 04:40:21.628072   537 skeleton_planner.h:170] Found solution in: 9
I20260909 04:40:21.628085   537 skeleton_planner.h:170] Found solution in: 5
I20260909 04:40:21.628099   537 skeleton_planner.h:170] Found solution in: 4
I20260909 04:40:21.628110   537 skeleton_planner.h:170] Found solution in: 3
I20260909 04:40:21.628120   537 skeleton_planner.h:170] Found solution in: 3
I20260909 04:40:21.628130   537 skeleton_planner.h:170] Found solution in: 3
I20260909 04:40:21.628142   537 skeleton_planner.h:170] Found solution in: 4
I20260909 04:40:21.628161   537 skeleton_planner.h:170] Found solution in: 5
I20260909 04:40:21.628167   537 skeleton_planner.h:170] Found solution in: 1
I20260909 04:40:21.628185   537 skeleton_planner.h:170] Found solution in: 6
I20260909 04:40:21.628196   537 skeleton_planner.h:170] Found solution in: 3
I20260909 04:40:21.628211   537 skeleton_planner.h:170] Found solution in: 5
I20260909 04:40:21.628230   537 skeleton_planner.h:170] Found solution in: 6
I20260909 04:40:21.628242   537 skeleton_planner.h:170] Found solution in: 3
I20260909 04:40:21.628264   537 skeleton_planner.h:170] Found solution in: 8
I20260909 04:40:21.628271   537 skeleton_planner.h:170] Found solution in: 1
I20260909 04:40:21.628288   537 skeleton_planner.h:170] Found solution in: 5
I20260909 04:40:21.628418   537 skeleton_planner.h:170] Found solution in: 45
I20260909 04:40:21.628558   537 skeleton_planner.h:170] Found solution in: 52
I20260909 04:40:21.628578   537 skeleton_planner.h:170] Found solution in: 3
I20260909 04:40:21.628582   537 skeleton_planner.h:170] Found solution in: 1
I20260909 04:40:21.628611   537 skeleton_planner.h:170] Found solution in: 8
I20260909 04:40:21.628662   537 skeleton_planner.h:170] Found solution in: 19
I20260909 04:40:21.628728   537 skeleton_planner.h:170] Found solution in: 20
I20260909 04:40:21.628746   537 skeleton_planner.h:170] Found solution in: 4
I20260909 04:40:21.628772   537 skeleton_planner.h:170] Found solution in: 6
I20260909 04:40:21.628790   537 skeleton_planner.h:170] Found solution in: 6
I20260909 04:40:21.628811   537 skeleton_planner.h:170] Found solution in: 6
I20260909 04:40:21.628835   537 skeleton_planner.h:170] Found solution in: 7
I20260909 04:40:21.628854   537 skeleton_planner.h:170] Found solution in: 5
I20260909 04:40:21.628871   537 skeleton_planner.h:170] Found solution in: 5
I20260909 04:40:21.628886   537 skeleton_planner.h:170] Found solution in: 5
I20260909 04:40:21.628896   537 skeleton_planner.h:170] Found solution in: 3
I20260909 04:40:21.628916   537 skeleton_planner.h:170] Found solution in: 6
I20260909 04:40:21.628947   537 skeleton_planner.h:170] Found solution in: 10
I20260909 04:40:21.628978   537 skeleton_planner.h:170] Found solution in: 8
I20260909 04:40:21.628993   537 skeleton_planner.h:170] Found solution in: 5
I20260909 04:40:21.629007   537 skeleton_planner.h:170] Found solution in: 3
I20260909 04:40:21.629033   537 skeleton_planner.h:170] Found solution in: 7
I20260909 04:40:21.629040   537 skeleton_planner.h:170] Found solution in: 1
I20260909 04:40:21.629043   537 skeleton_planner.h:170] Found solution in: 1
I20260909 04:40:21.629065   537 skeleton_planner.h:170] Found solution in: 7
I20260909 04:40:21.629088   537 skeleton_planner.h:170] Found solution in: 6
I20260909 04:40:21.629112   537 skeleton_planner.h:170] Found solution in: 6
I20260909 04:40:21.629150   537 skeleton_planner.h:170] Found solution in: 10
I20260909 04:40:21.629179   537 skeleton_planner.h:170] Found solution in: 7
I20260909 04:40:21.629204   537 skeleton_planner.h:170] Found solution in: 7
I20260909 04:40:21.629222   537 skeleton_planner.h:170] Found solution in: 6
I20260909 04:40:21.629238   537 skeleton_planner.h:170] Found solution in: 5
I20260909 04:40:21.629249   537 skeleton_planner.h:170] Found solution in: 3
I20260909 04:40:21.629263   537 skeleton_planner.h:170] Found solution in: 4
I20260909 04:40:21.629278   537 skeleton_planner.h:170] Found solution in: 5
I20260909 04:40:21.629293   537 skeleton_planner.h:170] Found solution in: 5
I20260909 04:40:21.629311   537 skeleton_planner.h:170] Found solution in: 5
I20260909 04:40:21.629325   537 skeleton_planner.h:170] Found solution in: 4
I20260909 04:40:21.629336   537 skeleton_planner.h:170] Found solution in: 3
I20260909 04:40:21.629374   537 skeleton_planner.h:170] Found solution in: 11
I20260909 04:40:21.629431   537 skeleton_planner.h:170] Found solution in: 15
I20260909 04:40:21.629446   537 skeleton_planner.h:170] Found solution in: 3
I20260909 04:40:21.629468   537 skeleton_planner.h:170] Found solution in: 5
I20260909 04:40:21.629484   537 skeleton_planner.h:170] Found solution in: 4
I20260909 04:40:21.629523   537 skeleton_planner.h:170] Found solution in: 12
I20260909 04:40:21.629539   537 skeleton_planner.h:170] Found solution in: 5
I20260909 04:40:21.629570   537 skeleton_planner.h:170] Found solution in: 8
I20260909 04:40:21.629592   537 skeleton_planner.h:170] Found solution in: 7
I20260909 04:40:21.629613   537 skeleton_planner.h:170] Found solution in: 7
I20260909 04:40:21.629626   537 skeleton_planner.h:170] Found solution in: 4
I20260909 04:40:21.629638   537 skeleton_planner.h:170] Found solution in: 4
I20260909 04:40:21.629647   537 skeleton_planner.h:170] Found solution in: 2
I20260909 04:40:21.629664   537 skeleton_planner.h:170] Found solution in: 6
I20260909 04:40:21.629686   537 skeleton_planner.h:170] Found solution in: 7
I20260909 04:40:21.629710   537 skeleton_planner.h:170] Found solution in: 8
I20260909 04:40:21.629743   537 skeleton_planner.h:170] Found solution in: 9
I20260909 04:40:21.629776   537 skeleton_planner.h:170] Found solution in: 10
I20260909 04:40:21.629787   537 skeleton_planner.h:170] Found solution in: 3
I20260909 04:40:21.629825   537 skeleton_planner.h:170] Found solution in: 10
I20260909 04:40:21.629845   537 skeleton_planner.h:170] Found solution in: 4
I20260909 04:40:21.629860   537 skeleton_planner.h:170] Found solution in: 4
I20260909 04:40:21.629866   537 skeleton_planner.h:170] Found solution in: 1
I20260909 04:40:21.629881   537 skeleton_planner.h:170] Found solution in: 5
I20260909 04:40:21.629901   537 skeleton_planner.h:170] Found solution in: 7
I20260909 04:40:21.629914   537 skeleton_planner.h:170] Found solution in: 3
I20260909 04:40:21.629931   537 skeleton_planner.h:170] Found solution in: 5
I20260909 04:40:21.629943   537 skeleton_planner.h:170] Found solution in: 4
I20260909 04:40:21.629956   537 skeleton_planner.h:170] Found solution in: 5
I20260909 04:40:21.629967   537 skeleton_planner.h:170] Found solution in: 3
I20260909 04:40:21.629987   537 skeleton_planner.h:170] Found solution in: 7
I20260909 04:40:21.630015   537 skeleton_planner.h:170] Found solution in: 9
I20260909 04:40:21.630038   537 skeleton_planner.h:170] Found solution in: 6
I20260909 04:40:21.630074   537 skeleton_planner.h:170] Found solution in: 11
I20260909 04:40:21.630086   537 skeleton_planner.h:170] Found solution in: 3
I20260909 04:40:21.630106   537 skeleton_planner.h:170] Found solution in: 5
I20260909 04:40:21.630136   537 skeleton_planner.h:170] Found solution in: 9
I20260909 04:40:21.630177   537 skeleton_planner.h:170] Found solution in: 10
I20260909 04:40:21.630190   537 skeleton_planner.h:170] Found solution in: 3
I20260909 04:40:21.630201   537 skeleton_planner.h:170] Found solution in: 3
I20260909 04:40:21.630224   537 skeleton_planner.h:170] Found solution in: 6
I20260909 04:40:21.630237   537 skeleton_planner.h:170] Found solution in: 4
I20260909 04:40:21.630244   537 skeleton_planner.h:170] Found solution in: 2
I20260909 04:40:21.630261   537 skeleton_planner.h:170] Found solution in: 5
I20260909 04:40:21.630277   537 skeleton_planner.h:170] Found solution in: 4
I20260909 04:40:21.630291   537 skeleton_planner.h:170] Found solution in: 4
I20260909 04:40:21.630309   537 skeleton_planner.h:170] Found solution in: 4
I20260909 04:40:21.630326   537 skeleton_planner.h:170] Found solution in: 5
I20260909 04:40:21.630340   537 skeleton_planner.h:170] Found solution in: 4
I20260909 04:40:21.630381   537 skeleton_planner.h:170] Found solution in: 13
I20260909 04:40:21.630424   537 skeleton_planner.h:170] Found solution in: 11
I20260909 04:40:21.630451   537 skeleton_planner.h:170] Found solution in: 6
I20260909 04:40:21.630471   537 skeleton_planner.h:170] Found solution in: 6
I20260909 04:40:21.630491   537 skeleton_planner.h:170] Found solution in: 5
I20260909 04:40:21.630503   537 skeleton_planner.h:170] Found solution in: 4
I20260909 04:40:21.630523   537 skeleton_planner.h:170] Found solution in: 7
I20260909 04:40:21.630555   537 skeleton_planner.h:170] Found solution in: 10
I20260909 04:40:21.630570   537 skeleton_planner.h:170] Found solution in: 4
I20260909 04:40:21.630590   537 skeleton_planner.h:170] Found solution in: 6
I20260909 04:40:21.630610   537 skeleton_planner.h:170] Found solution in: 7
I20260909 04:40:21.630625   537 skeleton_planner.h:170] Found solution in: 5
I20260909 04:40:21.630641   537 skeleton_planner.h:170] Found solution in: 7
I20260909 04:40:21.630661   537 skeleton_planner.h:170] Found solution in: 6
I20260909 04:40:21.630683   537 skeleton_planner.h:170] Found solution in: 9
I20260909 04:40:21.630695   537 skeleton_planner.h:170] Found solution in: 3
I20260909 04:40:21.630709   537 skeleton_planner.h:170] Found solution in: 5
I20260909 04:40:21.630736   537 skeleton_planner.h:170] Found solution in: 11
I20260909 04:40:21.630748   537 skeleton_planner.h:170] Found solution in: 3
I20260909 04:40:21.630766   537 skeleton_planner.h:170] Found solution in: 6
I20260909 04:40:21.630781   537 skeleton_planner.h:170] Found solution in: 5
I20260909 04:40:21.630803   537 skeleton_planner.h:170] Found solution in: 8
I20260909 04:40:21.630823   537 skeleton_planner.h:170] Found solution in: 5
I20260909 04:40:21.630843   537 skeleton_planner.h:170] Found solution in: 7
I20260909 04:40:21.630884   537 skeleton_planner.h:170] Found solution in: 15
I20260909 04:40:21.630896   537 skeleton_planner.h:170] Found solution in: 3
I20260909 04:40:21.630909   537 skeleton_planner.h:170] Found solution in: 5
I20260909 04:40:21.630954   537 skeleton_planner.h:170] Found solution in: 16
I20260909 04:40:21.630971   537 skeleton_planner.h:170] Found solution in: 6
I20260909 04:40:21.631002   537 skeleton_planner.h:170] Found solution in: 10
I20260909 04:40:21.631033   537 skeleton_planner.h:170] Found solution in: 10
I20260909 04:40:21.631045   537 skeleton_planner.h:170] Found solution in: 3
I20260909 04:40:21.631050   537 skeleton_planner.h:170] Found solution in: 1
I20260909 04:40:21.631065   537 skeleton_planner.h:170] Found solution in: 4
I20260909 04:40:21.631078   537 skeleton_planner.h:170] Found solution in: 4
I20260909 04:40:21.631088   537 skeleton_planner.h:170] Found solution in: 3
I20260909 04:40:21.631091   537 skeleton_planner.h:170] Found solution in: 1
I20260909 04:40:21.631094   537 skeleton_planner.h:170] Found solution in: 1
I20260909 04:40:21.631103   537 skeleton_planner.h:170] Found solution in: 3
I20260909 04:40:21.631127   537 skeleton_planner.h:170] Found solution in: 8
I20260909 04:40:21.631145   537 skeleton_planner.h:170] Found solution in: 4
I20260909 04:40:21.631170   537 skeleton_planner.h:170] Found solution in: 8
I20260909 04:40:21.631186   537 skeleton_planner.h:170] Found solution in: 4
I20260909 04:40:21.631197   537 skeleton_planner.h:170] Found solution in: 3
I20260909 04:40:21.631212   537 skeleton_planner.h:170] Found solution in: 6
I20260909 04:40:21.631232   537 skeleton_planner.h:170] Found solution in: 8
I20260909 04:40:21.631261   537 skeleton_planner.h:170] Found solution in: 11
I20260909 04:40:21.631283   537 skeleton_planner.h:170] Found solution in: 7
I20260909 04:40:21.631299   537 skeleton_planner.h:170] Found solution in: 4
I20260909 04:40:21.631319   537 skeleton_planner.h:170] Found solution in: 5
I20260909 04:40:21.631337   537 skeleton_planner.h:170] Found solution in: 5
I20260909 04:40:21.631347   537 skeleton_planner.h:170] Found solution in: 3
I20260909 04:40:21.631366   537 skeleton_planner.h:170] Found solution in: 6
I20260909 04:40:21.631386   537 skeleton_planner.h:170] Found solution in: 8
I20260909 04:40:21.631409   537 skeleton_planner.h:170] Found solution in: 8
I20260909 04:40:21.631426   537 skeleton_planner.h:170] Found solution in: 5
I20260909 04:40:21.631438   537 skeleton_planner.h:170] Found solution in: 3
I20260909 04:40:21.631459   537 skeleton_planner.h:170] Found solution in: 8
I20260909 04:40:21.631471   537 skeleton_planner.h:170] Found solution in: 3
I20260909 04:40:21.631488   537 skeleton_planner.h:170] Found solution in: 5
I20260909 04:40:21.631500   537 skeleton_planner.h:170] Found solution in: 3
I20260909 04:40:21.631512   537 skeleton_planner.h:170] Found solution in: 4
I20260909 04:40:21.631522   537 skeleton_planner.h:170] Found solution in: 3
I20260909 04:40:21.631533   537 skeleton_planner.h:170] Found solution in: 4
I20260909 04:40:21.631549   537 skeleton_planner.h:170] Found solution in: 4
I20260909 04:40:21.631570   537 skeleton_planner.h:170] Found solution in: 7
I20260909 04:40:21.631615   537 skeleton_planner.h:170] Found solution in: 11
I20260909 04:40:21.631646   537 skeleton_planner.h:170] Found solution in: 7
I20260909 04:40:21.631659   537 skeleton_planner.h:170] Found solution in: 3
I20260909 04:40:21.631680   537 skeleton_planner.h:170] Found solution in: 6
I20260909 04:40:21.631693   537 skeleton_planner.h:170] Found solution in: 3
I20260909 04:40:21.631704   537 skeleton_planner.h:170] Found solution in: 3
I20260909 04:40:21.631729   537 skeleton_planner.h:170] Found solution in: 9
I20260909 04:40:21.631783   537 skeleton_planner.h:170] Found solution in: 18
I20260909 04:40:21.631799   537 skeleton_planner.h:170] Found solution in: 4
I20260909 04:40:21.631830   537 skeleton_planner.h:170] Found solution in: 11
I20260909 04:40:21.631837   537 skeleton_planner.h:170] Found solution in: 2
I20260909 04:40:21.631844   537 skeleton_planner.h:170] Found solution in: 2
I20260909 04:40:21.631856   537 skeleton_planner.h:170] Found solution in: 4
I20260909 04:40:21.631875   537 skeleton_planner.h:170] Found solution in: 6
I20260909 04:40:21.631899   537 skeleton_planner.h:170] Found solution in: 9
I20260909 04:40:21.631909   537 skeleton_planner.h:170] Found solution in: 3
I20260909 04:40:21.631927   537 skeleton_planner.h:170] Found solution in: 5
I20260909 04:40:21.631938   537 skeleton_planner.h:170] Found solution in: 3
I20260909 04:40:21.631953   537 skeleton_planner.h:170] Found solution in: 4
I20260909 04:40:21.631958   537 skeleton_planner.h:170] Found solution in: 1
I20260909 04:40:21.631975   537 skeleton_planner.h:170] Found solution in: 7
I20260909 04:40:21.631986   537 skeleton_planner.h:170] Found solution in: 3
I20260909 04:40:21.631991   537 skeleton_planner.h:170] Found solution in: 1
I20260909 04:40:21.632010   537 skeleton_planner.h:170] Found solution in: 7
I20260909 04:40:21.632035   537 skeleton_planner.h:170] Found solution in: 8
I20260909 04:40:21.632068   537 skeleton_planner.h:170] Found solution in: 10
I20260909 04:40:21.632090   537 skeleton_planner.h:170] Found solution in: 5
I20260909 04:40:21.632117   537 skeleton_planner.h:170] Found solution in: 10
I20260909 04:40:21.632172   537 skeleton_planner.h:170] Found solution in: 16
I20260909 04:40:21.632187   537 skeleton_planner.h:170] Found solution in: 3
I20260909 04:40:21.632210   537 skeleton_planner.h:170] Found solution in: 5
I20260909 04:40:21.632288   537 skeleton_planner.h:170] Found solution in: 24
I20260909 04:40:21.632321   537 skeleton_planner.h:170] Found solution in: 5
I20260909 04:40:21.632355   537 skeleton_planner.h:170] Found solution in: 11
I20260909 04:40:21.632411   537 skeleton_planner.h:170] Found solution in: 16
I20260909 04:40:21.632431   537 skeleton_planner.h:170] Found solution in: 5
I20260909 04:40:21.632440   537 skeleton_planner.h:170] Found solution in: 3
I20260909 04:40:21.632515   537 skeleton_planner.h:170] Found solution in: 22
I20260909 04:40:21.632596   537 skeleton_planner.h:170] Found solution in: 20
I20260909 04:40:21.632649   537 skeleton_planner.h:170] Found solution in: 19
I20260909 04:40:21.632665   537 skeleton_planner.h:170] Found solution in: 4
I20260909 04:40:21.632675   537 skeleton_planner.h:170] Found solution in: 3
I20260909 04:40:21.632737   537 skeleton_planner.h:170] Found solution in: 21
I20260909 04:40:21.633071   537 skeleton_planner.h:170] Found solution in: 5
I20260909 04:40:21.633111   537 skeleton_planner.h:170] Found solution in: 6
I20260909 04:40:21.633123   537 skeleton_planner.h:170] Found solution in: 3
I20260909 04:40:21.633133   537 skeleton_planner.h:170] Found solution in: 3
I20260909 04:40:21.633153   537 skeleton_planner.h:170] Found solution in: 6
I20260909 04:40:21.633183   537 skeleton_planner.h:170] Found solution in: 9
I20260909 04:40:21.633212   537 skeleton_planner.h:170] Found solution in: 9
I20260909 04:40:21.633219   537 skeleton_planner.h:170] Found solution in: 1
I20260909 04:40:21.633229   537 skeleton_planner.h:170] Found solution in: 3
I20260909 04:40:21.633242   537 skeleton_planner.h:170] Found solution in: 5
I20260909 04:40:21.633266   537 skeleton_planner.h:170] Found solution in: 7
I20260909 04:40:21.633279   537 skeleton_planner.h:170] Found solution in: 4
I20260909 04:40:21.633296   537 skeleton_planner.h:170] Found solution in: 5
I20260909 04:40:21.633324   537 skeleton_planner.h:170] Found solution in: 9
I20260909 04:40:21.633358   537 skeleton_planner.h:170] Found solution in: 11
I20260909 04:40:21.633422   537 skeleton_planner.h:170] Found solution in: 22
I20260909 04:40:21.633459   537 skeleton_planner.h:170] Found solution in: 10
I20260909 04:40:21.633484   537 skeleton_planner.h:170] Found solution in: 7
I20260909 04:40:21.633496   537 skeleton_planner.h:170] Found solution in: 3
I20260909 04:40:21.633522   537 skeleton_planner.h:170] Found solution in: 9
I20260909 04:40:21.633539   537 skeleton_planner.h:170] Found solution in: 4
I20260909 04:40:21.633587   537 skeleton_planner.h:170] Found solution in: 16
I20260909 04:40:21.633616   537 skeleton_planner.h:170] Found solution in: 6
I20260909 04:40:21.633634   537 skeleton_planner.h:170] Found solution in: 5
I20260909 04:40:21.633648   537 skeleton_planner.h:170] Found solution in: 4
I20260909 04:40:21.633668   537 skeleton_planner.h:170] Found solution in: 6
I20260909 04:40:21.633682   537 skeleton_planner.h:170] Found solution in: 4
I20260909 04:40:21.633704   537 skeleton_planner.h:170] Found solution in: 7
I20260909 04:40:21.633710   537 skeleton_planner.h:170] Found solution in: 1
I20260909 04:40:21.633726   537 skeleton_planner.h:170] Found solution in: 5
I20260909 04:40:21.633816   537 skeleton_planner.h:170] Found solution in: 27
I20260909 04:40:21.633867   537 skeleton_planner.h:170] Found solution in: 11
I20260909 04:40:21.633874   537 skeleton_planner.h:170] Found solution in: 1
I20260909 04:40:21.633894   537 skeleton_planner.h:170] Found solution in: 6
I20260909 04:40:21.633911   537 skeleton_planner.h:170] Found solution in: 5
I20260909 04:40:21.633941   537 skeleton_planner.h:170] Found solution in: 9
I20260909 04:40:21.633980   537 skeleton_planner.h:170] Found solution in: 10
I20260909 04:40:21.633999   537 skeleton_planner.h:170] Found solution in: 4
I20260909 04:40:21.634014   537 skeleton_planner.h:170] Found solution in: 4
I20260909 04:40:21.634030   537 skeleton_planner.h:170] Found solution in: 5
I20260909 04:40:21.634053   537 skeleton_planner.h:170] Found solution in: 7
I20260909 04:40:21.634063   537 skeleton_planner.h:170] Found solution in: 2
I20260909 04:40:21.634081   537 skeleton_planner.h:170] Found solution in: 6
I20260909 04:40:21.634104   537 skeleton_planner.h:170] Found solution in: 6
I20260909 04:40:21.634119   537 skeleton_planner.h:170] Found solution in: 4
I20260909 04:40:21.634140   537 skeleton_planner.h:170] Found solution in: 7
I20260909 04:40:21.634155   537 skeleton_planner.h:170] Found solution in: 4
I20260909 04:40:21.634166   537 skeleton_planner.h:170] Found solution in: 3
I20260909 04:40:21.634177   537 skeleton_planner.h:170] Found solution in: 4
I20260909 04:40:21.634202   537 skeleton_planner.h:170] Found solution in: 8
I20260909 04:40:21.634240   537 skeleton_planner.h:170] Found solution in: 11
I20260909 04:40:21.634255   537 skeleton_planner.h:170] Found solution in: 4
I20260909 04:40:21.634260   537 skeleton_planner.h:170] Found solution in: 1
I20260909 04:40:21.634268   537 skeleton_planner.h:170] Found solution in: 3
I20260909 04:40:21.634280   537 skeleton_planner.h:170] Found solution in: 3
I20260909 04:40:21.634312   537 skeleton_planner.h:170] Found solution in: 12
I20260909 04:40:21.634338   537 skeleton_planner.h:170] Found solution in: 9
I20260909 04:40:21.634367   537 skeleton_planner.h:170] Found solution in: 9
I20260909 04:40:21.634387   537 skeleton_planner.h:170] Found solution in: 5
I20260909 04:40:21.634397   537 skeleton_planner.h:170] Found solution in: 3
I20260909 04:40:21.634408   537 skeleton_planner.h:170] Found solution in: 4
I20260909 04:40:21.634428   537 skeleton_planner.h:170] Found solution in: 8
I20260909 04:40:21.634455   537 skeleton_planner.h:170] Found solution in: 11
I20260909 04:40:21.634474   537 skeleton_planner.h:170] Found solution in: 5
I20260909 04:40:21.634490   537 skeleton_planner.h:170] Found solution in: 4
I20260909 04:40:21.634519   537 skeleton_planner.h:170] Found solution in: 12
I20260909 04:40:21.634542   537 skeleton_planner.h:170] Found solution in: 6
I20260909 04:40:21.634562   537 skeleton_planner.h:170] Found solution in: 7
I20260909 04:40:21.634579   537 skeleton_planner.h:170] Found solution in: 5
I20260909 04:40:21.634608   537 skeleton_planner.h:170] Found solution in: 10
I20260909 04:40:21.634631   537 skeleton_planner.h:170] Found solution in: 6
I20260909 04:40:21.634644   537 skeleton_planner.h:170] Found solution in: 3
I20260909 04:40:21.634667   537 skeleton_planner.h:170] Found solution in: 8
I20260909 04:40:21.634686   537 skeleton_planner.h:170] Found solution in: 5
I20260909 04:40:21.634698   537 skeleton_planner.h:170] Found solution in: 3
I20260909 04:40:21.634717   537 skeleton_planner.h:170] Found solution in: 6
I20260909 04:40:21.634737   537 skeleton_planner.h:170] Found solution in: 6
I20260909 04:40:21.634752   537 skeleton_planner.h:170] Found solution in: 6
I20260909 04:40:21.634774   537 skeleton_planner.h:170] Found solution in: 8
I20260909 04:40:21.634791   537 skeleton_planner.h:170] Found solution in: 6
I20260909 04:40:21.634822   537 skeleton_planner.h:170] Found solution in: 14
I20260909 04:40:21.634848   537 skeleton_planner.h:170] Found solution in: 9
I20260909 04:40:21.634872   537 skeleton_planner.h:170] Found solution in: 10
I20260909 04:40:21.634902   537 skeleton_planner.h:170] Found solution in: 11
I20260909 04:40:21.634967   537 skeleton_planner.h:170] Found solution in: 20
I20260909 04:40:21.635011   537 skeleton_planner.h:170] Found solution in: 13
I20260909 04:40:21.635033   537 skeleton_planner.h:170] Found solution in: 5
I20260909 04:40:21.635052   537 skeleton_planner.h:170] Found solution in: 6
I20260909 04:40:21.635069   537 skeleton_planner.h:170] Found solution in: 5
I20260909 04:40:21.635109   537 skeleton_planner.h:170] Found solution in: 12
I20260909 04:40:21.635124   537 skeleton_planner.h:170] Found solution in: 3
I20260909 04:40:21.635147   537 skeleton_planner.h:170] Found solution in: 6
I20260909 04:40:21.635177   537 skeleton_planner.h:170] Found solution in: 8
I20260909 04:40:21.635205   537 skeleton_planner.h:170] Found solution in: 10
I20260909 04:40:21.635233   537 skeleton_planner.h:170] Found solution in: 10
I20260909 04:40:21.635257   537 skeleton_planner.h:170] Found solution in: 6
I20260909 04:40:21.635273   537 skeleton_planner.h:170] Found solution in: 4
I20260909 04:40:21.635289   537 skeleton_planner.h:170] Found solution in: 5
I20260909 04:40:21.635299   537 skeleton_planner.h:170] Found solution in: 3
I20260909 04:40:21.635313   537 skeleton_planner.h:170] Found solution in: 3
I20260909 04:40:21.635406   537 skeleton_planner.h:170] Found solution in: 23
I20260909 04:40:21.635442   537 skeleton_planner.h:170] Found solution in: 7
I20260909 04:40:21.635461   537 skeleton_planner.h:170] Found solution in: 6
I20260909 04:40:21.635473   537 skeleton_planner.h:170] Found solution in: 3
I20260909 04:40:21.635504   537 skeleton_planner.h:170] Found solution in: 11
I20260909 04:40:21.635527   537 skeleton_planner.h:170] Found solution in: 7
I20260909 04:40:21.635553   537 skeleton_planner.h:170] Found solution in: 9
I20260909 04:40:21.635566   537 skeleton_planner.h:170] Found solution in: 3
I20260909 04:40:21.635586   537 skeleton_planner.h:170] Found solution in: 6
I20260909 04:40:21.635601   537 skeleton_planner.h:170] Found solution in: 4
I20260909 04:40:21.635612   537 skeleton_planner.h:170] Found solution in: 3
I20260909 04:40:21.635637   537 skeleton_planner.h:170] Found solution in: 10
I20260909 04:40:21.635656   537 skeleton_planner.h:170] Found solution in: 5
I20260909 04:40:21.635661   537 skeleton_planner.h:170] Found solution in: 1
I20260909 04:40:21.635689   537 skeleton_planner.h:170] Found solution in: 9
I20260909 04:40:21.635708   537 skeleton_planner.h:170] Found solution in: 5
I20260909 04:40:21.635713   537 skeleton_planner.h:170] Found solution in: 1
I20260909 04:40:21.635716   537 skeleton_planner.h:170] Found solution in: 1
I20260909 04:40:21.635730   537 skeleton_planner.h:170] Found solution in: 4
I20260909 04:40:21.635743   537 skeleton_planner.h:170] Found solution in: 4
I20260909 04:40:21.635788   537 skeleton_planner.h:170] Found solution in: 15
I20260909 04:40:21.635810   537 skeleton_planner.h:170] Found solution in: 4
I20260909 04:40:21.635815   537 skeleton_planner.h:170] Found solution in: 1
I20260909 04:40:21.635823   537 skeleton_planner.h:170] Found solution in: 3
I20260909 04:40:21.635840   537 skeleton_planner.h:170] Found solution in: 5
I20260909 04:40:21.635906   537 skeleton_planner.h:170] Found solution in: 22
I20260909 04:40:21.635922   537 skeleton_planner.h:170] Found solution in: 3
I20260909 04:40:21.635947   537 skeleton_planner.h:170] Found solution in: 5
I20260909 04:40:21.636027   537 skeleton_planner.h:170] Found solution in: 26
I20260909 04:40:21.636086   537 skeleton_planner.h:170] Found solution in: 13
I20260909 04:40:21.636101   537 skeleton_planner.h:170] Found solution in: 3
I20260909 04:40:21.636106   537 skeleton_planner.h:170] Found solution in: 1
I20260909 04:40:21.636114   537 skeleton_planner.h:170] Found solution in: 3
I20260909 04:40:21.636138   537 skeleton_planner.h:170] Found solution in: 6
I20260909 04:40:21.636159   537 skeleton_planner.h:170] Found solution in: 6
I20260909 04:40:21.636179   537 skeleton_planner.h:170] Found solution in: 7
I20260909 04:40:21.636217   537 skeleton_planner.h:170] Found solution in: 12
I20260909 04:40:21.636229   537 skeleton_planner.h:170] Found solution in: 3
I20260909 04:40:21.636241   537 skeleton_planner.h:170] Found solution in: 4
I20260909 04:40:21.636253   537 skeleton_planner.h:170] Found solution in: 4
I20260909 04:40:21.636277   537 skeleton_planner.h:170] Found solution in: 6
I20260909 04:40:21.636288   537 skeleton_planner.h:170] Found solution in: 3
I20260909 04:40:21.636303   537 skeleton_planner.h:170] Found solution in: 4
I20260909 04:40:21.636325   537 skeleton_planner.h:170] Found solution in: 6
I20260909 04:40:21.636340   537 skeleton_planner.h:170] Found solution in: 4
I20260909 04:40:21.636345   537 skeleton_planner.h:170] Found solution in: 1
I20260909 04:40:21.636358   537 skeleton_planner.h:170] Found solution in: 4
I20260909 04:40:21.636363   537 skeleton_planner.h:170] Found solution in: 1
I20260909 04:40:21.636380   537 skeleton_planner.h:170] Found solution in: 6
I20260909 04:40:21.636395   537 skeleton_planner.h:170] Found solution in: 4
I20260909 04:40:21.636415   537 skeleton_planner.h:170] Found solution in: 5
I20260909 04:40:21.636427   537 skeleton_planner.h:170] Found solution in: 4
I20260909 04:40:21.636446   537 skeleton_planner.h:170] Found solution in: 7
I20260909 04:40:21.636466   537 skeleton_planner.h:170] Found solution in: 6
I20260909 04:40:21.636473   537 skeleton_planner.h:170] Found solution in: 2
I20260909 04:40:21.636477   537 skeleton_planner.h:170] Found solution in: 1
I20260909 04:40:21.636487   537 skeleton_planner.h:170] Found solution in: 3
I20260909 04:40:21.636497   537 skeleton_planner.h:170] Found solution in: 3
I20260909 04:40:21.636509   537 skeleton_planner.h:170] Found solution in: 4
I20260909 04:40:21.636519   537 skeleton_planner.h:170] Found solution in: 3
I20260909 04:40:21.636554   537 skeleton_planner.h:170] Found solution in: 3
I20260909 04:40:21.636566   537 skeleton_planner.h:170] Found solution in: 4
I20260909 04:40:21.636579   537 skeleton_planner.h:170] Found solution in: 5
I20260909 04:40:21.636596   537 skeleton_planner.h:170] Found solution in: 5
I20260909 04:40:21.636610   537 skeleton_planner.h:170] Found solution in: 4
I20260909 04:40:21.636631   537 skeleton_planner.h:170] Found solution in: 8
I20260909 04:40:21.636642   537 skeleton_planner.h:170] Found solution in: 4
I20260909 04:40:21.636663   537 skeleton_planner.h:170] Found solution in: 7
I20260909 04:40:21.636675   537 skeleton_planner.h:170] Found solution in: 4
I20260909 04:40:21.636685   537 skeleton_planner.h:170] Found solution in: 3
I20260909 04:40:21.636719   537 skeleton_planner.h:170] Found solution in: 10
I20260909 04:40:21.636741   537 skeleton_planner.h:170] Found solution in: 5
I20260909 04:40:21.636757   537 skeleton_planner.h:170] Found solution in: 5
I20260909 04:40:21.636770   537 skeleton_planner.h:170] Found solution in: 4
I20260909 04:40:21.636782   537 skeleton_planner.h:170] Found solution in: 4
I20260909 04:40:21.636803   537 skeleton_planner.h:170] Found solution in: 8
I20260909 04:40:21.636838   537 skeleton_planner.h:170] Found solution in: 10
I20260909 04:40:21.636861   537 skeleton_planner.h:170] Found solution in: 6
I20260909 04:40:21.636873   537 skeleton_planner.h:170] Found solution in: 3
I20260909 04:40:21.636881   537 skeleton_planner.h:170] Found solution in: 3
I20260909 04:40:21.636899   537 skeleton_planner.h:170] Found solution in: 5
I20260909 04:40:21.636911   537 skeleton_planner.h:170] Found solution in: 4
I20260909 04:40:21.636929   537 skeleton_planner.h:170] Found solution in: 6
I20260909 04:40:21.636942   537 skeleton_planner.h:170] Found solution in: 4
I20260909 04:40:21.636952   537 skeleton_planner.h:170] Found solution in: 3
I20260909 04:40:21.636963   537 skeleton_planner.h:170] Found solution in: 4
I20260909 04:40:21.636996   537 skeleton_planner.h:170] Found solution in: 10
I20260909 04:40:21.637013   537 skeleton_planner.h:170] Found solution in: 4
I20260909 04:40:21.637027   537 skeleton_planner.h:170] Found solution in: 4
I20260909 04:40:21.637032   537 skeleton_planner.h:170] Found solution in: 1
I20260909 04:40:21.637034   537 skeleton_planner.h:170] Found solution in: 1
I20260909 04:40:21.637046   537 skeleton_planner.h:170] Found solution in: 4
I20260909 04:40:21.637066   537 skeleton_planner.h:170] Found solution in: 6
I20260909 04:40:21.637090   537 skeleton_planner.h:170] Found solution in: 7
I20260909 04:40:21.637197   537 skeleton_planner.h:170] Found solution in: 26
I20260909 04:40:21.637434   537 skeleton_planner.h:170] Found solution in: 51
I20260909 04:40:21.637519   537 skeleton_planner.h:170] Found solution in: 15
I20260909 04:40:21.637549   537 skeleton_planner.h:170] Found solution in: 6
I20260909 04:40:21.637568   537 skeleton_planner.h:170] Found solution in: 6
I20260909 04:40:21.637588   537 skeleton_planner.h:170] Found solution in: 7
I20260909 04:40:21.637614   537 skeleton_planner.h:170] Found solution in: 8
I20260909 04:40:21.637676   537 skeleton_planner.h:170] Found solution in: 19
I20260909 04:40:21.637688   537 skeleton_planner.h:170] Found solution in: 2
I20260909 04:40:21.637696   537 skeleton_planner.h:170] Found solution in: 2
I20260909 04:40:21.637718   537 skeleton_planner.h:170] Found solution in: 6
I20260909 04:40:21.637738   537 skeleton_planner.h:170] Found solution in: 6
I20260909 04:40:21.637751   537 skeleton_planner.h:170] Found solution in: 4
I20260909 04:40:21.637768   537 skeleton_planner.h:170] Found solution in: 5
I20260909 04:40:21.637791   537 skeleton_planner.h:170] Found solution in: 7
I20260909 04:40:21.637806   537 skeleton_planner.h:170] Found solution in: 5
I20260909 04:40:21.637827   537 skeleton_planner.h:170] Found solution in: 7
I20260909 04:40:21.637840   537 skeleton_planner.h:170] Found solution in: 3
I20260909 04:40:21.637856   537 skeleton_planner.h:170] Found solution in: 5
I20260909 04:40:21.637869   537 skeleton_planner.h:170] Found solution in: 3
I20260909 04:40:21.637881   537 skeleton_planner.h:170] Found solution in: 5
I20260909 04:40:21.637902   537 skeleton_planner.h:170] Found solution in: 6
I20260909 04:40:21.637923   537 skeleton_planner.h:170] Found solution in: 7
I20260909 04:40:21.637945   537 skeleton_planner.h:170] Found solution in: 7
I20260909 04:40:21.637965   537 skeleton_planner.h:170] Found solution in: 6
I20260909 04:40:21.637981   537 skeleton_planner.h:170] Found solution in: 4
I20260909 04:40:21.638002   537 skeleton_planner.h:170] Found solution in: 7
I20260909 04:40:21.638023   537 skeleton_planner.h:170] Found solution in: 5
I20260909 04:40:21.638062   537 skeleton_planner.h:170] Found solution in: 14
I20260909 04:40:21.638075   537 skeleton_planner.h:170] Found solution in: 3
I20260909 04:40:21.638084   537 skeleton_planner.h:170] Found solution in: 3
I20260909 04:40:21.638095   537 skeleton_planner.h:170] Found solution in: 4
I20260909 04:40:21.638103   537 skeleton_planner.h:170] Found solution in: 2
I20260909 04:40:21.638108   537 skeleton_planner.h:170] Found solution in: 1
I20260909 04:40:21.638131   537 skeleton_planner.h:170] Found solution in: 8
I20260909 04:40:21.638165   537 skeleton_planner.h:170] Found solution in: 11
I20260909 04:40:21.638177   537 skeleton_planner.h:170] Found solution in: 3
I20260909 04:40:21.638206   537 skeleton_planner.h:170] Found solution in: 9
I20260909 04:40:21.638238   537 skeleton_planner.h:170] Found solution in: 12
I20260909 04:40:21.638247   537 skeleton_planner.h:170] Found solution in: 2
I20260909 04:40:21.638271   537 skeleton_planner.h:170] Found solution in: 7
I20260909 04:40:21.638289   537 skeleton_planner.h:170] Found solution in: 5
I20260909 04:40:21.638307   537 skeleton_planner.h:170] Found solution in: 5
I20260909 04:40:21.638319   537 skeleton_planner.h:170] Found solution in: 3
I20260909 04:40:21.638345   537 skeleton_planner.h:170] Found solution in: 9
I20260909 04:40:21.638356   537 skeleton_planner.h:170] Found solution in: 3
I20260909 04:40:21.638366   537 skeleton_planner.h:170] Found solution in: 3
I20260909 04:40:21.638376   537 skeleton_planner.h:170] Found solution in: 3
I20260909 04:40:21.638392   537 skeleton_planner.h:170] Found solution in: 4
I20260909 04:40:21.638438   537 skeleton_planner.h:170] Found solution in: 13
I20260909 04:40:21.638475   537 skeleton_planner.h:170] Found solution in: 9
I20260909 04:40:21.638518   537 skeleton_planner.h:170] Found solution in: 13
I20260909 04:40:21.638545   537 skeleton_planner.h:170] Found solution in: 6
I20260909 04:40:21.638566   537 skeleton_planner.h:170] Found solution in: 6
I20260909 04:40:21.638576   537 skeleton_planner.h:170] Found solution in: 2
I20260909 04:40:21.638679   537 skeleton_planner.h:170] Found solution in: 27
I20260909 04:40:21.638710   537 skeleton_planner.h:170] Found solution in: 4
I20260909 04:40:21.638720   537 skeleton_planner.h:170] Found solution in: 3
I20260909 04:40:21.638732   537 skeleton_planner.h:170] Found solution in: 4
I20260909 04:40:21.638753   537 skeleton_planner.h:170] Found solution in: 8
I20260909 04:40:21.638778   537 skeleton_planner.h:170] Found solution in: 7
I20260909 04:40:21.638790   537 skeleton_planner.h:170] Found solution in: 3
I20260909 04:40:21.638907   537 skeleton_planner.h:170] Found solution in: 33
I20260909 04:40:21.638962   537 skeleton_planner.h:170] Found solution in: 10
I20260909 04:40:21.639014   537 skeleton_planner.h:170] Found solution in: 15
I20260909 04:40:21.639072   537 skeleton_planner.h:170] Found solution in: 15
I20260909 04:40:21.639098   537 skeleton_planner.h:170] Found solution in: 5
I20260909 04:40:21.639112   537 skeleton_planner.h:170] Found solution in: 4
I20260909 04:40:21.639117   537 skeleton_planner.h:170] Found solution in: 1
I20260909 04:40:21.639120   537 skeleton_planner.h:170] Found solution in: 1
I20260909 04:40:21.639138   537 skeleton_planner.h:170] Found solution in: 6
I20260909 04:40:21.639160   537 skeleton_planner.h:170] Found solution in: 6
I20260909 04:40:21.639185   537 skeleton_planner.h:170] Found solution in: 6
I20260909 04:40:21.639209   537 skeleton_planner.h:170] Found solution in: 8
I20260909 04:40:21.639225   537 skeleton_planner.h:170] Found solution in: 5
I20260909 04:40:21.639235   537 skeleton_planner.h:170] Found solution in: 3
I20260909 04:40:21.639245   537 skeleton_planner.h:170] Found solution in: 3
I20260909 04:40:21.639256   537 skeleton_planner.h:170] Found solution in: 3
I20260909 04:40:21.639281   537 skeleton_planner.h:170] Found solution in: 8
I20260909 04:40:21.639295   537 skeleton_planner.h:170] Found solution in: 4
I20260909 04:40:21.639312   537 skeleton_planner.h:170] Found solution in: 5
I20260909 04:40:21.639333   537 skeleton_planner.h:170] Found solution in: 7
I20260909 04:40:21.639351   537 skeleton_planner.h:170] Found solution in: 6
I20260909 04:40:21.639389   537 skeleton_planner.h:170] Found solution in: 10
I20260909 04:40:21.639716   537 skeleton_planner.h:170] Found solution in: 7
I20260909 04:40:21.639827   537 skeleton_planner.h:170] Found solution in: 41
I20260909 04:40:21.639846   537 skeleton_planner.h:170] Found solution in: 4
I20260909 04:40:21.639874   537 skeleton_planner.h:170] Found solution in: 6
I20260909 04:40:21.639884   537 skeleton_planner.h:170] Found solution in: 3
I20260909 04:40:21.639894   537 skeleton_planner.h:170] Found solution in: 3
I20260909 04:40:21.639899   537 skeleton_planner.h:170] Found solution in: 1
I20260909 04:40:21.639901   537 skeleton_planner.h:170] Found solution in: 1
I20260909 04:40:21.639907   537 skeleton_planner.h:170] Found solution in: 2
I20260909 04:40:21.639911   537 skeleton_planner.h:170] Found solution in: 1
I20260909 04:40:21.639914   537 skeleton_planner.h:170] Found solution in: 1
I20260909 04:40:21.639930   537 skeleton_planner.h:170] Found solution in: 5
I20260909 04:40:21.639954   537 skeleton_planner.h:170] Found solution in: 7
I20260909 04:40:21.639977   537 skeleton_planner.h:170] Found solution in: 7
I20260909 04:40:21.639997   537 skeleton_planner.h:170] Found solution in: 6
I20260909 04:40:21.640022   537 skeleton_planner.h:170] Found solution in: 8
I20260909 04:40:21.640049   537 skeleton_planner.h:170] Found solution in: 8
I20260909 04:40:21.640077   537 skeleton_planner.h:170] Found solution in: 8
I20260909 04:40:21.640118   537 skeleton_planner.h:170] Found solution in: 11
I20260909 04:40:21.640139   537 skeleton_planner.h:170] Found solution in: 4
I20260909 04:40:21.640144   537 skeleton_planner.h:170] Found solution in: 1
I20260909 04:40:21.640154   537 skeleton_planner.h:170] Found solution in: 3
I20260909 04:40:21.640162   537 skeleton_planner.h:170] Found solution in: 3
I20260909 04:40:21.640170   537 skeleton_planner.h:170] Found solution in: 3
I20260909 04:40:21.640174   537 skeleton_planner.h:170] Found solution in: 1
I20260909 04:40:21.640177   537 skeleton_planner.h:170] Found solution in: 1
I20260909 04:40:21.640179   537 skeleton_planner.h:170] Found solution in: 1
I20260909 04:40:21.640219   537 skeleton_planner.h:170] Found solution in: 17
I20260909 04:40:21.640249   537 skeleton_planner.h:170] Found solution in: 8
I20260909 04:40:21.640254   537 skeleton_planner.h:170] Found solution in: 1
I20260909 04:40:21.640275   537 skeleton_planner.h:170] Found solution in: 7
I20260909 04:40:21.640318   537 skeleton_planner.h:170] Found solution in: 14
I20260909 04:40:21.640334   537 skeleton_planner.h:170] Found solution in: 5
I20260909 04:40:21.640348   537 skeleton_planner.h:170] Found solution in: 6
I20260909 04:40:21.640358   537 skeleton_planner.h:170] Found solution in: 3
I20260909 04:40:21.640372   537 skeleton_planner.h:170] Found solution in: 4
I20260909 04:40:21.640383   537 skeleton_planner.h:170] Found solution in: 4
I20260909 04:40:21.640396   537 skeleton_planner.h:170] Found solution in: 4
I20260909 04:40:21.640401   537 skeleton_planner.h:170] Found solution in: 1
I20260909 04:40:21.640411   537 skeleton_planner.h:170] Found solution in: 4
I20260909 04:40:21.640424   537 skeleton_planner.h:170] Found solution in: 5
I20260909 04:40:21.640444   537 skeleton_planner.h:170] Found solution in: 6
I20260909 04:40:21.640466   537 skeleton_planner.h:170] Found solution in: 8
I20260909 04:40:21.640488   537 skeleton_planner.h:170] Found solution in: 9
I20260909 04:40:21.640547   537 skeleton_planner.h:170] Found solution in: 25
I20260909 04:40:21.640609   537 skeleton_planner.h:170] Found solution in: 26
I20260909 04:40:21.640630   537 skeleton_planner.h:170] Found solution in: 5
I20260909 04:40:21.640679   537 skeleton_planner.h:170] Found solution in: 16
I20260909 04:40:21.640717   537 skeleton_planner.h:170] Found solution in: 11
I20260909 04:40:21.640741   537 skeleton_planner.h:170] Found solution in: 8
I20260909 04:40:21.640769   537 skeleton_planner.h:170] Found solution in: 11
I20260909 04:40:21.641090   537 skeleton_planner.h:170] Found solution in: 5
I20260909 04:40:21.641206   537 skeleton_planner.h:170] Found solution in: 48
I20260909 04:40:21.641237   537 skeleton_planner.h:170] Found solution in: 6
I20260909 04:40:21.641249   537 skeleton_planner.h:170] Found solution in: 4
I20260909 04:40:21.641254   537 skeleton_planner.h:170] Found solution in: 1
I20260909 04:40:21.641268   537 skeleton_planner.h:170] Found solution in: 5
I20260909 04:40:21.641300   537 skeleton_planner.h:170] Found solution in: 10
I20260909 04:40:21.641317   537 skeleton_planner.h:170] Found solution in: 4
I20260909 04:40:21.641366   537 skeleton_planner.h:170] Found solution in: 16
I20260909 04:40:21.641396   537 skeleton_planner.h:170] Found solution in: 9
I20260909 04:40:21.641412   537 skeleton_planner.h:170] Found solution in: 5
I20260909 04:40:21.641423   537 skeleton_planner.h:170] Found solution in: 3
I20260909 04:40:21.641439   537 skeleton_planner.h:170] Found solution in: 4
I20260909 04:40:21.641451   537 skeleton_planner.h:170] Found solution in: 4
I20260909 04:40:21.641462   537 skeleton_planner.h:170] Found solution in: 3
I20260909 04:40:21.641479   537 skeleton_planner.h:170] Found solution in: 6
I20260909 04:40:21.641499   537 skeleton_planner.h:170] Found solution in: 7
I20260909 04:40:21.641521   537 skeleton_planner.h:170] Found solution in: 8
I20260909 04:40:21.641541   537 skeleton_planner.h:170] Found solution in: 4
I20260909 04:40:21.641563   537 skeleton_planner.h:170] Found solution in: 7
I20260909 04:40:21.641589   537 skeleton_planner.h:170] Found solution in: 8
I20260909 04:40:21.641609   537 skeleton_planner.h:170] Found solution in: 5
I20260909 04:40:21.641634   537 skeleton_planner.h:170] Found solution in: 7
I20260909 04:40:21.641674   537 skeleton_planner.h:170] Found solution in: 11
I20260909 04:40:21.641688   537 skeleton_planner.h:170] Found solution in: 3
I20260909 04:40:21.641700   537 skeleton_planner.h:170] Found solution in: 4
I20260909 04:40:21.641712   537 skeleton_planner.h:170] Found solution in: 4
I20260909 04:40:21.641752   537 skeleton_planner.h:170] Found solution in: 11
I20260909 04:40:21.641779   537 skeleton_planner.h:170] Found solution in: 8
I20260909 04:40:21.641791   537 skeleton_planner.h:170] Found solution in: 3
I20260909 04:40:21.641834   537 skeleton_planner.h:170] Found solution in: 14
I20260909 04:40:21.641847   537 skeleton_planner.h:170] Found solution in: 3
I20260909 04:40:21.641856   537 skeleton_planner.h:170] Found solution in: 3
I20260909 04:40:21.641866   537 skeleton_planner.h:170] Found solution in: 3
I20260909 04:40:21.641877   537 skeleton_planner.h:170] Found solution in: 3
I20260909 04:40:21.641882   537 skeleton_planner.h:170] Found solution in: 1
I20260909 04:40:21.641911   537 skeleton_planner.h:170] Found solution in: 8
I20260909 04:40:21.641933   537 skeleton_planner.h:170] Found solution in: 6
I20260909 04:40:21.641944   537 skeleton_planner.h:170] Found solution in: 3
I20260909 04:40:21.641949   537 skeleton_generator.cpp:1655] [Simplify Vertices] Vertex removals: 923 / 933, Edges added: 345
I20260909 04:40:21.642290   537 skeleton_generator.cpp:1697] [Subgraph] Number of disconnected subgraphs: 22
I20260909 04:40:21.645892   537 skeleton_planner.h:170] Found solution in: 8
I20260909 04:40:21.646492   537 skeleton_planner.h:170] Found solution in: 5
I20260909 04:40:21.648726   537 skeleton_planner.h:170] Found solution in: 7
I20260909 04:40:21.651345   537 skeleton_planner.h:170] Found solution in: 99
I20260909 04:40:21.653681   537 skeleton_planner.h:170] Found solution in: 88
I20260909 04:40:21.655716   537 skeleton_planner.h:170] Found solution in: 15
I20260909 04:40:21.656672   537 skeleton_planner.h:170] Found solution in: 13
I20260909 04:40:21.657125   537 skeleton_planner.h:170] Found solution in: 24
I20260909 04:40:21.657928   537 skeleton_planner.h:170] Found solution in: 4
I20260909 04:40:21.659299   537 skeleton_planner.h:170] Found solution in: 13
I20260909 04:40:21.659837   537 skeleton_planner.h:170] Found solution in: 51
I20260909 04:40:21.659983   537 skeleton_generator.cpp:1756] [Subgraph] Potential edge candidates: 74 diagram candidates: 11
I20260909 04:40:21.660034   537 skeleton_generator.cpp:1771] [Subgraph] Final number of disconnected subgraphs: 12
I20260909 04:40:21.660038   537 skeleton_generator.cpp:633] [Sparse Graph] Vertices: 1050 Edges: 1637
