I20260909 04:45:56.592954  1473 skeleton_planner.h:31] Setting ESDF layer.
I20260909 04:45:56.679556  1473 skeleton_generator.cpp:226] [GVD] Finished finding GVD candidates. Number of skeleton points: 58121 edges: 4820
I20260909 04:45:56.695567  1473 skeleton_generator.cpp:1093] [Prune] Number of vertices before prune: 2041 Number of deleted vertices: 478
I20260909 04:45:56.700634  1473 skeleton_planner.h:170] Found solution in: 1
I20260909 04:45:56.700662  1473 skeleton_planner.h:170] Found solution in: 4
I20260909 04:45:56.700671  1473 skeleton_planner.h:170] Found solution in: 1
I20260909 04:45:56.700775  1473 skeleton_planner.h:170] Found solution in: 5
I20260909 04:45:56.700786  1473 skeleton_planner.h:170] Found solution in: 1
I20260909 04:45:56.700793  1473 skeleton_planner.h:170] Found solution in: 4
I20260909 04:45:56.700811  1473 skeleton_planner.h:170] Found solution in: 5
I20260909 04:45:56.700819  1473 skeleton_planner.h:170] Found solution in: 1
I20260909 04:45:56.700822  1473 skeleton_planner.h:170] Found solution in: 3
I20260909 04:45:56.700839  1473 skeleton_planner.h:170] Found solution in: 5
I20260909 04:45:56.700847  1473 skeleton_planner.h:170] Found solution in: 1
I20260909 04:45:56.700851  1473 skeleton_planner.h:170] Found solution in: 3
I20260909 04:45:56.700878  1473 skeleton_planner.h:170] Found solution in: 32
I20260909 04:45:56.700886  1473 skeleton_planner.h:170] Found solution in: 1
I20260909 04:45:56.700891  1473 skeleton_planner.h:170] Found solution in: 4
I20260909 04:45:56.700959  1473 skeleton_planner.h:170] Found solution in: 4
I20260909 04:45:56.700969  1473 skeleton_planner.h:170] Found solution in: 1
I20260909 04:45:56.700978  1473 skeleton_planner.h:170] Found solution in: 9
I20260909 04:45:56.700985  1473 skeleton_planner.h:170] Found solution in: 5
I20260909 04:45:56.700990  1473 skeleton_planner.h:170] Found solution in: 5
I20260909 04:45:56.701000  1473 skeleton_planner.h:170] Found solution in: 10
I20260909 04:45:56.701030  1473 skeleton_planner.h:170] Found solution in: 6
I20260909 04:45:56.701040  1473 skeleton_planner.h:170] Found solution in: 1
I20260909 04:45:56.701045  1473 skeleton_planner.h:170] Found solution in: 5
I20260909 04:45:56.701049  1473 skeleton_planner.h:170] Found solution in: 3
I20260909 04:45:56.701056  1473 skeleton_planner.h:170] Found solution in: 6
I20260909 04:45:56.701062  1473 skeleton_planner.h:170] Found solution in: 7
I20260909 04:45:56.701071  1473 skeleton_planner.h:170] Found solution in: 1
I20260909 04:45:56.701165  1473 skeleton_planner.h:170] Found solution in: 3
I20260909 04:45:56.701171  1473 skeleton_planner.h:170] Found solution in: 1
I20260909 04:45:56.701211  1473 skeleton_planner.h:170] Found solution in: 52
I20260909 04:45:56.701222  1473 skeleton_planner.h:170] Found solution in: 10
I20260909 04:45:56.701231  1473 skeleton_planner.h:170] Found solution in: 1
I20260909 04:45:56.701236  1473 skeleton_planner.h:170] Found solution in: 3
I20260909 04:45:56.701259  1473 skeleton_planner.h:170] Found solution in: 6
I20260909 04:45:56.701269  1473 skeleton_planner.h:170] Found solution in: 1
I20260909 04:45:56.701274  1473 skeleton_planner.h:170] Found solution in: 3
I20260909 04:45:56.701279  1473 skeleton_planner.h:170] Found solution in: 5
I20260909 04:45:56.701285  1473 skeleton_planner.h:170] Found solution in: 1
I20260909 04:45:56.701313  1473 skeleton_planner.h:170] Found solution in: 3
I20260909 04:45:56.701320  1473 skeleton_planner.h:170] Found solution in: 1
I20260909 04:45:56.701324  1473 skeleton_planner.h:170] Found solution in: 3
I20260909 04:45:56.701339  1473 skeleton_planner.h:170] Found solution in: 5
I20260909 04:45:56.701346  1473 skeleton_planner.h:170] Found solution in: 1
I20260909 04:45:56.701359  1473 skeleton_planner.h:170] Found solution in: 17
I20260909 04:45:56.701390  1473 skeleton_planner.h:170] Found solution in: 7
I20260909 04:45:56.701400  1473 skeleton_planner.h:170] Found solution in: 1
I20260909 04:45:56.701411  1473 skeleton_planner.h:170] Found solution in: 5
I20260909 04:45:56.701442  1473 skeleton_planner.h:170] Found solution in: 7
I20260909 04:45:56.701459  1473 skeleton_planner.h:170] Found solution in: 1
I20260909 04:45:56.701462  1473 skeleton_planner.h:170] Found solution in: 2
I20260909 04:45:56.701485  1473 skeleton_planner.h:170] Found solution in: 7
I20260909 04:45:56.701493  1473 skeleton_planner.h:170] Found solution in: 1
I20260909 04:45:56.701499  1473 skeleton_planner.h:170] Found solution in: 6
I20260909 04:45:56.701787  1473 skeleton_planner.h:170] Found solution in: 1
I20260909 04:45:56.701799  1473 skeleton_planner.h:170] Found solution in: 3
I20260909 04:45:56.701809  1473 skeleton_planner.h:170] Found solution in: 1
I20260909 04:45:56.701819  1473 skeleton_planner.h:170] Found solution in: 3
I20260909 04:45:56.701826  1473 skeleton_planner.h:170] Found solution in: 1
I20260909 04:45:56.701846  1473 skeleton_planner.h:170] Found solution in: 3
I20260909 04:45:56.701855  1473 skeleton_planner.h:170] Found solution in: 1
I20260909 04:45:56.701859  1473 skeleton_planner.h:170] Found solution in: 3
I20260909 04:45:56.701874  1473 skeleton_planner.h:170] Found solution in: 4
I20260909 04:45:56.701882  1473 skeleton_planner.h:170] Found solution in: 1
I20260909 04:45:56.701894  1473 skeleton_planner.h:170] Found solution in: 3
I20260909 04:45:56.701902  1473 skeleton_planner.h:170] Found solution in: 1
I20260909 04:45:56.701907  1473 skeleton_planner.h:170] Found solution in: 3
I20260909 04:45:56.701915  1473 skeleton_planner.h:170] Found solution in: 6
I20260909 04:45:56.701920  1473 skeleton_planner.h:170] Found solution in: 6
I20260909 04:45:56.701926  1473 skeleton_planner.h:170] Found solution in: 1
I20260909 04:45:56.701933  1473 skeleton_planner.h:170] Found solution in: 6
I20260909 04:45:56.701969  1473 skeleton_planner.h:170] Found solution in: 6
I20260909 04:45:56.701977  1473 skeleton_planner.h:170] Found solution in: 1
I20260909 04:45:56.701980  1473 skeleton_planner.h:170] Found solution in: 2
I20260909 04:45:56.702003  1473 skeleton_planner.h:170] Found solution in: 8
I20260909 04:45:56.702011  1473 skeleton_planner.h:170] Found solution in: 1
I20260909 04:45:56.702023  1473 skeleton_planner.h:170] Found solution in: 3
I20260909 04:45:56.702033  1473 skeleton_planner.h:170] Found solution in: 1
I20260909 04:45:56.702039  1473 skeleton_planner.h:170] Found solution in: 1
I20260909 04:45:56.702044  1473 skeleton_planner.h:170] Found solution in: 3
I20260909 04:45:56.702126  1473 skeleton_planner.h:170] Found solution in: 4
I20260909 04:45:56.702137  1473 skeleton_planner.h:170] Found solution in: 1
I20260909 04:45:56.702221  1473 skeleton_planner.h:170] Found solution in: 4
I20260909 04:45:56.702229  1473 skeleton_planner.h:170] Found solution in: 1
I20260909 04:45:56.702240  1473 skeleton_planner.h:170] Found solution in: 4
I20260909 04:45:56.702248  1473 skeleton_planner.h:170] Found solution in: 1
I20260909 04:45:56.702263  1473 skeleton_planner.h:170] Found solution in: 4
I20260909 04:45:56.702272  1473 skeleton_planner.h:170] Found solution in: 1
I20260909 04:45:56.702298  1473 skeleton_planner.h:170] Found solution in: 35
I20260909 04:45:56.702308  1473 skeleton_planner.h:170] Found solution in: 7
I20260909 04:45:56.702322  1473 skeleton_planner.h:170] Found solution in: 1
I20260909 04:45:56.702426  1473 skeleton_planner.h:170] Found solution in: 5
I20260909 04:45:56.702437  1473 skeleton_planner.h:170] Found solution in: 1
I20260909 04:45:56.702456  1473 skeleton_planner.h:170] Found solution in: 4
I20260909 04:45:56.702468  1473 skeleton_planner.h:170] Found solution in: 1
I20260909 04:45:56.702476  1473 skeleton_planner.h:170] Found solution in: 6
I20260909 04:45:56.702482  1473 skeleton_planner.h:170] Found solution in: 8
I20260909 04:45:56.702490  1473 skeleton_planner.h:170] Found solution in: 1
I20260909 04:45:56.702497  1473 skeleton_planner.h:170] Found solution in: 1
I20260909 04:45:56.702549  1473 skeleton_planner.h:170] Found solution in: 74
I20260909 04:45:56.702631  1473 skeleton_planner.h:170] Found solution in: 4
I20260909 04:45:56.702639  1473 skeleton_planner.h:170] Found solution in: 1
I20260909 04:45:56.702648  1473 skeleton_planner.h:170] Found solution in: 5
I20260909 04:45:56.702656  1473 skeleton_planner.h:170] Found solution in: 1
I20260909 04:45:56.702667  1473 skeleton_planner.h:170] Found solution in: 3
I20260909 04:45:56.702675  1473 skeleton_planner.h:170] Found solution in: 1
I20260909 04:45:56.702682  1473 skeleton_planner.h:170] Found solution in: 8
I20260909 04:45:56.702688  1473 skeleton_planner.h:170] Found solution in: 6
I20260909 04:45:56.702697  1473 skeleton_planner.h:170] Found solution in: 1
I20260909 04:45:56.702715  1473 skeleton_planner.h:170] Found solution in: 4
I20260909 04:45:56.702723  1473 skeleton_planner.h:170] Found solution in: 1
I20260909 04:45:56.702739  1473 skeleton_planner.h:170] Found solution in: 6
I20260909 04:45:56.702750  1473 skeleton_planner.h:170] Found solution in: 1
I20260909 04:45:56.702847  1473 skeleton_planner.h:170] Found solution in: 6
I20260909 04:45:56.702857  1473 skeleton_planner.h:170] Found solution in: 1
I20260909 04:45:56.702864  1473 skeleton_planner.h:170] Found solution in: 1
I20260909 04:45:56.702961  1473 skeleton_planner.h:170] Found solution in: 3
I20260909 04:45:56.702971  1473 skeleton_planner.h:170] Found solution in: 1
I20260909 04:45:56.702976  1473 skeleton_planner.h:170] Found solution in: 3
I20260909 04:45:56.702987  1473 skeleton_planner.h:170] Found solution in: 3
I20260909 04:45:56.702996  1473 skeleton_planner.h:170] Found solution in: 1
I20260909 04:45:56.703011  1473 skeleton_planner.h:170] Found solution in: 4
I20260909 04:45:56.703018  1473 skeleton_planner.h:170] Found solution in: 1
I20260909 04:45:56.703040  1473 skeleton_planner.h:170] Found solution in: 30
I20260909 04:45:56.703049  1473 skeleton_planner.h:170] Found solution in: 8
I20260909 04:45:56.703053  1473 skeleton_planner.h:170] Found solution in: 1
I20260909 04:45:56.703133  1473 skeleton_planner.h:170] Found solution in: 3
I20260909 04:45:56.703146  1473 skeleton_planner.h:170] Found solution in: 1
I20260909 04:45:56.703151  1473 skeleton_planner.h:170] Found solution in: 5
I20260909 04:45:56.703158  1473 skeleton_planner.h:170] Found solution in: 6
I20260909 04:45:56.703256  1473 skeleton_planner.h:170] Found solution in: 5
I20260909 04:45:56.703264  1473 skeleton_planner.h:170] Found solution in: 1
I20260909 04:45:56.703354  1473 skeleton_planner.h:170] Found solution in: 4
I20260909 04:45:56.703361  1473 skeleton_planner.h:170] Found solution in: 1
I20260909 04:45:56.703373  1473 skeleton_planner.h:170] Found solution in: 3
I20260909 04:45:56.703380  1473 skeleton_planner.h:170] Found solution in: 1
I20260909 04:45:56.703392  1473 skeleton_planner.h:170] Found solution in: 3
I20260909 04:45:56.703399  1473 skeleton_planner.h:170] Found solution in: 1
I20260909 04:45:56.703410  1473 skeleton_planner.h:170] Found solution in: 3
I20260909 04:45:56.703418  1473 skeleton_planner.h:170] Found solution in: 1
I20260909 04:45:56.703518  1473 skeleton_planner.h:170] Found solution in: 5
I20260909 04:45:56.703526  1473 skeleton_planner.h:170] Found solution in: 1
I20260909 04:45:56.703541  1473 skeleton_planner.h:170] Found solution in: 4
I20260909 04:45:56.703548  1473 skeleton_planner.h:170] Found solution in: 1
I20260909 04:45:56.703565  1473 skeleton_planner.h:170] Found solution in: 5
I20260909 04:45:56.703576  1473 skeleton_planner.h:170] Found solution in: 1
I20260909 04:45:56.703665  1473 skeleton_planner.h:170] Found solution in: 6
I20260909 04:45:56.703677  1473 skeleton_planner.h:170] Found solution in: 1
I20260909 04:45:56.703682  1473 skeleton_planner.h:170] Found solution in: 3
I20260909 04:45:56.703691  1473 skeleton_planner.h:170] Found solution in: 3
I20260909 04:45:56.703701  1473 skeleton_planner.h:170] Found solution in: 1
I20260909 04:45:56.703714  1473 skeleton_planner.h:170] Found solution in: 4
I20260909 04:45:56.703723  1473 skeleton_planner.h:170] Found solution in: 1
I20260909 04:45:56.703727  1473 skeleton_planner.h:170] Found solution in: 3
I20260909 04:45:56.703742  1473 skeleton_planner.h:170] Found solution in: 4
I20260909 04:45:56.703749  1473 skeleton_planner.h:170] Found solution in: 1
I20260909 04:45:56.703759  1473 skeleton_planner.h:170] Found solution in: 3
I20260909 04:45:56.703769  1473 skeleton_planner.h:170] Found solution in: 1
I20260909 04:45:56.703775  1473 skeleton_planner.h:170] Found solution in: 6
I20260909 04:45:56.703794  1473 skeleton_planner.h:170] Found solution in: 5
I20260909 04:45:56.703801  1473 skeleton_planner.h:170] Found solution in: 1
I20260909 04:45:56.703886  1473 skeleton_planner.h:170] Found solution in: 4
I20260909 04:45:56.703896  1473 skeleton_planner.h:170] Found solution in: 1
I20260909 04:45:56.703987  1473 skeleton_planner.h:170] Found solution in: 3
I20260909 04:45:56.703997  1473 skeleton_planner.h:170] Found solution in: 1
I20260909 04:45:56.704001  1473 skeleton_planner.h:170] Found solution in: 2
I20260909 04:45:56.704022  1473 skeleton_planner.h:170] Found solution in: 6
I20260909 04:45:56.704031  1473 skeleton_planner.h:170] Found solution in: 1
I20260909 04:45:56.704125  1473 skeleton_planner.h:170] Found solution in: 3
I20260909 04:45:56.704133  1473 skeleton_planner.h:170] Found solution in: 1
I20260909 04:45:56.704137  1473 skeleton_planner.h:170] Found solution in: 2
I20260909 04:45:56.704144  1473 skeleton_planner.h:170] Found solution in: 1
I20260909 04:45:56.704149  1473 skeleton_planner.h:170] Found solution in: 1
I20260909 04:45:56.704247  1473 skeleton_planner.h:170] Found solution in: 3
I20260909 04:45:56.704257  1473 skeleton_planner.h:170] Found solution in: 1
I20260909 04:45:56.704355  1473 skeleton_planner.h:170] Found solution in: 3
I20260909 04:45:56.704362  1473 skeleton_planner.h:170] Found solution in: 1
I20260909 04:45:56.704367  1473 skeleton_planner.h:170] Found solution in: 2
I20260909 04:45:56.704375  1473 skeleton_planner.h:170] Found solution in: 1
I20260909 04:45:56.704392  1473 skeleton_planner.h:170] Found solution in: 4
I20260909 04:45:56.704402  1473 skeleton_planner.h:170] Found solution in: 1
I20260909 04:45:56.704416  1473 skeleton_planner.h:170] Found solution in: 5
I20260909 04:45:56.704423  1473 skeleton_planner.h:170] Found solution in: 1
I20260909 04:45:56.704435  1473 skeleton_planner.h:170] Found solution in: 3
I20260909 04:45:56.704442  1473 skeleton_planner.h:170] Found solution in: 1
I20260909 04:45:56.704459  1473 skeleton_planner.h:170] Found solution in: 4
I20260909 04:45:56.704468  1473 skeleton_planner.h:170] Found solution in: 1
I20260909 04:45:56.704473  1473 skeleton_planner.h:170] Found solution in: 1
I20260909 04:45:56.704476  1473 skeleton_planner.h:170] Found solution in: 2
I20260909 04:45:56.704487  1473 skeleton_planner.h:170] Found solution in: 3
I20260909 04:45:56.704494  1473 skeleton_planner.h:170] Found solution in: 1
I20260909 04:45:56.704581  1473 skeleton_planner.h:170] Found solution in: 3
I20260909 04:45:56.704586  1473 skeleton_planner.h:170] Found solution in: 1
I20260909 04:45:56.704596  1473 skeleton_planner.h:170] Found solution in: 3
I20260909 04:45:56.704605  1473 skeleton_planner.h:170] Found solution in: 1
I20260909 04:45:56.704625  1473 skeleton_planner.h:170] Found solution in: 4
I20260909 04:45:56.704634  1473 skeleton_planner.h:170] Found solution in: 1
I20260909 04:45:56.704725  1473 skeleton_planner.h:170] Found solution in: 3
I20260909 04:45:56.704730  1473 skeleton_planner.h:170] Found solution in: 1
I20260909 04:45:56.704741  1473 skeleton_planner.h:170] Found solution in: 3
I20260909 04:45:56.704751  1473 skeleton_planner.h:170] Found solution in: 1
I20260909 04:45:56.704757  1473 skeleton_planner.h:170] Found solution in: 1
I20260909 04:45:56.704761  1473 skeleton_planner.h:170] Found solution in: 2
I20260909 04:45:56.704773  1473 skeleton_planner.h:170] Found solution in: 4
I20260909 04:45:56.704780  1473 skeleton_planner.h:170] Found solution in: 1
I20260909 04:45:56.704790  1473 skeleton_planner.h:170] Found solution in: 3
I20260909 04:45:56.704799  1473 skeleton_planner.h:170] Found solution in: 1
I20260909 04:45:56.704823  1473 skeleton_planner.h:170] Found solution in: 3
I20260909 04:45:56.704830  1473 skeleton_planner.h:170] Found solution in: 1
I20260909 04:45:56.704845  1473 skeleton_planner.h:170] Found solution in: 3
I20260909 04:45:56.704856  1473 skeleton_planner.h:170] Found solution in: 1
I20260909 04:45:56.704882  1473 skeleton_planner.h:170] Found solution in: 6
I20260909 04:45:56.704895  1473 skeleton_planner.h:170] Found solution in: 1
I20260909 04:45:56.704897  1473 skeleton_planner.h:170] Found solution in: 2
I20260909 04:45:56.704910  1473 skeleton_planner.h:170] Found solution in: 4
I20260909 04:45:56.704919  1473 skeleton_planner.h:170] Found solution in: 1
I20260909 04:45:56.704941  1473 skeleton_planner.h:170] Found solution in: 4
I20260909 04:45:56.704948  1473 skeleton_planner.h:170] Found solution in: 1
I20260909 04:45:56.704972  1473 skeleton_planner.h:170] Found solution in: 6
I20260909 04:45:56.704980  1473 skeleton_planner.h:170] Found solution in: 1
I20260909 04:45:56.705003  1473 skeleton_planner.h:170] Found solution in: 4
I20260909 04:45:56.705011  1473 skeleton_planner.h:170] Found solution in: 1
I20260909 04:45:56.705060  1473 skeleton_planner.h:170] Found solution in: 3
I20260909 04:45:56.705068  1473 skeleton_planner.h:170] Found solution in: 1
I20260909 04:45:56.705080  1473 skeleton_planner.h:170] Found solution in: 4
I20260909 04:45:56.705086  1473 skeleton_planner.h:170] Found solution in: 1
I20260909 04:45:56.705094  1473 skeleton_planner.h:170] Found solution in: 1
I20260909 04:45:56.705101  1473 skeleton_planner.h:170] Found solution in: 1
I20260909 04:45:56.705113  1473 skeleton_planner.h:170] Found solution in: 3
I20260909 04:45:56.705121  1473 skeleton_planner.h:170] Found solution in: 1
I20260909 04:45:56.705133  1473 skeleton_planner.h:170] Found solution in: 3
I20260909 04:45:56.705138  1473 skeleton_planner.h:170] Found solution in: 1
I20260909 04:45:56.705149  1473 skeleton_planner.h:170] Found solution in: 3
I20260909 04:45:56.705155  1473 skeleton_planner.h:170] Found solution in: 1
I20260909 04:45:56.705173  1473 skeleton_planner.h:170] Found solution in: 4
I20260909 04:45:56.705180  1473 skeleton_planner.h:170] Found solution in: 1
I20260909 04:45:56.705184  1473 skeleton_planner.h:170] Found solution in: 2
I20260909 04:45:56.705194  1473 skeleton_planner.h:170] Found solution in: 3
I20260909 04:45:56.705201  1473 skeleton_planner.h:170] Found solution in: 1
I20260909 04:45:56.705212  1473 skeleton_planner.h:170] Found solution in: 3
I20260909 04:45:56.705217  1473 skeleton_planner.h:170] Found solution in: 1
I20260909 04:45:56.705229  1473 skeleton_planner.h:170] Found solution in: 3
I20260909 04:45:56.705236  1473 skeleton_planner.h:170] Found solution in: 1
I20260909 04:45:56.705243  1473 skeleton_planner.h:170] Found solution in: 1
I20260909 04:45:56.705248  1473 skeleton_planner.h:170] Found solution in: 4
I20260909 04:45:56.705297  1473 skeleton_planner.h:170] Found solution in: 6
I20260909 04:45:56.705304  1473 skeleton_planner.h:170] Found solution in: 1
I20260909 04:45:56.705346  1473 skeleton_planner.h:170] Found solution in: 4
I20260909 04:45:56.705356  1473 skeleton_planner.h:170] Found solution in: 1
I20260909 04:45:56.705379  1473 skeleton_planner.h:170] Found solution in: 7
I20260909 04:45:56.705385  1473 skeleton_planner.h:170] Found solution in: 1
I20260909 04:45:56.705390  1473 skeleton_planner.h:170] Found solution in: 3
I20260909 04:45:56.705400  1473 skeleton_planner.h:170] Found solution in: 3
I20260909 04:45:56.705407  1473 skeleton_planner.h:170] Found solution in: 1
I20260909 04:45:56.705417  1473 skeleton_planner.h:170] Found solution in: 3
I20260909 04:45:56.705425  1473 skeleton_planner.h:170] Found solution in: 1
I20260909 04:45:56.705435  1473 skeleton_planner.h:170] Found solution in: 3
I20260909 04:45:56.705441  1473 skeleton_planner.h:170] Found solution in: 1
I20260909 04:45:56.705461  1473 skeleton_planner.h:170] Found solution in: 5
I20260909 04:45:56.705472  1473 skeleton_planner.h:170] Found solution in: 1
I20260909 04:45:56.705478  1473 skeleton_planner.h:170] Found solution in: 5
I20260909 04:45:56.705507  1473 skeleton_planner.h:170] Found solution in: 5
I20260909 04:45:56.705519  1473 skeleton_planner.h:170] Found solution in: 1
I20260909 04:45:56.705530  1473 skeleton_planner.h:170] Found solution in: 3
I20260909 04:45:56.705538  1473 skeleton_planner.h:170] Found solution in: 1
I20260909 04:45:56.705628  1473 skeleton_planner.h:170] Found solution in: 3
I20260909 04:45:56.705637  1473 skeleton_planner.h:170] Found solution in: 1
I20260909 04:45:56.705647  1473 skeleton_planner.h:170] Found solution in: 12
I20260909 04:45:56.705683  1473 skeleton_planner.h:170] Found solution in: 7
I20260909 04:45:56.705691  1473 skeleton_planner.h:170] Found solution in: 1
I20260909 04:45:56.705722  1473 skeleton_planner.h:170] Found solution in: 6
I20260909 04:45:56.705729  1473 skeleton_planner.h:170] Found solution in: 1
I20260909 04:45:56.705734  1473 skeleton_planner.h:170] Found solution in: 3
I20260909 04:45:56.705745  1473 skeleton_planner.h:170] Found solution in: 4
I20260909 04:45:56.705753  1473 skeleton_planner.h:170] Found solution in: 1
I20260909 04:45:56.705776  1473 skeleton_planner.h:170] Found solution in: 4
I20260909 04:45:56.705785  1473 skeleton_planner.h:170] Found solution in: 1
I20260909 04:45:56.705794  1473 skeleton_planner.h:170] Found solution in: 3
I20260909 04:45:56.705801  1473 skeleton_planner.h:170] Found solution in: 1
I20260909 04:45:56.705816  1473 skeleton_planner.h:170] Found solution in: 4
I20260909 04:45:56.705823  1473 skeleton_planner.h:170] Found solution in: 1
I20260909 04:45:56.705915  1473 skeleton_planner.h:170] Found solution in: 5
I20260909 04:45:56.705921  1473 skeleton_planner.h:170] Found solution in: 1
I20260909 04:45:56.705930  1473 skeleton_planner.h:170] Found solution in: 1
I20260909 04:45:56.705946  1473 skeleton_planner.h:170] Found solution in: 22
I20260909 04:45:56.705955  1473 skeleton_planner.h:170] Found solution in: 1
I20260909 04:45:56.705958  1473 skeleton_planner.h:170] Found solution in: 2
I20260909 04:45:56.705968  1473 skeleton_planner.h:170] Found solution in: 4
I20260909 04:45:56.705976  1473 skeleton_planner.h:170] Found solution in: 1
I20260909 04:45:56.705993  1473 skeleton_planner.h:170] Found solution in: 7
I20260909 04:45:56.706001  1473 skeleton_planner.h:170] Found solution in: 1
I20260909 04:45:56.706005  1473 skeleton_planner.h:170] Found solution in: 4
I20260909 04:45:56.706028  1473 skeleton_planner.h:170] Found solution in: 7
I20260909 04:45:56.706035  1473 skeleton_planner.h:170] Found solution in: 1
I20260909 04:45:56.706048  1473 skeleton_planner.h:170] Found solution in: 4
I20260909 04:45:56.706058  1473 skeleton_planner.h:170] Found solution in: 1
I20260909 04:45:56.706071  1473 skeleton_planner.h:170] Found solution in: 4
I20260909 04:45:56.706081  1473 skeleton_planner.h:170] Found solution in: 1
I20260909 04:45:56.706092  1473 skeleton_planner.h:170] Found solution in: 3
I20260909 04:45:56.706101  1473 skeleton_planner.h:170] Found solution in: 1
I20260909 04:45:56.706108  1473 skeleton_planner.h:170] Found solution in: 1
I20260909 04:45:56.706116  1473 skeleton_planner.h:170] Found solution in: 8
I20260909 04:45:56.706125  1473 skeleton_planner.h:170] Found solution in: 1
I20260909 04:45:56.706229  1473 skeleton_planner.h:170] Found solution in: 8
I20260909 04:45:56.706238  1473 skeleton_planner.h:170] Found solution in: 1
I20260909 04:45:56.706243  1473 skeleton_planner.h:170] Found solution in: 2
I20260909 04:45:56.706256  1473 skeleton_planner.h:170] Found solution in: 5
I20260909 04:45:56.706270  1473 skeleton_planner.h:170] Found solution in: 1
I20260909 04:45:56.706276  1473 skeleton_planner.h:170] Found solution in: 1
I20260909 04:45:56.706280  1473 skeleton_planner.h:170] Found solution in: 3
I20260909 04:45:56.706301  1473 skeleton_planner.h:170] Found solution in: 6
I20260909 04:45:56.706315  1473 skeleton_planner.h:170] Found solution in: 1
I20260909 04:45:56.706319  1473 skeleton_planner.h:170] Found solution in: 3
I20260909 04:45:56.706336  1473 skeleton_planner.h:170] Found solution in: 4
I20260909 04:45:56.706343  1473 skeleton_planner.h:170] Found solution in: 1
I20260909 04:45:56.706350  1473 skeleton_planner.h:170] Found solution in: 6
I20260909 04:45:56.706406  1473 skeleton_planner.h:170] Found solution in: 5
I20260909 04:45:56.706415  1473 skeleton_planner.h:170] Found solution in: 1
I20260909 04:45:56.706471  1473 skeleton_planner.h:170] Found solution in: 4
I20260909 04:45:56.706480  1473 skeleton_planner.h:170] Found solution in: 1
I20260909 04:45:56.706499  1473 skeleton_planner.h:170] Found solution in: 6
I20260909 04:45:56.706507  1473 skeleton_planner.h:170] Found solution in: 1
I20260909 04:45:56.706523  1473 skeleton_planner.h:170] Found solution in: 20
I20260909 04:45:56.706580  1473 skeleton_planner.h:170] Found solution in: 5
I20260909 04:45:56.706588  1473 skeleton_planner.h:170] Found solution in: 1
I20260909 04:45:56.706593  1473 skeleton_planner.h:170] Found solution in: 4
I20260909 04:45:56.706646  1473 skeleton_planner.h:170] Found solution in: 6
I20260909 04:45:56.706655  1473 skeleton_planner.h:170] Found solution in: 1
I20260909 04:45:56.706664  1473 skeleton_planner.h:170] Found solution in: 3
I20260909 04:45:56.706670  1473 skeleton_planner.h:170] Found solution in: 1
I20260909 04:45:56.706693  1473 skeleton_planner.h:170] Found solution in: 30
I20260909 04:45:56.706699  1473 skeleton_planner.h:170] Found solution in: 1
I20260909 04:45:56.706718  1473 skeleton_planner.h:170] Found solution in: 26
I20260909 04:45:56.706724  1473 skeleton_planner.h:170] Found solution in: 1
I20260909 04:45:56.706733  1473 skeleton_planner.h:170] Found solution in: 1
I20260909 04:45:56.706754  1473 skeleton_planner.h:170] Found solution in: 26
I20260909 04:45:56.706761  1473 skeleton_planner.h:170] Found solution in: 1
I20260909 04:45:56.706766  1473 skeleton_planner.h:170] Found solution in: 4
I20260909 04:45:56.706772  1473 skeleton_planner.h:170] Found solution in: 1
I20260909 04:45:56.706776  1473 skeleton_planner.h:170] Found solution in: 3
I20260909 04:45:56.706802  1473 skeleton_planner.h:170] Found solution in: 32
I20260909 04:45:56.706808  1473 skeleton_planner.h:170] Found solution in: 1
I20260909 04:45:56.706852  1473 skeleton_planner.h:170] Found solution in: 53
I20260909 04:45:56.706859  1473 skeleton_planner.h:170] Found solution in: 1
I20260909 04:45:56.706864  1473 skeleton_planner.h:170] Found solution in: 5
I20260909 04:45:56.706878  1473 skeleton_planner.h:170] Found solution in: 4
I20260909 04:45:56.706887  1473 skeleton_planner.h:170] Found solution in: 1
I20260909 04:45:56.706892  1473 skeleton_planner.h:170] Found solution in: 4
I20260909 04:45:56.706898  1473 skeleton_planner.h:170] Found solution in: 1
I20260909 04:45:56.706926  1473 skeleton_planner.h:170] Found solution in: 9
I20260909 04:45:56.706936  1473 skeleton_planner.h:170] Found solution in: 1
I20260909 04:45:56.707021  1473 skeleton_planner.h:170] Found solution in: 3
I20260909 04:45:56.707028  1473 skeleton_planner.h:170] Found solution in: 1
I20260909 04:45:56.707127  1473 skeleton_planner.h:170] Found solution in: 53
I20260909 04:45:56.707147  1473 skeleton_planner.h:170] Found solution in: 5
I20260909 04:45:56.707156  1473 skeleton_planner.h:170] Found solution in: 1
I20260909 04:45:56.707160  1473 skeleton_planner.h:170] Found solution in: 2
I20260909 04:45:56.707171  1473 skeleton_planner.h:170] Found solution in: 3
I20260909 04:45:56.707177  1473 skeleton_planner.h:170] Found solution in: 1
I20260909 04:45:56.707193  1473 skeleton_planner.h:170] Found solution in: 17
I20260909 04:45:56.707286  1473 skeleton_planner.h:170] Found solution in: 4
I20260909 04:45:56.707294  1473 skeleton_planner.h:170] Found solution in: 1
I20260909 04:45:56.707299  1473 skeleton_planner.h:170] Found solution in: 5
I20260909 04:45:56.707311  1473 skeleton_planner.h:170] Found solution in: 7
I20260909 04:45:56.707319  1473 skeleton_planner.h:170] Found solution in: 1
I20260909 04:45:56.707324  1473 skeleton_planner.h:170] Found solution in: 3
I20260909 04:45:56.707335  1473 skeleton_planner.h:170] Found solution in: 4
I20260909 04:45:56.707342  1473 skeleton_planner.h:170] Found solution in: 1
I20260909 04:45:56.707356  1473 skeleton_planner.h:170] Found solution in: 4
I20260909 04:45:56.707365  1473 skeleton_planner.h:170] Found solution in: 1
I20260909 04:45:56.707394  1473 skeleton_planner.h:170] Found solution in: 8
I20260909 04:45:56.707403  1473 skeleton_planner.h:170] Found solution in: 1
I20260909 04:45:56.707410  1473 skeleton_planner.h:170] Found solution in: 6
I20260909 04:45:56.707428  1473 skeleton_planner.h:170] Found solution in: 4
I20260909 04:45:56.707440  1473 skeleton_planner.h:170] Found solution in: 1
I20260909 04:45:56.707448  1473 skeleton_planner.h:170] Found solution in: 7
I20260909 04:45:56.707453  1473 skeleton_planner.h:170] Found solution in: 3
I20260909 04:45:56.707459  1473 skeleton_planner.h:170] Found solution in: 1
I20260909 04:45:56.707557  1473 skeleton_planner.h:170] Found solution in: 5
I20260909 04:45:56.707568  1473 skeleton_planner.h:170] Found solution in: 1
I20260909 04:45:56.707661  1473 skeleton_planner.h:170] Found solution in: 4
I20260909 04:45:56.707670  1473 skeleton_planner.h:170] Found solution in: 1
I20260909 04:45:56.707676  1473 skeleton_planner.h:170] Found solution in: 1
I20260909 04:45:56.707681  1473 skeleton_planner.h:170] Found solution in: 1
I20260909 04:45:56.707684  1473 skeleton_planner.h:170] Found solution in: 3
I20260909 04:45:56.707705  1473 skeleton_planner.h:170] Found solution in: 5
I20260909 04:45:56.707715  1473 skeleton_planner.h:170] Found solution in: 1
I20260909 04:45:56.707718  1473 skeleton_planner.h:170] Found solution in: 3
I20260909 04:45:56.707731  1473 skeleton_planner.h:170] Found solution in: 4
I20260909 04:45:56.707738  1473 skeleton_planner.h:170] Found solution in: 1
I20260909 04:45:56.707753  1473 skeleton_planner.h:170] Found solution in: 4
I20260909 04:45:56.707762  1473 skeleton_planner.h:170] Found solution in: 1
I20260909 04:45:56.707846  1473 skeleton_planner.h:170] Found solution in: 3
I20260909 04:45:56.707854  1473 skeleton_planner.h:170] Found solution in: 1
I20260909 04:45:56.707864  1473 skeleton_planner.h:170] Found solution in: 3
I20260909 04:45:56.707870  1473 skeleton_planner.h:170] Found solution in: 1
I20260909 04:45:56.707887  1473 skeleton_planner.h:170] Found solution in: 3
I20260909 04:45:56.707893  1473 skeleton_planner.h:170] Found solution in: 1
I20260909 04:45:56.707912  1473 skeleton_planner.h:170] Found solution in: 5
I20260909 04:45:56.707921  1473 skeleton_planner.h:170] Found solution in: 1
I20260909 04:45:56.707926  1473 skeleton_planner.h:170] Found solution in: 1
I20260909 04:45:56.707962  1473 skeleton_planner.h:170] Found solution in: 3
I20260909 04:45:56.707971  1473 skeleton_planner.h:170] Found solution in: 1
I20260909 04:45:56.707981  1473 skeleton_planner.h:170] Found solution in: 1
I20260909 04:45:56.707986  1473 skeleton_planner.h:170] Found solution in: 5
I20260909 04:45:56.708005  1473 skeleton_planner.h:170] Found solution in: 5
I20260909 04:45:56.708014  1473 skeleton_planner.h:170] Found solution in: 1
I20260909 04:45:56.708031  1473 skeleton_planner.h:170] Found solution in: 4
I20260909 04:45:56.708039  1473 skeleton_planner.h:170] Found solution in: 1
I20260909 04:45:56.708042  1473 skeleton_planner.h:170] Found solution in: 2
I20260909 04:45:56.708066  1473 skeleton_planner.h:170] Found solution in: 9
I20260909 04:45:56.708076  1473 skeleton_planner.h:170] Found solution in: 1
I20260909 04:45:56.708078  1473 skeleton_planner.h:170] Found solution in: 2
I20260909 04:45:56.708093  1473 skeleton_planner.h:170] Found solution in: 5
I20260909 04:45:56.708101  1473 skeleton_planner.h:170] Found solution in: 1
I20260909 04:45:56.708105  1473 skeleton_planner.h:170] Found solution in: 1
I20260909 04:45:56.708123  1473 skeleton_planner.h:170] Found solution in: 5
I20260909 04:45:56.708130  1473 skeleton_planner.h:170] Found solution in: 1
I20260909 04:45:56.708133  1473 skeleton_planner.h:170] Found solution in: 2
I20260909 04:45:56.708144  1473 skeleton_planner.h:170] Found solution in: 3
I20260909 04:45:56.708153  1473 skeleton_planner.h:170] Found solution in: 1
I20260909 04:45:56.708158  1473 skeleton_planner.h:170] Found solution in: 4
I20260909 04:45:56.708182  1473 skeleton_planner.h:170] Found solution in: 4
I20260909 04:45:56.708195  1473 skeleton_planner.h:170] Found solution in: 1
I20260909 04:45:56.708206  1473 skeleton_planner.h:170] Found solution in: 3
I20260909 04:45:56.708217  1473 skeleton_planner.h:170] Found solution in: 1
I20260909 04:45:56.708221  1473 skeleton_planner.h:170] Found solution in: 4
I20260909 04:45:56.708242  1473 skeleton_planner.h:170] Found solution in: 6
I20260909 04:45:56.708253  1473 skeleton_planner.h:170] Found solution in: 1
I20260909 04:45:56.708258  1473 skeleton_planner.h:170] Found solution in: 1
I20260909 04:45:56.708263  1473 skeleton_planner.h:170] Found solution in: 3
I20260909 04:45:56.708279  1473 skeleton_planner.h:170] Found solution in: 5
I20260909 04:45:56.708288  1473 skeleton_planner.h:170] Found solution in: 1
I20260909 04:45:56.708293  1473 skeleton_planner.h:170] Found solution in: 1
I20260909 04:45:56.708323  1473 skeleton_planner.h:170] Found solution in: 4
I20260909 04:45:56.708330  1473 skeleton_planner.h:170] Found solution in: 1
I20260909 04:45:56.708344  1473 skeleton_planner.h:170] Found solution in: 3
I20260909 04:45:56.708351  1473 skeleton_planner.h:170] Found solution in: 1
I20260909 04:45:56.708355  1473 skeleton_planner.h:170] Found solution in: 3
I20260909 04:45:56.708371  1473 skeleton_planner.h:170] Found solution in: 8
I20260909 04:45:56.708377  1473 skeleton_planner.h:170] Found solution in: 1
I20260909 04:45:56.708608  1473 skeleton_planner.h:170] Found solution in: 9
I20260909 04:45:56.708618  1473 skeleton_planner.h:170] Found solution in: 1
I20260909 04:45:56.708623  1473 skeleton_planner.h:170] Found solution in: 5
I20260909 04:45:56.708638  1473 skeleton_planner.h:170] Found solution in: 5
I20260909 04:45:56.708647  1473 skeleton_planner.h:170] Found solution in: 1
I20260909 04:45:56.708663  1473 skeleton_planner.h:170] Found solution in: 3
I20260909 04:45:56.708669  1473 skeleton_planner.h:170] Found solution in: 1
I20260909 04:45:56.708673  1473 skeleton_planner.h:170] Found solution in: 2
I20260909 04:45:56.708683  1473 skeleton_planner.h:170] Found solution in: 3
I20260909 04:45:56.708690  1473 skeleton_planner.h:170] Found solution in: 1
I20260909 04:45:56.708701  1473 skeleton_planner.h:170] Found solution in: 4
I20260909 04:45:56.708709  1473 skeleton_planner.h:170] Found solution in: 1
I20260909 04:45:56.708803  1473 skeleton_planner.h:170] Found solution in: 3
I20260909 04:45:56.708811  1473 skeleton_planner.h:170] Found solution in: 1
I20260909 04:45:56.708823  1473 skeleton_planner.h:170] Found solution in: 5
I20260909 04:45:56.708832  1473 skeleton_planner.h:170] Found solution in: 1
I20260909 04:45:56.708839  1473 skeleton_planner.h:170] Found solution in: 1
I20260909 04:45:56.708843  1473 skeleton_planner.h:170] Found solution in: 2
I20260909 04:45:56.708864  1473 skeleton_planner.h:170] Found solution in: 7
I20260909 04:45:56.708873  1473 skeleton_planner.h:170] Found solution in: 1
I20260909 04:45:56.708878  1473 skeleton_planner.h:170] Found solution in: 1
I20260909 04:45:56.708899  1473 skeleton_planner.h:170] Found solution in: 6
I20260909 04:45:56.708909  1473 skeleton_planner.h:170] Found solution in: 1
I20260909 04:45:56.708918  1473 skeleton_planner.h:170] Found solution in: 10
I20260909 04:45:56.708949  1473 skeleton_planner.h:170] Found solution in: 10
I20260909 04:45:56.708958  1473 skeleton_planner.h:170] Found solution in: 1
I20260909 04:45:56.708963  1473 skeleton_planner.h:170] Found solution in: 5
I20260909 04:45:56.708982  1473 skeleton_planner.h:170] Found solution in: 7
I20260909 04:45:56.708989  1473 skeleton_planner.h:170] Found solution in: 1
I20260909 04:45:56.708995  1473 skeleton_planner.h:170] Found solution in: 6
I20260909 04:45:56.709018  1473 skeleton_planner.h:170] Found solution in: 8
I20260909 04:45:56.709024  1473 skeleton_planner.h:170] Found solution in: 1
I20260909 04:45:56.709043  1473 skeleton_planner.h:170] Found solution in: 5
I20260909 04:45:56.709053  1473 skeleton_planner.h:170] Found solution in: 1
I20260909 04:45:56.709059  1473 skeleton_planner.h:170] Found solution in: 4
I20260909 04:45:56.709103  1473 skeleton_planner.h:170] Found solution in: 22
I20260909 04:45:56.709112  1473 skeleton_planner.h:170] Found solution in: 1
I20260909 04:45:56.709117  1473 skeleton_planner.h:170] Found solution in: 4
I20260909 04:45:56.709141  1473 skeleton_planner.h:170] Found solution in: 4
I20260909 04:45:56.709154  1473 skeleton_planner.h:170] Found solution in: 1
I20260909 04:45:56.709158  1473 skeleton_planner.h:170] Found solution in: 3
I20260909 04:45:56.709959  1473 skeleton_planner.h:170] Found solution in: 46
I20260909 04:45:56.709975  1473 skeleton_planner.h:170] Found solution in: 1
I20260909 04:45:56.709978  1473 skeleton_planner.h:170] Found solution in: 3
I20260909 04:45:56.711024  1473 skeleton_planner.h:170] Found solution in: 1
I20260909 04:45:56.711040  1473 skeleton_planner.h:170] Found solution in: 5
I20260909 04:45:56.711048  1473 skeleton_planner.h:170] Found solution in: 1
I20260909 04:45:56.711053  1473 skeleton_planner.h:170] Found solution in: 3
I20260909 04:45:56.711202  1473 skeleton_planner.h:170] Found solution in: 88
I20260909 04:45:56.711282  1473 skeleton_planner.h:170] Found solution in: 31
I20260909 04:45:56.711292  1473 skeleton_planner.h:170] Found solution in: 1
I20260909 04:45:56.711295  1473 skeleton_planner.h:170] Found solution in: 3
I20260909 04:45:56.711447  1473 skeleton_planner.h:170] Found solution in: 98
I20260909 04:45:56.711622  1473 skeleton_planner.h:170] Found solution in: 1
I20260909 04:45:56.711793  1473 skeleton_planner.h:170] Found solution in: 87
I20260909 04:45:56.711983  1473 skeleton_planner.h:170] Found solution in: 91
I20260909 04:45:56.711997  1473 skeleton_planner.h:170] Found solution in: 5
I20260909 04:45:56.712044  1473 skeleton_planner.h:170] Found solution in: 8
I20260909 04:45:56.712054  1473 skeleton_planner.h:170] Found solution in: 1
I20260909 04:45:56.712057  1473 skeleton_planner.h:170] Found solution in: 4
I20260909 04:45:56.712069  1473 skeleton_planner.h:170] Found solution in: 3
I20260909 04:45:56.712076  1473 skeleton_planner.h:170] Found solution in: 1
I20260909 04:45:56.712111  1473 skeleton_planner.h:170] Found solution in: 5
I20260909 04:45:56.712122  1473 skeleton_planner.h:170] Found solution in: 1
I20260909 04:45:56.712136  1473 skeleton_planner.h:170] Found solution in: 4
I20260909 04:45:56.712147  1473 skeleton_planner.h:170] Found solution in: 1
I20260909 04:45:56.712162  1473 skeleton_planner.h:170] Found solution in: 4
I20260909 04:45:56.712172  1473 skeleton_planner.h:170] Found solution in: 1
I20260909 04:45:56.712185  1473 skeleton_planner.h:170] Found solution in: 4
I20260909 04:45:56.712195  1473 skeleton_planner.h:170] Found solution in: 1
I20260909 04:45:56.712211  1473 skeleton_planner.h:170] Found solution in: 4
I20260909 04:45:56.712219  1473 skeleton_planner.h:170] Found solution in: 1
I20260909 04:45:56.712232  1473 skeleton_planner.h:170] Found solution in: 13
I20260909 04:45:56.712242  1473 skeleton_planner.h:170] Found solution in: 1
I20260909 04:45:56.712250  1473 skeleton_planner.h:170] Found solution in: 7
I20260909 04:45:56.712257  1473 skeleton_planner.h:170] Found solution in: 7
I20260909 04:45:56.712263  1473 skeleton_planner.h:170] Found solution in: 1
I20260909 04:45:56.712270  1473 skeleton_planner.h:170] Found solution in: 1
I20260909 04:45:56.712281  1473 skeleton_planner.h:170] Found solution in: 3
I20260909 04:45:56.712286  1473 skeleton_planner.h:170] Found solution in: 1
I20260909 04:45:56.712296  1473 skeleton_planner.h:170] Found solution in: 3
I20260909 04:45:56.712302  1473 skeleton_planner.h:170] Found solution in: 1
I20260909 04:45:56.712316  1473 skeleton_planner.h:170] Found solution in: 4
I20260909 04:45:56.712322  1473 skeleton_planner.h:170] Found solution in: 1
I20260909 04:45:56.712345  1473 skeleton_planner.h:170] Found solution in: 7
I20260909 04:45:56.712352  1473 skeleton_planner.h:170] Found solution in: 1
I20260909 04:45:56.712373  1473 skeleton_planner.h:170] Found solution in: 7
I20260909 04:45:56.712381  1473 skeleton_planner.h:170] Found solution in: 1
I20260909 04:45:56.712384  1473 skeleton_planner.h:170] Found solution in: 2
I20260909 04:45:56.712495  1473 skeleton_planner.h:170] Found solution in: 68
I20260909 04:45:56.712539  1473 skeleton_planner.h:170] Found solution in: 11
I20260909 04:45:56.712548  1473 skeleton_planner.h:170] Found solution in: 1
I20260909 04:45:56.712688  1473 skeleton_planner.h:170] Found solution in: 90
I20260909 04:45:56.712746  1473 skeleton_planner.h:170] Found solution in: 20
I20260909 04:45:56.712783  1473 skeleton_planner.h:170] Found solution in: 13
I20260909 04:45:56.712792  1473 skeleton_planner.h:170] Found solution in: 1
I20260909 04:45:56.712924  1473 skeleton_planner.h:170] Found solution in: 74
I20260909 04:45:56.712937  1473 skeleton_planner.h:170] Found solution in: 6
I20260909 04:45:56.712970  1473 skeleton_planner.h:170] Found solution in: 6
I20260909 04:45:56.712980  1473 skeleton_planner.h:170] Found solution in: 1
I20260909 04:45:56.712986  1473 skeleton_planner.h:170] Found solution in: 6
I20260909 04:45:56.712991  1473 skeleton_planner.h:170] Found solution in: 5
I20260909 04:45:56.713011  1473 skeleton_planner.h:170] Found solution in: 3
I20260909 04:45:56.713018  1473 skeleton_planner.h:170] Found solution in: 1
I20260909 04:45:56.713024  1473 skeleton_planner.h:170] Found solution in: 6
I20260909 04:45:56.713030  1473 skeleton_planner.h:170] Found solution in: 6
I20260909 04:45:56.713038  1473 skeleton_planner.h:170] Found solution in: 8
I20260909 04:45:56.713043  1473 skeleton_planner.h:170] Found solution in: 1
I20260909 04:45:56.713050  1473 skeleton_planner.h:170] Found solution in: 7
I20260909 04:45:56.713059  1473 skeleton_planner.h:170] Found solution in: 10
I20260909 04:45:56.713065  1473 skeleton_planner.h:170] Found solution in: 1
I20260909 04:45:56.713070  1473 skeleton_planner.h:170] Found solution in: 4
I20260909 04:45:56.713076  1473 skeleton_planner.h:170] Found solution in: 7
I20260909 04:45:56.713084  1473 skeleton_planner.h:170] Found solution in: 8
I20260909 04:45:56.713093  1473 skeleton_planner.h:170] Found solution in: 1
I20260909 04:45:56.713195  1473 skeleton_planner.h:170] Found solution in: 4
I20260909 04:45:56.713203  1473 skeleton_planner.h:170] Found solution in: 1
I20260909 04:45:56.713208  1473 skeleton_planner.h:170] Found solution in: 4
I20260909 04:45:56.713215  1473 skeleton_planner.h:170] Found solution in: 9
I20260909 04:45:56.713223  1473 skeleton_planner.h:170] Found solution in: 9
I20260909 04:45:56.713231  1473 skeleton_planner.h:170] Found solution in: 1
I20260909 04:45:56.713240  1473 skeleton_planner.h:170] Found solution in: 1
I20260909 04:45:56.713268  1473 skeleton_planner.h:170] Found solution in: 9
I20260909 04:45:56.713276  1473 skeleton_planner.h:170] Found solution in: 1
I20260909 04:45:56.713285  1473 skeleton_planner.h:170] Found solution in: 9
I20260909 04:45:56.713292  1473 skeleton_planner.h:170] Found solution in: 8
I20260909 04:45:56.713308  1473 skeleton_planner.h:170] Found solution in: 15
I20260909 04:45:56.713313  1473 skeleton_planner.h:170] Found solution in: 1
I20260909 04:45:56.713354  1473 skeleton_planner.h:170] Found solution in: 5
I20260909 04:45:56.713362  1473 skeleton_planner.h:170] Found solution in: 1
I20260909 04:45:56.713366  1473 skeleton_planner.h:170] Found solution in: 4
I20260909 04:45:56.713403  1473 skeleton_planner.h:170] Found solution in: 5
I20260909 04:45:56.713410  1473 skeleton_planner.h:170] Found solution in: 1
I20260909 04:45:56.713685  1473 skeleton_planner.h:170] Found solution in: 1
I20260909 04:45:56.713717  1473 skeleton_planner.h:170] Found solution in: 40
I20260909 04:45:56.713727  1473 skeleton_planner.h:170] Found solution in: 1
I20260909 04:45:56.713733  1473 skeleton_planner.h:170] Found solution in: 5
I20260909 04:45:56.713979  1473 skeleton_planner.h:170] Found solution in: 1
I20260909 04:45:56.713984  1473 skeleton_planner.h:170] Found solution in: 3
I20260909 04:45:56.713994  1473 skeleton_planner.h:170] Found solution in: 3
I20260909 04:45:56.714000  1473 skeleton_planner.h:170] Found solution in: 1
I20260909 04:45:56.714033  1473 skeleton_planner.h:170] Found solution in: 7
I20260909 04:45:56.714040  1473 skeleton_planner.h:170] Found solution in: 1
I20260909 04:45:56.714077  1473 skeleton_planner.h:170] Found solution in: 14
I20260909 04:45:56.714092  1473 skeleton_planner.h:170] Found solution in: 1
I20260909 04:45:56.714094  1473 skeleton_planner.h:170] Found solution in: 2
I20260909 04:45:56.714119  1473 skeleton_planner.h:170] Found solution in: 9
I20260909 04:45:56.714130  1473 skeleton_planner.h:170] Found solution in: 1
I20260909 04:45:56.714157  1473 skeleton_planner.h:170] Found solution in: 8
I20260909 04:45:56.714167  1473 skeleton_planner.h:170] Found solution in: 1
I20260909 04:45:56.714175  1473 skeleton_planner.h:170] Found solution in: 9
I20260909 04:45:56.714198  1473 skeleton_planner.h:170] Found solution in: 5
I20260909 04:45:56.714208  1473 skeleton_planner.h:170] Found solution in: 1
I20260909 04:45:56.714219  1473 skeleton_planner.h:170] Found solution in: 13
I20260909 04:45:56.714233  1473 skeleton_planner.h:170] Found solution in: 17
I20260909 04:45:56.714242  1473 skeleton_planner.h:170] Found solution in: 10
I20260909 04:45:56.714277  1473 skeleton_planner.h:170] Found solution in: 7
I20260909 04:45:56.714283  1473 skeleton_planner.h:170] Found solution in: 1
I20260909 04:45:56.714288  1473 skeleton_planner.h:170] Found solution in: 4
I20260909 04:45:56.714320  1473 skeleton_planner.h:170] Found solution in: 5
I20260909 04:45:56.714327  1473 skeleton_planner.h:170] Found solution in: 1
I20260909 04:45:56.714345  1473 skeleton_planner.h:170] Found solution in: 4
I20260909 04:45:56.714354  1473 skeleton_planner.h:170] Found solution in: 1
I20260909 04:45:56.714365  1473 skeleton_planner.h:170] Found solution in: 3
I20260909 04:45:56.714371  1473 skeleton_planner.h:170] Found solution in: 1
I20260909 04:45:56.714395  1473 skeleton_planner.h:170] Found solution in: 4
I20260909 04:45:56.714402  1473 skeleton_planner.h:170] Found solution in: 1
I20260909 04:45:56.714421  1473 skeleton_planner.h:170] Found solution in: 3
I20260909 04:45:56.714430  1473 skeleton_planner.h:170] Found solution in: 1
I20260909 04:45:56.714450  1473 skeleton_planner.h:170] Found solution in: 9
I20260909 04:45:56.714459  1473 skeleton_planner.h:170] Found solution in: 1
I20260909 04:45:56.714481  1473 skeleton_planner.h:170] Found solution in: 3
I20260909 04:45:56.714488  1473 skeleton_planner.h:170] Found solution in: 1
I20260909 04:45:56.714504  1473 skeleton_planner.h:170] Found solution in: 4
I20260909 04:45:56.714511  1473 skeleton_planner.h:170] Found solution in: 1
I20260909 04:45:56.714524  1473 skeleton_planner.h:170] Found solution in: 3
I20260909 04:45:56.714530  1473 skeleton_planner.h:170] Found solution in: 1
I20260909 04:45:56.714542  1473 skeleton_planner.h:170] Found solution in: 3
I20260909 04:45:56.714548  1473 skeleton_planner.h:170] Found solution in: 1
I20260909 04:45:56.714568  1473 skeleton_planner.h:170] Found solution in: 6
I20260909 04:45:56.714581  1473 skeleton_planner.h:170] Found solution in: 1
I20260909 04:45:56.714592  1473 skeleton_planner.h:170] Found solution in: 3
I20260909 04:45:56.714600  1473 skeleton_planner.h:170] Found solution in: 1
I20260909 04:45:56.714605  1473 skeleton_planner.h:170] Found solution in: 4
I20260909 04:45:56.714618  1473 skeleton_planner.h:170] Found solution in: 5
I20260909 04:45:56.714627  1473 skeleton_planner.h:170] Found solution in: 1
I20260909 04:45:56.714630  1473 skeleton_planner.h:170] Found solution in: 3
I20260909 04:45:56.714650  1473 skeleton_planner.h:170] Found solution in: 8
I20260909 04:45:56.714658  1473 skeleton_planner.h:170] Found solution in: 1
I20260909 04:45:56.714675  1473 skeleton_planner.h:170] Found solution in: 5
I20260909 04:45:56.714684  1473 skeleton_planner.h:170] Found solution in: 1
I20260909 04:45:56.714704  1473 skeleton_planner.h:170] Found solution in: 3
I20260909 04:45:56.714713  1473 skeleton_planner.h:170] Found solution in: 1
I20260909 04:45:56.714718  1473 skeleton_planner.h:170] Found solution in: 4
I20260909 04:45:56.714736  1473 skeleton_planner.h:170] Found solution in: 5
I20260909 04:45:56.714744  1473 skeleton_planner.h:170] Found solution in: 1
I20260909 04:45:56.714752  1473 skeleton_planner.h:170] Found solution in: 1
I20260909 04:45:56.714970  1473 skeleton_planner.h:170] Found solution in: 1
I20260909 04:45:56.714979  1473 skeleton_planner.h:170] Found solution in: 10
I20260909 04:45:56.714987  1473 skeleton_planner.h:170] Found solution in: 1
I20260909 04:45:56.715193  1473 skeleton_planner.h:170] Found solution in: 85
I20260909 04:45:56.715252  1473 skeleton_planner.h:170] Found solution in: 15
I20260909 04:45:56.715261  1473 skeleton_planner.h:170] Found solution in: 1
I20260909 04:45:56.715266  1473 skeleton_planner.h:170] Found solution in: 3
I20260909 04:45:56.715296  1473 skeleton_planner.h:170] Found solution in: 9
I20260909 04:45:56.715304  1473 skeleton_planner.h:170] Found solution in: 1
I20260909 04:45:56.715310  1473 skeleton_planner.h:170] Found solution in: 2
I20260909 04:45:56.715329  1473 skeleton_planner.h:170] Found solution in: 5
I20260909 04:45:56.715337  1473 skeleton_planner.h:170] Found solution in: 1
I20260909 04:45:56.715353  1473 skeleton_planner.h:170] Found solution in: 5
I20260909 04:45:56.715361  1473 skeleton_planner.h:170] Found solution in: 1
I20260909 04:45:56.715369  1473 skeleton_planner.h:170] Found solution in: 9
I20260909 04:45:56.715461  1473 skeleton_planner.h:170] Found solution in: 43
I20260909 04:45:56.715473  1473 skeleton_planner.h:170] Found solution in: 1
I20260909 04:45:56.715476  1473 skeleton_planner.h:170] Found solution in: 2
I20260909 04:45:56.715502  1473 skeleton_planner.h:170] Found solution in: 7
I20260909 04:45:56.715509  1473 skeleton_planner.h:170] Found solution in: 1
I20260909 04:45:56.715529  1473 skeleton_planner.h:170] Found solution in: 7
I20260909 04:45:56.715538  1473 skeleton_planner.h:170] Found solution in: 1
I20260909 04:45:56.715541  1473 skeleton_planner.h:170] Found solution in: 3
I20260909 04:45:56.715552  1473 skeleton_planner.h:170] Found solution in: 4
I20260909 04:45:56.715559  1473 skeleton_planner.h:170] Found solution in: 1
I20260909 04:45:56.715574  1473 skeleton_planner.h:170] Found solution in: 6
I20260909 04:45:56.715580  1473 skeleton_planner.h:170] Found solution in: 1
I20260909 04:45:56.715583  1473 skeleton_planner.h:170] Found solution in: 2
I20260909 04:45:56.715595  1473 skeleton_planner.h:170] Found solution in: 5
I20260909 04:45:56.715602  1473 skeleton_planner.h:170] Found solution in: 1
I20260909 04:45:56.715605  1473 skeleton_planner.h:170] Found solution in: 2
I20260909 04:45:56.715616  1473 skeleton_planner.h:170] Found solution in: 4
I20260909 04:45:56.715622  1473 skeleton_planner.h:170] Found solution in: 1
I20260909 04:45:56.715643  1473 skeleton_planner.h:170] Found solution in: 10
I20260909 04:45:56.715651  1473 skeleton_planner.h:170] Found solution in: 1
I20260909 04:45:56.715667  1473 skeleton_planner.h:170] Found solution in: 6
I20260909 04:45:56.715673  1473 skeleton_planner.h:170] Found solution in: 1
I20260909 04:45:56.715677  1473 skeleton_planner.h:170] Found solution in: 2
I20260909 04:45:56.715682  1473 skeleton_planner.h:170] Found solution in: 1
I20260909 04:45:56.715684  1473 skeleton_planner.h:170] Found solution in: 2
I20260909 04:45:56.715689  1473 skeleton_planner.h:170] Found solution in: 1
I20260909 04:45:56.715701  1473 skeleton_planner.h:170] Found solution in: 3
I20260909 04:45:56.715708  1473 skeleton_planner.h:170] Found solution in: 1
I20260909 04:45:56.715713  1473 skeleton_planner.h:170] Found solution in: 3
I20260909 04:45:56.715724  1473 skeleton_planner.h:170] Found solution in: 4
I20260909 04:45:56.715731  1473 skeleton_planner.h:170] Found solution in: 1
I20260909 04:45:56.715741  1473 skeleton_planner.h:170] Found solution in: 3
I20260909 04:45:56.715750  1473 skeleton_planner.h:170] Found solution in: 1
I20260909 04:45:56.715754  1473 skeleton_planner.h:170] Found solution in: 3
I20260909 04:45:56.715840  1473 skeleton_planner.h:170] Found solution in: 33
I20260909 04:45:56.715853  1473 skeleton_planner.h:170] Found solution in: 1
I20260909 04:45:56.715936  1473 skeleton_planner.h:170] Found solution in: 35
I20260909 04:45:56.715951  1473 skeleton_planner.h:170] Found solution in: 1
I20260909 04:45:56.715960  1473 skeleton_planner.h:170] Found solution in: 1
I20260909 04:45:56.715963  1473 skeleton_planner.h:170] Found solution in: 3
I20260909 04:45:56.715974  1473 skeleton_planner.h:170] Found solution in: 3
I20260909 04:45:56.715981  1473 skeleton_planner.h:170] Found solution in: 1
I20260909 04:45:56.715987  1473 skeleton_planner.h:170] Found solution in: 1
I20260909 04:45:56.716002  1473 skeleton_planner.h:170] Found solution in: 15
I20260909 04:45:56.716008  1473 skeleton_planner.h:170] Found solution in: 1
I20260909 04:45:56.716014  1473 skeleton_planner.h:170] Found solution in: 1
I20260909 04:45:56.716022  1473 skeleton_planner.h:170] Found solution in: 6
I20260909 04:45:56.716027  1473 skeleton_planner.h:170] Found solution in: 1
I20260909 04:45:56.716032  1473 skeleton_planner.h:170] Found solution in: 6
I20260909 04:45:56.716037  1473 skeleton_planner.h:170] Found solution in: 1
I20260909 04:45:56.716048  1473 skeleton_planner.h:170] Found solution in: 8
I20260909 04:45:56.716053  1473 skeleton_planner.h:170] Found solution in: 1
I20260909 04:45:56.716058  1473 skeleton_planner.h:170] Found solution in: 5
I20260909 04:45:56.716161  1473 skeleton_planner.h:170] Found solution in: 6
I20260909 04:45:56.716169  1473 skeleton_planner.h:170] Found solution in: 1
I20260909 04:45:56.716176  1473 skeleton_planner.h:170] Found solution in: 1
I20260909 04:45:56.716182  1473 skeleton_planner.h:170] Found solution in: 8
I20260909 04:45:56.716192  1473 skeleton_planner.h:170] Found solution in: 1
I20260909 04:45:56.716297  1473 skeleton_planner.h:170] Found solution in: 3
I20260909 04:45:56.716310  1473 skeleton_planner.h:170] Found solution in: 1
I20260909 04:45:56.716315  1473 skeleton_planner.h:170] Found solution in: 4
I20260909 04:45:56.716327  1473 skeleton_planner.h:170] Found solution in: 4
I20260909 04:45:56.716334  1473 skeleton_planner.h:170] Found solution in: 1
I20260909 04:45:56.716341  1473 skeleton_planner.h:170] Found solution in: 1
I20260909 04:45:56.716431  1473 skeleton_planner.h:170] Found solution in: 3
I20260909 04:45:56.716439  1473 skeleton_planner.h:170] Found solution in: 1
I20260909 04:45:56.716442  1473 skeleton_planner.h:170] Found solution in: 3
I20260909 04:45:56.716449  1473 skeleton_planner.h:170] Found solution in: 6
I20260909 04:45:56.716455  1473 skeleton_planner.h:170] Found solution in: 6
I20260909 04:45:56.716461  1473 skeleton_planner.h:170] Found solution in: 1
I20260909 04:45:56.716653  1473 skeleton_planner.h:170] Found solution in: 98
I20260909 04:45:56.716671  1473 skeleton_planner.h:170] Found solution in: 1
I20260909 04:45:56.716725  1473 skeleton_planner.h:170] Found solution in: 8
I20260909 04:45:56.716733  1473 skeleton_planner.h:170] Found solution in: 1
I20260909 04:45:56.716737  1473 skeleton_planner.h:170] Found solution in: 2
I20260909 04:45:56.717182  1473 skeleton_planner.h:170] Found solution in: 11
I20260909 04:45:56.717190  1473 skeleton_planner.h:170] Found solution in: 1
I20260909 04:45:56.717221  1473 skeleton_planner.h:170] Found solution in: 11
I20260909 04:45:56.717228  1473 skeleton_planner.h:170] Found solution in: 1
I20260909 04:45:56.717489  1473 skeleton_planner.h:170] Found solution in: 14
I20260909 04:45:56.717500  1473 skeleton_planner.h:170] Found solution in: 1
I20260909 04:45:56.717521  1473 skeleton_planner.h:170] Found solution in: 5
I20260909 04:45:56.717531  1473 skeleton_planner.h:170] Found solution in: 1
I20260909 04:45:56.717535  1473 skeleton_planner.h:170] Found solution in: 3
I20260909 04:45:56.717550  1473 skeleton_planner.h:170] Found solution in: 4
I20260909 04:45:56.717558  1473 skeleton_planner.h:170] Found solution in: 1
I20260909 04:45:56.717569  1473 skeleton_planner.h:170] Found solution in: 3
I20260909 04:45:56.717578  1473 skeleton_planner.h:170] Found solution in: 1
I20260909 04:45:56.717592  1473 skeleton_planner.h:170] Found solution in: 4
I20260909 04:45:56.717597  1473 skeleton_planner.h:170] Found solution in: 1
I20260909 04:45:56.717600  1473 skeleton_planner.h:170] Found solution in: 2
I20260909 04:45:56.717605  1473 skeleton_planner.h:170] Found solution in: 1
I20260909 04:45:56.717608  1473 skeleton_planner.h:170] Found solution in: 2
I20260909 04:45:56.717613  1473 skeleton_planner.h:170] Found solution in: 1
I20260909 04:45:56.717641  1473 skeleton_planner.h:170] Found solution in: 31
I20260909 04:45:56.717653  1473 skeleton_planner.h:170] Found solution in: 1
I20260909 04:45:56.717657  1473 skeleton_planner.h:170] Found solution in: 3
I20260909 04:45:56.717674  1473 skeleton_planner.h:170] Found solution in: 6
I20260909 04:45:56.717684  1473 skeleton_planner.h:170] Found solution in: 1
I20260909 04:45:56.717697  1473 skeleton_planner.h:170] Found solution in: 5
I20260909 04:45:56.717705  1473 skeleton_planner.h:170] Found solution in: 1
I20260909 04:45:56.717728  1473 skeleton_planner.h:170] Found solution in: 10
I20260909 04:45:56.717741  1473 skeleton_planner.h:170] Found solution in: 1
I20260909 04:45:56.717748  1473 skeleton_planner.h:170] Found solution in: 8
I20260909 04:45:56.717754  1473 skeleton_planner.h:170] Found solution in: 5
I20260909 04:45:56.717761  1473 skeleton_planner.h:170] Found solution in: 6
I20260909 04:45:56.717770  1473 skeleton_planner.h:170] Found solution in: 1
I20260909 04:45:56.717775  1473 skeleton_planner.h:170] Found solution in: 1
I20260909 04:45:56.717782  1473 skeleton_planner.h:170] Found solution in: 6
I20260909 04:45:56.717789  1473 skeleton_planner.h:170] Found solution in: 8
I20260909 04:45:56.717801  1473 skeleton_planner.h:170] Found solution in: 1
I20260909 04:45:56.717805  1473 skeleton_planner.h:170] Found solution in: 2
I20260909 04:45:56.717818  1473 skeleton_planner.h:170] Found solution in: 5
I20260909 04:45:56.717828  1473 skeleton_planner.h:170] Found solution in: 1
I20260909 04:45:56.717839  1473 skeleton_planner.h:170] Found solution in: 4
I20260909 04:45:56.717849  1473 skeleton_planner.h:170] Found solution in: 1
I20260909 04:45:56.717871  1473 skeleton_planner.h:170] Found solution in: 8
I20260909 04:45:56.717881  1473 skeleton_planner.h:170] Found solution in: 1
I20260909 04:45:56.718055  1473 skeleton_planner.h:170] Found solution in: 1
I20260909 04:45:56.718062  1473 skeleton_planner.h:170] Found solution in: 1
I20260909 04:45:56.718092  1473 skeleton_planner.h:170] Found solution in: 11
I20260909 04:45:56.718102  1473 skeleton_planner.h:170] Found solution in: 1
I20260909 04:45:56.718107  1473 skeleton_planner.h:170] Found solution in: 5
I20260909 04:45:56.718113  1473 skeleton_planner.h:170] Found solution in: 1
I20260909 04:45:56.718119  1473 skeleton_planner.h:170] Found solution in: 6
I20260909 04:45:56.718124  1473 skeleton_planner.h:170] Found solution in: 1
I20260909 04:45:56.718130  1473 skeleton_planner.h:170] Found solution in: 1
I20260909 04:45:56.718137  1473 skeleton_planner.h:170] Found solution in: 6
I20260909 04:45:56.718143  1473 skeleton_planner.h:170] Found solution in: 1
I20260909 04:45:56.718149  1473 skeleton_planner.h:170] Found solution in: 5
I20260909 04:45:56.718154  1473 skeleton_planner.h:170] Found solution in: 1
I20260909 04:45:56.718248  1473 skeleton_planner.h:170] Found solution in: 8
I20260909 04:45:56.718256  1473 skeleton_planner.h:170] Found solution in: 1
I20260909 04:45:56.718279  1473 skeleton_planner.h:170] Found solution in: 7
I20260909 04:45:56.718288  1473 skeleton_planner.h:170] Found solution in: 1
I20260909 04:45:56.718294  1473 skeleton_planner.h:170] Found solution in: 1
I20260909 04:45:56.718320  1473 skeleton_planner.h:170] Found solution in: 29
I20260909 04:45:56.718364  1473 skeleton_planner.h:170] Found solution in: 53
I20260909 04:45:56.718372  1473 skeleton_planner.h:170] Found solution in: 1
I20260909 04:45:56.718379  1473 skeleton_planner.h:170] Found solution in: 7
I20260909 04:45:56.718385  1473 skeleton_planner.h:170] Found solution in: 1
I20260909 04:45:56.718473  1473 skeleton_planner.h:170] Found solution in: 4
I20260909 04:45:56.718484  1473 skeleton_planner.h:170] Found solution in: 1
I20260909 04:45:56.718497  1473 skeleton_planner.h:170] Found solution in: 1
I20260909 04:45:56.718503  1473 skeleton_planner.h:170] Found solution in: 6
I20260909 04:45:56.718725  1473 skeleton_planner.h:170] Found solution in: 1
I20260909 04:45:56.718902  1473 skeleton_planner.h:170] Found solution in: 69
I20260909 04:45:56.718918  1473 skeleton_planner.h:170] Found solution in: 1
I20260909 04:45:56.718925  1473 skeleton_planner.h:170] Found solution in: 1
I20260909 04:45:56.718928  1473 skeleton_planner.h:170] Found solution in: 2
I20260909 04:45:56.718940  1473 skeleton_planner.h:170] Found solution in: 4
I20260909 04:45:56.718947  1473 skeleton_planner.h:170] Found solution in: 1
I20260909 04:45:56.718957  1473 skeleton_planner.h:170] Found solution in: 4
I20260909 04:45:56.718964  1473 skeleton_planner.h:170] Found solution in: 1
I20260909 04:45:56.718971  1473 skeleton_planner.h:170] Found solution in: 1
I20260909 04:45:56.719010  1473 skeleton_planner.h:170] Found solution in: 5
I20260909 04:45:56.719018  1473 skeleton_planner.h:170] Found solution in: 1
I20260909 04:45:56.719077  1473 skeleton_planner.h:170] Found solution in: 24
I20260909 04:45:56.719087  1473 skeleton_planner.h:170] Found solution in: 1
I20260909 04:45:56.719090  1473 skeleton_planner.h:170] Found solution in: 2
I20260909 04:45:56.719101  1473 skeleton_planner.h:170] Found solution in: 4
I20260909 04:45:56.719106  1473 skeleton_planner.h:170] Found solution in: 1
I20260909 04:45:56.719112  1473 skeleton_planner.h:170] Found solution in: 1
I20260909 04:45:56.719120  1473 skeleton_planner.h:170] Found solution in: 1
I20260909 04:45:56.719128  1473 skeleton_planner.h:170] Found solution in: 1
I20260909 04:45:56.719137  1473 skeleton_planner.h:170] Found solution in: 1
I20260909 04:45:56.719142  1473 skeleton_planner.h:170] Found solution in: 4
I20260909 04:45:56.719168  1473 skeleton_planner.h:170] Found solution in: 33
I20260909 04:45:56.719177  1473 skeleton_planner.h:170] Found solution in: 1
I20260909 04:45:56.719218  1473 skeleton_planner.h:170] Found solution in: 47
I20260909 04:45:56.719285  1473 skeleton_planner.h:170] Found solution in: 88
I20260909 04:45:56.719295  1473 skeleton_planner.h:170] Found solution in: 1
I20260909 04:45:56.719300  1473 skeleton_planner.h:170] Found solution in: 4
I20260909 04:45:56.719327  1473 skeleton_planner.h:170] Found solution in: 33
I20260909 04:45:56.719336  1473 skeleton_planner.h:170] Found solution in: 1
I20260909 04:45:56.719342  1473 skeleton_planner.h:170] Found solution in: 1
I20260909 04:45:56.719348  1473 skeleton_planner.h:170] Found solution in: 5
I20260909 04:45:56.719353  1473 skeleton_planner.h:170] Found solution in: 1
I20260909 04:45:56.719358  1473 skeleton_planner.h:170] Found solution in: 1
I20260909 04:45:56.719364  1473 skeleton_planner.h:170] Found solution in: 5
I20260909 04:45:56.719455  1473 skeleton_planner.h:170] Found solution in: 5
I20260909 04:45:56.719463  1473 skeleton_planner.h:170] Found solution in: 1
I20260909 04:45:56.719468  1473 skeleton_planner.h:170] Found solution in: 1
I20260909 04:45:56.719475  1473 skeleton_planner.h:170] Found solution in: 6
I20260909 04:45:56.719484  1473 skeleton_planner.h:170] Found solution in: 9
I20260909 04:45:56.719489  1473 skeleton_planner.h:170] Found solution in: 1
I20260909 04:45:56.719501  1473 skeleton_planner.h:170] Found solution in: 5
I20260909 04:45:56.719506  1473 skeleton_planner.h:170] Found solution in: 6
I20260909 04:45:56.719513  1473 skeleton_planner.h:170] Found solution in: 1
I20260909 04:45:56.719583  1473 skeleton_planner.h:170] Found solution in: 92
I20260909 04:45:56.719597  1473 skeleton_planner.h:170] Found solution in: 1
I20260909 04:45:56.719604  1473 skeleton_planner.h:170] Found solution in: 7
I20260909 04:45:56.719610  1473 skeleton_planner.h:170] Found solution in: 1
I20260909 04:45:56.719616  1473 skeleton_planner.h:170] Found solution in: 5
I20260909 04:45:56.719640  1473 skeleton_planner.h:170] Found solution in: 6
I20260909 04:45:56.719647  1473 skeleton_planner.h:170] Found solution in: 1
I20260909 04:45:56.719664  1473 skeleton_planner.h:170] Found solution in: 4
I20260909 04:45:56.719673  1473 skeleton_planner.h:170] Found solution in: 1
I20260909 04:45:56.719678  1473 skeleton_planner.h:170] Found solution in: 5
I20260909 04:45:56.720453  1473 skeleton_planner.h:170] Found solution in: 1
I20260909 04:45:56.720460  1473 skeleton_planner.h:170] Found solution in: 5
I20260909 04:45:56.720466  1473 skeleton_planner.h:170] Found solution in: 1
I20260909 04:45:56.720484  1473 skeleton_planner.h:170] Found solution in: 6
I20260909 04:45:56.720494  1473 skeleton_planner.h:170] Found solution in: 1
I20260909 04:45:56.720505  1473 skeleton_planner.h:170] Found solution in: 4
I20260909 04:45:56.720515  1473 skeleton_planner.h:170] Found solution in: 1
I20260909 04:45:56.720517  1473 skeleton_planner.h:170] Found solution in: 2
I20260909 04:45:56.720898  1473 skeleton_planner.h:170] Found solution in: 1
I20260909 04:45:56.720902  1473 skeleton_planner.h:170] Found solution in: 2
I20260909 04:45:56.721125  1473 skeleton_planner.h:170] Found solution in: 10
I20260909 04:45:56.721139  1473 skeleton_planner.h:170] Found solution in: 1
I20260909 04:45:56.721182  1473 skeleton_planner.h:170] Found solution in: 7
I20260909 04:45:56.721192  1473 skeleton_planner.h:170] Found solution in: 1
I20260909 04:45:56.721201  1473 skeleton_planner.h:170] Found solution in: 10
I20260909 04:45:56.721208  1473 skeleton_planner.h:170] Found solution in: 1
I20260909 04:45:56.721213  1473 skeleton_planner.h:170] Found solution in: 4
I20260909 04:45:56.721225  1473 skeleton_planner.h:170] Found solution in: 13
I20260909 04:45:56.721230  1473 skeleton_planner.h:170] Found solution in: 1
I20260909 04:45:56.721240  1473 skeleton_planner.h:170] Found solution in: 13
I20260909 04:45:56.721246  1473 skeleton_planner.h:170] Found solution in: 4
I20260909 04:45:56.721251  1473 skeleton_planner.h:170] Found solution in: 1
I20260909 04:45:56.721257  1473 skeleton_planner.h:170] Found solution in: 8
I20260909 04:45:56.721266  1473 skeleton_planner.h:170] Found solution in: 9
I20260909 04:45:56.721274  1473 skeleton_planner.h:170] Found solution in: 1
I20260909 04:45:56.721277  1473 skeleton_planner.h:170] Found solution in: 2
I20260909 04:45:56.721292  1473 skeleton_planner.h:170] Found solution in: 4
I20260909 04:45:56.721299  1473 skeleton_planner.h:170] Found solution in: 1
I20260909 04:45:56.721302  1473 skeleton_planner.h:170] Found solution in: 2
I20260909 04:45:56.721314  1473 skeleton_planner.h:170] Found solution in: 3
I20260909 04:45:56.721320  1473 skeleton_planner.h:170] Found solution in: 1
I20260909 04:45:56.721335  1473 skeleton_planner.h:170] Found solution in: 5
I20260909 04:45:56.721343  1473 skeleton_planner.h:170] Found solution in: 1
I20260909 04:45:56.721347  1473 skeleton_planner.h:170] Found solution in: 2
I20260909 04:45:56.721359  1473 skeleton_planner.h:170] Found solution in: 4
I20260909 04:45:56.721366  1473 skeleton_planner.h:170] Found solution in: 1
I20260909 04:45:56.721380  1473 skeleton_planner.h:170] Found solution in: 4
I20260909 04:45:56.721388  1473 skeleton_planner.h:170] Found solution in: 1
I20260909 04:45:56.721402  1473 skeleton_planner.h:170] Found solution in: 4
I20260909 04:45:56.721410  1473 skeleton_planner.h:170] Found solution in: 1
I20260909 04:45:56.721431  1473 skeleton_planner.h:170] Found solution in: 6
I20260909 04:45:56.721438  1473 skeleton_planner.h:170] Found solution in: 1
I20260909 04:45:56.721448  1473 skeleton_planner.h:170] Found solution in: 3
I20260909 04:45:56.721459  1473 skeleton_planner.h:170] Found solution in: 1
I20260909 04:45:56.721469  1473 skeleton_planner.h:170] Found solution in: 3
I20260909 04:45:56.721479  1473 skeleton_planner.h:170] Found solution in: 1
I20260909 04:45:56.721483  1473 skeleton_planner.h:170] Found solution in: 3
I20260909 04:45:56.721498  1473 skeleton_planner.h:170] Found solution in: 5
I20260909 04:45:56.721505  1473 skeleton_planner.h:170] Found solution in: 1
I20260909 04:45:56.721518  1473 skeleton_planner.h:170] Found solution in: 1
I20260909 04:45:56.721526  1473 skeleton_planner.h:170] Found solution in: 1
I20260909 04:45:56.721531  1473 skeleton_planner.h:170] Found solution in: 4
I20260909 04:45:56.721560  1473 skeleton_planner.h:170] Found solution in: 6
I20260909 04:45:56.721570  1473 skeleton_planner.h:170] Found solution in: 1
I20260909 04:45:56.721612  1473 skeleton_planner.h:170] Found solution in: 44
I20260909 04:45:56.721621  1473 skeleton_planner.h:170] Found solution in: 1
I20260909 04:45:56.721632  1473 skeleton_planner.h:170] Found solution in: 3
I20260909 04:45:56.721637  1473 skeleton_planner.h:170] Found solution in: 1
I20260909 04:45:56.721644  1473 skeleton_planner.h:170] Found solution in: 1
I20260909 04:45:56.721671  1473 skeleton_planner.h:170] Found solution in: 27
I20260909 04:45:56.721769  1473 skeleton_planner.h:170] Found solution in: 4
I20260909 04:45:56.721781  1473 skeleton_planner.h:170] Found solution in: 1
I20260909 04:45:56.721796  1473 skeleton_planner.h:170] Found solution in: 5
I20260909 04:45:56.721808  1473 skeleton_planner.h:170] Found solution in: 1
I20260909 04:45:56.721827  1473 skeleton_planner.h:170] Found solution in: 23
I20260909 04:45:56.721933  1473 skeleton_planner.h:170] Found solution in: 6
I20260909 04:45:56.721942  1473 skeleton_planner.h:170] Found solution in: 1
I20260909 04:45:56.721946  1473 skeleton_planner.h:170] Found solution in: 3
I20260909 04:45:56.721957  1473 skeleton_planner.h:170] Found solution in: 1
I20260909 04:45:56.722046  1473 skeleton_planner.h:170] Found solution in: 3
I20260909 04:45:56.722057  1473 skeleton_planner.h:170] Found solution in: 1
I20260909 04:45:56.722069  1473 skeleton_planner.h:170] Found solution in: 3
I20260909 04:45:56.722076  1473 skeleton_planner.h:170] Found solution in: 1
I20260909 04:45:56.722079  1473 skeleton_planner.h:170] Found solution in: 2
I20260909 04:45:56.722090  1473 skeleton_planner.h:170] Found solution in: 3
I20260909 04:45:56.722096  1473 skeleton_planner.h:170] Found solution in: 1
I20260909 04:45:56.722106  1473 skeleton_planner.h:170] Found solution in: 3
I20260909 04:45:56.722117  1473 skeleton_planner.h:170] Found solution in: 1
I20260909 04:45:56.722128  1473 skeleton_planner.h:170] Found solution in: 3
I20260909 04:45:56.722134  1473 skeleton_planner.h:170] Found solution in: 1
I20260909 04:45:56.722154  1473 skeleton_planner.h:170] Found solution in: 5
I20260909 04:45:56.722163  1473 skeleton_planner.h:170] Found solution in: 1
I20260909 04:45:56.722167  1473 skeleton_planner.h:170] Found solution in: 2
I20260909 04:45:56.722183  1473 skeleton_planner.h:170] Found solution in: 7
I20260909 04:45:56.722191  1473 skeleton_planner.h:170] Found solution in: 1
I20260909 04:45:56.722213  1473 skeleton_planner.h:170] Found solution in: 8
I20260909 04:45:56.722223  1473 skeleton_planner.h:170] Found solution in: 1
I20260909 04:45:56.722246  1473 skeleton_planner.h:170] Found solution in: 28
I20260909 04:45:56.722291  1473 skeleton_planner.h:170] Found solution in: 5
I20260909 04:45:56.722301  1473 skeleton_planner.h:170] Found solution in: 1
I20260909 04:45:56.722385  1473 skeleton_planner.h:170] Found solution in: 8
I20260909 04:45:56.722396  1473 skeleton_planner.h:170] Found solution in: 1
I20260909 04:45:56.722401  1473 skeleton_planner.h:170] Found solution in: 3
I20260909 04:45:56.722409  1473 skeleton_planner.h:170] Found solution in: 10
I20260909 04:45:56.722415  1473 skeleton_planner.h:170] Found solution in: 1
I20260909 04:45:56.722453  1473 skeleton_planner.h:170] Found solution in: 3
I20260909 04:45:56.722460  1473 skeleton_planner.h:170] Found solution in: 1
I20260909 04:45:56.722471  1473 skeleton_planner.h:170] Found solution in: 3
I20260909 04:45:56.722478  1473 skeleton_planner.h:170] Found solution in: 1
I20260909 04:45:56.722486  1473 skeleton_planner.h:170] Found solution in: 1
I20260909 04:45:56.722528  1473 skeleton_planner.h:170] Found solution in: 4
I20260909 04:45:56.722536  1473 skeleton_planner.h:170] Found solution in: 1
I20260909 04:45:56.722544  1473 skeleton_planner.h:170] Found solution in: 9
I20260909 04:45:56.722551  1473 skeleton_planner.h:170] Found solution in: 1
I20260909 04:45:56.722555  1473 skeleton_planner.h:170] Found solution in: 2
I20260909 04:45:56.722582  1473 skeleton_planner.h:170] Found solution in: 13
I20260909 04:45:56.722590  1473 skeleton_planner.h:170] Found solution in: 1
I20260909 04:45:56.722954  1473 skeleton_planner.h:170] Found solution in: 1
I20260909 04:45:56.722965  1473 skeleton_planner.h:170] Found solution in: 11
I20260909 04:45:56.722971  1473 skeleton_planner.h:170] Found solution in: 1
I20260909 04:45:56.722981  1473 skeleton_planner.h:170] Found solution in: 10
I20260909 04:45:56.723016  1473 skeleton_planner.h:170] Found solution in: 43
I20260909 04:45:56.723022  1473 skeleton_planner.h:170] Found solution in: 1
I20260909 04:45:56.723088  1473 skeleton_planner.h:170] Found solution in: 6
I20260909 04:45:56.723094  1473 skeleton_planner.h:170] Found solution in: 1
I20260909 04:45:56.723152  1473 skeleton_planner.h:170] Found solution in: 5
I20260909 04:45:56.723160  1473 skeleton_planner.h:170] Found solution in: 1
I20260909 04:45:56.723165  1473 skeleton_planner.h:170] Found solution in: 1
I20260909 04:45:56.723170  1473 skeleton_planner.h:170] Found solution in: 1
I20260909 04:45:56.723174  1473 skeleton_planner.h:170] Found solution in: 1
I20260909 04:45:56.723183  1473 skeleton_planner.h:170] Found solution in: 1
I20260909 04:45:56.723188  1473 skeleton_planner.h:170] Found solution in: 5
I20260909 04:45:56.723222  1473 skeleton_planner.h:170] Found solution in: 10
I20260909 04:45:56.723232  1473 skeleton_planner.h:170] Found solution in: 1
I20260909 04:45:56.723237  1473 skeleton_planner.h:170] Found solution in: 4
I20260909 04:45:56.723243  1473 skeleton_planner.h:170] Found solution in: 1
I20260909 04:45:56.723250  1473 skeleton_planner.h:170] Found solution in: 5
I20260909 04:45:56.723277  1473 skeleton_planner.h:170] Found solution in: 9
I20260909 04:45:56.723286  1473 skeleton_planner.h:170] Found solution in: 1
I20260909 04:45:56.723304  1473 skeleton_planner.h:170] Found solution in: 21
I20260909 04:45:56.723313  1473 skeleton_planner.h:170] Found solution in: 1
I20260909 04:45:56.723327  1473 skeleton_planner.h:170] Found solution in: 15
I20260909 04:45:56.723335  1473 skeleton_planner.h:170] Found solution in: 1
I20260909 04:45:56.723354  1473 skeleton_planner.h:170] Found solution in: 4
I20260909 04:45:56.723361  1473 skeleton_planner.h:170] Found solution in: 1
I20260909 04:45:56.723369  1473 skeleton_planner.h:170] Found solution in: 1
I20260909 04:45:56.723373  1473 skeleton_planner.h:170] Found solution in: 3
I20260909 04:45:56.723474  1473 skeleton_planner.h:170] Found solution in: 4
I20260909 04:45:56.723482  1473 skeleton_planner.h:170] Found solution in: 1
I20260909 04:45:56.723491  1473 skeleton_planner.h:170] Found solution in: 3
I20260909 04:45:56.723500  1473 skeleton_planner.h:170] Found solution in: 1
I20260909 04:45:56.723506  1473 skeleton_planner.h:170] Found solution in: 1
I20260909 04:45:56.723513  1473 skeleton_planner.h:170] Found solution in: 1
I20260909 04:45:56.723518  1473 skeleton_planner.h:170] Found solution in: 3
I20260909 04:45:56.723764  1473 skeleton_planner.h:170] Found solution in: 1
I20260909 04:45:56.723769  1473 skeleton_planner.h:170] Found solution in: 3
I20260909 04:45:56.723999  1473 skeleton_planner.h:170] Found solution in: 1
I20260909 04:45:56.724030  1473 skeleton_planner.h:170] Found solution in: 10
I20260909 04:45:56.724037  1473 skeleton_planner.h:170] Found solution in: 1
I20260909 04:45:56.724041  1473 skeleton_planner.h:170] Found solution in: 2
I20260909 04:45:56.724068  1473 skeleton_planner.h:170] Found solution in: 11
I20260909 04:45:56.724076  1473 skeleton_planner.h:170] Found solution in: 1
I20260909 04:45:56.724083  1473 skeleton_planner.h:170] Found solution in: 1
I20260909 04:45:56.724088  1473 skeleton_planner.h:170] Found solution in: 2
I20260909 04:45:56.724092  1473 skeleton_planner.h:170] Found solution in: 1
I20260909 04:45:56.724095  1473 skeleton_planner.h:170] Found solution in: 2
I20260909 04:45:56.724104  1473 skeleton_planner.h:170] Found solution in: 1
I20260909 04:45:56.724108  1473 skeleton_planner.h:170] Found solution in: 3
I20260909 04:45:56.724116  1473 skeleton_planner.h:170] Found solution in: 1
I20260909 04:45:56.724138  1473 skeleton_planner.h:170] Found solution in: 5
I20260909 04:45:56.724145  1473 skeleton_planner.h:170] Found solution in: 1
I20260909 04:45:56.724149  1473 skeleton_planner.h:170] Found solution in: 3
I20260909 04:45:56.724154  1473 skeleton_planner.h:170] Found solution in: 1
I20260909 04:45:56.724157  1473 skeleton_planner.h:170] Found solution in: 3
I20260909 04:45:56.724170  1473 skeleton_planner.h:170] Found solution in: 4
I20260909 04:45:56.724184  1473 skeleton_planner.h:170] Found solution in: 4
I20260909 04:45:56.724200  1473 skeleton_planner.h:170] Found solution in: 4
I20260909 04:45:56.724218  1473 skeleton_planner.h:170] Found solution in: 5
I20260909 04:45:56.724243  1473 skeleton_planner.h:170] Found solution in: 8
I20260909 04:45:56.724267  1473 skeleton_planner.h:170] Found solution in: 6
I20260909 04:45:56.724279  1473 skeleton_planner.h:170] Found solution in: 3
I20260909 04:45:56.724291  1473 skeleton_planner.h:170] Found solution in: 4
I20260909 04:45:56.724319  1473 skeleton_planner.h:170] Found solution in: 7
I20260909 04:45:56.724344  1473 skeleton_planner.h:170] Found solution in: 7
I20260909 04:45:56.724357  1473 skeleton_planner.h:170] Found solution in: 4
I20260909 04:45:56.724378  1473 skeleton_planner.h:170] Found solution in: 7
I20260909 04:45:56.724390  1473 skeleton_planner.h:170] Found solution in: 3
I20260909 04:45:56.724403  1473 skeleton_planner.h:170] Found solution in: 4
I20260909 04:45:56.724422  1473 skeleton_planner.h:170] Found solution in: 6
I20260909 04:45:56.724442  1473 skeleton_planner.h:170] Found solution in: 5
I20260909 04:45:56.724450  1473 skeleton_planner.h:170] Found solution in: 3
I20260909 04:45:56.724460  1473 skeleton_planner.h:170] Found solution in: 3
I20260909 04:45:56.724478  1473 skeleton_planner.h:170] Found solution in: 5
I20260909 04:45:56.724488  1473 skeleton_planner.h:170] Found solution in: 3
I20260909 04:45:56.724510  1473 skeleton_planner.h:170] Found solution in: 9
I20260909 04:45:56.724529  1473 skeleton_planner.h:170] Found solution in: 5
I20260909 04:45:56.724541  1473 skeleton_planner.h:170] Found solution in: 3
I20260909 04:45:56.724561  1473 skeleton_planner.h:170] Found solution in: 7
I20260909 04:45:56.724581  1473 skeleton_planner.h:170] Found solution in: 6
I20260909 04:45:56.724594  1473 skeleton_planner.h:170] Found solution in: 4
I20260909 04:45:56.724613  1473 skeleton_planner.h:170] Found solution in: 6
I20260909 04:45:56.724627  1473 skeleton_planner.h:170] Found solution in: 4
I20260909 04:45:56.724650  1473 skeleton_planner.h:170] Found solution in: 9
I20260909 04:45:56.724675  1473 skeleton_planner.h:170] Found solution in: 8
I20260909 04:45:56.724689  1473 skeleton_planner.h:170] Found solution in: 4
I20260909 04:45:56.724699  1473 skeleton_planner.h:170] Found solution in: 3
I20260909 04:45:56.724711  1473 skeleton_planner.h:170] Found solution in: 4
I20260909 04:45:56.724721  1473 skeleton_planner.h:170] Found solution in: 3
I20260909 04:45:56.724731  1473 skeleton_planner.h:170] Found solution in: 3
I20260909 04:45:56.724741  1473 skeleton_planner.h:170] Found solution in: 3
I20260909 04:45:56.724751  1473 skeleton_planner.h:170] Found solution in: 3
I20260909 04:45:56.724759  1473 skeleton_planner.h:170] Found solution in: 2
I20260909 04:45:56.724777  1473 skeleton_planner.h:170] Found solution in: 5
I20260909 04:45:56.724792  1473 skeleton_planner.h:170] Found solution in: 5
I20260909 04:45:56.724802  1473 skeleton_planner.h:170] Found solution in: 3
I20260909 04:45:56.724822  1473 skeleton_planner.h:170] Found solution in: 8
I20260909 04:45:56.724836  1473 skeleton_planner.h:170] Found solution in: 4
I20260909 04:45:56.724848  1473 skeleton_planner.h:170] Found solution in: 3
I20260909 04:45:56.724876  1473 skeleton_planner.h:170] Found solution in: 11
I20260909 04:45:56.724888  1473 skeleton_planner.h:170] Found solution in: 3
I20260909 04:45:56.724898  1473 skeleton_planner.h:170] Found solution in: 3
I20260909 04:45:56.724911  1473 skeleton_planner.h:170] Found solution in: 4
I20260909 04:45:56.724923  1473 skeleton_planner.h:170] Found solution in: 4
I20260909 04:45:56.724946  1473 skeleton_planner.h:170] Found solution in: 8
I20260909 04:45:56.724965  1473 skeleton_planner.h:170] Found solution in: 5
I20260909 04:45:56.724977  1473 skeleton_planner.h:170] Found solution in: 3
I20260909 04:45:56.724984  1473 skeleton_planner.h:170] Found solution in: 3
I20260909 04:45:56.724995  1473 skeleton_planner.h:170] Found solution in: 4
I20260909 04:45:56.725003  1473 skeleton_planner.h:170] Found solution in: 2
I20260909 04:45:56.725018  1473 skeleton_planner.h:170] Found solution in: 5
I20260909 04:45:56.725026  1473 skeleton_planner.h:170] Found solution in: 2
I20260909 04:45:56.725044  1473 skeleton_planner.h:170] Found solution in: 6
I20260909 04:45:56.725061  1473 skeleton_planner.h:170] Found solution in: 5
I20260909 04:45:56.725078  1473 skeleton_planner.h:170] Found solution in: 5
I20260909 04:45:56.725093  1473 skeleton_planner.h:170] Found solution in: 5
I20260909 04:45:56.725116  1473 skeleton_planner.h:170] Found solution in: 9
I20260909 04:45:56.725126  1473 skeleton_planner.h:170] Found solution in: 3
I20260909 04:45:56.725145  1473 skeleton_planner.h:170] Found solution in: 6
I20260909 04:45:56.725157  1473 skeleton_planner.h:170] Found solution in: 3
I20260909 04:45:56.725164  1473 skeleton_planner.h:170] Found solution in: 2
I20260909 04:45:56.725180  1473 skeleton_planner.h:170] Found solution in: 7
I20260909 04:45:56.725196  1473 skeleton_planner.h:170] Found solution in: 5
I20260909 04:45:56.725214  1473 skeleton_planner.h:170] Found solution in: 6
I20260909 04:45:56.725234  1473 skeleton_planner.h:170] Found solution in: 6
I20260909 04:45:56.725253  1473 skeleton_planner.h:170] Found solution in: 7
I20260909 04:45:56.725265  1473 skeleton_planner.h:170] Found solution in: 4
I20260909 04:45:56.725276  1473 skeleton_planner.h:170] Found solution in: 3
I20260909 04:45:56.725292  1473 skeleton_planner.h:170] Found solution in: 5
I20260909 04:45:56.725303  1473 skeleton_planner.h:170] Found solution in: 3
I20260909 04:45:56.725317  1473 skeleton_planner.h:170] Found solution in: 3
I20260909 04:45:56.725330  1473 skeleton_planner.h:170] Found solution in: 4
I20260909 04:45:56.725350  1473 skeleton_planner.h:170] Found solution in: 6
I20260909 04:45:56.725363  1473 skeleton_planner.h:170] Found solution in: 3
I20260909 04:45:56.725373  1473 skeleton_planner.h:170] Found solution in: 3
I20260909 04:45:56.725382  1473 skeleton_planner.h:170] Found solution in: 3
I20260909 04:45:56.725400  1473 skeleton_planner.h:170] Found solution in: 5
I20260909 04:45:56.725414  1473 skeleton_planner.h:170] Found solution in: 4
I20260909 04:45:56.725428  1473 skeleton_planner.h:170] Found solution in: 5
I20260909 04:45:56.725440  1473 skeleton_planner.h:170] Found solution in: 4
I20260909 04:45:56.725453  1473 skeleton_planner.h:170] Found solution in: 5
I20260909 04:45:56.725466  1473 skeleton_planner.h:170] Found solution in: 4
I20260909 04:45:56.725492  1473 skeleton_planner.h:170] Found solution in: 10
I20260909 04:45:56.725507  1473 skeleton_planner.h:170] Found solution in: 5
I20260909 04:45:56.725525  1473 skeleton_planner.h:170] Found solution in: 8
I20260909 04:45:56.725548  1473 skeleton_planner.h:170] Found solution in: 7
I20260909 04:45:56.725574  1473 skeleton_planner.h:170] Found solution in: 7
I20260909 04:45:56.725597  1473 skeleton_planner.h:170] Found solution in: 7
I20260909 04:45:56.725612  1473 skeleton_planner.h:170] Found solution in: 4
I20260909 04:45:56.725627  1473 skeleton_planner.h:170] Found solution in: 6
I20260909 04:45:56.725642  1473 skeleton_planner.h:170] Found solution in: 5
I20260909 04:45:56.725665  1473 skeleton_planner.h:170] Found solution in: 7
I20260909 04:45:56.725678  1473 skeleton_planner.h:170] Found solution in: 3
I20260909 04:45:56.725693  1473 skeleton_planner.h:170] Found solution in: 5
I20260909 04:45:56.725708  1473 skeleton_planner.h:170] Found solution in: 4
I20260909 04:45:56.725724  1473 skeleton_planner.h:170] Found solution in: 5
I20260909 04:45:56.725735  1473 skeleton_planner.h:170] Found solution in: 3
I20260909 04:45:56.725754  1473 skeleton_planner.h:170] Found solution in: 6
I20260909 04:45:56.725780  1473 skeleton_planner.h:170] Found solution in: 8
I20260909 04:45:56.725800  1473 skeleton_planner.h:170] Found solution in: 5
I20260909 04:45:56.725812  1473 skeleton_planner.h:170] Found solution in: 4
I20260909 04:45:56.725816  1473 skeleton_planner.h:170] Found solution in: 1
I20260909 04:45:56.725824  1473 skeleton_planner.h:170] Found solution in: 3
I20260909 04:45:56.725845  1473 skeleton_planner.h:170] Found solution in: 7
I20260909 04:45:56.725857  1473 skeleton_planner.h:170] Found solution in: 3
I20260909 04:45:56.725880  1473 skeleton_planner.h:170] Found solution in: 7
I20260909 04:45:56.725906  1473 skeleton_planner.h:170] Found solution in: 8
I20260909 04:45:56.725941  1473 skeleton_planner.h:170] Found solution in: 11
I20260909 04:45:56.725951  1473 skeleton_planner.h:170] Found solution in: 2
I20260909 04:45:56.725980  1473 skeleton_planner.h:170] Found solution in: 10
I20260909 04:45:56.726006  1473 skeleton_planner.h:170] Found solution in: 6
I20260909 04:45:56.726054  1473 skeleton_planner.h:170] Found solution in: 14
I20260909 04:45:56.726063  1473 skeleton_planner.h:170] Found solution in: 1
I20260909 04:45:56.726094  1473 skeleton_planner.h:170] Found solution in: 10
I20260909 04:45:56.726122  1473 skeleton_planner.h:170] Found solution in: 7
I20260909 04:45:56.726181  1473 skeleton_planner.h:170] Found solution in: 16
I20260909 04:45:56.726197  1473 skeleton_planner.h:170] Found solution in: 3
I20260909 04:45:56.726204  1473 skeleton_planner.h:170] Found solution in: 2
I20260909 04:45:56.726213  1473 skeleton_planner.h:170] Found solution in: 3
I20260909 04:45:56.726221  1473 skeleton_planner.h:170] Found solution in: 2
I20260909 04:45:56.726253  1473 skeleton_planner.h:170] Found solution in: 9
I20260909 04:45:56.726259  1473 skeleton_planner.h:170] Found solution in: 1
I20260909 04:45:56.726262  1473 skeleton_planner.h:170] Found solution in: 1
I20260909 04:45:56.726264  1473 skeleton_planner.h:170] Found solution in: 1
I20260909 04:45:56.726277  1473 skeleton_planner.h:170] Found solution in: 5
I20260909 04:45:56.726282  1473 skeleton_planner.h:170] Found solution in: 1
I20260909 04:45:56.726315  1473 skeleton_planner.h:170] Found solution in: 9
I20260909 04:45:56.726353  1473 skeleton_planner.h:170] Found solution in: 11
I20260909 04:45:56.726364  1473 skeleton_planner.h:170] Found solution in: 2
I20260909 04:45:56.726385  1473 skeleton_planner.h:170] Found solution in: 5
I20260909 04:45:56.726402  1473 skeleton_planner.h:170] Found solution in: 5
I20260909 04:45:56.726415  1473 skeleton_planner.h:170] Found solution in: 4
I20260909 04:45:56.726425  1473 skeleton_planner.h:170] Found solution in: 3
I20260909 04:45:56.726440  1473 skeleton_planner.h:170] Found solution in: 4
I20260909 04:45:56.726454  1473 skeleton_planner.h:170] Found solution in: 4
I20260909 04:45:56.726467  1473 skeleton_planner.h:170] Found solution in: 4
I20260909 04:45:56.726475  1473 skeleton_planner.h:170] Found solution in: 2
I20260909 04:45:56.726496  1473 skeleton_planner.h:170] Found solution in: 7
I20260909 04:45:56.726516  1473 skeleton_planner.h:170] Found solution in: 5
I20260909 04:45:56.726537  1473 skeleton_planner.h:170] Found solution in: 7
I20260909 04:45:56.726554  1473 skeleton_planner.h:170] Found solution in: 5
I20260909 04:45:56.726578  1473 skeleton_planner.h:170] Found solution in: 9
I20260909 04:45:56.726598  1473 skeleton_planner.h:170] Found solution in: 6
I20260909 04:45:56.726620  1473 skeleton_planner.h:170] Found solution in: 7
I20260909 04:45:56.726636  1473 skeleton_planner.h:170] Found solution in: 4
I20260909 04:45:56.726647  1473 skeleton_planner.h:170] Found solution in: 3
I20260909 04:45:56.726657  1473 skeleton_planner.h:170] Found solution in: 3
I20260909 04:45:56.726679  1473 skeleton_planner.h:170] Found solution in: 8
I20260909 04:45:56.726691  1473 skeleton_planner.h:170] Found solution in: 3
I20260909 04:45:56.726711  1473 skeleton_planner.h:170] Found solution in: 7
I20260909 04:45:56.726723  1473 skeleton_planner.h:170] Found solution in: 4
I20260909 04:45:56.726734  1473 skeleton_planner.h:170] Found solution in: 3
I20260909 04:45:56.726747  1473 skeleton_planner.h:170] Found solution in: 4
I20260909 04:45:56.726759  1473 skeleton_planner.h:170] Found solution in: 4
I20260909 04:45:56.726778  1473 skeleton_planner.h:170] Found solution in: 6
I20260909 04:45:56.726805  1473 skeleton_planner.h:170] Found solution in: 9
I20260909 04:45:56.726824  1473 skeleton_planner.h:170] Found solution in: 5
I20260909 04:45:56.726842  1473 skeleton_planner.h:170] Found solution in: 5
I20260909 04:45:56.726866  1473 skeleton_planner.h:170] Found solution in: 7
I20260909 04:45:56.726891  1473 skeleton_planner.h:170] Found solution in: 9
I20260909 04:45:56.726904  1473 skeleton_planner.h:170] Found solution in: 3
I20260909 04:45:56.726931  1473 skeleton_planner.h:170] Found solution in: 9
I20260909 04:45:56.726943  1473 skeleton_planner.h:170] Found solution in: 3
I20260909 04:45:56.726979  1473 skeleton_planner.h:170] Found solution in: 11
I20260909 04:45:56.726994  1473 skeleton_planner.h:170] Found solution in: 4
I20260909 04:45:56.727017  1473 skeleton_planner.h:170] Found solution in: 7
I20260909 04:45:56.727034  1473 skeleton_planner.h:170] Found solution in: 5
I20260909 04:45:56.727053  1473 skeleton_planner.h:170] Found solution in: 7
I20260909 04:45:56.727072  1473 skeleton_planner.h:170] Found solution in: 5
I20260909 04:45:56.727083  1473 skeleton_planner.h:170] Found solution in: 3
I20260909 04:45:56.727102  1473 skeleton_planner.h:170] Found solution in: 6
I20260909 04:45:56.727115  1473 skeleton_planner.h:170] Found solution in: 4
I20260909 04:45:56.727126  1473 skeleton_planner.h:170] Found solution in: 3
I20260909 04:45:56.727135  1473 skeleton_planner.h:170] Found solution in: 3
I20260909 04:45:56.727164  1473 skeleton_planner.h:170] Found solution in: 11
I20260909 04:45:56.727196  1473 skeleton_planner.h:170] Found solution in: 13
I20260909 04:45:56.727252  1473 skeleton_planner.h:170] Found solution in: 19
I20260909 04:45:56.727296  1473 skeleton_planner.h:170] Found solution in: 16
I20260909 04:45:56.727325  1473 skeleton_planner.h:170] Found solution in: 8
I20260909 04:45:56.727350  1473 skeleton_planner.h:170] Found solution in: 8
I20260909 04:45:56.727375  1473 skeleton_planner.h:170] Found solution in: 8
I20260909 04:45:56.727399  1473 skeleton_planner.h:170] Found solution in: 6
I20260909 04:45:56.727432  1473 skeleton_planner.h:170] Found solution in: 10
I20260909 04:45:56.727444  1473 skeleton_planner.h:170] Found solution in: 3
I20260909 04:45:56.727473  1473 skeleton_planner.h:170] Found solution in: 11
I20260909 04:45:56.727535  1473 skeleton_planner.h:170] Found solution in: 22
I20260909 04:45:56.727550  1473 skeleton_planner.h:170] Found solution in: 3
I20260909 04:45:56.727572  1473 skeleton_planner.h:170] Found solution in: 4
I20260909 04:45:56.727584  1473 skeleton_planner.h:170] Found solution in: 3
I20260909 04:45:56.727592  1473 skeleton_planner.h:170] Found solution in: 2
I20260909 04:45:56.727607  1473 skeleton_planner.h:170] Found solution in: 4
I20260909 04:45:56.727625  1473 skeleton_planner.h:170] Found solution in: 6
I20260909 04:45:56.727634  1473 skeleton_planner.h:170] Found solution in: 2
I20260909 04:45:56.727650  1473 skeleton_planner.h:170] Found solution in: 5
I20260909 04:45:56.727666  1473 skeleton_planner.h:170] Found solution in: 5
I20260909 04:45:56.727676  1473 skeleton_planner.h:170] Found solution in: 3
I20260909 04:45:56.727686  1473 skeleton_planner.h:170] Found solution in: 3
I20260909 04:45:56.727769  1473 skeleton_planner.h:170] Found solution in: 26
I20260909 04:45:56.727896  1473 skeleton_planner.h:170] Found solution in: 31
I20260909 04:45:56.727916  1473 skeleton_planner.h:170] Found solution in: 3
I20260909 04:45:56.727943  1473 skeleton_planner.h:170] Found solution in: 5
I20260909 04:45:56.727960  1473 skeleton_planner.h:170] Found solution in: 5
I20260909 04:45:56.727978  1473 skeleton_planner.h:170] Found solution in: 5
I20260909 04:45:56.728001  1473 skeleton_planner.h:170] Found solution in: 7
I20260909 04:45:56.728015  1473 skeleton_planner.h:170] Found solution in: 4
I20260909 04:45:56.728032  1473 skeleton_planner.h:170] Found solution in: 5
I20260909 04:45:56.728051  1473 skeleton_planner.h:170] Found solution in: 7
I20260909 04:45:56.728075  1473 skeleton_planner.h:170] Found solution in: 7
I20260909 04:45:56.728087  1473 skeleton_planner.h:170] Found solution in: 3
I20260909 04:45:56.728097  1473 skeleton_planner.h:170] Found solution in: 3
I20260909 04:45:56.728102  1473 skeleton_planner.h:170] Found solution in: 1
I20260909 04:45:56.728117  1473 skeleton_planner.h:170] Found solution in: 5
I20260909 04:45:56.728129  1473 skeleton_planner.h:170] Found solution in: 4
I20260909 04:45:56.728149  1473 skeleton_planner.h:170] Found solution in: 7
I20260909 04:45:56.728163  1473 skeleton_planner.h:170] Found solution in: 4
I20260909 04:45:56.728188  1473 skeleton_planner.h:170] Found solution in: 8
I20260909 04:45:56.728206  1473 skeleton_planner.h:170] Found solution in: 5
I20260909 04:45:56.728223  1473 skeleton_planner.h:170] Found solution in: 5
I20260909 04:45:56.728245  1473 skeleton_planner.h:170] Found solution in: 6
I20260909 04:45:56.728276  1473 skeleton_planner.h:170] Found solution in: 9
I20260909 04:45:56.728294  1473 skeleton_planner.h:170] Found solution in: 4
I20260909 04:45:56.728304  1473 skeleton_planner.h:170] Found solution in: 3
I20260909 04:45:56.728327  1473 skeleton_planner.h:170] Found solution in: 6
I20260909 04:45:56.728345  1473 skeleton_planner.h:170] Found solution in: 6
I20260909 04:45:56.728361  1473 skeleton_planner.h:170] Found solution in: 4
I20260909 04:45:56.728380  1473 skeleton_planner.h:170] Found solution in: 6
I20260909 04:45:56.728386  1473 skeleton_planner.h:170] Found solution in: 1
I20260909 04:45:56.728401  1473 skeleton_planner.h:170] Found solution in: 5
I20260909 04:45:56.728418  1473 skeleton_planner.h:170] Found solution in: 5
I20260909 04:45:56.728443  1473 skeleton_planner.h:170] Found solution in: 9
I20260909 04:45:56.728470  1473 skeleton_planner.h:170] Found solution in: 8
I20260909 04:45:56.728490  1473 skeleton_planner.h:170] Found solution in: 6
I20260909 04:45:56.728495  1473 skeleton_planner.h:170] Found solution in: 1
I20260909 04:45:56.728510  1473 skeleton_planner.h:170] Found solution in: 5
I20260909 04:45:56.728533  1473 skeleton_planner.h:170] Found solution in: 6
I20260909 04:45:56.728557  1473 skeleton_planner.h:170] Found solution in: 7
I20260909 04:45:56.728576  1473 skeleton_planner.h:170] Found solution in: 6
I20260909 04:45:56.728611  1473 skeleton_planner.h:170] Found solution in: 12
I20260909 04:45:56.728623  1473 skeleton_planner.h:170] Found solution in: 4
I20260909 04:45:56.728638  1473 skeleton_planner.h:170] Found solution in: 6
I20260909 04:45:56.728672  1473 skeleton_planner.h:170] Found solution in: 14
I20260909 04:45:56.728685  1473 skeleton_planner.h:170] Found solution in: 5
I20260909 04:45:56.728701  1473 skeleton_planner.h:170] Found solution in: 5
I20260909 04:45:56.728717  1473 skeleton_planner.h:170] Found solution in: 5
I20260909 04:45:56.728734  1473 skeleton_planner.h:170] Found solution in: 5
I20260909 04:45:56.728751  1473 skeleton_planner.h:170] Found solution in: 5
I20260909 04:45:56.728776  1473 skeleton_planner.h:170] Found solution in: 8
I20260909 04:45:56.728790  1473 skeleton_planner.h:170] Found solution in: 4
I20260909 04:45:56.728802  1473 skeleton_planner.h:170] Found solution in: 4
I20260909 04:45:56.728834  1473 skeleton_planner.h:170] Found solution in: 9
I20260909 04:45:56.728861  1473 skeleton_planner.h:170] Found solution in: 6
I20260909 04:45:56.728876  1473 skeleton_planner.h:170] Found solution in: 4
I20260909 04:45:56.728891  1473 skeleton_planner.h:170] Found solution in: 5
I20260909 04:45:56.728904  1473 skeleton_planner.h:170] Found solution in: 4
I20260909 04:45:56.728928  1473 skeleton_planner.h:170] Found solution in: 8
I20260909 04:45:56.728937  1473 skeleton_planner.h:170] Found solution in: 2
I20260909 04:45:56.728941  1473 skeleton_planner.h:170] Found solution in: 1
I20260909 04:45:56.728952  1473 skeleton_planner.h:170] Found solution in: 4
I20260909 04:45:56.728963  1473 skeleton_planner.h:170] Found solution in: 3
I20260909 04:45:56.728984  1473 skeleton_planner.h:170] Found solution in: 6
I20260909 04:45:56.728998  1473 skeleton_planner.h:170] Found solution in: 5
I20260909 04:45:56.729018  1473 skeleton_planner.h:170] Found solution in: 6
I20260909 04:45:56.729032  1473 skeleton_planner.h:170] Found solution in: 6
I20260909 04:45:56.729043  1473 skeleton_planner.h:170] Found solution in: 3
I20260909 04:45:56.729061  1473 skeleton_planner.h:170] Found solution in: 6
I20260909 04:45:56.729076  1473 skeleton_planner.h:170] Found solution in: 4
I20260909 04:45:56.729080  1473 skeleton_planner.h:170] Found solution in: 1
I20260909 04:45:56.729110  1473 skeleton_planner.h:170] Found solution in: 9
I20260909 04:45:56.729126  1473 skeleton_planner.h:170] Found solution in: 6
I20260909 04:45:56.729149  1473 skeleton_planner.h:170] Found solution in: 7
I20260909 04:45:56.729161  1473 skeleton_planner.h:170] Found solution in: 3
I20260909 04:45:56.729176  1473 skeleton_planner.h:170] Found solution in: 5
I20260909 04:45:56.729190  1473 skeleton_planner.h:170] Found solution in: 5
I20260909 04:45:56.729195  1473 skeleton_planner.h:170] Found solution in: 1
I20260909 04:45:56.729211  1473 skeleton_planner.h:170] Found solution in: 7
I20260909 04:45:56.729226  1473 skeleton_planner.h:170] Found solution in: 4
I20260909 04:45:56.729240  1473 skeleton_planner.h:170] Found solution in: 5
I20260909 04:45:56.729257  1473 skeleton_planner.h:170] Found solution in: 6
I20260909 04:45:56.729279  1473 skeleton_planner.h:170] Found solution in: 9
I20260909 04:45:56.729300  1473 skeleton_planner.h:170] Found solution in: 8
I20260909 04:45:56.729337  1473 skeleton_planner.h:170] Found solution in: 16
I20260909 04:45:56.729353  1473 skeleton_planner.h:170] Found solution in: 5
I20260909 04:45:56.729367  1473 skeleton_planner.h:170] Found solution in: 4
I20260909 04:45:56.729372  1473 skeleton_planner.h:170] Found solution in: 2
I20260909 04:45:56.729382  1473 skeleton_planner.h:170] Found solution in: 3
I20260909 04:45:56.729393  1473 skeleton_planner.h:170] Found solution in: 4
I20260909 04:45:56.729411  1473 skeleton_planner.h:170] Found solution in: 5
I20260909 04:45:56.729423  1473 skeleton_planner.h:170] Found solution in: 4
I20260909 04:45:56.729449  1473 skeleton_planner.h:170] Found solution in: 8
I20260909 04:45:56.729467  1473 skeleton_planner.h:170] Found solution in: 5
I20260909 04:45:56.729504  1473 skeleton_planner.h:170] Found solution in: 11
I20260909 04:45:56.729527  1473 skeleton_planner.h:170] Found solution in: 5
I20260909 04:45:56.729558  1473 skeleton_planner.h:170] Found solution in: 10
I20260909 04:45:56.729568  1473 skeleton_planner.h:170] Found solution in: 2
I20260909 04:45:56.729588  1473 skeleton_planner.h:170] Found solution in: 6
I20260909 04:45:56.729612  1473 skeleton_planner.h:170] Found solution in: 8
I20260909 04:45:56.729635  1473 skeleton_planner.h:170] Found solution in: 8
I20260909 04:45:56.729646  1473 skeleton_planner.h:170] Found solution in: 3
I20260909 04:45:56.729660  1473 skeleton_planner.h:170] Found solution in: 4
I20260909 04:45:56.729678  1473 skeleton_planner.h:170] Found solution in: 6
I20260909 04:45:56.729698  1473 skeleton_planner.h:170] Found solution in: 6
I20260909 04:45:56.729766  1473 skeleton_planner.h:170] Found solution in: 19
I20260909 04:45:56.729779  1473 skeleton_planner.h:170] Found solution in: 2
I20260909 04:45:56.729787  1473 skeleton_planner.h:170] Found solution in: 2
I20260909 04:45:56.729815  1473 skeleton_planner.h:170] Found solution in: 7
I20260909 04:45:56.729826  1473 skeleton_planner.h:170] Found solution in: 3
I20260909 04:45:56.729836  1473 skeleton_planner.h:170] Found solution in: 3
I20260909 04:45:56.729846  1473 skeleton_planner.h:170] Found solution in: 3
I20260909 04:45:56.729867  1473 skeleton_planner.h:170] Found solution in: 8
I20260909 04:45:56.729887  1473 skeleton_planner.h:170] Found solution in: 5
I20260909 04:45:56.729910  1473 skeleton_planner.h:170] Found solution in: 7
I20260909 04:45:56.729935  1473 skeleton_planner.h:170] Found solution in: 9
I20260909 04:45:56.729957  1473 skeleton_planner.h:170] Found solution in: 8
I20260909 04:45:56.729997  1473 skeleton_planner.h:170] Found solution in: 14
I20260909 04:45:56.730011  1473 skeleton_planner.h:170] Found solution in: 3
I20260909 04:45:56.730020  1473 skeleton_planner.h:170] Found solution in: 3
I20260909 04:45:56.730051  1473 skeleton_planner.h:170] Found solution in: 9
I20260909 04:45:56.730091  1473 skeleton_planner.h:170] Found solution in: 11
I20260909 04:45:56.730154  1473 skeleton_planner.h:170] Found solution in: 22
I20260909 04:45:56.730180  1473 skeleton_planner.h:170] Found solution in: 6
I20260909 04:45:56.730193  1473 skeleton_planner.h:170] Found solution in: 4
I20260909 04:45:56.730212  1473 skeleton_planner.h:170] Found solution in: 5
I20260909 04:45:56.730235  1473 skeleton_planner.h:170] Found solution in: 7
I20260909 04:45:56.730260  1473 skeleton_planner.h:170] Found solution in: 9
I20260909 04:45:56.730278  1473 skeleton_planner.h:170] Found solution in: 5
I20260909 04:45:56.730315  1473 skeleton_planner.h:170] Found solution in: 12
I20260909 04:45:56.730369  1473 skeleton_planner.h:170] Found solution in: 19
I20260909 04:45:56.730393  1473 skeleton_planner.h:170] Found solution in: 5
I20260909 04:45:56.730409  1473 skeleton_planner.h:170] Found solution in: 4
I20260909 04:45:56.730417  1473 skeleton_planner.h:170] Found solution in: 2
I20260909 04:45:56.730430  1473 skeleton_planner.h:170] Found solution in: 4
I20260909 04:45:56.730441  1473 skeleton_planner.h:170] Found solution in: 3
I20260909 04:45:56.730448  1473 skeleton_planner.h:170] Found solution in: 2
I20260909 04:45:56.730468  1473 skeleton_planner.h:170] Found solution in: 6
I20260909 04:45:56.730490  1473 skeleton_planner.h:170] Found solution in: 7
I20260909 04:45:56.730544  1473 skeleton_planner.h:170] Found solution in: 18
I20260909 04:45:56.730619  1473 skeleton_planner.h:170] Found solution in: 25
I20260909 04:45:56.730638  1473 skeleton_planner.h:170] Found solution in: 5
I20260909 04:45:56.730659  1473 skeleton_planner.h:170] Found solution in: 5
I20260909 04:45:56.730680  1473 skeleton_planner.h:170] Found solution in: 6
I20260909 04:45:56.730706  1473 skeleton_planner.h:170] Found solution in: 9
I20260909 04:45:56.730731  1473 skeleton_planner.h:170] Found solution in: 8
I20260909 04:45:56.730749  1473 skeleton_planner.h:170] Found solution in: 5
I20260909 04:45:56.730779  1473 skeleton_planner.h:170] Found solution in: 9
I20260909 04:45:56.730811  1473 skeleton_planner.h:170] Found solution in: 10
I20260909 04:45:56.730835  1473 skeleton_planner.h:170] Found solution in: 6
I20260909 04:45:56.730845  1473 skeleton_planner.h:170] Found solution in: 3
I20260909 04:45:56.730863  1473 skeleton_planner.h:170] Found solution in: 5
I20260909 04:45:56.730909  1473 skeleton_planner.h:170] Found solution in: 18
I20260909 04:45:56.730931  1473 skeleton_planner.h:170] Found solution in: 4
I20260909 04:45:56.730947  1473 skeleton_planner.h:170] Found solution in: 5
I20260909 04:45:56.730955  1473 skeleton_planner.h:170] Found solution in: 2
I20260909 04:45:56.730968  1473 skeleton_planner.h:170] Found solution in: 4
I20260909 04:45:56.730979  1473 skeleton_planner.h:170] Found solution in: 3
I20260909 04:45:56.731000  1473 skeleton_planner.h:170] Found solution in: 10
I20260909 04:45:56.731046  1473 skeleton_planner.h:170] Found solution in: 18
I20260909 04:45:56.731113  1473 skeleton_planner.h:170] Found solution in: 26
I20260909 04:45:56.731127  1473 skeleton_planner.h:170] Found solution in: 4
I20260909 04:45:56.731151  1473 skeleton_planner.h:170] Found solution in: 7
I20260909 04:45:56.731199  1473 skeleton_planner.h:170] Found solution in: 20
I20260909 04:45:56.731212  1473 skeleton_planner.h:170] Found solution in: 3
I20260909 04:45:56.731245  1473 skeleton_planner.h:170] Found solution in: 12
I20260909 04:45:56.731257  1473 skeleton_planner.h:170] Found solution in: 3
I20260909 04:45:56.731268  1473 skeleton_planner.h:170] Found solution in: 4
I20260909 04:45:56.731307  1473 skeleton_planner.h:170] Found solution in: 14
I20260909 04:45:56.731324  1473 skeleton_planner.h:170] Found solution in: 5
I20260909 04:45:56.731346  1473 skeleton_planner.h:170] Found solution in: 6
I20260909 04:45:56.731369  1473 skeleton_planner.h:170] Found solution in: 7
I20260909 04:45:56.731374  1473 skeleton_planner.h:170] Found solution in: 1
I20260909 04:45:56.731377  1473 skeleton_planner.h:170] Found solution in: 1
I20260909 04:45:56.731418  1473 skeleton_planner.h:170] Found solution in: 15
I20260909 04:45:56.731462  1473 skeleton_planner.h:170] Found solution in: 14
I20260909 04:45:56.731494  1473 skeleton_planner.h:170] Found solution in: 8
I20260909 04:45:56.731515  1473 skeleton_planner.h:170] Found solution in: 5
I20260909 04:45:56.731535  1473 skeleton_planner.h:170] Found solution in: 6
I20260909 04:45:56.731546  1473 skeleton_planner.h:170] Found solution in: 3
I20260909 04:45:56.731556  1473 skeleton_planner.h:170] Found solution in: 3
I20260909 04:45:56.731575  1473 skeleton_planner.h:170] Found solution in: 5
I20260909 04:45:56.731580  1473 skeleton_planner.h:170] Found solution in: 1
I20260909 04:45:56.731603  1473 skeleton_planner.h:170] Found solution in: 10
I20260909 04:45:56.731614  1473 skeleton_planner.h:170] Found solution in: 3
I20260909 04:45:56.731626  1473 skeleton_planner.h:170] Found solution in: 4
I20260909 04:45:56.731635  1473 skeleton_planner.h:170] Found solution in: 3
I20260909 04:45:56.731659  1473 skeleton_planner.h:170] Found solution in: 9
I20260909 04:45:56.731681  1473 skeleton_planner.h:170] Found solution in: 7
I20260909 04:45:56.731694  1473 skeleton_planner.h:170] Found solution in: 4
I20260909 04:45:56.731709  1473 skeleton_planner.h:170] Found solution in: 6
I20260909 04:45:56.731722  1473 skeleton_planner.h:170] Found solution in: 4
I20260909 04:45:56.731730  1473 skeleton_planner.h:170] Found solution in: 3
I20260909 04:45:56.731734  1473 skeleton_planner.h:170] Found solution in: 1
I20260909 04:45:56.731737  1473 skeleton_planner.h:170] Found solution in: 1
I20260909 04:45:56.731752  1473 skeleton_planner.h:170] Found solution in: 5
I20260909 04:45:56.731766  1473 skeleton_planner.h:170] Found solution in: 4
I20260909 04:45:56.731784  1473 skeleton_planner.h:170] Found solution in: 6
I20260909 04:45:56.731804  1473 skeleton_planner.h:170] Found solution in: 6
I20260909 04:45:56.731837  1473 skeleton_planner.h:170] Found solution in: 13
I20260909 04:45:56.731863  1473 skeleton_planner.h:170] Found solution in: 7
I20260909 04:45:56.731881  1473 skeleton_planner.h:170] Found solution in: 4
I20260909 04:45:56.731886  1473 skeleton_planner.h:170] Found solution in: 1
I20260909 04:45:56.731907  1473 skeleton_planner.h:170] Found solution in: 7
I20260909 04:45:56.731930  1473 skeleton_planner.h:170] Found solution in: 7
I20260909 04:45:56.731951  1473 skeleton_planner.h:170] Found solution in: 8
I20260909 04:45:56.731980  1473 skeleton_planner.h:170] Found solution in: 10
I20260909 04:45:56.732007  1473 skeleton_planner.h:170] Found solution in: 7
I20260909 04:45:56.732029  1473 skeleton_planner.h:170] Found solution in: 7
I20260909 04:45:56.732065  1473 skeleton_planner.h:170] Found solution in: 11
I20260909 04:45:56.732113  1473 skeleton_planner.h:170] Found solution in: 14
I20260909 04:45:56.732131  1473 skeleton_planner.h:170] Found solution in: 4
I20260909 04:45:56.732156  1473 skeleton_planner.h:170] Found solution in: 8
I20260909 04:45:56.732169  1473 skeleton_planner.h:170] Found solution in: 3
I20260909 04:45:56.732182  1473 skeleton_planner.h:170] Found solution in: 4
I20260909 04:45:56.732193  1473 skeleton_planner.h:170] Found solution in: 4
I20260909 04:45:56.732211  1473 skeleton_planner.h:170] Found solution in: 5
I20260909 04:45:56.732224  1473 skeleton_planner.h:170] Found solution in: 5
I20260909 04:45:56.732244  1473 skeleton_planner.h:170] Found solution in: 7
I20260909 04:45:56.732272  1473 skeleton_planner.h:170] Found solution in: 11
I20260909 04:45:56.732285  1473 skeleton_planner.h:170] Found solution in: 3
I20260909 04:45:56.732321  1473 skeleton_planner.h:170] Found solution in: 14
I20260909 04:45:56.732342  1473 skeleton_planner.h:170] Found solution in: 6
I20260909 04:45:56.732350  1473 skeleton_planner.h:170] Found solution in: 2
I20260909 04:45:56.732354  1473 skeleton_planner.h:170] Found solution in: 1
I20260909 04:45:56.732368  1473 skeleton_planner.h:170] Found solution in: 5
I20260909 04:45:56.732384  1473 skeleton_planner.h:170] Found solution in: 5
I20260909 04:45:56.732406  1473 skeleton_planner.h:170] Found solution in: 7
I20260909 04:45:56.732422  1473 skeleton_planner.h:170] Found solution in: 4
I20260909 04:45:56.732436  1473 skeleton_planner.h:170] Found solution in: 4
I20260909 04:45:56.732460  1473 skeleton_planner.h:170] Found solution in: 8
I20260909 04:45:56.732471  1473 skeleton_planner.h:170] Found solution in: 3
I20260909 04:45:56.732486  1473 skeleton_planner.h:170] Found solution in: 5
I20260909 04:45:56.732496  1473 skeleton_planner.h:170] Found solution in: 3
I20260909 04:45:56.732512  1473 skeleton_planner.h:170] Found solution in: 5
I20260909 04:45:56.732517  1473 skeleton_planner.h:170] Found solution in: 1
I20260909 04:45:56.732533  1473 skeleton_planner.h:170] Found solution in: 6
I20260909 04:45:56.732556  1473 skeleton_planner.h:170] Found solution in: 11
I20260909 04:45:56.732571  1473 skeleton_planner.h:170] Found solution in: 5
I20260909 04:45:56.732580  1473 skeleton_planner.h:170] Found solution in: 3
I20260909 04:45:56.732594  1473 skeleton_planner.h:170] Found solution in: 6
I20260909 04:45:56.732750  1473 skeleton_planner.h:170] Found solution in: 73
I20260909 04:45:56.732788  1473 skeleton_planner.h:170] Found solution in: 10
I20260909 04:45:56.732813  1473 skeleton_planner.h:170] Found solution in: 10
I20260909 04:45:56.732841  1473 skeleton_planner.h:170] Found solution in: 10
I20260909 04:45:56.732857  1473 skeleton_planner.h:170] Found solution in: 5
I20260909 04:45:56.732877  1473 skeleton_planner.h:170] Found solution in: 6
I20260909 04:45:56.732896  1473 skeleton_planner.h:170] Found solution in: 5
I20260909 04:45:56.732910  1473 skeleton_planner.h:170] Found solution in: 4
I20260909 04:45:56.732923  1473 skeleton_planner.h:170] Found solution in: 4
I20260909 04:45:56.732944  1473 skeleton_planner.h:170] Found solution in: 7
I20260909 04:45:56.732964  1473 skeleton_planner.h:170] Found solution in: 6
I20260909 04:45:56.732975  1473 skeleton_planner.h:170] Found solution in: 3
I20260909 04:45:56.732985  1473 skeleton_planner.h:170] Found solution in: 3
I20260909 04:45:56.732999  1473 skeleton_planner.h:170] Found solution in: 4
I20260909 04:45:56.733024  1473 skeleton_planner.h:170] Found solution in: 8
I20260909 04:45:56.733047  1473 skeleton_planner.h:170] Found solution in: 8
I20260909 04:45:56.733089  1473 skeleton_planner.h:170] Found solution in: 16
I20260909 04:45:56.733105  1473 skeleton_planner.h:170] Found solution in: 4
I20260909 04:45:56.733124  1473 skeleton_planner.h:170] Found solution in: 4
I20260909 04:45:56.733180  1473 skeleton_planner.h:170] Found solution in: 19
I20260909 04:45:56.733268  1473 skeleton_planner.h:170] Found solution in: 24
I20260909 04:45:56.733289  1473 skeleton_planner.h:170] Found solution in: 5
I20260909 04:45:56.733320  1473 skeleton_planner.h:170] Found solution in: 8
I20260909 04:45:56.733345  1473 skeleton_planner.h:170] Found solution in: 9
I20260909 04:45:56.733357  1473 skeleton_planner.h:170] Found solution in: 3
I20260909 04:45:56.733367  1473 skeleton_planner.h:170] Found solution in: 3
I20260909 04:45:56.733386  1473 skeleton_planner.h:170] Found solution in: 5
I20260909 04:45:56.733470  1473 skeleton_planner.h:170] Found solution in: 27
I20260909 04:45:56.733500  1473 skeleton_planner.h:170] Found solution in: 4
I20260909 04:45:56.733517  1473 skeleton_planner.h:170] Found solution in: 6
I20260909 04:45:56.733541  1473 skeleton_planner.h:170] Found solution in: 7
I20260909 04:45:56.733573  1473 skeleton_planner.h:170] Found solution in: 9
I20260909 04:45:56.733600  1473 skeleton_planner.h:170] Found solution in: 9
I20260909 04:45:56.733614  1473 skeleton_planner.h:170] Found solution in: 6
I20260909 04:45:56.733628  1473 skeleton_planner.h:170] Found solution in: 5
I20260909 04:45:56.733649  1473 skeleton_planner.h:170] Found solution in: 7
I20260909 04:45:56.733671  1473 skeleton_planner.h:170] Found solution in: 8
I20260909 04:45:56.733696  1473 skeleton_planner.h:170] Found solution in: 8
I20260909 04:45:56.733731  1473 skeleton_planner.h:170] Found solution in: 9
I20260909 04:45:56.733754  1473 skeleton_planner.h:170] Found solution in: 6
I20260909 04:45:56.733767  1473 skeleton_planner.h:170] Found solution in: 4
I20260909 04:45:56.733779  1473 skeleton_planner.h:170] Found solution in: 4
I20260909 04:45:56.733800  1473 skeleton_planner.h:170] Found solution in: 7
I20260909 04:45:56.733824  1473 skeleton_planner.h:170] Found solution in: 6
I20260909 04:45:56.733844  1473 skeleton_planner.h:170] Found solution in: 7
I20260909 04:45:56.733865  1473 skeleton_planner.h:170] Found solution in: 8
I20260909 04:45:56.733889  1473 skeleton_planner.h:170] Found solution in: 8
I20260909 04:45:56.733924  1473 skeleton_planner.h:170] Found solution in: 14
I20260909 04:45:56.733953  1473 skeleton_planner.h:170] Found solution in: 11
I20260909 04:45:56.733973  1473 skeleton_planner.h:170] Found solution in: 5
I20260909 04:45:56.733995  1473 skeleton_planner.h:170] Found solution in: 7
I20260909 04:45:56.734018  1473 skeleton_planner.h:170] Found solution in: 8
I20260909 04:45:56.734035  1473 skeleton_planner.h:170] Found solution in: 6
I20260909 04:45:56.734043  1473 skeleton_planner.h:170] Found solution in: 2
I20260909 04:45:56.734055  1473 skeleton_planner.h:170] Found solution in: 4
I20260909 04:45:56.734074  1473 skeleton_planner.h:170] Found solution in: 6
I20260909 04:45:56.734092  1473 skeleton_planner.h:170] Found solution in: 6
I20260909 04:45:56.734102  1473 skeleton_planner.h:170] Found solution in: 4
I20260909 04:45:56.734117  1473 skeleton_planner.h:170] Found solution in: 6
I20260909 04:45:56.734122  1473 skeleton_planner.h:170] Found solution in: 1
I20260909 04:45:56.734123  1473 skeleton_planner.h:170] Found solution in: 1
I20260909 04:45:56.734135  1473 skeleton_planner.h:170] Found solution in: 5
I20260909 04:45:56.734144  1473 skeleton_planner.h:170] Found solution in: 3
I20260909 04:45:56.734159  1473 skeleton_planner.h:170] Found solution in: 8
I20260909 04:45:56.734172  1473 skeleton_planner.h:170] Found solution in: 5
I20260909 04:45:56.734186  1473 skeleton_planner.h:170] Found solution in: 6
I20260909 04:45:56.734200  1473 skeleton_planner.h:170] Found solution in: 4
I20260909 04:45:56.734207  1473 skeleton_planner.h:170] Found solution in: 2
I20260909 04:45:56.734220  1473 skeleton_planner.h:170] Found solution in: 5
I20260909 04:45:56.734247  1473 skeleton_planner.h:170] Found solution in: 10
I20260909 04:45:56.734257  1473 skeleton_planner.h:170] Found solution in: 3
I20260909 04:45:56.734393  1473 skeleton_planner.h:170] Found solution in: 58
I20260909 04:45:56.734524  1473 skeleton_planner.h:170] Found solution in: 46
I20260909 04:45:56.734556  1473 skeleton_planner.h:170] Found solution in: 5
I20260909 04:45:56.734575  1473 skeleton_planner.h:170] Found solution in: 6
I20260909 04:45:56.734627  1473 skeleton_planner.h:170] Found solution in: 15
I20260909 04:45:56.734653  1473 skeleton_planner.h:170] Found solution in: 4
I20260909 04:45:56.734671  1473 skeleton_planner.h:170] Found solution in: 5
I20260909 04:45:56.734687  1473 skeleton_planner.h:170] Found solution in: 4
I20260909 04:45:56.734700  1473 skeleton_planner.h:170] Found solution in: 4
I20260909 04:45:56.734715  1473 skeleton_planner.h:170] Found solution in: 5
I20260909 04:45:56.734737  1473 skeleton_planner.h:170] Found solution in: 7
I20260909 04:45:56.734768  1473 skeleton_planner.h:170] Found solution in: 9
I20260909 04:45:56.734799  1473 skeleton_planner.h:170] Found solution in: 9
I20260909 04:45:56.734822  1473 skeleton_planner.h:170] Found solution in: 6
I20260909 04:45:56.734836  1473 skeleton_planner.h:170] Found solution in: 5
I20260909 04:45:56.734844  1473 skeleton_planner.h:170] Found solution in: 2
I20260909 04:45:56.734851  1473 skeleton_planner.h:170] Found solution in: 2
I20260909 04:45:56.734872  1473 skeleton_planner.h:170] Found solution in: 7
I20260909 04:45:56.734894  1473 skeleton_planner.h:170] Found solution in: 7
I20260909 04:45:56.734908  1473 skeleton_planner.h:170] Found solution in: 4
I20260909 04:45:56.734930  1473 skeleton_planner.h:170] Found solution in: 6
I20260909 04:45:56.734951  1473 skeleton_planner.h:170] Found solution in: 6
I20260909 04:45:56.734977  1473 skeleton_planner.h:170] Found solution in: 9
I20260909 04:45:56.735006  1473 skeleton_planner.h:170] Found solution in: 10
I20260909 04:45:56.735020  1473 skeleton_planner.h:170] Found solution in: 4
I20260909 04:45:56.735044  1473 skeleton_planner.h:170] Found solution in: 10
I20260909 04:45:56.735052  1473 skeleton_planner.h:170] Found solution in: 2
I20260909 04:45:56.735070  1473 skeleton_planner.h:170] Found solution in: 6
I20260909 04:45:56.735088  1473 skeleton_planner.h:170] Found solution in: 5
I20260909 04:45:56.735109  1473 skeleton_planner.h:170] Found solution in: 6
I20260909 04:45:56.735116  1473 skeleton_planner.h:170] Found solution in: 1
I20260909 04:45:56.735129  1473 skeleton_planner.h:170] Found solution in: 4
I20260909 04:45:56.735148  1473 skeleton_planner.h:170] Found solution in: 6
I20260909 04:45:56.735173  1473 skeleton_planner.h:170] Found solution in: 8
I20260909 04:45:56.735186  1473 skeleton_planner.h:170] Found solution in: 4
I20260909 04:45:56.735206  1473 skeleton_planner.h:170] Found solution in: 6
I20260909 04:45:56.735234  1473 skeleton_planner.h:170] Found solution in: 9
I20260909 04:45:56.735268  1473 skeleton_planner.h:170] Found solution in: 9
I20260909 04:45:56.735327  1473 skeleton_planner.h:170] Found solution in: 13
I20260909 04:45:56.735342  1473 skeleton_planner.h:170] Found solution in: 4
I20260909 04:45:56.735351  1473 skeleton_planner.h:170] Found solution in: 3
I20260909 04:45:56.735361  1473 skeleton_planner.h:170] Found solution in: 3
I20260909 04:45:56.735365  1473 skeleton_planner.h:170] Found solution in: 1
I20260909 04:45:56.735368  1473 skeleton_planner.h:170] Found solution in: 1
I20260909 04:45:56.735378  1473 skeleton_planner.h:170] Found solution in: 4
I20260909 04:45:56.735383  1473 skeleton_planner.h:170] Found solution in: 1
I20260909 04:45:56.735385  1473 skeleton_planner.h:170] Found solution in: 1
I20260909 04:45:56.735414  1473 skeleton_planner.h:170] Found solution in: 8
I20260909 04:45:56.735426  1473 skeleton_planner.h:170] Found solution in: 3
I20260909 04:45:56.735458  1473 skeleton_planner.h:170] Found solution in: 11
I20260909 04:45:56.735471  1473 skeleton_planner.h:170] Found solution in: 3
I20260909 04:45:56.735498  1473 skeleton_planner.h:170] Found solution in: 10
I20260909 04:45:56.735510  1473 skeleton_planner.h:170] Found solution in: 3
I20260909 04:45:56.735524  1473 skeleton_planner.h:170] Found solution in: 5
I20260909 04:45:56.735560  1473 skeleton_planner.h:170] Found solution in: 11
I20260909 04:45:56.735621  1473 skeleton_planner.h:170] Found solution in: 19
I20260909 04:45:56.735682  1473 skeleton_planner.h:170] Found solution in: 20
I20260909 04:45:56.735759  1473 skeleton_planner.h:170] Found solution in: 22
I20260909 04:45:56.735808  1473 skeleton_planner.h:170] Found solution in: 13
I20260909 04:45:56.735826  1473 skeleton_planner.h:170] Found solution in: 5
I20260909 04:45:56.735867  1473 skeleton_planner.h:170] Found solution in: 14
I20260909 04:45:56.735958  1473 skeleton_planner.h:170] Found solution in: 25
I20260909 04:45:56.735991  1473 skeleton_planner.h:170] Found solution in: 6
I20260909 04:45:56.735997  1473 skeleton_planner.h:170] Found solution in: 1
I20260909 04:45:56.736001  1473 skeleton_planner.h:170] Found solution in: 1
I20260909 04:45:56.736025  1473 skeleton_planner.h:170] Found solution in: 15
I20260909 04:45:56.736079  1473 skeleton_planner.h:170] Found solution in: 28
I20260909 04:45:56.736102  1473 skeleton_planner.h:170] Found solution in: 6
I20260909 04:45:56.736128  1473 skeleton_planner.h:170] Found solution in: 11
I20260909 04:45:56.736150  1473 skeleton_planner.h:170] Found solution in: 7
I20260909 04:45:56.736192  1473 skeleton_planner.h:170] Found solution in: 15
I20260909 04:45:56.736207  1473 skeleton_planner.h:170] Found solution in: 3
I20260909 04:45:56.736238  1473 skeleton_planner.h:170] Found solution in: 11
I20260909 04:45:56.736258  1473 skeleton_planner.h:170] Found solution in: 7
I20260909 04:45:56.736271  1473 skeleton_planner.h:170] Found solution in: 4
I20260909 04:45:56.736300  1473 skeleton_planner.h:170] Found solution in: 9
I20260909 04:45:56.736330  1473 skeleton_planner.h:170] Found solution in: 7
I20260909 04:45:56.736348  1473 skeleton_planner.h:170] Found solution in: 5
I20260909 04:45:56.736371  1473 skeleton_planner.h:170] Found solution in: 7
I20260909 04:45:56.736388  1473 skeleton_planner.h:170] Found solution in: 4
I20260909 04:45:56.736400  1473 skeleton_planner.h:170] Found solution in: 4
I20260909 04:45:56.736416  1473 skeleton_planner.h:170] Found solution in: 5
I20260909 04:45:56.736485  1473 skeleton_planner.h:170] Found solution in: 22
I20260909 04:45:56.736512  1473 skeleton_planner.h:170] Found solution in: 5
I20260909 04:45:56.736528  1473 skeleton_planner.h:170] Found solution in: 5
I20260909 04:45:56.736541  1473 skeleton_planner.h:170] Found solution in: 5
I20260909 04:45:56.736563  1473 skeleton_planner.h:170] Found solution in: 10
I20260909 04:45:56.736584  1473 skeleton_planner.h:170] Found solution in: 9
I20260909 04:45:56.736601  1473 skeleton_planner.h:170] Found solution in: 6
I20260909 04:45:56.736629  1473 skeleton_planner.h:170] Found solution in: 13
I20260909 04:45:56.736668  1473 skeleton_planner.h:170] Found solution in: 14
I20260909 04:45:56.736687  1473 skeleton_planner.h:170] Found solution in: 5
I20260909 04:45:56.736706  1473 skeleton_planner.h:170] Found solution in: 7
I20260909 04:45:56.736725  1473 skeleton_planner.h:170] Found solution in: 6
I20260909 04:45:56.736740  1473 skeleton_planner.h:170] Found solution in: 6
I20260909 04:45:56.736753  1473 skeleton_planner.h:170] Found solution in: 5
I20260909 04:45:56.736757  1473 skeleton_planner.h:170] Found solution in: 1
I20260909 04:45:56.736768  1473 skeleton_planner.h:170] Found solution in: 5
I20260909 04:45:56.736788  1473 skeleton_planner.h:170] Found solution in: 7
I20260909 04:45:56.736807  1473 skeleton_planner.h:170] Found solution in: 7
I20260909 04:45:56.736837  1473 skeleton_planner.h:170] Found solution in: 12
I20260909 04:45:56.736874  1473 skeleton_planner.h:170] Found solution in: 13
I20260909 04:45:56.736924  1473 skeleton_planner.h:170] Found solution in: 15
I20260909 04:45:56.736938  1473 skeleton_planner.h:170] Found solution in: 3
I20260909 04:45:56.736958  1473 skeleton_planner.h:170] Found solution in: 4
I20260909 04:45:56.736969  1473 skeleton_planner.h:170] Found solution in: 3
I20260909 04:45:56.736979  1473 skeleton_planner.h:170] Found solution in: 3
I20260909 04:45:56.736989  1473 skeleton_planner.h:170] Found solution in: 3
I20260909 04:45:56.736999  1473 skeleton_planner.h:170] Found solution in: 3
I20260909 04:45:56.737027  1473 skeleton_planner.h:170] Found solution in: 10
I20260909 04:45:56.737044  1473 skeleton_planner.h:170] Found solution in: 4
I20260909 04:45:56.737067  1473 skeleton_planner.h:170] Found solution in: 8
I20260909 04:45:56.737085  1473 skeleton_planner.h:170] Found solution in: 5
I20260909 04:45:56.737104  1473 skeleton_planner.h:170] Found solution in: 6
I20260909 04:45:56.737120  1473 skeleton_planner.h:170] Found solution in: 5
I20260909 04:45:56.737136  1473 skeleton_planner.h:170] Found solution in: 6
I20260909 04:45:56.737157  1473 skeleton_planner.h:170] Found solution in: 6
I20260909 04:45:56.737185  1473 skeleton_planner.h:170] Found solution in: 10
I20260909 04:45:56.737195  1473 skeleton_planner.h:170] Found solution in: 2
I20260909 04:45:56.737205  1473 skeleton_planner.h:170] Found solution in: 3
I20260909 04:45:56.737241  1473 skeleton_planner.h:170] Found solution in: 13
I20260909 04:45:56.737252  1473 skeleton_planner.h:170] Found solution in: 3
I20260909 04:45:56.737267  1473 skeleton_planner.h:170] Found solution in: 7
I20260909 04:45:56.737272  1473 skeleton_planner.h:170] Found solution in: 1
I20260909 04:45:56.737290  1473 skeleton_planner.h:170] Found solution in: 6
I20260909 04:45:56.737308  1473 skeleton_planner.h:170] Found solution in: 5
I20260909 04:45:56.737325  1473 skeleton_planner.h:170] Found solution in: 6
I20260909 04:45:56.737346  1473 skeleton_planner.h:170] Found solution in: 7
I20260909 04:45:56.737368  1473 skeleton_planner.h:170] Found solution in: 7
I20260909 04:45:56.737387  1473 skeleton_planner.h:170] Found solution in: 5
I20260909 04:45:56.737404  1473 skeleton_planner.h:170] Found solution in: 6
I20260909 04:45:56.737411  1473 skeleton_planner.h:170] Found solution in: 2
I20260909 04:45:56.737416  1473 skeleton_planner.h:170] Found solution in: 1
I20260909 04:45:56.737418  1473 skeleton_planner.h:170] Found solution in: 1
I20260909 04:45:56.737421  1473 skeleton_planner.h:170] Found solution in: 1
I20260909 04:45:56.737424  1473 skeleton_planner.h:170] Found solution in: 1
I20260909 04:45:56.737433  1473 skeleton_planner.h:170] Found solution in: 4
I20260909 04:45:56.737437  1473 skeleton_planner.h:170] Found solution in: 1
I20260909 04:45:56.737439  1473 skeleton_planner.h:170] Found solution in: 1
I20260909 04:45:56.737473  1473 skeleton_planner.h:170] Found solution in: 13
I20260909 04:45:56.737495  1473 skeleton_planner.h:170] Found solution in: 5
I20260909 04:45:56.737525  1473 skeleton_planner.h:170] Found solution in: 13
I20260909 04:45:56.737556  1473 skeleton_planner.h:170] Found solution in: 10
I20260909 04:45:56.737563  1473 skeleton_planner.h:170] Found solution in: 1
I20260909 04:45:56.737591  1473 skeleton_planner.h:170] Found solution in: 10
I20260909 04:45:56.737605  1473 skeleton_planner.h:170] Found solution in: 4
I20260909 04:45:56.737618  1473 skeleton_planner.h:170] Found solution in: 5
I20260909 04:45:56.737628  1473 skeleton_planner.h:170] Found solution in: 3
I20260909 04:45:56.737638  1473 skeleton_planner.h:170] Found solution in: 3
I20260909 04:45:56.737648  1473 skeleton_planner.h:170] Found solution in: 3
I20260909 04:45:56.737658  1473 skeleton_planner.h:170] Found solution in: 3
I20260909 04:45:56.737684  1473 skeleton_planner.h:170] Found solution in: 8
I20260909 04:45:56.737703  1473 skeleton_planner.h:170] Found solution in: 5
I20260909 04:45:56.737708  1473 skeleton_planner.h:170] Found solution in: 1
I20260909 04:45:56.737749  1473 skeleton_planner.h:170] Found solution in: 14
I20260909 04:45:56.737764  1473 skeleton_planner.h:170] Found solution in: 4
I20260909 04:45:56.737787  1473 skeleton_planner.h:170] Found solution in: 5
I20260909 04:45:56.737792  1473 skeleton_planner.h:170] Found solution in: 1
I20260909 04:45:56.737838  1473 skeleton_planner.h:170] Found solution in: 15
I20260909 04:45:56.737852  1473 skeleton_planner.h:170] Found solution in: 3
I20260909 04:45:56.737875  1473 skeleton_planner.h:170] Found solution in: 6
I20260909 04:45:56.737941  1473 skeleton_planner.h:170] Found solution in: 19
I20260909 04:45:56.737957  1473 skeleton_planner.h:170] Found solution in: 4
I20260909 04:45:56.737968  1473 skeleton_planner.h:170] Found solution in: 3
I20260909 04:45:56.737977  1473 skeleton_planner.h:170] Found solution in: 3
I20260909 04:45:56.738082  1473 skeleton_planner.h:170] Found solution in: 26
I20260909 04:45:56.738114  1473 skeleton_planner.h:170] Found solution in: 4
I20260909 04:45:56.738127  1473 skeleton_planner.h:170] Found solution in: 3
I20260909 04:45:56.738143  1473 skeleton_planner.h:170] Found solution in: 5
I20260909 04:45:56.738157  1473 skeleton_planner.h:170] Found solution in: 4
I20260909 04:45:56.738234  1473 skeleton_planner.h:170] Found solution in: 19
I20260909 04:45:56.738251  1473 skeleton_planner.h:170] Found solution in: 3
I20260909 04:45:56.738276  1473 skeleton_planner.h:170] Found solution in: 5
I20260909 04:45:56.738294  1473 skeleton_planner.h:170] Found solution in: 5
I20260909 04:45:56.738312  1473 skeleton_planner.h:170] Found solution in: 5
I20260909 04:45:56.738332  1473 skeleton_planner.h:170] Found solution in: 6
I20260909 04:45:56.738350  1473 skeleton_planner.h:170] Found solution in: 5
I20260909 04:45:56.738368  1473 skeleton_planner.h:170] Found solution in: 5
I20260909 04:45:56.738387  1473 skeleton_planner.h:170] Found solution in: 6
I20260909 04:45:56.738407  1473 skeleton_planner.h:170] Found solution in: 7
I20260909 04:45:56.738425  1473 skeleton_planner.h:170] Found solution in: 6
I20260909 04:45:56.738438  1473 skeleton_planner.h:170] Found solution in: 4
I20260909 04:45:56.738451  1473 skeleton_planner.h:170] Found solution in: 4
I20260909 04:45:56.738476  1473 skeleton_planner.h:170] Found solution in: 9
I20260909 04:45:56.738502  1473 skeleton_planner.h:170] Found solution in: 7
I20260909 04:45:56.738528  1473 skeleton_planner.h:170] Found solution in: 8
I20260909 04:45:56.738549  1473 skeleton_planner.h:170] Found solution in: 5
I20260909 04:45:56.738582  1473 skeleton_planner.h:170] Found solution in: 10
I20260909 04:45:56.738610  1473 skeleton_planner.h:170] Found solution in: 8
I20260909 04:45:56.738651  1473 skeleton_planner.h:170] Found solution in: 12
I20260909 04:45:56.738663  1473 skeleton_planner.h:170] Found solution in: 3
I20260909 04:45:56.738670  1473 skeleton_planner.h:170] Found solution in: 2
I20260909 04:45:56.738768  1473 skeleton_planner.h:170] Found solution in: 28
I20260909 04:45:56.738807  1473 skeleton_planner.h:170] Found solution in: 8
I20260909 04:45:56.738842  1473 skeleton_planner.h:170] Found solution in: 9
I20260909 04:45:56.738850  1473 skeleton_planner.h:170] Found solution in: 1
I20260909 04:45:56.738853  1473 skeleton_planner.h:170] Found solution in: 1
I20260909 04:45:56.738871  1473 skeleton_planner.h:170] Found solution in: 5
I20260909 04:45:56.738889  1473 skeleton_planner.h:170] Found solution in: 7
I20260909 04:45:56.738936  1473 skeleton_planner.h:170] Found solution in: 22
I20260909 04:45:56.738965  1473 skeleton_planner.h:170] Found solution in: 9
I20260909 04:45:56.738976  1473 skeleton_planner.h:170] Found solution in: 3
I20260909 04:45:56.738982  1473 skeleton_planner.h:170] Found solution in: 2
I20260909 04:45:56.739002  1473 skeleton_planner.h:170] Found solution in: 8
I20260909 04:45:56.739007  1473 skeleton_planner.h:170] Found solution in: 1
I20260909 04:45:56.739025  1473 skeleton_planner.h:170] Found solution in: 6
I20260909 04:45:56.739041  1473 skeleton_planner.h:170] Found solution in: 5
I20260909 04:45:56.739045  1473 skeleton_planner.h:170] Found solution in: 1
I20260909 04:45:56.739061  1473 skeleton_planner.h:170] Found solution in: 6
I20260909 04:45:56.739074  1473 skeleton_planner.h:170] Found solution in: 4
I20260909 04:45:56.739086  1473 skeleton_planner.h:170] Found solution in: 4
I20260909 04:45:56.739107  1473 skeleton_planner.h:170] Found solution in: 7
I20260909 04:45:56.739130  1473 skeleton_planner.h:170] Found solution in: 8
I20260909 04:45:56.739151  1473 skeleton_planner.h:170] Found solution in: 7
I20260909 04:45:56.739168  1473 skeleton_planner.h:170] Found solution in: 6
I20260909 04:45:56.739178  1473 skeleton_planner.h:170] Found solution in: 3
I20260909 04:45:56.739197  1473 skeleton_planner.h:170] Found solution in: 6
I20260909 04:45:56.739253  1473 skeleton_planner.h:170] Found solution in: 17
I20260909 04:45:56.739269  1473 skeleton_planner.h:170] Found solution in: 4
I20260909 04:45:56.739318  1473 skeleton_planner.h:170] Found solution in: 23
I20260909 04:45:56.739362  1473 skeleton_planner.h:170] Found solution in: 21
I20260909 04:45:56.739369  1473 skeleton_planner.h:170] Found solution in: 1
I20260909 04:45:56.739373  1473 skeleton_planner.h:170] Found solution in: 1
I20260909 04:45:56.739385  1473 skeleton_planner.h:170] Found solution in: 6
I20260909 04:45:56.739400  1473 skeleton_planner.h:170] Found solution in: 6
I20260909 04:45:56.739423  1473 skeleton_planner.h:170] Found solution in: 6
I20260909 04:45:56.739434  1473 skeleton_planner.h:170] Found solution in: 4
I20260909 04:45:56.739454  1473 skeleton_planner.h:170] Found solution in: 6
I20260909 04:45:56.739485  1473 skeleton_planner.h:170] Found solution in: 10
I20260909 04:45:56.739496  1473 skeleton_planner.h:170] Found solution in: 3
I20260909 04:45:56.739501  1473 skeleton_planner.h:170] Found solution in: 1
I20260909 04:45:56.739522  1473 skeleton_planner.h:170] Found solution in: 7
I20260909 04:45:56.739543  1473 skeleton_planner.h:170] Found solution in: 6
I20260909 04:45:56.739557  1473 skeleton_planner.h:170] Found solution in: 4
I20260909 04:45:56.739603  1473 skeleton_planner.h:170] Found solution in: 17
I20260909 04:45:56.739610  1473 skeleton_planner.h:170] Found solution in: 1
I20260909 04:45:56.739631  1473 skeleton_planner.h:170] Found solution in: 7
I20260909 04:45:56.739636  1473 skeleton_planner.h:170] Found solution in: 1
I20260909 04:45:56.739639  1473 skeleton_planner.h:170] Found solution in: 1
I20260909 04:45:56.739662  1473 skeleton_planner.h:170] Found solution in: 10
I20260909 04:45:56.739673  1473 skeleton_planner.h:170] Found solution in: 3
I20260909 04:45:56.739684  1473 skeleton_planner.h:170] Found solution in: 4
I20260909 04:45:56.739713  1473 skeleton_planner.h:170] Found solution in: 12
I20260909 04:45:56.739724  1473 skeleton_planner.h:170] Found solution in: 3
I20260909 04:45:56.739732  1473 skeleton_planner.h:170] Found solution in: 2
I20260909 04:45:56.739748  1473 skeleton_planner.h:170] Found solution in: 4
I20260909 04:45:56.739773  1473 skeleton_planner.h:170] Found solution in: 8
I20260909 04:45:56.739778  1473 skeleton_planner.h:170] Found solution in: 1
I20260909 04:45:56.739789  1473 skeleton_planner.h:170] Found solution in: 3
I20260909 04:45:56.739812  1473 skeleton_planner.h:170] Found solution in: 8
I20260909 04:45:56.739831  1473 skeleton_planner.h:170] Found solution in: 5
I20260909 04:45:56.739849  1473 skeleton_planner.h:170] Found solution in: 5
I20260909 04:45:56.739861  1473 skeleton_planner.h:170] Found solution in: 4
I20260909 04:45:56.739868  1473 skeleton_planner.h:170] Found solution in: 2
I20260909 04:45:56.739885  1473 skeleton_planner.h:170] Found solution in: 5
I20260909 04:45:56.739905  1473 skeleton_planner.h:170] Found solution in: 8
I20260909 04:45:56.739920  1473 skeleton_planner.h:170] Found solution in: 4
I20260909 04:45:56.739933  1473 skeleton_planner.h:170] Found solution in: 4
I20260909 04:45:56.739936  1473 skeleton_planner.h:170] Found solution in: 1
I20260909 04:45:56.739939  1473 skeleton_planner.h:170] Found solution in: 1
I20260909 04:45:56.739959  1473 skeleton_planner.h:170] Found solution in: 8
I20260909 04:45:56.739964  1473 skeleton_planner.h:170] Found solution in: 1
I20260909 04:45:56.739974  1473 skeleton_planner.h:170] Found solution in: 3
I20260909 04:45:56.739996  1473 skeleton_planner.h:170] Found solution in: 8
I20260909 04:45:56.740020  1473 skeleton_planner.h:170] Found solution in: 8
I20260909 04:45:56.740043  1473 skeleton_planner.h:170] Found solution in: 7
I20260909 04:45:56.740074  1473 skeleton_planner.h:170] Found solution in: 9
I20260909 04:45:56.740118  1473 skeleton_planner.h:170] Found solution in: 15
I20260909 04:45:56.740159  1473 skeleton_planner.h:170] Found solution in: 11
I20260909 04:45:56.740178  1473 skeleton_planner.h:170] Found solution in: 4
I20260909 04:45:56.740182  1473 skeleton_generator.cpp:1655] [Simplify Vertices] Vertex removals: 772 / 783, Edges added: 300
I20260909 04:45:56.740394  1473 skeleton_generator.cpp:1697] [Subgraph] Number of disconnected subgraphs: 18
I20260909 04:45:56.741978  1473 skeleton_planner.h:170] Found solution in: 7
I20260909 04:45:56.742055  1473 skeleton_planner.h:170] Found solution in: 11
I20260909 04:45:56.742146  1473 skeleton_planner.h:170] Found solution in: 37
I20260909 04:45:56.742209  1473 skeleton_planner.h:170] Found solution in: 8
I20260909 04:45:56.742806  1473 skeleton_planner.h:170] Found solution in: 62
I20260909 04:45:56.742905  1473 skeleton_planner.h:170] Found solution in: 4
I20260909 04:45:56.742941  1473 skeleton_planner.h:170] Found solution in: 6
I20260909 04:45:56.742971  1473 skeleton_planner.h:170] Found solution in: 3
I20260909 04:45:56.742991  1473 skeleton_planner.h:170] Found solution in: 5
I20260909 04:45:56.743090  1473 skeleton_planner.h:170] Found solution in: 8
I20260909 04:45:56.743597  1473 skeleton_planner.h:170] Found solution in: 39
I20260909 04:45:56.744088  1473 skeleton_planner.h:170] Found solution in: 87
I20260909 04:45:56.746055  1473 skeleton_planner.h:170] Found solution in: 7
I20260909 04:45:56.746933  1473 skeleton_generator.cpp:1756] [Subgraph] Potential edge candidates: 32 diagram candidates: 13
I20260909 04:45:56.746968  1473 skeleton_generator.cpp:1771] [Subgraph] Final number of disconnected subgraphs: 6
I20260909 04:45:56.746971  1473 skeleton_generator.cpp:633] [Sparse Graph] Vertices: 696 Edges: 1073
