I20260909 04:40:32.721182   567 skeleton_planner.h:31] Setting ESDF layer.
I20260909 04:40:32.832650   567 skeleton_generator.cpp:226] [GVD] Finished finding GVD candidates. Number of skeleton points: 80572 edges: 9264
I20260909 04:40:32.855898   567 skeleton_generator.cpp:1093] [Prune] Number of vertices before prune: 3982 Number of deleted vertices: 1054
I20260909 04:40:32.868180   567 skeleton_planner.h:170] Found solution in: 1
I20260909 04:40:32.868197   567 skeleton_planner.h:170] Found solution in: 2
I20260909 04:40:32.868222   567 skeleton_planner.h:170] Found solution in: 7
I20260909 04:40:32.868234   567 skeleton_planner.h:170] Found solution in: 1
I20260909 04:40:32.868294   567 skeleton_planner.h:170] Found solution in: 60
I20260909 04:40:32.868398   567 skeleton_planner.h:170] Found solution in: 4
I20260909 04:40:32.868407   567 skeleton_planner.h:170] Found solution in: 1
I20260909 04:40:32.868417   567 skeleton_planner.h:170] Found solution in: 7
I20260909 04:40:32.868422   567 skeleton_planner.h:170] Found solution in: 5
I20260909 04:40:32.868443   567 skeleton_planner.h:170] Found solution in: 5
I20260909 04:40:32.868453   567 skeleton_planner.h:170] Found solution in: 1
I20260909 04:40:32.868458   567 skeleton_planner.h:170] Found solution in: 2
I20260909 04:40:32.868484   567 skeleton_planner.h:170] Found solution in: 6
I20260909 04:40:32.868492   567 skeleton_planner.h:170] Found solution in: 1
I20260909 04:40:32.868497   567 skeleton_planner.h:170] Found solution in: 3
I20260909 04:40:32.868505   567 skeleton_planner.h:170] Found solution in: 8
I20260909 04:40:32.868533   567 skeleton_planner.h:170] Found solution in: 6
I20260909 04:40:32.868543   567 skeleton_planner.h:170] Found solution in: 1
I20260909 04:40:32.868547   567 skeleton_planner.h:170] Found solution in: 3
I20260909 04:40:32.868561   567 skeleton_planner.h:170] Found solution in: 5
I20260909 04:40:32.868572   567 skeleton_planner.h:170] Found solution in: 1
I20260909 04:40:32.868577   567 skeleton_planner.h:170] Found solution in: 3
I20260909 04:40:32.868592   567 skeleton_planner.h:170] Found solution in: 16
I20260909 04:40:32.868603   567 skeleton_planner.h:170] Found solution in: 11
I20260909 04:40:32.868613   567 skeleton_planner.h:170] Found solution in: 1
I20260909 04:40:32.868707   567 skeleton_planner.h:170] Found solution in: 4
I20260909 04:40:32.868716   567 skeleton_planner.h:170] Found solution in: 1
I20260909 04:40:32.868719   567 skeleton_planner.h:170] Found solution in: 2
I20260909 04:40:32.868741   567 skeleton_planner.h:170] Found solution in: 5
I20260909 04:40:32.868752   567 skeleton_planner.h:170] Found solution in: 1
I20260909 04:40:32.868772   567 skeleton_planner.h:170] Found solution in: 4
I20260909 04:40:32.868780   567 skeleton_planner.h:170] Found solution in: 1
I20260909 04:40:32.868786   567 skeleton_planner.h:170] Found solution in: 6
I20260909 04:40:32.868875   567 skeleton_planner.h:170] Found solution in: 4
I20260909 04:40:32.868887   567 skeleton_planner.h:170] Found solution in: 1
I20260909 04:40:32.868904   567 skeleton_planner.h:170] Found solution in: 3
I20260909 04:40:32.868911   567 skeleton_planner.h:170] Found solution in: 1
I20260909 04:40:32.868924   567 skeleton_planner.h:170] Found solution in: 3
I20260909 04:40:32.868934   567 skeleton_planner.h:170] Found solution in: 1
I20260909 04:40:32.868958   567 skeleton_planner.h:170] Found solution in: 3
I20260909 04:40:32.868965   567 skeleton_planner.h:170] Found solution in: 1
I20260909 04:40:32.869244   567 skeleton_planner.h:170] Found solution in: 7
I20260909 04:40:32.869256   567 skeleton_planner.h:170] Found solution in: 1
I20260909 04:40:32.869263   567 skeleton_planner.h:170] Found solution in: 1
I20260909 04:40:32.869268   567 skeleton_planner.h:170] Found solution in: 3
I20260909 04:40:32.869287   567 skeleton_planner.h:170] Found solution in: 4
I20260909 04:40:32.869300   567 skeleton_planner.h:170] Found solution in: 1
I20260909 04:40:32.869402   567 skeleton_planner.h:170] Found solution in: 7
I20260909 04:40:32.869412   567 skeleton_planner.h:170] Found solution in: 1
I20260909 04:40:32.869508   567 skeleton_planner.h:170] Found solution in: 6
I20260909 04:40:32.869520   567 skeleton_planner.h:170] Found solution in: 1
I20260909 04:40:32.869611   567 skeleton_planner.h:170] Found solution in: 5
I20260909 04:40:32.869624   567 skeleton_planner.h:170] Found solution in: 1
I20260909 04:40:32.869632   567 skeleton_planner.h:170] Found solution in: 6
I20260909 04:40:32.869638   567 skeleton_planner.h:170] Found solution in: 6
I20260909 04:40:32.869668   567 skeleton_planner.h:170] Found solution in: 7
I20260909 04:40:32.869678   567 skeleton_planner.h:170] Found solution in: 1
I20260909 04:40:32.869745   567 skeleton_planner.h:170] Found solution in: 78
I20260909 04:40:32.869755   567 skeleton_planner.h:170] Found solution in: 1
I20260909 04:40:32.869765   567 skeleton_planner.h:170] Found solution in: 1
I20260909 04:40:32.869769   567 skeleton_planner.h:170] Found solution in: 3
I20260909 04:40:32.869791   567 skeleton_planner.h:170] Found solution in: 6
I20260909 04:40:32.869798   567 skeleton_planner.h:170] Found solution in: 1
I20260909 04:40:32.869803   567 skeleton_planner.h:170] Found solution in: 4
I20260909 04:40:32.869818   567 skeleton_planner.h:170] Found solution in: 5
I20260909 04:40:32.869829   567 skeleton_planner.h:170] Found solution in: 1
I20260909 04:40:32.869833   567 skeleton_planner.h:170] Found solution in: 3
I20260909 04:40:32.869845   567 skeleton_planner.h:170] Found solution in: 4
I20260909 04:40:32.869855   567 skeleton_planner.h:170] Found solution in: 1
I20260909 04:40:32.869861   567 skeleton_planner.h:170] Found solution in: 5
I20260909 04:40:32.869882   567 skeleton_planner.h:170] Found solution in: 6
I20260909 04:40:32.869892   567 skeleton_planner.h:170] Found solution in: 1
I20260909 04:40:32.869896   567 skeleton_planner.h:170] Found solution in: 3
I20260909 04:40:32.870601   567 skeleton_planner.h:170] Found solution in: 8
I20260909 04:40:32.870613   567 skeleton_planner.h:170] Found solution in: 1
I20260909 04:40:32.870620   567 skeleton_planner.h:170] Found solution in: 5
I20260909 04:40:32.870631   567 skeleton_planner.h:170] Found solution in: 1
I20260909 04:40:32.870648   567 skeleton_planner.h:170] Found solution in: 19
I20260909 04:40:32.870656   567 skeleton_planner.h:170] Found solution in: 6
I20260909 04:40:32.870682   567 skeleton_planner.h:170] Found solution in: 31
I20260909 04:40:32.870785   567 skeleton_planner.h:170] Found solution in: 5
I20260909 04:40:32.870795   567 skeleton_planner.h:170] Found solution in: 1
I20260909 04:40:32.870802   567 skeleton_planner.h:170] Found solution in: 5
I20260909 04:40:32.870810   567 skeleton_planner.h:170] Found solution in: 1
I20260909 04:40:32.870822   567 skeleton_planner.h:170] Found solution in: 1
I20260909 04:40:32.870844   567 skeleton_planner.h:170] Found solution in: 6
I20260909 04:40:32.870857   567 skeleton_planner.h:170] Found solution in: 1
I20260909 04:40:32.870862   567 skeleton_planner.h:170] Found solution in: 5
I20260909 04:40:32.870883   567 skeleton_planner.h:170] Found solution in: 5
I20260909 04:40:32.870895   567 skeleton_planner.h:170] Found solution in: 1
I20260909 04:40:32.870913   567 skeleton_planner.h:170] Found solution in: 5
I20260909 04:40:32.870923   567 skeleton_planner.h:170] Found solution in: 1
I20260909 04:40:32.870929   567 skeleton_planner.h:170] Found solution in: 3
I20260909 04:40:32.870939   567 skeleton_planner.h:170] Found solution in: 1
I20260909 04:40:32.870941   567 skeleton_planner.h:170] Found solution in: 2
I20260909 04:40:32.870952   567 skeleton_planner.h:170] Found solution in: 3
I20260909 04:40:32.870965   567 skeleton_planner.h:170] Found solution in: 1
I20260909 04:40:32.870970   567 skeleton_planner.h:170] Found solution in: 5
I20260909 04:40:32.870976   567 skeleton_planner.h:170] Found solution in: 4
I20260909 04:40:32.871076   567 skeleton_planner.h:170] Found solution in: 5
I20260909 04:40:32.871088   567 skeleton_planner.h:170] Found solution in: 1
I20260909 04:40:32.871095   567 skeleton_planner.h:170] Found solution in: 1
I20260909 04:40:32.871111   567 skeleton_planner.h:170] Found solution in: 3
I20260909 04:40:32.871117   567 skeleton_planner.h:170] Found solution in: 1
I20260909 04:40:32.871134   567 skeleton_planner.h:170] Found solution in: 5
I20260909 04:40:32.871143   567 skeleton_planner.h:170] Found solution in: 1
I20260909 04:40:32.871169   567 skeleton_planner.h:170] Found solution in: 6
I20260909 04:40:32.871178   567 skeleton_planner.h:170] Found solution in: 1
I20260909 04:40:32.871194   567 skeleton_planner.h:170] Found solution in: 4
I20260909 04:40:32.871202   567 skeleton_planner.h:170] Found solution in: 1
I20260909 04:40:32.871208   567 skeleton_planner.h:170] Found solution in: 5
I20260909 04:40:32.871217   567 skeleton_planner.h:170] Found solution in: 1
I20260909 04:40:32.871228   567 skeleton_planner.h:170] Found solution in: 1
I20260909 04:40:32.871232   567 skeleton_planner.h:170] Found solution in: 3
I20260909 04:40:32.871248   567 skeleton_planner.h:170] Found solution in: 6
I20260909 04:40:32.871258   567 skeleton_planner.h:170] Found solution in: 1
I20260909 04:40:32.871263   567 skeleton_planner.h:170] Found solution in: 6
I20260909 04:40:32.871271   567 skeleton_planner.h:170] Found solution in: 7
I20260909 04:40:32.871277   567 skeleton_planner.h:170] Found solution in: 6
I20260909 04:40:32.871284   567 skeleton_planner.h:170] Found solution in: 1
I20260909 04:40:32.871290   567 skeleton_planner.h:170] Found solution in: 7
I20260909 04:40:32.871296   567 skeleton_planner.h:170] Found solution in: 5
I20260909 04:40:32.871309   567 skeleton_planner.h:170] Found solution in: 14
I20260909 04:40:32.871411   567 skeleton_planner.h:170] Found solution in: 5
I20260909 04:40:32.871424   567 skeleton_planner.h:170] Found solution in: 1
I20260909 04:40:32.871443   567 skeleton_planner.h:170] Found solution in: 22
I20260909 04:40:32.871541   567 skeleton_planner.h:170] Found solution in: 5
I20260909 04:40:32.871551   567 skeleton_planner.h:170] Found solution in: 1
I20260909 04:40:32.871556   567 skeleton_planner.h:170] Found solution in: 4
I20260909 04:40:32.871578   567 skeleton_planner.h:170] Found solution in: 6
I20260909 04:40:32.871587   567 skeleton_planner.h:170] Found solution in: 1
I20260909 04:40:32.871593   567 skeleton_planner.h:170] Found solution in: 4
I20260909 04:40:32.871600   567 skeleton_planner.h:170] Found solution in: 1
I20260909 04:40:32.871737   567 skeleton_planner.h:170] Found solution in: 32
I20260909 04:40:32.871748   567 skeleton_planner.h:170] Found solution in: 1
I20260909 04:40:32.871753   567 skeleton_planner.h:170] Found solution in: 4
I20260909 04:40:32.871766   567 skeleton_planner.h:170] Found solution in: 4
I20260909 04:40:32.871778   567 skeleton_planner.h:170] Found solution in: 1
I20260909 04:40:32.871785   567 skeleton_planner.h:170] Found solution in: 1
I20260909 04:40:32.871795   567 skeleton_planner.h:170] Found solution in: 1
I20260909 04:40:32.871799   567 skeleton_planner.h:170] Found solution in: 3
I20260909 04:40:32.871815   567 skeleton_planner.h:170] Found solution in: 5
I20260909 04:40:32.871824   567 skeleton_planner.h:170] Found solution in: 1
I20260909 04:40:32.871845   567 skeleton_planner.h:170] Found solution in: 5
I20260909 04:40:32.871860   567 skeleton_planner.h:170] Found solution in: 1
I20260909 04:40:32.871881   567 skeleton_planner.h:170] Found solution in: 20
I20260909 04:40:32.871892   567 skeleton_planner.h:170] Found solution in: 11
I20260909 04:40:32.871901   567 skeleton_planner.h:170] Found solution in: 1
I20260909 04:40:32.871905   567 skeleton_planner.h:170] Found solution in: 3
I20260909 04:40:32.871912   567 skeleton_planner.h:170] Found solution in: 9
I20260909 04:40:32.872004   567 skeleton_planner.h:170] Found solution in: 4
I20260909 04:40:32.872012   567 skeleton_planner.h:170] Found solution in: 1
I20260909 04:40:32.872025   567 skeleton_planner.h:170] Found solution in: 13
I20260909 04:40:32.872036   567 skeleton_planner.h:170] Found solution in: 1
I20260909 04:40:32.872157   567 skeleton_planner.h:170] Found solution in: 6
I20260909 04:40:32.872170   567 skeleton_planner.h:170] Found solution in: 1
I20260909 04:40:32.872361   567 skeleton_planner.h:170] Found solution in: 37
I20260909 04:40:32.872386   567 skeleton_planner.h:170] Found solution in: 21
I20260909 04:40:32.872395   567 skeleton_planner.h:170] Found solution in: 1
I20260909 04:40:32.872400   567 skeleton_planner.h:170] Found solution in: 3
I20260909 04:40:32.872411   567 skeleton_planner.h:170] Found solution in: 3
I20260909 04:40:32.872418   567 skeleton_planner.h:170] Found solution in: 1
I20260909 04:40:32.872440   567 skeleton_planner.h:170] Found solution in: 22
I20260909 04:40:32.872562   567 skeleton_planner.h:170] Found solution in: 5
I20260909 04:40:32.872572   567 skeleton_planner.h:170] Found solution in: 1
I20260909 04:40:32.872577   567 skeleton_planner.h:170] Found solution in: 3
I20260909 04:40:32.872593   567 skeleton_planner.h:170] Found solution in: 4
I20260909 04:40:32.872603   567 skeleton_planner.h:170] Found solution in: 1
I20260909 04:40:32.872608   567 skeleton_planner.h:170] Found solution in: 3
I20260909 04:40:32.872624   567 skeleton_planner.h:170] Found solution in: 4
I20260909 04:40:32.872632   567 skeleton_planner.h:170] Found solution in: 1
I20260909 04:40:32.872639   567 skeleton_planner.h:170] Found solution in: 7
I20260909 04:40:32.872648   567 skeleton_planner.h:170] Found solution in: 1
I20260909 04:40:32.872655   567 skeleton_planner.h:170] Found solution in: 6
I20260909 04:40:32.872666   567 skeleton_planner.h:170] Found solution in: 11
I20260909 04:40:32.872675   567 skeleton_planner.h:170] Found solution in: 1
I20260909 04:40:32.872687   567 skeleton_planner.h:170] Found solution in: 3
I20260909 04:40:32.872696   567 skeleton_planner.h:170] Found solution in: 1
I20260909 04:40:32.872704   567 skeleton_planner.h:170] Found solution in: 7
I20260909 04:40:32.872716   567 skeleton_planner.h:170] Found solution in: 1
I20260909 04:40:32.872915   567 skeleton_planner.h:170] Found solution in: 6
I20260909 04:40:32.872923   567 skeleton_planner.h:170] Found solution in: 1
I20260909 04:40:32.872927   567 skeleton_planner.h:170] Found solution in: 2
I20260909 04:40:32.872936   567 skeleton_planner.h:170] Found solution in: 3
I20260909 04:40:32.872942   567 skeleton_planner.h:170] Found solution in: 1
I20260909 04:40:32.872953   567 skeleton_planner.h:170] Found solution in: 5
I20260909 04:40:32.872962   567 skeleton_planner.h:170] Found solution in: 1
I20260909 04:40:32.872967   567 skeleton_planner.h:170] Found solution in: 2
I20260909 04:40:32.872980   567 skeleton_planner.h:170] Found solution in: 5
I20260909 04:40:32.872990   567 skeleton_planner.h:170] Found solution in: 1
I20260909 04:40:32.873087   567 skeleton_planner.h:170] Found solution in: 4
I20260909 04:40:32.873098   567 skeleton_planner.h:170] Found solution in: 1
I20260909 04:40:32.873106   567 skeleton_planner.h:170] Found solution in: 1
I20260909 04:40:32.873116   567 skeleton_planner.h:170] Found solution in: 7
I20260909 04:40:32.873122   567 skeleton_planner.h:170] Found solution in: 1
I20260909 04:40:32.873152   567 skeleton_planner.h:170] Found solution in: 36
I20260909 04:40:32.873167   567 skeleton_planner.h:170] Found solution in: 1
I20260909 04:40:32.873173   567 skeleton_planner.h:170] Found solution in: 6
I20260909 04:40:32.873180   567 skeleton_planner.h:170] Found solution in: 1
I20260909 04:40:32.873188   567 skeleton_planner.h:170] Found solution in: 1
I20260909 04:40:32.873194   567 skeleton_planner.h:170] Found solution in: 7
I20260909 04:40:32.873999   567 skeleton_planner.h:170] Found solution in: 1
I20260909 04:40:32.874063   567 skeleton_planner.h:170] Found solution in: 10
I20260909 04:40:32.874073   567 skeleton_planner.h:170] Found solution in: 1
I20260909 04:40:32.874079   567 skeleton_planner.h:170] Found solution in: 6
I20260909 04:40:32.874085   567 skeleton_planner.h:170] Found solution in: 6
I20260909 04:40:32.874092   567 skeleton_planner.h:170] Found solution in: 8
I20260909 04:40:32.874125   567 skeleton_planner.h:170] Found solution in: 7
I20260909 04:40:32.874135   567 skeleton_planner.h:170] Found solution in: 1
I20260909 04:40:32.874140   567 skeleton_planner.h:170] Found solution in: 4
I20260909 04:40:32.874161   567 skeleton_planner.h:170] Found solution in: 4
I20260909 04:40:32.874166   567 skeleton_planner.h:170] Found solution in: 1
I20260909 04:40:32.874188   567 skeleton_planner.h:170] Found solution in: 5
I20260909 04:40:32.874195   567 skeleton_planner.h:170] Found solution in: 1
I20260909 04:40:32.874207   567 skeleton_planner.h:170] Found solution in: 4
I20260909 04:40:32.874213   567 skeleton_planner.h:170] Found solution in: 1
I20260909 04:40:32.874218   567 skeleton_planner.h:170] Found solution in: 4
I20260909 04:40:32.874223   567 skeleton_planner.h:170] Found solution in: 1
I20260909 04:40:32.874228   567 skeleton_planner.h:170] Found solution in: 4
I20260909 04:40:32.874244   567 skeleton_planner.h:170] Found solution in: 5
I20260909 04:40:32.874249   567 skeleton_planner.h:170] Found solution in: 1
I20260909 04:40:32.874261   567 skeleton_planner.h:170] Found solution in: 3
I20260909 04:40:32.874267   567 skeleton_planner.h:170] Found solution in: 1
I20260909 04:40:32.874272   567 skeleton_planner.h:170] Found solution in: 4
I20260909 04:40:32.874279   567 skeleton_planner.h:170] Found solution in: 1
I20260909 04:40:32.874284   567 skeleton_planner.h:170] Found solution in: 4
I20260909 04:40:32.874290   567 skeleton_planner.h:170] Found solution in: 1
I20260909 04:40:32.874315   567 skeleton_planner.h:170] Found solution in: 22
I20260909 04:40:32.874320   567 skeleton_planner.h:170] Found solution in: 5
I20260909 04:40:32.874328   567 skeleton_planner.h:170] Found solution in: 1
I20260909 04:40:32.874333   567 skeleton_planner.h:170] Found solution in: 5
I20260909 04:40:32.874343   567 skeleton_planner.h:170] Found solution in: 1
I20260909 04:40:32.874351   567 skeleton_planner.h:170] Found solution in: 6
I20260909 04:40:32.874377   567 skeleton_planner.h:170] Found solution in: 6
I20260909 04:40:32.874384   567 skeleton_planner.h:170] Found solution in: 1
I20260909 04:40:32.874396   567 skeleton_planner.h:170] Found solution in: 12
I20260909 04:40:32.874429   567 skeleton_planner.h:170] Found solution in: 7
I20260909 04:40:32.874439   567 skeleton_planner.h:170] Found solution in: 1
I20260909 04:40:32.874462   567 skeleton_planner.h:170] Found solution in: 4
I20260909 04:40:32.874468   567 skeleton_planner.h:170] Found solution in: 1
I20260909 04:40:32.874473   567 skeleton_planner.h:170] Found solution in: 4
I20260909 04:40:32.874480   567 skeleton_planner.h:170] Found solution in: 5
I20260909 04:40:32.874485   567 skeleton_planner.h:170] Found solution in: 1
I20260909 04:40:32.874490   567 skeleton_planner.h:170] Found solution in: 4
I20260909 04:40:32.874496   567 skeleton_planner.h:170] Found solution in: 5
I20260909 04:40:32.874526   567 skeleton_planner.h:170] Found solution in: 7
I20260909 04:40:32.874536   567 skeleton_planner.h:170] Found solution in: 1
I20260909 04:40:32.874545   567 skeleton_planner.h:170] Found solution in: 1
I20260909 04:40:32.874577   567 skeleton_planner.h:170] Found solution in: 7
I20260909 04:40:32.874589   567 skeleton_planner.h:170] Found solution in: 1
I20260909 04:40:32.874683   567 skeleton_planner.h:170] Found solution in: 4
I20260909 04:40:32.874696   567 skeleton_planner.h:170] Found solution in: 1
I20260909 04:40:32.874702   567 skeleton_planner.h:170] Found solution in: 5
I20260909 04:40:32.874711   567 skeleton_planner.h:170] Found solution in: 1
I20260909 04:40:32.874727   567 skeleton_planner.h:170] Found solution in: 3
I20260909 04:40:32.874735   567 skeleton_planner.h:170] Found solution in: 1
I20260909 04:40:32.874743   567 skeleton_planner.h:170] Found solution in: 7
I20260909 04:40:32.874755   567 skeleton_planner.h:170] Found solution in: 10
I20260909 04:40:32.874763   567 skeleton_planner.h:170] Found solution in: 1
I20260909 04:40:32.874861   567 skeleton_planner.h:170] Found solution in: 5
I20260909 04:40:32.874869   567 skeleton_planner.h:170] Found solution in: 1
I20260909 04:40:32.874889   567 skeleton_planner.h:170] Found solution in: 23
I20260909 04:40:32.874903   567 skeleton_planner.h:170] Found solution in: 14
I20260909 04:40:32.874910   567 skeleton_planner.h:170] Found solution in: 6
I20260909 04:40:32.875003   567 skeleton_planner.h:170] Found solution in: 6
I20260909 04:40:32.875011   567 skeleton_planner.h:170] Found solution in: 1
I20260909 04:40:32.875023   567 skeleton_planner.h:170] Found solution in: 12
I20260909 04:40:32.875036   567 skeleton_planner.h:170] Found solution in: 1
I20260909 04:40:32.875044   567 skeleton_planner.h:170] Found solution in: 9
I20260909 04:40:32.875073   567 skeleton_planner.h:170] Found solution in: 7
I20260909 04:40:32.875084   567 skeleton_planner.h:170] Found solution in: 1
I20260909 04:40:32.875104   567 skeleton_planner.h:170] Found solution in: 5
I20260909 04:40:32.875114   567 skeleton_planner.h:170] Found solution in: 1
I20260909 04:40:32.875119   567 skeleton_planner.h:170] Found solution in: 4
I20260909 04:40:32.875136   567 skeleton_planner.h:170] Found solution in: 4
I20260909 04:40:32.875146   567 skeleton_planner.h:170] Found solution in: 1
I20260909 04:40:32.875164   567 skeleton_planner.h:170] Found solution in: 4
I20260909 04:40:32.875173   567 skeleton_planner.h:170] Found solution in: 1
I20260909 04:40:32.875180   567 skeleton_planner.h:170] Found solution in: 1
I20260909 04:40:32.875275   567 skeleton_planner.h:170] Found solution in: 8
I20260909 04:40:32.875284   567 skeleton_planner.h:170] Found solution in: 1
I20260909 04:40:32.875370   567 skeleton_planner.h:170] Found solution in: 5
I20260909 04:40:32.875377   567 skeleton_planner.h:170] Found solution in: 1
I20260909 04:40:32.875382   567 skeleton_planner.h:170] Found solution in: 3
I20260909 04:40:32.875396   567 skeleton_planner.h:170] Found solution in: 4
I20260909 04:40:32.875406   567 skeleton_planner.h:170] Found solution in: 1
I20260909 04:40:32.875415   567 skeleton_planner.h:170] Found solution in: 1
I20260909 04:40:32.875418   567 skeleton_planner.h:170] Found solution in: 2
I20260909 04:40:32.875622   567 skeleton_planner.h:170] Found solution in: 9
I20260909 04:40:32.875633   567 skeleton_planner.h:170] Found solution in: 1
I20260909 04:40:32.875991   567 skeleton_planner.h:170] Found solution in: 1
I20260909 04:40:32.875995   567 skeleton_planner.h:170] Found solution in: 2
I20260909 04:40:32.876199   567 skeleton_planner.h:170] Found solution in: 4
I20260909 04:40:32.876206   567 skeleton_planner.h:170] Found solution in: 1
I20260909 04:40:32.876210   567 skeleton_planner.h:170] Found solution in: 2
I20260909 04:40:32.876425   567 skeleton_planner.h:170] Found solution in: 5
I20260909 04:40:32.876432   567 skeleton_planner.h:170] Found solution in: 1
I20260909 04:40:32.876444   567 skeleton_planner.h:170] Found solution in: 4
I20260909 04:40:32.876454   567 skeleton_planner.h:170] Found solution in: 1
I20260909 04:40:32.876469   567 skeleton_planner.h:170] Found solution in: 3
I20260909 04:40:32.876477   567 skeleton_planner.h:170] Found solution in: 1
I20260909 04:40:32.876520   567 skeleton_planner.h:170] Found solution in: 17
I20260909 04:40:32.876529   567 skeleton_planner.h:170] Found solution in: 1
I20260909 04:40:32.876538   567 skeleton_planner.h:170] Found solution in: 7
I20260909 04:40:32.877060   567 skeleton_planner.h:170] Found solution in: 1
I20260909 04:40:32.877064   567 skeleton_planner.h:170] Found solution in: 3
I20260909 04:40:32.877094   567 skeleton_planner.h:170] Found solution in: 6
I20260909 04:40:32.877100   567 skeleton_planner.h:170] Found solution in: 1
I20260909 04:40:32.877521   567 skeleton_planner.h:170] Found solution in: 1
I20260909 04:40:32.877526   567 skeleton_planner.h:170] Found solution in: 3
I20260909 04:40:32.877535   567 skeleton_planner.h:170] Found solution in: 3
I20260909 04:40:32.877542   567 skeleton_planner.h:170] Found solution in: 1
I20260909 04:40:32.877554   567 skeleton_planner.h:170] Found solution in: 3
I20260909 04:40:32.877562   567 skeleton_planner.h:170] Found solution in: 1
I20260909 04:40:32.877578   567 skeleton_planner.h:170] Found solution in: 6
I20260909 04:40:32.877585   567 skeleton_planner.h:170] Found solution in: 1
I20260909 04:40:32.877787   567 skeleton_planner.h:170] Found solution in: 1
I20260909 04:40:32.877795   567 skeleton_planner.h:170] Found solution in: 7
I20260909 04:40:32.877817   567 skeleton_planner.h:170] Found solution in: 6
I20260909 04:40:32.877828   567 skeleton_planner.h:170] Found solution in: 1
I20260909 04:40:32.877864   567 skeleton_planner.h:170] Found solution in: 6
I20260909 04:40:32.877875   567 skeleton_planner.h:170] Found solution in: 1
I20260909 04:40:32.877882   567 skeleton_planner.h:170] Found solution in: 4
I20260909 04:40:32.877887   567 skeleton_planner.h:170] Found solution in: 4
I20260909 04:40:32.877910   567 skeleton_planner.h:170] Found solution in: 7
I20260909 04:40:32.877918   567 skeleton_planner.h:170] Found solution in: 1
I20260909 04:40:32.877928   567 skeleton_planner.h:170] Found solution in: 1
I20260909 04:40:32.878123   567 skeleton_planner.h:170] Found solution in: 4
I20260909 04:40:32.878139   567 skeleton_planner.h:170] Found solution in: 1
I20260909 04:40:32.878168   567 skeleton_planner.h:170] Found solution in: 31
I20260909 04:40:32.878177   567 skeleton_planner.h:170] Found solution in: 1
I20260909 04:40:32.878515   567 skeleton_planner.h:170] Found solution in: 1
I20260909 04:40:32.878522   567 skeleton_planner.h:170] Found solution in: 4
I20260909 04:40:32.878535   567 skeleton_planner.h:170] Found solution in: 1
I20260909 04:40:32.878537   567 skeleton_planner.h:170] Found solution in: 2
I20260909 04:40:32.878566   567 skeleton_planner.h:170] Found solution in: 4
I20260909 04:40:32.878580   567 skeleton_planner.h:170] Found solution in: 1
I20260909 04:40:32.878602   567 skeleton_planner.h:170] Found solution in: 6
I20260909 04:40:32.878612   567 skeleton_planner.h:170] Found solution in: 1
I20260909 04:40:32.878616   567 skeleton_planner.h:170] Found solution in: 2
I20260909 04:40:32.878628   567 skeleton_planner.h:170] Found solution in: 3
I20260909 04:40:32.878640   567 skeleton_planner.h:170] Found solution in: 1
I20260909 04:40:32.878752   567 skeleton_planner.h:170] Found solution in: 7
I20260909 04:40:32.878762   567 skeleton_planner.h:170] Found solution in: 1
I20260909 04:40:32.878768   567 skeleton_planner.h:170] Found solution in: 1
I20260909 04:40:32.878773   567 skeleton_planner.h:170] Found solution in: 4
I20260909 04:40:32.878825   567 skeleton_planner.h:170] Found solution in: 16
I20260909 04:40:32.878836   567 skeleton_planner.h:170] Found solution in: 1
I20260909 04:40:32.879055   567 skeleton_planner.h:170] Found solution in: 69
I20260909 04:40:32.879128   567 skeleton_planner.h:170] Found solution in: 16
I20260909 04:40:32.879144   567 skeleton_planner.h:170] Found solution in: 1
I20260909 04:40:32.879148   567 skeleton_planner.h:170] Found solution in: 2
I20260909 04:40:32.879160   567 skeleton_planner.h:170] Found solution in: 3
I20260909 04:40:32.879170   567 skeleton_planner.h:170] Found solution in: 1
I20260909 04:40:32.879185   567 skeleton_planner.h:170] Found solution in: 13
I20260909 04:40:32.879237   567 skeleton_planner.h:170] Found solution in: 52
I20260909 04:40:32.879251   567 skeleton_planner.h:170] Found solution in: 11
I20260909 04:40:32.879259   567 skeleton_planner.h:170] Found solution in: 1
I20260909 04:40:32.879352   567 skeleton_planner.h:170] Found solution in: 3
I20260909 04:40:32.879364   567 skeleton_planner.h:170] Found solution in: 1
I20260909 04:40:32.879386   567 skeleton_planner.h:170] Found solution in: 6
I20260909 04:40:32.879396   567 skeleton_planner.h:170] Found solution in: 1
I20260909 04:40:32.879413   567 skeleton_planner.h:170] Found solution in: 5
I20260909 04:40:32.879426   567 skeleton_planner.h:170] Found solution in: 1
I20260909 04:40:32.879431   567 skeleton_planner.h:170] Found solution in: 2
I20260909 04:40:32.879442   567 skeleton_planner.h:170] Found solution in: 3
I20260909 04:40:32.879451   567 skeleton_planner.h:170] Found solution in: 1
I20260909 04:40:32.879468   567 skeleton_planner.h:170] Found solution in: 4
I20260909 04:40:32.879482   567 skeleton_planner.h:170] Found solution in: 1
I20260909 04:40:32.879487   567 skeleton_planner.h:170] Found solution in: 4
I20260909 04:40:32.879493   567 skeleton_planner.h:170] Found solution in: 5
I20260909 04:40:32.879664   567 skeleton_planner.h:170] Found solution in: 98
I20260909 04:40:32.879678   567 skeleton_planner.h:170] Found solution in: 1
I20260909 04:40:32.879684   567 skeleton_planner.h:170] Found solution in: 4
I20260909 04:40:32.879688   567 skeleton_planner.h:170] Found solution in: 4
I20260909 04:40:32.879694   567 skeleton_planner.h:170] Found solution in: 1
I20260909 04:40:32.879698   567 skeleton_planner.h:170] Found solution in: 3
I20260909 04:40:32.879712   567 skeleton_planner.h:170] Found solution in: 5
I20260909 04:40:32.879719   567 skeleton_planner.h:170] Found solution in: 1
I20260909 04:40:32.879750   567 skeleton_planner.h:170] Found solution in: 7
I20260909 04:40:32.879758   567 skeleton_planner.h:170] Found solution in: 1
I20260909 04:40:32.879771   567 skeleton_planner.h:170] Found solution in: 3
I20260909 04:40:32.879781   567 skeleton_planner.h:170] Found solution in: 1
I20260909 04:40:32.879792   567 skeleton_planner.h:170] Found solution in: 1
I20260909 04:40:32.879797   567 skeleton_planner.h:170] Found solution in: 5
I20260909 04:40:32.879925   567 skeleton_planner.h:170] Found solution in: 21
I20260909 04:40:32.879935   567 skeleton_planner.h:170] Found solution in: 1
I20260909 04:40:32.879940   567 skeleton_planner.h:170] Found solution in: 3
I20260909 04:40:32.879945   567 skeleton_planner.h:170] Found solution in: 1
I20260909 04:40:32.879952   567 skeleton_planner.h:170] Found solution in: 6
I20260909 04:40:32.880059   567 skeleton_planner.h:170] Found solution in: 15
I20260909 04:40:32.880152   567 skeleton_planner.h:170] Found solution in: 10
I20260909 04:40:32.880162   567 skeleton_planner.h:170] Found solution in: 1
I20260909 04:40:32.880177   567 skeleton_planner.h:170] Found solution in: 7
I20260909 04:40:32.880188   567 skeleton_planner.h:170] Found solution in: 1
I20260909 04:40:32.880204   567 skeleton_planner.h:170] Found solution in: 4
I20260909 04:40:32.880214   567 skeleton_planner.h:170] Found solution in: 1
I20260909 04:40:32.880224   567 skeleton_planner.h:170] Found solution in: 9
I20260909 04:40:32.880232   567 skeleton_planner.h:170] Found solution in: 1
I20260909 04:40:32.880239   567 skeleton_planner.h:170] Found solution in: 7
I20260909 04:40:32.880245   567 skeleton_planner.h:170] Found solution in: 5
I20260909 04:40:32.880255   567 skeleton_planner.h:170] Found solution in: 11
I20260909 04:40:32.880261   567 skeleton_planner.h:170] Found solution in: 1
I20260909 04:40:32.880266   567 skeleton_planner.h:170] Found solution in: 4
I20260909 04:40:32.880275   567 skeleton_planner.h:170] Found solution in: 1
I20260909 04:40:32.880287   567 skeleton_planner.h:170] Found solution in: 3
I20260909 04:40:32.880298   567 skeleton_planner.h:170] Found solution in: 1
I20260909 04:40:32.880395   567 skeleton_planner.h:170] Found solution in: 3
I20260909 04:40:32.880405   567 skeleton_planner.h:170] Found solution in: 1
I20260909 04:40:32.880416   567 skeleton_planner.h:170] Found solution in: 1
I20260909 04:40:32.880437   567 skeleton_planner.h:170] Found solution in: 4
I20260909 04:40:32.880448   567 skeleton_planner.h:170] Found solution in: 1
I20260909 04:40:32.880544   567 skeleton_planner.h:170] Found solution in: 5
I20260909 04:40:32.880553   567 skeleton_planner.h:170] Found solution in: 1
I20260909 04:40:32.880581   567 skeleton_planner.h:170] Found solution in: 37
I20260909 04:40:32.880599   567 skeleton_planner.h:170] Found solution in: 22
I20260909 04:40:32.880609   567 skeleton_planner.h:170] Found solution in: 1
I20260909 04:40:32.880611   567 skeleton_planner.h:170] Found solution in: 2
I20260909 04:40:32.880625   567 skeleton_planner.h:170] Found solution in: 4
I20260909 04:40:32.880633   567 skeleton_planner.h:170] Found solution in: 1
I20260909 04:40:32.880646   567 skeleton_planner.h:170] Found solution in: 4
I20260909 04:40:32.880654   567 skeleton_planner.h:170] Found solution in: 1
I20260909 04:40:32.880658   567 skeleton_planner.h:170] Found solution in: 3
I20260909 04:40:32.880671   567 skeleton_planner.h:170] Found solution in: 3
I20260909 04:40:32.880676   567 skeleton_planner.h:170] Found solution in: 1
I20260909 04:40:32.880683   567 skeleton_planner.h:170] Found solution in: 1
I20260909 04:40:32.880775   567 skeleton_planner.h:170] Found solution in: 4
I20260909 04:40:32.880784   567 skeleton_planner.h:170] Found solution in: 1
I20260909 04:40:32.880791   567 skeleton_planner.h:170] Found solution in: 1
I20260909 04:40:32.880880   567 skeleton_planner.h:170] Found solution in: 4
I20260909 04:40:32.880891   567 skeleton_planner.h:170] Found solution in: 1
I20260909 04:40:32.880903   567 skeleton_planner.h:170] Found solution in: 3
I20260909 04:40:32.880911   567 skeleton_planner.h:170] Found solution in: 1
I20260909 04:40:32.880941   567 skeleton_planner.h:170] Found solution in: 39
I20260909 04:40:32.881034   567 skeleton_planner.h:170] Found solution in: 4
I20260909 04:40:32.881045   567 skeleton_planner.h:170] Found solution in: 1
I20260909 04:40:32.881053   567 skeleton_planner.h:170] Found solution in: 9
I20260909 04:40:32.881062   567 skeleton_planner.h:170] Found solution in: 9
I20260909 04:40:32.881070   567 skeleton_planner.h:170] Found solution in: 1
I20260909 04:40:32.881073   567 skeleton_planner.h:170] Found solution in: 2
I20260909 04:40:32.881080   567 skeleton_planner.h:170] Found solution in: 1
I20260909 04:40:32.881088   567 skeleton_planner.h:170] Found solution in: 9
I20260909 04:40:32.881096   567 skeleton_planner.h:170] Found solution in: 9
I20260909 04:40:32.881107   567 skeleton_planner.h:170] Found solution in: 14
I20260909 04:40:32.881114   567 skeleton_planner.h:170] Found solution in: 1
I20260909 04:40:32.881124   567 skeleton_planner.h:170] Found solution in: 1
I20260909 04:40:32.881129   567 skeleton_planner.h:170] Found solution in: 1
I20260909 04:40:32.881151   567 skeleton_planner.h:170] Found solution in: 7
I20260909 04:40:32.881158   567 skeleton_planner.h:170] Found solution in: 1
I20260909 04:40:32.881165   567 skeleton_planner.h:170] Found solution in: 6
I20260909 04:40:32.881172   567 skeleton_planner.h:170] Found solution in: 1
I20260909 04:40:32.881175   567 skeleton_planner.h:170] Found solution in: 2
I20260909 04:40:32.881186   567 skeleton_planner.h:170] Found solution in: 3
I20260909 04:40:32.881192   567 skeleton_planner.h:170] Found solution in: 1
I20260909 04:40:32.881199   567 skeleton_planner.h:170] Found solution in: 1
I20260909 04:40:32.881215   567 skeleton_planner.h:170] Found solution in: 18
I20260909 04:40:32.881309   567 skeleton_planner.h:170] Found solution in: 5
I20260909 04:40:32.881317   567 skeleton_planner.h:170] Found solution in: 1
I20260909 04:40:32.881325   567 skeleton_planner.h:170] Found solution in: 7
I20260909 04:40:32.881331   567 skeleton_planner.h:170] Found solution in: 1
I20260909 04:40:32.881338   567 skeleton_planner.h:170] Found solution in: 1
I20260909 04:40:32.881345   567 skeleton_planner.h:170] Found solution in: 5
I20260909 04:40:32.881434   567 skeleton_planner.h:170] Found solution in: 5
I20260909 04:40:32.881445   567 skeleton_planner.h:170] Found solution in: 1
I20260909 04:40:32.881449   567 skeleton_planner.h:170] Found solution in: 2
I20260909 04:40:32.881462   567 skeleton_planner.h:170] Found solution in: 4
I20260909 04:40:32.881471   567 skeleton_planner.h:170] Found solution in: 1
I20260909 04:40:32.881474   567 skeleton_planner.h:170] Found solution in: 2
I20260909 04:40:32.881490   567 skeleton_planner.h:170] Found solution in: 4
I20260909 04:40:32.881497   567 skeleton_planner.h:170] Found solution in: 1
I20260909 04:40:32.881511   567 skeleton_planner.h:170] Found solution in: 4
I20260909 04:40:32.881520   567 skeleton_planner.h:170] Found solution in: 1
I20260909 04:40:32.881546   567 skeleton_planner.h:170] Found solution in: 8
I20260909 04:40:32.881558   567 skeleton_planner.h:170] Found solution in: 1
I20260909 04:40:32.881567   567 skeleton_planner.h:170] Found solution in: 6
I20260909 04:40:32.881595   567 skeleton_planner.h:170] Found solution in: 4
I20260909 04:40:32.881606   567 skeleton_planner.h:170] Found solution in: 1
I20260909 04:40:32.881613   567 skeleton_planner.h:170] Found solution in: 1
I20260909 04:40:32.881633   567 skeleton_planner.h:170] Found solution in: 5
I20260909 04:40:32.881642   567 skeleton_planner.h:170] Found solution in: 1
I20260909 04:40:32.881662   567 skeleton_planner.h:170] Found solution in: 6
I20260909 04:40:32.881672   567 skeleton_planner.h:170] Found solution in: 1
I20260909 04:40:32.881693   567 skeleton_planner.h:170] Found solution in: 6
I20260909 04:40:32.881702   567 skeleton_planner.h:170] Found solution in: 1
I20260909 04:40:32.881722   567 skeleton_planner.h:170] Found solution in: 7
I20260909 04:40:32.881733   567 skeleton_planner.h:170] Found solution in: 1
I20260909 04:40:32.881816   567 skeleton_planner.h:170] Found solution in: 4
I20260909 04:40:32.881827   567 skeleton_planner.h:170] Found solution in: 1
I20260909 04:40:32.881840   567 skeleton_planner.h:170] Found solution in: 4
I20260909 04:40:32.881848   567 skeleton_planner.h:170] Found solution in: 1
I20260909 04:40:32.881855   567 skeleton_planner.h:170] Found solution in: 1
I20260909 04:40:32.881866   567 skeleton_planner.h:170] Found solution in: 13
I20260909 04:40:32.881875   567 skeleton_planner.h:170] Found solution in: 1
I20260909 04:40:32.881888   567 skeleton_planner.h:170] Found solution in: 15
I20260909 04:40:32.881899   567 skeleton_planner.h:170] Found solution in: 11
I20260909 04:40:32.881907   567 skeleton_planner.h:170] Found solution in: 8
I20260909 04:40:32.881916   567 skeleton_planner.h:170] Found solution in: 1
I20260909 04:40:32.881934   567 skeleton_planner.h:170] Found solution in: 4
I20260909 04:40:32.881944   567 skeleton_planner.h:170] Found solution in: 1
I20260909 04:40:32.881948   567 skeleton_planner.h:170] Found solution in: 2
I20260909 04:40:32.881971   567 skeleton_planner.h:170] Found solution in: 6
I20260909 04:40:32.881979   567 skeleton_planner.h:170] Found solution in: 1
I20260909 04:40:32.881983   567 skeleton_planner.h:170] Found solution in: 2
I20260909 04:40:32.882009   567 skeleton_planner.h:170] Found solution in: 9
I20260909 04:40:32.882017   567 skeleton_planner.h:170] Found solution in: 1
I20260909 04:40:32.882047   567 skeleton_planner.h:170] Found solution in: 9
I20260909 04:40:32.882061   567 skeleton_planner.h:170] Found solution in: 1
I20260909 04:40:32.882081   567 skeleton_planner.h:170] Found solution in: 3
I20260909 04:40:32.882090   567 skeleton_planner.h:170] Found solution in: 1
I20260909 04:40:32.882095   567 skeleton_planner.h:170] Found solution in: 3
I20260909 04:40:32.882108   567 skeleton_planner.h:170] Found solution in: 3
I20260909 04:40:32.882120   567 skeleton_planner.h:170] Found solution in: 1
I20260909 04:40:32.882128   567 skeleton_planner.h:170] Found solution in: 8
I20260909 04:40:32.882159   567 skeleton_planner.h:170] Found solution in: 5
I20260909 04:40:32.882169   567 skeleton_planner.h:170] Found solution in: 1
I20260909 04:40:32.882181   567 skeleton_planner.h:170] Found solution in: 3
I20260909 04:40:32.882189   567 skeleton_planner.h:170] Found solution in: 1
I20260909 04:40:32.882208   567 skeleton_planner.h:170] Found solution in: 4
I20260909 04:40:32.882217   567 skeleton_planner.h:170] Found solution in: 1
I20260909 04:40:32.882246   567 skeleton_planner.h:170] Found solution in: 5
I20260909 04:40:32.882254   567 skeleton_planner.h:170] Found solution in: 1
I20260909 04:40:32.882257   567 skeleton_planner.h:170] Found solution in: 2
I20260909 04:40:32.882268   567 skeleton_planner.h:170] Found solution in: 4
I20260909 04:40:32.882275   567 skeleton_planner.h:170] Found solution in: 1
I20260909 04:40:32.882282   567 skeleton_planner.h:170] Found solution in: 1
I20260909 04:40:32.882297   567 skeleton_planner.h:170] Found solution in: 6
I20260909 04:40:32.882308   567 skeleton_planner.h:170] Found solution in: 1
I20260909 04:40:32.882339   567 skeleton_planner.h:170] Found solution in: 6
I20260909 04:40:32.882347   567 skeleton_planner.h:170] Found solution in: 1
I20260909 04:40:32.882352   567 skeleton_planner.h:170] Found solution in: 4
I20260909 04:40:32.882359   567 skeleton_planner.h:170] Found solution in: 5
I20260909 04:40:32.882367   567 skeleton_planner.h:170] Found solution in: 1
I20260909 04:40:32.882372   567 skeleton_planner.h:170] Found solution in: 4
I20260909 04:40:32.882390   567 skeleton_planner.h:170] Found solution in: 5
I20260909 04:40:32.882396   567 skeleton_planner.h:170] Found solution in: 1
I20260909 04:40:32.882407   567 skeleton_planner.h:170] Found solution in: 3
I20260909 04:40:32.882416   567 skeleton_planner.h:170] Found solution in: 1
I20260909 04:40:32.882442   567 skeleton_planner.h:170] Found solution in: 6
I20260909 04:40:32.882452   567 skeleton_planner.h:170] Found solution in: 1
I20260909 04:40:32.882462   567 skeleton_planner.h:170] Found solution in: 9
I20260909 04:40:32.882476   567 skeleton_planner.h:170] Found solution in: 14
I20260909 04:40:32.882488   567 skeleton_planner.h:170] Found solution in: 1
I20260909 04:40:32.882519   567 skeleton_planner.h:170] Found solution in: 6
I20260909 04:40:32.882531   567 skeleton_planner.h:170] Found solution in: 1
I20260909 04:40:32.882548   567 skeleton_planner.h:170] Found solution in: 13
I20260909 04:40:32.882561   567 skeleton_planner.h:170] Found solution in: 1
I20260909 04:40:32.882658   567 skeleton_planner.h:170] Found solution in: 5
I20260909 04:40:32.882668   567 skeleton_planner.h:170] Found solution in: 1
I20260909 04:40:32.882684   567 skeleton_planner.h:170] Found solution in: 12
I20260909 04:40:32.882694   567 skeleton_planner.h:170] Found solution in: 1
I20260909 04:40:32.882711   567 skeleton_planner.h:170] Found solution in: 20
I20260909 04:40:32.882718   567 skeleton_planner.h:170] Found solution in: 5
I20260909 04:40:32.882730   567 skeleton_planner.h:170] Found solution in: 1
I20260909 04:40:32.882748   567 skeleton_planner.h:170] Found solution in: 20
I20260909 04:40:32.882808   567 skeleton_planner.h:170] Found solution in: 60
I20260909 04:40:32.882819   567 skeleton_planner.h:170] Found solution in: 1
I20260909 04:40:32.882824   567 skeleton_planner.h:170] Found solution in: 4
I20260909 04:40:32.882831   567 skeleton_planner.h:170] Found solution in: 1
I20260909 04:40:32.882860   567 skeleton_planner.h:170] Found solution in: 32
I20260909 04:40:32.882866   567 skeleton_planner.h:170] Found solution in: 4
I20260909 04:40:32.882875   567 skeleton_planner.h:170] Found solution in: 1
I20260909 04:40:32.882910   567 skeleton_planner.h:170] Found solution in: 41
I20260909 04:40:32.882917   567 skeleton_planner.h:170] Found solution in: 4
I20260909 04:40:32.882928   567 skeleton_planner.h:170] Found solution in: 1
I20260909 04:40:32.882933   567 skeleton_planner.h:170] Found solution in: 4
I20260909 04:40:32.882949   567 skeleton_planner.h:170] Found solution in: 4
I20260909 04:40:32.882961   567 skeleton_planner.h:170] Found solution in: 1
I20260909 04:40:32.882974   567 skeleton_planner.h:170] Found solution in: 4
I20260909 04:40:32.882985   567 skeleton_planner.h:170] Found solution in: 1
I20260909 04:40:32.882992   567 skeleton_planner.h:170] Found solution in: 1
I20260909 04:40:32.882998   567 skeleton_planner.h:170] Found solution in: 6
I20260909 04:40:32.883006   567 skeleton_planner.h:170] Found solution in: 1
I20260909 04:40:32.883028   567 skeleton_planner.h:170] Found solution in: 5
I20260909 04:40:32.883037   567 skeleton_planner.h:170] Found solution in: 1
I20260909 04:40:32.883044   567 skeleton_planner.h:170] Found solution in: 5
I20260909 04:40:32.883050   567 skeleton_planner.h:170] Found solution in: 6
I20260909 04:40:32.883057   567 skeleton_planner.h:170] Found solution in: 1
I20260909 04:40:32.883064   567 skeleton_planner.h:170] Found solution in: 5
I20260909 04:40:32.883068   567 skeleton_planner.h:170] Found solution in: 1
I20260909 04:40:32.883073   567 skeleton_planner.h:170] Found solution in: 5
I20260909 04:40:32.883086   567 skeleton_planner.h:170] Found solution in: 1
I20260909 04:40:32.883102   567 skeleton_planner.h:170] Found solution in: 3
I20260909 04:40:32.883112   567 skeleton_planner.h:170] Found solution in: 1
I20260909 04:40:32.883201   567 skeleton_planner.h:170] Found solution in: 3
I20260909 04:40:32.883212   567 skeleton_planner.h:170] Found solution in: 1
I20260909 04:40:32.883237   567 skeleton_planner.h:170] Found solution in: 6
I20260909 04:40:32.883248   567 skeleton_planner.h:170] Found solution in: 1
I20260909 04:40:32.883252   567 skeleton_planner.h:170] Found solution in: 4
I20260909 04:40:32.883270   567 skeleton_planner.h:170] Found solution in: 4
I20260909 04:40:32.883277   567 skeleton_planner.h:170] Found solution in: 1
I20260909 04:40:32.883281   567 skeleton_planner.h:170] Found solution in: 3
I20260909 04:40:32.883287   567 skeleton_planner.h:170] Found solution in: 1
I20260909 04:40:32.883308   567 skeleton_planner.h:170] Found solution in: 5
I20260909 04:40:32.883318   567 skeleton_planner.h:170] Found solution in: 1
I20260909 04:40:32.883334   567 skeleton_planner.h:170] Found solution in: 3
I20260909 04:40:32.883343   567 skeleton_planner.h:170] Found solution in: 1
I20260909 04:40:32.883351   567 skeleton_planner.h:170] Found solution in: 1
I20260909 04:40:32.883399   567 skeleton_planner.h:170] Found solution in: 55
I20260909 04:40:32.883492   567 skeleton_planner.h:170] Found solution in: 3
I20260909 04:40:32.883500   567 skeleton_planner.h:170] Found solution in: 1
I20260909 04:40:32.883594   567 skeleton_planner.h:170] Found solution in: 4
I20260909 04:40:32.883606   567 skeleton_planner.h:170] Found solution in: 1
I20260909 04:40:32.883612   567 skeleton_planner.h:170] Found solution in: 7
I20260909 04:40:32.883620   567 skeleton_planner.h:170] Found solution in: 1
I20260909 04:40:32.883635   567 skeleton_planner.h:170] Found solution in: 5
I20260909 04:40:32.883643   567 skeleton_planner.h:170] Found solution in: 1
I20260909 04:40:32.883740   567 skeleton_planner.h:170] Found solution in: 3
I20260909 04:40:32.883747   567 skeleton_planner.h:170] Found solution in: 1
I20260909 04:40:32.883841   567 skeleton_planner.h:170] Found solution in: 4
I20260909 04:40:32.883848   567 skeleton_planner.h:170] Found solution in: 1
I20260909 04:40:32.883868   567 skeleton_planner.h:170] Found solution in: 4
I20260909 04:40:32.883877   567 skeleton_planner.h:170] Found solution in: 1
I20260909 04:40:32.883880   567 skeleton_planner.h:170] Found solution in: 2
I20260909 04:40:32.883896   567 skeleton_planner.h:170] Found solution in: 5
I20260909 04:40:32.883904   567 skeleton_planner.h:170] Found solution in: 1
I20260909 04:40:32.883925   567 skeleton_planner.h:170] Found solution in: 7
I20260909 04:40:32.883939   567 skeleton_planner.h:170] Found solution in: 1
I20260909 04:40:32.883948   567 skeleton_planner.h:170] Found solution in: 1
I20260909 04:40:32.883955   567 skeleton_planner.h:170] Found solution in: 1
I20260909 04:40:32.883962   567 skeleton_planner.h:170] Found solution in: 1
I20260909 04:40:32.883973   567 skeleton_planner.h:170] Found solution in: 3
I20260909 04:40:32.883980   567 skeleton_planner.h:170] Found solution in: 1
I20260909 04:40:32.883986   567 skeleton_planner.h:170] Found solution in: 1
I20260909 04:40:32.883996   567 skeleton_planner.h:170] Found solution in: 10
I20260909 04:40:32.884003   567 skeleton_planner.h:170] Found solution in: 6
I20260909 04:40:32.884011   567 skeleton_planner.h:170] Found solution in: 1
I20260909 04:40:32.884016   567 skeleton_planner.h:170] Found solution in: 4
I20260909 04:40:32.884032   567 skeleton_planner.h:170] Found solution in: 19
I20260909 04:40:32.884047   567 skeleton_planner.h:170] Found solution in: 15
I20260909 04:40:32.884054   567 skeleton_planner.h:170] Found solution in: 1
I20260909 04:40:32.884064   567 skeleton_planner.h:170] Found solution in: 10
I20260909 04:40:32.884158   567 skeleton_planner.h:170] Found solution in: 5
I20260909 04:40:32.884168   567 skeleton_planner.h:170] Found solution in: 1
I20260909 04:40:32.884253   567 skeleton_planner.h:170] Found solution in: 3
I20260909 04:40:32.884261   567 skeleton_planner.h:170] Found solution in: 1
I20260909 04:40:32.884266   567 skeleton_planner.h:170] Found solution in: 4
I20260909 04:40:32.884274   567 skeleton_planner.h:170] Found solution in: 1
I20260909 04:40:32.884363   567 skeleton_planner.h:170] Found solution in: 3
I20260909 04:40:32.884375   567 skeleton_planner.h:170] Found solution in: 1
I20260909 04:40:32.884385   567 skeleton_planner.h:170] Found solution in: 1
I20260909 04:40:32.884394   567 skeleton_planner.h:170] Found solution in: 9
I20260909 04:40:32.884406   567 skeleton_planner.h:170] Found solution in: 14
I20260909 04:40:32.884416   567 skeleton_planner.h:170] Found solution in: 1
I20260909 04:40:32.884505   567 skeleton_planner.h:170] Found solution in: 4
I20260909 04:40:32.884514   567 skeleton_planner.h:170] Found solution in: 1
I20260909 04:40:32.884531   567 skeleton_planner.h:170] Found solution in: 20
I20260909 04:40:32.884541   567 skeleton_planner.h:170] Found solution in: 1
I20260909 04:40:32.884552   567 skeleton_planner.h:170] Found solution in: 1
I20260909 04:40:32.884557   567 skeleton_planner.h:170] Found solution in: 5
I20260909 04:40:32.884569   567 skeleton_planner.h:170] Found solution in: 1
I20260909 04:40:32.884673   567 skeleton_planner.h:170] Found solution in: 7
I20260909 04:40:32.884686   567 skeleton_planner.h:170] Found solution in: 1
I20260909 04:40:32.884691   567 skeleton_planner.h:170] Found solution in: 5
I20260909 04:40:32.884701   567 skeleton_planner.h:170] Found solution in: 1
I20260909 04:40:32.884709   567 skeleton_planner.h:170] Found solution in: 1
I20260909 04:40:32.884716   567 skeleton_planner.h:170] Found solution in: 5
I20260909 04:40:32.884721   567 skeleton_planner.h:170] Found solution in: 1
I20260909 04:40:32.884727   567 skeleton_planner.h:170] Found solution in: 6
I20260909 04:40:32.884735   567 skeleton_planner.h:170] Found solution in: 1
I20260909 04:40:32.884820   567 skeleton_planner.h:170] Found solution in: 3
I20260909 04:40:32.884829   567 skeleton_planner.h:170] Found solution in: 1
I20260909 04:40:32.884833   567 skeleton_planner.h:170] Found solution in: 3
I20260909 04:40:32.884843   567 skeleton_planner.h:170] Found solution in: 3
I20260909 04:40:32.884852   567 skeleton_planner.h:170] Found solution in: 1
I20260909 04:40:32.884855   567 skeleton_planner.h:170] Found solution in: 2
I20260909 04:40:32.884881   567 skeleton_planner.h:170] Found solution in: 6
I20260909 04:40:32.884891   567 skeleton_planner.h:170] Found solution in: 1
I20260909 04:40:32.884902   567 skeleton_planner.h:170] Found solution in: 3
I20260909 04:40:32.884909   567 skeleton_planner.h:170] Found solution in: 1
I20260909 04:40:32.884932   567 skeleton_planner.h:170] Found solution in: 6
I20260909 04:40:32.884943   567 skeleton_planner.h:170] Found solution in: 1
I20260909 04:40:32.884953   567 skeleton_planner.h:170] Found solution in: 3
I20260909 04:40:32.884963   567 skeleton_planner.h:170] Found solution in: 1
I20260909 04:40:32.885048   567 skeleton_planner.h:170] Found solution in: 3
I20260909 04:40:32.885056   567 skeleton_planner.h:170] Found solution in: 1
I20260909 04:40:32.885069   567 skeleton_planner.h:170] Found solution in: 3
I20260909 04:40:32.885076   567 skeleton_planner.h:170] Found solution in: 1
I20260909 04:40:32.885087   567 skeleton_planner.h:170] Found solution in: 8
I20260909 04:40:32.885093   567 skeleton_planner.h:170] Found solution in: 6
I20260909 04:40:32.885099   567 skeleton_planner.h:170] Found solution in: 1
I20260909 04:40:32.885106   567 skeleton_planner.h:170] Found solution in: 6
I20260909 04:40:32.885114   567 skeleton_planner.h:170] Found solution in: 1
I20260909 04:40:32.885169   567 skeleton_planner.h:170] Found solution in: 66
I20260909 04:40:32.885227   567 skeleton_planner.h:170] Found solution in: 74
I20260909 04:40:32.885330   567 skeleton_planner.h:170] Found solution in: 5
I20260909 04:40:32.885339   567 skeleton_planner.h:170] Found solution in: 1
I20260909 04:40:32.885419   567 skeleton_planner.h:170] Found solution in: 3
I20260909 04:40:32.885427   567 skeleton_planner.h:170] Found solution in: 1
I20260909 04:40:32.885443   567 skeleton_planner.h:170] Found solution in: 5
I20260909 04:40:32.885453   567 skeleton_planner.h:170] Found solution in: 1
I20260909 04:40:32.885547   567 skeleton_planner.h:170] Found solution in: 4
I20260909 04:40:32.885557   567 skeleton_planner.h:170] Found solution in: 1
I20260909 04:40:32.885563   567 skeleton_planner.h:170] Found solution in: 5
I20260909 04:40:32.885574   567 skeleton_planner.h:170] Found solution in: 10
I20260909 04:40:32.885586   567 skeleton_planner.h:170] Found solution in: 1
I20260909 04:40:32.885593   567 skeleton_planner.h:170] Found solution in: 1
I20260909 04:40:32.885599   567 skeleton_planner.h:170] Found solution in: 5
I20260909 04:40:32.885608   567 skeleton_planner.h:170] Found solution in: 1
I20260909 04:40:32.885620   567 skeleton_planner.h:170] Found solution in: 3
I20260909 04:40:32.885628   567 skeleton_planner.h:170] Found solution in: 1
I20260909 04:40:32.885633   567 skeleton_planner.h:170] Found solution in: 3
I20260909 04:40:32.885666   567 skeleton_planner.h:170] Found solution in: 41
I20260909 04:40:32.885697   567 skeleton_planner.h:170] Found solution in: 38
I20260909 04:40:32.885704   567 skeleton_planner.h:170] Found solution in: 1
I20260909 04:40:32.885708   567 skeleton_planner.h:170] Found solution in: 3
I20260909 04:40:32.885739   567 skeleton_planner.h:170] Found solution in: 41
I20260909 04:40:32.885747   567 skeleton_planner.h:170] Found solution in: 1
I20260909 04:40:32.885803   567 skeleton_planner.h:170] Found solution in: 64
I20260909 04:40:32.885852   567 skeleton_planner.h:170] Found solution in: 53
I20260909 04:40:32.885864   567 skeleton_planner.h:170] Found solution in: 11
I20260909 04:40:32.885871   567 skeleton_planner.h:170] Found solution in: 1
I20260909 04:40:32.885882   567 skeleton_planner.h:170] Found solution in: 12
I20260909 04:40:32.885921   567 skeleton_planner.h:170] Found solution in: 47
I20260909 04:40:32.885931   567 skeleton_planner.h:170] Found solution in: 1
I20260909 04:40:32.885936   567 skeleton_planner.h:170] Found solution in: 1
I20260909 04:40:32.885949   567 skeleton_planner.h:170] Found solution in: 14
I20260909 04:40:32.885957   567 skeleton_planner.h:170] Found solution in: 1
I20260909 04:40:32.885970   567 skeleton_planner.h:170] Found solution in: 17
I20260909 04:40:32.885979   567 skeleton_planner.h:170] Found solution in: 9
I20260909 04:40:32.885986   567 skeleton_planner.h:170] Found solution in: 1
I20260909 04:40:32.885993   567 skeleton_planner.h:170] Found solution in: 7
I20260909 04:40:32.886004   567 skeleton_planner.h:170] Found solution in: 1
I20260909 04:40:32.886008   567 skeleton_planner.h:170] Found solution in: 2
I20260909 04:40:32.886673   567 skeleton_planner.h:170] Found solution in: 1
I20260909 04:40:32.886678   567 skeleton_planner.h:170] Found solution in: 2
I20260909 04:40:32.887312   567 skeleton_planner.h:170] Found solution in: 1
I20260909 04:40:32.887324   567 skeleton_planner.h:170] Found solution in: 1
I20260909 04:40:32.887332   567 skeleton_planner.h:170] Found solution in: 1
I20260909 04:40:32.887337   567 skeleton_planner.h:170] Found solution in: 3
I20260909 04:40:32.887349   567 skeleton_planner.h:170] Found solution in: 3
I20260909 04:40:32.887359   567 skeleton_planner.h:170] Found solution in: 1
I20260909 04:40:32.887364   567 skeleton_planner.h:170] Found solution in: 4
I20260909 04:40:32.887404   567 skeleton_planner.h:170] Found solution in: 5
I20260909 04:40:32.887414   567 skeleton_planner.h:170] Found solution in: 1
I20260909 04:40:32.887578   567 skeleton_planner.h:170] Found solution in: 75
I20260909 04:40:32.887691   567 skeleton_planner.h:170] Found solution in: 50
I20260909 04:40:32.887712   567 skeleton_planner.h:170] Found solution in: 5
I20260909 04:40:32.887722   567 skeleton_planner.h:170] Found solution in: 1
I20260909 04:40:32.887727   567 skeleton_planner.h:170] Found solution in: 5
I20260909 04:40:32.888005   567 skeleton_planner.h:170] Found solution in: 1
I20260909 04:40:32.888012   567 skeleton_planner.h:170] Found solution in: 5
I20260909 04:40:32.888070   567 skeleton_planner.h:170] Found solution in: 15
I20260909 04:40:32.888098   567 skeleton_planner.h:170] Found solution in: 5
I20260909 04:40:32.888106   567 skeleton_planner.h:170] Found solution in: 1
I20260909 04:40:32.888123   567 skeleton_planner.h:170] Found solution in: 4
I20260909 04:40:32.888129   567 skeleton_planner.h:170] Found solution in: 1
I20260909 04:40:32.888142   567 skeleton_planner.h:170] Found solution in: 3
I20260909 04:40:32.888152   567 skeleton_planner.h:170] Found solution in: 1
I20260909 04:40:32.888159   567 skeleton_planner.h:170] Found solution in: 5
I20260909 04:40:32.888175   567 skeleton_planner.h:170] Found solution in: 5
I20260909 04:40:32.888183   567 skeleton_planner.h:170] Found solution in: 1
I20260909 04:40:32.888198   567 skeleton_planner.h:170] Found solution in: 4
I20260909 04:40:32.888206   567 skeleton_planner.h:170] Found solution in: 1
I20260909 04:40:32.888233   567 skeleton_planner.h:170] Found solution in: 4
I20260909 04:40:32.888242   567 skeleton_planner.h:170] Found solution in: 1
I20260909 04:40:32.888252   567 skeleton_planner.h:170] Found solution in: 3
I20260909 04:40:32.888259   567 skeleton_planner.h:170] Found solution in: 1
I20260909 04:40:32.888263   567 skeleton_planner.h:170] Found solution in: 3
I20260909 04:40:32.888273   567 skeleton_planner.h:170] Found solution in: 10
I20260909 04:40:32.888278   567 skeleton_planner.h:170] Found solution in: 1
I20260909 04:40:32.888283   567 skeleton_planner.h:170] Found solution in: 3
I20260909 04:40:32.888290   567 skeleton_planner.h:170] Found solution in: 10
I20260909 04:40:32.888298   567 skeleton_planner.h:170] Found solution in: 1
I20260909 04:40:32.888307   567 skeleton_planner.h:170] Found solution in: 7
I20260909 04:40:32.888315   567 skeleton_planner.h:170] Found solution in: 8
I20260909 04:40:32.888345   567 skeleton_planner.h:170] Found solution in: 6
I20260909 04:40:32.888353   567 skeleton_planner.h:170] Found solution in: 1
I20260909 04:40:32.888729   567 skeleton_planner.h:170] Found solution in: 1
I20260909 04:40:32.888763   567 skeleton_planner.h:170] Found solution in: 8
I20260909 04:40:32.888775   567 skeleton_planner.h:170] Found solution in: 1
I20260909 04:40:32.888795   567 skeleton_planner.h:170] Found solution in: 4
I20260909 04:40:32.888804   567 skeleton_planner.h:170] Found solution in: 1
I20260909 04:40:32.888835   567 skeleton_planner.h:170] Found solution in: 8
I20260909 04:40:32.888847   567 skeleton_planner.h:170] Found solution in: 1
I20260909 04:40:32.888859   567 skeleton_planner.h:170] Found solution in: 4
I20260909 04:40:32.888867   567 skeleton_planner.h:170] Found solution in: 1
I20260909 04:40:32.888873   567 skeleton_planner.h:170] Found solution in: 1
I20260909 04:40:32.888878   567 skeleton_planner.h:170] Found solution in: 5
I20260909 04:40:32.888897   567 skeleton_planner.h:170] Found solution in: 4
I20260909 04:40:32.888904   567 skeleton_planner.h:170] Found solution in: 1
I20260909 04:40:32.888909   567 skeleton_planner.h:170] Found solution in: 3
I20260909 04:40:32.889115   567 skeleton_planner.h:170] Found solution in: 6
I20260909 04:40:32.889127   567 skeleton_planner.h:170] Found solution in: 1
I20260909 04:40:32.889138   567 skeleton_planner.h:170] Found solution in: 12
I20260909 04:40:32.889252   567 skeleton_planner.h:170] Found solution in: 5
I20260909 04:40:32.889259   567 skeleton_planner.h:170] Found solution in: 1
I20260909 04:40:32.889326   567 skeleton_planner.h:170] Found solution in: 26
I20260909 04:40:32.889339   567 skeleton_planner.h:170] Found solution in: 1
I20260909 04:40:32.889354   567 skeleton_planner.h:170] Found solution in: 5
I20260909 04:40:32.889361   567 skeleton_planner.h:170] Found solution in: 1
I20260909 04:40:32.889365   567 skeleton_planner.h:170] Found solution in: 2
I20260909 04:40:32.889377   567 skeleton_planner.h:170] Found solution in: 5
I20260909 04:40:32.889387   567 skeleton_planner.h:170] Found solution in: 1
I20260909 04:40:32.889398   567 skeleton_planner.h:170] Found solution in: 3
I20260909 04:40:32.889405   567 skeleton_planner.h:170] Found solution in: 1
I20260909 04:40:32.889415   567 skeleton_planner.h:170] Found solution in: 4
I20260909 04:40:32.889423   567 skeleton_planner.h:170] Found solution in: 1
I20260909 04:40:32.889441   567 skeleton_planner.h:170] Found solution in: 3
I20260909 04:40:32.889449   567 skeleton_planner.h:170] Found solution in: 1
I20260909 04:40:32.889457   567 skeleton_planner.h:170] Found solution in: 1
I20260909 04:40:32.889706   567 skeleton_planner.h:170] Found solution in: 78
I20260909 04:40:32.889864   567 skeleton_planner.h:170] Found solution in: 31
I20260909 04:40:32.889878   567 skeleton_planner.h:170] Found solution in: 1
I20260909 04:40:32.889961   567 skeleton_planner.h:170] Found solution in: 4
I20260909 04:40:32.889967   567 skeleton_planner.h:170] Found solution in: 1
I20260909 04:40:32.889974   567 skeleton_planner.h:170] Found solution in: 7
I20260909 04:40:32.890169   567 skeleton_planner.h:170] Found solution in: 6
I20260909 04:40:32.890189   567 skeleton_planner.h:170] Found solution in: 6
I20260909 04:40:32.890196   567 skeleton_planner.h:170] Found solution in: 1
I20260909 04:40:32.890787   567 skeleton_planner.h:170] Found solution in: 1
I20260909 04:40:32.890791   567 skeleton_planner.h:170] Found solution in: 2
I20260909 04:40:32.891213   567 skeleton_planner.h:170] Found solution in: 1
I20260909 04:40:32.891217   567 skeleton_planner.h:170] Found solution in: 2
I20260909 04:40:32.891659   567 skeleton_planner.h:170] Found solution in: 1
I20260909 04:40:32.891671   567 skeleton_planner.h:170] Found solution in: 3
I20260909 04:40:32.891680   567 skeleton_planner.h:170] Found solution in: 1
I20260909 04:40:32.891686   567 skeleton_planner.h:170] Found solution in: 1
I20260909 04:40:32.891702   567 skeleton_planner.h:170] Found solution in: 15
I20260909 04:40:32.891741   567 skeleton_planner.h:170] Found solution in: 42
I20260909 04:40:32.891752   567 skeleton_planner.h:170] Found solution in: 1
I20260909 04:40:32.891955   567 skeleton_planner.h:170] Found solution in: 4
I20260909 04:40:32.891964   567 skeleton_planner.h:170] Found solution in: 1
I20260909 04:40:32.891974   567 skeleton_planner.h:170] Found solution in: 8
I20260909 04:40:32.891980   567 skeleton_planner.h:170] Found solution in: 1
I20260909 04:40:32.891990   567 skeleton_planner.h:170] Found solution in: 9
I20260909 04:40:32.891996   567 skeleton_planner.h:170] Found solution in: 1
I20260909 04:40:32.892089   567 skeleton_planner.h:170] Found solution in: 4
I20260909 04:40:32.892097   567 skeleton_planner.h:170] Found solution in: 1
I20260909 04:40:32.892105   567 skeleton_planner.h:170] Found solution in: 1
I20260909 04:40:32.892112   567 skeleton_planner.h:170] Found solution in: 7
I20260909 04:40:32.892118   567 skeleton_planner.h:170] Found solution in: 1
I20260909 04:40:32.892124   567 skeleton_planner.h:170] Found solution in: 6
I20260909 04:40:32.892131   567 skeleton_planner.h:170] Found solution in: 1
I20260909 04:40:32.892138   567 skeleton_planner.h:170] Found solution in: 1
I20260909 04:40:32.892143   567 skeleton_planner.h:170] Found solution in: 4
I20260909 04:40:32.892151   567 skeleton_planner.h:170] Found solution in: 1
I20260909 04:40:32.892158   567 skeleton_planner.h:170] Found solution in: 7
I20260909 04:40:32.892165   567 skeleton_planner.h:170] Found solution in: 1
I20260909 04:40:32.892817   567 skeleton_planner.h:170] Found solution in: 1
I20260909 04:40:32.893447   567 skeleton_planner.h:170] Found solution in: 1
I20260909 04:40:32.893453   567 skeleton_planner.h:170] Found solution in: 4
I20260909 04:40:32.893466   567 skeleton_planner.h:170] Found solution in: 1
I20260909 04:40:32.893472   567 skeleton_planner.h:170] Found solution in: 4
I20260909 04:40:32.893483   567 skeleton_planner.h:170] Found solution in: 1
I20260909 04:40:32.893496   567 skeleton_planner.h:170] Found solution in: 12
I20260909 04:40:32.893519   567 skeleton_planner.h:170] Found solution in: 27
I20260909 04:40:32.893534   567 skeleton_planner.h:170] Found solution in: 1
I20260909 04:40:32.893539   567 skeleton_planner.h:170] Found solution in: 4
I20260909 04:40:32.893630   567 skeleton_planner.h:170] Found solution in: 87
I20260909 04:40:32.893639   567 skeleton_planner.h:170] Found solution in: 1
I20260909 04:40:32.893683   567 skeleton_planner.h:170] Found solution in: 50
I20260909 04:40:32.893692   567 skeleton_planner.h:170] Found solution in: 1
I20260909 04:40:32.893699   567 skeleton_planner.h:170] Found solution in: 7
I20260909 04:40:32.893707   567 skeleton_planner.h:170] Found solution in: 1
I20260909 04:40:32.893872   567 skeleton_planner.h:170] Found solution in: 1
I20260909 04:40:32.893891   567 skeleton_planner.h:170] Found solution in: 3
I20260909 04:40:32.893900   567 skeleton_planner.h:170] Found solution in: 1
I20260909 04:40:32.893918   567 skeleton_planner.h:170] Found solution in: 3
I20260909 04:40:32.893925   567 skeleton_planner.h:170] Found solution in: 1
I20260909 04:40:32.893929   567 skeleton_planner.h:170] Found solution in: 3
I20260909 04:40:32.893944   567 skeleton_planner.h:170] Found solution in: 4
I20260909 04:40:32.893950   567 skeleton_planner.h:170] Found solution in: 1
I20260909 04:40:32.893986   567 skeleton_planner.h:170] Found solution in: 10
I20260909 04:40:32.893997   567 skeleton_planner.h:170] Found solution in: 1
I20260909 04:40:32.894003   567 skeleton_planner.h:170] Found solution in: 4
I20260909 04:40:32.894104   567 skeleton_planner.h:170] Found solution in: 4
I20260909 04:40:32.894114   567 skeleton_planner.h:170] Found solution in: 1
I20260909 04:40:32.894148   567 skeleton_planner.h:170] Found solution in: 39
I20260909 04:40:32.894156   567 skeleton_planner.h:170] Found solution in: 1
I20260909 04:40:32.894163   567 skeleton_planner.h:170] Found solution in: 5
I20260909 04:40:32.894171   567 skeleton_planner.h:170] Found solution in: 1
I20260909 04:40:32.894178   567 skeleton_planner.h:170] Found solution in: 1
I20260909 04:40:32.894184   567 skeleton_planner.h:170] Found solution in: 5
I20260909 04:40:32.894192   567 skeleton_planner.h:170] Found solution in: 1
I20260909 04:40:32.894199   567 skeleton_planner.h:170] Found solution in: 6
I20260909 04:40:32.894204   567 skeleton_planner.h:170] Found solution in: 1
I20260909 04:40:32.894213   567 skeleton_planner.h:170] Found solution in: 8
I20260909 04:40:32.894222   567 skeleton_planner.h:170] Found solution in: 7
I20260909 04:40:32.894232   567 skeleton_planner.h:170] Found solution in: 1
I20260909 04:40:32.894234   567 skeleton_planner.h:170] Found solution in: 2
I20260909 04:40:32.894248   567 skeleton_planner.h:170] Found solution in: 4
I20260909 04:40:32.894258   567 skeleton_planner.h:170] Found solution in: 1
I20260909 04:40:32.894273   567 skeleton_planner.h:170] Found solution in: 5
I20260909 04:40:32.894284   567 skeleton_planner.h:170] Found solution in: 1
I20260909 04:40:32.894287   567 skeleton_planner.h:170] Found solution in: 2
I20260909 04:40:32.895282   567 skeleton_planner.h:170] Found solution in: 1
I20260909 04:40:32.895288   567 skeleton_planner.h:170] Found solution in: 2
I20260909 04:40:32.896227   567 skeleton_planner.h:170] Found solution in: 1
I20260909 04:40:32.896231   567 skeleton_planner.h:170] Found solution in: 2
I20260909 04:40:32.896948   567 skeleton_planner.h:170] Found solution in: 1
I20260909 04:40:32.896952   567 skeleton_planner.h:170] Found solution in: 2
I20260909 04:40:32.897512   567 skeleton_planner.h:170] Found solution in: 65
I20260909 04:40:32.897675   567 skeleton_planner.h:170] Found solution in: 1
I20260909 04:40:32.897687   567 skeleton_planner.h:170] Found solution in: 12
I20260909 04:40:32.897696   567 skeleton_planner.h:170] Found solution in: 1
I20260909 04:40:32.897723   567 skeleton_planner.h:170] Found solution in: 26
I20260909 04:40:32.897732   567 skeleton_planner.h:170] Found solution in: 1
I20260909 04:40:32.897747   567 skeleton_planner.h:170] Found solution in: 15
I20260909 04:40:32.897754   567 skeleton_planner.h:170] Found solution in: 1
I20260909 04:40:32.897763   567 skeleton_planner.h:170] Found solution in: 5
I20260909 04:40:32.897768   567 skeleton_planner.h:170] Found solution in: 5
I20260909 04:40:32.897809   567 skeleton_planner.h:170] Found solution in: 12
I20260909 04:40:32.897818   567 skeleton_planner.h:170] Found solution in: 1
I20260909 04:40:32.897822   567 skeleton_planner.h:170] Found solution in: 3
I20260909 04:40:32.897845   567 skeleton_planner.h:170] Found solution in: 6
I20260909 04:40:32.897857   567 skeleton_planner.h:170] Found solution in: 1
I20260909 04:40:32.897915   567 skeleton_planner.h:170] Found solution in: 62
I20260909 04:40:32.897953   567 skeleton_planner.h:170] Found solution in: 33
I20260909 04:40:32.897975   567 skeleton_planner.h:170] Found solution in: 22
I20260909 04:40:32.897987   567 skeleton_planner.h:170] Found solution in: 1
I20260909 04:40:32.898090   567 skeleton_planner.h:170] Found solution in: 3
I20260909 04:40:32.898098   567 skeleton_planner.h:170] Found solution in: 1
I20260909 04:40:32.898108   567 skeleton_planner.h:170] Found solution in: 1
I20260909 04:40:32.898231   567 skeleton_planner.h:170] Found solution in: 11
I20260909 04:40:32.898240   567 skeleton_planner.h:170] Found solution in: 1
I20260909 04:40:32.898341   567 skeleton_planner.h:170] Found solution in: 4
I20260909 04:40:32.898353   567 skeleton_planner.h:170] Found solution in: 1
I20260909 04:40:32.898409   567 skeleton_planner.h:170] Found solution in: 5
I20260909 04:40:32.898419   567 skeleton_planner.h:170] Found solution in: 1
I20260909 04:40:32.898511   567 skeleton_planner.h:170] Found solution in: 3
I20260909 04:40:32.898524   567 skeleton_planner.h:170] Found solution in: 1
I20260909 04:40:32.898625   567 skeleton_planner.h:170] Found solution in: 3
I20260909 04:40:32.898633   567 skeleton_planner.h:170] Found solution in: 1
I20260909 04:40:32.898640   567 skeleton_planner.h:170] Found solution in: 1
I20260909 04:40:32.898658   567 skeleton_planner.h:170] Found solution in: 4
I20260909 04:40:32.898666   567 skeleton_planner.h:170] Found solution in: 1
I20260909 04:40:32.898759   567 skeleton_planner.h:170] Found solution in: 3
I20260909 04:40:32.898770   567 skeleton_planner.h:170] Found solution in: 1
I20260909 04:40:32.898792   567 skeleton_planner.h:170] Found solution in: 5
I20260909 04:40:32.898803   567 skeleton_planner.h:170] Found solution in: 1
I20260909 04:40:32.898896   567 skeleton_planner.h:170] Found solution in: 3
I20260909 04:40:32.898909   567 skeleton_planner.h:170] Found solution in: 1
I20260909 04:40:32.898924   567 skeleton_planner.h:170] Found solution in: 6
I20260909 04:40:32.898936   567 skeleton_planner.h:170] Found solution in: 1
I20260909 04:40:32.898942   567 skeleton_planner.h:170] Found solution in: 3
I20260909 04:40:32.898950   567 skeleton_planner.h:170] Found solution in: 1
I20260909 04:40:32.898954   567 skeleton_planner.h:170] Found solution in: 2
I20260909 04:40:32.898965   567 skeleton_planner.h:170] Found solution in: 3
I20260909 04:40:32.898973   567 skeleton_planner.h:170] Found solution in: 1
I20260909 04:40:32.898984   567 skeleton_planner.h:170] Found solution in: 3
I20260909 04:40:32.898994   567 skeleton_planner.h:170] Found solution in: 1
I20260909 04:40:32.899005   567 skeleton_planner.h:170] Found solution in: 3
I20260909 04:40:32.899012   567 skeleton_planner.h:170] Found solution in: 1
I20260909 04:40:32.899025   567 skeleton_planner.h:170] Found solution in: 4
I20260909 04:40:32.899034   567 skeleton_planner.h:170] Found solution in: 1
I20260909 04:40:32.899039   567 skeleton_planner.h:170] Found solution in: 3
I20260909 04:40:32.899050   567 skeleton_planner.h:170] Found solution in: 3
I20260909 04:40:32.899057   567 skeleton_planner.h:170] Found solution in: 1
I20260909 04:40:32.899068   567 skeleton_planner.h:170] Found solution in: 3
I20260909 04:40:32.899078   567 skeleton_planner.h:170] Found solution in: 1
I20260909 04:40:32.899091   567 skeleton_planner.h:170] Found solution in: 3
I20260909 04:40:32.899099   567 skeleton_planner.h:170] Found solution in: 1
I20260909 04:40:32.899113   567 skeleton_planner.h:170] Found solution in: 4
I20260909 04:40:32.899120   567 skeleton_planner.h:170] Found solution in: 1
I20260909 04:40:32.899130   567 skeleton_planner.h:170] Found solution in: 3
I20260909 04:40:32.899137   567 skeleton_planner.h:170] Found solution in: 1
I20260909 04:40:32.899144   567 skeleton_planner.h:170] Found solution in: 1
I20260909 04:40:32.899168   567 skeleton_planner.h:170] Found solution in: 5
I20260909 04:40:32.899175   567 skeleton_planner.h:170] Found solution in: 1
I20260909 04:40:32.899180   567 skeleton_planner.h:170] Found solution in: 1
I20260909 04:40:32.899262   567 skeleton_planner.h:170] Found solution in: 3
I20260909 04:40:32.899269   567 skeleton_planner.h:170] Found solution in: 1
I20260909 04:40:32.899361   567 skeleton_planner.h:170] Found solution in: 4
I20260909 04:40:32.899370   567 skeleton_planner.h:170] Found solution in: 1
I20260909 04:40:32.899461   567 skeleton_planner.h:170] Found solution in: 5
I20260909 04:40:32.899469   567 skeleton_planner.h:170] Found solution in: 1
I20260909 04:40:32.899473   567 skeleton_planner.h:170] Found solution in: 3
I20260909 04:40:32.899483   567 skeleton_planner.h:170] Found solution in: 3
I20260909 04:40:32.899492   567 skeleton_planner.h:170] Found solution in: 1
I20260909 04:40:32.899500   567 skeleton_planner.h:170] Found solution in: 1
I20260909 04:40:32.899514   567 skeleton_planner.h:170] Found solution in: 15
I20260909 04:40:32.899526   567 skeleton_planner.h:170] Found solution in: 1
I20260909 04:40:32.899627   567 skeleton_planner.h:170] Found solution in: 5
I20260909 04:40:32.899638   567 skeleton_planner.h:170] Found solution in: 1
I20260909 04:40:32.899642   567 skeleton_planner.h:170] Found solution in: 2
I20260909 04:40:32.899663   567 skeleton_planner.h:170] Found solution in: 7
I20260909 04:40:32.899673   567 skeleton_planner.h:170] Found solution in: 1
I20260909 04:40:32.899678   567 skeleton_planner.h:170] Found solution in: 4
I20260909 04:40:32.899712   567 skeleton_planner.h:170] Found solution in: 7
I20260909 04:40:32.899722   567 skeleton_planner.h:170] Found solution in: 1
I20260909 04:40:32.899727   567 skeleton_planner.h:170] Found solution in: 6
I20260909 04:40:32.899735   567 skeleton_planner.h:170] Found solution in: 1
I20260909 04:40:32.899741   567 skeleton_planner.h:170] Found solution in: 6
I20260909 04:40:32.899750   567 skeleton_planner.h:170] Found solution in: 1
I20260909 04:40:32.899756   567 skeleton_planner.h:170] Found solution in: 5
I20260909 04:40:32.899762   567 skeleton_planner.h:170] Found solution in: 6
I20260909 04:40:32.899793   567 skeleton_planner.h:170] Found solution in: 9
I20260909 04:40:32.899803   567 skeleton_planner.h:170] Found solution in: 1
I20260909 04:40:32.899811   567 skeleton_planner.h:170] Found solution in: 8
I20260909 04:40:32.899820   567 skeleton_planner.h:170] Found solution in: 1
I20260909 04:40:32.899829   567 skeleton_planner.h:170] Found solution in: 1
I20260909 04:40:32.899843   567 skeleton_planner.h:170] Found solution in: 4
I20260909 04:40:32.899852   567 skeleton_planner.h:170] Found solution in: 1
I20260909 04:40:32.899874   567 skeleton_planner.h:170] Found solution in: 8
I20260909 04:40:32.899889   567 skeleton_planner.h:170] Found solution in: 1
I20260909 04:40:32.899895   567 skeleton_planner.h:170] Found solution in: 4
I20260909 04:40:32.899914   567 skeleton_planner.h:170] Found solution in: 5
I20260909 04:40:32.899924   567 skeleton_planner.h:170] Found solution in: 1
I20260909 04:40:32.899935   567 skeleton_planner.h:170] Found solution in: 1
I20260909 04:40:32.899943   567 skeleton_planner.h:170] Found solution in: 1
I20260909 04:40:32.899952   567 skeleton_planner.h:170] Found solution in: 1
I20260909 04:40:32.900039   567 skeleton_planner.h:170] Found solution in: 4
I20260909 04:40:32.900048   567 skeleton_planner.h:170] Found solution in: 1
I20260909 04:40:32.900054   567 skeleton_planner.h:170] Found solution in: 7
I20260909 04:40:32.900063   567 skeleton_planner.h:170] Found solution in: 1
I20260909 04:40:32.900072   567 skeleton_planner.h:170] Found solution in: 7
I20260909 04:40:32.900084   567 skeleton_planner.h:170] Found solution in: 1
I20260909 04:40:32.900185   567 skeleton_planner.h:170] Found solution in: 5
I20260909 04:40:32.900194   567 skeleton_planner.h:170] Found solution in: 1
I20260909 04:40:32.900202   567 skeleton_planner.h:170] Found solution in: 5
I20260909 04:40:32.900252   567 skeleton_planner.h:170] Found solution in: 59
I20260909 04:40:32.900267   567 skeleton_planner.h:170] Found solution in: 1
I20260909 04:40:32.900271   567 skeleton_planner.h:170] Found solution in: 3
I20260909 04:40:32.900288   567 skeleton_planner.h:170] Found solution in: 4
I20260909 04:40:32.900297   567 skeleton_planner.h:170] Found solution in: 1
I20260909 04:40:32.900306   567 skeleton_planner.h:170] Found solution in: 1
I20260909 04:40:32.900362   567 skeleton_planner.h:170] Found solution in: 68
I20260909 04:40:32.900372   567 skeleton_planner.h:170] Found solution in: 1
I20260909 04:40:32.900382   567 skeleton_planner.h:170] Found solution in: 13
I20260909 04:40:32.900481   567 skeleton_planner.h:170] Found solution in: 6
I20260909 04:40:32.900492   567 skeleton_planner.h:170] Found solution in: 1
I20260909 04:40:32.900499   567 skeleton_planner.h:170] Found solution in: 1
I20260909 04:40:32.900506   567 skeleton_planner.h:170] Found solution in: 1
I20260909 04:40:32.900522   567 skeleton_planner.h:170] Found solution in: 19
I20260909 04:40:32.900527   567 skeleton_planner.h:170] Found solution in: 1
I20260909 04:40:32.900537   567 skeleton_planner.h:170] Found solution in: 1
I20260909 04:40:32.900539   567 skeleton_planner.h:170] Found solution in: 2
I20260909 04:40:32.900563   567 skeleton_planner.h:170] Found solution in: 9
I20260909 04:40:32.900571   567 skeleton_planner.h:170] Found solution in: 1
I20260909 04:40:32.900596   567 skeleton_planner.h:170] Found solution in: 9
I20260909 04:40:32.900609   567 skeleton_planner.h:170] Found solution in: 1
I20260909 04:40:32.900616   567 skeleton_planner.h:170] Found solution in: 1
I20260909 04:40:32.900619   567 skeleton_planner.h:170] Found solution in: 2
I20260909 04:40:32.900635   567 skeleton_planner.h:170] Found solution in: 5
I20260909 04:40:32.900642   567 skeleton_planner.h:170] Found solution in: 1
I20260909 04:40:32.900651   567 skeleton_planner.h:170] Found solution in: 1
I20260909 04:40:32.900748   567 skeleton_planner.h:170] Found solution in: 3
I20260909 04:40:32.900758   567 skeleton_planner.h:170] Found solution in: 1
I20260909 04:40:32.900776   567 skeleton_planner.h:170] Found solution in: 5
I20260909 04:40:32.900786   567 skeleton_planner.h:170] Found solution in: 1
I20260909 04:40:32.900791   567 skeleton_planner.h:170] Found solution in: 4
I20260909 04:40:32.900892   567 skeleton_planner.h:170] Found solution in: 5
I20260909 04:40:32.900902   567 skeleton_planner.h:170] Found solution in: 1
I20260909 04:40:32.900908   567 skeleton_planner.h:170] Found solution in: 5
I20260909 04:40:32.900918   567 skeleton_planner.h:170] Found solution in: 1
I20260909 04:40:32.900921   567 skeleton_planner.h:170] Found solution in: 2
I20260909 04:40:32.900944   567 skeleton_planner.h:170] Found solution in: 5
I20260909 04:40:32.900954   567 skeleton_planner.h:170] Found solution in: 1
I20260909 04:40:32.900962   567 skeleton_planner.h:170] Found solution in: 8
I20260909 04:40:32.900974   567 skeleton_planner.h:170] Found solution in: 14
I20260909 04:40:32.900995   567 skeleton_planner.h:170] Found solution in: 25
I20260909 04:40:32.901002   567 skeleton_planner.h:170] Found solution in: 1
I20260909 04:40:32.901088   567 skeleton_planner.h:170] Found solution in: 3
I20260909 04:40:32.901095   567 skeleton_planner.h:170] Found solution in: 1
I20260909 04:40:32.901101   567 skeleton_planner.h:170] Found solution in: 5
I20260909 04:40:32.901109   567 skeleton_planner.h:170] Found solution in: 1
I20260909 04:40:32.901121   567 skeleton_planner.h:170] Found solution in: 1
I20260909 04:40:32.901158   567 skeleton_planner.h:170] Found solution in: 38
I20260909 04:40:32.901260   567 skeleton_planner.h:170] Found solution in: 6
I20260909 04:40:32.901271   567 skeleton_planner.h:170] Found solution in: 1
I20260909 04:40:32.901276   567 skeleton_planner.h:170] Found solution in: 4
I20260909 04:40:32.901281   567 skeleton_planner.h:170] Found solution in: 4
I20260909 04:40:32.901288   567 skeleton_planner.h:170] Found solution in: 6
I20260909 04:40:32.901321   567 skeleton_planner.h:170] Found solution in: 11
I20260909 04:40:32.901335   567 skeleton_planner.h:170] Found solution in: 1
I20260909 04:40:32.901360   567 skeleton_planner.h:170] Found solution in: 8
I20260909 04:40:32.901368   567 skeleton_planner.h:170] Found solution in: 1
I20260909 04:40:32.901374   567 skeleton_planner.h:170] Found solution in: 6
I20260909 04:40:32.901400   567 skeleton_planner.h:170] Found solution in: 7
I20260909 04:40:32.901408   567 skeleton_planner.h:170] Found solution in: 1
I20260909 04:40:32.901419   567 skeleton_planner.h:170] Found solution in: 1
I20260909 04:40:32.901441   567 skeleton_planner.h:170] Found solution in: 3
I20260909 04:40:32.901453   567 skeleton_planner.h:170] Found solution in: 1
I20260909 04:40:32.901456   567 skeleton_planner.h:170] Found solution in: 3
I20260909 04:40:32.901464   567 skeleton_planner.h:170] Found solution in: 1
I20260909 04:40:32.901557   567 skeleton_planner.h:170] Found solution in: 5
I20260909 04:40:32.901566   567 skeleton_planner.h:170] Found solution in: 1
I20260909 04:40:32.901592   567 skeleton_planner.h:170] Found solution in: 4
I20260909 04:40:32.901600   567 skeleton_planner.h:170] Found solution in: 1
I20260909 04:40:32.901604   567 skeleton_planner.h:170] Found solution in: 3
I20260909 04:40:32.901611   567 skeleton_planner.h:170] Found solution in: 1
I20260909 04:40:32.901621   567 skeleton_planner.h:170] Found solution in: 3
I20260909 04:40:32.901628   567 skeleton_planner.h:170] Found solution in: 1
I20260909 04:40:32.901633   567 skeleton_planner.h:170] Found solution in: 5
I20260909 04:40:32.901639   567 skeleton_planner.h:170] Found solution in: 1
I20260909 04:40:32.901643   567 skeleton_planner.h:170] Found solution in: 3
I20260909 04:40:32.901651   567 skeleton_planner.h:170] Found solution in: 9
I20260909 04:40:32.901657   567 skeleton_planner.h:170] Found solution in: 6
I20260909 04:40:32.901662   567 skeleton_planner.h:170] Found solution in: 1
I20260909 04:40:32.901672   567 skeleton_planner.h:170] Found solution in: 3
I20260909 04:40:32.901680   567 skeleton_planner.h:170] Found solution in: 9
I20260909 04:40:32.901782   567 skeleton_planner.h:170] Found solution in: 6
I20260909 04:40:32.901788   567 skeleton_planner.h:170] Found solution in: 1
I20260909 04:40:32.901794   567 skeleton_planner.h:170] Found solution in: 5
I20260909 04:40:32.901803   567 skeleton_planner.h:170] Found solution in: 7
I20260909 04:40:32.901808   567 skeleton_planner.h:170] Found solution in: 1
I20260909 04:40:32.901818   567 skeleton_planner.h:170] Found solution in: 12
I20260909 04:40:32.901827   567 skeleton_planner.h:170] Found solution in: 1
I20260909 04:40:32.901836   567 skeleton_planner.h:170] Found solution in: 11
I20260909 04:40:32.901849   567 skeleton_planner.h:170] Found solution in: 1
I20260909 04:40:32.901959   567 skeleton_planner.h:170] Found solution in: 7
I20260909 04:40:32.901971   567 skeleton_planner.h:170] Found solution in: 1
I20260909 04:40:32.901979   567 skeleton_planner.h:170] Found solution in: 1
I20260909 04:40:32.901983   567 skeleton_planner.h:170] Found solution in: 2
I20260909 04:40:32.902001   567 skeleton_planner.h:170] Found solution in: 5
I20260909 04:40:32.902009   567 skeleton_planner.h:170] Found solution in: 1
I20260909 04:40:32.902024   567 skeleton_planner.h:170] Found solution in: 3
I20260909 04:40:32.902033   567 skeleton_planner.h:170] Found solution in: 1
I20260909 04:40:32.902038   567 skeleton_planner.h:170] Found solution in: 4
I20260909 04:40:32.902047   567 skeleton_planner.h:170] Found solution in: 9
I20260909 04:40:32.902055   567 skeleton_planner.h:170] Found solution in: 1
I20260909 04:40:32.902066   567 skeleton_planner.h:170] Found solution in: 3
I20260909 04:40:32.902074   567 skeleton_planner.h:170] Found solution in: 1
I20260909 04:40:32.902082   567 skeleton_planner.h:170] Found solution in: 1
I20260909 04:40:32.902086   567 skeleton_planner.h:170] Found solution in: 3
I20260909 04:40:32.902102   567 skeleton_planner.h:170] Found solution in: 3
I20260909 04:40:32.902112   567 skeleton_planner.h:170] Found solution in: 1
I20260909 04:40:32.902114   567 skeleton_planner.h:170] Found solution in: 2
I20260909 04:40:32.902120   567 skeleton_planner.h:170] Found solution in: 1
I20260909 04:40:32.902124   567 skeleton_planner.h:170] Found solution in: 3
I20260909 04:40:32.902140   567 skeleton_planner.h:170] Found solution in: 5
I20260909 04:40:32.902148   567 skeleton_planner.h:170] Found solution in: 1
I20260909 04:40:32.902151   567 skeleton_planner.h:170] Found solution in: 2
I20260909 04:40:32.902156   567 skeleton_planner.h:170] Found solution in: 1
I20260909 04:40:32.902175   567 skeleton_planner.h:170] Found solution in: 6
I20260909 04:40:32.902184   567 skeleton_planner.h:170] Found solution in: 1
I20260909 04:40:32.902282   567 skeleton_planner.h:170] Found solution in: 5
I20260909 04:40:32.902290   567 skeleton_planner.h:170] Found solution in: 1
I20260909 04:40:32.902297   567 skeleton_planner.h:170] Found solution in: 1
I20260909 04:40:32.902313   567 skeleton_planner.h:170] Found solution in: 5
I20260909 04:40:32.902321   567 skeleton_planner.h:170] Found solution in: 1
I20260909 04:40:32.902328   567 skeleton_planner.h:170] Found solution in: 7
I20260909 04:40:32.902486   567 skeleton_planner.h:170] Found solution in: 8
I20260909 04:40:32.902494   567 skeleton_planner.h:170] Found solution in: 1
I20260909 04:40:32.902500   567 skeleton_planner.h:170] Found solution in: 4
I20260909 04:40:32.902508   567 skeleton_planner.h:170] Found solution in: 8
I20260909 04:40:32.902521   567 skeleton_planner.h:170] Found solution in: 1
I20260909 04:40:32.902530   567 skeleton_planner.h:170] Found solution in: 1
I20260909 04:40:32.902536   567 skeleton_planner.h:170] Found solution in: 5
I20260909 04:40:32.902550   567 skeleton_planner.h:170] Found solution in: 17
I20260909 04:40:32.902558   567 skeleton_planner.h:170] Found solution in: 1
I20260909 04:40:32.902571   567 skeleton_planner.h:170] Found solution in: 4
I20260909 04:40:32.902580   567 skeleton_planner.h:170] Found solution in: 1
I20260909 04:40:32.902585   567 skeleton_planner.h:170] Found solution in: 5
I20260909 04:40:32.902593   567 skeleton_planner.h:170] Found solution in: 1
I20260909 04:40:32.902596   567 skeleton_planner.h:170] Found solution in: 2
I20260909 04:40:32.902611   567 skeleton_planner.h:170] Found solution in: 4
I20260909 04:40:32.902618   567 skeleton_planner.h:170] Found solution in: 1
I20260909 04:40:32.902675   567 skeleton_planner.h:170] Found solution in: 20
I20260909 04:40:32.902688   567 skeleton_planner.h:170] Found solution in: 1
I20260909 04:40:32.902691   567 skeleton_planner.h:170] Found solution in: 2
I20260909 04:40:32.903368   567 skeleton_planner.h:170] Found solution in: 1
I20260909 04:40:32.903373   567 skeleton_planner.h:170] Found solution in: 2
I20260909 04:40:32.903591   567 skeleton_planner.h:170] Found solution in: 1
I20260909 04:40:32.903703   567 skeleton_planner.h:170] Found solution in: 3
I20260909 04:40:32.903712   567 skeleton_planner.h:170] Found solution in: 1
I20260909 04:40:32.903728   567 skeleton_planner.h:170] Found solution in: 16
I20260909 04:40:32.903738   567 skeleton_planner.h:170] Found solution in: 1
I20260909 04:40:32.903741   567 skeleton_planner.h:170] Found solution in: 2
I20260909 04:40:32.903752   567 skeleton_planner.h:170] Found solution in: 3
I20260909 04:40:32.903760   567 skeleton_planner.h:170] Found solution in: 1
I20260909 04:40:32.903769   567 skeleton_planner.h:170] Found solution in: 1
I20260909 04:40:32.903795   567 skeleton_planner.h:170] Found solution in: 7
I20260909 04:40:32.903806   567 skeleton_planner.h:170] Found solution in: 1
I20260909 04:40:32.903823   567 skeleton_planner.h:170] Found solution in: 5
I20260909 04:40:32.903841   567 skeleton_planner.h:170] Found solution in: 1
I20260909 04:40:32.903848   567 skeleton_planner.h:170] Found solution in: 1
I20260909 04:40:32.903856   567 skeleton_planner.h:170] Found solution in: 1
I20260909 04:40:32.903874   567 skeleton_planner.h:170] Found solution in: 5
I20260909 04:40:32.903882   567 skeleton_planner.h:170] Found solution in: 1
I20260909 04:40:32.903903   567 skeleton_planner.h:170] Found solution in: 5
I20260909 04:40:32.903910   567 skeleton_planner.h:170] Found solution in: 1
I20260909 04:40:32.903920   567 skeleton_planner.h:170] Found solution in: 1
I20260909 04:40:32.903940   567 skeleton_planner.h:170] Found solution in: 21
I20260909 04:40:32.903949   567 skeleton_planner.h:170] Found solution in: 8
I20260909 04:40:32.903955   567 skeleton_planner.h:170] Found solution in: 1
I20260909 04:40:32.903976   567 skeleton_planner.h:170] Found solution in: 24
I20260909 04:40:32.903985   567 skeleton_planner.h:170] Found solution in: 1
I20260909 04:40:32.903996   567 skeleton_planner.h:170] Found solution in: 13
I20260909 04:40:32.904023   567 skeleton_planner.h:170] Found solution in: 31
I20260909 04:40:32.904030   567 skeleton_planner.h:170] Found solution in: 1
I20260909 04:40:32.904035   567 skeleton_planner.h:170] Found solution in: 3
I20260909 04:40:32.904277   567 skeleton_planner.h:170] Found solution in: 9
I20260909 04:40:32.904285   567 skeleton_planner.h:170] Found solution in: 1
I20260909 04:40:32.904290   567 skeleton_planner.h:170] Found solution in: 3
I20260909 04:40:32.904969   567 skeleton_planner.h:170] Found solution in: 1
I20260909 04:40:32.904975   567 skeleton_planner.h:170] Found solution in: 3
I20260909 04:40:32.905606   567 skeleton_planner.h:170] Found solution in: 1
I20260909 04:40:32.905707   567 skeleton_planner.h:170] Found solution in: 6
I20260909 04:40:32.905715   567 skeleton_planner.h:170] Found solution in: 1
I20260909 04:40:32.905721   567 skeleton_planner.h:170] Found solution in: 1
I20260909 04:40:32.905807   567 skeleton_planner.h:170] Found solution in: 4
I20260909 04:40:32.905818   567 skeleton_planner.h:170] Found solution in: 1
I20260909 04:40:32.905823   567 skeleton_planner.h:170] Found solution in: 3
I20260909 04:40:32.905846   567 skeleton_planner.h:170] Found solution in: 6
I20260909 04:40:32.905854   567 skeleton_planner.h:170] Found solution in: 1
I20260909 04:40:32.906694   567 skeleton_planner.h:170] Found solution in: 1
I20260909 04:40:32.906709   567 skeleton_planner.h:170] Found solution in: 1
I20260909 04:40:32.906715   567 skeleton_planner.h:170] Found solution in: 5
I20260909 04:40:32.906719   567 skeleton_planner.h:170] Found solution in: 4
I20260909 04:40:32.906729   567 skeleton_planner.h:170] Found solution in: 1
I20260909 04:40:32.906733   567 skeleton_planner.h:170] Found solution in: 4
I20260909 04:40:32.906738   567 skeleton_planner.h:170] Found solution in: 5
I20260909 04:40:32.906745   567 skeleton_planner.h:170] Found solution in: 1
I20260909 04:40:32.906750   567 skeleton_planner.h:170] Found solution in: 4
I20260909 04:40:32.906754   567 skeleton_planner.h:170] Found solution in: 4
I20260909 04:40:32.906759   567 skeleton_planner.h:170] Found solution in: 1
I20260909 04:40:32.906769   567 skeleton_planner.h:170] Found solution in: 1
I20260909 04:40:32.906786   567 skeleton_planner.h:170] Found solution in: 19
I20260909 04:40:32.906795   567 skeleton_planner.h:170] Found solution in: 7
I20260909 04:40:32.906801   567 skeleton_planner.h:170] Found solution in: 1
I20260909 04:40:32.906804   567 skeleton_planner.h:170] Found solution in: 2
I20260909 04:40:32.906814   567 skeleton_planner.h:170] Found solution in: 3
I20260909 04:40:32.906822   567 skeleton_planner.h:170] Found solution in: 1
I20260909 04:40:32.907181   567 skeleton_planner.h:170] Found solution in: 5
I20260909 04:40:32.907188   567 skeleton_planner.h:170] Found solution in: 1
I20260909 04:40:32.907192   567 skeleton_planner.h:170] Found solution in: 2
I20260909 04:40:32.907204   567 skeleton_planner.h:170] Found solution in: 4
I20260909 04:40:32.907214   567 skeleton_planner.h:170] Found solution in: 1
I20260909 04:40:32.907218   567 skeleton_planner.h:170] Found solution in: 3
I20260909 04:40:32.907248   567 skeleton_planner.h:170] Found solution in: 8
I20260909 04:40:32.907258   567 skeleton_planner.h:170] Found solution in: 1
I20260909 04:40:32.907262   567 skeleton_planner.h:170] Found solution in: 1
I20260909 04:40:32.907269   567 skeleton_planner.h:170] Found solution in: 1
I20260909 04:40:32.907274   567 skeleton_planner.h:170] Found solution in: 3
I20260909 04:40:32.907285   567 skeleton_planner.h:170] Found solution in: 3
I20260909 04:40:32.907294   567 skeleton_planner.h:170] Found solution in: 1
I20260909 04:40:32.907310   567 skeleton_planner.h:170] Found solution in: 3
I20260909 04:40:32.907318   567 skeleton_planner.h:170] Found solution in: 1
I20260909 04:40:32.907326   567 skeleton_planner.h:170] Found solution in: 1
I20260909 04:40:32.907338   567 skeleton_planner.h:170] Found solution in: 3
I20260909 04:40:32.907344   567 skeleton_planner.h:170] Found solution in: 1
I20260909 04:40:32.907356   567 skeleton_planner.h:170] Found solution in: 3
I20260909 04:40:32.907361   567 skeleton_planner.h:170] Found solution in: 1
I20260909 04:40:32.907367   567 skeleton_planner.h:170] Found solution in: 1
I20260909 04:40:32.907372   567 skeleton_planner.h:170] Found solution in: 3
I20260909 04:40:32.907375   567 skeleton_planner.h:170] Found solution in: 3
I20260909 04:40:32.907406   567 skeleton_planner.h:170] Found solution in: 9
I20260909 04:40:32.907420   567 skeleton_planner.h:170] Found solution in: 1
I20260909 04:40:32.907424   567 skeleton_planner.h:170] Found solution in: 3
I20260909 04:40:32.907440   567 skeleton_planner.h:170] Found solution in: 6
I20260909 04:40:32.907449   567 skeleton_planner.h:170] Found solution in: 1
I20260909 04:40:32.907459   567 skeleton_planner.h:170] Found solution in: 1
I20260909 04:40:32.907467   567 skeleton_planner.h:170] Found solution in: 1
I20260909 04:40:32.907472   567 skeleton_planner.h:170] Found solution in: 1
I20260909 04:40:32.907480   567 skeleton_planner.h:170] Found solution in: 1
I20260909 04:40:32.907488   567 skeleton_planner.h:170] Found solution in: 1
I20260909 04:40:32.907501   567 skeleton_planner.h:170] Found solution in: 11
I20260909 04:40:32.907595   567 skeleton_planner.h:170] Found solution in: 4
I20260909 04:40:32.907610   567 skeleton_planner.h:170] Found solution in: 1
I20260909 04:40:32.907624   567 skeleton_planner.h:170] Found solution in: 3
I20260909 04:40:32.907634   567 skeleton_planner.h:170] Found solution in: 1
I20260909 04:40:32.907641   567 skeleton_planner.h:170] Found solution in: 1
I20260909 04:40:32.907653   567 skeleton_planner.h:170] Found solution in: 1
I20260909 04:40:32.907657   567 skeleton_planner.h:170] Found solution in: 4
I20260909 04:40:32.907666   567 skeleton_planner.h:170] Found solution in: 1
I20260909 04:40:32.907701   567 skeleton_planner.h:170] Found solution in: 8
I20260909 04:40:32.907711   567 skeleton_planner.h:170] Found solution in: 1
I20260909 04:40:32.907739   567 skeleton_planner.h:170] Found solution in: 32
I20260909 04:40:32.907747   567 skeleton_planner.h:170] Found solution in: 1
I20260909 04:40:32.907810   567 skeleton_planner.h:170] Found solution in: 68
I20260909 04:40:32.907823   567 skeleton_planner.h:170] Found solution in: 1
I20260909 04:40:32.907827   567 skeleton_planner.h:170] Found solution in: 4
I20260909 04:40:32.907845   567 skeleton_planner.h:170] Found solution in: 4
I20260909 04:40:32.907852   567 skeleton_planner.h:170] Found solution in: 1
I20260909 04:40:32.907856   567 skeleton_planner.h:170] Found solution in: 2
I20260909 04:40:32.907861   567 skeleton_planner.h:170] Found solution in: 1
I20260909 04:40:32.907866   567 skeleton_planner.h:170] Found solution in: 2
I20260909 04:40:32.907872   567 skeleton_planner.h:170] Found solution in: 1
I20260909 04:40:32.907877   567 skeleton_planner.h:170] Found solution in: 5
I20260909 04:40:32.908257   567 skeleton_planner.h:170] Found solution in: 1
I20260909 04:40:32.908264   567 skeleton_planner.h:170] Found solution in: 5
I20260909 04:40:32.908480   567 skeleton_planner.h:170] Found solution in: 1
I20260909 04:40:32.908485   567 skeleton_planner.h:170] Found solution in: 2
I20260909 04:40:32.908658   567 skeleton_planner.h:170] Found solution in: 80
I20260909 04:40:32.908672   567 skeleton_planner.h:170] Found solution in: 1
I20260909 04:40:32.908676   567 skeleton_planner.h:170] Found solution in: 2
I20260909 04:40:32.908859   567 skeleton_planner.h:170] Found solution in: 92
I20260909 04:40:32.908876   567 skeleton_planner.h:170] Found solution in: 1
I20260909 04:40:32.908882   567 skeleton_planner.h:170] Found solution in: 5
I20260909 04:40:32.908888   567 skeleton_planner.h:170] Found solution in: 1
I20260909 04:40:32.908898   567 skeleton_planner.h:170] Found solution in: 11
I20260909 04:40:32.908905   567 skeleton_planner.h:170] Found solution in: 5
I20260909 04:40:32.908910   567 skeleton_planner.h:170] Found solution in: 1
I20260909 04:40:32.908914   567 skeleton_planner.h:170] Found solution in: 5
I20260909 04:40:32.908928   567 skeleton_planner.h:170] Found solution in: 10
I20260909 04:40:32.908937   567 skeleton_planner.h:170] Found solution in: 1
I20260909 04:40:32.908953   567 skeleton_planner.h:170] Found solution in: 17
I20260909 04:40:32.908965   567 skeleton_planner.h:170] Found solution in: 1
I20260909 04:40:32.908974   567 skeleton_planner.h:170] Found solution in: 1
I20260909 04:40:32.909044   567 skeleton_planner.h:170] Found solution in: 65
I20260909 04:40:32.909065   567 skeleton_planner.h:170] Found solution in: 20
I20260909 04:40:32.909076   567 skeleton_planner.h:170] Found solution in: 1
I20260909 04:40:32.909088   567 skeleton_planner.h:170] Found solution in: 4
I20260909 04:40:32.909098   567 skeleton_planner.h:170] Found solution in: 1
I20260909 04:40:32.909107   567 skeleton_planner.h:170] Found solution in: 9
I20260909 04:40:32.909153   567 skeleton_planner.h:170] Found solution in: 49
I20260909 04:40:32.909164   567 skeleton_planner.h:170] Found solution in: 1
I20260909 04:40:32.909186   567 skeleton_planner.h:170] Found solution in: 6
I20260909 04:40:32.909194   567 skeleton_planner.h:170] Found solution in: 1
I20260909 04:40:32.909201   567 skeleton_planner.h:170] Found solution in: 1
I20260909 04:40:32.909292   567 skeleton_planner.h:170] Found solution in: 3
I20260909 04:40:32.909302   567 skeleton_planner.h:170] Found solution in: 1
I20260909 04:40:32.909317   567 skeleton_planner.h:170] Found solution in: 12
I20260909 04:40:32.909407   567 skeleton_planner.h:170] Found solution in: 5
I20260909 04:40:32.909417   567 skeleton_planner.h:170] Found solution in: 1
I20260909 04:40:32.909430   567 skeleton_planner.h:170] Found solution in: 3
I20260909 04:40:32.909443   567 skeleton_planner.h:170] Found solution in: 1
I20260909 04:40:32.909457   567 skeleton_planner.h:170] Found solution in: 15
I20260909 04:40:32.909462   567 skeleton_planner.h:170] Found solution in: 1
I20260909 04:40:32.909467   567 skeleton_planner.h:170] Found solution in: 1
I20260909 04:40:32.909471   567 skeleton_planner.h:170] Found solution in: 3
I20260909 04:40:32.909475   567 skeleton_planner.h:170] Found solution in: 1
I20260909 04:40:32.909479   567 skeleton_planner.h:170] Found solution in: 3
I20260909 04:40:32.909484   567 skeleton_planner.h:170] Found solution in: 6
I20260909 04:40:32.909492   567 skeleton_planner.h:170] Found solution in: 8
I20260909 04:40:32.909497   567 skeleton_planner.h:170] Found solution in: 1
I20260909 04:40:32.909502   567 skeleton_planner.h:170] Found solution in: 6
I20260909 04:40:32.909507   567 skeleton_planner.h:170] Found solution in: 5
I20260909 04:40:32.909512   567 skeleton_planner.h:170] Found solution in: 1
I20260909 04:40:32.909518   567 skeleton_planner.h:170] Found solution in: 7
I20260909 04:40:32.909524   567 skeleton_planner.h:170] Found solution in: 6
I20260909 04:40:32.909531   567 skeleton_planner.h:170] Found solution in: 7
I20260909 04:40:32.909538   567 skeleton_planner.h:170] Found solution in: 1
I20260909 04:40:32.909566   567 skeleton_planner.h:170] Found solution in: 5
I20260909 04:40:32.909579   567 skeleton_planner.h:170] Found solution in: 1
I20260909 04:40:32.909587   567 skeleton_planner.h:170] Found solution in: 1
I20260909 04:40:32.909592   567 skeleton_planner.h:170] Found solution in: 1
I20260909 04:40:32.909600   567 skeleton_planner.h:170] Found solution in: 1
I20260909 04:40:32.909623   567 skeleton_planner.h:170] Found solution in: 6
I20260909 04:40:32.909637   567 skeleton_planner.h:170] Found solution in: 1
I20260909 04:40:32.909680   567 skeleton_planner.h:170] Found solution in: 16
I20260909 04:40:32.909693   567 skeleton_planner.h:170] Found solution in: 1
I20260909 04:40:32.909765   567 skeleton_planner.h:170] Found solution in: 80
I20260909 04:40:32.909775   567 skeleton_planner.h:170] Found solution in: 1
I20260909 04:40:32.909960   567 skeleton_planner.h:170] Found solution in: 1
I20260909 04:40:32.910167   567 skeleton_planner.h:170] Found solution in: 7
I20260909 04:40:32.910176   567 skeleton_planner.h:170] Found solution in: 1
I20260909 04:40:32.910181   567 skeleton_planner.h:170] Found solution in: 3
I20260909 04:40:32.910210   567 skeleton_planner.h:170] Found solution in: 6
I20260909 04:40:32.910221   567 skeleton_planner.h:170] Found solution in: 1
I20260909 04:40:32.910267   567 skeleton_planner.h:170] Found solution in: 4
I20260909 04:40:32.910277   567 skeleton_planner.h:170] Found solution in: 1
I20260909 04:40:32.910282   567 skeleton_planner.h:170] Found solution in: 1
I20260909 04:40:32.910290   567 skeleton_planner.h:170] Found solution in: 7
I20260909 04:40:32.910298   567 skeleton_planner.h:170] Found solution in: 1
I20260909 04:40:32.910308   567 skeleton_planner.h:170] Found solution in: 1
I20260909 04:40:32.910316   567 skeleton_planner.h:170] Found solution in: 1
I20260909 04:40:32.910326   567 skeleton_planner.h:170] Found solution in: 1
I20260909 04:40:32.910333   567 skeleton_planner.h:170] Found solution in: 8
I20260909 04:40:32.910365   567 skeleton_planner.h:170] Found solution in: 10
I20260909 04:40:32.910377   567 skeleton_planner.h:170] Found solution in: 1
I20260909 04:40:32.910468   567 skeleton_planner.h:170] Found solution in: 3
I20260909 04:40:32.910475   567 skeleton_planner.h:170] Found solution in: 1
I20260909 04:40:32.910493   567 skeleton_planner.h:170] Found solution in: 4
I20260909 04:40:32.910503   567 skeleton_planner.h:170] Found solution in: 1
I20260909 04:40:32.910511   567 skeleton_planner.h:170] Found solution in: 1
I20260909 04:40:32.910518   567 skeleton_planner.h:170] Found solution in: 1
I20260909 04:40:32.910530   567 skeleton_planner.h:170] Found solution in: 11
I20260909 04:40:32.910539   567 skeleton_planner.h:170] Found solution in: 1
I20260909 04:40:32.910552   567 skeleton_planner.h:170] Found solution in: 1
I20260909 04:40:32.910559   567 skeleton_planner.h:170] Found solution in: 8
I20260909 04:40:32.910568   567 skeleton_planner.h:170] Found solution in: 1
I20260909 04:40:32.910575   567 skeleton_planner.h:170] Found solution in: 7
I20260909 04:40:32.910584   567 skeleton_planner.h:170] Found solution in: 1
I20260909 04:40:32.910591   567 skeleton_planner.h:170] Found solution in: 7
I20260909 04:40:32.910597   567 skeleton_planner.h:170] Found solution in: 1
I20260909 04:40:32.910600   567 skeleton_planner.h:170] Found solution in: 2
I20260909 04:40:32.910693   567 skeleton_planner.h:170] Found solution in: 45
I20260909 04:40:32.910712   567 skeleton_planner.h:170] Found solution in: 5
I20260909 04:40:32.910719   567 skeleton_planner.h:170] Found solution in: 1
I20260909 04:40:32.910761   567 skeleton_planner.h:170] Found solution in: 19
I20260909 04:40:32.910772   567 skeleton_planner.h:170] Found solution in: 1
I20260909 04:40:32.910816   567 skeleton_planner.h:170] Found solution in: 52
I20260909 04:40:32.910825   567 skeleton_planner.h:170] Found solution in: 1
I20260909 04:40:32.910831   567 skeleton_planner.h:170] Found solution in: 1
I20260909 04:40:32.910883   567 skeleton_planner.h:170] Found solution in: 23
I20260909 04:40:32.910898   567 skeleton_planner.h:170] Found solution in: 1
I20260909 04:40:32.910914   567 skeleton_planner.h:170] Found solution in: 4
I20260909 04:40:32.910925   567 skeleton_planner.h:170] Found solution in: 1
I20260909 04:40:32.910967   567 skeleton_planner.h:170] Found solution in: 49
I20260909 04:40:32.910979   567 skeleton_planner.h:170] Found solution in: 1
I20260909 04:40:32.910988   567 skeleton_planner.h:170] Found solution in: 1
I20260909 04:40:32.910992   567 skeleton_planner.h:170] Found solution in: 3
I20260909 04:40:32.910997   567 skeleton_planner.h:170] Found solution in: 4
I20260909 04:40:32.911156   567 skeleton_planner.h:170] Found solution in: 1
I20260909 04:40:32.911161   567 skeleton_planner.h:170] Found solution in: 4
I20260909 04:40:32.911165   567 skeleton_planner.h:170] Found solution in: 4
I20260909 04:40:32.911643   567 skeleton_planner.h:170] Found solution in: 1
I20260909 04:40:32.911648   567 skeleton_planner.h:170] Found solution in: 3
I20260909 04:40:32.911652   567 skeleton_planner.h:170] Found solution in: 4
I20260909 04:40:32.912122   567 skeleton_planner.h:170] Found solution in: 1
I20260909 04:40:32.912138   567 skeleton_planner.h:170] Found solution in: 5
I20260909 04:40:32.912151   567 skeleton_planner.h:170] Found solution in: 1
I20260909 04:40:32.912725   567 skeleton_planner.h:170] Found solution in: 1
I20260909 04:40:32.912736   567 skeleton_planner.h:170] Found solution in: 1
I20260909 04:40:32.912748   567 skeleton_planner.h:170] Found solution in: 12
I20260909 04:40:32.912760   567 skeleton_planner.h:170] Found solution in: 1
I20260909 04:40:32.912770   567 skeleton_planner.h:170] Found solution in: 12
I20260909 04:40:32.912778   567 skeleton_planner.h:170] Found solution in: 1
I20260909 04:40:32.912786   567 skeleton_planner.h:170] Found solution in: 1
I20260909 04:40:32.912889   567 skeleton_planner.h:170] Found solution in: 5
I20260909 04:40:32.912899   567 skeleton_planner.h:170] Found solution in: 1
I20260909 04:40:32.912907   567 skeleton_planner.h:170] Found solution in: 1
I20260909 04:40:32.912915   567 skeleton_planner.h:170] Found solution in: 8
I20260909 04:40:32.913002   567 skeleton_planner.h:170] Found solution in: 3
I20260909 04:40:32.913012   567 skeleton_planner.h:170] Found solution in: 1
I20260909 04:40:32.913020   567 skeleton_planner.h:170] Found solution in: 8
I20260909 04:40:32.913028   567 skeleton_planner.h:170] Found solution in: 1
I20260909 04:40:32.913035   567 skeleton_planner.h:170] Found solution in: 7
I20260909 04:40:32.913125   567 skeleton_planner.h:170] Found solution in: 4
I20260909 04:40:32.913134   567 skeleton_planner.h:170] Found solution in: 1
I20260909 04:40:32.913148   567 skeleton_planner.h:170] Found solution in: 3
I20260909 04:40:32.913158   567 skeleton_planner.h:170] Found solution in: 1
I20260909 04:40:32.913168   567 skeleton_planner.h:170] Found solution in: 10
I20260909 04:40:32.913174   567 skeleton_planner.h:170] Found solution in: 5
I20260909 04:40:32.913182   567 skeleton_planner.h:170] Found solution in: 1
I20260909 04:40:32.913192   567 skeleton_planner.h:170] Found solution in: 3
I20260909 04:40:32.913200   567 skeleton_planner.h:170] Found solution in: 1
I20260909 04:40:32.913208   567 skeleton_planner.h:170] Found solution in: 1
I20260909 04:40:32.913213   567 skeleton_planner.h:170] Found solution in: 4
I20260909 04:40:32.913218   567 skeleton_planner.h:170] Found solution in: 1
I20260909 04:40:32.913221   567 skeleton_planner.h:170] Found solution in: 4
I20260909 04:40:32.913234   567 skeleton_planner.h:170] Found solution in: 1
I20260909 04:40:32.913264   567 skeleton_planner.h:170] Found solution in: 8
I20260909 04:40:32.913276   567 skeleton_planner.h:170] Found solution in: 1
I20260909 04:40:32.913281   567 skeleton_planner.h:170] Found solution in: 4
I20260909 04:40:32.913297   567 skeleton_planner.h:170] Found solution in: 4
I20260909 04:40:32.913309   567 skeleton_planner.h:170] Found solution in: 1
I20260909 04:40:32.913394   567 skeleton_planner.h:170] Found solution in: 3
I20260909 04:40:32.913407   567 skeleton_planner.h:170] Found solution in: 1
I20260909 04:40:32.913411   567 skeleton_planner.h:170] Found solution in: 3
I20260909 04:40:32.913424   567 skeleton_planner.h:170] Found solution in: 4
I20260909 04:40:32.913434   567 skeleton_planner.h:170] Found solution in: 1
I20260909 04:40:32.913450   567 skeleton_planner.h:170] Found solution in: 22
I20260909 04:40:32.913479   567 skeleton_planner.h:170] Found solution in: 37
I20260909 04:40:32.913491   567 skeleton_planner.h:170] Found solution in: 1
I20260909 04:40:32.913516   567 skeleton_planner.h:170] Found solution in: 7
I20260909 04:40:32.913527   567 skeleton_planner.h:170] Found solution in: 1
I20260909 04:40:32.913547   567 skeleton_planner.h:170] Found solution in: 6
I20260909 04:40:32.913558   567 skeleton_planner.h:170] Found solution in: 1
I20260909 04:40:32.913606   567 skeleton_planner.h:170] Found solution in: 62
I20260909 04:40:32.913622   567 skeleton_planner.h:170] Found solution in: 1
I20260909 04:40:32.913641   567 skeleton_planner.h:170] Found solution in: 6
I20260909 04:40:32.913654   567 skeleton_planner.h:170] Found solution in: 1
I20260909 04:40:32.913659   567 skeleton_planner.h:170] Found solution in: 4
I20260909 04:40:32.913695   567 skeleton_planner.h:170] Found solution in: 15
I20260909 04:40:32.913707   567 skeleton_planner.h:170] Found solution in: 1
I20260909 04:40:32.913712   567 skeleton_planner.h:170] Found solution in: 1
I20260909 04:40:32.913721   567 skeleton_planner.h:170] Found solution in: 1
I20260909 04:40:32.913728   567 skeleton_planner.h:170] Found solution in: 5
I20260909 04:40:32.913735   567 skeleton_planner.h:170] Found solution in: 1
I20260909 04:40:32.913741   567 skeleton_planner.h:170] Found solution in: 5
I20260909 04:40:32.913750   567 skeleton_planner.h:170] Found solution in: 1
I20260909 04:40:32.913774   567 skeleton_planner.h:170] Found solution in: 27
I20260909 04:40:32.913794   567 skeleton_planner.h:170] Found solution in: 5
I20260909 04:40:32.913818   567 skeleton_planner.h:170] Found solution in: 7
I20260909 04:40:32.913836   567 skeleton_planner.h:170] Found solution in: 5
I20260909 04:40:32.913851   567 skeleton_planner.h:170] Found solution in: 4
I20260909 04:40:32.913864   567 skeleton_planner.h:170] Found solution in: 4
I20260909 04:40:32.913875   567 skeleton_planner.h:170] Found solution in: 3
I20260909 04:40:32.913893   567 skeleton_planner.h:170] Found solution in: 5
I20260909 04:40:32.913913   567 skeleton_planner.h:170] Found solution in: 6
I20260909 04:40:32.913924   567 skeleton_planner.h:170] Found solution in: 3
I20260909 04:40:32.913946   567 skeleton_planner.h:170] Found solution in: 7
I20260909 04:40:32.913975   567 skeleton_planner.h:170] Found solution in: 11
I20260909 04:40:32.914000   567 skeleton_planner.h:170] Found solution in: 7
I20260909 04:40:32.914011   567 skeleton_planner.h:170] Found solution in: 4
I20260909 04:40:32.914024   567 skeleton_planner.h:170] Found solution in: 4
I20260909 04:40:32.914034   567 skeleton_planner.h:170] Found solution in: 3
I20260909 04:40:32.914054   567 skeleton_planner.h:170] Found solution in: 6
I20260909 04:40:32.914069   567 skeleton_planner.h:170] Found solution in: 5
I20260909 04:40:32.914080   567 skeleton_planner.h:170] Found solution in: 3
I20260909 04:40:32.914090   567 skeleton_planner.h:170] Found solution in: 3
I20260909 04:40:32.914108   567 skeleton_planner.h:170] Found solution in: 5
I20260909 04:40:32.914130   567 skeleton_planner.h:170] Found solution in: 7
I20260909 04:40:32.914144   567 skeleton_planner.h:170] Found solution in: 4
I20260909 04:40:32.914160   567 skeleton_planner.h:170] Found solution in: 4
I20260909 04:40:32.914172   567 skeleton_planner.h:170] Found solution in: 4
I20260909 04:40:32.914188   567 skeleton_planner.h:170] Found solution in: 5
I20260909 04:40:32.914199   567 skeleton_planner.h:170] Found solution in: 3
I20260909 04:40:32.914211   567 skeleton_planner.h:170] Found solution in: 4
I20260909 04:40:32.914237   567 skeleton_planner.h:170] Found solution in: 8
I20260909 04:40:32.914251   567 skeleton_planner.h:170] Found solution in: 4
I20260909 04:40:32.914274   567 skeleton_planner.h:170] Found solution in: 8
I20260909 04:40:32.914286   567 skeleton_planner.h:170] Found solution in: 3
I20260909 04:40:32.914315   567 skeleton_planner.h:170] Found solution in: 8
I20260909 04:40:32.914335   567 skeleton_planner.h:170] Found solution in: 5
I20260909 04:40:32.914357   567 skeleton_planner.h:170] Found solution in: 7
I20260909 04:40:32.914371   567 skeleton_planner.h:170] Found solution in: 4
I20260909 04:40:32.914400   567 skeleton_planner.h:170] Found solution in: 12
I20260909 04:40:32.914422   567 skeleton_planner.h:170] Found solution in: 5
I20260909 04:40:32.914433   567 skeleton_planner.h:170] Found solution in: 3
I20260909 04:40:32.914443   567 skeleton_planner.h:170] Found solution in: 3
I20260909 04:40:32.914461   567 skeleton_planner.h:170] Found solution in: 5
I20260909 04:40:32.914474   567 skeleton_planner.h:170] Found solution in: 3
I20260909 04:40:32.914489   567 skeleton_planner.h:170] Found solution in: 4
I20260909 04:40:32.914506   567 skeleton_planner.h:170] Found solution in: 5
I20260909 04:40:32.914528   567 skeleton_planner.h:170] Found solution in: 7
I20260909 04:40:32.914537   567 skeleton_planner.h:170] Found solution in: 2
I20260909 04:40:32.914557   567 skeleton_planner.h:170] Found solution in: 6
I20260909 04:40:32.914582   567 skeleton_planner.h:170] Found solution in: 8
I20260909 04:40:32.914604   567 skeleton_planner.h:170] Found solution in: 7
I20260909 04:40:32.914613   567 skeleton_planner.h:170] Found solution in: 2
I20260909 04:40:32.914628   567 skeleton_planner.h:170] Found solution in: 4
I20260909 04:40:32.914641   567 skeleton_planner.h:170] Found solution in: 5
I20260909 04:40:32.914664   567 skeleton_planner.h:170] Found solution in: 7
I20260909 04:40:32.914682   567 skeleton_planner.h:170] Found solution in: 4
I20260909 04:40:32.914693   567 skeleton_planner.h:170] Found solution in: 3
I20260909 04:40:32.914705   567 skeleton_planner.h:170] Found solution in: 3
I20260909 04:40:32.914723   567 skeleton_planner.h:170] Found solution in: 6
I20260909 04:40:32.914739   567 skeleton_planner.h:170] Found solution in: 7
I20260909 04:40:32.914749   567 skeleton_planner.h:170] Found solution in: 3
I20260909 04:40:32.914757   567 skeleton_planner.h:170] Found solution in: 3
I20260909 04:40:32.914783   567 skeleton_planner.h:170] Found solution in: 10
I20260909 04:40:32.914803   567 skeleton_planner.h:170] Found solution in: 6
I20260909 04:40:32.914815   567 skeleton_planner.h:170] Found solution in: 4
I20260909 04:40:32.914829   567 skeleton_planner.h:170] Found solution in: 4
I20260909 04:40:32.914856   567 skeleton_planner.h:170] Found solution in: 9
I20260909 04:40:32.914870   567 skeleton_planner.h:170] Found solution in: 4
I20260909 04:40:32.914878   567 skeleton_planner.h:170] Found solution in: 2
I20260909 04:40:32.914889   567 skeleton_planner.h:170] Found solution in: 3
I20260909 04:40:32.914906   567 skeleton_planner.h:170] Found solution in: 4
I20260909 04:40:32.914919   567 skeleton_planner.h:170] Found solution in: 4
I20260909 04:40:32.914929   567 skeleton_planner.h:170] Found solution in: 3
I20260909 04:40:32.914942   567 skeleton_planner.h:170] Found solution in: 5
I20260909 04:40:32.914960   567 skeleton_planner.h:170] Found solution in: 5
I20260909 04:40:32.914973   567 skeleton_planner.h:170] Found solution in: 3
I20260909 04:40:32.914989   567 skeleton_planner.h:170] Found solution in: 5
I20260909 04:40:32.915000   567 skeleton_planner.h:170] Found solution in: 3
I20260909 04:40:32.915010   567 skeleton_planner.h:170] Found solution in: 3
I20260909 04:40:32.915032   567 skeleton_planner.h:170] Found solution in: 7
I20260909 04:40:32.915043   567 skeleton_planner.h:170] Found solution in: 3
I20260909 04:40:32.915064   567 skeleton_planner.h:170] Found solution in: 6
I20260909 04:40:32.915084   567 skeleton_planner.h:170] Found solution in: 8
I20260909 04:40:32.915096   567 skeleton_planner.h:170] Found solution in: 3
I20260909 04:40:32.915108   567 skeleton_planner.h:170] Found solution in: 3
I20260909 04:40:32.915131   567 skeleton_planner.h:170] Found solution in: 6
I20260909 04:40:32.915153   567 skeleton_planner.h:170] Found solution in: 7
I20260909 04:40:32.915164   567 skeleton_planner.h:170] Found solution in: 4
I20260909 04:40:32.915182   567 skeleton_planner.h:170] Found solution in: 5
I20260909 04:40:32.915196   567 skeleton_planner.h:170] Found solution in: 4
I20260909 04:40:32.915215   567 skeleton_planner.h:170] Found solution in: 5
I20260909 04:40:32.915226   567 skeleton_planner.h:170] Found solution in: 3
I20260909 04:40:32.915236   567 skeleton_planner.h:170] Found solution in: 3
I20260909 04:40:32.915251   567 skeleton_planner.h:170] Found solution in: 4
I20260909 04:40:32.915268   567 skeleton_planner.h:170] Found solution in: 5
I20260909 04:40:32.915280   567 skeleton_planner.h:170] Found solution in: 4
I20260909 04:40:32.915292   567 skeleton_planner.h:170] Found solution in: 4
I20260909 04:40:32.915299   567 skeleton_planner.h:170] Found solution in: 2
I20260909 04:40:32.915313   567 skeleton_planner.h:170] Found solution in: 4
I20260909 04:40:32.915331   567 skeleton_planner.h:170] Found solution in: 5
I20260909 04:40:32.915342   567 skeleton_planner.h:170] Found solution in: 3
I20260909 04:40:32.915354   567 skeleton_planner.h:170] Found solution in: 4
I20260909 04:40:32.915366   567 skeleton_planner.h:170] Found solution in: 4
I20260909 04:40:32.915377   567 skeleton_planner.h:170] Found solution in: 3
I20260909 04:40:32.915387   567 skeleton_planner.h:170] Found solution in: 3
I20260909 04:40:32.915400   567 skeleton_planner.h:170] Found solution in: 4
I20260909 04:40:32.915416   567 skeleton_planner.h:170] Found solution in: 7
I20260909 04:40:32.915436   567 skeleton_planner.h:170] Found solution in: 5
I20260909 04:40:32.915446   567 skeleton_planner.h:170] Found solution in: 3
I20260909 04:40:32.915462   567 skeleton_planner.h:170] Found solution in: 5
I20260909 04:40:32.915479   567 skeleton_planner.h:170] Found solution in: 6
I20260909 04:40:32.915493   567 skeleton_planner.h:170] Found solution in: 4
I20260909 04:40:32.915504   567 skeleton_planner.h:170] Found solution in: 3
I20260909 04:40:32.915515   567 skeleton_planner.h:170] Found solution in: 4
I20260909 04:40:32.915537   567 skeleton_planner.h:170] Found solution in: 9
I20260909 04:40:32.915571   567 skeleton_planner.h:170] Found solution in: 13
I20260909 04:40:32.915597   567 skeleton_planner.h:170] Found solution in: 7
I20260909 04:40:32.915616   567 skeleton_planner.h:170] Found solution in: 4
I20260909 04:40:32.915629   567 skeleton_planner.h:170] Found solution in: 4
I20260909 04:40:32.915645   567 skeleton_planner.h:170] Found solution in: 4
I20260909 04:40:32.915657   567 skeleton_planner.h:170] Found solution in: 3
I20260909 04:40:32.915668   567 skeleton_planner.h:170] Found solution in: 3
I20260909 04:40:32.915690   567 skeleton_planner.h:170] Found solution in: 8
I20260909 04:40:32.915702   567 skeleton_planner.h:170] Found solution in: 3
I20260909 04:40:32.915722   567 skeleton_planner.h:170] Found solution in: 7
I20260909 04:40:32.915735   567 skeleton_planner.h:170] Found solution in: 3
I20260909 04:40:32.915753   567 skeleton_planner.h:170] Found solution in: 5
I20260909 04:40:32.915766   567 skeleton_planner.h:170] Found solution in: 3
I20260909 04:40:32.915776   567 skeleton_planner.h:170] Found solution in: 3
I20260909 04:40:32.915788   567 skeleton_planner.h:170] Found solution in: 4
I20260909 04:40:32.915800   567 skeleton_planner.h:170] Found solution in: 4
I20260909 04:40:32.915814   567 skeleton_planner.h:170] Found solution in: 4
I20260909 04:40:32.915828   567 skeleton_planner.h:170] Found solution in: 4
I20260909 04:40:32.915839   567 skeleton_planner.h:170] Found solution in: 3
I20260909 04:40:32.915848   567 skeleton_planner.h:170] Found solution in: 3
I20260909 04:40:32.915868   567 skeleton_planner.h:170] Found solution in: 5
I20260909 04:40:32.915886   567 skeleton_planner.h:170] Found solution in: 6
I20260909 04:40:32.915899   567 skeleton_planner.h:170] Found solution in: 3
I20260909 04:40:32.915910   567 skeleton_planner.h:170] Found solution in: 3
I20260909 04:40:32.915921   567 skeleton_planner.h:170] Found solution in: 3
I20260909 04:40:32.915931   567 skeleton_planner.h:170] Found solution in: 3
I20260909 04:40:32.915954   567 skeleton_planner.h:170] Found solution in: 7
I20260909 04:40:32.915964   567 skeleton_planner.h:170] Found solution in: 2
I20260909 04:40:32.915971   567 skeleton_planner.h:170] Found solution in: 2
I20260909 04:40:32.915984   567 skeleton_planner.h:170] Found solution in: 4
I20260909 04:40:32.915997   567 skeleton_planner.h:170] Found solution in: 4
I20260909 04:40:32.916010   567 skeleton_planner.h:170] Found solution in: 5
I20260909 04:40:32.916021   567 skeleton_planner.h:170] Found solution in: 3
I20260909 04:40:32.916033   567 skeleton_planner.h:170] Found solution in: 4
I20260909 04:40:32.916046   567 skeleton_planner.h:170] Found solution in: 5
I20260909 04:40:32.916056   567 skeleton_planner.h:170] Found solution in: 3
I20260909 04:40:32.916066   567 skeleton_planner.h:170] Found solution in: 3
I20260909 04:40:32.916077   567 skeleton_planner.h:170] Found solution in: 4
I20260909 04:40:32.916102   567 skeleton_planner.h:170] Found solution in: 8
I20260909 04:40:32.916123   567 skeleton_planner.h:170] Found solution in: 5
I20260909 04:40:32.916136   567 skeleton_planner.h:170] Found solution in: 4
I20260909 04:40:32.916147   567 skeleton_planner.h:170] Found solution in: 3
I20260909 04:40:32.916155   567 skeleton_planner.h:170] Found solution in: 2
I20260909 04:40:32.916170   567 skeleton_planner.h:170] Found solution in: 5
I20260909 04:40:32.916188   567 skeleton_planner.h:170] Found solution in: 8
I20260909 04:40:32.916214   567 skeleton_planner.h:170] Found solution in: 10
I20260909 04:40:32.916230   567 skeleton_planner.h:170] Found solution in: 4
I20260909 04:40:32.916242   567 skeleton_planner.h:170] Found solution in: 4
I20260909 04:40:32.916261   567 skeleton_planner.h:170] Found solution in: 6
I20260909 04:40:32.916276   567 skeleton_planner.h:170] Found solution in: 5
I20260909 04:40:32.916288   567 skeleton_planner.h:170] Found solution in: 4
I20260909 04:40:32.916298   567 skeleton_planner.h:170] Found solution in: 3
I20260909 04:40:32.916311   567 skeleton_planner.h:170] Found solution in: 3
I20260909 04:40:32.916325   567 skeleton_planner.h:170] Found solution in: 6
I20260909 04:40:32.916334   567 skeleton_planner.h:170] Found solution in: 3
I20260909 04:40:32.916342   567 skeleton_planner.h:170] Found solution in: 3
I20260909 04:40:32.916354   567 skeleton_planner.h:170] Found solution in: 4
I20260909 04:40:32.916366   567 skeleton_planner.h:170] Found solution in: 3
I20260909 04:40:32.916388   567 skeleton_planner.h:170] Found solution in: 6
I20260909 04:40:32.916399   567 skeleton_planner.h:170] Found solution in: 3
I20260909 04:40:32.916426   567 skeleton_planner.h:170] Found solution in: 12
I20260909 04:40:32.916448   567 skeleton_planner.h:170] Found solution in: 6
I20260909 04:40:32.916466   567 skeleton_planner.h:170] Found solution in: 7
I20260909 04:40:32.916492   567 skeleton_planner.h:170] Found solution in: 9
I20260909 04:40:32.916515   567 skeleton_planner.h:170] Found solution in: 7
I20260909 04:40:32.916529   567 skeleton_planner.h:170] Found solution in: 4
I20260909 04:40:32.916553   567 skeleton_planner.h:170] Found solution in: 8
I20260909 04:40:32.916567   567 skeleton_planner.h:170] Found solution in: 4
I20260909 04:40:32.916579   567 skeleton_planner.h:170] Found solution in: 3
I20260909 04:40:32.916603   567 skeleton_planner.h:170] Found solution in: 9
I20260909 04:40:32.916626   567 skeleton_planner.h:170] Found solution in: 6
I20260909 04:40:32.916646   567 skeleton_planner.h:170] Found solution in: 5
I20260909 04:40:32.916661   567 skeleton_planner.h:170] Found solution in: 5
I20260909 04:40:32.916682   567 skeleton_planner.h:170] Found solution in: 7
I20260909 04:40:32.916707   567 skeleton_planner.h:170] Found solution in: 9
I20260909 04:40:32.916723   567 skeleton_planner.h:170] Found solution in: 5
I20260909 04:40:32.916747   567 skeleton_planner.h:170] Found solution in: 7
I20260909 04:40:32.916769   567 skeleton_planner.h:170] Found solution in: 6
I20260909 04:40:32.916781   567 skeleton_planner.h:170] Found solution in: 3
I20260909 04:40:32.916793   567 skeleton_planner.h:170] Found solution in: 4
I20260909 04:40:32.916810   567 skeleton_planner.h:170] Found solution in: 5
I20260909 04:40:32.916821   567 skeleton_planner.h:170] Found solution in: 4
I20260909 04:40:32.916827   567 skeleton_planner.h:170] Found solution in: 2
I20260909 04:40:32.916831   567 skeleton_planner.h:170] Found solution in: 1
I20260909 04:40:32.916838   567 skeleton_planner.h:170] Found solution in: 2
I20260909 04:40:32.916849   567 skeleton_planner.h:170] Found solution in: 4
I20260909 04:40:32.916862   567 skeleton_planner.h:170] Found solution in: 4
I20260909 04:40:32.916874   567 skeleton_planner.h:170] Found solution in: 4
I20260909 04:40:32.916888   567 skeleton_planner.h:170] Found solution in: 5
I20260909 04:40:32.916901   567 skeleton_planner.h:170] Found solution in: 4
I20260909 04:40:32.916915   567 skeleton_planner.h:170] Found solution in: 5
I20260909 04:40:32.916929   567 skeleton_planner.h:170] Found solution in: 4
I20260909 04:40:32.916942   567 skeleton_planner.h:170] Found solution in: 5
I20260909 04:40:32.916947   567 skeleton_planner.h:170] Found solution in: 1
I20260909 04:40:32.916970   567 skeleton_planner.h:170] Found solution in: 8
I20260909 04:40:32.916982   567 skeleton_planner.h:170] Found solution in: 3
I20260909 04:40:32.917025   567 skeleton_planner.h:170] Found solution in: 13
I20260909 04:40:32.917049   567 skeleton_planner.h:170] Found solution in: 5
I20260909 04:40:32.917068   567 skeleton_planner.h:170] Found solution in: 6
I20260909 04:40:32.917092   567 skeleton_planner.h:170] Found solution in: 7
I20260909 04:40:32.917104   567 skeleton_planner.h:170] Found solution in: 3
I20260909 04:40:32.917126   567 skeleton_planner.h:170] Found solution in: 6
I20260909 04:40:32.917135   567 skeleton_planner.h:170] Found solution in: 2
I20260909 04:40:32.917138   567 skeleton_planner.h:170] Found solution in: 1
I20260909 04:40:32.917147   567 skeleton_planner.h:170] Found solution in: 3
I20260909 04:40:32.917161   567 skeleton_planner.h:170] Found solution in: 4
I20260909 04:40:32.917181   567 skeleton_planner.h:170] Found solution in: 6
I20260909 04:40:32.917199   567 skeleton_planner.h:170] Found solution in: 6
I20260909 04:40:32.917210   567 skeleton_planner.h:170] Found solution in: 3
I20260909 04:40:32.917222   567 skeleton_planner.h:170] Found solution in: 4
I20260909 04:40:32.917233   567 skeleton_planner.h:170] Found solution in: 4
I20260909 04:40:32.917256   567 skeleton_planner.h:170] Found solution in: 7
I20260909 04:40:32.917277   567 skeleton_planner.h:170] Found solution in: 6
I20260909 04:40:32.917290   567 skeleton_planner.h:170] Found solution in: 4
I20260909 04:40:32.917315   567 skeleton_planner.h:170] Found solution in: 7
I20260909 04:40:32.917321   567 skeleton_planner.h:170] Found solution in: 1
I20260909 04:40:32.917325   567 skeleton_planner.h:170] Found solution in: 1
I20260909 04:40:32.917335   567 skeleton_planner.h:170] Found solution in: 3
I20260909 04:40:32.917353   567 skeleton_planner.h:170] Found solution in: 5
I20260909 04:40:32.917364   567 skeleton_planner.h:170] Found solution in: 3
I20260909 04:40:32.917371   567 skeleton_planner.h:170] Found solution in: 2
I20260909 04:40:32.917387   567 skeleton_planner.h:170] Found solution in: 5
I20260909 04:40:32.917397   567 skeleton_planner.h:170] Found solution in: 2
I20260909 04:40:32.917400   567 skeleton_planner.h:170] Found solution in: 1
I20260909 04:40:32.917410   567 skeleton_planner.h:170] Found solution in: 4
I20260909 04:40:32.917420   567 skeleton_planner.h:170] Found solution in: 3
I20260909 04:40:32.917438   567 skeleton_planner.h:170] Found solution in: 6
I20260909 04:40:32.917454   567 skeleton_planner.h:170] Found solution in: 6
I20260909 04:40:32.917476   567 skeleton_planner.h:170] Found solution in: 10
I20260909 04:40:32.917486   567 skeleton_planner.h:170] Found solution in: 3
I20260909 04:40:32.917498   567 skeleton_planner.h:170] Found solution in: 4
I20260909 04:40:32.917510   567 skeleton_planner.h:170] Found solution in: 4
I20260909 04:40:32.917519   567 skeleton_planner.h:170] Found solution in: 3
I20260909 04:40:32.917539   567 skeleton_planner.h:170] Found solution in: 7
I20260909 04:40:32.917559   567 skeleton_planner.h:170] Found solution in: 7
I20260909 04:40:32.917636   567 skeleton_planner.h:170] Found solution in: 32
I20260909 04:40:32.917667   567 skeleton_planner.h:170] Found solution in: 8
I20260909 04:40:32.917680   567 skeleton_planner.h:170] Found solution in: 4
I20260909 04:40:32.917711   567 skeleton_planner.h:170] Found solution in: 11
I20260909 04:40:32.917754   567 skeleton_planner.h:170] Found solution in: 19
I20260909 04:40:32.917783   567 skeleton_planner.h:170] Found solution in: 10
I20260909 04:40:32.917796   567 skeleton_planner.h:170] Found solution in: 5
I20260909 04:40:32.917807   567 skeleton_planner.h:170] Found solution in: 4
I20260909 04:40:32.917819   567 skeleton_planner.h:170] Found solution in: 5
I20260909 04:40:32.917836   567 skeleton_planner.h:170] Found solution in: 6
I20260909 04:40:32.917841   567 skeleton_planner.h:170] Found solution in: 1
I20260909 04:40:32.917845   567 skeleton_planner.h:170] Found solution in: 1
I20260909 04:40:32.917853   567 skeleton_planner.h:170] Found solution in: 3
I20260909 04:40:32.917872   567 skeleton_planner.h:170] Found solution in: 7
I20260909 04:40:32.917898   567 skeleton_planner.h:170] Found solution in: 9
I20260909 04:40:32.917909   567 skeleton_planner.h:170] Found solution in: 3
I20260909 04:40:32.917935   567 skeleton_planner.h:170] Found solution in: 9
I20260909 04:40:32.917958   567 skeleton_planner.h:170] Found solution in: 7
I20260909 04:40:32.917976   567 skeleton_planner.h:170] Found solution in: 5
I20260909 04:40:32.917982   567 skeleton_planner.h:170] Found solution in: 1
I20260909 04:40:32.917985   567 skeleton_planner.h:170] Found solution in: 1
I20260909 04:40:32.917991   567 skeleton_planner.h:170] Found solution in: 2
I20260909 04:40:32.917999   567 skeleton_planner.h:170] Found solution in: 2
I20260909 04:40:32.918013   567 skeleton_planner.h:170] Found solution in: 5
I20260909 04:40:32.918021   567 skeleton_planner.h:170] Found solution in: 2
I20260909 04:40:32.918035   567 skeleton_planner.h:170] Found solution in: 4
I20260909 04:40:32.918056   567 skeleton_planner.h:170] Found solution in: 6
I20260909 04:40:32.918080   567 skeleton_planner.h:170] Found solution in: 7
I20260909 04:40:32.918093   567 skeleton_planner.h:170] Found solution in: 3
I20260909 04:40:32.918104   567 skeleton_planner.h:170] Found solution in: 3
I20260909 04:40:32.918128   567 skeleton_planner.h:170] Found solution in: 8
I20260909 04:40:32.918200   567 skeleton_planner.h:170] Found solution in: 26
I20260909 04:40:32.918237   567 skeleton_planner.h:170] Found solution in: 10
I20260909 04:40:32.918249   567 skeleton_planner.h:170] Found solution in: 3
I20260909 04:40:32.918267   567 skeleton_planner.h:170] Found solution in: 5
I20260909 04:40:32.918284   567 skeleton_planner.h:170] Found solution in: 5
I20260909 04:40:32.918313   567 skeleton_planner.h:170] Found solution in: 9
I20260909 04:40:32.918326   567 skeleton_planner.h:170] Found solution in: 3
I20260909 04:40:32.918342   567 skeleton_planner.h:170] Found solution in: 4
I20260909 04:40:32.918352   567 skeleton_planner.h:170] Found solution in: 3
I20260909 04:40:32.918363   567 skeleton_planner.h:170] Found solution in: 3
I20260909 04:40:32.918378   567 skeleton_planner.h:170] Found solution in: 4
I20260909 04:40:32.918383   567 skeleton_planner.h:170] Found solution in: 1
I20260909 04:40:32.918397   567 skeleton_planner.h:170] Found solution in: 4
I20260909 04:40:32.918408   567 skeleton_planner.h:170] Found solution in: 3
I20260909 04:40:32.918428   567 skeleton_planner.h:170] Found solution in: 6
I20260909 04:40:32.918443   567 skeleton_planner.h:170] Found solution in: 4
I20260909 04:40:32.918466   567 skeleton_planner.h:170] Found solution in: 6
I20260909 04:40:32.918488   567 skeleton_planner.h:170] Found solution in: 7
I20260909 04:40:32.918500   567 skeleton_planner.h:170] Found solution in: 4
I20260909 04:40:32.918541   567 skeleton_planner.h:170] Found solution in: 13
I20260909 04:40:32.918558   567 skeleton_planner.h:170] Found solution in: 4
I20260909 04:40:32.918569   567 skeleton_planner.h:170] Found solution in: 4
I20260909 04:40:32.918582   567 skeleton_planner.h:170] Found solution in: 4
I20260909 04:40:32.918596   567 skeleton_planner.h:170] Found solution in: 6
I20260909 04:40:32.918623   567 skeleton_planner.h:170] Found solution in: 11
I20260909 04:40:32.918646   567 skeleton_planner.h:170] Found solution in: 12
I20260909 04:40:32.918666   567 skeleton_planner.h:170] Found solution in: 6
I20260909 04:40:32.918680   567 skeleton_planner.h:170] Found solution in: 4
I20260909 04:40:32.918699   567 skeleton_planner.h:170] Found solution in: 5
I20260909 04:40:32.918736   567 skeleton_planner.h:170] Found solution in: 11
I20260909 04:40:32.918766   567 skeleton_planner.h:170] Found solution in: 8
I20260909 04:40:32.918782   567 skeleton_planner.h:170] Found solution in: 4
I20260909 04:40:32.918816   567 skeleton_planner.h:170] Found solution in: 10
I20260909 04:40:32.918829   567 skeleton_planner.h:170] Found solution in: 3
I20260909 04:40:32.918851   567 skeleton_planner.h:170] Found solution in: 5
I20260909 04:40:32.918880   567 skeleton_planner.h:170] Found solution in: 11
I20260909 04:40:32.918895   567 skeleton_planner.h:170] Found solution in: 4
I20260909 04:40:32.918936   567 skeleton_planner.h:170] Found solution in: 14
I20260909 04:40:32.918962   567 skeleton_planner.h:170] Found solution in: 5
I20260909 04:40:32.918975   567 skeleton_planner.h:170] Found solution in: 4
I20260909 04:40:32.918983   567 skeleton_planner.h:170] Found solution in: 2
I20260909 04:40:32.918999   567 skeleton_planner.h:170] Found solution in: 4
I20260909 04:40:32.919014   567 skeleton_planner.h:170] Found solution in: 4
I20260909 04:40:32.919031   567 skeleton_planner.h:170] Found solution in: 5
I20260909 04:40:32.919036   567 skeleton_planner.h:170] Found solution in: 1
I20260909 04:40:32.919045   567 skeleton_planner.h:170] Found solution in: 3
I20260909 04:40:32.919055   567 skeleton_planner.h:170] Found solution in: 3
I20260909 04:40:32.919066   567 skeleton_planner.h:170] Found solution in: 3
I20260909 04:40:32.919076   567 skeleton_planner.h:170] Found solution in: 3
I20260909 04:40:32.919092   567 skeleton_planner.h:170] Found solution in: 5
I20260909 04:40:32.919106   567 skeleton_planner.h:170] Found solution in: 4
I20260909 04:40:32.919121   567 skeleton_planner.h:170] Found solution in: 4
I20260909 04:40:32.919133   567 skeleton_planner.h:170] Found solution in: 4
I20260909 04:40:32.919147   567 skeleton_planner.h:170] Found solution in: 4
I20260909 04:40:32.919152   567 skeleton_planner.h:170] Found solution in: 1
I20260909 04:40:32.919162   567 skeleton_planner.h:170] Found solution in: 4
I20260909 04:40:32.919184   567 skeleton_planner.h:170] Found solution in: 7
I20260909 04:40:32.919205   567 skeleton_planner.h:170] Found solution in: 6
I20260909 04:40:32.919217   567 skeleton_planner.h:170] Found solution in: 4
I20260909 04:40:32.919229   567 skeleton_planner.h:170] Found solution in: 3
I20260909 04:40:32.919240   567 skeleton_planner.h:170] Found solution in: 4
I20260909 04:40:32.919255   567 skeleton_planner.h:170] Found solution in: 4
I20260909 04:40:32.919273   567 skeleton_planner.h:170] Found solution in: 7
I20260909 04:40:32.919286   567 skeleton_planner.h:170] Found solution in: 5
I20260909 04:40:32.919297   567 skeleton_planner.h:170] Found solution in: 3
I20260909 04:40:32.919307   567 skeleton_planner.h:170] Found solution in: 3
I20260909 04:40:32.919327   567 skeleton_planner.h:170] Found solution in: 7
I20260909 04:40:32.919339   567 skeleton_planner.h:170] Found solution in: 4
I20260909 04:40:32.919358   567 skeleton_planner.h:170] Found solution in: 6
I20260909 04:40:32.919368   567 skeleton_planner.h:170] Found solution in: 3
I20260909 04:40:32.919415   567 skeleton_planner.h:170] Found solution in: 16
I20260909 04:40:32.919431   567 skeleton_planner.h:170] Found solution in: 4
I20260909 04:40:32.919445   567 skeleton_planner.h:170] Found solution in: 4
I20260909 04:40:32.919469   567 skeleton_planner.h:170] Found solution in: 6
I20260909 04:40:32.919488   567 skeleton_planner.h:170] Found solution in: 5
I20260909 04:40:32.919512   567 skeleton_planner.h:170] Found solution in: 7
I20260909 04:40:32.919528   567 skeleton_planner.h:170] Found solution in: 5
I20260909 04:40:32.919546   567 skeleton_planner.h:170] Found solution in: 5
I20260909 04:40:32.919562   567 skeleton_planner.h:170] Found solution in: 5
I20260909 04:40:32.919592   567 skeleton_planner.h:170] Found solution in: 9
I20260909 04:40:32.919605   567 skeleton_planner.h:170] Found solution in: 3
I20260909 04:40:32.919633   567 skeleton_planner.h:170] Found solution in: 9
I20260909 04:40:32.919648   567 skeleton_planner.h:170] Found solution in: 5
I20260909 04:40:32.919673   567 skeleton_planner.h:170] Found solution in: 9
I20260909 04:40:32.919699   567 skeleton_planner.h:170] Found solution in: 8
I20260909 04:40:32.919710   567 skeleton_planner.h:170] Found solution in: 3
I20260909 04:40:32.919739   567 skeleton_planner.h:170] Found solution in: 11
I20260909 04:40:32.919754   567 skeleton_planner.h:170] Found solution in: 4
I20260909 04:40:32.919759   567 skeleton_planner.h:170] Found solution in: 1
I20260909 04:40:32.919761   567 skeleton_planner.h:170] Found solution in: 1
I20260909 04:40:32.919770   567 skeleton_planner.h:170] Found solution in: 3
I20260909 04:40:32.919781   567 skeleton_planner.h:170] Found solution in: 3
I20260909 04:40:32.919809   567 skeleton_planner.h:170] Found solution in: 10
I20260909 04:40:32.919834   567 skeleton_planner.h:170] Found solution in: 7
I20260909 04:40:32.919862   567 skeleton_planner.h:170] Found solution in: 9
I20260909 04:40:32.919884   567 skeleton_planner.h:170] Found solution in: 7
I20260909 04:40:32.919909   567 skeleton_planner.h:170] Found solution in: 9
I20260909 04:40:32.919921   567 skeleton_planner.h:170] Found solution in: 3
I20260909 04:40:32.919942   567 skeleton_planner.h:170] Found solution in: 7
I20260909 04:40:32.919958   567 skeleton_planner.h:170] Found solution in: 4
I20260909 04:40:32.919970   567 skeleton_planner.h:170] Found solution in: 4
I20260909 04:40:32.919986   567 skeleton_planner.h:170] Found solution in: 4
I20260909 04:40:32.919998   567 skeleton_planner.h:170] Found solution in: 5
I20260909 04:40:32.920018   567 skeleton_planner.h:170] Found solution in: 6
I20260909 04:40:32.920046   567 skeleton_planner.h:170] Found solution in: 9
I20260909 04:40:32.920073   567 skeleton_planner.h:170] Found solution in: 8
I20260909 04:40:32.920091   567 skeleton_planner.h:170] Found solution in: 5
I20260909 04:40:32.920111   567 skeleton_planner.h:170] Found solution in: 7
I20260909 04:40:32.920135   567 skeleton_planner.h:170] Found solution in: 7
I20260909 04:40:32.920145   567 skeleton_planner.h:170] Found solution in: 3
I20260909 04:40:32.920159   567 skeleton_planner.h:170] Found solution in: 5
I20260909 04:40:32.920186   567 skeleton_planner.h:170] Found solution in: 11
I20260909 04:40:32.920218   567 skeleton_planner.h:170] Found solution in: 11
I20260909 04:40:32.920234   567 skeleton_planner.h:170] Found solution in: 6
I20260909 04:40:32.920239   567 skeleton_planner.h:170] Found solution in: 1
I20260909 04:40:32.920270   567 skeleton_planner.h:170] Found solution in: 10
I20260909 04:40:32.920305   567 skeleton_planner.h:170] Found solution in: 11
I20260909 04:40:32.920312   567 skeleton_planner.h:170] Found solution in: 1
I20260909 04:40:32.920320   567 skeleton_planner.h:170] Found solution in: 2
I20260909 04:40:32.920342   567 skeleton_planner.h:170] Found solution in: 8
I20260909 04:40:32.920368   567 skeleton_planner.h:170] Found solution in: 10
I20260909 04:40:32.920411   567 skeleton_planner.h:170] Found solution in: 13
I20260909 04:40:32.920444   567 skeleton_planner.h:170] Found solution in: 8
I20260909 04:40:32.920467   567 skeleton_planner.h:170] Found solution in: 6
I20260909 04:40:32.920514   567 skeleton_planner.h:170] Found solution in: 14
I20260909 04:40:32.920531   567 skeleton_planner.h:170] Found solution in: 3
I20260909 04:40:32.920542   567 skeleton_planner.h:170] Found solution in: 3
I20260909 04:40:32.920553   567 skeleton_planner.h:170] Found solution in: 3
I20260909 04:40:32.920563   567 skeleton_planner.h:170] Found solution in: 3
I20260909 04:40:32.920571   567 skeleton_planner.h:170] Found solution in: 2
I20260909 04:40:32.920598   567 skeleton_planner.h:170] Found solution in: 6
I20260909 04:40:32.920607   567 skeleton_planner.h:170] Found solution in: 2
I20260909 04:40:32.920614   567 skeleton_planner.h:170] Found solution in: 2
I20260909 04:40:32.920625   567 skeleton_planner.h:170] Found solution in: 3
I20260909 04:40:32.920636   567 skeleton_planner.h:170] Found solution in: 3
I20260909 04:40:32.920648   567 skeleton_planner.h:170] Found solution in: 4
I20260909 04:40:32.920660   567 skeleton_planner.h:170] Found solution in: 3
I20260909 04:40:32.920667   567 skeleton_planner.h:170] Found solution in: 2
I20260909 04:40:32.920683   567 skeleton_planner.h:170] Found solution in: 4
I20260909 04:40:32.920742   567 skeleton_planner.h:170] Found solution in: 18
I20260909 04:40:32.920768   567 skeleton_planner.h:170] Found solution in: 4
I20260909 04:40:32.920780   567 skeleton_planner.h:170] Found solution in: 4
I20260909 04:40:32.920836   567 skeleton_planner.h:170] Found solution in: 22
I20260909 04:40:32.920851   567 skeleton_planner.h:170] Found solution in: 3
I20260909 04:40:32.920864   567 skeleton_planner.h:170] Found solution in: 4
I20260909 04:40:32.920876   567 skeleton_planner.h:170] Found solution in: 3
I20260909 04:40:32.920918   567 skeleton_planner.h:170] Found solution in: 9
I20260909 04:40:32.920943   567 skeleton_planner.h:170] Found solution in: 5
I20260909 04:40:32.920965   567 skeleton_planner.h:170] Found solution in: 5
I20260909 04:40:32.920987   567 skeleton_planner.h:170] Found solution in: 5
I20260909 04:40:32.921005   567 skeleton_planner.h:170] Found solution in: 4
I20260909 04:40:32.921020   567 skeleton_planner.h:170] Found solution in: 3
I20260909 04:40:32.921051   567 skeleton_planner.h:170] Found solution in: 9
I20260909 04:40:32.921080   567 skeleton_planner.h:170] Found solution in: 8
I20260909 04:40:32.921095   567 skeleton_planner.h:170] Found solution in: 3
I20260909 04:40:32.921124   567 skeleton_planner.h:170] Found solution in: 8
I20260909 04:40:32.921180   567 skeleton_planner.h:170] Found solution in: 13
I20260909 04:40:32.921240   567 skeleton_planner.h:170] Found solution in: 14
I20260909 04:40:32.921299   567 skeleton_planner.h:170] Found solution in: 16
I20260909 04:40:32.921347   567 skeleton_planner.h:170] Found solution in: 11
I20260909 04:40:32.921384   567 skeleton_planner.h:170] Found solution in: 11
I20260909 04:40:32.921404   567 skeleton_planner.h:170] Found solution in: 5
I20260909 04:40:32.921415   567 skeleton_planner.h:170] Found solution in: 2
I20260909 04:40:32.921429   567 skeleton_planner.h:170] Found solution in: 3
I20260909 04:40:32.921439   567 skeleton_planner.h:170] Found solution in: 2
I20260909 04:40:32.921470   567 skeleton_planner.h:170] Found solution in: 8
I20260909 04:40:32.921489   567 skeleton_planner.h:170] Found solution in: 4
I20260909 04:40:32.921530   567 skeleton_planner.h:170] Found solution in: 9
I20260909 04:40:32.921550   567 skeleton_planner.h:170] Found solution in: 5
I20260909 04:40:32.921583   567 skeleton_planner.h:170] Found solution in: 10
I20260909 04:40:32.921602   567 skeleton_planner.h:170] Found solution in: 4
I20260909 04:40:32.921627   567 skeleton_planner.h:170] Found solution in: 6
I20260909 04:40:32.921643   567 skeleton_planner.h:170] Found solution in: 3
I20260909 04:40:32.921657   567 skeleton_planner.h:170] Found solution in: 4
I20260909 04:40:32.921695   567 skeleton_planner.h:170] Found solution in: 12
I20260909 04:40:32.921717   567 skeleton_planner.h:170] Found solution in: 6
I20260909 04:40:32.921743   567 skeleton_planner.h:170] Found solution in: 6
I20260909 04:40:32.921820   567 skeleton_planner.h:170] Found solution in: 22
I20260909 04:40:32.921855   567 skeleton_planner.h:170] Found solution in: 6
I20260909 04:40:32.921887   567 skeleton_planner.h:170] Found solution in: 10
I20260909 04:40:32.921911   567 skeleton_planner.h:170] Found solution in: 5
I20260909 04:40:32.921926   567 skeleton_planner.h:170] Found solution in: 3
I20260909 04:40:32.921952   567 skeleton_planner.h:170] Found solution in: 7
I20260909 04:40:32.921978   567 skeleton_planner.h:170] Found solution in: 8
I20260909 04:40:32.921993   567 skeleton_planner.h:170] Found solution in: 3
I20260909 04:40:32.922015   567 skeleton_planner.h:170] Found solution in: 6
I20260909 04:40:32.922032   567 skeleton_planner.h:170] Found solution in: 4
I20260909 04:40:32.922049   567 skeleton_planner.h:170] Found solution in: 4
I20260909 04:40:32.922067   567 skeleton_planner.h:170] Found solution in: 5
I20260909 04:40:32.922091   567 skeleton_planner.h:170] Found solution in: 6
I20260909 04:40:32.922112   567 skeleton_planner.h:170] Found solution in: 5
I20260909 04:40:32.922137   567 skeleton_planner.h:170] Found solution in: 6
I20260909 04:40:32.922158   567 skeleton_planner.h:170] Found solution in: 5
I20260909 04:40:32.922176   567 skeleton_planner.h:170] Found solution in: 5
I20260909 04:40:32.922183   567 skeleton_planner.h:170] Found solution in: 1
I20260909 04:40:32.922205   567 skeleton_planner.h:170] Found solution in: 7
I20260909 04:40:32.922230   567 skeleton_planner.h:170] Found solution in: 7
I20260909 04:40:32.922286   567 skeleton_planner.h:170] Found solution in: 16
I20260909 04:40:32.922303   567 skeleton_planner.h:170] Found solution in: 3
I20260909 04:40:32.922317   567 skeleton_planner.h:170] Found solution in: 2
I20260909 04:40:32.922344   567 skeleton_planner.h:170] Found solution in: 5
I20260909 04:40:32.922360   567 skeleton_planner.h:170] Found solution in: 3
I20260909 04:40:32.922386   567 skeleton_planner.h:170] Found solution in: 9
I20260909 04:40:32.922452   567 skeleton_planner.h:170] Found solution in: 22
I20260909 04:40:32.922484   567 skeleton_planner.h:170] Found solution in: 6
I20260909 04:40:32.922503   567 skeleton_planner.h:170] Found solution in: 4
I20260909 04:40:32.922518   567 skeleton_planner.h:170] Found solution in: 3
I20260909 04:40:32.922546   567 skeleton_planner.h:170] Found solution in: 8
I20260909 04:40:32.922576   567 skeleton_planner.h:170] Found solution in: 7
I20260909 04:40:32.922598   567 skeleton_planner.h:170] Found solution in: 5
I20260909 04:40:32.922621   567 skeleton_planner.h:170] Found solution in: 5
I20260909 04:40:32.922650   567 skeleton_planner.h:170] Found solution in: 8
I20260909 04:40:32.922683   567 skeleton_planner.h:170] Found solution in: 9
I20260909 04:40:32.922694   567 skeleton_planner.h:170] Found solution in: 2
I20260909 04:40:32.922717   567 skeleton_planner.h:170] Found solution in: 6
I20260909 04:40:32.922747   567 skeleton_planner.h:170] Found solution in: 8
I20260909 04:40:32.922765   567 skeleton_planner.h:170] Found solution in: 4
I20260909 04:40:32.922782   567 skeleton_planner.h:170] Found solution in: 4
I20260909 04:40:32.922797   567 skeleton_planner.h:170] Found solution in: 3
I20260909 04:40:32.922807   567 skeleton_planner.h:170] Found solution in: 2
I20260909 04:40:32.922821   567 skeleton_planner.h:170] Found solution in: 3
I20260909 04:40:32.922850   567 skeleton_planner.h:170] Found solution in: 8
I20260909 04:40:32.922876   567 skeleton_planner.h:170] Found solution in: 5
I20260909 04:40:32.922895   567 skeleton_planner.h:170] Found solution in: 4
I20260909 04:40:32.922924   567 skeleton_planner.h:170] Found solution in: 7
I20260909 04:40:32.922942   567 skeleton_planner.h:170] Found solution in: 4
I20260909 04:40:32.922959   567 skeleton_planner.h:170] Found solution in: 4
I20260909 04:40:32.922979   567 skeleton_planner.h:170] Found solution in: 4
I20260909 04:40:32.923007   567 skeleton_planner.h:170] Found solution in: 7
I20260909 04:40:32.923035   567 skeleton_planner.h:170] Found solution in: 7
I20260909 04:40:32.923050   567 skeleton_planner.h:170] Found solution in: 3
I20260909 04:40:32.923141   567 skeleton_planner.h:170] Found solution in: 23
I20260909 04:40:32.923180   567 skeleton_planner.h:170] Found solution in: 6
I20260909 04:40:32.923204   567 skeleton_planner.h:170] Found solution in: 5
I20260909 04:40:32.923233   567 skeleton_planner.h:170] Found solution in: 7
I20260909 04:40:32.923250   567 skeleton_planner.h:170] Found solution in: 3
I20260909 04:40:32.923265   567 skeleton_planner.h:170] Found solution in: 4
I20260909 04:40:32.923282   567 skeleton_planner.h:170] Found solution in: 4
I20260909 04:40:32.923300   567 skeleton_planner.h:170] Found solution in: 5
I20260909 04:40:32.923328   567 skeleton_planner.h:170] Found solution in: 5
I20260909 04:40:32.923343   567 skeleton_planner.h:170] Found solution in: 3
I20260909 04:40:32.923357   567 skeleton_planner.h:170] Found solution in: 3
I20260909 04:40:32.923372   567 skeleton_planner.h:170] Found solution in: 3
I20260909 04:40:32.923395   567 skeleton_planner.h:170] Found solution in: 5
I20260909 04:40:32.923415   567 skeleton_planner.h:170] Found solution in: 6
I20260909 04:40:32.923440   567 skeleton_planner.h:170] Found solution in: 8
I20260909 04:40:32.923475   567 skeleton_planner.h:170] Found solution in: 11
I20260909 04:40:32.923501   567 skeleton_planner.h:170] Found solution in: 6
I20260909 04:40:32.923528   567 skeleton_planner.h:170] Found solution in: 7
I20260909 04:40:32.923556   567 skeleton_planner.h:170] Found solution in: 7
I20260909 04:40:32.923583   567 skeleton_planner.h:170] Found solution in: 6
I20260909 04:40:32.923602   567 skeleton_planner.h:170] Found solution in: 4
I20260909 04:40:32.923631   567 skeleton_planner.h:170] Found solution in: 9
I20260909 04:40:32.923671   567 skeleton_planner.h:170] Found solution in: 10
I20260909 04:40:32.923695   567 skeleton_planner.h:170] Found solution in: 5
I20260909 04:40:32.923763   567 skeleton_planner.h:170] Found solution in: 22
I20260909 04:40:32.923868   567 skeleton_planner.h:170] Found solution in: 24
I20260909 04:40:32.923907   567 skeleton_planner.h:170] Found solution in: 6
I20260909 04:40:32.923933   567 skeleton_planner.h:170] Found solution in: 8
I20260909 04:40:32.923952   567 skeleton_planner.h:170] Found solution in: 5
I20260909 04:40:32.923974   567 skeleton_planner.h:170] Found solution in: 6
I20260909 04:40:32.923990   567 skeleton_planner.h:170] Found solution in: 3
I20260909 04:40:32.924012   567 skeleton_planner.h:170] Found solution in: 6
I20260909 04:40:32.924031   567 skeleton_planner.h:170] Found solution in: 5
I20260909 04:40:32.924050   567 skeleton_planner.h:170] Found solution in: 4
I20260909 04:40:32.924075   567 skeleton_planner.h:170] Found solution in: 6
I20260909 04:40:32.924091   567 skeleton_planner.h:170] Found solution in: 3
I20260909 04:40:32.924122   567 skeleton_planner.h:170] Found solution in: 8
I20260909 04:40:32.924150   567 skeleton_planner.h:170] Found solution in: 9
I20260909 04:40:32.924209   567 skeleton_planner.h:170] Found solution in: 25
I20260909 04:40:32.924233   567 skeleton_planner.h:170] Found solution in: 7
I20260909 04:40:32.924252   567 skeleton_planner.h:170] Found solution in: 4
I20260909 04:40:32.924283   567 skeleton_planner.h:170] Found solution in: 9
I20260909 04:40:32.924314   567 skeleton_planner.h:170] Found solution in: 7
I20260909 04:40:32.924428   567 skeleton_planner.h:170] Found solution in: 52
I20260909 04:40:32.924549   567 skeleton_planner.h:170] Found solution in: 45
I20260909 04:40:32.924582   567 skeleton_planner.h:170] Found solution in: 6
I20260909 04:40:32.924608   567 skeleton_planner.h:170] Found solution in: 7
I20260909 04:40:32.924633   567 skeleton_planner.h:170] Found solution in: 6
I20260909 04:40:32.924664   567 skeleton_planner.h:170] Found solution in: 12
I20260909 04:40:32.924681   567 skeleton_planner.h:170] Found solution in: 5
I20260909 04:40:32.924697   567 skeleton_planner.h:170] Found solution in: 4
I20260909 04:40:32.924724   567 skeleton_planner.h:170] Found solution in: 8
I20260909 04:40:32.924798   567 skeleton_planner.h:170] Found solution in: 30
I20260909 04:40:32.924840   567 skeleton_planner.h:170] Found solution in: 12
I20260909 04:40:32.924868   567 skeleton_planner.h:170] Found solution in: 8
I20260909 04:40:32.924943   567 skeleton_planner.h:170] Found solution in: 31
I20260909 04:40:32.924974   567 skeleton_planner.h:170] Found solution in: 4
I20260909 04:40:32.924997   567 skeleton_planner.h:170] Found solution in: 5
I20260909 04:40:32.925026   567 skeleton_planner.h:170] Found solution in: 9
I20260909 04:40:32.925050   567 skeleton_planner.h:170] Found solution in: 7
I20260909 04:40:32.925081   567 skeleton_planner.h:170] Found solution in: 12
I20260909 04:40:32.925118   567 skeleton_planner.h:170] Found solution in: 13
I20260909 04:40:32.925137   567 skeleton_planner.h:170] Found solution in: 4
I20260909 04:40:32.925153   567 skeleton_planner.h:170] Found solution in: 3
I20260909 04:40:32.925168   567 skeleton_planner.h:170] Found solution in: 4
I20260909 04:40:32.925172   567 skeleton_planner.h:170] Found solution in: 1
I20260909 04:40:32.925177   567 skeleton_planner.h:170] Found solution in: 1
I20260909 04:40:32.925213   567 skeleton_planner.h:170] Found solution in: 11
I20260909 04:40:32.925292   567 skeleton_planner.h:170] Found solution in: 21
I20260909 04:40:32.925356   567 skeleton_planner.h:170] Found solution in: 12
I20260909 04:40:32.925388   567 skeleton_planner.h:170] Found solution in: 5
I20260909 04:40:32.925406   567 skeleton_planner.h:170] Found solution in: 4
I20260909 04:40:32.925426   567 skeleton_planner.h:170] Found solution in: 5
I20260909 04:40:32.925441   567 skeleton_planner.h:170] Found solution in: 3
I20260909 04:40:32.925457   567 skeleton_planner.h:170] Found solution in: 3
I20260909 04:40:32.925475   567 skeleton_planner.h:170] Found solution in: 5
I20260909 04:40:32.925490   567 skeleton_planner.h:170] Found solution in: 3
I20260909 04:40:32.925505   567 skeleton_planner.h:170] Found solution in: 3
I20260909 04:40:32.925530   567 skeleton_planner.h:170] Found solution in: 7
I20260909 04:40:32.925558   567 skeleton_planner.h:170] Found solution in: 8
I20260909 04:40:32.925582   567 skeleton_planner.h:170] Found solution in: 5
I20260909 04:40:32.925602   567 skeleton_planner.h:170] Found solution in: 5
I20260909 04:40:32.925619   567 skeleton_planner.h:170] Found solution in: 4
I20260909 04:40:32.925638   567 skeleton_planner.h:170] Found solution in: 4
I20260909 04:40:32.925653   567 skeleton_planner.h:170] Found solution in: 3
I20260909 04:40:32.925673   567 skeleton_planner.h:170] Found solution in: 6
I20260909 04:40:32.925697   567 skeleton_planner.h:170] Found solution in: 8
I20260909 04:40:32.925735   567 skeleton_planner.h:170] Found solution in: 11
I20260909 04:40:32.925753   567 skeleton_planner.h:170] Found solution in: 4
I20260909 04:40:32.925779   567 skeleton_planner.h:170] Found solution in: 5
I20260909 04:40:32.925801   567 skeleton_planner.h:170] Found solution in: 5
I20260909 04:40:32.925825   567 skeleton_planner.h:170] Found solution in: 6
I20260909 04:40:32.925841   567 skeleton_planner.h:170] Found solution in: 3
I20260909 04:40:32.925855   567 skeleton_planner.h:170] Found solution in: 3
I20260909 04:40:32.925873   567 skeleton_planner.h:170] Found solution in: 5
I20260909 04:40:32.925902   567 skeleton_planner.h:170] Found solution in: 9
I20260909 04:40:32.925928   567 skeleton_planner.h:170] Found solution in: 6
I20260909 04:40:32.925957   567 skeleton_planner.h:170] Found solution in: 8
I20260909 04:40:32.925981   567 skeleton_planner.h:170] Found solution in: 4
I20260909 04:40:32.926007   567 skeleton_planner.h:170] Found solution in: 6
I20260909 04:40:32.926026   567 skeleton_planner.h:170] Found solution in: 6
I20260909 04:40:32.926051   567 skeleton_planner.h:170] Found solution in: 7
I20260909 04:40:32.926069   567 skeleton_planner.h:170] Found solution in: 4
I20260909 04:40:32.926084   567 skeleton_planner.h:170] Found solution in: 3
I20260909 04:40:32.926098   567 skeleton_planner.h:170] Found solution in: 2
I20260909 04:40:32.926115   567 skeleton_planner.h:170] Found solution in: 4
I20260909 04:40:32.926141   567 skeleton_planner.h:170] Found solution in: 8
I20260909 04:40:32.926158   567 skeleton_planner.h:170] Found solution in: 3
I20260909 04:40:32.926177   567 skeleton_planner.h:170] Found solution in: 4
I20260909 04:40:32.926195   567 skeleton_planner.h:170] Found solution in: 4
I20260909 04:40:32.926214   567 skeleton_planner.h:170] Found solution in: 4
I20260909 04:40:32.926282   567 skeleton_planner.h:170] Found solution in: 23
I20260909 04:40:32.926316   567 skeleton_planner.h:170] Found solution in: 4
I20260909 04:40:32.926331   567 skeleton_planner.h:170] Found solution in: 3
I20260909 04:40:32.926350   567 skeleton_planner.h:170] Found solution in: 5
I20260909 04:40:32.926381   567 skeleton_planner.h:170] Found solution in: 8
I20260909 04:40:32.926409   567 skeleton_planner.h:170] Found solution in: 7
I20260909 04:40:32.926433   567 skeleton_planner.h:170] Found solution in: 6
I20260909 04:40:32.926458   567 skeleton_planner.h:170] Found solution in: 5
I20260909 04:40:32.926478   567 skeleton_planner.h:170] Found solution in: 4
I20260909 04:40:32.926494   567 skeleton_planner.h:170] Found solution in: 4
I20260909 04:40:32.926518   567 skeleton_planner.h:170] Found solution in: 6
I20260909 04:40:32.926569   567 skeleton_planner.h:170] Found solution in: 14
I20260909 04:40:32.926601   567 skeleton_planner.h:170] Found solution in: 7
I20260909 04:40:32.926620   567 skeleton_planner.h:170] Found solution in: 4
I20260909 04:40:32.926645   567 skeleton_planner.h:170] Found solution in: 6
I20260909 04:40:32.926674   567 skeleton_planner.h:170] Found solution in: 7
I20260909 04:40:32.926690   567 skeleton_planner.h:170] Found solution in: 3
I20260909 04:40:32.926723   567 skeleton_planner.h:170] Found solution in: 9
I20260909 04:40:32.926751   567 skeleton_planner.h:170] Found solution in: 7
I20260909 04:40:32.926770   567 skeleton_planner.h:170] Found solution in: 4
I20260909 04:40:32.926777   567 skeleton_planner.h:170] Found solution in: 1
I20260909 04:40:32.926796   567 skeleton_planner.h:170] Found solution in: 5
I20260909 04:40:32.926815   567 skeleton_planner.h:170] Found solution in: 6
I20260909 04:40:32.926832   567 skeleton_planner.h:170] Found solution in: 4
I20260909 04:40:32.926846   567 skeleton_planner.h:170] Found solution in: 3
I20260909 04:40:32.926860   567 skeleton_planner.h:170] Found solution in: 3
I20260909 04:40:32.926880   567 skeleton_planner.h:170] Found solution in: 5
I20260909 04:40:32.926895   567 skeleton_planner.h:170] Found solution in: 3
I20260909 04:40:32.926918   567 skeleton_planner.h:170] Found solution in: 6
I20260909 04:40:32.926937   567 skeleton_planner.h:170] Found solution in: 5
I20260909 04:40:32.926952   567 skeleton_planner.h:170] Found solution in: 3
I20260909 04:40:32.926975   567 skeleton_planner.h:170] Found solution in: 7
I20260909 04:40:32.927000   567 skeleton_planner.h:170] Found solution in: 7
I20260909 04:40:32.927024   567 skeleton_planner.h:170] Found solution in: 6
I20260909 04:40:32.927052   567 skeleton_planner.h:170] Found solution in: 8
I20260909 04:40:32.927066   567 skeleton_planner.h:170] Found solution in: 3
I20260909 04:40:32.927095   567 skeleton_planner.h:170] Found solution in: 8
I20260909 04:40:32.927117   567 skeleton_planner.h:170] Found solution in: 4
I20260909 04:40:32.927145   567 skeleton_planner.h:170] Found solution in: 9
I20260909 04:40:32.927166   567 skeleton_planner.h:170] Found solution in: 5
I20260909 04:40:32.927192   567 skeleton_planner.h:170] Found solution in: 7
I20260909 04:40:32.927217   567 skeleton_planner.h:170] Found solution in: 6
I20260909 04:40:32.927239   567 skeleton_planner.h:170] Found solution in: 5
I20260909 04:40:32.927263   567 skeleton_planner.h:170] Found solution in: 6
I20260909 04:40:32.927309   567 skeleton_planner.h:170] Found solution in: 11
I20260909 04:40:32.927342   567 skeleton_planner.h:170] Found solution in: 9
I20260909 04:40:32.927363   567 skeleton_planner.h:170] Found solution in: 5
I20260909 04:40:32.927384   567 skeleton_planner.h:170] Found solution in: 5
I20260909 04:40:32.927399   567 skeleton_planner.h:170] Found solution in: 3
I20260909 04:40:32.927421   567 skeleton_planner.h:170] Found solution in: 6
I20260909 04:40:32.927443   567 skeleton_planner.h:170] Found solution in: 6
I20260909 04:40:32.927470   567 skeleton_planner.h:170] Found solution in: 8
I20260909 04:40:32.927487   567 skeleton_planner.h:170] Found solution in: 4
I20260909 04:40:32.927505   567 skeleton_planner.h:170] Found solution in: 4
I20260909 04:40:32.927526   567 skeleton_planner.h:170] Found solution in: 5
I20260909 04:40:32.927548   567 skeleton_planner.h:170] Found solution in: 5
I20260909 04:40:32.927569   567 skeleton_planner.h:170] Found solution in: 4
I20260909 04:40:32.927593   567 skeleton_planner.h:170] Found solution in: 6
I20260909 04:40:32.927620   567 skeleton_planner.h:170] Found solution in: 8
I20260909 04:40:32.927650   567 skeleton_planner.h:170] Found solution in: 7
I20260909 04:40:32.927657   567 skeleton_planner.h:170] Found solution in: 1
I20260909 04:40:32.927662   567 skeleton_planner.h:170] Found solution in: 1
I20260909 04:40:32.927693   567 skeleton_planner.h:170] Found solution in: 9
I20260909 04:40:32.927723   567 skeleton_planner.h:170] Found solution in: 7
I20260909 04:40:32.927739   567 skeleton_planner.h:170] Found solution in: 3
I20260909 04:40:32.927752   567 skeleton_planner.h:170] Found solution in: 3
I20260909 04:40:32.927757   567 skeleton_planner.h:170] Found solution in: 1
I20260909 04:40:32.927766   567 skeleton_planner.h:170] Found solution in: 2
I20260909 04:40:32.927772   567 skeleton_planner.h:170] Found solution in: 1
I20260909 04:40:32.927778   567 skeleton_planner.h:170] Found solution in: 1
I20260909 04:40:32.927788   567 skeleton_planner.h:170] Found solution in: 2
I20260909 04:40:32.927839   567 skeleton_planner.h:170] Found solution in: 15
I20260909 04:40:32.927860   567 skeleton_planner.h:170] Found solution in: 5
I20260909 04:40:32.927867   567 skeleton_planner.h:170] Found solution in: 1
I20260909 04:40:32.927874   567 skeleton_planner.h:170] Found solution in: 1
I20260909 04:40:32.927878   567 skeleton_planner.h:170] Found solution in: 1
I20260909 04:40:32.927893   567 skeleton_planner.h:170] Found solution in: 3
I20260909 04:40:32.927925   567 skeleton_planner.h:170] Found solution in: 8
I20260909 04:40:32.927950   567 skeleton_planner.h:170] Found solution in: 5
I20260909 04:40:32.927963   567 skeleton_planner.h:170] Found solution in: 2
I20260909 04:40:32.927989   567 skeleton_planner.h:170] Found solution in: 7
I20260909 04:40:32.928004   567 skeleton_planner.h:170] Found solution in: 3
I20260909 04:40:32.928030   567 skeleton_planner.h:170] Found solution in: 7
I20260909 04:40:32.928046   567 skeleton_planner.h:170] Found solution in: 4
I20260909 04:40:32.928063   567 skeleton_planner.h:170] Found solution in: 4
I20260909 04:40:32.928087   567 skeleton_planner.h:170] Found solution in: 7
I20260909 04:40:32.928102   567 skeleton_planner.h:170] Found solution in: 3
I20260909 04:40:32.928117   567 skeleton_planner.h:170] Found solution in: 4
I20260909 04:40:32.928148   567 skeleton_planner.h:170] Found solution in: 8
I20260909 04:40:32.928166   567 skeleton_planner.h:170] Found solution in: 4
I20260909 04:40:32.928184   567 skeleton_planner.h:170] Found solution in: 4
I20260909 04:40:32.928198   567 skeleton_planner.h:170] Found solution in: 3
I20260909 04:40:32.928212   567 skeleton_planner.h:170] Found solution in: 3
I20260909 04:40:32.928227   567 skeleton_planner.h:170] Found solution in: 3
I20260909 04:40:32.928249   567 skeleton_planner.h:170] Found solution in: 4
I20260909 04:40:32.928275   567 skeleton_planner.h:170] Found solution in: 7
I20260909 04:40:32.928292   567 skeleton_planner.h:170] Found solution in: 3
I20260909 04:40:32.928325   567 skeleton_planner.h:170] Found solution in: 8
I20260909 04:40:32.928350   567 skeleton_planner.h:170] Found solution in: 4
I20260909 04:40:32.928375   567 skeleton_planner.h:170] Found solution in: 5
I20260909 04:40:32.928395   567 skeleton_planner.h:170] Found solution in: 4
I20260909 04:40:32.928409   567 skeleton_planner.h:170] Found solution in: 3
I20260909 04:40:32.928453   567 skeleton_planner.h:170] Found solution in: 13
I20260909 04:40:32.928479   567 skeleton_planner.h:170] Found solution in: 5
I20260909 04:40:32.928508   567 skeleton_planner.h:170] Found solution in: 10
I20260909 04:40:32.928531   567 skeleton_planner.h:170] Found solution in: 6
I20260909 04:40:32.928552   567 skeleton_planner.h:170] Found solution in: 5
I20260909 04:40:32.928586   567 skeleton_planner.h:170] Found solution in: 10
I20260909 04:40:32.928613   567 skeleton_planner.h:170] Found solution in: 6
I20260909 04:40:32.928628   567 skeleton_planner.h:170] Found solution in: 3
I20260909 04:40:32.928658   567 skeleton_planner.h:170] Found solution in: 8
I20260909 04:40:32.928674   567 skeleton_planner.h:170] Found solution in: 4
I20260909 04:40:32.928711   567 skeleton_planner.h:170] Found solution in: 9
I20260909 04:40:32.928738   567 skeleton_planner.h:170] Found solution in: 7
I20260909 04:40:32.928761   567 skeleton_planner.h:170] Found solution in: 5
I20260909 04:40:32.928798   567 skeleton_planner.h:170] Found solution in: 14
I20260909 04:40:32.928830   567 skeleton_planner.h:170] Found solution in: 6
I20260909 04:40:32.928859   567 skeleton_planner.h:170] Found solution in: 7
I20260909 04:40:32.928877   567 skeleton_planner.h:170] Found solution in: 4
I20260909 04:40:32.928900   567 skeleton_planner.h:170] Found solution in: 5
I20260909 04:40:32.928906   567 skeleton_planner.h:170] Found solution in: 1
I20260909 04:40:32.928911   567 skeleton_planner.h:170] Found solution in: 1
I20260909 04:40:32.928928   567 skeleton_planner.h:170] Found solution in: 4
I20260909 04:40:32.928942   567 skeleton_planner.h:170] Found solution in: 3
I20260909 04:40:32.928972   567 skeleton_planner.h:170] Found solution in: 10
I20260909 04:40:32.928989   567 skeleton_planner.h:170] Found solution in: 4
I20260909 04:40:32.929039   567 skeleton_planner.h:170] Found solution in: 19
I20260909 04:40:32.929076   567 skeleton_planner.h:170] Found solution in: 12
I20260909 04:40:32.929106   567 skeleton_planner.h:170] Found solution in: 9
I20260909 04:40:32.929162   567 skeleton_planner.h:170] Found solution in: 17
I20260909 04:40:32.929198   567 skeleton_planner.h:170] Found solution in: 8
I20260909 04:40:32.929232   567 skeleton_planner.h:170] Found solution in: 9
I20260909 04:40:32.929246   567 skeleton_planner.h:170] Found solution in: 2
I20260909 04:40:32.929255   567 skeleton_planner.h:170] Found solution in: 2
I20260909 04:40:32.929313   567 skeleton_planner.h:170] Found solution in: 13
I20260909 04:40:32.929343   567 skeleton_planner.h:170] Found solution in: 5
I20260909 04:40:32.929381   567 skeleton_planner.h:170] Found solution in: 8
I20260909 04:40:32.929427   567 skeleton_planner.h:170] Found solution in: 12
I20260909 04:40:32.929459   567 skeleton_planner.h:170] Found solution in: 7
I20260909 04:40:32.929492   567 skeleton_planner.h:170] Found solution in: 8
I20260909 04:40:32.929535   567 skeleton_planner.h:170] Found solution in: 12
I20260909 04:40:32.929579   567 skeleton_planner.h:170] Found solution in: 13
I20260909 04:40:32.929605   567 skeleton_planner.h:170] Found solution in: 5
I20260909 04:40:32.929731   567 skeleton_planner.h:170] Found solution in: 28
I20260909 04:40:32.929788   567 skeleton_planner.h:170] Found solution in: 10
I20260909 04:40:32.929806   567 skeleton_planner.h:170] Found solution in: 3
I20260909 04:40:32.929812   567 skeleton_planner.h:170] Found solution in: 1
I20260909 04:40:32.929847   567 skeleton_planner.h:170] Found solution in: 11
I20260909 04:40:32.929855   567 skeleton_planner.h:170] Found solution in: 1
I20260909 04:40:32.929867   567 skeleton_planner.h:170] Found solution in: 2
I20260909 04:40:32.929910   567 skeleton_planner.h:170] Found solution in: 13
I20260909 04:40:32.929949   567 skeleton_planner.h:170] Found solution in: 9
I20260909 04:40:32.929975   567 skeleton_planner.h:170] Found solution in: 4
I20260909 04:40:32.930001   567 skeleton_planner.h:170] Found solution in: 6
I20260909 04:40:32.930008   567 skeleton_planner.h:170] Found solution in: 1
I20260909 04:40:32.930013   567 skeleton_planner.h:170] Found solution in: 1
I20260909 04:40:32.930053   567 skeleton_planner.h:170] Found solution in: 12
I20260909 04:40:32.930104   567 skeleton_planner.h:170] Found solution in: 14
I20260909 04:40:32.930125   567 skeleton_planner.h:170] Found solution in: 4
I20260909 04:40:32.930159   567 skeleton_planner.h:170] Found solution in: 8
I20260909 04:40:32.930181   567 skeleton_planner.h:170] Found solution in: 6
I20260909 04:40:32.930210   567 skeleton_planner.h:170] Found solution in: 10
I20260909 04:40:32.930231   567 skeleton_planner.h:170] Found solution in: 4
I20260909 04:40:32.930254   567 skeleton_planner.h:170] Found solution in: 6
I20260909 04:40:32.930282   567 skeleton_planner.h:170] Found solution in: 7
I20260909 04:40:32.930315   567 skeleton_planner.h:170] Found solution in: 7
I20260909 04:40:32.930331   567 skeleton_planner.h:170] Found solution in: 3
I20260909 04:40:32.930346   567 skeleton_planner.h:170] Found solution in: 3
I20260909 04:40:32.930375   567 skeleton_planner.h:170] Found solution in: 8
I20260909 04:40:32.930392   567 skeleton_planner.h:170] Found solution in: 3
I20260909 04:40:32.930421   567 skeleton_planner.h:170] Found solution in: 8
I20260909 04:40:32.930445   567 skeleton_planner.h:170] Found solution in: 6
I20260909 04:40:32.930471   567 skeleton_planner.h:170] Found solution in: 7
I20260909 04:40:32.930500   567 skeleton_planner.h:170] Found solution in: 7
I20260909 04:40:32.930533   567 skeleton_planner.h:170] Found solution in: 7
I20260909 04:40:32.930575   567 skeleton_planner.h:170] Found solution in: 10
I20260909 04:40:32.930701   567 skeleton_planner.h:170] Found solution in: 32
I20260909 04:40:32.931054   567 skeleton_planner.h:170] Found solution in: 5
I20260909 04:40:32.931102   567 skeleton_planner.h:170] Found solution in: 8
I20260909 04:40:32.931140   567 skeleton_planner.h:170] Found solution in: 14
I20260909 04:40:32.931162   567 skeleton_planner.h:170] Found solution in: 5
I20260909 04:40:32.931190   567 skeleton_planner.h:170] Found solution in: 7
I20260909 04:40:32.931267   567 skeleton_planner.h:170] Found solution in: 34
I20260909 04:40:32.931301   567 skeleton_planner.h:170] Found solution in: 7
I20260909 04:40:32.931326   567 skeleton_planner.h:170] Found solution in: 4
I20260909 04:40:32.931347   567 skeleton_planner.h:170] Found solution in: 5
I20260909 04:40:32.931361   567 skeleton_planner.h:170] Found solution in: 2
I20260909 04:40:32.931375   567 skeleton_planner.h:170] Found solution in: 3
I20260909 04:40:32.931396   567 skeleton_planner.h:170] Found solution in: 5
I20260909 04:40:32.931420   567 skeleton_planner.h:170] Found solution in: 7
I20260909 04:40:32.931445   567 skeleton_planner.h:170] Found solution in: 6
I20260909 04:40:32.931463   567 skeleton_planner.h:170] Found solution in: 3
I20260909 04:40:32.931495   567 skeleton_planner.h:170] Found solution in: 9
I20260909 04:40:32.931512   567 skeleton_planner.h:170] Found solution in: 3
I20260909 04:40:32.931527   567 skeleton_planner.h:170] Found solution in: 3
I20260909 04:40:32.931574   567 skeleton_planner.h:170] Found solution in: 10
I20260909 04:40:32.931607   567 skeleton_planner.h:170] Found solution in: 6
I20260909 04:40:32.931634   567 skeleton_planner.h:170] Found solution in: 7
I20260909 04:40:32.931655   567 skeleton_planner.h:170] Found solution in: 4
I20260909 04:40:32.931679   567 skeleton_planner.h:170] Found solution in: 6
I20260909 04:40:32.931694   567 skeleton_planner.h:170] Found solution in: 3
I20260909 04:40:32.931721   567 skeleton_planner.h:170] Found solution in: 8
I20260909 04:40:32.931747   567 skeleton_planner.h:170] Found solution in: 6
I20260909 04:40:32.931775   567 skeleton_planner.h:170] Found solution in: 8
I20260909 04:40:32.931815   567 skeleton_planner.h:170] Found solution in: 10
I20260909 04:40:32.931845   567 skeleton_planner.h:170] Found solution in: 5
I20260909 04:40:32.931879   567 skeleton_planner.h:170] Found solution in: 11
I20260909 04:40:32.931912   567 skeleton_planner.h:170] Found solution in: 9
I20260909 04:40:32.931926   567 skeleton_planner.h:170] Found solution in: 2
I20260909 04:40:32.931950   567 skeleton_planner.h:170] Found solution in: 6
I20260909 04:40:32.931975   567 skeleton_planner.h:170] Found solution in: 8
I20260909 04:40:32.932001   567 skeleton_planner.h:170] Found solution in: 6
I20260909 04:40:32.932029   567 skeleton_planner.h:170] Found solution in: 7
I20260909 04:40:32.932042   567 skeleton_planner.h:170] Found solution in: 3
I20260909 04:40:32.932057   567 skeleton_planner.h:170] Found solution in: 3
I20260909 04:40:32.932075   567 skeleton_planner.h:170] Found solution in: 4
I20260909 04:40:32.932104   567 skeleton_planner.h:170] Found solution in: 7
I20260909 04:40:32.932132   567 skeleton_planner.h:170] Found solution in: 6
I20260909 04:40:32.932158   567 skeleton_planner.h:170] Found solution in: 8
I20260909 04:40:32.932186   567 skeleton_planner.h:170] Found solution in: 8
I20260909 04:40:32.932210   567 skeleton_planner.h:170] Found solution in: 6
I20260909 04:40:32.932230   567 skeleton_planner.h:170] Found solution in: 6
I20260909 04:40:32.932475   567 skeleton_planner.h:170] Found solution in: 3
I20260909 04:40:32.932482   567 skeleton_planner.h:170] Found solution in: 1
I20260909 04:40:32.932487   567 skeleton_planner.h:170] Found solution in: 1
I20260909 04:40:32.932525   567 skeleton_planner.h:170] Found solution in: 7
I20260909 04:40:32.932539   567 skeleton_planner.h:170] Found solution in: 3
I20260909 04:40:32.932551   567 skeleton_planner.h:170] Found solution in: 3
I20260909 04:40:32.932556   567 skeleton_planner.h:170] Found solution in: 1
I20260909 04:40:32.932561   567 skeleton_planner.h:170] Found solution in: 1
I20260909 04:40:32.932578   567 skeleton_planner.h:170] Found solution in: 4
I20260909 04:40:32.932600   567 skeleton_planner.h:170] Found solution in: 6
I20260909 04:40:32.932632   567 skeleton_planner.h:170] Found solution in: 9
I20260909 04:40:32.932663   567 skeleton_planner.h:170] Found solution in: 9
I20260909 04:40:32.932708   567 skeleton_planner.h:170] Found solution in: 12
I20260909 04:40:32.932734   567 skeleton_planner.h:170] Found solution in: 4
I20260909 04:40:32.932755   567 skeleton_planner.h:170] Found solution in: 5
I20260909 04:40:32.932770   567 skeleton_planner.h:170] Found solution in: 3
I20260909 04:40:32.932785   567 skeleton_planner.h:170] Found solution in: 3
I20260909 04:40:32.932806   567 skeleton_planner.h:170] Found solution in: 5
I20260909 04:40:32.932812   567 skeleton_planner.h:170] Found solution in: 1
I20260909 04:40:32.932817   567 skeleton_planner.h:170] Found solution in: 1
I20260909 04:40:32.932822   567 skeleton_planner.h:170] Found solution in: 1
I20260909 04:40:32.932827   567 skeleton_planner.h:170] Found solution in: 1
I20260909 04:40:32.932852   567 skeleton_planner.h:170] Found solution in: 6
I20260909 04:40:32.932871   567 skeleton_planner.h:170] Found solution in: 7
I20260909 04:40:32.932893   567 skeleton_planner.h:170] Found solution in: 8
I20260909 04:40:32.932915   567 skeleton_planner.h:170] Found solution in: 6
I20260909 04:40:32.932931   567 skeleton_planner.h:170] Found solution in: 3
I20260909 04:40:32.932951   567 skeleton_planner.h:170] Found solution in: 4
I20260909 04:40:32.932974   567 skeleton_planner.h:170] Found solution in: 6
I20260909 04:40:32.933003   567 skeleton_planner.h:170] Found solution in: 9
I20260909 04:40:32.933019   567 skeleton_planner.h:170] Found solution in: 3
I20260909 04:40:32.933034   567 skeleton_planner.h:170] Found solution in: 3
I20260909 04:40:32.933048   567 skeleton_planner.h:170] Found solution in: 3
I20260909 04:40:32.933137   567 skeleton_planner.h:170] Found solution in: 36
I20260909 04:40:32.933161   567 skeleton_planner.h:170] Found solution in: 4
I20260909 04:40:32.933176   567 skeleton_planner.h:170] Found solution in: 4
I20260909 04:40:32.933507   567 skeleton_planner.h:170] Found solution in: 3
I20260909 04:40:32.933529   567 skeleton_planner.h:170] Found solution in: 6
I20260909 04:40:32.933574   567 skeleton_planner.h:170] Found solution in: 7
I20260909 04:40:32.933598   567 skeleton_planner.h:170] Found solution in: 7
I20260909 04:40:32.933625   567 skeleton_planner.h:170] Found solution in: 10
I20260909 04:40:32.933646   567 skeleton_planner.h:170] Found solution in: 6
I20260909 04:40:32.933665   567 skeleton_planner.h:170] Found solution in: 4
I20260909 04:40:32.933678   567 skeleton_planner.h:170] Found solution in: 3
I20260909 04:40:32.933684   567 skeleton_planner.h:170] Found solution in: 1
I20260909 04:40:32.933698   567 skeleton_planner.h:170] Found solution in: 3
I20260909 04:40:32.933712   567 skeleton_planner.h:170] Found solution in: 3
I20260909 04:40:32.933730   567 skeleton_planner.h:170] Found solution in: 5
I20260909 04:40:32.933748   567 skeleton_planner.h:170] Found solution in: 6
I20260909 04:40:32.933765   567 skeleton_planner.h:170] Found solution in: 5
I20260909 04:40:32.933782   567 skeleton_planner.h:170] Found solution in: 5
I20260909 04:40:32.933809   567 skeleton_planner.h:170] Found solution in: 8
I20260909 04:40:32.933825   567 skeleton_planner.h:170] Found solution in: 3
I20260909 04:40:32.933840   567 skeleton_planner.h:170] Found solution in: 3
I20260909 04:40:32.933869   567 skeleton_planner.h:170] Found solution in: 9
I20260909 04:40:32.933882   567 skeleton_planner.h:170] Found solution in: 2
I20260909 04:40:32.933887   567 skeleton_planner.h:170] Found solution in: 1
I20260909 04:40:32.933924   567 skeleton_planner.h:170] Found solution in: 10
I20260909 04:40:32.933955   567 skeleton_planner.h:170] Found solution in: 7
I20260909 04:40:32.933974   567 skeleton_planner.h:170] Found solution in: 4
I20260909 04:40:32.933990   567 skeleton_planner.h:170] Found solution in: 5
I20260909 04:40:32.934001   567 skeleton_planner.h:170] Found solution in: 4
I20260909 04:40:32.934022   567 skeleton_planner.h:170] Found solution in: 8
I20260909 04:40:32.934047   567 skeleton_planner.h:170] Found solution in: 10
I20260909 04:40:32.934120   567 skeleton_planner.h:170] Found solution in: 20
I20260909 04:40:32.934166   567 skeleton_planner.h:170] Found solution in: 12
I20260909 04:40:32.934190   567 skeleton_planner.h:170] Found solution in: 5
I20260909 04:40:32.934203   567 skeleton_planner.h:170] Found solution in: 3
I20260909 04:40:32.934217   567 skeleton_planner.h:170] Found solution in: 3
I20260909 04:40:32.934242   567 skeleton_planner.h:170] Found solution in: 7
I20260909 04:40:32.934257   567 skeleton_planner.h:170] Found solution in: 4
I20260909 04:40:32.934275   567 skeleton_planner.h:170] Found solution in: 6
I20260909 04:40:32.934296   567 skeleton_planner.h:170] Found solution in: 7
I20260909 04:40:32.934315   567 skeleton_planner.h:170] Found solution in: 4
I20260909 04:40:32.934340   567 skeleton_planner.h:170] Found solution in: 7
I20260909 04:40:32.934346   567 skeleton_planner.h:170] Found solution in: 1
I20260909 04:40:32.934378   567 skeleton_planner.h:170] Found solution in: 11
I20260909 04:40:32.934415   567 skeleton_planner.h:170] Found solution in: 11
I20260909 04:40:32.934444   567 skeleton_planner.h:170] Found solution in: 7
I20260909 04:40:32.934473   567 skeleton_planner.h:170] Found solution in: 8
I20260909 04:40:32.934501   567 skeleton_planner.h:170] Found solution in: 8
I20260909 04:40:32.934526   567 skeleton_planner.h:170] Found solution in: 9
I20260909 04:40:32.934552   567 skeleton_planner.h:170] Found solution in: 8
I20260909 04:40:32.934571   567 skeleton_planner.h:170] Found solution in: 4
I20260909 04:40:32.934589   567 skeleton_planner.h:170] Found solution in: 6
I20260909 04:40:32.934619   567 skeleton_planner.h:170] Found solution in: 11
I20260909 04:40:32.934633   567 skeleton_planner.h:170] Found solution in: 3
I20260909 04:40:32.934644   567 skeleton_planner.h:170] Found solution in: 4
I20260909 04:40:32.934667   567 skeleton_planner.h:170] Found solution in: 7
I20260909 04:40:32.934675   567 skeleton_planner.h:170] Found solution in: 1
I20260909 04:40:32.934685   567 skeleton_planner.h:170] Found solution in: 3
I20260909 04:40:32.934710   567 skeleton_planner.h:170] Found solution in: 9
I20260909 04:40:32.934746   567 skeleton_planner.h:170] Found solution in: 13
I20260909 04:40:32.934760   567 skeleton_planner.h:170] Found solution in: 4
I20260909 04:40:32.934773   567 skeleton_planner.h:170] Found solution in: 5
I20260909 04:40:32.934794   567 skeleton_planner.h:170] Found solution in: 5
I20260909 04:40:32.934806   567 skeleton_planner.h:170] Found solution in: 3
I20260909 04:40:32.934842   567 skeleton_planner.h:170] Found solution in: 12
I20260909 04:40:32.934868   567 skeleton_planner.h:170] Found solution in: 6
I20260909 04:40:32.934914   567 skeleton_planner.h:170] Found solution in: 17
I20260909 04:40:32.934963   567 skeleton_planner.h:170] Found solution in: 17
I20260909 04:40:32.935000   567 skeleton_planner.h:170] Found solution in: 11
I20260909 04:40:32.935034   567 skeleton_planner.h:170] Found solution in: 11
I20260909 04:40:32.935055   567 skeleton_planner.h:170] Found solution in: 6
I20260909 04:40:32.935074   567 skeleton_planner.h:170] Found solution in: 6
I20260909 04:40:32.935086   567 skeleton_planner.h:170] Found solution in: 3
I20260909 04:40:32.935097   567 skeleton_planner.h:170] Found solution in: 3
I20260909 04:40:32.935122   567 skeleton_planner.h:170] Found solution in: 9
I20260909 04:40:32.935150   567 skeleton_planner.h:170] Found solution in: 8
I20260909 04:40:32.935169   567 skeleton_planner.h:170] Found solution in: 4
I20260909 04:40:32.935199   567 skeleton_planner.h:170] Found solution in: 9
I20260909 04:40:32.935214   567 skeleton_planner.h:170] Found solution in: 3
I20260909 04:40:32.935232   567 skeleton_planner.h:170] Found solution in: 4
I20260909 04:40:32.935245   567 skeleton_planner.h:170] Found solution in: 3
I20260909 04:40:32.935256   567 skeleton_planner.h:170] Found solution in: 3
I20260909 04:40:32.935263   567 skeleton_planner.h:170] Found solution in: 2
I20260909 04:40:32.935281   567 skeleton_planner.h:170] Found solution in: 3
I20260909 04:40:32.935290   567 skeleton_planner.h:170] Found solution in: 2
I20260909 04:40:32.935302   567 skeleton_planner.h:170] Found solution in: 4
I20260909 04:40:32.935326   567 skeleton_planner.h:170] Found solution in: 8
I20260909 04:40:32.935384   567 skeleton_planner.h:170] Found solution in: 14
I20260909 04:40:32.935400   567 skeleton_planner.h:170] Found solution in: 3
I20260909 04:40:32.935423   567 skeleton_planner.h:170] Found solution in: 7
I20260909 04:40:32.935447   567 skeleton_planner.h:170] Found solution in: 8
I20260909 04:40:32.935472   567 skeleton_planner.h:170] Found solution in: 8
I20260909 04:40:32.935491   567 skeleton_planner.h:170] Found solution in: 6
I20260909 04:40:32.935526   567 skeleton_planner.h:170] Found solution in: 12
I20260909 04:40:32.935559   567 skeleton_planner.h:170] Found solution in: 10
I20260909 04:40:32.935588   567 skeleton_planner.h:170] Found solution in: 11
I20260909 04:40:32.935623   567 skeleton_planner.h:170] Found solution in: 13
I20260909 04:40:32.935737   567 skeleton_planner.h:170] Found solution in: 40
I20260909 04:40:32.935775   567 skeleton_planner.h:170] Found solution in: 8
I20260909 04:40:32.935791   567 skeleton_planner.h:170] Found solution in: 6
I20260909 04:40:32.935817   567 skeleton_planner.h:170] Found solution in: 11
I20260909 04:40:32.935823   567 skeleton_planner.h:170] Found solution in: 1
I20260909 04:40:32.935914   567 skeleton_planner.h:170] Found solution in: 40
I20260909 04:40:32.935925   567 skeleton_planner.h:170] Found solution in: 1
I20260909 04:40:32.935935   567 skeleton_planner.h:170] Found solution in: 3
I20260909 04:40:32.935940   567 skeleton_planner.h:170] Found solution in: 1
I20260909 04:40:32.936015   567 skeleton_planner.h:170] Found solution in: 21
I20260909 04:40:32.936051   567 skeleton_planner.h:170] Found solution in: 6
I20260909 04:40:32.936079   567 skeleton_planner.h:170] Found solution in: 7
I20260909 04:40:32.936106   567 skeleton_planner.h:170] Found solution in: 8
I20260909 04:40:32.936120   567 skeleton_planner.h:170] Found solution in: 3
I20260909 04:40:32.936132   567 skeleton_planner.h:170] Found solution in: 4
I20260909 04:40:32.936160   567 skeleton_planner.h:170] Found solution in: 8
I20260909 04:40:32.936177   567 skeleton_planner.h:170] Found solution in: 4
I20260909 04:40:32.936188   567 skeleton_planner.h:170] Found solution in: 3
I20260909 04:40:32.936215   567 skeleton_planner.h:170] Found solution in: 8
I20260909 04:40:32.936228   567 skeleton_planner.h:170] Found solution in: 3
I20260909 04:40:32.936250   567 skeleton_planner.h:170] Found solution in: 7
I20260909 04:40:32.936259   567 skeleton_planner.h:170] Found solution in: 2
I20260909 04:40:32.936276   567 skeleton_planner.h:170] Found solution in: 5
I20260909 04:40:32.936288   567 skeleton_planner.h:170] Found solution in: 3
I20260909 04:40:32.936314   567 skeleton_planner.h:170] Found solution in: 6
I20260909 04:40:32.936334   567 skeleton_planner.h:170] Found solution in: 5
I20260909 04:40:32.936357   567 skeleton_planner.h:170] Found solution in: 6
I20260909 04:40:32.936376   567 skeleton_planner.h:170] Found solution in: 6
I20260909 04:40:32.936396   567 skeleton_planner.h:170] Found solution in: 6
I20260909 04:40:32.936409   567 skeleton_planner.h:170] Found solution in: 4
I20260909 04:40:32.936436   567 skeleton_planner.h:170] Found solution in: 8
I20260909 04:40:32.936474   567 skeleton_planner.h:170] Found solution in: 12
I20260909 04:40:32.936515   567 skeleton_planner.h:170] Found solution in: 10
I20260909 04:40:32.936537   567 skeleton_planner.h:170] Found solution in: 4
I20260909 04:40:32.936558   567 skeleton_planner.h:170] Found solution in: 7
I20260909 04:40:32.936601   567 skeleton_planner.h:170] Found solution in: 13
I20260909 04:40:32.936630   567 skeleton_planner.h:170] Found solution in: 7
I20260909 04:40:32.936659   567 skeleton_planner.h:170] Found solution in: 9
I20260909 04:40:32.936672   567 skeleton_planner.h:170] Found solution in: 3
I20260909 04:40:32.936682   567 skeleton_planner.h:170] Found solution in: 3
I20260909 04:40:32.936694   567 skeleton_planner.h:170] Found solution in: 3
I20260909 04:40:32.936717   567 skeleton_planner.h:170] Found solution in: 6
I20260909 04:40:32.936735   567 skeleton_planner.h:170] Found solution in: 5
I20260909 04:40:32.936753   567 skeleton_planner.h:170] Found solution in: 5
I20260909 04:40:32.936775   567 skeleton_planner.h:170] Found solution in: 7
I20260909 04:40:32.936801   567 skeleton_planner.h:170] Found solution in: 9
I20260909 04:40:32.936826   567 skeleton_planner.h:170] Found solution in: 7
I20260909 04:40:32.936866   567 skeleton_planner.h:170] Found solution in: 11
I20260909 04:40:32.936913   567 skeleton_planner.h:170] Found solution in: 12
I20260909 04:40:32.936952   567 skeleton_planner.h:170] Found solution in: 10
I20260909 04:40:32.936975   567 skeleton_planner.h:170] Found solution in: 5
I20260909 04:40:32.937076   567 skeleton_planner.h:170] Found solution in: 27
I20260909 04:40:32.937098   567 skeleton_planner.h:170] Found solution in: 4
I20260909 04:40:32.937171   567 skeleton_planner.h:170] Found solution in: 18
I20260909 04:40:32.937307   567 skeleton_planner.h:170] Found solution in: 33
I20260909 04:40:32.937352   567 skeleton_planner.h:170] Found solution in: 7
I20260909 04:40:32.937392   567 skeleton_planner.h:170] Found solution in: 17
I20260909 04:40:32.937429   567 skeleton_planner.h:170] Found solution in: 12
I20260909 04:40:32.937458   567 skeleton_planner.h:170] Found solution in: 8
I20260909 04:40:32.937479   567 skeleton_planner.h:170] Found solution in: 6
I20260909 04:40:32.937491   567 skeleton_planner.h:170] Found solution in: 3
I20260909 04:40:32.937503   567 skeleton_planner.h:170] Found solution in: 3
I20260909 04:40:32.937515   567 skeleton_planner.h:170] Found solution in: 3
I20260909 04:40:32.937574   567 skeleton_planner.h:170] Found solution in: 18
I20260909 04:40:32.937590   567 skeleton_planner.h:170] Found solution in: 3
I20260909 04:40:32.937597   567 skeleton_generator.cpp:1655] [Simplify Vertices] Vertex removals: 1029 / 1040, Edges added: 343
I20260909 04:40:32.938326   567 skeleton_generator.cpp:1697] [Subgraph] Number of disconnected subgraphs: 28
I20260909 04:40:32.942732   567 skeleton_planner.h:170] Found solution in: 7
I20260909 04:40:32.942830   567 skeleton_planner.h:170] Found solution in: 5
I20260909 04:40:32.944139   567 skeleton_planner.h:170] Found solution in: 33
I20260909 04:40:32.944247   567 skeleton_planner.h:170] Found solution in: 5
I20260909 04:40:32.946135   567 skeleton_planner.h:170] Found solution in: 98
I20260909 04:40:32.946368   567 skeleton_planner.h:170] Found solution in: 6
I20260909 04:40:32.949887   567 skeleton_planner.h:170] Found solution in: 78
I20260909 04:40:32.950318   567 skeleton_planner.h:170] Found solution in: 8
I20260909 04:40:32.952127   567 skeleton_planner.h:170] Found solution in: 7
I20260909 04:40:32.954509   567 skeleton_planner.h:170] Found solution in: 20
I20260909 04:40:32.955111   567 skeleton_planner.h:170] Found solution in: 4
I20260909 04:40:32.960728   567 skeleton_planner.h:170] Found solution in: 5
I20260909 04:40:32.961465   567 skeleton_planner.h:170] Found solution in: 19
I20260909 04:40:32.962947   567 skeleton_planner.h:170] Found solution in: 14
I20260909 04:40:32.965030   567 skeleton_planner.h:170] Found solution in: 4
I20260909 04:40:32.965118   567 skeleton_generator.cpp:1756] [Subgraph] Potential edge candidates: 98 diagram candidates: 15
I20260909 04:40:32.965199   567 skeleton_generator.cpp:1771] [Subgraph] Final number of disconnected subgraphs: 14
I20260909 04:40:32.965206   567 skeleton_generator.cpp:633] [Sparse Graph] Vertices: 1804 Edges: 3058
