I20260909 04:39:08.554271   321 skeleton_planner.h:31] Setting ESDF layer.
I20260909 04:39:08.656394   321 skeleton_generator.cpp:226] [GVD] Finished finding GVD candidates. Number of skeleton points: 75559 edges: 8066
I20260909 04:39:08.679028   321 skeleton_generator.cpp:1093] [Prune] Number of vertices before prune: 3376 Number of deleted vertices: 843
I20260909 04:39:08.688738   321 skeleton_planner.h:170] Found solution in: 1
I20260909 04:39:08.688748   321 skeleton_planner.h:170] Found solution in: 3
I20260909 04:39:08.688763   321 skeleton_planner.h:170] Found solution in: 3
I20260909 04:39:08.688774   321 skeleton_planner.h:170] Found solution in: 1
I20260909 04:39:08.688787   321 skeleton_planner.h:170] Found solution in: 3
I20260909 04:39:08.688793   321 skeleton_planner.h:170] Found solution in: 1
I20260909 04:39:08.688802   321 skeleton_planner.h:170] Found solution in: 8
I20260909 04:39:08.688829   321 skeleton_planner.h:170] Found solution in: 5
I20260909 04:39:08.688836   321 skeleton_planner.h:170] Found solution in: 1
I20260909 04:39:08.689025   321 skeleton_planner.h:170] Found solution in: 4
I20260909 04:39:08.689034   321 skeleton_planner.h:170] Found solution in: 1
I20260909 04:39:08.689047   321 skeleton_planner.h:170] Found solution in: 3
I20260909 04:39:08.689059   321 skeleton_planner.h:170] Found solution in: 1
I20260909 04:39:08.689069   321 skeleton_planner.h:170] Found solution in: 1
I20260909 04:39:08.689165   321 skeleton_planner.h:170] Found solution in: 4
I20260909 04:39:08.689175   321 skeleton_planner.h:170] Found solution in: 1
I20260909 04:39:08.689179   321 skeleton_planner.h:170] Found solution in: 3
I20260909 04:39:08.690003   321 skeleton_planner.h:170] Found solution in: 12
I20260909 04:39:08.690016   321 skeleton_planner.h:170] Found solution in: 1
I20260909 04:39:08.690023   321 skeleton_planner.h:170] Found solution in: 5
I20260909 04:39:08.690045   321 skeleton_planner.h:170] Found solution in: 6
I20260909 04:39:08.690056   321 skeleton_planner.h:170] Found solution in: 1
I20260909 04:39:08.690060   321 skeleton_planner.h:170] Found solution in: 3
I20260909 04:39:08.690071   321 skeleton_planner.h:170] Found solution in: 3
I20260909 04:39:08.690078   321 skeleton_planner.h:170] Found solution in: 1
I20260909 04:39:08.690171   321 skeleton_planner.h:170] Found solution in: 4
I20260909 04:39:08.690178   321 skeleton_planner.h:170] Found solution in: 1
I20260909 04:39:08.690270   321 skeleton_planner.h:170] Found solution in: 3
I20260909 04:39:08.690279   321 skeleton_planner.h:170] Found solution in: 1
I20260909 04:39:08.690282   321 skeleton_planner.h:170] Found solution in: 2
I20260909 04:39:08.690294   321 skeleton_planner.h:170] Found solution in: 4
I20260909 04:39:08.690307   321 skeleton_planner.h:170] Found solution in: 1
I20260909 04:39:08.690357   321 skeleton_planner.h:170] Found solution in: 55
I20260909 04:39:08.690382   321 skeleton_planner.h:170] Found solution in: 25
I20260909 04:39:08.690392   321 skeleton_planner.h:170] Found solution in: 1
I20260909 04:39:08.690418   321 skeleton_planner.h:170] Found solution in: 32
I20260909 04:39:08.690426   321 skeleton_planner.h:170] Found solution in: 9
I20260909 04:39:08.690433   321 skeleton_planner.h:170] Found solution in: 5
I20260909 04:39:08.690440   321 skeleton_planner.h:170] Found solution in: 1
I20260909 04:39:08.690500   321 skeleton_planner.h:170] Found solution in: 73
I20260909 04:39:08.690510   321 skeleton_planner.h:170] Found solution in: 7
I20260909 04:39:08.690519   321 skeleton_planner.h:170] Found solution in: 1
I20260909 04:39:08.690539   321 skeleton_planner.h:170] Found solution in: 5
I20260909 04:39:08.690547   321 skeleton_planner.h:170] Found solution in: 1
I20260909 04:39:08.690564   321 skeleton_planner.h:170] Found solution in: 4
I20260909 04:39:08.690572   321 skeleton_planner.h:170] Found solution in: 1
I20260909 04:39:08.690575   321 skeleton_planner.h:170] Found solution in: 3
I20260909 04:39:08.691061   321 skeleton_planner.h:170] Found solution in: 8
I20260909 04:39:08.691071   321 skeleton_planner.h:170] Found solution in: 1
I20260909 04:39:08.691820   321 skeleton_planner.h:170] Found solution in: 9
I20260909 04:39:08.691831   321 skeleton_planner.h:170] Found solution in: 1
I20260909 04:39:08.691852   321 skeleton_planner.h:170] Found solution in: 4
I20260909 04:39:08.691865   321 skeleton_planner.h:170] Found solution in: 1
I20260909 04:39:08.691869   321 skeleton_planner.h:170] Found solution in: 2
I20260909 04:39:08.691890   321 skeleton_planner.h:170] Found solution in: 5
I20260909 04:39:08.691901   321 skeleton_planner.h:170] Found solution in: 1
I20260909 04:39:08.691920   321 skeleton_planner.h:170] Found solution in: 5
I20260909 04:39:08.691931   321 skeleton_planner.h:170] Found solution in: 1
I20260909 04:39:08.691939   321 skeleton_planner.h:170] Found solution in: 1
I20260909 04:39:08.692029   321 skeleton_planner.h:170] Found solution in: 6
I20260909 04:39:08.692036   321 skeleton_planner.h:170] Found solution in: 1
I20260909 04:39:08.692041   321 skeleton_planner.h:170] Found solution in: 4
I20260909 04:39:08.692055   321 skeleton_planner.h:170] Found solution in: 4
I20260909 04:39:08.692067   321 skeleton_planner.h:170] Found solution in: 1
I20260909 04:39:08.692072   321 skeleton_planner.h:170] Found solution in: 4
I20260909 04:39:08.692090   321 skeleton_planner.h:170] Found solution in: 5
I20260909 04:39:08.692097   321 skeleton_planner.h:170] Found solution in: 1
I20260909 04:39:08.692195   321 skeleton_planner.h:170] Found solution in: 4
I20260909 04:39:08.692205   321 skeleton_planner.h:170] Found solution in: 1
I20260909 04:39:08.692237   321 skeleton_planner.h:170] Found solution in: 7
I20260909 04:39:08.692250   321 skeleton_planner.h:170] Found solution in: 1
I20260909 04:39:08.692255   321 skeleton_planner.h:170] Found solution in: 3
I20260909 04:39:08.692271   321 skeleton_planner.h:170] Found solution in: 5
I20260909 04:39:08.692281   321 skeleton_planner.h:170] Found solution in: 1
I20260909 04:39:08.692301   321 skeleton_planner.h:170] Found solution in: 5
I20260909 04:39:08.692310   321 skeleton_planner.h:170] Found solution in: 1
I20260909 04:39:08.692314   321 skeleton_planner.h:170] Found solution in: 3
I20260909 04:39:08.692329   321 skeleton_planner.h:170] Found solution in: 4
I20260909 04:39:08.692338   321 skeleton_planner.h:170] Found solution in: 1
I20260909 04:39:08.692348   321 skeleton_planner.h:170] Found solution in: 10
I20260909 04:39:08.692353   321 skeleton_planner.h:170] Found solution in: 4
I20260909 04:39:08.692421   321 skeleton_planner.h:170] Found solution in: 88
I20260909 04:39:08.692432   321 skeleton_planner.h:170] Found solution in: 1
I20260909 04:39:08.692449   321 skeleton_planner.h:170] Found solution in: 17
I20260909 04:39:08.692459   321 skeleton_planner.h:170] Found solution in: 1
I20260909 04:39:08.692466   321 skeleton_planner.h:170] Found solution in: 3
I20260909 04:39:08.692478   321 skeleton_planner.h:170] Found solution in: 4
I20260909 04:39:08.692484   321 skeleton_planner.h:170] Found solution in: 1
I20260909 04:39:08.692492   321 skeleton_planner.h:170] Found solution in: 10
I20260909 04:39:08.692500   321 skeleton_planner.h:170] Found solution in: 7
I20260909 04:39:08.692507   321 skeleton_planner.h:170] Found solution in: 1
I20260909 04:39:08.692512   321 skeleton_planner.h:170] Found solution in: 5
I20260909 04:39:08.692520   321 skeleton_planner.h:170] Found solution in: 10
I20260909 04:39:08.692566   321 skeleton_planner.h:170] Found solution in: 59
I20260909 04:39:08.692664   321 skeleton_planner.h:170] Found solution in: 8
I20260909 04:39:08.692675   321 skeleton_planner.h:170] Found solution in: 1
I20260909 04:39:08.692685   321 skeleton_planner.h:170] Found solution in: 1
I20260909 04:39:08.692692   321 skeleton_planner.h:170] Found solution in: 6
I20260909 04:39:08.692700   321 skeleton_planner.h:170] Found solution in: 7
I20260909 04:39:08.692719   321 skeleton_planner.h:170] Found solution in: 22
I20260909 04:39:08.692726   321 skeleton_planner.h:170] Found solution in: 1
I20260909 04:39:08.692732   321 skeleton_planner.h:170] Found solution in: 1
I20260909 04:39:08.692737   321 skeleton_planner.h:170] Found solution in: 2
I20260909 04:39:08.692751   321 skeleton_planner.h:170] Found solution in: 4
I20260909 04:39:08.692761   321 skeleton_planner.h:170] Found solution in: 1
I20260909 04:39:08.692765   321 skeleton_planner.h:170] Found solution in: 3
I20260909 04:39:08.692778   321 skeleton_planner.h:170] Found solution in: 4
I20260909 04:39:08.692787   321 skeleton_planner.h:170] Found solution in: 1
I20260909 04:39:08.692796   321 skeleton_planner.h:170] Found solution in: 8
I20260909 04:39:08.692809   321 skeleton_planner.h:170] Found solution in: 12
I20260909 04:39:08.692817   321 skeleton_planner.h:170] Found solution in: 1
I20260909 04:39:08.692821   321 skeleton_planner.h:170] Found solution in: 3
I20260909 04:39:08.692826   321 skeleton_planner.h:170] Found solution in: 4
I20260909 04:39:08.692842   321 skeleton_planner.h:170] Found solution in: 19
I20260909 04:39:08.692847   321 skeleton_planner.h:170] Found solution in: 1
I20260909 04:39:08.692850   321 skeleton_planner.h:170] Found solution in: 4
I20260909 04:39:08.692868   321 skeleton_planner.h:170] Found solution in: 6
I20260909 04:39:08.692878   321 skeleton_planner.h:170] Found solution in: 1
I20260909 04:39:08.692883   321 skeleton_planner.h:170] Found solution in: 4
I20260909 04:39:08.692898   321 skeleton_planner.h:170] Found solution in: 4
I20260909 04:39:08.692907   321 skeleton_planner.h:170] Found solution in: 1
I20260909 04:39:08.692919   321 skeleton_planner.h:170] Found solution in: 14
I20260909 04:39:08.692927   321 skeleton_planner.h:170] Found solution in: 1
I20260909 04:39:08.692935   321 skeleton_planner.h:170] Found solution in: 9
I20260909 04:39:08.692945   321 skeleton_planner.h:170] Found solution in: 1
I20260909 04:39:08.692950   321 skeleton_planner.h:170] Found solution in: 6
I20260909 04:39:08.692955   321 skeleton_planner.h:170] Found solution in: 4
I20260909 04:39:08.692975   321 skeleton_planner.h:170] Found solution in: 3
I20260909 04:39:08.692982   321 skeleton_planner.h:170] Found solution in: 1
I20260909 04:39:08.692987   321 skeleton_planner.h:170] Found solution in: 3
I20260909 04:39:08.693001   321 skeleton_planner.h:170] Found solution in: 16
I20260909 04:39:08.693009   321 skeleton_planner.h:170] Found solution in: 1
I20260909 04:39:08.693089   321 skeleton_planner.h:170] Found solution in: 3
I20260909 04:39:08.693099   321 skeleton_planner.h:170] Found solution in: 1
I20260909 04:39:08.693109   321 skeleton_planner.h:170] Found solution in: 10
I20260909 04:39:08.693116   321 skeleton_planner.h:170] Found solution in: 1
I20260909 04:39:08.693121   321 skeleton_planner.h:170] Found solution in: 5
I20260909 04:39:08.693130   321 skeleton_planner.h:170] Found solution in: 9
I20260909 04:39:08.693140   321 skeleton_planner.h:170] Found solution in: 1
I20260909 04:39:08.693145   321 skeleton_planner.h:170] Found solution in: 6
I20260909 04:39:08.693151   321 skeleton_planner.h:170] Found solution in: 5
I20260909 04:39:08.693161   321 skeleton_planner.h:170] Found solution in: 1
I20260909 04:39:08.693166   321 skeleton_planner.h:170] Found solution in: 4
I20260909 04:39:08.693178   321 skeleton_planner.h:170] Found solution in: 14
I20260909 04:39:08.693187   321 skeleton_planner.h:170] Found solution in: 1
I20260909 04:39:08.693284   321 skeleton_planner.h:170] Found solution in: 3
I20260909 04:39:08.693292   321 skeleton_planner.h:170] Found solution in: 1
I20260909 04:39:08.693295   321 skeleton_planner.h:170] Found solution in: 2
I20260909 04:39:08.693302   321 skeleton_planner.h:170] Found solution in: 1
I20260909 04:39:08.693307   321 skeleton_planner.h:170] Found solution in: 2
I20260909 04:39:08.693315   321 skeleton_planner.h:170] Found solution in: 1
I20260909 04:39:08.693321   321 skeleton_planner.h:170] Found solution in: 7
I20260909 04:39:08.693331   321 skeleton_planner.h:170] Found solution in: 12
I20260909 04:39:08.693341   321 skeleton_planner.h:170] Found solution in: 1
I20260909 04:39:08.693344   321 skeleton_planner.h:170] Found solution in: 4
I20260909 04:39:08.693373   321 skeleton_planner.h:170] Found solution in: 30
I20260909 04:39:08.693380   321 skeleton_planner.h:170] Found solution in: 1
I20260909 04:39:08.693463   321 skeleton_planner.h:170] Found solution in: 3
I20260909 04:39:08.693472   321 skeleton_planner.h:170] Found solution in: 1
I20260909 04:39:08.693492   321 skeleton_planner.h:170] Found solution in: 25
I20260909 04:39:08.694013   321 skeleton_planner.h:170] Found solution in: 6
I20260909 04:39:08.694025   321 skeleton_planner.h:170] Found solution in: 1
I20260909 04:39:08.694029   321 skeleton_planner.h:170] Found solution in: 3
I20260909 04:39:08.694041   321 skeleton_planner.h:170] Found solution in: 13
I20260909 04:39:08.694046   321 skeleton_planner.h:170] Found solution in: 1
I20260909 04:39:08.694052   321 skeleton_planner.h:170] Found solution in: 2
I20260909 04:39:08.694062   321 skeleton_planner.h:170] Found solution in: 3
I20260909 04:39:08.694069   321 skeleton_planner.h:170] Found solution in: 1
I20260909 04:39:08.694077   321 skeleton_planner.h:170] Found solution in: 7
I20260909 04:39:08.694110   321 skeleton_planner.h:170] Found solution in: 4
I20260909 04:39:08.694123   321 skeleton_planner.h:170] Found solution in: 1
I20260909 04:39:08.694231   321 skeleton_planner.h:170] Found solution in: 5
I20260909 04:39:08.694242   321 skeleton_planner.h:170] Found solution in: 1
I20260909 04:39:08.694247   321 skeleton_planner.h:170] Found solution in: 2
I20260909 04:39:08.694259   321 skeleton_planner.h:170] Found solution in: 3
I20260909 04:39:08.694269   321 skeleton_planner.h:170] Found solution in: 1
I20260909 04:39:08.694274   321 skeleton_planner.h:170] Found solution in: 4
I20260909 04:39:08.694288   321 skeleton_planner.h:170] Found solution in: 16
I20260909 04:39:08.694295   321 skeleton_planner.h:170] Found solution in: 8
I20260909 04:39:08.694303   321 skeleton_planner.h:170] Found solution in: 1
I20260909 04:39:08.694319   321 skeleton_planner.h:170] Found solution in: 3
I20260909 04:39:08.694329   321 skeleton_planner.h:170] Found solution in: 1
I20260909 04:39:08.694334   321 skeleton_planner.h:170] Found solution in: 2
I20260909 04:39:08.694769   321 skeleton_planner.h:170] Found solution in: 1
I20260909 04:39:08.694772   321 skeleton_planner.h:170] Found solution in: 2
I20260909 04:39:08.695223   321 skeleton_planner.h:170] Found solution in: 1
I20260909 04:39:08.695230   321 skeleton_planner.h:170] Found solution in: 4
I20260909 04:39:08.695235   321 skeleton_planner.h:170] Found solution in: 5
I20260909 04:39:08.695263   321 skeleton_planner.h:170] Found solution in: 5
I20260909 04:39:08.695271   321 skeleton_planner.h:170] Found solution in: 1
I20260909 04:39:08.695274   321 skeleton_planner.h:170] Found solution in: 2
I20260909 04:39:08.695288   321 skeleton_planner.h:170] Found solution in: 4
I20260909 04:39:08.695299   321 skeleton_planner.h:170] Found solution in: 1
I20260909 04:39:08.695394   321 skeleton_planner.h:170] Found solution in: 5
I20260909 04:39:08.695405   321 skeleton_planner.h:170] Found solution in: 1
I20260909 04:39:08.695420   321 skeleton_planner.h:170] Found solution in: 3
I20260909 04:39:08.695428   321 skeleton_planner.h:170] Found solution in: 1
I20260909 04:39:08.695432   321 skeleton_planner.h:170] Found solution in: 2
I20260909 04:39:08.695444   321 skeleton_planner.h:170] Found solution in: 3
I20260909 04:39:08.695452   321 skeleton_planner.h:170] Found solution in: 1
I20260909 04:39:08.695457   321 skeleton_planner.h:170] Found solution in: 4
I20260909 04:39:08.695473   321 skeleton_planner.h:170] Found solution in: 4
I20260909 04:39:08.695480   321 skeleton_planner.h:170] Found solution in: 1
I20260909 04:39:08.695493   321 skeleton_planner.h:170] Found solution in: 14
I20260909 04:39:08.695500   321 skeleton_planner.h:170] Found solution in: 1
I20260909 04:39:08.695514   321 skeleton_planner.h:170] Found solution in: 4
I20260909 04:39:08.695520   321 skeleton_planner.h:170] Found solution in: 1
I20260909 04:39:08.695526   321 skeleton_planner.h:170] Found solution in: 6
I20260909 04:39:08.695533   321 skeleton_planner.h:170] Found solution in: 1
I20260909 04:39:08.695542   321 skeleton_planner.h:170] Found solution in: 10
I20260909 04:39:08.695552   321 skeleton_planner.h:170] Found solution in: 1
I20260909 04:39:08.695555   321 skeleton_planner.h:170] Found solution in: 3
I20260909 04:39:08.695569   321 skeleton_planner.h:170] Found solution in: 4
I20260909 04:39:08.695580   321 skeleton_planner.h:170] Found solution in: 1
I20260909 04:39:08.695598   321 skeleton_planner.h:170] Found solution in: 5
I20260909 04:39:08.695606   321 skeleton_planner.h:170] Found solution in: 1
I20260909 04:39:08.695611   321 skeleton_planner.h:170] Found solution in: 2
I20260909 04:39:08.695624   321 skeleton_planner.h:170] Found solution in: 4
I20260909 04:39:08.695632   321 skeleton_planner.h:170] Found solution in: 1
I20260909 04:39:08.695649   321 skeleton_planner.h:170] Found solution in: 5
I20260909 04:39:08.695662   321 skeleton_planner.h:170] Found solution in: 1
I20260909 04:39:08.695668   321 skeleton_planner.h:170] Found solution in: 1
I20260909 04:39:08.695681   321 skeleton_planner.h:170] Found solution in: 3
I20260909 04:39:08.695690   321 skeleton_planner.h:170] Found solution in: 1
I20260909 04:39:08.695708   321 skeleton_planner.h:170] Found solution in: 4
I20260909 04:39:08.695720   321 skeleton_planner.h:170] Found solution in: 1
I20260909 04:39:08.695813   321 skeleton_planner.h:170] Found solution in: 4
I20260909 04:39:08.695822   321 skeleton_planner.h:170] Found solution in: 1
I20260909 04:39:08.695830   321 skeleton_planner.h:170] Found solution in: 7
I20260909 04:39:08.695837   321 skeleton_planner.h:170] Found solution in: 6
I20260909 04:39:08.695842   321 skeleton_planner.h:170] Found solution in: 7
I20260909 04:39:08.695848   321 skeleton_planner.h:170] Found solution in: 1
I20260909 04:39:08.695870   321 skeleton_planner.h:170] Found solution in: 4
I20260909 04:39:08.695878   321 skeleton_planner.h:170] Found solution in: 1
I20260909 04:39:08.695884   321 skeleton_planner.h:170] Found solution in: 6
I20260909 04:39:08.695891   321 skeleton_planner.h:170] Found solution in: 1
I20260909 04:39:08.696317   321 skeleton_planner.h:170] Found solution in: 5
I20260909 04:39:08.696326   321 skeleton_planner.h:170] Found solution in: 1
I20260909 04:39:08.696352   321 skeleton_planner.h:170] Found solution in: 5
I20260909 04:39:08.696360   321 skeleton_planner.h:170] Found solution in: 1
I20260909 04:39:08.696373   321 skeleton_planner.h:170] Found solution in: 4
I20260909 04:39:08.696380   321 skeleton_planner.h:170] Found solution in: 1
I20260909 04:39:08.696388   321 skeleton_planner.h:170] Found solution in: 1
I20260909 04:39:08.696429   321 skeleton_planner.h:170] Found solution in: 10
I20260909 04:39:08.696439   321 skeleton_planner.h:170] Found solution in: 1
I20260909 04:39:08.696448   321 skeleton_planner.h:170] Found solution in: 3
I20260909 04:39:08.696455   321 skeleton_planner.h:170] Found solution in: 1
I20260909 04:39:08.696468   321 skeleton_planner.h:170] Found solution in: 4
I20260909 04:39:08.696475   321 skeleton_planner.h:170] Found solution in: 1
I20260909 04:39:08.696480   321 skeleton_planner.h:170] Found solution in: 5
I20260909 04:39:08.696485   321 skeleton_planner.h:170] Found solution in: 4
I20260909 04:39:08.696851   321 skeleton_planner.h:170] Found solution in: 5
I20260909 04:39:08.696859   321 skeleton_planner.h:170] Found solution in: 1
I20260909 04:39:08.697574   321 skeleton_planner.h:170] Found solution in: 5
I20260909 04:39:08.697583   321 skeleton_planner.h:170] Found solution in: 1
I20260909 04:39:08.697775   321 skeleton_planner.h:170] Found solution in: 4
I20260909 04:39:08.697783   321 skeleton_planner.h:170] Found solution in: 1
I20260909 04:39:08.697786   321 skeleton_planner.h:170] Found solution in: 2
I20260909 04:39:08.697804   321 skeleton_planner.h:170] Found solution in: 8
I20260909 04:39:08.697811   321 skeleton_planner.h:170] Found solution in: 1
I20260909 04:39:08.697837   321 skeleton_planner.h:170] Found solution in: 8
I20260909 04:39:08.697844   321 skeleton_planner.h:170] Found solution in: 1
I20260909 04:39:08.697861   321 skeleton_planner.h:170] Found solution in: 5
I20260909 04:39:08.697870   321 skeleton_planner.h:170] Found solution in: 1
I20260909 04:39:08.697877   321 skeleton_planner.h:170] Found solution in: 1
I20260909 04:39:08.697888   321 skeleton_planner.h:170] Found solution in: 11
I20260909 04:39:08.697894   321 skeleton_planner.h:170] Found solution in: 1
I20260909 04:39:08.697899   321 skeleton_planner.h:170] Found solution in: 4
I20260909 04:39:08.697911   321 skeleton_planner.h:170] Found solution in: 1
I20260909 04:39:08.697923   321 skeleton_planner.h:170] Found solution in: 3
I20260909 04:39:08.697930   321 skeleton_planner.h:170] Found solution in: 1
I20260909 04:39:08.697939   321 skeleton_planner.h:170] Found solution in: 1
I20260909 04:39:08.697952   321 skeleton_planner.h:170] Found solution in: 11
I20260909 04:39:08.697961   321 skeleton_planner.h:170] Found solution in: 1
I20260909 04:39:08.697969   321 skeleton_planner.h:170] Found solution in: 9
I20260909 04:39:08.697978   321 skeleton_planner.h:170] Found solution in: 1
I20260909 04:39:08.697988   321 skeleton_planner.h:170] Found solution in: 4
I20260909 04:39:08.698074   321 skeleton_planner.h:170] Found solution in: 4
I20260909 04:39:08.698084   321 skeleton_planner.h:170] Found solution in: 1
I20260909 04:39:08.698169   321 skeleton_planner.h:170] Found solution in: 4
I20260909 04:39:08.698177   321 skeleton_planner.h:170] Found solution in: 1
I20260909 04:39:08.698190   321 skeleton_planner.h:170] Found solution in: 3
I20260909 04:39:08.698199   321 skeleton_planner.h:170] Found solution in: 1
I20260909 04:39:08.698213   321 skeleton_planner.h:170] Found solution in: 3
I20260909 04:39:08.698221   321 skeleton_planner.h:170] Found solution in: 1
I20260909 04:39:08.698640   321 skeleton_planner.h:170] Found solution in: 1
I20260909 04:39:08.698648   321 skeleton_planner.h:170] Found solution in: 1
I20260909 04:39:08.698680   321 skeleton_planner.h:170] Found solution in: 6
I20260909 04:39:08.698691   321 skeleton_planner.h:170] Found solution in: 1
I20260909 04:39:08.698696   321 skeleton_planner.h:170] Found solution in: 2
I20260909 04:39:08.698707   321 skeleton_planner.h:170] Found solution in: 4
I20260909 04:39:08.698714   321 skeleton_planner.h:170] Found solution in: 1
I20260909 04:39:08.698717   321 skeleton_planner.h:170] Found solution in: 2
I20260909 04:39:08.698724   321 skeleton_planner.h:170] Found solution in: 1
I20260909 04:39:08.698726   321 skeleton_planner.h:170] Found solution in: 2
I20260909 04:39:08.698740   321 skeleton_planner.h:170] Found solution in: 5
I20260909 04:39:08.698750   321 skeleton_planner.h:170] Found solution in: 1
I20260909 04:39:08.698766   321 skeleton_planner.h:170] Found solution in: 5
I20260909 04:39:08.698773   321 skeleton_planner.h:170] Found solution in: 1
I20260909 04:39:08.698788   321 skeleton_planner.h:170] Found solution in: 4
I20260909 04:39:08.698797   321 skeleton_planner.h:170] Found solution in: 1
I20260909 04:39:08.698812   321 skeleton_planner.h:170] Found solution in: 4
I20260909 04:39:08.698820   321 skeleton_planner.h:170] Found solution in: 1
I20260909 04:39:08.698824   321 skeleton_planner.h:170] Found solution in: 2
I20260909 04:39:08.698836   321 skeleton_planner.h:170] Found solution in: 3
I20260909 04:39:08.698843   321 skeleton_planner.h:170] Found solution in: 1
I20260909 04:39:08.698849   321 skeleton_planner.h:170] Found solution in: 1
I20260909 04:39:08.698864   321 skeleton_planner.h:170] Found solution in: 15
I20260909 04:39:08.698874   321 skeleton_planner.h:170] Found solution in: 1
I20260909 04:39:08.698889   321 skeleton_planner.h:170] Found solution in: 16
I20260909 04:39:08.698895   321 skeleton_planner.h:170] Found solution in: 1
I20260909 04:39:08.698899   321 skeleton_planner.h:170] Found solution in: 2
I20260909 04:39:08.698920   321 skeleton_planner.h:170] Found solution in: 6
I20260909 04:39:08.698926   321 skeleton_planner.h:170] Found solution in: 1
I20260909 04:39:08.698937   321 skeleton_planner.h:170] Found solution in: 3
I20260909 04:39:08.698944   321 skeleton_planner.h:170] Found solution in: 1
I20260909 04:39:08.698971   321 skeleton_planner.h:170] Found solution in: 10
I20260909 04:39:08.698978   321 skeleton_planner.h:170] Found solution in: 1
I20260909 04:39:08.698982   321 skeleton_planner.h:170] Found solution in: 3
I20260909 04:39:08.698992   321 skeleton_planner.h:170] Found solution in: 1
I20260909 04:39:08.698995   321 skeleton_planner.h:170] Found solution in: 3
I20260909 04:39:08.698999   321 skeleton_planner.h:170] Found solution in: 4
I20260909 04:39:08.699028   321 skeleton_planner.h:170] Found solution in: 10
I20260909 04:39:08.699036   321 skeleton_planner.h:170] Found solution in: 1
I20260909 04:39:08.699040   321 skeleton_planner.h:170] Found solution in: 4
I20260909 04:39:08.699222   321 skeleton_planner.h:170] Found solution in: 1
I20260909 04:39:08.699227   321 skeleton_planner.h:170] Found solution in: 4
I20260909 04:39:08.699260   321 skeleton_planner.h:170] Found solution in: 10
I20260909 04:39:08.699270   321 skeleton_planner.h:170] Found solution in: 1
I20260909 04:39:08.699273   321 skeleton_planner.h:170] Found solution in: 4
I20260909 04:39:08.699642   321 skeleton_planner.h:170] Found solution in: 1
I20260909 04:39:08.700084   321 skeleton_planner.h:170] Found solution in: 7
I20260909 04:39:08.700091   321 skeleton_planner.h:170] Found solution in: 1
I20260909 04:39:08.700094   321 skeleton_planner.h:170] Found solution in: 2
I20260909 04:39:08.700736   321 skeleton_planner.h:170] Found solution in: 1
I20260909 04:39:08.700740   321 skeleton_planner.h:170] Found solution in: 2
I20260909 04:39:08.701191   321 skeleton_planner.h:170] Found solution in: 1
I20260909 04:39:08.701196   321 skeleton_planner.h:170] Found solution in: 3
I20260909 04:39:08.701242   321 skeleton_planner.h:170] Found solution in: 19
I20260909 04:39:08.701252   321 skeleton_planner.h:170] Found solution in: 1
I20260909 04:39:08.701256   321 skeleton_planner.h:170] Found solution in: 3
I20260909 04:39:08.701277   321 skeleton_planner.h:170] Found solution in: 5
I20260909 04:39:08.701284   321 skeleton_planner.h:170] Found solution in: 1
I20260909 04:39:08.701494   321 skeleton_planner.h:170] Found solution in: 9
I20260909 04:39:08.701503   321 skeleton_planner.h:170] Found solution in: 1
I20260909 04:39:08.701506   321 skeleton_planner.h:170] Found solution in: 2
I20260909 04:39:08.701517   321 skeleton_planner.h:170] Found solution in: 4
I20260909 04:39:08.701522   321 skeleton_planner.h:170] Found solution in: 1
I20260909 04:39:08.701531   321 skeleton_planner.h:170] Found solution in: 3
I20260909 04:39:08.701538   321 skeleton_planner.h:170] Found solution in: 1
I20260909 04:39:08.701552   321 skeleton_planner.h:170] Found solution in: 3
I20260909 04:39:08.701563   321 skeleton_planner.h:170] Found solution in: 1
I20260909 04:39:08.701592   321 skeleton_planner.h:170] Found solution in: 11
I20260909 04:39:08.701601   321 skeleton_planner.h:170] Found solution in: 1
I20260909 04:39:08.701624   321 skeleton_planner.h:170] Found solution in: 4
I20260909 04:39:08.701633   321 skeleton_planner.h:170] Found solution in: 1
I20260909 04:39:08.701637   321 skeleton_planner.h:170] Found solution in: 3
I20260909 04:39:08.701650   321 skeleton_planner.h:170] Found solution in: 5
I20260909 04:39:08.701658   321 skeleton_planner.h:170] Found solution in: 1
I20260909 04:39:08.701676   321 skeleton_planner.h:170] Found solution in: 5
I20260909 04:39:08.701685   321 skeleton_planner.h:170] Found solution in: 1
I20260909 04:39:08.701704   321 skeleton_planner.h:170] Found solution in: 3
I20260909 04:39:08.701715   321 skeleton_planner.h:170] Found solution in: 1
I20260909 04:39:08.701723   321 skeleton_planner.h:170] Found solution in: 1
I20260909 04:39:08.701810   321 skeleton_planner.h:170] Found solution in: 3
I20260909 04:39:08.701818   321 skeleton_planner.h:170] Found solution in: 1
I20260909 04:39:08.701824   321 skeleton_planner.h:170] Found solution in: 5
I20260909 04:39:08.701833   321 skeleton_planner.h:170] Found solution in: 1
I20260909 04:39:08.701843   321 skeleton_planner.h:170] Found solution in: 11
I20260909 04:39:08.701937   321 skeleton_planner.h:170] Found solution in: 4
I20260909 04:39:08.701949   321 skeleton_planner.h:170] Found solution in: 1
I20260909 04:39:08.702044   321 skeleton_planner.h:170] Found solution in: 4
I20260909 04:39:08.702052   321 skeleton_planner.h:170] Found solution in: 1
I20260909 04:39:08.702136   321 skeleton_planner.h:170] Found solution in: 3
I20260909 04:39:08.702147   321 skeleton_planner.h:170] Found solution in: 1
I20260909 04:39:08.702153   321 skeleton_planner.h:170] Found solution in: 5
I20260909 04:39:08.702224   321 skeleton_planner.h:170] Found solution in: 84
I20260909 04:39:08.702236   321 skeleton_planner.h:170] Found solution in: 1
I20260909 04:39:08.702323   321 skeleton_planner.h:170] Found solution in: 3
I20260909 04:39:08.702334   321 skeleton_planner.h:170] Found solution in: 1
I20260909 04:39:08.702421   321 skeleton_planner.h:170] Found solution in: 3
I20260909 04:39:08.702433   321 skeleton_planner.h:170] Found solution in: 1
I20260909 04:39:08.702525   321 skeleton_planner.h:170] Found solution in: 3
I20260909 04:39:08.702533   321 skeleton_planner.h:170] Found solution in: 1
I20260909 04:39:08.702546   321 skeleton_planner.h:170] Found solution in: 16
I20260909 04:39:08.702639   321 skeleton_planner.h:170] Found solution in: 3
I20260909 04:39:08.702648   321 skeleton_planner.h:170] Found solution in: 1
I20260909 04:39:08.702744   321 skeleton_planner.h:170] Found solution in: 4
I20260909 04:39:08.702754   321 skeleton_planner.h:170] Found solution in: 1
I20260909 04:39:08.702759   321 skeleton_planner.h:170] Found solution in: 1
I20260909 04:39:08.702775   321 skeleton_planner.h:170] Found solution in: 21
I20260909 04:39:08.702781   321 skeleton_planner.h:170] Found solution in: 1
I20260909 04:39:08.702801   321 skeleton_planner.h:170] Found solution in: 25
I20260909 04:39:08.702809   321 skeleton_planner.h:170] Found solution in: 1
I20260909 04:39:08.702816   321 skeleton_planner.h:170] Found solution in: 7
I20260909 04:39:08.702826   321 skeleton_planner.h:170] Found solution in: 10
I20260909 04:39:08.702832   321 skeleton_planner.h:170] Found solution in: 1
I20260909 04:39:08.702854   321 skeleton_planner.h:170] Found solution in: 8
I20260909 04:39:08.702863   321 skeleton_planner.h:170] Found solution in: 1
I20260909 04:39:08.702867   321 skeleton_planner.h:170] Found solution in: 3
I20260909 04:39:08.702890   321 skeleton_planner.h:170] Found solution in: 7
I20260909 04:39:08.702903   321 skeleton_planner.h:170] Found solution in: 1
I20260909 04:39:08.702910   321 skeleton_planner.h:170] Found solution in: 8
I20260909 04:39:08.702915   321 skeleton_planner.h:170] Found solution in: 5
I20260909 04:39:08.702922   321 skeleton_planner.h:170] Found solution in: 1
I20260909 04:39:08.702931   321 skeleton_planner.h:170] Found solution in: 10
I20260909 04:39:08.702939   321 skeleton_planner.h:170] Found solution in: 6
I20260909 04:39:08.702943   321 skeleton_planner.h:170] Found solution in: 1
I20260909 04:39:08.702951   321 skeleton_planner.h:170] Found solution in: 10
I20260909 04:39:08.702957   321 skeleton_planner.h:170] Found solution in: 5
I20260909 04:39:08.702965   321 skeleton_planner.h:170] Found solution in: 1
I20260909 04:39:08.702989   321 skeleton_planner.h:170] Found solution in: 28
I20260909 04:39:08.703020   321 skeleton_planner.h:170] Found solution in: 39
I20260909 04:39:08.703115   321 skeleton_planner.h:170] Found solution in: 5
I20260909 04:39:08.703122   321 skeleton_planner.h:170] Found solution in: 1
I20260909 04:39:08.703130   321 skeleton_planner.h:170] Found solution in: 8
I20260909 04:39:08.703136   321 skeleton_planner.h:170] Found solution in: 1
I20260909 04:39:08.703143   321 skeleton_planner.h:170] Found solution in: 6
I20260909 04:39:08.703150   321 skeleton_planner.h:170] Found solution in: 6
I20260909 04:39:08.703154   321 skeleton_planner.h:170] Found solution in: 1
I20260909 04:39:08.703161   321 skeleton_planner.h:170] Found solution in: 1
I20260909 04:39:08.703166   321 skeleton_planner.h:170] Found solution in: 5
I20260909 04:39:08.703228   321 skeleton_planner.h:170] Found solution in: 75
I20260909 04:39:08.703244   321 skeleton_planner.h:170] Found solution in: 1
I20260909 04:39:08.703253   321 skeleton_planner.h:170] Found solution in: 9
I20260909 04:39:08.703260   321 skeleton_planner.h:170] Found solution in: 1
I20260909 04:39:08.703265   321 skeleton_planner.h:170] Found solution in: 4
I20260909 04:39:08.703277   321 skeleton_planner.h:170] Found solution in: 14
I20260909 04:39:08.703286   321 skeleton_planner.h:170] Found solution in: 1
I20260909 04:39:08.703297   321 skeleton_planner.h:170] Found solution in: 12
I20260909 04:39:08.703303   321 skeleton_planner.h:170] Found solution in: 1
I20260909 04:39:08.703312   321 skeleton_planner.h:170] Found solution in: 1
I20260909 04:39:08.703317   321 skeleton_planner.h:170] Found solution in: 4
I20260909 04:39:08.703357   321 skeleton_planner.h:170] Found solution in: 49
I20260909 04:39:08.703390   321 skeleton_planner.h:170] Found solution in: 41
I20260909 04:39:08.703398   321 skeleton_planner.h:170] Found solution in: 7
I20260909 04:39:08.703408   321 skeleton_planner.h:170] Found solution in: 1
I20260909 04:39:08.703418   321 skeleton_planner.h:170] Found solution in: 1
I20260909 04:39:08.703429   321 skeleton_planner.h:170] Found solution in: 12
I20260909 04:39:08.703436   321 skeleton_planner.h:170] Found solution in: 7
I20260909 04:39:08.703444   321 skeleton_planner.h:170] Found solution in: 7
I20260909 04:39:08.703450   321 skeleton_planner.h:170] Found solution in: 1
I20260909 04:39:08.703455   321 skeleton_planner.h:170] Found solution in: 4
I20260909 04:39:08.703971   321 skeleton_planner.h:170] Found solution in: 1
I20260909 04:39:08.703976   321 skeleton_planner.h:170] Found solution in: 3
I20260909 04:39:08.703991   321 skeleton_planner.h:170] Found solution in: 4
I20260909 04:39:08.704000   321 skeleton_planner.h:170] Found solution in: 1
I20260909 04:39:08.704015   321 skeleton_planner.h:170] Found solution in: 17
I20260909 04:39:08.704031   321 skeleton_planner.h:170] Found solution in: 17
I20260909 04:39:08.704039   321 skeleton_planner.h:170] Found solution in: 8
I20260909 04:39:08.704046   321 skeleton_planner.h:170] Found solution in: 1
I20260909 04:39:08.704054   321 skeleton_planner.h:170] Found solution in: 1
I20260909 04:39:08.704088   321 skeleton_planner.h:170] Found solution in: 7
I20260909 04:39:08.704097   321 skeleton_planner.h:170] Found solution in: 1
I20260909 04:39:08.704109   321 skeleton_planner.h:170] Found solution in: 11
I20260909 04:39:08.704116   321 skeleton_planner.h:170] Found solution in: 5
I20260909 04:39:08.704123   321 skeleton_planner.h:170] Found solution in: 1
I20260909 04:39:08.704144   321 skeleton_planner.h:170] Found solution in: 5
I20260909 04:39:08.704152   321 skeleton_planner.h:170] Found solution in: 1
I20260909 04:39:08.704155   321 skeleton_planner.h:170] Found solution in: 2
I20260909 04:39:08.704170   321 skeleton_planner.h:170] Found solution in: 7
I20260909 04:39:08.704177   321 skeleton_planner.h:170] Found solution in: 1
I20260909 04:39:08.704198   321 skeleton_planner.h:170] Found solution in: 7
I20260909 04:39:08.704205   321 skeleton_planner.h:170] Found solution in: 1
I20260909 04:39:08.704210   321 skeleton_planner.h:170] Found solution in: 5
I20260909 04:39:08.704226   321 skeleton_planner.h:170] Found solution in: 5
I20260909 04:39:08.704238   321 skeleton_planner.h:170] Found solution in: 1
I20260909 04:39:08.704340   321 skeleton_planner.h:170] Found solution in: 5
I20260909 04:39:08.704351   321 skeleton_planner.h:170] Found solution in: 1
I20260909 04:39:08.704356   321 skeleton_planner.h:170] Found solution in: 2
I20260909 04:39:08.704362   321 skeleton_planner.h:170] Found solution in: 1
I20260909 04:39:08.704365   321 skeleton_planner.h:170] Found solution in: 2
I20260909 04:39:08.704375   321 skeleton_planner.h:170] Found solution in: 1
I20260909 04:39:08.704394   321 skeleton_planner.h:170] Found solution in: 19
I20260909 04:39:08.704404   321 skeleton_planner.h:170] Found solution in: 1
I20260909 04:39:08.704413   321 skeleton_planner.h:170] Found solution in: 8
I20260909 04:39:08.704421   321 skeleton_planner.h:170] Found solution in: 1
I20260909 04:39:08.704427   321 skeleton_planner.h:170] Found solution in: 5
I20260909 04:39:08.704432   321 skeleton_planner.h:170] Found solution in: 1
I20260909 04:39:08.704437   321 skeleton_planner.h:170] Found solution in: 5
I20260909 04:39:08.704445   321 skeleton_planner.h:170] Found solution in: 1
I20260909 04:39:08.704455   321 skeleton_planner.h:170] Found solution in: 11
I20260909 04:39:08.704466   321 skeleton_planner.h:170] Found solution in: 1
I20260909 04:39:08.704564   321 skeleton_planner.h:170] Found solution in: 4
I20260909 04:39:08.704577   321 skeleton_planner.h:170] Found solution in: 1
I20260909 04:39:08.704591   321 skeleton_planner.h:170] Found solution in: 3
I20260909 04:39:08.704600   321 skeleton_planner.h:170] Found solution in: 1
I20260909 04:39:08.704694   321 skeleton_planner.h:170] Found solution in: 3
I20260909 04:39:08.704701   321 skeleton_planner.h:170] Found solution in: 1
I20260909 04:39:08.704792   321 skeleton_planner.h:170] Found solution in: 3
I20260909 04:39:08.704798   321 skeleton_planner.h:170] Found solution in: 1
I20260909 04:39:08.704810   321 skeleton_planner.h:170] Found solution in: 3
I20260909 04:39:08.704818   321 skeleton_planner.h:170] Found solution in: 1
I20260909 04:39:08.704828   321 skeleton_planner.h:170] Found solution in: 3
I20260909 04:39:08.704836   321 skeleton_planner.h:170] Found solution in: 1
I20260909 04:39:08.704841   321 skeleton_planner.h:170] Found solution in: 5
I20260909 04:39:08.704849   321 skeleton_planner.h:170] Found solution in: 1
I20260909 04:39:08.704859   321 skeleton_planner.h:170] Found solution in: 13
I20260909 04:39:08.704949   321 skeleton_planner.h:170] Found solution in: 4
I20260909 04:39:08.704957   321 skeleton_planner.h:170] Found solution in: 1
I20260909 04:39:08.705054   321 skeleton_planner.h:170] Found solution in: 6
I20260909 04:39:08.705065   321 skeleton_planner.h:170] Found solution in: 1
I20260909 04:39:08.705070   321 skeleton_planner.h:170] Found solution in: 2
I20260909 04:39:08.705080   321 skeleton_planner.h:170] Found solution in: 3
I20260909 04:39:08.705087   321 skeleton_planner.h:170] Found solution in: 1
I20260909 04:39:08.705170   321 skeleton_planner.h:170] Found solution in: 3
I20260909 04:39:08.705183   321 skeleton_planner.h:170] Found solution in: 1
I20260909 04:39:08.705197   321 skeleton_planner.h:170] Found solution in: 4
I20260909 04:39:08.705206   321 skeleton_planner.h:170] Found solution in: 1
I20260909 04:39:08.705266   321 skeleton_planner.h:170] Found solution in: 27
I20260909 04:39:08.705279   321 skeleton_planner.h:170] Found solution in: 1
I20260909 04:39:08.705288   321 skeleton_planner.h:170] Found solution in: 1
I20260909 04:39:08.705303   321 skeleton_planner.h:170] Found solution in: 5
I20260909 04:39:08.705314   321 skeleton_planner.h:170] Found solution in: 1
I20260909 04:39:08.705416   321 skeleton_planner.h:170] Found solution in: 7
I20260909 04:39:08.705428   321 skeleton_planner.h:170] Found solution in: 1
I20260909 04:39:08.705437   321 skeleton_planner.h:170] Found solution in: 9
I20260909 04:39:08.705446   321 skeleton_planner.h:170] Found solution in: 9
I20260909 04:39:08.705454   321 skeleton_planner.h:170] Found solution in: 1
I20260909 04:39:08.705459   321 skeleton_planner.h:170] Found solution in: 5
I20260909 04:39:08.705467   321 skeleton_planner.h:170] Found solution in: 1
I20260909 04:39:08.705472   321 skeleton_planner.h:170] Found solution in: 1
I20260909 04:39:08.705488   321 skeleton_planner.h:170] Found solution in: 4
I20260909 04:39:08.705497   321 skeleton_planner.h:170] Found solution in: 1
I20260909 04:39:08.705503   321 skeleton_planner.h:170] Found solution in: 1
I20260909 04:39:08.705509   321 skeleton_planner.h:170] Found solution in: 5
I20260909 04:39:08.705541   321 skeleton_planner.h:170] Found solution in: 4
I20260909 04:39:08.705554   321 skeleton_planner.h:170] Found solution in: 1
I20260909 04:39:08.705574   321 skeleton_planner.h:170] Found solution in: 22
I20260909 04:39:08.705591   321 skeleton_planner.h:170] Found solution in: 22
I20260909 04:39:08.705602   321 skeleton_planner.h:170] Found solution in: 1
I20260909 04:39:08.705693   321 skeleton_planner.h:170] Found solution in: 3
I20260909 04:39:08.705703   321 skeleton_planner.h:170] Found solution in: 1
I20260909 04:39:08.705791   321 skeleton_planner.h:170] Found solution in: 3
I20260909 04:39:08.705798   321 skeleton_planner.h:170] Found solution in: 1
I20260909 04:39:08.705809   321 skeleton_planner.h:170] Found solution in: 3
I20260909 04:39:08.705817   321 skeleton_planner.h:170] Found solution in: 1
I20260909 04:39:08.705837   321 skeleton_planner.h:170] Found solution in: 26
I20260909 04:39:08.705855   321 skeleton_planner.h:170] Found solution in: 18
I20260909 04:39:08.705865   321 skeleton_planner.h:170] Found solution in: 1
I20260909 04:39:08.705873   321 skeleton_planner.h:170] Found solution in: 8
I20260909 04:39:08.705891   321 skeleton_planner.h:170] Found solution in: 5
I20260909 04:39:08.705899   321 skeleton_planner.h:170] Found solution in: 1
I20260909 04:39:08.706058   321 skeleton_planner.h:170] Found solution in: 71
I20260909 04:39:08.706220   321 skeleton_planner.h:170] Found solution in: 71
I20260909 04:39:08.706235   321 skeleton_planner.h:170] Found solution in: 1
I20260909 04:39:08.706245   321 skeleton_planner.h:170] Found solution in: 3
I20260909 04:39:08.706251   321 skeleton_planner.h:170] Found solution in: 1
I20260909 04:39:08.706264   321 skeleton_planner.h:170] Found solution in: 4
I20260909 04:39:08.706270   321 skeleton_planner.h:170] Found solution in: 1
I20260909 04:39:08.706300   321 skeleton_planner.h:170] Found solution in: 6
I20260909 04:39:08.706315   321 skeleton_planner.h:170] Found solution in: 1
I20260909 04:39:08.706326   321 skeleton_planner.h:170] Found solution in: 12
I20260909 04:39:08.706368   321 skeleton_planner.h:170] Found solution in: 8
I20260909 04:39:08.706378   321 skeleton_planner.h:170] Found solution in: 1
I20260909 04:39:08.706382   321 skeleton_planner.h:170] Found solution in: 3
I20260909 04:39:08.706399   321 skeleton_planner.h:170] Found solution in: 5
I20260909 04:39:08.706408   321 skeleton_planner.h:170] Found solution in: 1
I20260909 04:39:08.706418   321 skeleton_planner.h:170] Found solution in: 3
I20260909 04:39:08.706425   321 skeleton_planner.h:170] Found solution in: 1
I20260909 04:39:08.706437   321 skeleton_planner.h:170] Found solution in: 14
I20260909 04:39:08.706442   321 skeleton_planner.h:170] Found solution in: 1
I20260909 04:39:08.706453   321 skeleton_planner.h:170] Found solution in: 14
I20260909 04:39:08.706461   321 skeleton_planner.h:170] Found solution in: 1
I20260909 04:39:08.706468   321 skeleton_planner.h:170] Found solution in: 6
I20260909 04:39:08.706475   321 skeleton_planner.h:170] Found solution in: 6
I20260909 04:39:08.706483   321 skeleton_planner.h:170] Found solution in: 1
I20260909 04:39:08.706490   321 skeleton_planner.h:170] Found solution in: 1
I20260909 04:39:08.706583   321 skeleton_planner.h:170] Found solution in: 3
I20260909 04:39:08.706593   321 skeleton_planner.h:170] Found solution in: 1
I20260909 04:39:08.706599   321 skeleton_planner.h:170] Found solution in: 1
I20260909 04:39:08.706622   321 skeleton_planner.h:170] Found solution in: 3
I20260909 04:39:08.706632   321 skeleton_planner.h:170] Found solution in: 1
I20260909 04:39:08.706636   321 skeleton_planner.h:170] Found solution in: 2
I20260909 04:39:08.706648   321 skeleton_planner.h:170] Found solution in: 4
I20260909 04:39:08.706656   321 skeleton_planner.h:170] Found solution in: 1
I20260909 04:39:08.706662   321 skeleton_planner.h:170] Found solution in: 5
I20260909 04:39:08.706670   321 skeleton_planner.h:170] Found solution in: 1
I20260909 04:39:08.706676   321 skeleton_planner.h:170] Found solution in: 4
I20260909 04:39:08.706682   321 skeleton_planner.h:170] Found solution in: 6
I20260909 04:39:08.706708   321 skeleton_planner.h:170] Found solution in: 7
I20260909 04:39:08.706722   321 skeleton_planner.h:170] Found solution in: 1
I20260909 04:39:08.706727   321 skeleton_planner.h:170] Found solution in: 6
I20260909 04:39:08.706732   321 skeleton_planner.h:170] Found solution in: 1
I20260909 04:39:08.706738   321 skeleton_planner.h:170] Found solution in: 6
I20260909 04:39:08.706744   321 skeleton_planner.h:170] Found solution in: 1
I20260909 04:39:08.706748   321 skeleton_planner.h:170] Found solution in: 3
I20260909 04:39:08.706761   321 skeleton_planner.h:170] Found solution in: 4
I20260909 04:39:08.706768   321 skeleton_planner.h:170] Found solution in: 1
I20260909 04:39:08.706779   321 skeleton_planner.h:170] Found solution in: 3
I20260909 04:39:08.706786   321 skeleton_planner.h:170] Found solution in: 1
I20260909 04:39:08.706804   321 skeleton_planner.h:170] Found solution in: 6
I20260909 04:39:08.706811   321 skeleton_planner.h:170] Found solution in: 1
I20260909 04:39:08.706823   321 skeleton_planner.h:170] Found solution in: 4
I20260909 04:39:08.706838   321 skeleton_planner.h:170] Found solution in: 1
I20260909 04:39:08.706842   321 skeleton_planner.h:170] Found solution in: 2
I20260909 04:39:08.707592   321 skeleton_planner.h:170] Found solution in: 1
I20260909 04:39:08.707597   321 skeleton_planner.h:170] Found solution in: 2
I20260909 04:39:08.708346   321 skeleton_planner.h:170] Found solution in: 1
I20260909 04:39:08.708352   321 skeleton_planner.h:170] Found solution in: 5
I20260909 04:39:08.708382   321 skeleton_planner.h:170] Found solution in: 4
I20260909 04:39:08.708392   321 skeleton_planner.h:170] Found solution in: 1
I20260909 04:39:08.708396   321 skeleton_planner.h:170] Found solution in: 2
I20260909 04:39:08.708406   321 skeleton_planner.h:170] Found solution in: 3
I20260909 04:39:08.708415   321 skeleton_planner.h:170] Found solution in: 1
I20260909 04:39:08.708425   321 skeleton_planner.h:170] Found solution in: 11
I20260909 04:39:08.708437   321 skeleton_planner.h:170] Found solution in: 1
I20260909 04:39:08.708537   321 skeleton_planner.h:170] Found solution in: 5
I20260909 04:39:08.708546   321 skeleton_planner.h:170] Found solution in: 1
I20260909 04:39:08.708629   321 skeleton_planner.h:170] Found solution in: 3
I20260909 04:39:08.708637   321 skeleton_planner.h:170] Found solution in: 1
I20260909 04:39:08.708647   321 skeleton_planner.h:170] Found solution in: 11
I20260909 04:39:08.708654   321 skeleton_planner.h:170] Found solution in: 7
I20260909 04:39:08.708662   321 skeleton_planner.h:170] Found solution in: 1
I20260909 04:39:08.708675   321 skeleton_planner.h:170] Found solution in: 15
I20260909 04:39:08.708699   321 skeleton_planner.h:170] Found solution in: 29
I20260909 04:39:08.708709   321 skeleton_planner.h:170] Found solution in: 1
I20260909 04:39:08.708715   321 skeleton_planner.h:170] Found solution in: 8
I20260909 04:39:08.708725   321 skeleton_planner.h:170] Found solution in: 12
I20260909 04:39:08.708732   321 skeleton_planner.h:170] Found solution in: 1
I20260909 04:39:08.708740   321 skeleton_planner.h:170] Found solution in: 1
I20260909 04:39:08.708745   321 skeleton_planner.h:170] Found solution in: 4
I20260909 04:39:08.708765   321 skeleton_planner.h:170] Found solution in: 23
I20260909 04:39:08.708771   321 skeleton_planner.h:170] Found solution in: 1
I20260909 04:39:08.708776   321 skeleton_planner.h:170] Found solution in: 4
I20260909 04:39:08.708793   321 skeleton_planner.h:170] Found solution in: 23
I20260909 04:39:08.708803   321 skeleton_planner.h:170] Found solution in: 1
I20260909 04:39:08.708808   321 skeleton_planner.h:170] Found solution in: 1
I20260909 04:39:08.708812   321 skeleton_planner.h:170] Found solution in: 3
I20260909 04:39:08.708820   321 skeleton_planner.h:170] Found solution in: 1
I20260909 04:39:08.708827   321 skeleton_planner.h:170] Found solution in: 6
I20260909 04:39:08.708835   321 skeleton_planner.h:170] Found solution in: 10
I20260909 04:39:08.708842   321 skeleton_planner.h:170] Found solution in: 1
I20260909 04:39:08.708853   321 skeleton_planner.h:170] Found solution in: 1
I20260909 04:39:08.708947   321 skeleton_planner.h:170] Found solution in: 6
I20260909 04:39:08.708957   321 skeleton_planner.h:170] Found solution in: 1
I20260909 04:39:08.708963   321 skeleton_planner.h:170] Found solution in: 5
I20260909 04:39:08.708971   321 skeleton_planner.h:170] Found solution in: 1
I20260909 04:39:08.708976   321 skeleton_planner.h:170] Found solution in: 3
I20260909 04:39:08.708990   321 skeleton_planner.h:170] Found solution in: 4
I20260909 04:39:08.708999   321 skeleton_planner.h:170] Found solution in: 1
I20260909 04:39:08.709005   321 skeleton_planner.h:170] Found solution in: 5
I20260909 04:39:08.709038   321 skeleton_planner.h:170] Found solution in: 44
I20260909 04:39:08.709049   321 skeleton_planner.h:170] Found solution in: 1
I20260909 04:39:08.709064   321 skeleton_planner.h:170] Found solution in: 5
I20260909 04:39:08.709076   321 skeleton_planner.h:170] Found solution in: 1
I20260909 04:39:08.709079   321 skeleton_planner.h:170] Found solution in: 2
I20260909 04:39:08.709092   321 skeleton_planner.h:170] Found solution in: 4
I20260909 04:39:08.709101   321 skeleton_planner.h:170] Found solution in: 1
I20260909 04:39:08.709115   321 skeleton_planner.h:170] Found solution in: 5
I20260909 04:39:08.709124   321 skeleton_planner.h:170] Found solution in: 1
I20260909 04:39:08.709152   321 skeleton_planner.h:170] Found solution in: 31
I20260909 04:39:08.709159   321 skeleton_planner.h:170] Found solution in: 1
I20260909 04:39:08.709167   321 skeleton_planner.h:170] Found solution in: 1
I20260909 04:39:08.709170   321 skeleton_planner.h:170] Found solution in: 4
I20260909 04:39:08.709189   321 skeleton_planner.h:170] Found solution in: 4
I20260909 04:39:08.709195   321 skeleton_planner.h:170] Found solution in: 1
I20260909 04:39:08.709206   321 skeleton_planner.h:170] Found solution in: 11
I20260909 04:39:08.709214   321 skeleton_planner.h:170] Found solution in: 1
I20260909 04:39:08.709296   321 skeleton_planner.h:170] Found solution in: 3
I20260909 04:39:08.709302   321 skeleton_planner.h:170] Found solution in: 1
I20260909 04:39:08.709308   321 skeleton_planner.h:170] Found solution in: 3
I20260909 04:39:08.709316   321 skeleton_planner.h:170] Found solution in: 9
I20260909 04:39:08.709321   321 skeleton_planner.h:170] Found solution in: 4
I20260909 04:39:08.709328   321 skeleton_planner.h:170] Found solution in: 1
I20260909 04:39:08.709332   321 skeleton_planner.h:170] Found solution in: 3
I20260909 04:39:08.709345   321 skeleton_planner.h:170] Found solution in: 3
I20260909 04:39:08.709353   321 skeleton_planner.h:170] Found solution in: 1
I20260909 04:39:08.709363   321 skeleton_planner.h:170] Found solution in: 3
I20260909 04:39:08.709370   321 skeleton_planner.h:170] Found solution in: 1
I20260909 04:39:08.709374   321 skeleton_planner.h:170] Found solution in: 4
I20260909 04:39:08.709379   321 skeleton_planner.h:170] Found solution in: 4
I20260909 04:39:08.709384   321 skeleton_planner.h:170] Found solution in: 1
I20260909 04:39:08.709388   321 skeleton_planner.h:170] Found solution in: 3
I20260909 04:39:08.709393   321 skeleton_planner.h:170] Found solution in: 4
I20260909 04:39:08.709400   321 skeleton_planner.h:170] Found solution in: 9
I20260909 04:39:08.709408   321 skeleton_planner.h:170] Found solution in: 1
I20260909 04:39:08.709414   321 skeleton_planner.h:170] Found solution in: 4
I20260909 04:39:08.709422   321 skeleton_planner.h:170] Found solution in: 10
I20260909 04:39:08.709430   321 skeleton_planner.h:170] Found solution in: 1
I20260909 04:39:08.709437   321 skeleton_planner.h:170] Found solution in: 6
I20260909 04:39:08.709442   321 skeleton_planner.h:170] Found solution in: 5
I20260909 04:39:08.709450   321 skeleton_planner.h:170] Found solution in: 1
I20260909 04:39:08.709455   321 skeleton_planner.h:170] Found solution in: 5
I20260909 04:39:08.709468   321 skeleton_planner.h:170] Found solution in: 15
I20260909 04:39:08.709474   321 skeleton_planner.h:170] Found solution in: 1
I20260909 04:39:08.709484   321 skeleton_planner.h:170] Found solution in: 10
I20260909 04:39:08.709491   321 skeleton_planner.h:170] Found solution in: 1
I20260909 04:39:08.709499   321 skeleton_planner.h:170] Found solution in: 10
I20260909 04:39:08.709506   321 skeleton_planner.h:170] Found solution in: 5
I20260909 04:39:08.709599   321 skeleton_planner.h:170] Found solution in: 4
I20260909 04:39:08.709606   321 skeleton_planner.h:170] Found solution in: 1
I20260909 04:39:08.709622   321 skeleton_planner.h:170] Found solution in: 19
I20260909 04:39:08.709630   321 skeleton_planner.h:170] Found solution in: 1
I20260909 04:39:08.709647   321 skeleton_planner.h:170] Found solution in: 5
I20260909 04:39:08.709654   321 skeleton_planner.h:170] Found solution in: 1
I20260909 04:39:08.709661   321 skeleton_planner.h:170] Found solution in: 6
I20260909 04:39:08.709666   321 skeleton_planner.h:170] Found solution in: 5
I20260909 04:39:08.709758   321 skeleton_planner.h:170] Found solution in: 5
I20260909 04:39:08.709769   321 skeleton_planner.h:170] Found solution in: 1
I20260909 04:39:08.709779   321 skeleton_planner.h:170] Found solution in: 12
I20260909 04:39:08.709785   321 skeleton_planner.h:170] Found solution in: 4
I20260909 04:39:08.709793   321 skeleton_planner.h:170] Found solution in: 1
I20260909 04:39:08.709797   321 skeleton_planner.h:170] Found solution in: 3
I20260909 04:39:08.709815   321 skeleton_planner.h:170] Found solution in: 4
I20260909 04:39:08.709822   321 skeleton_planner.h:170] Found solution in: 1
I20260909 04:39:08.709833   321 skeleton_planner.h:170] Found solution in: 1
I20260909 04:39:08.709849   321 skeleton_planner.h:170] Found solution in: 4
I20260909 04:39:08.709862   321 skeleton_planner.h:170] Found solution in: 1
I20260909 04:39:08.709867   321 skeleton_planner.h:170] Found solution in: 3
I20260909 04:39:08.709879   321 skeleton_planner.h:170] Found solution in: 4
I20260909 04:39:08.709889   321 skeleton_planner.h:170] Found solution in: 1
I20260909 04:39:08.709904   321 skeleton_planner.h:170] Found solution in: 18
I20260909 04:39:08.709934   321 skeleton_planner.h:170] Found solution in: 6
I20260909 04:39:08.709944   321 skeleton_planner.h:170] Found solution in: 1
I20260909 04:39:08.709970   321 skeleton_planner.h:170] Found solution in: 5
I20260909 04:39:08.709980   321 skeleton_planner.h:170] Found solution in: 1
I20260909 04:39:08.710001   321 skeleton_planner.h:170] Found solution in: 8
I20260909 04:39:08.710012   321 skeleton_planner.h:170] Found solution in: 1
I20260909 04:39:08.710021   321 skeleton_planner.h:170] Found solution in: 1
I20260909 04:39:08.710027   321 skeleton_planner.h:170] Found solution in: 6
I20260909 04:39:08.710103   321 skeleton_planner.h:170] Found solution in: 35
I20260909 04:39:08.710114   321 skeleton_planner.h:170] Found solution in: 1
I20260909 04:39:08.710119   321 skeleton_planner.h:170] Found solution in: 2
I20260909 04:39:08.710124   321 skeleton_planner.h:170] Found solution in: 1
I20260909 04:39:08.710125   321 skeleton_planner.h:170] Found solution in: 2
I20260909 04:39:08.710134   321 skeleton_planner.h:170] Found solution in: 1
I20260909 04:39:08.710167   321 skeleton_planner.h:170] Found solution in: 38
I20260909 04:39:08.710178   321 skeleton_planner.h:170] Found solution in: 1
I20260909 04:39:08.710211   321 skeleton_planner.h:170] Found solution in: 42
I20260909 04:39:08.710222   321 skeleton_planner.h:170] Found solution in: 1
I20260909 04:39:08.710227   321 skeleton_planner.h:170] Found solution in: 1
I20260909 04:39:08.710243   321 skeleton_planner.h:170] Found solution in: 4
I20260909 04:39:08.710250   321 skeleton_planner.h:170] Found solution in: 1
I20260909 04:39:08.710258   321 skeleton_planner.h:170] Found solution in: 1
I20260909 04:39:08.710261   321 skeleton_planner.h:170] Found solution in: 3
I20260909 04:39:08.710274   321 skeleton_planner.h:170] Found solution in: 15
I20260909 04:39:08.710280   321 skeleton_planner.h:170] Found solution in: 1
I20260909 04:39:08.710292   321 skeleton_planner.h:170] Found solution in: 14
I20260909 04:39:08.710302   321 skeleton_planner.h:170] Found solution in: 10
I20260909 04:39:08.710315   321 skeleton_planner.h:170] Found solution in: 15
I20260909 04:39:08.710323   321 skeleton_planner.h:170] Found solution in: 8
I20260909 04:39:08.710330   321 skeleton_planner.h:170] Found solution in: 1
I20260909 04:39:08.710341   321 skeleton_planner.h:170] Found solution in: 15
I20260909 04:39:08.710345   321 skeleton_planner.h:170] Found solution in: 3
I20260909 04:39:08.710359   321 skeleton_planner.h:170] Found solution in: 19
I20260909 04:39:08.710366   321 skeleton_planner.h:170] Found solution in: 1
I20260909 04:39:08.710568   321 skeleton_planner.h:170] Found solution in: 1
I20260909 04:39:08.710666   321 skeleton_planner.h:170] Found solution in: 3
I20260909 04:39:08.710680   321 skeleton_planner.h:170] Found solution in: 1
I20260909 04:39:08.710690   321 skeleton_planner.h:170] Found solution in: 1
I20260909 04:39:08.710703   321 skeleton_planner.h:170] Found solution in: 4
I20260909 04:39:08.710713   321 skeleton_planner.h:170] Found solution in: 1
I20260909 04:39:08.710728   321 skeleton_planner.h:170] Found solution in: 3
I20260909 04:39:08.710736   321 skeleton_planner.h:170] Found solution in: 1
I20260909 04:39:08.710747   321 skeleton_planner.h:170] Found solution in: 3
I20260909 04:39:08.710754   321 skeleton_planner.h:170] Found solution in: 1
I20260909 04:39:08.710774   321 skeleton_planner.h:170] Found solution in: 5
I20260909 04:39:08.710781   321 skeleton_planner.h:170] Found solution in: 1
I20260909 04:39:08.710791   321 skeleton_planner.h:170] Found solution in: 1
I20260909 04:39:08.710805   321 skeleton_planner.h:170] Found solution in: 1
I20260909 04:39:08.710820   321 skeleton_planner.h:170] Found solution in: 3
I20260909 04:39:08.710834   321 skeleton_planner.h:170] Found solution in: 1
I20260909 04:39:08.710839   321 skeleton_planner.h:170] Found solution in: 5
I20260909 04:39:08.710924   321 skeleton_planner.h:170] Found solution in: 3
I20260909 04:39:08.710937   321 skeleton_planner.h:170] Found solution in: 1
I20260909 04:39:08.710940   321 skeleton_planner.h:170] Found solution in: 3
I20260909 04:39:08.710958   321 skeleton_planner.h:170] Found solution in: 4
I20260909 04:39:08.710969   321 skeleton_planner.h:170] Found solution in: 1
I20260909 04:39:08.710985   321 skeleton_planner.h:170] Found solution in: 4
I20260909 04:39:08.710994   321 skeleton_planner.h:170] Found solution in: 1
I20260909 04:39:08.711000   321 skeleton_planner.h:170] Found solution in: 1
I20260909 04:39:08.711104   321 skeleton_planner.h:170] Found solution in: 8
I20260909 04:39:08.711114   321 skeleton_planner.h:170] Found solution in: 1
I20260909 04:39:08.711120   321 skeleton_planner.h:170] Found solution in: 6
I20260909 04:39:08.711129   321 skeleton_planner.h:170] Found solution in: 9
I20260909 04:39:08.711138   321 skeleton_planner.h:170] Found solution in: 1
I20260909 04:39:08.711144   321 skeleton_planner.h:170] Found solution in: 6
I20260909 04:39:08.711153   321 skeleton_planner.h:170] Found solution in: 9
I20260909 04:39:08.711244   321 skeleton_planner.h:170] Found solution in: 5
I20260909 04:39:08.711251   321 skeleton_planner.h:170] Found solution in: 1
I20260909 04:39:08.711259   321 skeleton_planner.h:170] Found solution in: 8
I20260909 04:39:08.711283   321 skeleton_planner.h:170] Found solution in: 27
I20260909 04:39:08.711293   321 skeleton_planner.h:170] Found solution in: 1
I20260909 04:39:08.711400   321 skeleton_planner.h:170] Found solution in: 5
I20260909 04:39:08.711408   321 skeleton_planner.h:170] Found solution in: 1
I20260909 04:39:08.711414   321 skeleton_planner.h:170] Found solution in: 1
I20260909 04:39:08.711421   321 skeleton_planner.h:170] Found solution in: 1
I20260909 04:39:08.711426   321 skeleton_planner.h:170] Found solution in: 5
I20260909 04:39:08.711432   321 skeleton_planner.h:170] Found solution in: 4
I20260909 04:39:08.711443   321 skeleton_planner.h:170] Found solution in: 12
I20260909 04:39:08.711450   321 skeleton_planner.h:170] Found solution in: 1
I20260909 04:39:08.711458   321 skeleton_planner.h:170] Found solution in: 9
I20260909 04:39:08.711467   321 skeleton_planner.h:170] Found solution in: 1
I20260909 04:39:08.711556   321 skeleton_planner.h:170] Found solution in: 4
I20260909 04:39:08.711570   321 skeleton_planner.h:170] Found solution in: 1
I20260909 04:39:08.711581   321 skeleton_planner.h:170] Found solution in: 3
I20260909 04:39:08.711591   321 skeleton_planner.h:170] Found solution in: 1
I20260909 04:39:08.711613   321 skeleton_planner.h:170] Found solution in: 5
I20260909 04:39:08.711622   321 skeleton_planner.h:170] Found solution in: 1
I20260909 04:39:08.711634   321 skeleton_planner.h:170] Found solution in: 3
I20260909 04:39:08.711642   321 skeleton_planner.h:170] Found solution in: 1
I20260909 04:39:08.711668   321 skeleton_planner.h:170] Found solution in: 9
I20260909 04:39:08.711680   321 skeleton_planner.h:170] Found solution in: 1
I20260909 04:39:08.711704   321 skeleton_planner.h:170] Found solution in: 10
I20260909 04:39:08.711712   321 skeleton_planner.h:170] Found solution in: 1
I20260909 04:39:08.711716   321 skeleton_planner.h:170] Found solution in: 3
I20260909 04:39:08.711810   321 skeleton_planner.h:170] Found solution in: 4
I20260909 04:39:08.711817   321 skeleton_planner.h:170] Found solution in: 1
I20260909 04:39:08.711827   321 skeleton_planner.h:170] Found solution in: 12
I20260909 04:39:08.711834   321 skeleton_planner.h:170] Found solution in: 1
I20260909 04:39:08.711843   321 skeleton_planner.h:170] Found solution in: 9
I20260909 04:39:08.711851   321 skeleton_planner.h:170] Found solution in: 1
I20260909 04:39:08.711875   321 skeleton_planner.h:170] Found solution in: 5
I20260909 04:39:08.711884   321 skeleton_planner.h:170] Found solution in: 1
I20260909 04:39:08.711890   321 skeleton_planner.h:170] Found solution in: 1
I20260909 04:39:08.711905   321 skeleton_planner.h:170] Found solution in: 3
I20260909 04:39:08.711912   321 skeleton_planner.h:170] Found solution in: 1
I20260909 04:39:08.711920   321 skeleton_planner.h:170] Found solution in: 9
I20260909 04:39:08.711930   321 skeleton_planner.h:170] Found solution in: 10
I20260909 04:39:08.711936   321 skeleton_planner.h:170] Found solution in: 1
I20260909 04:39:08.711948   321 skeleton_planner.h:170] Found solution in: 15
I20260909 04:39:08.711954   321 skeleton_planner.h:170] Found solution in: 1
I20260909 04:39:08.711963   321 skeleton_planner.h:170] Found solution in: 10
I20260909 04:39:08.711970   321 skeleton_planner.h:170] Found solution in: 1
I20260909 04:39:08.711975   321 skeleton_planner.h:170] Found solution in: 1
I20260909 04:39:08.711980   321 skeleton_planner.h:170] Found solution in: 1
I20260909 04:39:08.711987   321 skeleton_planner.h:170] Found solution in: 4
I20260909 04:39:08.711992   321 skeleton_planner.h:170] Found solution in: 1
I20260909 04:39:08.712080   321 skeleton_planner.h:170] Found solution in: 5
I20260909 04:39:08.712092   321 skeleton_planner.h:170] Found solution in: 1
I20260909 04:39:08.712136   321 skeleton_planner.h:170] Found solution in: 51
I20260909 04:39:08.712162   321 skeleton_planner.h:170] Found solution in: 24
I20260909 04:39:08.712172   321 skeleton_planner.h:170] Found solution in: 1
I20260909 04:39:08.712194   321 skeleton_planner.h:170] Found solution in: 26
I20260909 04:39:08.712292   321 skeleton_planner.h:170] Found solution in: 4
I20260909 04:39:08.712301   321 skeleton_planner.h:170] Found solution in: 1
I20260909 04:39:08.712617   321 skeleton_planner.h:170] Found solution in: 1
I20260909 04:39:08.712630   321 skeleton_planner.h:170] Found solution in: 1
I20260909 04:39:08.712662   321 skeleton_planner.h:170] Found solution in: 6
I20260909 04:39:08.712672   321 skeleton_planner.h:170] Found solution in: 1
I20260909 04:39:08.712702   321 skeleton_planner.h:170] Found solution in: 38
I20260909 04:39:08.712786   321 skeleton_planner.h:170] Found solution in: 5
I20260909 04:39:08.712795   321 skeleton_planner.h:170] Found solution in: 1
I20260909 04:39:08.712800   321 skeleton_planner.h:170] Found solution in: 4
I20260909 04:39:08.712824   321 skeleton_planner.h:170] Found solution in: 6
I20260909 04:39:08.712836   321 skeleton_planner.h:170] Found solution in: 1
I20260909 04:39:08.712859   321 skeleton_planner.h:170] Found solution in: 8
I20260909 04:39:08.712868   321 skeleton_planner.h:170] Found solution in: 1
I20260909 04:39:08.712889   321 skeleton_planner.h:170] Found solution in: 7
I20260909 04:39:08.712896   321 skeleton_planner.h:170] Found solution in: 1
I20260909 04:39:08.712921   321 skeleton_planner.h:170] Found solution in: 8
I20260909 04:39:08.712929   321 skeleton_planner.h:170] Found solution in: 1
I20260909 04:39:08.712934   321 skeleton_planner.h:170] Found solution in: 3
I20260909 04:39:08.713177   321 skeleton_planner.h:170] Found solution in: 81
I20260909 04:39:08.713328   321 skeleton_planner.h:170] Found solution in: 98
I20260909 04:39:08.713383   321 skeleton_planner.h:170] Found solution in: 24
I20260909 04:39:08.713424   321 skeleton_planner.h:170] Found solution in: 22
I20260909 04:39:08.713431   321 skeleton_planner.h:170] Found solution in: 1
I20260909 04:39:08.713434   321 skeleton_planner.h:170] Found solution in: 2
I20260909 04:39:08.713444   321 skeleton_planner.h:170] Found solution in: 3
I20260909 04:39:08.713451   321 skeleton_planner.h:170] Found solution in: 1
I20260909 04:39:08.713466   321 skeleton_planner.h:170] Found solution in: 4
I20260909 04:39:08.713472   321 skeleton_planner.h:170] Found solution in: 1
I20260909 04:39:08.713476   321 skeleton_planner.h:170] Found solution in: 1
I20260909 04:39:08.713624   321 skeleton_planner.h:170] Found solution in: 1
I20260909 04:39:08.713629   321 skeleton_planner.h:170] Found solution in: 4
I20260909 04:39:08.713639   321 skeleton_planner.h:170] Found solution in: 1
I20260909 04:39:08.713653   321 skeleton_planner.h:170] Found solution in: 3
I20260909 04:39:08.713662   321 skeleton_planner.h:170] Found solution in: 1
I20260909 04:39:08.713673   321 skeleton_planner.h:170] Found solution in: 3
I20260909 04:39:08.713685   321 skeleton_planner.h:170] Found solution in: 1
I20260909 04:39:08.713688   321 skeleton_planner.h:170] Found solution in: 2
I20260909 04:39:08.713709   321 skeleton_planner.h:170] Found solution in: 5
I20260909 04:39:08.713718   321 skeleton_planner.h:170] Found solution in: 1
I20260909 04:39:08.713723   321 skeleton_planner.h:170] Found solution in: 4
I20260909 04:39:08.713753   321 skeleton_planner.h:170] Found solution in: 4
I20260909 04:39:08.713761   321 skeleton_planner.h:170] Found solution in: 1
I20260909 04:39:08.713790   321 skeleton_planner.h:170] Found solution in: 3
I20260909 04:39:08.713799   321 skeleton_planner.h:170] Found solution in: 1
I20260909 04:39:08.713814   321 skeleton_planner.h:170] Found solution in: 4
I20260909 04:39:08.713824   321 skeleton_planner.h:170] Found solution in: 1
I20260909 04:39:08.713838   321 skeleton_planner.h:170] Found solution in: 18
I20260909 04:39:08.713868   321 skeleton_planner.h:170] Found solution in: 7
I20260909 04:39:08.713876   321 skeleton_planner.h:170] Found solution in: 1
I20260909 04:39:08.713882   321 skeleton_planner.h:170] Found solution in: 1
I20260909 04:39:08.713893   321 skeleton_planner.h:170] Found solution in: 3
I20260909 04:39:08.713900   321 skeleton_planner.h:170] Found solution in: 1
I20260909 04:39:08.713912   321 skeleton_planner.h:170] Found solution in: 4
I20260909 04:39:08.713917   321 skeleton_planner.h:170] Found solution in: 1
I20260909 04:39:08.713935   321 skeleton_planner.h:170] Found solution in: 6
I20260909 04:39:08.713943   321 skeleton_planner.h:170] Found solution in: 1
I20260909 04:39:08.713958   321 skeleton_planner.h:170] Found solution in: 5
I20260909 04:39:08.713967   321 skeleton_planner.h:170] Found solution in: 1
I20260909 04:39:08.713984   321 skeleton_planner.h:170] Found solution in: 5
I20260909 04:39:08.713990   321 skeleton_planner.h:170] Found solution in: 1
I20260909 04:39:08.713999   321 skeleton_planner.h:170] Found solution in: 3
I20260909 04:39:08.714005   321 skeleton_planner.h:170] Found solution in: 1
I20260909 04:39:08.714016   321 skeleton_planner.h:170] Found solution in: 10
I20260909 04:39:08.714025   321 skeleton_planner.h:170] Found solution in: 1
I20260909 04:39:08.714030   321 skeleton_planner.h:170] Found solution in: 3
I20260909 04:39:08.714033   321 skeleton_planner.h:170] Found solution in: 1
I20260909 04:39:08.714037   321 skeleton_planner.h:170] Found solution in: 3
I20260909 04:39:08.714044   321 skeleton_planner.h:170] Found solution in: 1
I20260909 04:39:08.714048   321 skeleton_planner.h:170] Found solution in: 4
I20260909 04:39:08.714058   321 skeleton_planner.h:170] Found solution in: 9
I20260909 04:39:08.714082   321 skeleton_planner.h:170] Found solution in: 28
I20260909 04:39:08.714090   321 skeleton_planner.h:170] Found solution in: 1
I20260909 04:39:08.714133   321 skeleton_planner.h:170] Found solution in: 57
I20260909 04:39:08.714141   321 skeleton_planner.h:170] Found solution in: 5
I20260909 04:39:08.714147   321 skeleton_planner.h:170] Found solution in: 1
I20260909 04:39:08.714174   321 skeleton_planner.h:170] Found solution in: 34
I20260909 04:39:08.714181   321 skeleton_planner.h:170] Found solution in: 1
I20260909 04:39:08.714191   321 skeleton_planner.h:170] Found solution in: 6
I20260909 04:39:08.714200   321 skeleton_planner.h:170] Found solution in: 1
I20260909 04:39:08.714205   321 skeleton_planner.h:170] Found solution in: 3
I20260909 04:39:08.714208   321 skeleton_planner.h:170] Found solution in: 4
I20260909 04:39:08.714216   321 skeleton_planner.h:170] Found solution in: 1
I20260909 04:39:08.714221   321 skeleton_planner.h:170] Found solution in: 3
I20260909 04:39:08.714234   321 skeleton_planner.h:170] Found solution in: 5
I20260909 04:39:08.714242   321 skeleton_planner.h:170] Found solution in: 1
I20260909 04:39:08.714246   321 skeleton_planner.h:170] Found solution in: 2
I20260909 04:39:08.714264   321 skeleton_planner.h:170] Found solution in: 9
I20260909 04:39:08.714272   321 skeleton_planner.h:170] Found solution in: 1
I20260909 04:39:08.714279   321 skeleton_planner.h:170] Found solution in: 1
I20260909 04:39:08.714283   321 skeleton_planner.h:170] Found solution in: 2
I20260909 04:39:08.714785   321 skeleton_planner.h:170] Found solution in: 1
I20260909 04:39:08.714798   321 skeleton_planner.h:170] Found solution in: 3
I20260909 04:39:08.714807   321 skeleton_planner.h:170] Found solution in: 1
I20260909 04:39:08.714814   321 skeleton_planner.h:170] Found solution in: 1
I20260909 04:39:08.714828   321 skeleton_planner.h:170] Found solution in: 4
I20260909 04:39:08.714835   321 skeleton_planner.h:170] Found solution in: 1
I20260909 04:39:08.714841   321 skeleton_planner.h:170] Found solution in: 1
I20260909 04:39:08.714844   321 skeleton_planner.h:170] Found solution in: 2
I20260909 04:39:08.714856   321 skeleton_planner.h:170] Found solution in: 4
I20260909 04:39:08.714865   321 skeleton_planner.h:170] Found solution in: 1
I20260909 04:39:08.715204   321 skeleton_planner.h:170] Found solution in: 1
I20260909 04:39:08.715211   321 skeleton_planner.h:170] Found solution in: 1
I20260909 04:39:08.715226   321 skeleton_planner.h:170] Found solution in: 5
I20260909 04:39:08.715236   321 skeleton_planner.h:170] Found solution in: 1
I20260909 04:39:08.715253   321 skeleton_planner.h:170] Found solution in: 20
I20260909 04:39:08.715261   321 skeleton_planner.h:170] Found solution in: 1
I20260909 04:39:08.715293   321 skeleton_planner.h:170] Found solution in: 6
I20260909 04:39:08.715304   321 skeleton_planner.h:170] Found solution in: 1
I20260909 04:39:08.715309   321 skeleton_planner.h:170] Found solution in: 2
I20260909 04:39:08.715322   321 skeleton_planner.h:170] Found solution in: 4
I20260909 04:39:08.715332   321 skeleton_planner.h:170] Found solution in: 1
I20260909 04:39:08.715348   321 skeleton_planner.h:170] Found solution in: 4
I20260909 04:39:08.715358   321 skeleton_planner.h:170] Found solution in: 1
I20260909 04:39:08.715400   321 skeleton_planner.h:170] Found solution in: 4
I20260909 04:39:08.715409   321 skeleton_planner.h:170] Found solution in: 1
I20260909 04:39:08.715426   321 skeleton_planner.h:170] Found solution in: 5
I20260909 04:39:08.715436   321 skeleton_planner.h:170] Found solution in: 1
I20260909 04:39:08.715445   321 skeleton_planner.h:170] Found solution in: 9
I20260909 04:39:08.715453   321 skeleton_planner.h:170] Found solution in: 1
I20260909 04:39:08.715461   321 skeleton_planner.h:170] Found solution in: 8
I20260909 04:39:08.715471   321 skeleton_planner.h:170] Found solution in: 9
I20260909 04:39:08.715478   321 skeleton_planner.h:170] Found solution in: 1
I20260909 04:39:08.715572   321 skeleton_planner.h:170] Found solution in: 5
I20260909 04:39:08.715579   321 skeleton_planner.h:170] Found solution in: 1
I20260909 04:39:08.715583   321 skeleton_planner.h:170] Found solution in: 3
I20260909 04:39:08.715588   321 skeleton_planner.h:170] Found solution in: 1
I20260909 04:39:08.715596   321 skeleton_planner.h:170] Found solution in: 8
I20260909 04:39:08.715603   321 skeleton_planner.h:170] Found solution in: 1
I20260909 04:39:08.715607   321 skeleton_planner.h:170] Found solution in: 3
I20260909 04:39:08.715622   321 skeleton_planner.h:170] Found solution in: 5
I20260909 04:39:08.715629   321 skeleton_planner.h:170] Found solution in: 1
I20260909 04:39:08.715643   321 skeleton_planner.h:170] Found solution in: 5
I20260909 04:39:08.715649   321 skeleton_planner.h:170] Found solution in: 1
I20260909 04:39:08.715673   321 skeleton_planner.h:170] Found solution in: 5
I20260909 04:39:08.715682   321 skeleton_planner.h:170] Found solution in: 1
I20260909 04:39:08.715688   321 skeleton_planner.h:170] Found solution in: 1
I20260909 04:39:08.715691   321 skeleton_planner.h:170] Found solution in: 2
I20260909 04:39:08.715883   321 skeleton_planner.h:170] Found solution in: 1
I20260909 04:39:08.715888   321 skeleton_planner.h:170] Found solution in: 3
I20260909 04:39:08.715914   321 skeleton_planner.h:170] Found solution in: 6
I20260909 04:39:08.715924   321 skeleton_planner.h:170] Found solution in: 1
I20260909 04:39:08.715945   321 skeleton_planner.h:170] Found solution in: 7
I20260909 04:39:08.715955   321 skeleton_planner.h:170] Found solution in: 1
I20260909 04:39:08.715958   321 skeleton_planner.h:170] Found solution in: 2
I20260909 04:39:08.715971   321 skeleton_planner.h:170] Found solution in: 5
I20260909 04:39:08.715978   321 skeleton_planner.h:170] Found solution in: 1
I20260909 04:39:08.716013   321 skeleton_planner.h:170] Found solution in: 16
I20260909 04:39:08.716038   321 skeleton_planner.h:170] Found solution in: 7
I20260909 04:39:08.716049   321 skeleton_planner.h:170] Found solution in: 1
I20260909 04:39:08.716055   321 skeleton_planner.h:170] Found solution in: 5
I20260909 04:39:08.716064   321 skeleton_planner.h:170] Found solution in: 9
I20260909 04:39:08.716069   321 skeleton_planner.h:170] Found solution in: 1
I20260909 04:39:08.716157   321 skeleton_planner.h:170] Found solution in: 4
I20260909 04:39:08.716168   321 skeleton_planner.h:170] Found solution in: 1
I20260909 04:39:08.716256   321 skeleton_planner.h:170] Found solution in: 5
I20260909 04:39:08.716265   321 skeleton_planner.h:170] Found solution in: 1
I20260909 04:39:08.716270   321 skeleton_planner.h:170] Found solution in: 4
I20260909 04:39:08.716275   321 skeleton_planner.h:170] Found solution in: 1
I20260909 04:39:08.716281   321 skeleton_planner.h:170] Found solution in: 6
I20260909 04:39:08.716289   321 skeleton_planner.h:170] Found solution in: 7
I20260909 04:39:08.716305   321 skeleton_planner.h:170] Found solution in: 1
I20260909 04:39:08.716312   321 skeleton_planner.h:170] Found solution in: 6
I20260909 04:39:08.716318   321 skeleton_planner.h:170] Found solution in: 6
I20260909 04:39:08.716326   321 skeleton_planner.h:170] Found solution in: 1
I20260909 04:39:08.716359   321 skeleton_planner.h:170] Found solution in: 41
I20260909 04:39:08.716452   321 skeleton_planner.h:170] Found solution in: 4
I20260909 04:39:08.716461   321 skeleton_planner.h:170] Found solution in: 1
I20260909 04:39:08.716519   321 skeleton_planner.h:170] Found solution in: 69
I20260909 04:39:08.716588   321 skeleton_planner.h:170] Found solution in: 77
I20260909 04:39:08.716596   321 skeleton_planner.h:170] Found solution in: 1
I20260909 04:39:08.716602   321 skeleton_planner.h:170] Found solution in: 6
I20260909 04:39:08.716607   321 skeleton_planner.h:170] Found solution in: 4
I20260909 04:39:08.716638   321 skeleton_planner.h:170] Found solution in: 41
I20260909 04:39:08.716666   321 skeleton_planner.h:170] Found solution in: 36
I20260909 04:39:08.716673   321 skeleton_planner.h:170] Found solution in: 1
I20260909 04:39:08.716679   321 skeleton_planner.h:170] Found solution in: 7
I20260909 04:39:08.716706   321 skeleton_planner.h:170] Found solution in: 36
I20260909 04:39:08.716714   321 skeleton_planner.h:170] Found solution in: 1
I20260909 04:39:08.716718   321 skeleton_planner.h:170] Found solution in: 3
I20260909 04:39:08.716727   321 skeleton_planner.h:170] Found solution in: 1
I20260909 04:39:08.716825   321 skeleton_planner.h:170] Found solution in: 6
I20260909 04:39:08.716836   321 skeleton_planner.h:170] Found solution in: 1
I20260909 04:39:08.716845   321 skeleton_planner.h:170] Found solution in: 1
I20260909 04:39:08.716853   321 skeleton_planner.h:170] Found solution in: 1
I20260909 04:39:08.716864   321 skeleton_planner.h:170] Found solution in: 11
I20260909 04:39:08.716874   321 skeleton_planner.h:170] Found solution in: 1
I20260909 04:39:08.716885   321 skeleton_planner.h:170] Found solution in: 13
I20260909 04:39:08.716893   321 skeleton_planner.h:170] Found solution in: 1
I20260909 04:39:08.716984   321 skeleton_planner.h:170] Found solution in: 3
I20260909 04:39:08.716995   321 skeleton_planner.h:170] Found solution in: 1
I20260909 04:39:08.717012   321 skeleton_planner.h:170] Found solution in: 3
I20260909 04:39:08.717021   321 skeleton_planner.h:170] Found solution in: 1
I20260909 04:39:08.717025   321 skeleton_planner.h:170] Found solution in: 4
I20260909 04:39:08.717047   321 skeleton_planner.h:170] Found solution in: 5
I20260909 04:39:08.717054   321 skeleton_planner.h:170] Found solution in: 1
I20260909 04:39:08.717062   321 skeleton_planner.h:170] Found solution in: 10
I20260909 04:39:08.717127   321 skeleton_planner.h:170] Found solution in: 90
I20260909 04:39:08.717139   321 skeleton_planner.h:170] Found solution in: 1
I20260909 04:39:08.717141   321 skeleton_planner.h:170] Found solution in: 2
I20260909 04:39:08.717159   321 skeleton_planner.h:170] Found solution in: 4
I20260909 04:39:08.717170   321 skeleton_planner.h:170] Found solution in: 1
I20260909 04:39:08.717185   321 skeleton_planner.h:170] Found solution in: 18
I20260909 04:39:08.717195   321 skeleton_planner.h:170] Found solution in: 11
I20260909 04:39:08.717202   321 skeleton_planner.h:170] Found solution in: 1
I20260909 04:39:08.717209   321 skeleton_planner.h:170] Found solution in: 1
I20260909 04:39:08.717298   321 skeleton_planner.h:170] Found solution in: 3
I20260909 04:39:08.717308   321 skeleton_planner.h:170] Found solution in: 1
I20260909 04:39:08.717320   321 skeleton_planner.h:170] Found solution in: 14
I20260909 04:39:08.717327   321 skeleton_planner.h:170] Found solution in: 1
I20260909 04:39:08.717350   321 skeleton_planner.h:170] Found solution in: 6
I20260909 04:39:08.717360   321 skeleton_planner.h:170] Found solution in: 1
I20260909 04:39:08.717367   321 skeleton_planner.h:170] Found solution in: 1
I20260909 04:39:08.717465   321 skeleton_planner.h:170] Found solution in: 5
I20260909 04:39:08.717481   321 skeleton_planner.h:170] Found solution in: 1
I20260909 04:39:08.717487   321 skeleton_planner.h:170] Found solution in: 4
I20260909 04:39:08.717499   321 skeleton_planner.h:170] Found solution in: 1
I20260909 04:39:08.717506   321 skeleton_planner.h:170] Found solution in: 1
I20260909 04:39:08.717515   321 skeleton_planner.h:170] Found solution in: 10
I20260909 04:39:08.717525   321 skeleton_planner.h:170] Found solution in: 1
I20260909 04:39:08.717561   321 skeleton_planner.h:170] Found solution in: 48
I20260909 04:39:08.717585   321 skeleton_planner.h:170] Found solution in: 27
I20260909 04:39:08.717597   321 skeleton_planner.h:170] Found solution in: 11
I20260909 04:39:08.717602   321 skeleton_planner.h:170] Found solution in: 1
I20260909 04:39:08.717609   321 skeleton_planner.h:170] Found solution in: 7
I20260909 04:39:08.717618   321 skeleton_planner.h:170] Found solution in: 9
I20260909 04:39:08.717671   321 skeleton_planner.h:170] Found solution in: 65
I20260909 04:39:08.717680   321 skeleton_planner.h:170] Found solution in: 1
I20260909 04:39:08.717687   321 skeleton_planner.h:170] Found solution in: 7
I20260909 04:39:08.717695   321 skeleton_planner.h:170] Found solution in: 1
I20260909 04:39:08.717700   321 skeleton_planner.h:170] Found solution in: 4
I20260909 04:39:08.717722   321 skeleton_planner.h:170] Found solution in: 6
I20260909 04:39:08.717730   321 skeleton_planner.h:170] Found solution in: 1
I20260909 04:39:08.717746   321 skeleton_planner.h:170] Found solution in: 6
I20260909 04:39:08.717756   321 skeleton_planner.h:170] Found solution in: 1
I20260909 04:39:08.717772   321 skeleton_planner.h:170] Found solution in: 17
I20260909 04:39:08.717787   321 skeleton_planner.h:170] Found solution in: 17
I20260909 04:39:08.717797   321 skeleton_planner.h:170] Found solution in: 1
I20260909 04:39:08.717803   321 skeleton_planner.h:170] Found solution in: 6
I20260909 04:39:08.717820   321 skeleton_planner.h:170] Found solution in: 5
I20260909 04:39:08.717828   321 skeleton_planner.h:170] Found solution in: 1
I20260909 04:39:08.717836   321 skeleton_planner.h:170] Found solution in: 1
I20260909 04:39:08.717841   321 skeleton_planner.h:170] Found solution in: 4
I20260909 04:39:08.717847   321 skeleton_planner.h:170] Found solution in: 1
I20260909 04:39:08.717851   321 skeleton_planner.h:170] Found solution in: 4
I20260909 04:39:08.717867   321 skeleton_planner.h:170] Found solution in: 18
I20260909 04:39:08.717875   321 skeleton_planner.h:170] Found solution in: 1
I20260909 04:39:08.717878   321 skeleton_planner.h:170] Found solution in: 4
I20260909 04:39:08.717902   321 skeleton_planner.h:170] Found solution in: 8
I20260909 04:39:08.717911   321 skeleton_planner.h:170] Found solution in: 1
I20260909 04:39:08.717916   321 skeleton_planner.h:170] Found solution in: 4
I20260909 04:39:08.717940   321 skeleton_planner.h:170] Found solution in: 28
I20260909 04:39:08.717947   321 skeleton_planner.h:170] Found solution in: 1
I20260909 04:39:08.717973   321 skeleton_planner.h:170] Found solution in: 7
I20260909 04:39:08.717986   321 skeleton_planner.h:170] Found solution in: 1
I20260909 04:39:08.718020   321 skeleton_planner.h:170] Found solution in: 4
I20260909 04:39:08.718029   321 skeleton_planner.h:170] Found solution in: 1
I20260909 04:39:08.718034   321 skeleton_planner.h:170] Found solution in: 2
I20260909 04:39:08.718055   321 skeleton_planner.h:170] Found solution in: 8
I20260909 04:39:08.718065   321 skeleton_planner.h:170] Found solution in: 1
I20260909 04:39:08.718318   321 skeleton_planner.h:170] Found solution in: 1
I20260909 04:39:08.718327   321 skeleton_planner.h:170] Found solution in: 1
I20260909 04:39:08.718438   321 skeleton_planner.h:170] Found solution in: 4
I20260909 04:39:08.718448   321 skeleton_planner.h:170] Found solution in: 1
I20260909 04:39:08.718456   321 skeleton_planner.h:170] Found solution in: 9
I20260909 04:39:08.718462   321 skeleton_planner.h:170] Found solution in: 1
I20260909 04:39:08.718468   321 skeleton_planner.h:170] Found solution in: 1
I20260909 04:39:08.718472   321 skeleton_planner.h:170] Found solution in: 2
I20260909 04:39:08.718478   321 skeleton_planner.h:170] Found solution in: 1
I20260909 04:39:08.718487   321 skeleton_planner.h:170] Found solution in: 8
I20260909 04:39:08.718493   321 skeleton_planner.h:170] Found solution in: 8
I20260909 04:39:08.718501   321 skeleton_planner.h:170] Found solution in: 1
I20260909 04:39:08.718508   321 skeleton_planner.h:170] Found solution in: 8
I20260909 04:39:08.718514   321 skeleton_planner.h:170] Found solution in: 7
I20260909 04:39:08.718550   321 skeleton_planner.h:170] Found solution in: 6
I20260909 04:39:08.718562   321 skeleton_planner.h:170] Found solution in: 1
I20260909 04:39:08.718571   321 skeleton_planner.h:170] Found solution in: 1
I20260909 04:39:08.718578   321 skeleton_planner.h:170] Found solution in: 1
I20260909 04:39:08.718585   321 skeleton_planner.h:170] Found solution in: 6
I20260909 04:39:08.718591   321 skeleton_planner.h:170] Found solution in: 1
I20260909 04:39:08.718595   321 skeleton_planner.h:170] Found solution in: 3
I20260909 04:39:08.718601   321 skeleton_planner.h:170] Found solution in: 1
I20260909 04:39:08.718604   321 skeleton_planner.h:170] Found solution in: 3
I20260909 04:39:08.718627   321 skeleton_planner.h:170] Found solution in: 7
I20260909 04:39:08.718638   321 skeleton_planner.h:170] Found solution in: 1
I20260909 04:39:08.718645   321 skeleton_planner.h:170] Found solution in: 1
I20260909 04:39:08.718654   321 skeleton_planner.h:170] Found solution in: 8
I20260909 04:39:08.718660   321 skeleton_planner.h:170] Found solution in: 5
I20260909 04:39:08.718664   321 skeleton_planner.h:170] Found solution in: 1
I20260909 04:39:08.718676   321 skeleton_planner.h:170] Found solution in: 12
I20260909 04:39:08.718685   321 skeleton_planner.h:170] Found solution in: 1
I20260909 04:39:08.718693   321 skeleton_planner.h:170] Found solution in: 9
I20260909 04:39:08.718700   321 skeleton_planner.h:170] Found solution in: 1
I20260909 04:39:08.718705   321 skeleton_planner.h:170] Found solution in: 5
I20260909 04:39:08.718711   321 skeleton_planner.h:170] Found solution in: 1
I20260909 04:39:08.718750   321 skeleton_planner.h:170] Found solution in: 43
I20260909 04:39:08.718758   321 skeleton_planner.h:170] Found solution in: 1
I20260909 04:39:08.718765   321 skeleton_planner.h:170] Found solution in: 6
I20260909 04:39:08.718773   321 skeleton_planner.h:170] Found solution in: 1
I20260909 04:39:08.718791   321 skeleton_planner.h:170] Found solution in: 8
I20260909 04:39:08.718799   321 skeleton_planner.h:170] Found solution in: 1
I20260909 04:39:08.718803   321 skeleton_planner.h:170] Found solution in: 3
I20260909 04:39:08.718809   321 skeleton_planner.h:170] Found solution in: 4
I20260909 04:39:08.718824   321 skeleton_planner.h:170] Found solution in: 4
I20260909 04:39:08.718835   321 skeleton_planner.h:170] Found solution in: 1
I20260909 04:39:08.718842   321 skeleton_planner.h:170] Found solution in: 6
I20260909 04:39:08.718858   321 skeleton_planner.h:170] Found solution in: 20
I20260909 04:39:08.718868   321 skeleton_planner.h:170] Found solution in: 1
I20260909 04:39:08.718966   321 skeleton_planner.h:170] Found solution in: 4
I20260909 04:39:08.718976   321 skeleton_planner.h:170] Found solution in: 1
I20260909 04:39:08.718981   321 skeleton_planner.h:170] Found solution in: 2
I20260909 04:39:08.718990   321 skeleton_planner.h:170] Found solution in: 3
I20260909 04:39:08.718998   321 skeleton_planner.h:170] Found solution in: 1
I20260909 04:39:08.719013   321 skeleton_planner.h:170] Found solution in: 4
I20260909 04:39:08.719023   321 skeleton_planner.h:170] Found solution in: 1
I20260909 04:39:08.719027   321 skeleton_planner.h:170] Found solution in: 2
I20260909 04:39:08.719033   321 skeleton_planner.h:170] Found solution in: 1
I20260909 04:39:08.719036   321 skeleton_planner.h:170] Found solution in: 2
I20260909 04:39:08.719044   321 skeleton_planner.h:170] Found solution in: 1
I20260909 04:39:08.719058   321 skeleton_planner.h:170] Found solution in: 3
I20260909 04:39:08.719067   321 skeleton_planner.h:170] Found solution in: 1
I20260909 04:39:08.719154   321 skeleton_planner.h:170] Found solution in: 3
I20260909 04:39:08.719163   321 skeleton_planner.h:170] Found solution in: 1
I20260909 04:39:08.719175   321 skeleton_planner.h:170] Found solution in: 4
I20260909 04:39:08.719187   321 skeleton_planner.h:170] Found solution in: 1
I20260909 04:39:08.719192   321 skeleton_planner.h:170] Found solution in: 2
I20260909 04:39:08.719201   321 skeleton_planner.h:170] Found solution in: 3
I20260909 04:39:08.719210   321 skeleton_planner.h:170] Found solution in: 1
I20260909 04:39:08.719229   321 skeleton_planner.h:170] Found solution in: 4
I20260909 04:39:08.719241   321 skeleton_planner.h:170] Found solution in: 1
I20260909 04:39:08.719245   321 skeleton_planner.h:170] Found solution in: 3
I20260909 04:39:08.719251   321 skeleton_planner.h:170] Found solution in: 1
I20260909 04:39:08.719255   321 skeleton_planner.h:170] Found solution in: 3
I20260909 04:39:08.719264   321 skeleton_planner.h:170] Found solution in: 1
I20260909 04:39:08.719367   321 skeleton_planner.h:170] Found solution in: 3
I20260909 04:39:08.719375   321 skeleton_planner.h:170] Found solution in: 1
I20260909 04:39:08.719384   321 skeleton_planner.h:170] Found solution in: 1
I20260909 04:39:08.719413   321 skeleton_planner.h:170] Found solution in: 9
I20260909 04:39:08.719429   321 skeleton_planner.h:170] Found solution in: 1
I20260909 04:39:08.719512   321 skeleton_planner.h:170] Found solution in: 4
I20260909 04:39:08.719524   321 skeleton_planner.h:170] Found solution in: 1
I20260909 04:39:08.719532   321 skeleton_planner.h:170] Found solution in: 1
I20260909 04:39:08.719574   321 skeleton_planner.h:170] Found solution in: 49
I20260909 04:39:08.719585   321 skeleton_planner.h:170] Found solution in: 1
I20260909 04:39:08.719630   321 skeleton_planner.h:170] Found solution in: 52
I20260909 04:39:08.719722   321 skeleton_planner.h:170] Found solution in: 4
I20260909 04:39:08.719731   321 skeleton_planner.h:170] Found solution in: 1
I20260909 04:39:08.719775   321 skeleton_planner.h:170] Found solution in: 58
I20260909 04:39:08.719782   321 skeleton_planner.h:170] Found solution in: 1
I20260909 04:39:08.719789   321 skeleton_planner.h:170] Found solution in: 5
I20260909 04:39:08.719796   321 skeleton_planner.h:170] Found solution in: 1
I20260909 04:39:08.719883   321 skeleton_planner.h:170] Found solution in: 3
I20260909 04:39:08.719890   321 skeleton_planner.h:170] Found solution in: 1
I20260909 04:39:08.719897   321 skeleton_planner.h:170] Found solution in: 6
I20260909 04:39:08.719903   321 skeleton_planner.h:170] Found solution in: 1
I20260909 04:39:08.719915   321 skeleton_planner.h:170] Found solution in: 3
I20260909 04:39:08.719923   321 skeleton_planner.h:170] Found solution in: 1
I20260909 04:39:08.719928   321 skeleton_planner.h:170] Found solution in: 4
I20260909 04:39:08.719935   321 skeleton_planner.h:170] Found solution in: 1
I20260909 04:39:08.719951   321 skeleton_planner.h:170] Found solution in: 20
I20260909 04:39:08.719959   321 skeleton_planner.h:170] Found solution in: 6
I20260909 04:39:08.719964   321 skeleton_planner.h:170] Found solution in: 1
I20260909 04:39:08.719971   321 skeleton_planner.h:170] Found solution in: 9
I20260909 04:39:08.719977   321 skeleton_planner.h:170] Found solution in: 5
I20260909 04:39:08.719982   321 skeleton_planner.h:170] Found solution in: 1
I20260909 04:39:08.719990   321 skeleton_planner.h:170] Found solution in: 8
I20260909 04:39:08.719995   321 skeleton_planner.h:170] Found solution in: 5
I20260909 04:39:08.720000   321 skeleton_planner.h:170] Found solution in: 1
I20260909 04:39:08.720006   321 skeleton_planner.h:170] Found solution in: 5
I20260909 04:39:08.720011   321 skeleton_planner.h:170] Found solution in: 1
I20260909 04:39:08.720017   321 skeleton_planner.h:170] Found solution in: 5
I20260909 04:39:08.720026   321 skeleton_planner.h:170] Found solution in: 1
I20260909 04:39:08.720049   321 skeleton_planner.h:170] Found solution in: 29
I20260909 04:39:08.720065   321 skeleton_planner.h:170] Found solution in: 17
I20260909 04:39:08.720072   321 skeleton_planner.h:170] Found solution in: 1
I20260909 04:39:08.720085   321 skeleton_planner.h:170] Found solution in: 3
I20260909 04:39:08.720094   321 skeleton_planner.h:170] Found solution in: 1
I20260909 04:39:08.720109   321 skeleton_planner.h:170] Found solution in: 17
I20260909 04:39:08.720203   321 skeleton_planner.h:170] Found solution in: 3
I20260909 04:39:08.720213   321 skeleton_planner.h:170] Found solution in: 1
I20260909 04:39:08.720228   321 skeleton_planner.h:170] Found solution in: 18
I20260909 04:39:08.720235   321 skeleton_planner.h:170] Found solution in: 1
I20260909 04:39:08.720240   321 skeleton_planner.h:170] Found solution in: 3
I20260909 04:39:08.720257   321 skeleton_planner.h:170] Found solution in: 4
I20260909 04:39:08.720268   321 skeleton_planner.h:170] Found solution in: 1
I20260909 04:39:08.720363   321 skeleton_planner.h:170] Found solution in: 4
I20260909 04:39:08.720372   321 skeleton_planner.h:170] Found solution in: 1
I20260909 04:39:08.720378   321 skeleton_planner.h:170] Found solution in: 1
I20260909 04:39:08.720382   321 skeleton_planner.h:170] Found solution in: 3
I20260909 04:39:08.720464   321 skeleton_planner.h:170] Found solution in: 3
I20260909 04:39:08.720471   321 skeleton_planner.h:170] Found solution in: 1
I20260909 04:39:08.720479   321 skeleton_planner.h:170] Found solution in: 8
I20260909 04:39:08.720570   321 skeleton_planner.h:170] Found solution in: 6
I20260909 04:39:08.720579   321 skeleton_planner.h:170] Found solution in: 1
I20260909 04:39:08.720582   321 skeleton_planner.h:170] Found solution in: 3
I20260909 04:39:08.720597   321 skeleton_planner.h:170] Found solution in: 4
I20260909 04:39:08.720604   321 skeleton_planner.h:170] Found solution in: 1
I20260909 04:39:08.720620   321 skeleton_planner.h:170] Found solution in: 5
I20260909 04:39:08.720630   321 skeleton_planner.h:170] Found solution in: 1
I20260909 04:39:08.720661   321 skeleton_planner.h:170] Found solution in: 39
I20260909 04:39:08.720671   321 skeleton_planner.h:170] Found solution in: 1
I20260909 04:39:08.720687   321 skeleton_planner.h:170] Found solution in: 19
I20260909 04:39:08.720695   321 skeleton_planner.h:170] Found solution in: 7
I20260909 04:39:08.720709   321 skeleton_planner.h:170] Found solution in: 17
I20260909 04:39:08.720719   321 skeleton_planner.h:170] Found solution in: 1
I20260909 04:39:08.720731   321 skeleton_planner.h:170] Found solution in: 3
I20260909 04:39:08.720742   321 skeleton_planner.h:170] Found solution in: 1
I20260909 04:39:08.720757   321 skeleton_planner.h:170] Found solution in: 4
I20260909 04:39:08.720767   321 skeleton_planner.h:170] Found solution in: 1
I20260909 04:39:08.720851   321 skeleton_planner.h:170] Found solution in: 3
I20260909 04:39:08.720860   321 skeleton_planner.h:170] Found solution in: 1
I20260909 04:39:08.720877   321 skeleton_planner.h:170] Found solution in: 21
I20260909 04:39:08.720886   321 skeleton_planner.h:170] Found solution in: 1
I20260909 04:39:08.720898   321 skeleton_planner.h:170] Found solution in: 4
I20260909 04:39:08.720906   321 skeleton_planner.h:170] Found solution in: 1
I20260909 04:39:08.720997   321 skeleton_planner.h:170] Found solution in: 3
I20260909 04:39:08.721004   321 skeleton_planner.h:170] Found solution in: 1
I20260909 04:39:08.721009   321 skeleton_planner.h:170] Found solution in: 4
I20260909 04:39:08.721015   321 skeleton_planner.h:170] Found solution in: 1
I20260909 04:39:08.721112   321 skeleton_planner.h:170] Found solution in: 5
I20260909 04:39:08.721119   321 skeleton_planner.h:170] Found solution in: 1
I20260909 04:39:08.721125   321 skeleton_planner.h:170] Found solution in: 1
I20260909 04:39:08.721130   321 skeleton_planner.h:170] Found solution in: 4
I20260909 04:39:08.721163   321 skeleton_planner.h:170] Found solution in: 37
I20260909 04:39:08.721175   321 skeleton_planner.h:170] Found solution in: 1
I20260909 04:39:08.721184   321 skeleton_planner.h:170] Found solution in: 1
I20260909 04:39:08.721191   321 skeleton_planner.h:170] Found solution in: 1
I20260909 04:39:08.721197   321 skeleton_planner.h:170] Found solution in: 6
I20260909 04:39:08.721225   321 skeleton_planner.h:170] Found solution in: 8
I20260909 04:39:08.721237   321 skeleton_planner.h:170] Found solution in: 1
I20260909 04:39:08.721338   321 skeleton_planner.h:170] Found solution in: 6
I20260909 04:39:08.721350   321 skeleton_planner.h:170] Found solution in: 1
I20260909 04:39:08.721395   321 skeleton_planner.h:170] Found solution in: 22
I20260909 04:39:08.721405   321 skeleton_planner.h:170] Found solution in: 1
I20260909 04:39:08.721410   321 skeleton_planner.h:170] Found solution in: 3
I20260909 04:39:08.721416   321 skeleton_planner.h:170] Found solution in: 1
I20260909 04:39:08.721442   321 skeleton_planner.h:170] Found solution in: 30
I20260909 04:39:08.721451   321 skeleton_planner.h:170] Found solution in: 8
I20260909 04:39:08.721457   321 skeleton_planner.h:170] Found solution in: 1
I20260909 04:39:08.721460   321 skeleton_planner.h:170] Found solution in: 3
I20260909 04:39:08.721465   321 skeleton_planner.h:170] Found solution in: 1
I20260909 04:39:08.721469   321 skeleton_planner.h:170] Found solution in: 1
I20260909 04:39:08.721479   321 skeleton_planner.h:170] Found solution in: 1
I20260909 04:39:08.721486   321 skeleton_planner.h:170] Found solution in: 7
I20260909 04:39:08.721495   321 skeleton_planner.h:170] Found solution in: 1
I20260909 04:39:08.721503   321 skeleton_planner.h:170] Found solution in: 7
I20260909 04:39:08.721511   321 skeleton_planner.h:170] Found solution in: 1
I20260909 04:39:08.721520   321 skeleton_planner.h:170] Found solution in: 9
I20260909 04:39:08.721530   321 skeleton_planner.h:170] Found solution in: 10
I20260909 04:39:08.721537   321 skeleton_planner.h:170] Found solution in: 1
I20260909 04:39:08.721542   321 skeleton_planner.h:170] Found solution in: 4
I20260909 04:39:08.721549   321 skeleton_planner.h:170] Found solution in: 7
I20260909 04:39:08.721560   321 skeleton_planner.h:170] Found solution in: 11
I20260909 04:39:08.721568   321 skeleton_planner.h:170] Found solution in: 7
I20260909 04:39:08.721578   321 skeleton_planner.h:170] Found solution in: 1
I20260909 04:39:08.721585   321 skeleton_planner.h:170] Found solution in: 1
I20260909 04:39:08.721594   321 skeleton_planner.h:170] Found solution in: 8
I20260909 04:39:08.721601   321 skeleton_planner.h:170] Found solution in: 7
I20260909 04:39:08.721607   321 skeleton_planner.h:170] Found solution in: 1
I20260909 04:39:08.721627   321 skeleton_planner.h:170] Found solution in: 24
I20260909 04:39:08.721637   321 skeleton_planner.h:170] Found solution in: 1
I20260909 04:39:08.721647   321 skeleton_planner.h:170] Found solution in: 12
I20260909 04:39:08.721654   321 skeleton_planner.h:170] Found solution in: 1
I20260909 04:39:08.721676   321 skeleton_planner.h:170] Found solution in: 25
I20260909 04:39:08.721684   321 skeleton_planner.h:170] Found solution in: 1
I20260909 04:39:08.721690   321 skeleton_planner.h:170] Found solution in: 7
I20260909 04:39:08.721701   321 skeleton_planner.h:170] Found solution in: 1
I20260909 04:39:08.721710   321 skeleton_planner.h:170] Found solution in: 10
I20260909 04:39:08.721824   321 skeleton_planner.h:170] Found solution in: 6
I20260909 04:39:08.721835   321 skeleton_planner.h:170] Found solution in: 1
I20260909 04:39:08.721843   321 skeleton_planner.h:170] Found solution in: 8
I20260909 04:39:08.721851   321 skeleton_planner.h:170] Found solution in: 1
I20260909 04:39:08.721858   321 skeleton_planner.h:170] Found solution in: 8
I20260909 04:39:08.721863   321 skeleton_planner.h:170] Found solution in: 1
I20260909 04:39:08.721876   321 skeleton_planner.h:170] Found solution in: 3
I20260909 04:39:08.721887   321 skeleton_planner.h:170] Found solution in: 1
I20260909 04:39:08.721895   321 skeleton_planner.h:170] Found solution in: 1
I20260909 04:39:08.721903   321 skeleton_planner.h:170] Found solution in: 1
I20260909 04:39:08.721917   321 skeleton_planner.h:170] Found solution in: 15
I20260909 04:39:08.721925   321 skeleton_planner.h:170] Found solution in: 1
I20260909 04:39:08.721939   321 skeleton_planner.h:170] Found solution in: 18
I20260909 04:39:08.721951   321 skeleton_planner.h:170] Found solution in: 1
I20260909 04:39:08.722034   321 skeleton_planner.h:170] Found solution in: 4
I20260909 04:39:08.722043   321 skeleton_planner.h:170] Found solution in: 1
I20260909 04:39:08.722059   321 skeleton_planner.h:170] Found solution in: 5
I20260909 04:39:08.722066   321 skeleton_planner.h:170] Found solution in: 1
I20260909 04:39:08.722070   321 skeleton_planner.h:170] Found solution in: 4
I20260909 04:39:08.722088   321 skeleton_planner.h:170] Found solution in: 5
I20260909 04:39:08.722098   321 skeleton_planner.h:170] Found solution in: 1
I20260909 04:39:08.722114   321 skeleton_planner.h:170] Found solution in: 6
I20260909 04:39:08.722126   321 skeleton_planner.h:170] Found solution in: 1
I20260909 04:39:08.722146   321 skeleton_planner.h:170] Found solution in: 6
I20260909 04:39:08.722157   321 skeleton_planner.h:170] Found solution in: 1
I20260909 04:39:08.722163   321 skeleton_planner.h:170] Found solution in: 6
I20260909 04:39:08.722172   321 skeleton_planner.h:170] Found solution in: 1
I20260909 04:39:08.722174   321 skeleton_planner.h:170] Found solution in: 2
I20260909 04:39:08.722672   321 skeleton_planner.h:170] Found solution in: 1
I20260909 04:39:08.722677   321 skeleton_planner.h:170] Found solution in: 3
I20260909 04:39:08.722880   321 skeleton_planner.h:170] Found solution in: 1
I20260909 04:39:08.722885   321 skeleton_planner.h:170] Found solution in: 3
I20260909 04:39:08.723078   321 skeleton_planner.h:170] Found solution in: 1
I20260909 04:39:08.723354   321 skeleton_planner.h:170] Found solution in: 1
I20260909 04:39:08.723361   321 skeleton_planner.h:170] Found solution in: 4
I20260909 04:39:08.723366   321 skeleton_planner.h:170] Found solution in: 5
I20260909 04:39:08.723376   321 skeleton_planner.h:170] Found solution in: 11
I20260909 04:39:08.723384   321 skeleton_planner.h:170] Found solution in: 1
I20260909 04:39:08.723389   321 skeleton_planner.h:170] Found solution in: 4
I20260909 04:39:08.723393   321 skeleton_planner.h:170] Found solution in: 4
I20260909 04:39:08.723400   321 skeleton_planner.h:170] Found solution in: 1
I20260909 04:39:08.723412   321 skeleton_planner.h:170] Found solution in: 13
I20260909 04:39:08.723423   321 skeleton_planner.h:170] Found solution in: 12
I20260909 04:39:08.723433   321 skeleton_planner.h:170] Found solution in: 11
I20260909 04:39:08.723439   321 skeleton_planner.h:170] Found solution in: 1
I20260909 04:39:08.723444   321 skeleton_planner.h:170] Found solution in: 4
I20260909 04:39:08.723452   321 skeleton_planner.h:170] Found solution in: 7
I20260909 04:39:08.723459   321 skeleton_planner.h:170] Found solution in: 7
I20260909 04:39:08.723465   321 skeleton_planner.h:170] Found solution in: 1
I20260909 04:39:08.723469   321 skeleton_planner.h:170] Found solution in: 3
I20260909 04:39:08.723479   321 skeleton_planner.h:170] Found solution in: 13
I20260909 04:39:08.723487   321 skeleton_planner.h:170] Found solution in: 7
I20260909 04:39:08.723492   321 skeleton_planner.h:170] Found solution in: 1
I20260909 04:39:08.723510   321 skeleton_planner.h:170] Found solution in: 17
I20260909 04:39:08.723516   321 skeleton_planner.h:170] Found solution in: 1
I20260909 04:39:08.723521   321 skeleton_planner.h:170] Found solution in: 4
I20260909 04:39:08.723536   321 skeleton_planner.h:170] Found solution in: 14
I20260909 04:39:08.723563   321 skeleton_planner.h:170] Found solution in: 30
I20260909 04:39:08.723575   321 skeleton_planner.h:170] Found solution in: 1
I20260909 04:39:08.723695   321 skeleton_planner.h:170] Found solution in: 5
I20260909 04:39:08.723706   321 skeleton_planner.h:170] Found solution in: 1
I20260909 04:39:08.723804   321 skeleton_planner.h:170] Found solution in: 3
I20260909 04:39:08.723814   321 skeleton_planner.h:170] Found solution in: 1
I20260909 04:39:08.723819   321 skeleton_planner.h:170] Found solution in: 4
I20260909 04:39:08.723825   321 skeleton_planner.h:170] Found solution in: 1
I20260909 04:39:08.723830   321 skeleton_planner.h:170] Found solution in: 4
I20260909 04:39:08.723877   321 skeleton_planner.h:170] Found solution in: 26
I20260909 04:39:08.723892   321 skeleton_planner.h:170] Found solution in: 1
I20260909 04:39:08.723901   321 skeleton_planner.h:170] Found solution in: 1
I20260909 04:39:08.723905   321 skeleton_planner.h:170] Found solution in: 4
I20260909 04:39:08.723913   321 skeleton_planner.h:170] Found solution in: 1
I20260909 04:39:08.723918   321 skeleton_planner.h:170] Found solution in: 4
I20260909 04:39:08.723923   321 skeleton_planner.h:170] Found solution in: 1
I20260909 04:39:08.723927   321 skeleton_planner.h:170] Found solution in: 3
I20260909 04:39:08.724030   321 skeleton_planner.h:170] Found solution in: 67
I20260909 04:39:08.724042   321 skeleton_planner.h:170] Found solution in: 1
I20260909 04:39:08.724048   321 skeleton_planner.h:170] Found solution in: 4
I20260909 04:39:08.724146   321 skeleton_planner.h:170] Found solution in: 4
I20260909 04:39:08.724157   321 skeleton_planner.h:170] Found solution in: 1
I20260909 04:39:08.724169   321 skeleton_planner.h:170] Found solution in: 3
I20260909 04:39:08.724179   321 skeleton_planner.h:170] Found solution in: 1
I20260909 04:39:08.724184   321 skeleton_planner.h:170] Found solution in: 4
I20260909 04:39:08.724190   321 skeleton_planner.h:170] Found solution in: 1
I20260909 04:39:08.724195   321 skeleton_planner.h:170] Found solution in: 4
I20260909 04:39:08.724285   321 skeleton_planner.h:170] Found solution in: 7
I20260909 04:39:08.724295   321 skeleton_planner.h:170] Found solution in: 1
I20260909 04:39:08.724301   321 skeleton_planner.h:170] Found solution in: 1
I20260909 04:39:08.724308   321 skeleton_planner.h:170] Found solution in: 5
I20260909 04:39:08.724313   321 skeleton_planner.h:170] Found solution in: 1
I20260909 04:39:08.724318   321 skeleton_planner.h:170] Found solution in: 5
I20260909 04:39:08.724325   321 skeleton_planner.h:170] Found solution in: 1
I20260909 04:39:08.724331   321 skeleton_planner.h:170] Found solution in: 5
I20260909 04:39:08.724339   321 skeleton_planner.h:170] Found solution in: 7
I20260909 04:39:08.724344   321 skeleton_planner.h:170] Found solution in: 1
I20260909 04:39:08.724349   321 skeleton_planner.h:170] Found solution in: 5
I20260909 04:39:08.724359   321 skeleton_planner.h:170] Found solution in: 10
I20260909 04:39:08.724365   321 skeleton_planner.h:170] Found solution in: 7
I20260909 04:39:08.724373   321 skeleton_planner.h:170] Found solution in: 1
I20260909 04:39:08.724382   321 skeleton_planner.h:170] Found solution in: 1
I20260909 04:39:08.724387   321 skeleton_planner.h:170] Found solution in: 4
I20260909 04:39:08.724392   321 skeleton_planner.h:170] Found solution in: 4
I20260909 04:39:08.724406   321 skeleton_planner.h:170] Found solution in: 15
I20260909 04:39:08.724413   321 skeleton_planner.h:170] Found solution in: 1
I20260909 04:39:08.724418   321 skeleton_planner.h:170] Found solution in: 4
I20260909 04:39:08.724426   321 skeleton_planner.h:170] Found solution in: 8
I20260909 04:39:08.724439   321 skeleton_planner.h:170] Found solution in: 16
I20260909 04:39:08.724447   321 skeleton_planner.h:170] Found solution in: 1
I20260909 04:39:08.724457   321 skeleton_planner.h:170] Found solution in: 11
I20260909 04:39:08.724479   321 skeleton_planner.h:170] Found solution in: 30
I20260909 04:39:08.724486   321 skeleton_planner.h:170] Found solution in: 1
I20260909 04:39:08.724578   321 skeleton_planner.h:170] Found solution in: 4
I20260909 04:39:08.724588   321 skeleton_planner.h:170] Found solution in: 1
I20260909 04:39:08.724593   321 skeleton_planner.h:170] Found solution in: 1
I20260909 04:39:08.724599   321 skeleton_planner.h:170] Found solution in: 6
I20260909 04:39:08.724609   321 skeleton_planner.h:170] Found solution in: 10
I20260909 04:39:08.724614   321 skeleton_planner.h:170] Found solution in: 1
I20260909 04:39:08.724623   321 skeleton_planner.h:170] Found solution in: 10
I20260909 04:39:08.724629   321 skeleton_planner.h:170] Found solution in: 6
I20260909 04:39:08.724635   321 skeleton_planner.h:170] Found solution in: 1
I20260909 04:39:08.724640   321 skeleton_planner.h:170] Found solution in: 4
I20260909 04:39:08.724937   321 skeleton_planner.h:170] Found solution in: 29
I20260909 04:39:08.725564   321 skeleton_planner.h:170] Found solution in: 1
I20260909 04:39:08.725569   321 skeleton_planner.h:170] Found solution in: 4
I20260909 04:39:08.725888   321 skeleton_planner.h:170] Found solution in: 27
I20260909 04:39:08.725899   321 skeleton_planner.h:170] Found solution in: 1
I20260909 04:39:08.725906   321 skeleton_planner.h:170] Found solution in: 6
I20260909 04:39:08.726130   321 skeleton_planner.h:170] Found solution in: 3
I20260909 04:39:08.726145   321 skeleton_planner.h:170] Found solution in: 3
I20260909 04:39:08.726173   321 skeleton_planner.h:170] Found solution in: 5
I20260909 04:39:08.726189   321 skeleton_planner.h:170] Found solution in: 4
I20260909 04:39:08.726200   321 skeleton_planner.h:170] Found solution in: 3
I20260909 04:39:08.726215   321 skeleton_planner.h:170] Found solution in: 5
I20260909 04:39:08.726228   321 skeleton_planner.h:170] Found solution in: 4
I20260909 04:39:08.726249   321 skeleton_planner.h:170] Found solution in: 6
I20260909 04:39:08.726263   321 skeleton_planner.h:170] Found solution in: 4
I20260909 04:39:08.726286   321 skeleton_planner.h:170] Found solution in: 8
I20260909 04:39:08.726296   321 skeleton_planner.h:170] Found solution in: 3
I20260909 04:39:08.726310   321 skeleton_planner.h:170] Found solution in: 6
I20260909 04:39:08.726322   321 skeleton_planner.h:170] Found solution in: 3
I20260909 04:39:08.726337   321 skeleton_planner.h:170] Found solution in: 8
I20260909 04:39:08.726366   321 skeleton_planner.h:170] Found solution in: 13
I20260909 04:39:08.726389   321 skeleton_planner.h:170] Found solution in: 10
I20260909 04:39:08.726408   321 skeleton_planner.h:170] Found solution in: 6
I20260909 04:39:08.726425   321 skeleton_planner.h:170] Found solution in: 5
I20260909 04:39:08.726439   321 skeleton_planner.h:170] Found solution in: 4
I20260909 04:39:08.726462   321 skeleton_planner.h:170] Found solution in: 10
I20260909 04:39:08.726491   321 skeleton_planner.h:170] Found solution in: 11
I20260909 04:39:08.726511   321 skeleton_planner.h:170] Found solution in: 6
I20260909 04:39:08.726521   321 skeleton_planner.h:170] Found solution in: 3
I20260909 04:39:08.726538   321 skeleton_planner.h:170] Found solution in: 6
I20260909 04:39:08.726553   321 skeleton_planner.h:170] Found solution in: 5
I20260909 04:39:08.726567   321 skeleton_planner.h:170] Found solution in: 4
I20260909 04:39:08.726581   321 skeleton_planner.h:170] Found solution in: 4
I20260909 04:39:08.726604   321 skeleton_planner.h:170] Found solution in: 7
I20260909 04:39:08.726619   321 skeleton_planner.h:170] Found solution in: 4
I20260909 04:39:08.726626   321 skeleton_planner.h:170] Found solution in: 2
I20260909 04:39:08.726636   321 skeleton_planner.h:170] Found solution in: 3
I20260909 04:39:08.726648   321 skeleton_planner.h:170] Found solution in: 3
I20260909 04:39:08.726670   321 skeleton_planner.h:170] Found solution in: 6
I20260909 04:39:08.726679   321 skeleton_planner.h:170] Found solution in: 2
I20260909 04:39:08.726701   321 skeleton_planner.h:170] Found solution in: 8
I20260909 04:39:08.726722   321 skeleton_planner.h:170] Found solution in: 8
I20260909 04:39:08.726734   321 skeleton_planner.h:170] Found solution in: 4
I20260909 04:39:08.726755   321 skeleton_planner.h:170] Found solution in: 8
I20260909 04:39:08.726763   321 skeleton_planner.h:170] Found solution in: 2
I20260909 04:39:08.726778   321 skeleton_planner.h:170] Found solution in: 5
I20260909 04:39:08.726799   321 skeleton_planner.h:170] Found solution in: 7
I20260909 04:39:08.726814   321 skeleton_planner.h:170] Found solution in: 4
I20260909 04:39:08.726831   321 skeleton_planner.h:170] Found solution in: 5
I20260909 04:39:08.726854   321 skeleton_planner.h:170] Found solution in: 8
I20260909 04:39:08.726869   321 skeleton_planner.h:170] Found solution in: 5
I20260909 04:39:08.726881   321 skeleton_planner.h:170] Found solution in: 3
I20260909 04:39:08.726894   321 skeleton_planner.h:170] Found solution in: 4
I20260909 04:39:08.726908   321 skeleton_planner.h:170] Found solution in: 4
I20260909 04:39:08.726946   321 skeleton_planner.h:170] Found solution in: 15
I20260909 04:39:08.726960   321 skeleton_planner.h:170] Found solution in: 4
I20260909 04:39:08.726974   321 skeleton_planner.h:170] Found solution in: 5
I20260909 04:39:08.726989   321 skeleton_planner.h:170] Found solution in: 5
I20260909 04:39:08.726999   321 skeleton_planner.h:170] Found solution in: 3
I20260909 04:39:08.727013   321 skeleton_planner.h:170] Found solution in: 4
I20260909 04:39:08.727041   321 skeleton_planner.h:170] Found solution in: 8
I20260909 04:39:08.727057   321 skeleton_planner.h:170] Found solution in: 6
I20260909 04:39:08.727069   321 skeleton_planner.h:170] Found solution in: 4
I20260909 04:39:08.727097   321 skeleton_planner.h:170] Found solution in: 12
I20260909 04:39:08.727123   321 skeleton_planner.h:170] Found solution in: 11
I20260909 04:39:08.727152   321 skeleton_planner.h:170] Found solution in: 12
I20260909 04:39:08.727169   321 skeleton_planner.h:170] Found solution in: 5
I20260909 04:39:08.727181   321 skeleton_planner.h:170] Found solution in: 4
I20260909 04:39:08.727191   321 skeleton_planner.h:170] Found solution in: 3
I20260909 04:39:08.727210   321 skeleton_planner.h:170] Found solution in: 6
I20260909 04:39:08.727226   321 skeleton_planner.h:170] Found solution in: 4
I20260909 04:39:08.727242   321 skeleton_planner.h:170] Found solution in: 5
I20260909 04:39:08.727257   321 skeleton_planner.h:170] Found solution in: 4
I20260909 04:39:08.727267   321 skeleton_planner.h:170] Found solution in: 3
I20260909 04:39:08.727279   321 skeleton_planner.h:170] Found solution in: 4
I20260909 04:39:08.727290   321 skeleton_planner.h:170] Found solution in: 3
I20260909 04:39:08.727301   321 skeleton_planner.h:170] Found solution in: 3
I20260909 04:39:08.727313   321 skeleton_planner.h:170] Found solution in: 3
I20260909 04:39:08.727324   321 skeleton_planner.h:170] Found solution in: 3
I20260909 04:39:08.727335   321 skeleton_planner.h:170] Found solution in: 3
I20260909 04:39:08.727344   321 skeleton_planner.h:170] Found solution in: 2
I20260909 04:39:08.727353   321 skeleton_planner.h:170] Found solution in: 3
I20260909 04:39:08.727365   321 skeleton_planner.h:170] Found solution in: 3
I20260909 04:39:08.727381   321 skeleton_planner.h:170] Found solution in: 6
I20260909 04:39:08.727406   321 skeleton_planner.h:170] Found solution in: 9
I20260909 04:39:08.727418   321 skeleton_planner.h:170] Found solution in: 3
I20260909 04:39:08.727430   321 skeleton_planner.h:170] Found solution in: 4
I20260909 04:39:08.727447   321 skeleton_planner.h:170] Found solution in: 5
I20260909 04:39:08.727459   321 skeleton_planner.h:170] Found solution in: 3
I20260909 04:39:08.727473   321 skeleton_planner.h:170] Found solution in: 4
I20260909 04:39:08.727484   321 skeleton_planner.h:170] Found solution in: 4
I20260909 04:39:08.727496   321 skeleton_planner.h:170] Found solution in: 3
I20260909 04:39:08.727511   321 skeleton_planner.h:170] Found solution in: 4
I20260909 04:39:08.727519   321 skeleton_planner.h:170] Found solution in: 2
I20260909 04:39:08.727528   321 skeleton_planner.h:170] Found solution in: 3
I20260909 04:39:08.727540   321 skeleton_planner.h:170] Found solution in: 3
I20260909 04:39:08.727556   321 skeleton_planner.h:170] Found solution in: 6
I20260909 04:39:08.727567   321 skeleton_planner.h:170] Found solution in: 3
I20260909 04:39:08.727581   321 skeleton_planner.h:170] Found solution in: 4
I20260909 04:39:08.727591   321 skeleton_planner.h:170] Found solution in: 3
I20260909 04:39:08.727609   321 skeleton_planner.h:170] Found solution in: 6
I20260909 04:39:08.727622   321 skeleton_planner.h:170] Found solution in: 3
I20260909 04:39:08.727629   321 skeleton_planner.h:170] Found solution in: 2
I20260909 04:39:08.727641   321 skeleton_planner.h:170] Found solution in: 5
I20260909 04:39:08.727653   321 skeleton_planner.h:170] Found solution in: 4
I20260909 04:39:08.727674   321 skeleton_planner.h:170] Found solution in: 6
I20260909 04:39:08.727687   321 skeleton_planner.h:170] Found solution in: 4
I20260909 04:39:08.727705   321 skeleton_planner.h:170] Found solution in: 5
I20260909 04:39:08.727713   321 skeleton_planner.h:170] Found solution in: 2
I20260909 04:39:08.727723   321 skeleton_planner.h:170] Found solution in: 3
I20260909 04:39:08.727739   321 skeleton_planner.h:170] Found solution in: 6
I20260909 04:39:08.727758   321 skeleton_planner.h:170] Found solution in: 6
I20260909 04:39:08.727770   321 skeleton_planner.h:170] Found solution in: 3
I20260909 04:39:08.727780   321 skeleton_planner.h:170] Found solution in: 3
I20260909 04:39:08.727792   321 skeleton_planner.h:170] Found solution in: 3
I20260909 04:39:08.727804   321 skeleton_planner.h:170] Found solution in: 4
I20260909 04:39:08.727811   321 skeleton_planner.h:170] Found solution in: 2
I20260909 04:39:08.727826   321 skeleton_planner.h:170] Found solution in: 4
I20260909 04:39:08.727840   321 skeleton_planner.h:170] Found solution in: 4
I20260909 04:39:08.727860   321 skeleton_planner.h:170] Found solution in: 6
I20260909 04:39:08.727874   321 skeleton_planner.h:170] Found solution in: 4
I20260909 04:39:08.727888   321 skeleton_planner.h:170] Found solution in: 4
I20260909 04:39:08.727900   321 skeleton_planner.h:170] Found solution in: 3
I20260909 04:39:08.727910   321 skeleton_planner.h:170] Found solution in: 3
I20260909 04:39:08.727924   321 skeleton_planner.h:170] Found solution in: 4
I20260909 04:39:08.727936   321 skeleton_planner.h:170] Found solution in: 3
I20260909 04:39:08.727952   321 skeleton_planner.h:170] Found solution in: 4
I20260909 04:39:08.727970   321 skeleton_planner.h:170] Found solution in: 6
I20260909 04:39:08.727991   321 skeleton_planner.h:170] Found solution in: 7
I20260909 04:39:08.728004   321 skeleton_planner.h:170] Found solution in: 4
I20260909 04:39:08.728017   321 skeleton_planner.h:170] Found solution in: 4
I20260909 04:39:08.728030   321 skeleton_planner.h:170] Found solution in: 4
I20260909 04:39:08.728041   321 skeleton_planner.h:170] Found solution in: 3
I20260909 04:39:08.728068   321 skeleton_planner.h:170] Found solution in: 10
I20260909 04:39:08.728082   321 skeleton_planner.h:170] Found solution in: 4
I20260909 04:39:08.728093   321 skeleton_planner.h:170] Found solution in: 3
I20260909 04:39:08.728104   321 skeleton_planner.h:170] Found solution in: 4
I20260909 04:39:08.728116   321 skeleton_planner.h:170] Found solution in: 3
I20260909 04:39:08.728127   321 skeleton_planner.h:170] Found solution in: 3
I20260909 04:39:08.728143   321 skeleton_planner.h:170] Found solution in: 5
I20260909 04:39:08.728163   321 skeleton_planner.h:170] Found solution in: 6
I20260909 04:39:08.728174   321 skeleton_planner.h:170] Found solution in: 3
I20260909 04:39:08.728191   321 skeleton_planner.h:170] Found solution in: 5
I20260909 04:39:08.728209   321 skeleton_planner.h:170] Found solution in: 5
I20260909 04:39:08.728227   321 skeleton_planner.h:170] Found solution in: 5
I20260909 04:39:08.728240   321 skeleton_planner.h:170] Found solution in: 3
I20260909 04:39:08.728247   321 skeleton_planner.h:170] Found solution in: 2
I20260909 04:39:08.728257   321 skeleton_planner.h:170] Found solution in: 3
I20260909 04:39:08.728268   321 skeleton_planner.h:170] Found solution in: 3
I20260909 04:39:08.728281   321 skeleton_planner.h:170] Found solution in: 4
I20260909 04:39:08.728291   321 skeleton_planner.h:170] Found solution in: 4
I20260909 04:39:08.728302   321 skeleton_planner.h:170] Found solution in: 3
I20260909 04:39:08.728324   321 skeleton_planner.h:170] Found solution in: 6
I20260909 04:39:08.728336   321 skeleton_planner.h:170] Found solution in: 3
I20260909 04:39:08.728358   321 skeleton_planner.h:170] Found solution in: 6
I20260909 04:39:08.728382   321 skeleton_planner.h:170] Found solution in: 9
I20260909 04:39:08.728394   321 skeleton_planner.h:170] Found solution in: 3
I20260909 04:39:08.728415   321 skeleton_planner.h:170] Found solution in: 6
I20260909 04:39:08.728433   321 skeleton_planner.h:170] Found solution in: 5
I20260909 04:39:08.728446   321 skeleton_planner.h:170] Found solution in: 4
I20260909 04:39:08.728461   321 skeleton_planner.h:170] Found solution in: 5
I20260909 04:39:08.728479   321 skeleton_planner.h:170] Found solution in: 5
I20260909 04:39:08.728489   321 skeleton_planner.h:170] Found solution in: 3
I20260909 04:39:08.728504   321 skeleton_planner.h:170] Found solution in: 5
I20260909 04:39:08.728523   321 skeleton_planner.h:170] Found solution in: 6
I20260909 04:39:08.728536   321 skeleton_planner.h:170] Found solution in: 4
I20260909 04:39:08.728550   321 skeleton_planner.h:170] Found solution in: 4
I20260909 04:39:08.728561   321 skeleton_planner.h:170] Found solution in: 3
I20260909 04:39:08.728576   321 skeleton_planner.h:170] Found solution in: 3
I20260909 04:39:08.728587   321 skeleton_planner.h:170] Found solution in: 3
I20260909 04:39:08.728600   321 skeleton_planner.h:170] Found solution in: 4
I20260909 04:39:08.728617   321 skeleton_planner.h:170] Found solution in: 5
I20260909 04:39:08.728628   321 skeleton_planner.h:170] Found solution in: 3
I20260909 04:39:08.728662   321 skeleton_planner.h:170] Found solution in: 10
I20260909 04:39:08.728677   321 skeleton_planner.h:170] Found solution in: 4
I20260909 04:39:08.728708   321 skeleton_planner.h:170] Found solution in: 10
I20260909 04:39:08.728729   321 skeleton_planner.h:170] Found solution in: 5
I20260909 04:39:08.728767   321 skeleton_planner.h:170] Found solution in: 11
I20260909 04:39:08.728785   321 skeleton_planner.h:170] Found solution in: 4
I20260909 04:39:08.728796   321 skeleton_planner.h:170] Found solution in: 3
I20260909 04:39:08.728814   321 skeleton_planner.h:170] Found solution in: 4
I20260909 04:39:08.728827   321 skeleton_planner.h:170] Found solution in: 4
I20260909 04:39:08.728835   321 skeleton_planner.h:170] Found solution in: 2
I20260909 04:39:08.728840   321 skeleton_planner.h:170] Found solution in: 1
I20260909 04:39:08.728855   321 skeleton_planner.h:170] Found solution in: 5
I20260909 04:39:08.728861   321 skeleton_planner.h:170] Found solution in: 1
I20260909 04:39:08.728874   321 skeleton_planner.h:170] Found solution in: 4
I20260909 04:39:08.728890   321 skeleton_planner.h:170] Found solution in: 4
I20260909 04:39:08.728902   321 skeleton_planner.h:170] Found solution in: 4
I20260909 04:39:08.728917   321 skeleton_planner.h:170] Found solution in: 4
I20260909 04:39:08.728936   321 skeleton_planner.h:170] Found solution in: 6
I20260909 04:39:08.728958   321 skeleton_planner.h:170] Found solution in: 7
I20260909 04:39:08.728976   321 skeleton_planner.h:170] Found solution in: 6
I20260909 04:39:08.729002   321 skeleton_planner.h:170] Found solution in: 10
I20260909 04:39:08.729012   321 skeleton_planner.h:170] Found solution in: 2
I20260909 04:39:08.729022   321 skeleton_planner.h:170] Found solution in: 3
I20260909 04:39:08.729043   321 skeleton_planner.h:170] Found solution in: 8
I20260909 04:39:08.729063   321 skeleton_planner.h:170] Found solution in: 7
I20260909 04:39:08.729079   321 skeleton_planner.h:170] Found solution in: 6
I20260909 04:39:08.729099   321 skeleton_planner.h:170] Found solution in: 7
I20260909 04:39:08.729118   321 skeleton_planner.h:170] Found solution in: 6
I20260909 04:39:08.729143   321 skeleton_planner.h:170] Found solution in: 8
I20260909 04:39:08.729171   321 skeleton_planner.h:170] Found solution in: 10
I20260909 04:39:08.729194   321 skeleton_planner.h:170] Found solution in: 7
I20260909 04:39:08.729210   321 skeleton_planner.h:170] Found solution in: 5
I20260909 04:39:08.729224   321 skeleton_planner.h:170] Found solution in: 5
I20260909 04:39:08.729239   321 skeleton_planner.h:170] Found solution in: 6
I20260909 04:39:08.729270   321 skeleton_planner.h:170] Found solution in: 12
I20260909 04:39:08.729287   321 skeleton_planner.h:170] Found solution in: 6
I20260909 04:39:08.729300   321 skeleton_planner.h:170] Found solution in: 4
I20260909 04:39:08.729312   321 skeleton_planner.h:170] Found solution in: 4
I20260909 04:39:08.729326   321 skeleton_planner.h:170] Found solution in: 5
I20260909 04:39:08.729339   321 skeleton_planner.h:170] Found solution in: 5
I20260909 04:39:08.729373   321 skeleton_planner.h:170] Found solution in: 15
I20260909 04:39:08.729385   321 skeleton_planner.h:170] Found solution in: 4
I20260909 04:39:08.729423   321 skeleton_planner.h:170] Found solution in: 14
I20260909 04:39:08.729457   321 skeleton_planner.h:170] Found solution in: 12
I20260909 04:39:08.729473   321 skeleton_planner.h:170] Found solution in: 6
I20260909 04:39:08.729503   321 skeleton_planner.h:170] Found solution in: 12
I20260909 04:39:08.729521   321 skeleton_planner.h:170] Found solution in: 7
I20260909 04:39:08.729533   321 skeleton_planner.h:170] Found solution in: 5
I20260909 04:39:08.729570   321 skeleton_planner.h:170] Found solution in: 16
I20260909 04:39:08.729621   321 skeleton_planner.h:170] Found solution in: 19
I20260909 04:39:08.729663   321 skeleton_planner.h:170] Found solution in: 14
I20260909 04:39:08.729712   321 skeleton_planner.h:170] Found solution in: 20
I20260909 04:39:08.729736   321 skeleton_planner.h:170] Found solution in: 6
I20260909 04:39:08.729748   321 skeleton_planner.h:170] Found solution in: 3
I20260909 04:39:08.729758   321 skeleton_planner.h:170] Found solution in: 3
I20260909 04:39:08.729768   321 skeleton_planner.h:170] Found solution in: 3
I20260909 04:39:08.729779   321 skeleton_planner.h:170] Found solution in: 3
I20260909 04:39:08.729790   321 skeleton_planner.h:170] Found solution in: 4
I20260909 04:39:08.729815   321 skeleton_planner.h:170] Found solution in: 8
I20260909 04:39:08.729828   321 skeleton_planner.h:170] Found solution in: 4
I20260909 04:39:08.729851   321 skeleton_planner.h:170] Found solution in: 8
I20260909 04:39:08.729866   321 skeleton_planner.h:170] Found solution in: 4
I20260909 04:39:08.729884   321 skeleton_planner.h:170] Found solution in: 6
I20260909 04:39:08.729897   321 skeleton_planner.h:170] Found solution in: 4
I20260909 04:39:08.729911   321 skeleton_planner.h:170] Found solution in: 4
I20260909 04:39:08.729923   321 skeleton_planner.h:170] Found solution in: 3
I20260909 04:39:08.729939   321 skeleton_planner.h:170] Found solution in: 5
I20260909 04:39:08.729980   321 skeleton_planner.h:170] Found solution in: 19
I20260909 04:39:08.730007   321 skeleton_planner.h:170] Found solution in: 7
I20260909 04:39:08.730034   321 skeleton_planner.h:170] Found solution in: 9
I20260909 04:39:08.730054   321 skeleton_planner.h:170] Found solution in: 5
I20260909 04:39:08.730067   321 skeleton_planner.h:170] Found solution in: 3
I20260909 04:39:08.730093   321 skeleton_planner.h:170] Found solution in: 12
I20260909 04:39:08.730108   321 skeleton_planner.h:170] Found solution in: 6
I20260909 04:39:08.730129   321 skeleton_planner.h:170] Found solution in: 7
I20260909 04:39:08.730146   321 skeleton_planner.h:170] Found solution in: 5
I20260909 04:39:08.730196   321 skeleton_planner.h:170] Found solution in: 18
I20260909 04:39:08.730248   321 skeleton_planner.h:170] Found solution in: 14
I20260909 04:39:08.730352   321 skeleton_planner.h:170] Found solution in: 41
I20260909 04:39:08.730371   321 skeleton_planner.h:170] Found solution in: 3
I20260909 04:39:08.730384   321 skeleton_planner.h:170] Found solution in: 4
I20260909 04:39:08.730513   321 skeleton_planner.h:170] Found solution in: 47
I20260909 04:39:08.730528   321 skeleton_planner.h:170] Found solution in: 2
I20260909 04:39:08.730561   321 skeleton_planner.h:170] Found solution in: 7
I20260909 04:39:08.730576   321 skeleton_planner.h:170] Found solution in: 5
I20260909 04:39:08.730589   321 skeleton_planner.h:170] Found solution in: 5
I20260909 04:39:08.730594   321 skeleton_planner.h:170] Found solution in: 1
I20260909 04:39:08.730597   321 skeleton_planner.h:170] Found solution in: 1
I20260909 04:39:08.730626   321 skeleton_planner.h:170] Found solution in: 13
I20260909 04:39:08.730654   321 skeleton_planner.h:170] Found solution in: 9
I20260909 04:39:08.730665   321 skeleton_planner.h:170] Found solution in: 3
I20260909 04:39:08.730691   321 skeleton_planner.h:170] Found solution in: 10
I20260909 04:39:08.730702   321 skeleton_planner.h:170] Found solution in: 3
I20260909 04:39:08.730732   321 skeleton_planner.h:170] Found solution in: 12
I20260909 04:39:08.730763   321 skeleton_planner.h:170] Found solution in: 12
I20260909 04:39:08.730769   321 skeleton_planner.h:170] Found solution in: 1
I20260909 04:39:08.730794   321 skeleton_planner.h:170] Found solution in: 9
I20260909 04:39:08.730835   321 skeleton_planner.h:170] Found solution in: 15
I20260909 04:39:08.730906   321 skeleton_planner.h:170] Found solution in: 28
I20260909 04:39:08.730962   321 skeleton_planner.h:170] Found solution in: 16
I20260909 04:39:08.730994   321 skeleton_planner.h:170] Found solution in: 7
I20260909 04:39:08.731005   321 skeleton_planner.h:170] Found solution in: 3
I20260909 04:39:08.731014   321 skeleton_planner.h:170] Found solution in: 3
I20260909 04:39:08.731025   321 skeleton_planner.h:170] Found solution in: 4
I20260909 04:39:08.731043   321 skeleton_planner.h:170] Found solution in: 6
I20260909 04:39:08.731058   321 skeleton_planner.h:170] Found solution in: 5
I20260909 04:39:08.731081   321 skeleton_planner.h:170] Found solution in: 8
I20260909 04:39:08.731091   321 skeleton_planner.h:170] Found solution in: 3
I20260909 04:39:08.731104   321 skeleton_planner.h:170] Found solution in: 4
I20260909 04:39:08.731122   321 skeleton_planner.h:170] Found solution in: 5
I20260909 04:39:08.731142   321 skeleton_planner.h:170] Found solution in: 6
I20260909 04:39:08.731161   321 skeleton_planner.h:170] Found solution in: 6
I20260909 04:39:08.731172   321 skeleton_planner.h:170] Found solution in: 3
I20260909 04:39:08.731180   321 skeleton_planner.h:170] Found solution in: 2
I20260909 04:39:08.731191   321 skeleton_planner.h:170] Found solution in: 3
I20260909 04:39:08.731212   321 skeleton_planner.h:170] Found solution in: 7
I20260909 04:39:08.731225   321 skeleton_planner.h:170] Found solution in: 3
I20260909 04:39:08.731242   321 skeleton_planner.h:170] Found solution in: 5
I20260909 04:39:08.731253   321 skeleton_planner.h:170] Found solution in: 3
I20260909 04:39:08.731278   321 skeleton_planner.h:170] Found solution in: 9
I20260909 04:39:08.731295   321 skeleton_planner.h:170] Found solution in: 4
I20260909 04:39:08.731319   321 skeleton_planner.h:170] Found solution in: 7
I20260909 04:39:08.731338   321 skeleton_planner.h:170] Found solution in: 5
I20260909 04:39:08.731351   321 skeleton_planner.h:170] Found solution in: 4
I20260909 04:39:08.731366   321 skeleton_planner.h:170] Found solution in: 4
I20260909 04:39:08.731381   321 skeleton_planner.h:170] Found solution in: 4
I20260909 04:39:08.731418   321 skeleton_planner.h:170] Found solution in: 12
I20260909 04:39:08.731436   321 skeleton_planner.h:170] Found solution in: 4
I20260909 04:39:08.731460   321 skeleton_planner.h:170] Found solution in: 7
I20260909 04:39:08.731482   321 skeleton_planner.h:170] Found solution in: 5
I20260909 04:39:08.731503   321 skeleton_planner.h:170] Found solution in: 6
I20260909 04:39:08.731523   321 skeleton_planner.h:170] Found solution in: 5
I20260909 04:39:08.731537   321 skeleton_planner.h:170] Found solution in: 4
I20260909 04:39:08.731570   321 skeleton_planner.h:170] Found solution in: 14
I20260909 04:39:08.731585   321 skeleton_planner.h:170] Found solution in: 5
I20260909 04:39:08.731606   321 skeleton_planner.h:170] Found solution in: 6
I20260909 04:39:08.731621   321 skeleton_planner.h:170] Found solution in: 5
I20260909 04:39:08.731643   321 skeleton_planner.h:170] Found solution in: 7
I20260909 04:39:08.731664   321 skeleton_planner.h:170] Found solution in: 7
I20260909 04:39:08.731678   321 skeleton_planner.h:170] Found solution in: 4
I20260909 04:39:08.731695   321 skeleton_planner.h:170] Found solution in: 5
I20260909 04:39:08.731714   321 skeleton_planner.h:170] Found solution in: 6
I20260909 04:39:08.731734   321 skeleton_planner.h:170] Found solution in: 6
I20260909 04:39:08.731748   321 skeleton_planner.h:170] Found solution in: 4
I20260909 04:39:08.731760   321 skeleton_planner.h:170] Found solution in: 3
I20260909 04:39:08.731770   321 skeleton_planner.h:170] Found solution in: 3
I20260909 04:39:08.731781   321 skeleton_planner.h:170] Found solution in: 3
I20260909 04:39:08.731793   321 skeleton_planner.h:170] Found solution in: 4
I20260909 04:39:08.731808   321 skeleton_planner.h:170] Found solution in: 4
I20260909 04:39:08.731825   321 skeleton_planner.h:170] Found solution in: 5
I20260909 04:39:08.731844   321 skeleton_planner.h:170] Found solution in: 6
I20260909 04:39:08.731878   321 skeleton_planner.h:170] Found solution in: 15
I20260909 04:39:08.731969   321 skeleton_planner.h:170] Found solution in: 38
I20260909 04:39:08.732023   321 skeleton_planner.h:170] Found solution in: 16
I20260909 04:39:08.732056   321 skeleton_planner.h:170] Found solution in: 14
I20260909 04:39:08.732101   321 skeleton_planner.h:170] Found solution in: 17
I20260909 04:39:08.732128   321 skeleton_planner.h:170] Found solution in: 6
I20260909 04:39:08.732136   321 skeleton_planner.h:170] Found solution in: 1
I20260909 04:39:08.732138   321 skeleton_planner.h:170] Found solution in: 1
I20260909 04:39:08.732165   321 skeleton_planner.h:170] Found solution in: 10
I20260909 04:39:08.732196   321 skeleton_planner.h:170] Found solution in: 10
I20260909 04:39:08.732216   321 skeleton_planner.h:170] Found solution in: 5
I20260909 04:39:08.732236   321 skeleton_planner.h:170] Found solution in: 7
I20260909 04:39:08.732256   321 skeleton_planner.h:170] Found solution in: 6
I20260909 04:39:08.732272   321 skeleton_planner.h:170] Found solution in: 6
I20260909 04:39:08.732287   321 skeleton_planner.h:170] Found solution in: 6
I20260909 04:39:08.732302   321 skeleton_planner.h:170] Found solution in: 6
I20260909 04:39:08.732309   321 skeleton_planner.h:170] Found solution in: 1
I20260909 04:39:08.732319   321 skeleton_planner.h:170] Found solution in: 4
I20260909 04:39:08.732338   321 skeleton_planner.h:170] Found solution in: 5
I20260909 04:39:08.732353   321 skeleton_planner.h:170] Found solution in: 4
I20260909 04:39:08.732371   321 skeleton_planner.h:170] Found solution in: 5
I20260909 04:39:08.732383   321 skeleton_planner.h:170] Found solution in: 3
I20260909 04:39:08.732400   321 skeleton_planner.h:170] Found solution in: 5
I20260909 04:39:08.732421   321 skeleton_planner.h:170] Found solution in: 6
I20260909 04:39:08.732435   321 skeleton_planner.h:170] Found solution in: 4
I20260909 04:39:08.732448   321 skeleton_planner.h:170] Found solution in: 4
I20260909 04:39:08.732465   321 skeleton_planner.h:170] Found solution in: 5
I20260909 04:39:08.732487   321 skeleton_planner.h:170] Found solution in: 7
I20260909 04:39:08.732506   321 skeleton_planner.h:170] Found solution in: 5
I20260909 04:39:08.732527   321 skeleton_planner.h:170] Found solution in: 6
I20260909 04:39:08.732548   321 skeleton_planner.h:170] Found solution in: 6
I20260909 04:39:08.732574   321 skeleton_planner.h:170] Found solution in: 8
I20260909 04:39:08.732599   321 skeleton_planner.h:170] Found solution in: 7
I20260909 04:39:08.732626   321 skeleton_planner.h:170] Found solution in: 9
I20260909 04:39:08.732648   321 skeleton_planner.h:170] Found solution in: 6
I20260909 04:39:08.732673   321 skeleton_planner.h:170] Found solution in: 8
I20260909 04:39:08.732704   321 skeleton_planner.h:170] Found solution in: 10
I20260909 04:39:08.732728   321 skeleton_planner.h:170] Found solution in: 7
I20260909 04:39:08.732753   321 skeleton_planner.h:170] Found solution in: 8
I20260909 04:39:08.732770   321 skeleton_planner.h:170] Found solution in: 4
I20260909 04:39:08.732793   321 skeleton_planner.h:170] Found solution in: 9
I20260909 04:39:08.732820   321 skeleton_planner.h:170] Found solution in: 9
I20260909 04:39:08.732831   321 skeleton_planner.h:170] Found solution in: 3
I20260909 04:39:08.732844   321 skeleton_planner.h:170] Found solution in: 4
I20260909 04:39:08.732856   321 skeleton_planner.h:170] Found solution in: 4
I20260909 04:39:08.732861   321 skeleton_planner.h:170] Found solution in: 1
I20260909 04:39:08.732884   321 skeleton_planner.h:170] Found solution in: 9
I20260909 04:39:08.732903   321 skeleton_planner.h:170] Found solution in: 6
I20260909 04:39:08.732923   321 skeleton_planner.h:170] Found solution in: 6
I20260909 04:39:08.732942   321 skeleton_planner.h:170] Found solution in: 6
I20260909 04:39:08.732955   321 skeleton_planner.h:170] Found solution in: 4
I20260909 04:39:08.732966   321 skeleton_planner.h:170] Found solution in: 3
I20260909 04:39:08.732973   321 skeleton_planner.h:170] Found solution in: 2
I20260909 04:39:08.732988   321 skeleton_planner.h:170] Found solution in: 5
I20260909 04:39:08.733006   321 skeleton_planner.h:170] Found solution in: 5
I20260909 04:39:08.733029   321 skeleton_planner.h:170] Found solution in: 8
I20260909 04:39:08.733055   321 skeleton_planner.h:170] Found solution in: 7
I20260909 04:39:08.733088   321 skeleton_planner.h:170] Found solution in: 10
I20260909 04:39:08.733110   321 skeleton_planner.h:170] Found solution in: 6
I20260909 04:39:08.733131   321 skeleton_planner.h:170] Found solution in: 8
I20260909 04:39:08.733148   321 skeleton_planner.h:170] Found solution in: 4
I20260909 04:39:08.733170   321 skeleton_planner.h:170] Found solution in: 6
I20260909 04:39:08.733198   321 skeleton_planner.h:170] Found solution in: 9
I20260909 04:39:08.733213   321 skeleton_planner.h:170] Found solution in: 4
I20260909 04:39:08.733233   321 skeleton_planner.h:170] Found solution in: 5
I20260909 04:39:08.733249   321 skeleton_planner.h:170] Found solution in: 6
I20260909 04:39:08.733260   321 skeleton_planner.h:170] Found solution in: 4
I20260909 04:39:08.733273   321 skeleton_planner.h:170] Found solution in: 5
I20260909 04:39:08.733283   321 skeleton_planner.h:170] Found solution in: 4
I20260909 04:39:08.733309   321 skeleton_planner.h:170] Found solution in: 8
I20260909 04:39:08.733338   321 skeleton_planner.h:170] Found solution in: 10
I20260909 04:39:08.733350   321 skeleton_planner.h:170] Found solution in: 4
I20260909 04:39:08.733379   321 skeleton_planner.h:170] Found solution in: 11
I20260909 04:39:08.733390   321 skeleton_planner.h:170] Found solution in: 3
I20260909 04:39:08.733493   321 skeleton_planner.h:170] Found solution in: 36
I20260909 04:39:08.733527   321 skeleton_planner.h:170] Found solution in: 7
I20260909 04:39:08.733806   321 skeleton_planner.h:170] Found solution in: 3
I20260909 04:39:08.733839   321 skeleton_planner.h:170] Found solution in: 5
I20260909 04:39:08.733860   321 skeleton_planner.h:170] Found solution in: 6
I20260909 04:39:08.733880   321 skeleton_planner.h:170] Found solution in: 7
I20260909 04:39:08.733903   321 skeleton_planner.h:170] Found solution in: 7
I20260909 04:39:08.733925   321 skeleton_planner.h:170] Found solution in: 7
I20260909 04:39:08.733947   321 skeleton_planner.h:170] Found solution in: 6
I20260909 04:39:08.733961   321 skeleton_planner.h:170] Found solution in: 3
I20260909 04:39:08.733973   321 skeleton_planner.h:170] Found solution in: 3
I20260909 04:39:08.733983   321 skeleton_planner.h:170] Found solution in: 3
I20260909 04:39:08.734004   321 skeleton_planner.h:170] Found solution in: 7
I20260909 04:39:08.734018   321 skeleton_planner.h:170] Found solution in: 5
I20260909 04:39:08.734040   321 skeleton_planner.h:170] Found solution in: 9
I20260909 04:39:08.734058   321 skeleton_planner.h:170] Found solution in: 6
I20260909 04:39:08.734081   321 skeleton_planner.h:170] Found solution in: 7
I20260909 04:39:08.734094   321 skeleton_planner.h:170] Found solution in: 5
I20260909 04:39:08.734108   321 skeleton_planner.h:170] Found solution in: 6
I20260909 04:39:08.734130   321 skeleton_planner.h:170] Found solution in: 7
I20260909 04:39:08.734150   321 skeleton_planner.h:170] Found solution in: 9
I20260909 04:39:08.734174   321 skeleton_planner.h:170] Found solution in: 9
I20260909 04:39:08.734189   321 skeleton_planner.h:170] Found solution in: 5
I20260909 04:39:08.734241   321 skeleton_planner.h:170] Found solution in: 24
I20260909 04:39:08.734257   321 skeleton_planner.h:170] Found solution in: 6
I20260909 04:39:08.734272   321 skeleton_planner.h:170] Found solution in: 5
I20260909 04:39:08.734282   321 skeleton_planner.h:170] Found solution in: 3
I20260909 04:39:08.734287   321 skeleton_planner.h:170] Found solution in: 1
I20260909 04:39:08.734289   321 skeleton_planner.h:170] Found solution in: 1
I20260909 04:39:08.734300   321 skeleton_planner.h:170] Found solution in: 4
I20260909 04:39:08.734311   321 skeleton_planner.h:170] Found solution in: 3
I20260909 04:39:08.734331   321 skeleton_planner.h:170] Found solution in: 5
I20260909 04:39:08.734346   321 skeleton_planner.h:170] Found solution in: 4
I20260909 04:39:08.734366   321 skeleton_planner.h:170] Found solution in: 7
I20260909 04:39:08.734392   321 skeleton_planner.h:170] Found solution in: 9
I20260909 04:39:08.734429   321 skeleton_planner.h:170] Found solution in: 12
I20260909 04:39:08.734469   321 skeleton_planner.h:170] Found solution in: 12
I20260909 04:39:08.734495   321 skeleton_planner.h:170] Found solution in: 7
I20260909 04:39:08.734505   321 skeleton_planner.h:170] Found solution in: 2
I20260909 04:39:08.734516   321 skeleton_planner.h:170] Found solution in: 4
I20260909 04:39:08.734524   321 skeleton_planner.h:170] Found solution in: 2
I20260909 04:39:08.734539   321 skeleton_planner.h:170] Found solution in: 5
I20260909 04:39:08.734558   321 skeleton_planner.h:170] Found solution in: 6
I20260909 04:39:08.734577   321 skeleton_planner.h:170] Found solution in: 7
I20260909 04:39:08.734597   321 skeleton_planner.h:170] Found solution in: 7
I20260909 04:39:08.734606   321 skeleton_planner.h:170] Found solution in: 2
I20260909 04:39:08.734618   321 skeleton_planner.h:170] Found solution in: 4
I20260909 04:39:08.734632   321 skeleton_planner.h:170] Found solution in: 4
I20260909 04:39:08.734652   321 skeleton_planner.h:170] Found solution in: 7
I20260909 04:39:08.734663   321 skeleton_planner.h:170] Found solution in: 3
I20260909 04:39:08.734673   321 skeleton_planner.h:170] Found solution in: 3
I20260909 04:39:08.734691   321 skeleton_planner.h:170] Found solution in: 6
I20260909 04:39:08.734709   321 skeleton_planner.h:170] Found solution in: 5
I20260909 04:39:08.734719   321 skeleton_planner.h:170] Found solution in: 3
I20260909 04:39:08.734761   321 skeleton_planner.h:170] Found solution in: 15
I20260909 04:39:08.734774   321 skeleton_planner.h:170] Found solution in: 3
I20260909 04:39:08.734786   321 skeleton_planner.h:170] Found solution in: 3
I20260909 04:39:08.734793   321 skeleton_planner.h:170] Found solution in: 2
I20260909 04:39:08.734798   321 skeleton_planner.h:170] Found solution in: 1
I20260909 04:39:08.734817   321 skeleton_planner.h:170] Found solution in: 5
I20260909 04:39:08.734827   321 skeleton_planner.h:170] Found solution in: 3
I20260909 04:39:08.734844   321 skeleton_planner.h:170] Found solution in: 5
I20260909 04:39:08.734885   321 skeleton_planner.h:170] Found solution in: 10
I20260909 04:39:08.734905   321 skeleton_planner.h:170] Found solution in: 5
I20260909 04:39:08.734926   321 skeleton_planner.h:170] Found solution in: 6
I20260909 04:39:08.734968   321 skeleton_planner.h:170] Found solution in: 13
I20260909 04:39:08.735039   321 skeleton_planner.h:170] Found solution in: 20
I20260909 04:39:08.735098   321 skeleton_planner.h:170] Found solution in: 16
I20260909 04:39:08.735127   321 skeleton_planner.h:170] Found solution in: 6
I20260909 04:39:08.735152   321 skeleton_planner.h:170] Found solution in: 6
I20260909 04:39:08.735173   321 skeleton_planner.h:170] Found solution in: 7
I20260909 04:39:08.735203   321 skeleton_planner.h:170] Found solution in: 10
I20260909 04:39:08.735231   321 skeleton_planner.h:170] Found solution in: 7
I20260909 04:39:08.735252   321 skeleton_planner.h:170] Found solution in: 5
I20260909 04:39:08.735265   321 skeleton_planner.h:170] Found solution in: 3
I20260909 04:39:08.735280   321 skeleton_planner.h:170] Found solution in: 4
I20260909 04:39:08.735299   321 skeleton_planner.h:170] Found solution in: 6
I20260909 04:39:08.735330   321 skeleton_planner.h:170] Found solution in: 10
I20260909 04:39:08.735349   321 skeleton_planner.h:170] Found solution in: 5
I20260909 04:39:08.735375   321 skeleton_planner.h:170] Found solution in: 9
I20260909 04:39:08.735399   321 skeleton_planner.h:170] Found solution in: 7
I20260909 04:39:08.735433   321 skeleton_planner.h:170] Found solution in: 13
I20260909 04:39:08.735482   321 skeleton_planner.h:170] Found solution in: 15
I20260909 04:39:08.735546   321 skeleton_planner.h:170] Found solution in: 18
I20260909 04:39:08.735575   321 skeleton_planner.h:170] Found solution in: 9
I20260909 04:39:08.735587   321 skeleton_planner.h:170] Found solution in: 3
I20260909 04:39:08.735606   321 skeleton_planner.h:170] Found solution in: 6
I20260909 04:39:08.735636   321 skeleton_planner.h:170] Found solution in: 11
I20260909 04:39:08.735702   321 skeleton_planner.h:170] Found solution in: 26
I20260909 04:39:08.735728   321 skeleton_planner.h:170] Found solution in: 4
I20260909 04:39:08.735739   321 skeleton_planner.h:170] Found solution in: 3
I20260909 04:39:08.735754   321 skeleton_planner.h:170] Found solution in: 4
I20260909 04:39:08.735769   321 skeleton_planner.h:170] Found solution in: 4
I20260909 04:39:08.735836   321 skeleton_planner.h:170] Found solution in: 22
I20260909 04:39:08.735854   321 skeleton_planner.h:170] Found solution in: 4
I20260909 04:39:08.735881   321 skeleton_planner.h:170] Found solution in: 6
I20260909 04:39:08.735893   321 skeleton_planner.h:170] Found solution in: 3
I20260909 04:39:08.735905   321 skeleton_planner.h:170] Found solution in: 4
I20260909 04:39:08.735922   321 skeleton_planner.h:170] Found solution in: 5
I20260909 04:39:08.735949   321 skeleton_planner.h:170] Found solution in: 9
I20260909 04:39:08.735961   321 skeleton_planner.h:170] Found solution in: 3
I20260909 04:39:08.735978   321 skeleton_planner.h:170] Found solution in: 5
I20260909 04:39:08.736008   321 skeleton_planner.h:170] Found solution in: 11
I20260909 04:39:08.736030   321 skeleton_planner.h:170] Found solution in: 6
I20260909 04:39:08.736064   321 skeleton_planner.h:170] Found solution in: 12
I20260909 04:39:08.736091   321 skeleton_planner.h:170] Found solution in: 8
I20260909 04:39:08.736111   321 skeleton_planner.h:170] Found solution in: 5
I20260909 04:39:08.736137   321 skeleton_planner.h:170] Found solution in: 9
I20260909 04:39:08.736166   321 skeleton_planner.h:170] Found solution in: 10
I20260909 04:39:08.736182   321 skeleton_planner.h:170] Found solution in: 5
I20260909 04:39:08.736207   321 skeleton_planner.h:170] Found solution in: 8
I20260909 04:39:08.736235   321 skeleton_planner.h:170] Found solution in: 9
I20260909 04:39:08.736251   321 skeleton_planner.h:170] Found solution in: 5
I20260909 04:39:08.736274   321 skeleton_planner.h:170] Found solution in: 6
I20260909 04:39:08.736299   321 skeleton_planner.h:170] Found solution in: 9
I20260909 04:39:08.736304   321 skeleton_planner.h:170] Found solution in: 1
I20260909 04:39:08.736315   321 skeleton_planner.h:170] Found solution in: 3
I20260909 04:39:08.736332   321 skeleton_planner.h:170] Found solution in: 5
I20260909 04:39:08.736351   321 skeleton_planner.h:170] Found solution in: 6
I20260909 04:39:08.736371   321 skeleton_planner.h:170] Found solution in: 6
I20260909 04:39:08.736399   321 skeleton_planner.h:170] Found solution in: 9
I20260909 04:39:08.736418   321 skeleton_planner.h:170] Found solution in: 4
I20260909 04:39:08.736438   321 skeleton_planner.h:170] Found solution in: 6
I20260909 04:39:08.736474   321 skeleton_planner.h:170] Found solution in: 13
I20260909 04:39:08.736505   321 skeleton_planner.h:170] Found solution in: 9
I20260909 04:39:08.736531   321 skeleton_planner.h:170] Found solution in: 7
I20260909 04:39:08.736552   321 skeleton_planner.h:170] Found solution in: 5
I20260909 04:39:08.736567   321 skeleton_planner.h:170] Found solution in: 5
I20260909 04:39:08.736579   321 skeleton_planner.h:170] Found solution in: 6
I20260909 04:39:08.736630   321 skeleton_planner.h:170] Found solution in: 24
I20260909 04:39:08.736657   321 skeleton_planner.h:170] Found solution in: 9
I20260909 04:39:08.736670   321 skeleton_planner.h:170] Found solution in: 4
I20260909 04:39:08.736688   321 skeleton_planner.h:170] Found solution in: 5
I20260909 04:39:08.736699   321 skeleton_planner.h:170] Found solution in: 3
I20260909 04:39:08.736716   321 skeleton_planner.h:170] Found solution in: 5
I20260909 04:39:08.736740   321 skeleton_planner.h:170] Found solution in: 8
I20260909 04:39:08.736789   321 skeleton_planner.h:170] Found solution in: 14
I20260909 04:39:08.736820   321 skeleton_planner.h:170] Found solution in: 7
I20260909 04:39:08.736855   321 skeleton_planner.h:170] Found solution in: 10
I20260909 04:39:08.736877   321 skeleton_planner.h:170] Found solution in: 7
I20260909 04:39:08.736893   321 skeleton_planner.h:170] Found solution in: 4
I20260909 04:39:08.736907   321 skeleton_planner.h:170] Found solution in: 4
I20260909 04:39:08.736922   321 skeleton_planner.h:170] Found solution in: 5
I20260909 04:39:08.736934   321 skeleton_planner.h:170] Found solution in: 4
I20260909 04:39:08.736953   321 skeleton_planner.h:170] Found solution in: 6
I20260909 04:39:08.736981   321 skeleton_planner.h:170] Found solution in: 10
I20260909 04:39:08.737008   321 skeleton_planner.h:170] Found solution in: 8
I20260909 04:39:08.737031   321 skeleton_planner.h:170] Found solution in: 7
I20260909 04:39:08.737066   321 skeleton_planner.h:170] Found solution in: 12
I20260909 04:39:08.737076   321 skeleton_planner.h:170] Found solution in: 2
I20260909 04:39:08.737089   321 skeleton_planner.h:170] Found solution in: 4
I20260909 04:39:08.737094   321 skeleton_planner.h:170] Found solution in: 1
I20260909 04:39:08.737105   321 skeleton_planner.h:170] Found solution in: 4
I20260909 04:39:08.737123   321 skeleton_planner.h:170] Found solution in: 8
I20260909 04:39:08.737152   321 skeleton_planner.h:170] Found solution in: 9
I20260909 04:39:08.737172   321 skeleton_planner.h:170] Found solution in: 5
I20260909 04:39:08.737183   321 skeleton_planner.h:170] Found solution in: 3
I20260909 04:39:08.737206   321 skeleton_planner.h:170] Found solution in: 7
I20260909 04:39:08.737236   321 skeleton_planner.h:170] Found solution in: 10
I20260909 04:39:08.737262   321 skeleton_planner.h:170] Found solution in: 7
I20260909 04:39:08.737289   321 skeleton_planner.h:170] Found solution in: 8
I20260909 04:39:08.737303   321 skeleton_planner.h:170] Found solution in: 5
I20260909 04:39:08.737325   321 skeleton_planner.h:170] Found solution in: 8
I20260909 04:39:08.737334   321 skeleton_planner.h:170] Found solution in: 3
I20260909 04:39:08.737337   321 skeleton_planner.h:170] Found solution in: 1
I20260909 04:39:08.737340   321 skeleton_planner.h:170] Found solution in: 1
I20260909 04:39:08.737344   321 skeleton_planner.h:170] Found solution in: 1
I20260909 04:39:08.737351   321 skeleton_planner.h:170] Found solution in: 3
I20260909 04:39:08.737363   321 skeleton_planner.h:170] Found solution in: 4
I20260909 04:39:08.737377   321 skeleton_planner.h:170] Found solution in: 6
I20260909 04:39:08.737391   321 skeleton_planner.h:170] Found solution in: 6
I20260909 04:39:08.737406   321 skeleton_planner.h:170] Found solution in: 7
I20260909 04:39:08.737418   321 skeleton_planner.h:170] Found solution in: 5
I20260909 04:39:08.737435   321 skeleton_planner.h:170] Found solution in: 7
I20260909 04:39:08.737459   321 skeleton_planner.h:170] Found solution in: 12
I20260909 04:39:08.737483   321 skeleton_planner.h:170] Found solution in: 7
I20260909 04:39:08.737506   321 skeleton_planner.h:170] Found solution in: 7
I20260909 04:39:08.737532   321 skeleton_planner.h:170] Found solution in: 9
I20260909 04:39:08.737560   321 skeleton_planner.h:170] Found solution in: 10
I20260909 04:39:08.737581   321 skeleton_planner.h:170] Found solution in: 6
I20260909 04:39:08.737598   321 skeleton_planner.h:170] Found solution in: 5
I20260909 04:39:08.737619   321 skeleton_planner.h:170] Found solution in: 6
I20260909 04:39:08.737640   321 skeleton_planner.h:170] Found solution in: 6
I20260909 04:39:08.737668   321 skeleton_planner.h:170] Found solution in: 9
I20260909 04:39:08.737696   321 skeleton_planner.h:170] Found solution in: 8
I20260909 04:39:08.737717   321 skeleton_planner.h:170] Found solution in: 5
I20260909 04:39:08.737735   321 skeleton_planner.h:170] Found solution in: 6
I20260909 04:39:08.737756   321 skeleton_planner.h:170] Found solution in: 6
I20260909 04:39:08.737772   321 skeleton_planner.h:170] Found solution in: 5
I20260909 04:39:08.737778   321 skeleton_planner.h:170] Found solution in: 1
I20260909 04:39:08.737797   321 skeleton_planner.h:170] Found solution in: 6
I20260909 04:39:08.737818   321 skeleton_planner.h:170] Found solution in: 7
I20260909 04:39:08.737841   321 skeleton_planner.h:170] Found solution in: 7
I20260909 04:39:08.737866   321 skeleton_planner.h:170] Found solution in: 7
I20260909 04:39:08.737882   321 skeleton_planner.h:170] Found solution in: 5
I20260909 04:39:08.737901   321 skeleton_planner.h:170] Found solution in: 6
I20260909 04:39:08.737910   321 skeleton_planner.h:170] Found solution in: 2
I20260909 04:39:08.737918   321 skeleton_planner.h:170] Found solution in: 3
I20260909 04:39:08.737936   321 skeleton_planner.h:170] Found solution in: 5
I20260909 04:39:08.737948   321 skeleton_planner.h:170] Found solution in: 4
I20260909 04:39:08.737963   321 skeleton_planner.h:170] Found solution in: 5
I20260909 04:39:08.738001   321 skeleton_planner.h:170] Found solution in: 12
I20260909 04:39:08.738014   321 skeleton_planner.h:170] Found solution in: 3
I20260909 04:39:08.738026   321 skeleton_planner.h:170] Found solution in: 4
I20260909 04:39:08.738050   321 skeleton_planner.h:170] Found solution in: 7
I20260909 04:39:08.738155   321 skeleton_planner.h:170] Found solution in: 30
I20260909 04:39:08.738176   321 skeleton_planner.h:170] Found solution in: 5
I20260909 04:39:08.738188   321 skeleton_planner.h:170] Found solution in: 3
I20260909 04:39:08.738231   321 skeleton_planner.h:170] Found solution in: 9
I20260909 04:39:08.738238   321 skeleton_planner.h:170] Found solution in: 1
I20260909 04:39:08.738242   321 skeleton_planner.h:170] Found solution in: 1
I20260909 04:39:08.738250   321 skeleton_planner.h:170] Found solution in: 3
I20260909 04:39:08.738266   321 skeleton_planner.h:170] Found solution in: 8
I20260909 04:39:08.738291   321 skeleton_planner.h:170] Found solution in: 10
I20260909 04:39:08.738313   321 skeleton_planner.h:170] Found solution in: 10
I20260909 04:39:08.738341   321 skeleton_planner.h:170] Found solution in: 11
I20260909 04:39:08.738348   321 skeleton_planner.h:170] Found solution in: 1
I20260909 04:39:08.738360   321 skeleton_planner.h:170] Found solution in: 5
I20260909 04:39:08.738365   321 skeleton_planner.h:170] Found solution in: 1
I20260909 04:39:08.738401   321 skeleton_planner.h:170] Found solution in: 12
I20260909 04:39:08.738426   321 skeleton_planner.h:170] Found solution in: 6
I20260909 04:39:08.738438   321 skeleton_planner.h:170] Found solution in: 3
I20260909 04:39:08.738464   321 skeleton_planner.h:170] Found solution in: 8
I20260909 04:39:08.738476   321 skeleton_planner.h:170] Found solution in: 3
I20260909 04:39:08.738505   321 skeleton_planner.h:170] Found solution in: 9
I20260909 04:39:08.738517   321 skeleton_planner.h:170] Found solution in: 3
I20260909 04:39:08.738521   321 skeleton_planner.h:170] Found solution in: 1
I20260909 04:39:08.738556   321 skeleton_planner.h:170] Found solution in: 10
I20260909 04:39:08.738592   321 skeleton_planner.h:170] Found solution in: 9
I20260909 04:39:08.738611   321 skeleton_planner.h:170] Found solution in: 4
I20260909 04:39:08.738622   321 skeleton_planner.h:170] Found solution in: 3
I20260909 04:39:08.738627   321 skeleton_planner.h:170] Found solution in: 1
I20260909 04:39:08.738638   321 skeleton_planner.h:170] Found solution in: 4
I20260909 04:39:08.738648   321 skeleton_planner.h:170] Found solution in: 3
I20260909 04:39:08.738653   321 skeleton_planner.h:170] Found solution in: 1
I20260909 04:39:08.738656   321 skeleton_planner.h:170] Found solution in: 1
I20260909 04:39:08.738664   321 skeleton_planner.h:170] Found solution in: 3
I20260909 04:39:08.738690   321 skeleton_planner.h:170] Found solution in: 9
I20260909 04:39:08.738715   321 skeleton_planner.h:170] Found solution in: 7
I20260909 04:39:08.738742   321 skeleton_planner.h:170] Found solution in: 8
I20260909 04:39:08.738755   321 skeleton_planner.h:170] Found solution in: 3
I20260909 04:39:08.738759   321 skeleton_planner.h:170] Found solution in: 1
I20260909 04:39:08.738788   321 skeleton_planner.h:170] Found solution in: 9
I20260909 04:39:08.738795   321 skeleton_planner.h:170] Found solution in: 1
I20260909 04:39:08.738803   321 skeleton_planner.h:170] Found solution in: 3
I20260909 04:39:08.738847   321 skeleton_planner.h:170] Found solution in: 11
I20260909 04:39:08.738868   321 skeleton_planner.h:170] Found solution in: 4
I20260909 04:39:08.738873   321 skeleton_planner.h:170] Found solution in: 1
I20260909 04:39:08.738889   321 skeleton_planner.h:170] Found solution in: 6
I20260909 04:39:08.738906   321 skeleton_planner.h:170] Found solution in: 5
I20260909 04:39:08.738922   321 skeleton_planner.h:170] Found solution in: 5
I20260909 04:39:08.738935   321 skeleton_planner.h:170] Found solution in: 4
I20260909 04:39:08.738951   321 skeleton_planner.h:170] Found solution in: 5
I20260909 04:39:08.738971   321 skeleton_planner.h:170] Found solution in: 7
I20260909 04:39:08.738991   321 skeleton_planner.h:170] Found solution in: 6
I20260909 04:39:08.739007   321 skeleton_planner.h:170] Found solution in: 5
I20260909 04:39:08.739022   321 skeleton_planner.h:170] Found solution in: 5
I20260909 04:39:08.739032   321 skeleton_planner.h:170] Found solution in: 4
I20260909 04:39:08.739042   321 skeleton_planner.h:170] Found solution in: 3
I20260909 04:39:08.739046   321 skeleton_planner.h:170] Found solution in: 1
I20260909 04:39:08.739061   321 skeleton_planner.h:170] Found solution in: 6
I20260909 04:39:08.739079   321 skeleton_planner.h:170] Found solution in: 6
I20260909 04:39:08.739097   321 skeleton_planner.h:170] Found solution in: 6
I20260909 04:39:08.739109   321 skeleton_planner.h:170] Found solution in: 4
I20260909 04:39:08.739122   321 skeleton_planner.h:170] Found solution in: 5
I20260909 04:39:08.739142   321 skeleton_planner.h:170] Found solution in: 6
I20260909 04:39:08.739157   321 skeleton_planner.h:170] Found solution in: 4
I20260909 04:39:08.739203   321 skeleton_planner.h:170] Found solution in: 14
I20260909 04:39:08.739228   321 skeleton_planner.h:170] Found solution in: 5
I20260909 04:39:08.739248   321 skeleton_planner.h:170] Found solution in: 5
I20260909 04:39:08.739265   321 skeleton_planner.h:170] Found solution in: 6
I20260909 04:39:08.739288   321 skeleton_planner.h:170] Found solution in: 7
I20260909 04:39:08.739321   321 skeleton_planner.h:170] Found solution in: 9
I20260909 04:39:08.739341   321 skeleton_planner.h:170] Found solution in: 5
I20260909 04:39:08.739364   321 skeleton_planner.h:170] Found solution in: 7
I20260909 04:39:08.739389   321 skeleton_planner.h:170] Found solution in: 6
I20260909 04:39:08.739401   321 skeleton_planner.h:170] Found solution in: 3
I20260909 04:39:08.739419   321 skeleton_planner.h:170] Found solution in: 5
I20260909 04:39:08.739444   321 skeleton_planner.h:170] Found solution in: 8
I20260909 04:39:08.739468   321 skeleton_planner.h:170] Found solution in: 6
I20260909 04:39:08.739501   321 skeleton_planner.h:170] Found solution in: 9
I20260909 04:39:08.739516   321 skeleton_planner.h:170] Found solution in: 3
I20260909 04:39:08.739526   321 skeleton_planner.h:170] Found solution in: 3
I20260909 04:39:08.739544   321 skeleton_planner.h:170] Found solution in: 5
I20260909 04:39:08.739564   321 skeleton_planner.h:170] Found solution in: 7
I20260909 04:39:08.739588   321 skeleton_planner.h:170] Found solution in: 7
I20260909 04:39:08.739610   321 skeleton_planner.h:170] Found solution in: 8
I20260909 04:39:08.739624   321 skeleton_planner.h:170] Found solution in: 3
I20260909 04:39:08.739636   321 skeleton_planner.h:170] Found solution in: 4
I20260909 04:39:08.739687   321 skeleton_planner.h:170] Found solution in: 15
I20260909 04:39:08.739714   321 skeleton_planner.h:170] Found solution in: 4
I20260909 04:39:08.739732   321 skeleton_planner.h:170] Found solution in: 5
I20260909 04:39:08.739753   321 skeleton_planner.h:170] Found solution in: 7
I20260909 04:39:08.739765   321 skeleton_planner.h:170] Found solution in: 3
I20260909 04:39:08.739776   321 skeleton_planner.h:170] Found solution in: 3
I20260909 04:39:08.739869   321 skeleton_planner.h:170] Found solution in: 26
I20260909 04:39:08.739903   321 skeleton_planner.h:170] Found solution in: 5
I20260909 04:39:08.739944   321 skeleton_planner.h:170] Found solution in: 12
I20260909 04:39:08.739961   321 skeleton_planner.h:170] Found solution in: 4
I20260909 04:39:08.739995   321 skeleton_planner.h:170] Found solution in: 4
I20260909 04:39:08.740006   321 skeleton_planner.h:170] Found solution in: 3
I20260909 04:39:08.740020   321 skeleton_planner.h:170] Found solution in: 4
I20260909 04:39:08.740031   321 skeleton_planner.h:170] Found solution in: 3
I20260909 04:39:08.740046   321 skeleton_planner.h:170] Found solution in: 5
I20260909 04:39:08.740054   321 skeleton_planner.h:170] Found solution in: 2
I20260909 04:39:08.740064   321 skeleton_planner.h:170] Found solution in: 3
I20260909 04:39:08.740082   321 skeleton_planner.h:170] Found solution in: 5
I20260909 04:39:08.740094   321 skeleton_planner.h:170] Found solution in: 4
I20260909 04:39:08.740103   321 skeleton_planner.h:170] Found solution in: 2
I20260909 04:39:08.740106   321 skeleton_planner.h:170] Found solution in: 1
I20260909 04:39:08.740124   321 skeleton_planner.h:170] Found solution in: 6
I20260909 04:39:08.740142   321 skeleton_planner.h:170] Found solution in: 5
I20260909 04:39:08.740161   321 skeleton_planner.h:170] Found solution in: 6
I20260909 04:39:08.740180   321 skeleton_planner.h:170] Found solution in: 5
I20260909 04:39:08.740192   321 skeleton_planner.h:170] Found solution in: 3
I20260909 04:39:08.740201   321 skeleton_planner.h:170] Found solution in: 3
I20260909 04:39:08.740222   321 skeleton_planner.h:170] Found solution in: 7
I20260909 04:39:08.740258   321 skeleton_planner.h:170] Found solution in: 11
I20260909 04:39:08.740311   321 skeleton_planner.h:170] Found solution in: 14
I20260909 04:39:08.740337   321 skeleton_planner.h:170] Found solution in: 6
I20260909 04:39:08.740350   321 skeleton_planner.h:170] Found solution in: 3
I20260909 04:39:08.740367   321 skeleton_planner.h:170] Found solution in: 5
I20260909 04:39:08.740378   321 skeleton_planner.h:170] Found solution in: 3
I20260909 04:39:08.740468   321 skeleton_planner.h:170] Found solution in: 31
I20260909 04:39:08.740489   321 skeleton_planner.h:170] Found solution in: 4
I20260909 04:39:08.740502   321 skeleton_planner.h:170] Found solution in: 4
I20260909 04:39:08.740509   321 skeleton_planner.h:170] Found solution in: 1
I20260909 04:39:08.740543   321 skeleton_planner.h:170] Found solution in: 8
I20260909 04:39:08.740562   321 skeleton_planner.h:170] Found solution in: 4
I20260909 04:39:08.740607   321 skeleton_planner.h:170] Found solution in: 16
I20260909 04:39:08.740664   321 skeleton_planner.h:170] Found solution in: 18
I20260909 04:39:08.740710   321 skeleton_planner.h:170] Found solution in: 12
I20260909 04:39:08.740760   321 skeleton_planner.h:170] Found solution in: 16
I20260909 04:39:08.740777   321 skeleton_planner.h:170] Found solution in: 5
I20260909 04:39:08.740805   321 skeleton_planner.h:170] Found solution in: 9
I20260909 04:39:08.740831   321 skeleton_planner.h:170] Found solution in: 10
I20260909 04:39:08.740846   321 skeleton_planner.h:170] Found solution in: 4
I20260909 04:39:08.740872   321 skeleton_planner.h:170] Found solution in: 11
I20260909 04:39:08.740898   321 skeleton_planner.h:170] Found solution in: 9
I20260909 04:39:08.740916   321 skeleton_planner.h:170] Found solution in: 4
I20260909 04:39:08.740943   321 skeleton_planner.h:170] Found solution in: 10
I20260909 04:39:08.740969   321 skeleton_planner.h:170] Found solution in: 9
I20260909 04:39:08.740980   321 skeleton_planner.h:170] Found solution in: 3
I20260909 04:39:08.740998   321 skeleton_planner.h:170] Found solution in: 5
I20260909 04:39:08.741019   321 skeleton_planner.h:170] Found solution in: 7
I20260909 04:39:08.741035   321 skeleton_planner.h:170] Found solution in: 4
I20260909 04:39:08.741066   321 skeleton_planner.h:170] Found solution in: 8
I20260909 04:39:08.741096   321 skeleton_planner.h:170] Found solution in: 7
I20260909 04:39:08.741109   321 skeleton_planner.h:170] Found solution in: 4
I20260909 04:39:08.741132   321 skeleton_planner.h:170] Found solution in: 6
I20260909 04:39:08.741149   321 skeleton_planner.h:170] Found solution in: 5
I20260909 04:39:08.741192   321 skeleton_planner.h:170] Found solution in: 15
I20260909 04:39:08.741201   321 skeleton_planner.h:170] Found solution in: 1
I20260909 04:39:08.741212   321 skeleton_planner.h:170] Found solution in: 3
I20260909 04:39:08.741226   321 skeleton_planner.h:170] Found solution in: 5
I20260909 04:39:08.741251   321 skeleton_planner.h:170] Found solution in: 6
I20260909 04:39:08.741273   321 skeleton_planner.h:170] Found solution in: 7
I20260909 04:39:08.741295   321 skeleton_planner.h:170] Found solution in: 8
I20260909 04:39:08.741304   321 skeleton_planner.h:170] Found solution in: 2
I20260909 04:39:08.741329   321 skeleton_planner.h:170] Found solution in: 8
I20260909 04:39:08.741343   321 skeleton_planner.h:170] Found solution in: 3
I20260909 04:39:08.741350   321 skeleton_planner.h:170] Found solution in: 2
I20260909 04:39:08.741360   321 skeleton_planner.h:170] Found solution in: 3
I20260909 04:39:08.741379   321 skeleton_planner.h:170] Found solution in: 6
I20260909 04:39:08.741389   321 skeleton_planner.h:170] Found solution in: 3
I20260909 04:39:08.741402   321 skeleton_planner.h:170] Found solution in: 4
I20260909 04:39:08.741420   321 skeleton_planner.h:170] Found solution in: 6
I20260909 04:39:08.741438   321 skeleton_planner.h:170] Found solution in: 6
I20260909 04:39:08.741469   321 skeleton_planner.h:170] Found solution in: 11
I20260909 04:39:08.741482   321 skeleton_planner.h:170] Found solution in: 4
I20260909 04:39:08.741485   321 skeleton_planner.h:170] Found solution in: 1
I20260909 04:39:08.741488   321 skeleton_planner.h:170] Found solution in: 1
I20260909 04:39:08.741498   321 skeleton_planner.h:170] Found solution in: 4
I20260909 04:39:08.741521   321 skeleton_planner.h:170] Found solution in: 7
I20260909 04:39:08.741539   321 skeleton_planner.h:170] Found solution in: 4
I20260909 04:39:08.741559   321 skeleton_planner.h:170] Found solution in: 6
I20260909 04:39:08.741582   321 skeleton_planner.h:170] Found solution in: 7
I20260909 04:39:08.741619   321 skeleton_planner.h:170] Found solution in: 11
I20260909 04:39:08.741657   321 skeleton_planner.h:170] Found solution in: 9
I20260909 04:39:08.741703   321 skeleton_planner.h:170] Found solution in: 13
I20260909 04:39:08.741719   321 skeleton_planner.h:170] Found solution in: 4
I20260909 04:39:08.741760   321 skeleton_planner.h:170] Found solution in: 11
I20260909 04:39:08.741781   321 skeleton_planner.h:170] Found solution in: 5
I20260909 04:39:08.741807   321 skeleton_planner.h:170] Found solution in: 10
I20260909 04:39:08.741825   321 skeleton_planner.h:170] Found solution in: 4
I20260909 04:39:08.741863   321 skeleton_planner.h:170] Found solution in: 13
I20260909 04:39:08.741879   321 skeleton_planner.h:170] Found solution in: 4
I20260909 04:39:08.741892   321 skeleton_planner.h:170] Found solution in: 4
I20260909 04:39:08.741911   321 skeleton_planner.h:170] Found solution in: 5
I20260909 04:39:08.742017   321 skeleton_planner.h:170] Found solution in: 32
I20260909 04:39:08.742058   321 skeleton_planner.h:170] Found solution in: 8
I20260909 04:39:08.742071   321 skeleton_planner.h:170] Found solution in: 3
I20260909 04:39:08.742089   321 skeleton_planner.h:170] Found solution in: 4
I20260909 04:39:08.742106   321 skeleton_planner.h:170] Found solution in: 5
I20260909 04:39:08.742143   321 skeleton_planner.h:170] Found solution in: 11
I20260909 04:39:08.742161   321 skeleton_planner.h:170] Found solution in: 5
I20260909 04:39:08.742172   321 skeleton_planner.h:170] Found solution in: 3
I20260909 04:39:08.742187   321 skeleton_planner.h:170] Found solution in: 5
I20260909 04:39:08.742194   321 skeleton_planner.h:170] Found solution in: 2
I20260909 04:39:08.742218   321 skeleton_planner.h:170] Found solution in: 7
I20260909 04:39:08.742239   321 skeleton_planner.h:170] Found solution in: 6
I20260909 04:39:08.742261   321 skeleton_planner.h:170] Found solution in: 7
I20260909 04:39:08.742267   321 skeleton_planner.h:170] Found solution in: 1
I20260909 04:39:08.742285   321 skeleton_planner.h:170] Found solution in: 5
I20260909 04:39:08.742305   321 skeleton_planner.h:170] Found solution in: 6
I20260909 04:39:08.742331   321 skeleton_planner.h:170] Found solution in: 7
I20260909 04:39:08.742362   321 skeleton_planner.h:170] Found solution in: 9
I20260909 04:39:08.742377   321 skeleton_planner.h:170] Found solution in: 4
I20260909 04:39:08.742399   321 skeleton_planner.h:170] Found solution in: 7
I20260909 04:39:08.742420   321 skeleton_planner.h:170] Found solution in: 7
I20260909 04:39:08.742434   321 skeleton_planner.h:170] Found solution in: 4
I20260909 04:39:08.742452   321 skeleton_planner.h:170] Found solution in: 7
I20260909 04:39:08.742470   321 skeleton_planner.h:170] Found solution in: 6
I20260909 04:39:08.742483   321 skeleton_planner.h:170] Found solution in: 4
I20260909 04:39:08.742506   321 skeleton_planner.h:170] Found solution in: 8
I20260909 04:39:08.742520   321 skeleton_planner.h:170] Found solution in: 4
I20260909 04:39:08.742534   321 skeleton_planner.h:170] Found solution in: 4
I20260909 04:39:08.742551   321 skeleton_planner.h:170] Found solution in: 5
I20260909 04:39:08.742569   321 skeleton_planner.h:170] Found solution in: 5
I20260909 04:39:08.742587   321 skeleton_planner.h:170] Found solution in: 5
I20260909 04:39:08.742601   321 skeleton_planner.h:170] Found solution in: 4
I20260909 04:39:08.742626   321 skeleton_planner.h:170] Found solution in: 8
I20260909 04:39:08.742643   321 skeleton_planner.h:170] Found solution in: 4
I20260909 04:39:08.742655   321 skeleton_planner.h:170] Found solution in: 3
I20260909 04:39:08.742671   321 skeleton_planner.h:170] Found solution in: 5
I20260909 04:39:08.742686   321 skeleton_planner.h:170] Found solution in: 5
I20260909 04:39:08.742691   321 skeleton_planner.h:170] Found solution in: 1
I20260909 04:39:08.742702   321 skeleton_planner.h:170] Found solution in: 4
I20260909 04:39:08.742720   321 skeleton_planner.h:170] Found solution in: 7
I20260909 04:39:08.742751   321 skeleton_planner.h:170] Found solution in: 11
I20260909 04:39:08.742782   321 skeleton_planner.h:170] Found solution in: 10
I20260909 04:39:08.742794   321 skeleton_planner.h:170] Found solution in: 3
I20260909 04:39:08.742822   321 skeleton_planner.h:170] Found solution in: 11
I20260909 04:39:08.742904   321 skeleton_planner.h:170] Found solution in: 21
I20260909 04:39:08.742934   321 skeleton_planner.h:170] Found solution in: 5
I20260909 04:39:08.742957   321 skeleton_planner.h:170] Found solution in: 7
I20260909 04:39:08.742975   321 skeleton_planner.h:170] Found solution in: 5
I20260909 04:39:08.742988   321 skeleton_planner.h:170] Found solution in: 4
I20260909 04:39:08.743009   321 skeleton_planner.h:170] Found solution in: 7
I20260909 04:39:08.743019   321 skeleton_planner.h:170] Found solution in: 2
I20260909 04:39:08.743043   321 skeleton_planner.h:170] Found solution in: 8
I20260909 04:39:08.743055   321 skeleton_planner.h:170] Found solution in: 3
I20260909 04:39:08.743079   321 skeleton_planner.h:170] Found solution in: 8
I20260909 04:39:08.743115   321 skeleton_planner.h:170] Found solution in: 12
I20260909 04:39:08.743150   321 skeleton_planner.h:170] Found solution in: 10
I20260909 04:39:08.743233   321 skeleton_planner.h:170] Found solution in: 24
I20260909 04:39:08.743264   321 skeleton_planner.h:170] Found solution in: 5
I20260909 04:39:08.743280   321 skeleton_planner.h:170] Found solution in: 5
I20260909 04:39:08.743335   321 skeleton_planner.h:170] Found solution in: 15
I20260909 04:39:08.743350   321 skeleton_planner.h:170] Found solution in: 3
I20260909 04:39:08.743359   321 skeleton_planner.h:170] Found solution in: 3
I20260909 04:39:08.743364   321 skeleton_planner.h:170] Found solution in: 1
I20260909 04:39:08.743382   321 skeleton_planner.h:170] Found solution in: 4
I20260909 04:39:08.743398   321 skeleton_planner.h:170] Found solution in: 5
I20260909 04:39:08.743410   321 skeleton_planner.h:170] Found solution in: 3
I20260909 04:39:08.743433   321 skeleton_planner.h:170] Found solution in: 9
I20260909 04:39:08.743454   321 skeleton_planner.h:170] Found solution in: 6
I20260909 04:39:08.743489   321 skeleton_planner.h:170] Found solution in: 12
I20260909 04:39:08.743510   321 skeleton_planner.h:170] Found solution in: 4
I20260909 04:39:08.743515   321 skeleton_planner.h:170] Found solution in: 1
I20260909 04:39:08.743520   321 skeleton_planner.h:170] Found solution in: 1
I20260909 04:39:08.743537   321 skeleton_planner.h:170] Found solution in: 8
I20260909 04:39:08.743543   321 skeleton_planner.h:170] Found solution in: 1
I20260909 04:39:08.743553   321 skeleton_planner.h:170] Found solution in: 3
I20260909 04:39:08.743577   321 skeleton_planner.h:170] Found solution in: 9
I20260909 04:39:08.743604   321 skeleton_planner.h:170] Found solution in: 9
I20260909 04:39:08.743616   321 skeleton_planner.h:170] Found solution in: 3
I20260909 04:39:08.743628   321 skeleton_planner.h:170] Found solution in: 3
I20260909 04:39:08.743638   321 skeleton_planner.h:170] Found solution in: 3
I20260909 04:39:08.743657   321 skeleton_planner.h:170] Found solution in: 5
I20260909 04:39:08.743682   321 skeleton_planner.h:170] Found solution in: 8
I20260909 04:39:08.743708   321 skeleton_planner.h:170] Found solution in: 7
I20260909 04:39:08.743721   321 skeleton_planner.h:170] Found solution in: 3
I20260909 04:39:08.743741   321 skeleton_planner.h:170] Found solution in: 6
I20260909 04:39:08.743757   321 skeleton_planner.h:170] Found solution in: 4
I20260909 04:39:08.743770   321 skeleton_planner.h:170] Found solution in: 4
I20260909 04:39:08.743784   321 skeleton_planner.h:170] Found solution in: 4
I20260909 04:39:08.743799   321 skeleton_planner.h:170] Found solution in: 5
I20260909 04:39:08.743820   321 skeleton_planner.h:170] Found solution in: 7
I20260909 04:39:08.743860   321 skeleton_planner.h:170] Found solution in: 12
I20260909 04:39:08.743875   321 skeleton_planner.h:170] Found solution in: 5
I20260909 04:39:08.743919   321 skeleton_planner.h:170] Found solution in: 15
I20260909 04:39:08.743935   321 skeleton_planner.h:170] Found solution in: 5
I20260909 04:39:08.743960   321 skeleton_planner.h:170] Found solution in: 8
I20260909 04:39:08.743980   321 skeleton_planner.h:170] Found solution in: 6
I20260909 04:39:08.744035   321 skeleton_planner.h:170] Found solution in: 18
I20260909 04:39:08.744093   321 skeleton_planner.h:170] Found solution in: 17
I20260909 04:39:08.744122   321 skeleton_planner.h:170] Found solution in: 6
I20260909 04:39:08.744134   321 skeleton_planner.h:170] Found solution in: 3
I20260909 04:39:08.744145   321 skeleton_planner.h:170] Found solution in: 3
I20260909 04:39:08.744156   321 skeleton_planner.h:170] Found solution in: 4
I20260909 04:39:08.744174   321 skeleton_planner.h:170] Found solution in: 6
I20260909 04:39:08.744185   321 skeleton_planner.h:170] Found solution in: 4
I20260909 04:39:08.744199   321 skeleton_planner.h:170] Found solution in: 6
I20260909 04:39:08.744217   321 skeleton_planner.h:170] Found solution in: 6
I20260909 04:39:08.744257   321 skeleton_planner.h:170] Found solution in: 15
I20260909 04:39:08.744338   321 skeleton_planner.h:170] Found solution in: 31
I20260909 04:39:08.744364   321 skeleton_planner.h:170] Found solution in: 5
I20260909 04:39:08.744375   321 skeleton_planner.h:170] Found solution in: 3
I20260909 04:39:08.744398   321 skeleton_planner.h:170] Found solution in: 7
I20260909 04:39:08.744415   321 skeleton_planner.h:170] Found solution in: 4
I20260909 04:39:08.744429   321 skeleton_planner.h:170] Found solution in: 4
I20260909 04:39:08.744441   321 skeleton_planner.h:170] Found solution in: 3
I20260909 04:39:08.744445   321 skeleton_planner.h:170] Found solution in: 1
I20260909 04:39:08.744467   321 skeleton_planner.h:170] Found solution in: 7
I20260909 04:39:08.744472   321 skeleton_planner.h:170] Found solution in: 1
I20260909 04:39:08.744608   321 skeleton_planner.h:170] Found solution in: 56
I20260909 04:39:08.744650   321 skeleton_planner.h:170] Found solution in: 11
I20260909 04:39:08.744673   321 skeleton_planner.h:170] Found solution in: 7
I20260909 04:39:08.744697   321 skeleton_planner.h:170] Found solution in: 8
I20260909 04:39:08.744709   321 skeleton_planner.h:170] Found solution in: 3
I20260909 04:39:08.744721   321 skeleton_planner.h:170] Found solution in: 3
I20260909 04:39:08.744731   321 skeleton_planner.h:170] Found solution in: 3
I20260909 04:39:08.744752   321 skeleton_planner.h:170] Found solution in: 7
I20260909 04:39:08.744771   321 skeleton_planner.h:170] Found solution in: 5
I20260909 04:39:08.744791   321 skeleton_planner.h:170] Found solution in: 6
I20260909 04:39:08.744872   321 skeleton_planner.h:170] Found solution in: 34
I20260909 04:39:08.744953   321 skeleton_planner.h:170] Found solution in: 35
I20260909 04:39:08.744961   321 skeleton_generator.cpp:1655] [Simplify Vertices] Vertex removals: 901 / 911, Edges added: 305
I20260909 04:39:08.745487   321 skeleton_generator.cpp:1697] [Subgraph] Number of disconnected subgraphs: 23
I20260909 04:39:08.749017   321 skeleton_planner.h:170] Found solution in: 4
I20260909 04:39:08.749224   321 skeleton_planner.h:170] Found solution in: 33
I20260909 04:39:08.749502   321 skeleton_planner.h:170] Found solution in: 3
I20260909 04:39:08.749572   321 skeleton_planner.h:170] Found solution in: 6
I20260909 04:39:08.756132   321 skeleton_planner.h:170] Found solution in: 7
I20260909 04:39:08.756377   321 skeleton_planner.h:170] Found solution in: 16
I20260909 04:39:08.758169   321 skeleton_planner.h:170] Found solution in: 8
I20260909 04:39:08.758458   321 skeleton_planner.h:170] Found solution in: 35
I20260909 04:39:08.758888   321 skeleton_planner.h:170] Found solution in: 22
I20260909 04:39:08.762133   321 skeleton_planner.h:170] Found solution in: 5
I20260909 04:39:08.762244   321 skeleton_planner.h:170] Found solution in: 8
I20260909 04:39:08.765069   321 skeleton_planner.h:170] Found solution in: 3
I20260909 04:39:08.765522   321 skeleton_generator.cpp:1756] [Subgraph] Potential edge candidates: 79 diagram candidates: 12
I20260909 04:39:08.765599   321 skeleton_generator.cpp:1771] [Subgraph] Final number of disconnected subgraphs: 12
I20260909 04:39:08.765604   321 skeleton_generator.cpp:633] [Sparse Graph] Vertices: 1555 Edges: 2506
