method,partition,observation_row,global_sequence_index,parent_id,traversal_id,sequence_index,event,identity,score
geometry,fit,1632,1632,S01_flat_tree_small_C02,S01_flat_tree_small_C02:edge_0014:d1,12,corridor,,7.9400934942179076
geometry,fit,2495,2495,S01_flat_tree_small_C03,S01_flat_tree_small_C03:edge_0004:d0,11,corridor,,20.815426012492715
geometry,fit,9427,10901,S02_3d_tree_small_C01,S02_3d_tree_small_C01:edge_0001:d0,11,corridor,,7.742410593329703
geometry,fit,12411,13885,S02_3d_tree_small_C03,S02_3d_tree_small_C03:edge_0015:d1,13,junction,S02_3d_tree_small_C03:node:node_0013,7.701277446579387
geometry,fit,13144,14618,S02_3d_tree_small_C03,S02_3d_tree_small_C03:edge_0041:d0,16,corridor,,7.316500052771208
geometry,fit,15297,16771,S02_3d_tree_small_C05,S02_3d_tree_small_C05:edge_0037:d0,11,corridor,,10.298622390836895
geometry,fit,15323,16797,S02_3d_tree_small_C05,S02_3d_tree_small_C05:edge_0037:d1,18,junction,S02_3d_tree_small_C05:node:node_0035,14.935121913356706
geometry,fit,16244,17718,S02_3d_tree_small_C06,S02_3d_tree_small_C06:edge_0013:d0,12,corridor,,8.039825212408052
geometry,fit,16659,18133,S02_3d_tree_small_C06,S02_3d_tree_small_C06:edge_0031:d0,11,corridor,,14.7632582493732
geometry,fit,16664,18138,S02_3d_tree_small_C06,S02_3d_tree_small_C06:edge_0031:d0,16,corridor,,21.477729507712706
geometry,fit,20372,23180,S03_flat_unicyclic_small_C01,S03_flat_unicyclic_small_C01:edge_0026:d1,11,junction,S03_flat_unicyclic_small_C01:node:node_0025,6.782605243338069
geometry,fit,20745,23553,S03_flat_unicyclic_small_C01,S03_flat_unicyclic_small_C01:edge_0039:d1,19,junction,S03_flat_unicyclic_small_C01:node:node_0038,7.374196385084952
geometry,fit,22225,25033,S03_flat_unicyclic_small_C02,S03_flat_unicyclic_small_C02:edge_0029:d1,11,corridor,,7.792069291512167
geometry,fit,22433,25241,S03_flat_unicyclic_small_C02,S03_flat_unicyclic_small_C02:edge_0036:d1,13,corridor,,11.50375212105126
geometry,fit,22572,25380,S03_flat_unicyclic_small_C02,S03_flat_unicyclic_small_C02:edge_0040:d1,18,corridor,,14.735873478052111
geometry,fit,25411,28219,S03_flat_unicyclic_small_C04,S03_flat_unicyclic_small_C04:edge_0012:d1,11,corridor,,7.190253655759634
geometry,fit,32467,36741,S04_3d_unicyclic_small_C01,S04_3d_unicyclic_small_C01:edge_0046:d0,11,corridor,,6.830361730989916
geometry,fit,32489,36763,S04_3d_unicyclic_small_C01,S04_3d_unicyclic_small_C01:edge_0046:d1,16,corridor,,7.549727593691461
geometry,fit,35067,39341,S04_3d_unicyclic_small_C03,S04_3d_unicyclic_small_C03:edge_0020:d0,13,junction,S04_3d_unicyclic_small_C03:node:node_0022,6.86640378470702
geometry,fit,35321,39595,S04_3d_unicyclic_small_C03,S04_3d_unicyclic_small_C03:edge_0028:d1,21,corridor,,34.34321637254848
geometry,fit,35584,39858,S04_3d_unicyclic_small_C03,S04_3d_unicyclic_small_C03:edge_0039:d0,18,junction,S04_3d_unicyclic_small_C03:node:node_0045,16.15829568020737
geometry,fit,35597,39871,S04_3d_unicyclic_small_C03,S04_3d_unicyclic_small_C03:edge_0039:d1,12,corridor,,9.568138957039649
geometry,fit,39540,43814,S04_3d_unicyclic_small_C06,S04_3d_unicyclic_small_C06:edge_0050:d1,13,corridor,,6.924603317660726
geometry,fit,46861,52759,S05_flat_branch_medium_C02,S05_flat_branch_medium_C02:edge_0086:d0,13,corridor,,6.786846214670757
geometry,fit,48119,54017,S05_flat_branch_medium_C03,S05_flat_branch_medium_C03:edge_0037:d0,11,junction,S05_flat_branch_medium_C03:node:node_0036,12.520272341348159
geometry,fit,49523,55421,S05_flat_branch_medium_C03,S05_flat_branch_medium_C03:edge_0091:d0,13,corridor,,6.954755586962374
geometry,fit,50043,55941,S05_flat_branch_medium_C04,S05_flat_branch_medium_C04:edge_0013:d0,19,junction,S05_flat_branch_medium_C04:node:node_0017,8.974511618583808
geometry,fit,51031,56929,S05_flat_branch_medium_C04,S05_flat_branch_medium_C04:edge_0059:d0,11,terminal,S05_flat_branch_medium_C04:node:node_0061,8.08701577683006
geometry,fit,51137,57035,S05_flat_branch_medium_C04,S05_flat_branch_medium_C04:edge_0063:d0,11,corridor,,7.681655551211314
geometry,fit,51561,57459,S05_flat_branch_medium_C04,S05_flat_branch_medium_C04:edge_0080:d1,11,junction,S05_flat_branch_medium_C04:node:node_0078,7.3131164404926485
geometry,fit,62969,70899,S06_3d_branch_medium_C02,S06_3d_branch_medium_C02:edge_0016:d1,11,corridor,,7.924574328369552
geometry,fit,63839,71769,S06_3d_branch_medium_C02,S06_3d_branch_medium_C02:edge_0055:d0,17,junction,S06_3d_branch_medium_C02:node:node_0069,15.346157238000288
geometry,fit,64072,72002,S06_3d_branch_medium_C02,S06_3d_branch_medium_C02:edge_0066:d0,12,junction,S06_3d_branch_medium_C02:node:node_0069,7.5107443619723435
geometry,fit,66716,74646,S06_3d_branch_medium_C04,S06_3d_branch_medium_C04:edge_0011:d0,18,corridor,,8.068570367868425
geometry,fit,66730,74660,S06_3d_branch_medium_C04,S06_3d_branch_medium_C04:edge_0011:d1,13,turn,S06_3d_branch_medium_C04:edge_0011:turn:000,9.49048297671173
geometry,fit,67038,74968,S06_3d_branch_medium_C04,S06_3d_branch_medium_C04:edge_0021:d1,17,geometry_transition,S06_3d_branch_medium_C04:edge_0021:geometry_change_point:000,6.776789525872097
geometry,fit,67799,75729,S06_3d_branch_medium_C04,S06_3d_branch_medium_C04:edge_0047:d1,12,junction,S06_3d_branch_medium_C04:node:node_0045,9.593385288197238
geometry,fit,67948,75878,S06_3d_branch_medium_C04,S06_3d_branch_medium_C04:edge_0052:d0,14,corridor,,9.469047716857325
geometry,fit,67960,75890,S06_3d_branch_medium_C04,S06_3d_branch_medium_C04:edge_0052:d1,11,corridor,,8.778490842796687
geometry,fit,68072,76002,S06_3d_branch_medium_C04,S06_3d_branch_medium_C04:edge_0057:d0,14,corridor,,7.551005020020955
geometry,fit,68159,76089,S06_3d_branch_medium_C04,S06_3d_branch_medium_C04:edge_0060:d0,11,corridor,,9.805365655526646
geometry,fit,68171,76101,S06_3d_branch_medium_C04,S06_3d_branch_medium_C04:edge_0060:d1,11,corridor,,11.564246736935933
geometry,fit,68240,76170,S06_3d_branch_medium_C04,S06_3d_branch_medium_C04:edge_0063:d0,18,corridor,,7.787408023202283
geometry,fit,68955,76885,S06_3d_branch_medium_C04,S06_3d_branch_medium_C04:edge_0085:d0,11,junction,S06_3d_branch_medium_C04:node:node_0086,8.344367393173652
geometry,fit,69314,77244,S06_3d_branch_medium_C05,S06_3d_branch_medium_C05:edge_0000:d1,11,corridor,,14.404984896043928
geometry,fit,69647,77577,S06_3d_branch_medium_C05,S06_3d_branch_medium_C05:edge_0013:d0,11,corridor,,34.84465954979793
geometry,fit,69675,77605,S06_3d_branch_medium_C05,S06_3d_branch_medium_C05:edge_0014:d0,11,corridor,,6.929133482054566
geometry,fit,69746,77676,S06_3d_branch_medium_C05,S06_3d_branch_medium_C05:edge_0016:d0,16,corridor,,7.169440017658036
geometry,fit,69752,77682,S06_3d_branch_medium_C05,S06_3d_branch_medium_C05:edge_0016:d0,22,corridor,,8.158162362652524
geometry,fit,70114,78044,S06_3d_branch_medium_C05,S06_3d_branch_medium_C05:edge_0028:d0,12,corridor,,6.880109212962899
geometry,fit,70146,78076,S06_3d_branch_medium_C05,S06_3d_branch_medium_C05:edge_0028:d1,21,corridor,,8.322492437548233
geometry,fit,70737,78667,S06_3d_branch_medium_C05,S06_3d_branch_medium_C05:edge_0061:d0,11,corridor,,9.018129660902748
geometry,fit,70971,78901,S06_3d_branch_medium_C05,S06_3d_branch_medium_C05:edge_0072:d0,11,junction,S06_3d_branch_medium_C05:node:node_0073,9.950995103494963
geometry,fit,71080,79010,S06_3d_branch_medium_C05,S06_3d_branch_medium_C05:edge_0076:d0,12,geometry_transition,S06_3d_branch_medium_C05:node:node_0078,9.497315964344093
geometry,fit,72446,80376,S06_3d_branch_medium_C06,S06_3d_branch_medium_C06:edge_0036:d0,16,corridor,,9.683244690625195
geometry,fit,72919,80849,S06_3d_branch_medium_C06,S06_3d_branch_medium_C06:edge_0057:d0,13,corridor,,7.423423610344585
geometry,fit,72939,80869,S06_3d_branch_medium_C06,S06_3d_branch_medium_C06:edge_0057:d1,16,junction,S06_3d_branch_medium_C06:node:node_0054,7.6353327098852946
geometry,fit,73861,81791,S06_3d_branch_medium_C06,S06_3d_branch_medium_C06:edge_0096:d0,17,junction,S06_3d_branch_medium_C06:node:node_0098,7.410482240536114
geometry,fit,80183,90195,S07_flat_loop_rich_C01,S07_flat_loop_rich_C01:edge_0084:d1,14,junction,S07_flat_loop_rich_C01:node:node_0080,6.943366104800776
geometry,fit,80853,90865,S07_flat_loop_rich_C01,S07_flat_loop_rich_C01:edge_0115:d0,13,junction,S07_flat_loop_rich_C01:node:node_0114,18.020145560701742
geometry,fit,80866,90878,S07_flat_loop_rich_C01,S07_flat_loop_rich_C01:edge_0115:d1,12,corridor,,17.059080902441917
geometry,fit,86113,96125,S07_flat_loop_rich_C03,S07_flat_loop_rich_C03:edge_0054:d0,13,corridor,,9.014648591277421
geometry,fit,86130,96142,S07_flat_loop_rich_C03,S07_flat_loop_rich_C03:edge_0054:d1,14,junction,S07_flat_loop_rich_C03:node:node_0052,9.100713905312798
geometry,fit,89791,99803,S07_flat_loop_rich_C04,S07_flat_loop_rich_C04:edge_0090:d0,11,corridor,,7.455389874499144
geometry,fit,89807,99819,S07_flat_loop_rich_C04,S07_flat_loop_rich_C04:edge_0090:d1,13,junction,S07_flat_loop_rich_C04:node:node_0088,11.797375753788856
geometry,fit,90691,100703,S07_flat_loop_rich_C04,S07_flat_loop_rich_C04:edge_0118:d0,15,junction,S07_flat_loop_rich_C04:node:node_0117,6.892834645584969
geometry,fit,90727,100739,S07_flat_loop_rich_C04,S07_flat_loop_rich_C04:edge_0119:d0,19,junction,S07_flat_loop_rich_C04:node:node_0117,7.088316176413121
geometry,fit,92717,102729,S07_flat_loop_rich_C05,S07_flat_loop_rich_C05:edge_0088:d0,13,corridor,,6.835939194350053
geometry,fit,92729,102741,S07_flat_loop_rich_C05,S07_flat_loop_rich_C05:edge_0088:d1,11,junction,S07_flat_loop_rich_C05:node:node_0085,8.416834484217398
geometry,fit,92946,102958,S07_flat_loop_rich_C05,S07_flat_loop_rich_C05:edge_0098:d0,16,junction,S07_flat_loop_rich_C05:node:node_0101,10.18591783358362
geometry,fit,92958,102970,S07_flat_loop_rich_C05,S07_flat_loop_rich_C05:edge_0098:d1,11,terminal,S07_flat_loop_rich_C05:node:node_0095,7.261541177833423
geometry,fit,93155,103167,S07_flat_loop_rich_C05,S07_flat_loop_rich_C05:edge_0107:d0,11,corridor,,7.292310675747057
geometry,fit,95961,105973,S07_flat_loop_rich_C06,S07_flat_loop_rich_C06:edge_0102:d1,11,junction,S07_flat_loop_rich_C06:node:node_0099,7.470558134134752
geometry,fit,96094,106106,S07_flat_loop_rich_C06,S07_flat_loop_rich_C06:edge_0108:d0,14,corridor,,9.267726316373459
geometry,fit,96100,106112,S07_flat_loop_rich_C06,S07_flat_loop_rich_C06:edge_0108:d0,20,corridor,,9.058629825166845
geometry,fit,102893,115647,S08_3d_loop_rich_C01,S08_3d_loop_rich_C01:edge_0050:d0,17,junction,S08_3d_loop_rich_C01:node:node_0056,6.7701783367729025
geometry,fit,103655,116409,S08_3d_loop_rich_C01,S08_3d_loop_rich_C01:edge_0078:d0,11,corridor,,31.563539766870612
geometry,fit,103675,116429,S08_3d_loop_rich_C01,S08_3d_loop_rich_C01:edge_0078:d1,15,corridor,,30.055214752578735
geometry,fit,104213,116967,S08_3d_loop_rich_C01,S08_3d_loop_rich_C01:edge_0095:d1,11,junction,S08_3d_loop_rich_C01:node:node_0090,7.940944565613947
geometry,fit,104935,117689,S08_3d_loop_rich_C01,S08_3d_loop_rich_C01:edge_0128:d0,11,junction,S08_3d_loop_rich_C01:node:node_0127,8.00228823309802
geometry,fit,105211,117965,S08_3d_loop_rich_C02,S08_3d_loop_rich_C02:edge_0001:d0,17,corridor,,7.014990938857882
geometry,fit,105235,117989,S08_3d_loop_rich_C02,S08_3d_loop_rich_C02:edge_0001:d1,20,junction,S08_3d_loop_rich_C02:node:node_0000,8.351254256006468
geometry,fit,105247,118001,S08_3d_loop_rich_C02,S08_3d_loop_rich_C02:edge_0002:d0,11,corridor,,10.412471971104315
geometry,fit,105353,118107,S08_3d_loop_rich_C02,S08_3d_loop_rich_C02:edge_0005:d0,11,corridor,,8.221939573275241
geometry,fit,105623,118377,S08_3d_loop_rich_C02,S08_3d_loop_rich_C02:edge_0013:d0,21,corridor,,10.755917485107073
geometry,fit,105639,118393,S08_3d_loop_rich_C02,S08_3d_loop_rich_C02:edge_0013:d1,13,corridor,,52.292621587655894
geometry,fit,105663,118417,S08_3d_loop_rich_C02,S08_3d_loop_rich_C02:edge_0014:d0,13,corridor,,69.23248437975394
geometry,fit,105851,118605,S08_3d_loop_rich_C02,S08_3d_loop_rich_C02:edge_0020:d0,11,corridor,,7.451506157755806
geometry,fit,105867,118621,S08_3d_loop_rich_C02,S08_3d_loop_rich_C02:edge_0020:d1,11,corridor,,8.805419924241859
geometry,fit,105871,118625,S08_3d_loop_rich_C02,S08_3d_loop_rich_C02:edge_0020:d1,15,corridor,,9.291811938258139
geometry,fit,105987,118741,S08_3d_loop_rich_C02,S08_3d_loop_rich_C02:edge_0024:d1,15,corridor,,9.596131914806522
geometry,fit,106123,118877,S08_3d_loop_rich_C02,S08_3d_loop_rich_C02:edge_0029:d0,19,junction,S08_3d_loop_rich_C02:node:node_0044,7.17829533405174
geometry,fit,106863,119617,S08_3d_loop_rich_C02,S08_3d_loop_rich_C02:edge_0053:d0,15,junction,S08_3d_loop_rich_C02:node:node_0057,24.85444319197752
geometry,fit,106875,119629,S08_3d_loop_rich_C02,S08_3d_loop_rich_C02:edge_0053:d1,11,corridor,,16.159316557912593
geometry,fit,107083,119837,S08_3d_loop_rich_C02,S08_3d_loop_rich_C02:edge_0061:d0,15,junction,S08_3d_loop_rich_C02:node:node_0072,9.948964868213713
geometry,fit,107884,120638,S08_3d_loop_rich_C02,S08_3d_loop_rich_C02:edge_0101:d0,16,junction,S08_3d_loop_rich_C02:node:node_0108,26.559178732578637
geometry,fit,107897,120651,S08_3d_loop_rich_C02,S08_3d_loop_rich_C02:edge_0101:d1,12,corridor,,28.209259348785558
geometry,fit,108125,120879,S08_3d_loop_rich_C02,S08_3d_loop_rich_C02:edge_0114:d0,11,corridor,,23.954283627631604
geometry,fit,109005,121759,S08_3d_loop_rich_C03,S08_3d_loop_rich_C03:edge_0020:d0,11,corridor,,11.719790684809658
geometry,fit,109023,121777,S08_3d_loop_rich_C03,S08_3d_loop_rich_C03:edge_0020:d1,14,corridor,,15.188766024272097
geometry,fit,109061,121815,S08_3d_loop_rich_C03,S08_3d_loop_rich_C03:edge_0021:d1,17,corridor,,7.121045193376657
geometry,fit,109679,122433,S08_3d_loop_rich_C03,S08_3d_loop_rich_C03:edge_0041:d0,13,corridor,,7.409183855576461
geometry,fit,109813,122567,S08_3d_loop_rich_C03,S08_3d_loop_rich_C03:edge_0047:d1,12,corridor,,7.38754357153936
geometry,fit,110201,122955,S08_3d_loop_rich_C03,S08_3d_loop_rich_C03:edge_0073:d1,14,junction,S08_3d_loop_rich_C03:node:node_0070,7.596373078958532
geometry,fit,113197,125951,S08_3d_loop_rich_C04,S08_3d_loop_rich_C04:edge_0084:d0,11,junction,S08_3d_loop_rich_C04:node:node_0087,16.31996611118561
geometry,fit,113211,125965,S08_3d_loop_rich_C04,S08_3d_loop_rich_C04:edge_0084:d1,12,corridor,,7.371637035616634
geometry,fit,113386,126140,S08_3d_loop_rich_C04,S08_3d_loop_rich_C04:edge_0091:d0,12,corridor,,80.83323484741584
geometry,fit,113402,126156,S08_3d_loop_rich_C04,S08_3d_loop_rich_C04:edge_0091:d1,11,corridor,,11.494881575407096
geometry,fit,113407,126161,S08_3d_loop_rich_C04,S08_3d_loop_rich_C04:edge_0091:d1,16,corridor,,13.434862700293364
geometry,fit,113602,126356,S08_3d_loop_rich_C04,S08_3d_loop_rich_C04:edge_0098:d0,12,junction,S08_3d_loop_rich_C04:node:node_0104,9.68519639414535
geometry,fit,113738,126492,S08_3d_loop_rich_C04,S08_3d_loop_rich_C04:edge_0103:d1,11,corridor,,7.407558150499773
geometry,fit,113753,126507,S08_3d_loop_rich_C04,S08_3d_loop_rich_C04:edge_0104:d0,13,junction,S08_3d_loop_rich_C04:node:node_0104,15.954934551358031
geometry,fit,113769,126523,S08_3d_loop_rich_C04,S08_3d_loop_rich_C04:edge_0104:d1,14,corridor,,16.973497173705688
geometry,fit,115511,128265,S08_3d_loop_rich_C05,S08_3d_loop_rich_C05:edge_0051:d1,14,corridor,,8.011093572080362
geometry,fit,116233,128987,S08_3d_loop_rich_C05,S08_3d_loop_rich_C05:edge_0090:d1,15,junction,S08_3d_loop_rich_C05:node:node_0086,7.8195975655276735
geometry,fit,117497,130251,S08_3d_loop_rich_C06,S08_3d_loop_rich_C06:edge_0014:d1,11,corridor,,8.250603622636163
geometry,fit,117535,130289,S08_3d_loop_rich_C06,S08_3d_loop_rich_C06:edge_0017:d0,11,corridor,,7.061810338748746
geometry,fit,117547,130301,S08_3d_loop_rich_C06,S08_3d_loop_rich_C06:edge_0017:d1,11,corridor,,7.772762733995065
geometry,fit,119722,132476,S08_3d_loop_rich_C06,S08_3d_loop_rich_C06:edge_0109:d0,16,corridor,,8.882535531417243
geometry,fit,120163,132917,S08_3d_loop_rich_C06,S08_3d_loop_rich_C06:edge_0121:d1,14,corridor,,6.7944360953624106
geometry,fit,128185,144373,S09_flat_complex_C01,S09_flat_complex_C01:edge_0036:d1,14,corridor,,7.840089637969677
geometry,fit,129359,145547,S09_flat_complex_C01,S09_flat_complex_C01:edge_0072:d0,25,junction,S09_flat_complex_C01:node:node_0078,28.794227620364634
geometry,fit,130507,146695,S09_flat_complex_C01,S09_flat_complex_C01:edge_0109:d0,15,junction,S09_flat_complex_C01:node:node_0113,36.555544832628094
geometry,fit,130520,146708,S09_flat_complex_C01,S09_flat_complex_C01:edge_0109:d1,12,corridor,,11.034003247194835
geometry,fit,130897,147085,S09_flat_complex_C01,S09_flat_complex_C01:edge_0124:d0,11,terminal,S09_flat_complex_C01:node:node_0125,8.089992168663017
geometry,fit,132083,148271,S09_flat_complex_C02,S09_flat_complex_C02:edge_0013:d1,11,corridor,,17.96200388036377
geometry,fit,133301,149489,S09_flat_complex_C02,S09_flat_complex_C02:edge_0068:d0,11,turn,S09_flat_complex_C02:edge_0068:turn:000,7.6942086280334205
geometry,fit,134435,150623,S09_flat_complex_C02,S09_flat_complex_C02:edge_0116:d0,11,corridor,,53.84374266393612
geometry,fit,136753,152941,S09_flat_complex_C03,S09_flat_complex_C03:edge_0072:d1,19,junction,S09_flat_complex_C03:node:node_0068,12.329813401989732
geometry,fit,137489,153677,S09_flat_complex_C03,S09_flat_complex_C03:edge_0108:d1,13,junction,S09_flat_complex_C03:node:node_0104,11.000552281211316
geometry,fit,138336,154524,S09_flat_complex_C03,S09_flat_complex_C03:edge_0145:d0,12,junction,S09_flat_complex_C03:node:node_0143,8.073762557289697
geometry,fit,138348,154536,S09_flat_complex_C03,S09_flat_complex_C03:edge_0145:d1,11,corridor,,12.461808917855157
geometry,fit,141072,157260,S09_flat_complex_C04,S09_flat_complex_C04:edge_0081:d0,12,junction,S09_flat_complex_C04:node:node_0082,14.21433078577026
geometry,fit,141084,157272,S09_flat_complex_C04,S09_flat_complex_C04:edge_0081:d1,11,corridor,,11.897119236976195
geometry,fit,142040,158228,S09_flat_complex_C04,S09_flat_complex_C04:edge_0123:d0,12,junction,S09_flat_complex_C04:node:node_0128,7.2561529233961215
geometry,fit,142052,158240,S09_flat_complex_C04,S09_flat_complex_C04:edge_0123:d1,11,corridor,,7.132744315354878
geometry,fit,143965,160153,S09_flat_complex_C05,S09_flat_complex_C05:edge_0054:d1,11,junction,S09_flat_complex_C05:node:node_0047,9.494150382009286
geometry,fit,148801,164989,S09_flat_complex_C06,S09_flat_complex_C06:edge_0084:d0,11,junction,S09_flat_complex_C06:node:node_0083,18.388253755176407
geometry,fit,148819,165007,S09_flat_complex_C06,S09_flat_complex_C06:edge_0084:d1,14,corridor,,8.518169245956463
geometry,fit,149603,165791,S09_flat_complex_C06,S09_flat_complex_C06:edge_0119:d1,16,junction,S09_flat_complex_C06:node:node_0116,7.318436174493392
geometry,fit,160908,181010,S10_3d_complex_C02,S10_3d_complex_C02:edge_0001:d1,13,corridor,,7.898732191504211
geometry,fit,161637,181739,S10_3d_complex_C02,S10_3d_complex_C02:edge_0035:d0,17,corridor,,6.796031744695859
geometry,fit,161817,181919,S10_3d_complex_C02,S10_3d_complex_C02:edge_0041:d0,13,corridor,,27.718530261318143
geometry,fit,162518,182620,S10_3d_complex_C02,S10_3d_complex_C02:edge_0063:d1,24,corridor,,29.42149409334692
geometry,fit,163448,183550,S10_3d_complex_C02,S10_3d_complex_C02:edge_0095:d0,22,junction,S10_3d_complex_C02:node:node_0112,9.454879504141658
geometry,fit,163462,183564,S10_3d_complex_C02,S10_3d_complex_C02:edge_0095:d1,13,corridor,,10.004762530087861
geometry,fit,164927,185029,S10_3d_complex_C03,S10_3d_complex_C03:edge_0000:d0,13,corridor,,26.781839188638592
geometry,fit,166630,186732,S10_3d_complex_C03,S10_3d_complex_C03:edge_0073:d1,11,junction,S10_3d_complex_C03:node:node_0065,7.03576336279246
geometry,fit,166655,186757,S10_3d_complex_C03,S10_3d_complex_C03:edge_0074:d1,11,junction,S10_3d_complex_C03:node:node_0065,11.375234144447415
geometry,fit,168217,188319,S10_3d_complex_C03,S10_3d_complex_C03:edge_0148:d1,18,junction,S10_3d_complex_C03:node:node_0144,8.33405981162228
geometry,fit,169431,189533,S10_3d_complex_C04,S10_3d_complex_C04:edge_0043:d1,14,corridor,,7.7047336009973515
geometry,fit,170458,190560,S10_3d_complex_C04,S10_3d_complex_C04:edge_0083:d0,18,corridor,,7.234516260834422
geometry,fit,171407,191509,S10_3d_complex_C04,S10_3d_complex_C04:edge_0116:d0,13,junction,S10_3d_complex_C04:node:node_0110,9.553280310851695
geometry,fit,172112,192214,S10_3d_complex_C04,S10_3d_complex_C04:edge_0144:d0,12,corridor,,6.97809962676343
geometry,fit,172270,192372,S10_3d_complex_C04,S10_3d_complex_C04:edge_0149:d0,14,junction,S10_3d_complex_C04:node:node_0145,15.163969826892563
geometry,fit,172285,192387,S10_3d_complex_C04,S10_3d_complex_C04:edge_0149:d1,14,corridor,,8.96115090358309
geometry,fit,172481,192583,S10_3d_complex_C04,S10_3d_complex_C04:edge_0160:d0,13,junction,S10_3d_complex_C04:node:node_0159,7.115079770392163
geometry,fit,173345,193447,S10_3d_complex_C05,S10_3d_complex_C05:edge_0030:d1,21,junction,S10_3d_complex_C05:node:node_0027,6.863227600187361
geometry,fit,173451,193553,S10_3d_complex_C05,S10_3d_complex_C05:edge_0036:d0,17,corridor,,8.750273688434486
geometry,fit,173463,193565,S10_3d_complex_C05,S10_3d_complex_C05:edge_0036:d1,11,corridor,,8.899168514608684
geometry,fit,173962,194064,S10_3d_complex_C05,S10_3d_complex_C05:edge_0060:d0,12,corridor,,8.036326454660758
geometry,fit,174552,194654,S10_3d_complex_C05,S10_3d_complex_C05:edge_0083:d0,12,corridor,,7.2912459010668185
geometry,fit,174564,194666,S10_3d_complex_C05,S10_3d_complex_C05:edge_0083:d1,11,corridor,,7.991227162038698
geometry,fit,175487,195589,S10_3d_complex_C05,S10_3d_complex_C05:edge_0117:d1,13,corridor,,9.395583906984204
geometry,fit,176328,196430,S10_3d_complex_C05,S10_3d_complex_C05:edge_0159:d1,14,junction,S10_3d_complex_C05:node:node_0155,9.631610598680172
geometry,fit,176713,196815,S10_3d_complex_C06,S10_3d_complex_C06:edge_0008:d1,15,junction,S10_3d_complex_C06:node:node_0006,11.266183711362597
geometry,fit,177877,197979,S10_3d_complex_C06,S10_3d_complex_C06:edge_0060:d0,11,corridor,,7.255670616883744
geometry,fit,177889,197991,S10_3d_complex_C06,S10_3d_complex_C06:edge_0060:d1,11,junction,S10_3d_complex_C06:node:node_0054,12.169712890340058
geometry,fit,177905,198007,S10_3d_complex_C06,S10_3d_complex_C06:edge_0061:d0,15,corridor,,13.034903455246305
geometry,selection,17471,18945,S02_3d_tree_small_C07,S02_3d_tree_small_C07:edge_0002:d0,13,corridor,,30.292410603083596
geometry,selection,17485,18959,S02_3d_tree_small_C07,S02_3d_tree_small_C07:edge_0002:d1,13,corridor,,17.047149383088794
geometry,selection,19289,20763,S02_3d_tree_small_C08,S02_3d_tree_small_C08:edge_0034:d1,13,corridor,,12.119866977411572
geometry,selection,19666,21140,S02_3d_tree_small_C08,S02_3d_tree_small_C08:edge_0047:d0,16,corridor,,6.907087758298604
geometry,selection,19672,21146,S02_3d_tree_small_C08,S02_3d_tree_small_C08:edge_0047:d0,22,corridor,,8.405543349222729
geometry,selection,19866,21340,S02_3d_tree_small_C08,S02_3d_tree_small_C08:edge_0053:d0,22,corridor,,7.622187390215882
geometry,selection,41948,46222,S04_3d_unicyclic_small_C08,S04_3d_unicyclic_small_C08:edge_0034:d0,16,junction,S04_3d_unicyclic_small_C08:node:node_0039,8.742629519255118
geometry,selection,42300,46574,S04_3d_unicyclic_small_C08,S04_3d_unicyclic_small_C08:edge_0048:d0,18,junction,S04_3d_unicyclic_small_C08:node:node_0048,7.291977530765313
geometry,selection,58531,64429,S05_flat_branch_medium_C08,S05_flat_branch_medium_C08:edge_0003:d0,11,corridor,,7.419368285554602
geometry,selection,59777,65675,S05_flat_branch_medium_C08,S05_flat_branch_medium_C08:edge_0066:d1,11,junction,S05_flat_branch_medium_C08:node:node_0062,10.187230698261635
geometry,selection,74847,82777,S06_3d_branch_medium_C07,S06_3d_branch_medium_C07:edge_0047:d0,13,corridor,,7.742519540153643
geometry,selection,74859,82789,S06_3d_branch_medium_C07,S06_3d_branch_medium_C07:edge_0047:d1,11,corridor,,8.209821320976872
geometry,selection,74983,82913,S06_3d_branch_medium_C07,S06_3d_branch_medium_C07:edge_0054:d0,13,junction,S06_3d_branch_medium_C07:node:node_0058,37.803713719847345
geometry,selection,75055,82985,S06_3d_branch_medium_C07,S06_3d_branch_medium_C07:edge_0058:d0,11,junction,S06_3d_branch_medium_C07:node:node_0065,6.919257107441531
geometry,selection,97763,107775,S07_flat_loop_rich_C07,S07_flat_loop_rich_C07:edge_0057:d0,11,corridor,,10.906890431353322
geometry,selection,97769,107781,S07_flat_loop_rich_C07,S07_flat_loop_rich_C07:edge_0057:d0,17,corridor,,12.598035042400511
geometry,selection,98089,108101,S07_flat_loop_rich_C07,S07_flat_loop_rich_C07:edge_0074:d0,15,junction,S07_flat_loop_rich_C07:node:node_0080,17.035188778488674
geometry,selection,98103,108115,S07_flat_loop_rich_C07,S07_flat_loop_rich_C07:edge_0074:d1,13,turn,S07_flat_loop_rich_C07:edge_0074:turn:000,11.59846134929601
geometry,selection,98921,108933,S07_flat_loop_rich_C07,S07_flat_loop_rich_C07:edge_0109:d0,13,junction,S07_flat_loop_rich_C07:node:node_0107,7.694586901585216
geometry,selection,99026,109038,S07_flat_loop_rich_C07,S07_flat_loop_rich_C07:edge_0112:d0,16,corridor,,20.867368063005156
geometry,selection,99042,109054,S07_flat_loop_rich_C07,S07_flat_loop_rich_C07:edge_0112:d1,13,junction,S07_flat_loop_rich_C07:node:node_0108,8.679001403185529
geometry,selection,99077,109089,S07_flat_loop_rich_C07,S07_flat_loop_rich_C07:edge_0113:d1,14,junction,S07_flat_loop_rich_C07:node:node_0108,12.1708728838498
geometry,selection,99203,109215,S07_flat_loop_rich_C07,S07_flat_loop_rich_C07:edge_0117:d0,11,corridor,,7.780060868648696
geometry,selection,99806,109818,S07_flat_loop_rich_C08,S07_flat_loop_rich_C08:edge_0015:d1,14,corridor,,8.987985013343016
geometry,selection,100423,110435,S07_flat_loop_rich_C08,S07_flat_loop_rich_C08:edge_0046:d0,15,corridor,,14.846849336888235
geometry,selection,100438,110450,S07_flat_loop_rich_C08,S07_flat_loop_rich_C08:edge_0046:d1,13,junction,S07_flat_loop_rich_C08:node:node_0043,7.25279784232054
geometry,selection,120847,133601,S08_3d_loop_rich_C07,S08_3d_loop_rich_C07:edge_0011:d0,11,junction,S08_3d_loop_rich_C07:node:node_0015,7.018797067618717
geometry,selection,121882,134636,S08_3d_loop_rich_C07,S08_3d_loop_rich_C07:edge_0048:d0,14,corridor,,7.119628129550249
geometry,selection,121895,134649,S08_3d_loop_rich_C07,S08_3d_loop_rich_C07:edge_0048:d1,11,geometry_transition,S08_3d_loop_rich_C07:node:node_0056,7.7354921985078295
geometry,selection,122663,135417,S08_3d_loop_rich_C07,S08_3d_loop_rich_C07:edge_0077:d0,11,turn,S08_3d_loop_rich_C07:edge_0077:turn:000,8.573830832184827
geometry,selection,125581,138335,S08_3d_loop_rich_C08,S08_3d_loop_rich_C08:edge_0066:d0,13,corridor,,7.244341153795452
geometry,selection,125599,138353,S08_3d_loop_rich_C08,S08_3d_loop_rich_C08:edge_0066:d1,14,corridor,,8.38411234862928
geometry,selection,125741,138495,S08_3d_loop_rich_C08,S08_3d_loop_rich_C08:edge_0071:d1,16,corridor,,7.369425198124375
geometry,selection,126081,138835,S08_3d_loop_rich_C08,S08_3d_loop_rich_C08:edge_0087:d1,11,corridor,,15.963250965078107
geometry,selection,126144,138898,S08_3d_loop_rich_C08,S08_3d_loop_rich_C08:edge_0090:d1,11,junction,S08_3d_loop_rich_C08:node:node_0085,8.417928333433116
geometry,selection,126403,139157,S08_3d_loop_rich_C08,S08_3d_loop_rich_C08:edge_0100:d1,15,corridor,,8.047449407963645
geometry,selection,127042,139796,S08_3d_loop_rich_C08,S08_3d_loop_rich_C08:edge_0128:d0,16,corridor,,9.980242773524049
geometry,selection,151763,167951,S09_flat_complex_C07,S09_flat_complex_C07:edge_0047:d1,18,junction,S09_flat_complex_C07:node:node_0045,9.887806635079532
geometry,selection,151953,168141,S09_flat_complex_C07,S09_flat_complex_C07:edge_0054:d0,21,junction,S09_flat_complex_C07:node:node_0057,9.109034712470473
geometry,selection,152019,168207,S09_flat_complex_C07,S09_flat_complex_C07:edge_0056:d0,13,junction,S09_flat_complex_C07:node:node_0057,11.471884419859382
geometry,selection,155387,171575,S09_flat_complex_C08,S09_flat_complex_C08:edge_0045:d1,13,corridor,,13.06638018705672
geometry,selection,181373,201475,S10_3d_complex_C07,S10_3d_complex_C07:edge_0058:d0,11,corridor,,9.060935769971858
geometry,selection,181385,201487,S10_3d_complex_C07,S10_3d_complex_C07:edge_0058:d1,11,junction,S10_3d_complex_C07:node:node_0055,8.030170922670472
geometry,selection,181854,201956,S10_3d_complex_C07,S10_3d_complex_C07:edge_0077:d1,12,corridor,,11.282962562933756
geometry,selection,183241,203343,S10_3d_complex_C07,S10_3d_complex_C07:edge_0126:d1,22,junction,S10_3d_complex_C07:node:node_0119,6.929899685979545
geometry,selection,183959,204061,S10_3d_complex_C07,S10_3d_complex_C07:edge_0159:d1,11,corridor,,6.951667425628443
geometry,selection,184525,204627,S10_3d_complex_C08,S10_3d_complex_C08:edge_0017:d1,14,junction,S10_3d_complex_C08:node:node_0015,7.743680261904422
geometry,selection,184615,204717,S10_3d_complex_C08,S10_3d_complex_C08:edge_0021:d0,11,corridor,,27.676949119066325
geometry,selection,184631,204733,S10_3d_complex_C08,S10_3d_complex_C08:edge_0021:d1,13,junction,S10_3d_complex_C08:node:node_0019,25.87985324109335
geometry,selection,185730,205832,S10_3d_complex_C08,S10_3d_complex_C08:edge_0058:d0,20,junction,S10_3d_complex_C08:node:node_0061,7.136542560231229
geometry,selection,186017,206119,S10_3d_complex_C08,S10_3d_complex_C08:edge_0068:d0,11,corridor,,7.100509212661042
geometry,selection,186353,206455,S10_3d_complex_C08,S10_3d_complex_C08:edge_0079:d0,11,junction,S10_3d_complex_C08:node:node_0079,8.591956401206616
geometry,selection,186365,206467,S10_3d_complex_C08,S10_3d_complex_C08:edge_0079:d1,11,corridor,,20.97678297433108
geometry,selection,187234,207336,S10_3d_complex_C08,S10_3d_complex_C08:edge_0117:d0,20,junction,S10_3d_complex_C08:node:node_0133,16.928663738345566
geometry,selection,187246,207348,S10_3d_complex_C08,S10_3d_complex_C08:edge_0117:d1,11,corridor,,7.064709715014847
geometry,selection,187303,207405,S10_3d_complex_C08,S10_3d_complex_C08:edge_0119:d1,13,corridor,,8.660384266485115
action,fit,239,239,S01_flat_tree_small_C01,S01_flat_tree_small_C01:edge_0008:d1,13,corridor,,8.162905509248333
action,fit,809,809,S01_flat_tree_small_C01,S01_flat_tree_small_C01:edge_0036:d0,13,terminal,S01_flat_tree_small_C01:node:node_0038,9.05432866048551
action,fit,825,825,S01_flat_tree_small_C01,S01_flat_tree_small_C01:edge_0036:d1,12,corridor,,9.450046289084504
action,fit,2903,2903,S01_flat_tree_small_C03,S01_flat_tree_small_C03:edge_0019:d0,11,terminal,S01_flat_tree_small_C03:node:node_0020,7.74871272030549
action,fit,2918,2918,S01_flat_tree_small_C03,S01_flat_tree_small_C03:edge_0019:d1,11,corridor,,7.77126913690353
action,fit,3523,3523,S01_flat_tree_small_C03,S01_flat_tree_small_C03:edge_0042:d0,13,corridor,,8.592312082143712
action,fit,3545,3545,S01_flat_tree_small_C03,S01_flat_tree_small_C03:edge_0042:d1,15,terminal,S01_flat_tree_small_C03:node:node_0041,8.468612346585504
action,fit,4748,4748,S01_flat_tree_small_C04,S01_flat_tree_small_C04:edge_0053:d0,12,terminal,S01_flat_tree_small_C04:node:node_0054,8.52786430148109
action,fit,4763,4763,S01_flat_tree_small_C04,S01_flat_tree_small_C04:edge_0053:d1,11,corridor,,9.136537443196897
action,fit,6111,6111,S01_flat_tree_small_C06,S01_flat_tree_small_C06:edge_0010:d0,13,corridor,,7.791005124331405
action,fit,6126,6126,S01_flat_tree_small_C06,S01_flat_tree_small_C06:edge_0010:d1,11,terminal,S01_flat_tree_small_C06:node:node_0009,8.202217372236698
action,fit,6674,6674,S01_flat_tree_small_C06,S01_flat_tree_small_C06:edge_0039:d0,12,corridor,,8.458707274775255
action,fit,6708,6708,S01_flat_tree_small_C06,S01_flat_tree_small_C06:edge_0039:d1,21,terminal,S01_flat_tree_small_C06:node:node_0038,8.684124417061824
action,fit,10700,12174,S02_3d_tree_small_C01,S02_3d_tree_small_C01:edge_0054:d1,11,geometry_transition,S02_3d_tree_small_C01:node:node_0054,9.262338135499219
action,fit,11064,12538,S02_3d_tree_small_C02,S02_3d_tree_small_C02:edge_0011:d1,11,corridor,,8.582735356996098
action,fit,11928,13402,S02_3d_tree_small_C03,S02_3d_tree_small_C03:edge_0000:d0,12,corridor,,8.916772662860364
action,fit,12955,14429,S02_3d_tree_small_C03,S02_3d_tree_small_C03:edge_0035:d0,11,corridor,,8.522134918815736
action,fit,14282,15756,S02_3d_tree_small_C04,S02_3d_tree_small_C04:edge_0042:d0,12,terminal,S02_3d_tree_small_C04:node:node_0044,7.983768722474544
action,fit,14299,15773,S02_3d_tree_small_C04,S02_3d_tree_small_C04:edge_0042:d1,12,corridor,,8.779454138860203
action,fit,15075,16549,S02_3d_tree_small_C05,S02_3d_tree_small_C05:edge_0024:d0,11,corridor,,7.885550069499045
action,fit,15444,16918,S02_3d_tree_small_C05,S02_3d_tree_small_C05:edge_0043:d0,12,corridor,,8.203105826508287
action,fit,16000,17474,S02_3d_tree_small_C06,S02_3d_tree_small_C06:edge_0004:d0,12,corridor,,8.419445722196292
action,fit,16018,17492,S02_3d_tree_small_C06,S02_3d_tree_small_C06:edge_0004:d1,13,terminal,S02_3d_tree_small_C06:node:node_0003,8.52530619004436
action,fit,16243,17717,S02_3d_tree_small_C06,S02_3d_tree_small_C06:edge_0013:d0,11,corridor,,7.758362739761571
action,fit,20385,23193,S03_flat_unicyclic_small_C01,S03_flat_unicyclic_small_C01:edge_0027:d0,11,terminal,S03_flat_unicyclic_small_C01:node:node_0031,9.717066907172274
action,fit,20397,23205,S03_flat_unicyclic_small_C01,S03_flat_unicyclic_small_C01:edge_0027:d1,11,junction,S03_flat_unicyclic_small_C01:node:node_0025,8.330930256676297
action,fit,21403,24211,S03_flat_unicyclic_small_C01,S03_flat_unicyclic_small_C01:edge_0062:d0,17,terminal,S03_flat_unicyclic_small_C01:node:node_0062,7.888334571430852
action,fit,21418,24226,S03_flat_unicyclic_small_C01,S03_flat_unicyclic_small_C01:edge_0062:d1,11,corridor,,8.061979945536642
action,fit,21439,24247,S03_flat_unicyclic_small_C02,S03_flat_unicyclic_small_C02:edge_0000:d0,11,corridor,,8.431824542093887
action,fit,21454,24262,S03_flat_unicyclic_small_C02,S03_flat_unicyclic_small_C02:edge_0000:d1,11,terminal,S03_flat_unicyclic_small_C02:node:node_0000,7.81708409282694
action,fit,21944,24752,S03_flat_unicyclic_small_C02,S03_flat_unicyclic_small_C02:edge_0020:d0,12,corridor,,8.39400726525905
action,fit,21961,24769,S03_flat_unicyclic_small_C02,S03_flat_unicyclic_small_C02:edge_0020:d1,12,terminal,S03_flat_unicyclic_small_C02:node:node_0019,8.303002693095863
action,fit,22918,25726,S03_flat_unicyclic_small_C02,S03_flat_unicyclic_small_C02:edge_0052:d0,12,corridor,,8.163072803778425
action,fit,23411,26219,S03_flat_unicyclic_small_C03,S03_flat_unicyclic_small_C03:edge_0003:d0,11,terminal,S03_flat_unicyclic_small_C03:node:node_0004,7.773826847850411
action,fit,23426,26234,S03_flat_unicyclic_small_C03,S03_flat_unicyclic_small_C03:edge_0003:d1,12,corridor,,7.95255129356113
action,fit,24361,27169,S03_flat_unicyclic_small_C03,S03_flat_unicyclic_small_C03:edge_0040:d0,17,terminal,S03_flat_unicyclic_small_C03:node:node_0040,7.882380583677082
action,fit,24378,27186,S03_flat_unicyclic_small_C03,S03_flat_unicyclic_small_C03:edge_0040:d1,13,junction,S03_flat_unicyclic_small_C03:node:node_0039,8.174579008215929
action,fit,25035,27843,S03_flat_unicyclic_small_C03,S03_flat_unicyclic_small_C03:edge_0060:d0,15,terminal,S03_flat_unicyclic_small_C03:node:node_0060,8.07521512264728
action,fit,25054,27862,S03_flat_unicyclic_small_C03,S03_flat_unicyclic_small_C03:edge_0060:d1,13,corridor,,8.301627726132555
action,fit,25477,28285,S03_flat_unicyclic_small_C04,S03_flat_unicyclic_small_C04:edge_0016:d0,13,corridor,,10.485697318161867
action,fit,25495,28303,S03_flat_unicyclic_small_C04,S03_flat_unicyclic_small_C04:edge_0016:d1,13,terminal,S03_flat_unicyclic_small_C04:node:node_0015,10.180001937120592
action,fit,27233,30041,S03_flat_unicyclic_small_C05,S03_flat_unicyclic_small_C05:edge_0031:d0,13,corridor,,7.856520275532279
action,fit,28049,30857,S03_flat_unicyclic_small_C05,S03_flat_unicyclic_small_C05:edge_0056:d0,13,terminal,S03_flat_unicyclic_small_C05:node:node_0056,8.010124685314361
action,fit,28066,30874,S03_flat_unicyclic_small_C05,S03_flat_unicyclic_small_C05:edge_0056:d1,12,corridor,,8.709404441889344
action,fit,28156,30964,S03_flat_unicyclic_small_C06,S03_flat_unicyclic_small_C06:edge_0006:d0,12,corridor,,7.887549596613449
action,fit,33036,37310,S04_3d_unicyclic_small_C01,S04_3d_unicyclic_small_C01:edge_0071:d1,11,corridor,,8.514828966941764
action,fit,34619,38893,S04_3d_unicyclic_small_C03,S04_3d_unicyclic_small_C03:edge_0007:d0,17,terminal,S04_3d_unicyclic_small_C03:node:node_0005,9.23936555843185
action,fit,34637,38911,S04_3d_unicyclic_small_C03,S04_3d_unicyclic_small_C03:edge_0007:d1,13,corridor,,8.27760443475334
action,fit,35207,39481,S04_3d_unicyclic_small_C03,S04_3d_unicyclic_small_C03:edge_0024:d1,11,corridor,,8.695526251538986
action,fit,35314,39588,S04_3d_unicyclic_small_C03,S04_3d_unicyclic_small_C03:edge_0028:d1,14,geometry_transition,S04_3d_unicyclic_small_C03:edge_0028:geometry_change_point:000,8.41084791338212
action,fit,36001,40275,S04_3d_unicyclic_small_C03,S04_3d_unicyclic_small_C03:edge_0053:d0,17,terminal,S04_3d_unicyclic_small_C03:node:node_0053,8.708999740712091
action,fit,36018,40292,S04_3d_unicyclic_small_C03,S04_3d_unicyclic_small_C03:edge_0053:d1,12,corridor,,8.429376081342829
action,fit,36107,40381,S04_3d_unicyclic_small_C03,S04_3d_unicyclic_small_C03:edge_0058:d1,11,corridor,,7.8934556867080845
action,fit,37325,41599,S04_3d_unicyclic_small_C04,S04_3d_unicyclic_small_C04:edge_0064:d0,13,terminal,S04_3d_unicyclic_small_C04:node:node_0064,7.8433342077634025
action,fit,39129,43403,S04_3d_unicyclic_small_C06,S04_3d_unicyclic_small_C06:edge_0029:d1,11,corridor,,7.959211639070685
action,fit,43417,49315,S05_flat_branch_medium_C01,S05_flat_branch_medium_C01:edge_0049:d1,13,corridor,,7.784700474071657
action,fit,43802,49700,S05_flat_branch_medium_C01,S05_flat_branch_medium_C01:edge_0061:d0,12,corridor,,8.45137137980592
action,fit,43829,49727,S05_flat_branch_medium_C01,S05_flat_branch_medium_C01:edge_0061:d1,17,terminal,S05_flat_branch_medium_C01:node:node_0060,8.795193831137341
action,fit,44665,50563,S05_flat_branch_medium_C01,S05_flat_branch_medium_C01:edge_0087:d0,19,terminal,S05_flat_branch_medium_C01:node:node_0087,8.527322685321327
action,fit,44680,50578,S05_flat_branch_medium_C01,S05_flat_branch_medium_C01:edge_0087:d1,11,corridor,,8.633256618610645
action,fit,44704,50602,S05_flat_branch_medium_C02,S05_flat_branch_medium_C02:edge_0000:d0,12,corridor,,8.461195500597855
action,fit,44938,50836,S05_flat_branch_medium_C02,S05_flat_branch_medium_C02:edge_0010:d0,12,corridor,,8.55929586285237
action,fit,44964,50862,S05_flat_branch_medium_C02,S05_flat_branch_medium_C02:edge_0010:d1,17,terminal,S05_flat_branch_medium_C02:node:node_0010,8.137869345924738
action,fit,46538,52436,S05_flat_branch_medium_C02,S05_flat_branch_medium_C02:edge_0073:d0,12,corridor,,8.537490459113277
action,fit,46563,52461,S05_flat_branch_medium_C02,S05_flat_branch_medium_C02:edge_0073:d1,16,terminal,S05_flat_branch_medium_C02:node:node_0071,8.237009664757538
action,fit,46616,52514,S05_flat_branch_medium_C02,S05_flat_branch_medium_C02:edge_0075:d1,12,corridor,,7.803645748208075
action,fit,47349,53247,S05_flat_branch_medium_C03,S05_flat_branch_medium_C03:edge_0007:d0,13,corridor,,8.216883670848956
action,fit,47375,53273,S05_flat_branch_medium_C03,S05_flat_branch_medium_C03:edge_0007:d1,17,terminal,S05_flat_branch_medium_C03:node:node_0006,7.961816010596905
action,fit,48600,54498,S05_flat_branch_medium_C03,S05_flat_branch_medium_C03:edge_0055:d0,14,terminal,S05_flat_branch_medium_C03:node:node_0061,8.57596977880718
action,fit,48618,54516,S05_flat_branch_medium_C03,S05_flat_branch_medium_C03:edge_0055:d1,13,corridor,,8.34115265109518
action,fit,49419,55317,S05_flat_branch_medium_C03,S05_flat_branch_medium_C03:edge_0088:d0,19,terminal,S05_flat_branch_medium_C03:node:node_0090,9.231825386507804
action,fit,49435,55333,S05_flat_branch_medium_C03,S05_flat_branch_medium_C03:edge_0088:d1,12,corridor,,8.698639509637001
action,fit,49542,55440,S05_flat_branch_medium_C03,S05_flat_branch_medium_C03:edge_0091:d1,14,terminal,S05_flat_branch_medium_C03:node:node_0089,8.0842579973681
action,fit,49583,55481,S05_flat_branch_medium_C04,S05_flat_branch_medium_C04:edge_0000:d0,11,corridor,,8.603250099101354
action,fit,50336,56234,S05_flat_branch_medium_C04,S05_flat_branch_medium_C04:edge_0022:d0,18,terminal,S05_flat_branch_medium_C04:node:node_0032,8.256253660599477
action,fit,50350,56248,S05_flat_branch_medium_C04,S05_flat_branch_medium_C04:edge_0022:d1,11,corridor,,8.159589086408673
action,fit,51899,57797,S05_flat_branch_medium_C05,S05_flat_branch_medium_C05:edge_0006:d0,13,corridor,,8.503756048732605
action,fit,51925,57823,S05_flat_branch_medium_C05,S05_flat_branch_medium_C05:edge_0006:d1,17,terminal,S05_flat_branch_medium_C05:node:node_0005,7.775876910512008
action,fit,52265,58163,S05_flat_branch_medium_C05,S05_flat_branch_medium_C05:edge_0019:d1,11,corridor,,8.515882507383523
action,fit,53263,59161,S05_flat_branch_medium_C05,S05_flat_branch_medium_C05:edge_0070:d1,11,corridor,,8.212555031817432
action,fit,53609,59507,S05_flat_branch_medium_C05,S05_flat_branch_medium_C05:edge_0085:d0,21,terminal,S05_flat_branch_medium_C05:node:node_0085,7.892426334769932
action,fit,53626,59524,S05_flat_branch_medium_C05,S05_flat_branch_medium_C05:edge_0085:d1,12,corridor,,7.995716701332683
action,fit,53738,59636,S05_flat_branch_medium_C06,S05_flat_branch_medium_C06:edge_0003:d0,12,junction,S05_flat_branch_medium_C06:node:node_0005,8.127846464041834
action,fit,53761,59659,S05_flat_branch_medium_C06,S05_flat_branch_medium_C06:edge_0003:d1,15,terminal,S05_flat_branch_medium_C06:node:node_0003,8.290394793411778
action,fit,55117,61015,S05_flat_branch_medium_C06,S05_flat_branch_medium_C06:edge_0053:d0,13,corridor,,7.994236001215838
action,fit,55131,61029,S05_flat_branch_medium_C06,S05_flat_branch_medium_C06:edge_0053:d1,11,terminal,S05_flat_branch_medium_C06:node:node_0051,7.80900697136566
action,fit,55495,61393,S05_flat_branch_medium_C06,S05_flat_branch_medium_C06:edge_0067:d0,13,terminal,S05_flat_branch_medium_C06:node:node_0070,8.61327072379979
action,fit,55511,61409,S05_flat_branch_medium_C06,S05_flat_branch_medium_C06:edge_0067:d1,12,corridor,,8.336570431786164
action,fit,56121,62019,S05_flat_branch_medium_C06,S05_flat_branch_medium_C06:edge_0084:d1,14,terminal,S05_flat_branch_medium_C06:node:node_0083,8.160331951086267
action,fit,61441,69371,S06_3d_branch_medium_C01,S06_3d_branch_medium_C01:edge_0023:d1,11,corridor,,7.9425046955648675
action,fit,62543,70473,S06_3d_branch_medium_C01,S06_3d_branch_medium_C01:edge_0089:d0,11,terminal,S06_3d_branch_medium_C01:node:node_0090,9.286118035499895
action,fit,62559,70489,S06_3d_branch_medium_C01,S06_3d_branch_medium_C01:edge_0089:d1,12,corridor,,9.28234328897214
action,fit,64400,72330,S06_3d_branch_medium_C02,S06_3d_branch_medium_C02:edge_0080:d0,12,corridor,,8.829735252055105
action,fit,64418,72348,S06_3d_branch_medium_C02,S06_3d_branch_medium_C02:edge_0080:d1,13,terminal,S06_3d_branch_medium_C02:node:node_0079,8.466399468534155
action,fit,65357,73287,S06_3d_branch_medium_C03,S06_3d_branch_medium_C03:edge_0047:d1,11,corridor,,8.673498146395428
action,fit,65478,73408,S06_3d_branch_medium_C03,S06_3d_branch_medium_C03:edge_0053:d0,12,terminal,S06_3d_branch_medium_C03:node:node_0059,7.9797944262748866
action,fit,66304,74234,S06_3d_branch_medium_C04,S06_3d_branch_medium_C04:edge_0000:d1,12,terminal,S06_3d_branch_medium_C04:node:node_0000,8.068852873198727
action,fit,66410,74340,S06_3d_branch_medium_C04,S06_3d_branch_medium_C04:edge_0004:d0,12,corridor,,8.635148963584795
action,fit,66435,74365,S06_3d_branch_medium_C04,S06_3d_branch_medium_C04:edge_0004:d1,16,terminal,S06_3d_branch_medium_C04:node:node_0003,8.307755509814083
action,fit,68708,76638,S06_3d_branch_medium_C04,S06_3d_branch_medium_C04:edge_0078:d0,20,terminal,S06_3d_branch_medium_C04:node:node_0084,8.87145194829629
action,fit,68724,76654,S06_3d_branch_medium_C04,S06_3d_branch_medium_C04:edge_0078:d1,12,corridor,,9.397764419788134
action,fit,69386,77316,S06_3d_branch_medium_C05,S06_3d_branch_medium_C05:edge_0003:d0,12,terminal,S06_3d_branch_medium_C05:node:node_0005,8.645698944651473
action,fit,69401,77331,S06_3d_branch_medium_C05,S06_3d_branch_medium_C05:edge_0003:d1,11,corridor,,8.163029210570263
action,fit,69743,77673,S06_3d_branch_medium_C05,S06_3d_branch_medium_C05:edge_0016:d0,13,corridor,,7.929714635383711
action,fit,69771,77701,S06_3d_branch_medium_C05,S06_3d_branch_medium_C05:edge_0016:d1,18,terminal,S06_3d_branch_medium_C05:node:node_0014,8.245497178653196
action,fit,71154,79084,S06_3d_branch_medium_C05,S06_3d_branch_medium_C05:edge_0078:d0,12,corridor,,9.46074753425269
action,fit,71466,79396,S06_3d_branch_medium_C05,S06_3d_branch_medium_C05:edge_0091:d0,16,terminal,S06_3d_branch_medium_C05:node:node_0091,7.999130353855391
action,fit,73379,81309,S06_3d_branch_medium_C06,S06_3d_branch_medium_C06:edge_0076:d0,11,corridor,,8.200152768925193
action,fit,73671,81601,S06_3d_branch_medium_C06,S06_3d_branch_medium_C06:edge_0089:d0,11,corridor,,8.492064837673697
action,fit,73702,81632,S06_3d_branch_medium_C06,S06_3d_branch_medium_C06:edge_0089:d1,19,terminal,S06_3d_branch_medium_C06:node:node_0088,8.748807707036164
action,fit,77823,87835,S07_flat_loop_rich_C01,S07_flat_loop_rich_C01:edge_0000:d0,11,corridor,,8.383982022625974
action,fit,79083,89095,S07_flat_loop_rich_C01,S07_flat_loop_rich_C01:edge_0050:d0,19,terminal,S07_flat_loop_rich_C01:node:node_0057,8.441187512491181
action,fit,81571,91583,S07_flat_loop_rich_C02,S07_flat_loop_rich_C02:edge_0017:d0,11,terminal,S07_flat_loop_rich_C02:node:node_0018,7.952841379116439
action,fit,81588,91600,S07_flat_loop_rich_C02,S07_flat_loop_rich_C02:edge_0017:d1,12,corridor,,8.107070621129335
action,fit,82893,92905,S07_flat_loop_rich_C02,S07_flat_loop_rich_C02:edge_0063:d1,11,corridor,,8.493063121236942
action,fit,83219,93231,S07_flat_loop_rich_C02,S07_flat_loop_rich_C02:edge_0077:d1,12,corridor,,8.520862575765213
action,fit,83929,93941,S07_flat_loop_rich_C02,S07_flat_loop_rich_C02:edge_0108:d1,12,corridor,,9.79186375342493
action,fit,83975,93987,S07_flat_loop_rich_C02,S07_flat_loop_rich_C02:edge_0110:d0,15,terminal,S07_flat_loop_rich_C02:node:node_0123,9.133995201657239
action,fit,83991,94003,S07_flat_loop_rich_C02,S07_flat_loop_rich_C02:edge_0110:d1,12,junction,S07_flat_loop_rich_C02:node:node_0105,9.271358955298753
action,fit,85153,95165,S07_flat_loop_rich_C03,S07_flat_loop_rich_C03:edge_0017:d1,12,corridor,,8.121062747709054
action,fit,87270,97282,S07_flat_loop_rich_C03,S07_flat_loop_rich_C03:edge_0113:d1,12,corridor,,8.509940270166194
action,fit,87576,97588,S07_flat_loop_rich_C04,S07_flat_loop_rich_C04:edge_0005:d1,12,corridor,,7.801173976637896
action,fit,87676,97688,S07_flat_loop_rich_C04,S07_flat_loop_rich_C04:edge_0008:d0,12,junction,S07_flat_loop_rich_C04:node:node_0010,10.866137567107645
action,fit,87695,97707,S07_flat_loop_rich_C04,S07_flat_loop_rich_C04:edge_0008:d1,13,terminal,S07_flat_loop_rich_C04:node:node_0008,10.115159483948599
action,fit,88212,98224,S07_flat_loop_rich_C04,S07_flat_loop_rich_C04:edge_0025:d0,12,corridor,,8.553006436094263
action,fit,88231,98243,S07_flat_loop_rich_C04,S07_flat_loop_rich_C04:edge_0025:d1,13,terminal,S07_flat_loop_rich_C04:node:node_0024,8.465385740696437
action,fit,90548,100560,S07_flat_loop_rich_C04,S07_flat_loop_rich_C04:edge_0114:d0,12,corridor,,8.09843790810727
action,fit,90564,100576,S07_flat_loop_rich_C04,S07_flat_loop_rich_C04:edge_0114:d1,12,terminal,S07_flat_loop_rich_C04:node:node_0111,7.827140073703281
action,fit,90687,100699,S07_flat_loop_rich_C04,S07_flat_loop_rich_C04:edge_0118:d0,11,junction,S07_flat_loop_rich_C04:node:node_0117,7.846437322984773
action,fit,90705,100717,S07_flat_loop_rich_C04,S07_flat_loop_rich_C04:edge_0118:d1,13,corridor,,7.805165428825986
action,fit,90761,100773,S07_flat_loop_rich_C04,S07_flat_loop_rich_C04:edge_0120:d0,13,terminal,S07_flat_loop_rich_C04:node:node_0118,12.072138503219854
action,fit,90777,100789,S07_flat_loop_rich_C04,S07_flat_loop_rich_C04:edge_0120:d1,12,junction,S07_flat_loop_rich_C04:node:node_0117,12.597822934067516
action,fit,91482,101494,S07_flat_loop_rich_C05,S07_flat_loop_rich_C05:edge_0041:d0,12,corridor,,7.78966509666996
action,fit,92943,102955,S07_flat_loop_rich_C05,S07_flat_loop_rich_C05:edge_0098:d0,13,junction,S07_flat_loop_rich_C05:node:node_0101,10.487030726467292
action,fit,92960,102972,S07_flat_loop_rich_C05,S07_flat_loop_rich_C05:edge_0098:d1,13,terminal,S07_flat_loop_rich_C05:node:node_0095,9.929989623396269
action,fit,93561,103573,S07_flat_loop_rich_C05,S07_flat_loop_rich_C05:edge_0123:d0,13,terminal,S07_flat_loop_rich_C05:node:node_0122,8.558142981647018
action,fit,93577,103589,S07_flat_loop_rich_C05,S07_flat_loop_rich_C05:edge_0123:d1,12,corridor,,8.177179240973075
action,fit,93943,103955,S07_flat_loop_rich_C06,S07_flat_loop_rich_C06:edge_0021:d0,11,terminal,S07_flat_loop_rich_C06:node:node_0022,8.524912355493404
action,fit,93959,103971,S07_flat_loop_rich_C06,S07_flat_loop_rich_C06:edge_0021:d1,12,corridor,,9.226354720249674
action,fit,96399,106411,S07_flat_loop_rich_C06,S07_flat_loop_rich_C06:edge_0117:d0,15,terminal,S07_flat_loop_rich_C06:node:node_0117,8.285574688509305
action,fit,96416,106428,S07_flat_loop_rich_C06,S07_flat_loop_rich_C06:edge_0117:d1,12,corridor,,8.991106011188151
action,fit,102593,115347,S08_3d_loop_rich_C01,S08_3d_loop_rich_C01:edge_0038:d0,17,terminal,S08_3d_loop_rich_C01:node:node_0042,8.694815127408363
action,fit,102609,115363,S08_3d_loop_rich_C01,S08_3d_loop_rich_C01:edge_0038:d1,12,corridor,,8.425573998265438
action,fit,104080,116834,S08_3d_loop_rich_C01,S08_3d_loop_rich_C01:edge_0091:d0,20,terminal,S08_3d_loop_rich_C01:node:node_0097,8.896386236046455
action,fit,104094,116848,S08_3d_loop_rich_C01,S08_3d_loop_rich_C01:edge_0091:d1,11,corridor,,9.048103403388671
action,fit,105142,117896,S08_3d_loop_rich_C01,S08_3d_loop_rich_C01:edge_0134:d0,22,terminal,S08_3d_loop_rich_C01:node:node_0133,9.087644650328524
action,fit,105156,117910,S08_3d_loop_rich_C01,S08_3d_loop_rich_C01:edge_0134:d1,11,corridor,,8.951188207392615
action,fit,105817,118571,S08_3d_loop_rich_C02,S08_3d_loop_rich_C02:edge_0019:d0,13,corridor,,9.147586966003118
action,fit,105835,118589,S08_3d_loop_rich_C02,S08_3d_loop_rich_C02:edge_0019:d1,13,terminal,S08_3d_loop_rich_C02:node:node_0017,8.738213777900247
action,fit,106123,118877,S08_3d_loop_rich_C02,S08_3d_loop_rich_C02:edge_0029:d0,19,junction,S08_3d_loop_rich_C02:node:node_0044,8.611332092260794
action,fit,106137,118891,S08_3d_loop_rich_C02,S08_3d_loop_rich_C02:edge_0029:d1,11,corridor,,9.775506596108126
action,fit,106820,119574,S08_3d_loop_rich_C02,S08_3d_loop_rich_C02:edge_0052:d0,18,terminal,S08_3d_loop_rich_C02:node:node_0061,8.542661996656491
action,fit,106838,119592,S08_3d_loop_rich_C02,S08_3d_loop_rich_C02:edge_0052:d1,13,corridor,,8.588063953060727
action,fit,108181,120935,S08_3d_loop_rich_C02,S08_3d_loop_rich_C02:edge_0116:d0,11,terminal,S08_3d_loop_rich_C02:node:node_0124,7.987419939850825
action,fit,108194,120948,S08_3d_loop_rich_C02,S08_3d_loop_rich_C02:edge_0116:d1,11,corridor,,9.990764111726602
action,fit,108261,121015,S08_3d_loop_rich_C02,S08_3d_loop_rich_C02:edge_0119:d1,11,corridor,,8.168948573347109
action,fit,108890,121644,S08_3d_loop_rich_C03,S08_3d_loop_rich_C03:edge_0017:d0,20,terminal,S08_3d_loop_rich_C03:node:node_0018,9.554136418986982
action,fit,108908,121662,S08_3d_loop_rich_C03,S08_3d_loop_rich_C03:edge_0017:d1,13,corridor,,8.271323639558911
action,fit,110186,122940,S08_3d_loop_rich_C03,S08_3d_loop_rich_C03:edge_0073:d0,14,corridor,,9.04662960980476
action,fit,110849,123603,S08_3d_loop_rich_C04,S08_3d_loop_rich_C04:edge_0000:d0,11,corridor,,8.410738025804596
action,fit,110878,123632,S08_3d_loop_rich_C04,S08_3d_loop_rich_C04:edge_0000:d1,18,terminal,S08_3d_loop_rich_C04:node:node_0000,8.292733168199586
action,fit,112554,125308,S08_3d_loop_rich_C04,S08_3d_loop_rich_C04:edge_0061:d0,16,terminal,S08_3d_loop_rich_C04:node:node_0064,8.475467338787734
action,fit,112569,125323,S08_3d_loop_rich_C04,S08_3d_loop_rich_C04:edge_0061:d1,11,corridor,,8.471437338683298
action,fit,113309,126063,S08_3d_loop_rich_C04,S08_3d_loop_rich_C04:edge_0088:d0,11,terminal,S08_3d_loop_rich_C04:node:node_0095,8.767685097660497
action,fit,113326,126080,S08_3d_loop_rich_C04,S08_3d_loop_rich_C04:edge_0088:d1,13,corridor,,9.16824234963176
action,fit,113769,126523,S08_3d_loop_rich_C04,S08_3d_loop_rich_C04:edge_0104:d1,14,corridor,,7.77198069155716
action,fit,114486,127240,S08_3d_loop_rich_C04,S08_3d_loop_rich_C04:edge_0127:d1,11,corridor,,8.174659917433816
action,fit,114500,127254,S08_3d_loop_rich_C05,S08_3d_loop_rich_C05:edge_0000:d0,12,corridor,,9.079605741673989
action,fit,116801,129555,S08_3d_loop_rich_C05,S08_3d_loop_rich_C05:edge_0116:d0,11,junction,S08_3d_loop_rich_C05:node:node_0116,9.479877241238434
action,fit,116813,129567,S08_3d_loop_rich_C05,S08_3d_loop_rich_C05:edge_0116:d1,11,terminal,S08_3d_loop_rich_C05:node:node_0113,8.52131081738153
action,fit,116975,129729,S08_3d_loop_rich_C05,S08_3d_loop_rich_C05:edge_0123:d0,11,corridor,,9.598471431204077
action,fit,116990,129744,S08_3d_loop_rich_C05,S08_3d_loop_rich_C05:edge_0123:d1,11,terminal,S08_3d_loop_rich_C05:node:node_0120,9.623380743016757
action,fit,117616,130370,S08_3d_loop_rich_C06,S08_3d_loop_rich_C06:edge_0021:d0,12,geometry_transition,S08_3d_loop_rich_C06:edge_0021:geometry_change_point:000,8.075152979524752
action,fit,117643,130397,S08_3d_loop_rich_C06,S08_3d_loop_rich_C06:edge_0021:d1,17,terminal,S08_3d_loop_rich_C06:node:node_0019,8.163204771815122
action,fit,118354,131108,S08_3d_loop_rich_C06,S08_3d_loop_rich_C06:edge_0046:d0,12,corridor,,9.564737903207975
action,fit,119718,132472,S08_3d_loop_rich_C06,S08_3d_loop_rich_C06:edge_0109:d0,12,corridor,,8.364617463397815
action,fit,119740,132494,S08_3d_loop_rich_C06,S08_3d_loop_rich_C06:edge_0109:d1,15,terminal,S08_3d_loop_rich_C06:node:node_0106,8.596540961782113
action,fit,120108,132862,S08_3d_loop_rich_C06,S08_3d_loop_rich_C06:edge_0120:d0,12,terminal,S08_3d_loop_rich_C06:node:node_0119,9.919198321375587
action,fit,120124,132878,S08_3d_loop_rich_C06,S08_3d_loop_rich_C06:edge_0120:d1,12,corridor,,9.938263964160633
action,fit,127387,143575,S09_flat_complex_C01,S09_flat_complex_C01:edge_0012:d0,11,corridor,,8.315679082741616
action,fit,127420,143608,S09_flat_complex_C01,S09_flat_complex_C01:edge_0012:d1,20,terminal,S09_flat_complex_C01:node:node_0012,8.172391559494857
action,fit,127458,143646,S09_flat_complex_C01,S09_flat_complex_C01:edge_0014:d0,12,corridor,,7.914578819217724
action,fit,127476,143664,S09_flat_complex_C01,S09_flat_complex_C01:edge_0014:d1,13,terminal,S09_flat_complex_C01:node:node_0014,7.821791070528013
action,fit,129819,146007,S09_flat_complex_C01,S09_flat_complex_C01:edge_0085:d0,13,terminal,S09_flat_complex_C01:node:node_0086,10.422151443885298
action,fit,129835,146023,S09_flat_complex_C01,S09_flat_complex_C01:edge_0085:d1,12,junction,S09_flat_complex_C01:node:node_0083,9.975275481309026
action,fit,131015,147203,S09_flat_complex_C01,S09_flat_complex_C01:edge_0127:d0,13,corridor,,7.992605423624339
action,fit,131539,147727,S09_flat_complex_C01,S09_flat_complex_C01:edge_0158:d0,13,terminal,S09_flat_complex_C01:node:node_0158,8.824674832410388
action,fit,131556,147744,S09_flat_complex_C01,S09_flat_complex_C01:edge_0158:d1,12,corridor,,9.65669355716449
action,fit,132482,148670,S09_flat_complex_C02,S09_flat_complex_C02:edge_0030:d0,12,corridor,,8.759825802786567
action,fit,133214,149402,S09_flat_complex_C02,S09_flat_complex_C02:edge_0064:d0,12,terminal,S09_flat_complex_C02:node:node_0064,8.25618009288153
action,fit,133231,149419,S09_flat_complex_C02,S09_flat_complex_C02:edge_0064:d1,12,corridor,,8.081843197819916
action,fit,135712,151900,S09_flat_complex_C03,S09_flat_complex_C03:edge_0024:d0,12,corridor,,8.218211910847522
action,fit,139507,155695,S09_flat_complex_C04,S09_flat_complex_C04:edge_0024:d1,12,corridor,,8.183174723906198
action,fit,139737,155925,S09_flat_complex_C04,S09_flat_complex_C04:edge_0033:d1,13,corridor,,7.76979695531346
action,fit,139949,156137,S09_flat_complex_C04,S09_flat_complex_C04:edge_0040:d0,15,terminal,S09_flat_complex_C04:node:node_0041,8.199621718882648
action,fit,139967,156155,S09_flat_complex_C04,S09_flat_complex_C04:edge_0040:d1,13,corridor,,8.074673593388201
action,fit,141382,157570,S09_flat_complex_C04,S09_flat_complex_C04:edge_0095:d0,12,corridor,,10.014577846677065
action,fit,141405,157593,S09_flat_complex_C04,S09_flat_complex_C04:edge_0095:d1,15,terminal,S09_flat_complex_C04:node:node_0092,10.001184015118465
action,fit,143879,160067,S09_flat_complex_C05,S09_flat_complex_C05:edge_0051:d0,11,terminal,S09_flat_complex_C05:node:node_0055,8.05132087730006
action,fit,143895,160083,S09_flat_complex_C05,S09_flat_complex_C05:edge_0051:d1,12,corridor,,8.252447899274854
action,fit,144103,160291,S09_flat_complex_C05,S09_flat_complex_C05:edge_0060:d1,12,corridor,,8.07922622802649
action,fit,144488,160676,S09_flat_complex_C05,S09_flat_complex_C05:edge_0076:d0,12,terminal,S09_flat_complex_C05:node:node_0078,10.309149343990999
action,fit,144502,160690,S09_flat_complex_C05,S09_flat_complex_C05:edge_0076:d1,11,junction,S09_flat_complex_C05:node:node_0070,10.406207753580489
action,fit,144855,161043,S09_flat_complex_C05,S09_flat_complex_C05:edge_0093:d0,11,corridor,,8.180295217747732
action,fit,145019,161207,S09_flat_complex_C05,S09_flat_complex_C05:edge_0099:d0,13,corridor,,8.095399454542376
action,fit,145562,161750,S09_flat_complex_C05,S09_flat_complex_C05:edge_0117:d0,12,corridor,,8.625365680205336
action,fit,146446,162634,S09_flat_complex_C05,S09_flat_complex_C05:edge_0145:d0,12,corridor,,8.202247117021427
action,fit,146465,162653,S09_flat_complex_C05,S09_flat_complex_C05:edge_0145:d1,13,terminal,S09_flat_complex_C05:node:node_0142,8.102641837655435
action,fit,148607,164795,S09_flat_complex_C06,S09_flat_complex_C06:edge_0075:d1,12,corridor,,7.809439627347712
action,fit,148989,165177,S09_flat_complex_C06,S09_flat_complex_C06:edge_0091:d0,11,corridor,,7.839399741380819
action,fit,150029,166217,S09_flat_complex_C06,S09_flat_complex_C06:edge_0138:d0,13,corridor,,8.653638825964737
action,fit,150051,166239,S09_flat_complex_C06,S09_flat_complex_C06:edge_0138:d1,15,terminal,S09_flat_complex_C06:node:node_0135,8.224283790666057
action,fit,162329,182431,S10_3d_complex_C02,S10_3d_complex_C02:edge_0057:d0,11,corridor,,8.028220559788577
action,fit,163098,183200,S10_3d_complex_C02,S10_3d_complex_C02:edge_0084:d0,18,terminal,S10_3d_complex_C02:node:node_0081,8.4752666973887
action,fit,163115,183217,S10_3d_complex_C02,S10_3d_complex_C02:edge_0084:d1,12,corridor,,9.018363029671871
action,fit,163859,183961,S10_3d_complex_C02,S10_3d_complex_C02:edge_0113:d1,11,terminal,S10_3d_complex_C02:node:node_0107,8.097030361552763
action,fit,164912,185014,S10_3d_complex_C02,S10_3d_complex_C02:edge_0165:d1,11,corridor,,8.448750320717723
action,fit,166415,186517,S10_3d_complex_C03,S10_3d_complex_C03:edge_0065:d0,13,corridor,,8.725826907447226
action,fit,166442,186544,S10_3d_complex_C03,S10_3d_complex_C03:edge_0065:d1,17,terminal,S10_3d_complex_C03:node:node_0057,8.683534727834083
action,fit,166618,186720,S10_3d_complex_C03,S10_3d_complex_C03:edge_0073:d0,12,corridor,,8.158179873280734
action,fit,168598,188700,S10_3d_complex_C03,S10_3d_complex_C03:edge_0163:d0,12,terminal,S10_3d_complex_C03:node:node_0161,8.240936814912692
action,fit,168615,188717,S10_3d_complex_C03,S10_3d_complex_C03:edge_0163:d1,12,corridor,,8.408644188976261
action,fit,171046,191148,S10_3d_complex_C04,S10_3d_complex_C04:edge_0102:d0,12,corridor,,7.96284051880163
action,fit,172189,192291,S10_3d_complex_C04,S10_3d_complex_C04:edge_0146:d0,17,terminal,S10_3d_complex_C04:node:node_0161,8.37031017318168
action,fit,172205,192307,S10_3d_complex_C04,S10_3d_complex_C04:edge_0146:d1,12,corridor,,8.293070973651258
action,fit,172467,192569,S10_3d_complex_C04,S10_3d_complex_C04:edge_0159:d1,11,corridor,,8.399887606550514
action,fit,172493,192595,S10_3d_complex_C04,S10_3d_complex_C04:edge_0160:d1,11,corridor,,8.195873368593533
action,fit,172627,192729,S10_3d_complex_C04,S10_3d_complex_C04:edge_0168:d0,13,corridor,,7.931312947876238
action,fit,173667,193769,S10_3d_complex_C05,S10_3d_complex_C05:edge_0045:d0,15,terminal,S10_3d_complex_C05:node:node_0053,8.587319868602853
action,fit,173681,193783,S10_3d_complex_C05,S10_3d_complex_C05:edge_0045:d1,11,corridor,,8.817429839294173
action,fit,175266,195368,S10_3d_complex_C05,S10_3d_complex_C05:edge_0105:d0,22,terminal,S10_3d_complex_C05:node:node_0104,8.713179322757064
action,fit,175282,195384,S10_3d_complex_C05,S10_3d_complex_C05:edge_0105:d1,12,corridor,,8.269430715093444
action,fit,176312,196414,S10_3d_complex_C05,S10_3d_complex_C05:edge_0159:d0,14,terminal,S10_3d_complex_C05:node:node_0165,7.781753347910768
action,fit,177081,197183,S10_3d_complex_C06,S10_3d_complex_C06:edge_0022:d0,11,terminal,S10_3d_complex_C06:node:node_0032,8.199191482586793
action,fit,177099,197201,S10_3d_complex_C06,S10_3d_complex_C06:edge_0022:d1,13,corridor,,7.997847619211225
action,fit,177684,197786,S10_3d_complex_C06,S10_3d_complex_C06:edge_0050:d0,12,corridor,,9.211308441287192
action,fit,177701,197803,S10_3d_complex_C06,S10_3d_complex_C06:edge_0050:d1,12,terminal,S10_3d_complex_C06:node:node_0044,10.139912535230687
action,fit,178368,198470,S10_3d_complex_C06,S10_3d_complex_C06:edge_0086:d0,12,terminal,S10_3d_complex_C06:node:node_0107,10.308445334164412
action,fit,178382,198484,S10_3d_complex_C06,S10_3d_complex_C06:edge_0086:d1,11,junction,S10_3d_complex_C06:node:node_0077,10.884941422484538
action,selection,7180,7180,S01_flat_tree_small_C07,S01_flat_tree_small_C07:edge_0000:d0,12,corridor,,8.395046009465565
action,selection,7259,7259,S01_flat_tree_small_C07,S01_flat_tree_small_C07:edge_0003:d1,13,terminal,S01_flat_tree_small_C07:node:node_0003,7.810441278880181
action,selection,8095,8095,S01_flat_tree_small_C07,S01_flat_tree_small_C07:edge_0048:d1,12,corridor,,8.459424102911699
action,selection,9276,9276,S01_flat_tree_small_C08,S01_flat_tree_small_C08:edge_0048:d1,12,corridor,,8.242502112868552
action,selection,17417,18891,S02_3d_tree_small_C07,S02_3d_tree_small_C07:edge_0000:d0,11,corridor,,8.383933769672705
action,selection,17914,19388,S02_3d_tree_small_C07,S02_3d_tree_small_C07:edge_0027:d1,12,corridor,,8.626109763032673
action,selection,19224,20698,S02_3d_tree_small_C08,S02_3d_tree_small_C08:edge_0032:d0,14,terminal,S02_3d_tree_small_C08:node:node_0036,9.210668155894231
action,selection,19241,20715,S02_3d_tree_small_C08,S02_3d_tree_small_C08:edge_0032:d1,12,corridor,,9.4903609026382
action,selection,19401,20875,S02_3d_tree_small_C08,S02_3d_tree_small_C08:edge_0038:d1,13,corridor,,9.001271178590617
action,selection,19623,21097,S02_3d_tree_small_C08,S02_3d_tree_small_C08:edge_0046:d0,17,terminal,S02_3d_tree_small_C08:node:node_0048,8.321126833211597
action,selection,19640,21114,S02_3d_tree_small_C08,S02_3d_tree_small_C08:edge_0046:d1,12,corridor,,8.703511050848183
action,selection,29578,32386,S03_flat_unicyclic_small_C07,S03_flat_unicyclic_small_C07:edge_0007:d0,12,corridor,,8.861618771865432
action,selection,29643,32451,S03_flat_unicyclic_small_C07,S03_flat_unicyclic_small_C07:edge_0010:d0,13,corridor,,7.941519398827417
action,selection,29659,32467,S03_flat_unicyclic_small_C07,S03_flat_unicyclic_small_C07:edge_0010:d1,12,terminal,S03_flat_unicyclic_small_C07:node:node_0010,8.291617017676328
action,selection,31620,34428,S03_flat_unicyclic_small_C08,S03_flat_unicyclic_small_C08:edge_0056:d0,12,corridor,,8.899839072245854
action,selection,31634,34442,S03_flat_unicyclic_small_C08,S03_flat_unicyclic_small_C08:edge_0056:d1,11,terminal,S03_flat_unicyclic_small_C08:node:node_0055,8.421713877685985
action,selection,41458,45732,S04_3d_unicyclic_small_C08,S04_3d_unicyclic_small_C08:edge_0016:d0,14,terminal,S04_3d_unicyclic_small_C08:node:node_0022,7.794266097173687
action,selection,41472,45746,S04_3d_unicyclic_small_C08,S04_3d_unicyclic_small_C08:edge_0016:d1,11,corridor,,7.91820290540981
action,selection,41630,45904,S04_3d_unicyclic_small_C08,S04_3d_unicyclic_small_C08:edge_0023:d0,12,terminal,S04_3d_unicyclic_small_C08:node:node_0024,8.341243411154117
action,selection,57788,63686,S05_flat_branch_medium_C07,S05_flat_branch_medium_C07:edge_0053:d0,12,corridor,,8.295570797214234
action,selection,57811,63709,S05_flat_branch_medium_C07,S05_flat_branch_medium_C07:edge_0053:d1,15,terminal,S05_flat_branch_medium_C07:node:node_0052,8.067904703484619
action,selection,58640,64538,S05_flat_branch_medium_C08,S05_flat_branch_medium_C08:edge_0007:d0,16,terminal,S05_flat_branch_medium_C08:node:node_0011,9.185756828703061
action,selection,58656,64554,S05_flat_branch_medium_C08,S05_flat_branch_medium_C08:edge_0007:d1,12,corridor,,8.353646919317026
action,selection,60514,66412,S05_flat_branch_medium_C08,S05_flat_branch_medium_C08:edge_0091:d0,12,corridor,,8.200459186278259
action,selection,60533,66431,S05_flat_branch_medium_C08,S05_flat_branch_medium_C08:edge_0091:d1,13,terminal,S05_flat_branch_medium_C08:node:node_0088,8.511119097768262
action,selection,60676,66574,S05_flat_branch_medium_C08,S05_flat_branch_medium_C08:edge_0095:d0,14,terminal,S05_flat_branch_medium_C08:node:node_0094,8.080201398819487
action,selection,60694,66592,S05_flat_branch_medium_C08,S05_flat_branch_medium_C08:edge_0095:d1,13,corridor,,7.820691649323131
action,selection,74997,82927,S06_3d_branch_medium_C07,S06_3d_branch_medium_C07:edge_0054:d1,13,corridor,,7.796878080690218
action,selection,75287,83217,S06_3d_branch_medium_C07,S06_3d_branch_medium_C07:edge_0068:d0,15,terminal,S06_3d_branch_medium_C07:node:node_0073,9.296150814490348
action,selection,75303,83233,S06_3d_branch_medium_C07,S06_3d_branch_medium_C07:edge_0068:d1,12,junction,S06_3d_branch_medium_C07:node:node_0065,8.685417221448274
action,selection,76495,84425,S06_3d_branch_medium_C08,S06_3d_branch_medium_C08:edge_0038:d0,13,junction,S06_3d_branch_medium_C08:node:node_0044,9.726306355755733
action,selection,76519,84449,S06_3d_branch_medium_C08,S06_3d_branch_medium_C08:edge_0038:d1,16,terminal,S06_3d_branch_medium_C08:node:node_0036,9.38806935325878
action,selection,76722,84652,S06_3d_branch_medium_C08,S06_3d_branch_medium_C08:edge_0045:d0,12,corridor,,8.141708929517984
action,selection,76745,84675,S06_3d_branch_medium_C08,S06_3d_branch_medium_C08:edge_0045:d1,15,terminal,S06_3d_branch_medium_C08:node:node_0042,8.250240662726382
action,selection,76945,84875,S06_3d_branch_medium_C08,S06_3d_branch_medium_C08:edge_0054:d0,11,terminal,S06_3d_branch_medium_C08:node:node_0062,8.14424836932221
action,selection,76961,84891,S06_3d_branch_medium_C08,S06_3d_branch_medium_C08:edge_0054:d1,12,corridor,,8.11144025967211
action,selection,77052,84982,S06_3d_branch_medium_C08,S06_3d_branch_medium_C08:edge_0058:d0,12,corridor,,8.173937099405036
action,selection,98019,108031,S07_flat_loop_rich_C07,S07_flat_loop_rich_C07:edge_0071:d0,21,terminal,S07_flat_loop_rich_C07:node:node_0084,8.051956250378984
action,selection,98036,108048,S07_flat_loop_rich_C07,S07_flat_loop_rich_C07:edge_0071:d1,12,turn,S07_flat_loop_rich_C07:edge_0071:turn:000,8.753083617922732
action,selection,98952,108964,S07_flat_loop_rich_C07,S07_flat_loop_rich_C07:edge_0110:d0,12,corridor,,10.111804116830033
action,selection,98970,108982,S07_flat_loop_rich_C07,S07_flat_loop_rich_C07:edge_0110:d1,13,terminal,S07_flat_loop_rich_C07:node:node_0106,9.633381701923735
action,selection,99907,109919,S07_flat_loop_rich_C08,S07_flat_loop_rich_C08:edge_0021:d0,11,corridor,,7.769970776067798
action,selection,99963,109975,S07_flat_loop_rich_C08,S07_flat_loop_rich_C08:edge_0023:d0,11,terminal,S07_flat_loop_rich_C08:node:node_0025,7.999203558025233
action,selection,99980,109992,S07_flat_loop_rich_C08,S07_flat_loop_rich_C08:edge_0023:d1,13,corridor,,7.876440792909481
action,selection,101769,111781,S07_flat_loop_rich_C08,S07_flat_loop_rich_C08:edge_0119:d0,13,terminal,S07_flat_loop_rich_C08:node:node_0117,8.731505810422027
action,selection,101786,111798,S07_flat_loop_rich_C08,S07_flat_loop_rich_C08:edge_0119:d1,12,corridor,,8.43296564729266
action,selection,101916,111928,S07_flat_loop_rich_C08,S07_flat_loop_rich_C08:edge_0123:d0,14,terminal,S07_flat_loop_rich_C08:node:node_0122,8.408632991001838
action,selection,101933,111945,S07_flat_loop_rich_C08,S07_flat_loop_rich_C08:edge_0123:d1,12,corridor,,7.977848297029888
action,selection,120698,133452,S08_3d_loop_rich_C07,S08_3d_loop_rich_C07:edge_0007:d0,12,corridor,,7.9697786642390955
action,selection,120953,133707,S08_3d_loop_rich_C07,S08_3d_loop_rich_C07:edge_0013:d1,12,corridor,,8.47637956957275
action,selection,121017,133771,S08_3d_loop_rich_C07,S08_3d_loop_rich_C07:edge_0015:d1,12,corridor,,7.833899986632863
action,selection,121670,134424,S08_3d_loop_rich_C07,S08_3d_loop_rich_C07:edge_0040:d1,13,terminal,S08_3d_loop_rich_C07:node:node_0038,7.988126400921283
action,selection,123465,136219,S08_3d_loop_rich_C07,S08_3d_loop_rich_C07:edge_0108:d0,11,corridor,,7.824543947172419
action,selection,123898,136652,S08_3d_loop_rich_C08,S08_3d_loop_rich_C08:edge_0000:d0,12,corridor,,9.441233165369107
action,selection,123921,136675,S08_3d_loop_rich_C08,S08_3d_loop_rich_C08:edge_0000:d1,15,terminal,S08_3d_loop_rich_C08:node:node_0000,10.086956105771733
action,selection,123938,136692,S08_3d_loop_rich_C08,S08_3d_loop_rich_C08:edge_0001:d0,12,corridor,,9.186615066344984
action,selection,123959,136713,S08_3d_loop_rich_C08,S08_3d_loop_rich_C08:edge_0001:d1,14,terminal,S08_3d_loop_rich_C08:node:node_0001,8.991226492172155
action,selection,125017,137771,S08_3d_loop_rich_C08,S08_3d_loop_rich_C08:edge_0042:d0,13,terminal,S08_3d_loop_rich_C08:node:node_0053,11.386000114013472
action,selection,125034,137788,S08_3d_loop_rich_C08,S08_3d_loop_rich_C08:edge_0042:d1,12,junction,S08_3d_loop_rich_C08:node:node_0037,9.970680835889059
action,selection,125519,138273,S08_3d_loop_rich_C08,S08_3d_loop_rich_C08:edge_0064:d0,11,terminal,S08_3d_loop_rich_C08:node:node_0073,8.379295553425983
action,selection,125537,138291,S08_3d_loop_rich_C08,S08_3d_loop_rich_C08:edge_0064:d1,13,corridor,,8.541603483419511
action,selection,126830,139584,S08_3d_loop_rich_C08,S08_3d_loop_rich_C08:edge_0121:d0,12,corridor,,8.887290341602807
action,selection,126843,139597,S08_3d_loop_rich_C08,S08_3d_loop_rich_C08:edge_0121:d1,11,terminal,S08_3d_loop_rich_C08:node:node_0119,8.39166779960205
action,selection,150639,166827,S09_flat_complex_C07,S09_flat_complex_C07:edge_0006:d0,11,terminal,S09_flat_complex_C07:node:node_0007,8.798158286138008
action,selection,150655,166843,S09_flat_complex_C07,S09_flat_complex_C07:edge_0006:d1,12,corridor,,9.262925588847663
action,selection,150897,167085,S09_flat_complex_C07,S09_flat_complex_C07:edge_0018:d0,11,corridor,,8.186051411142195
action,selection,150923,167111,S09_flat_complex_C07,S09_flat_complex_C07:edge_0018:d1,16,terminal,S09_flat_complex_C07:node:node_0017,8.335928813488389
action,selection,150993,167181,S09_flat_complex_C07,S09_flat_complex_C07:edge_0021:d1,13,corridor,,7.746411512090093
action,selection,153769,169957,S09_flat_complex_C07,S09_flat_complex_C07:edge_0138:d0,11,corridor,,8.145653396240231
action,selection,155584,171772,S09_flat_complex_C08,S09_flat_complex_C08:edge_0052:d0,12,corridor,,8.918505098912096
action,selection,155600,171788,S09_flat_complex_C08,S09_flat_complex_C08:edge_0052:d1,12,terminal,S09_flat_complex_C08:node:node_0050,8.984290779893971
action,selection,155801,171989,S09_flat_complex_C08,S09_flat_complex_C08:edge_0060:d0,19,terminal,S09_flat_complex_C08:node:node_0075,7.749587268207924
action,selection,155817,172005,S09_flat_complex_C08,S09_flat_complex_C08:edge_0060:d1,12,corridor,,8.230712136206506
action,selection,157036,173224,S09_flat_complex_C08,S09_flat_complex_C08:edge_0103:d0,12,terminal,S09_flat_complex_C08:node:node_0102,8.057056473884018
action,selection,157053,173241,S09_flat_complex_C08,S09_flat_complex_C08:edge_0103:d1,12,corridor,,8.169878248806977
action,selection,180091,200193,S10_3d_complex_C07,S10_3d_complex_C07:edge_0001:d1,13,junction,S10_3d_complex_C07:node:node_0000,8.449467841499763
action,selection,180148,200250,S10_3d_complex_C07,S10_3d_complex_C07:edge_0003:d1,11,corridor,,8.002638786439498
action,selection,180600,200702,S10_3d_complex_C07,S10_3d_complex_C07:edge_0023:d1,17,terminal,S10_3d_complex_C07:node:node_0022,8.625745586346794
action,selection,182683,202785,S10_3d_complex_C07,S10_3d_complex_C07:edge_0106:d1,13,corridor,,7.788493918421369
action,selection,183195,203297,S10_3d_complex_C07,S10_3d_complex_C07:edge_0125:d1,12,corridor,,8.15749836536554
action,selection,183208,203310,S10_3d_complex_C07,S10_3d_complex_C07:edge_0126:d0,12,geometry_transition,S10_3d_complex_C07:edge_0126:geometry_change_point:000,8.348152448858436
action,selection,183238,203340,S10_3d_complex_C07,S10_3d_complex_C07:edge_0126:d1,19,junction,S10_3d_complex_C07:node:node_0119,8.539572687709203
action,selection,183325,203427,S10_3d_complex_C07,S10_3d_complex_C07:edge_0129:d0,19,terminal,S10_3d_complex_C07:node:node_0144,9.26159342258143
action,selection,183341,203443,S10_3d_complex_C07,S10_3d_complex_C07:edge_0129:d1,12,corridor,,8.348429542146315
action,selection,183379,203481,S10_3d_complex_C07,S10_3d_complex_C07:edge_0131:d0,13,corridor,,8.93657239822681
action,selection,183399,203501,S10_3d_complex_C07,S10_3d_complex_C07:edge_0131:d1,14,terminal,S10_3d_complex_C07:node:node_0122,9.813980613543135
action,selection,183528,203630,S10_3d_complex_C07,S10_3d_complex_C07:edge_0136:d0,12,terminal,S10_3d_complex_C07:node:node_0147,8.490926596696422
action,selection,183545,203647,S10_3d_complex_C07,S10_3d_complex_C07:edge_0136:d1,12,corridor,,8.815516085172588
action,selection,183668,203770,S10_3d_complex_C07,S10_3d_complex_C07:edge_0143:d1,11,corridor,,8.250511745603296
action,selection,184179,204281,S10_3d_complex_C08,S10_3d_complex_C08:edge_0000:d0,11,corridor,,8.395955197716104
action,selection,184201,204303,S10_3d_complex_C08,S10_3d_complex_C08:edge_0000:d1,15,terminal,S10_3d_complex_C08:node:node_0000,8.02936526082316
action,selection,185483,205585,S10_3d_complex_C08,S10_3d_complex_C08:edge_0050:d0,11,junction,S10_3d_complex_C08:node:node_0052,8.427167973801565
action,selection,185497,205599,S10_3d_complex_C08,S10_3d_complex_C08:edge_0050:d1,12,terminal,S10_3d_complex_C08:node:node_0048,10.11321780559053
action,selection,185954,206056,S10_3d_complex_C08,S10_3d_complex_C08:edge_0066:d0,14,corridor,,8.098129076578969
action,selection,186353,206455,S10_3d_complex_C08,S10_3d_complex_C08:edge_0079:d0,11,junction,S10_3d_complex_C08:node:node_0079,8.977226954602871
action,selection,186365,206467,S10_3d_complex_C08,S10_3d_complex_C08:edge_0079:d1,11,corridor,,8.19084804074634
action,selection,187025,207127,S10_3d_complex_C08,S10_3d_complex_C08:edge_0105:d1,13,corridor,,8.409141523934085
action,selection,187980,208082,S10_3d_complex_C08,S10_3d_complex_C08:edge_0159:d0,16,terminal,S10_3d_complex_C08:node:node_0162,8.682228627246836
action,selection,187999,208101,S10_3d_complex_C08,S10_3d_complex_C08:edge_0159:d1,13,corridor,,8.786523451920969
action,selection,188102,208204,S10_3d_complex_C08,S10_3d_complex_C08:edge_0165:d0,16,terminal,S10_3d_complex_C08:node:node_0163,9.93988754719246
action,selection,188118,208220,S10_3d_complex_C08,S10_3d_complex_C08:edge_0165:d1,12,junction,S10_3d_complex_C08:node:node_0161,10.662808304394336
combined,fit,809,809,S01_flat_tree_small_C01,S01_flat_tree_small_C01:edge_0036:d0,13,terminal,S01_flat_tree_small_C01:node:node_0038,6.596805519354299
combined,fit,825,825,S01_flat_tree_small_C01,S01_flat_tree_small_C01:edge_0036:d1,12,corridor,,6.836129494598605
combined,fit,1631,1631,S01_flat_tree_small_C02,S01_flat_tree_small_C02:edge_0014:d1,11,corridor,,6.603778814122739
combined,fit,2495,2495,S01_flat_tree_small_C03,S01_flat_tree_small_C03:edge_0004:d0,11,corridor,,14.72556816665551
combined,fit,3523,3523,S01_flat_tree_small_C03,S01_flat_tree_small_C03:edge_0042:d0,13,corridor,,6.6981108791349735
combined,fit,3545,3545,S01_flat_tree_small_C03,S01_flat_tree_small_C03:edge_0042:d1,15,terminal,S01_flat_tree_small_C03:node:node_0041,6.535395775324486
combined,fit,4763,4763,S01_flat_tree_small_C04,S01_flat_tree_small_C04:edge_0053:d1,11,corridor,,6.578509016350276
combined,fit,10700,12174,S02_3d_tree_small_C01,S02_3d_tree_small_C01:edge_0054:d1,11,geometry_transition,S02_3d_tree_small_C01:node:node_0054,7.140505364332454
combined,fit,11064,12538,S02_3d_tree_small_C02,S02_3d_tree_small_C02:edge_0011:d1,11,corridor,,6.617369996712993
combined,fit,11928,13402,S02_3d_tree_small_C03,S02_3d_tree_small_C03:edge_0000:d0,12,corridor,,6.472074369040952
combined,fit,13139,14613,S02_3d_tree_small_C03,S02_3d_tree_small_C03:edge_0041:d0,11,corridor,,6.618915381006451
combined,fit,14299,15773,S02_3d_tree_small_C04,S02_3d_tree_small_C04:edge_0042:d1,12,corridor,,6.316119561678461
combined,fit,15297,16771,S02_3d_tree_small_C05,S02_3d_tree_small_C05:edge_0037:d0,11,corridor,,8.380484872311182
combined,fit,15323,16797,S02_3d_tree_small_C05,S02_3d_tree_small_C05:edge_0037:d1,18,junction,S02_3d_tree_small_C05:node:node_0035,10.948398840300214
combined,fit,16244,17718,S02_3d_tree_small_C06,S02_3d_tree_small_C06:edge_0013:d0,12,corridor,,7.767036239331541
combined,fit,16659,18133,S02_3d_tree_small_C06,S02_3d_tree_small_C06:edge_0031:d0,11,corridor,,10.46284007573643
combined,fit,16664,18138,S02_3d_tree_small_C06,S02_3d_tree_small_C06:edge_0031:d0,16,corridor,,15.197603610801597
combined,fit,20385,23193,S03_flat_unicyclic_small_C01,S03_flat_unicyclic_small_C01:edge_0027:d0,11,terminal,S03_flat_unicyclic_small_C01:node:node_0031,7.443997447899287
combined,fit,20397,23205,S03_flat_unicyclic_small_C01,S03_flat_unicyclic_small_C01:edge_0027:d1,11,junction,S03_flat_unicyclic_small_C01:node:node_0025,6.700949525869099
combined,fit,21439,24247,S03_flat_unicyclic_small_C02,S03_flat_unicyclic_small_C02:edge_0000:d0,11,corridor,,6.330207321632736
combined,fit,22433,25241,S03_flat_unicyclic_small_C02,S03_flat_unicyclic_small_C02:edge_0036:d1,13,corridor,,8.18175017823981
combined,fit,22572,25380,S03_flat_unicyclic_small_C02,S03_flat_unicyclic_small_C02:edge_0040:d1,18,corridor,,10.441780881147006
combined,fit,25477,28285,S03_flat_unicyclic_small_C04,S03_flat_unicyclic_small_C04:edge_0016:d0,13,corridor,,7.693266664203252
combined,fit,25495,28303,S03_flat_unicyclic_small_C04,S03_flat_unicyclic_small_C04:edge_0016:d1,13,terminal,S03_flat_unicyclic_small_C04:node:node_0015,7.342522258418713
combined,fit,27560,30368,S03_flat_unicyclic_small_C05,S03_flat_unicyclic_small_C05:edge_0042:d0,12,corridor,,6.435733398423072
combined,fit,34619,38893,S04_3d_unicyclic_small_C03,S04_3d_unicyclic_small_C03:edge_0007:d0,17,terminal,S04_3d_unicyclic_small_C03:node:node_0005,7.102465150824527
combined,fit,34638,38912,S04_3d_unicyclic_small_C03,S04_3d_unicyclic_small_C03:edge_0007:d1,14,corridor,,6.622451401087771
combined,fit,35207,39481,S04_3d_unicyclic_small_C03,S04_3d_unicyclic_small_C03:edge_0024:d1,11,corridor,,6.344219276834083
combined,fit,35315,39589,S04_3d_unicyclic_small_C03,S04_3d_unicyclic_small_C03:edge_0028:d1,15,geometry_transition,S04_3d_unicyclic_small_C03:edge_0028:geometry_change_point:000,24.60722428163082
combined,fit,35584,39858,S04_3d_unicyclic_small_C03,S04_3d_unicyclic_small_C03:edge_0039:d0,18,junction,S04_3d_unicyclic_small_C03:node:node_0045,11.457865987753179
combined,fit,35597,39871,S04_3d_unicyclic_small_C03,S04_3d_unicyclic_small_C03:edge_0039:d1,12,corridor,,7.242199234542847
combined,fit,36001,40275,S04_3d_unicyclic_small_C03,S04_3d_unicyclic_small_C03:edge_0053:d0,17,terminal,S04_3d_unicyclic_small_C03:node:node_0053,6.425254135703994
combined,fit,48119,54017,S05_flat_branch_medium_C03,S05_flat_branch_medium_C03:edge_0037:d0,11,junction,S05_flat_branch_medium_C03:node:node_0036,9.444761974005562
combined,fit,49419,55317,S05_flat_branch_medium_C03,S05_flat_branch_medium_C03:edge_0088:d0,19,terminal,S05_flat_branch_medium_C03:node:node_0090,6.602563140139694
combined,fit,49522,55420,S05_flat_branch_medium_C03,S05_flat_branch_medium_C03:edge_0091:d0,12,corridor,,7.017256651106894
combined,fit,49543,55441,S05_flat_branch_medium_C03,S05_flat_branch_medium_C03:edge_0091:d1,15,terminal,S05_flat_branch_medium_C03:node:node_0089,6.714491938661808
combined,fit,49583,55481,S05_flat_branch_medium_C04,S05_flat_branch_medium_C04:edge_0000:d0,11,corridor,,6.292068552763764
combined,fit,50043,55941,S05_flat_branch_medium_C04,S05_flat_branch_medium_C04:edge_0013:d0,19,junction,S05_flat_branch_medium_C04:node:node_0017,6.398709432979727
combined,fit,51031,56929,S05_flat_branch_medium_C04,S05_flat_branch_medium_C04:edge_0059:d0,11,terminal,S05_flat_branch_medium_C04:node:node_0061,7.682749004964214
combined,fit,51137,57035,S05_flat_branch_medium_C04,S05_flat_branch_medium_C04:edge_0063:d0,11,corridor,,7.298084668676305
combined,fit,61441,69371,S06_3d_branch_medium_C01,S06_3d_branch_medium_C01:edge_0023:d1,11,corridor,,6.710079978145799
combined,fit,62543,70473,S06_3d_branch_medium_C01,S06_3d_branch_medium_C01:edge_0089:d0,11,terminal,S06_3d_branch_medium_C01:node:node_0090,6.821702058590066
combined,fit,62559,70489,S06_3d_branch_medium_C01,S06_3d_branch_medium_C01:edge_0089:d1,12,corridor,,6.818516619846864
combined,fit,63839,71769,S06_3d_branch_medium_C02,S06_3d_branch_medium_C02:edge_0055:d0,17,junction,S06_3d_branch_medium_C02:node:node_0069,11.039759187721698
combined,fit,64400,72330,S06_3d_branch_medium_C02,S06_3d_branch_medium_C02:edge_0080:d0,12,corridor,,6.468069444777579
combined,fit,64418,72348,S06_3d_branch_medium_C02,S06_3d_branch_medium_C02:edge_0080:d1,13,terminal,S06_3d_branch_medium_C02:node:node_0079,6.674962171018145
combined,fit,65357,73287,S06_3d_branch_medium_C03,S06_3d_branch_medium_C03:edge_0047:d1,11,corridor,,6.2921275511633405
combined,fit,66730,74660,S06_3d_branch_medium_C04,S06_3d_branch_medium_C04:edge_0011:d1,13,turn,S06_3d_branch_medium_C04:edge_0011:turn:000,7.004361467922898
combined,fit,67799,75729,S06_3d_branch_medium_C04,S06_3d_branch_medium_C04:edge_0047:d1,12,junction,S06_3d_branch_medium_C04:node:node_0045,7.8917811796970865
combined,fit,67948,75878,S06_3d_branch_medium_C04,S06_3d_branch_medium_C04:edge_0052:d0,14,corridor,,7.020900774492259
combined,fit,67960,75890,S06_3d_branch_medium_C04,S06_3d_branch_medium_C04:edge_0052:d1,11,corridor,,6.5724610542438295
combined,fit,68159,76089,S06_3d_branch_medium_C04,S06_3d_branch_medium_C04:edge_0060:d0,11,corridor,,6.966993545482214
combined,fit,68171,76101,S06_3d_branch_medium_C04,S06_3d_branch_medium_C04:edge_0060:d1,11,corridor,,8.27413315891671
combined,fit,68708,76638,S06_3d_branch_medium_C04,S06_3d_branch_medium_C04:edge_0078:d0,20,terminal,S06_3d_branch_medium_C04:node:node_0084,6.319561843608038
combined,fit,68724,76654,S06_3d_branch_medium_C04,S06_3d_branch_medium_C04:edge_0078:d1,12,corridor,,6.697956326471541
combined,fit,68955,76885,S06_3d_branch_medium_C04,S06_3d_branch_medium_C04:edge_0085:d0,11,junction,S06_3d_branch_medium_C04:node:node_0086,7.208733782347536
combined,fit,69314,77244,S06_3d_branch_medium_C05,S06_3d_branch_medium_C05:edge_0000:d1,11,corridor,,10.191446764947838
combined,fit,69647,77577,S06_3d_branch_medium_C05,S06_3d_branch_medium_C05:edge_0013:d0,11,corridor,,24.644271071324194
combined,fit,69744,77674,S06_3d_branch_medium_C05,S06_3d_branch_medium_C05:edge_0016:d0,14,corridor,,6.995826876924838
combined,fit,70737,78667,S06_3d_branch_medium_C05,S06_3d_branch_medium_C05:edge_0061:d0,11,corridor,,6.402054529129335
combined,fit,70971,78901,S06_3d_branch_medium_C05,S06_3d_branch_medium_C05:edge_0072:d0,11,junction,S06_3d_branch_medium_C05:node:node_0073,7.29481390241349
combined,fit,71080,79010,S06_3d_branch_medium_C05,S06_3d_branch_medium_C05:edge_0076:d0,12,geometry_transition,S06_3d_branch_medium_C05:node:node_0078,7.982136037741989
combined,fit,71154,79084,S06_3d_branch_medium_C05,S06_3d_branch_medium_C05:edge_0078:d0,12,corridor,,7.561530791802815
combined,fit,72446,80376,S06_3d_branch_medium_C06,S06_3d_branch_medium_C06:edge_0036:d0,16,corridor,,6.860197652001363
combined,fit,72919,80849,S06_3d_branch_medium_C06,S06_3d_branch_medium_C06:edge_0057:d0,13,corridor,,7.420565359241832
combined,fit,72937,80867,S06_3d_branch_medium_C06,S06_3d_branch_medium_C06:edge_0057:d1,14,junction,S06_3d_branch_medium_C06:node:node_0054,6.391058009767162
combined,fit,73671,81601,S06_3d_branch_medium_C06,S06_3d_branch_medium_C06:edge_0089:d0,11,corridor,,6.623872790103487
combined,fit,80853,90865,S07_flat_loop_rich_C01,S07_flat_loop_rich_C01:edge_0115:d0,13,junction,S07_flat_loop_rich_C01:node:node_0114,12.93170797261848
combined,fit,80866,90878,S07_flat_loop_rich_C01,S07_flat_loop_rich_C01:edge_0115:d1,12,corridor,,12.499250489915422
combined,fit,83929,93941,S07_flat_loop_rich_C02,S07_flat_loop_rich_C02:edge_0108:d1,12,corridor,,6.95876777364635
combined,fit,83976,93988,S07_flat_loop_rich_C02,S07_flat_loop_rich_C02:edge_0110:d0,16,terminal,S07_flat_loop_rich_C02:node:node_0123,6.9129690150017895
combined,fit,83991,94003,S07_flat_loop_rich_C02,S07_flat_loop_rich_C02:edge_0110:d1,12,junction,S07_flat_loop_rich_C02:node:node_0105,7.628460099326008
combined,fit,86113,96125,S07_flat_loop_rich_C03,S07_flat_loop_rich_C03:edge_0054:d0,13,corridor,,6.655376786983781
combined,fit,86130,96142,S07_flat_loop_rich_C03,S07_flat_loop_rich_C03:edge_0054:d1,14,junction,S07_flat_loop_rich_C03:node:node_0052,7.297690507465212
combined,fit,87255,97267,S07_flat_loop_rich_C03,S07_flat_loop_rich_C03:edge_0113:d0,11,terminal,S07_flat_loop_rich_C03:node:node_0112,6.345715579233394
combined,fit,87270,97282,S07_flat_loop_rich_C03,S07_flat_loop_rich_C03:edge_0113:d1,12,corridor,,6.414548053021636
combined,fit,87676,97688,S07_flat_loop_rich_C04,S07_flat_loop_rich_C04:edge_0008:d0,12,junction,S07_flat_loop_rich_C04:node:node_0010,7.877034785186185
combined,fit,87695,97707,S07_flat_loop_rich_C04,S07_flat_loop_rich_C04:edge_0008:d1,13,terminal,S07_flat_loop_rich_C04:node:node_0008,7.309179967207642
combined,fit,89807,99819,S07_flat_loop_rich_C04,S07_flat_loop_rich_C04:edge_0090:d1,13,junction,S07_flat_loop_rich_C04:node:node_0088,8.710433032816518
combined,fit,90739,100751,S07_flat_loop_rich_C04,S07_flat_loop_rich_C04:edge_0119:d1,11,corridor,,6.4453714940525595
combined,fit,90761,100773,S07_flat_loop_rich_C04,S07_flat_loop_rich_C04:edge_0120:d0,13,terminal,S07_flat_loop_rich_C04:node:node_0118,8.706539586712099
combined,fit,90777,100789,S07_flat_loop_rich_C04,S07_flat_loop_rich_C04:edge_0120:d1,12,junction,S07_flat_loop_rich_C04:node:node_0117,9.220182621837157
combined,fit,92943,102955,S07_flat_loop_rich_C05,S07_flat_loop_rich_C05:edge_0098:d0,13,junction,S07_flat_loop_rich_C05:node:node_0101,8.575211040912324
combined,fit,92959,102971,S07_flat_loop_rich_C05,S07_flat_loop_rich_C05:edge_0098:d1,12,terminal,S07_flat_loop_rich_C05:node:node_0095,8.389271307061883
combined,fit,93959,103971,S07_flat_loop_rich_C06,S07_flat_loop_rich_C06:edge_0021:d1,12,corridor,,6.563405915387328
combined,fit,96094,106106,S07_flat_loop_rich_C06,S07_flat_loop_rich_C06:edge_0108:d0,14,corridor,,6.608176172579916
combined,fit,96100,106112,S07_flat_loop_rich_C06,S07_flat_loop_rich_C06:edge_0108:d0,20,corridor,,6.453675729244515
combined,fit,96416,106428,S07_flat_loop_rich_C06,S07_flat_loop_rich_C06:edge_0117:d1,12,corridor,,6.436316038904821
combined,fit,102592,115346,S08_3d_loop_rich_C01,S08_3d_loop_rich_C01:edge_0038:d0,16,terminal,S08_3d_loop_rich_C01:node:node_0042,6.606197007609417
combined,fit,103655,116409,S08_3d_loop_rich_C01,S08_3d_loop_rich_C01:edge_0078:d0,11,corridor,,22.645616530412166
combined,fit,103675,116429,S08_3d_loop_rich_C01,S08_3d_loop_rich_C01:edge_0078:d1,15,corridor,,21.626991410194123
combined,fit,104080,116834,S08_3d_loop_rich_C01,S08_3d_loop_rich_C01:edge_0091:d0,20,terminal,S08_3d_loop_rich_C01:node:node_0097,6.355633103680309
combined,fit,104094,116848,S08_3d_loop_rich_C01,S08_3d_loop_rich_C01:edge_0091:d1,11,corridor,,6.819632427580633
combined,fit,104201,116955,S08_3d_loop_rich_C01,S08_3d_loop_rich_C01:edge_0095:d0,11,corridor,,6.4475287382176605
combined,fit,105142,117896,S08_3d_loop_rich_C01,S08_3d_loop_rich_C01:edge_0134:d0,22,terminal,S08_3d_loop_rich_C01:node:node_0133,6.478590486108208
combined,fit,105156,117910,S08_3d_loop_rich_C01,S08_3d_loop_rich_C01:edge_0134:d1,11,corridor,,6.705880856043618
combined,fit,105247,118001,S08_3d_loop_rich_C02,S08_3d_loop_rich_C02:edge_0002:d0,11,corridor,,7.958164882602245
combined,fit,105623,118377,S08_3d_loop_rich_C02,S08_3d_loop_rich_C02:edge_0013:d0,21,corridor,,7.608377163868935
combined,fit,105639,118393,S08_3d_loop_rich_C02,S08_3d_loop_rich_C02:edge_0013:d1,13,corridor,,36.97707505263214
combined,fit,105663,118417,S08_3d_loop_rich_C02,S08_3d_loop_rich_C02:edge_0014:d0,13,corridor,,48.95563856666438
combined,fit,105817,118571,S08_3d_loop_rich_C02,S08_3d_loop_rich_C02:edge_0019:d0,13,corridor,,7.135116473393014
combined,fit,105834,118588,S08_3d_loop_rich_C02,S08_3d_loop_rich_C02:edge_0019:d1,12,terminal,S08_3d_loop_rich_C02:node:node_0017,6.757118474505322
combined,fit,105871,118625,S08_3d_loop_rich_C02,S08_3d_loop_rich_C02:edge_0020:d1,15,corridor,,6.679114535303928
combined,fit,105987,118741,S08_3d_loop_rich_C02,S08_3d_loop_rich_C02:edge_0024:d1,15,corridor,,6.8051879799665
combined,fit,106123,118877,S08_3d_loop_rich_C02,S08_3d_loop_rich_C02:edge_0029:d0,19,junction,S08_3d_loop_rich_C02:node:node_0044,7.92726195814386
combined,fit,106138,118892,S08_3d_loop_rich_C02,S08_3d_loop_rich_C02:edge_0029:d1,12,corridor,,7.91559300361659
combined,fit,106863,119617,S08_3d_loop_rich_C02,S08_3d_loop_rich_C02:edge_0053:d0,15,junction,S08_3d_loop_rich_C02:node:node_0057,17.601186725012138
combined,fit,106875,119629,S08_3d_loop_rich_C02,S08_3d_loop_rich_C02:edge_0053:d1,11,corridor,,11.546875167600307
combined,fit,107083,119837,S08_3d_loop_rich_C02,S08_3d_loop_rich_C02:edge_0061:d0,15,junction,S08_3d_loop_rich_C02:node:node_0072,8.123187445764845
combined,fit,107884,120638,S08_3d_loop_rich_C02,S08_3d_loop_rich_C02:edge_0101:d0,16,junction,S08_3d_loop_rich_C02:node:node_0108,18.826923673544673
combined,fit,107897,120651,S08_3d_loop_rich_C02,S08_3d_loop_rich_C02:edge_0101:d1,12,corridor,,20.256840806879786
combined,fit,108125,120879,S08_3d_loop_rich_C02,S08_3d_loop_rich_C02:edge_0114:d0,11,corridor,,17.16281058899777
combined,fit,108194,120948,S08_3d_loop_rich_C02,S08_3d_loop_rich_C02:edge_0116:d1,11,corridor,,7.284484239421129
combined,fit,108890,121644,S08_3d_loop_rich_C03,S08_3d_loop_rich_C03:edge_0017:d0,20,terminal,S08_3d_loop_rich_C03:node:node_0018,7.138496664604976
combined,fit,109005,121759,S08_3d_loop_rich_C03,S08_3d_loop_rich_C03:edge_0020:d0,11,corridor,,8.5865799067515
combined,fit,109023,121777,S08_3d_loop_rich_C03,S08_3d_loop_rich_C03:edge_0020:d1,14,corridor,,11.010062525841755
combined,fit,110186,122940,S08_3d_loop_rich_C03,S08_3d_loop_rich_C03:edge_0073:d0,14,corridor,,6.586663406890176
combined,fit,110198,122952,S08_3d_loop_rich_C03,S08_3d_loop_rich_C03:edge_0073:d1,11,junction,S08_3d_loop_rich_C03:node:node_0070,7.179830710103236
combined,fit,113197,125951,S08_3d_loop_rich_C04,S08_3d_loop_rich_C04:edge_0084:d0,11,junction,S08_3d_loop_rich_C04:node:node_0087,11.598929323021723
combined,fit,113325,126079,S08_3d_loop_rich_C04,S08_3d_loop_rich_C04:edge_0088:d1,12,corridor,,7.478678167186495
combined,fit,113386,126140,S08_3d_loop_rich_C04,S08_3d_loop_rich_C04:edge_0091:d0,12,corridor,,57.170880604479024
combined,fit,113402,126156,S08_3d_loop_rich_C04,S08_3d_loop_rich_C04:edge_0091:d1,11,corridor,,8.20096902605847
combined,fit,113407,126161,S08_3d_loop_rich_C04,S08_3d_loop_rich_C04:edge_0091:d1,16,corridor,,9.523187516029505
combined,fit,113602,126356,S08_3d_loop_rich_C04,S08_3d_loop_rich_C04:edge_0098:d0,12,junction,S08_3d_loop_rich_C04:node:node_0104,8.053310572436706
combined,fit,113738,126492,S08_3d_loop_rich_C04,S08_3d_loop_rich_C04:edge_0103:d1,11,corridor,,6.686588422593142
combined,fit,113752,126506,S08_3d_loop_rich_C04,S08_3d_loop_rich_C04:edge_0104:d0,12,junction,S08_3d_loop_rich_C04:node:node_0104,11.487468022321673
combined,fit,113769,126523,S08_3d_loop_rich_C04,S08_3d_loop_rich_C04:edge_0104:d1,14,corridor,,13.200441094443251
combined,fit,114500,127254,S08_3d_loop_rich_C05,S08_3d_loop_rich_C05:edge_0000:d0,12,corridor,,6.730980894048919
combined,fit,116231,128985,S08_3d_loop_rich_C05,S08_3d_loop_rich_C05:edge_0090:d1,13,junction,S08_3d_loop_rich_C05:node:node_0086,6.665635391872366
combined,fit,116801,129555,S08_3d_loop_rich_C05,S08_3d_loop_rich_C05:edge_0116:d0,11,junction,S08_3d_loop_rich_C05:node:node_0116,7.656560864394058
combined,fit,116813,129567,S08_3d_loop_rich_C05,S08_3d_loop_rich_C05:edge_0116:d1,11,terminal,S08_3d_loop_rich_C05:node:node_0113,6.888315725204823
combined,fit,116975,129729,S08_3d_loop_rich_C05,S08_3d_loop_rich_C05:edge_0123:d0,11,corridor,,6.855589503632742
combined,fit,116990,129744,S08_3d_loop_rich_C05,S08_3d_loop_rich_C05:edge_0123:d1,11,terminal,S08_3d_loop_rich_C05:node:node_0120,6.8728110750303415
combined,fit,118354,131108,S08_3d_loop_rich_C06,S08_3d_loop_rich_C06:edge_0046:d0,12,corridor,,6.920943240451785
combined,fit,119721,132475,S08_3d_loop_rich_C06,S08_3d_loop_rich_C06:edge_0109:d0,15,corridor,,7.296569244213634
combined,fit,119739,132493,S08_3d_loop_rich_C06,S08_3d_loop_rich_C06:edge_0109:d1,14,terminal,S08_3d_loop_rich_C06:node:node_0106,6.689317155055119
combined,fit,120108,132862,S08_3d_loop_rich_C06,S08_3d_loop_rich_C06:edge_0120:d0,12,terminal,S08_3d_loop_rich_C06:node:node_0119,7.054153242267386
combined,fit,120124,132878,S08_3d_loop_rich_C06,S08_3d_loop_rich_C06:edge_0120:d1,12,corridor,,7.246001021474593
combined,fit,129359,145547,S09_flat_complex_C01,S09_flat_complex_C01:edge_0072:d0,25,junction,S09_flat_complex_C01:node:node_0078,20.52083607777584
combined,fit,129818,146006,S09_flat_complex_C01,S09_flat_complex_C01:edge_0085:d0,12,terminal,S09_flat_complex_C01:node:node_0086,7.527750695199061
combined,fit,129836,146024,S09_flat_complex_C01,S09_flat_complex_C01:edge_0085:d1,13,junction,S09_flat_complex_C01:node:node_0083,7.767039632535503
combined,fit,130507,146695,S09_flat_complex_C01,S09_flat_complex_C01:edge_0109:d0,15,junction,S09_flat_complex_C01:node:node_0113,25.859187562828357
combined,fit,130520,146708,S09_flat_complex_C01,S09_flat_complex_C01:edge_0109:d1,12,corridor,,8.264669946387576
combined,fit,130898,147086,S09_flat_complex_C01,S09_flat_complex_C01:edge_0124:d0,12,terminal,S09_flat_complex_C01:node:node_0125,7.369814679280187
combined,fit,131539,147727,S09_flat_complex_C01,S09_flat_complex_C01:edge_0158:d0,13,terminal,S09_flat_complex_C01:node:node_0158,6.322701243166206
combined,fit,131556,147744,S09_flat_complex_C01,S09_flat_complex_C01:edge_0158:d1,12,corridor,,6.927327413242422
combined,fit,132083,148271,S09_flat_complex_C02,S09_flat_complex_C02:edge_0013:d1,11,corridor,,12.966307627377923
combined,fit,134435,150623,S09_flat_complex_C02,S09_flat_complex_C02:edge_0116:d0,11,corridor,,38.07916015901118
combined,fit,136753,152941,S09_flat_complex_C03,S09_flat_complex_C03:edge_0072:d1,19,junction,S09_flat_complex_C03:node:node_0068,8.808777828916687
combined,fit,137489,153677,S09_flat_complex_C03,S09_flat_complex_C03:edge_0108:d1,13,junction,S09_flat_complex_C03:node:node_0104,7.8526929322463745
combined,fit,138336,154524,S09_flat_complex_C03,S09_flat_complex_C03:edge_0145:d0,12,junction,S09_flat_complex_C03:node:node_0143,6.526272792537747
combined,fit,138348,154536,S09_flat_complex_C03,S09_flat_complex_C03:edge_0145:d1,11,corridor,,9.561879790736397
combined,fit,141072,157260,S09_flat_complex_C04,S09_flat_complex_C04:edge_0081:d0,12,junction,S09_flat_complex_C04:node:node_0082,10.07904474187143
combined,fit,141084,157272,S09_flat_complex_C04,S09_flat_complex_C04:edge_0081:d1,11,corridor,,8.708706499636984
combined,fit,141382,157570,S09_flat_complex_C04,S09_flat_complex_C04:edge_0095:d0,12,corridor,,7.167346878723685
combined,fit,141405,157593,S09_flat_complex_C04,S09_flat_complex_C04:edge_0095:d1,15,terminal,S09_flat_complex_C04:node:node_0092,7.24063136781208
combined,fit,142039,158227,S09_flat_complex_C04,S09_flat_complex_C04:edge_0123:d0,11,junction,S09_flat_complex_C04:node:node_0128,6.703340568531783
combined,fit,142052,158240,S09_flat_complex_C04,S09_flat_complex_C04:edge_0123:d1,11,corridor,,6.471910505697527
combined,fit,143965,160153,S09_flat_complex_C05,S09_flat_complex_C05:edge_0054:d1,11,junction,S09_flat_complex_C05:node:node_0047,7.284329667025219
combined,fit,144488,160676,S09_flat_complex_C05,S09_flat_complex_C05:edge_0076:d0,12,terminal,S09_flat_complex_C05:node:node_0078,7.675955577542432
combined,fit,144502,160690,S09_flat_complex_C05,S09_flat_complex_C05:edge_0076:d1,11,junction,S09_flat_complex_C05:node:node_0070,7.845221036189719
combined,fit,148801,164989,S09_flat_complex_C06,S09_flat_complex_C06:edge_0084:d0,11,junction,S09_flat_complex_C06:node:node_0083,13.103083140658468
combined,fit,148819,165007,S09_flat_complex_C06,S09_flat_complex_C06:edge_0084:d1,14,corridor,,6.487507510739324
combined,fit,160908,181010,S10_3d_complex_C02,S10_3d_complex_C02:edge_0001:d1,13,corridor,,6.296246874147268
combined,fit,161817,181919,S10_3d_complex_C02,S10_3d_complex_C02:edge_0041:d0,13,corridor,,19.831026645088254
combined,fit,162518,182620,S10_3d_complex_C02,S10_3d_complex_C02:edge_0063:d1,24,corridor,,20.80763898515683
combined,fit,163098,183200,S10_3d_complex_C02,S10_3d_complex_C02:edge_0084:d0,18,terminal,S10_3d_complex_C02:node:node_0081,6.466314681603994
combined,fit,163115,183217,S10_3d_complex_C02,S10_3d_complex_C02:edge_0084:d1,12,corridor,,6.852049475827703
combined,fit,163447,183549,S10_3d_complex_C02,S10_3d_complex_C02:edge_0095:d0,21,junction,S10_3d_complex_C02:node:node_0112,7.7485070636124895
combined,fit,163461,183563,S10_3d_complex_C02,S10_3d_complex_C02:edge_0095:d1,12,corridor,,8.051095496278107
combined,fit,164927,185029,S10_3d_complex_C03,S10_3d_complex_C03:edge_0000:d0,13,corridor,,18.944002590383537
combined,fit,166618,186720,S10_3d_complex_C03,S10_3d_complex_C03:edge_0073:d0,12,corridor,,6.49850961722301
combined,fit,166643,186745,S10_3d_complex_C03,S10_3d_complex_C03:edge_0074:d0,11,corridor,,6.717019127451571
combined,fit,166655,186757,S10_3d_complex_C03,S10_3d_complex_C03:edge_0074:d1,11,junction,S10_3d_complex_C03:node:node_0065,8.978229964133801
combined,fit,168217,188319,S10_3d_complex_C03,S10_3d_complex_C03:edge_0148:d1,18,junction,S10_3d_complex_C03:node:node_0144,6.384507578922485
combined,fit,171407,191509,S10_3d_complex_C04,S10_3d_complex_C04:edge_0116:d0,13,junction,S10_3d_complex_C04:node:node_0110,6.844472546440598
combined,fit,172270,192372,S10_3d_complex_C04,S10_3d_complex_C04:edge_0149:d0,14,junction,S10_3d_complex_C04:node:node_0145,10.814478823387757
combined,fit,172285,192387,S10_3d_complex_C04,S10_3d_complex_C04:edge_0149:d1,14,corridor,,8.211271212128352
combined,fit,172467,192569,S10_3d_complex_C04,S10_3d_complex_C04:edge_0159:d1,11,corridor,,6.4367147719533255
combined,fit,172481,192583,S10_3d_complex_C04,S10_3d_complex_C04:edge_0160:d0,13,junction,S10_3d_complex_C04:node:node_0159,7.203601121967131
combined,fit,172493,192595,S10_3d_complex_C04,S10_3d_complex_C04:edge_0160:d1,11,corridor,,6.7040038206933215
combined,fit,172625,192727,S10_3d_complex_C04,S10_3d_complex_C04:edge_0168:d0,11,corridor,,6.333429645680449
combined,fit,173451,193553,S10_3d_complex_C05,S10_3d_complex_C05:edge_0036:d0,17,corridor,,6.325035406328076
combined,fit,173463,193565,S10_3d_complex_C05,S10_3d_complex_C05:edge_0036:d1,11,corridor,,6.5643363505143775
combined,fit,173681,193783,S10_3d_complex_C05,S10_3d_complex_C05:edge_0045:d1,11,corridor,,6.314103576807928
combined,fit,175266,195368,S10_3d_complex_C05,S10_3d_complex_C05:edge_0105:d0,22,terminal,S10_3d_complex_C05:node:node_0104,7.068415156860789
combined,fit,175487,195589,S10_3d_complex_C05,S10_3d_complex_C05:edge_0117:d1,13,corridor,,6.767143270125027
combined,fit,176313,196415,S10_3d_complex_C05,S10_3d_complex_C05:edge_0159:d0,15,terminal,S10_3d_complex_C05:node:node_0165,6.943067405714178
combined,fit,176328,196430,S10_3d_complex_C05,S10_3d_complex_C05:edge_0159:d1,14,junction,S10_3d_complex_C05:node:node_0155,7.29603648558724
combined,fit,176713,196815,S10_3d_complex_C06,S10_3d_complex_C06:edge_0008:d1,15,junction,S10_3d_complex_C06:node:node_0006,8.137919161092997
combined,fit,177684,197786,S10_3d_complex_C06,S10_3d_complex_C06:edge_0050:d0,12,corridor,,6.7017826735838275
combined,fit,177701,197803,S10_3d_complex_C06,S10_3d_complex_C06:edge_0050:d1,12,terminal,S10_3d_complex_C06:node:node_0044,7.226057014460187
combined,fit,177877,197979,S10_3d_complex_C06,S10_3d_complex_C06:edge_0060:d0,11,corridor,,7.07297493805919
combined,fit,177889,197991,S10_3d_complex_C06,S10_3d_complex_C06:edge_0060:d1,11,junction,S10_3d_complex_C06:node:node_0054,9.549154359111888
combined,fit,177905,198007,S10_3d_complex_C06,S10_3d_complex_C06:edge_0061:d0,15,corridor,,9.936280550288954
combined,fit,178368,198470,S10_3d_complex_C06,S10_3d_complex_C06:edge_0086:d0,12,terminal,S10_3d_complex_C06:node:node_0107,7.371291724894623
combined,fit,178382,198484,S10_3d_complex_C06,S10_3d_complex_C06:edge_0086:d1,11,junction,S10_3d_complex_C06:node:node_0077,7.976415708499524
combined,selection,7243,7243,S01_flat_tree_small_C07,S01_flat_tree_small_C07:edge_0003:d0,11,junction,S01_flat_tree_small_C07:node:node_0010,6.489802742576248
combined,selection,17471,18945,S02_3d_tree_small_C07,S02_3d_tree_small_C07:edge_0002:d0,13,corridor,,21.421661268263314
combined,selection,17485,18959,S02_3d_tree_small_C07,S02_3d_tree_small_C07:edge_0002:d1,13,corridor,,12.05527164026365
combined,selection,19223,20697,S02_3d_tree_small_C08,S02_3d_tree_small_C08:edge_0032:d0,13,terminal,S02_3d_tree_small_C08:node:node_0036,6.718791096256975
combined,selection,19241,20715,S02_3d_tree_small_C08,S02_3d_tree_small_C08:edge_0032:d1,12,corridor,,6.866596660009561
combined,selection,19289,20763,S02_3d_tree_small_C08,S02_3d_tree_small_C08:edge_0034:d1,13,corridor,,9.55213551060646
combined,selection,19401,20875,S02_3d_tree_small_C08,S02_3d_tree_small_C08:edge_0038:d1,13,corridor,,6.787140608153856
combined,selection,19623,21097,S02_3d_tree_small_C08,S02_3d_tree_small_C08:edge_0046:d0,17,terminal,S02_3d_tree_small_C08:node:node_0048,6.372154052579514
combined,selection,19640,21114,S02_3d_tree_small_C08,S02_3d_tree_small_C08:edge_0046:d1,12,corridor,,6.743623884440313
combined,selection,29578,32386,S03_flat_unicyclic_small_C07,S03_flat_unicyclic_small_C07:edge_0007:d0,12,corridor,,6.296439365270796
combined,selection,31620,34428,S03_flat_unicyclic_small_C08,S03_flat_unicyclic_small_C08:edge_0056:d0,12,corridor,,6.306124011202072
combined,selection,41630,45904,S04_3d_unicyclic_small_C08,S04_3d_unicyclic_small_C08:edge_0023:d0,12,terminal,S04_3d_unicyclic_small_C08:node:node_0024,6.388938975904592
combined,selection,58640,64538,S05_flat_branch_medium_C08,S05_flat_branch_medium_C08:edge_0007:d0,16,terminal,S05_flat_branch_medium_C08:node:node_0011,6.634213616820767
combined,selection,59777,65675,S05_flat_branch_medium_C08,S05_flat_branch_medium_C08:edge_0066:d1,11,junction,S05_flat_branch_medium_C08:node:node_0062,7.373412628076565
combined,selection,74983,82913,S06_3d_branch_medium_C07,S06_3d_branch_medium_C07:edge_0054:d0,13,junction,S06_3d_branch_medium_C07:node:node_0058,26.979726803587102
combined,selection,74997,82927,S06_3d_branch_medium_C07,S06_3d_branch_medium_C07:edge_0054:d1,13,corridor,,6.634134737980636
combined,selection,75287,83217,S06_3d_branch_medium_C07,S06_3d_branch_medium_C07:edge_0068:d0,15,terminal,S06_3d_branch_medium_C07:node:node_0073,6.752852014003346
combined,selection,75303,83233,S06_3d_branch_medium_C07,S06_3d_branch_medium_C07:edge_0068:d1,12,junction,S06_3d_branch_medium_C07:node:node_0065,7.459414217839639
combined,selection,76495,84425,S06_3d_branch_medium_C08,S06_3d_branch_medium_C08:edge_0038:d0,13,junction,S06_3d_branch_medium_C08:node:node_0044,7.037167777458805
combined,selection,76518,84448,S06_3d_branch_medium_C08,S06_3d_branch_medium_C08:edge_0038:d1,15,terminal,S06_3d_branch_medium_C08:node:node_0036,6.841019788058384
combined,selection,76745,84675,S06_3d_branch_medium_C08,S06_3d_branch_medium_C08:edge_0045:d1,15,terminal,S06_3d_branch_medium_C08:node:node_0042,6.665246209925818
combined,selection,97763,107775,S07_flat_loop_rich_C07,S07_flat_loop_rich_C07:edge_0057:d0,11,corridor,,7.9115888151612035
combined,selection,97769,107781,S07_flat_loop_rich_C07,S07_flat_loop_rich_C07:edge_0057:d0,17,corridor,,9.030351035597684
combined,selection,98036,108048,S07_flat_loop_rich_C07,S07_flat_loop_rich_C07:edge_0071:d1,12,turn,S07_flat_loop_rich_C07:edge_0071:turn:000,6.569446782241805
combined,selection,98089,108101,S07_flat_loop_rich_C07,S07_flat_loop_rich_C07:edge_0074:d0,15,junction,S07_flat_loop_rich_C07:node:node_0080,12.58322849680458
combined,selection,98103,108115,S07_flat_loop_rich_C07,S07_flat_loop_rich_C07:edge_0074:d1,13,turn,S07_flat_loop_rich_C07:edge_0074:turn:000,8.522805401249585
combined,selection,98952,108964,S07_flat_loop_rich_C07,S07_flat_loop_rich_C07:edge_0110:d0,12,corridor,,7.248648620500863
combined,selection,98970,108982,S07_flat_loop_rich_C07,S07_flat_loop_rich_C07:edge_0110:d1,13,terminal,S07_flat_loop_rich_C07:node:node_0106,6.977802415720088
combined,selection,99026,109038,S07_flat_loop_rich_C07,S07_flat_loop_rich_C07:edge_0112:d0,16,corridor,,14.905491899492263
combined,selection,99042,109054,S07_flat_loop_rich_C07,S07_flat_loop_rich_C07:edge_0112:d1,13,junction,S07_flat_loop_rich_C07:node:node_0108,6.396778501082817
combined,selection,99077,109089,S07_flat_loop_rich_C07,S07_flat_loop_rich_C07:edge_0113:d1,14,junction,S07_flat_loop_rich_C07:node:node_0108,8.678420868298407
combined,selection,99806,109818,S07_flat_loop_rich_C08,S07_flat_loop_rich_C08:edge_0015:d1,14,corridor,,6.365924315890653
combined,selection,100423,110435,S07_flat_loop_rich_C08,S07_flat_loop_rich_C08:edge_0046:d0,15,corridor,,10.942014744059994
combined,selection,123898,136652,S08_3d_loop_rich_C08,S08_3d_loop_rich_C08:edge_0000:d0,12,corridor,,6.8528811605408375
combined,selection,123921,136675,S08_3d_loop_rich_C08,S08_3d_loop_rich_C08:edge_0000:d1,15,terminal,S08_3d_loop_rich_C08:node:node_0000,7.394577515786303
combined,selection,123938,136692,S08_3d_loop_rich_C08,S08_3d_loop_rich_C08:edge_0001:d0,12,corridor,,6.619304605807442
combined,selection,123960,136714,S08_3d_loop_rich_C08,S08_3d_loop_rich_C08:edge_0001:d1,15,terminal,S08_3d_loop_rich_C08:node:node_0001,6.513058531374218
combined,selection,125017,137771,S08_3d_loop_rich_C08,S08_3d_loop_rich_C08:edge_0042:d0,13,terminal,S08_3d_loop_rich_C08:node:node_0053,8.275953669313008
combined,selection,125034,137788,S08_3d_loop_rich_C08,S08_3d_loop_rich_C08:edge_0042:d1,12,junction,S08_3d_loop_rich_C08:node:node_0037,7.467385074502065
combined,selection,125537,138291,S08_3d_loop_rich_C08,S08_3d_loop_rich_C08:edge_0064:d1,13,corridor,,6.429487788008335
combined,selection,126081,138835,S08_3d_loop_rich_C08,S08_3d_loop_rich_C08:edge_0087:d1,11,corridor,,11.422890607814669
combined,selection,126144,138898,S08_3d_loop_rich_C08,S08_3d_loop_rich_C08:edge_0090:d1,11,junction,S08_3d_loop_rich_C08:node:node_0085,6.543942543519734
combined,selection,126830,139584,S08_3d_loop_rich_C08,S08_3d_loop_rich_C08:edge_0121:d0,12,corridor,,6.463462306482639
combined,selection,127042,139796,S08_3d_loop_rich_C08,S08_3d_loop_rich_C08:edge_0128:d0,16,corridor,,7.064461920438887
combined,selection,150655,166843,S09_flat_complex_C07,S09_flat_complex_C07:edge_0006:d1,12,corridor,,6.579397123746443
combined,selection,151763,167951,S09_flat_complex_C07,S09_flat_complex_C07:edge_0047:d1,18,junction,S09_flat_complex_C07:node:node_0045,7.0299341405088125
combined,selection,151953,168141,S09_flat_complex_C07,S09_flat_complex_C07:edge_0054:d0,21,junction,S09_flat_complex_C07:node:node_0057,6.990344589005497
combined,selection,152019,168207,S09_flat_complex_C07,S09_flat_complex_C07:edge_0056:d0,13,junction,S09_flat_complex_C07:node:node_0057,8.319510415658122
combined,selection,155387,171575,S09_flat_complex_C08,S09_flat_complex_C08:edge_0045:d1,13,corridor,,9.281392611765238
combined,selection,155584,171772,S09_flat_complex_C08,S09_flat_complex_C08:edge_0052:d0,12,corridor,,6.367346039834585
combined,selection,155600,171788,S09_flat_complex_C08,S09_flat_complex_C08:edge_0052:d1,12,terminal,S09_flat_complex_C08:node:node_0050,6.405377836896582
combined,selection,180148,200250,S10_3d_complex_C07,S10_3d_complex_C07:edge_0003:d1,11,corridor,,6.507751049795133
combined,selection,181373,201475,S10_3d_complex_C07,S10_3d_complex_C07:edge_0058:d0,11,corridor,,8.273897330053149
combined,selection,181385,201487,S10_3d_complex_C07,S10_3d_complex_C07:edge_0058:d1,11,junction,S10_3d_complex_C07:node:node_0055,6.499046759162531
combined,selection,181854,201956,S10_3d_complex_C07,S10_3d_complex_C07:edge_0077:d1,12,corridor,,8.292601441132279
combined,selection,183195,203297,S10_3d_complex_C07,S10_3d_complex_C07:edge_0125:d1,12,corridor,,6.41430994046363
combined,selection,183208,203310,S10_3d_complex_C07,S10_3d_complex_C07:edge_0126:d0,12,geometry_transition,S10_3d_complex_C07:edge_0126:geometry_change_point:000,6.863709532211339
combined,selection,183238,203340,S10_3d_complex_C07,S10_3d_complex_C07:edge_0126:d1,19,junction,S10_3d_complex_C07:node:node_0119,7.2204682250289505
combined,selection,183325,203427,S10_3d_complex_C07,S10_3d_complex_C07:edge_0129:d0,19,terminal,S10_3d_complex_C07:node:node_0144,6.61853331638707
combined,selection,183379,203481,S10_3d_complex_C07,S10_3d_complex_C07:edge_0131:d0,13,corridor,,6.373901100796931
combined,selection,183399,203501,S10_3d_complex_C07,S10_3d_complex_C07:edge_0131:d1,14,terminal,S10_3d_complex_C07:node:node_0122,6.97505679599904
combined,selection,183528,203630,S10_3d_complex_C07,S10_3d_complex_C07:edge_0136:d0,12,terminal,S10_3d_complex_C07:node:node_0147,6.440978963393456
combined,selection,183545,203647,S10_3d_complex_C07,S10_3d_complex_C07:edge_0136:d1,12,corridor,,6.9114500506414505
combined,selection,183959,204061,S10_3d_complex_C07,S10_3d_complex_C07:edge_0159:d1,11,corridor,,6.724905043926465
combined,selection,184525,204627,S10_3d_complex_C08,S10_3d_complex_C08:edge_0017:d1,14,junction,S10_3d_complex_C08:node:node_0015,6.331532771483937
combined,selection,184615,204717,S10_3d_complex_C08,S10_3d_complex_C08:edge_0021:d0,11,corridor,,20.140020479727667
combined,selection,184631,204733,S10_3d_complex_C08,S10_3d_complex_C08:edge_0021:d1,13,junction,S10_3d_complex_C08:node:node_0019,18.771999955662803
combined,selection,185483,205585,S10_3d_complex_C08,S10_3d_complex_C08:edge_0050:d0,11,junction,S10_3d_complex_C08:node:node_0052,6.6302218690744965
combined,selection,185497,205599,S10_3d_complex_C08,S10_3d_complex_C08:edge_0050:d1,12,terminal,S10_3d_complex_C08:node:node_0048,7.375531889599421
combined,selection,186353,206455,S10_3d_complex_C08,S10_3d_complex_C08:edge_0079:d0,11,junction,S10_3d_complex_C08:node:node_0079,8.786703551238192
combined,selection,186365,206467,S10_3d_complex_C08,S10_3d_complex_C08:edge_0079:d1,11,corridor,,15.923495463917218
combined,selection,187234,207336,S10_3d_complex_C08,S10_3d_complex_C08:edge_0117:d0,20,junction,S10_3d_complex_C08:node:node_0133,12.094815544060834
combined,selection,187980,208082,S10_3d_complex_C08,S10_3d_complex_C08:edge_0159:d0,16,terminal,S10_3d_complex_C08:node:node_0162,6.4535468262168205
combined,selection,187999,208101,S10_3d_complex_C08,S10_3d_complex_C08:edge_0159:d1,13,corridor,,6.627287823200821
combined,selection,188101,208203,S10_3d_complex_C08,S10_3d_complex_C08:edge_0165:d0,15,terminal,S10_3d_complex_C08:node:node_0163,7.507147531341643
combined,selection,188121,208223,S10_3d_complex_C08,S10_3d_complex_C08:edge_0165:d1,15,junction,S10_3d_complex_C08:node:node_0161,7.933096124531865
