threshold,region,selection,tp,fp,fn,ignored,output_count,precision,recall,f1
0.0,old,before,12,153,0,347,512,0.07272727272727272,1.0,0.13559322033898305
0.0,old,after,12,141,0,280,433,0.0784313725490196,1.0,0.14545454545454545
0.0,fixed,before,12,169,0,331,512,0.06629834254143646,1.0,0.12435233160621761
0.0,fixed,after,12,156,0,265,433,0.07142857142857142,1.0,0.13333333333333333
9.549694189408721e-20,old,before,12,153,0,347,512,0.07272727272727272,1.0,0.13559322033898305
9.549694189408721e-20,old,after,12,141,0,280,433,0.0784313725490196,1.0,0.14545454545454545
9.549694189408721e-20,fixed,before,12,169,0,331,512,0.06629834254143646,1.0,0.12435233160621761
9.549694189408721e-20,fixed,after,12,156,0,265,433,0.07142857142857142,1.0,0.13333333333333333
9.760247198220412e-20,old,before,12,153,0,346,511,0.07272727272727272,1.0,0.13559322033898305
9.760247198220412e-20,old,after,12,141,0,280,433,0.0784313725490196,1.0,0.14545454545454545
9.760247198220412e-20,fixed,before,12,169,0,330,511,0.06629834254143646,1.0,0.12435233160621761
9.760247198220412e-20,fixed,after,12,156,0,265,433,0.07142857142857142,1.0,0.13333333333333333
1.685847079641062e-19,old,before,12,153,0,345,510,0.07272727272727272,1.0,0.13559322033898305
1.685847079641062e-19,old,after,12,141,0,279,432,0.0784313725490196,1.0,0.14545454545454545
1.685847079641062e-19,fixed,before,12,169,0,329,510,0.06629834254143646,1.0,0.12435233160621761
1.685847079641062e-19,fixed,after,12,156,0,264,432,0.07142857142857142,1.0,0.13333333333333333
4.338940747970873e-19,old,before,12,153,0,344,509,0.07272727272727272,1.0,0.13559322033898305
4.338940747970873e-19,old,after,12,141,0,278,431,0.0784313725490196,1.0,0.14545454545454545
4.338940747970873e-19,fixed,before,12,169,0,328,509,0.06629834254143646,1.0,0.12435233160621761
4.338940747970873e-19,fixed,after,12,156,0,263,431,0.07142857142857142,1.0,0.13333333333333333
5.457135907729244e-19,old,before,12,153,0,343,508,0.07272727272727272,1.0,0.13559322033898305
5.457135907729244e-19,old,after,12,141,0,277,430,0.0784313725490196,1.0,0.14545454545454545
5.457135907729244e-19,fixed,before,12,169,0,327,508,0.06629834254143646,1.0,0.12435233160621761
5.457135907729244e-19,fixed,after,12,156,0,262,430,0.07142857142857142,1.0,0.13333333333333333
7.326869631937849e-19,old,before,12,153,0,342,507,0.07272727272727272,1.0,0.13559322033898305
7.326869631937849e-19,old,after,12,141,0,277,430,0.0784313725490196,1.0,0.14545454545454545
7.326869631937849e-19,fixed,before,12,169,0,326,507,0.06629834254143646,1.0,0.12435233160621761
7.326869631937849e-19,fixed,after,12,156,0,262,430,0.07142857142857142,1.0,0.13333333333333333
1.3284060518385892e-18,old,before,12,153,0,341,506,0.07272727272727272,1.0,0.13559322033898305
1.3284060518385892e-18,old,after,12,141,0,276,429,0.0784313725490196,1.0,0.14545454545454545
1.3284060518385892e-18,fixed,before,12,169,0,325,506,0.06629834254143646,1.0,0.12435233160621761
1.3284060518385892e-18,fixed,after,12,156,0,261,429,0.07142857142857142,1.0,0.13333333333333333
1.7114819755107515e-18,old,before,12,153,0,340,505,0.07272727272727272,1.0,0.13559322033898305
1.7114819755107515e-18,old,after,12,141,0,275,428,0.0784313725490196,1.0,0.14545454545454545
1.7114819755107515e-18,fixed,before,12,169,0,324,505,0.06629834254143646,1.0,0.12435233160621761
1.7114819755107515e-18,fixed,after,12,156,0,260,428,0.07142857142857142,1.0,0.13333333333333333
1.9474141521358826e-18,old,before,12,153,0,339,504,0.07272727272727272,1.0,0.13559322033898305
1.9474141521358826e-18,old,after,12,141,0,274,427,0.0784313725490196,1.0,0.14545454545454545
1.9474141521358826e-18,fixed,before,12,169,0,323,504,0.06629834254143646,1.0,0.12435233160621761
1.9474141521358826e-18,fixed,after,12,156,0,259,427,0.07142857142857142,1.0,0.13333333333333333
2.170103580744346e-18,old,before,12,153,0,338,503,0.07272727272727272,1.0,0.13559322033898305
2.170103580744346e-18,old,after,12,141,0,274,427,0.0784313725490196,1.0,0.14545454545454545
2.170103580744346e-18,fixed,before,12,169,0,322,503,0.06629834254143646,1.0,0.12435233160621761
2.170103580744346e-18,fixed,after,12,156,0,259,427,0.07142857142857142,1.0,0.13333333333333333
2.5173066458040383e-18,old,before,12,153,0,337,502,0.07272727272727272,1.0,0.13559322033898305
2.5173066458040383e-18,old,after,12,141,0,273,426,0.0784313725490196,1.0,0.14545454545454545
2.5173066458040383e-18,fixed,before,12,169,0,321,502,0.06629834254143646,1.0,0.12435233160621761
2.5173066458040383e-18,fixed,after,12,156,0,258,426,0.07142857142857142,1.0,0.13333333333333333
2.837537832630214e-18,old,before,12,153,0,336,501,0.07272727272727272,1.0,0.13559322033898305
2.837537832630214e-18,old,after,12,141,0,273,426,0.0784313725490196,1.0,0.14545454545454545
2.837537832630214e-18,fixed,before,12,169,0,320,501,0.06629834254143646,1.0,0.12435233160621761
2.837537832630214e-18,fixed,after,12,156,0,258,426,0.07142857142857142,1.0,0.13333333333333333
3.0238635743302338e-18,old,before,12,153,0,335,500,0.07272727272727272,1.0,0.13559322033898305
3.0238635743302338e-18,old,after,12,141,0,272,425,0.0784313725490196,1.0,0.14545454545454545
3.0238635743302338e-18,fixed,before,12,169,0,319,500,0.06629834254143646,1.0,0.12435233160621761
3.0238635743302338e-18,fixed,after,12,156,0,257,425,0.07142857142857142,1.0,0.13333333333333333
3.2792191925090287e-18,old,before,12,153,0,334,499,0.07272727272727272,1.0,0.13559322033898305
3.2792191925090287e-18,old,after,12,141,0,271,424,0.0784313725490196,1.0,0.14545454545454545
3.2792191925090287e-18,fixed,before,12,169,0,318,499,0.06629834254143646,1.0,0.12435233160621761
3.2792191925090287e-18,fixed,after,12,156,0,256,424,0.07142857142857142,1.0,0.13333333333333333
4.497815673862708e-18,old,before,12,152,0,334,498,0.07317073170731707,1.0,0.13636363636363635
4.497815673862708e-18,old,after,12,140,0,271,423,0.07894736842105263,1.0,0.14634146341463414
4.497815673862708e-18,fixed,before,12,168,0,318,498,0.06666666666666667,1.0,0.125
4.497815673862708e-18,fixed,after,12,155,0,256,423,0.0718562874251497,1.0,0.1340782122905028
5.8027815984906524e-18,old,before,12,152,0,333,497,0.07317073170731707,1.0,0.13636363636363635
5.8027815984906524e-18,old,after,12,140,0,270,422,0.07894736842105263,1.0,0.14634146341463414
5.8027815984906524e-18,fixed,before,12,168,0,317,497,0.06666666666666667,1.0,0.125
5.8027815984906524e-18,fixed,after,12,155,0,255,422,0.0718562874251497,1.0,0.1340782122905028
1.1549854237087084e-17,old,before,12,152,0,332,496,0.07317073170731707,1.0,0.13636363636363635
1.1549854237087084e-17,old,after,12,140,0,269,421,0.07894736842105263,1.0,0.14634146341463414
1.1549854237087084e-17,fixed,before,12,168,0,316,496,0.06666666666666667,1.0,0.125
1.1549854237087084e-17,fixed,after,12,155,0,254,421,0.0718562874251497,1.0,0.1340782122905028
2.092900787582271e-17,old,before,12,152,0,331,495,0.07317073170731707,1.0,0.13636363636363635
2.092900787582271e-17,old,after,12,140,0,268,420,0.07894736842105263,1.0,0.14634146341463414
2.092900787582271e-17,fixed,before,12,168,0,315,495,0.06666666666666667,1.0,0.125
2.092900787582271e-17,fixed,after,12,155,0,253,420,0.0718562874251497,1.0,0.1340782122905028
2.3621953916993196e-17,old,before,12,152,0,330,494,0.07317073170731707,1.0,0.13636363636363635
2.3621953916993196e-17,old,after,12,140,0,267,419,0.07894736842105263,1.0,0.14634146341463414
2.3621953916993196e-17,fixed,before,12,168,0,314,494,0.06666666666666667,1.0,0.125
2.3621953916993196e-17,fixed,after,12,155,0,252,419,0.0718562874251497,1.0,0.1340782122905028
2.8277384307084515e-17,old,before,12,152,0,329,493,0.07317073170731707,1.0,0.13636363636363635
2.8277384307084515e-17,old,after,12,140,0,266,418,0.07894736842105263,1.0,0.14634146341463414
2.8277384307084515e-17,fixed,before,12,168,0,313,493,0.06666666666666667,1.0,0.125
2.8277384307084515e-17,fixed,after,12,155,0,251,418,0.0718562874251497,1.0,0.1340782122905028
2.9016953257878376e-17,old,before,12,152,0,328,492,0.07317073170731707,1.0,0.13636363636363635
2.9016953257878376e-17,old,after,12,140,0,265,417,0.07894736842105263,1.0,0.14634146341463414
2.9016953257878376e-17,fixed,before,12,168,0,312,492,0.06666666666666667,1.0,0.125
2.9016953257878376e-17,fixed,after,12,155,0,250,417,0.0718562874251497,1.0,0.1340782122905028
3.7468164932104054e-17,old,before,12,152,0,327,491,0.07317073170731707,1.0,0.13636363636363635
3.7468164932104054e-17,old,after,12,140,0,264,416,0.07894736842105263,1.0,0.14634146341463414
3.7468164932104054e-17,fixed,before,12,168,0,311,491,0.06666666666666667,1.0,0.125
3.7468164932104054e-17,fixed,after,12,155,0,249,416,0.0718562874251497,1.0,0.1340782122905028
3.778710261524735e-17,old,before,12,152,0,326,490,0.07317073170731707,1.0,0.13636363636363635
3.778710261524735e-17,old,after,12,140,0,263,415,0.07894736842105263,1.0,0.14634146341463414
3.778710261524735e-17,fixed,before,12,168,0,310,490,0.06666666666666667,1.0,0.125
3.778710261524735e-17,fixed,after,12,155,0,248,415,0.0718562874251497,1.0,0.1340782122905028
3.98750719174537e-17,old,before,12,152,0,325,489,0.07317073170731707,1.0,0.13636363636363635
3.98750719174537e-17,old,after,12,140,0,262,414,0.07894736842105263,1.0,0.14634146341463414
3.98750719174537e-17,fixed,before,12,168,0,309,489,0.06666666666666667,1.0,0.125
3.98750719174537e-17,fixed,after,12,155,0,247,414,0.0718562874251497,1.0,0.1340782122905028
4.630885625211155e-17,old,before,12,152,0,324,488,0.07317073170731707,1.0,0.13636363636363635
4.630885625211155e-17,old,after,12,140,0,262,414,0.07894736842105263,1.0,0.14634146341463414
4.630885625211155e-17,fixed,before,12,168,0,308,488,0.06666666666666667,1.0,0.125
4.630885625211155e-17,fixed,after,12,155,0,247,414,0.0718562874251497,1.0,0.1340782122905028
5.0555283879603574e-17,old,before,12,152,0,323,487,0.07317073170731707,1.0,0.13636363636363635
5.0555283879603574e-17,old,after,12,140,0,261,413,0.07894736842105263,1.0,0.14634146341463414
5.0555283879603574e-17,fixed,before,12,168,0,307,487,0.06666666666666667,1.0,0.125
5.0555283879603574e-17,fixed,after,12,155,0,246,413,0.0718562874251497,1.0,0.1340782122905028
7.55274132776038e-17,old,before,12,152,0,322,486,0.07317073170731707,1.0,0.13636363636363635
7.55274132776038e-17,old,after,12,140,0,260,412,0.07894736842105263,1.0,0.14634146341463414
7.55274132776038e-17,fixed,before,12,168,0,306,486,0.06666666666666667,1.0,0.125
7.55274132776038e-17,fixed,after,12,155,0,245,412,0.0718562874251497,1.0,0.1340782122905028
7.794126527137644e-17,old,before,12,152,0,321,485,0.07317073170731707,1.0,0.13636363636363635
7.794126527137644e-17,old,after,12,140,0,259,411,0.07894736842105263,1.0,0.14634146341463414
7.794126527137644e-17,fixed,before,12,168,0,305,485,0.06666666666666667,1.0,0.125
7.794126527137644e-17,fixed,after,12,155,0,244,411,0.0718562874251497,1.0,0.1340782122905028
8.291995288176981e-17,old,before,12,152,0,320,484,0.07317073170731707,1.0,0.13636363636363635
8.291995288176981e-17,old,after,12,140,0,258,410,0.07894736842105263,1.0,0.14634146341463414
8.291995288176981e-17,fixed,before,12,168,0,304,484,0.06666666666666667,1.0,0.125
8.291995288176981e-17,fixed,after,12,155,0,243,410,0.0718562874251497,1.0,0.1340782122905028
8.911432467737521e-17,old,before,12,152,0,319,483,0.07317073170731707,1.0,0.13636363636363635
8.911432467737521e-17,old,after,12,140,0,257,409,0.07894736842105263,1.0,0.14634146341463414
8.911432467737521e-17,fixed,before,12,168,0,303,483,0.06666666666666667,1.0,0.125
8.911432467737521e-17,fixed,after,12,155,0,242,409,0.0718562874251497,1.0,0.1340782122905028
9.315084033518088e-17,old,before,12,152,0,318,482,0.07317073170731707,1.0,0.13636363636363635
9.315084033518088e-17,old,after,12,140,0,256,408,0.07894736842105263,1.0,0.14634146341463414
9.315084033518088e-17,fixed,before,12,168,0,302,482,0.06666666666666667,1.0,0.125
9.315084033518088e-17,fixed,after,12,155,0,241,408,0.0718562874251497,1.0,0.1340782122905028
1.0852117960539622e-16,old,before,12,152,0,317,481,0.07317073170731707,1.0,0.13636363636363635
1.0852117960539622e-16,old,after,12,140,0,255,407,0.07894736842105263,1.0,0.14634146341463414
1.0852117960539622e-16,fixed,before,12,168,0,301,481,0.06666666666666667,1.0,0.125
1.0852117960539622e-16,fixed,after,12,155,0,240,407,0.0718562874251497,1.0,0.1340782122905028
1.121913270437348e-16,old,before,12,152,0,316,480,0.07317073170731707,1.0,0.13636363636363635
1.121913270437348e-16,old,after,12,140,0,254,406,0.07894736842105263,1.0,0.14634146341463414
1.121913270437348e-16,fixed,before,12,168,0,300,480,0.06666666666666667,1.0,0.125
1.121913270437348e-16,fixed,after,12,155,0,239,406,0.0718562874251497,1.0,0.1340782122905028
1.2708965720409268e-16,old,before,12,152,0,315,479,0.07317073170731707,1.0,0.13636363636363635
1.2708965720409268e-16,old,after,12,140,0,253,405,0.07894736842105263,1.0,0.14634146341463414
1.2708965720409268e-16,fixed,before,12,168,0,299,479,0.06666666666666667,1.0,0.125
1.2708965720409268e-16,fixed,after,12,155,0,238,405,0.0718562874251497,1.0,0.1340782122905028
1.2820571575632882e-16,old,before,12,152,0,314,478,0.07317073170731707,1.0,0.13636363636363635
1.2820571575632882e-16,old,after,12,140,0,252,404,0.07894736842105263,1.0,0.14634146341463414
1.2820571575632882e-16,fixed,before,12,168,0,298,478,0.06666666666666667,1.0,0.125
1.2820571575632882e-16,fixed,after,12,155,0,237,404,0.0718562874251497,1.0,0.1340782122905028
1.4922133109664706e-16,old,before,12,152,0,313,477,0.07317073170731707,1.0,0.13636363636363635
1.4922133109664706e-16,old,after,12,140,0,251,403,0.07894736842105263,1.0,0.14634146341463414
1.4922133109664706e-16,fixed,before,12,168,0,297,477,0.06666666666666667,1.0,0.125
1.4922133109664706e-16,fixed,after,12,155,0,236,403,0.0718562874251497,1.0,0.1340782122905028
1.8523206334643678e-16,old,before,12,152,0,312,476,0.07317073170731707,1.0,0.13636363636363635
1.8523206334643678e-16,old,after,12,140,0,250,402,0.07894736842105263,1.0,0.14634146341463414
1.8523206334643678e-16,fixed,before,12,168,0,296,476,0.06666666666666667,1.0,0.125
1.8523206334643678e-16,fixed,after,12,155,0,235,402,0.0718562874251497,1.0,0.1340782122905028
1.9824799513042e-16,old,before,12,151,0,312,475,0.0736196319018405,1.0,0.13714285714285715
1.9824799513042e-16,old,after,12,139,0,250,401,0.07947019867549669,1.0,0.147239263803681
1.9824799513042e-16,fixed,before,12,167,0,296,475,0.0670391061452514,1.0,0.1256544502617801
1.9824799513042e-16,fixed,after,12,154,0,235,401,0.07228915662650602,1.0,0.1348314606741573
2.1470419093434594e-16,old,before,12,151,0,311,474,0.0736196319018405,1.0,0.13714285714285715
2.1470419093434594e-16,old,after,12,139,0,249,400,0.07947019867549669,1.0,0.147239263803681
2.1470419093434594e-16,fixed,before,12,167,0,295,474,0.0670391061452514,1.0,0.1256544502617801
2.1470419093434594e-16,fixed,after,12,154,0,234,400,0.07228915662650602,1.0,0.1348314606741573
2.818274227186314e-16,old,before,12,151,0,310,473,0.0736196319018405,1.0,0.13714285714285715
2.818274227186314e-16,old,after,12,139,0,248,399,0.07947019867549669,1.0,0.147239263803681
2.818274227186314e-16,fixed,before,12,167,0,294,473,0.0670391061452514,1.0,0.1256544502617801
2.818274227186314e-16,fixed,after,12,154,0,233,399,0.07228915662650602,1.0,0.1348314606741573
2.992938508959459e-16,old,before,12,151,0,309,472,0.0736196319018405,1.0,0.13714285714285715
2.992938508959459e-16,old,after,12,139,0,247,398,0.07947019867549669,1.0,0.147239263803681
2.992938508959459e-16,fixed,before,12,167,0,293,472,0.0670391061452514,1.0,0.1256544502617801
2.992938508959459e-16,fixed,after,12,154,0,232,398,0.07228915662650602,1.0,0.1348314606741573
3.847483314966925e-16,old,before,12,151,0,308,471,0.0736196319018405,1.0,0.13714285714285715
3.847483314966925e-16,old,after,12,139,0,247,398,0.07947019867549669,1.0,0.147239263803681
3.847483314966925e-16,fixed,before,12,167,0,292,471,0.0670391061452514,1.0,0.1256544502617801
3.847483314966925e-16,fixed,after,12,154,0,232,398,0.07228915662650602,1.0,0.1348314606741573
4.480934522290889e-16,old,before,12,151,0,307,470,0.0736196319018405,1.0,0.13714285714285715
4.480934522290889e-16,old,after,12,139,0,246,397,0.07947019867549669,1.0,0.147239263803681
4.480934522290889e-16,fixed,before,12,167,0,291,470,0.0670391061452514,1.0,0.1256544502617801
4.480934522290889e-16,fixed,after,12,154,0,231,397,0.07228915662650602,1.0,0.1348314606741573
4.906441523344087e-16,old,before,12,151,0,306,469,0.0736196319018405,1.0,0.13714285714285715
4.906441523344087e-16,old,after,12,139,0,246,397,0.07947019867549669,1.0,0.147239263803681
4.906441523344087e-16,fixed,before,12,167,0,290,469,0.0670391061452514,1.0,0.1256544502617801
4.906441523344087e-16,fixed,after,12,154,0,231,397,0.07228915662650602,1.0,0.1348314606741573
5.205416095758477e-16,old,before,12,151,0,305,468,0.0736196319018405,1.0,0.13714285714285715
5.205416095758477e-16,old,after,12,139,0,245,396,0.07947019867549669,1.0,0.147239263803681
5.205416095758477e-16,fixed,before,12,167,0,289,468,0.0670391061452514,1.0,0.1256544502617801
5.205416095758477e-16,fixed,after,12,154,0,230,396,0.07228915662650602,1.0,0.1348314606741573
5.725870725638554e-16,old,before,12,151,0,304,467,0.0736196319018405,1.0,0.13714285714285715
5.725870725638554e-16,old,after,12,139,0,244,395,0.07947019867549669,1.0,0.147239263803681
5.725870725638554e-16,fixed,before,12,167,0,288,467,0.0670391061452514,1.0,0.1256544502617801
5.725870725638554e-16,fixed,after,12,154,0,229,395,0.07228915662650602,1.0,0.1348314606741573
6.023917267580108e-16,old,before,12,150,0,304,466,0.07407407407407407,1.0,0.13793103448275862
6.023917267580108e-16,old,after,12,138,0,244,394,0.08,1.0,0.14814814814814814
6.023917267580108e-16,fixed,before,12,166,0,288,466,0.06741573033707865,1.0,0.12631578947368421
6.023917267580108e-16,fixed,after,12,153,0,229,394,0.07272727272727272,1.0,0.13559322033898305
6.038158009005821e-16,old,before,12,150,0,303,465,0.07407407407407407,1.0,0.13793103448275862
6.038158009005821e-16,old,after,12,138,0,243,393,0.08,1.0,0.14814814814814814
6.038158009005821e-16,fixed,before,12,166,0,287,465,0.06741573033707865,1.0,0.12631578947368421
6.038158009005821e-16,fixed,after,12,153,0,228,393,0.07272727272727272,1.0,0.13559322033898305
6.680904079436922e-16,old,before,12,150,0,302,464,0.07407407407407407,1.0,0.13793103448275862
6.680904079436922e-16,old,after,12,138,0,243,393,0.08,1.0,0.14814814814814814
6.680904079436922e-16,fixed,before,12,166,0,286,464,0.06741573033707865,1.0,0.12631578947368421
6.680904079436922e-16,fixed,after,12,153,0,228,393,0.07272727272727272,1.0,0.13559322033898305
1.0007899677299268e-15,old,before,12,149,0,302,463,0.07453416149068323,1.0,0.13872832369942195
1.0007899677299268e-15,old,after,12,138,0,243,393,0.08,1.0,0.14814814814814814
1.0007899677299268e-15,fixed,before,12,165,0,286,463,0.06779661016949153,1.0,0.12698412698412698
1.0007899677299268e-15,fixed,after,12,153,0,228,393,0.07272727272727272,1.0,0.13559322033898305
1.0413120239265725e-15,old,before,12,149,0,301,462,0.07453416149068323,1.0,0.13872832369942195
1.0413120239265725e-15,old,after,12,138,0,243,393,0.08,1.0,0.14814814814814814
1.0413120239265725e-15,fixed,before,12,165,0,285,462,0.06779661016949153,1.0,0.12698412698412698
1.0413120239265725e-15,fixed,after,12,153,0,228,393,0.07272727272727272,1.0,0.13559322033898305
1.0619230883903482e-15,old,before,12,149,0,300,461,0.07453416149068323,1.0,0.13872832369942195
1.0619230883903482e-15,old,after,12,138,0,242,392,0.08,1.0,0.14814814814814814
1.0619230883903482e-15,fixed,before,12,165,0,284,461,0.06779661016949153,1.0,0.12698412698412698
1.0619230883903482e-15,fixed,after,12,153,0,227,392,0.07272727272727272,1.0,0.13559322033898305
1.2449474265342157e-15,old,before,12,149,0,299,460,0.07453416149068323,1.0,0.13872832369942195
1.2449474265342157e-15,old,after,12,138,0,241,391,0.08,1.0,0.14814814814814814
1.2449474265342157e-15,fixed,before,12,165,0,283,460,0.06779661016949153,1.0,0.12698412698412698
1.2449474265342157e-15,fixed,after,12,153,0,226,391,0.07272727272727272,1.0,0.13559322033898305
1.6836589300812791e-15,old,before,12,149,0,298,459,0.07453416149068323,1.0,0.13872832369942195
1.6836589300812791e-15,old,after,12,138,0,240,390,0.08,1.0,0.14814814814814814
1.6836589300812791e-15,fixed,before,12,165,0,282,459,0.06779661016949153,1.0,0.12698412698412698
1.6836589300812791e-15,fixed,after,12,153,0,225,390,0.07272727272727272,1.0,0.13559322033898305
1.7105903426392296e-15,old,before,12,149,0,297,458,0.07453416149068323,1.0,0.13872832369942195
1.7105903426392296e-15,old,after,12,138,0,239,389,0.08,1.0,0.14814814814814814
1.7105903426392296e-15,fixed,before,12,165,0,281,458,0.06779661016949153,1.0,0.12698412698412698
1.7105903426392296e-15,fixed,after,12,153,0,224,389,0.07272727272727272,1.0,0.13559322033898305
1.8626881314503033e-15,old,before,12,149,0,296,457,0.07453416149068323,1.0,0.13872832369942195
1.8626881314503033e-15,old,after,12,138,0,239,389,0.08,1.0,0.14814814814814814
1.8626881314503033e-15,fixed,before,12,165,0,280,457,0.06779661016949153,1.0,0.12698412698412698
1.8626881314503033e-15,fixed,after,12,153,0,224,389,0.07272727272727272,1.0,0.13559322033898305
1.8848535013722906e-15,old,before,12,149,0,295,456,0.07453416149068323,1.0,0.13872832369942195
1.8848535013722906e-15,old,after,12,138,0,238,388,0.08,1.0,0.14814814814814814
1.8848535013722906e-15,fixed,before,12,165,0,279,456,0.06779661016949153,1.0,0.12698412698412698
1.8848535013722906e-15,fixed,after,12,153,0,223,388,0.07272727272727272,1.0,0.13559322033898305
1.9223734610456303e-15,old,before,12,149,0,294,455,0.07453416149068323,1.0,0.13872832369942195
1.9223734610456303e-15,old,after,12,138,0,238,388,0.08,1.0,0.14814814814814814
1.9223734610456303e-15,fixed,before,12,165,0,278,455,0.06779661016949153,1.0,0.12698412698412698
1.9223734610456303e-15,fixed,after,12,153,0,223,388,0.07272727272727272,1.0,0.13559322033898305
2.145094421779044e-15,old,before,12,149,0,293,454,0.07453416149068323,1.0,0.13872832369942195
2.145094421779044e-15,old,after,12,138,0,237,387,0.08,1.0,0.14814814814814814
2.145094421779044e-15,fixed,before,12,165,0,277,454,0.06779661016949153,1.0,0.12698412698412698
2.145094421779044e-15,fixed,after,12,153,0,222,387,0.07272727272727272,1.0,0.13559322033898305
2.359018945355222e-15,old,before,12,148,0,293,453,0.075,1.0,0.13953488372093023
2.359018945355222e-15,old,after,12,137,0,237,386,0.08053691275167785,1.0,0.14906832298136646
2.359018945355222e-15,fixed,before,12,164,0,277,453,0.06818181818181818,1.0,0.1276595744680851
2.359018945355222e-15,fixed,after,12,152,0,222,386,0.07317073170731707,1.0,0.13636363636363635
2.3670505117610874e-15,old,before,12,148,0,292,452,0.075,1.0,0.13953488372093023
2.3670505117610874e-15,old,after,12,137,0,236,385,0.08053691275167785,1.0,0.14906832298136646
2.3670505117610874e-15,fixed,before,12,164,0,276,452,0.06818181818181818,1.0,0.1276595744680851
2.3670505117610874e-15,fixed,after,12,152,0,221,385,0.07317073170731707,1.0,0.13636363636363635
2.404803193736685e-15,old,before,12,148,0,291,451,0.075,1.0,0.13953488372093023
2.404803193736685e-15,old,after,12,137,0,235,384,0.08053691275167785,1.0,0.14906832298136646
2.404803193736685e-15,fixed,before,12,164,0,275,451,0.06818181818181818,1.0,0.1276595744680851
2.404803193736685e-15,fixed,after,12,152,0,220,384,0.07317073170731707,1.0,0.13636363636363635
2.624798190687598e-15,old,before,12,148,0,290,450,0.075,1.0,0.13953488372093023
2.624798190687598e-15,old,after,12,137,0,234,383,0.08053691275167785,1.0,0.14906832298136646
2.624798190687598e-15,fixed,before,12,164,0,274,450,0.06818181818181818,1.0,0.1276595744680851
2.624798190687598e-15,fixed,after,12,152,0,219,383,0.07317073170731707,1.0,0.13636363636363635
2.6298194019989214e-15,old,before,12,148,0,289,449,0.075,1.0,0.13953488372093023
2.6298194019989214e-15,old,after,12,137,0,233,382,0.08053691275167785,1.0,0.14906832298136646
2.6298194019989214e-15,fixed,before,12,164,0,273,449,0.06818181818181818,1.0,0.1276595744680851
2.6298194019989214e-15,fixed,after,12,152,0,218,382,0.07317073170731707,1.0,0.13636363636363635
2.718852093876005e-15,old,before,12,148,0,288,448,0.075,1.0,0.13953488372093023
2.718852093876005e-15,old,after,12,137,0,233,382,0.08053691275167785,1.0,0.14906832298136646
2.718852093876005e-15,fixed,before,12,164,0,272,448,0.06818181818181818,1.0,0.1276595744680851
2.718852093876005e-15,fixed,after,12,152,0,218,382,0.07317073170731707,1.0,0.13636363636363635
2.7796991291584913e-15,old,before,12,148,0,287,447,0.075,1.0,0.13953488372093023
2.7796991291584913e-15,old,after,12,137,0,232,381,0.08053691275167785,1.0,0.14906832298136646
2.7796991291584913e-15,fixed,before,12,164,0,271,447,0.06818181818181818,1.0,0.1276595744680851
2.7796991291584913e-15,fixed,after,12,152,0,217,381,0.07317073170731707,1.0,0.13636363636363635
2.8923157593859763e-15,old,before,12,148,0,286,446,0.075,1.0,0.13953488372093023
2.8923157593859763e-15,old,after,12,137,0,231,380,0.08053691275167785,1.0,0.14906832298136646
2.8923157593859763e-15,fixed,before,12,164,0,270,446,0.06818181818181818,1.0,0.1276595744680851
2.8923157593859763e-15,fixed,after,12,152,0,216,380,0.07317073170731707,1.0,0.13636363636363635
2.927235751427719e-15,old,before,12,148,0,285,445,0.075,1.0,0.13953488372093023
2.927235751427719e-15,old,after,12,137,0,230,379,0.08053691275167785,1.0,0.14906832298136646
2.927235751427719e-15,fixed,before,12,164,0,269,445,0.06818181818181818,1.0,0.1276595744680851
2.927235751427719e-15,fixed,after,12,152,0,215,379,0.07317073170731707,1.0,0.13636363636363635
3.2048374591213966e-15,old,before,12,147,0,285,444,0.07547169811320754,1.0,0.14035087719298245
3.2048374591213966e-15,old,after,12,137,0,230,379,0.08053691275167785,1.0,0.14906832298136646
3.2048374591213966e-15,fixed,before,12,163,0,269,444,0.06857142857142857,1.0,0.12834224598930483
3.2048374591213966e-15,fixed,after,12,152,0,215,379,0.07317073170731707,1.0,0.13636363636363635
4.40112898382472e-15,old,before,12,147,0,284,443,0.07547169811320754,1.0,0.14035087719298245
4.40112898382472e-15,old,after,12,137,0,229,378,0.08053691275167785,1.0,0.14906832298136646
4.40112898382472e-15,fixed,before,12,163,0,268,443,0.06857142857142857,1.0,0.12834224598930483
4.40112898382472e-15,fixed,after,12,152,0,214,378,0.07317073170731707,1.0,0.13636363636363635
4.469004274987049e-15,old,before,12,147,0,283,442,0.07547169811320754,1.0,0.14035087719298245
4.469004274987049e-15,old,after,12,137,0,229,378,0.08053691275167785,1.0,0.14906832298136646
4.469004274987049e-15,fixed,before,12,163,0,267,442,0.06857142857142857,1.0,0.12834224598930483
4.469004274987049e-15,fixed,after,12,152,0,214,378,0.07317073170731707,1.0,0.13636363636363635
4.500534229415643e-15,old,before,12,147,0,282,441,0.07547169811320754,1.0,0.14035087719298245
4.500534229415643e-15,old,after,12,137,0,228,377,0.08053691275167785,1.0,0.14906832298136646
4.500534229415643e-15,fixed,before,12,163,0,266,441,0.06857142857142857,1.0,0.12834224598930483
4.500534229415643e-15,fixed,after,12,152,0,213,377,0.07317073170731707,1.0,0.13636363636363635
4.548862964770658e-15,old,before,12,147,0,281,440,0.07547169811320754,1.0,0.14035087719298245
4.548862964770658e-15,old,after,12,137,0,228,377,0.08053691275167785,1.0,0.14906832298136646
4.548862964770658e-15,fixed,before,12,163,0,265,440,0.06857142857142857,1.0,0.12834224598930483
4.548862964770658e-15,fixed,after,12,152,0,213,377,0.07317073170731707,1.0,0.13636363636363635
4.649830986149265e-15,old,before,12,147,0,280,439,0.07547169811320754,1.0,0.14035087719298245
4.649830986149265e-15,old,after,12,137,0,228,377,0.08053691275167785,1.0,0.14906832298136646
4.649830986149265e-15,fixed,before,12,163,0,264,439,0.06857142857142857,1.0,0.12834224598930483
4.649830986149265e-15,fixed,after,12,152,0,213,377,0.07317073170731707,1.0,0.13636363636363635
4.980307666784109e-15,old,before,12,147,0,279,438,0.07547169811320754,1.0,0.14035087719298245
4.980307666784109e-15,old,after,12,137,0,227,376,0.08053691275167785,1.0,0.14906832298136646
4.980307666784109e-15,fixed,before,12,163,0,263,438,0.06857142857142857,1.0,0.12834224598930483
4.980307666784109e-15,fixed,after,12,152,0,212,376,0.07317073170731707,1.0,0.13636363636363635
5.801174495748303e-15,old,before,12,147,0,278,437,0.07547169811320754,1.0,0.14035087719298245
5.801174495748303e-15,old,after,12,137,0,227,376,0.08053691275167785,1.0,0.14906832298136646
5.801174495748303e-15,fixed,before,12,163,0,262,437,0.06857142857142857,1.0,0.12834224598930483
5.801174495748303e-15,fixed,after,12,152,0,212,376,0.07317073170731707,1.0,0.13636363636363635
6.826751400371969e-15,old,before,12,147,0,277,436,0.07547169811320754,1.0,0.14035087719298245
6.826751400371969e-15,old,after,12,137,0,226,375,0.08053691275167785,1.0,0.14906832298136646
6.826751400371969e-15,fixed,before,12,163,0,261,436,0.06857142857142857,1.0,0.12834224598930483
6.826751400371969e-15,fixed,after,12,152,0,211,375,0.07317073170731707,1.0,0.13636363636363635
7.916360607676271e-15,old,before,12,147,0,276,435,0.07547169811320754,1.0,0.14035087719298245
7.916360607676271e-15,old,after,12,137,0,225,374,0.08053691275167785,1.0,0.14906832298136646
7.916360607676271e-15,fixed,before,12,163,0,260,435,0.06857142857142857,1.0,0.12834224598930483
7.916360607676271e-15,fixed,after,12,152,0,210,374,0.07317073170731707,1.0,0.13636363636363635
8.873177495224201e-15,old,before,12,147,0,275,434,0.07547169811320754,1.0,0.14035087719298245
8.873177495224201e-15,old,after,12,137,0,225,374,0.08053691275167785,1.0,0.14906832298136646
8.873177495224201e-15,fixed,before,12,163,0,259,434,0.06857142857142857,1.0,0.12834224598930483
8.873177495224201e-15,fixed,after,12,152,0,210,374,0.07317073170731707,1.0,0.13636363636363635
9.441341785253968e-15,old,before,12,147,0,274,433,0.07547169811320754,1.0,0.14035087719298245
9.441341785253968e-15,old,after,12,137,0,224,373,0.08053691275167785,1.0,0.14906832298136646
9.441341785253968e-15,fixed,before,12,163,0,258,433,0.06857142857142857,1.0,0.12834224598930483
9.441341785253968e-15,fixed,after,12,152,0,209,373,0.07317073170731707,1.0,0.13636363636363635
9.488025159108942e-15,old,before,12,147,0,273,432,0.07547169811320754,1.0,0.14035087719298245
9.488025159108942e-15,old,after,12,137,0,223,372,0.08053691275167785,1.0,0.14906832298136646
9.488025159108942e-15,fixed,before,12,163,0,257,432,0.06857142857142857,1.0,0.12834224598930483
9.488025159108942e-15,fixed,after,12,152,0,208,372,0.07317073170731707,1.0,0.13636363636363635
1.0159458859035006e-14,old,before,12,147,0,272,431,0.07547169811320754,1.0,0.14035087719298245
1.0159458859035006e-14,old,after,12,137,0,222,371,0.08053691275167785,1.0,0.14906832298136646
1.0159458859035006e-14,fixed,before,12,163,0,256,431,0.06857142857142857,1.0,0.12834224598930483
1.0159458859035006e-14,fixed,after,12,152,0,207,371,0.07317073170731707,1.0,0.13636363636363635
1.085382597600798e-14,old,before,12,147,0,271,430,0.07547169811320754,1.0,0.14035087719298245
1.085382597600798e-14,old,after,12,137,0,221,370,0.08053691275167785,1.0,0.14906832298136646
1.085382597600798e-14,fixed,before,12,163,0,255,430,0.06857142857142857,1.0,0.12834224598930483
1.085382597600798e-14,fixed,after,12,152,0,206,370,0.07317073170731707,1.0,0.13636363636363635
1.5181673057368048e-14,old,before,12,147,0,270,429,0.07547169811320754,1.0,0.14035087719298245
1.5181673057368048e-14,old,after,12,137,0,220,369,0.08053691275167785,1.0,0.14906832298136646
1.5181673057368048e-14,fixed,before,12,163,0,254,429,0.06857142857142857,1.0,0.12834224598930483
1.5181673057368048e-14,fixed,after,12,152,0,205,369,0.07317073170731707,1.0,0.13636363636363635
1.5284352085300108e-14,old,before,12,147,0,269,428,0.07547169811320754,1.0,0.14035087719298245
1.5284352085300108e-14,old,after,12,137,0,219,368,0.08053691275167785,1.0,0.14906832298136646
1.5284352085300108e-14,fixed,before,12,163,0,253,428,0.06857142857142857,1.0,0.12834224598930483
1.5284352085300108e-14,fixed,after,12,152,0,204,368,0.07317073170731707,1.0,0.13636363636363635
1.68476496452798e-14,old,before,12,146,0,269,427,0.0759493670886076,1.0,0.1411764705882353
1.68476496452798e-14,old,after,12,137,0,219,368,0.08053691275167785,1.0,0.14906832298136646
1.68476496452798e-14,fixed,before,12,162,0,253,427,0.06896551724137931,1.0,0.12903225806451613
1.68476496452798e-14,fixed,after,12,152,0,204,368,0.07317073170731707,1.0,0.13636363636363635
1.8014657758688886e-14,old,before,12,146,0,268,426,0.0759493670886076,1.0,0.1411764705882353
1.8014657758688886e-14,old,after,12,137,0,218,367,0.08053691275167785,1.0,0.14906832298136646
1.8014657758688886e-14,fixed,before,12,162,0,252,426,0.06896551724137931,1.0,0.12903225806451613
1.8014657758688886e-14,fixed,after,12,152,0,203,367,0.07317073170731707,1.0,0.13636363636363635
1.8704112084567785e-14,old,before,12,146,0,267,425,0.0759493670886076,1.0,0.1411764705882353
1.8704112084567785e-14,old,after,12,137,0,217,366,0.08053691275167785,1.0,0.14906832298136646
1.8704112084567785e-14,fixed,before,12,162,0,251,425,0.06896551724137931,1.0,0.12903225806451613
1.8704112084567785e-14,fixed,after,12,152,0,202,366,0.07317073170731707,1.0,0.13636363636363635
1.8955369161777723e-14,old,before,12,146,0,266,424,0.0759493670886076,1.0,0.1411764705882353
1.8955369161777723e-14,old,after,12,137,0,217,366,0.08053691275167785,1.0,0.14906832298136646
1.8955369161777723e-14,fixed,before,12,162,0,250,424,0.06896551724137931,1.0,0.12903225806451613
1.8955369161777723e-14,fixed,after,12,152,0,202,366,0.07317073170731707,1.0,0.13636363636363635
1.9014500531825546e-14,old,before,12,146,0,265,423,0.0759493670886076,1.0,0.1411764705882353
1.9014500531825546e-14,old,after,12,137,0,216,365,0.08053691275167785,1.0,0.14906832298136646
1.9014500531825546e-14,fixed,before,12,162,0,249,423,0.06896551724137931,1.0,0.12903225806451613
1.9014500531825546e-14,fixed,after,12,152,0,201,365,0.07317073170731707,1.0,0.13636363636363635
1.9252183059022786e-14,old,before,12,146,0,264,422,0.0759493670886076,1.0,0.1411764705882353
1.9252183059022786e-14,old,after,12,137,0,215,364,0.08053691275167785,1.0,0.14906832298136646
1.9252183059022786e-14,fixed,before,12,162,0,248,422,0.06896551724137931,1.0,0.12903225806451613
1.9252183059022786e-14,fixed,after,12,152,0,200,364,0.07317073170731707,1.0,0.13636363636363635
2.0979959170766213e-14,old,before,12,146,0,263,421,0.0759493670886076,1.0,0.1411764705882353
2.0979959170766213e-14,old,after,12,137,0,214,363,0.08053691275167785,1.0,0.14906832298136646
2.0979959170766213e-14,fixed,before,12,162,0,247,421,0.06896551724137931,1.0,0.12903225806451613
2.0979959170766213e-14,fixed,after,12,152,0,199,363,0.07317073170731707,1.0,0.13636363636363635
2.13704244187915e-14,old,before,12,146,0,262,420,0.0759493670886076,1.0,0.1411764705882353
2.13704244187915e-14,old,after,12,137,0,213,362,0.08053691275167785,1.0,0.14906832298136646
2.13704244187915e-14,fixed,before,12,162,0,246,420,0.06896551724137931,1.0,0.12903225806451613
2.13704244187915e-14,fixed,after,12,152,0,198,362,0.07317073170731707,1.0,0.13636363636363635
2.2067854406901746e-14,old,before,12,146,0,261,419,0.0759493670886076,1.0,0.1411764705882353
2.2067854406901746e-14,old,after,12,137,0,212,361,0.08053691275167785,1.0,0.14906832298136646
2.2067854406901746e-14,fixed,before,12,162,0,245,419,0.06896551724137931,1.0,0.12903225806451613
2.2067854406901746e-14,fixed,after,12,152,0,197,361,0.07317073170731707,1.0,0.13636363636363635
2.3631363725118253e-14,old,before,12,146,0,260,418,0.0759493670886076,1.0,0.1411764705882353
2.3631363725118253e-14,old,after,12,137,0,211,360,0.08053691275167785,1.0,0.14906832298136646
2.3631363725118253e-14,fixed,before,12,162,0,244,418,0.06896551724137931,1.0,0.12903225806451613
2.3631363725118253e-14,fixed,after,12,152,0,196,360,0.07317073170731707,1.0,0.13636363636363635
2.3822112156708132e-14,old,before,12,146,0,259,417,0.0759493670886076,1.0,0.1411764705882353
2.3822112156708132e-14,old,after,12,137,0,210,359,0.08053691275167785,1.0,0.14906832298136646
2.3822112156708132e-14,fixed,before,12,162,0,243,417,0.06896551724137931,1.0,0.12903225806451613
2.3822112156708132e-14,fixed,after,12,152,0,195,359,0.07317073170731707,1.0,0.13636363636363635
2.3921233646261725e-14,old,before,12,146,0,258,416,0.0759493670886076,1.0,0.1411764705882353
2.3921233646261725e-14,old,after,12,137,0,209,358,0.08053691275167785,1.0,0.14906832298136646
2.3921233646261725e-14,fixed,before,12,162,0,242,416,0.06896551724137931,1.0,0.12903225806451613
2.3921233646261725e-14,fixed,after,12,152,0,194,358,0.07317073170731707,1.0,0.13636363636363635
3.21454864951002e-14,old,before,12,146,0,257,415,0.0759493670886076,1.0,0.1411764705882353
3.21454864951002e-14,old,after,12,137,0,208,357,0.08053691275167785,1.0,0.14906832298136646
3.21454864951002e-14,fixed,before,12,162,0,241,415,0.06896551724137931,1.0,0.12903225806451613
3.21454864951002e-14,fixed,after,12,152,0,193,357,0.07317073170731707,1.0,0.13636363636363635
3.390884307282599e-14,old,before,12,146,0,256,414,0.0759493670886076,1.0,0.1411764705882353
3.390884307282599e-14,old,after,12,137,0,207,356,0.08053691275167785,1.0,0.14906832298136646
3.390884307282599e-14,fixed,before,12,162,0,240,414,0.06896551724137931,1.0,0.12903225806451613
3.390884307282599e-14,fixed,after,12,152,0,192,356,0.07317073170731707,1.0,0.13636363636363635
4.196170049885345e-14,old,before,12,146,0,255,413,0.0759493670886076,1.0,0.1411764705882353
4.196170049885345e-14,old,after,12,137,0,206,355,0.08053691275167785,1.0,0.14906832298136646
4.196170049885345e-14,fixed,before,12,162,0,239,413,0.06896551724137931,1.0,0.12903225806451613
4.196170049885345e-14,fixed,after,12,152,0,191,355,0.07317073170731707,1.0,0.13636363636363635
4.721814641215662e-14,old,before,12,146,0,254,412,0.0759493670886076,1.0,0.1411764705882353
4.721814641215662e-14,old,after,12,137,0,205,354,0.08053691275167785,1.0,0.14906832298136646
4.721814641215662e-14,fixed,before,12,162,0,238,412,0.06896551724137931,1.0,0.12903225806451613
4.721814641215662e-14,fixed,after,12,152,0,190,354,0.07317073170731707,1.0,0.13636363636363635
5.002521021122558e-14,old,before,12,146,0,253,411,0.0759493670886076,1.0,0.1411764705882353
5.002521021122558e-14,old,after,12,137,0,204,353,0.08053691275167785,1.0,0.14906832298136646
5.002521021122558e-14,fixed,before,12,162,0,237,411,0.06896551724137931,1.0,0.12903225806451613
5.002521021122558e-14,fixed,after,12,152,0,189,353,0.07317073170731707,1.0,0.13636363636363635
5.142186589729425e-14,old,before,12,145,0,253,410,0.07643312101910828,1.0,0.14201183431952663
5.142186589729425e-14,old,after,12,136,0,204,352,0.08108108108108109,1.0,0.15
5.142186589729425e-14,fixed,before,12,161,0,237,410,0.06936416184971098,1.0,0.12972972972972974
5.142186589729425e-14,fixed,after,12,151,0,189,352,0.0736196319018405,1.0,0.13714285714285715
6.11446996008104e-14,old,before,12,145,0,252,409,0.07643312101910828,1.0,0.14201183431952663
6.11446996008104e-14,old,after,12,136,0,203,351,0.08108108108108109,1.0,0.15
6.11446996008104e-14,fixed,before,12,161,0,236,409,0.06936416184971098,1.0,0.12972972972972974
6.11446996008104e-14,fixed,after,12,151,0,188,351,0.0736196319018405,1.0,0.13714285714285715
6.491350154885084e-14,old,before,12,145,0,251,408,0.07643312101910828,1.0,0.14201183431952663
6.491350154885084e-14,old,after,12,136,0,202,350,0.08108108108108109,1.0,0.15
6.491350154885084e-14,fixed,before,12,161,0,235,408,0.06936416184971098,1.0,0.12972972972972974
6.491350154885084e-14,fixed,after,12,151,0,187,350,0.0736196319018405,1.0,0.13714285714285715
6.566915658175534e-14,old,before,12,145,0,250,407,0.07643312101910828,1.0,0.14201183431952663
6.566915658175534e-14,old,after,12,136,0,201,349,0.08108108108108109,1.0,0.15
6.566915658175534e-14,fixed,before,12,161,0,234,407,0.06936416184971098,1.0,0.12972972972972974
6.566915658175534e-14,fixed,after,12,151,0,186,349,0.0736196319018405,1.0,0.13714285714285715
6.752949165567818e-14,old,before,12,145,0,249,406,0.07643312101910828,1.0,0.14201183431952663
6.752949165567818e-14,old,after,12,136,0,200,348,0.08108108108108109,1.0,0.15
6.752949165567818e-14,fixed,before,12,161,0,233,406,0.06936416184971098,1.0,0.12972972972972974
6.752949165567818e-14,fixed,after,12,151,0,185,348,0.0736196319018405,1.0,0.13714285714285715
7.422367435299185e-14,old,before,12,145,0,248,405,0.07643312101910828,1.0,0.14201183431952663
7.422367435299185e-14,old,after,12,136,0,200,348,0.08108108108108109,1.0,0.15
7.422367435299185e-14,fixed,before,12,161,0,232,405,0.06936416184971098,1.0,0.12972972972972974
7.422367435299185e-14,fixed,after,12,151,0,185,348,0.0736196319018405,1.0,0.13714285714285715
7.973859067608377e-14,old,before,12,145,0,247,404,0.07643312101910828,1.0,0.14201183431952663
7.973859067608377e-14,old,after,12,136,0,200,348,0.08108108108108109,1.0,0.15
7.973859067608377e-14,fixed,before,12,161,0,231,404,0.06936416184971098,1.0,0.12972972972972974
7.973859067608377e-14,fixed,after,12,151,0,185,348,0.0736196319018405,1.0,0.13714285714285715
7.996460617146553e-14,old,before,12,145,0,246,403,0.07643312101910828,1.0,0.14201183431952663
7.996460617146553e-14,old,after,12,136,0,199,347,0.08108108108108109,1.0,0.15
7.996460617146553e-14,fixed,before,12,161,0,230,403,0.06936416184971098,1.0,0.12972972972972974
7.996460617146553e-14,fixed,after,12,151,0,184,347,0.0736196319018405,1.0,0.13714285714285715
8.087049096789506e-14,old,before,12,145,0,245,402,0.07643312101910828,1.0,0.14201183431952663
8.087049096789506e-14,old,after,12,136,0,198,346,0.08108108108108109,1.0,0.15
8.087049096789506e-14,fixed,before,12,161,0,229,402,0.06936416184971098,1.0,0.12972972972972974
8.087049096789506e-14,fixed,after,12,151,0,183,346,0.0736196319018405,1.0,0.13714285714285715
8.959490321956004e-14,old,before,12,145,0,244,401,0.07643312101910828,1.0,0.14201183431952663
8.959490321956004e-14,old,after,12,136,0,197,345,0.08108108108108109,1.0,0.15
8.959490321956004e-14,fixed,before,12,161,0,228,401,0.06936416184971098,1.0,0.12972972972972974
8.959490321956004e-14,fixed,after,12,151,0,182,345,0.0736196319018405,1.0,0.13714285714285715
9.284465015378662e-14,old,before,12,144,0,244,400,0.07692307692307693,1.0,0.14285714285714285
9.284465015378662e-14,old,after,12,135,0,197,344,0.08163265306122448,1.0,0.1509433962264151
9.284465015378662e-14,fixed,before,12,160,0,228,400,0.06976744186046512,1.0,0.13043478260869565
9.284465015378662e-14,fixed,after,12,150,0,182,344,0.07407407407407407,1.0,0.13793103448275862
9.833057762129171e-14,old,before,12,143,0,244,399,0.07741935483870968,1.0,0.1437125748502994
9.833057762129171e-14,old,after,12,134,0,197,343,0.0821917808219178,1.0,0.1518987341772152
9.833057762129171e-14,fixed,before,12,159,0,228,399,0.07017543859649122,1.0,0.13114754098360656
9.833057762129171e-14,fixed,after,12,149,0,182,343,0.07453416149068323,1.0,0.13872832369942195
1.0330579165544751e-13,old,before,12,143,0,243,398,0.07741935483870968,1.0,0.1437125748502994
1.0330579165544751e-13,old,after,12,134,0,196,342,0.0821917808219178,1.0,0.1518987341772152
1.0330579165544751e-13,fixed,before,12,159,0,227,398,0.07017543859649122,1.0,0.13114754098360656
1.0330579165544751e-13,fixed,after,12,149,0,181,342,0.07453416149068323,1.0,0.13872832369942195
1.0644184643936183e-13,old,before,12,143,0,242,397,0.07741935483870968,1.0,0.1437125748502994
1.0644184643936183e-13,old,after,12,134,0,195,341,0.0821917808219178,1.0,0.1518987341772152
1.0644184643936183e-13,fixed,before,12,159,0,226,397,0.07017543859649122,1.0,0.13114754098360656
1.0644184643936183e-13,fixed,after,12,149,0,180,341,0.07453416149068323,1.0,0.13872832369942195
1.0846815931336504e-13,old,before,12,143,0,241,396,0.07741935483870968,1.0,0.1437125748502994
1.0846815931336504e-13,old,after,12,134,0,195,341,0.0821917808219178,1.0,0.1518987341772152
1.0846815931336504e-13,fixed,before,12,159,0,225,396,0.07017543859649122,1.0,0.13114754098360656
1.0846815931336504e-13,fixed,after,12,149,0,180,341,0.07453416149068323,1.0,0.13872832369942195
1.0847561320330087e-13,old,before,12,142,0,241,395,0.07792207792207792,1.0,0.14457831325301204
1.0847561320330087e-13,old,after,12,134,0,195,341,0.0821917808219178,1.0,0.1518987341772152
1.0847561320330087e-13,fixed,before,12,158,0,225,395,0.07058823529411765,1.0,0.13186813186813187
1.0847561320330087e-13,fixed,after,12,149,0,180,341,0.07453416149068323,1.0,0.13872832369942195
1.0937750000421936e-13,old,before,12,142,0,240,394,0.07792207792207792,1.0,0.14457831325301204
1.0937750000421936e-13,old,after,12,134,0,194,340,0.0821917808219178,1.0,0.1518987341772152
1.0937750000421936e-13,fixed,before,12,158,0,224,394,0.07058823529411765,1.0,0.13186813186813187
1.0937750000421936e-13,fixed,after,12,149,0,179,340,0.07453416149068323,1.0,0.13872832369942195
1.4475054455845987e-13,old,before,12,142,0,239,393,0.07792207792207792,1.0,0.14457831325301204
1.4475054455845987e-13,old,after,12,134,0,193,339,0.0821917808219178,1.0,0.1518987341772152
1.4475054455845987e-13,fixed,before,12,158,0,223,393,0.07058823529411765,1.0,0.13186813186813187
1.4475054455845987e-13,fixed,after,12,149,0,178,339,0.07453416149068323,1.0,0.13872832369942195
1.5048746482889536e-13,old,before,12,142,0,238,392,0.07792207792207792,1.0,0.14457831325301204
1.5048746482889536e-13,old,after,12,134,0,192,338,0.0821917808219178,1.0,0.1518987341772152
1.5048746482889536e-13,fixed,before,12,158,0,222,392,0.07058823529411765,1.0,0.13186813186813187
1.5048746482889536e-13,fixed,after,12,149,0,177,338,0.07453416149068323,1.0,0.13872832369942195
1.5763071728978895e-13,old,before,12,142,0,237,391,0.07792207792207792,1.0,0.14457831325301204
1.5763071728978895e-13,old,after,12,134,0,192,338,0.0821917808219178,1.0,0.1518987341772152
1.5763071728978895e-13,fixed,before,12,158,0,221,391,0.07058823529411765,1.0,0.13186813186813187
1.5763071728978895e-13,fixed,after,12,149,0,177,338,0.07453416149068323,1.0,0.13872832369942195
1.6848396050712922e-13,old,before,12,142,0,236,390,0.07792207792207792,1.0,0.14457831325301204
1.6848396050712922e-13,old,after,12,134,0,192,338,0.0821917808219178,1.0,0.1518987341772152
1.6848396050712922e-13,fixed,before,12,158,0,220,390,0.07058823529411765,1.0,0.13186813186813187
1.6848396050712922e-13,fixed,after,12,149,0,177,338,0.07453416149068323,1.0,0.13872832369942195
1.7210876007787285e-13,old,before,12,141,0,236,389,0.0784313725490196,1.0,0.14545454545454545
1.7210876007787285e-13,old,after,12,133,0,192,337,0.08275862068965517,1.0,0.15286624203821655
1.7210876007787285e-13,fixed,before,12,157,0,220,389,0.07100591715976332,1.0,0.13259668508287292
1.7210876007787285e-13,fixed,after,12,148,0,177,337,0.075,1.0,0.13953488372093023
1.9571639502200672e-13,old,before,12,141,0,235,388,0.0784313725490196,1.0,0.14545454545454545
1.9571639502200672e-13,old,after,12,133,0,191,336,0.08275862068965517,1.0,0.15286624203821655
1.9571639502200672e-13,fixed,before,12,157,0,219,388,0.07100591715976332,1.0,0.13259668508287292
1.9571639502200672e-13,fixed,after,12,148,0,176,336,0.075,1.0,0.13953488372093023
2.2197505335566636e-13,old,before,12,141,0,234,387,0.0784313725490196,1.0,0.14545454545454545
2.2197505335566636e-13,old,after,12,133,0,190,335,0.08275862068965517,1.0,0.15286624203821655
2.2197505335566636e-13,fixed,before,12,157,0,218,387,0.07100591715976332,1.0,0.13259668508287292
2.2197505335566636e-13,fixed,after,12,148,0,175,335,0.075,1.0,0.13953488372093023
2.3261012799084824e-13,old,before,12,141,0,233,386,0.0784313725490196,1.0,0.14545454545454545
2.3261012799084824e-13,old,after,12,133,0,189,334,0.08275862068965517,1.0,0.15286624203821655
2.3261012799084824e-13,fixed,before,12,157,0,217,386,0.07100591715976332,1.0,0.13259668508287292
2.3261012799084824e-13,fixed,after,12,148,0,174,334,0.075,1.0,0.13953488372093023
2.410573639571173e-13,old,before,12,141,0,232,385,0.0784313725490196,1.0,0.14545454545454545
2.410573639571173e-13,old,after,12,133,0,188,333,0.08275862068965517,1.0,0.15286624203821655
2.410573639571173e-13,fixed,before,12,157,0,216,385,0.07100591715976332,1.0,0.13259668508287292
2.410573639571173e-13,fixed,after,12,148,0,173,333,0.075,1.0,0.13953488372093023
3.000236235665976e-13,old,before,12,141,0,231,384,0.0784313725490196,1.0,0.14545454545454545
3.000236235665976e-13,old,after,12,133,0,187,332,0.08275862068965517,1.0,0.15286624203821655
3.000236235665976e-13,fixed,before,12,157,0,215,384,0.07100591715976332,1.0,0.13259668508287292
3.000236235665976e-13,fixed,after,12,148,0,172,332,0.075,1.0,0.13953488372093023
3.212815484574666e-13,old,before,12,140,0,231,383,0.07894736842105263,1.0,0.14634146341463414
3.212815484574666e-13,old,after,12,132,0,187,331,0.08333333333333333,1.0,0.15384615384615385
3.212815484574666e-13,fixed,before,12,156,0,215,383,0.07142857142857142,1.0,0.13333333333333333
3.212815484574666e-13,fixed,after,12,147,0,172,331,0.07547169811320754,1.0,0.14035087719298245
3.231091880596254e-13,old,before,12,140,0,230,382,0.07894736842105263,1.0,0.14634146341463414
3.231091880596254e-13,old,after,12,132,0,186,330,0.08333333333333333,1.0,0.15384615384615385
3.231091880596254e-13,fixed,before,12,156,0,214,382,0.07142857142857142,1.0,0.13333333333333333
3.231091880596254e-13,fixed,after,12,147,0,171,330,0.07547169811320754,1.0,0.14035087719298245
3.8613985056321076e-13,old,before,12,140,0,229,381,0.07894736842105263,1.0,0.14634146341463414
3.8613985056321076e-13,old,after,12,132,0,185,329,0.08333333333333333,1.0,0.15384615384615385
3.8613985056321076e-13,fixed,before,12,156,0,213,381,0.07142857142857142,1.0,0.13333333333333333
3.8613985056321076e-13,fixed,after,12,147,0,170,329,0.07547169811320754,1.0,0.14035087719298245
3.944037208370582e-13,old,before,12,140,0,228,380,0.07894736842105263,1.0,0.14634146341463414
3.944037208370582e-13,old,after,12,132,0,184,328,0.08333333333333333,1.0,0.15384615384615385
3.944037208370582e-13,fixed,before,12,156,0,212,380,0.07142857142857142,1.0,0.13333333333333333
3.944037208370582e-13,fixed,after,12,147,0,169,328,0.07547169811320754,1.0,0.14035087719298245
4.094787388938398e-13,old,before,12,139,0,228,379,0.07947019867549669,1.0,0.147239263803681
4.094787388938398e-13,old,after,12,131,0,184,327,0.08391608391608392,1.0,0.15483870967741936
4.094787388938398e-13,fixed,before,12,155,0,212,379,0.0718562874251497,1.0,0.1340782122905028
4.094787388938398e-13,fixed,after,12,146,0,169,327,0.0759493670886076,1.0,0.1411764705882353
4.606633542507399e-13,old,before,12,138,0,228,378,0.08,1.0,0.14814814814814814
4.606633542507399e-13,old,after,12,130,0,184,326,0.08450704225352113,1.0,0.15584415584415584
4.606633542507399e-13,fixed,before,12,154,0,212,378,0.07228915662650602,1.0,0.1348314606741573
4.606633542507399e-13,fixed,after,12,145,0,169,326,0.07643312101910828,1.0,0.14201183431952663
5.508110243954145e-13,old,before,12,138,0,227,377,0.08,1.0,0.14814814814814814
5.508110243954145e-13,old,after,12,130,0,183,325,0.08450704225352113,1.0,0.15584415584415584
5.508110243954145e-13,fixed,before,12,154,0,211,377,0.07228915662650602,1.0,0.1348314606741573
5.508110243954145e-13,fixed,after,12,145,0,168,325,0.07643312101910828,1.0,0.14201183431952663
6.9961186366721e-13,old,before,12,137,0,227,376,0.08053691275167785,1.0,0.14906832298136646
6.9961186366721e-13,old,after,12,129,0,183,324,0.0851063829787234,1.0,0.1568627450980392
6.9961186366721e-13,fixed,before,12,153,0,211,376,0.07272727272727272,1.0,0.13559322033898305
6.9961186366721e-13,fixed,after,12,144,0,168,324,0.07692307692307693,1.0,0.14285714285714285
7.23371829016578e-13,old,before,12,137,0,226,375,0.08053691275167785,1.0,0.14906832298136646
7.23371829016578e-13,old,after,12,129,0,183,324,0.0851063829787234,1.0,0.1568627450980392
7.23371829016578e-13,fixed,before,12,153,0,210,375,0.07272727272727272,1.0,0.13559322033898305
7.23371829016578e-13,fixed,after,12,144,0,168,324,0.07692307692307693,1.0,0.14285714285714285
7.50814449675119e-13,old,before,12,137,0,225,374,0.08053691275167785,1.0,0.14906832298136646
7.50814449675119e-13,old,after,12,129,0,182,323,0.0851063829787234,1.0,0.1568627450980392
7.50814449675119e-13,fixed,before,12,153,0,209,374,0.07272727272727272,1.0,0.13559322033898305
7.50814449675119e-13,fixed,after,12,144,0,167,323,0.07692307692307693,1.0,0.14285714285714285
9.108938646765208e-13,old,before,12,137,0,224,373,0.08053691275167785,1.0,0.14906832298136646
9.108938646765208e-13,old,after,12,129,0,181,322,0.0851063829787234,1.0,0.1568627450980392
9.108938646765208e-13,fixed,before,12,153,0,208,373,0.07272727272727272,1.0,0.13559322033898305
9.108938646765208e-13,fixed,after,12,144,0,166,322,0.07692307692307693,1.0,0.14285714285714285
1.0472612360645783e-12,old,before,12,137,0,223,372,0.08053691275167785,1.0,0.14906832298136646
1.0472612360645783e-12,old,after,12,129,0,180,321,0.0851063829787234,1.0,0.1568627450980392
1.0472612360645783e-12,fixed,before,12,153,0,207,372,0.07272727272727272,1.0,0.13559322033898305
1.0472612360645783e-12,fixed,after,12,144,0,165,321,0.07692307692307693,1.0,0.14285714285714285
1.1643934514499188e-12,old,before,12,137,0,222,371,0.08053691275167785,1.0,0.14906832298136646
1.1643934514499188e-12,old,after,12,129,0,179,320,0.0851063829787234,1.0,0.1568627450980392
1.1643934514499188e-12,fixed,before,12,153,0,206,371,0.07272727272727272,1.0,0.13559322033898305
1.1643934514499188e-12,fixed,after,12,144,0,164,320,0.07692307692307693,1.0,0.14285714285714285
1.1644512394257123e-12,old,before,12,137,0,221,370,0.08053691275167785,1.0,0.14906832298136646
1.1644512394257123e-12,old,after,12,129,0,178,319,0.0851063829787234,1.0,0.1568627450980392
1.1644512394257123e-12,fixed,before,12,153,0,205,370,0.07272727272727272,1.0,0.13559322033898305
1.1644512394257123e-12,fixed,after,12,144,0,163,319,0.07692307692307693,1.0,0.14285714285714285
1.1979550381194248e-12,old,before,12,137,0,220,369,0.08053691275167785,1.0,0.14906832298136646
1.1979550381194248e-12,old,after,12,129,0,177,318,0.0851063829787234,1.0,0.1568627450980392
1.1979550381194248e-12,fixed,before,12,153,0,204,369,0.07272727272727272,1.0,0.13559322033898305
1.1979550381194248e-12,fixed,after,12,144,0,162,318,0.07692307692307693,1.0,0.14285714285714285
1.2247672494247741e-12,old,before,12,137,0,219,368,0.08053691275167785,1.0,0.14906832298136646
1.2247672494247741e-12,old,after,12,129,0,177,318,0.0851063829787234,1.0,0.1568627450980392
1.2247672494247741e-12,fixed,before,12,153,0,203,368,0.07272727272727272,1.0,0.13559322033898305
1.2247672494247741e-12,fixed,after,12,144,0,162,318,0.07692307692307693,1.0,0.14285714285714285
1.2888415378345397e-12,old,before,12,137,0,218,367,0.08053691275167785,1.0,0.14906832298136646
1.2888415378345397e-12,old,after,12,129,0,176,317,0.0851063829787234,1.0,0.1568627450980392
1.2888415378345397e-12,fixed,before,12,153,0,202,367,0.07272727272727272,1.0,0.13559322033898305
1.2888415378345397e-12,fixed,after,12,144,0,161,317,0.07692307692307693,1.0,0.14285714285714285
1.3031761000176223e-12,old,before,12,137,0,217,366,0.08053691275167785,1.0,0.14906832298136646
1.3031761000176223e-12,old,after,12,129,0,176,317,0.0851063829787234,1.0,0.1568627450980392
1.3031761000176223e-12,fixed,before,12,153,0,201,366,0.07272727272727272,1.0,0.13559322033898305
1.3031761000176223e-12,fixed,after,12,144,0,161,317,0.07692307692307693,1.0,0.14285714285714285
1.382429652523054e-12,old,before,12,137,0,216,365,0.08053691275167785,1.0,0.14906832298136646
1.382429652523054e-12,old,after,12,129,0,175,316,0.0851063829787234,1.0,0.1568627450980392
1.382429652523054e-12,fixed,before,12,153,0,200,365,0.07272727272727272,1.0,0.13559322033898305
1.382429652523054e-12,fixed,after,12,144,0,160,316,0.07692307692307693,1.0,0.14285714285714285
1.4868098072162717e-12,old,before,12,137,0,215,364,0.08053691275167785,1.0,0.14906832298136646
1.4868098072162717e-12,old,after,12,129,0,175,316,0.0851063829787234,1.0,0.1568627450980392
1.4868098072162717e-12,fixed,before,12,153,0,199,364,0.07272727272727272,1.0,0.13559322033898305
1.4868098072162717e-12,fixed,after,12,144,0,160,316,0.07692307692307693,1.0,0.14285714285714285
1.5965658699615415e-12,old,before,12,137,0,214,363,0.08053691275167785,1.0,0.14906832298136646
1.5965658699615415e-12,old,after,12,129,0,175,316,0.0851063829787234,1.0,0.1568627450980392
1.5965658699615415e-12,fixed,before,12,153,0,198,363,0.07272727272727272,1.0,0.13559322033898305
1.5965658699615415e-12,fixed,after,12,144,0,160,316,0.07692307692307693,1.0,0.14285714285714285
1.797465713597457e-12,old,before,12,137,0,213,362,0.08053691275167785,1.0,0.14906832298136646
1.797465713597457e-12,old,after,12,129,0,174,315,0.0851063829787234,1.0,0.1568627450980392
1.797465713597457e-12,fixed,before,12,153,0,197,362,0.07272727272727272,1.0,0.13559322033898305
1.797465713597457e-12,fixed,after,12,144,0,159,315,0.07692307692307693,1.0,0.14285714285714285
1.8255941463402037e-12,old,before,12,136,0,213,361,0.08108108108108109,1.0,0.15
1.8255941463402037e-12,old,after,12,128,0,174,314,0.08571428571428572,1.0,0.15789473684210525
1.8255941463402037e-12,fixed,before,12,152,0,197,361,0.07317073170731707,1.0,0.13636363636363635
1.8255941463402037e-12,fixed,after,12,143,0,159,314,0.07741935483870968,1.0,0.1437125748502994
1.9858711029774323e-12,old,before,12,136,0,212,360,0.08108108108108109,1.0,0.15
1.9858711029774323e-12,old,after,12,128,0,174,314,0.08571428571428572,1.0,0.15789473684210525
1.9858711029774323e-12,fixed,before,12,152,0,196,360,0.07317073170731707,1.0,0.13636363636363635
1.9858711029774323e-12,fixed,after,12,143,0,159,314,0.07741935483870968,1.0,0.1437125748502994
1.9986007206845846e-12,old,before,12,136,0,211,359,0.08108108108108109,1.0,0.15
1.9986007206845846e-12,old,after,12,128,0,173,313,0.08571428571428572,1.0,0.15789473684210525
1.9986007206845846e-12,fixed,before,12,152,0,195,359,0.07317073170731707,1.0,0.13636363636363635
1.9986007206845846e-12,fixed,after,12,143,0,158,313,0.07741935483870968,1.0,0.1437125748502994
2.3177451711348107e-12,old,before,12,136,0,210,358,0.08108108108108109,1.0,0.15
2.3177451711348107e-12,old,after,12,128,0,172,312,0.08571428571428572,1.0,0.15789473684210525
2.3177451711348107e-12,fixed,before,12,152,0,194,358,0.07317073170731707,1.0,0.13636363636363635
2.3177451711348107e-12,fixed,after,12,143,0,157,312,0.07741935483870968,1.0,0.1437125748502994
2.386725365954856e-12,old,before,12,136,0,209,357,0.08108108108108109,1.0,0.15
2.386725365954856e-12,old,after,12,128,0,171,311,0.08571428571428572,1.0,0.15789473684210525
2.386725365954856e-12,fixed,before,12,152,0,193,357,0.07317073170731707,1.0,0.13636363636363635
2.386725365954856e-12,fixed,after,12,143,0,156,311,0.07741935483870968,1.0,0.1437125748502994
2.5319627037362347e-12,old,before,12,135,0,209,356,0.08163265306122448,1.0,0.1509433962264151
2.5319627037362347e-12,old,after,12,127,0,171,310,0.08633093525179857,1.0,0.15894039735099338
2.5319627037362347e-12,fixed,before,12,151,0,193,356,0.0736196319018405,1.0,0.13714285714285715
2.5319627037362347e-12,fixed,after,12,142,0,156,310,0.07792207792207792,1.0,0.14457831325301204
2.7570142349664373e-12,old,before,12,135,0,208,355,0.08163265306122448,1.0,0.1509433962264151
2.7570142349664373e-12,old,after,12,127,0,170,309,0.08633093525179857,1.0,0.15894039735099338
2.7570142349664373e-12,fixed,before,12,151,0,192,355,0.0736196319018405,1.0,0.13714285714285715
2.7570142349664373e-12,fixed,after,12,142,0,155,309,0.07792207792207792,1.0,0.14457831325301204
3.0966449023062115e-12,old,before,12,135,0,207,354,0.08163265306122448,1.0,0.1509433962264151
3.0966449023062115e-12,old,after,12,127,0,169,308,0.08633093525179857,1.0,0.15894039735099338
3.0966449023062115e-12,fixed,before,12,151,0,191,354,0.0736196319018405,1.0,0.13714285714285715
3.0966449023062115e-12,fixed,after,12,142,0,154,308,0.07792207792207792,1.0,0.14457831325301204
3.725263153508962e-12,old,before,12,134,0,207,353,0.0821917808219178,1.0,0.1518987341772152
3.725263153508962e-12,old,after,12,127,0,169,308,0.08633093525179857,1.0,0.15894039735099338
3.725263153508962e-12,fixed,before,12,150,0,191,353,0.07407407407407407,1.0,0.13793103448275862
3.725263153508962e-12,fixed,after,12,142,0,154,308,0.07792207792207792,1.0,0.14457831325301204
3.7781869646758e-12,old,before,12,134,0,206,352,0.0821917808219178,1.0,0.1518987341772152
3.7781869646758e-12,old,after,12,127,0,168,307,0.08633093525179857,1.0,0.15894039735099338
3.7781869646758e-12,fixed,before,12,150,0,190,352,0.07407407407407407,1.0,0.13793103448275862
3.7781869646758e-12,fixed,after,12,142,0,153,307,0.07792207792207792,1.0,0.14457831325301204
3.920458575834562e-12,old,before,12,134,0,205,351,0.0821917808219178,1.0,0.1518987341772152
3.920458575834562e-12,old,after,12,127,0,167,306,0.08633093525179857,1.0,0.15894039735099338
3.920458575834562e-12,fixed,before,12,150,0,189,351,0.07407407407407407,1.0,0.13793103448275862
3.920458575834562e-12,fixed,after,12,142,0,152,306,0.07792207792207792,1.0,0.14457831325301204
3.990286399913057e-12,old,before,12,134,0,204,350,0.0821917808219178,1.0,0.1518987341772152
3.990286399913057e-12,old,after,12,127,0,166,305,0.08633093525179857,1.0,0.15894039735099338
3.990286399913057e-12,fixed,before,12,150,0,188,350,0.07407407407407407,1.0,0.13793103448275862
3.990286399913057e-12,fixed,after,12,142,0,151,305,0.07792207792207792,1.0,0.14457831325301204
4.076554198373383e-12,old,before,12,134,0,203,349,0.0821917808219178,1.0,0.1518987341772152
4.076554198373383e-12,old,after,12,127,0,165,304,0.08633093525179857,1.0,0.15894039735099338
4.076554198373383e-12,fixed,before,12,150,0,187,349,0.07407407407407407,1.0,0.13793103448275862
4.076554198373383e-12,fixed,after,12,142,0,150,304,0.07792207792207792,1.0,0.14457831325301204
4.3872397034738775e-12,old,before,12,134,0,202,348,0.0821917808219178,1.0,0.1518987341772152
4.3872397034738775e-12,old,after,12,127,0,164,303,0.08633093525179857,1.0,0.15894039735099338
4.3872397034738775e-12,fixed,before,12,150,0,186,348,0.07407407407407407,1.0,0.13793103448275862
4.3872397034738775e-12,fixed,after,12,142,0,149,303,0.07792207792207792,1.0,0.14457831325301204
4.54170902275397e-12,old,before,12,134,0,201,347,0.0821917808219178,1.0,0.1518987341772152
4.54170902275397e-12,old,after,12,127,0,163,302,0.08633093525179857,1.0,0.15894039735099338
4.54170902275397e-12,fixed,before,12,150,0,185,347,0.07407407407407407,1.0,0.13793103448275862
4.54170902275397e-12,fixed,after,12,142,0,148,302,0.07792207792207792,1.0,0.14457831325301204
5.146921083776235e-12,old,before,12,134,0,200,346,0.0821917808219178,1.0,0.1518987341772152
5.146921083776235e-12,old,after,12,127,0,162,301,0.08633093525179857,1.0,0.15894039735099338
5.146921083776235e-12,fixed,before,12,150,0,184,346,0.07407407407407407,1.0,0.13793103448275862
5.146921083776235e-12,fixed,after,12,142,0,147,301,0.07792207792207792,1.0,0.14457831325301204
5.238993700668049e-12,old,before,12,134,0,199,345,0.0821917808219178,1.0,0.1518987341772152
5.238993700668049e-12,old,after,12,127,0,161,300,0.08633093525179857,1.0,0.15894039735099338
5.238993700668049e-12,fixed,before,12,150,0,183,345,0.07407407407407407,1.0,0.13793103448275862
5.238993700668049e-12,fixed,after,12,142,0,146,300,0.07792207792207792,1.0,0.14457831325301204
5.479141012426636e-12,old,before,12,134,0,198,344,0.0821917808219178,1.0,0.1518987341772152
5.479141012426636e-12,old,after,12,127,0,160,299,0.08633093525179857,1.0,0.15894039735099338
5.479141012426636e-12,fixed,before,12,150,0,182,344,0.07407407407407407,1.0,0.13793103448275862
5.479141012426636e-12,fixed,after,12,142,0,145,299,0.07792207792207792,1.0,0.14457831325301204
6.4087220773279e-12,old,before,12,134,0,197,343,0.0821917808219178,1.0,0.1518987341772152
6.4087220773279e-12,old,after,12,127,0,159,298,0.08633093525179857,1.0,0.15894039735099338
6.4087220773279e-12,fixed,before,12,150,0,181,343,0.07407407407407407,1.0,0.13793103448275862
6.4087220773279e-12,fixed,after,12,142,0,144,298,0.07792207792207792,1.0,0.14457831325301204
7.957822768800416e-12,old,before,12,134,0,196,342,0.0821917808219178,1.0,0.1518987341772152
7.957822768800416e-12,old,after,12,127,0,158,297,0.08633093525179857,1.0,0.15894039735099338
7.957822768800416e-12,fixed,before,12,150,0,180,342,0.07407407407407407,1.0,0.13793103448275862
7.957822768800416e-12,fixed,after,12,142,0,143,297,0.07792207792207792,1.0,0.14457831325301204
8.944422459633561e-12,old,before,12,133,0,196,341,0.08275862068965517,1.0,0.15286624203821655
8.944422459633561e-12,old,after,12,126,0,158,296,0.08695652173913043,1.0,0.16
8.944422459633561e-12,fixed,before,12,149,0,180,341,0.07453416149068323,1.0,0.13872832369942195
8.944422459633561e-12,fixed,after,12,141,0,143,296,0.0784313725490196,1.0,0.14545454545454545
1.008002795815921e-11,old,before,12,133,0,195,340,0.08275862068965517,1.0,0.15286624203821655
1.008002795815921e-11,old,after,12,126,0,157,295,0.08695652173913043,1.0,0.16
1.008002795815921e-11,fixed,before,12,149,0,179,340,0.07453416149068323,1.0,0.13872832369942195
1.008002795815921e-11,fixed,after,12,141,0,142,295,0.0784313725490196,1.0,0.14545454545454545
1.0802457886538441e-11,old,before,12,133,0,194,339,0.08275862068965517,1.0,0.15286624203821655
1.0802457886538441e-11,old,after,12,126,0,156,294,0.08695652173913043,1.0,0.16
1.0802457886538441e-11,fixed,before,12,149,0,178,339,0.07453416149068323,1.0,0.13872832369942195
1.0802457886538441e-11,fixed,after,12,141,0,141,294,0.0784313725490196,1.0,0.14545454545454545
1.1156935618428232e-11,old,before,12,133,0,193,338,0.08275862068965517,1.0,0.15286624203821655
1.1156935618428232e-11,old,after,12,126,0,155,293,0.08695652173913043,1.0,0.16
1.1156935618428232e-11,fixed,before,12,149,0,177,338,0.07453416149068323,1.0,0.13872832369942195
1.1156935618428232e-11,fixed,after,12,141,0,140,293,0.0784313725490196,1.0,0.14545454545454545
1.2171085320145103e-11,old,before,12,133,0,192,337,0.08275862068965517,1.0,0.15286624203821655
1.2171085320145103e-11,old,after,12,126,0,155,293,0.08695652173913043,1.0,0.16
1.2171085320145103e-11,fixed,before,12,149,0,176,337,0.07453416149068323,1.0,0.13872832369942195
1.2171085320145103e-11,fixed,after,12,141,0,140,293,0.0784313725490196,1.0,0.14545454545454545
1.3564935633092468e-11,old,before,12,133,0,191,336,0.08275862068965517,1.0,0.15286624203821655
1.3564935633092468e-11,old,after,12,126,0,154,292,0.08695652173913043,1.0,0.16
1.3564935633092468e-11,fixed,before,12,149,0,175,336,0.07453416149068323,1.0,0.13872832369942195
1.3564935633092468e-11,fixed,after,12,141,0,139,292,0.0784313725490196,1.0,0.14545454545454545
1.5556608085054435e-11,old,before,12,132,0,191,335,0.08333333333333333,1.0,0.15384615384615385
1.5556608085054435e-11,old,after,12,125,0,154,291,0.08759124087591241,1.0,0.1610738255033557
1.5556608085054435e-11,fixed,before,12,148,0,175,335,0.075,1.0,0.13953488372093023
1.5556608085054435e-11,fixed,after,12,140,0,139,291,0.07894736842105263,1.0,0.14634146341463414
1.9330622172408773e-11,old,before,12,132,0,190,334,0.08333333333333333,1.0,0.15384615384615385
1.9330622172408773e-11,old,after,12,125,0,153,290,0.08759124087591241,1.0,0.1610738255033557
1.9330622172408773e-11,fixed,before,12,148,0,174,334,0.075,1.0,0.13953488372093023
1.9330622172408773e-11,fixed,after,12,140,0,138,290,0.07894736842105263,1.0,0.14634146341463414
2.121782437247699e-11,old,before,12,132,0,189,333,0.08333333333333333,1.0,0.15384615384615385
2.121782437247699e-11,old,after,12,125,0,152,289,0.08759124087591241,1.0,0.1610738255033557
2.121782437247699e-11,fixed,before,12,148,0,173,333,0.075,1.0,0.13953488372093023
2.121782437247699e-11,fixed,after,12,140,0,137,289,0.07894736842105263,1.0,0.14634146341463414
2.2170956043288115e-11,old,before,12,132,0,188,332,0.08333333333333333,1.0,0.15384615384615385
2.2170956043288115e-11,old,after,12,125,0,152,289,0.08759124087591241,1.0,0.1610738255033557
2.2170956043288115e-11,fixed,before,12,148,0,172,332,0.075,1.0,0.13953488372093023
2.2170956043288115e-11,fixed,after,12,140,0,137,289,0.07894736842105263,1.0,0.14634146341463414
2.4592178987647983e-11,old,before,12,132,0,187,331,0.08333333333333333,1.0,0.15384615384615385
2.4592178987647983e-11,old,after,12,125,0,152,289,0.08759124087591241,1.0,0.1610738255033557
2.4592178987647983e-11,fixed,before,12,148,0,171,331,0.075,1.0,0.13953488372093023
2.4592178987647983e-11,fixed,after,12,140,0,137,289,0.07894736842105263,1.0,0.14634146341463414
2.531799943306101e-11,old,before,12,132,0,186,330,0.08333333333333333,1.0,0.15384615384615385
2.531799943306101e-11,old,after,12,125,0,151,288,0.08759124087591241,1.0,0.1610738255033557
2.531799943306101e-11,fixed,before,12,148,0,170,330,0.075,1.0,0.13953488372093023
2.531799943306101e-11,fixed,after,12,140,0,136,288,0.07894736842105263,1.0,0.14634146341463414
2.6008724687831553e-11,old,before,12,132,0,185,329,0.08333333333333333,1.0,0.15384615384615385
2.6008724687831553e-11,old,after,12,125,0,150,287,0.08759124087591241,1.0,0.1610738255033557
2.6008724687831553e-11,fixed,before,12,148,0,169,329,0.075,1.0,0.13953488372093023
2.6008724687831553e-11,fixed,after,12,140,0,135,287,0.07894736842105263,1.0,0.14634146341463414
3.1060872623944746e-11,old,before,12,132,0,184,328,0.08333333333333333,1.0,0.15384615384615385
3.1060872623944746e-11,old,after,12,125,0,149,286,0.08759124087591241,1.0,0.1610738255033557
3.1060872623944746e-11,fixed,before,12,148,0,168,328,0.075,1.0,0.13953488372093023
3.1060872623944746e-11,fixed,after,12,140,0,134,286,0.07894736842105263,1.0,0.14634146341463414
3.3617369304961287e-11,old,before,12,131,0,184,327,0.08391608391608392,1.0,0.15483870967741936
3.3617369304961287e-11,old,after,12,124,0,149,285,0.08823529411764706,1.0,0.16216216216216217
3.3617369304961287e-11,fixed,before,12,147,0,168,327,0.07547169811320754,1.0,0.14035087719298245
3.3617369304961287e-11,fixed,after,12,139,0,134,285,0.07947019867549669,1.0,0.147239263803681
3.619807925625551e-11,old,before,12,131,0,183,326,0.08391608391608392,1.0,0.15483870967741936
3.619807925625551e-11,old,after,12,124,0,148,284,0.08823529411764706,1.0,0.16216216216216217
3.619807925625551e-11,fixed,before,12,147,0,167,326,0.07547169811320754,1.0,0.14035087719298245
3.619807925625551e-11,fixed,after,12,139,0,133,284,0.07947019867549669,1.0,0.147239263803681
3.900664860556624e-11,old,before,12,131,0,182,325,0.08391608391608392,1.0,0.15483870967741936
3.900664860556624e-11,old,after,12,124,0,147,283,0.08823529411764706,1.0,0.16216216216216217
3.900664860556624e-11,fixed,before,12,147,0,166,325,0.07547169811320754,1.0,0.14035087719298245
3.900664860556624e-11,fixed,after,12,139,0,132,283,0.07947019867549669,1.0,0.147239263803681
4.9093371728980983e-11,old,before,12,130,0,182,324,0.08450704225352113,1.0,0.15584415584415584
4.9093371728980983e-11,old,after,12,124,0,147,283,0.08823529411764706,1.0,0.16216216216216217
4.9093371728980983e-11,fixed,before,12,146,0,166,324,0.0759493670886076,1.0,0.1411764705882353
4.9093371728980983e-11,fixed,after,12,139,0,132,283,0.07947019867549669,1.0,0.147239263803681
5.2154267016213396e-11,old,before,12,130,0,181,323,0.08450704225352113,1.0,0.15584415584415584
5.2154267016213396e-11,old,after,12,124,0,147,283,0.08823529411764706,1.0,0.16216216216216217
5.2154267016213396e-11,fixed,before,12,146,0,165,323,0.0759493670886076,1.0,0.1411764705882353
5.2154267016213396e-11,fixed,after,12,139,0,132,283,0.07947019867549669,1.0,0.147239263803681
5.494516994164478e-11,old,before,12,130,0,180,322,0.08450704225352113,1.0,0.15584415584415584
5.494516994164478e-11,old,after,12,124,0,147,283,0.08823529411764706,1.0,0.16216216216216217
5.494516994164478e-11,fixed,before,12,146,0,164,322,0.0759493670886076,1.0,0.1411764705882353
5.494516994164478e-11,fixed,after,12,139,0,132,283,0.07947019867549669,1.0,0.147239263803681
6.931943213883685e-11,old,before,12,129,0,180,321,0.0851063829787234,1.0,0.1568627450980392
6.931943213883685e-11,old,after,12,123,0,147,282,0.08888888888888889,1.0,0.16326530612244897
6.931943213883685e-11,fixed,before,12,145,0,164,321,0.07643312101910828,1.0,0.14201183431952663
6.931943213883685e-11,fixed,after,12,138,0,132,282,0.08,1.0,0.14814814814814814
7.761927905969301e-11,old,before,12,129,0,179,320,0.0851063829787234,1.0,0.1568627450980392
7.761927905969301e-11,old,after,12,123,0,147,282,0.08888888888888889,1.0,0.16326530612244897
7.761927905969301e-11,fixed,before,12,145,0,163,320,0.07643312101910828,1.0,0.14201183431952663
7.761927905969301e-11,fixed,after,12,138,0,132,282,0.08,1.0,0.14814814814814814
7.93333593263057e-11,old,before,12,129,0,178,319,0.0851063829787234,1.0,0.1568627450980392
7.93333593263057e-11,old,after,12,123,0,146,281,0.08888888888888889,1.0,0.16326530612244897
7.93333593263057e-11,fixed,before,12,145,0,162,319,0.07643312101910828,1.0,0.14201183431952663
7.93333593263057e-11,fixed,after,12,138,0,131,281,0.08,1.0,0.14814814814814814
8.489242642184536e-11,old,before,12,129,0,177,318,0.0851063829787234,1.0,0.1568627450980392
8.489242642184536e-11,old,after,12,123,0,145,280,0.08888888888888889,1.0,0.16326530612244897
8.489242642184536e-11,fixed,before,12,145,0,161,318,0.07643312101910828,1.0,0.14201183431952663
8.489242642184536e-11,fixed,after,12,138,0,130,280,0.08,1.0,0.14814814814814814
8.677209645258088e-11,old,before,12,129,0,176,317,0.0851063829787234,1.0,0.1568627450980392
8.677209645258088e-11,old,after,12,123,0,144,279,0.08888888888888889,1.0,0.16326530612244897
8.677209645258088e-11,fixed,before,12,145,0,160,317,0.07643312101910828,1.0,0.14201183431952663
8.677209645258088e-11,fixed,after,12,138,0,129,279,0.08,1.0,0.14814814814814814
9.427793268290685e-11,old,before,12,129,0,175,316,0.0851063829787234,1.0,0.1568627450980392
9.427793268290685e-11,old,after,12,123,0,143,278,0.08888888888888889,1.0,0.16326530612244897
9.427793268290685e-11,fixed,before,12,145,0,159,316,0.07643312101910828,1.0,0.14201183431952663
9.427793268290685e-11,fixed,after,12,138,0,128,278,0.08,1.0,0.14814814814814814
9.525470689997206e-11,old,before,12,129,0,174,315,0.0851063829787234,1.0,0.1568627450980392
9.525470689997206e-11,old,after,12,123,0,143,278,0.08888888888888889,1.0,0.16326530612244897
9.525470689997206e-11,fixed,before,12,145,0,158,315,0.07643312101910828,1.0,0.14201183431952663
9.525470689997206e-11,fixed,after,12,138,0,128,278,0.08,1.0,0.14814814814814814
1.0309709336242534e-10,old,before,12,129,0,173,314,0.0851063829787234,1.0,0.1568627450980392
1.0309709336242534e-10,old,after,12,123,0,142,277,0.08888888888888889,1.0,0.16326530612244897
1.0309709336242534e-10,fixed,before,12,145,0,157,314,0.07643312101910828,1.0,0.14201183431952663
1.0309709336242534e-10,fixed,after,12,138,0,127,277,0.08,1.0,0.14814814814814814
1.0867126642999381e-10,old,before,12,128,0,173,313,0.08571428571428572,1.0,0.15789473684210525
1.0867126642999381e-10,old,after,12,122,0,142,276,0.08955223880597014,1.0,0.1643835616438356
1.0867126642999381e-10,fixed,before,12,144,0,157,313,0.07692307692307693,1.0,0.14285714285714285
1.0867126642999381e-10,fixed,after,12,137,0,127,276,0.08053691275167785,1.0,0.14906832298136646
1.1022143614480839e-10,old,before,12,128,0,172,312,0.08571428571428572,1.0,0.15789473684210525
1.1022143614480839e-10,old,after,12,122,0,142,276,0.08955223880597014,1.0,0.1643835616438356
1.1022143614480839e-10,fixed,before,12,144,0,156,312,0.07692307692307693,1.0,0.14285714285714285
1.1022143614480839e-10,fixed,after,12,137,0,127,276,0.08053691275167785,1.0,0.14906832298136646
1.2357760648118443e-10,old,before,12,128,0,171,311,0.08571428571428572,1.0,0.15789473684210525
1.2357760648118443e-10,old,after,12,122,0,141,275,0.08955223880597014,1.0,0.1643835616438356
1.2357760648118443e-10,fixed,before,12,144,0,155,311,0.07692307692307693,1.0,0.14285714285714285
1.2357760648118443e-10,fixed,after,12,137,0,126,275,0.08053691275167785,1.0,0.14906832298136646
1.3484716121503482e-10,old,before,12,128,0,170,310,0.08571428571428572,1.0,0.15789473684210525
1.3484716121503482e-10,old,after,12,122,0,140,274,0.08955223880597014,1.0,0.1643835616438356
1.3484716121503482e-10,fixed,before,12,144,0,154,310,0.07692307692307693,1.0,0.14285714285714285
1.3484716121503482e-10,fixed,after,12,137,0,125,274,0.08053691275167785,1.0,0.14906832298136646
1.37525935084426e-10,old,before,12,128,0,169,309,0.08571428571428572,1.0,0.15789473684210525
1.37525935084426e-10,old,after,12,122,0,139,273,0.08955223880597014,1.0,0.1643835616438356
1.37525935084426e-10,fixed,before,12,144,0,153,309,0.07692307692307693,1.0,0.14285714285714285
1.37525935084426e-10,fixed,after,12,137,0,124,273,0.08053691275167785,1.0,0.14906832298136646
1.4436640771720022e-10,old,before,12,128,0,168,308,0.08571428571428572,1.0,0.15789473684210525
1.4436640771720022e-10,old,after,12,122,0,138,272,0.08955223880597014,1.0,0.1643835616438356
1.4436640771720022e-10,fixed,before,12,144,0,152,308,0.07692307692307693,1.0,0.14285714285714285
1.4436640771720022e-10,fixed,after,12,137,0,123,272,0.08053691275167785,1.0,0.14906832298136646
1.4994618047214914e-10,old,before,12,128,0,167,307,0.08571428571428572,1.0,0.15789473684210525
1.4994618047214914e-10,old,after,12,122,0,137,271,0.08955223880597014,1.0,0.1643835616438356
1.4994618047214914e-10,fixed,before,12,144,0,151,307,0.07692307692307693,1.0,0.14285714285714285
1.4994618047214914e-10,fixed,after,12,137,0,122,271,0.08053691275167785,1.0,0.14906832298136646
2.0038587456028267e-10,old,before,12,128,0,166,306,0.08571428571428572,1.0,0.15789473684210525
2.0038587456028267e-10,old,after,12,122,0,137,271,0.08955223880597014,1.0,0.1643835616438356
2.0038587456028267e-10,fixed,before,12,144,0,150,306,0.07692307692307693,1.0,0.14285714285714285
2.0038587456028267e-10,fixed,after,12,137,0,122,271,0.08053691275167785,1.0,0.14906832298136646
2.3118622294315827e-10,old,before,12,128,0,165,305,0.08571428571428572,1.0,0.15789473684210525
2.3118622294315827e-10,old,after,12,122,0,137,271,0.08955223880597014,1.0,0.1643835616438356
2.3118622294315827e-10,fixed,before,12,144,0,149,305,0.07692307692307693,1.0,0.14285714285714285
2.3118622294315827e-10,fixed,after,12,137,0,122,271,0.08053691275167785,1.0,0.14906832298136646
2.3772370183472447e-10,old,before,12,127,0,165,304,0.08633093525179857,1.0,0.15894039735099338
2.3772370183472447e-10,old,after,12,121,0,137,270,0.09022556390977443,1.0,0.16551724137931034
2.3772370183472447e-10,fixed,before,12,143,0,149,304,0.07741935483870968,1.0,0.1437125748502994
2.3772370183472447e-10,fixed,after,12,136,0,122,270,0.08108108108108109,1.0,0.15
2.509258634209033e-10,old,before,12,127,0,164,303,0.08633093525179857,1.0,0.15894039735099338
2.509258634209033e-10,old,after,12,121,0,137,270,0.09022556390977443,1.0,0.16551724137931034
2.509258634209033e-10,fixed,before,12,143,0,148,303,0.07741935483870968,1.0,0.1437125748502994
2.509258634209033e-10,fixed,after,12,136,0,122,270,0.08108108108108109,1.0,0.15
3.017308070063507e-10,old,before,12,127,0,163,302,0.08633093525179857,1.0,0.15894039735099338
3.017308070063507e-10,old,after,12,121,0,137,270,0.09022556390977443,1.0,0.16551724137931034
3.017308070063507e-10,fixed,before,12,143,0,147,302,0.07741935483870968,1.0,0.1437125748502994
3.017308070063507e-10,fixed,after,12,136,0,122,270,0.08108108108108109,1.0,0.15
3.0324934230385736e-10,old,before,12,127,0,162,301,0.08633093525179857,1.0,0.15894039735099338
3.0324934230385736e-10,old,after,12,121,0,136,269,0.09022556390977443,1.0,0.16551724137931034
3.0324934230385736e-10,fixed,before,12,143,0,146,301,0.07741935483870968,1.0,0.1437125748502994
3.0324934230385736e-10,fixed,after,12,136,0,121,269,0.08108108108108109,1.0,0.15
3.066595311018716e-10,old,before,12,127,0,161,300,0.08633093525179857,1.0,0.15894039735099338
3.066595311018716e-10,old,after,12,121,0,136,269,0.09022556390977443,1.0,0.16551724137931034
3.066595311018716e-10,fixed,before,12,143,0,145,300,0.07741935483870968,1.0,0.1437125748502994
3.066595311018716e-10,fixed,after,12,136,0,121,269,0.08108108108108109,1.0,0.15
3.151634508924417e-10,old,before,12,127,0,160,299,0.08633093525179857,1.0,0.15894039735099338
3.151634508924417e-10,old,after,12,121,0,135,268,0.09022556390977443,1.0,0.16551724137931034
3.151634508924417e-10,fixed,before,12,143,0,144,299,0.07741935483870968,1.0,0.1437125748502994
3.151634508924417e-10,fixed,after,12,136,0,120,268,0.08108108108108109,1.0,0.15
3.318177954625412e-10,old,before,12,127,0,159,298,0.08633093525179857,1.0,0.15894039735099338
3.318177954625412e-10,old,after,12,121,0,134,267,0.09022556390977443,1.0,0.16551724137931034
3.318177954625412e-10,fixed,before,12,143,0,143,298,0.07741935483870968,1.0,0.1437125748502994
3.318177954625412e-10,fixed,after,12,136,0,119,267,0.08108108108108109,1.0,0.15
3.7507125183466883e-10,old,before,12,126,0,159,297,0.08695652173913043,1.0,0.16
3.7507125183466883e-10,old,after,12,120,0,134,266,0.09090909090909091,1.0,0.16666666666666666
3.7507125183466883e-10,fixed,before,12,142,0,143,297,0.07792207792207792,1.0,0.14457831325301204
3.7507125183466883e-10,fixed,after,12,135,0,119,266,0.08163265306122448,1.0,0.1509433962264151
4.009179654929085e-10,old,before,12,125,0,159,296,0.08759124087591241,1.0,0.1610738255033557
4.009179654929085e-10,old,after,12,119,0,134,265,0.0916030534351145,1.0,0.16783216783216784
4.009179654929085e-10,fixed,before,12,141,0,143,296,0.0784313725490196,1.0,0.14545454545454545
4.009179654929085e-10,fixed,after,12,134,0,119,265,0.0821917808219178,1.0,0.1518987341772152
4.1041919862649934e-10,old,before,12,125,0,158,295,0.08759124087591241,1.0,0.1610738255033557
4.1041919862649934e-10,old,after,12,119,0,133,264,0.0916030534351145,1.0,0.16783216783216784
4.1041919862649934e-10,fixed,before,12,141,0,142,295,0.0784313725490196,1.0,0.14545454545454545
4.1041919862649934e-10,fixed,after,12,134,0,118,264,0.0821917808219178,1.0,0.1518987341772152
5.046509876649452e-10,old,before,12,125,0,157,294,0.08759124087591241,1.0,0.1610738255033557
5.046509876649452e-10,old,after,12,119,0,132,263,0.0916030534351145,1.0,0.16783216783216784
5.046509876649452e-10,fixed,before,12,141,0,141,294,0.0784313725490196,1.0,0.14545454545454545
5.046509876649452e-10,fixed,after,12,134,0,117,263,0.0821917808219178,1.0,0.1518987341772152
5.347069453875974e-10,old,before,12,125,0,156,293,0.08759124087591241,1.0,0.1610738255033557
5.347069453875974e-10,old,after,12,119,0,131,262,0.0916030534351145,1.0,0.16783216783216784
5.347069453875974e-10,fixed,before,12,141,0,140,293,0.0784313725490196,1.0,0.14545454545454545
5.347069453875974e-10,fixed,after,12,134,0,116,262,0.0821917808219178,1.0,0.1518987341772152
5.349762299822203e-10,old,before,12,124,0,156,292,0.08823529411764706,1.0,0.16216216216216217
5.349762299822203e-10,old,after,12,118,0,131,261,0.09230769230769231,1.0,0.16901408450704225
5.349762299822203e-10,fixed,before,12,140,0,140,292,0.07894736842105263,1.0,0.14634146341463414
5.349762299822203e-10,fixed,after,12,133,0,116,261,0.08275862068965517,1.0,0.15286624203821655
5.563371430206132e-10,old,before,12,123,0,156,291,0.08888888888888889,1.0,0.16326530612244897
5.563371430206132e-10,old,after,12,117,0,131,260,0.09302325581395349,1.0,0.1702127659574468
5.563371430206132e-10,fixed,before,12,139,0,140,291,0.07947019867549669,1.0,0.147239263803681
5.563371430206132e-10,fixed,after,12,132,0,116,260,0.08333333333333333,1.0,0.15384615384615385
5.999282737256806e-10,old,before,12,123,0,155,290,0.08888888888888889,1.0,0.16326530612244897
5.999282737256806e-10,old,after,12,117,0,130,259,0.09302325581395349,1.0,0.1702127659574468
5.999282737256806e-10,fixed,before,12,139,0,139,290,0.07947019867549669,1.0,0.147239263803681
5.999282737256806e-10,fixed,after,12,132,0,115,259,0.08333333333333333,1.0,0.15384615384615385
6.429322074730237e-10,old,before,12,123,0,154,289,0.08888888888888889,1.0,0.16326530612244897
6.429322074730237e-10,old,after,12,117,0,129,258,0.09302325581395349,1.0,0.1702127659574468
6.429322074730237e-10,fixed,before,12,139,0,138,289,0.07947019867549669,1.0,0.147239263803681
6.429322074730237e-10,fixed,after,12,132,0,114,258,0.08333333333333333,1.0,0.15384615384615385
7.203205254491252e-10,old,before,12,123,0,153,288,0.08888888888888889,1.0,0.16326530612244897
7.203205254491252e-10,old,after,12,117,0,128,257,0.09302325581395349,1.0,0.1702127659574468
7.203205254491252e-10,fixed,before,12,139,0,137,288,0.07947019867549669,1.0,0.147239263803681
7.203205254491252e-10,fixed,after,12,132,0,113,257,0.08333333333333333,1.0,0.15384615384615385
7.393416989742718e-10,old,before,12,122,0,153,287,0.08955223880597014,1.0,0.1643835616438356
7.393416989742718e-10,old,after,12,116,0,128,256,0.09375,1.0,0.17142857142857143
7.393416989742718e-10,fixed,before,12,138,0,137,287,0.08,1.0,0.14814814814814814
7.393416989742718e-10,fixed,after,12,131,0,113,256,0.08391608391608392,1.0,0.15483870967741936
8.022754127701148e-10,old,before,12,122,0,152,286,0.08955223880597014,1.0,0.1643835616438356
8.022754127701148e-10,old,after,12,116,0,127,255,0.09375,1.0,0.17142857142857143
8.022754127701148e-10,fixed,before,12,138,0,136,286,0.08,1.0,0.14814814814814814
8.022754127701148e-10,fixed,after,12,131,0,112,255,0.08391608391608392,1.0,0.15483870967741936
8.09709743698761e-10,old,before,12,121,0,152,285,0.09022556390977443,1.0,0.16551724137931034
8.09709743698761e-10,old,after,12,115,0,127,254,0.09448818897637795,1.0,0.17266187050359713
8.09709743698761e-10,fixed,before,12,137,0,136,285,0.08053691275167785,1.0,0.14906832298136646
8.09709743698761e-10,fixed,after,12,130,0,112,254,0.08450704225352113,1.0,0.15584415584415584
8.400207751613209e-10,old,before,12,121,0,151,284,0.09022556390977443,1.0,0.16551724137931034
8.400207751613209e-10,old,after,12,115,0,126,253,0.09448818897637795,1.0,0.17266187050359713
8.400207751613209e-10,fixed,before,12,137,0,135,284,0.08053691275167785,1.0,0.14906832298136646
8.400207751613209e-10,fixed,after,12,130,0,111,253,0.08450704225352113,1.0,0.15584415584415584
9.629931296828431e-10,old,before,12,121,0,150,283,0.09022556390977443,1.0,0.16551724137931034
9.629931296828431e-10,old,after,12,115,0,125,252,0.09448818897637795,1.0,0.17266187050359713
9.629931296828431e-10,fixed,before,12,137,0,134,283,0.08053691275167785,1.0,0.14906832298136646
9.629931296828431e-10,fixed,after,12,130,0,110,252,0.08450704225352113,1.0,0.15584415584415584
9.86341341935315e-10,old,before,12,121,0,149,282,0.09022556390977443,1.0,0.16551724137931034
9.86341341935315e-10,old,after,12,115,0,124,251,0.09448818897637795,1.0,0.17266187050359713
9.86341341935315e-10,fixed,before,12,137,0,133,282,0.08053691275167785,1.0,0.14906832298136646
9.86341341935315e-10,fixed,after,12,130,0,109,251,0.08450704225352113,1.0,0.15584415584415584
1.057727794240293e-09,old,before,12,121,0,148,281,0.09022556390977443,1.0,0.16551724137931034
1.057727794240293e-09,old,after,12,115,0,123,250,0.09448818897637795,1.0,0.17266187050359713
1.057727794240293e-09,fixed,before,12,137,0,132,281,0.08053691275167785,1.0,0.14906832298136646
1.057727794240293e-09,fixed,after,12,130,0,108,250,0.08450704225352113,1.0,0.15584415584415584
1.0802593264358507e-09,old,before,12,120,0,148,280,0.09090909090909091,1.0,0.16666666666666666
1.0802593264358507e-09,old,after,12,114,0,123,249,0.09523809523809523,1.0,0.17391304347826086
1.0802593264358507e-09,fixed,before,12,136,0,132,280,0.08108108108108109,1.0,0.15
1.0802593264358507e-09,fixed,after,12,129,0,108,249,0.0851063829787234,1.0,0.1568627450980392
1.119783710201716e-09,old,before,12,119,0,148,279,0.0916030534351145,1.0,0.16783216783216784
1.119783710201716e-09,old,after,12,113,0,123,248,0.096,1.0,0.17518248175182483
1.119783710201716e-09,fixed,before,12,135,0,132,279,0.08163265306122448,1.0,0.1509433962264151
1.119783710201716e-09,fixed,after,12,128,0,108,248,0.08571428571428572,1.0,0.15789473684210525
1.2646624858447808e-09,old,before,12,119,0,147,278,0.0916030534351145,1.0,0.16783216783216784
1.2646624858447808e-09,old,after,12,113,0,122,247,0.096,1.0,0.17518248175182483
1.2646624858447808e-09,fixed,before,12,135,0,131,278,0.08163265306122448,1.0,0.1509433962264151
1.2646624858447808e-09,fixed,after,12,128,0,107,247,0.08571428571428572,1.0,0.15789473684210525
1.3464521719797062e-09,old,before,12,119,0,146,277,0.0916030534351145,1.0,0.16783216783216784
1.3464521719797062e-09,old,after,12,113,0,122,247,0.096,1.0,0.17518248175182483
1.3464521719797062e-09,fixed,before,12,135,0,130,277,0.08163265306122448,1.0,0.1509433962264151
1.3464521719797062e-09,fixed,after,12,128,0,107,247,0.08571428571428572,1.0,0.15789473684210525
1.3725949266074622e-09,old,before,12,119,0,145,276,0.0916030534351145,1.0,0.16783216783216784
1.3725949266074622e-09,old,after,12,113,0,121,246,0.096,1.0,0.17518248175182483
1.3725949266074622e-09,fixed,before,12,135,0,129,276,0.08163265306122448,1.0,0.1509433962264151
1.3725949266074622e-09,fixed,after,12,128,0,106,246,0.08571428571428572,1.0,0.15789473684210525
1.5663661478981794e-09,old,before,12,119,0,144,275,0.0916030534351145,1.0,0.16783216783216784
1.5663661478981794e-09,old,after,12,113,0,120,245,0.096,1.0,0.17518248175182483
1.5663661478981794e-09,fixed,before,12,135,0,128,275,0.08163265306122448,1.0,0.1509433962264151
1.5663661478981794e-09,fixed,after,12,128,0,105,245,0.08571428571428572,1.0,0.15789473684210525
1.5864841662605045e-09,old,before,12,119,0,143,274,0.0916030534351145,1.0,0.16783216783216784
1.5864841662605045e-09,old,after,12,113,0,119,244,0.096,1.0,0.17518248175182483
1.5864841662605045e-09,fixed,before,12,135,0,127,274,0.08163265306122448,1.0,0.1509433962264151
1.5864841662605045e-09,fixed,after,12,128,0,104,244,0.08571428571428572,1.0,0.15789473684210525
1.6761088073025121e-09,old,before,12,118,0,143,273,0.09230769230769231,1.0,0.16901408450704225
1.6761088073025121e-09,old,after,12,112,0,119,243,0.0967741935483871,1.0,0.17647058823529413
1.6761088073025121e-09,fixed,before,12,134,0,127,273,0.0821917808219178,1.0,0.1518987341772152
1.6761088073025121e-09,fixed,after,12,127,0,104,243,0.08633093525179857,1.0,0.15894039735099338
1.9674268880720547e-09,old,before,12,118,0,142,272,0.09230769230769231,1.0,0.16901408450704225
1.9674268880720547e-09,old,after,12,112,0,118,242,0.0967741935483871,1.0,0.17647058823529413
1.9674268880720547e-09,fixed,before,12,134,0,126,272,0.0821917808219178,1.0,0.1518987341772152
1.9674268880720547e-09,fixed,after,12,127,0,103,242,0.08633093525179857,1.0,0.15894039735099338
2.1190991184028007e-09,old,before,12,118,0,141,271,0.09230769230769231,1.0,0.16901408450704225
2.1190991184028007e-09,old,after,12,112,0,117,241,0.0967741935483871,1.0,0.17647058823529413
2.1190991184028007e-09,fixed,before,12,134,0,125,271,0.0821917808219178,1.0,0.1518987341772152
2.1190991184028007e-09,fixed,after,12,127,0,102,241,0.08633093525179857,1.0,0.15894039735099338
2.278210287087745e-09,old,before,12,118,0,140,270,0.09230769230769231,1.0,0.16901408450704225
2.278210287087745e-09,old,after,12,112,0,117,241,0.0967741935483871,1.0,0.17647058823529413
2.278210287087745e-09,fixed,before,12,134,0,124,270,0.0821917808219178,1.0,0.1518987341772152
2.278210287087745e-09,fixed,after,12,127,0,102,241,0.08633093525179857,1.0,0.15894039735099338
2.466896686925679e-09,old,before,12,118,0,139,269,0.09230769230769231,1.0,0.16901408450704225
2.466896686925679e-09,old,after,12,112,0,116,240,0.0967741935483871,1.0,0.17647058823529413
2.466896686925679e-09,fixed,before,12,134,0,123,269,0.0821917808219178,1.0,0.1518987341772152
2.466896686925679e-09,fixed,after,12,127,0,101,240,0.08633093525179857,1.0,0.15894039735099338
2.565058832004752e-09,old,before,12,117,0,139,268,0.09302325581395349,1.0,0.1702127659574468
2.565058832004752e-09,old,after,12,111,0,116,239,0.0975609756097561,1.0,0.17777777777777778
2.565058832004752e-09,fixed,before,12,133,0,123,268,0.08275862068965517,1.0,0.15286624203821655
2.565058832004752e-09,fixed,after,12,126,0,101,239,0.08695652173913043,1.0,0.16
3.109760005060025e-09,old,before,12,117,0,138,267,0.09302325581395349,1.0,0.1702127659574468
3.109760005060025e-09,old,after,12,111,0,116,239,0.0975609756097561,1.0,0.17777777777777778
3.109760005060025e-09,fixed,before,12,133,0,122,267,0.08275862068965517,1.0,0.15286624203821655
3.109760005060025e-09,fixed,after,12,126,0,101,239,0.08695652173913043,1.0,0.16
3.114954294503036e-09,old,before,12,117,0,137,266,0.09302325581395349,1.0,0.1702127659574468
3.114954294503036e-09,old,after,12,111,0,115,238,0.0975609756097561,1.0,0.17777777777777778
3.114954294503036e-09,fixed,before,12,133,0,121,266,0.08275862068965517,1.0,0.15286624203821655
3.114954294503036e-09,fixed,after,12,126,0,100,238,0.08695652173913043,1.0,0.16
3.399616144150741e-09,old,before,12,117,0,136,265,0.09302325581395349,1.0,0.1702127659574468
3.399616144150741e-09,old,after,12,111,0,114,237,0.0975609756097561,1.0,0.17777777777777778
3.399616144150741e-09,fixed,before,12,133,0,120,265,0.08275862068965517,1.0,0.15286624203821655
3.399616144150741e-09,fixed,after,12,126,0,99,237,0.08695652173913043,1.0,0.16
3.473060727898769e-09,old,before,12,117,0,135,264,0.09302325581395349,1.0,0.1702127659574468
3.473060727898769e-09,old,after,12,111,0,113,236,0.0975609756097561,1.0,0.17777777777777778
3.473060727898769e-09,fixed,before,12,133,0,119,264,0.08275862068965517,1.0,0.15286624203821655
3.473060727898769e-09,fixed,after,12,126,0,98,236,0.08695652173913043,1.0,0.16
3.5280631749401437e-09,old,before,12,117,0,134,263,0.09302325581395349,1.0,0.1702127659574468
3.5280631749401437e-09,old,after,12,111,0,112,235,0.0975609756097561,1.0,0.17777777777777778
3.5280631749401437e-09,fixed,before,12,133,0,118,263,0.08275862068965517,1.0,0.15286624203821655
3.5280631749401437e-09,fixed,after,12,126,0,97,235,0.08695652173913043,1.0,0.16
3.8972705063144986e-09,old,before,12,117,0,133,262,0.09302325581395349,1.0,0.1702127659574468
3.8972705063144986e-09,old,after,12,111,0,112,235,0.0975609756097561,1.0,0.17777777777777778
3.8972705063144986e-09,fixed,before,12,133,0,117,262,0.08275862068965517,1.0,0.15286624203821655
3.8972705063144986e-09,fixed,after,12,126,0,97,235,0.08695652173913043,1.0,0.16
4.243781770441046e-09,old,before,12,117,0,132,261,0.09302325581395349,1.0,0.1702127659574468
4.243781770441046e-09,old,after,12,111,0,111,234,0.0975609756097561,1.0,0.17777777777777778
4.243781770441046e-09,fixed,before,12,133,0,116,261,0.08275862068965517,1.0,0.15286624203821655
4.243781770441046e-09,fixed,after,12,126,0,96,234,0.08695652173913043,1.0,0.16
4.41863790001662e-09,old,before,12,116,0,132,260,0.09375,1.0,0.17142857142857143
4.41863790001662e-09,old,after,12,110,0,111,233,0.09836065573770492,1.0,0.1791044776119403
4.41863790001662e-09,fixed,before,12,132,0,116,260,0.08333333333333333,1.0,0.15384615384615385
4.41863790001662e-09,fixed,after,12,125,0,96,233,0.08759124087591241,1.0,0.1610738255033557
4.451832680274492e-09,old,before,12,115,0,132,259,0.09448818897637795,1.0,0.17266187050359713
4.451832680274492e-09,old,after,12,109,0,111,232,0.09917355371900827,1.0,0.18045112781954886
4.451832680274492e-09,fixed,before,12,131,0,116,259,0.08391608391608392,1.0,0.15483870967741936
4.451832680274492e-09,fixed,after,12,124,0,96,232,0.08823529411764706,1.0,0.16216216216216217
4.597172420517381e-09,old,before,12,115,0,131,258,0.09448818897637795,1.0,0.17266187050359713
4.597172420517381e-09,old,after,12,109,0,111,232,0.09917355371900827,1.0,0.18045112781954886
4.597172420517381e-09,fixed,before,12,131,0,115,258,0.08391608391608392,1.0,0.15483870967741936
4.597172420517381e-09,fixed,after,12,124,0,96,232,0.08823529411764706,1.0,0.16216216216216217
4.74805306183157e-09,old,before,12,115,0,130,257,0.09448818897637795,1.0,0.17266187050359713
4.74805306183157e-09,old,after,12,109,0,110,231,0.09917355371900827,1.0,0.18045112781954886
4.74805306183157e-09,fixed,before,12,131,0,114,257,0.08391608391608392,1.0,0.15483870967741936
4.74805306183157e-09,fixed,after,12,124,0,95,231,0.08823529411764706,1.0,0.16216216216216217
4.821141263988693e-09,old,before,12,115,0,129,256,0.09448818897637795,1.0,0.17266187050359713
4.821141263988693e-09,old,after,12,109,0,109,230,0.09917355371900827,1.0,0.18045112781954886
4.821141263988693e-09,fixed,before,12,131,0,113,256,0.08391608391608392,1.0,0.15483870967741936
4.821141263988693e-09,fixed,after,12,124,0,94,230,0.08823529411764706,1.0,0.16216216216216217
6.197355517656433e-09,old,before,12,115,0,128,255,0.09448818897637795,1.0,0.17266187050359713
6.197355517656433e-09,old,after,12,109,0,109,230,0.09917355371900827,1.0,0.18045112781954886
6.197355517656433e-09,fixed,before,12,131,0,112,255,0.08391608391608392,1.0,0.15483870967741936
6.197355517656433e-09,fixed,after,12,124,0,94,230,0.08823529411764706,1.0,0.16216216216216217
6.567634436294156e-09,old,before,12,115,0,127,254,0.09448818897637795,1.0,0.17266187050359713
6.567634436294156e-09,old,after,12,109,0,108,229,0.09917355371900827,1.0,0.18045112781954886
6.567634436294156e-09,fixed,before,12,131,0,111,254,0.08391608391608392,1.0,0.15483870967741936
6.567634436294156e-09,fixed,after,12,124,0,93,229,0.08823529411764706,1.0,0.16216216216216217
7.257669132343381e-09,old,before,12,115,0,126,253,0.09448818897637795,1.0,0.17266187050359713
7.257669132343381e-09,old,after,12,109,0,108,229,0.09917355371900827,1.0,0.18045112781954886
7.257669132343381e-09,fixed,before,12,131,0,110,253,0.08391608391608392,1.0,0.15483870967741936
7.257669132343381e-09,fixed,after,12,124,0,93,229,0.08823529411764706,1.0,0.16216216216216217
7.306950156049652e-09,old,before,12,115,0,125,252,0.09448818897637795,1.0,0.17266187050359713
7.306950156049652e-09,old,after,12,109,0,107,228,0.09917355371900827,1.0,0.18045112781954886
7.306950156049652e-09,fixed,before,12,131,0,109,252,0.08391608391608392,1.0,0.15483870967741936
7.306950156049652e-09,fixed,after,12,124,0,92,228,0.08823529411764706,1.0,0.16216216216216217
7.7213142546384e-09,old,before,12,115,0,124,251,0.09448818897637795,1.0,0.17266187050359713
7.7213142546384e-09,old,after,12,109,0,106,227,0.09917355371900827,1.0,0.18045112781954886
7.7213142546384e-09,fixed,before,12,131,0,108,251,0.08391608391608392,1.0,0.15483870967741936
7.7213142546384e-09,fixed,after,12,124,0,91,227,0.08823529411764706,1.0,0.16216216216216217
8.154167119300837e-09,old,before,12,115,0,123,250,0.09448818897637795,1.0,0.17266187050359713
8.154167119300837e-09,old,after,12,109,0,105,226,0.09917355371900827,1.0,0.18045112781954886
8.154167119300837e-09,fixed,before,12,131,0,107,250,0.08391608391608392,1.0,0.15483870967741936
8.154167119300837e-09,fixed,after,12,124,0,90,226,0.08823529411764706,1.0,0.16216216216216217
8.713838539620156e-09,old,before,12,114,0,123,249,0.09523809523809523,1.0,0.17391304347826086
8.713838539620156e-09,old,after,12,108,0,105,225,0.1,1.0,0.18181818181818182
8.713838539620156e-09,fixed,before,12,130,0,107,249,0.08450704225352113,1.0,0.15584415584415584
8.713838539620156e-09,fixed,after,12,123,0,90,225,0.08888888888888889,1.0,0.16326530612244897
9.367272291171957e-09,old,before,12,114,0,122,248,0.09523809523809523,1.0,0.17391304347826086
9.367272291171957e-09,old,after,12,108,0,104,224,0.1,1.0,0.18181818181818182
9.367272291171957e-09,fixed,before,12,130,0,106,248,0.08450704225352113,1.0,0.15584415584415584
9.367272291171957e-09,fixed,after,12,123,0,89,224,0.08888888888888889,1.0,0.16326530612244897
1.017250017554261e-08,old,before,12,113,0,122,247,0.096,1.0,0.17518248175182483
1.017250017554261e-08,old,after,12,107,0,104,223,0.10084033613445378,1.0,0.183206106870229
1.017250017554261e-08,fixed,before,12,129,0,106,247,0.0851063829787234,1.0,0.1568627450980392
1.017250017554261e-08,fixed,after,12,122,0,89,223,0.08955223880597014,1.0,0.1643835616438356
1.0652619231166227e-08,old,before,12,113,0,121,246,0.096,1.0,0.17518248175182483
1.0652619231166227e-08,old,after,12,107,0,103,222,0.10084033613445378,1.0,0.183206106870229
1.0652619231166227e-08,fixed,before,12,129,0,105,246,0.0851063829787234,1.0,0.1568627450980392
1.0652619231166227e-08,fixed,after,12,122,0,88,222,0.08955223880597014,1.0,0.1643835616438356
1.1171645830643229e-08,old,before,12,113,0,120,245,0.096,1.0,0.17518248175182483
1.1171645830643229e-08,old,after,12,107,0,102,221,0.10084033613445378,1.0,0.183206106870229
1.1171645830643229e-08,fixed,before,12,129,0,104,245,0.0851063829787234,1.0,0.1568627450980392
1.1171645830643229e-08,fixed,after,12,122,0,87,221,0.08955223880597014,1.0,0.1643835616438356
1.155493123405904e-08,old,before,12,113,0,119,244,0.096,1.0,0.17518248175182483
1.155493123405904e-08,old,after,12,107,0,102,221,0.10084033613445378,1.0,0.183206106870229
1.155493123405904e-08,fixed,before,12,129,0,103,244,0.0851063829787234,1.0,0.1568627450980392
1.155493123405904e-08,fixed,after,12,122,0,87,221,0.08955223880597014,1.0,0.1643835616438356
1.2051076581087727e-08,old,before,12,113,0,118,243,0.096,1.0,0.17518248175182483
1.2051076581087727e-08,old,after,12,107,0,102,221,0.10084033613445378,1.0,0.183206106870229
1.2051076581087727e-08,fixed,before,12,129,0,102,243,0.0851063829787234,1.0,0.1568627450980392
1.2051076581087727e-08,fixed,after,12,122,0,87,221,0.08955223880597014,1.0,0.1643835616438356
1.3667698084418589e-08,old,before,12,113,0,117,242,0.096,1.0,0.17518248175182483
1.3667698084418589e-08,old,after,12,107,0,101,220,0.10084033613445378,1.0,0.183206106870229
1.3667698084418589e-08,fixed,before,12,129,0,101,242,0.0851063829787234,1.0,0.1568627450980392
1.3667698084418589e-08,fixed,after,12,122,0,86,220,0.08955223880597014,1.0,0.1643835616438356
1.4629831568413465e-08,old,before,12,113,0,116,241,0.096,1.0,0.17518248175182483
1.4629831568413465e-08,old,after,12,107,0,100,219,0.10084033613445378,1.0,0.183206106870229
1.4629831568413465e-08,fixed,before,12,129,0,100,241,0.0851063829787234,1.0,0.1568627450980392
1.4629831568413465e-08,fixed,after,12,122,0,85,219,0.08955223880597014,1.0,0.1643835616438356
1.5228264871325337e-08,old,before,12,112,0,116,240,0.0967741935483871,1.0,0.17647058823529413
1.5228264871325337e-08,old,after,12,106,0,100,218,0.1016949152542373,1.0,0.18461538461538463
1.5228264871325337e-08,fixed,before,12,128,0,100,240,0.08571428571428572,1.0,0.15789473684210525
1.5228264871325337e-08,fixed,after,12,121,0,85,218,0.09022556390977443,1.0,0.16551724137931034
1.5240122053228333e-08,old,before,12,112,0,115,239,0.0967741935483871,1.0,0.17647058823529413
1.5240122053228333e-08,old,after,12,106,0,99,217,0.1016949152542373,1.0,0.18461538461538463
1.5240122053228333e-08,fixed,before,12,128,0,99,239,0.08571428571428572,1.0,0.15789473684210525
1.5240122053228333e-08,fixed,after,12,121,0,84,217,0.09022556390977443,1.0,0.16551724137931034
1.632751356339668e-08,old,before,12,112,0,114,238,0.0967741935483871,1.0,0.17647058823529413
1.632751356339668e-08,old,after,12,106,0,99,217,0.1016949152542373,1.0,0.18461538461538463
1.632751356339668e-08,fixed,before,12,128,0,98,238,0.08571428571428572,1.0,0.15789473684210525
1.632751356339668e-08,fixed,after,12,121,0,84,217,0.09022556390977443,1.0,0.16551724137931034
1.6555148363295302e-08,old,before,12,111,0,114,237,0.0975609756097561,1.0,0.17777777777777778
1.6555148363295302e-08,old,after,12,106,0,99,217,0.1016949152542373,1.0,0.18461538461538463
1.6555148363295302e-08,fixed,before,12,127,0,98,237,0.08633093525179857,1.0,0.15894039735099338
1.6555148363295302e-08,fixed,after,12,121,0,84,217,0.09022556390977443,1.0,0.16551724137931034
1.739115873533592e-08,old,before,12,111,0,113,236,0.0975609756097561,1.0,0.17777777777777778
1.739115873533592e-08,old,after,12,106,0,99,217,0.1016949152542373,1.0,0.18461538461538463
1.739115873533592e-08,fixed,before,12,127,0,97,236,0.08633093525179857,1.0,0.15894039735099338
1.739115873533592e-08,fixed,after,12,121,0,84,217,0.09022556390977443,1.0,0.16551724137931034
1.7434901522506152e-08,old,before,12,111,0,112,235,0.0975609756097561,1.0,0.17777777777777778
1.7434901522506152e-08,old,after,12,106,0,99,217,0.1016949152542373,1.0,0.18461538461538463
1.7434901522506152e-08,fixed,before,12,127,0,96,235,0.08633093525179857,1.0,0.15894039735099338
1.7434901522506152e-08,fixed,after,12,121,0,84,217,0.09022556390977443,1.0,0.16551724137931034
1.7589885104030145e-08,old,before,12,111,0,111,234,0.0975609756097561,1.0,0.17777777777777778
1.7589885104030145e-08,old,after,12,106,0,99,217,0.1016949152542373,1.0,0.18461538461538463
1.7589885104030145e-08,fixed,before,12,127,0,95,234,0.08633093525179857,1.0,0.15894039735099338
1.7589885104030145e-08,fixed,after,12,121,0,84,217,0.09022556390977443,1.0,0.16551724137931034
2.1892635260201132e-08,old,before,12,110,0,111,233,0.09836065573770492,1.0,0.1791044776119403
2.1892635260201132e-08,old,after,12,105,0,99,216,0.10256410256410256,1.0,0.18604651162790697
2.1892635260201132e-08,fixed,before,12,126,0,95,233,0.08695652173913043,1.0,0.16
2.1892635260201132e-08,fixed,after,12,120,0,84,216,0.09090909090909091,1.0,0.16666666666666666
2.2285460588022943e-08,old,before,12,110,0,110,232,0.09836065573770492,1.0,0.1791044776119403
2.2285460588022943e-08,old,after,12,105,0,98,215,0.10256410256410256,1.0,0.18604651162790697
2.2285460588022943e-08,fixed,before,12,126,0,94,232,0.08695652173913043,1.0,0.16
2.2285460588022943e-08,fixed,after,12,120,0,83,215,0.09090909090909091,1.0,0.16666666666666666
2.3020039208176968e-08,old,before,12,110,0,109,231,0.09836065573770492,1.0,0.1791044776119403
2.3020039208176968e-08,old,after,12,105,0,97,214,0.10256410256410256,1.0,0.18604651162790697
2.3020039208176968e-08,fixed,before,12,126,0,93,231,0.08695652173913043,1.0,0.16
2.3020039208176968e-08,fixed,after,12,120,0,82,214,0.09090909090909091,1.0,0.16666666666666666
2.334725657249237e-08,old,before,12,110,0,108,230,0.09836065573770492,1.0,0.1791044776119403
2.334725657249237e-08,old,after,12,105,0,96,213,0.10256410256410256,1.0,0.18604651162790697
2.334725657249237e-08,fixed,before,12,126,0,92,230,0.08695652173913043,1.0,0.16
2.334725657249237e-08,fixed,after,12,120,0,81,213,0.09090909090909091,1.0,0.16666666666666666
2.3426434125894957e-08,old,before,12,110,0,107,229,0.09836065573770492,1.0,0.1791044776119403
2.3426434125894957e-08,old,after,12,105,0,95,212,0.10256410256410256,1.0,0.18604651162790697
2.3426434125894957e-08,fixed,before,12,126,0,91,229,0.08695652173913043,1.0,0.16
2.3426434125894957e-08,fixed,after,12,120,0,80,212,0.09090909090909091,1.0,0.16666666666666666
2.49938310048492e-08,old,before,12,110,0,106,228,0.09836065573770492,1.0,0.1791044776119403
2.49938310048492e-08,old,after,12,105,0,94,211,0.10256410256410256,1.0,0.18604651162790697
2.49938310048492e-08,fixed,before,12,126,0,90,228,0.08695652173913043,1.0,0.16
2.49938310048492e-08,fixed,after,12,120,0,79,211,0.09090909090909091,1.0,0.16666666666666666
2.5923181823372943e-08,old,before,12,110,0,105,227,0.09836065573770492,1.0,0.1791044776119403
2.5923181823372943e-08,old,after,12,105,0,93,210,0.10256410256410256,1.0,0.18604651162790697
2.5923181823372943e-08,fixed,before,12,126,0,89,227,0.08695652173913043,1.0,0.16
2.5923181823372943e-08,fixed,after,12,120,0,78,210,0.09090909090909091,1.0,0.16666666666666666
2.6924038110109905e-08,old,before,12,110,0,104,226,0.09836065573770492,1.0,0.1791044776119403
2.6924038110109905e-08,old,after,12,105,0,92,209,0.10256410256410256,1.0,0.18604651162790697
2.6924038110109905e-08,fixed,before,12,126,0,88,226,0.08695652173913043,1.0,0.16
2.6924038110109905e-08,fixed,after,12,120,0,77,209,0.09090909090909091,1.0,0.16666666666666666
2.7386761303205276e-08,old,before,12,109,0,104,225,0.09917355371900827,1.0,0.18045112781954886
2.7386761303205276e-08,old,after,12,104,0,92,208,0.10344827586206896,1.0,0.1875
2.7386761303205276e-08,fixed,before,12,126,0,87,225,0.08695652173913043,1.0,0.16
2.7386761303205276e-08,fixed,after,12,120,0,76,208,0.09090909090909091,1.0,0.16666666666666666
3.3530138665582854e-08,old,before,12,109,0,103,224,0.09917355371900827,1.0,0.18045112781954886
3.3530138665582854e-08,old,after,12,104,0,91,207,0.10344827586206896,1.0,0.1875
3.3530138665582854e-08,fixed,before,12,126,0,86,224,0.08695652173913043,1.0,0.16
3.3530138665582854e-08,fixed,after,12,120,0,75,207,0.09090909090909091,1.0,0.16666666666666666
3.963949524177224e-08,old,before,12,108,0,103,223,0.1,1.0,0.18181818181818182
3.963949524177224e-08,old,after,12,103,0,91,206,0.10434782608695652,1.0,0.1889763779527559
3.963949524177224e-08,fixed,before,12,125,0,86,223,0.08759124087591241,1.0,0.1610738255033557
3.963949524177224e-08,fixed,after,12,119,0,75,206,0.0916030534351145,1.0,0.16783216783216784
4.421877619620318e-08,old,before,12,107,0,103,222,0.10084033613445378,1.0,0.183206106870229
4.421877619620318e-08,old,after,12,102,0,91,205,0.10526315789473684,1.0,0.19047619047619047
4.421877619620318e-08,fixed,before,12,124,0,86,222,0.08823529411764706,1.0,0.16216216216216217
4.421877619620318e-08,fixed,after,12,118,0,75,205,0.09230769230769231,1.0,0.16901408450704225
4.695443323043946e-08,old,before,12,106,0,103,221,0.1016949152542373,1.0,0.18461538461538463
4.695443323043946e-08,old,after,12,101,0,91,204,0.10619469026548672,1.0,0.192
4.695443323043946e-08,fixed,before,12,123,0,86,221,0.08888888888888889,1.0,0.16326530612244897
4.695443323043946e-08,fixed,after,12,117,0,75,204,0.09302325581395349,1.0,0.1702127659574468
4.7407169745383726e-08,old,before,12,106,0,102,220,0.1016949152542373,1.0,0.18461538461538463
4.7407169745383726e-08,old,after,12,101,0,90,203,0.10619469026548672,1.0,0.192
4.7407169745383726e-08,fixed,before,12,123,0,85,220,0.08888888888888889,1.0,0.16326530612244897
4.7407169745383726e-08,fixed,after,12,117,0,74,203,0.09302325581395349,1.0,0.1702127659574468
5.5908749629907106e-08,old,before,12,106,0,101,219,0.1016949152542373,1.0,0.18461538461538463
5.5908749629907106e-08,old,after,12,101,0,89,202,0.10619469026548672,1.0,0.192
5.5908749629907106e-08,fixed,before,12,123,0,84,219,0.08888888888888889,1.0,0.16326530612244897
5.5908749629907106e-08,fixed,after,12,117,0,73,202,0.09302325581395349,1.0,0.1702127659574468
5.608038122772996e-08,old,before,12,106,0,100,218,0.1016949152542373,1.0,0.18461538461538463
5.608038122772996e-08,old,after,12,101,0,88,201,0.10619469026548672,1.0,0.192
5.608038122772996e-08,fixed,before,12,123,0,83,218,0.08888888888888889,1.0,0.16326530612244897
5.608038122772996e-08,fixed,after,12,117,0,72,201,0.09302325581395349,1.0,0.1702127659574468
6.045488021300116e-08,old,before,12,106,0,99,217,0.1016949152542373,1.0,0.18461538461538463
6.045488021300116e-08,old,after,12,101,0,88,201,0.10619469026548672,1.0,0.192
6.045488021300116e-08,fixed,before,12,123,0,82,217,0.08888888888888889,1.0,0.16326530612244897
6.045488021300116e-08,fixed,after,12,117,0,72,201,0.09302325581395349,1.0,0.1702127659574468
6.138395747257164e-08,old,before,12,106,0,98,216,0.1016949152542373,1.0,0.18461538461538463
6.138395747257164e-08,old,after,12,101,0,87,200,0.10619469026548672,1.0,0.192
6.138395747257164e-08,fixed,before,12,123,0,81,216,0.08888888888888889,1.0,0.16326530612244897
6.138395747257164e-08,fixed,after,12,117,0,71,200,0.09302325581395349,1.0,0.1702127659574468
6.198327184847585e-08,old,before,12,106,0,97,215,0.1016949152542373,1.0,0.18461538461538463
6.198327184847585e-08,old,after,12,101,0,86,199,0.10619469026548672,1.0,0.192
6.198327184847585e-08,fixed,before,12,123,0,80,215,0.08888888888888889,1.0,0.16326530612244897
6.198327184847585e-08,fixed,after,12,117,0,70,199,0.09302325581395349,1.0,0.1702127659574468
6.528806295591494e-08,old,before,12,106,0,96,214,0.1016949152542373,1.0,0.18461538461538463
6.528806295591494e-08,old,after,12,101,0,85,198,0.10619469026548672,1.0,0.192
6.528806295591494e-08,fixed,before,12,123,0,79,214,0.08888888888888889,1.0,0.16326530612244897
6.528806295591494e-08,fixed,after,12,117,0,69,198,0.09302325581395349,1.0,0.1702127659574468
7.626457687592847e-08,old,before,12,106,0,95,213,0.1016949152542373,1.0,0.18461538461538463
7.626457687592847e-08,old,after,12,101,0,84,197,0.10619469026548672,1.0,0.192
7.626457687592847e-08,fixed,before,12,123,0,78,213,0.08888888888888889,1.0,0.16326530612244897
7.626457687592847e-08,fixed,after,12,117,0,68,197,0.09302325581395349,1.0,0.1702127659574468
7.843329541401545e-08,old,before,12,105,0,95,212,0.10256410256410256,1.0,0.18604651162790697
7.843329541401545e-08,old,after,12,100,0,84,196,0.10714285714285714,1.0,0.1935483870967742
7.843329541401545e-08,fixed,before,12,122,0,78,212,0.08955223880597014,1.0,0.1643835616438356
7.843329541401545e-08,fixed,after,12,116,0,68,196,0.09375,1.0,0.17142857142857143
8.517930183415956e-08,old,before,12,105,0,94,211,0.10256410256410256,1.0,0.18604651162790697
8.517930183415956e-08,old,after,12,100,0,83,195,0.10714285714285714,1.0,0.1935483870967742
8.517930183415956e-08,fixed,before,12,122,0,77,211,0.08955223880597014,1.0,0.1643835616438356
8.517930183415956e-08,fixed,after,12,116,0,67,195,0.09375,1.0,0.17142857142857143
1.0229220492874447e-07,old,before,12,105,0,93,210,0.10256410256410256,1.0,0.18604651162790697
1.0229220492874447e-07,old,after,12,100,0,83,195,0.10714285714285714,1.0,0.1935483870967742
1.0229220492874447e-07,fixed,before,12,122,0,76,210,0.08955223880597014,1.0,0.1643835616438356
1.0229220492874447e-07,fixed,after,12,116,0,67,195,0.09375,1.0,0.17142857142857143
1.0703234920583782e-07,old,before,12,105,0,92,209,0.10256410256410256,1.0,0.18604651162790697
1.0703234920583782e-07,old,after,12,100,0,82,194,0.10714285714285714,1.0,0.1935483870967742
1.0703234920583782e-07,fixed,before,12,122,0,75,209,0.08955223880597014,1.0,0.1643835616438356
1.0703234920583782e-07,fixed,after,12,116,0,66,194,0.09375,1.0,0.17142857142857143
1.080330349623182e-07,old,before,12,105,0,91,208,0.10256410256410256,1.0,0.18604651162790697
1.080330349623182e-07,old,after,12,100,0,81,193,0.10714285714285714,1.0,0.1935483870967742
1.080330349623182e-07,fixed,before,12,122,0,74,208,0.08955223880597014,1.0,0.1643835616438356
1.080330349623182e-07,fixed,after,12,116,0,65,193,0.09375,1.0,0.17142857142857143
1.1390372378627944e-07,old,before,12,105,0,90,207,0.10256410256410256,1.0,0.18604651162790697
1.1390372378627944e-07,old,after,12,100,0,80,192,0.10714285714285714,1.0,0.1935483870967742
1.1390372378627944e-07,fixed,before,12,122,0,73,207,0.08955223880597014,1.0,0.1643835616438356
1.1390372378627944e-07,fixed,after,12,116,0,64,192,0.09375,1.0,0.17142857142857143
1.15474335871113e-07,old,before,12,104,0,90,206,0.10344827586206896,1.0,0.1875
1.15474335871113e-07,old,after,12,99,0,80,191,0.10810810810810811,1.0,0.1951219512195122
1.15474335871113e-07,fixed,before,12,121,0,73,206,0.09022556390977443,1.0,0.16551724137931034
1.15474335871113e-07,fixed,after,12,115,0,64,191,0.09448818897637795,1.0,0.17266187050359713
1.208000952601651e-07,old,before,12,103,0,90,205,0.10434782608695652,1.0,0.1889763779527559
1.208000952601651e-07,old,after,12,99,0,80,191,0.10810810810810811,1.0,0.1951219512195122
1.208000952601651e-07,fixed,before,12,120,0,73,205,0.09090909090909091,1.0,0.16666666666666666
1.208000952601651e-07,fixed,after,12,115,0,64,191,0.09448818897637795,1.0,0.17266187050359713
1.2778222924225702e-07,old,before,12,103,0,89,204,0.10434782608695652,1.0,0.1889763779527559
1.2778222924225702e-07,old,after,12,99,0,80,191,0.10810810810810811,1.0,0.1951219512195122
1.2778222924225702e-07,fixed,before,12,120,0,72,204,0.09090909090909091,1.0,0.16666666666666666
1.2778222924225702e-07,fixed,after,12,115,0,64,191,0.09448818897637795,1.0,0.17266187050359713
1.2828162709865865e-07,old,before,12,102,0,89,203,0.10526315789473684,1.0,0.19047619047619047
1.2828162709865865e-07,old,after,12,98,0,80,190,0.10909090909090909,1.0,0.19672131147540983
1.2828162709865865e-07,fixed,before,12,119,0,72,203,0.0916030534351145,1.0,0.16783216783216784
1.2828162709865865e-07,fixed,after,12,114,0,64,190,0.09523809523809523,1.0,0.17391304347826086
1.3394669906574563e-07,old,before,12,101,0,89,202,0.10619469026548672,1.0,0.192
1.3394669906574563e-07,old,after,12,98,0,80,190,0.10909090909090909,1.0,0.19672131147540983
1.3394669906574563e-07,fixed,before,12,118,0,72,202,0.09230769230769231,1.0,0.16901408450704225
1.3394669906574563e-07,fixed,after,12,114,0,64,190,0.09523809523809523,1.0,0.17391304347826086
1.3405608001448854e-07,old,before,12,101,0,88,201,0.10619469026548672,1.0,0.192
1.3405608001448854e-07,old,after,12,98,0,79,189,0.10909090909090909,1.0,0.19672131147540983
1.3405608001448854e-07,fixed,before,12,118,0,71,201,0.09230769230769231,1.0,0.16901408450704225
1.3405608001448854e-07,fixed,after,12,114,0,63,189,0.09523809523809523,1.0,0.17391304347826086
1.7884553926705848e-07,old,before,12,101,0,87,200,0.10619469026548672,1.0,0.192
1.7884553926705848e-07,old,after,12,98,0,78,188,0.10909090909090909,1.0,0.19672131147540983
1.7884553926705848e-07,fixed,before,12,118,0,70,200,0.09230769230769231,1.0,0.16901408450704225
1.7884553926705848e-07,fixed,after,12,114,0,62,188,0.09523809523809523,1.0,0.17391304347826086
2.0121380828186375e-07,old,before,12,100,0,87,199,0.10714285714285714,1.0,0.1935483870967742
2.0121380828186375e-07,old,after,12,97,0,78,187,0.11009174311926606,1.0,0.19834710743801653
2.0121380828186375e-07,fixed,before,12,117,0,70,199,0.09302325581395349,1.0,0.1702127659574468
2.0121380828186375e-07,fixed,after,12,113,0,62,187,0.096,1.0,0.17518248175182483
2.0423067326191813e-07,old,before,12,100,0,86,198,0.10714285714285714,1.0,0.1935483870967742
2.0423067326191813e-07,old,after,12,97,0,78,187,0.11009174311926606,1.0,0.19834710743801653
2.0423067326191813e-07,fixed,before,12,117,0,69,198,0.09302325581395349,1.0,0.1702127659574468
2.0423067326191813e-07,fixed,after,12,113,0,62,187,0.096,1.0,0.17518248175182483
2.090634865226093e-07,old,before,12,99,0,86,197,0.10810810810810811,1.0,0.1951219512195122
2.090634865226093e-07,old,after,12,96,0,78,186,0.1111111111111111,1.0,0.2
2.090634865226093e-07,fixed,before,12,116,0,69,197,0.09375,1.0,0.17142857142857143
2.090634865226093e-07,fixed,after,12,112,0,62,186,0.0967741935483871,1.0,0.17647058823529413
2.141589021675827e-07,old,before,12,99,0,85,196,0.10810810810810811,1.0,0.1951219512195122
2.141589021675827e-07,old,after,12,96,0,77,185,0.1111111111111111,1.0,0.2
2.141589021675827e-07,fixed,before,12,116,0,68,196,0.09375,1.0,0.17142857142857143
2.141589021675827e-07,fixed,after,12,112,0,61,185,0.0967741935483871,1.0,0.17647058823529413
2.1993321297486546e-07,old,before,12,99,0,84,195,0.10810810810810811,1.0,0.1951219512195122
2.1993321297486546e-07,old,after,12,96,0,76,184,0.1111111111111111,1.0,0.2
2.1993321297486546e-07,fixed,before,12,116,0,67,195,0.09375,1.0,0.17142857142857143
2.1993321297486546e-07,fixed,after,12,112,0,60,184,0.0967741935483871,1.0,0.17647058823529413
2.410251624951343e-07,old,before,12,99,0,83,194,0.10810810810810811,1.0,0.1951219512195122
2.410251624951343e-07,old,after,12,96,0,75,183,0.1111111111111111,1.0,0.2
2.410251624951343e-07,fixed,before,12,116,0,66,194,0.09375,1.0,0.17142857142857143
2.410251624951343e-07,fixed,after,12,112,0,59,183,0.0967741935483871,1.0,0.17647058823529413
2.6004849473793e-07,old,before,12,98,0,83,193,0.10909090909090909,1.0,0.19672131147540983
2.6004849473793e-07,old,after,12,95,0,75,182,0.11214953271028037,1.0,0.20168067226890757
2.6004849473793e-07,fixed,before,12,115,0,66,193,0.09448818897637795,1.0,0.17266187050359713
2.6004849473793e-07,fixed,after,12,111,0,59,182,0.0975609756097561,1.0,0.17777777777777778
2.6855036594497506e-07,old,before,12,97,0,83,192,0.11009174311926606,1.0,0.19834710743801653
2.6855036594497506e-07,old,after,12,94,0,75,181,0.11320754716981132,1.0,0.2033898305084746
2.6855036594497506e-07,fixed,before,12,114,0,66,192,0.09523809523809523,1.0,0.17391304347826086
2.6855036594497506e-07,fixed,after,12,110,0,59,181,0.09836065573770492,1.0,0.1791044776119403
2.7037492600356927e-07,old,before,12,96,0,83,191,0.1111111111111111,1.0,0.2
2.7037492600356927e-07,old,after,12,93,0,75,180,0.11428571428571428,1.0,0.20512820512820512
2.7037492600356927e-07,fixed,before,12,113,0,66,191,0.096,1.0,0.17518248175182483
2.7037492600356927e-07,fixed,after,12,109,0,59,180,0.09917355371900827,1.0,0.18045112781954886
3.1416783485838096e-07,old,before,12,96,0,82,190,0.1111111111111111,1.0,0.2
3.1416783485838096e-07,old,after,12,93,0,74,179,0.11428571428571428,1.0,0.20512820512820512
3.1416783485838096e-07,fixed,before,12,113,0,65,190,0.096,1.0,0.17518248175182483
3.1416783485838096e-07,fixed,after,12,109,0,58,179,0.09917355371900827,1.0,0.18045112781954886
4.752758400172752e-07,old,before,12,96,0,81,189,0.1111111111111111,1.0,0.2
4.752758400172752e-07,old,after,12,93,0,74,179,0.11428571428571428,1.0,0.20512820512820512
4.752758400172752e-07,fixed,before,12,113,0,64,189,0.096,1.0,0.17518248175182483
4.752758400172752e-07,fixed,after,12,109,0,58,179,0.09917355371900827,1.0,0.18045112781954886
5.437907475425163e-07,old,before,12,95,0,81,188,0.11214953271028037,1.0,0.20168067226890757
5.437907475425163e-07,old,after,12,92,0,74,178,0.11538461538461539,1.0,0.20689655172413793
5.437907475425163e-07,fixed,before,12,112,0,64,188,0.0967741935483871,1.0,0.17647058823529413
5.437907475425163e-07,fixed,after,12,108,0,58,178,0.1,1.0,0.18181818181818182
5.537915512832114e-07,old,before,12,95,0,80,187,0.11214953271028037,1.0,0.20168067226890757
5.537915512832114e-07,old,after,12,92,0,73,177,0.11538461538461539,1.0,0.20689655172413793
5.537915512832114e-07,fixed,before,12,112,0,63,187,0.0967741935483871,1.0,0.17647058823529413
5.537915512832114e-07,fixed,after,12,108,0,57,177,0.1,1.0,0.18181818181818182
6.03445187152829e-07,old,before,12,95,0,79,186,0.11214953271028037,1.0,0.20168067226890757
6.03445187152829e-07,old,after,12,92,0,72,176,0.11538461538461539,1.0,0.20689655172413793
6.03445187152829e-07,fixed,before,12,112,0,62,186,0.0967741935483871,1.0,0.17647058823529413
6.03445187152829e-07,fixed,after,12,108,0,56,176,0.1,1.0,0.18181818181818182
6.211819254531292e-07,old,before,12,94,0,79,185,0.11320754716981132,1.0,0.2033898305084746
6.211819254531292e-07,old,after,12,91,0,72,175,0.11650485436893204,1.0,0.20869565217391303
6.211819254531292e-07,fixed,before,12,111,0,62,185,0.0975609756097561,1.0,0.17777777777777778
6.211819254531292e-07,fixed,after,12,107,0,56,175,0.10084033613445378,1.0,0.183206106870229
6.49555545351177e-07,old,before,12,94,0,78,184,0.11320754716981132,1.0,0.2033898305084746
6.49555545351177e-07,old,after,12,91,0,71,174,0.11650485436893204,1.0,0.20869565217391303
6.49555545351177e-07,fixed,before,12,111,0,61,184,0.0975609756097561,1.0,0.17777777777777778
6.49555545351177e-07,fixed,after,12,107,0,55,174,0.10084033613445378,1.0,0.183206106870229
6.571903554686287e-07,old,before,12,94,0,77,183,0.11320754716981132,1.0,0.2033898305084746
6.571903554686287e-07,old,after,12,91,0,70,173,0.11650485436893204,1.0,0.20869565217391303
6.571903554686287e-07,fixed,before,12,111,0,60,183,0.0975609756097561,1.0,0.17777777777777778
6.571903554686287e-07,fixed,after,12,107,0,54,173,0.10084033613445378,1.0,0.183206106870229
7.165042461565463e-07,old,before,12,94,0,76,182,0.11320754716981132,1.0,0.2033898305084746
7.165042461565463e-07,old,after,12,91,0,69,172,0.11650485436893204,1.0,0.20869565217391303
7.165042461565463e-07,fixed,before,12,111,0,59,182,0.0975609756097561,1.0,0.17777777777777778
7.165042461565463e-07,fixed,after,12,107,0,53,172,0.10084033613445378,1.0,0.183206106870229
9.337242659057665e-07,old,before,12,94,0,75,181,0.11320754716981132,1.0,0.2033898305084746
9.337242659057665e-07,old,after,12,91,0,69,172,0.11650485436893204,1.0,0.20869565217391303
9.337242659057665e-07,fixed,before,12,111,0,58,181,0.0975609756097561,1.0,0.17777777777777778
9.337242659057665e-07,fixed,after,12,107,0,53,172,0.10084033613445378,1.0,0.183206106870229
9.371731835017272e-07,old,before,12,93,0,75,180,0.11428571428571428,1.0,0.20512820512820512
9.371731835017272e-07,old,after,12,90,0,69,171,0.11764705882352941,1.0,0.21052631578947367
9.371731835017272e-07,fixed,before,12,110,0,58,180,0.09836065573770492,1.0,0.1791044776119403
9.371731835017272e-07,fixed,after,12,106,0,53,171,0.1016949152542373,1.0,0.18461538461538463
1.051559706866101e-06,old,before,12,93,0,74,179,0.11428571428571428,1.0,0.20512820512820512
1.051559706866101e-06,old,after,12,90,0,68,170,0.11764705882352941,1.0,0.21052631578947367
1.051559706866101e-06,fixed,before,12,110,0,57,179,0.09836065573770492,1.0,0.1791044776119403
1.051559706866101e-06,fixed,after,12,106,0,52,170,0.1016949152542373,1.0,0.18461538461538463
1.0600579116726294e-06,old,before,12,93,0,73,178,0.11428571428571428,1.0,0.20512820512820512
1.0600579116726294e-06,old,after,12,90,0,67,169,0.11764705882352941,1.0,0.21052631578947367
1.0600579116726294e-06,fixed,before,12,110,0,56,178,0.09836065573770492,1.0,0.1791044776119403
1.0600579116726294e-06,fixed,after,12,106,0,51,169,0.1016949152542373,1.0,0.18461538461538463
1.079217668120691e-06,old,before,12,93,0,72,177,0.11428571428571428,1.0,0.20512820512820512
1.079217668120691e-06,old,after,12,90,0,66,168,0.11764705882352941,1.0,0.21052631578947367
1.079217668120691e-06,fixed,before,12,110,0,55,177,0.09836065573770492,1.0,0.1791044776119403
1.079217668120691e-06,fixed,after,12,106,0,50,168,0.1016949152542373,1.0,0.18461538461538463
1.181378365799901e-06,old,before,12,93,0,71,176,0.11428571428571428,1.0,0.20512820512820512
1.181378365799901e-06,old,after,12,90,0,65,167,0.11764705882352941,1.0,0.21052631578947367
1.181378365799901e-06,fixed,before,12,110,0,54,176,0.09836065573770492,1.0,0.1791044776119403
1.181378365799901e-06,fixed,after,12,106,0,49,167,0.1016949152542373,1.0,0.18461538461538463
1.2541369187601958e-06,old,before,12,92,0,71,175,0.11538461538461539,1.0,0.20689655172413793
1.2541369187601958e-06,old,after,12,90,0,65,167,0.11764705882352941,1.0,0.21052631578947367
1.2541369187601958e-06,fixed,before,12,109,0,54,175,0.09917355371900827,1.0,0.18045112781954886
1.2541369187601958e-06,fixed,after,12,106,0,49,167,0.1016949152542373,1.0,0.18461538461538463
1.2712215493593249e-06,old,before,12,92,0,70,174,0.11538461538461539,1.0,0.20689655172413793
1.2712215493593249e-06,old,after,12,90,0,64,166,0.11764705882352941,1.0,0.21052631578947367
1.2712215493593249e-06,fixed,before,12,109,0,53,174,0.09917355371900827,1.0,0.18045112781954886
1.2712215493593249e-06,fixed,after,12,106,0,48,166,0.1016949152542373,1.0,0.18461538461538463
1.3130098750480101e-06,old,before,12,92,0,69,173,0.11538461538461539,1.0,0.20689655172413793
1.3130098750480101e-06,old,after,12,90,0,63,165,0.11764705882352941,1.0,0.21052631578947367
1.3130098750480101e-06,fixed,before,12,109,0,52,173,0.09917355371900827,1.0,0.18045112781954886
1.3130098750480101e-06,fixed,after,12,106,0,47,165,0.1016949152542373,1.0,0.18461538461538463
1.3927152622272843e-06,old,before,12,92,0,68,172,0.11538461538461539,1.0,0.20689655172413793
1.3927152622272843e-06,old,after,12,90,0,63,165,0.11764705882352941,1.0,0.21052631578947367
1.3927152622272843e-06,fixed,before,12,109,0,51,172,0.09917355371900827,1.0,0.18045112781954886
1.3927152622272843e-06,fixed,after,12,106,0,47,165,0.1016949152542373,1.0,0.18461538461538463
1.5396042272186605e-06,old,before,12,91,0,68,171,0.11650485436893204,1.0,0.20869565217391303
1.5396042272186605e-06,old,after,12,89,0,63,164,0.1188118811881188,1.0,0.21238938053097345
1.5396042272186605e-06,fixed,before,12,108,0,51,171,0.1,1.0,0.18181818181818182
1.5396042272186605e-06,fixed,after,12,105,0,47,164,0.10256410256410256,1.0,0.18604651162790697
1.822317472033319e-06,old,before,12,91,0,67,170,0.11650485436893204,1.0,0.20869565217391303
1.822317472033319e-06,old,after,12,89,0,63,164,0.1188118811881188,1.0,0.21238938053097345
1.822317472033319e-06,fixed,before,12,108,0,50,170,0.1,1.0,0.18181818181818182
1.822317472033319e-06,fixed,after,12,105,0,47,164,0.10256410256410256,1.0,0.18604651162790697
1.9087851796939503e-06,old,before,12,91,0,66,169,0.11650485436893204,1.0,0.20869565217391303
1.9087851796939503e-06,old,after,12,89,0,62,163,0.1188118811881188,1.0,0.21238938053097345
1.9087851796939503e-06,fixed,before,12,108,0,49,169,0.1,1.0,0.18181818181818182
1.9087851796939503e-06,fixed,after,12,105,0,46,163,0.10256410256410256,1.0,0.18604651162790697
1.9497338143992238e-06,old,before,12,90,0,66,168,0.11764705882352941,1.0,0.21052631578947367
1.9497338143992238e-06,old,after,12,88,0,62,162,0.12,1.0,0.21428571428571427
1.9497338143992238e-06,fixed,before,12,107,0,49,168,0.10084033613445378,1.0,0.183206106870229
1.9497338143992238e-06,fixed,after,12,104,0,46,162,0.10344827586206896,1.0,0.1875
2.025543153649778e-06,old,before,12,90,0,65,167,0.11764705882352941,1.0,0.21052631578947367
2.025543153649778e-06,old,after,12,88,0,62,162,0.12,1.0,0.21428571428571427
2.025543153649778e-06,fixed,before,12,107,0,48,167,0.10084033613445378,1.0,0.183206106870229
2.025543153649778e-06,fixed,after,12,104,0,46,162,0.10344827586206896,1.0,0.1875
2.338263357160031e-06,old,before,12,90,0,64,166,0.11764705882352941,1.0,0.21052631578947367
2.338263357160031e-06,old,after,12,88,0,61,161,0.12,1.0,0.21428571428571427
2.338263357160031e-06,fixed,before,12,107,0,47,166,0.10084033613445378,1.0,0.183206106870229
2.338263357160031e-06,fixed,after,12,104,0,45,161,0.10344827586206896,1.0,0.1875
2.3833581508370116e-06,old,before,12,90,0,63,165,0.11764705882352941,1.0,0.21052631578947367
2.3833581508370116e-06,old,after,12,88,0,60,160,0.12,1.0,0.21428571428571427
2.3833581508370116e-06,fixed,before,12,107,0,46,165,0.10084033613445378,1.0,0.183206106870229
2.3833581508370116e-06,fixed,after,12,104,0,44,160,0.10344827586206896,1.0,0.1875
2.5057158836716553e-06,old,before,12,90,0,62,164,0.11764705882352941,1.0,0.21052631578947367
2.5057158836716553e-06,old,after,12,88,0,59,159,0.12,1.0,0.21428571428571427
2.5057158836716553e-06,fixed,before,12,107,0,45,164,0.10084033613445378,1.0,0.183206106870229
2.5057158836716553e-06,fixed,after,12,104,0,43,159,0.10344827586206896,1.0,0.1875
3.18269599119958e-06,old,before,12,89,0,62,163,0.1188118811881188,1.0,0.21238938053097345
3.18269599119958e-06,old,after,12,87,0,59,158,0.12121212121212122,1.0,0.21621621621621623
3.18269599119958e-06,fixed,before,12,106,0,45,163,0.1016949152542373,1.0,0.18461538461538463
3.18269599119958e-06,fixed,after,12,103,0,43,158,0.10434782608695652,1.0,0.1889763779527559
3.3532460292917676e-06,old,before,12,88,0,62,162,0.12,1.0,0.21428571428571427
3.3532460292917676e-06,old,after,12,86,0,59,157,0.12244897959183673,1.0,0.21818181818181817
3.3532460292917676e-06,fixed,before,12,105,0,45,162,0.10256410256410256,1.0,0.18604651162790697
3.3532460292917676e-06,fixed,after,12,102,0,43,157,0.10526315789473684,1.0,0.19047619047619047
3.579061967684538e-06,old,before,12,88,0,61,161,0.12,1.0,0.21428571428571427
3.579061967684538e-06,old,after,12,86,0,58,156,0.12244897959183673,1.0,0.21818181818181817
3.579061967684538e-06,fixed,before,12,105,0,44,161,0.10256410256410256,1.0,0.18604651162790697
3.579061967684538e-06,fixed,after,12,102,0,42,156,0.10526315789473684,1.0,0.19047619047619047
3.976815605710726e-06,old,before,12,88,0,60,160,0.12,1.0,0.21428571428571427
3.976815605710726e-06,old,after,12,86,0,57,155,0.12244897959183673,1.0,0.21818181818181817
3.976815605710726e-06,fixed,before,12,105,0,43,160,0.10256410256410256,1.0,0.18604651162790697
3.976815605710726e-06,fixed,after,12,102,0,41,155,0.10526315789473684,1.0,0.19047619047619047
5.25118230143562e-06,old,before,12,87,0,60,159,0.12121212121212122,1.0,0.21621621621621623
5.25118230143562e-06,old,after,12,85,0,57,154,0.12371134020618557,1.0,0.22018348623853212
5.25118230143562e-06,fixed,before,12,104,0,43,159,0.10344827586206896,1.0,0.1875
5.25118230143562e-06,fixed,after,12,101,0,41,154,0.10619469026548672,1.0,0.192
5.780943411082262e-06,old,before,12,86,0,60,158,0.12244897959183673,1.0,0.21818181818181817
5.780943411082262e-06,old,after,12,84,0,57,153,0.125,1.0,0.2222222222222222
5.780943411082262e-06,fixed,before,12,103,0,43,158,0.10434782608695652,1.0,0.1889763779527559
5.780943411082262e-06,fixed,after,12,100,0,41,153,0.10714285714285714,1.0,0.1935483870967742
7.211684533103835e-06,old,before,12,86,0,59,157,0.12244897959183673,1.0,0.21818181818181817
7.211684533103835e-06,old,after,12,84,0,56,152,0.125,1.0,0.2222222222222222
7.211684533103835e-06,fixed,before,12,103,0,42,157,0.10434782608695652,1.0,0.1889763779527559
7.211684533103835e-06,fixed,after,12,100,0,40,152,0.10714285714285714,1.0,0.1935483870967742
7.564288353023585e-06,old,before,12,85,0,59,156,0.12371134020618557,1.0,0.22018348623853212
7.564288353023585e-06,old,after,12,83,0,56,151,0.12631578947368421,1.0,0.22429906542056074
7.564288353023585e-06,fixed,before,12,102,0,42,156,0.10526315789473684,1.0,0.19047619047619047
7.564288353023585e-06,fixed,after,12,99,0,40,151,0.10810810810810811,1.0,0.1951219512195122
8.176048140740022e-06,old,before,12,84,0,59,155,0.125,1.0,0.2222222222222222
8.176048140740022e-06,old,after,12,82,0,56,150,0.1276595744680851,1.0,0.22641509433962265
8.176048140740022e-06,fixed,before,12,101,0,42,155,0.10619469026548672,1.0,0.192
8.176048140740022e-06,fixed,after,12,98,0,40,150,0.10909090909090909,1.0,0.19672131147540983
8.400779734074604e-06,old,before,12,84,0,58,154,0.125,1.0,0.2222222222222222
8.400779734074604e-06,old,after,12,82,0,55,149,0.1276595744680851,1.0,0.22641509433962265
8.400779734074604e-06,fixed,before,12,101,0,41,154,0.10619469026548672,1.0,0.192
8.400779734074604e-06,fixed,after,12,98,0,39,149,0.10909090909090909,1.0,0.19672131147540983
8.403030733461492e-06,old,before,12,83,0,58,153,0.12631578947368421,1.0,0.22429906542056074
8.403030733461492e-06,old,after,12,81,0,55,148,0.12903225806451613,1.0,0.22857142857142856
8.403030733461492e-06,fixed,before,12,100,0,41,153,0.10714285714285714,1.0,0.1935483870967742
8.403030733461492e-06,fixed,after,12,97,0,39,148,0.11009174311926606,1.0,0.19834710743801653
9.374311957799364e-06,old,before,12,82,0,58,152,0.1276595744680851,1.0,0.22641509433962265
9.374311957799364e-06,old,after,12,80,0,55,147,0.13043478260869565,1.0,0.23076923076923078
9.374311957799364e-06,fixed,before,12,99,0,41,152,0.10810810810810811,1.0,0.1951219512195122
9.374311957799364e-06,fixed,after,12,96,0,39,147,0.1111111111111111,1.0,0.2
1.109003642341122e-05,old,before,12,82,0,57,151,0.1276595744680851,1.0,0.22641509433962265
1.109003642341122e-05,old,after,12,80,0,54,146,0.13043478260869565,1.0,0.23076923076923078
1.109003642341122e-05,fixed,before,12,99,0,40,151,0.10810810810810811,1.0,0.1951219512195122
1.109003642341122e-05,fixed,after,12,96,0,38,146,0.1111111111111111,1.0,0.2
1.133895966631826e-05,old,before,12,81,0,57,150,0.12903225806451613,1.0,0.22857142857142856
1.133895966631826e-05,old,after,12,79,0,54,145,0.13186813186813187,1.0,0.23300970873786409
1.133895966631826e-05,fixed,before,12,98,0,40,150,0.10909090909090909,1.0,0.19672131147540983
1.133895966631826e-05,fixed,after,12,95,0,38,145,0.11214953271028037,1.0,0.20168067226890757
1.1403580174373928e-05,old,before,12,80,0,57,149,0.13043478260869565,1.0,0.23076923076923078
1.1403580174373928e-05,old,after,12,78,0,54,144,0.13333333333333333,1.0,0.23529411764705882
1.1403580174373928e-05,fixed,before,12,97,0,40,149,0.11009174311926606,1.0,0.19834710743801653
1.1403580174373928e-05,fixed,after,12,94,0,38,144,0.11320754716981132,1.0,0.2033898305084746
1.2051709745719563e-05,old,before,12,80,0,56,148,0.13043478260869565,1.0,0.23076923076923078
1.2051709745719563e-05,old,after,12,78,0,53,143,0.13333333333333333,1.0,0.23529411764705882
1.2051709745719563e-05,fixed,before,12,97,0,39,148,0.11009174311926606,1.0,0.19834710743801653
1.2051709745719563e-05,fixed,after,12,94,0,37,143,0.11320754716981132,1.0,0.2033898305084746
1.2355601029412355e-05,old,before,12,80,0,55,147,0.13043478260869565,1.0,0.23076923076923078
1.2355601029412355e-05,old,after,12,78,0,52,142,0.13333333333333333,1.0,0.23529411764705882
1.2355601029412355e-05,fixed,before,12,97,0,38,147,0.11009174311926606,1.0,0.19834710743801653
1.2355601029412355e-05,fixed,after,12,94,0,36,142,0.11320754716981132,1.0,0.2033898305084746
1.2365184375084937e-05,old,before,12,80,0,54,146,0.13043478260869565,1.0,0.23076923076923078
1.2365184375084937e-05,old,after,12,78,0,51,141,0.13333333333333333,1.0,0.23529411764705882
1.2365184375084937e-05,fixed,before,12,96,0,38,146,0.1111111111111111,1.0,0.2
1.2365184375084937e-05,fixed,after,12,93,0,36,141,0.11428571428571428,1.0,0.20512820512820512
1.4907527656760067e-05,old,before,12,79,0,54,145,0.13186813186813187,1.0,0.23300970873786409
1.4907527656760067e-05,old,after,12,77,0,51,140,0.1348314606741573,1.0,0.2376237623762376
1.4907527656760067e-05,fixed,before,12,95,0,38,145,0.11214953271028037,1.0,0.20168067226890757
1.4907527656760067e-05,fixed,after,12,92,0,36,140,0.11538461538461539,1.0,0.20689655172413793
1.5723146134405397e-05,old,before,12,78,0,54,144,0.13333333333333333,1.0,0.23529411764705882
1.5723146134405397e-05,old,after,12,76,0,51,139,0.13636363636363635,1.0,0.24
1.5723146134405397e-05,fixed,before,12,94,0,38,144,0.11320754716981132,1.0,0.2033898305084746
1.5723146134405397e-05,fixed,after,12,91,0,36,139,0.11650485436893204,1.0,0.20869565217391303
1.9515404346748255e-05,old,before,12,77,0,54,143,0.1348314606741573,1.0,0.2376237623762376
1.9515404346748255e-05,old,after,12,75,0,51,138,0.13793103448275862,1.0,0.24242424242424243
1.9515404346748255e-05,fixed,before,12,93,0,38,143,0.11428571428571428,1.0,0.20512820512820512
1.9515404346748255e-05,fixed,after,12,90,0,36,138,0.11764705882352941,1.0,0.21052631578947367
2.0050700186402537e-05,old,before,12,77,0,53,142,0.1348314606741573,1.0,0.2376237623762376
2.0050700186402537e-05,old,after,12,75,0,50,137,0.13793103448275862,1.0,0.24242424242424243
2.0050700186402537e-05,fixed,before,12,93,0,37,142,0.11428571428571428,1.0,0.20512820512820512
2.0050700186402537e-05,fixed,after,12,90,0,35,137,0.11764705882352941,1.0,0.21052631578947367
2.0217537894495763e-05,old,before,12,77,0,52,141,0.1348314606741573,1.0,0.2376237623762376
2.0217537894495763e-05,old,after,12,75,0,49,136,0.13793103448275862,1.0,0.24242424242424243
2.0217537894495763e-05,fixed,before,12,93,0,36,141,0.11428571428571428,1.0,0.20512820512820512
2.0217537894495763e-05,fixed,after,12,90,0,34,136,0.11764705882352941,1.0,0.21052631578947367
2.155645051971078e-05,old,before,12,76,0,52,140,0.13636363636363635,1.0,0.24
2.155645051971078e-05,old,after,12,74,0,49,135,0.13953488372093023,1.0,0.24489795918367346
2.155645051971078e-05,fixed,before,12,92,0,36,140,0.11538461538461539,1.0,0.20689655172413793
2.155645051971078e-05,fixed,after,12,89,0,34,135,0.1188118811881188,1.0,0.21238938053097345
2.268169555463828e-05,old,before,12,76,0,51,139,0.13636363636363635,1.0,0.24
2.268169555463828e-05,old,after,12,74,0,48,134,0.13953488372093023,1.0,0.24489795918367346
2.268169555463828e-05,fixed,before,12,92,0,35,139,0.11538461538461539,1.0,0.20689655172413793
2.268169555463828e-05,fixed,after,12,89,0,33,134,0.1188118811881188,1.0,0.21238938053097345
2.506114833522588e-05,old,before,12,76,0,50,138,0.13636363636363635,1.0,0.24
2.506114833522588e-05,old,after,12,74,0,47,133,0.13953488372093023,1.0,0.24489795918367346
2.506114833522588e-05,fixed,before,12,92,0,34,138,0.11538461538461539,1.0,0.20689655172413793
2.506114833522588e-05,fixed,after,12,89,0,32,133,0.1188118811881188,1.0,0.21238938053097345
3.272176400059834e-05,old,before,12,76,0,49,137,0.13636363636363635,1.0,0.24
3.272176400059834e-05,old,after,12,74,0,46,132,0.13953488372093023,1.0,0.24489795918367346
3.272176400059834e-05,fixed,before,12,92,0,33,137,0.11538461538461539,1.0,0.20689655172413793
3.272176400059834e-05,fixed,after,12,89,0,31,132,0.1188118811881188,1.0,0.21238938053097345
3.521072358125821e-05,old,before,12,76,0,48,136,0.13636363636363635,1.0,0.24
3.521072358125821e-05,old,after,12,74,0,45,131,0.13953488372093023,1.0,0.24489795918367346
3.521072358125821e-05,fixed,before,12,92,0,32,136,0.11538461538461539,1.0,0.20689655172413793
3.521072358125821e-05,fixed,after,12,89,0,30,131,0.1188118811881188,1.0,0.21238938053097345
3.6539466236718e-05,old,before,12,76,0,47,135,0.13636363636363635,1.0,0.24
3.6539466236718e-05,old,after,12,74,0,44,130,0.13953488372093023,1.0,0.24489795918367346
3.6539466236718e-05,fixed,before,12,92,0,31,135,0.11538461538461539,1.0,0.20689655172413793
3.6539466236718e-05,fixed,after,12,89,0,29,130,0.1188118811881188,1.0,0.21238938053097345
4.603116030921228e-05,old,before,12,75,0,47,134,0.13793103448275862,1.0,0.24242424242424243
4.603116030921228e-05,old,after,12,73,0,44,129,0.1411764705882353,1.0,0.24742268041237114
4.603116030921228e-05,fixed,before,12,91,0,31,134,0.11650485436893204,1.0,0.20869565217391303
4.603116030921228e-05,fixed,after,12,88,0,29,129,0.12,1.0,0.21428571428571427
4.662252467824146e-05,old,before,12,74,0,47,133,0.13953488372093023,1.0,0.24489795918367346
4.662252467824146e-05,old,after,12,72,0,44,128,0.14285714285714285,1.0,0.25
4.662252467824146e-05,fixed,before,12,90,0,31,133,0.11764705882352941,1.0,0.21052631578947367
4.662252467824146e-05,fixed,after,12,87,0,29,128,0.12121212121212122,1.0,0.21621621621621623
4.680704660131596e-05,old,before,12,74,0,46,132,0.13953488372093023,1.0,0.24489795918367346
4.680704660131596e-05,old,after,12,72,0,43,127,0.14285714285714285,1.0,0.25
4.680704660131596e-05,fixed,before,12,90,0,30,132,0.11764705882352941,1.0,0.21052631578947367
4.680704660131596e-05,fixed,after,12,87,0,28,127,0.12121212121212122,1.0,0.21621621621621623
4.783229815075174e-05,old,before,12,73,0,46,131,0.1411764705882353,1.0,0.24742268041237114
4.783229815075174e-05,old,after,12,71,0,43,126,0.14457831325301204,1.0,0.25263157894736843
4.783229815075174e-05,fixed,before,12,89,0,30,131,0.1188118811881188,1.0,0.21238938053097345
4.783229815075174e-05,fixed,after,12,86,0,28,126,0.12244897959183673,1.0,0.21818181818181817
6.224447133718058e-05,old,before,12,73,0,45,130,0.1411764705882353,1.0,0.24742268041237114
6.224447133718058e-05,old,after,12,71,0,42,125,0.14457831325301204,1.0,0.25263157894736843
6.224447133718058e-05,fixed,before,12,89,0,29,130,0.1188118811881188,1.0,0.21238938053097345
6.224447133718058e-05,fixed,after,12,86,0,27,125,0.12244897959183673,1.0,0.21818181818181817
6.991049303906038e-05,old,before,12,72,0,45,129,0.14285714285714285,1.0,0.25
6.991049303906038e-05,old,after,12,70,0,42,124,0.14634146341463414,1.0,0.2553191489361702
6.991049303906038e-05,fixed,before,12,88,0,29,129,0.12,1.0,0.21428571428571427
6.991049303906038e-05,fixed,after,12,85,0,27,124,0.12371134020618557,1.0,0.22018348623853212
7.069001003401354e-05,old,before,12,72,0,44,128,0.14285714285714285,1.0,0.25
7.069001003401354e-05,old,after,12,70,0,41,123,0.14634146341463414,1.0,0.2553191489361702
7.069001003401354e-05,fixed,before,12,88,0,28,128,0.12,1.0,0.21428571428571427
7.069001003401354e-05,fixed,after,12,85,0,26,123,0.12371134020618557,1.0,0.22018348623853212
7.413850107695907e-05,old,before,12,72,0,43,127,0.14285714285714285,1.0,0.25
7.413850107695907e-05,old,after,12,70,0,40,122,0.14634146341463414,1.0,0.2553191489361702
7.413850107695907e-05,fixed,before,12,88,0,27,127,0.12,1.0,0.21428571428571427
7.413850107695907e-05,fixed,after,12,85,0,25,122,0.12371134020618557,1.0,0.22018348623853212
7.86797099863179e-05,old,before,12,71,0,43,126,0.14457831325301204,1.0,0.25263157894736843
7.86797099863179e-05,old,after,12,69,0,40,121,0.14814814814814814,1.0,0.25806451612903225
7.86797099863179e-05,fixed,before,12,87,0,27,126,0.12121212121212122,1.0,0.21621621621621623
7.86797099863179e-05,fixed,after,12,84,0,25,121,0.125,1.0,0.2222222222222222
8.002838148968294e-05,old,before,12,71,0,42,125,0.14457831325301204,1.0,0.25263157894736843
8.002838148968294e-05,old,after,12,69,0,39,120,0.14814814814814814,1.0,0.25806451612903225
8.002838148968294e-05,fixed,before,12,87,0,26,125,0.12121212121212122,1.0,0.21621621621621623
8.002838148968294e-05,fixed,after,12,84,0,24,120,0.125,1.0,0.2222222222222222
8.742601494304836e-05,old,before,12,71,0,41,124,0.14457831325301204,1.0,0.25263157894736843
8.742601494304836e-05,old,after,12,69,0,39,120,0.14814814814814814,1.0,0.25806451612903225
8.742601494304836e-05,fixed,before,12,87,0,25,124,0.12121212121212122,1.0,0.21621621621621623
8.742601494304836e-05,fixed,after,12,84,0,24,120,0.125,1.0,0.2222222222222222
0.00010438330355100334,old,before,12,71,0,40,123,0.14457831325301204,1.0,0.25263157894736843
0.00010438330355100334,old,after,12,69,0,39,120,0.14814814814814814,1.0,0.25806451612903225
0.00010438330355100334,fixed,before,12,87,0,24,123,0.12121212121212122,1.0,0.21621621621621623
0.00010438330355100334,fixed,after,12,84,0,24,120,0.125,1.0,0.2222222222222222
0.00011961100972257555,old,before,12,70,0,40,122,0.14634146341463414,1.0,0.2553191489361702
0.00011961100972257555,old,after,12,68,0,39,119,0.15,1.0,0.2608695652173913
0.00011961100972257555,fixed,before,12,86,0,24,122,0.12244897959183673,1.0,0.21818181818181817
0.00011961100972257555,fixed,after,12,83,0,24,119,0.12631578947368421,1.0,0.22429906542056074
0.00011984207958448678,old,before,12,70,0,39,121,0.14634146341463414,1.0,0.2553191489361702
0.00011984207958448678,old,after,12,68,0,38,118,0.15,1.0,0.2608695652173913
0.00011984207958448678,fixed,before,12,86,0,23,121,0.12244897959183673,1.0,0.21818181818181817
0.00011984207958448678,fixed,after,12,83,0,23,118,0.12631578947368421,1.0,0.22429906542056074
0.0001290914078708738,old,before,12,69,0,39,120,0.14814814814814814,1.0,0.25806451612903225
0.0001290914078708738,old,after,12,67,0,38,117,0.1518987341772152,1.0,0.26373626373626374
0.0001290914078708738,fixed,before,12,85,0,23,120,0.12371134020618557,1.0,0.22018348623853212
0.0001290914078708738,fixed,after,12,82,0,23,117,0.1276595744680851,1.0,0.22641509433962265
0.00013184671115595847,old,before,12,69,0,38,119,0.14814814814814814,1.0,0.25806451612903225
0.00013184671115595847,old,after,12,67,0,37,116,0.1518987341772152,1.0,0.26373626373626374
0.00013184671115595847,fixed,before,12,85,0,22,119,0.12371134020618557,1.0,0.22018348623853212
0.00013184671115595847,fixed,after,12,82,0,22,116,0.1276595744680851,1.0,0.22641509433962265
0.0001320494047831744,old,before,12,69,0,37,118,0.14814814814814814,1.0,0.25806451612903225
0.0001320494047831744,old,after,12,67,0,36,115,0.1518987341772152,1.0,0.26373626373626374
0.0001320494047831744,fixed,before,12,84,0,22,118,0.125,1.0,0.2222222222222222
0.0001320494047831744,fixed,after,12,81,0,22,115,0.12903225806451613,1.0,0.22857142857142856
0.0001394617574987933,old,before,12,69,0,36,117,0.14814814814814814,1.0,0.25806451612903225
0.0001394617574987933,old,after,12,67,0,35,114,0.1518987341772152,1.0,0.26373626373626374
0.0001394617574987933,fixed,before,12,83,0,22,117,0.12631578947368421,1.0,0.22429906542056074
0.0001394617574987933,fixed,after,12,80,0,22,114,0.13043478260869565,1.0,0.23076923076923078
0.0001703174493741244,old,before,12,68,0,36,116,0.15,1.0,0.2608695652173913
0.0001703174493741244,old,after,12,66,0,35,113,0.15384615384615385,1.0,0.26666666666666666
0.0001703174493741244,fixed,before,12,82,0,22,116,0.1276595744680851,1.0,0.22641509433962265
0.0001703174493741244,fixed,after,12,79,0,22,113,0.13186813186813187,1.0,0.23300970873786409
0.00022788203204981983,old,before,12,68,0,35,115,0.15,1.0,0.2608695652173913
0.00022788203204981983,old,after,12,66,0,34,112,0.15384615384615385,1.0,0.26666666666666666
0.00022788203204981983,fixed,before,12,82,0,21,115,0.1276595744680851,1.0,0.22641509433962265
0.00022788203204981983,fixed,after,12,79,0,21,112,0.13186813186813187,1.0,0.23300970873786409
0.000259062391705811,old,before,12,67,0,35,114,0.1518987341772152,1.0,0.26373626373626374
0.000259062391705811,old,after,12,65,0,34,111,0.15584415584415584,1.0,0.2696629213483146
0.000259062391705811,fixed,before,12,81,0,21,114,0.12903225806451613,1.0,0.22857142857142856
0.000259062391705811,fixed,after,12,78,0,21,111,0.13333333333333333,1.0,0.23529411764705882
0.0003508980735205114,old,before,12,67,0,34,113,0.1518987341772152,1.0,0.26373626373626374
0.0003508980735205114,old,after,12,65,0,33,110,0.15584415584415584,1.0,0.2696629213483146
0.0003508980735205114,fixed,before,12,81,0,20,113,0.12903225806451613,1.0,0.22857142857142856
0.0003508980735205114,fixed,after,12,78,0,20,110,0.13333333333333333,1.0,0.23529411764705882
0.000372915412299335,old,before,12,67,0,33,112,0.1518987341772152,1.0,0.26373626373626374
0.000372915412299335,old,after,12,65,0,33,110,0.15584415584415584,1.0,0.2696629213483146
0.000372915412299335,fixed,before,12,80,0,20,112,0.13043478260869565,1.0,0.23076923076923078
0.000372915412299335,fixed,after,12,78,0,20,110,0.13333333333333333,1.0,0.23529411764705882
0.0003954000712838024,old,before,12,67,0,32,111,0.1518987341772152,1.0,0.26373626373626374
0.0003954000712838024,old,after,12,65,0,32,109,0.15584415584415584,1.0,0.2696629213483146
0.0003954000712838024,fixed,before,12,79,0,20,111,0.13186813186813187,1.0,0.23300970873786409
0.0003954000712838024,fixed,after,12,77,0,20,109,0.1348314606741573,1.0,0.2376237623762376
0.0005257098819129169,old,before,12,66,0,32,110,0.15384615384615385,1.0,0.26666666666666666
0.0005257098819129169,old,after,12,64,0,32,108,0.15789473684210525,1.0,0.2727272727272727
0.0005257098819129169,fixed,before,12,78,0,20,110,0.13333333333333333,1.0,0.23529411764705882
0.0005257098819129169,fixed,after,12,76,0,20,108,0.13636363636363635,1.0,0.24
0.0006047958740964532,old,before,12,65,0,32,109,0.15584415584415584,1.0,0.2696629213483146
0.0006047958740964532,old,after,12,63,0,32,107,0.16,1.0,0.27586206896551724
0.0006047958740964532,fixed,before,12,77,0,20,109,0.1348314606741573,1.0,0.2376237623762376
0.0006047958740964532,fixed,after,12,75,0,20,107,0.13793103448275862,1.0,0.24242424242424243
0.0006172212306410074,old,before,12,64,0,32,108,0.15789473684210525,1.0,0.2727272727272727
0.0006172212306410074,old,after,12,62,0,32,106,0.16216216216216217,1.0,0.27906976744186046
0.0006172212306410074,fixed,before,12,76,0,20,108,0.13636363636363635,1.0,0.24
0.0006172212306410074,fixed,after,12,74,0,20,106,0.13953488372093023,1.0,0.24489795918367346
0.0006564469658769667,old,before,12,63,0,32,107,0.16,1.0,0.27586206896551724
0.0006564469658769667,old,after,12,61,0,32,105,0.1643835616438356,1.0,0.2823529411764706
0.0006564469658769667,fixed,before,12,75,0,20,107,0.13793103448275862,1.0,0.24242424242424243
0.0006564469658769667,fixed,after,12,73,0,20,105,0.1411764705882353,1.0,0.24742268041237114
0.0007199341780506074,old,before,12,63,0,31,106,0.16,1.0,0.27586206896551724
0.0007199341780506074,old,after,12,61,0,31,104,0.1643835616438356,1.0,0.2823529411764706
0.0007199341780506074,fixed,before,12,75,0,19,106,0.13793103448275862,1.0,0.24242424242424243
0.0007199341780506074,fixed,after,12,73,0,19,104,0.1411764705882353,1.0,0.24742268041237114
0.0008867287542670965,old,before,12,62,0,31,105,0.16216216216216217,1.0,0.27906976744186046
0.0008867287542670965,old,after,12,60,0,31,103,0.16666666666666666,1.0,0.2857142857142857
0.0008867287542670965,fixed,before,12,74,0,19,105,0.13953488372093023,1.0,0.24489795918367346
0.0008867287542670965,fixed,after,12,72,0,19,103,0.14285714285714285,1.0,0.25
0.0009267255663871765,old,before,12,61,0,31,104,0.1643835616438356,1.0,0.2823529411764706
0.0009267255663871765,old,after,12,59,0,31,102,0.16901408450704225,1.0,0.2891566265060241
0.0009267255663871765,fixed,before,12,73,0,19,104,0.1411764705882353,1.0,0.24742268041237114
0.0009267255663871765,fixed,after,12,71,0,19,102,0.14457831325301204,1.0,0.25263157894736843
0.0011024142149835825,old,before,12,61,0,30,103,0.1643835616438356,1.0,0.2823529411764706
0.0011024142149835825,old,after,12,59,0,30,101,0.16901408450704225,1.0,0.2891566265060241
0.0011024142149835825,fixed,before,12,73,0,18,103,0.1411764705882353,1.0,0.24742268041237114
0.0011024142149835825,fixed,after,12,71,0,18,101,0.14457831325301204,1.0,0.25263157894736843
0.001293579232878983,old,before,12,61,0,29,102,0.1643835616438356,1.0,0.2823529411764706
0.001293579232878983,old,after,12,59,0,29,100,0.16901408450704225,1.0,0.2891566265060241
0.001293579232878983,fixed,before,12,73,0,17,102,0.1411764705882353,1.0,0.24742268041237114
0.001293579232878983,fixed,after,12,71,0,17,100,0.14457831325301204,1.0,0.25263157894736843
0.001407392555847764,old,before,12,61,0,28,101,0.1643835616438356,1.0,0.2823529411764706
0.001407392555847764,old,after,12,59,0,28,99,0.16901408450704225,1.0,0.2891566265060241
0.001407392555847764,fixed,before,12,73,0,16,101,0.1411764705882353,1.0,0.24742268041237114
0.001407392555847764,fixed,after,12,71,0,16,99,0.14457831325301204,1.0,0.25263157894736843
0.002074702177196741,old,before,12,61,0,27,100,0.1643835616438356,1.0,0.2823529411764706
0.002074702177196741,old,after,12,59,0,27,98,0.16901408450704225,1.0,0.2891566265060241
0.002074702177196741,fixed,before,12,73,0,15,100,0.1411764705882353,1.0,0.24742268041237114
0.002074702177196741,fixed,after,12,71,0,15,98,0.14457831325301204,1.0,0.25263157894736843
0.0023940769024193287,old,before,12,61,0,26,99,0.1643835616438356,1.0,0.2823529411764706
0.0023940769024193287,old,after,12,59,0,26,97,0.16901408450704225,1.0,0.2891566265060241
0.0023940769024193287,fixed,before,12,73,0,14,99,0.1411764705882353,1.0,0.24742268041237114
0.0023940769024193287,fixed,after,12,71,0,14,97,0.14457831325301204,1.0,0.25263157894736843
0.0024419042747467756,old,before,12,61,0,25,98,0.1643835616438356,1.0,0.2823529411764706
0.0024419042747467756,old,after,12,59,0,25,96,0.16901408450704225,1.0,0.2891566265060241
0.0024419042747467756,fixed,before,12,73,0,13,98,0.1411764705882353,1.0,0.24742268041237114
0.0024419042747467756,fixed,after,12,71,0,13,96,0.14457831325301204,1.0,0.25263157894736843
0.0025882807094603777,old,before,12,60,0,25,97,0.16666666666666666,1.0,0.2857142857142857
0.0025882807094603777,old,after,12,58,0,25,95,0.17142857142857143,1.0,0.2926829268292683
0.0025882807094603777,fixed,before,12,72,0,13,97,0.14285714285714285,1.0,0.25
0.0025882807094603777,fixed,after,12,70,0,13,95,0.14634146341463414,1.0,0.2553191489361702
0.002659049117937684,old,before,12,60,0,24,96,0.16666666666666666,1.0,0.2857142857142857
0.002659049117937684,old,after,12,58,0,24,94,0.17142857142857143,1.0,0.2926829268292683
0.002659049117937684,fixed,before,12,71,0,13,96,0.14457831325301204,1.0,0.25263157894736843
0.002659049117937684,fixed,after,12,69,0,13,94,0.14814814814814814,1.0,0.25806451612903225
0.0030082962475717068,old,before,12,60,0,23,95,0.16666666666666666,1.0,0.2857142857142857
0.0030082962475717068,old,after,12,58,0,23,93,0.17142857142857143,1.0,0.2926829268292683
0.0030082962475717068,fixed,before,12,71,0,12,95,0.14457831325301204,1.0,0.25263157894736843
0.0030082962475717068,fixed,after,12,69,0,12,93,0.14814814814814814,1.0,0.25806451612903225
0.0031091885175555944,old,before,12,59,0,23,94,0.16901408450704225,1.0,0.2891566265060241
0.0031091885175555944,old,after,12,57,0,23,92,0.17391304347826086,1.0,0.2962962962962963
0.0031091885175555944,fixed,before,12,70,0,12,94,0.14634146341463414,1.0,0.2553191489361702
0.0031091885175555944,fixed,after,12,68,0,12,92,0.15,1.0,0.2608695652173913
0.003240651451051235,old,before,12,58,0,23,93,0.17142857142857143,1.0,0.2926829268292683
0.003240651451051235,old,after,12,57,0,23,92,0.17391304347826086,1.0,0.2962962962962963
0.003240651451051235,fixed,before,12,69,0,12,93,0.14814814814814814,1.0,0.25806451612903225
0.003240651451051235,fixed,after,12,68,0,12,92,0.15,1.0,0.2608695652173913
0.0032419455237686634,old,before,12,58,0,22,92,0.17142857142857143,1.0,0.2926829268292683
0.0032419455237686634,old,after,12,57,0,22,91,0.17391304347826086,1.0,0.2962962962962963
0.0032419455237686634,fixed,before,12,69,0,11,92,0.14814814814814814,1.0,0.25806451612903225
0.0032419455237686634,fixed,after,12,68,0,11,91,0.15,1.0,0.2608695652173913
0.0034715516958385706,old,before,12,58,0,21,91,0.17142857142857143,1.0,0.2926829268292683
0.0034715516958385706,old,after,12,57,0,21,90,0.17391304347826086,1.0,0.2962962962962963
0.0034715516958385706,fixed,before,12,69,0,10,91,0.14814814814814814,1.0,0.25806451612903225
0.0034715516958385706,fixed,after,12,68,0,10,90,0.15,1.0,0.2608695652173913
0.00365636870265007,old,before,12,57,0,21,90,0.17391304347826086,1.0,0.2962962962962963
0.00365636870265007,old,after,12,56,0,21,89,0.17647058823529413,1.0,0.3
0.00365636870265007,fixed,before,12,68,0,10,90,0.15,1.0,0.2608695652173913
0.00365636870265007,fixed,after,12,67,0,10,89,0.1518987341772152,1.0,0.26373626373626374
0.003930442035198212,old,before,12,57,0,20,89,0.17391304347826086,1.0,0.2962962962962963
0.003930442035198212,old,after,12,56,0,20,88,0.17647058823529413,1.0,0.3
0.003930442035198212,fixed,before,12,68,0,9,89,0.15,1.0,0.2608695652173913
0.003930442035198212,fixed,after,12,67,0,9,88,0.1518987341772152,1.0,0.26373626373626374
0.004838091786950827,old,before,12,57,0,19,88,0.17391304347826086,1.0,0.2962962962962963
0.004838091786950827,old,after,12,56,0,19,87,0.17647058823529413,1.0,0.3
0.004838091786950827,fixed,before,12,67,0,9,88,0.1518987341772152,1.0,0.26373626373626374
0.004838091786950827,fixed,after,12,66,0,9,87,0.15384615384615385,1.0,0.26666666666666666
0.005673317704349756,old,before,12,56,0,19,87,0.17647058823529413,1.0,0.3
0.005673317704349756,old,after,12,55,0,19,86,0.1791044776119403,1.0,0.3037974683544304
0.005673317704349756,fixed,before,12,66,0,9,87,0.15384615384615385,1.0,0.26666666666666666
0.005673317704349756,fixed,after,12,65,0,9,86,0.15584415584415584,1.0,0.2696629213483146
0.008493860252201557,old,before,12,55,0,19,86,0.1791044776119403,1.0,0.3037974683544304
0.008493860252201557,old,after,12,54,0,19,85,0.18181818181818182,1.0,0.3076923076923077
0.008493860252201557,fixed,before,12,65,0,9,86,0.15584415584415584,1.0,0.2696629213483146
0.008493860252201557,fixed,after,12,64,0,9,85,0.15789473684210525,1.0,0.2727272727272727
0.00867331214249134,old,before,12,54,0,19,85,0.18181818181818182,1.0,0.3076923076923077
0.00867331214249134,old,after,12,53,0,19,84,0.18461538461538463,1.0,0.3116883116883117
0.00867331214249134,fixed,before,12,64,0,9,85,0.15789473684210525,1.0,0.2727272727272727
0.00867331214249134,fixed,after,12,63,0,9,84,0.16,1.0,0.27586206896551724
0.00872716587036848,old,before,12,54,0,18,84,0.18181818181818182,1.0,0.3076923076923077
0.00872716587036848,old,after,12,53,0,18,83,0.18461538461538463,1.0,0.3116883116883117
0.00872716587036848,fixed,before,12,64,0,8,84,0.15789473684210525,1.0,0.2727272727272727
0.00872716587036848,fixed,after,12,63,0,8,83,0.16,1.0,0.27586206896551724
0.008963956497609615,old,before,12,53,0,18,83,0.18461538461538463,1.0,0.3116883116883117
0.008963956497609615,old,after,12,53,0,18,83,0.18461538461538463,1.0,0.3116883116883117
0.008963956497609615,fixed,before,12,63,0,8,83,0.16,1.0,0.27586206896551724
0.008963956497609615,fixed,after,12,63,0,8,83,0.16,1.0,0.27586206896551724
0.009487810544669628,old,before,12,53,0,17,82,0.18461538461538463,1.0,0.3116883116883117
0.009487810544669628,old,after,12,53,0,17,82,0.18461538461538463,1.0,0.3116883116883117
0.009487810544669628,fixed,before,12,63,0,7,82,0.16,1.0,0.27586206896551724
0.009487810544669628,fixed,after,12,63,0,7,82,0.16,1.0,0.27586206896551724
0.01044844277203083,old,before,12,53,0,16,81,0.18461538461538463,1.0,0.3116883116883117
0.01044844277203083,old,after,12,53,0,16,81,0.18461538461538463,1.0,0.3116883116883117
0.01044844277203083,fixed,before,12,62,0,7,81,0.16216216216216217,1.0,0.27906976744186046
0.01044844277203083,fixed,after,12,62,0,7,81,0.16216216216216217,1.0,0.27906976744186046
0.011181763373315334,old,before,12,52,0,16,80,0.1875,1.0,0.3157894736842105
0.011181763373315334,old,after,12,52,0,16,80,0.1875,1.0,0.3157894736842105
0.011181763373315334,fixed,before,12,61,0,7,80,0.1643835616438356,1.0,0.2823529411764706
0.011181763373315334,fixed,after,12,61,0,7,80,0.1643835616438356,1.0,0.2823529411764706
0.011679114773869514,old,before,12,51,0,16,79,0.19047619047619047,1.0,0.32
0.011679114773869514,old,after,12,51,0,16,79,0.19047619047619047,1.0,0.32
0.011679114773869514,fixed,before,12,60,0,7,79,0.16666666666666666,1.0,0.2857142857142857
0.011679114773869514,fixed,after,12,60,0,7,79,0.16666666666666666,1.0,0.2857142857142857
0.012393048964440823,old,before,12,51,0,15,78,0.19047619047619047,1.0,0.32
0.012393048964440823,old,after,12,51,0,15,78,0.19047619047619047,1.0,0.32
0.012393048964440823,fixed,before,12,59,0,7,78,0.16901408450704225,1.0,0.2891566265060241
0.012393048964440823,fixed,after,12,59,0,7,78,0.16901408450704225,1.0,0.2891566265060241
0.012582750990986824,old,before,12,50,0,15,77,0.1935483870967742,1.0,0.32432432432432434
0.012582750990986824,old,after,12,50,0,15,77,0.1935483870967742,1.0,0.32432432432432434
0.012582750990986824,fixed,before,12,58,0,7,77,0.17142857142857143,1.0,0.2926829268292683
0.012582750990986824,fixed,after,12,58,0,7,77,0.17142857142857143,1.0,0.2926829268292683
0.017643330618739128,old,before,12,49,0,15,76,0.19672131147540983,1.0,0.3287671232876712
0.017643330618739128,old,after,12,49,0,15,76,0.19672131147540983,1.0,0.3287671232876712
0.017643330618739128,fixed,before,12,57,0,7,76,0.17391304347826086,1.0,0.2962962962962963
0.017643330618739128,fixed,after,12,57,0,7,76,0.17391304347826086,1.0,0.2962962962962963
0.022069090977311134,old,before,12,48,0,15,75,0.2,1.0,0.3333333333333333
0.022069090977311134,old,after,12,48,0,15,75,0.2,1.0,0.3333333333333333
0.022069090977311134,fixed,before,12,56,0,7,75,0.17647058823529413,1.0,0.3
0.022069090977311134,fixed,after,12,56,0,7,75,0.17647058823529413,1.0,0.3
0.02356029860675335,old,before,12,48,0,14,74,0.2,1.0,0.3333333333333333
0.02356029860675335,old,after,12,48,0,14,74,0.2,1.0,0.3333333333333333
0.02356029860675335,fixed,before,12,56,0,6,74,0.17647058823529413,1.0,0.3
0.02356029860675335,fixed,after,12,56,0,6,74,0.17647058823529413,1.0,0.3
0.02382347173988819,old,before,12,47,0,14,73,0.2033898305084746,1.0,0.3380281690140845
0.02382347173988819,old,after,12,47,0,14,73,0.2033898305084746,1.0,0.3380281690140845
0.02382347173988819,fixed,before,12,55,0,6,73,0.1791044776119403,1.0,0.3037974683544304
0.02382347173988819,fixed,after,12,55,0,6,73,0.1791044776119403,1.0,0.3037974683544304
0.024759357795119286,old,before,12,47,0,13,72,0.2033898305084746,1.0,0.3380281690140845
0.024759357795119286,old,after,12,47,0,13,72,0.2033898305084746,1.0,0.3380281690140845
0.024759357795119286,fixed,before,12,54,0,6,72,0.18181818181818182,1.0,0.3076923076923077
0.024759357795119286,fixed,after,12,54,0,6,72,0.18181818181818182,1.0,0.3076923076923077
0.02547748200595379,old,before,12,46,0,13,71,0.20689655172413793,1.0,0.34285714285714286
0.02547748200595379,old,after,12,46,0,13,71,0.20689655172413793,1.0,0.34285714285714286
0.02547748200595379,fixed,before,12,53,0,6,71,0.18461538461538463,1.0,0.3116883116883117
0.02547748200595379,fixed,after,12,53,0,6,71,0.18461538461538463,1.0,0.3116883116883117
0.025586092844605446,old,before,12,45,0,13,70,0.21052631578947367,1.0,0.34782608695652173
0.025586092844605446,old,after,12,45,0,13,70,0.21052631578947367,1.0,0.34782608695652173
0.025586092844605446,fixed,before,12,52,0,6,70,0.1875,1.0,0.3157894736842105
0.025586092844605446,fixed,after,12,52,0,6,70,0.1875,1.0,0.3157894736842105
0.025818748399615288,old,before,12,44,0,13,69,0.21428571428571427,1.0,0.35294117647058826
0.025818748399615288,old,after,12,44,0,13,69,0.21428571428571427,1.0,0.35294117647058826
0.025818748399615288,fixed,before,12,51,0,6,69,0.19047619047619047,1.0,0.32
0.025818748399615288,fixed,after,12,51,0,6,69,0.19047619047619047,1.0,0.32
0.026197876781225204,old,before,12,43,0,13,68,0.21818181818181817,1.0,0.3582089552238806
0.026197876781225204,old,after,12,43,0,13,68,0.21818181818181817,1.0,0.3582089552238806
0.026197876781225204,fixed,before,12,50,0,6,68,0.1935483870967742,1.0,0.32432432432432434
0.026197876781225204,fixed,after,12,50,0,6,68,0.1935483870967742,1.0,0.32432432432432434
0.030768653377890587,old,before,12,42,0,13,67,0.2222222222222222,1.0,0.36363636363636365
0.030768653377890587,old,after,12,42,0,13,67,0.2222222222222222,1.0,0.36363636363636365
0.030768653377890587,fixed,before,12,49,0,6,67,0.19672131147540983,1.0,0.3287671232876712
0.030768653377890587,fixed,after,12,49,0,6,67,0.19672131147540983,1.0,0.3287671232876712
0.033456504344940186,old,before,12,41,0,13,66,0.22641509433962265,1.0,0.36923076923076925
0.033456504344940186,old,after,12,41,0,13,66,0.22641509433962265,1.0,0.36923076923076925
0.033456504344940186,fixed,before,12,48,0,6,66,0.2,1.0,0.3333333333333333
0.033456504344940186,fixed,after,12,48,0,6,66,0.2,1.0,0.3333333333333333
0.03595071658492088,old,before,12,40,0,13,65,0.23076923076923078,1.0,0.375
0.03595071658492088,old,after,12,40,0,13,65,0.23076923076923078,1.0,0.375
0.03595071658492088,fixed,before,12,47,0,6,65,0.2033898305084746,1.0,0.3380281690140845
0.03595071658492088,fixed,after,12,47,0,6,65,0.2033898305084746,1.0,0.3380281690140845
0.03673582151532173,old,before,12,40,0,12,64,0.23076923076923078,1.0,0.375
0.03673582151532173,old,after,12,40,0,12,64,0.23076923076923078,1.0,0.375
0.03673582151532173,fixed,before,12,47,0,5,64,0.2033898305084746,1.0,0.3380281690140845
0.03673582151532173,fixed,after,12,47,0,5,64,0.2033898305084746,1.0,0.3380281690140845
0.03678322583436966,old,before,12,39,0,12,63,0.23529411764705882,1.0,0.38095238095238093
0.03678322583436966,old,after,12,39,0,12,63,0.23529411764705882,1.0,0.38095238095238093
0.03678322583436966,fixed,before,12,46,0,5,63,0.20689655172413793,1.0,0.34285714285714286
0.03678322583436966,fixed,after,12,46,0,5,63,0.20689655172413793,1.0,0.34285714285714286
0.04178735613822937,old,before,12,38,0,12,62,0.24,1.0,0.3870967741935484
0.04178735613822937,old,after,12,38,0,12,62,0.24,1.0,0.3870967741935484
0.04178735613822937,fixed,before,12,45,0,5,62,0.21052631578947367,1.0,0.34782608695652173
0.04178735613822937,fixed,after,12,45,0,5,62,0.21052631578947367,1.0,0.34782608695652173
0.044605836272239685,old,before,12,38,0,11,61,0.24,1.0,0.3870967741935484
0.044605836272239685,old,after,12,38,0,11,61,0.24,1.0,0.3870967741935484
0.044605836272239685,fixed,before,12,44,0,5,61,0.21428571428571427,1.0,0.35294117647058826
0.044605836272239685,fixed,after,12,44,0,5,61,0.21428571428571427,1.0,0.35294117647058826
0.052864231169223785,old,before,12,37,0,11,60,0.24489795918367346,1.0,0.39344262295081966
0.052864231169223785,old,after,12,37,0,11,60,0.24489795918367346,1.0,0.39344262295081966
0.052864231169223785,fixed,before,12,43,0,5,60,0.21818181818181817,1.0,0.3582089552238806
0.052864231169223785,fixed,after,12,43,0,5,60,0.21818181818181817,1.0,0.3582089552238806
0.05850968882441521,old,before,12,37,0,10,59,0.24489795918367346,1.0,0.39344262295081966
0.05850968882441521,old,after,12,37,0,10,59,0.24489795918367346,1.0,0.39344262295081966
0.05850968882441521,fixed,before,12,43,0,4,59,0.21818181818181817,1.0,0.3582089552238806
0.05850968882441521,fixed,after,12,43,0,4,59,0.21818181818181817,1.0,0.3582089552238806
0.058906856924295425,old,before,12,36,0,10,58,0.25,1.0,0.4
0.058906856924295425,old,after,12,36,0,10,58,0.25,1.0,0.4
0.058906856924295425,fixed,before,12,42,0,4,58,0.2222222222222222,1.0,0.36363636363636365
0.058906856924295425,fixed,after,12,42,0,4,58,0.2222222222222222,1.0,0.36363636363636365
0.059563182294368744,old,before,12,35,0,10,57,0.2553191489361702,1.0,0.4067796610169492
0.059563182294368744,old,after,12,35,0,10,57,0.2553191489361702,1.0,0.4067796610169492
0.059563182294368744,fixed,before,12,41,0,4,57,0.22641509433962265,1.0,0.36923076923076925
0.059563182294368744,fixed,after,12,41,0,4,57,0.22641509433962265,1.0,0.36923076923076925
0.07872243970632553,old,before,12,35,0,9,56,0.2553191489361702,1.0,0.4067796610169492
0.07872243970632553,old,after,12,35,0,9,56,0.2553191489361702,1.0,0.4067796610169492
0.07872243970632553,fixed,before,12,40,0,4,56,0.23076923076923078,1.0,0.375
0.07872243970632553,fixed,after,12,40,0,4,56,0.23076923076923078,1.0,0.375
0.08327105641365051,old,before,12,34,0,9,55,0.2608695652173913,1.0,0.41379310344827586
0.08327105641365051,old,after,12,34,0,9,55,0.2608695652173913,1.0,0.41379310344827586
0.08327105641365051,fixed,before,12,39,0,4,55,0.23529411764705882,1.0,0.38095238095238093
0.08327105641365051,fixed,after,12,39,0,4,55,0.23529411764705882,1.0,0.38095238095238093
0.08524520695209503,old,before,12,33,0,9,54,0.26666666666666666,1.0,0.42105263157894735
0.08524520695209503,old,after,12,33,0,9,54,0.26666666666666666,1.0,0.42105263157894735
0.08524520695209503,fixed,before,12,38,0,4,54,0.24,1.0,0.3870967741935484
0.08524520695209503,fixed,after,12,38,0,4,54,0.24,1.0,0.3870967741935484
0.09512517601251602,old,before,12,32,0,9,53,0.2727272727272727,1.0,0.42857142857142855
0.09512517601251602,old,after,12,32,0,9,53,0.2727272727272727,1.0,0.42857142857142855
0.09512517601251602,fixed,before,12,37,0,4,53,0.24489795918367346,1.0,0.39344262295081966
0.09512517601251602,fixed,after,12,37,0,4,53,0.24489795918367346,1.0,0.39344262295081966
0.10900936275720596,old,before,12,31,0,9,52,0.27906976744186046,1.0,0.43636363636363634
0.10900936275720596,old,after,12,31,0,9,52,0.27906976744186046,1.0,0.43636363636363634
0.10900936275720596,fixed,before,12,36,0,4,52,0.25,1.0,0.4
0.10900936275720596,fixed,after,12,36,0,4,52,0.25,1.0,0.4
0.11882170289754868,old,before,12,30,0,9,51,0.2857142857142857,1.0,0.4444444444444444
0.11882170289754868,old,after,12,30,0,9,51,0.2857142857142857,1.0,0.4444444444444444
0.11882170289754868,fixed,before,12,35,0,4,51,0.2553191489361702,1.0,0.4067796610169492
0.11882170289754868,fixed,after,12,35,0,4,51,0.2553191489361702,1.0,0.4067796610169492
0.12300997227430344,old,before,12,29,0,9,50,0.2926829268292683,1.0,0.4528301886792453
0.12300997227430344,old,after,12,29,0,9,50,0.2926829268292683,1.0,0.4528301886792453
0.12300997227430344,fixed,before,12,34,0,4,50,0.2608695652173913,1.0,0.41379310344827586
0.12300997227430344,fixed,after,12,34,0,4,50,0.2608695652173913,1.0,0.41379310344827586
0.1273375302553177,old,before,12,28,0,9,49,0.3,1.0,0.46153846153846156
0.1273375302553177,old,after,12,28,0,9,49,0.3,1.0,0.46153846153846156
0.1273375302553177,fixed,before,12,33,0,4,49,0.26666666666666666,1.0,0.42105263157894735
0.1273375302553177,fixed,after,12,33,0,4,49,0.26666666666666666,1.0,0.42105263157894735
0.13022363185882568,old,before,12,27,0,9,48,0.3076923076923077,1.0,0.47058823529411764
0.13022363185882568,old,after,12,27,0,9,48,0.3076923076923077,1.0,0.47058823529411764
0.13022363185882568,fixed,before,12,32,0,4,48,0.2727272727272727,1.0,0.42857142857142855
0.13022363185882568,fixed,after,12,32,0,4,48,0.2727272727272727,1.0,0.42857142857142855
0.13281427323818207,old,before,12,27,0,8,47,0.3076923076923077,1.0,0.47058823529411764
0.13281427323818207,old,after,12,27,0,8,47,0.3076923076923077,1.0,0.47058823529411764
0.13281427323818207,fixed,before,12,31,0,4,47,0.27906976744186046,1.0,0.43636363636363634
0.13281427323818207,fixed,after,12,31,0,4,47,0.27906976744186046,1.0,0.43636363636363634
0.13692288100719452,old,before,12,26,0,8,46,0.3157894736842105,1.0,0.48
0.13692288100719452,old,after,12,26,0,8,46,0.3157894736842105,1.0,0.48
0.13692288100719452,fixed,before,12,30,0,4,46,0.2857142857142857,1.0,0.4444444444444444
0.13692288100719452,fixed,after,12,30,0,4,46,0.2857142857142857,1.0,0.4444444444444444
0.14900898933410645,old,before,12,25,0,8,45,0.32432432432432434,1.0,0.4897959183673469
0.14900898933410645,old,after,12,25,0,8,45,0.32432432432432434,1.0,0.4897959183673469
0.14900898933410645,fixed,before,12,29,0,4,45,0.2926829268292683,1.0,0.4528301886792453
0.14900898933410645,fixed,after,12,29,0,4,45,0.2926829268292683,1.0,0.4528301886792453
0.15316598117351532,old,before,12,24,0,8,44,0.3333333333333333,1.0,0.5
0.15316598117351532,old,after,12,24,0,8,44,0.3333333333333333,1.0,0.5
0.15316598117351532,fixed,before,12,28,0,4,44,0.3,1.0,0.46153846153846156
0.15316598117351532,fixed,after,12,28,0,4,44,0.3,1.0,0.46153846153846156
0.16395214200019836,old,before,12,24,0,7,43,0.3333333333333333,1.0,0.5
0.16395214200019836,old,after,12,24,0,7,43,0.3333333333333333,1.0,0.5
0.16395214200019836,fixed,before,12,27,0,4,43,0.3076923076923077,1.0,0.47058823529411764
0.16395214200019836,fixed,after,12,27,0,4,43,0.3076923076923077,1.0,0.47058823529411764
0.17367523908615112,old,before,12,23,0,7,42,0.34285714285714286,1.0,0.5106382978723404
0.17367523908615112,old,after,12,23,0,7,42,0.34285714285714286,1.0,0.5106382978723404
0.17367523908615112,fixed,before,12,26,0,4,42,0.3157894736842105,1.0,0.48
0.17367523908615112,fixed,after,12,26,0,4,42,0.3157894736842105,1.0,0.48
0.21500812470912933,old,before,12,22,0,7,41,0.35294117647058826,1.0,0.5217391304347826
0.21500812470912933,old,after,12,22,0,7,41,0.35294117647058826,1.0,0.5217391304347826
0.21500812470912933,fixed,before,12,25,0,4,41,0.32432432432432434,1.0,0.4897959183673469
0.21500812470912933,fixed,after,12,25,0,4,41,0.32432432432432434,1.0,0.4897959183673469
0.21836203336715698,old,before,12,21,0,7,40,0.36363636363636365,1.0,0.5333333333333333
0.21836203336715698,old,after,12,21,0,7,40,0.36363636363636365,1.0,0.5333333333333333
0.21836203336715698,fixed,before,12,24,0,4,40,0.3333333333333333,1.0,0.5
0.21836203336715698,fixed,after,12,24,0,4,40,0.3333333333333333,1.0,0.5
0.22845973074436188,old,before,12,20,0,7,39,0.375,1.0,0.5454545454545454
0.22845973074436188,old,after,12,20,0,7,39,0.375,1.0,0.5454545454545454
0.22845973074436188,fixed,before,12,23,0,4,39,0.34285714285714286,1.0,0.5106382978723404
0.22845973074436188,fixed,after,12,23,0,4,39,0.34285714285714286,1.0,0.5106382978723404
0.2300703078508377,old,before,12,19,0,7,38,0.3870967741935484,1.0,0.5581395348837209
0.2300703078508377,old,after,12,19,0,7,38,0.3870967741935484,1.0,0.5581395348837209
0.2300703078508377,fixed,before,12,22,0,4,38,0.35294117647058826,1.0,0.5217391304347826
0.2300703078508377,fixed,after,12,22,0,4,38,0.35294117647058826,1.0,0.5217391304347826
0.23597796261310577,old,before,12,18,0,7,37,0.4,1.0,0.5714285714285714
0.23597796261310577,old,after,12,18,0,7,37,0.4,1.0,0.5714285714285714
0.23597796261310577,fixed,before,12,21,0,4,37,0.36363636363636365,1.0,0.5333333333333333
0.23597796261310577,fixed,after,12,21,0,4,37,0.36363636363636365,1.0,0.5333333333333333
0.24084338545799255,old,before,12,18,0,6,36,0.4,1.0,0.5714285714285714
0.24084338545799255,old,after,12,18,0,6,36,0.4,1.0,0.5714285714285714
0.24084338545799255,fixed,before,12,21,0,3,36,0.36363636363636365,1.0,0.5333333333333333
0.24084338545799255,fixed,after,12,21,0,3,36,0.36363636363636365,1.0,0.5333333333333333
0.26633432507514954,old,before,12,17,0,6,35,0.41379310344827586,1.0,0.5853658536585366
0.26633432507514954,old,after,12,17,0,6,35,0.41379310344827586,1.0,0.5853658536585366
0.26633432507514954,fixed,before,12,20,0,3,35,0.375,1.0,0.5454545454545454
0.26633432507514954,fixed,after,12,20,0,3,35,0.375,1.0,0.5454545454545454
0.3190014958381653,old,before,12,17,0,5,34,0.41379310344827586,1.0,0.5853658536585366
0.3190014958381653,old,after,12,17,0,5,34,0.41379310344827586,1.0,0.5853658536585366
0.3190014958381653,fixed,before,12,19,0,3,34,0.3870967741935484,1.0,0.5581395348837209
0.3190014958381653,fixed,after,12,19,0,3,34,0.3870967741935484,1.0,0.5581395348837209
0.32692068815231323,old,before,12,16,0,5,33,0.42857142857142855,1.0,0.6
0.32692068815231323,old,after,12,16,0,5,33,0.42857142857142855,1.0,0.6
0.32692068815231323,fixed,before,12,18,0,3,33,0.4,1.0,0.5714285714285714
0.32692068815231323,fixed,after,12,18,0,3,33,0.4,1.0,0.5714285714285714
0.345105916261673,old,before,12,15,0,5,32,0.4444444444444444,1.0,0.6153846153846154
0.345105916261673,old,after,12,15,0,5,32,0.4444444444444444,1.0,0.6153846153846154
0.345105916261673,fixed,before,12,17,0,3,32,0.41379310344827586,1.0,0.5853658536585366
0.345105916261673,fixed,after,12,17,0,3,32,0.41379310344827586,1.0,0.5853658536585366
0.35563647747039795,old,before,12,14,0,5,31,0.46153846153846156,1.0,0.631578947368421
0.35563647747039795,old,after,12,14,0,5,31,0.46153846153846156,1.0,0.631578947368421
0.35563647747039795,fixed,before,12,16,0,3,31,0.42857142857142855,1.0,0.6
0.35563647747039795,fixed,after,12,16,0,3,31,0.42857142857142855,1.0,0.6
0.4926423728466034,old,before,12,13,0,5,30,0.48,1.0,0.6486486486486487
0.4926423728466034,old,after,12,13,0,5,30,0.48,1.0,0.6486486486486487
0.4926423728466034,fixed,before,12,15,0,3,30,0.4444444444444444,1.0,0.6153846153846154
0.4926423728466034,fixed,after,12,15,0,3,30,0.4444444444444444,1.0,0.6153846153846154
0.49460887908935547,old,before,12,12,0,5,29,0.5,1.0,0.6666666666666666
0.49460887908935547,old,after,12,12,0,5,29,0.5,1.0,0.6666666666666666
0.49460887908935547,fixed,before,12,14,0,3,29,0.46153846153846156,1.0,0.631578947368421
0.49460887908935547,fixed,after,12,14,0,3,29,0.46153846153846156,1.0,0.631578947368421
0.5,old,before,12,11,0,5,28,0.5217391304347826,1.0,0.6857142857142857
0.5,old,after,12,11,0,5,28,0.5217391304347826,1.0,0.6857142857142857
0.5,fixed,before,12,13,0,3,28,0.48,1.0,0.6486486486486487
0.5,fixed,after,12,13,0,3,28,0.48,1.0,0.6486486486486487
0.5662084221839905,old,before,12,11,0,5,28,0.5217391304347826,1.0,0.6857142857142857
0.5662084221839905,old,after,12,11,0,5,28,0.5217391304347826,1.0,0.6857142857142857
0.5662084221839905,fixed,before,12,13,0,3,28,0.48,1.0,0.6486486486486487
0.5662084221839905,fixed,after,12,13,0,3,28,0.48,1.0,0.6486486486486487
0.5847176909446716,old,before,12,11,0,4,27,0.5217391304347826,1.0,0.6857142857142857
0.5847176909446716,old,after,12,11,0,4,27,0.5217391304347826,1.0,0.6857142857142857
0.5847176909446716,fixed,before,12,13,0,2,27,0.48,1.0,0.6486486486486487
0.5847176909446716,fixed,after,12,13,0,2,27,0.48,1.0,0.6486486486486487
0.6204555630683899,old,before,12,11,0,3,26,0.5217391304347826,1.0,0.6857142857142857
0.6204555630683899,old,after,12,11,0,3,26,0.5217391304347826,1.0,0.6857142857142857
0.6204555630683899,fixed,before,12,12,0,2,26,0.5,1.0,0.6666666666666666
0.6204555630683899,fixed,after,12,12,0,2,26,0.5,1.0,0.6666666666666666
0.6290950775146484,old,before,12,10,0,3,25,0.5454545454545454,1.0,0.7058823529411765
0.6290950775146484,old,after,12,10,0,3,25,0.5454545454545454,1.0,0.7058823529411765
0.6290950775146484,fixed,before,12,11,0,2,25,0.5217391304347826,1.0,0.6857142857142857
0.6290950775146484,fixed,after,12,11,0,2,25,0.5217391304347826,1.0,0.6857142857142857
0.679211437702179,old,before,11,10,1,3,24,0.5238095238095238,0.9166666666666666,0.6666666666666666
0.679211437702179,old,after,11,10,1,3,24,0.5238095238095238,0.9166666666666666,0.6666666666666666
0.679211437702179,fixed,before,11,11,1,2,24,0.5,0.9166666666666666,0.6470588235294118
0.679211437702179,fixed,after,11,11,1,2,24,0.5,0.9166666666666666,0.6470588235294118
0.7948230504989624,old,before,11,9,1,3,23,0.55,0.9166666666666666,0.6875
0.7948230504989624,old,after,11,9,1,3,23,0.55,0.9166666666666666,0.6875
0.7948230504989624,fixed,before,11,10,1,2,23,0.5238095238095238,0.9166666666666666,0.6666666666666666
0.7948230504989624,fixed,after,11,10,1,2,23,0.5238095238095238,0.9166666666666666,0.6666666666666666
0.7949888110160828,old,before,11,8,1,3,22,0.5789473684210527,0.9166666666666666,0.7096774193548387
0.7949888110160828,old,after,11,8,1,3,22,0.5789473684210527,0.9166666666666666,0.7096774193548387
0.7949888110160828,fixed,before,11,9,1,2,22,0.55,0.9166666666666666,0.6875
0.7949888110160828,fixed,after,11,9,1,2,22,0.55,0.9166666666666666,0.6875
0.8077418208122253,old,before,10,8,2,3,21,0.5555555555555556,0.8333333333333334,0.6666666666666666
0.8077418208122253,old,after,10,8,2,3,21,0.5555555555555556,0.8333333333333334,0.6666666666666666
0.8077418208122253,fixed,before,10,9,2,2,21,0.5263157894736842,0.8333333333333334,0.6451612903225806
0.8077418208122253,fixed,after,10,9,2,2,21,0.5263157894736842,0.8333333333333334,0.6451612903225806
0.8188827633857727,old,before,9,8,3,3,20,0.5294117647058824,0.75,0.6206896551724138
0.8188827633857727,old,after,9,8,3,3,20,0.5294117647058824,0.75,0.6206896551724138
0.8188827633857727,fixed,before,9,9,3,2,20,0.5,0.75,0.6
0.8188827633857727,fixed,after,9,9,3,2,20,0.5,0.75,0.6
0.8243623971939087,old,before,8,8,4,3,19,0.5,0.6666666666666666,0.5714285714285714
0.8243623971939087,old,after,8,8,4,3,19,0.5,0.6666666666666666,0.5714285714285714
0.8243623971939087,fixed,before,8,9,4,2,19,0.47058823529411764,0.6666666666666666,0.5517241379310345
0.8243623971939087,fixed,after,8,9,4,2,19,0.47058823529411764,0.6666666666666666,0.5517241379310345
0.8566778302192688,old,before,8,7,4,3,18,0.5333333333333333,0.6666666666666666,0.5925925925925926
0.8566778302192688,old,after,8,7,4,3,18,0.5333333333333333,0.6666666666666666,0.5925925925925926
0.8566778302192688,fixed,before,8,8,4,2,18,0.5,0.6666666666666666,0.5714285714285714
0.8566778302192688,fixed,after,8,8,4,2,18,0.5,0.6666666666666666,0.5714285714285714
0.8623377680778503,old,before,8,6,4,3,17,0.5714285714285714,0.6666666666666666,0.6153846153846154
0.8623377680778503,old,after,8,6,4,3,17,0.5714285714285714,0.6666666666666666,0.6153846153846154
0.8623377680778503,fixed,before,8,7,4,2,17,0.5333333333333333,0.6666666666666666,0.5925925925925926
0.8623377680778503,fixed,after,8,7,4,2,17,0.5333333333333333,0.6666666666666666,0.5925925925925926
0.8636525273323059,old,before,8,5,4,3,16,0.6153846153846154,0.6666666666666666,0.64
0.8636525273323059,old,after,8,5,4,3,16,0.6153846153846154,0.6666666666666666,0.64
0.8636525273323059,fixed,before,8,6,4,2,16,0.5714285714285714,0.6666666666666666,0.6153846153846154
0.8636525273323059,fixed,after,8,6,4,2,16,0.5714285714285714,0.6666666666666666,0.6153846153846154
0.8935933113098145,old,before,7,5,5,3,15,0.5833333333333334,0.5833333333333334,0.5833333333333334
0.8935933113098145,old,after,7,5,5,3,15,0.5833333333333334,0.5833333333333334,0.5833333333333334
0.8935933113098145,fixed,before,7,6,5,2,15,0.5384615384615384,0.5833333333333334,0.56
0.8935933113098145,fixed,after,7,6,5,2,15,0.5384615384615384,0.5833333333333334,0.56
0.896806538105011,old,before,6,5,6,3,14,0.5454545454545454,0.5,0.5217391304347826
0.896806538105011,old,after,6,5,6,3,14,0.5454545454545454,0.5,0.5217391304347826
0.896806538105011,fixed,before,6,6,6,2,14,0.5,0.5,0.5
0.896806538105011,fixed,after,6,6,6,2,14,0.5,0.5,0.5
0.8983202576637268,old,before,6,5,6,2,13,0.5454545454545454,0.5,0.5217391304347826
0.8983202576637268,old,after,6,5,6,2,13,0.5454545454545454,0.5,0.5217391304347826
0.8983202576637268,fixed,before,6,5,6,2,13,0.5454545454545454,0.5,0.5217391304347826
0.8983202576637268,fixed,after,6,5,6,2,13,0.5454545454545454,0.5,0.5217391304347826
0.898787260055542,old,before,6,4,6,2,12,0.6,0.5,0.5454545454545454
0.898787260055542,old,after,6,4,6,2,12,0.6,0.5,0.5454545454545454
0.898787260055542,fixed,before,6,4,6,2,12,0.6,0.5,0.5454545454545454
0.898787260055542,fixed,after,6,4,6,2,12,0.6,0.5,0.5454545454545454
0.9079228639602661,old,before,6,3,6,2,11,0.6666666666666666,0.5,0.5714285714285714
0.9079228639602661,old,after,6,3,6,2,11,0.6666666666666666,0.5,0.5714285714285714
0.9079228639602661,fixed,before,6,3,6,2,11,0.6666666666666666,0.5,0.5714285714285714
0.9079228639602661,fixed,after,6,3,6,2,11,0.6666666666666666,0.5,0.5714285714285714
0.9089697003364563,old,before,6,2,6,2,10,0.75,0.5,0.6
0.9089697003364563,old,after,6,2,6,2,10,0.75,0.5,0.6
0.9089697003364563,fixed,before,6,2,6,2,10,0.75,0.5,0.6
0.9089697003364563,fixed,after,6,2,6,2,10,0.75,0.5,0.6
0.9195747971534729,old,before,5,2,7,2,9,0.7142857142857143,0.4166666666666667,0.5263157894736842
0.9195747971534729,old,after,5,2,7,2,9,0.7142857142857143,0.4166666666666667,0.5263157894736842
0.9195747971534729,fixed,before,5,2,7,2,9,0.7142857142857143,0.4166666666666667,0.5263157894736842
0.9195747971534729,fixed,after,5,2,7,2,9,0.7142857142857143,0.4166666666666667,0.5263157894736842
0.9272670745849609,old,before,5,1,7,2,8,0.8333333333333334,0.4166666666666667,0.5555555555555556
0.9272670745849609,old,after,5,1,7,2,8,0.8333333333333334,0.4166666666666667,0.5555555555555556
0.9272670745849609,fixed,before,5,1,7,2,8,0.8333333333333334,0.4166666666666667,0.5555555555555556
0.9272670745849609,fixed,after,5,1,7,2,8,0.8333333333333334,0.4166666666666667,0.5555555555555556
0.9358316659927368,old,before,4,1,8,2,7,0.8,0.3333333333333333,0.47058823529411764
0.9358316659927368,old,after,4,1,8,2,7,0.8,0.3333333333333333,0.47058823529411764
0.9358316659927368,fixed,before,4,1,8,2,7,0.8,0.3333333333333333,0.47058823529411764
0.9358316659927368,fixed,after,4,1,8,2,7,0.8,0.3333333333333333,0.47058823529411764
0.9371059536933899,old,before,3,1,9,2,6,0.75,0.25,0.375
0.9371059536933899,old,after,3,1,9,2,6,0.75,0.25,0.375
0.9371059536933899,fixed,before,3,1,9,2,6,0.75,0.25,0.375
0.9371059536933899,fixed,after,3,1,9,2,6,0.75,0.25,0.375
0.9532067179679871,old,before,2,1,10,2,5,0.6666666666666666,0.16666666666666666,0.26666666666666666
0.9532067179679871,old,after,2,1,10,2,5,0.6666666666666666,0.16666666666666666,0.26666666666666666
0.9532067179679871,fixed,before,2,1,10,2,5,0.6666666666666666,0.16666666666666666,0.26666666666666666
0.9532067179679871,fixed,after,2,1,10,2,5,0.6666666666666666,0.16666666666666666,0.26666666666666666
0.9585777521133423,old,before,2,1,10,1,4,0.6666666666666666,0.16666666666666666,0.26666666666666666
0.9585777521133423,old,after,2,1,10,1,4,0.6666666666666666,0.16666666666666666,0.26666666666666666
0.9585777521133423,fixed,before,2,1,10,1,4,0.6666666666666666,0.16666666666666666,0.26666666666666666
0.9585777521133423,fixed,after,2,1,10,1,4,0.6666666666666666,0.16666666666666666,0.26666666666666666
0.9687029123306274,old,before,2,0,10,1,3,1.0,0.16666666666666666,0.2857142857142857
0.9687029123306274,old,after,2,0,10,1,3,1.0,0.16666666666666666,0.2857142857142857
0.9687029123306274,fixed,before,2,0,10,1,3,1.0,0.16666666666666666,0.2857142857142857
0.9687029123306274,fixed,after,2,0,10,1,3,1.0,0.16666666666666666,0.2857142857142857
0.9816785454750061,old,before,1,0,11,1,2,1.0,0.08333333333333333,0.15384615384615385
0.9816785454750061,old,after,1,0,11,1,2,1.0,0.08333333333333333,0.15384615384615385
0.9816785454750061,fixed,before,1,0,11,1,2,1.0,0.08333333333333333,0.15384615384615385
0.9816785454750061,fixed,after,1,0,11,1,2,1.0,0.08333333333333333,0.15384615384615385
0.9854438900947571,old,before,0,0,12,1,1,0.0,0.0,0.0
0.9854438900947571,old,after,0,0,12,1,1,0.0,0.0,0.0
0.9854438900947571,fixed,before,0,0,12,1,1,0.0,0.0,0.0
0.9854438900947571,fixed,after,0,0,12,1,1,0.0,0.0,0.0
1.0,old,before,0,0,12,0,0,0.0,0.0,0.0
1.0,old,after,0,0,12,0,0,0.0,0.0,0.0
1.0,fixed,before,0,0,12,0,0,0.0,0.0,0.0
1.0,fixed,after,0,0,12,0,0,0.0,0.0,0.0
