0 -8.24738338e-17 -2.23366633e-17 -0.737981424 0.671437806 0.0674884429 5.67624248 1 1
-0.361333549 0.329106078 0.0331814277 -0.737247107 0.672194833 0.067976538 5.67624248 1 1
-0.722906874 0.659097626 0.066647334 -0.736579737 0.672880147 0.0684295208 5.67624248 1 1
-1.08473658 0.989926853 0.100379857 -0.735979149 0.673494391 0.0688476375 5.67624248 1 1
-1.44683928 1.32154597 0.134361133 -0.735445171 0.674038168 0.0692311221 5.67624248 1 1
-1.80923157 1.65390718 0.168573302 -0.734977626 0.674512036 0.0695801967 5.67624248 1 1
-2.17193007 1.98696271 0.202998499 -0.734576328 0.674916512 0.0698950716 5.67624248 1 1
-2.53495137 2.32066475 0.237618863 -0.734241088 0.675252072 0.0701759453 5.67624248 1 1
-2.89831209 2.65496552 0.272416532 -0.733971713 0.675519152 0.0704230044 5.67624248 1 1
-3.26202883 2.98981722 0.307373643 -0.733768003 0.675718146 0.0706364241 5.67624248 1 1
-3.62611819 3.32517208 0.342472334 -0.733629755 0.67584941 0.0708163677 5.67624248 1 1
-3.9905968 3.66098229 0.377694742 -0.733556762 0.675913258 0.0709629873 5.67624248 1 1
-4.35548124 3.99720007 0.413023006 -0.733548811 0.675909967 0.0710764235 5.67624248 1 1
-4.72078813 4.33377762 0.448439262 -0.733605689 0.675839776 0.0711568057 5.67624248 1 1
-5.08653407 4.67066716 0.483925648 -0.733727174 0.675702884 0.071204252 5.67624248 1 1
-5.45273567 5.00782089 0.519464303 -0.733913046 0.675499455 0.0712188695 5.67624248 1 1
-5.81940954 5.34519103 0.555037363 -0.734163076 0.675229613 0.0712007545 5.67624248 1 1
-6.18657228 5.68272978 0.590626967 -0.734477034 0.674893447 0.0711499924 5.67624248 1 1
-6.5542405 6.02038936 0.626215251 -0.734854685 0.674491009 0.071066658 5.67624248 1 1
-6.9224308 6.35812197 0.661784354 -0.735295791 0.674022315 0.0709508155 5.67624248 1 1
-7.2911598 6.69587983 0.697316414 -0.735800108 0.673487346 0.0708025187 5.67624248 1 1
-7.66044409 7.03361514 0.732793567 -0.736367388 0.672886045 0.0706218112 5.67624248 1 1
-8.03030029 7.37128011 0.768197951 -0.736997379 0.672218324 0.0704087266 5.67624248 1 1
-8.400745 7.70882696 0.803511705 -0.737689823 0.671484057 0.0701632885 5.67624248 1 1
-8.77179483 8.04620788 0.838716966 -0.738444456 0.670683086 0.0698855106 5.67624248 1 1
-9.14346638 8.3833751 0.873795871 -0.739261009 0.669815217 0.0695753973 5.67624248 1 1
-9.51577626 8.72028082 0.908730558 -0.740139206 0.668880225 0.0692329432 5.67624248 1 1
-9.88874108 9.05687726 0.943503165 -0.741078765 0.66787785 0.0688581341 5.67624248 1 1
-10.2623774 9.39311661 0.978095829 -0.742079395 0.666807798 0.0684509464 5.67624248 1 1
-10.636702 9.7289511 1.01249069 -0.743140799 0.665669745 0.0680113477 5.67624248 1 1
-11.0117312 10.0643329 1.04666988 -0.744262671 0.664463332 0.0675392972 5.67624248 1 1
-11.3874819 10.3992143 1.08061554 -0.745444695 0.663188171 0.0670347452 5.67624248 1 1
-11.7639705 10.7335474 1.11430981 -0.746686545 0.66184384 0.0664976342 5.67624248 1 1
-12.1412136 11.0672845 1.14773483 -0.747987886 0.660429886 0.0659278985 5.67624248 1 1
-12.519228 11.4003778 1.18087273 -0.749348371 0.658945827 0.0653254647 5.67624248 1 1
-12.8980301 11.7327795 1.21370565 -0.750767641 0.657391147 0.0646902518 5.67624248 1 1
-13.2776367 12.0644418 1.24621573 -0.752245324 0.655765305 0.0640221717 5.67624248 1 1
-13.6580642 12.3953168 1.2783851 -0.753781034 0.654067724 0.0633211292 5.67624248 1 1
-14.0393293 12.7253569 1.31019591 -0.755374371 0.652297803 0.0625870225 5.67624248 1 1
-14.4214487 13.0545143 1.34163029 -0.75702492 0.650454909 0.0618197432 5.67624248 1 1
-14.8044389 13.382741 1.37267038 -0.758732249 0.648538383 0.061019177 5.67624248 1 1
-15.1883165 13.7099894 1.40329831 -0.760495909 0.646547534 0.0601852037 5.67624248 1 1
-15.5730981 14.0362117 1.43349623 -0.76231543 0.644481649 0.0593176978 5.67624248 1 1
-15.9588004 14.36136 1.46324627 -0.764190326 0.642339984 0.0584165287 5.67624248 1 1
-16.3454399 14.6853866 1.49253058 -0.766120089 0.64012177 0.0574815608 5.67624248 1 1
-16.7330333 15.0082437 1.52133127 -0.768104188 0.637826212 0.0565126545 5.67624248 1 1
-17.1215971 15.3298835 1.54963051 -0.77014207 0.635452491 0.0555096662 5.67624248 1 1
-17.511148 15.6502582 1.57741041 -0.772233159 0.632999763 0.0544724487 5.67624248 1 1
-17.9017026 15.96932 1.60465313 -0.774376852 0.63046716 0.0534008518 5.67624248 1 1
-18.2932775 16.2870211 1.6313408 -0.776572519 0.627853792 0.0522947227 5.67624248 1 1
-18.6858892 16.6033138 1.65745555 -0.778819504 0.625158746 0.0511539065 5.67624248 1 1
-19.0795544 16.9181502 1.68297952 -0.781117119 0.62238109 0.0499782466 5.67624248 1 1
-19.4742897 17.2314826 1.70789485 -0.783464648 0.619519869 0.0487675854 5.67624248 1 1
-19.8701118 17.5432631 1.73218368 -0.785861341 0.616574111 0.0475217648 5.67624248 1 1
-20.2670371 17.853444 1.75582815 -0.788306416 0.613542825 0.0462406267 5.67624248 1 1
-20.6650824 18.1619775 1.77881039 -0.790799055 0.610425005 0.0449240136 5.67624248 1 1
-21.0642641 18.4688157 1.80111255 -0.793338405 0.607219628 0.0435717695 5.67624248 1 1
-21.464599 18.773911 1.82271675 -0.795923573 0.603925656 0.0421837401 5.67624248 1 1
-21.8661037 19.0772155 1.84360514 -0.798553629 0.60054204 0.0407597737 5.67624248 1 1
-22.2687946 19.3786814 1.86375985 -0.801227603 0.597067718 0.0392997221 5.67624248 1 1
-22.6726886 19.6782609 1.88316303 -0.80394448 0.59350162 0.0378034411 5.67624248 1 1
-23.0778021 19.9759063 1.9017968 -0.806703204 0.589842666 0.0362707912 5.67624248 1 1
-23.4841517 20.2715697 1.91964331 -0.809502672 0.586089772 0.0347016387 5.67624248 1 1
-23.8917541 20.5652034 1.9366847 -0.812341736 0.582241847 0.0330958562 5.67624248 1 1
-24.3006259 20.8567596 1.9529031 -0.8152192 0.578297798 0.0314533238 5.67624248 1 1
-24.7107837 21.1461904 1.96828065 -0.818133819 0.574256535 0.0297739294 5.67624248 1 1
-25.122244 21.4334481 1.98279949 -0.821084295 0.570116964 0.0280575703 5.67624248 1 1
-25.5350236 21.718485 1.99644175 -0.824069281 0.565878001 0.0263041538 5.67624248 1 1
-25.9491389 22.0012531 2.00918958 -0.827087374 0.561538564 0.024513598 5.67624248 1 1
-26.3646067 22.2817047 2.0210251 -0.830137119 0.557097582 0.022685833 5.67624248 1 1
-26.7814434 22.5597921 2.03193047 -0.833217004 0.552553996 0.0208208022 5.67624248 1 1
-27.1996658 22.8354674 2.04188781 -0.836325459 0.547906761 0.0189184627 5.67624248 1 1
-68.1001844 38.555791 2.65493689 -0.964838291 0.251563232 0.0761775023 5.67624248 1 1
-68.583543 38.6814285 2.69312918 -0.965206875 0.250104787 0.0763104512 5.67624248 1 1
-69.0670753 38.8063355 2.73136599 -0.965577778 0.248655784 0.0763534939 5.67624248 1 1
-69.5507823 38.9305121 2.76959207 -0.965958119 0.247200506 0.0762680983 5.67624248 1 1
-70.0346677 39.053954 2.80774095 -0.966348697 0.245736988 0.0760495108 5.67624248 1 1
-70.5187355 39.1766569 2.84574581 -0.966749387 0.244265185 0.075697707 5.67624248 1 1
-71.0029894 39.2986162 2.88353985 -0.967160008 0.24278504 0.0752126562 5.67624248 1 1
-71.4874333 39.4198277 2.92105627 -0.96758033 0.241296481 0.0745943224 5.67624248 1 1
-71.9720708 39.5402869 2.95822825 -0.96801007 0.239799428 0.0738426642 5.67624248 1 1
-72.456906 39.6599893 2.99498899 -0.968448891 0.238293788 0.0729576359 5.67624248 1 1
-72.9419424 39.7789306 3.03127168 -0.968896404 0.236779456 0.0719391877 5.67624248 1 1
-73.4271841 39.8971063 3.06700952 -0.969352169 0.235256319 0.0707872665 5.67624248 1 1
-73.9126347 40.014512 3.1021357 -0.969815689 0.233724254 0.0695018173 5.67624248 1 1
-74.3982981 40.1311433 3.13658341 -0.970286417 0.232183127 0.0680827836 5.67624248 1 1
-74.8841781 40.2469958 3.17028585 -0.97076375 0.230632796 0.0665301087 5.67624248 1 1
-75.3702785 40.362065 3.2031762 -0.971247033 0.22907311 0.064843737 5.67624248 1 1
-75.8566032 40.4763466 3.23518767 -0.971735558 0.227503912 0.0630236154 5.67624248 1 1
-76.3431558 40.5898362 3.26625344 -0.972228559 0.225925034 0.0610696944 5.67624248 1 1
-76.8299404 40.7025292 3.2963067 -0.972725221 0.224336304 0.05898193 5.67624248 1 1
-77.3169605 40.8144214 3.32528066 -0.97322467 0.222737542 0.0567602849 5.67624248 1 1
-77.8042201 40.9255082 3.3531085 -0.97372598 0.221128562 0.0544047309 5.67624248 1 1
-78.291723 41.0357853 3.37972341 -0.974228171 0.219509174 0.0519152502 5.67624248 1 1
-78.779473 41.1452482 3.4050586 -0.974730207 0.217879181 0.0492918376 5.67624248 1 1
-79.2674738 41.2538926 3.42904724 -0.975230999 0.216238385 0.0465345026 5.67624248 1 1
-79.7557294 41.361714 3.45162255 -0.975729401 0.214586579 0.0436432717 5.67624248 1 1
-80.2442435 41.468708 3.4727177 -0.976224216 0.212923559 0.0406181902 5.67624248 1 1
-80.7330198 41.5748701 3.49226589 -0.976714191 0.211249115 0.0374593252 5.67624248 1 1
-81.2220624 41.6801961 3.51020032 -0.977198018 0.209563035 0.0341667679 5.67624248 1 1
-81.7113748 41.7846813 3.52645417 -0.977674338 0.207865107 0.0307406359 5.67624248 1 1
-82.200961 41.8883215 3.54096065 -0.978141736 0.206155119 0.0271810762 5.67624248 1 1
-82.6908248 41.9911122 3.55365294 -0.978598747 0.204432858 0.023488268 5.67624248 1 1
-83.18097 42.0930491 3.56446424 -0.979043852 0.202698112 0.0196624254 5.67624248 1 1
-83.6714003 42.1941276 3.57332774 -0.979475481 0.200950673 0.0157038003 5.67624248 1 1
-84.1621196 42.2943433 3.58017663 -0.979892013 0.199190332 0.0116126856 5.67624248 1 1
-84.6531317 42.3936919 3.5849441 -0.980291778 0.197416885 0.0073894183 5.67624248 1 1
-85.1444405 42.492169 3.58756336 -0.980673056 0.195630134 0.00303438243 5.67624248 1 1
-85.6360496 42.58977 3.58796759 -0.981034081 0.193829882 -0.00145198753 5.67624248 1 1
-86.127963 42.6864907 3.58609 -0.981373128 0.192015537 -0.00606764508 5.67624248 1 1
-86.6201822 42.7823144 3.58190701 -0.981702581 0.190126644 -0.0105783883 5.67624248 1 1
-87.1127017 42.8771875 3.5755284 -0.982034211 0.188120355 -0.0148168841 5.67624248 1 1
-87.6055148 42.9710489 3.56708958 -0.982370718 0.185997172 -0.0187836062 5.67624248 1 1
-88.0986146 43.0638376 3.556726 -0.982714541 0.183757516 -0.0224790354 5.67624248 1 1
-88.5919944 43.1554929 3.54457307 -0.98306786 0.18140172 -0.0259036485 5.67624248 1 1
-89.0856474 43.2459536 3.53076624 -0.983432601 0.178930036 -0.0290579073 5.67624248 1 1
-89.5795669 43.3351588 3.51544094 -0.983810434 0.17634263 -0.0319422489 5.67624248 1 1
-90.0737459 43.4230476 3.49873259 -0.984202775 0.173639588 -0.0345570774 5.67624248 1 1
-90.5681778 43.5095591 3.48077662 -0.984610786 0.170820917 -0.0369027563 5.67624248 1 1
-91.0628557 43.5946321 3.46170847 -0.985035379 0.167886547 -0.0389796022 5.67624248 1 1
-91.5577729 43.6782059 3.44166357 -0.985477211 0.164836332 -0.0407878796 5.67624248 1 1
-92.0529226 43.7602194 3.42077734 -0.985936687 0.161670057 -0.0423277964 5.67624248 1 1
-92.548298 43.8406117 3.39918523 -0.986413961 0.158387437 -0.0435995007 5.67624248 1 1
-93.0438923 43.9193218 3.37702265 -0.986908935 0.154988124 -0.0446030786 5.67624248 1 1
-93.5396987 43.9962888 3.35442503 -0.987421256 0.151471712 -0.0453385531 5.67624248 1 1
-94.0357104 44.0714517 3.33152782 -0.987950315 0.147837737 -0.0458058834 5.67624248 1 1
-94.5319208 44.1447496 3.30846644 -0.988495249 0.144085688 -0.0460049662 5.67624248 1 1
-95.0283228 44.2161214 3.28537632 -0.989054937 0.140215009 -0.0459356372 5.67624248 1 1
-95.5249099 44.2855064 3.26239289 -0.989627997 0.136225106 -0.0455976739 5.67624248 1 1
-96.0216752 44.3528434 3.23965158 -0.990212786 0.132115351 -0.0449907997 5.67624248 1 1
-96.5186118 44.4180715 3.21728783 -0.990807396 0.127885096 -0.0441146885 5.67624248 1 1
-97.0157131 44.4811298 3.19543706 -0.991409653 0.123533673 -0.0429689708 5.67624248 1 1
-97.5129723 44.5419573 3.17423471 -0.992017111 0.119060405 -0.0415532408 5.67624248 1 1
-98.0103825 44.6004931 3.15381619 -0.992627054 0.114464614 -0.0398670644 5.67624248 1 1
-98.5079369 44.6566761 3.13431696 -0.993236492 0.109745634 -0.0379099882 5.67624248 1 1
-99.0056289 44.7104456 3.11587243 -0.993842154 0.104902812 -0.0356815506 5.67624248 1 1
-99.5034515 44.7617404 3.09861804 -0.994440492 0.0999355292 -0.0331812924 5.67624248 1 1
-100.001398 44.8104996 3.08268921 -0.995027675 0.0948432022 -0.0304087703 5.67624248 1 1
-100.499462 44.8566623 3.06822139 -0.995599588 0.0896253004 -0.0273635702 5.67624248 1 1
-100.997636 44.9001676 3.05534999 -0.996151834 0.084281356 -0.0240453223 5.67624248 1 1
-101.495913 44.9409544 3.04421045 -0.996679726 0.0788109771 -0.0204537175 5.67624248 1 1
-101.994288 44.9789618 3.03493821 -0.997178295 0.0732138609 -0.0165885249 5.67624248 1 1
-102.492752 45.0141288 3.02766868 -0.997642287 0.0674898075 -0.0124496097 5.67624248 1 1
-102.9913 45.0463946 3.0225373 -0.998066167 0.0616387347 -0.00803695389 5.67624248 1 1
-103.489924 45.0756981 3.01967951 -0.99844412 0.0556606925 -0.00335067609 5.67624248 1 1
-103.988617 45.1019783 3.01923073 -0.998770057 0.0495558787 0.00160894601 5.67624248 1 1
-104.487374 45.1251744 3.02132639 -0.999037621 0.0433246549 0.00684145301 5.67624248 1 1
-104.986186 45.1452254 3.02610193 -0.999240197 0.0369675625 0.01234618 5.67624248 1 1
-105.485048 45.1620702 3.03369277 -0.999370917 0.0304853395 0.018122232 5.67624248 1 1
-105.983952 45.1756484 3.0442334 -0.999422995 0.0238869838 0.0241472571 5.67624248 1 1
-106.482892 45.1859351 3.05776378 -0.99939918 0.0173262762 0.0300179958 5.67624248 1 1
-106.981861 45.1929714 3.0741502 -0.999307771 0.0108625226 0.0355806637 5.67624248 1 1
-107.480851 45.1968054 3.09324031 -0.999155794 0.00449675203 0.0408347829 5.67624248 1 1
-107.979855 45.1974853 3.11488176 -0.998949973 -0.001770213 0.0457800992 5.67624248 1 1
-108.478868 45.1950591 3.13892219 -0.998696732 -0.00793774063 0.0504165532 5.67624248 1 1
-108.977881 45.189575 3.16520926 -0.998402182 -0.0140053736 0.0547442527 5.67624248 1 1
-109.476887 45.1810811 3.19359061 -0.998072114 -0.0199728135 0.0587634466 5.67624248 1 1
-109.97588 45.1696256 3.22391391 -0.997712001 -0.0258399056 0.0624745 5.67624248 1 1
-110.474853 45.1552564 3.25602679 -0.997326991 -0.0316066237 0.0658778706 5.67624248 1 1
-110.973798 45.1380219 3.2897769 -0.99692191 -0.0372730556 0.0689740879 5.67624248 1 1
-111.472709 45.1179701 3.3250119 -0.996501256 -0.0428393891 0.0717637317 5.67624248 1 1
-111.971578 45.095149 3.36157944 -0.996069205 -0.0483058989 0.0742474144 5.67624248 1 1
-112.470399 45.0696069 3.39932716 -0.995629609 -0.0536729328 0.0764257635 5.67624248 1 1
-112.969164 45.0413919 3.43810271 -0.995185999 -0.0589409001 0.0782994058 5.67624248 1 1
-113.467867 45.010552 3.47775375 -0.994741587 -0.0641102592 0.0798689537 5.67624248 1 1
-113.9665 44.9771355 3.51812792 -0.994299267 -0.0691815066 0.0811349924 5.67624248 1 1
-114.465057 44.9411903 3.55907288 -0.993861619 -0.0741551658 0.0820980686 5.67624248 1 1
-114.96353 44.9027647 3.60043627 -0.993430913 -0.0790317772 0.0827586814 5.67624248 1 1
-115.461913 44.8619068 3.64206574 -0.993009107 -0.0838118888 0.0831172733 5.67624248 1 1
-115.960198 44.8186647 3.68380895 -0.992597853 -0.0884960461 0.083174224 5.67624248 1 1
-116.458378 44.7730864 3.72551353 -0.9921985 -0.0930847842 0.0829298447 5.67624248 1 1
-116.956447 44.7252203 3.76702715 -0.991812093 -0.097578619 0.082384374 5.67624248 1 1
-117.454398 44.6751142 3.80819745 -0.991439377 -0.10197804 0.0815379752 5.67624248 1 1
-117.952222 44.6228165 3.84887209 -0.991080797 -0.106283502 0.0803907348 5.67624248 1 1
-118.449914 44.5683751 3.8888987 -0.990736503 -0.11049542 0.0789426627 5.67624248 1 1
-118.947467 44.5118382 3.92812494 -0.990406345 -0.114614159 0.0771936929 5.67624248 1 1
-119.444873 44.453254 3.96639847 -0.990089879 -0.118640033 0.0751436867 5.67624248 1 1
-119.942125 44.3926706 4.00356692 -0.989786365 -0.122573296 0.0727924361 5.67624248 1 1
-120.439217 44.330136 4.03947796 -0.989494767 -0.126414136 0.0701396691 5.67624248 1 1
-120.936141 44.2656985 4.07397922 -0.989213752 -0.130162672 0.0671850565 5.67624248 1 1
-121.43289 44.1994061 4.10691836 -0.988941693 -0.133818949 0.0639282192 5.67624248 1 1
-121.929458 44.1313069 4.13814303 -0.988676664 -0.137382933 0.0603687383 5.67624248 1 1
-122.425836 44.0614491 4.16750088 -0.988416441 -0.140854508 0.0565061649 5.67624248 1 1
-122.92202 43.9898808 4.19483956 -0.988158503 -0.144233472 0.0523400326 5.67624248 1 1
-123.418 43.9166501 4.22000672 -0.987900027 -0.147519534 0.0478698709 5.67624248 1 1
-123.913771 43.8418051 4.24285 -0.98763789 -0.150712309 0.0430952201 5.67624248 1 1
-124.409325 43.7653937 4.26321843 -0.987366665 -0.153817839 0.0380413191 5.67624248 1 1
-124.904653 43.6874398 4.28105147 -0.987056636 -0.156926417 0.0330650558 5.67624248 1 1
-125.399745 43.6079293 4.29643372 -0.986700888 -0.16006724 0.0282813685 5.67624248 1 1
-125.894586 43.5268449 4.30946285 -0.986301823 -0.163240509 0.0236907077 5.67624248 1 1
-126.389167 43.4441691 4.32023654 -0.985861729 -0.166446433 0.0192934531 5.67624248 1 1
-126.883475 43.3598843 4.32885247 -0.985382778 -0.169685225 0.0150899213 5.67624248 1 1
-127.377497 43.2739732 4.33540832 -0.984867029 -0.172957106 0.0110803723 5.67624248 1 1
-127.871223 43.1864181 4.34000177 -0.984316423 -0.1762623 0.007265016 5.67624248 1 1
-128.364639 43.0972018 4.3427305 -0.983732784 -0.17960103 0.0036440182 5.67624248 1 1
-128.857735 43.0063066 4.34369219 -0.983117817 -0.182973525 0.000217506601 5.67624248 1 1
-129.350498 42.9137152 4.34298451 -0.982473106 -0.186380011 -0.00301442387 5.67624248 1 1
-129.842915 42.81941 4.34070515 -0.981800119 -0.189820711 -0.00605170587 5.67624248 1 1
-130.334976 42.7233735 4.33695178 -0.981100203 -0.193295846 -0.00889429482 5.67624248 1 1
-130.826669 42.6255884 4.33182208 -0.980374582 -0.196805631 -0.0115421645 5.67624248 1 1
-131.31798 42.5260371 4.32541373 -0.979624366 -0.200350275 -0.0139953028 5.67624248 1 1
-131.808899 42.4247022 4.31782442 -0.978850541 -0.203929979 -0.0162537081 5.67624248 1 1
-132.299414 42.3215662 4.30915181 -0.978053974 -0.207544931 -0.0183173858 5.67624248 1 1
-132.789512 42.2166116 4.29949359 -0.977235413 -0.211195309 -0.0201863452 5.67624248 1 1
-133.279181 42.1098209 4.28894744 -0.976395489 -0.214881277 -0.0218605969 5.67624248 1 1
-133.76841 42.0011767 4.27761103 -0.975534711 -0.218602983 -0.0233401501 5.67624248 1 1
-134.257186 41.8906615 4.26558205 -0.974653473 -0.222360557 -0.024625011 5.67624248 1 1
-134.745498 41.7782579 4.25295817 -0.973752047 -0.226154108 -0.0257151808 5.67624248 1 1
-135.233334 41.6639483 4.23983707 -0.972830592 -0.229983724 -0.0266106544 5.67624248 1 1
-135.720682 41.5477153 4.22631643 -0.971889146 -0.233849468 -0.0273114197 5.67624248 1 1
-136.207529 41.4295414 4.21249394 -0.970927635 -0.237751376 -0.0278174565 5.67624248 1 1
-136.693864 41.3094091 4.19846726 -0.969945865 -0.241689458 -0.0281287365 5.67624248 1 1
-137.179675 41.187301 4.18433408 -0.968943528 -0.245663688 -0.0282452233 5.67624248 1 1
-137.66495 41.0631996 4.17019207 -0.967920201 -0.24967401 -0.0281668728 5.67624248 1 1
-138.149677 40.9370875 4.15613892 -0.966875349 -0.253720329 -0.0278936339 5.67624248 1 1
-138.633844 40.8089471 4.14227231 -0.965808319 -0.257802513 -0.0274254497 5.67624248 1 1
-139.117439 40.678761 4.12868991 -0.964718349 -0.261920387 -0.0267622586 5.67624248 1 1
-139.60045 40.5465117 4.1154894 -0.963604562 -0.266073732 -0.0259039967 5.67624248 1 1
-140.082865 40.4121817 4.10276846 -0.962465972 -0.270262281 -0.0248505996 5.67624248 1 1
-140.564673 40.2757536 4.09062477 -0.96130148 -0.274485719 -0.0236020047 5.67624248 1 1
-141.045861 40.1372099 4.079156 -0.960109879 -0.278743675 -0.0221581545 5.67624248 1 1
-141.526417 39.9965332 4.06845985 -0.958889852 -0.283035725 -0.0205189995 5.67624248 1 1
-142.00633 39.8537058 4.05863398 -0.957639977 -0.287361383 -0.0186845019 5.67624248 1 1
-142.485587 39.7087105 4.04977608 -0.956358721 -0.291720104 -0.0166546393 5.67624248 1 1
-142.964176 39.5615297 4.04198382 -0.955044452 -0.296111274 -0.0144294095 5.67624248 1 1
-143.442086 39.4121459 4.03535488 -0.95369543 -0.300534214 -0.0120088344 5.67624248 1 1
-143.919305 39.2605417 4.02998695 -0.952309816 -0.304988174 -0.00939296551 5.67624248 1 1
-144.39582 39.1066995 4.02597769 -0.950885671 -0.309472325 -0.00658188907 5.67624248 1 1
-144.871619 38.950602 4.0234248 -0.949420957 -0.313985766 -0.00357573163 5.67624248 1 1
-145.346692 38.7922317 4.02242552 -0.947913904 -0.318526422 -0.000385014819 5.67624248 1 1
-145.821024 38.6315779 4.02302296 -0.946371581 -0.323068506 0.00275149722 5.67624248 1 1
-146.2946 38.4686433 4.02515279 -0.94479848 -0.327601821 0.00573405631 5.67624248 1 1
-146.767405 38.303432 4.02873808 -0.943195874 -0.332126819 0.00856270023 5.67624248 1 1
-147.239423 38.1359482 4.03370189 -0.941564957 -0.336643952 0.01123748 5.67624248 1 1
-147.710638 37.9661962 4.03996727 -0.939906846 -0.34115367 0.0137584571 5.67624248 1 1
-148.181035 37.7941802 4.04745727 -0.938222577 -0.345656416 0.0161257003 5.67624248 1 1
-148.650598 37.6199043 4.05609495 -0.936513111 -0.35015263 0.0183392831 5.67624248 1 1
-149.119312 37.4433729 4.06580336 -0.934779329 -0.354642744 0.0203992815 5.67624248 1 1
-149.58716 37.26459 4.07650557 -0.933022037 -0.359127179 0.0223057714 5.67624248 1 1
-150.054128 37.0835598 4.08812462 -0.931241965 -0.363606347 0.0240588265 5.67624248 1 1
-150.520199 36.9002867 4.10058357 -0.929439766 -0.368080646 0.0256585166 5.67624248 1 1
-150.985358 36.7147748 4.11380548 -0.927616019 -0.372550461 0.0271049055 5.67624248 1 1
-151.449589 36.5270283 4.12771339 -0.925771228 -0.37701616 0.0283980493 5.67624248 1 1
-151.912877 36.3370513 4.14223038 -0.923905823 -0.381478094 0.0295379953 5.67624248 1 1
-152.375205 36.1448482 4.15727948 -0.922020164 -0.385936595 0.0305247806 5.67624248 1 1
-152.83656 35.9504231 4.17278376 -0.920114533 -0.390391975 0.0313584307 5.67624248 1 1
-153.296924 35.7537803 4.18866628 -0.918189146 -0.394844523 0.032038959 5.67624248 1 1
-153.756282 35.5549238 4.20485008 -0.916244144 -0.399294504 0.0325663655 5.67624248 1 1
-154.214619 35.353858 4.22125822 -0.914279599 -0.403742157 0.0329406366 5.67624248 1 1
-154.671918 35.150587 4.23781376 -0.912295513 -0.408187697 0.0331617446 5.67624248 1 1
-155.128165 34.9451151 4.25443975 -0.910291819 -0.412631306 0.0332296471 5.67624248 1 1
-155.583343 34.7374464 4.27105925 -0.908268381 -0.417073139 0.0331442872 5.67624248 1 1
-156.037437 34.5275852 4.28759532 -0.906224997 -0.421513317 0.0329055933 5.67624248 1 1
-156.490432 34.3155356 4.303971 -0.904161395 -0.425951928 0.0325134795 5.67624248 1 1
-156.942312 34.101303 4.32011131 -0.902083744 -0.430373673 0.0319909322 5.67624248 1 1
-157.393085 33.884917 4.33598491 -0.900030351 -0.434689391 0.0314722155 5.67624248 1 1
-157.842779 33.666431 4.35160332 -0.89800905 -0.438884996 0.0309791241 5.67624248 1 1
-158.291422 33.4458998 4.36697987 -0.896021598 -0.442960866 0.0305117626 5.67624248 1 1
-158.739044 33.2233776 4.38212788 -0.894069689 -0.446917411 0.0300702267 5.67624248 1 1
-159.185674 32.9989192 4.3970607 -0.892154963 -0.450755063 0.0296546036 5.67624248 1 1
-159.63134 32.772579 4.41179164 -0.890278997 -0.454474277 0.029264973 5.67624248 1 1
-160.076073 32.5444115 4.42633405 -0.888443314 -0.458075525 0.0289014074 5.67624248 1 1
-160.5199 32.3144714 4.44070124 -0.886649376 -0.461559297 0.0285639722 5.67624248 1 1
-160.96285 32.082813 4.45490655 -0.884898588 -0.464926093 0.0282527267 5.67624248 1 1
-161.404954 31.849491 4.46896331 -0.883192301 -0.468176425 0.0279677243 5.67624248 1 1
-161.846239 31.6145599 4.48288485 -0.881531808 -0.471310812 0.0277090128 5.67624248 1 1
-162.286735 31.3780741 4.4966845 -0.879918347 -0.474329777 0.027476635 5.67624248 1 1
-162.726471 31.1400883 4.51037558 -0.8783531 -0.477233846 0.0272706291 5.67624248 1 1
-163.165475 30.900657 4.52397144 -0.876837199 -0.480023545 0.0270910292 5.67624248 1 1
-163.603778 30.6598347 4.53748539 -0.875371718 -0.482699396 0.0269378654 5.67624248 1 1
-164.041407 30.4176759 4.55093077 -0.873957683 -0.485261919 0.0268111641 5.67624248 1 1
-164.478392 30.1742351 4.56432091 -0.872596066 -0.487711627 0.0267109488 5.67624248 1 1
-164.914761 29.929567 4.57766913 -0.871287789 -0.490049024 0.0266372401 5.67624248 1 1
-165.350545 29.6837259 4.59098878 -0.870033726 -0.492274604 0.026590056 5.67624248 1 1
-165.785771 29.4367665 4.60429317 -0.868834698 -0.494388849 0.0265694121 5.67624248 1 1
-166.22047 29.1887433 4.61759564 -0.867691482 -0.496392229 0.0265753222 5.67624248 1 1
-166.654669 28.9397108 4.63090951 -0.866604804 -0.498285198 0.0266077982 5.67624248 1 1
-167.088398 28.6897235 4.64424813 -0.865575347 -0.500068192 0.0266668505 5.67624248 1 1
-167.521685 28.438836 4.65762481 -0.864603746 -0.501741633 0.0267524881 5.67624248 1 1
-167.954561 28.1871028 4.67105289 -0.863690591 -0.503305921 0.026864719 5.67624248 1 1
-204.197594 -0.560239346 6.34006943 -0.640545596 -0.767219323 0.0328001671 5.67624248 1 1
-204.516993 -0.944890235 6.3562761 -0.636423446 -0.770676374 0.0319863088 5.67624248 1 1
-204.834224 -1.33118717 6.37205965 -0.632194 -0.774184755 0.0311241207 5.67624248 1 1
-205.149237 -1.71915679 6.38739621 -0.627855982 -0.777742894 0.0302135188 5.67624248 1 1
-205.461979 -2.10882573 6.40226188 -0.62340812 -0.78134915 0.0292544266 5.67624248 1 1
-205.7724 -2.50022063 6.41663278 -0.618849155 -0.785001811 0.0282467765 5.67624248 1 1
-206.080449 -2.89336813 6.43048501 -0.614177841 -0.788699091 0.0271905108 5.67624248 1 1
-206.386075 -3.28829487 6.44379469 -0.609392952 -0.792439128 0.0260855836 5.67624248 1 1
-206.689227 -3.68502748 6.45653792 -0.604493282 -0.796219988 0.0249319613 5.67624248 1 1
-206.989852 -4.08359261 6.46869082 -0.599477653 -0.800039655 0.0237296245 5.67624248 1 1
-207.287902 -4.48401689 6.4802295 -0.594344915 -0.803896035 0.0224785697 5.67624248 1 1
-207.583323 -4.88632695 6.49113008 -0.589093957 -0.807786957 0.02117881 5.67624248 1 1
-207.876065 -5.29054945 6.50136865 -0.583723703 -0.811710167 0.019830377 5.67624248 1 1
-208.166078 -5.69671101 6.51092134 -0.578233125 -0.815663329 0.0184333225 5.67624248 1 1
-208.453309 -6.10483828 6.51976426 -0.572621242 -0.819644027 0.0169877196 5.67624248 1 1
-208.737708 -6.51495789 6.52787351 -0.566887129 -0.823649762 0.0154936644 5.67624248 1 1
-209.019224 -6.92709648 6.5352252 -0.561029918 -0.827677952 0.0139512777 5.67624248 1 1
-209.297805 -7.34128069 6.54179546 -0.555048808 -0.831725936 0.0123607064 5.67624248 1 1
-209.573401 -7.75753715 6.54756039 -0.548943068 -0.835790969 0.0107221249 5.67624248 1 1
-209.84596 -8.17589252 6.55249609 -0.54271204 -0.839870226 0.00903573706 5.67624248 1 1
-210.115431 -8.59637341 6.55657869 -0.536355151 -0.843960803 0.00730177741 5.67624248 1 1
-210.381763 -9.01900648 6.55978429 -0.529871911 -0.848059716 0.00552051276 5.67624248 1 1
-210.644905 -9.44381836 6.56208901 -0.523261924 -0.852163908 0.00369224373 5.67624248 1 1
-210.904806 -9.87083569 6.56346895 -0.516524892 -0.856270246 0.00181730619 5.67624248 1 1
-211.161415 -10.3000851 6.56390023 -0.509660621 -0.860375523 -0.000103927339 5.67624248 1 1
-211.41468 -10.7315932 6.56335896 -0.502669025 -0.864476467 -0.00207104627 5.67624248 1 1
-211.664551 -11.1653868 6.56182125 -0.495550133 -0.868569738 -0.00408360067 5.67624248 1 1
-211.910976 -11.6014923 6.5592632 -0.488304096 -0.872651933 -0.00614110003 5.67624248 1 1
-212.153904 -12.0399364 6.55566094 -0.480931188 -0.876719593 -0.00824301204 5.67624248 1 1
-212.393285 -12.4807458 6.55099058 -0.473431816 -0.880769203 -0.0103887616 5.67624248 1 1
-212.629067 -12.9239472 6.54522822 -0.465806519 -0.884797201 -0.0125777297 5.67624248 1 1
-212.861198 -13.3695671 6.53834997 -0.458055981 -0.88879998 -0.0148092527 5.67624248 1 1
-213.089628 -13.8176321 6.53033195 -0.450181029 -0.892773894 -0.0170826215 5.67624248 1 1
-213.314306 -14.2681691 6.52115027 -0.442182638 -0.896715266 -0.019397081 5.67624248 1 1
-213.535181 -14.7212044 6.51078104 -0.434061939 -0.900620392 -0.0217518292 5.67624248 1 1
-213.752201 -15.1767649 6.49920036 -0.425820217 -0.904485552 -0.0241460175 5.67624248 1 1
-213.965315 -15.6348772 6.48638436 -0.417458918 -0.908307009 -0.02657875 5.67624248 1 1
-214.174473 -16.0955678 6.47230915 -0.408979651 -0.912081025 -0.0290490836 5.67624248 1 1
-214.379623 -16.5588634 6.45695083 -0.40038419 -0.915803864 -0.0315560281 5.67624248 1 1
-214.580713 -17.0247907 6.44028551 -0.391674475 -0.919471802 -0.0340985467 5.67624248 1 1
-214.777694 -17.4933764 6.42228931 -0.382852614 -0.923081134 -0.0366755562 5.67624248 1 1
-214.970513 -17.9646469 6.40293834 -0.373920885 -0.926628182 -0.0392859277 5.67624248 1 1
-215.15912 -18.438629 6.38220871 -0.364881734 -0.930109306 -0.0419284879 5.67624248 1 1
-168.387053 27.9345784 4.68454569 -0.862836428 -0.504761436 0.0270035502 5.67624248 2 1
-168.819192 27.6813174 4.69811655 -0.862041759 -0.506108538 0.0271689878 5.67624248 2 1
-169.251005 27.4273743 4.7117788 -0.861307043 -0.507347565 0.0273610372 5.67624248 2 1
-169.682522 27.1728036 4.72554577 -0.860632697 -0.50847883 0.0275797033 5.67624248 2 1
-170.113772 26.9176598 4.73943078 -0.860019095 -0.509502626 0.0278249905 5.67624248 2 1
-170.544784 26.6619975 4.75344717 -0.859466572 -0.510419216 0.0280969027 5.67624248 2 1
-170.975586 26.4058713 4.76760827 -0.858975418 -0.511228843 0.0283954437 5.67624248 2 1
-171.406209 26.1493355 4.7819274 -0.858545886 -0.511931721 0.0287206166 5.67624248 2 1
-171.836681 25.8924448 4.7964179 -0.858178189 -0.512528039 0.0290724245 5.67624248 2 1
-172.26703 25.6352538 4.8110931 -0.857872497 -0.513017958 0.0294508701 5.67624248 2 1
-172.697287 25.3778168 4.82596632 -0.857628944 -0.513401614 0.0298559558 5.67624248 2 1
-173.127479 25.1201886 4.8410509 -0.857447622 -0.513679113 0.0302876835 5.67624248 2 1
-173.557636 24.8624235 4.85636016 -0.857328587 -0.513850536 0.0307460549 5.67624248 2 1
-173.987787 24.6045757 4.87190739 -0.857266519 -0.513924916 0.0312297183 5.67624248 2 1
-174.417931 24.3466557 4.88769888 -0.857143386 -0.514100934 0.0317087571 5.67624248 2 1
-174.848008 24.0885879 4.90372737 -0.856910694 -0.514460001 0.0321709295 5.67624248 2 1
-175.277952 23.8302871 4.919984 -0.856568225 -0.515001995 0.032616265 5.67624248 2 1
-175.707698 23.5716682 4.93645994 -0.856115625 -0.515726748 0.0330447853 5.67624248 2 1
-176.137179 23.3126457 4.95314633 -0.855552407 -0.516634049 0.0334565044 5.67624248 2 1
-176.566329 23.0531345 4.97003433 -0.854877951 -0.517723641 0.0338514284 5.67624248 2 1
-176.995083 22.7930494 4.98711509 -0.854091506 -0.518995219 0.034229555 5.67624248 2 1
-177.423374 22.5323049 5.00437976 -0.853192187 -0.520448425 0.0345908737 5.67624248 2 1
-177.851136 22.270816 5.02181951 -0.852178982 -0.522082851 0.0349353656 5.67624248 2 1
-178.278304 22.0084973 5.03942547 -0.851050748 -0.523898029 0.0352630031 5.67624248 2 1
-178.70481 21.7452636 5.05718881 -0.849806216 -0.525893433 0.0355737501 5.67624248 2 1
-179.13059 21.4810296 5.07510068 -0.848443992 -0.528068471 0.0358675618 5.67624248 2 1
-179.555578 21.2157101 5.09315223 -0.846962556 -0.530422484 0.0361443849 5.67624248 2 1
-179.979706 20.9492198 5.11133461 -0.845360269 -0.532954737 0.0364041575 5.67624248 2 1
-180.40291 20.6814735 5.12963899 -0.843635373 -0.535664419 0.036646809 5.67624248 2 1
-180.825123 20.4123858 5.1480565 -0.841785991 -0.538550631 0.0368722607 5.67624248 2 1
-181.246279 20.1418716 5.16657831 -0.839810136 -0.541612386 0.0370804256 5.67624248 2 1
-181.666313 19.8698455 5.18519557 -0.837705711 -0.544848601 0.0372712084 5.67624248 2 1
-182.085157 19.5962224 5.20389944 -0.835470513 -0.548258087 0.0374445063 5.67624248 2 1
-182.502747 19.320917 5.22268106 -0.833102237 -0.551839548 0.0376002089 5.67624248 2 1
-182.919016 19.043844 5.24153158 -0.830598483 -0.555591566 0.0377381985 5.67624248 2 1
-183.333899 18.7649181 5.26044217 -0.827956758 -0.559512603 0.0378583504 5.67624248 2 1
-183.747328 18.4840541 5.27940398 -0.825174483 -0.563600984 0.0379605339 5.67624248 2 1
-184.159239 18.2011668 5.29840816 -0.822249003 -0.567854897 0.0380446119 5.67624248 2 1
-184.569564 17.9161709 5.31744586 -0.819177587 -0.572272379 0.038110442 5.67624248 2 1
-184.978239 17.628981 5.33650823 -0.81595744 -0.576851309 0.0381578771 5.67624248 2 1
-185.385197 17.3395121 5.35558644 -0.812585711 -0.581589402 0.0381867655 5.67624248 2 1
-185.790372 17.0476788 5.37467163 -0.809059501 -0.5864842 0.0381969523 5.67624248 2 1
-186.193698 16.7533958 5.39375495 -0.805375871 -0.591533061 0.0381882795 5.67624248 2 1
-186.595109 16.4565779 5.41282757 -0.801531854 -0.596733154 0.0381605873 5.67624248 2 1
-186.99454 16.1571399 5.43188063 -0.797524467 -0.602081447 0.0381137148 5.67624248 2 1
-187.391923 15.8549965 5.45090528 -0.79335072 -0.607574705 0.0380475006 5.67624248 2 1
-187.787194 15.5500627 5.46989272 -0.789014327 -0.613200808 0.0379626206 5.67624248 2 1
-188.18032 15.2423014 5.48883847 -0.78467146 -0.618753511 0.037878666 5.67624248 2 1
-188.571335 14.9317705 5.50774672 -0.780391106 -0.62414788 0.0378040447 5.67624248 2 1
-188.960283 14.6185391 5.52662269 -0.77617623 -0.629385602 0.0377388864 5.67624248 2 1
-189.347205 14.3026766 5.54547161 -0.772029667 -0.634468408 0.0376833155 5.67624248 2 1
-189.732144 13.9842521 5.56429869 -0.767954123 -0.639398067 0.0376374508 5.67624248 2 1
-190.115143 13.6633349 5.58310916 -0.763952179 -0.644176375 0.0376014064 5.67624248 2 1
-190.496244 13.3399942 5.60190825 -0.760026296 -0.648805153 0.0375752917 5.67624248 2 1
-190.87549 13.0142993 5.62070116 -0.756178816 -0.653286235 0.0375592117 5.67624248 2 1
-191.252922 12.6863193 5.63949314 -0.752411966 -0.657621461 0.0375532675 5.67624248 2 1
-191.628585 12.3561235 5.65828939 -0.748727862 -0.661812677 0.0375575561 5.67624248 2 1
-192.00252 12.0237812 5.67709514 -0.745128513 -0.66586172 0.0375721712 5.67624248 2 1
-192.374769 11.6893615 5.69591561 -0.741615825 -0.669770422 0.0375972031 5.67624248 2 1
-192.745375 11.3529337 5.71475602 -0.738191604 -0.673540595 0.0376327394 5.67624248 2 1
-193.114382 11.014567 5.7336216 -0.734857559 -0.677174033 0.0376788646 5.67624248 2 1
-193.48183 10.6743307 5.75251757 -0.731615308 -0.680672506 0.0377356612 5.67624248 2 1
-193.847763 10.3322939 5.77144914 -0.728466383 -0.684037752 0.0378032091 5.67624248 2 1
-194.212224 9.988526 5.79042155 -0.725412229 -0.687271478 0.0378815866 5.67624248 2 1
-194.575254 9.64309609 5.80944001 -0.722454211 -0.690375351 0.0379708699 5.67624248 2 1
-194.936896 9.29607345 5.82850975 -0.719593621 -0.693351 0.0380711339 5.67624248 2 1
-195.297193 8.9475273 5.84763599 -0.716831674 -0.696200008 0.0381824524 5.67624248 2 1
-195.656187 8.59752687 5.86682394 -0.714169519 -0.698923911 0.0383048979 5.67624248 2 1
-196.013921 8.2461414 5.88607884 -0.711608237 -0.701524194 0.038438542 5.67624248 2 1
-196.370438 7.89344011 5.9054059 -0.70914885 -0.704002291 0.0385834556 5.67624248 2 1
-196.725779 7.53949224 5.92481034 -0.706792317 -0.706359579 0.0387397094 5.67624248 2 1
-197.079987 7.18436701 5.9442974 -0.704539546 -0.708597378 0.0389073732 5.67624248 2 1
-197.433103 6.82813167 5.96387168 -0.702367951 -0.710740508 0.0390792845 5.67624248 2 1
-197.785123 6.47080767 5.98352391 -0.700136541 -0.712931448 0.0392119113 5.67624248 2 1
-198.135997 6.11237039 6.0032308 -0.697820881 -0.715193464 0.0392979386 5.67624248 2 1
-198.485675 5.75279319 6.02296847 -0.695420054 -0.717525973 0.0393373279 5.67624248 2 1
-198.834105 5.39204943 6.04271302 -0.692933113 -0.719928364 0.0393300319 5.67624248 2 1
-199.181237 5.03011248 6.06244058 -0.690359075 -0.722399988 0.0392759951 5.67624248 2 1
-199.527018 4.66695569 6.08212724 -0.687696928 -0.724940165 0.039175154 5.67624248 2 1
-199.871399 4.30255243 6.10174913 -0.684945628 -0.727548174 0.0390274381 5.67624248 2 1
-200.214327 3.93687606 6.12128235 -0.682104104 -0.730223259 0.03883277 5.67624248 2 1
-200.555752 3.56989994 6.14070301 -0.679171256 -0.732964621 0.0385910664 5.67624248 2 1
-200.895623 3.20159743 6.15998723 -0.676145958 -0.735771419 0.0383022384 5.67624248 2 1
-201.233888 2.8319419 6.17911112 -0.673027062 -0.73864277 0.0379661926 5.67624248 2 1
-201.570497 2.4609067 6.19805078 -0.669813394 -0.741577742 0.0375828314 5.67624248 2 1
-201.905397 2.0884652 6.21678233 -0.666503762 -0.744575356 0.0371520537 5.67624248 2 1
-202.238539 1.71459076 6.23528188 -0.663096952 -0.747634582 0.0366737564 5.67624248 2 1
-202.569872 1.33925675 6.25352555 -0.659591735 -0.750754339 0.0361478341 5.67624248 2 1
-202.899343 0.962436515 6.27148943 -0.655986867 -0.753933491 0.0355741812 5.67624248 2 1
-203.226901 0.584103428 6.28914965 -0.65228109 -0.757170846 0.0349526917 5.67624248 2 1
-203.552497 0.204230847 6.30648232 -0.648473136 -0.760465153 0.0342832608 5.67624248 2 1
-203.876078 -0.177207865 6.32346354 -0.644561732 -0.763815103 0.0335657858 5.67624248 2 1
-27.6192904 23.1086829 2.05087926 -0.839460858 0.543154848 0.0169787867 5.67624248 2 1
-28.0403339 23.3793907 2.05888697 -0.842621514 0.538297251 0.0150017629 5.67624248 2 1
-28.4628127 23.6475431 2.06589306 -0.845805683 0.533332987 0.012987397 5.67624248 2 1
-28.8867437 23.9130922 2.07187968 -0.849011557 0.528261097 0.0109357132 5.67624248 2 1
-29.3121432 24.1759903 2.07682897 -0.852237269 0.523080655 0.00884675555 5.67624248 2 1
-29.7390281 24.4361897 2.08072306 -0.85548089 0.517790769 0.00672058848 5.67624248 2 1
-30.1674148 24.6936424 2.08354408 -0.858740429 0.512390581 0.00455729855 5.67624248 2 1
-30.5973199 24.9483008 2.08527419 -0.86201383 0.506879276 0.00235699535 5.67624248 2 1
-31.0287602 25.2001169 2.0858955 -0.865298979 0.501256085 0.000119812781 5.67624248 2 1
-31.4617521 25.4490432 2.08539018 -0.868593694 0.495520286 -0.0021540898 5.67624248 2 1
-31.8963123 25.6950316 2.08374034 -0.871895736 0.48967121 -0.00446452637 5.67624248 2 1
-32.3324574 25.9380345 2.08092812 -0.8752028 0.483708244 -0.00681128308 5.67624248 2 1
-32.770204 26.1780041 2.07693568 -0.878512523 0.477630836 -0.00919411711 5.67624248 2 1
-33.2095687 26.4148925 2.07174514 -0.881822478 0.471438501 -0.0116127555 5.67624248 2 1
-33.6505682 26.6486521 2.06533863 -0.885130183 0.465130822 -0.0140668939 5.67624248 2 1
-34.0932189 26.8792349 2.05769831 -0.888433095 0.458707454 -0.0165561958 5.67624248 2 1
-34.5375376 27.1065932 2.0488063 -0.891728614 0.452168134 -0.0190802912 5.67624248 2 1
-34.9835408 27.3306792 2.03864475 -0.895014088 0.445512677 -0.0216387755 5.67624248 2 1
-35.4312452 27.5514452 2.02719578 -0.898286811 0.438740988 -0.024231209 5.67624248 2 1
-35.8806621 27.7688532 2.01445167 -0.901506892 0.431935644 -0.026775414 5.67624248 2 1
-36.331757 27.9829532 2.00049431 -0.904583984 0.425303222 -0.0290686426 5.67624248 2 1
-36.7844712 28.1938413 1.9854524 -0.907519616 0.418856585 -0.0311015875 5.67624248 2 1
-37.2387458 28.4016137 1.96945508 -0.910319499 0.412598687 -0.0328745214 5.67624248 2 1
-37.6945221 28.6063666 1.95263145 -0.912989097 0.40653215 -0.0343877816 5.67624248 2 1
-38.1517411 28.8081965 1.93511065 -0.915533615 0.40065929 -0.03564175 5.67624248 2 1
-38.6103441 29.0071997 1.91702178 -0.917957983 0.394982131 -0.0366368364 5.67624248 2 1
-39.0702722 29.2034724 1.89849397 -0.920266852 0.389502434 -0.0373734621 5.67624248 2 1
-39.5314665 29.397111 1.87965633 -0.922464577 0.384221715 -0.0378520452 5.67624248 2 1
-39.9938683 29.5882118 1.86063799 -0.924555217 0.379141264 -0.038072988 5.67624248 2 1
-40.4574186 29.776871 1.84156806 -0.926542522 0.374262162 -0.0380366651 5.67624248 2 1
-40.9220587 29.9631851 1.82257567 -0.928429932 0.369585304 -0.037743413 5.67624248 2 1
-41.3877296 30.1472504 1.80378992 -0.930220565 0.36511141 -0.0371935216 5.67624248 2 1
-41.8543725 30.329163 1.78533995 -0.931917224 0.360841043 -0.0363872268 5.67624248 2 1
-42.3219287 30.5090195 1.76735487 -0.93352238 0.356774623 -0.0353247042 5.67624248 2 1
-42.7903392 30.686916 1.7499638 -0.93503818 0.35291244 -0.0340060644 5.67624248 2 1
-43.2595452 30.8629489 1.73329586 -0.936466436 0.349254667 -0.0324313499 5.67624248 2 1
-43.7294878 31.0372145 1.71748017 -0.937808627 0.345801368 -0.0306005327 5.67624248 2 1
-44.2001083 31.2098091 1.70264584 -0.939065896 0.34255251 -0.0285135138 5.67624248 2 1
-44.6713478 31.3808291 1.68892201 -0.940239045 0.339507971 -0.0261701231 5.67624248 2 1
-45.1431474 31.5503707 1.67643777 -0.941328536 0.336667546 -0.0235701221 5.67624248 2 1
-45.6154483 31.7185302 1.66532227 -0.942334487 0.334030954 -0.0207132061 5.67624248 2 1
-46.0881916 31.8854041 1.6557046 -0.943256671 0.331597841 -0.0175990092 5.67624248 2 1
-46.5613185 32.0510885 1.6477139 -0.944094513 0.329367788 -0.0142271094 5.67624248 2 1
-47.0347702 32.2156799 1.64147928 -0.944847091 0.32734031 -0.0105970362 5.67624248 2 1
-47.5084966 32.3792605 1.63710365 -0.945544223 0.325421162 -0.00686954873 5.67624248 2 1
-47.9824853 32.5418525 1.6345766 -0.94622023 0.323507175 -0.00322233912 5.67624248 2 1
-48.4567345 32.7034618 1.63385716 -0.946875997 0.321598707 0.000344249891 5.67624248 2 1
-48.9312421 32.8640943 1.63490434 -0.947512373 0.319696159 0.00383000105 5.67624248 2 1
-49.406006 33.0237558 1.63767717 -0.948130196 0.317799922 0.00723471809 5.67624248 2 1
-49.8810243 33.1824523 1.64213465 -0.948730289 0.315910372 0.0105582247 5.67624248 2 1
-50.3562949 33.3401895 1.6482358 -0.94931346 0.314027872 0.0138003636 5.67624248 2 1
-50.8318158 33.4969733 1.65593965 -0.949880505 0.31215277 0.0169609952 5.67624248 2 1
-51.3075849 33.6528097 1.66520521 -0.9504322 0.310285403 0.0200399971 5.67624248 2 1
-51.7836003 33.8077044 1.67599149 -0.95096931 0.308426094 0.0230372627 5.67624248 2 1
-52.2598599 33.9616634 1.68825751 -0.951492581 0.306575154 0.0259527003 5.67624248 2 1
-52.7363616 34.1146926 1.70196229 -0.952002744 0.304732881 0.0287862324 5.67624248 2 1
-53.2131036 34.2667977 1.71706485 -0.952500511 0.30289956 0.0315377943 5.67624248 2 1
-53.6900837 34.4179847 1.7335242 -0.95298658 0.301075465 0.0342073339 5.67624248 2 1
-54.1672999 34.5682595 1.75129936 -0.953461631 0.299260858 0.03679481 5.67624248 2 1
-54.6447502 34.7176279 1.77034934 -0.953926323 0.297455987 0.0393001921 5.67624248 2 1
-55.1224326 34.8660958 1.79063317 -0.954381303 0.295661092 0.0417234592 5.67624248 2 1
-55.600345 35.013669 1.81210986 -0.954827195 0.2938764 0.044064599 5.67624248 2 1
-56.0784854 35.1603535 1.83473842 -0.955264608 0.292102125 0.0463236072 5.67624248 2 1
-56.5568519 35.3061551 1.85847788 -0.955694132 0.290338473 0.0485004868 5.67624248 2 1
-57.0354423 35.4510796 1.88328725 -0.956116337 0.288585639 0.0505952472 5.67624248 2 1
-57.5142547 35.595133 1.90912555 -0.956531776 0.286843806 0.0526079036 5.67624248 2 1
-57.993287 35.7383212 1.93595179 -0.956940984 0.285113149 0.0545384762 5.67624248 2 1
-58.4725372 35.8806499 1.96372499 -0.957344475 0.28339383 0.0563869895 5.67624248 2 1
-58.9520033 36.0221251 1.99240417 -0.957742746 0.281686006 0.0581534718 5.67624248 2 1
-59.4316832 36.1627526 2.02194834 -0.958136274 0.279989819 0.0598379545 5.67624248 2 1
-59.911575 36.3025383 2.05231653 -0.958525518 0.278305407 0.0614404717 5.67624248 2 1
-60.3916766 36.4414881 2.08346775 -0.958910917 0.276632895 0.0629610591 5.67624248 2 1
-60.8719859 36.5796079 2.11536101 -0.959292891 0.274972401 0.0643997541 5.67624248 2 1
-61.3525011 36.7169035 2.14795533 -0.959671841 0.273324036 0.0657565949 5.67624248 2 1
-61.8332199 36.8533807 2.18120974 -0.960048148 0.2716879 0.0670316201 5.67624248 2 1
-62.3141405 36.9890456 2.21508324 -0.960422176 0.270064086 0.0682248683 5.67624248 2 1
-62.7952608 37.1239038 2.24953485 -0.960794268 0.268452679 0.0693363776 5.67624248 2 1
-63.2765787 37.2579614 2.28452359 -0.961164748 0.266853757 0.0703661851 5.67624248 2 1
-63.7580923 37.3912242 2.32000848 -0.96153392 0.26526739 0.0713143267 5.67624248 2 1
-64.2397995 37.523698 2.35594854 -0.961902069 0.263693641 0.0721808367 5.67624248 2 1
-64.7216983 37.6553888 2.39230277 -0.962269462 0.262132566 0.0729657474 5.67624248 2 1
-65.2037866 37.7863023 2.4290302 -0.962636345 0.260584214 0.0736690886 5.67624248 2 1
-65.6860625 37.9164445 2.46608985 -0.963002945 0.259048628 0.0742908878 5.67624248 2 1
-66.1685239 38.0458212 2.50344073 -0.96336947 0.257525844 0.0748311697 5.67624248 2 1
-66.6511689 38.1744384 2.54104185 -0.963736108 0.256015891 0.0752899555 5.67624248 2 1
-67.1339953 38.3023018 2.57885224 -0.964103028 0.254518794 0.0756672637 5.67624248 2 1
-67.6170011 38.4294174 2.61683092 -0.964470379 0.25303457 0.0759631089 5.67624248 2 1
-48.5370215 53.621878 5.46442344 0.272063079 0.948744736 0.160826328 5.74009753 1 3
-48.3998538 54.0912744 5.54400359 0.28158226 0.94603317 0.160414063 5.74009753 1 3
-48.257833 54.5601074 5.62351913 0.290702861 0.943335058 0.160033796 5.74009753 1 3
-48.1111385 55.0283893 5.70298702 0.29942943 0.940660435 0.159687078 5.74009753 1 3
-47.9599494 55.496133 5.78242422 0.307766747 0.938018723 0.159375357 5.74009753 1 3
-47.8044449 55.9633507 5.86184771 0.315719757 0.935418745 0.159099986 5.74009753 1 3
-47.6448044 56.4300553 5.94127445 0.323293524 0.932868742 0.158862227 5.74009753 1 3
-47.4812071 56.8962591 6.02072142 0.330493168 0.930376395 0.158663257 5.74009753 1 3
-47.3138322 57.3619748 6.10020557 0.337323828 0.927948847 0.158504173 5.74009753 1 3
-47.142859 57.827215 6.17974389 0.343790614 0.925592723 0.158386001 5.74009753 1 3
-19.2005436 89.1579506 13.5613335 0.921026909 0.356058251 0.157898558 5.74009753 1 3
-18.736134 89.336096 13.6408661 0.922857565 0.351292815 0.157883733 5.74009753 1 3
-18.271432 89.5116894 13.7202959 0.924546774 0.346818097 0.157893857 5.74009753 1 3
-17.8064632 89.6849012 13.7996437 0.926097871 0.342638179 0.157929767 5.74009753 1 3
-17.3412531 89.8559021 13.8789302 0.927514033 0.338756801 0.15799224 5.74009753 1 3
-16.8758272 90.0248625 13.9581762 0.928798262 0.335177375 0.158081992 5.74009753 1 3
-16.4102109 90.191953 14.0374026 0.929953368 0.331902992 0.158199676 5.74009753 1 3
-15.9444298 90.3573443 14.11663 0.930981955 0.328936438 0.158345885 5.74009753 1 3
-15.4785094 90.5212067 14.1958792 0.931886406 0.326280205 0.158521149 5.74009753 1 3
-15.012475 90.683711 14.2751711 0.932668872 0.323936496 0.158725935 5.74009753 1 3
-14.5463524 90.8450277 14.3545263 0.933331261 0.32190724 0.158960644 5.74009753 1 3
-14.0801669 91.0053272 14.4339657 0.933875229 0.320194097 0.159225615 5.74009753 1 3
-13.613944 91.1647803 14.51351 0.934302173 0.318798467 0.159521119 5.74009753 1 3
-13.1477093 91.3235574 14.59318 0.93461322 0.317721497 0.159847365 5.74009753 1 3
-12.6814882 91.4818291 14.6729965 0.934809227 0.316964084 0.160204493 5.74009753 1 3
-12.2153062 91.639766 14.7529802 0.934890774 0.31652688 0.160592575 5.74009753 1 3
-11.7491889 91.7975386 14.8331519 0.934858162 0.316410296 0.161011619 5.74009753 1 3
-11.2831617 91.9553175 14.9135324 0.934711411 0.316614502 0.161461561 5.74009753 1 3
-10.8172501 92.1132733 14.9941424 0.934450259 0.317139425 0.16194227 5.74009753 1 3
-10.3514796 92.2715764 15.0750027 0.934074164 0.317984752 0.162453544 5.74009753 1 3
-9.88587578 92.4303975 15.1561342 0.933582304 0.319149926 0.16299511 5.74009753 1 3
-9.42046404 92.5899071 15.2375575 0.932973583 0.32063414 0.163566625 5.74009753 1 3
-8.95526991 92.7502759 15.3192934 0.932246634 0.322436333 0.164167672 5.74009753 1 3
-8.49031889 92.9116742 15.4013627 0.931399823 0.324555185 0.16479776 5.74009753 1 3
-8.02563646 93.0742728 15.4837863 0.930431259 0.326989107 0.165456325 5.74009753 1 3
-7.56124814 93.2382421 15.5665847 0.929338802 0.329736235 0.166142729 5.74009753 1 3
-7.09717941 93.4037527 15.6497789 0.928120071 0.332794417 0.166856255 5.74009753 1 3
-6.63345577 93.5709752 15.7333896 0.926772456 0.336161207 0.167596113 5.74009753 1 3
-6.17010272 93.7400802 15.8174375 0.925293133 0.339833849 0.168361434 5.74009753 1 3
-5.70714575 93.9112381 15.9019434 0.923679076 0.343809268 0.169151272 5.74009753 1 3
-5.24461037 94.0846196 15.9869282 0.921927071 0.348084055 0.169964604 5.74009753 1 3
-4.78252206 94.2603953 16.0724125 0.920033739 0.352654458 0.170800328 5.74009753 1 3
-4.32090633 94.4387356 16.1584172 0.917995551 0.357516366 0.171657265 5.74009753 1 3
-3.85978867 94.6198111 16.244963 0.915808848 0.362665296 0.17253416 5.74009753 1 3
-3.39919458 94.8037925 16.3320706 0.913469868 0.368096382 0.173429681 5.74009753 1 3
-2.93913887 94.9907845 16.4197549 0.911140762 0.373409765 0.174320563 5.74009753 1 3
-2.47957883 95.1805388 16.5079977 0.909065489 0.378038651 0.17517624 5.74009753 1 3
-2.02045243 95.3726879 16.5967702 0.907254207 0.381987164 0.175998892 5.74009753 1 3
-1.56169765 95.5668648 16.6860433 0.905713792 0.385263007 0.176790672 5.74009753 1 3
-1.10325244 95.762702 16.7757882 0.904449846 0.387872724 0.177553445 5.74009753 1 3
-0.645054769 95.9598324 16.8659757 0.903466764 0.389821648 0.178288782 5.74009753 1 3
-0.187042609 96.1578886 16.956577 0.902767787 0.391113862 0.178997963 5.74009753 1 3
0.270846079 96.3565034 17.0475631 0.902355047 0.391752164 0.179681974 5.74009753 1 3
0.728673327 96.5553095 17.138905 0.902229595 0.391738051 0.180341503 5.74009753 1 3
1.18650117 96.7539396 17.2305737 0.902391415 0.391071708 0.180976942 5.74009753 1 3
1.64439164 96.9520265 17.3225403 0.902839428 0.389752009 0.181588377 5.74009753 1 3
2.10240678 97.1492028 17.4147758 0.903571481 0.387776525 0.182175587 5.74009753 1 3
2.56060861 97.3451013 17.5072512 0.904584323 0.385141549 0.182738034 5.74009753 1 3
3.01905918 97.5393548 17.5999376 0.905873567 0.381842121 0.183274861 5.74009753 1 3
3.47782051 97.7315959 17.6928059 0.907433641 0.377872075 0.183784879 5.74009753 1 3
3.93695465 97.9214574 17.7858273 0.909257727 0.37322409 0.184266561 5.74009753 1 3
4.39652361 98.108572 17.8789727 0.911337683 0.367889761 0.184718029 5.74009753 1 3
4.85658945 98.2925724 17.9722132 0.913663966 0.361859682 0.18513705 5.74009753 1 3
5.31721419 98.4730914 18.0655198 0.916225527 0.355123549 0.185521019 5.74009753 1 3
5.77845987 98.6497616 18.1588636 0.919009714 0.347670277 0.185866953 5.74009753 1 3
6.24038852 98.8222158 18.2522155 0.922002156 0.339488149 0.186171481 5.74009753 1 3
6.70306217 98.9900868 18.3455466 0.92518665 0.330564979 0.186430837 5.74009753 1 3
7.16654287 99.1530072 18.4388279 0.928545038 0.320888305 0.186640854 5.74009753 1 3
7.63089264 99.3106098 18.5320305 0.932057088 0.310445616 0.18679696 5.74009753 1 3
8.09617352 99.4625273 18.6251254 0.935700381 0.299224603 0.186894179 5.74009753 1 3
8.56244754 99.6083924 18.7180836 0.939450202 0.287213446 0.186927138 5.74009753 1 3
9.02977674 99.7478379 18.8108761 0.943279447 0.274401137 0.186890075 5.74009753 1 3
9.49822315 99.8804965 18.903474 0.947158553 0.260777837 0.186776861 5.74009753 1 3
9.96784881 100.006001 18.9958483 0.951055446 0.246335263 0.186581023 5.74009753 1 3
10.4387157 100.123984 19.08797 0.954935532 0.231067117 0.18629578 5.74009753 1 3
10.910886 100.234078 19.1798102 0.958761726 0.21496954 0.18591409 5.74009753 1 3
11.3844216 100.335916 19.2713399 0.962494532 0.198041584 0.185428708 5.74009753 1 3
11.8593846 100.429131 19.3625302 0.966092179 0.180285716 0.184832255 5.74009753 1 3
12.3358369 100.513355 19.4533519 0.969509256 0.161716943 0.184117988 5.74009753 1 3
12.8138131 100.588371 19.543788 0.972571481 0.143141513 0.183344542 5.74009753 1 3
13.2932683 100.654384 19.6338547 0.975204041 0.125098538 0.182558031 5.74009753 1 3
13.7741441 100.711675 19.7235741 0.977436406 0.107608199 0.181765087 5.74009753 1 3
14.2563818 100.760528 19.8129685 0.979298173 0.0906873292 0.180972091 5.74009753 1 3
14.7399227 100.801223 19.9020599 0.980818766 0.0743496142 0.180185136 5.74009753 1 3
15.2247083 100.834042 19.9908707 0.982027191 0.0586058246 0.179410014 5.74009753 1 3
15.7106798 100.859267 20.0794229 0.982951814 0.0434640597 0.178652196 5.74009753 1 3
16.1977787 100.877179 20.1677387 0.98362018 0.0289299997 0.177916824 5.74009753 1 3
16.6859464 100.888059 20.2558405 0.984058868 0.0150071601 0.177208716 5.74009753 1 3
17.1751242 100.892191 20.3437502 0.984293374 0.00169714403 0.17653236 5.74009753 1 3
17.6652534 100.889855 20.4314901 0.984348021 -0.0110001127 0.175891928 5.74009753 1 3
18.1562756 100.881333 20.5190824 0.984245903 -0.0230861051 0.175291283 5.74009753 1 3
18.6481319 100.866906 20.6065493 0.984008838 -0.0345635346 0.174733993 5.74009753 1 3
19.1407639 100.846857 20.6939129 0.983657353 -0.0454360983 0.174223342 5.74009753 1 3
19.6341128 100.821466 20.7811954 0.983210675 -0.0557082922 0.173762354 5.74009753 1 3
20.12812 100.791016 20.8684191 0.982686741 -0.0653852296 0.1733538 5.74009753 1 3
20.622727 100.755789 20.955606 0.982102221 -0.0744724745 0.173000225 5.74009753 1 3
21.1178751 100.716065 21.0427784 0.981472539 -0.0829758896 0.172703957 5.74009753 1 3
21.6135056 100.672127 21.1299585 0.980811912 -0.0909014996 0.172467131 5.74009753 1 3
22.10956 100.624255 21.2171684 0.980133385 -0.0982553668 0.172291701 5.74009753 1 3
22.6059795 100.572733 21.3044303 0.979448876 -0.105043481 0.172179458 5.74009753 1 3
23.1027056 100.517841 21.3917664 0.978769215 -0.111271661 0.172132045 5.74009753 1 3
23.5996797 100.459862 21.4791989 0.978104187 -0.116945466 0.17215097 5.74009753 1 3
24.0968431 100.399076 21.56675 0.977462576 -0.122070123 0.172237621 5.74009753 1 3
24.5941372 100.335766 21.6544418 0.9768522 -0.126650453 0.172393276 5.74009753 1 3
25.0915033 100.270213 21.7422965 0.976279956 -0.130690818 0.172619113 5.74009753 1 3
25.5888828 100.202698 21.8303364 0.975751846 -0.134195067 0.172916222 5.74009753 1 3
26.0862172 100.133504 21.9185835 0.975273013 -0.137166493 0.17328561 5.74009753 1 3
26.5834477 100.062912 22.0070601 0.974847769 -0.139607796 0.17372821 5.74009753 1 3
27.0805158 99.9912043 22.0957884 0.974479611 -0.141521052 0.174244882 5.74009753 1 3
27.5773628 99.9186616 22.1847905 0.974171247 -0.142907685 0.174836424 5.74009753 1 3
28.0739301 99.8455659 22.2740886 0.973924602 -0.14376845 0.175503566 5.74009753 1 3
28.570159 99.772199 22.3637049 0.973740832 -0.144103414 0.176246978 5.74009753 1 3
29.065991 99.6988424 22.4536616 0.973620324 -0.143911946 0.177067263 5.74009753 1 3
29.5613673 99.6257779 22.5439809 0.973562695 -0.143192708 0.177964961 5.74009753 1 3
30.0562295 99.553287 22.6346849 0.973566783 -0.141943657 0.17894054 5.74009753 1 3
30.5505189 99.4816506 22.7257957 0.973628348 -0.140183493 0.179990076 5.74009753 1 3
31.0442016 99.4110346 22.81732 0.973695354 -0.138381852 0.181018839 5.74009753 1 3
31.5372908 99.3413817 22.9092345 0.973747761 -0.136732306 0.181987839 5.74009753 1 3
32.0298051 99.2726091 23.0015126 0.973786429 -0.135235813 0.182896873 5.74009753 1 3
32.5217633 99.2046336 23.0941275 0.973812145 -0.133893269 0.183745743 5.74009753 1 3
33.013184 99.1373724 23.1870525 0.973825628 -0.132705514 0.184534257 5.74009753 1 3
33.504086 99.0707423 23.280261 0.973827521 -0.131673327 0.185262229 5.74009753 1 3
33.9944878 99.0046604 23.3737263 0.973818393 -0.130797429 0.185929476 5.74009753 1 3
34.4844083 98.9390437 23.4674216 0.973798735 -0.130078487 0.186535817 5.74009753 1 3
34.9738661 98.8738091 23.5613202 0.973768961 -0.12951711 0.187081076 5.74009753 1 3
35.4628799 98.8088738 23.6553955 0.973729406 -0.12911385 0.187565078 5.74009753 1 3
35.9514683 98.7441546 23.7496207 0.973680323 -0.128869205 0.187987649 5.74009753 1 3
36.4396502 98.6795686 23.8439692 0.973621887 -0.128783617 0.188348618 5.74009753 1 3
36.9274441 98.6150328 23.9384143 0.973554187 -0.128857472 0.188647812 5.74009753 1 3
37.4148688 98.5504641 24.0329292 0.973477232 -0.1290911 0.188885063 5.74009753 1 3
37.901943 98.4857797 24.1274872 0.973390946 -0.129484774 0.189060199 5.74009753 1 3
38.3886853 98.4208964 24.2220617 0.973295171 -0.130038712 0.189173051 5.74009753 1 3
38.8751144 98.3557313 24.316626 0.973189663 -0.130753073 0.189223452 5.74009753 1 3
39.3612491 98.2902014 24.4111534 0.973074093 -0.131627957 0.189211232 5.74009753 1 3
39.847108 98.2242237 24.5056171 0.972948051 -0.132663405 0.189136225 5.74009753 1 3
40.3327098 98.1577151 24.5999904 0.972811039 -0.133859397 0.188998267 5.74009753 1 3
40.8180732 98.0905927 24.6942468 0.972662477 -0.135215852 0.188797192 5.74009753 1 3
41.3032169 98.0227735 24.7883593 0.972501701 -0.136732622 0.188532841 5.74009753 1 3
41.7881597 97.9541745 24.8823015 0.972327963 -0.138409498 0.188205055 5.74009753 1 3
42.2729201 97.8847127 24.9760466 0.972140435 -0.140246199 0.18781368 5.74009753 1 3
42.7575168 97.814305 25.0695678 0.971938205 -0.142242377 0.187358567 5.74009753 1 3
43.2419687 97.7428685 25.1628384 0.971720281 -0.144397613 0.186839572 5.74009753 1 3
43.7262943 97.6703202 25.2558319 0.971485592 -0.146711413 0.186256558 5.74009753 1 3
44.2105124 97.5965771 25.3485214 0.971232992 -0.149183206 0.185609394 5.74009753 1 3
44.6946416 97.5215561 25.4408804 0.970961254 -0.151812343 0.184897963 5.74009753 1 3
45.1787006 97.4451743 25.5328819 0.97066908 -0.154598096 0.184122152 5.74009753 1 3
45.6627082 97.3673487 25.6244995 0.970355099 -0.157539648 0.183281865 5.74009753 1 3
46.146683 97.2879963 25.7157064 0.97001787 -0.1606361 0.182377016 5.74009753 1 3
46.6306437 97.2070341 25.8064758 0.969655884 -0.16388646 0.181407536 5.74009753 1 3
47.114609 97.124379 25.8967811 0.969267569 -0.167289645 0.180373372 5.74009753 1 3
47.5985976 97.0399482 25.9865957 0.968852106 -0.17083873 0.179275554 5.74009753 1 3
48.0826303 96.9537507 26.0759074 0.96847597 -0.174065176 0.178201036 5.74009753 1 3
48.5667335 96.8660522 26.1647455 0.968186211 -0.176673762 0.177205654 5.74009753 1 3
49.0509347 96.7771628 26.253146 0.967987639 -0.17866653 0.176290104 5.74009753 1 3
49.5352615 96.6873927 26.3411452 0.967883932 -0.180045218 0.175454873 5.74009753 1 3
50.0197413 96.5970521 26.4287793 0.96787764 -0.180811223 0.174700245 5.74009753 1 3
50.5044017 96.5064512 26.5160845 0.967970197 -0.180965578 0.174026313 5.74009753 1 3
50.9892701 96.4159001 26.6030969 0.96816193 -0.180508938 0.173432983 5.74009753 1 3
51.4743739 96.325709 26.6898528 0.968452063 -0.179441582 0.172919982 5.74009753 1 3
51.9597409 96.2361881 26.7763883 0.968838713 -0.177763417 0.172486858 5.74009753 1 3
52.4453983 96.1476476 26.8627397 0.969318891 -0.175473998 0.172132983 5.74009753 1 3
52.9313737 96.0603976 26.9489431 0.969888496 -0.172572558 0.171857553 5.74009753 1 3
53.4176947 95.9747483 27.0350347 0.970542304 -0.169058043 0.171659586 5.74009753 1 3
53.9043886 95.8910099 27.1210507 0.971273964 -0.164929167 0.171537919 5.74009753 1 3
54.391483 95.8094925 27.2070273 0.972075976 -0.160184468 0.171491203 5.74009753 1 3
54.8790054 95.7305064 27.2930008 0.972939689 -0.154822383 0.171517901 5.74009753 1 3
55.3669833 95.6543617 27.3790072 0.973855283 -0.148841329 0.171616275 5.74009753 1 3
55.8554442 95.5813686 27.4650828 0.97481176 -0.142239794 0.171784383 5.74009753 1 3
56.3444155 95.5118372 27.5512638 0.975796933 -0.135016448 0.172020071 5.74009753 1 3
56.8339248 95.4460778 27.6375863 0.976797426 -0.127170255 0.172320963 5.74009753 1 3
57.3239996 95.3844005 27.7240866 0.977798674 -0.118700602 0.172684452 5.74009753 1 3
57.8146673 95.3271154 27.8108009 0.978784929 -0.109607438 0.173107692 5.74009753 1 3
58.3059549 95.2745277 27.8977649 0.979731156 -0.0999821835 0.17358118 5.74009753 1 3
58.7978522 95.2266539 27.9849921 0.980533343 -0.0909366065 0.174025566 5.74009753 1 3
59.290294 95.1830758 28.0724621 0.981183529 -0.0828012456 0.174421433 5.74009753 1 3
59.7832102 95.1433392 28.1601518 0.981703922 -0.075577083 0.174772747 5.74009753 1 3
60.2765307 95.1069897 28.248038 0.982114241 -0.0692642888 0.175083056 5.74009753 1 3
60.7701856 95.0735731 28.3360976 0.982431697 -0.0638624971 0.175355475 5.74009753 1 3
61.2641047 95.042635 28.4243076 0.982670998 -0.059371045 0.175592679 5.74009753 1 3
61.7582181 95.0137212 28.5126446 0.98284435 -0.0557891772 0.175796903 5.74009753 1 3
62.2524558 94.9863774 28.6010857 0.982961469 -0.0531162146 0.175969934 5.74009753 1 3
62.7467476 94.9601492 28.6896077 0.983029591 -0.0513516883 0.176113111 5.74009753 1 3
63.2410236 94.9345824 28.7781874 0.983053478 -0.0504954397 0.176227322 5.74009753 1 3
63.7352137 94.9092227 28.8668017 0.98303543 -0.0505476859 0.176313003 5.74009753 1 3
64.229248 94.8836158 28.9554274 0.982975276 -0.0515090527 0.176370136 5.74009753 1 3
64.7230563 94.8573074 29.0440415 0.982870375 -0.0533805733 0.176398246 5.74009753 1 3
65.2165686 94.8298431 29.1326208 0.982715602 -0.0561636537 0.1763964 5.74009753 1 3
65.709715 94.8007688 29.2211422 0.982503333 -0.0598600044 0.176363205 5.74009753 1 3
66.2024253 94.7696302 29.3095825 0.982223426 -0.0644715368 0.176296804 5.74009753 1 3
66.6946296 94.7359728 29.3979185 0.981863196 -0.0700002245 0.176194874 5.74009753 1 3
67.1862579 94.6993425 29.4861273 0.981407399 -0.0764479285 0.176054627 5.74009753 1 3
67.67724 94.6592849 29.5741855 0.980838214 -0.0838161847 0.175872811 5.74009753 1 3
68.1675059 94.6153457 29.6620701 0.980135234 -0.0921059545 0.175645711 5.74009753 1 3
68.6569857 94.5670707 29.749758 0.979275476 -0.101317336 0.175369154 5.74009753 1 3
69.1456093 94.5140055 29.837226 0.978233398 -0.111449238 0.175038527 5.74009753 1 3
69.6333066 94.4556959 29.9244509 0.976980958 -0.122499017 0.174648785 5.74009753 1 3
70.1200077 94.3916876 30.0114097 0.97548769 -0.13446208 0.174194478 5.74009753 1 3
70.6056425 94.3215262 30.0980792 0.973720828 -0.147331453 0.17366978 5.74009753 1 3
71.0901409 94.2447575 30.1844363 0.971645478 -0.161097327 0.173068532 5.74009753 1 3
71.573433 94.1609272 30.2704578 0.969224842 -0.175746586 0.17238429 5.74009753 1 3
72.0554617 94.069657 30.3561243 0.966531222 -0.190674731 0.171640738 5.74009753 1 3
72.5362729 93.9711714 30.4414456 0.963816402 -0.20457009 0.170906468 5.74009753 1 3
73.0159619 93.8659827 30.5264453 0.961133456 -0.217387213 0.170191889 5.74009753 1 3
73.4946241 93.7546048 30.6111473 0.958523494 -0.229130922 0.16950437 5.74009753 1 3
73.9723549 93.6375517 30.6955754 0.956023835 -0.23980808 0.168850559 5.74009753 1 3
74.4492498 93.5153374 30.7797535 0.953668026 -0.249426963 0.168236399 5.74009753 1 3
74.9254043 93.3884759 30.8637052 0.951485908 -0.257996697 0.167667144 5.74009753 1 3
75.4009138 93.257481 30.9474545 0.949503708 -0.265526757 0.167147388 5.74009753 1 3
75.8758737 93.1228668 31.0310251 0.947744152 -0.272026537 0.166681089 5.74009753 1 3
76.3503795 92.9851473 31.1144408 0.946226583 -0.27750497 0.166271598 5.74009753 1 3
76.8245266 92.8448363 31.1977255 0.944967085 -0.281970217 0.165921684 5.74009753 1 3
77.2984106 92.7024479 31.280903 0.943978589 -0.285429408 0.165633561 5.74009753 1 3
77.7721268 92.558496 31.363997 0.94327098 -0.287888437 0.165408907 5.74009753 1 3
78.2457707 92.4134946 31.4470314 0.942851174 -0.289351809 0.165248886 5.74009753 1 3
78.7194377 92.2679577 31.53003 0.942723187 -0.289822528 0.165154156 5.74009753 1 3
79.1932234 92.1223991 31.6130165 0.94288817 -0.28930204 0.165124885 5.74009753 1 3
79.6672231 91.977333 31.6960149 0.943344433 -0.287790214 0.16516075 5.74009753 1 3
80.1415323 91.8332732 31.7790489 0.944087434 -0.285285365 0.165260938 5.74009753 1 3
80.6162465 91.6907338 31.8621423 0.945109751 -0.281784334 0.165424142 5.74009753 1 3
81.0914611 91.5502286 31.9453189 0.946401036 -0.277282592 0.165648554 5.74009753 1 3
81.5672715 91.4122716 32.0286025 0.947947937 -0.271774413 0.165931843 5.74009753 1 3
82.0437733 91.2773769 32.112017 0.949734022 -0.265253074 0.166271147 5.74009753 1 3
82.5210618 91.1460583 32.1955861 0.951739672 -0.257711125 0.16666305 5.74009753 1 3
82.9992325 91.0188298 32.2793337 0.953941986 -0.249140699 0.167103558 5.74009753 1 3
83.4783773 90.8961877 32.3632829 0.956264888 -0.239739297 0.16757844 5.74009753 1 3
83.9585117 90.7782467 32.4474416 0.958416325 -0.230659068 0.168031374 5.74009753 1 3
84.4395779 90.6647557 32.5318035 0.960364756 -0.222085807 0.168456015 5.74009753 1 3
84.921515 90.5554486 32.6163616 0.962123373 -0.214025041 0.16885466 5.74009753 1 3
85.4042623 90.4500596 32.7011088 0.963704727 -0.206481418 0.169229497 5.74009753 1 3
85.887759 90.3483225 32.7860381 0.965120679 -0.199458815 0.169582593 5.74009753 1 3
86.3719443 90.2499715 32.8711425 0.966382359 -0.192960427 0.169915889 5.74009753 1 3
86.8567574 90.1547406 32.956415 0.967500132 -0.186988859 0.170231198 5.74009753 1 3
87.3421375 90.0623637 33.0418487 0.96848357 -0.18154621 0.170530195 5.74009753 1 3
87.8280237 89.9725749 33.1274363 0.969341432 -0.176634154 0.170814416 5.74009753 1 3
88.3143554 89.8851082 33.2131711 0.970081642 -0.172254006 0.171085256 5.74009753 1 3
88.8010717 89.7996977 33.2990458 0.970711284 -0.168406796 0.171343963 5.74009753 1 3
89.2881118 89.7160773 33.3850536 0.971236585 -0.165093319 0.171591641 5.74009753 1 3
89.775415 89.633981 33.4711874 0.971662911 -0.162314193 0.171829246 5.74009753 1 3
90.2629204 89.553143 33.5574402 0.971994761 -0.160069898 0.172057585 5.74009753 1 3
90.7505672 89.4732971 33.643805 0.972235762 -0.158360819 0.172277315 5.74009753 1 3
91.2382946 89.3941775 33.7302747 0.972388671 -0.15718727 0.17248894 5.74009753 1 3
91.7260419 89.3155181 33.8168424 0.972455366 -0.156549522 0.172692815 5.74009753 1 3
92.2137483 89.237053 33.9035011 0.97243685 -0.156447813 0.172889141 5.74009753 1 3
92.7013529 89.1585162 33.9902436 0.972333246 -0.156882365 0.173077965 5.74009753 1 3
93.188795 89.0796416 34.0770631 0.9721438 -0.157853375 0.173259179 5.74009753 1 3
93.6760138 89.0001634 34.1639525 0.971866877 -0.159361019 0.17343252 5.74009753 1 3
94.1629485 88.9198155 34.2509047 0.97149996 -0.16140543 0.173597567 5.74009753 1 3
94.6495382 88.838332 34.3379128 0.971039652 -0.163986684 0.173753741 5.74009753 1 3
95.1357222 88.7554469 34.4249698 0.970481674 -0.167104771 0.173900302 5.74009753 1 3
95.6214398 88.6708941 34.5120686 0.969820871 -0.170759556 0.174036352 5.74009753 1 3
96.10663 88.5844077 34.5992022 0.969051208 -0.174950744 0.17416083 5.74009753 1 3
96.5912321 88.4957218 34.6863637 0.968165778 -0.17967782 0.17427251 5.74009753 1 3
97.0751854 88.4045704 34.7735459 0.96715681 -0.184940003 0.174370007 5.74009753 1 3
97.558429 88.3106874 34.8607419 0.966015679 -0.190736173 0.17445177 5.74009753 1 3
98.0409021 88.2138069 34.9479447 0.964732916 -0.197064803 0.174516086 5.74009753 1 3
98.5225439 88.1136628 35.0351473 0.96329823 -0.203923881 0.174561081 5.74009753 1 3
99.0032937 88.0099894 35.1223425 0.961700531 -0.211310823 0.174584721 5.74009753 1 3
99.4830906 87.9025204 35.2095235 0.959927961 -0.219222382 0.174584816 5.74009753 1 3
99.9618759 87.7909991 35.2966835 0.95799209 -0.227550325 0.174562323 5.74009753 1 3
100.439634 87.6753557 35.3838216 0.956019357 -0.235721885 0.174534185 5.74009753 1 3
100.916389 87.5556972 35.4709424 0.954035061 -0.243650252 0.17450403 5.74009753 1 3
101.392167 87.4321374 35.5580507 0.95204506 -0.25133528 0.174472864 5.74009753 1 3
101.866995 87.3047901 35.6451513 0.950055021 -0.258777052 0.174441666 5.74009753 1 3
102.340899 87.173769 35.732249 0.948070414 -0.265975858 0.174411389 5.74009753 1 3
102.813904 87.0391881 35.8193486 0.946096513 -0.272932178 0.174382952 5.74009753 1 3
103.286037 86.901161 35.906455 0.944138389 -0.279646657 0.174357249 5.74009753 1 3
103.757325 86.7598017 35.993573 0.942200909 -0.286120092 0.174335138 5.74009753 1 3
104.227793 86.6152238 36.0807073 0.940288738 -0.292353409 0.174317451 5.74009753 1 3
104.697467 86.4675413 36.1678629 0.938406336 -0.29834765 0.174304986 5.74009753 1 3
105.166373 86.3168678 36.2550444 0.936557962 -0.304103951 0.17429851 5.74009753 1 3
105.634539 86.1633173 36.3422568 0.934747674 -0.309623528 0.174298759 5.74009753 1 3
106.101989 86.0070035 36.4295047 0.93297933 -0.314907662 0.174306437 5.74009753 1 3
106.568751 85.8480402 36.5167931 0.931256594 -0.319957685 0.174322218 5.74009753 1 3
107.03485 85.6865412 36.6041268 0.929582937 -0.324774963 0.174346744 5.74009753 1 3
107.500312 85.5226204 36.6915105 0.927961639 -0.329360885 0.174380629 5.74009753 1 3
107.965164 85.3563915 36.7789491 0.926395797 -0.333716853 0.174424453 5.74009753 1 3
108.429431 85.1879683 36.8664474 0.924888324 -0.337844265 0.17447877 5.74009753 1 3
108.893141 85.0174647 36.9540101 0.923441957 -0.341744507 0.174544103 5.74009753 1 3
109.356318 84.8449944 37.0416422 0.922059259 -0.345418944 0.174620947 5.74009753 1 3
109.81899 84.6706713 37.1293484 0.920742625 -0.34886891 0.174709767 5.74009753 1 3
110.281182 84.4946091 37.2171336 0.919494281 -0.352095697 0.174811003 5.74009753 1 3
110.742921 84.3169217 37.3050025 0.918316297 -0.355100548 0.174925066 5.74009753 1 3
111.204232 84.1377228 37.3929599 0.917210583 -0.357884653 0.175052341 5.74009753 1 3
111.665142 83.9571263 37.4810107 0.916178895 -0.360449137 0.175193185 5.74009753 1 3
112.125677 83.7752459 37.5691597 0.915222842 -0.362795055 0.175347931 5.74009753 1 3
112.585863 83.5921956 37.6574117 0.914343886 -0.364923392 0.175516885 5.74009753 1 3
113.045727 83.408089 37.7457716 0.913543345 -0.366835048 0.175700328 5.74009753 1 3
113.505294 83.2230399 37.834244 0.912822398 -0.368530842 0.175898518 5.74009753 1 3
113.964591 83.0371623 37.9228339 0.912182088 -0.370011503 0.176111687 5.74009753 1 3
114.423644 82.8505698 38.011546 0.911623323 -0.37127767 0.17634004 5.74009753 1 3
114.882478 82.6633764 38.1003851 0.911146877 -0.372329884 0.176583762 5.74009753 1 3
115.341121 82.4756957 38.1893562 0.910753397 -0.373168593 0.176843011 5.74009753 1 3
115.799598 82.2876416 38.2784639 0.910443399 -0.373794139 0.177117922 5.74009753 1 3
116.257936 82.0993279 38.3677131 0.910217271 -0.374206768 0.177408606 5.74009753 1 3
116.71616 81.9108685 38.4571087 0.910075276 -0.37440662 0.177715149 5.74009753 1 3
117.174297 81.722377 38.5466553 0.91001755 -0.374393732 0.178037613 5.74009753 1 3
117.632373 81.5339673 38.6363579 0.910044104 -0.374168036 0.178376036 5.74009753 1 3
118.090414 81.3457533 38.7262212 0.910154821 -0.37372936 0.17873043 5.74009753 1 3
118.548446 81.1578487 38.8162501 0.910349461 -0.373077429 0.179100782 5.74009753 1 3
119.006495 80.9703673 38.9064493 0.910627655 -0.372211862 0.179487055 5.74009753 1 3
119.464589 80.7834229 38.9968238 0.910988906 -0.371132179 0.179889184 5.74009753 1 3
119.922752 80.5971293 39.0873782 0.911432587 -0.369837797 0.180307079 5.74009753 1 3
120.381011 80.4116004 39.1781174 0.911957941 -0.368328036 0.180740622 5.74009753 1 3
120.839392 80.2269499 39.2690463 0.912564075 -0.36660212 0.181189666 5.74009753 1 3
121.297921 80.0432917 39.3601695 0.913249963 -0.364659178 0.181654037 5.74009753 1 3
121.756624 79.8607395 39.4514921 0.914014438 -0.362498253 0.182133533 5.74009753 1 3
122.215528 79.6794072 39.5430186 0.914856193 -0.3601183 0.182627918 5.74009753 1 3
122.674659 79.4994085 39.6347541 0.915773775 -0.357518194 0.183136928 5.74009753 1 3
123.134043 79.3208572 39.7267032 0.916765583 -0.354696734 0.183660265 5.74009753 1 3
123.593706 79.1438672 39.8188708 0.917829863 -0.35165265 0.1841976 5.74009753 1 3
124.053674 78.9685523 39.9112617 0.918964707 -0.348384606 0.184748567 5.74009753 1 3
124.513973 78.7950263 40.0038807 0.920168045 -0.34489121 0.185312768 5.74009753 1 3
124.97463 78.6234029 40.0967327 0.921437643 -0.341171021 0.185889766 5.74009753 1 3
125.43567 78.453796 40.1898224 0.922771097 -0.337222557 0.186479088 5.74009753 1 3
125.89712 78.2863194 40.2831547 0.924165832 -0.333044301 0.187080222 5.74009753 1 3
126.359007 78.1210868 40.3767343 0.925619093 -0.328634716 0.187692615 5.74009753 1 3
126.821355 77.9582122 40.4705661 0.927127945 -0.323992252 0.188315676 5.74009753 1 3
127.284192 77.7978092 40.5646549 0.928689265 -0.319115358 0.188948768 5.74009753 1 3
127.747543 77.6399917 40.6590055 0.93029974 -0.314002494 0.189591214 5.74009753 1 3
128.211435 77.4848735 40.7536227 0.931955861 -0.308652142 0.19024229 5.74009753 1 3
128.675894 77.3325684 40.8485113 0.933653922 -0.303062822 0.19090123 5.74009753 1 3
129.140945 77.1831903 40.9436762 0.935390015 -0.297233109 0.191567219 5.74009753 1 3
129.606616 77.0368528 41.0391221 0.937160026 -0.291161639 0.192239395 5.74009753 1 3
-47.0469412 32.2198961 1.64134335 -0.44969449 0.876432068 0.172167637 5.74009753 2 3
-47.3007604 32.7265218 1.74056546 -0.432601058 0.88487509 0.17277847 5.74009753 2 3
-47.5418397 33.2320313 1.83897633 -0.415192452 0.893066601 0.173341495 5.74009753 2 3
-47.7703584 33.7364372 1.93659294 -0.397487156 0.900987515 0.173854702 5.74009753 2 3
-47.9864958 34.239752 2.03343227 -0.379505508 0.908619504 0.174316281 5.74009753 2 3
-48.1904311 34.7419884 2.12951127 -0.36126962 0.915945173 0.174724645 5.74009753 2 3
-48.3823435 35.2431588 2.22484692 -0.342803284 0.922948234 0.175078458 5.74009753 2 3
-48.5624123 35.7432758 2.31945618 -0.324131844 0.929613671 0.17537665 5.74009753 2 3
-48.7308168 36.242352 2.41335602 -0.305282056 0.935927898 0.175618438 5.74009753 2 3
-48.8877361 36.7404 2.50656341 -0.286281919 0.941878893 0.175803339 5.74009753 2 3
-49.0333496 37.2374323 2.59909533 -0.267160485 0.947456329 0.175931179 5.74009753 2 3
-49.1678364 37.7334614 2.69096873 -0.247947666 0.952651675 0.176002107 5.74009753 2 3
-49.2913758 38.2285 2.78220058 -0.228674016 0.957458278 0.176016591 5.74009753 2 3
-49.4041471 38.7225605 2.87280786 -0.209370507 0.961871427 0.175975421 5.74009753 2 3
-49.5063295 39.2156557 2.96280754 -0.190068304 0.965888383 0.175879706 5.74009753 2 3
-49.5981023 39.7077979 3.05221657 -0.170798536 0.969508393 0.175730861 5.74009753 2 3
-49.6796446 40.1989998 3.14105194 -0.151592068 0.972732674 0.175530597 5.74009753 2 3
-49.7511358 40.6892739 3.2293306 -0.132479287 0.975564371 0.175280906 5.74009753 2 3
-49.812755 41.1786329 3.31706952 -0.113489888 0.978008502 0.174984041 5.74009753 2 3
-49.8646816 41.6670892 3.40428569 -0.0946526827 0.980071869 0.174642494 5.74009753 2 3
-49.9070948 42.1546554 3.49099605 -0.0759954221 0.981762958 0.174258973 5.74009753 2 3
-49.9401738 42.6413441 3.57721759 -0.057544636 0.983091822 0.173836375 5.74009753 2 3
-49.9640979 43.1271678 3.66296726 -0.0393254955 0.984069946 0.17337776 5.74009753 2 3
-49.9790462 43.6121391 3.74826205 -0.021361697 0.984710108 0.172886326 5.74009753 2 3
-49.9851982 44.0962706 3.83311891 -0.00367536863 0.985026227 0.172365378 5.74009753 2 3
-49.9827329 44.5795748 3.91755481 0.0137130005 0.98503321 0.1718183 5.74009753 2 3
-49.9718297 45.0620643 4.00158673 0.0307846087 0.984746794 0.171248533 5.74009753 2 3
-49.9526678 45.5437517 4.08523163 0.0475223681 0.984183389 0.170659546 5.74009753 2 3
-49.9254264 46.0246494 4.16850648 0.0639109115 0.983359932 0.170054814 5.74009753 2 3
-49.8902848 46.5047701 4.25142825 0.0799365799 0.982293733 0.169437793 5.74009753 2 3
-49.8474222 46.9841264 4.3340139 0.0955873927 0.98100234 0.168811902 5.74009753 2 3
-49.7970179 47.4627307 4.41628041 0.110853004 0.979503409 0.168180506 5.74009753 2 3
-49.7392511 47.9405957 4.49824474 0.125724643 0.977814579 0.167546897 5.74009753 2 3
-49.6743011 48.4177338 4.57992387 0.14019505 0.975953365 0.16691428 5.74009753 2 3
-49.6023471 48.8941578 4.66133475 0.154258391 0.973937058 0.166285764 5.74009753 2 3
-49.5235683 49.3698801 4.74249436 0.167910181 0.971782638 0.165664349 5.74009753 2 3
-49.4381441 49.8449132 4.82341967 0.181147188 0.969506694 0.165052923 5.74009753 2 3
-49.3462536 50.3192699 4.90412765 0.193967346 0.967125364 0.164454248 5.74009753 2 3
-49.2480761 50.7929625 4.98463525 0.206369652 0.964654276 0.163870967 5.74009753 2 3
-49.1437908 51.2660037 5.06495946 0.218354076 0.962108508 0.163305591 5.74009753 2 3
-49.033577 51.7384061 5.14511724 0.229921464 0.959502547 0.162760506 5.74009753 2 3
-48.9176139 52.2101821 5.22512556 0.241073444 0.956850268 0.162237968 5.74009753 2 3
-48.7960808 52.6813444 5.30500139 0.251812337 0.954164915 0.161740108 5.74009753 2 3
-48.6691569 53.1519055 5.38476169 0.262141067 0.951459086 0.161268932 5.74009753 2 3
-46.9684667 58.2919921 6.25935333 0.349898568 0.923314157 0.158309696 5.74009753 2 3
-46.7908345 58.7563187 6.33905087 0.35565263 0.921118813 0.15827615 5.74009753 2 3
-46.6101418 59.2202075 6.41885347 0.361057608 0.919011906 0.158286199 5.74009753 2 3
-46.4265677 59.6836709 6.49877811 0.366118146 0.916998228 0.158340625 5.74009753 2 3
-46.2402915 60.1467216 6.57884174 0.370838702 0.915082167 0.15844016 5.74009753 2 3
-46.0514925 60.6093721 6.65906135 0.375223522 0.913267731 0.158585495 5.74009753 2 3
-45.8603498 61.0716349 6.73945389 0.379276624 0.911558565 0.158777278 5.74009753 2 3
-45.6670428 61.5335226 6.82003634 0.383001778 0.909957972 0.159016122 5.74009753 2 3
-45.4717506 61.9950478 6.90082567 0.386402491 0.908468929 0.159302604 5.74009753 2 3
-45.2746526 62.456223 6.98183883 0.38948199 0.907094107 0.159637275 5.74009753 2 3
-45.0759279 62.9170609 7.06309281 0.392243217 0.905835884 0.160020655 5.74009753 2 3
-44.8757558 63.3775738 7.14460457 0.394688811 0.904696358 0.160453242 5.74009753 2 3
-44.6743156 63.8377745 7.22639107 0.396821104 0.903677362 0.160935507 5.74009753 2 3
-44.4717866 64.2976755 7.30846929 0.398642111 0.902780474 0.161467903 5.74009753 2 3
-44.2683478 64.7572893 7.3908562 0.400153525 0.902007026 0.162050862 5.74009753 2 3
-44.0641787 65.2166285 7.47356876 0.401356706 0.901358115 0.162684796 5.74009753 2 3
-43.8594583 65.6757057 7.55662394 0.402252686 0.900834606 0.1633701 5.74009753 2 3
-43.654365 66.1345328 7.64003862 0.402869873 0.900425074 0.164105309 5.74009753 2 3
-43.4489344 66.593051 7.72381864 0.403837674 0.899855525 0.164848922 5.74009753 2 3
-43.2429217 67.0510614 7.80794804 0.405417225 0.899009979 0.165583606 5.74009753 2 3
-43.0360495 67.5083488 7.89240833 0.407608583 0.89788447 0.166309114 5.74009753 2 3
-42.8280401 67.9646983 7.97718102 0.410411803 0.896473546 0.167024951 5.74009753 2 3
-42.6186161 68.4198945 8.06224761 0.413826889 0.894770266 0.167730367 5.74009753 2 3
-42.4074998 68.8737225 8.1475896 0.417853734 0.892766205 0.168424348 5.74009753 2 3
-42.1944137 69.3259671 8.23318852 0.422492033 0.890451445 0.169105606 5.74009753 2 3
-41.9790803 69.7764132 8.31902585 0.427741195 0.88781459 0.169772566 5.74009753 2 3
-41.761222 70.2248456 8.40508312 0.433600232 0.884842764 0.170423362 5.74009753 2 3
-41.5405612 70.6710492 8.49134181 0.440067629 0.881521633 0.171055818 5.74009753 2 3
-41.3168204 71.1148089 8.57778345 0.447141208 0.877835422 0.171667445 5.74009753 2 3
-41.0897221 71.5559096 8.66438953 0.454817963 0.873766955 0.172255421 5.74009753 2 3
-40.8589886 71.9941361 8.75114156 0.463093888 0.869297691 0.172816592 5.74009753 2 3
-40.6243425 72.4292732 8.83802105 0.471963789 0.864407799 0.173347454 5.74009753 2 3
-40.3855062 72.861106 8.92500951 0.481421068 0.859076228 0.173844153 5.74009753 2 3
-40.1422021 73.2894193 9.01208843 0.491457515 0.853280819 0.174302478 5.74009753 2 3
-39.8941527 73.7139978 9.09923933 0.502063065 0.846998434 0.174717861 5.74009753 2 3
-39.6410804 74.1346266 9.18644371 0.513225563 0.840205112 0.175085381 5.74009753 2 3
-39.3827077 74.5510904 9.27368308 0.524930515 0.832876266 0.175399772 5.74009753 2 3
-39.118757 74.9631742 9.36093895 0.537160836 0.824986911 0.175655438 5.74009753 2 3
-38.8489508 75.3706627 9.44819282 0.54989661 0.816511931 0.175846479 5.74009753 2 3
-38.5730115 75.773341 9.53542619 0.563114856 0.80742639 0.175966711 5.74009753 2 3
-38.2906616 76.1709939 9.62262058 0.576789308 0.797705882 0.176009718 5.74009753 2 3
-38.0016235 76.5634062 9.70975748 0.590890232 0.787326923 0.175968889 5.74009753 2 3
-37.7056196 76.9503628 9.79681841 0.605384273 0.77626739 0.175837485 5.74009753 2 3
-37.4023726 77.3316486 9.88378488 0.620229161 0.764511116 0.175609058 5.74009753 2 3
-37.0917087 77.7071111 9.97064196 0.63489406 0.752445933 0.175313005 5.74009753 2 3
-36.7737532 78.0767774 10.057385 0.649047813 0.740351924 0.174974184 5.74009753 2 3
-36.4486848 78.4407071 10.1440114 0.662695716 0.728251656 0.174596429 5.74009753 2 3
-36.1166825 78.7989594 10.2305181 0.675844511 0.716166391 0.174183515 5.74009753 2 3
-35.7779249 79.151594 10.3169026 0.688502212 0.704116053 0.173739139 5.74009753 2 3
-35.4325908 79.4986702 10.403162 0.700677949 0.692119205 0.173266899 5.74009753 2 3
-35.0808591 79.8402475 10.4892935 0.712381805 0.680193056 0.172770285 5.74009753 2 3
-34.7229085 80.1763852 10.5752944 0.72362467 0.668353466 0.172252667 5.74009753 2 3
-34.3589177 80.5071429 10.6611619 0.734418101 0.656614976 0.171717285 5.74009753 2 3
-33.9890657 80.83258 10.7468932 0.744774187 0.644990841 0.171167244 5.74009753 2 3
-33.6135311 81.1527559 10.8324855 0.754705432 0.63349307 0.170605512 5.74009753 2 3
-33.2324927 81.4677301 10.9179362 0.764224639 0.622132484 0.170034915 5.74009753 2 3
-32.8461294 81.777562 11.0032423 0.773344816 0.610918763 0.169458137 5.74009753 2 3
-32.4546199 82.0823111 11.0884012 0.782079078 0.599860509 0.168877723 5.74009753 2 3
-32.0581429 82.3820367 11.17341 0.790440572 0.588965306 0.168296078 5.74009753 2 3
-31.6568774 82.6767983 11.258266 0.798442403 0.578239785 0.167715474 5.74009753 2 3
-31.251002 82.9666555 11.3429665 0.806097569 0.567689686 0.167138053 5.74009753 2 3
-30.8406956 83.2516675 11.4275086 0.813418914 0.557319922 0.166565829 5.74009753 2 3
-30.4261369 83.5318939 11.5118895 0.820419072 0.547134641 0.166000698 5.74009753 2 3
-30.0075047 83.807394 11.5961066 0.827110435 0.537137287 0.165444442 5.74009753 2 3
-29.5849778 84.0782274 11.680157 0.833505118 0.527330661 0.164898734 5.74009753 2 3
-29.158735 84.3444535 11.7640379 0.83961493 0.517716977 0.164365146 5.74009753 2 3
-28.728955 84.6061317 11.8477466 0.845451355 0.508297916 0.163845155 5.74009753 2 3
-28.2958167 84.8633214 11.9312803 0.851025535 0.499074677 0.16334015 5.74009753 2 3
-27.8594989 85.1160821 12.0146363 0.856348255 0.490048032 0.16285144 5.74009753 2 3
-27.4201802 85.3644733 12.0978117 0.861429937 0.481218366 0.162380257 5.74009753 2 3
-26.9780396 85.6085543 12.1808038 0.866280631 0.472585724 0.161927767 5.74009753 2 3
-26.5332557 85.8483846 12.2636099 0.870910017 0.464149851 0.161495074 5.74009753 2 3
-26.0860075 86.0840237 12.3462271 0.875327398 0.455910233 0.161083225 5.74009753 2 3
-25.6364735 86.3155309 12.4286526 0.879541709 0.44786613 0.16069322 5.74009753 2 3
-25.1848327 86.5429659 12.5108838 0.883561515 0.440016612 0.160326015 5.74009753 2 3
-24.7312639 86.7663878 12.5929178 0.887395016 0.432360586 0.15998253 5.74009753 2 3
-24.2759457 86.9858563 12.6747518 0.891050056 0.42489683 0.159663652 5.74009753 2 3
-23.819057 87.2014308 12.7563831 0.894534127 0.417624018 0.159370245 5.74009753 2 3
-23.3607766 87.4131706 12.837809 0.89785438 0.410540742 0.159103151 5.74009753 2 3
-22.9012833 87.6211353 12.9190266 0.901017627 0.403645538 0.158863197 5.74009753 2 3
-22.4407558 87.8253842 13.0000331 0.904030357 0.396936909 0.158651201 5.74009753 2 3
-21.9793729 88.0259769 13.0808258 0.906898739 0.390413341 0.158467977 5.74009753 2 3
-21.5173135 88.2229727 13.161402 0.909628634 0.384073323 0.15831434 5.74009753 2 3
-21.0547489 88.4164364 13.2417599 0.912218774 0.377932887 0.158188627 5.74009753 2 3
-20.5917636 88.6064959 13.3219114 0.914650984 0.372052659 0.158083509 5.74009753 2 3
-20.1283839 88.793321 13.4018769 0.916927254 0.366443163 0.157999426 5.74009753 2 3
-19.6646354 88.9770824 13.4816774 0.919051335 0.361109968 0.15793744 5.74009753 2 3
-214.866279 53.8310113 11.1772339 -0.973082415 -0.205884794 0.103547405 5.7105284 1 10
-215.360571 53.7191603 11.2301159 -0.966829178 -0.233286414 0.104013409 5.7105284 1 10
-215.849279 53.5937707 11.2830001 -0.959615137 -0.261198309 0.104471201 5.7105284 1 10
-216.331867 53.4547256 11.335872 -0.951372715 -0.289625184 0.104915251 5.7105284 1 10
-216.807799 53.3019079 11.388717 -0.94202983 -0.318564626 0.105339345 5.7105284 1 10
-217.276539 53.1352007 11.4415204 -0.931510413 -0.348005939 0.105736548 5.7105284 1 10
-217.737551 52.9544868 11.4942678 -0.919735136 -0.37792889 0.106099173 5.7105284 1 10
-218.1903 52.7596494 11.5469444 -0.906622407 -0.408302406 0.106418776 5.7105284 1 10
-218.634248 52.5505714 11.5995357 -0.892089652 -0.439083266 0.106686164 5.7105284 1 10
-219.068861 52.3271358 11.6520271 -0.876054928 -0.470214829 0.106891433 5.7105284 1 10
-219.493601 52.0892256 11.7044041 -0.858438887 -0.501625889 0.107024035 5.7105284 1 10
-219.907936 51.8367252 11.756652 -0.839198845 -0.533180066 0.107071542 5.7105284 1 10
-220.31161 51.5697185 11.8087627 -0.81911711 -0.563559279 0.106995791 5.7105284 1 10
-220.704931 51.288695 11.8607413 -0.798700993 -0.592175354 0.106794538 5.7105284 1 10
-221.088278 50.994193 11.9125942 -0.778138453 -0.619000693 0.106483281 5.7105284 1 10
-221.462031 50.6867513 11.9643281 -0.757605949 -0.644034694 0.106077985 5.7105284 1 10
-221.826566 50.3669082 12.0159494 -0.737265522 -0.667300028 0.105594617 5.7105284 1 10
-222.182262 50.0352023 12.0674648 -0.717262923 -0.688838631 0.10504875 5.7105284 1 10
-222.529497 49.6921722 12.1188807 -0.697726689 -0.708707673 0.104455258 5.7105284 1 10
-222.868651 49.3383564 12.1702038 -0.678768033 -0.726975712 0.103828089 5.7105284 1 10
-223.2001 48.9742934 12.2214405 -0.660481365 -0.743719187 0.10318012 5.7105284 1 10
-223.524224 48.6005217 12.2725974 -0.642945307 -0.759019335 0.102523077 5.7105284 1 10
-223.8414 48.21758 12.3236812 -0.626224019 -0.772959565 0.101867505 5.7105284 1 10
-224.152007 47.8260066 12.3746982 -0.610368721 -0.785623301 0.101222792 5.7105284 1 10
-224.456422 47.4263403 12.4256551 -0.595419296 -0.797092255 0.100597211 5.7105284 1 10
-224.755026 47.0191193 12.4765585 -0.581405891 -0.8074451 0.0999979978 5.7105284 1 10
-225.048195 46.6048824 12.5274148 -0.568350466 -0.816756474 0.0994314305 5.7105284 1 10
-225.336307 46.1841681 12.5782306 -0.556268227 -0.82509628 0.0989029235 5.7105284 1 10
-225.619742 45.7575148 12.6290125 -0.545168952 -0.83252921 0.0984171197 5.7105284 1 10
-225.898878 45.3254612 12.679767 -0.535058162 -0.839114461 0.097977982 5.7105284 1 10
-226.174092 44.8885457 12.7305008 -0.525938172 -0.844905586 0.097588879 5.7105284 1 10
-226.445763 44.4473068 12.7812202 -0.517808989 -0.849950452 0.0972526652 5.7105284 1 10
-226.714269 44.0022832 12.8319319 -0.510669092 -0.85429126 0.0969717525 5.7105284 1 10
-226.979989 43.5540133 12.8826424 -0.504516094 -0.857964627 0.0967481746 5.7105284 1 10
-227.243301 43.1030357 12.9333584 -0.499347289 -0.861001675 0.0965836417 5.7105284 1 10
-227.504583 42.6498889 12.9840862 -0.49516011 -0.863428141 0.0964795883 5.7105284 1 10
-227.764213 42.1951114 13.0348325 -0.491952496 -0.865264472 0.096437211 5.7105284 1 10
-228.022552 41.7392294 13.0856038 -0.489514574 -0.866644132 0.0964542867 5.7105284 1 10
-228.279579 41.2825045 13.1364043 -0.486674042 -0.86823591 0.0965131197 5.7105284 1 10
-228.534908 40.8249444 13.1872365 -0.483242858 -0.870139513 0.0966103939 5.7105284 1 10
-228.788139 40.3665469 13.2381026 -0.479212958 -0.872350417 0.096745491 5.7105284 1 10
-229.03887 39.9073094 13.2890049 -0.474574472 -0.874863432 0.0969177299 5.7105284 1 10
-229.2867 39.4472298 13.3399457 -0.469315745 -0.877672605 0.0971263567 5.7105284 1 10
-229.531229 38.9863056 13.3909273 -0.463423377 -0.880771113 0.097370532 5.7105284 1 10
-229.772056 38.5245343 13.4419518 -0.456882254 -0.884151128 0.0976493168 5.7105284 1 10
-230.008781 38.0619137 13.4930217 -0.449675601 -0.887803677 0.0979616568 5.7105284 1 10
-230.241001 37.5984414 13.5441391 -0.441785041 -0.891718474 0.0983063645 5.7105284 1 10
-230.468318 37.134115 13.5953064 -0.433190675 -0.895883744 0.0986820993 5.7105284 1 10
-230.690329 36.6689322 13.6465259 -0.423871177 -0.900286023 0.099087346 5.7105284 1 10
-230.906634 36.2028904 13.6977997 -0.413803921 -0.904909944 0.099520391 5.7105284 1 10
-231.116832 35.7359875 13.7491302 -0.402965136 -0.909738006 0.0999792977 5.7105284 1 10
-231.320522 35.268221 13.8005197 -0.391330096 -0.914750331 0.100461879 5.7105284 1 10
-231.517304 34.7995885 13.8519704 -0.378873354 -0.919924407 0.10096567 5.7105284 1 10
-231.706776 34.3300877 13.9034846 -0.365569031 -0.92523483 0.101487898 5.7105284 1 10
-231.888538 33.8597162 13.9550646 -0.35139115 -0.930653032 0.102025455 5.7105284 1 10
-232.062189 33.3884716 14.0067126 -0.336314043 -0.936147029 0.102574867 5.7105284 1 10
-232.227329 32.9163515 14.058431 -0.320312824 -0.941681172 0.103132269 5.7105284 1 10
-232.383556 32.4433536 14.110222 -0.303363931 -0.947215925 0.103693378 5.7105284 1 10
-232.530469 31.9694755 14.1620879 -0.285445759 -0.952707685 0.104253473 5.7105284 1 10
-232.667669 31.4947149 14.2140309 -0.266539356 -0.95810865 0.104807381 5.7105284 1 10
-232.794753 31.0190693 14.2660534 -0.246629214 -0.963366763 0.105349467 5.7105284 1 10
-232.911321 30.5425364 14.3181576 -0.225704119 -0.968425745 0.105873641 5.7105284 1 10
-233.016973 30.0651137 14.3703458 -0.203758076 -0.973225233 0.106373364 5.7105284 1 10
-233.111307 29.5867991 14.4226202 -0.180791268 -0.977701065 0.106841685 5.7105284 1 10
-233.193923 29.10759 14.4749832 -0.156811048 -0.981785704 0.10727128 5.7105284 1 10
-233.26442 28.627484 14.527437 -0.131832919 -0.985408842 0.107654516 5.7105284 1 10
-233.322397 28.1464789 14.5799839 -0.105881469 -0.988498189 0.107983538 5.7105284 1 10
-233.367453 27.6645723 14.6326262 -0.0789912198 -0.990980446 0.108250367 5.7105284 1 10
-233.399188 27.1817617 14.6853661 -0.0512073301 -0.992782479 0.108447032 5.7105284 1 10
-233.4172 26.6980448 14.7382059 -0.022586111 -0.993832659 0.108565708 5.7105284 1 10
-233.421089 26.2134192 14.7911479 0.00680471092 -0.994062362 0.108598877 5.7105284 1 10
-233.410456 25.7278833 14.8441944 0.0368430653 -0.99340895 0.108541447 5.7105284 1 10
-233.385124 25.2415218 14.8973473 0.0664715364 -0.991878708 0.108435068 5.7105284 1 10
-233.345358 24.7545908 14.950608 0.0952564297 -0.989543537 0.108304201 5.7105284 1 10
-233.291474 24.2673666 15.0039776 0.123191254 -0.986471631 0.108155612 5.7105284 1 10
-233.223788 23.7801254 15.0574575 0.150276889 -0.982727732 0.107995659 5.7105284 1 10
-233.142616 23.2931435 15.1110489 0.176520581 -0.978372688 0.107830277 5.7105284 1 10
-233.048275 22.8066971 15.1647531 0.20193499 -0.973463153 0.107664983 5.7105284 1 10
-232.94108 22.3210623 15.2185713 0.226537298 -0.968051422 0.107504874 5.7105284 1 10
-232.821348 21.8365156 15.2725047 0.250348391 -0.962185358 0.107354647 5.7105284 1 10
-232.689396 21.3533331 15.3265546 0.273392132 -0.955908421 0.107218623 5.7105284 1 10
-232.545539 20.871791 15.3807223 0.2956947 -0.949259749 0.107100766 5.7105284 1 10
-232.390093 20.3921656 15.435009 0.317284027 -0.94227429 0.107004715 5.7105284 1 10
-232.223375 19.9147332 15.489416 0.338189298 -0.934982972 0.106933813 5.7105284 1 10
-232.045701 19.4397699 15.5439445 0.358440536 -0.927412889 0.106891139 5.7105284 1 10
-231.857387 18.967552 15.5985957 0.37806824 -0.9195875 0.106879536 5.7105284 1 10
-231.65875 18.4983558 15.653371 0.397103092 -0.911526836 0.106901643 5.7105284 1 10
-231.450105 18.0324575 15.7082715 0.415575716 -0.903247696 0.106959921 5.7105284 1 10
-231.231769 17.5701333 15.7632986 0.433516476 -0.894763841 0.107056686 5.7105284 1 10
-231.004058 17.1116594 15.8184534 0.450955323 -0.886086178 0.10719413 5.7105284 1 10
-230.767289 16.6573122 15.8737372 0.467921673 -0.877222923 0.107374351 5.7105284 1 10
-230.521776 16.2073679 15.9291514 0.484444308 -0.868179755 0.107599373 5.7105284 1 10
-230.267838 15.7621026 15.984697 0.500551318 -0.858959946 0.107871171 5.7105284 1 10
-230.005789 15.3217926 16.0403754 0.51627004 -0.849564479 0.108191689 5.7105284 1 10
-229.735946 14.8867143 16.0961879 0.531627036 -0.839992143 0.108562863 5.7105284 1 10
-229.458626 14.4571437 16.1521356 0.546648066 -0.830239607 0.108986638 5.7105284 1 10
-229.174144 14.0333572 16.2082199 0.561358084 -0.820301481 0.109464984 5.7105284 1 10
-228.8828 13.6156295 16.2644408 0.575877339 -0.810104877 0.109978994 5.7105284 1 10
-228.584682 13.204217 16.3207844 0.590553056 -0.799404058 0.110454698 5.7105284 1 10
-228.279733 12.7993633 16.3772266 0.605403132 -0.788157365 0.110882892 5.7105284 1 10
-227.967893 12.4013116 16.4337434 0.620413004 -0.776343218 0.111260563 5.7105284 1 10
-227.6491 12.0103055 16.4903108 0.635565899 -0.763940364 0.111584536 5.7105284 1 10
-227.323294 11.6265881 16.5469046 0.650842707 -0.750928103 0.111851491 5.7105284 1 10
-226.990415 11.2504029 16.6035009 0.666221874 -0.737286528 0.112057976 5.7105284 1 10
-226.650403 10.8819932 16.6600754 0.681679311 -0.722996806 0.112200425 5.7105284 1 10
-226.303197 10.5216023 16.7166041 0.697188327 -0.708041467 0.112275183 5.7105284 1 10
-225.948736 10.1694737 16.773063 0.712719587 -0.692404737 0.112278535 5.7105284 1 10
-225.586961 9.82585056 16.829428 0.728241111 -0.676072875 0.112206737 5.7105284 1 10
-225.21781 9.49097634 16.8856749 0.743718306 -0.659034538 0.112056053 5.7105284 1 10
-224.841223 9.16509436 16.9417797 0.759114053 -0.641281152 0.111822802 5.7105284 1 10
-224.45714 8.84844796 16.9977184 0.774388834 -0.622807293 0.111503401 5.7105284 1 10
-224.0655 8.54128051 17.0534668 0.789500929 -0.603611062 0.111094418 5.7105284 1 10
-223.666243 8.24383533 17.1090009 0.804406656 -0.583694443 0.110592626 5.7105284 1 10
-223.259309 7.95635578 17.1642966 0.81906069 -0.563063648 0.109995063 5.7105284 1 10
-222.844636 7.67908522 17.2193298 0.833416431 -0.541729417 0.10929909 5.7105284 1 10
-222.422166 7.41226698 17.2740764 0.847426436 -0.519707276 0.108502452 5.7105284 1 10
-221.991836 7.15614441 17.3285124 0.861042908 -0.497017739 0.107603334 5.7105284 1 10
-221.553605 6.9109549 17.3826154 0.874150605 -0.473804349 0.10663095 5.7105284 1 10
-221.107693 6.67685033 17.4363882 0.886470664 -0.450550787 0.105705958 5.7105284 1 10
-220.654516 6.45391858 17.4898524 0.89800633 -0.427308675 0.104842395 5.7105284 1 10
-220.194495 6.242246 17.5430301 0.908788238 -0.404078272 0.104041767 5.7105284 1 10
-219.728051 6.04191892 17.5959432 0.918844939 -0.380856917 0.103305308 5.7105284 1 10
-219.255606 5.85302369 17.6486139 0.928202757 -0.357639343 0.102634016 5.7105284 1 10
-218.77758 5.67564664 17.7010641 0.936885672 -0.334417981 0.102028679 5.7105284 1 10
-218.294393 5.50987411 17.753316 0.944915231 -0.311183234 0.101489905 5.7105284 1 10
-217.806468 5.35579245 17.8053915 0.952310484 -0.287923733 0.101018143 5.7105284 1 10
-217.314225 5.213488 17.8573126 0.95908793 -0.264626579 0.100613701 5.7105284 1 10
-216.818085 5.08304709 17.9091015 0.965261471 -0.241277561 0.100276767 5.7105284 1 10
-216.318469 4.96455607 17.9607802 0.970842387 -0.217861369 0.100007416 5.7105284 1 10
-215.815798 4.85810128 18.0123707 0.975839297 -0.194361787 0.0998056237 5.7105284 1 10
-215.310493 4.76376905 18.063895 0.980258137 -0.170761886 0.0996712714 5.7105284 1 10
-214.802975 4.68164573 18.1153753 0.984102136 -0.147044207 0.0996041505 5.7105284 1 10
-214.293665 4.61181766 18.1668334 0.987371785 -0.123190944 0.0996039631 5.7105284 1 10
-213.782984 4.55437118 18.2182916 0.990064814 -0.0991841284 0.0996703191 5.7105284 1 10
-213.271353 4.50939262 18.2697717 0.992176165 -0.0750058197 0.0998027315 5.7105284 1 10
-212.759193 4.47696834 18.3212959 0.993697963 -0.0506383012 0.100000609 5.7105284 1 10
-212.246925 4.45718466 18.3728862 0.994619493 -0.0260642906 0.100263242 5.7105284 1 10
-211.73497 4.45012794 18.4245647 0.994927177 -0.00126716338 0.100589794 5.7105284 1 10
-211.223748 4.4558845 18.4763533 0.994604559 0.0237688042 0.100979281 5.7105284 1 10
-210.713682 4.4745407 18.5282741 0.993632296 0.0490581714 0.101430551 5.7105284 1 10
-210.205191 4.50618287 18.5803492 0.991988165 0.0746140451 0.101942266 5.7105284 1 10
-209.698697 4.55089734 18.6326006 0.989647087 0.100447765 0.102512874 5.7105284 1 10
-209.194621 4.60877047 18.6850504 0.986581177 0.126568561 0.103140582 5.7105284 1 10
-208.693384 4.6798886 18.7377205 0.98275982 0.152983176 0.103823327 5.7105284 1 10
-208.195407 4.76433805 18.790633 0.978149788 0.17969547 0.104558742 5.7105284 1 10
-207.70111 4.86220518 18.84381 0.972715402 0.20670598 0.105344127 5.7105284 1 10
-207.210916 4.97357632 18.8972736 0.966418752 0.234011463 0.106176413 5.7105284 1 10
-206.725244 5.09853781 18.9510456 0.959220159 0.261603797 0.107052041 5.7105284 1 10
-206.244443 5.23710022 19.0051412 0.951241784 0.288958587 0.107898119 5.7105284 1 10
-205.768606 5.38900129 19.0595499 0.942650385 0.315601346 0.108655614 5.7105284 1 10
-205.297762 5.55391739 19.1142555 0.933501136 0.341501121 0.10932801 5.7105284 1 10
-204.831946 5.73152489 19.169242 0.923849225 0.366633859 0.109919167 5.7105284 1 10
-204.371189 5.92150016 19.224493 0.913749154 0.390982076 0.110433237 5.7105284 1 10
-203.915523 6.12351957 19.2799926 0.903254127 0.414534448 0.110874589 5.7105284 1 10
-204.929415 54.9359405 26.3039377 -0.992298763 0.0796436408 0.0948686238 5.7105284 1 10
-205.457633 54.9693795 26.3539982 -0.994554912 0.0461532786 0.0934366185 5.7105284 1 10
-205.992963 54.9852215 26.4038585 -0.995682583 0.0127769014 0.0919398926 5.7105284 1 10
-206.535366 54.983135 26.4535168 -0.9956983 -0.0203897603 0.0903833624 5.7105284 1 10
-207.084798 54.9627885 26.5029708 -0.994627279 -0.0532543875 0.0887724424 5.7105284 1 10
-207.641219 54.9238505 26.5522185 -0.992502808 -0.0857292903 0.087112947 5.7105284 1 10
-208.204587 54.8659895 26.601258 -0.989365468 -0.117732471 0.0854109866 5.7105284 1 10
-208.774861 54.7888741 26.650087 -0.985262219 -0.149188509 0.0836728621 5.7105284 1 10
-185.62013 25.4726076 6.41605348 0.026720682 0.994523568 0.101038989 5.7105284 2 10
-185.610936 25.9769477 6.46742232 0.00952328898 0.994781748 0.101580419 5.7105284 2 10
-185.610441 26.4813748 6.51906205 -0.00759312391 0.994745663 0.1020951 5.7105284 2 10
-185.618606 26.9857464 6.57095981 -0.0246279894 0.994419479 0.10258344 5.7105284 2 10
-185.63539 27.4899201 6.62310277 -0.0415810157 0.993807112 0.10304583 5.7105284 2 10
-185.660752 27.9937533 6.67547809 -0.0584521615 0.992912226 0.103482642 5.7105284 2 10
-185.694654 28.4971036 6.72807292 -0.0752416115 0.991738216 0.103894228 5.7105284 2 10
-185.737055 28.9998286 6.78087442 -0.0919497504 0.990288207 0.104280919 5.7105284 2 10
-185.787915 29.5017857 6.83386974 -0.10857714 0.988565042 0.104643022 5.7105284 2 10
-185.847193 30.0028326 6.88704604 -0.125124495 0.986571279 0.104980821 5.7105284 2 10
-185.91485 30.5028266 6.94039048 -0.141592659 0.984309185 0.105294574 5.7105284 2 10
-185.990845 31.0016255 6.99389022 -0.157982582 0.981780736 0.105584514 5.7105284 2 10
-186.07514 31.4990866 7.0475324 -0.174295297 0.978987614 0.105850847 5.7105284 2 10
-186.167692 31.9950675 7.10130419 -0.1905319 0.975931202 0.10609375 5.7105284 2 10
-186.268463 32.4894258 7.15519275 -0.206693525 0.972612592 0.106313374 5.7105284 2 10
-186.377413 32.982019 7.20918522 -0.222781324 0.969032577 0.10650984 5.7105284 2 10
-186.4945 33.4727046 7.26326877 -0.238796447 0.965191661 0.106683239 5.7105284 2 10
-186.619686 33.9613401 7.31743056 -0.254740019 0.961090057 0.106833636 5.7105284 2 10
-186.75293 34.4477831 7.37165773 -0.27061312 0.956727689 0.106961061 5.7105284 2 10
-186.894192 34.9318911 7.42593745 -0.286416766 0.952104202 0.107065517 5.7105284 2 10
-187.043432 35.4135217 7.48025688 -0.302151887 0.947218963 0.107146976 5.7105284 2 10
-187.200609 35.8925323 7.53460316 -0.317819307 0.942071067 0.107205379 5.7105284 2 10
-187.365685 36.3687805 7.58896346 -0.333419726 0.936659347 0.107240637 5.7105284 2 10
-187.538618 36.8421239 7.64332493 -0.3489537 0.930982378 0.107252629 5.7105284 2 10
-187.719369 37.3124199 7.69767473 -0.364421618 0.92503849 0.107241206 5.7105284 2 10
-187.907898 37.7795261 7.75200002 -0.379823689 0.918825772 0.107206187 5.7105284 2 10
-188.104164 38.2433 7.80628795 -0.395159914 0.912342088 0.10714736 5.7105284 2 10
-188.308128 38.7035992 7.86052567 -0.410430076 0.905585086 0.107064486 5.7105284 2 10
-188.519749 39.1602812 7.91470036 -0.425633714 0.898552213 0.106957293 5.7105284 2 10
-188.738987 39.6132034 7.96879915 -0.440770108 0.891240724 0.106825485 5.7105284 2 10
-188.965803 40.0622235 8.02280921 -0.455838257 0.883647704 0.106668733 5.7105284 2 10
-189.200155 40.507199 8.0767177 -0.470836864 0.875770081 0.106486683 5.7105284 2 10
-189.442005 40.9479874 8.13051177 -0.485764314 0.867604642 0.106278956 5.7105284 2 10
-189.691312 41.3844463 8.18417857 -0.50061866 0.859148058 0.106045144 5.7105284 2 10
-189.948036 41.8164331 8.23770527 -0.515397601 0.850396899 0.105784818 5.7105284 2 10
-190.212136 42.2438054 8.29107903 -0.530098468 0.841347661 0.105497523 5.7105284 2 10
-190.483574 42.6664207 8.34428699 -0.544718207 0.831996789 0.105182785 5.7105284 2 10
-190.762308 43.0841366 8.39731631 -0.559253363 0.8223407 0.104840109 5.7105284 2 10
-191.048299 43.4968106 8.45015415 -0.573700065 0.812375816 0.104468982 5.7105284 2 10
-191.341506 43.9043002 8.50278767 -0.588054013 0.80209859 0.104068875 5.7105284 2 10
-191.64189 44.3064629 8.55520403 -0.602310463 0.791505536 0.103639246 5.7105284 2 10
-191.94941 44.7031564 8.60739037 -0.616464219 0.780593267 0.10317954 5.7105284 2 10
-192.264027 45.094238 8.65933387 -0.630509624 0.769358527 0.102689196 5.7105284 2 10
-192.5857 45.4795654 8.71102166 -0.644440549 0.757798226 0.102167646 5.7105284 2 10
-192.914389 45.8589961 8.76244092 -0.658250387 0.745909483 0.101614319 5.7105284 2 10
-193.250055 46.2323875 8.81357879 -0.671932057 0.733689664 0.101028647 5.7105284 2 10
-193.592653 46.5995954 8.86442429 -0.685470825 0.721140646 0.100428665 5.7105284 2 10
-193.942109 46.9604557 8.91498536 -0.698841127 0.708270934 0.0998667245 5.7105284 2 10
-194.298328 47.3147928 8.96528097 -0.712038944 0.695076274 0.0993454345 5.7105284 2 10
-194.661217 47.6624312 9.01533021 -0.725060932 0.681551561 0.0988641266 5.7105284 2 10
-195.030681 48.0031954 9.0651522 -0.737903056 0.667691672 0.0984221043 5.7105284 2 10
-195.406625 48.3369095 9.11476604 -0.750560579 0.653491518 0.0980186407 5.7105284 2 10
-195.788956 48.6633981 9.16419083 -0.763028036 0.638946095 0.0976529775 5.7105284 2 10
-196.177579 48.9824854 9.21344568 -0.775299227 0.624050547 0.0973243222 5.7105284 2 10
-196.572399 49.293996 9.26254969 -0.787367196 0.608800229 0.0970318467 5.7105284 2 10
-196.973323 49.5977541 9.31152198 -0.799224231 0.59319077 0.096774685 5.7105284 2 10
-197.380257 49.8935842 9.36038163 -0.810861849 0.577218144 0.096551931 5.7105284 2 10
-197.793106 50.1813106 9.40914777 -0.822270804 0.560878745 0.0963626366 5.7105284 2 10
-198.211775 50.4607578 9.45783948 -0.833441085 0.544169459 0.0962058099 5.7105284 2 10
-198.63617 50.73175 9.50647589 -0.844361925 0.527087747 0.0960804129 5.7105284 2 10
-199.066198 50.9941116 9.55507609 -0.855021821 0.509631726 0.0959853602 5.7105284 2 10
-199.501764 51.2476672 9.60365919 -0.86540855 0.491800251 0.0959195174 5.7105284 2 10
-199.942773 51.4922409 9.65224429 -0.875509204 0.473593005 0.0958817 5.7105284 2 10
-200.389131 51.7276573 9.7008505 -0.885310221 0.45501058 0.0958706724 5.7105284 2 10
-200.840745 51.9537407 9.74949692 -0.894797436 0.436054568 0.0958851478 5.7105284 2 10
-201.297519 52.1703155 9.79820266 -0.903956136 0.416727646 0.0959237878 5.7105284 2 10
-201.759359 52.377206 9.84698682 -0.912771118 0.39703366 0.0959852035 5.7105284 2 10
-202.226172 52.5742366 9.89586852 -0.921226769 0.376977703 0.0960679561 5.7105284 2 10
-202.697862 52.7612318 9.94486684 -0.929307146 0.356566196 0.0961705588 5.7105284 2 10
-203.174336 52.9380158 9.9940009 -0.936996072 0.335806955 0.0962914797 5.7105284 2 10
-203.6555 53.1044132 10.0432898 -0.944277239 0.314709258 0.0964291439 5.7105284 2 10
-204.141258 53.2602482 10.0927527 -0.951134316 0.293283894 0.0965819386 5.7105284 2 10
-204.631517 53.4053452 10.1424086 -0.957551078 0.271543211 0.0967482168 5.7105284 2 10
-205.126183 53.5395287 10.1922766 -0.96351153 0.249501149 0.0969263029 5.7105284 2 10
-205.62516 53.662623 10.242376 -0.969000045 0.227173254 0.0971144993 5.7105284 2 10
-206.128356 53.7744525 10.2927256 -0.974000949 0.20457927 0.0973112231 5.7105284 2 10
-206.635567 53.8748557 10.3433366 -0.97846919 0.181898663 0.0975239485 5.7105284 2 10
-207.146307 53.9637095 10.3941979 -0.982393154 0.159207548 0.0977581086 5.7105284 2 10
-207.660039 54.0408967 10.4452949 -0.985783425 0.136470875 0.0980139758 5.7105284 2 10
-208.176226 54.1063004 10.4966131 -0.988646376 0.113653407 0.0982916423 5.7105284 2 10
-208.694333 54.1598036 10.5481378 -0.99098422 0.090719827 0.0985910195 5.7105284 2 10
-209.213825 54.2012892 10.5998545 -0.992795033 0.0676348455 0.0989118343 5.7105284 2 10
-209.734164 54.2306403 10.6517486 -0.994072741 0.0443633162 0.0992536203 5.7105284 2 10
-210.254816 54.2477399 10.7038054 -0.994807086 0.0208703668 0.0996157059 5.7105284 2 10
-210.775243 54.2524709 10.7560104 -0.994983555 -0.00287844869 0.0999971979 5.7105284 2 10
-211.294911 54.2447164 10.808349 -0.994583293 -0.0269169655 0.100396961 5.7105284 2 10
-211.813282 54.2243593 10.8608066 -0.993582995 -0.0512781866 0.100813593 5.7105284 2 10
-212.329821 54.1912827 10.9133686 -0.991954777 -0.0759940132 0.101245396 5.7105284 2 10
-212.843993 54.1453695 10.9660204 -0.98966605 -0.101094919 0.101690345 5.7105284 2 10
-213.35526 54.0865028 11.0187475 -0.986679383 -0.126609561 0.102146047 5.7105284 2 10
-213.863088 54.0145655 11.0715351 -0.982952379 -0.15256431 0.102609706 5.7105284 2 10
-214.36694 53.9294407 11.1243688 -0.978437582 -0.178982703 0.103078074 5.7105284 2 10
-187.869228 29.6903719 22.6130395 0.0834773172 0.989927787 0.114343842 5.7105284 2 10
-187.832088 30.1867973 22.6703632 0.0647275084 0.991319352 0.114439036 5.7105284 2 10
-187.804315 30.6841158 22.7277611 0.0460260764 0.992355406 0.114509167 5.7105284 2 10
-187.785895 31.1821815 22.7852245 0.0273766076 0.993039654 0.114554643 5.7105284 2 10
-187.776811 31.6808489 22.8427445 0.00878241328 0.993375681 0.114575851 5.7105284 2 10
-187.777049 32.1799721 22.9003123 -0.00975344636 0.993366932 0.114573159 5.7105284 2 10
-187.786592 32.6794054 22.9579189 -0.0282281377 0.993016706 0.11454691 5.7105284 2 10
-187.805426 33.1790032 23.0155556 -0.0466390292 0.992328142 0.114497425 5.7105284 2 10
-187.833534 33.6786196 23.0732135 -0.0649836672 0.991304213 0.114425 5.7105284 2 10
-187.8709 34.178109 23.1308837 -0.083259751 0.989947719 0.114329909 5.7105284 2 10
-187.91751 34.6773257 23.1885575 -0.10146511 0.988261281 0.114212401 5.7105284 2 10
-187.973348 35.1761239 23.2462259 -0.119597678 0.98624734 0.114072699 5.7105284 2 10
-188.038398 35.6743579 23.3038801 -0.137655472 0.983908153 0.113911004 5.7105284 2 10
-188.112644 36.1718819 23.3615114 -0.155636568 0.981245798 0.11372749 5.7105284 2 10
-188.196072 36.6685503 23.4191107 -0.173539077 0.97826217 0.11352231 5.7105284 2 10
-188.288665 37.1642174 23.4766693 -0.191361128 0.974958988 0.113295589 5.7105284 2 10
-188.390408 37.6587373 23.5341784 -0.20910084 0.971337797 0.113047432 5.7105284 2 10
-188.501285 38.1519644 23.5916291 -0.226756306 0.967399978 0.11277792 5.7105284 2 10
-188.62128 38.643753 23.6490125 -0.244325572 0.963146751 0.112487112 5.7105284 2 10
-188.750379 39.1339573 23.7063197 -0.261806615 0.958579186 0.112175044 5.7105284 2 10
-188.888565 39.6224317 23.7635421 -0.279197328 0.953698211 0.111841734 5.7105284 2 10
-189.035824 40.1090303 23.8206706 -0.296495502 0.948504626 0.111487179 5.7105284 2 10
-189.192134 40.5935789 23.8776976 -0.313727936 0.942986469 0.111136407 5.7105284 2 10
-189.357461 41.0757796 23.9346196 -0.330935322 0.937124073 0.110816442 5.7105284 2 10
-189.531762 41.5553008 23.9914347 -0.348131399 0.930907343 0.11052623 5.7105284 2 10
-189.714995 42.031811 24.0481407 -0.365329034 0.924324836 0.110264655 5.7105284 2 10
-189.907121 42.5049788 24.1047357 -0.382540195 0.917363765 0.110030555 5.7105284 2 10
-190.108096 42.9744725 24.1612175 -0.399775892 0.910010005 0.109822709 5.7105284 2 10
-190.317881 43.4399608 24.217584 -0.417046107 0.902248109 0.109639836 5.7105284 2 10
-190.536432 43.9011122 24.2738333 -0.434359718 0.894061316 0.109480584 5.7105284 2 10
-190.763711 44.357595 24.3299631 -0.451724406 0.885431564 0.109343521 5.7105284 2 10
-190.999673 44.8090779 24.3859715 -0.469146555 0.876339515 0.109227124 5.7105284 2 10
-191.24428 45.2552293 24.4418564 -0.486631135 0.866764576 0.109129774 5.7105284 2 10
-191.497488 45.6957177 24.4976157 -0.504181574 0.856684945 0.10904974 5.7105284 2 10
-191.759257 46.1302117 24.5532474 -0.521799619 0.84607765 0.108985169 5.7105284 2 10
-192.029545 46.5583797 24.6087493 -0.539485176 0.834918626 0.108934078 5.7105284 2 10
-192.308311 46.9798902 24.6641195 -0.557236147 0.823182786 0.108894338 5.7105284 2 10
-192.595514 47.3944117 24.7193558 -0.575048246 0.810844139 0.108863666 5.7105284 2 10
-192.891112 47.8016127 24.7744561 -0.59291481 0.79787591 0.108839609 5.7105284 2 10
-193.195063 48.2011618 24.8294185 -0.610826597 0.784250709 0.108819541 5.7105284 2 10
-193.507328 48.5927274 24.8842408 -0.628771582 0.769940723 0.108800646 5.7105284 2 10
-193.827863 48.975978 24.938921 -0.646734742 0.754917945 0.108779915 5.7105284 2 10
-194.156628 49.3505821 24.9934569 -0.664697853 0.739154451 0.108754135 5.7105284 2 10
-194.493581 49.7162083 25.0478466 -0.682639283 0.722622719 0.10871989 5.7105284 2 10
-194.838682 50.0725249 25.102088 -0.700533811 0.705295992 0.108673558 5.7105284 2 10
-195.191888 50.4192006 25.1561789 -0.718352455 0.687148698 0.108611313 5.7105284 2 10
-195.553158 50.7559038 25.2101173 -0.736062339 0.668156912 0.108529136 5.7105284 2 10
-195.922451 51.082303 25.2639012 -0.7536266 0.648298881 0.108422823 5.7105284 2 10
-196.299726 51.3980668 25.3175285 -0.771004345 0.627555581 0.108288009 5.7105284 2 10
-196.68494 51.7028635 25.3709971 -0.788150675 0.605911329 0.108120189 5.7105284 2 10
-197.078054 51.9963618 25.424305 -0.805016784 0.583354423 0.107914756 5.7105284 2 10
-197.479025 52.2782301 25.47745 -0.821550152 0.559877805 0.107667035 5.7105284 2 10
-197.887812 52.5481369 25.5304301 -0.837694832 0.535479738 0.107372339 5.7105284 2 10
-198.304374 52.8057507 25.5832433 -0.85339185 0.510164466 0.107026018 5.7105284 2 10
-198.728669 53.05074 25.6358874 -0.868579727 0.483942848 0.10662353 5.7105284 2 10
-199.160656 53.2827734 25.6883604 -0.883195116 0.456832938 0.106160508 5.7105284 2 10
-199.600294 53.5015192 25.7406603 -0.897173558 0.42886048 0.105632835 5.7105284 2 10
-200.04754 53.7066461 25.7927849 -0.910450353 0.400059296 0.105036729 5.7105284 2 10
-200.502355 53.8978225 25.8447322 -0.922961532 0.370471535 0.104368822 5.7105284 2 10
-200.964696 54.0747169 25.8965001 -0.934644906 0.340147766 0.103626241 5.7105284 2 10
-201.434522 54.2369978 25.9480866 -0.945441164 0.309146876 0.102806685 5.7105284 2 10
-201.911792 54.3843337 25.9994896 -0.955295006 0.277535779 0.101908498 5.7105284 2 10
-202.396465 54.5163932 26.050707 -0.964156248 0.245388909 0.100930727 5.7105284 2 10
-202.888498 54.6328446 26.1017367 -0.971980878 0.212787507 0.0998731702 5.7105284 2 10
-203.387851 54.7333566 26.1525767 -0.978732014 0.179818704 0.0987364085 5.7105284 2 10
-203.894483 54.8175975 26.2032249 -0.984380734 0.146574433 0.0975218211 5.7105284 2 10
-204.408351 54.885236 26.2536793 -0.988906729 0.113150182 0.0962315796 5.7105284 2 10
-187.692565 15.6234749 5.46534149 0.383305524 0.919801538 0.0839166601 5.7105284 2 10
-187.50097 16.0961568 5.5085955 0.365247981 0.927013955 0.0850825465 5.7105284 2 10
-187.318876 16.5717751 5.55237727 0.347165933 0.933832394 0.0862141174 5.7105284 2 10
-187.146243 17.0501872 5.59667394 0.329070017 0.940260404 0.0873114931 5.7105284 2 10
-186.983031 17.5312508 5.64147269 0.310970262 0.946301951 0.0883748473 5.7105284 2 10
-186.829199 18.0148233 5.68676065 0.292876087 0.95196137 0.0894044023 5.7105284 2 10
-186.684707 18.5007623 5.732525 0.274796292 0.957243313 0.0904004243 5.7105284 2 10
-186.549516 18.9889254 5.77875289 0.256739065 0.962152698 0.0913632186 5.7105284 2 10
-186.423585 19.47917 5.82543147 0.238711982 0.966694661 0.092293125 5.7105284 2 10
-186.306874 19.9713537 5.8725479 0.22072202 0.970874512 0.0931905134 5.7105284 2 10
-186.199344 20.465334 5.92008933 0.202775562 0.974697687 0.0940557792 5.7105284 2 10
-186.100953 20.9609684 5.96804293 0.184878419 0.978169711 0.0948893391 5.7105284 2 10
-186.011663 21.4581146 6.01639585 0.167035839 0.981296154 0.0956916271 5.7105284 2 10
-185.931432 21.9566299 6.06513524 0.149252531 0.984082595 0.0964630907 5.7105284 2 10
-185.860221 22.456372 6.11424827 0.131532682 0.986534591 0.0972041865 5.7105284 2 10
-185.79799 22.9571983 6.16372208 0.113879978 0.98865764 0.0979153778 5.7105284 2 10
-185.744699 23.4589664 6.21354385 0.0962976312 0.990457153 0.09859713 5.7105284 2 10
-185.700307 23.9615339 6.26370071 0.078788398 0.991938428 0.0992499086 5.7105284 2 10
-185.664775 24.4647583 6.31417983 0.061354608 0.993106621 0.0998741755 5.7105284 2 10
-185.638063 24.968497 6.36496837 0.0439981868 0.99396673 0.100470387 5.7105284 2 10
-203.46498 6.33725948 19.3357245 0.892415529 0.437285337 0.111247735 5.7105284 2 10
-203.019593 6.56239627 19.3916726 0.881282507 0.459234273 0.111557269 5.7105284 2 10
-202.579394 6.7986063 19.4478208 0.869901641 0.480385419 0.111807801 5.7105284 2 10
-202.144416 7.04556595 19.5041528 0.858316692 0.500747021 0.112003913 5.7105284 2 10
-201.71469 7.30295157 19.5606526 0.846568445 0.520330875 0.112150113 5.7105284 2 10
-201.290248 7.57043955 19.617304 0.834694609 0.539151804 0.1122508 5.7105284 2 10
-200.871124 7.84770624 19.6740908 0.822729781 0.55722717 0.112310234 5.7105284 2 10
-200.457348 8.13442803 19.7309969 0.810705469 0.574576409 0.112332513 5.7105284 2 10
-200.048954 8.43028127 19.7880061 0.798650144 0.591220614 0.112321561 5.7105284 2 10
-199.645974 8.73494233 19.8451024 0.786589339 0.60718215 0.112281113 5.7105284 2 10
-199.24844 9.04808759 19.9022694 0.774545764 0.622484312 0.112214709 5.7105284 2 10
-198.856384 9.36939341 19.9594912 0.762539445 0.637151022 0.112125691 5.7105284 2 10
-198.469838 9.69853616 20.0167515 0.750587874 0.651206564 0.112017206 5.7105284 2 10
-198.088835 10.0351922 20.0740342 0.73870617 0.664675356 0.111892206 5.7105284 2 10
-197.713406 10.3790379 20.1313231 0.726907236 0.677581756 0.111753458 5.7105284 2 10
-197.343585 10.7297497 20.1886022 0.715201921 0.689949897 0.111603545 5.7105284 2 10
-196.979403 11.0870038 20.2458551 0.703599181 0.701803556 0.111444881 5.7105284 2 10
-196.620893 11.4504768 20.3030659 0.692106227 0.713166036 0.111279715 5.7105284 2 10
-196.268086 11.8198449 20.3602182 0.680728673 0.724060087 0.111110144 5.7105284 2 10
-195.921015 12.1947845 20.4172961 0.66947067 0.734507831 0.110938125 5.7105284 2 10
-195.579713 12.5749719 20.4742833 0.658335037 0.744530716 0.110765481 5.7105284 2 10
-195.244211 12.9600836 20.5311637 0.64732336 0.75414949 0.110593919 5.7105284 2 10
-194.914556 13.3498361 20.5879252 0.636274713 0.763517371 0.110434204 5.7105284 2 10
-194.590845 13.7441018 20.6445715 0.625031325 0.772768242 0.110295453 5.7105284 2 10
-194.273191 14.1427913 20.7011101 0.613589011 0.781901192 0.110177364 5.7105284 2 10
-193.961704 14.545815 20.7575487 0.601943497 0.790914979 0.110079619 5.7105284 2 10
-193.656495 14.9530834 20.8138947 0.590090442 0.799808013 0.110001876 5.7105284 2 10
-193.357677 15.364507 20.8701557 0.578025449 0.808578349 0.109943777 5.7105284 2 10
-193.06536 15.7799963 20.9263393 0.565744082 0.817223676 0.109904941 5.7105284 2 10
-192.779656 16.1994617 20.982453 0.553241893 0.825741305 0.109884963 5.7105284 2 10
-192.500676 16.6228138 21.0385043 0.540514434 0.834128156 0.109883417 5.7105284 2 10
-192.228531 17.049963 21.0945009 0.527557284 0.842380755 0.109899848 5.7105284 2 10
-191.963332 17.4808199 21.1504502 0.514366072 0.850495214 0.109933776 5.7105284 2 10
-191.705192 17.9152948 21.2063598 0.500936503 0.858467231 0.109984694 5.7105284 2 10
-191.454221 18.3532983 21.2622373 0.487264385 0.866292077 0.110052062 5.7105284 2 10
-191.210531 18.7947409 21.3180901 0.473345657 0.873964589 0.110135311 5.7105284 2 10
-190.974233 19.2395331 21.373926 0.459176424 0.881479162 0.110233839 5.7105284 2 10
-190.745437 19.6875853 21.4297523 0.444752986 0.888829747 0.110347009 5.7105284 2 10
-190.524257 20.1388079 21.4855768 0.430071876 0.896009846 0.110474149 5.7105284 2 10
-190.310802 20.5931116 21.5414068 0.415129896 0.903012509 0.110614549 5.7105284 2 10
-190.105185 21.0504068 21.59725 0.399924159 0.909830334 0.110767464 5.7105284 2 10
-189.907516 21.510604 21.6531139 0.384452124 0.916455472 0.110932105 5.7105284 2 10
-189.717906 21.9736136 21.709006 0.368711646 0.922879631 0.111107647 5.7105284 2 10
-189.536468 22.4393461 21.764934 0.352701017 0.929094081 0.11129322 5.7105284 2 10
-189.363313 22.9077121 21.8209053 0.336419011 0.935089672 0.111487915 5.7105284 2 10
-189.198551 23.3786219 21.8769276 0.319864935 0.94085684 0.111690779 5.7105284 2 10
-189.042294 23.8519862 21.9330083 0.303038676 0.946385634 0.111900819 5.7105284 2 10
-188.894654 24.3277153 21.9891551 0.285940749 0.951665733 0.112116996 5.7105284 2 10
-188.755742 24.8057198 22.0453754 0.268572347 0.956686477 0.112338232 5.7105284 2 10
-188.625668 25.2859101 22.1016768 0.250935395 0.961436897 0.112563407 5.7105284 2 10
-188.504545 25.7681967 22.1580669 0.23303259 0.965905751 0.112791361 5.7105284 2 10
-188.392484 26.2524901 22.2145532 0.21486746 0.97008157 0.113020896 5.7105284 2 10
-188.289595 26.7387009 22.2711432 0.196444399 0.973952699 0.113250779 5.7105284 2 10
-188.195991 27.2267394 22.3278446 0.177768718 0.977507356 0.113479743 5.7105284 2 10
-188.111781 27.7165151 22.3846645 0.158877633 0.980729004 0.113703642 5.7105284 2 10
-188.037013 28.2079111 22.4416026 0.139976512 0.983581498 0.113903527 5.7105284 2 10
-187.971675 28.7007831 22.4986504 0.1211062 0.986062793 0.114076541 5.7105284 2 10
-187.915752 29.1949853 22.5557989 0.102271617 0.9881769 0.114223159 5.7105284 2 10
-170.547827 49.8695971 8.88854044 0.996364227 0.0849496844 -0.00647131614 5.44613551 1 12
-170.044356 49.9142069 8.8853015 0.995768125 0.0916823997 -0.00633873659 5.44613551 1 12
-169.541797 49.962321 8.88214174 0.995064475 0.0990383387 -0.00617240826 5.44613551 1 12
-169.040228 50.0142436 8.8790782 0.994239008 0.107019297 -0.00597210415 5.44613551 1 12
-168.539726 50.0702791 8.8761279 0.993276176 0.115626637 -0.00573759234 5.44613551 1 12
-168.040369 50.1307319 8.87330786 0.992159155 0.124861143 -0.00546864217 5.44613551 1 12
-167.542234 50.1959063 8.87063512 0.990869857 0.134722857 -0.00516503131 5.44613551 1 12
-167.0454 50.2661066 8.86812669 0.989388951 0.145210906 -0.0048265536 5.44613551 1 12
-166.549944 50.3416372 8.86579961 0.987695901 0.156323314 -0.00445302767 5.44613551 1 12
-166.055944 50.4228024 8.8636709 0.985769017 0.168056802 -0.00404430648 5.44613551 1 12
-165.563477 50.5099066 8.86175759 0.983585534 0.180406581 -0.00360028751 5.44613551 1 12
-165.07262 50.6032541 8.8600767 0.981121704 0.193366136 -0.00312092383 5.44613551 1 12
-164.583452 50.7031492 8.85864526 0.978352914 0.206926998 -0.00260623573 5.44613551 1 12
-164.09605 50.8098964 8.8574803 0.975253841 0.221078529 -0.00205632297 5.44613551 1 12
-163.610492 50.9238 8.85659884 0.971798624 0.235807695 -0.00147137744 5.44613551 1 12
-163.126855 51.0451642 8.8560179 0.967961074 0.251098854 -0.000851696009 5.44613551 1 12
-162.645218 51.1742935 8.85575453 0.963714915 0.266933555 -0.000197693363 5.44613551 1 12
-162.165656 51.3114922 8.85582573 0.959034062 0.283290359 0.000490085379 5.44613551 1 12
-161.68825 51.4570646 8.85624854 0.953892919 0.300144685 0.00121095273 5.44613551 1 12
-161.213075 51.6113151 8.85703998 0.948266721 0.317468688 0.00196406778 5.44613551 1 12
-160.74021 51.774548 8.85821709 0.94213189 0.335231185 0.00274842656 5.44613551 1 12
-160.269732 51.9470677 8.85979688 0.935466423 0.353397621 0.00356285408 5.44613551 1 12
-159.801718 52.1291785 8.86179638 0.928250283 0.3719301 0.00440599859 5.44613551 1 12
-159.336248 52.3211848 8.86423262 0.920465811 0.390787475 0.00527632843 5.44613551 1 12
-158.873397 52.5233909 8.86712262 0.912098123 0.409925504 0.0061721317 5.44613551 1 12
-158.413244 52.7361011 8.87048342 0.903135499 0.429297078 0.00709151939 5.44613551 1 12
-157.955867 52.9596199 8.87433203 0.893570555 0.448850915 0.00803238031 5.44613551 1 12
-157.501286 53.1939696 8.87867692 0.884127365 0.467160284 0.00894828594 5.44613551 1 12
-157.049321 53.4381548 8.88349563 0.875516183 0.483089364 0.00980198723 5.44613551 1 12
-156.599743 53.6909499 8.88875869 0.867829567 0.496748988 0.0105965259 5.44613551 1 12
-156.152325 53.9511293 8.89443665 0.861140937 0.50823991 0.0113349404 5.44613551 1 12
-155.70684 54.2174676 8.90050006 0.855507859 0.517650286 0.0120201549 5.44613551 1 12
-155.26306 54.4887391 8.90691947 0.850974901 0.525053875 0.0126548946 5.44613551 1 12
-154.820758 54.7637185 8.9136654 0.847575998 0.530508801 0.0132416202 5.44613551 1 12
-154.379705 55.04118 8.92070842 0.845336325 0.534056683 0.0137824769 5.44613551 1 12
-153.939675 55.3198982 8.92801907 0.844273663 0.535722022 0.0142792537 5.44613551 1 12
-153.50044 55.5986477 8.93556789 0.844399256 0.535511741 0.0147333488 5.44613551 1 12
-153.061772 55.8762027 8.94332542 0.84571817 0.533414832 0.0151457382 5.44613551 1 12
-152.623445 56.1513379 8.95126221 0.848229136 0.529402076 0.0155169454 5.44613551 1 12
-152.185229 56.4228276 8.95934881 0.85192386 0.52342584 0.0158470105 5.44613551 1 12
-151.746899 56.6894464 8.96755576 0.856785776 0.515420004 0.0161354572 5.44613551 1 12
-151.308226 56.9499687 8.97585361 0.862788199 0.505300087 0.0163812592 5.44613551 1 12
-150.868982 57.203169 8.9842129 0.869891837 0.492963693 0.0165828045 5.44613551 1 12
-150.428941 57.4478217 8.99260417 0.878041634 0.478291473 0.0167378629 5.44613551 1 12
-149.987875 57.6827014 9.00099798 0.887162932 0.461148813 0.016843557 5.44613551 1 12
-149.545555 57.9065824 9.00936486 0.897156979 0.44138857 0.0168963451 5.44613551 1 12
-149.101756 58.1182393 9.01767536 0.907895908 0.418855202 0.0168920234 5.44613551 1 12
-148.656249 58.3164466 9.02590002 0.919217408 0.393390709 0.0168257577 5.44613551 1 12
-148.208806 58.4999786 9.0340094 0.930919497 0.36484279 0.0166921592 5.44613551 1 12
-147.7592 58.6676099 9.04197403 0.942756005 0.333075585 0.0164854207 5.44613551 1 12
-147.307204 58.818115 9.04976446 0.954433654 0.297983181 0.0161995284 5.44613551 1 12
-146.85259 58.9502682 9.05735124 0.96561184 0.259505744 0.0158285658 5.44613551 1 12
-146.395131 59.0628442 9.06470491 0.975906426 0.217647649 0.0153671157 5.44613551 1 12
-145.934598 59.1546172 9.07179601 0.984898817 0.172496268 0.0148107567 5.44613551 1 12
-145.470779 59.2244496 9.07859669 0.992032674 0.125180954 0.0141740248 5.44613551 1 12
-145.003656 59.2725205 9.08510304 0.996712964 0.0798758975 0.0135317208 5.44613551 1 12
-144.533366 59.3000261 9.09132964 0.999220988 0.0372961064 0.0129003083 5.44613551 1 12
-144.060051 59.3081888 9.09729156 0.999921728 -0.00235725902 0.0122874723 5.44613551 1 12
-143.583851 59.2982312 9.10300386 0.999171907 -0.0389695134 0.0116994876 5.44613551 1 12
-143.104907 59.2713757 9.10848161 0.997306345 -0.0724977662 0.0111412633 5.44613551 1 12
-142.623361 59.2288448 9.11373988 0.99462932 -0.102955361 0.0106164631 5.44613551 1 12
-142.139353 59.1718609 9.11879372 0.991410135 -0.130396991 0.0101276715 5.44613551 1 12
-141.653023 59.1016466 9.12365821 0.987881911 -0.154905435 0.00967657659 5.44613551 1 12
-141.164514 59.0194242 9.12834841 0.984242629 -0.176580359 0.0092641511 5.44613551 1 12
-140.673965 58.9264162 9.13287939 0.980657564 -0.195529272 0.00889081923 5.44613551 1 12
-140.181518 58.8238452 9.1372662 0.977262464 -0.211860474 0.00855660326 5.44613551 1 12
-139.687313 58.7129335 9.14152392 0.974166977 -0.225677763 0.00826124713 5.44613551 1 12
-139.191492 58.5949037 9.14566761 0.971457991 -0.237076573 0.00800431763 5.44613551 1 12
-138.694196 58.4709782 9.14971233 0.969202697 -0.246141265 0.00778528471 5.44613551 1 12
-138.195565 58.3423795 9.15367316 0.967451226 -0.252943296 0.0076035836 5.44613551 1 12
-137.69574 58.21033 9.15756514 0.966238834 -0.257540062 0.00745866118 5.44613551 1 12
-137.194862 58.0760523 9.16140336 0.965587583 -0.259974224 0.00735000901 5.44613551 1 12
-136.693072 57.9407687 9.16520288 0.965507534 -0.260273404 0.00727718509 5.44613551 1 12
-136.190511 57.8057018 9.16897875 0.965997462 -0.258450167 0.00723982586 5.44613551 1 12
-135.68732 57.6720741 9.17274605 0.967045104 -0.254502228 0.00723764945 5.44613551 1 12
-135.18364 57.5411079 9.17651984 0.968626955 -0.248412888 0.00727045097 5.44613551 1 12
-134.679611 57.4140258 9.18031518 0.970707634 -0.240151707 0.00733808974 5.44613551 1 12
-134.175375 57.2920502 9.18414715 0.973238828 -0.229675473 0.0074404684 5.44613551 1 12
-133.671073 57.1764036 9.1880308 0.976157854 -0.216929542 0.0075775031 5.44613551 1 12
-133.166845 57.0683085 9.1919812 0.979385861 -0.201849666 0.00774908413 5.44613551 1 12
-132.662832 56.9689873 9.19601341 0.982825756 -0.18436445 0.00795502559 5.44613551 1 12
-132.159175 56.8796626 9.20014251 0.986359945 -0.164398604 0.0081950036 5.44613551 1 12
-131.656016 56.8015567 9.20438355 0.989848047 -0.141877164 0.00846848192 5.44613551 1 12
-131.153494 56.7358921 9.20875161 0.993124822 -0.116730863 0.00877462549 5.44613551 1 12
-130.651752 56.6838913 9.21326174 0.995998625 -0.0889027973 0.0091122029 5.44613551 1 12
-130.150918 56.6466591 9.21792704 0.998194586 -0.0593130679 0.00946197795 5.44613551 1 12
-129.651026 56.6242128 9.22274242 0.999487701 -0.0304751973 0.0097773951 5.44613551 1 12
-129.152055 56.615983 9.22769297 0.999946041 -0.00260701847 0.0100557762 5.44613551 1 12
-128.653982 56.6213943 9.23276368 0.999653793 0.0242129038 0.0102970655 5.44613551 1 12
-128.156787 56.6398715 9.23793955 0.998697993 0.049920312 0.010501464 5.44613551 1 12
-127.660447 56.6708394 9.24320557 0.997166577 0.0744646403 0.0106693872 5.44613551 1 12
-127.164943 56.7137225 9.24854674 0.995146677 0.0978080834 0.0108014235 5.44613551 1 12
-126.670251 56.7679456 9.25394805 0.992723202 0.119924437 0.0108982917 5.44613551 1 12
-126.176351 56.8329334 9.25939449 0.989977698 0.140797792 0.0109608026 5.44613551 1 12
-125.683222 56.9081107 9.26487105 0.986987476 0.160421155 0.0109898226 5.44613551 1 12
-125.190841 56.9929021 9.27036273 0.983825 0.178795055 0.0109862418 5.44613551 1 12
-124.699187 57.0867324 9.27585453 0.980557497 0.195926189 0.0109509464 5.44613551 1 12
-124.20824 57.1890262 9.28133143 0.977246751 0.21182613 0.0108847947 5.44613551 1 12
-123.717977 57.2992083 9.28677844 0.973949056 0.226510139 0.0107885979 5.44613551 1 12
-123.228377 57.4167034 9.29218054 0.970715292 0.239996084 0.0106631038 5.44613551 1 12
-122.739418 57.5409362 9.29752272 0.967591092 0.252303468 0.0105089847 5.44613551 1 12
-122.25108 57.6713314 9.30278999 0.964617071 0.263452584 0.0103268273 5.44613551 1 12
-121.76334 57.8073138 9.30796733 0.961829096 0.273463772 0.0101171263 5.44613551 1 12
-121.276178 57.9483079 9.31303975 0.95925858 0.282356791 0.00988027937 5.44613551 1 12
-120.789571 58.0937386 9.31799222 0.956932776 0.290150278 0.00961658386 5.44613551 1 12
-120.303499 58.2430306 9.32280976 0.954875065 0.296861301 0.00932623563 5.44613551 1 12
-119.81794 58.3956085 9.32747734 0.953105223 0.302504984 0.00900932863 5.44613551 1 12
-119.332872 58.5508971 9.33197996 0.951639668 0.307094196 0.00866585574 5.44613551 1 12
-118.848274 58.7083211 9.33630263 0.950491661 0.310639313 0.00829571039 5.44613551 1 12
-118.364124 58.8673052 9.34043032 0.949671487 0.313148011 0.00789868912 5.44613551 1 12
-117.880402 59.0272742 9.34434804 0.949186581 0.31462512 0.0074744948 5.44613551 1 12
-117.397086 59.1876526 9.34804078 0.949041619 0.31507251 0.00702274065 5.44613551 1 12
-116.914153 59.3478653 9.35149353 0.949238561 0.314489021 0.00654295509 5.44613551 1 12
-116.431584 59.5073369 9.35469129 0.949776651 0.312870415 0.00603458756 5.44613551 1 12
-115.949355 59.6655223 9.35762149 0.950574233 0.310448352 0.00551797729 5.44613551 1 12
-115.467445 59.8222159 9.36029901 0.951383166 0.30796831 0.00505874924 5.44613551 1 12
-114.985828 59.9774256 9.36275602 0.95218544 0.305485111 0.00466202981 5.44613551 1 12
-114.504481 60.1311628 9.36502496 0.952980976 0.302999218 0.00432815902 5.44613551 1 12
-114.02338 60.283439 9.36713826 0.95376969 0.300511092 0.00405745603 5.44613551 1 12
-113.542499 60.4342655 9.36912837 0.954551488 0.298021195 0.00385021888 5.44613551 1 12
-113.061816 60.5836536 9.37102773 0.955326272 0.29552999 0.00370672426 5.44613551 1 12
-112.581305 60.7316148 9.37286876 0.956093934 0.293037936 0.00362722721 5.44613551 1 12
-112.100942 60.8781605 9.37468392 0.956854362 0.290545493 0.00361196091 5.44613551 1 12
-111.620704 61.0233019 9.37650563 0.957607434 0.288053119 0.00366113647 5.44613551 1 12
-111.140566 61.1670506 9.37836634 0.95835302 0.28556127 0.00377494268 5.44613551 1 12
-110.660504 61.3094178 9.38029849 0.959090985 0.283070402 0.00395354584 5.44613551 1 12
-110.180493 61.4504149 9.38233451 0.959821184 0.280580967 0.0041970895 5.44613551 1 12
-109.70051 61.5900534 9.38450684 0.960543466 0.278093418 0.00450569432 5.44613551 1 12
-109.22053 61.7283446 9.38684792 0.96125767 0.275608204 0.00487945787 5.44613551 1 12
-108.740528 61.8652998 9.38939019 0.961963631 0.273125772 0.00531845442 5.44613551 1 12
-108.260482 62.0009305 9.39216608 0.962661172 0.270646565 0.00582273486 5.44613551 1 12
-107.780366 62.1352481 9.39520804 0.963350112 0.268171028 0.00639232648 5.44613551 1 12
-107.300156 62.2682639 9.3985485 0.96403026 0.265699598 0.00702723283 5.44613551 1 12
-106.819829 62.3999892 9.40221991 0.964701418 0.263232714 0.00772743363 5.44613551 1 12
-106.339359 62.5304356 9.40625469 0.965363381 0.260770807 0.0084928846 5.44613551 1 12
-105.858722 62.6596142 9.41068529 0.966015936 0.258314309 0.0093235174 5.44613551 1 12
-105.377896 62.7875367 9.41554415 0.966658865 0.255863648 0.0102192395 5.44613551 1 12
-104.896854 62.9142142 9.4208637 0.967291939 0.253419246 0.011179934 5.44613551 1 12
-104.415573 63.0396582 9.42667638 0.967914924 0.250981525 0.0122054599 5.44613551 1 12
-103.934029 63.1638801 9.43301464 0.968527581 0.248550901 0.0132956515 5.44613551 1 12
-103.452198 63.2868912 9.4399109 0.969129661 0.246127788 0.0144503188 5.44613551 1 12
-102.970055 63.4087029 9.44739761 0.969720912 0.243712593 0.0156692474 5.44613551 1 12
-102.487576 63.5293266 9.45550721 0.970301072 0.241305724 0.0169521981 5.44613551 1 12
-102.004737 63.6487737 9.46427213 0.970869877 0.23890758 0.0182989076 5.44613551 1 12
-101.521513 63.7670556 9.47372481 0.971427055 0.236518559 0.0197090877 5.44613551 1 12
-101.037883 63.8841674 9.48388484 0.971996666 0.234045225 0.0211024696 5.44613551 1 12
-100.553829 64.0000314 9.49471416 0.972606057 0.231379126 0.0223865774 5.44613551 1 12
-100.069338 64.1145495 9.50615855 0.973254085 0.228519902 0.0235613953 5.44613551 1 12
-99.5843949 64.2276236 9.51816379 0.973939426 0.225467304 0.0246270102 5.44613551 1 12
-99.0989864 64.3391556 9.53067565 0.974660603 0.222221049 0.0255834926 5.44613551 1 12
-98.613098 64.4490474 9.54363991 0.97541599 0.218780835 0.0264308979 5.44613551 1 12
-98.1267154 64.557201 9.55700235 0.976203812 0.21514634 0.0271692673 5.44613551 1 12
-97.6398244 64.6635181 9.57070876 0.977022141 0.211317233 0.0277986289 5.44613551 1 12
-97.1524109 64.7679008 9.5847049 0.977868894 0.207293176 0.0283189996 5.44613551 1 12
-96.6644606 64.8702508 9.59893656 0.978741837 0.203073834 0.0287303869 5.44613551 1 12
-96.1759594 64.9704702 9.61334951 0.979638579 0.198658881 0.0290327909 5.44613551 1 12
-95.686893 65.0684608 9.62788954 0.980556576 0.19404801 0.0292262067 5.44613551 1 12
-95.1972472 65.1641244 9.64250242 0.981493125 0.18924094 0.0293106269 5.44613551 1 12
-94.7070079 65.2573631 9.65713393 0.982445367 0.184237424 0.0292860444 5.44613551 1 12
-94.2161608 65.3480787 9.67172985 0.983410288 0.17903726 0.0291524559 5.44613551 1 12
-93.7246918 65.4361731 9.68623595 0.984384714 0.1736403 0.0289098644 5.44613551 1 12
-93.2325866 65.5215482 9.70059802 0.985365319 0.168046461 0.0285582838 5.44613551 1 12
-92.739831 65.6041059 9.71476183 0.986348617 0.162255734 0.0280977416 5.44613551 1 12
-92.2464109 65.683748 9.72867317 0.98733097 0.156268197 0.0275282838 5.44613551 1 12
-91.752312 65.7603766 9.7422778 0.988308588 0.150084023 0.0268499789 5.44613551 1 12
-91.2575202 65.8338935 9.75552152 0.989277529 0.143703497 0.026062922 5.44613551 1 12
-90.7620212 65.9042005 9.76835009 0.990233705 0.137127023 0.0251672401 5.44613551 1 12
-90.2658009 65.9711997 9.7807093 0.991172882 0.130355138 0.0241630963 5.44613551 1 12
-89.768845 66.0347928 9.79254492 0.99209069 0.123388525 0.0230506954 5.44613551 1 12
-89.2711394 66.0948818 9.80380273 0.99298262 0.116228028 0.0218302889 5.44613551 1 12
-88.7726697 66.1513687 9.81442852 0.993844037 0.108874658 0.0205021803 5.44613551 1 12
-88.273422 66.2041552 9.82436805 0.994670181 0.101329612 0.0190667306 5.44613551 1 12
-87.7733819 66.2531433 9.83356711 0.99545618 0.0935942833 0.0175243637 5.44613551 1 12
-87.2725352 66.2982348 9.84197148 0.996197054 0.0856702748 0.0158755724 5.44613551 1 12
-86.7708678 66.3393318 9.84952693 0.996887726 0.0775594106 0.0141209236 5.44613551 1 12
-86.2683654 66.3763361 9.85617924 0.997523032 0.0692637486 0.0122610641 5.44613551 1 12
-85.7650138 66.4091495 9.86187419 0.998097735 0.0607855925 0.0102967264 5.44613551 1 12
-85.260799 66.437674 9.86655756 0.998606535 0.0521275025 0.0082287339 5.44613551 1 12
-84.7557065 66.4618115 9.87017514 0.999044081 0.0432923063 0.00605800636 5.44613551 1 12
-84.2497223 66.4814639 9.87267268 0.999404992 0.0342831087 0.00378556517 5.44613551 1 12
-83.7428322 66.496533 9.87399598 0.999683865 0.0251033006 0.00141253825 5.44613551 1 12
-83.2350219 66.5069208 9.87409082 0.999875296 0.0157565674 -0.00105983521 5.44613551 1 12
-82.7262772 66.5125292 9.87290296 0.999973899 0.00624689545 -0.00363020043 5.44613551 1 12
-82.216584 66.5132601 9.8703782 0.99997432 -0.00342142194 -0.006297083 5.44613551 1 12
-81.7059314 66.5090294 9.86646528 0.999873731 -0.0130799041 -0.00902434265 5.44613551 1 12
-81.1943862 66.5000719 9.8611807 0.999695834 -0.0217601312 -0.0116075492 5.44613551 1 12
-80.6820919 66.4869394 9.85460829 0.999471975 -0.0293142581 -0.0140158809 5.44613551 1 12
-80.1691955 66.4701975 9.84683476 0.999228465 -0.0357538569 -0.0162523044 5.44613551 1 12
-79.655844 66.4504116 9.83794684 0.99898752 -0.0410892333 -0.0183196681 5.44613551 1 12
-79.1421842 66.428147 9.82803124 0.99876744 -0.0453290928 -0.0202206313 5.44613551 1 12
-78.6283632 66.4039694 9.81717468 0.998582759 -0.0484802727 -0.0219576035 5.44613551 1 12
-78.1145279 66.3784441 9.80546388 0.99844437 -0.050547532 -0.0235326948 5.44613551 1 12
-77.6008253 66.3521365 9.79298556 0.998359616 -0.0515333937 -0.024947674 5.44613551 1 12
-77.0874022 66.3256123 9.77982644 0.998332351 -0.0514380357 -0.0262039345 5.44613551 1 12
-76.5744057 66.2994367 9.76607323 0.998362953 -0.0502592284 -0.0273024671 5.44613551 1 12
-76.0619827 66.2741752 9.75181266 0.998448308 -0.047992317 -0.0282438383 5.44613551 1 12
-75.5502801 66.2503934 9.73713144 0.998581747 -0.0446302496 -0.0290281747 5.44613551 1 12
-75.0394449 66.2286566 9.7221163 0.998752949 -0.0401636531 -0.0296551531 5.44613551 1 12
-74.5296241 66.2095303 9.70685394 0.998947797 -0.0345809613 -0.0301239954 5.44613551 1 12
-74.0209645 66.1935799 9.6914311 0.99914821 -0.0278686001 -0.0304334704 5.44613551 1 12
-73.5136132 66.181371 9.67593449 0.999331926 -0.0200112377 -0.0305819016 5.44613551 1 12
-73.0077171 66.173469 9.66045082 0.999472271 -0.0109921083 -0.0305671836 5.44613551 1 12
-72.5034231 66.1704393 9.64506682 0.999537899 -0.000793418443 -0.0303868062 5.44613551 1 12
-72.0008782 66.1728474 9.62986921 0.99949252 0.0106031496 -0.0300378899 5.44613551 1 12
-71.5002293 66.1812587 9.6149447 0.99929463 0.0232158293 -0.0295172333 5.44613551 1 12
-71.0016234 66.1962387 9.60038002 0.998897259 0.0370620408 -0.0288213746 5.44613551 1 12
-70.5052075 66.2183528 9.58626187 0.998247753 0.0521575326 -0.0279466703 5.44613551 1 12
-70.0111284 66.2481665 9.57267699 0.997287623 0.0685153822 -0.0268893915 5.44613551 1 12
-69.5195332 66.2862453 9.55971209 0.995952486 0.0861448532 -0.0256458424 5.44613551 1 12
-69.0305688 66.3331546 9.54745388 0.994172133 0.105050107 -0.0242125009 5.44613551 1 12
-68.5443821 66.3894598 9.53598909 0.991870767 0.125228777 -0.0225861835 5.44613551 1 12
-68.0611201 66.4557265 9.52540444 0.988967457 0.14667043 -0.0207642339 5.44613551 1 12
-67.5809297 66.53252 9.51578664 0.985376852 0.169354938 -0.0187447367 5.44613551 1 12
-67.1039579 66.6204058 9.50722242 0.981010187 0.19325082 -0.0165267497 5.44613551 1 12
-66.6303516 66.7199494 9.49979849 0.975776645 0.21831361 -0.0141105528 5.44613551 1 12
-66.1602578 66.8317163 9.49360157 0.969585065 0.244484354 -0.011497905 5.44613551 1 12
-65.6938234 66.9562718 9.48871838 0.96234604 0.27168832 -0.00869229714 5.44613551 1 12
-65.2311939 67.0941761 9.485235 0.95400907 0.299723308 -0.00571254064 5.44613551 1 12
-64.7723953 67.2455723 9.48318768 0.945105372 0.326753918 -0.0027772006 5.44613551 1 12
-64.3172506 67.4098932 9.48252787 0.935944313 0.352148041 3.37224531e-05 5.44613551 1 12
-63.8655631 67.586503 9.48319875 0.926654978 0.375903153 0.00271510812 5.44613551 1 12
-63.4171358 67.7747656 9.48514352 0.917356456 0.398031942 0.0052635979 5.44613551 1 12
-62.9717721 67.974045 9.48830536 0.908156983 0.418559378 0.00767737039 5.44613551 1 12
-62.529275 68.1837051 9.49262745 0.899153604 0.437519916 0.00995590821 5.44613551 1 12
-62.0894479 68.4031098 9.49805299 0.890432254 0.45495494 0.0120997681 5.44613551 1 12
-61.652094 68.6316232 9.50452516 0.882068155 0.470910467 0.0141103628 5.44613551 1 12
-61.2170163 68.8686092 9.51198716 0.874126441 0.485435157 0.0159897603 5.44613551 1 12
-60.7840182 69.1134318 9.52038216 0.866662926 0.498578627 0.0177405034 5.44613551 1 12
-60.3529028 69.3654549 9.52965337 0.859724951 0.510390034 0.019365452 5.44613551 1 12
-59.9234733 69.6240425 9.53974396 0.853352263 0.520916938 0.0208676456 5.44613551 1 12
-59.4955329 69.8885586 9.55059712 0.847577873 0.530204374 0.0222501884 5.44613551 1 12
-59.0688849 70.1583671 9.56215604 0.842428872 0.538294144 0.0235161518 5.44613551 1 12
-58.6433324 70.432832 9.57436392 0.83792719 0.545224256 0.024668495 5.44613551 1 12
-58.2186787 70.7113172 9.58716393 0.834090268 0.551028512 0.0257099995 5.44613551 1 12
-193.35066 46.3416412 8.82864718 0.903653838 0.427627602 0.0233318427 5.44613551 2 12
-192.889158 46.5540545 8.840171 0.912566558 0.408334918 0.0220197945 5.44613551 2 12
-192.424997 46.7559722 8.8509908 0.920888236 0.389275683 0.0207195324 5.44613551 2 12
-191.958255 46.9476986 8.86112361 0.928630509 0.370496557 0.0194339979 5.44613551 2 12
-191.489009 47.129538 8.87058645 0.935808139 0.352041368 0.0181659498 5.44613551 2 12
-191.017336 47.3017947 8.87939634 0.942438636 0.333950896 0.0169179489 5.44613551 2 12
-190.543315 47.4647731 8.88757032 0.948541854 0.316262711 0.0156923487 5.44613551 2 12
-190.067023 47.6187776 8.89512542 0.954139598 0.299011087 0.014491289 5.44613551 2 12
-189.588537 47.7641126 8.90207865 0.959255232 0.282226977 0.0133166945 5.44613551 2 12
-189.107936 47.9010822 8.90844704 0.963913298 0.265938034 0.012170276 5.44613551 2 12
-188.625296 48.0299909 8.91424762 0.968139165 0.250168695 0.0110535358 5.44613551 2 12
-188.140696 48.1511431 8.91949742 0.971958694 0.234940292 0.00996777484 5.44613551 2 12
-187.654213 48.2648431 8.92421347 0.975397936 0.220271207 0.0089141025 5.44613551 2 12
-187.165925 48.3713952 8.92841278 0.978482866 0.206177046 0.00789344777 5.44613551 2 12
-186.675909 48.4711037 8.93211238 0.981239138 0.192670841 0.00690657202 5.44613551 2 12
-186.184244 48.5642731 8.93532931 0.983691883 0.179763254 0.00595408239 5.44613551 2 12
-185.691006 48.6512076 8.93808058 0.985865531 0.167462797 0.00503644577 5.44613551 2 12
-185.196273 48.7322117 8.94038323 0.987783663 0.155776055 0.00415400296 5.44613551 2 12
-184.700123 48.8075896 8.94225427 0.989468891 0.144707901 0.00330698269 5.44613551 2 12
-184.202634 48.8776457 8.94371075 0.990942766 0.134261712 0.0024955154 5.44613551 2 12
-183.703883 48.9426843 8.94476967 0.992225698 0.124439574 0.00171964657 5.44613551 2 12
-183.203948 49.0030099 8.94544807 0.993336907 0.115242481 0.000979349291 5.44613551 2 12
-182.702907 49.0589266 8.94576298 0.994294386 0.106670518 0.00027453637 5.44613551 2 12
-182.200837 49.110739 8.94573142 0.995114871 0.0987230346 -0.000394928578 5.44613551 2 12
-181.697815 49.1587512 8.94537042 0.995813838 0.091398804 -0.00102922065 5.44613551 2 12
-181.19392 49.2032678 8.944697 0.996405493 0.0846961714 -0.00162854412 5.44613551 2 12
-180.689229 49.2445929 8.94372818 0.996902782 0.0786131855 -0.00219312368 5.44613551 2 12
-180.18382 49.283031 8.94248101 0.9973174 0.0731477187 -0.0027231965 5.44613551 2 12
-179.67777 49.3188865 8.9409725 0.997659801 0.0682975743 -0.00321900504 5.44613551 2 12
-179.171157 49.3524635 8.93921967 0.997939224 0.0640605803 -0.00368079068 5.44613551 2 12
-178.664059 49.3840666 8.93723956 0.998163698 0.0604346721 -0.00410878799 5.44613551 2 12
-178.156553 49.414 8.9350492 0.998340072 0.0574179629 -0.00450321974 5.44613551 2 12
-177.648717 49.4425681 8.9326656 0.998474021 0.0550088032 -0.00486429252 5.44613551 2 12
-177.140628 49.4700753 8.93010579 0.998570068 0.0532058297 -0.00519219295 5.44613551 2 12
-176.632365 49.4968258 8.9273868 0.998631593 0.0520080042 -0.0054870845 5.44613551 2 12
-176.124004 49.523124 8.92452566 0.998660845 0.0514146416 -0.00574910482 5.44613551 2 12
-175.615624 49.5492743 8.92153939 0.998658943 0.0514254295 -0.00597836358 5.44613551 2 12
-175.107302 49.575581 8.91844502 0.998625887 0.0520404376 -0.00617494085 5.44613551 2 12
-174.599116 49.6023485 8.91525957 0.998560553 0.0532601176 -0.0063388859 5.44613551 2 12
-174.091143 49.6298811 8.91200008 0.998460689 0.055085294 -0.00647021649 5.44613551 2 12
-173.583461 49.6584831 8.90868356 0.998322907 0.0575171452 -0.00656891866 5.44613551 2 12
-173.076147 49.688459 8.90532704 0.998142678 0.0605571752 -0.00663494694 5.44613551 2 12
-172.56928 49.7201129 8.90194756 0.997914312 0.0642071746 -0.00666822509 5.44613551 2 12
-172.062937 49.7537494 8.89856213 0.997630945 0.0684691725 -0.00666864727 5.44613551 2 12
-171.557195 49.7896727 8.89518778 0.997284522 0.0733453759 -0.00663607981 5.44613551 2 12
-171.052133 49.8281871 8.89184154 0.99686578 0.0788380999 -0.00657036344 5.44613551 2 12
-57.7947269 70.9931867 9.60049926 0.830931648 0.555736211 0.0266432171 5.44613551 2 12
-57.3712803 71.2778045 9.61431311 0.82846148 0.559371926 0.0274704282 5.44613551 2 12
-56.9481419 71.5645346 9.62854866 0.826686932 0.561955369 0.0281936096 5.44613551 2 12
-56.5251152 71.8527408 9.6431491 0.825612511 0.563501296 0.0288144094 5.44613551 2 12
-56.1020032 72.1417872 9.65805761 0.825240298 0.564019468 0.0293341284 5.44613551 2 12
-55.6786091 72.4310377 9.67321739 0.825570091 0.563514633 0.0297537071 5.44613551 2 12
-55.2547362 72.7198564 9.68857162 0.826599472 0.561986551 0.0300737166 5.44613551 2 12
-54.8301876 73.007607 9.70406349 0.828323779 0.559430039 0.0302943547 5.44613551 2 12
-54.4047666 73.2936537 9.7196362 0.830736001 0.555835046 0.0304154452 5.44613551 2 12
-53.9782764 73.5773604 9.73523291 0.833826587 0.551186761 0.0304364414 5.44613551 2 12
-53.5505201 73.858091 9.75079683 0.837583182 0.545465764 0.0303564347 5.44613551 2 12
-53.121301 74.1352095 9.76627115 0.841990271 0.538648219 0.0301741668 5.44613551 2 12
-52.6904222 74.4080798 9.78159904 0.847028751 0.530706133 0.0298880491 5.44613551 2 12
-52.257687 74.676066 9.7967237 0.852675428 0.521607696 0.0294961881 5.44613551 2 12
-51.8228986 74.938532 9.81158832 0.858902444 0.511317709 0.028996419 5.44613551 2 12
-51.3858602 75.1948418 9.82613608 0.865676639 0.499798131 0.0283863494 5.44613551 2 12
-50.9463749 75.4443592 9.84031018 0.872958871 0.487008772 0.0276634138 5.44613551 2 12
-50.504246 75.6864484 9.85405379 0.880703305 0.472908142 0.0268249414 5.44613551 2 12
-50.0592767 75.9204732 9.86731011 0.888856696 0.457454487 0.0258682385 5.44613551 2 12
-49.6112701 76.1457976 9.88002232 0.897357709 0.44060704 0.0247906874 5.44613551 2 12
-49.1600296 76.3617855 9.89213362 0.906136309 0.422327489 0.0235898622 5.44613551 2 12
-48.7053582 76.567801 9.90358719 0.915113281 0.402581684 0.0222636629 5.44613551 2 12
-48.2470592 76.763208 9.91432622 0.92419994 0.381341573 0.0208104664 5.44613551 2 12
-47.7849358 76.9473705 9.9242939 0.933298106 0.358587338 0.0192292938 5.44613551 2 12
-47.3187912 77.1196524 9.93343341 0.942300414 0.334309707 0.0175199886 5.44613551 2 12
-46.8484286 77.2794176 9.94168795 0.951091034 0.30851236 0.0156834019 5.44613551 2 12
-46.3736512 77.4260302 9.94900069 0.959546882 0.28121433 0.0137215771 5.44613551 2 12
-45.8942621 77.5588541 9.95531484 0.967539355 0.252452282 0.0116379226 5.44613551 2 12
-45.4100647 77.6772533 9.96057357 0.974936622 0.222282521 0.00943736199 5.44613551 2 12
-44.9208621 77.7805917 9.96472007 0.981606457 0.190782537 0.00712644843 5.44613551 2 12
-44.4264575 77.8682334 9.96769754 0.987419551 0.158051936 0.0047134296 5.44613551 2 12
-43.926654 77.9395422 9.96944916 0.992253173 0.124212576 0.00220825052 5.44613551 2 12
-43.421255 77.9938821 9.96991812 0.995995033 0.0894077824 -0.000377515286 5.44613551 2 12
-42.9100636 78.0306171 9.9690476 0.998547102 0.0538005516 -0.00303081195 5.44613551 2 12
-42.392883 78.0491111 9.9667808 0.999829161 0.0175707535 -0.00573732482 5.44613551 2 12
-41.8695165 78.0487282 9.9630609 0.999781818 -0.0190886068 -0.00848177479 5.44613551 2 12
-41.3397671 78.0288322 9.95783108 0.998368757 -0.0559758939 -0.0112482701 5.44613551 2 12
-40.8034381 77.9887872 9.95103455 0.99557804 -0.0928858781 -0.014020697 5.44613551 2 12
-40.2603328 77.9279571 9.94261448 0.991422351 -0.129615003 -0.0167831254 5.44613551 2 12
-39.7102543 77.8457059 9.93251407 0.985938163 -0.165966564 -0.0195202061 5.44613551 2 12
-39.1530058 77.7413974 9.9206765 0.979183897 -0.201755489 -0.022217534 5.44613551 2 12
-38.5883906 77.6143958 9.90704496 0.971237225 -0.236812449 -0.024861959 5.44613551 2 12
-38.0162118 77.4640649 9.89156263 0.962191736 -0.270987102 -0.027441828 5.44613551 2 12
-37.4362726 77.2897688 9.87417271 0.952153209 -0.304150347 -0.029947151 5.44613551 2 12
