parent_id,traversal_id,sequence_index,identity,traversal_arc_m,emission_arc_m,boundary_traversal_arc_m,metres_before_confirmation,metres_after_boundary,before_closed_confirmation,at_closed_confirmation,boundary_inside_five_frame_history
S01_flat_tree_small_C01,S01_flat_tree_small_C01:edge_0054:d0,7,S01_flat_tree_small_C01:node:node_0054,11.0,16.0,8.5,5.0,2.5,True,False,True
S01_flat_tree_small_C01,S01_flat_tree_small_C01:edge_0054:d0,8,S01_flat_tree_small_C01:node:node_0054,12.0,16.0,8.5,4.0,3.5,True,False,True
S01_flat_tree_small_C01,S01_flat_tree_small_C01:edge_0054:d0,9,S01_flat_tree_small_C01:node:node_0054,13.0,16.0,8.5,3.0,4.5,True,False,False
S01_flat_tree_small_C01,S01_flat_tree_small_C01:edge_0054:d0,10,S01_flat_tree_small_C01:node:node_0054,14.0,16.0,8.5,2.0,5.5,True,False,False
S01_flat_tree_small_C01,S01_flat_tree_small_C01:edge_0054:d0,11,S01_flat_tree_small_C01:node:node_0054,15.0,16.0,8.5,1.0,6.5,True,False,False
S01_flat_tree_small_C01,S01_flat_tree_small_C01:edge_0054:d0,12,S01_flat_tree_small_C01:node:node_0054,16.0,16.0,8.5,0.0,7.5,False,True,False
S01_flat_tree_small_C01,S01_flat_tree_small_C01:edge_0054:d1,12,S01_flat_tree_small_C01:node:node_0054,16.0,21.0,13.5,5.0,2.5,True,False,True
S01_flat_tree_small_C01,S01_flat_tree_small_C01:edge_0054:d1,13,S01_flat_tree_small_C01:node:node_0054,17.0,21.0,13.5,4.0,3.5,True,False,True
S01_flat_tree_small_C01,S01_flat_tree_small_C01:edge_0054:d1,14,S01_flat_tree_small_C01:node:node_0054,18.0,21.0,13.5,3.0,4.5,True,False,False
S01_flat_tree_small_C01,S01_flat_tree_small_C01:edge_0054:d1,15,S01_flat_tree_small_C01:node:node_0054,19.0,21.0,13.5,2.0,5.5,True,False,False
S01_flat_tree_small_C01,S01_flat_tree_small_C01:edge_0054:d1,16,S01_flat_tree_small_C01:node:node_0054,20.0,21.0,13.5,1.0,6.5,True,False,False
S01_flat_tree_small_C01,S01_flat_tree_small_C01:edge_0054:d1,17,S01_flat_tree_small_C01:node:node_0054,21.0,21.0,13.5,0.0,7.5,False,True,False
S01_flat_tree_small_C03,S01_flat_tree_small_C03:edge_0035:d0,14,S01_flat_tree_small_C03:node:node_0035,18.0,22.0,15.0,4.0,3.0,True,False,True
S01_flat_tree_small_C03,S01_flat_tree_small_C03:edge_0035:d0,15,S01_flat_tree_small_C03:node:node_0035,19.0,22.0,15.0,3.0,4.0,True,False,True
S01_flat_tree_small_C03,S01_flat_tree_small_C03:edge_0035:d0,16,S01_flat_tree_small_C03:node:node_0035,20.0,22.0,15.0,2.0,5.0,True,False,False
S01_flat_tree_small_C03,S01_flat_tree_small_C03:edge_0035:d0,17,S01_flat_tree_small_C03:node:node_0035,21.0,22.0,15.0,1.0,6.0,True,False,False
S01_flat_tree_small_C03,S01_flat_tree_small_C03:edge_0035:d0,18,S01_flat_tree_small_C03:node:node_0035,22.0,22.0,15.0,0.0,7.0,False,True,False
S01_flat_tree_small_C03,S01_flat_tree_small_C03:edge_0035:d1,6,S01_flat_tree_small_C03:node:node_0035,10.0,15.0,7.5,5.0,2.5,True,False,True
S01_flat_tree_small_C03,S01_flat_tree_small_C03:edge_0035:d1,7,S01_flat_tree_small_C03:node:node_0035,11.0,15.0,7.5,4.0,3.5,True,False,True
S01_flat_tree_small_C03,S01_flat_tree_small_C03:edge_0035:d1,8,S01_flat_tree_small_C03:node:node_0035,12.0,15.0,7.5,3.0,4.5,True,False,False
S01_flat_tree_small_C03,S01_flat_tree_small_C03:edge_0035:d1,9,S01_flat_tree_small_C03:node:node_0035,13.0,15.0,7.5,2.0,5.5,True,False,False
S01_flat_tree_small_C03,S01_flat_tree_small_C03:edge_0035:d1,10,S01_flat_tree_small_C03:node:node_0035,14.0,15.0,7.5,1.0,6.5,True,False,False
S01_flat_tree_small_C03,S01_flat_tree_small_C03:edge_0035:d1,11,S01_flat_tree_small_C03:node:node_0035,15.0,15.0,7.5,0.0,7.5,False,True,False
S01_flat_tree_small_C05,S01_flat_tree_small_C05:edge_0004:d1,9,S01_flat_tree_small_C05:edge_0004:geometry_change_point:000,13.0,18.0,10.5,5.0,2.5,True,False,True
S01_flat_tree_small_C05,S01_flat_tree_small_C05:edge_0004:d1,10,S01_flat_tree_small_C05:edge_0004:geometry_change_point:000,14.0,18.0,10.5,4.0,3.5,True,False,True
S01_flat_tree_small_C05,S01_flat_tree_small_C05:edge_0004:d1,11,S01_flat_tree_small_C05:edge_0004:geometry_change_point:000,15.0,18.0,10.5,3.0,4.5,True,False,False
S01_flat_tree_small_C05,S01_flat_tree_small_C05:edge_0004:d1,12,S01_flat_tree_small_C05:edge_0004:geometry_change_point:000,16.0,18.0,10.5,2.0,5.5,True,False,False
S01_flat_tree_small_C05,S01_flat_tree_small_C05:edge_0004:d1,13,S01_flat_tree_small_C05:edge_0004:geometry_change_point:000,17.0,18.0,10.5,1.0,6.5,True,False,False
S01_flat_tree_small_C05,S01_flat_tree_small_C05:edge_0004:d1,14,S01_flat_tree_small_C05:edge_0004:geometry_change_point:000,18.0,18.0,10.5,0.0,7.5,False,True,False
S01_flat_tree_small_C05,S01_flat_tree_small_C05:edge_0010:d0,9,S01_flat_tree_small_C05:node:node_0012,13.0,18.0,10.5,5.0,2.5,True,False,True
S01_flat_tree_small_C05,S01_flat_tree_small_C05:edge_0010:d0,10,S01_flat_tree_small_C05:node:node_0012,14.0,18.0,10.5,4.0,3.5,True,False,True
S01_flat_tree_small_C05,S01_flat_tree_small_C05:edge_0010:d0,11,S01_flat_tree_small_C05:node:node_0012,15.0,18.0,10.5,3.0,4.5,True,False,False
S01_flat_tree_small_C05,S01_flat_tree_small_C05:edge_0010:d0,12,S01_flat_tree_small_C05:node:node_0012,16.0,18.0,10.5,2.0,5.5,True,False,False
S01_flat_tree_small_C05,S01_flat_tree_small_C05:edge_0010:d0,13,S01_flat_tree_small_C05:node:node_0012,17.0,18.0,10.5,1.0,6.5,True,False,False
S01_flat_tree_small_C05,S01_flat_tree_small_C05:edge_0010:d0,14,S01_flat_tree_small_C05:node:node_0012,18.0,18.0,10.5,0.0,7.5,False,True,False
S01_flat_tree_small_C05,S01_flat_tree_small_C05:edge_0010:d1,6,S01_flat_tree_small_C05:node:node_0012,10.0,15.0,7.5,5.0,2.5,True,False,True
S01_flat_tree_small_C05,S01_flat_tree_small_C05:edge_0010:d1,7,S01_flat_tree_small_C05:node:node_0012,11.0,15.0,7.5,4.0,3.5,True,False,True
S01_flat_tree_small_C05,S01_flat_tree_small_C05:edge_0010:d1,8,S01_flat_tree_small_C05:node:node_0012,12.0,15.0,7.5,3.0,4.5,True,False,False
S01_flat_tree_small_C05,S01_flat_tree_small_C05:edge_0010:d1,9,S01_flat_tree_small_C05:node:node_0012,13.0,15.0,7.5,2.0,5.5,True,False,False
S01_flat_tree_small_C05,S01_flat_tree_small_C05:edge_0010:d1,10,S01_flat_tree_small_C05:node:node_0012,14.0,15.0,7.5,1.0,6.5,True,False,False
S01_flat_tree_small_C05,S01_flat_tree_small_C05:edge_0010:d1,11,S01_flat_tree_small_C05:node:node_0012,15.0,15.0,7.5,0.0,7.5,False,True,False
S01_flat_tree_small_C05,S01_flat_tree_small_C05:edge_0013:d0,13,S01_flat_tree_small_C05:node:node_0016,17.0,22.0,14.5,5.0,2.5,True,False,True
S01_flat_tree_small_C05,S01_flat_tree_small_C05:edge_0013:d0,14,S01_flat_tree_small_C05:node:node_0016,18.0,22.0,14.5,4.0,3.5,True,False,True
S01_flat_tree_small_C05,S01_flat_tree_small_C05:edge_0013:d0,15,S01_flat_tree_small_C05:node:node_0016,19.0,22.0,14.5,3.0,4.5,True,False,False
S01_flat_tree_small_C05,S01_flat_tree_small_C05:edge_0013:d0,16,S01_flat_tree_small_C05:node:node_0016,20.0,22.0,14.5,2.0,5.5,True,False,False
S01_flat_tree_small_C05,S01_flat_tree_small_C05:edge_0013:d0,17,S01_flat_tree_small_C05:node:node_0016,21.0,22.0,14.5,1.0,6.5,True,False,False
S01_flat_tree_small_C05,S01_flat_tree_small_C05:edge_0013:d0,18,S01_flat_tree_small_C05:node:node_0016,22.0,22.0,14.5,0.0,7.5,False,True,False
S01_flat_tree_small_C05,S01_flat_tree_small_C05:edge_0013:d1,6,S01_flat_tree_small_C05:node:node_0016,10.0,15.0,7.5,5.0,2.5,True,False,True
S01_flat_tree_small_C05,S01_flat_tree_small_C05:edge_0013:d1,7,S01_flat_tree_small_C05:node:node_0016,11.0,15.0,7.5,4.0,3.5,True,False,True
S01_flat_tree_small_C05,S01_flat_tree_small_C05:edge_0013:d1,8,S01_flat_tree_small_C05:node:node_0016,12.0,15.0,7.5,3.0,4.5,True,False,False
S01_flat_tree_small_C05,S01_flat_tree_small_C05:edge_0013:d1,9,S01_flat_tree_small_C05:node:node_0016,13.0,15.0,7.5,2.0,5.5,True,False,False
S01_flat_tree_small_C05,S01_flat_tree_small_C05:edge_0013:d1,10,S01_flat_tree_small_C05:node:node_0016,14.0,15.0,7.5,1.0,6.5,True,False,False
S01_flat_tree_small_C05,S01_flat_tree_small_C05:edge_0013:d1,11,S01_flat_tree_small_C05:node:node_0016,15.0,15.0,7.5,0.0,7.5,False,True,False
S01_flat_tree_small_C08,S01_flat_tree_small_C08:edge_0003:d0,8,S01_flat_tree_small_C08:node:node_0001,12.0,18.0,10.0,6.0,2.0,True,False,True
S01_flat_tree_small_C08,S01_flat_tree_small_C08:edge_0003:d0,9,S01_flat_tree_small_C08:node:node_0001,13.0,18.0,10.0,5.0,3.0,True,False,True
S01_flat_tree_small_C08,S01_flat_tree_small_C08:edge_0003:d0,10,S01_flat_tree_small_C08:node:node_0001,14.0,18.0,10.0,4.0,4.0,True,False,True
S01_flat_tree_small_C08,S01_flat_tree_small_C08:edge_0003:d0,11,S01_flat_tree_small_C08:node:node_0001,15.0,18.0,10.0,3.0,5.0,True,False,False
S01_flat_tree_small_C08,S01_flat_tree_small_C08:edge_0003:d0,12,S01_flat_tree_small_C08:node:node_0001,16.0,18.0,10.0,2.0,6.0,True,False,False
S01_flat_tree_small_C08,S01_flat_tree_small_C08:edge_0003:d0,13,S01_flat_tree_small_C08:node:node_0001,17.0,18.0,10.0,1.0,7.0,True,False,False
S01_flat_tree_small_C08,S01_flat_tree_small_C08:edge_0003:d0,14,S01_flat_tree_small_C08:node:node_0001,18.0,18.0,10.0,0.0,8.0,False,True,False
S01_flat_tree_small_C08,S01_flat_tree_small_C08:edge_0003:d1,10,S01_flat_tree_small_C08:node:node_0001,14.0,20.0,12.0,6.0,2.0,True,False,True
S01_flat_tree_small_C08,S01_flat_tree_small_C08:edge_0003:d1,11,S01_flat_tree_small_C08:node:node_0001,15.0,20.0,12.0,5.0,3.0,True,False,True
S01_flat_tree_small_C08,S01_flat_tree_small_C08:edge_0003:d1,12,S01_flat_tree_small_C08:node:node_0001,16.0,20.0,12.0,4.0,4.0,True,False,True
S01_flat_tree_small_C08,S01_flat_tree_small_C08:edge_0003:d1,13,S01_flat_tree_small_C08:node:node_0001,17.0,20.0,12.0,3.0,5.0,True,False,False
S01_flat_tree_small_C08,S01_flat_tree_small_C08:edge_0003:d1,14,S01_flat_tree_small_C08:node:node_0001,18.0,20.0,12.0,2.0,6.0,True,False,False
S01_flat_tree_small_C08,S01_flat_tree_small_C08:edge_0003:d1,15,S01_flat_tree_small_C08:node:node_0001,19.0,20.0,12.0,1.0,7.0,True,False,False
S01_flat_tree_small_C08,S01_flat_tree_small_C08:edge_0003:d1,16,S01_flat_tree_small_C08:node:node_0001,20.0,20.0,12.0,0.0,8.0,False,True,False
S01_flat_tree_small_C08,S01_flat_tree_small_C08:edge_0008:d0,14,S01_flat_tree_small_C08:edge_0008:geometry_change_point:000,18.0,24.0,16.0,6.0,2.0,True,False,True
S01_flat_tree_small_C08,S01_flat_tree_small_C08:edge_0008:d0,15,S01_flat_tree_small_C08:edge_0008:geometry_change_point:000,19.0,24.0,16.0,5.0,3.0,True,False,True
S01_flat_tree_small_C08,S01_flat_tree_small_C08:edge_0008:d0,16,S01_flat_tree_small_C08:edge_0008:geometry_change_point:000,20.0,24.0,16.0,4.0,4.0,True,False,True
S01_flat_tree_small_C08,S01_flat_tree_small_C08:edge_0008:d0,17,S01_flat_tree_small_C08:edge_0008:geometry_change_point:000,21.0,24.0,16.0,3.0,5.0,True,False,False
S01_flat_tree_small_C08,S01_flat_tree_small_C08:edge_0008:d0,18,S01_flat_tree_small_C08:edge_0008:geometry_change_point:000,22.0,24.0,16.0,2.0,6.0,True,False,False
S01_flat_tree_small_C08,S01_flat_tree_small_C08:edge_0008:d0,19,S01_flat_tree_small_C08:edge_0008:geometry_change_point:000,23.0,24.0,16.0,1.0,7.0,True,False,False
S01_flat_tree_small_C08,S01_flat_tree_small_C08:edge_0008:d0,20,S01_flat_tree_small_C08:edge_0008:geometry_change_point:000,24.0,24.0,16.0,0.0,8.0,False,True,False
S01_flat_tree_small_C08,S01_flat_tree_small_C08:edge_0008:d1,8,S01_flat_tree_small_C08:edge_0008:geometry_change_point:000,12.0,18.0,10.0,6.0,2.0,True,False,True
S01_flat_tree_small_C08,S01_flat_tree_small_C08:edge_0008:d1,9,S01_flat_tree_small_C08:edge_0008:geometry_change_point:000,13.0,18.0,10.0,5.0,3.0,True,False,True
S01_flat_tree_small_C08,S01_flat_tree_small_C08:edge_0008:d1,10,S01_flat_tree_small_C08:edge_0008:geometry_change_point:000,14.0,18.0,10.0,4.0,4.0,True,False,True
S01_flat_tree_small_C08,S01_flat_tree_small_C08:edge_0008:d1,11,S01_flat_tree_small_C08:edge_0008:geometry_change_point:000,15.0,18.0,10.0,3.0,5.0,True,False,False
S01_flat_tree_small_C08,S01_flat_tree_small_C08:edge_0008:d1,12,S01_flat_tree_small_C08:edge_0008:geometry_change_point:000,16.0,18.0,10.0,2.0,6.0,True,False,False
S01_flat_tree_small_C08,S01_flat_tree_small_C08:edge_0008:d1,13,S01_flat_tree_small_C08:edge_0008:geometry_change_point:000,17.0,18.0,10.0,1.0,7.0,True,False,False
S01_flat_tree_small_C08,S01_flat_tree_small_C08:edge_0008:d1,14,S01_flat_tree_small_C08:edge_0008:geometry_change_point:000,18.0,18.0,10.0,0.0,8.0,False,True,False
S02_3d_tree_small_C01,S02_3d_tree_small_C01:edge_0013:d0,8,S02_3d_tree_small_C01:node:node_0016,12.0,18.0,10.0,6.0,2.0,True,False,True
S02_3d_tree_small_C01,S02_3d_tree_small_C01:edge_0013:d0,9,S02_3d_tree_small_C01:node:node_0016,13.0,18.0,10.0,5.0,3.0,True,False,True
S02_3d_tree_small_C01,S02_3d_tree_small_C01:edge_0013:d0,10,S02_3d_tree_small_C01:node:node_0016,14.0,18.0,10.0,4.0,4.0,True,False,True
S02_3d_tree_small_C01,S02_3d_tree_small_C01:edge_0013:d0,11,S02_3d_tree_small_C01:node:node_0016,15.0,18.0,10.0,3.0,5.0,True,False,False
S02_3d_tree_small_C01,S02_3d_tree_small_C01:edge_0013:d0,12,S02_3d_tree_small_C01:node:node_0016,16.0,18.0,10.0,2.0,6.0,True,False,False
S02_3d_tree_small_C01,S02_3d_tree_small_C01:edge_0013:d0,13,S02_3d_tree_small_C01:node:node_0016,17.0,18.0,10.0,1.0,7.0,True,False,False
S02_3d_tree_small_C01,S02_3d_tree_small_C01:edge_0013:d0,14,S02_3d_tree_small_C01:node:node_0016,18.0,18.0,10.0,0.0,8.0,False,True,False
S02_3d_tree_small_C01,S02_3d_tree_small_C01:edge_0013:d1,7,S02_3d_tree_small_C01:node:node_0016,11.0,17.0,9.0,6.0,2.0,True,False,True
S02_3d_tree_small_C01,S02_3d_tree_small_C01:edge_0013:d1,8,S02_3d_tree_small_C01:node:node_0016,12.0,17.0,9.0,5.0,3.0,True,False,True
S02_3d_tree_small_C01,S02_3d_tree_small_C01:edge_0013:d1,9,S02_3d_tree_small_C01:node:node_0016,13.0,17.0,9.0,4.0,4.0,True,False,True
S02_3d_tree_small_C01,S02_3d_tree_small_C01:edge_0013:d1,10,S02_3d_tree_small_C01:node:node_0016,14.0,17.0,9.0,3.0,5.0,True,False,False
S02_3d_tree_small_C01,S02_3d_tree_small_C01:edge_0013:d1,11,S02_3d_tree_small_C01:node:node_0016,15.0,17.0,9.0,2.0,6.0,True,False,False
S02_3d_tree_small_C01,S02_3d_tree_small_C01:edge_0013:d1,12,S02_3d_tree_small_C01:node:node_0016,16.0,17.0,9.0,1.0,7.0,True,False,False
S02_3d_tree_small_C01,S02_3d_tree_small_C01:edge_0013:d1,13,S02_3d_tree_small_C01:node:node_0016,17.0,17.0,9.0,0.0,8.0,False,True,False
S02_3d_tree_small_C01,S02_3d_tree_small_C01:edge_0054:d1,7,S02_3d_tree_small_C01:node:node_0054,11.0,18.0,9.5,7.0,1.5,True,False,True
S02_3d_tree_small_C01,S02_3d_tree_small_C01:edge_0054:d1,8,S02_3d_tree_small_C01:node:node_0054,12.0,18.0,9.5,6.0,2.5,True,False,True
S02_3d_tree_small_C01,S02_3d_tree_small_C01:edge_0054:d1,9,S02_3d_tree_small_C01:node:node_0054,13.0,18.0,9.5,5.0,3.5,True,False,True
S02_3d_tree_small_C01,S02_3d_tree_small_C01:edge_0054:d1,10,S02_3d_tree_small_C01:node:node_0054,14.0,18.0,9.5,4.0,4.5,True,False,False
S02_3d_tree_small_C01,S02_3d_tree_small_C01:edge_0054:d1,11,S02_3d_tree_small_C01:node:node_0054,15.0,18.0,9.5,3.0,5.5,True,False,False
S02_3d_tree_small_C01,S02_3d_tree_small_C01:edge_0054:d1,12,S02_3d_tree_small_C01:node:node_0054,16.0,18.0,9.5,2.0,6.5,True,False,False
S02_3d_tree_small_C01,S02_3d_tree_small_C01:edge_0054:d1,13,S02_3d_tree_small_C01:node:node_0054,17.0,18.0,9.5,1.0,7.5,True,False,False
S02_3d_tree_small_C01,S02_3d_tree_small_C01:edge_0054:d1,14,S02_3d_tree_small_C01:node:node_0054,18.0,18.0,9.5,0.0,8.5,False,True,False
S02_3d_tree_small_C03,S02_3d_tree_small_C03:edge_0001:d0,7,S02_3d_tree_small_C03:node:node_0001,11.0,18.0,9.5,7.0,1.5,True,False,True
S02_3d_tree_small_C03,S02_3d_tree_small_C03:edge_0001:d0,8,S02_3d_tree_small_C03:node:node_0001,12.0,18.0,9.5,6.0,2.5,True,False,True
S02_3d_tree_small_C03,S02_3d_tree_small_C03:edge_0001:d0,9,S02_3d_tree_small_C03:node:node_0001,13.0,18.0,9.5,5.0,3.5,True,False,True
S02_3d_tree_small_C03,S02_3d_tree_small_C03:edge_0001:d0,10,S02_3d_tree_small_C03:node:node_0001,14.0,18.0,9.5,4.0,4.5,True,False,False
S02_3d_tree_small_C03,S02_3d_tree_small_C03:edge_0001:d0,11,S02_3d_tree_small_C03:node:node_0001,15.0,18.0,9.5,3.0,5.5,True,False,False
S02_3d_tree_small_C03,S02_3d_tree_small_C03:edge_0001:d0,12,S02_3d_tree_small_C03:node:node_0001,16.0,18.0,9.5,2.0,6.5,True,False,False
S02_3d_tree_small_C03,S02_3d_tree_small_C03:edge_0001:d0,13,S02_3d_tree_small_C03:node:node_0001,17.0,18.0,9.5,1.0,7.5,True,False,False
S02_3d_tree_small_C03,S02_3d_tree_small_C03:edge_0001:d0,14,S02_3d_tree_small_C03:node:node_0001,18.0,18.0,9.5,0.0,8.5,False,True,False
S02_3d_tree_small_C03,S02_3d_tree_small_C03:edge_0001:d1,10,S02_3d_tree_small_C03:node:node_0001,14.0,22.0,13.0,8.0,1.0,True,False,True
S02_3d_tree_small_C03,S02_3d_tree_small_C03:edge_0001:d1,11,S02_3d_tree_small_C03:node:node_0001,15.0,22.0,13.0,7.0,2.0,True,False,True
S02_3d_tree_small_C03,S02_3d_tree_small_C03:edge_0001:d1,12,S02_3d_tree_small_C03:node:node_0001,16.0,22.0,13.0,6.0,3.0,True,False,True
S02_3d_tree_small_C03,S02_3d_tree_small_C03:edge_0001:d1,13,S02_3d_tree_small_C03:node:node_0001,17.0,22.0,13.0,5.0,4.0,True,False,True
S02_3d_tree_small_C03,S02_3d_tree_small_C03:edge_0001:d1,14,S02_3d_tree_small_C03:node:node_0001,18.0,22.0,13.0,4.0,5.0,True,False,False
S02_3d_tree_small_C03,S02_3d_tree_small_C03:edge_0001:d1,15,S02_3d_tree_small_C03:node:node_0001,19.0,22.0,13.0,3.0,6.0,True,False,False
S02_3d_tree_small_C03,S02_3d_tree_small_C03:edge_0001:d1,16,S02_3d_tree_small_C03:node:node_0001,20.0,22.0,13.0,2.0,7.0,True,False,False
S02_3d_tree_small_C03,S02_3d_tree_small_C03:edge_0001:d1,17,S02_3d_tree_small_C03:node:node_0001,21.0,22.0,13.0,1.0,8.0,True,False,False
S02_3d_tree_small_C03,S02_3d_tree_small_C03:edge_0001:d1,18,S02_3d_tree_small_C03:node:node_0001,22.0,22.0,13.0,0.0,9.0,False,True,False
S02_3d_tree_small_C06,S02_3d_tree_small_C06:edge_0057:d0,12,S02_3d_tree_small_C06:node:node_0058,16.0,21.0,13.5,5.0,2.5,True,False,True
S02_3d_tree_small_C06,S02_3d_tree_small_C06:edge_0057:d0,13,S02_3d_tree_small_C06:node:node_0058,17.0,21.0,13.5,4.0,3.5,True,False,True
S02_3d_tree_small_C06,S02_3d_tree_small_C06:edge_0057:d0,14,S02_3d_tree_small_C06:node:node_0058,18.0,21.0,13.5,3.0,4.5,True,False,False
S02_3d_tree_small_C06,S02_3d_tree_small_C06:edge_0057:d0,15,S02_3d_tree_small_C06:node:node_0058,19.0,21.0,13.5,2.0,5.5,True,False,False
S02_3d_tree_small_C06,S02_3d_tree_small_C06:edge_0057:d0,16,S02_3d_tree_small_C06:node:node_0058,20.0,21.0,13.5,1.0,6.5,True,False,False
S02_3d_tree_small_C06,S02_3d_tree_small_C06:edge_0057:d0,17,S02_3d_tree_small_C06:node:node_0058,21.0,21.0,13.5,0.0,7.5,False,True,False
S02_3d_tree_small_C06,S02_3d_tree_small_C06:edge_0057:d1,5,S02_3d_tree_small_C06:node:node_0058,9.0,16.0,7.5,7.0,1.5,True,False,True
S02_3d_tree_small_C06,S02_3d_tree_small_C06:edge_0057:d1,6,S02_3d_tree_small_C06:node:node_0058,10.0,16.0,7.5,6.0,2.5,True,False,True
S02_3d_tree_small_C06,S02_3d_tree_small_C06:edge_0057:d1,7,S02_3d_tree_small_C06:node:node_0058,11.0,16.0,7.5,5.0,3.5,True,False,True
S02_3d_tree_small_C06,S02_3d_tree_small_C06:edge_0057:d1,8,S02_3d_tree_small_C06:node:node_0058,12.0,16.0,7.5,4.0,4.5,True,False,False
S02_3d_tree_small_C06,S02_3d_tree_small_C06:edge_0057:d1,9,S02_3d_tree_small_C06:node:node_0058,13.0,16.0,7.5,3.0,5.5,True,False,False
S02_3d_tree_small_C06,S02_3d_tree_small_C06:edge_0057:d1,10,S02_3d_tree_small_C06:node:node_0058,14.0,16.0,7.5,2.0,6.5,True,False,False
S02_3d_tree_small_C06,S02_3d_tree_small_C06:edge_0057:d1,11,S02_3d_tree_small_C06:node:node_0058,15.0,16.0,7.5,1.0,7.5,True,False,False
S02_3d_tree_small_C06,S02_3d_tree_small_C06:edge_0057:d1,12,S02_3d_tree_small_C06:node:node_0058,16.0,16.0,7.5,0.0,8.5,False,True,False
S03_flat_unicyclic_small_C02,S03_flat_unicyclic_small_C02:edge_0037:d0,9,S03_flat_unicyclic_small_C02:node:node_0039,13.0,18.0,10.5,5.0,2.5,True,False,True
S03_flat_unicyclic_small_C02,S03_flat_unicyclic_small_C02:edge_0037:d0,10,S03_flat_unicyclic_small_C02:node:node_0039,14.0,18.0,10.5,4.0,3.5,True,False,True
S03_flat_unicyclic_small_C02,S03_flat_unicyclic_small_C02:edge_0037:d0,11,S03_flat_unicyclic_small_C02:node:node_0039,15.0,18.0,10.5,3.0,4.5,True,False,False
S03_flat_unicyclic_small_C02,S03_flat_unicyclic_small_C02:edge_0037:d0,12,S03_flat_unicyclic_small_C02:node:node_0039,16.0,18.0,10.5,2.0,5.5,True,False,False
S03_flat_unicyclic_small_C02,S03_flat_unicyclic_small_C02:edge_0037:d0,13,S03_flat_unicyclic_small_C02:node:node_0039,17.0,18.0,10.5,1.0,6.5,True,False,False
S03_flat_unicyclic_small_C02,S03_flat_unicyclic_small_C02:edge_0037:d0,14,S03_flat_unicyclic_small_C02:node:node_0039,18.0,18.0,10.5,0.0,7.5,False,True,False
S03_flat_unicyclic_small_C02,S03_flat_unicyclic_small_C02:edge_0037:d1,8,S03_flat_unicyclic_small_C02:node:node_0039,12.0,17.0,9.5,5.0,2.5,True,False,True
S03_flat_unicyclic_small_C02,S03_flat_unicyclic_small_C02:edge_0037:d1,9,S03_flat_unicyclic_small_C02:node:node_0039,13.0,17.0,9.5,4.0,3.5,True,False,True
S03_flat_unicyclic_small_C02,S03_flat_unicyclic_small_C02:edge_0037:d1,10,S03_flat_unicyclic_small_C02:node:node_0039,14.0,17.0,9.5,3.0,4.5,True,False,False
S03_flat_unicyclic_small_C02,S03_flat_unicyclic_small_C02:edge_0037:d1,11,S03_flat_unicyclic_small_C02:node:node_0039,15.0,17.0,9.5,2.0,5.5,True,False,False
S03_flat_unicyclic_small_C02,S03_flat_unicyclic_small_C02:edge_0037:d1,12,S03_flat_unicyclic_small_C02:node:node_0039,16.0,17.0,9.5,1.0,6.5,True,False,False
S03_flat_unicyclic_small_C02,S03_flat_unicyclic_small_C02:edge_0037:d1,13,S03_flat_unicyclic_small_C02:node:node_0039,17.0,17.0,9.5,0.0,7.5,False,True,False
S03_flat_unicyclic_small_C05,S03_flat_unicyclic_small_C05:edge_0046:d0,8,S03_flat_unicyclic_small_C05:edge_0046:geometry_change_point:000,12.0,18.0,10.0,6.0,2.0,True,False,True
S03_flat_unicyclic_small_C05,S03_flat_unicyclic_small_C05:edge_0046:d0,9,S03_flat_unicyclic_small_C05:edge_0046:geometry_change_point:000,13.0,18.0,10.0,5.0,3.0,True,False,True
S03_flat_unicyclic_small_C05,S03_flat_unicyclic_small_C05:edge_0046:d0,10,S03_flat_unicyclic_small_C05:edge_0046:geometry_change_point:000,14.0,18.0,10.0,4.0,4.0,True,False,True
S03_flat_unicyclic_small_C05,S03_flat_unicyclic_small_C05:edge_0046:d0,11,S03_flat_unicyclic_small_C05:edge_0046:geometry_change_point:000,15.0,18.0,10.0,3.0,5.0,True,False,False
S03_flat_unicyclic_small_C05,S03_flat_unicyclic_small_C05:edge_0046:d0,12,S03_flat_unicyclic_small_C05:edge_0046:geometry_change_point:000,16.0,18.0,10.0,2.0,6.0,True,False,False
S03_flat_unicyclic_small_C05,S03_flat_unicyclic_small_C05:edge_0046:d0,13,S03_flat_unicyclic_small_C05:edge_0046:geometry_change_point:000,17.0,18.0,10.0,1.0,7.0,True,False,False
S03_flat_unicyclic_small_C05,S03_flat_unicyclic_small_C05:edge_0046:d0,14,S03_flat_unicyclic_small_C05:edge_0046:geometry_change_point:000,18.0,18.0,10.0,0.0,8.0,False,True,False
S03_flat_unicyclic_small_C05,S03_flat_unicyclic_small_C05:edge_0046:d1,10,S03_flat_unicyclic_small_C05:edge_0046:geometry_change_point:000,14.0,20.0,12.0,6.0,2.0,True,False,True
S03_flat_unicyclic_small_C05,S03_flat_unicyclic_small_C05:edge_0046:d1,11,S03_flat_unicyclic_small_C05:edge_0046:geometry_change_point:000,15.0,20.0,12.0,5.0,3.0,True,False,True
S03_flat_unicyclic_small_C05,S03_flat_unicyclic_small_C05:edge_0046:d1,12,S03_flat_unicyclic_small_C05:edge_0046:geometry_change_point:000,16.0,20.0,12.0,4.0,4.0,True,False,True
S03_flat_unicyclic_small_C05,S03_flat_unicyclic_small_C05:edge_0046:d1,13,S03_flat_unicyclic_small_C05:edge_0046:geometry_change_point:000,17.0,20.0,12.0,3.0,5.0,True,False,False
S03_flat_unicyclic_small_C05,S03_flat_unicyclic_small_C05:edge_0046:d1,14,S03_flat_unicyclic_small_C05:edge_0046:geometry_change_point:000,18.0,20.0,12.0,2.0,6.0,True,False,False
S03_flat_unicyclic_small_C05,S03_flat_unicyclic_small_C05:edge_0046:d1,15,S03_flat_unicyclic_small_C05:edge_0046:geometry_change_point:000,19.0,20.0,12.0,1.0,7.0,True,False,False
S03_flat_unicyclic_small_C05,S03_flat_unicyclic_small_C05:edge_0046:d1,16,S03_flat_unicyclic_small_C05:edge_0046:geometry_change_point:000,20.0,20.0,12.0,0.0,8.0,False,True,False
S03_flat_unicyclic_small_C06,S03_flat_unicyclic_small_C06:edge_0019:d0,12,S03_flat_unicyclic_small_C06:node:node_0020,16.0,21.0,13.5,5.0,2.5,True,False,True
S03_flat_unicyclic_small_C06,S03_flat_unicyclic_small_C06:edge_0019:d0,13,S03_flat_unicyclic_small_C06:node:node_0020,17.0,21.0,13.5,4.0,3.5,True,False,True
S03_flat_unicyclic_small_C06,S03_flat_unicyclic_small_C06:edge_0019:d0,14,S03_flat_unicyclic_small_C06:node:node_0020,18.0,21.0,13.5,3.0,4.5,True,False,False
S03_flat_unicyclic_small_C06,S03_flat_unicyclic_small_C06:edge_0019:d0,15,S03_flat_unicyclic_small_C06:node:node_0020,19.0,21.0,13.5,2.0,5.5,True,False,False
S03_flat_unicyclic_small_C06,S03_flat_unicyclic_small_C06:edge_0019:d0,16,S03_flat_unicyclic_small_C06:node:node_0020,20.0,21.0,13.5,1.0,6.5,True,False,False
S03_flat_unicyclic_small_C06,S03_flat_unicyclic_small_C06:edge_0019:d0,17,S03_flat_unicyclic_small_C06:node:node_0020,21.0,21.0,13.5,0.0,7.5,False,True,False
S03_flat_unicyclic_small_C06,S03_flat_unicyclic_small_C06:edge_0019:d1,7,S03_flat_unicyclic_small_C06:node:node_0020,11.0,16.0,8.5,5.0,2.5,True,False,True
S03_flat_unicyclic_small_C06,S03_flat_unicyclic_small_C06:edge_0019:d1,8,S03_flat_unicyclic_small_C06:node:node_0020,12.0,16.0,8.5,4.0,3.5,True,False,True
S03_flat_unicyclic_small_C06,S03_flat_unicyclic_small_C06:edge_0019:d1,9,S03_flat_unicyclic_small_C06:node:node_0020,13.0,16.0,8.5,3.0,4.5,True,False,False
S03_flat_unicyclic_small_C06,S03_flat_unicyclic_small_C06:edge_0019:d1,10,S03_flat_unicyclic_small_C06:node:node_0020,14.0,16.0,8.5,2.0,5.5,True,False,False
S03_flat_unicyclic_small_C06,S03_flat_unicyclic_small_C06:edge_0019:d1,11,S03_flat_unicyclic_small_C06:node:node_0020,15.0,16.0,8.5,1.0,6.5,True,False,False
S03_flat_unicyclic_small_C06,S03_flat_unicyclic_small_C06:edge_0019:d1,12,S03_flat_unicyclic_small_C06:node:node_0020,16.0,16.0,8.5,0.0,7.5,False,True,False
S03_flat_unicyclic_small_C06,S03_flat_unicyclic_small_C06:edge_0043:d0,7,S03_flat_unicyclic_small_C06:node:node_0040,11.0,16.0,8.5,5.0,2.5,True,False,True
S03_flat_unicyclic_small_C06,S03_flat_unicyclic_small_C06:edge_0043:d0,8,S03_flat_unicyclic_small_C06:node:node_0040,12.0,16.0,8.5,4.0,3.5,True,False,True
S03_flat_unicyclic_small_C06,S03_flat_unicyclic_small_C06:edge_0043:d0,9,S03_flat_unicyclic_small_C06:node:node_0040,13.0,16.0,8.5,3.0,4.5,True,False,False
S03_flat_unicyclic_small_C06,S03_flat_unicyclic_small_C06:edge_0043:d0,10,S03_flat_unicyclic_small_C06:node:node_0040,14.0,16.0,8.5,2.0,5.5,True,False,False
S03_flat_unicyclic_small_C06,S03_flat_unicyclic_small_C06:edge_0043:d0,11,S03_flat_unicyclic_small_C06:node:node_0040,15.0,16.0,8.5,1.0,6.5,True,False,False
S03_flat_unicyclic_small_C06,S03_flat_unicyclic_small_C06:edge_0043:d0,12,S03_flat_unicyclic_small_C06:node:node_0040,16.0,16.0,8.5,0.0,7.5,False,True,False
S03_flat_unicyclic_small_C06,S03_flat_unicyclic_small_C06:edge_0043:d1,13,S03_flat_unicyclic_small_C06:node:node_0040,17.0,23.0,15.0,6.0,2.0,True,False,True
S03_flat_unicyclic_small_C06,S03_flat_unicyclic_small_C06:edge_0043:d1,14,S03_flat_unicyclic_small_C06:node:node_0040,18.0,23.0,15.0,5.0,3.0,True,False,True
S03_flat_unicyclic_small_C06,S03_flat_unicyclic_small_C06:edge_0043:d1,15,S03_flat_unicyclic_small_C06:node:node_0040,19.0,23.0,15.0,4.0,4.0,True,False,True
S03_flat_unicyclic_small_C06,S03_flat_unicyclic_small_C06:edge_0043:d1,16,S03_flat_unicyclic_small_C06:node:node_0040,20.0,23.0,15.0,3.0,5.0,True,False,False
S03_flat_unicyclic_small_C06,S03_flat_unicyclic_small_C06:edge_0043:d1,17,S03_flat_unicyclic_small_C06:node:node_0040,21.0,23.0,15.0,2.0,6.0,True,False,False
S03_flat_unicyclic_small_C06,S03_flat_unicyclic_small_C06:edge_0043:d1,18,S03_flat_unicyclic_small_C06:node:node_0040,22.0,23.0,15.0,1.0,7.0,True,False,False
S03_flat_unicyclic_small_C06,S03_flat_unicyclic_small_C06:edge_0043:d1,19,S03_flat_unicyclic_small_C06:node:node_0040,23.0,23.0,15.0,0.0,8.0,False,True,False
S04_3d_unicyclic_small_C03,S04_3d_unicyclic_small_C03:edge_0028:d1,10,S04_3d_unicyclic_small_C03:edge_0028:geometry_change_point:000,14.0,19.0,11.5,5.0,2.5,True,False,True
S04_3d_unicyclic_small_C03,S04_3d_unicyclic_small_C03:edge_0028:d1,11,S04_3d_unicyclic_small_C03:edge_0028:geometry_change_point:000,15.0,19.0,11.5,4.0,3.5,True,False,True
S04_3d_unicyclic_small_C03,S04_3d_unicyclic_small_C03:edge_0028:d1,12,S04_3d_unicyclic_small_C03:edge_0028:geometry_change_point:000,16.0,19.0,11.5,3.0,4.5,True,False,False
S04_3d_unicyclic_small_C03,S04_3d_unicyclic_small_C03:edge_0028:d1,13,S04_3d_unicyclic_small_C03:edge_0028:geometry_change_point:000,17.0,19.0,11.5,2.0,5.5,True,False,False
S04_3d_unicyclic_small_C03,S04_3d_unicyclic_small_C03:edge_0028:d1,14,S04_3d_unicyclic_small_C03:edge_0028:geometry_change_point:000,18.0,19.0,11.5,1.0,6.5,True,False,False
S04_3d_unicyclic_small_C03,S04_3d_unicyclic_small_C03:edge_0028:d1,15,S04_3d_unicyclic_small_C03:edge_0028:geometry_change_point:000,19.0,19.0,11.5,0.0,7.5,False,True,False
S04_3d_unicyclic_small_C04,S04_3d_unicyclic_small_C04:edge_0052:d0,11,S04_3d_unicyclic_small_C04:edge_0052:geometry_change_point:000,15.0,22.0,13.5,7.0,1.5,True,False,True
S04_3d_unicyclic_small_C04,S04_3d_unicyclic_small_C04:edge_0052:d0,12,S04_3d_unicyclic_small_C04:edge_0052:geometry_change_point:000,16.0,22.0,13.5,6.0,2.5,True,False,True
S04_3d_unicyclic_small_C04,S04_3d_unicyclic_small_C04:edge_0052:d0,13,S04_3d_unicyclic_small_C04:edge_0052:geometry_change_point:000,17.0,22.0,13.5,5.0,3.5,True,False,True
S04_3d_unicyclic_small_C04,S04_3d_unicyclic_small_C04:edge_0052:d0,14,S04_3d_unicyclic_small_C04:edge_0052:geometry_change_point:000,18.0,22.0,13.5,4.0,4.5,True,False,False
S04_3d_unicyclic_small_C04,S04_3d_unicyclic_small_C04:edge_0052:d0,15,S04_3d_unicyclic_small_C04:edge_0052:geometry_change_point:000,19.0,22.0,13.5,3.0,5.5,True,False,False
S04_3d_unicyclic_small_C04,S04_3d_unicyclic_small_C04:edge_0052:d0,16,S04_3d_unicyclic_small_C04:edge_0052:geometry_change_point:000,20.0,22.0,13.5,2.0,6.5,True,False,False
S04_3d_unicyclic_small_C04,S04_3d_unicyclic_small_C04:edge_0052:d0,17,S04_3d_unicyclic_small_C04:edge_0052:geometry_change_point:000,21.0,22.0,13.5,1.0,7.5,True,False,False
S04_3d_unicyclic_small_C04,S04_3d_unicyclic_small_C04:edge_0052:d0,18,S04_3d_unicyclic_small_C04:edge_0052:geometry_change_point:000,22.0,22.0,13.5,0.0,8.5,False,True,False
S04_3d_unicyclic_small_C04,S04_3d_unicyclic_small_C04:edge_0052:d1,12,S04_3d_unicyclic_small_C04:edge_0052:geometry_change_point:000,16.0,23.0,14.5,7.0,1.5,True,False,True
S04_3d_unicyclic_small_C04,S04_3d_unicyclic_small_C04:edge_0052:d1,13,S04_3d_unicyclic_small_C04:edge_0052:geometry_change_point:000,17.0,23.0,14.5,6.0,2.5,True,False,True
S04_3d_unicyclic_small_C04,S04_3d_unicyclic_small_C04:edge_0052:d1,14,S04_3d_unicyclic_small_C04:edge_0052:geometry_change_point:000,18.0,23.0,14.5,5.0,3.5,True,False,True
S04_3d_unicyclic_small_C04,S04_3d_unicyclic_small_C04:edge_0052:d1,15,S04_3d_unicyclic_small_C04:edge_0052:geometry_change_point:000,19.0,23.0,14.5,4.0,4.5,True,False,False
S04_3d_unicyclic_small_C04,S04_3d_unicyclic_small_C04:edge_0052:d1,16,S04_3d_unicyclic_small_C04:edge_0052:geometry_change_point:000,20.0,23.0,14.5,3.0,5.5,True,False,False
S04_3d_unicyclic_small_C04,S04_3d_unicyclic_small_C04:edge_0052:d1,17,S04_3d_unicyclic_small_C04:edge_0052:geometry_change_point:000,21.0,23.0,14.5,2.0,6.5,True,False,False
S04_3d_unicyclic_small_C04,S04_3d_unicyclic_small_C04:edge_0052:d1,18,S04_3d_unicyclic_small_C04:edge_0052:geometry_change_point:000,22.0,23.0,14.5,1.0,7.5,True,False,False
S04_3d_unicyclic_small_C04,S04_3d_unicyclic_small_C04:edge_0052:d1,19,S04_3d_unicyclic_small_C04:edge_0052:geometry_change_point:000,23.0,23.0,14.5,0.0,8.5,False,True,False
S04_3d_unicyclic_small_C04,S04_3d_unicyclic_small_C04:edge_0058:d0,11,S04_3d_unicyclic_small_C04:edge_0058:geometry_change_point:000,15.0,23.0,14.0,8.0,1.0,True,False,True
S04_3d_unicyclic_small_C04,S04_3d_unicyclic_small_C04:edge_0058:d0,12,S04_3d_unicyclic_small_C04:edge_0058:geometry_change_point:000,16.0,23.0,14.0,7.0,2.0,True,False,True
S04_3d_unicyclic_small_C04,S04_3d_unicyclic_small_C04:edge_0058:d0,13,S04_3d_unicyclic_small_C04:edge_0058:geometry_change_point:000,17.0,23.0,14.0,6.0,3.0,True,False,True
S04_3d_unicyclic_small_C04,S04_3d_unicyclic_small_C04:edge_0058:d0,14,S04_3d_unicyclic_small_C04:edge_0058:geometry_change_point:000,18.0,23.0,14.0,5.0,4.0,True,False,True
S04_3d_unicyclic_small_C04,S04_3d_unicyclic_small_C04:edge_0058:d0,15,S04_3d_unicyclic_small_C04:edge_0058:geometry_change_point:000,19.0,23.0,14.0,4.0,5.0,True,False,False
S04_3d_unicyclic_small_C04,S04_3d_unicyclic_small_C04:edge_0058:d0,16,S04_3d_unicyclic_small_C04:edge_0058:geometry_change_point:000,20.0,23.0,14.0,3.0,6.0,True,False,False
S04_3d_unicyclic_small_C04,S04_3d_unicyclic_small_C04:edge_0058:d0,17,S04_3d_unicyclic_small_C04:edge_0058:geometry_change_point:000,21.0,23.0,14.0,2.0,7.0,True,False,False
S04_3d_unicyclic_small_C04,S04_3d_unicyclic_small_C04:edge_0058:d0,18,S04_3d_unicyclic_small_C04:edge_0058:geometry_change_point:000,22.0,23.0,14.0,1.0,8.0,True,False,False
S04_3d_unicyclic_small_C04,S04_3d_unicyclic_small_C04:edge_0058:d0,19,S04_3d_unicyclic_small_C04:edge_0058:geometry_change_point:000,23.0,23.0,14.0,0.0,9.0,False,True,False
S04_3d_unicyclic_small_C04,S04_3d_unicyclic_small_C04:edge_0058:d1,9,S04_3d_unicyclic_small_C04:edge_0058:geometry_change_point:000,13.0,21.0,12.0,8.0,1.0,True,False,True
S04_3d_unicyclic_small_C04,S04_3d_unicyclic_small_C04:edge_0058:d1,10,S04_3d_unicyclic_small_C04:edge_0058:geometry_change_point:000,14.0,21.0,12.0,7.0,2.0,True,False,True
S04_3d_unicyclic_small_C04,S04_3d_unicyclic_small_C04:edge_0058:d1,11,S04_3d_unicyclic_small_C04:edge_0058:geometry_change_point:000,15.0,21.0,12.0,6.0,3.0,True,False,True
S04_3d_unicyclic_small_C04,S04_3d_unicyclic_small_C04:edge_0058:d1,12,S04_3d_unicyclic_small_C04:edge_0058:geometry_change_point:000,16.0,21.0,12.0,5.0,4.0,True,False,True
S04_3d_unicyclic_small_C04,S04_3d_unicyclic_small_C04:edge_0058:d1,13,S04_3d_unicyclic_small_C04:edge_0058:geometry_change_point:000,17.0,21.0,12.0,4.0,5.0,True,False,False
S04_3d_unicyclic_small_C04,S04_3d_unicyclic_small_C04:edge_0058:d1,14,S04_3d_unicyclic_small_C04:edge_0058:geometry_change_point:000,18.0,21.0,12.0,3.0,6.0,True,False,False
S04_3d_unicyclic_small_C04,S04_3d_unicyclic_small_C04:edge_0058:d1,15,S04_3d_unicyclic_small_C04:edge_0058:geometry_change_point:000,19.0,21.0,12.0,2.0,7.0,True,False,False
S04_3d_unicyclic_small_C04,S04_3d_unicyclic_small_C04:edge_0058:d1,16,S04_3d_unicyclic_small_C04:edge_0058:geometry_change_point:000,20.0,21.0,12.0,1.0,8.0,True,False,False
S04_3d_unicyclic_small_C04,S04_3d_unicyclic_small_C04:edge_0058:d1,17,S04_3d_unicyclic_small_C04:edge_0058:geometry_change_point:000,21.0,21.0,12.0,0.0,9.0,False,True,False
S04_3d_unicyclic_small_C04,S04_3d_unicyclic_small_C04:edge_0062:d0,12,S04_3d_unicyclic_small_C04:node:node_0065,16.0,22.0,14.0,6.0,2.0,True,False,True
S04_3d_unicyclic_small_C04,S04_3d_unicyclic_small_C04:edge_0062:d0,13,S04_3d_unicyclic_small_C04:node:node_0065,17.0,22.0,14.0,5.0,3.0,True,False,True
S04_3d_unicyclic_small_C04,S04_3d_unicyclic_small_C04:edge_0062:d0,14,S04_3d_unicyclic_small_C04:node:node_0065,18.0,22.0,14.0,4.0,4.0,True,False,True
S04_3d_unicyclic_small_C04,S04_3d_unicyclic_small_C04:edge_0062:d0,15,S04_3d_unicyclic_small_C04:node:node_0065,19.0,22.0,14.0,3.0,5.0,True,False,False
S04_3d_unicyclic_small_C04,S04_3d_unicyclic_small_C04:edge_0062:d0,16,S04_3d_unicyclic_small_C04:node:node_0065,20.0,22.0,14.0,2.0,6.0,True,False,False
S04_3d_unicyclic_small_C04,S04_3d_unicyclic_small_C04:edge_0062:d0,17,S04_3d_unicyclic_small_C04:node:node_0065,21.0,22.0,14.0,1.0,7.0,True,False,False
S04_3d_unicyclic_small_C04,S04_3d_unicyclic_small_C04:edge_0062:d0,18,S04_3d_unicyclic_small_C04:node:node_0065,22.0,22.0,14.0,0.0,8.0,False,True,False
S04_3d_unicyclic_small_C04,S04_3d_unicyclic_small_C04:edge_0062:d1,6,S04_3d_unicyclic_small_C04:node:node_0065,10.0,16.0,8.0,6.0,2.0,True,False,True
S04_3d_unicyclic_small_C04,S04_3d_unicyclic_small_C04:edge_0062:d1,7,S04_3d_unicyclic_small_C04:node:node_0065,11.0,16.0,8.0,5.0,3.0,True,False,True
S04_3d_unicyclic_small_C04,S04_3d_unicyclic_small_C04:edge_0062:d1,8,S04_3d_unicyclic_small_C04:node:node_0065,12.0,16.0,8.0,4.0,4.0,True,False,True
S04_3d_unicyclic_small_C04,S04_3d_unicyclic_small_C04:edge_0062:d1,9,S04_3d_unicyclic_small_C04:node:node_0065,13.0,16.0,8.0,3.0,5.0,True,False,False
S04_3d_unicyclic_small_C04,S04_3d_unicyclic_small_C04:edge_0062:d1,10,S04_3d_unicyclic_small_C04:node:node_0065,14.0,16.0,8.0,2.0,6.0,True,False,False
S04_3d_unicyclic_small_C04,S04_3d_unicyclic_small_C04:edge_0062:d1,11,S04_3d_unicyclic_small_C04:node:node_0065,15.0,16.0,8.0,1.0,7.0,True,False,False
S04_3d_unicyclic_small_C04,S04_3d_unicyclic_small_C04:edge_0062:d1,12,S04_3d_unicyclic_small_C04:node:node_0065,16.0,16.0,8.0,0.0,8.0,False,True,False
S05_flat_branch_medium_C01,S05_flat_branch_medium_C01:edge_0087:d0,8,S05_flat_branch_medium_C01:node:node_0086,12.0,18.0,10.0,6.0,2.0,True,False,True
S05_flat_branch_medium_C01,S05_flat_branch_medium_C01:edge_0087:d0,9,S05_flat_branch_medium_C01:node:node_0086,13.0,18.0,10.0,5.0,3.0,True,False,True
S05_flat_branch_medium_C01,S05_flat_branch_medium_C01:edge_0087:d0,10,S05_flat_branch_medium_C01:node:node_0086,14.0,18.0,10.0,4.0,4.0,True,False,True
S05_flat_branch_medium_C01,S05_flat_branch_medium_C01:edge_0087:d0,11,S05_flat_branch_medium_C01:node:node_0086,15.0,18.0,10.0,3.0,5.0,True,False,False
S05_flat_branch_medium_C01,S05_flat_branch_medium_C01:edge_0087:d0,12,S05_flat_branch_medium_C01:node:node_0086,16.0,18.0,10.0,2.0,6.0,True,False,False
S05_flat_branch_medium_C01,S05_flat_branch_medium_C01:edge_0087:d1,15,S05_flat_branch_medium_C01:node:node_0086,19.0,24.0,16.5,5.0,2.5,True,False,True
S05_flat_branch_medium_C01,S05_flat_branch_medium_C01:edge_0087:d1,16,S05_flat_branch_medium_C01:node:node_0086,20.0,24.0,16.5,4.0,3.5,True,False,True
S05_flat_branch_medium_C01,S05_flat_branch_medium_C01:edge_0087:d1,17,S05_flat_branch_medium_C01:node:node_0086,21.0,24.0,16.5,3.0,4.5,True,False,False
S05_flat_branch_medium_C01,S05_flat_branch_medium_C01:edge_0087:d1,18,S05_flat_branch_medium_C01:node:node_0086,22.0,24.0,16.5,2.0,5.5,True,False,False
S05_flat_branch_medium_C01,S05_flat_branch_medium_C01:edge_0087:d1,19,S05_flat_branch_medium_C01:node:node_0086,23.0,24.0,16.5,1.0,6.5,True,False,False
S05_flat_branch_medium_C01,S05_flat_branch_medium_C01:edge_0087:d1,20,S05_flat_branch_medium_C01:node:node_0086,24.0,24.0,16.5,0.0,7.5,False,True,False
S05_flat_branch_medium_C02,S05_flat_branch_medium_C02:edge_0011:d0,8,S05_flat_branch_medium_C02:node:node_0012,12.0,18.0,10.0,6.0,2.0,True,False,True
S05_flat_branch_medium_C02,S05_flat_branch_medium_C02:edge_0011:d0,9,S05_flat_branch_medium_C02:node:node_0012,13.0,18.0,10.0,5.0,3.0,True,False,True
S05_flat_branch_medium_C02,S05_flat_branch_medium_C02:edge_0011:d0,10,S05_flat_branch_medium_C02:node:node_0012,14.0,18.0,10.0,4.0,4.0,True,False,True
S05_flat_branch_medium_C02,S05_flat_branch_medium_C02:edge_0011:d0,11,S05_flat_branch_medium_C02:node:node_0012,15.0,18.0,10.0,3.0,5.0,True,False,False
S05_flat_branch_medium_C02,S05_flat_branch_medium_C02:edge_0011:d0,12,S05_flat_branch_medium_C02:node:node_0012,16.0,18.0,10.0,2.0,6.0,True,False,False
S05_flat_branch_medium_C02,S05_flat_branch_medium_C02:edge_0011:d0,13,S05_flat_branch_medium_C02:node:node_0012,17.0,18.0,10.0,1.0,7.0,True,False,False
S05_flat_branch_medium_C02,S05_flat_branch_medium_C02:edge_0011:d0,14,S05_flat_branch_medium_C02:node:node_0012,18.0,18.0,10.0,0.0,8.0,False,True,False
S05_flat_branch_medium_C02,S05_flat_branch_medium_C02:edge_0011:d1,8,S05_flat_branch_medium_C02:node:node_0012,12.0,17.0,9.5,5.0,2.5,True,False,True
S05_flat_branch_medium_C02,S05_flat_branch_medium_C02:edge_0011:d1,9,S05_flat_branch_medium_C02:node:node_0012,13.0,17.0,9.5,4.0,3.5,True,False,True
S05_flat_branch_medium_C02,S05_flat_branch_medium_C02:edge_0011:d1,10,S05_flat_branch_medium_C02:node:node_0012,14.0,17.0,9.5,3.0,4.5,True,False,False
S05_flat_branch_medium_C02,S05_flat_branch_medium_C02:edge_0011:d1,11,S05_flat_branch_medium_C02:node:node_0012,15.0,17.0,9.5,2.0,5.5,True,False,False
S05_flat_branch_medium_C02,S05_flat_branch_medium_C02:edge_0011:d1,12,S05_flat_branch_medium_C02:node:node_0012,16.0,17.0,9.5,1.0,6.5,True,False,False
S05_flat_branch_medium_C02,S05_flat_branch_medium_C02:edge_0011:d1,13,S05_flat_branch_medium_C02:node:node_0012,17.0,17.0,9.5,0.0,7.5,False,True,False
S05_flat_branch_medium_C02,S05_flat_branch_medium_C02:edge_0013:d0,9,S05_flat_branch_medium_C02:edge_0013:geometry_change_point:000,13.0,18.0,10.5,5.0,2.5,True,False,True
S05_flat_branch_medium_C02,S05_flat_branch_medium_C02:edge_0013:d0,10,S05_flat_branch_medium_C02:edge_0013:geometry_change_point:000,14.0,18.0,10.5,4.0,3.5,True,False,True
S05_flat_branch_medium_C02,S05_flat_branch_medium_C02:edge_0013:d0,11,S05_flat_branch_medium_C02:edge_0013:geometry_change_point:000,15.0,18.0,10.5,3.0,4.5,True,False,False
S05_flat_branch_medium_C02,S05_flat_branch_medium_C02:edge_0013:d0,12,S05_flat_branch_medium_C02:edge_0013:geometry_change_point:000,16.0,18.0,10.5,2.0,5.5,True,False,False
S05_flat_branch_medium_C02,S05_flat_branch_medium_C02:edge_0013:d0,13,S05_flat_branch_medium_C02:edge_0013:geometry_change_point:000,17.0,18.0,10.5,1.0,6.5,True,False,False
S05_flat_branch_medium_C02,S05_flat_branch_medium_C02:edge_0013:d0,14,S05_flat_branch_medium_C02:edge_0013:geometry_change_point:000,18.0,18.0,10.5,0.0,7.5,False,True,False
S05_flat_branch_medium_C02,S05_flat_branch_medium_C02:edge_0013:d1,8,S05_flat_branch_medium_C02:edge_0013:geometry_change_point:000,12.0,18.0,10.0,6.0,2.0,True,False,True
S05_flat_branch_medium_C02,S05_flat_branch_medium_C02:edge_0013:d1,9,S05_flat_branch_medium_C02:edge_0013:geometry_change_point:000,13.0,18.0,10.0,5.0,3.0,True,False,True
S05_flat_branch_medium_C02,S05_flat_branch_medium_C02:edge_0013:d1,10,S05_flat_branch_medium_C02:edge_0013:geometry_change_point:000,14.0,18.0,10.0,4.0,4.0,True,False,True
S05_flat_branch_medium_C02,S05_flat_branch_medium_C02:edge_0013:d1,11,S05_flat_branch_medium_C02:edge_0013:geometry_change_point:000,15.0,18.0,10.0,3.0,5.0,True,False,False
S05_flat_branch_medium_C02,S05_flat_branch_medium_C02:edge_0013:d1,12,S05_flat_branch_medium_C02:edge_0013:geometry_change_point:000,16.0,18.0,10.0,2.0,6.0,True,False,False
S05_flat_branch_medium_C02,S05_flat_branch_medium_C02:edge_0013:d1,13,S05_flat_branch_medium_C02:edge_0013:geometry_change_point:000,17.0,18.0,10.0,1.0,7.0,True,False,False
S05_flat_branch_medium_C02,S05_flat_branch_medium_C02:edge_0013:d1,14,S05_flat_branch_medium_C02:edge_0013:geometry_change_point:000,18.0,18.0,10.0,0.0,8.0,False,True,False
S05_flat_branch_medium_C04,S05_flat_branch_medium_C04:edge_0074:d0,11,S05_flat_branch_medium_C04:node:node_0077,15.0,20.0,12.5,5.0,2.5,True,False,True
S05_flat_branch_medium_C04,S05_flat_branch_medium_C04:edge_0074:d0,12,S05_flat_branch_medium_C04:node:node_0077,16.0,20.0,12.5,4.0,3.5,True,False,True
S05_flat_branch_medium_C04,S05_flat_branch_medium_C04:edge_0074:d0,13,S05_flat_branch_medium_C04:node:node_0077,17.0,20.0,12.5,3.0,4.5,True,False,False
S05_flat_branch_medium_C04,S05_flat_branch_medium_C04:edge_0074:d0,14,S05_flat_branch_medium_C04:node:node_0077,18.0,20.0,12.5,2.0,5.5,True,False,False
S05_flat_branch_medium_C04,S05_flat_branch_medium_C04:edge_0074:d0,15,S05_flat_branch_medium_C04:node:node_0077,19.0,20.0,12.5,1.0,6.5,True,False,False
S05_flat_branch_medium_C04,S05_flat_branch_medium_C04:edge_0074:d0,16,S05_flat_branch_medium_C04:node:node_0077,20.0,20.0,12.5,0.0,7.5,False,True,False
S05_flat_branch_medium_C04,S05_flat_branch_medium_C04:edge_0074:d1,7,S05_flat_branch_medium_C04:node:node_0077,11.0,16.0,8.5,5.0,2.5,True,False,True
S05_flat_branch_medium_C04,S05_flat_branch_medium_C04:edge_0074:d1,8,S05_flat_branch_medium_C04:node:node_0077,12.0,16.0,8.5,4.0,3.5,True,False,True
S05_flat_branch_medium_C04,S05_flat_branch_medium_C04:edge_0074:d1,9,S05_flat_branch_medium_C04:node:node_0077,13.0,16.0,8.5,3.0,4.5,True,False,False
S05_flat_branch_medium_C04,S05_flat_branch_medium_C04:edge_0074:d1,10,S05_flat_branch_medium_C04:node:node_0077,14.0,16.0,8.5,2.0,5.5,True,False,False
S05_flat_branch_medium_C04,S05_flat_branch_medium_C04:edge_0074:d1,11,S05_flat_branch_medium_C04:node:node_0077,15.0,16.0,8.5,1.0,6.5,True,False,False
S05_flat_branch_medium_C04,S05_flat_branch_medium_C04:edge_0074:d1,12,S05_flat_branch_medium_C04:node:node_0077,16.0,16.0,8.5,0.0,7.5,False,True,False
S05_flat_branch_medium_C06,S05_flat_branch_medium_C06:edge_0034:d0,10,S05_flat_branch_medium_C06:node:node_0035,14.0,19.0,11.5,5.0,2.5,True,False,True
S05_flat_branch_medium_C06,S05_flat_branch_medium_C06:edge_0034:d0,11,S05_flat_branch_medium_C06:node:node_0035,15.0,19.0,11.5,4.0,3.5,True,False,True
S05_flat_branch_medium_C06,S05_flat_branch_medium_C06:edge_0034:d0,12,S05_flat_branch_medium_C06:node:node_0035,16.0,19.0,11.5,3.0,4.5,True,False,False
S05_flat_branch_medium_C06,S05_flat_branch_medium_C06:edge_0034:d0,13,S05_flat_branch_medium_C06:node:node_0035,17.0,19.0,11.5,2.0,5.5,True,False,False
S05_flat_branch_medium_C06,S05_flat_branch_medium_C06:edge_0034:d0,14,S05_flat_branch_medium_C06:node:node_0035,18.0,19.0,11.5,1.0,6.5,True,False,False
S05_flat_branch_medium_C06,S05_flat_branch_medium_C06:edge_0034:d0,15,S05_flat_branch_medium_C06:node:node_0035,19.0,19.0,11.5,0.0,7.5,False,True,False
S05_flat_branch_medium_C06,S05_flat_branch_medium_C06:edge_0034:d1,6,S05_flat_branch_medium_C06:node:node_0035,10.0,15.0,7.5,5.0,2.5,True,False,True
S05_flat_branch_medium_C06,S05_flat_branch_medium_C06:edge_0034:d1,7,S05_flat_branch_medium_C06:node:node_0035,11.0,15.0,7.5,4.0,3.5,True,False,True
S05_flat_branch_medium_C06,S05_flat_branch_medium_C06:edge_0034:d1,8,S05_flat_branch_medium_C06:node:node_0035,12.0,15.0,7.5,3.0,4.5,True,False,False
S05_flat_branch_medium_C06,S05_flat_branch_medium_C06:edge_0034:d1,9,S05_flat_branch_medium_C06:node:node_0035,13.0,15.0,7.5,2.0,5.5,True,False,False
S05_flat_branch_medium_C06,S05_flat_branch_medium_C06:edge_0034:d1,10,S05_flat_branch_medium_C06:node:node_0035,14.0,15.0,7.5,1.0,6.5,True,False,False
S05_flat_branch_medium_C06,S05_flat_branch_medium_C06:edge_0034:d1,11,S05_flat_branch_medium_C06:node:node_0035,15.0,15.0,7.5,0.0,7.5,False,True,False
S05_flat_branch_medium_C06,S05_flat_branch_medium_C06:edge_0086:d0,9,S05_flat_branch_medium_C06:edge_0086:geometry_change_point:000,13.0,20.0,11.5,7.0,1.5,True,False,True
S05_flat_branch_medium_C06,S05_flat_branch_medium_C06:edge_0086:d0,10,S05_flat_branch_medium_C06:edge_0086:geometry_change_point:000,14.0,20.0,11.5,6.0,2.5,True,False,True
S05_flat_branch_medium_C06,S05_flat_branch_medium_C06:edge_0086:d0,11,S05_flat_branch_medium_C06:edge_0086:geometry_change_point:000,15.0,20.0,11.5,5.0,3.5,True,False,True
S05_flat_branch_medium_C06,S05_flat_branch_medium_C06:edge_0086:d0,12,S05_flat_branch_medium_C06:edge_0086:geometry_change_point:000,16.0,20.0,11.5,4.0,4.5,True,False,False
S05_flat_branch_medium_C06,S05_flat_branch_medium_C06:edge_0086:d0,13,S05_flat_branch_medium_C06:edge_0086:geometry_change_point:000,17.0,20.0,11.5,3.0,5.5,True,False,False
S05_flat_branch_medium_C06,S05_flat_branch_medium_C06:edge_0086:d0,14,S05_flat_branch_medium_C06:edge_0086:geometry_change_point:000,18.0,20.0,11.5,2.0,6.5,True,False,False
S05_flat_branch_medium_C06,S05_flat_branch_medium_C06:edge_0086:d0,15,S05_flat_branch_medium_C06:edge_0086:geometry_change_point:000,19.0,20.0,11.5,1.0,7.5,True,False,False
S05_flat_branch_medium_C06,S05_flat_branch_medium_C06:edge_0086:d0,16,S05_flat_branch_medium_C06:edge_0086:geometry_change_point:000,20.0,20.0,11.5,0.0,8.5,False,True,False
S05_flat_branch_medium_C06,S05_flat_branch_medium_C06:edge_0086:d1,12,S05_flat_branch_medium_C06:edge_0086:geometry_change_point:000,16.0,23.0,14.5,7.0,1.5,True,False,True
S05_flat_branch_medium_C06,S05_flat_branch_medium_C06:edge_0086:d1,13,S05_flat_branch_medium_C06:edge_0086:geometry_change_point:000,17.0,23.0,14.5,6.0,2.5,True,False,True
S05_flat_branch_medium_C06,S05_flat_branch_medium_C06:edge_0086:d1,14,S05_flat_branch_medium_C06:edge_0086:geometry_change_point:000,18.0,23.0,14.5,5.0,3.5,True,False,True
S05_flat_branch_medium_C06,S05_flat_branch_medium_C06:edge_0086:d1,15,S05_flat_branch_medium_C06:edge_0086:geometry_change_point:000,19.0,23.0,14.5,4.0,4.5,True,False,False
S05_flat_branch_medium_C06,S05_flat_branch_medium_C06:edge_0086:d1,16,S05_flat_branch_medium_C06:edge_0086:geometry_change_point:000,20.0,23.0,14.5,3.0,5.5,True,False,False
S05_flat_branch_medium_C06,S05_flat_branch_medium_C06:edge_0086:d1,17,S05_flat_branch_medium_C06:edge_0086:geometry_change_point:000,21.0,23.0,14.5,2.0,6.5,True,False,False
S05_flat_branch_medium_C06,S05_flat_branch_medium_C06:edge_0086:d1,18,S05_flat_branch_medium_C06:edge_0086:geometry_change_point:000,22.0,23.0,14.5,1.0,7.5,True,False,False
S05_flat_branch_medium_C06,S05_flat_branch_medium_C06:edge_0086:d1,19,S05_flat_branch_medium_C06:edge_0086:geometry_change_point:000,23.0,23.0,14.5,0.0,8.5,False,True,False
S06_3d_branch_medium_C04,S06_3d_branch_medium_C04:edge_0021:d0,9,S06_3d_branch_medium_C04:edge_0021:geometry_change_point:000,13.0,22.0,12.5,9.0,0.5,True,False,True
S06_3d_branch_medium_C04,S06_3d_branch_medium_C04:edge_0021:d0,10,S06_3d_branch_medium_C04:edge_0021:geometry_change_point:000,14.0,22.0,12.5,8.0,1.5,True,False,True
S06_3d_branch_medium_C04,S06_3d_branch_medium_C04:edge_0021:d0,11,S06_3d_branch_medium_C04:edge_0021:geometry_change_point:000,15.0,22.0,12.5,7.0,2.5,True,False,True
S06_3d_branch_medium_C04,S06_3d_branch_medium_C04:edge_0021:d0,12,S06_3d_branch_medium_C04:edge_0021:geometry_change_point:000,16.0,22.0,12.5,6.0,3.5,True,False,True
S06_3d_branch_medium_C04,S06_3d_branch_medium_C04:edge_0021:d0,13,S06_3d_branch_medium_C04:edge_0021:geometry_change_point:000,17.0,22.0,12.5,5.0,4.5,True,False,False
S06_3d_branch_medium_C04,S06_3d_branch_medium_C04:edge_0021:d0,14,S06_3d_branch_medium_C04:edge_0021:geometry_change_point:000,18.0,22.0,12.5,4.0,5.5,True,False,False
S06_3d_branch_medium_C04,S06_3d_branch_medium_C04:edge_0021:d0,15,S06_3d_branch_medium_C04:edge_0021:geometry_change_point:000,19.0,22.0,12.5,3.0,6.5,True,False,False
S06_3d_branch_medium_C04,S06_3d_branch_medium_C04:edge_0021:d0,16,S06_3d_branch_medium_C04:edge_0021:geometry_change_point:000,20.0,22.0,12.5,2.0,7.5,True,False,False
S06_3d_branch_medium_C04,S06_3d_branch_medium_C04:edge_0021:d0,17,S06_3d_branch_medium_C04:edge_0021:geometry_change_point:000,21.0,22.0,12.5,1.0,8.5,True,False,False
S06_3d_branch_medium_C04,S06_3d_branch_medium_C04:edge_0021:d0,18,S06_3d_branch_medium_C04:edge_0021:geometry_change_point:000,22.0,22.0,12.5,0.0,9.5,False,True,False
S06_3d_branch_medium_C04,S06_3d_branch_medium_C04:edge_0021:d1,8,S06_3d_branch_medium_C04:edge_0021:geometry_change_point:000,12.0,22.0,12.0,10.0,0.0,True,False,True
S06_3d_branch_medium_C04,S06_3d_branch_medium_C04:edge_0021:d1,9,S06_3d_branch_medium_C04:edge_0021:geometry_change_point:000,13.0,22.0,12.0,9.0,1.0,True,False,True
S06_3d_branch_medium_C04,S06_3d_branch_medium_C04:edge_0021:d1,10,S06_3d_branch_medium_C04:edge_0021:geometry_change_point:000,14.0,22.0,12.0,8.0,2.0,True,False,True
S06_3d_branch_medium_C04,S06_3d_branch_medium_C04:edge_0021:d1,11,S06_3d_branch_medium_C04:edge_0021:geometry_change_point:000,15.0,22.0,12.0,7.0,3.0,True,False,True
S06_3d_branch_medium_C04,S06_3d_branch_medium_C04:edge_0021:d1,12,S06_3d_branch_medium_C04:edge_0021:geometry_change_point:000,16.0,22.0,12.0,6.0,4.0,True,False,True
S06_3d_branch_medium_C04,S06_3d_branch_medium_C04:edge_0021:d1,13,S06_3d_branch_medium_C04:edge_0021:geometry_change_point:000,17.0,22.0,12.0,5.0,5.0,True,False,False
S06_3d_branch_medium_C04,S06_3d_branch_medium_C04:edge_0021:d1,14,S06_3d_branch_medium_C04:edge_0021:geometry_change_point:000,18.0,22.0,12.0,4.0,6.0,True,False,False
S06_3d_branch_medium_C04,S06_3d_branch_medium_C04:edge_0021:d1,15,S06_3d_branch_medium_C04:edge_0021:geometry_change_point:000,19.0,22.0,12.0,3.0,7.0,True,False,False
S06_3d_branch_medium_C04,S06_3d_branch_medium_C04:edge_0021:d1,16,S06_3d_branch_medium_C04:edge_0021:geometry_change_point:000,20.0,22.0,12.0,2.0,8.0,True,False,False
S06_3d_branch_medium_C04,S06_3d_branch_medium_C04:edge_0021:d1,17,S06_3d_branch_medium_C04:edge_0021:geometry_change_point:000,21.0,22.0,12.0,1.0,9.0,True,False,False
S06_3d_branch_medium_C04,S06_3d_branch_medium_C04:edge_0021:d1,18,S06_3d_branch_medium_C04:edge_0021:geometry_change_point:000,22.0,22.0,12.0,0.0,10.0,False,True,False
S06_3d_branch_medium_C04,S06_3d_branch_medium_C04:edge_0048:d0,7,S06_3d_branch_medium_C04:node:node_0046,11.0,17.0,9.0,6.0,2.0,True,False,True
S06_3d_branch_medium_C04,S06_3d_branch_medium_C04:edge_0048:d0,8,S06_3d_branch_medium_C04:node:node_0046,12.0,17.0,9.0,5.0,3.0,True,False,True
S06_3d_branch_medium_C04,S06_3d_branch_medium_C04:edge_0048:d0,9,S06_3d_branch_medium_C04:node:node_0046,13.0,17.0,9.0,4.0,4.0,True,False,True
S06_3d_branch_medium_C04,S06_3d_branch_medium_C04:edge_0048:d0,10,S06_3d_branch_medium_C04:node:node_0046,14.0,17.0,9.0,3.0,5.0,True,False,False
S06_3d_branch_medium_C04,S06_3d_branch_medium_C04:edge_0048:d0,11,S06_3d_branch_medium_C04:node:node_0046,15.0,17.0,9.0,2.0,6.0,True,False,False
S06_3d_branch_medium_C04,S06_3d_branch_medium_C04:edge_0048:d0,12,S06_3d_branch_medium_C04:node:node_0046,16.0,17.0,9.0,1.0,7.0,True,False,False
S06_3d_branch_medium_C04,S06_3d_branch_medium_C04:edge_0048:d0,13,S06_3d_branch_medium_C04:node:node_0046,17.0,17.0,9.0,0.0,8.0,False,True,False
S06_3d_branch_medium_C04,S06_3d_branch_medium_C04:edge_0048:d1,13,S06_3d_branch_medium_C04:node:node_0046,17.0,24.0,15.5,7.0,1.5,True,False,True
S06_3d_branch_medium_C04,S06_3d_branch_medium_C04:edge_0048:d1,14,S06_3d_branch_medium_C04:node:node_0046,18.0,24.0,15.5,6.0,2.5,True,False,True
S06_3d_branch_medium_C04,S06_3d_branch_medium_C04:edge_0048:d1,15,S06_3d_branch_medium_C04:node:node_0046,19.0,24.0,15.5,5.0,3.5,True,False,True
S06_3d_branch_medium_C04,S06_3d_branch_medium_C04:edge_0048:d1,16,S06_3d_branch_medium_C04:node:node_0046,20.0,24.0,15.5,4.0,4.5,True,False,False
S06_3d_branch_medium_C04,S06_3d_branch_medium_C04:edge_0048:d1,17,S06_3d_branch_medium_C04:node:node_0046,21.0,24.0,15.5,3.0,5.5,True,False,False
S06_3d_branch_medium_C04,S06_3d_branch_medium_C04:edge_0048:d1,18,S06_3d_branch_medium_C04:node:node_0046,22.0,24.0,15.5,2.0,6.5,True,False,False
S06_3d_branch_medium_C04,S06_3d_branch_medium_C04:edge_0048:d1,19,S06_3d_branch_medium_C04:node:node_0046,23.0,24.0,15.5,1.0,7.5,True,False,False
S06_3d_branch_medium_C04,S06_3d_branch_medium_C04:edge_0048:d1,20,S06_3d_branch_medium_C04:node:node_0046,24.0,24.0,15.5,0.0,8.5,False,True,False
S06_3d_branch_medium_C04,S06_3d_branch_medium_C04:edge_0077:d0,6,S06_3d_branch_medium_C04:node:node_0075,10.0,17.0,8.5,7.0,1.5,True,False,True
S06_3d_branch_medium_C04,S06_3d_branch_medium_C04:edge_0077:d0,7,S06_3d_branch_medium_C04:node:node_0075,11.0,17.0,8.5,6.0,2.5,True,False,True
S06_3d_branch_medium_C04,S06_3d_branch_medium_C04:edge_0077:d0,8,S06_3d_branch_medium_C04:node:node_0075,12.0,17.0,8.5,5.0,3.5,True,False,True
S06_3d_branch_medium_C04,S06_3d_branch_medium_C04:edge_0077:d0,9,S06_3d_branch_medium_C04:node:node_0075,13.0,17.0,8.5,4.0,4.5,True,False,False
S06_3d_branch_medium_C04,S06_3d_branch_medium_C04:edge_0077:d0,10,S06_3d_branch_medium_C04:node:node_0075,14.0,17.0,8.5,3.0,5.5,True,False,False
S06_3d_branch_medium_C04,S06_3d_branch_medium_C04:edge_0077:d0,11,S06_3d_branch_medium_C04:node:node_0075,15.0,17.0,8.5,2.0,6.5,True,False,False
S06_3d_branch_medium_C04,S06_3d_branch_medium_C04:edge_0077:d0,12,S06_3d_branch_medium_C04:node:node_0075,16.0,17.0,8.5,1.0,7.5,True,False,False
S06_3d_branch_medium_C04,S06_3d_branch_medium_C04:edge_0077:d0,13,S06_3d_branch_medium_C04:node:node_0075,17.0,17.0,8.5,0.0,8.5,False,True,False
S06_3d_branch_medium_C04,S06_3d_branch_medium_C04:edge_0077:d1,11,S06_3d_branch_medium_C04:node:node_0075,15.0,21.0,13.0,6.0,2.0,True,False,True
S06_3d_branch_medium_C04,S06_3d_branch_medium_C04:edge_0077:d1,12,S06_3d_branch_medium_C04:node:node_0075,16.0,21.0,13.0,5.0,3.0,True,False,True
S06_3d_branch_medium_C04,S06_3d_branch_medium_C04:edge_0077:d1,13,S06_3d_branch_medium_C04:node:node_0075,17.0,21.0,13.0,4.0,4.0,True,False,True
S06_3d_branch_medium_C04,S06_3d_branch_medium_C04:edge_0077:d1,14,S06_3d_branch_medium_C04:node:node_0075,18.0,21.0,13.0,3.0,5.0,True,False,False
S06_3d_branch_medium_C04,S06_3d_branch_medium_C04:edge_0077:d1,15,S06_3d_branch_medium_C04:node:node_0075,19.0,21.0,13.0,2.0,6.0,True,False,False
S06_3d_branch_medium_C04,S06_3d_branch_medium_C04:edge_0077:d1,16,S06_3d_branch_medium_C04:node:node_0075,20.0,21.0,13.0,1.0,7.0,True,False,False
S06_3d_branch_medium_C04,S06_3d_branch_medium_C04:edge_0077:d1,17,S06_3d_branch_medium_C04:node:node_0075,21.0,21.0,13.0,0.0,8.0,False,True,False
S06_3d_branch_medium_C04,S06_3d_branch_medium_C04:edge_0083:d0,10,S06_3d_branch_medium_C04:edge_0083:geometry_change_point:000,14.0,19.0,11.5,5.0,2.5,True,False,True
S06_3d_branch_medium_C04,S06_3d_branch_medium_C04:edge_0083:d0,11,S06_3d_branch_medium_C04:edge_0083:geometry_change_point:000,15.0,19.0,11.5,4.0,3.5,True,False,True
S06_3d_branch_medium_C04,S06_3d_branch_medium_C04:edge_0083:d0,12,S06_3d_branch_medium_C04:edge_0083:geometry_change_point:000,16.0,19.0,11.5,3.0,4.5,True,False,False
S06_3d_branch_medium_C04,S06_3d_branch_medium_C04:edge_0083:d0,13,S06_3d_branch_medium_C04:edge_0083:geometry_change_point:000,17.0,19.0,11.5,2.0,5.5,True,False,False
S06_3d_branch_medium_C04,S06_3d_branch_medium_C04:edge_0083:d0,14,S06_3d_branch_medium_C04:edge_0083:geometry_change_point:000,18.0,19.0,11.5,1.0,6.5,True,False,False
S06_3d_branch_medium_C04,S06_3d_branch_medium_C04:edge_0083:d0,15,S06_3d_branch_medium_C04:edge_0083:geometry_change_point:000,19.0,19.0,11.5,0.0,7.5,False,True,False
S06_3d_branch_medium_C04,S06_3d_branch_medium_C04:edge_0083:d1,17,S06_3d_branch_medium_C04:edge_0083:geometry_change_point:000,21.0,26.0,18.5,5.0,2.5,True,False,True
S06_3d_branch_medium_C04,S06_3d_branch_medium_C04:edge_0083:d1,18,S06_3d_branch_medium_C04:edge_0083:geometry_change_point:000,22.0,26.0,18.5,4.0,3.5,True,False,True
S06_3d_branch_medium_C04,S06_3d_branch_medium_C04:edge_0083:d1,19,S06_3d_branch_medium_C04:edge_0083:geometry_change_point:000,23.0,26.0,18.5,3.0,4.5,True,False,False
S06_3d_branch_medium_C04,S06_3d_branch_medium_C04:edge_0083:d1,20,S06_3d_branch_medium_C04:edge_0083:geometry_change_point:000,24.0,26.0,18.5,2.0,5.5,True,False,False
S06_3d_branch_medium_C04,S06_3d_branch_medium_C04:edge_0083:d1,21,S06_3d_branch_medium_C04:edge_0083:geometry_change_point:000,25.0,26.0,18.5,1.0,6.5,True,False,False
S06_3d_branch_medium_C04,S06_3d_branch_medium_C04:edge_0083:d1,22,S06_3d_branch_medium_C04:edge_0083:geometry_change_point:000,26.0,26.0,18.5,0.0,7.5,False,True,False
S06_3d_branch_medium_C04,S06_3d_branch_medium_C04:edge_0096:d0,9,S06_3d_branch_medium_C04:node:node_0096,13.0,20.0,11.5,7.0,1.5,True,False,True
S06_3d_branch_medium_C04,S06_3d_branch_medium_C04:edge_0096:d0,10,S06_3d_branch_medium_C04:node:node_0096,14.0,20.0,11.5,6.0,2.5,True,False,True
S06_3d_branch_medium_C04,S06_3d_branch_medium_C04:edge_0096:d0,11,S06_3d_branch_medium_C04:node:node_0096,15.0,20.0,11.5,5.0,3.5,True,False,True
S06_3d_branch_medium_C04,S06_3d_branch_medium_C04:edge_0096:d0,12,S06_3d_branch_medium_C04:node:node_0096,16.0,20.0,11.5,4.0,4.5,True,False,False
S06_3d_branch_medium_C04,S06_3d_branch_medium_C04:edge_0096:d0,13,S06_3d_branch_medium_C04:node:node_0096,17.0,20.0,11.5,3.0,5.5,True,False,False
S06_3d_branch_medium_C04,S06_3d_branch_medium_C04:edge_0096:d0,14,S06_3d_branch_medium_C04:node:node_0096,18.0,20.0,11.5,2.0,6.5,True,False,False
S06_3d_branch_medium_C04,S06_3d_branch_medium_C04:edge_0096:d0,15,S06_3d_branch_medium_C04:node:node_0096,19.0,20.0,11.5,1.0,7.5,True,False,False
S06_3d_branch_medium_C04,S06_3d_branch_medium_C04:edge_0096:d0,16,S06_3d_branch_medium_C04:node:node_0096,20.0,20.0,11.5,0.0,8.5,False,True,False
S06_3d_branch_medium_C04,S06_3d_branch_medium_C04:edge_0096:d1,6,S06_3d_branch_medium_C04:node:node_0096,10.0,17.0,8.5,7.0,1.5,True,False,True
S06_3d_branch_medium_C04,S06_3d_branch_medium_C04:edge_0096:d1,7,S06_3d_branch_medium_C04:node:node_0096,11.0,17.0,8.5,6.0,2.5,True,False,True
S06_3d_branch_medium_C04,S06_3d_branch_medium_C04:edge_0096:d1,8,S06_3d_branch_medium_C04:node:node_0096,12.0,17.0,8.5,5.0,3.5,True,False,True
S06_3d_branch_medium_C04,S06_3d_branch_medium_C04:edge_0096:d1,9,S06_3d_branch_medium_C04:node:node_0096,13.0,17.0,8.5,4.0,4.5,True,False,False
S06_3d_branch_medium_C04,S06_3d_branch_medium_C04:edge_0096:d1,10,S06_3d_branch_medium_C04:node:node_0096,14.0,17.0,8.5,3.0,5.5,True,False,False
S06_3d_branch_medium_C04,S06_3d_branch_medium_C04:edge_0096:d1,11,S06_3d_branch_medium_C04:node:node_0096,15.0,17.0,8.5,2.0,6.5,True,False,False
S06_3d_branch_medium_C04,S06_3d_branch_medium_C04:edge_0096:d1,12,S06_3d_branch_medium_C04:node:node_0096,16.0,17.0,8.5,1.0,7.5,True,False,False
S06_3d_branch_medium_C04,S06_3d_branch_medium_C04:edge_0096:d1,13,S06_3d_branch_medium_C04:node:node_0096,17.0,17.0,8.5,0.0,8.5,False,True,False
S06_3d_branch_medium_C05,S06_3d_branch_medium_C05:edge_0015:d0,12,S06_3d_branch_medium_C05:edge_0015:geometry_change_point:000,16.0,21.0,13.5,5.0,2.5,True,False,True
S06_3d_branch_medium_C05,S06_3d_branch_medium_C05:edge_0015:d0,13,S06_3d_branch_medium_C05:edge_0015:geometry_change_point:000,17.0,21.0,13.5,4.0,3.5,True,False,True
S06_3d_branch_medium_C05,S06_3d_branch_medium_C05:edge_0015:d0,14,S06_3d_branch_medium_C05:edge_0015:geometry_change_point:000,18.0,21.0,13.5,3.0,4.5,True,False,False
S06_3d_branch_medium_C05,S06_3d_branch_medium_C05:edge_0015:d0,15,S06_3d_branch_medium_C05:edge_0015:geometry_change_point:000,19.0,21.0,13.5,2.0,5.5,True,False,False
S06_3d_branch_medium_C05,S06_3d_branch_medium_C05:edge_0015:d0,16,S06_3d_branch_medium_C05:edge_0015:geometry_change_point:000,20.0,21.0,13.5,1.0,6.5,True,False,False
S06_3d_branch_medium_C05,S06_3d_branch_medium_C05:edge_0015:d0,17,S06_3d_branch_medium_C05:edge_0015:geometry_change_point:000,21.0,21.0,13.5,0.0,7.5,False,True,False
S06_3d_branch_medium_C05,S06_3d_branch_medium_C05:edge_0015:d1,10,S06_3d_branch_medium_C05:edge_0015:geometry_change_point:000,14.0,19.0,11.5,5.0,2.5,True,False,True
S06_3d_branch_medium_C05,S06_3d_branch_medium_C05:edge_0015:d1,11,S06_3d_branch_medium_C05:edge_0015:geometry_change_point:000,15.0,19.0,11.5,4.0,3.5,True,False,True
S06_3d_branch_medium_C05,S06_3d_branch_medium_C05:edge_0015:d1,12,S06_3d_branch_medium_C05:edge_0015:geometry_change_point:000,16.0,19.0,11.5,3.0,4.5,True,False,False
S06_3d_branch_medium_C05,S06_3d_branch_medium_C05:edge_0015:d1,13,S06_3d_branch_medium_C05:edge_0015:geometry_change_point:000,17.0,19.0,11.5,2.0,5.5,True,False,False
S06_3d_branch_medium_C05,S06_3d_branch_medium_C05:edge_0015:d1,14,S06_3d_branch_medium_C05:edge_0015:geometry_change_point:000,18.0,19.0,11.5,1.0,6.5,True,False,False
S06_3d_branch_medium_C05,S06_3d_branch_medium_C05:edge_0015:d1,15,S06_3d_branch_medium_C05:edge_0015:geometry_change_point:000,19.0,19.0,11.5,0.0,7.5,False,True,False
S06_3d_branch_medium_C05,S06_3d_branch_medium_C05:edge_0065:d0,8,S06_3d_branch_medium_C05:edge_0065:geometry_change_point:000,12.0,20.0,11.0,8.0,1.0,True,False,True
S06_3d_branch_medium_C05,S06_3d_branch_medium_C05:edge_0065:d0,9,S06_3d_branch_medium_C05:edge_0065:geometry_change_point:000,13.0,20.0,11.0,7.0,2.0,True,False,True
S06_3d_branch_medium_C05,S06_3d_branch_medium_C05:edge_0065:d0,10,S06_3d_branch_medium_C05:edge_0065:geometry_change_point:000,14.0,20.0,11.0,6.0,3.0,True,False,True
S06_3d_branch_medium_C05,S06_3d_branch_medium_C05:edge_0065:d0,11,S06_3d_branch_medium_C05:edge_0065:geometry_change_point:000,15.0,20.0,11.0,5.0,4.0,True,False,True
S06_3d_branch_medium_C05,S06_3d_branch_medium_C05:edge_0065:d0,12,S06_3d_branch_medium_C05:edge_0065:geometry_change_point:000,16.0,20.0,11.0,4.0,5.0,True,False,False
S06_3d_branch_medium_C05,S06_3d_branch_medium_C05:edge_0065:d0,13,S06_3d_branch_medium_C05:edge_0065:geometry_change_point:000,17.0,20.0,11.0,3.0,6.0,True,False,False
S06_3d_branch_medium_C05,S06_3d_branch_medium_C05:edge_0065:d0,14,S06_3d_branch_medium_C05:edge_0065:geometry_change_point:000,18.0,20.0,11.0,2.0,7.0,True,False,False
S06_3d_branch_medium_C05,S06_3d_branch_medium_C05:edge_0065:d0,15,S06_3d_branch_medium_C05:edge_0065:geometry_change_point:000,19.0,20.0,11.0,1.0,8.0,True,False,False
S06_3d_branch_medium_C05,S06_3d_branch_medium_C05:edge_0065:d0,16,S06_3d_branch_medium_C05:edge_0065:geometry_change_point:000,20.0,20.0,11.0,0.0,9.0,False,True,False
S06_3d_branch_medium_C05,S06_3d_branch_medium_C05:edge_0065:d1,10,S06_3d_branch_medium_C05:edge_0065:geometry_change_point:000,14.0,23.0,13.5,9.0,0.5,True,False,True
S06_3d_branch_medium_C05,S06_3d_branch_medium_C05:edge_0065:d1,11,S06_3d_branch_medium_C05:edge_0065:geometry_change_point:000,15.0,23.0,13.5,8.0,1.5,True,False,True
S06_3d_branch_medium_C05,S06_3d_branch_medium_C05:edge_0065:d1,12,S06_3d_branch_medium_C05:edge_0065:geometry_change_point:000,16.0,23.0,13.5,7.0,2.5,True,False,True
S06_3d_branch_medium_C05,S06_3d_branch_medium_C05:edge_0065:d1,13,S06_3d_branch_medium_C05:edge_0065:geometry_change_point:000,17.0,23.0,13.5,6.0,3.5,True,False,True
S06_3d_branch_medium_C05,S06_3d_branch_medium_C05:edge_0065:d1,14,S06_3d_branch_medium_C05:edge_0065:geometry_change_point:000,18.0,23.0,13.5,5.0,4.5,True,False,False
S06_3d_branch_medium_C05,S06_3d_branch_medium_C05:edge_0065:d1,15,S06_3d_branch_medium_C05:edge_0065:geometry_change_point:000,19.0,23.0,13.5,4.0,5.5,True,False,False
S06_3d_branch_medium_C05,S06_3d_branch_medium_C05:edge_0065:d1,16,S06_3d_branch_medium_C05:edge_0065:geometry_change_point:000,20.0,23.0,13.5,3.0,6.5,True,False,False
S06_3d_branch_medium_C05,S06_3d_branch_medium_C05:edge_0065:d1,17,S06_3d_branch_medium_C05:edge_0065:geometry_change_point:000,21.0,23.0,13.5,2.0,7.5,True,False,False
S06_3d_branch_medium_C05,S06_3d_branch_medium_C05:edge_0065:d1,18,S06_3d_branch_medium_C05:edge_0065:geometry_change_point:000,22.0,23.0,13.5,1.0,8.5,True,False,False
S06_3d_branch_medium_C05,S06_3d_branch_medium_C05:edge_0065:d1,19,S06_3d_branch_medium_C05:edge_0065:geometry_change_point:000,23.0,23.0,13.5,0.0,9.5,False,True,False
S06_3d_branch_medium_C05,S06_3d_branch_medium_C05:edge_0076:d0,12,S06_3d_branch_medium_C05:node:node_0078,16.0,23.0,14.5,7.0,1.5,True,False,True
S06_3d_branch_medium_C05,S06_3d_branch_medium_C05:edge_0076:d0,13,S06_3d_branch_medium_C05:node:node_0078,17.0,23.0,14.5,6.0,2.5,True,False,True
S06_3d_branch_medium_C05,S06_3d_branch_medium_C05:edge_0076:d0,14,S06_3d_branch_medium_C05:node:node_0078,18.0,23.0,14.5,5.0,3.5,True,False,True
S06_3d_branch_medium_C05,S06_3d_branch_medium_C05:edge_0076:d0,15,S06_3d_branch_medium_C05:node:node_0078,19.0,23.0,14.5,4.0,4.5,True,False,False
S06_3d_branch_medium_C05,S06_3d_branch_medium_C05:edge_0076:d0,16,S06_3d_branch_medium_C05:node:node_0078,20.0,23.0,14.5,3.0,5.5,True,False,False
S06_3d_branch_medium_C05,S06_3d_branch_medium_C05:edge_0076:d0,17,S06_3d_branch_medium_C05:node:node_0078,21.0,23.0,14.5,2.0,6.5,True,False,False
S06_3d_branch_medium_C05,S06_3d_branch_medium_C05:edge_0076:d0,18,S06_3d_branch_medium_C05:node:node_0078,22.0,23.0,14.5,1.0,7.5,True,False,False
S06_3d_branch_medium_C05,S06_3d_branch_medium_C05:edge_0076:d0,19,S06_3d_branch_medium_C05:node:node_0078,23.0,23.0,14.5,0.0,8.5,False,True,False
S06_3d_branch_medium_C05,S06_3d_branch_medium_C05:edge_0076:d1,6,S06_3d_branch_medium_C05:node:node_0078,10.0,17.0,8.5,7.0,1.5,True,False,True
S06_3d_branch_medium_C05,S06_3d_branch_medium_C05:edge_0076:d1,7,S06_3d_branch_medium_C05:node:node_0078,11.0,17.0,8.5,6.0,2.5,True,False,True
S06_3d_branch_medium_C05,S06_3d_branch_medium_C05:edge_0076:d1,8,S06_3d_branch_medium_C05:node:node_0078,12.0,17.0,8.5,5.0,3.5,True,False,True
S06_3d_branch_medium_C05,S06_3d_branch_medium_C05:edge_0076:d1,9,S06_3d_branch_medium_C05:node:node_0078,13.0,17.0,8.5,4.0,4.5,True,False,False
S06_3d_branch_medium_C05,S06_3d_branch_medium_C05:edge_0077:d0,7,S06_3d_branch_medium_C05:edge_0077:geometry_change_point:000,11.0,20.0,10.5,9.0,0.5,True,False,True
S06_3d_branch_medium_C05,S06_3d_branch_medium_C05:edge_0077:d0,8,S06_3d_branch_medium_C05:edge_0077:geometry_change_point:000,12.0,20.0,10.5,8.0,1.5,True,False,True
S06_3d_branch_medium_C05,S06_3d_branch_medium_C05:edge_0077:d0,9,S06_3d_branch_medium_C05:edge_0077:geometry_change_point:000,13.0,20.0,10.5,7.0,2.5,True,False,True
S06_3d_branch_medium_C05,S06_3d_branch_medium_C05:edge_0077:d0,10,S06_3d_branch_medium_C05:edge_0077:geometry_change_point:000,14.0,20.0,10.5,6.0,3.5,True,False,True
S06_3d_branch_medium_C05,S06_3d_branch_medium_C05:edge_0077:d0,11,S06_3d_branch_medium_C05:edge_0077:geometry_change_point:000,15.0,20.0,10.5,5.0,4.5,True,False,False
S06_3d_branch_medium_C05,S06_3d_branch_medium_C05:edge_0077:d0,12,S06_3d_branch_medium_C05:edge_0077:geometry_change_point:000,16.0,20.0,10.5,4.0,5.5,True,False,False
S06_3d_branch_medium_C05,S06_3d_branch_medium_C05:edge_0077:d0,13,S06_3d_branch_medium_C05:edge_0077:geometry_change_point:000,17.0,20.0,10.5,3.0,6.5,True,False,False
S06_3d_branch_medium_C05,S06_3d_branch_medium_C05:edge_0077:d0,14,S06_3d_branch_medium_C05:edge_0077:geometry_change_point:000,18.0,20.0,10.5,2.0,7.5,True,False,False
S06_3d_branch_medium_C05,S06_3d_branch_medium_C05:edge_0077:d0,15,S06_3d_branch_medium_C05:edge_0077:geometry_change_point:000,19.0,20.0,10.5,1.0,8.5,True,False,False
S06_3d_branch_medium_C05,S06_3d_branch_medium_C05:edge_0077:d0,16,S06_3d_branch_medium_C05:edge_0077:geometry_change_point:000,20.0,20.0,10.5,0.0,9.5,False,True,False
S06_3d_branch_medium_C05,S06_3d_branch_medium_C05:edge_0077:d1,7,S06_3d_branch_medium_C05:edge_0077:geometry_change_point:000,11.0,20.0,10.5,9.0,0.5,True,False,True
S06_3d_branch_medium_C05,S06_3d_branch_medium_C05:edge_0077:d1,8,S06_3d_branch_medium_C05:edge_0077:geometry_change_point:000,12.0,20.0,10.5,8.0,1.5,True,False,True
S06_3d_branch_medium_C05,S06_3d_branch_medium_C05:edge_0077:d1,9,S06_3d_branch_medium_C05:edge_0077:geometry_change_point:000,13.0,20.0,10.5,7.0,2.5,True,False,True
S06_3d_branch_medium_C05,S06_3d_branch_medium_C05:edge_0077:d1,10,S06_3d_branch_medium_C05:edge_0077:geometry_change_point:000,14.0,20.0,10.5,6.0,3.5,True,False,True
S06_3d_branch_medium_C05,S06_3d_branch_medium_C05:edge_0077:d1,11,S06_3d_branch_medium_C05:edge_0077:geometry_change_point:000,15.0,20.0,10.5,5.0,4.5,True,False,False
S06_3d_branch_medium_C05,S06_3d_branch_medium_C05:edge_0077:d1,12,S06_3d_branch_medium_C05:edge_0077:geometry_change_point:000,16.0,20.0,10.5,4.0,5.5,True,False,False
S06_3d_branch_medium_C05,S06_3d_branch_medium_C05:edge_0077:d1,13,S06_3d_branch_medium_C05:edge_0077:geometry_change_point:000,17.0,20.0,10.5,3.0,6.5,True,False,False
S06_3d_branch_medium_C05,S06_3d_branch_medium_C05:edge_0077:d1,14,S06_3d_branch_medium_C05:edge_0077:geometry_change_point:000,18.0,20.0,10.5,2.0,7.5,True,False,False
S06_3d_branch_medium_C05,S06_3d_branch_medium_C05:edge_0077:d1,15,S06_3d_branch_medium_C05:edge_0077:geometry_change_point:000,19.0,20.0,10.5,1.0,8.5,True,False,False
S06_3d_branch_medium_C05,S06_3d_branch_medium_C05:edge_0077:d1,16,S06_3d_branch_medium_C05:edge_0077:geometry_change_point:000,20.0,20.0,10.5,0.0,9.5,False,True,False
S06_3d_branch_medium_C05,S06_3d_branch_medium_C05:edge_0090:d0,10,S06_3d_branch_medium_C05:node:node_0090,14.0,20.0,12.0,6.0,2.0,True,False,True
S06_3d_branch_medium_C05,S06_3d_branch_medium_C05:edge_0090:d0,11,S06_3d_branch_medium_C05:node:node_0090,15.0,20.0,12.0,5.0,3.0,True,False,True
S06_3d_branch_medium_C05,S06_3d_branch_medium_C05:edge_0090:d0,12,S06_3d_branch_medium_C05:node:node_0090,16.0,20.0,12.0,4.0,4.0,True,False,True
S06_3d_branch_medium_C05,S06_3d_branch_medium_C05:edge_0090:d0,13,S06_3d_branch_medium_C05:node:node_0090,17.0,20.0,12.0,3.0,5.0,True,False,False
S06_3d_branch_medium_C05,S06_3d_branch_medium_C05:edge_0090:d0,14,S06_3d_branch_medium_C05:node:node_0090,18.0,20.0,12.0,2.0,6.0,True,False,False
S06_3d_branch_medium_C05,S06_3d_branch_medium_C05:edge_0090:d0,15,S06_3d_branch_medium_C05:node:node_0090,19.0,20.0,12.0,1.0,7.0,True,False,False
S06_3d_branch_medium_C05,S06_3d_branch_medium_C05:edge_0090:d0,16,S06_3d_branch_medium_C05:node:node_0090,20.0,20.0,12.0,0.0,8.0,False,True,False
S06_3d_branch_medium_C05,S06_3d_branch_medium_C05:edge_0090:d1,7,S06_3d_branch_medium_C05:node:node_0090,11.0,17.0,9.0,6.0,2.0,True,False,True
S06_3d_branch_medium_C05,S06_3d_branch_medium_C05:edge_0090:d1,8,S06_3d_branch_medium_C05:node:node_0090,12.0,17.0,9.0,5.0,3.0,True,False,True
S06_3d_branch_medium_C05,S06_3d_branch_medium_C05:edge_0090:d1,9,S06_3d_branch_medium_C05:node:node_0090,13.0,17.0,9.0,4.0,4.0,True,False,True
S06_3d_branch_medium_C05,S06_3d_branch_medium_C05:edge_0090:d1,10,S06_3d_branch_medium_C05:node:node_0090,14.0,17.0,9.0,3.0,5.0,True,False,False
S06_3d_branch_medium_C05,S06_3d_branch_medium_C05:edge_0090:d1,11,S06_3d_branch_medium_C05:node:node_0090,15.0,17.0,9.0,2.0,6.0,True,False,False
S06_3d_branch_medium_C05,S06_3d_branch_medium_C05:edge_0090:d1,12,S06_3d_branch_medium_C05:node:node_0090,16.0,17.0,9.0,1.0,7.0,True,False,False
S06_3d_branch_medium_C05,S06_3d_branch_medium_C05:edge_0090:d1,13,S06_3d_branch_medium_C05:node:node_0090,17.0,17.0,9.0,0.0,8.0,False,True,False
S06_3d_branch_medium_C06,S06_3d_branch_medium_C06:edge_0046:d0,7,S06_3d_branch_medium_C06:node:node_0044,11.0,16.0,8.5,5.0,2.5,True,False,True
S06_3d_branch_medium_C06,S06_3d_branch_medium_C06:edge_0046:d0,8,S06_3d_branch_medium_C06:node:node_0044,12.0,16.0,8.5,4.0,3.5,True,False,True
S06_3d_branch_medium_C06,S06_3d_branch_medium_C06:edge_0046:d0,9,S06_3d_branch_medium_C06:node:node_0044,13.0,16.0,8.5,3.0,4.5,True,False,False
S06_3d_branch_medium_C06,S06_3d_branch_medium_C06:edge_0046:d0,10,S06_3d_branch_medium_C06:node:node_0044,14.0,16.0,8.5,2.0,5.5,True,False,False
S06_3d_branch_medium_C06,S06_3d_branch_medium_C06:edge_0046:d1,14,S06_3d_branch_medium_C06:node:node_0044,18.0,23.0,15.5,5.0,2.5,True,False,True
S06_3d_branch_medium_C06,S06_3d_branch_medium_C06:edge_0046:d1,15,S06_3d_branch_medium_C06:node:node_0044,19.0,23.0,15.5,4.0,3.5,True,False,True
S06_3d_branch_medium_C06,S06_3d_branch_medium_C06:edge_0046:d1,16,S06_3d_branch_medium_C06:node:node_0044,20.0,23.0,15.5,3.0,4.5,True,False,False
S06_3d_branch_medium_C06,S06_3d_branch_medium_C06:edge_0046:d1,17,S06_3d_branch_medium_C06:node:node_0044,21.0,23.0,15.5,2.0,5.5,True,False,False
S06_3d_branch_medium_C06,S06_3d_branch_medium_C06:edge_0046:d1,18,S06_3d_branch_medium_C06:node:node_0044,22.0,23.0,15.5,1.0,6.5,True,False,False
S06_3d_branch_medium_C06,S06_3d_branch_medium_C06:edge_0046:d1,19,S06_3d_branch_medium_C06:node:node_0044,23.0,23.0,15.5,0.0,7.5,False,True,False
S07_flat_loop_rich_C01,S07_flat_loop_rich_C01:edge_0018:d0,7,S07_flat_loop_rich_C01:node:node_0017,11.0,17.0,9.0,6.0,2.0,True,False,True
S07_flat_loop_rich_C01,S07_flat_loop_rich_C01:edge_0018:d0,8,S07_flat_loop_rich_C01:node:node_0017,12.0,17.0,9.0,5.0,3.0,True,False,True
S07_flat_loop_rich_C01,S07_flat_loop_rich_C01:edge_0018:d0,9,S07_flat_loop_rich_C01:node:node_0017,13.0,17.0,9.0,4.0,4.0,True,False,True
S07_flat_loop_rich_C01,S07_flat_loop_rich_C01:edge_0018:d0,10,S07_flat_loop_rich_C01:node:node_0017,14.0,17.0,9.0,3.0,5.0,True,False,False
S07_flat_loop_rich_C01,S07_flat_loop_rich_C01:edge_0018:d0,11,S07_flat_loop_rich_C01:node:node_0017,15.0,17.0,9.0,2.0,6.0,True,False,False
S07_flat_loop_rich_C01,S07_flat_loop_rich_C01:edge_0018:d0,12,S07_flat_loop_rich_C01:node:node_0017,16.0,17.0,9.0,1.0,7.0,True,False,False
S07_flat_loop_rich_C01,S07_flat_loop_rich_C01:edge_0018:d0,13,S07_flat_loop_rich_C01:node:node_0017,17.0,17.0,9.0,0.0,8.0,False,True,False
S07_flat_loop_rich_C01,S07_flat_loop_rich_C01:edge_0018:d1,12,S07_flat_loop_rich_C01:node:node_0017,16.0,21.0,13.5,5.0,2.5,True,False,True
S07_flat_loop_rich_C01,S07_flat_loop_rich_C01:edge_0018:d1,13,S07_flat_loop_rich_C01:node:node_0017,17.0,21.0,13.5,4.0,3.5,True,False,True
S07_flat_loop_rich_C01,S07_flat_loop_rich_C01:edge_0018:d1,14,S07_flat_loop_rich_C01:node:node_0017,18.0,21.0,13.5,3.0,4.5,True,False,False
S07_flat_loop_rich_C01,S07_flat_loop_rich_C01:edge_0018:d1,15,S07_flat_loop_rich_C01:node:node_0017,19.0,21.0,13.5,2.0,5.5,True,False,False
S07_flat_loop_rich_C01,S07_flat_loop_rich_C01:edge_0018:d1,16,S07_flat_loop_rich_C01:node:node_0017,20.0,21.0,13.5,1.0,6.5,True,False,False
S07_flat_loop_rich_C01,S07_flat_loop_rich_C01:edge_0018:d1,17,S07_flat_loop_rich_C01:node:node_0017,21.0,21.0,13.5,0.0,7.5,False,True,False
S07_flat_loop_rich_C01,S07_flat_loop_rich_C01:edge_0048:d0,9,S07_flat_loop_rich_C01:node:node_0046,13.0,18.0,10.5,5.0,2.5,True,False,True
S07_flat_loop_rich_C01,S07_flat_loop_rich_C01:edge_0048:d0,10,S07_flat_loop_rich_C01:node:node_0046,14.0,18.0,10.5,4.0,3.5,True,False,True
S07_flat_loop_rich_C01,S07_flat_loop_rich_C01:edge_0048:d0,11,S07_flat_loop_rich_C01:node:node_0046,15.0,18.0,10.5,3.0,4.5,True,False,False
S07_flat_loop_rich_C01,S07_flat_loop_rich_C01:edge_0048:d0,12,S07_flat_loop_rich_C01:node:node_0046,16.0,18.0,10.5,2.0,5.5,True,False,False
S07_flat_loop_rich_C01,S07_flat_loop_rich_C01:edge_0048:d0,13,S07_flat_loop_rich_C01:node:node_0046,17.0,18.0,10.5,1.0,6.5,True,False,False
S07_flat_loop_rich_C01,S07_flat_loop_rich_C01:edge_0048:d0,14,S07_flat_loop_rich_C01:node:node_0046,18.0,18.0,10.5,0.0,7.5,False,True,False
S07_flat_loop_rich_C01,S07_flat_loop_rich_C01:edge_0048:d1,6,S07_flat_loop_rich_C01:node:node_0046,10.0,15.0,7.5,5.0,2.5,True,False,True
S07_flat_loop_rich_C01,S07_flat_loop_rich_C01:edge_0048:d1,7,S07_flat_loop_rich_C01:node:node_0046,11.0,15.0,7.5,4.0,3.5,True,False,True
S07_flat_loop_rich_C01,S07_flat_loop_rich_C01:edge_0048:d1,8,S07_flat_loop_rich_C01:node:node_0046,12.0,15.0,7.5,3.0,4.5,True,False,False
S07_flat_loop_rich_C01,S07_flat_loop_rich_C01:edge_0048:d1,9,S07_flat_loop_rich_C01:node:node_0046,13.0,15.0,7.5,2.0,5.5,True,False,False
S07_flat_loop_rich_C01,S07_flat_loop_rich_C01:edge_0048:d1,10,S07_flat_loop_rich_C01:node:node_0046,14.0,15.0,7.5,1.0,6.5,True,False,False
S07_flat_loop_rich_C01,S07_flat_loop_rich_C01:edge_0048:d1,11,S07_flat_loop_rich_C01:node:node_0046,15.0,15.0,7.5,0.0,7.5,False,True,False
S07_flat_loop_rich_C01,S07_flat_loop_rich_C01:edge_0052:d0,13,S07_flat_loop_rich_C01:edge_0052:geometry_change_point:000,17.0,25.0,16.0,8.0,1.0,True,False,True
S07_flat_loop_rich_C01,S07_flat_loop_rich_C01:edge_0052:d0,14,S07_flat_loop_rich_C01:edge_0052:geometry_change_point:000,18.0,25.0,16.0,7.0,2.0,True,False,True
S07_flat_loop_rich_C01,S07_flat_loop_rich_C01:edge_0052:d0,15,S07_flat_loop_rich_C01:edge_0052:geometry_change_point:000,19.0,25.0,16.0,6.0,3.0,True,False,True
S07_flat_loop_rich_C01,S07_flat_loop_rich_C01:edge_0052:d0,16,S07_flat_loop_rich_C01:edge_0052:geometry_change_point:000,20.0,25.0,16.0,5.0,4.0,True,False,True
S07_flat_loop_rich_C01,S07_flat_loop_rich_C01:edge_0052:d0,17,S07_flat_loop_rich_C01:edge_0052:geometry_change_point:000,21.0,25.0,16.0,4.0,5.0,True,False,False
S07_flat_loop_rich_C01,S07_flat_loop_rich_C01:edge_0052:d0,18,S07_flat_loop_rich_C01:edge_0052:geometry_change_point:000,22.0,25.0,16.0,3.0,6.0,True,False,False
S07_flat_loop_rich_C01,S07_flat_loop_rich_C01:edge_0052:d0,19,S07_flat_loop_rich_C01:edge_0052:geometry_change_point:000,23.0,25.0,16.0,2.0,7.0,True,False,False
S07_flat_loop_rich_C01,S07_flat_loop_rich_C01:edge_0052:d0,20,S07_flat_loop_rich_C01:edge_0052:geometry_change_point:000,24.0,25.0,16.0,1.0,8.0,True,False,False
S07_flat_loop_rich_C01,S07_flat_loop_rich_C01:edge_0052:d0,21,S07_flat_loop_rich_C01:edge_0052:geometry_change_point:000,25.0,25.0,16.0,0.0,9.0,False,True,False
S07_flat_loop_rich_C01,S07_flat_loop_rich_C01:edge_0052:d1,7,S07_flat_loop_rich_C01:edge_0052:geometry_change_point:000,11.0,19.0,10.0,8.0,1.0,True,False,True
S07_flat_loop_rich_C01,S07_flat_loop_rich_C01:edge_0052:d1,8,S07_flat_loop_rich_C01:edge_0052:geometry_change_point:000,12.0,19.0,10.0,7.0,2.0,True,False,True
S07_flat_loop_rich_C01,S07_flat_loop_rich_C01:edge_0052:d1,9,S07_flat_loop_rich_C01:edge_0052:geometry_change_point:000,13.0,19.0,10.0,6.0,3.0,True,False,True
S07_flat_loop_rich_C01,S07_flat_loop_rich_C01:edge_0052:d1,10,S07_flat_loop_rich_C01:edge_0052:geometry_change_point:000,14.0,19.0,10.0,5.0,4.0,True,False,True
S07_flat_loop_rich_C01,S07_flat_loop_rich_C01:edge_0052:d1,11,S07_flat_loop_rich_C01:edge_0052:geometry_change_point:000,15.0,19.0,10.0,4.0,5.0,True,False,False
S07_flat_loop_rich_C01,S07_flat_loop_rich_C01:edge_0052:d1,12,S07_flat_loop_rich_C01:edge_0052:geometry_change_point:000,16.0,19.0,10.0,3.0,6.0,True,False,False
S07_flat_loop_rich_C01,S07_flat_loop_rich_C01:edge_0052:d1,13,S07_flat_loop_rich_C01:edge_0052:geometry_change_point:000,17.0,19.0,10.0,2.0,7.0,True,False,False
S07_flat_loop_rich_C01,S07_flat_loop_rich_C01:edge_0052:d1,14,S07_flat_loop_rich_C01:edge_0052:geometry_change_point:000,18.0,19.0,10.0,1.0,8.0,True,False,False
S07_flat_loop_rich_C01,S07_flat_loop_rich_C01:edge_0052:d1,15,S07_flat_loop_rich_C01:edge_0052:geometry_change_point:000,19.0,19.0,10.0,0.0,9.0,False,True,False
S07_flat_loop_rich_C01,S07_flat_loop_rich_C01:edge_0080:d0,13,S07_flat_loop_rich_C01:edge_0080:geometry_change_point:000,17.0,24.0,15.5,7.0,1.5,True,False,True
S07_flat_loop_rich_C01,S07_flat_loop_rich_C01:edge_0080:d1,10,S07_flat_loop_rich_C01:edge_0080:geometry_change_point:000,14.0,20.0,12.0,6.0,2.0,True,False,True
S07_flat_loop_rich_C01,S07_flat_loop_rich_C01:edge_0080:d1,11,S07_flat_loop_rich_C01:edge_0080:geometry_change_point:000,15.0,20.0,12.0,5.0,3.0,True,False,True
S07_flat_loop_rich_C01,S07_flat_loop_rich_C01:edge_0080:d1,12,S07_flat_loop_rich_C01:edge_0080:geometry_change_point:000,16.0,20.0,12.0,4.0,4.0,True,False,True
S07_flat_loop_rich_C01,S07_flat_loop_rich_C01:edge_0080:d1,13,S07_flat_loop_rich_C01:edge_0080:geometry_change_point:000,17.0,20.0,12.0,3.0,5.0,True,False,False
S07_flat_loop_rich_C01,S07_flat_loop_rich_C01:edge_0080:d1,14,S07_flat_loop_rich_C01:edge_0080:geometry_change_point:000,18.0,20.0,12.0,2.0,6.0,True,False,False
S07_flat_loop_rich_C01,S07_flat_loop_rich_C01:edge_0080:d1,15,S07_flat_loop_rich_C01:edge_0080:geometry_change_point:000,19.0,20.0,12.0,1.0,7.0,True,False,False
S07_flat_loop_rich_C01,S07_flat_loop_rich_C01:edge_0080:d1,16,S07_flat_loop_rich_C01:edge_0080:geometry_change_point:000,20.0,20.0,12.0,0.0,8.0,False,True,False
S07_flat_loop_rich_C03,S07_flat_loop_rich_C03:edge_0003:d0,7,S07_flat_loop_rich_C03:node:node_0002,11.0,16.0,8.5,5.0,2.5,True,False,True
S07_flat_loop_rich_C03,S07_flat_loop_rich_C03:edge_0003:d0,8,S07_flat_loop_rich_C03:node:node_0002,12.0,16.0,8.5,4.0,3.5,True,False,True
S07_flat_loop_rich_C03,S07_flat_loop_rich_C03:edge_0003:d0,9,S07_flat_loop_rich_C03:node:node_0002,13.0,16.0,8.5,3.0,4.5,True,False,False
S07_flat_loop_rich_C03,S07_flat_loop_rich_C03:edge_0003:d0,10,S07_flat_loop_rich_C03:node:node_0002,14.0,16.0,8.5,2.0,5.5,True,False,False
S07_flat_loop_rich_C03,S07_flat_loop_rich_C03:edge_0003:d0,11,S07_flat_loop_rich_C03:node:node_0002,15.0,16.0,8.5,1.0,6.5,True,False,False
S07_flat_loop_rich_C03,S07_flat_loop_rich_C03:edge_0003:d0,12,S07_flat_loop_rich_C03:node:node_0002,16.0,16.0,8.5,0.0,7.5,False,True,False
S07_flat_loop_rich_C03,S07_flat_loop_rich_C03:edge_0003:d1,15,S07_flat_loop_rich_C03:node:node_0002,19.0,24.0,16.5,5.0,2.5,True,False,True
S07_flat_loop_rich_C03,S07_flat_loop_rich_C03:edge_0003:d1,16,S07_flat_loop_rich_C03:node:node_0002,20.0,24.0,16.5,4.0,3.5,True,False,True
S07_flat_loop_rich_C03,S07_flat_loop_rich_C03:edge_0003:d1,17,S07_flat_loop_rich_C03:node:node_0002,21.0,24.0,16.5,3.0,4.5,True,False,False
S07_flat_loop_rich_C03,S07_flat_loop_rich_C03:edge_0003:d1,18,S07_flat_loop_rich_C03:node:node_0002,22.0,24.0,16.5,2.0,5.5,True,False,False
S07_flat_loop_rich_C03,S07_flat_loop_rich_C03:edge_0003:d1,19,S07_flat_loop_rich_C03:node:node_0002,23.0,24.0,16.5,1.0,6.5,True,False,False
S07_flat_loop_rich_C03,S07_flat_loop_rich_C03:edge_0003:d1,20,S07_flat_loop_rich_C03:node:node_0002,24.0,24.0,16.5,0.0,7.5,False,True,False
S07_flat_loop_rich_C03,S07_flat_loop_rich_C03:edge_0010:d0,8,S07_flat_loop_rich_C03:node:node_0008,12.0,17.0,9.5,5.0,2.5,True,False,True
S07_flat_loop_rich_C03,S07_flat_loop_rich_C03:edge_0010:d0,9,S07_flat_loop_rich_C03:node:node_0008,13.0,17.0,9.5,4.0,3.5,True,False,True
S07_flat_loop_rich_C03,S07_flat_loop_rich_C03:edge_0010:d0,10,S07_flat_loop_rich_C03:node:node_0008,14.0,17.0,9.5,3.0,4.5,True,False,False
S07_flat_loop_rich_C03,S07_flat_loop_rich_C03:edge_0010:d0,11,S07_flat_loop_rich_C03:node:node_0008,15.0,17.0,9.5,2.0,5.5,True,False,False
S07_flat_loop_rich_C03,S07_flat_loop_rich_C03:edge_0010:d0,12,S07_flat_loop_rich_C03:node:node_0008,16.0,17.0,9.5,1.0,6.5,True,False,False
S07_flat_loop_rich_C03,S07_flat_loop_rich_C03:edge_0010:d0,13,S07_flat_loop_rich_C03:node:node_0008,17.0,17.0,9.5,0.0,7.5,False,True,False
S07_flat_loop_rich_C03,S07_flat_loop_rich_C03:edge_0010:d1,12,S07_flat_loop_rich_C03:node:node_0008,16.0,21.0,13.5,5.0,2.5,True,False,True
S07_flat_loop_rich_C03,S07_flat_loop_rich_C03:edge_0010:d1,13,S07_flat_loop_rich_C03:node:node_0008,17.0,21.0,13.5,4.0,3.5,True,False,True
S07_flat_loop_rich_C03,S07_flat_loop_rich_C03:edge_0010:d1,14,S07_flat_loop_rich_C03:node:node_0008,18.0,21.0,13.5,3.0,4.5,True,False,False
S07_flat_loop_rich_C03,S07_flat_loop_rich_C03:edge_0010:d1,15,S07_flat_loop_rich_C03:node:node_0008,19.0,21.0,13.5,2.0,5.5,True,False,False
S07_flat_loop_rich_C03,S07_flat_loop_rich_C03:edge_0010:d1,16,S07_flat_loop_rich_C03:node:node_0008,20.0,21.0,13.5,1.0,6.5,True,False,False
S07_flat_loop_rich_C03,S07_flat_loop_rich_C03:edge_0010:d1,17,S07_flat_loop_rich_C03:node:node_0008,21.0,21.0,13.5,0.0,7.5,False,True,False
S07_flat_loop_rich_C05,S07_flat_loop_rich_C05:edge_0066:d0,10,S07_flat_loop_rich_C05:edge_0066:geometry_change_point:000,14.0,20.0,12.0,6.0,2.0,True,False,True
S07_flat_loop_rich_C05,S07_flat_loop_rich_C05:edge_0066:d0,11,S07_flat_loop_rich_C05:edge_0066:geometry_change_point:000,15.0,20.0,12.0,5.0,3.0,True,False,True
S07_flat_loop_rich_C05,S07_flat_loop_rich_C05:edge_0066:d0,12,S07_flat_loop_rich_C05:edge_0066:geometry_change_point:000,16.0,20.0,12.0,4.0,4.0,True,False,True
S07_flat_loop_rich_C05,S07_flat_loop_rich_C05:edge_0066:d0,13,S07_flat_loop_rich_C05:edge_0066:geometry_change_point:000,17.0,20.0,12.0,3.0,5.0,True,False,False
S07_flat_loop_rich_C05,S07_flat_loop_rich_C05:edge_0066:d0,14,S07_flat_loop_rich_C05:edge_0066:geometry_change_point:000,18.0,20.0,12.0,2.0,6.0,True,False,False
S07_flat_loop_rich_C05,S07_flat_loop_rich_C05:edge_0066:d0,15,S07_flat_loop_rich_C05:edge_0066:geometry_change_point:000,19.0,20.0,12.0,1.0,7.0,True,False,False
S07_flat_loop_rich_C05,S07_flat_loop_rich_C05:edge_0066:d0,16,S07_flat_loop_rich_C05:edge_0066:geometry_change_point:000,20.0,20.0,12.0,0.0,8.0,False,True,False
S07_flat_loop_rich_C05,S07_flat_loop_rich_C05:edge_0066:d1,13,S07_flat_loop_rich_C05:edge_0066:geometry_change_point:000,17.0,23.0,15.0,6.0,2.0,True,False,True
S07_flat_loop_rich_C05,S07_flat_loop_rich_C05:edge_0066:d1,14,S07_flat_loop_rich_C05:edge_0066:geometry_change_point:000,18.0,23.0,15.0,5.0,3.0,True,False,True
S07_flat_loop_rich_C05,S07_flat_loop_rich_C05:edge_0066:d1,15,S07_flat_loop_rich_C05:edge_0066:geometry_change_point:000,19.0,23.0,15.0,4.0,4.0,True,False,True
S07_flat_loop_rich_C05,S07_flat_loop_rich_C05:edge_0066:d1,16,S07_flat_loop_rich_C05:edge_0066:geometry_change_point:000,20.0,23.0,15.0,3.0,5.0,True,False,False
S07_flat_loop_rich_C05,S07_flat_loop_rich_C05:edge_0066:d1,17,S07_flat_loop_rich_C05:edge_0066:geometry_change_point:000,21.0,23.0,15.0,2.0,6.0,True,False,False
S07_flat_loop_rich_C05,S07_flat_loop_rich_C05:edge_0066:d1,18,S07_flat_loop_rich_C05:edge_0066:geometry_change_point:000,22.0,23.0,15.0,1.0,7.0,True,False,False
S07_flat_loop_rich_C05,S07_flat_loop_rich_C05:edge_0066:d1,19,S07_flat_loop_rich_C05:edge_0066:geometry_change_point:000,23.0,23.0,15.0,0.0,8.0,False,True,False
S07_flat_loop_rich_C05,S07_flat_loop_rich_C05:edge_0109:d0,8,S07_flat_loop_rich_C05:edge_0109:geometry_change_point:000,12.0,18.0,10.0,6.0,2.0,True,False,True
S07_flat_loop_rich_C05,S07_flat_loop_rich_C05:edge_0109:d0,9,S07_flat_loop_rich_C05:edge_0109:geometry_change_point:000,13.0,18.0,10.0,5.0,3.0,True,False,True
S07_flat_loop_rich_C05,S07_flat_loop_rich_C05:edge_0109:d0,10,S07_flat_loop_rich_C05:edge_0109:geometry_change_point:000,14.0,18.0,10.0,4.0,4.0,True,False,True
S07_flat_loop_rich_C05,S07_flat_loop_rich_C05:edge_0109:d0,11,S07_flat_loop_rich_C05:edge_0109:geometry_change_point:000,15.0,18.0,10.0,3.0,5.0,True,False,False
S07_flat_loop_rich_C05,S07_flat_loop_rich_C05:edge_0109:d0,12,S07_flat_loop_rich_C05:edge_0109:geometry_change_point:000,16.0,18.0,10.0,2.0,6.0,True,False,False
S07_flat_loop_rich_C05,S07_flat_loop_rich_C05:edge_0109:d0,13,S07_flat_loop_rich_C05:edge_0109:geometry_change_point:000,17.0,18.0,10.0,1.0,7.0,True,False,False
S07_flat_loop_rich_C05,S07_flat_loop_rich_C05:edge_0109:d0,14,S07_flat_loop_rich_C05:edge_0109:geometry_change_point:000,18.0,18.0,10.0,0.0,8.0,False,True,False
S07_flat_loop_rich_C05,S07_flat_loop_rich_C05:edge_0109:d1,17,S07_flat_loop_rich_C05:edge_0109:geometry_change_point:000,21.0,27.0,19.0,6.0,2.0,True,False,True
S07_flat_loop_rich_C05,S07_flat_loop_rich_C05:edge_0109:d1,18,S07_flat_loop_rich_C05:edge_0109:geometry_change_point:000,22.0,27.0,19.0,5.0,3.0,True,False,True
S07_flat_loop_rich_C05,S07_flat_loop_rich_C05:edge_0109:d1,19,S07_flat_loop_rich_C05:edge_0109:geometry_change_point:000,23.0,27.0,19.0,4.0,4.0,True,False,True
S07_flat_loop_rich_C05,S07_flat_loop_rich_C05:edge_0109:d1,20,S07_flat_loop_rich_C05:edge_0109:geometry_change_point:000,24.0,27.0,19.0,3.0,5.0,True,False,False
S07_flat_loop_rich_C05,S07_flat_loop_rich_C05:edge_0109:d1,21,S07_flat_loop_rich_C05:edge_0109:geometry_change_point:000,25.0,27.0,19.0,2.0,6.0,True,False,False
S07_flat_loop_rich_C05,S07_flat_loop_rich_C05:edge_0109:d1,22,S07_flat_loop_rich_C05:edge_0109:geometry_change_point:000,26.0,27.0,19.0,1.0,7.0,True,False,False
S07_flat_loop_rich_C05,S07_flat_loop_rich_C05:edge_0109:d1,23,S07_flat_loop_rich_C05:edge_0109:geometry_change_point:000,27.0,27.0,19.0,0.0,8.0,False,True,False
S08_3d_loop_rich_C01,S08_3d_loop_rich_C01:edge_0037:d0,6,S08_3d_loop_rich_C01:node:node_0035,10.0,15.0,7.5,5.0,2.5,True,False,True
S08_3d_loop_rich_C01,S08_3d_loop_rich_C01:edge_0037:d0,7,S08_3d_loop_rich_C01:node:node_0035,11.0,15.0,7.5,4.0,3.5,True,False,True
S08_3d_loop_rich_C01,S08_3d_loop_rich_C01:edge_0037:d0,8,S08_3d_loop_rich_C01:node:node_0035,12.0,15.0,7.5,3.0,4.5,True,False,False
S08_3d_loop_rich_C01,S08_3d_loop_rich_C01:edge_0037:d0,9,S08_3d_loop_rich_C01:node:node_0035,13.0,15.0,7.5,2.0,5.5,True,False,False
S08_3d_loop_rich_C01,S08_3d_loop_rich_C01:edge_0037:d0,10,S08_3d_loop_rich_C01:node:node_0035,14.0,15.0,7.5,1.0,6.5,True,False,False
S08_3d_loop_rich_C01,S08_3d_loop_rich_C01:edge_0037:d0,11,S08_3d_loop_rich_C01:node:node_0035,15.0,15.0,7.5,0.0,7.5,False,True,False
S08_3d_loop_rich_C01,S08_3d_loop_rich_C01:edge_0037:d1,13,S08_3d_loop_rich_C01:node:node_0035,17.0,22.0,14.5,5.0,2.5,True,False,True
S08_3d_loop_rich_C01,S08_3d_loop_rich_C01:edge_0037:d1,14,S08_3d_loop_rich_C01:node:node_0035,18.0,22.0,14.5,4.0,3.5,True,False,True
S08_3d_loop_rich_C01,S08_3d_loop_rich_C01:edge_0037:d1,15,S08_3d_loop_rich_C01:node:node_0035,19.0,22.0,14.5,3.0,4.5,True,False,False
S08_3d_loop_rich_C01,S08_3d_loop_rich_C01:edge_0037:d1,16,S08_3d_loop_rich_C01:node:node_0035,20.0,22.0,14.5,2.0,5.5,True,False,False
S08_3d_loop_rich_C01,S08_3d_loop_rich_C01:edge_0037:d1,17,S08_3d_loop_rich_C01:node:node_0035,21.0,22.0,14.5,1.0,6.5,True,False,False
S08_3d_loop_rich_C01,S08_3d_loop_rich_C01:edge_0037:d1,18,S08_3d_loop_rich_C01:node:node_0035,22.0,22.0,14.5,0.0,7.5,False,True,False
S08_3d_loop_rich_C02,S08_3d_loop_rich_C02:edge_0026:d0,11,S08_3d_loop_rich_C02:node:node_0036,15.0,20.0,12.5,5.0,2.5,True,False,True
S08_3d_loop_rich_C02,S08_3d_loop_rich_C02:edge_0026:d0,12,S08_3d_loop_rich_C02:node:node_0036,16.0,20.0,12.5,4.0,3.5,True,False,True
S08_3d_loop_rich_C02,S08_3d_loop_rich_C02:edge_0026:d0,13,S08_3d_loop_rich_C02:node:node_0036,17.0,20.0,12.5,3.0,4.5,True,False,False
S08_3d_loop_rich_C02,S08_3d_loop_rich_C02:edge_0026:d0,14,S08_3d_loop_rich_C02:node:node_0036,18.0,20.0,12.5,2.0,5.5,True,False,False
S08_3d_loop_rich_C02,S08_3d_loop_rich_C02:edge_0026:d0,15,S08_3d_loop_rich_C02:node:node_0036,19.0,20.0,12.5,1.0,6.5,True,False,False
S08_3d_loop_rich_C02,S08_3d_loop_rich_C02:edge_0026:d0,16,S08_3d_loop_rich_C02:node:node_0036,20.0,20.0,12.5,0.0,7.5,False,True,False
S08_3d_loop_rich_C02,S08_3d_loop_rich_C02:edge_0026:d1,6,S08_3d_loop_rich_C02:node:node_0036,10.0,16.0,8.0,6.0,2.0,True,False,True
S08_3d_loop_rich_C02,S08_3d_loop_rich_C02:edge_0026:d1,7,S08_3d_loop_rich_C02:node:node_0036,11.0,16.0,8.0,5.0,3.0,True,False,True
S08_3d_loop_rich_C02,S08_3d_loop_rich_C02:edge_0026:d1,8,S08_3d_loop_rich_C02:node:node_0036,12.0,16.0,8.0,4.0,4.0,True,False,True
S08_3d_loop_rich_C02,S08_3d_loop_rich_C02:edge_0026:d1,9,S08_3d_loop_rich_C02:node:node_0036,13.0,16.0,8.0,3.0,5.0,True,False,False
S08_3d_loop_rich_C02,S08_3d_loop_rich_C02:edge_0026:d1,10,S08_3d_loop_rich_C02:node:node_0036,14.0,16.0,8.0,2.0,6.0,True,False,False
S08_3d_loop_rich_C02,S08_3d_loop_rich_C02:edge_0026:d1,11,S08_3d_loop_rich_C02:node:node_0036,15.0,16.0,8.0,1.0,7.0,True,False,False
S08_3d_loop_rich_C02,S08_3d_loop_rich_C02:edge_0026:d1,12,S08_3d_loop_rich_C02:node:node_0036,16.0,16.0,8.0,0.0,8.0,False,True,False
S08_3d_loop_rich_C02,S08_3d_loop_rich_C02:edge_0120:d0,8,S08_3d_loop_rich_C02:edge_0120:geometry_change_point:000,12.0,18.0,10.0,6.0,2.0,True,False,True
S08_3d_loop_rich_C02,S08_3d_loop_rich_C02:edge_0120:d0,9,S08_3d_loop_rich_C02:edge_0120:geometry_change_point:000,13.0,18.0,10.0,5.0,3.0,True,False,True
S08_3d_loop_rich_C02,S08_3d_loop_rich_C02:edge_0120:d0,10,S08_3d_loop_rich_C02:edge_0120:geometry_change_point:000,14.0,18.0,10.0,4.0,4.0,True,False,True
S08_3d_loop_rich_C02,S08_3d_loop_rich_C02:edge_0120:d0,11,S08_3d_loop_rich_C02:edge_0120:geometry_change_point:000,15.0,18.0,10.0,3.0,5.0,True,False,False
S08_3d_loop_rich_C02,S08_3d_loop_rich_C02:edge_0120:d0,12,S08_3d_loop_rich_C02:edge_0120:geometry_change_point:000,16.0,18.0,10.0,2.0,6.0,True,False,False
S08_3d_loop_rich_C02,S08_3d_loop_rich_C02:edge_0120:d0,13,S08_3d_loop_rich_C02:edge_0120:geometry_change_point:000,17.0,18.0,10.0,1.0,7.0,True,False,False
S08_3d_loop_rich_C02,S08_3d_loop_rich_C02:edge_0120:d0,14,S08_3d_loop_rich_C02:edge_0120:geometry_change_point:000,18.0,18.0,10.0,0.0,8.0,False,True,False
S08_3d_loop_rich_C02,S08_3d_loop_rich_C02:edge_0120:d1,10,S08_3d_loop_rich_C02:edge_0120:geometry_change_point:000,14.0,20.0,12.0,6.0,2.0,True,False,True
S08_3d_loop_rich_C02,S08_3d_loop_rich_C02:edge_0120:d1,11,S08_3d_loop_rich_C02:edge_0120:geometry_change_point:000,15.0,20.0,12.0,5.0,3.0,True,False,True
S08_3d_loop_rich_C02,S08_3d_loop_rich_C02:edge_0120:d1,12,S08_3d_loop_rich_C02:edge_0120:geometry_change_point:000,16.0,20.0,12.0,4.0,4.0,True,False,True
S08_3d_loop_rich_C02,S08_3d_loop_rich_C02:edge_0120:d1,13,S08_3d_loop_rich_C02:edge_0120:geometry_change_point:000,17.0,20.0,12.0,3.0,5.0,True,False,False
S08_3d_loop_rich_C02,S08_3d_loop_rich_C02:edge_0120:d1,14,S08_3d_loop_rich_C02:edge_0120:geometry_change_point:000,18.0,20.0,12.0,2.0,6.0,True,False,False
S08_3d_loop_rich_C02,S08_3d_loop_rich_C02:edge_0120:d1,15,S08_3d_loop_rich_C02:edge_0120:geometry_change_point:000,19.0,20.0,12.0,1.0,7.0,True,False,False
S08_3d_loop_rich_C02,S08_3d_loop_rich_C02:edge_0120:d1,16,S08_3d_loop_rich_C02:edge_0120:geometry_change_point:000,20.0,20.0,12.0,0.0,8.0,False,True,False
S08_3d_loop_rich_C03,S08_3d_loop_rich_C03:edge_0011:d0,17,S08_3d_loop_rich_C03:node:node_0013,21.0,26.0,18.5,5.0,2.5,True,False,True
S08_3d_loop_rich_C03,S08_3d_loop_rich_C03:edge_0011:d0,18,S08_3d_loop_rich_C03:node:node_0013,22.0,26.0,18.5,4.0,3.5,True,False,True
S08_3d_loop_rich_C03,S08_3d_loop_rich_C03:edge_0011:d0,19,S08_3d_loop_rich_C03:node:node_0013,23.0,26.0,18.5,3.0,4.5,True,False,False
S08_3d_loop_rich_C03,S08_3d_loop_rich_C03:edge_0011:d0,20,S08_3d_loop_rich_C03:node:node_0013,24.0,26.0,18.5,2.0,5.5,True,False,False
S08_3d_loop_rich_C03,S08_3d_loop_rich_C03:edge_0011:d0,21,S08_3d_loop_rich_C03:node:node_0013,25.0,26.0,18.5,1.0,6.5,True,False,False
S08_3d_loop_rich_C03,S08_3d_loop_rich_C03:edge_0011:d0,22,S08_3d_loop_rich_C03:node:node_0013,26.0,26.0,18.5,0.0,7.5,False,True,False
S08_3d_loop_rich_C03,S08_3d_loop_rich_C03:edge_0011:d1,7,S08_3d_loop_rich_C03:node:node_0013,11.0,16.0,8.5,5.0,2.5,True,False,True
S08_3d_loop_rich_C03,S08_3d_loop_rich_C03:edge_0011:d1,8,S08_3d_loop_rich_C03:node:node_0013,12.0,16.0,8.5,4.0,3.5,True,False,True
S08_3d_loop_rich_C03,S08_3d_loop_rich_C03:edge_0011:d1,9,S08_3d_loop_rich_C03:node:node_0013,13.0,16.0,8.5,3.0,4.5,True,False,False
S08_3d_loop_rich_C03,S08_3d_loop_rich_C03:edge_0011:d1,10,S08_3d_loop_rich_C03:node:node_0013,14.0,16.0,8.5,2.0,5.5,True,False,False
S08_3d_loop_rich_C03,S08_3d_loop_rich_C03:edge_0011:d1,11,S08_3d_loop_rich_C03:node:node_0013,15.0,16.0,8.5,1.0,6.5,True,False,False
S08_3d_loop_rich_C03,S08_3d_loop_rich_C03:edge_0011:d1,12,S08_3d_loop_rich_C03:node:node_0013,16.0,16.0,8.5,0.0,7.5,False,True,False
S08_3d_loop_rich_C03,S08_3d_loop_rich_C03:edge_0018:d0,9,S08_3d_loop_rich_C03:edge_0018:geometry_change_point:000,13.0,18.0,10.5,5.0,2.5,True,False,True
S08_3d_loop_rich_C03,S08_3d_loop_rich_C03:edge_0018:d0,10,S08_3d_loop_rich_C03:edge_0018:geometry_change_point:000,14.0,18.0,10.5,4.0,3.5,True,False,True
S08_3d_loop_rich_C03,S08_3d_loop_rich_C03:edge_0018:d0,11,S08_3d_loop_rich_C03:edge_0018:geometry_change_point:000,15.0,18.0,10.5,3.0,4.5,True,False,False
S08_3d_loop_rich_C03,S08_3d_loop_rich_C03:edge_0018:d0,12,S08_3d_loop_rich_C03:edge_0018:geometry_change_point:000,16.0,18.0,10.5,2.0,5.5,True,False,False
S08_3d_loop_rich_C03,S08_3d_loop_rich_C03:edge_0018:d0,13,S08_3d_loop_rich_C03:edge_0018:geometry_change_point:000,17.0,18.0,10.5,1.0,6.5,True,False,False
S08_3d_loop_rich_C03,S08_3d_loop_rich_C03:edge_0018:d0,14,S08_3d_loop_rich_C03:edge_0018:geometry_change_point:000,18.0,18.0,10.5,0.0,7.5,False,True,False
S08_3d_loop_rich_C03,S08_3d_loop_rich_C03:edge_0018:d1,15,S08_3d_loop_rich_C03:edge_0018:geometry_change_point:000,19.0,24.0,16.5,5.0,2.5,True,False,True
S08_3d_loop_rich_C03,S08_3d_loop_rich_C03:edge_0018:d1,16,S08_3d_loop_rich_C03:edge_0018:geometry_change_point:000,20.0,24.0,16.5,4.0,3.5,True,False,True
S08_3d_loop_rich_C03,S08_3d_loop_rich_C03:edge_0018:d1,17,S08_3d_loop_rich_C03:edge_0018:geometry_change_point:000,21.0,24.0,16.5,3.0,4.5,True,False,False
S08_3d_loop_rich_C03,S08_3d_loop_rich_C03:edge_0018:d1,18,S08_3d_loop_rich_C03:edge_0018:geometry_change_point:000,22.0,24.0,16.5,2.0,5.5,True,False,False
S08_3d_loop_rich_C03,S08_3d_loop_rich_C03:edge_0018:d1,19,S08_3d_loop_rich_C03:edge_0018:geometry_change_point:000,23.0,24.0,16.5,1.0,6.5,True,False,False
S08_3d_loop_rich_C03,S08_3d_loop_rich_C03:edge_0018:d1,20,S08_3d_loop_rich_C03:edge_0018:geometry_change_point:000,24.0,24.0,16.5,0.0,7.5,False,True,False
S08_3d_loop_rich_C05,S08_3d_loop_rich_C05:edge_0105:d1,10,S08_3d_loop_rich_C05:node:node_0102,14.0,19.0,11.5,5.0,2.5,True,False,True
S08_3d_loop_rich_C05,S08_3d_loop_rich_C05:edge_0105:d1,11,S08_3d_loop_rich_C05:node:node_0102,15.0,19.0,11.5,4.0,3.5,True,False,True
S08_3d_loop_rich_C05,S08_3d_loop_rich_C05:edge_0105:d1,12,S08_3d_loop_rich_C05:node:node_0102,16.0,19.0,11.5,3.0,4.5,True,False,False
S08_3d_loop_rich_C05,S08_3d_loop_rich_C05:edge_0105:d1,13,S08_3d_loop_rich_C05:node:node_0102,17.0,19.0,11.5,2.0,5.5,True,False,False
S08_3d_loop_rich_C05,S08_3d_loop_rich_C05:edge_0105:d1,14,S08_3d_loop_rich_C05:node:node_0102,18.0,19.0,11.5,1.0,6.5,True,False,False
S08_3d_loop_rich_C05,S08_3d_loop_rich_C05:edge_0105:d1,15,S08_3d_loop_rich_C05:node:node_0102,19.0,19.0,11.5,0.0,7.5,False,True,False
S08_3d_loop_rich_C06,S08_3d_loop_rich_C06:edge_0021:d0,12,S08_3d_loop_rich_C06:edge_0021:geometry_change_point:000,16.0,21.0,13.5,5.0,2.5,True,False,True
S08_3d_loop_rich_C06,S08_3d_loop_rich_C06:edge_0021:d0,13,S08_3d_loop_rich_C06:edge_0021:geometry_change_point:000,17.0,21.0,13.5,4.0,3.5,True,False,True
S08_3d_loop_rich_C06,S08_3d_loop_rich_C06:edge_0021:d0,14,S08_3d_loop_rich_C06:edge_0021:geometry_change_point:000,18.0,21.0,13.5,3.0,4.5,True,False,False
S08_3d_loop_rich_C06,S08_3d_loop_rich_C06:edge_0021:d0,15,S08_3d_loop_rich_C06:edge_0021:geometry_change_point:000,19.0,21.0,13.5,2.0,5.5,True,False,False
S08_3d_loop_rich_C06,S08_3d_loop_rich_C06:edge_0021:d0,16,S08_3d_loop_rich_C06:edge_0021:geometry_change_point:000,20.0,21.0,13.5,1.0,6.5,True,False,False
S08_3d_loop_rich_C06,S08_3d_loop_rich_C06:edge_0021:d0,17,S08_3d_loop_rich_C06:edge_0021:geometry_change_point:000,21.0,21.0,13.5,0.0,7.5,False,True,False
S08_3d_loop_rich_C06,S08_3d_loop_rich_C06:edge_0021:d1,10,S08_3d_loop_rich_C06:edge_0021:geometry_change_point:000,14.0,19.0,11.5,5.0,2.5,True,False,True
S08_3d_loop_rich_C06,S08_3d_loop_rich_C06:edge_0021:d1,11,S08_3d_loop_rich_C06:edge_0021:geometry_change_point:000,15.0,19.0,11.5,4.0,3.5,True,False,True
S08_3d_loop_rich_C06,S08_3d_loop_rich_C06:edge_0031:d0,15,S08_3d_loop_rich_C06:node:node_0032,19.0,24.0,16.5,5.0,2.5,True,False,True
S08_3d_loop_rich_C06,S08_3d_loop_rich_C06:edge_0031:d0,16,S08_3d_loop_rich_C06:node:node_0032,20.0,24.0,16.5,4.0,3.5,True,False,True
S08_3d_loop_rich_C06,S08_3d_loop_rich_C06:edge_0031:d0,17,S08_3d_loop_rich_C06:node:node_0032,21.0,24.0,16.5,3.0,4.5,True,False,False
S08_3d_loop_rich_C06,S08_3d_loop_rich_C06:edge_0031:d0,18,S08_3d_loop_rich_C06:node:node_0032,22.0,24.0,16.5,2.0,5.5,True,False,False
S08_3d_loop_rich_C06,S08_3d_loop_rich_C06:edge_0031:d0,19,S08_3d_loop_rich_C06:node:node_0032,23.0,24.0,16.5,1.0,6.5,True,False,False
S08_3d_loop_rich_C06,S08_3d_loop_rich_C06:edge_0031:d0,20,S08_3d_loop_rich_C06:node:node_0032,24.0,24.0,16.5,0.0,7.5,False,True,False
S08_3d_loop_rich_C06,S08_3d_loop_rich_C06:edge_0031:d1,7,S08_3d_loop_rich_C06:node:node_0032,11.0,16.0,8.5,5.0,2.5,True,False,True
S08_3d_loop_rich_C06,S08_3d_loop_rich_C06:edge_0031:d1,8,S08_3d_loop_rich_C06:node:node_0032,12.0,16.0,8.5,4.0,3.5,True,False,True
S08_3d_loop_rich_C06,S08_3d_loop_rich_C06:edge_0031:d1,9,S08_3d_loop_rich_C06:node:node_0032,13.0,16.0,8.5,3.0,4.5,True,False,False
S08_3d_loop_rich_C06,S08_3d_loop_rich_C06:edge_0031:d1,10,S08_3d_loop_rich_C06:node:node_0032,14.0,16.0,8.5,2.0,5.5,True,False,False
S08_3d_loop_rich_C06,S08_3d_loop_rich_C06:edge_0031:d1,11,S08_3d_loop_rich_C06:node:node_0032,15.0,16.0,8.5,1.0,6.5,True,False,False
S08_3d_loop_rich_C06,S08_3d_loop_rich_C06:edge_0031:d1,12,S08_3d_loop_rich_C06:node:node_0032,16.0,16.0,8.5,0.0,7.5,False,True,False
S08_3d_loop_rich_C06,S08_3d_loop_rich_C06:edge_0036:d0,7,S08_3d_loop_rich_C06:edge_0036:geometry_change_point:000,11.0,21.0,11.0,10.0,0.0,True,False,True
S08_3d_loop_rich_C06,S08_3d_loop_rich_C06:edge_0036:d0,8,S08_3d_loop_rich_C06:edge_0036:geometry_change_point:000,12.0,21.0,11.0,9.0,1.0,True,False,True
S08_3d_loop_rich_C06,S08_3d_loop_rich_C06:edge_0036:d0,9,S08_3d_loop_rich_C06:edge_0036:geometry_change_point:000,13.0,21.0,11.0,8.0,2.0,True,False,True
S08_3d_loop_rich_C06,S08_3d_loop_rich_C06:edge_0036:d0,10,S08_3d_loop_rich_C06:edge_0036:geometry_change_point:000,14.0,21.0,11.0,7.0,3.0,True,False,True
S08_3d_loop_rich_C06,S08_3d_loop_rich_C06:edge_0036:d0,11,S08_3d_loop_rich_C06:edge_0036:geometry_change_point:000,15.0,21.0,11.0,6.0,4.0,True,False,True
S08_3d_loop_rich_C06,S08_3d_loop_rich_C06:edge_0036:d0,12,S08_3d_loop_rich_C06:edge_0036:geometry_change_point:000,16.0,21.0,11.0,5.0,5.0,True,False,False
S08_3d_loop_rich_C06,S08_3d_loop_rich_C06:edge_0036:d0,13,S08_3d_loop_rich_C06:edge_0036:geometry_change_point:000,17.0,21.0,11.0,4.0,6.0,True,False,False
S08_3d_loop_rich_C06,S08_3d_loop_rich_C06:edge_0036:d0,14,S08_3d_loop_rich_C06:edge_0036:geometry_change_point:000,18.0,21.0,11.0,3.0,7.0,True,False,False
S08_3d_loop_rich_C06,S08_3d_loop_rich_C06:edge_0036:d0,15,S08_3d_loop_rich_C06:edge_0036:geometry_change_point:000,19.0,21.0,11.0,2.0,8.0,True,False,False
S08_3d_loop_rich_C06,S08_3d_loop_rich_C06:edge_0036:d0,16,S08_3d_loop_rich_C06:edge_0036:geometry_change_point:000,20.0,21.0,11.0,1.0,9.0,True,False,False
S08_3d_loop_rich_C06,S08_3d_loop_rich_C06:edge_0036:d0,17,S08_3d_loop_rich_C06:edge_0036:geometry_change_point:000,21.0,21.0,11.0,0.0,10.0,False,True,False
S08_3d_loop_rich_C06,S08_3d_loop_rich_C06:edge_0036:d1,11,S08_3d_loop_rich_C06:edge_0036:geometry_change_point:000,15.0,25.0,15.0,10.0,0.0,True,False,True
S08_3d_loop_rich_C06,S08_3d_loop_rich_C06:edge_0036:d1,12,S08_3d_loop_rich_C06:edge_0036:geometry_change_point:000,16.0,25.0,15.0,9.0,1.0,True,False,True
S08_3d_loop_rich_C06,S08_3d_loop_rich_C06:edge_0036:d1,13,S08_3d_loop_rich_C06:edge_0036:geometry_change_point:000,17.0,25.0,15.0,8.0,2.0,True,False,True
S08_3d_loop_rich_C06,S08_3d_loop_rich_C06:edge_0036:d1,14,S08_3d_loop_rich_C06:edge_0036:geometry_change_point:000,18.0,25.0,15.0,7.0,3.0,True,False,True
S08_3d_loop_rich_C06,S08_3d_loop_rich_C06:edge_0036:d1,15,S08_3d_loop_rich_C06:edge_0036:geometry_change_point:000,19.0,25.0,15.0,6.0,4.0,True,False,True
S08_3d_loop_rich_C06,S08_3d_loop_rich_C06:edge_0036:d1,16,S08_3d_loop_rich_C06:edge_0036:geometry_change_point:000,20.0,25.0,15.0,5.0,5.0,True,False,False
S08_3d_loop_rich_C06,S08_3d_loop_rich_C06:edge_0036:d1,17,S08_3d_loop_rich_C06:edge_0036:geometry_change_point:000,21.0,25.0,15.0,4.0,6.0,True,False,False
S08_3d_loop_rich_C06,S08_3d_loop_rich_C06:edge_0036:d1,18,S08_3d_loop_rich_C06:edge_0036:geometry_change_point:000,22.0,25.0,15.0,3.0,7.0,True,False,False
S08_3d_loop_rich_C06,S08_3d_loop_rich_C06:edge_0036:d1,19,S08_3d_loop_rich_C06:edge_0036:geometry_change_point:000,23.0,25.0,15.0,2.0,8.0,True,False,False
S08_3d_loop_rich_C06,S08_3d_loop_rich_C06:edge_0036:d1,20,S08_3d_loop_rich_C06:edge_0036:geometry_change_point:000,24.0,25.0,15.0,1.0,9.0,True,False,False
S08_3d_loop_rich_C06,S08_3d_loop_rich_C06:edge_0036:d1,21,S08_3d_loop_rich_C06:edge_0036:geometry_change_point:000,25.0,25.0,15.0,0.0,10.0,False,True,False
S08_3d_loop_rich_C06,S08_3d_loop_rich_C06:edge_0038:d0,9,S08_3d_loop_rich_C06:edge_0038:geometry_change_point:000,13.0,18.0,10.5,5.0,2.5,True,False,True
S08_3d_loop_rich_C06,S08_3d_loop_rich_C06:edge_0038:d0,10,S08_3d_loop_rich_C06:edge_0038:geometry_change_point:000,14.0,18.0,10.5,4.0,3.5,True,False,True
S08_3d_loop_rich_C06,S08_3d_loop_rich_C06:edge_0038:d0,11,S08_3d_loop_rich_C06:edge_0038:geometry_change_point:000,15.0,18.0,10.5,3.0,4.5,True,False,False
S08_3d_loop_rich_C06,S08_3d_loop_rich_C06:edge_0038:d1,14,S08_3d_loop_rich_C06:edge_0038:geometry_change_point:000,18.0,23.0,15.5,5.0,2.5,True,False,True
S08_3d_loop_rich_C06,S08_3d_loop_rich_C06:edge_0038:d1,15,S08_3d_loop_rich_C06:edge_0038:geometry_change_point:000,19.0,23.0,15.5,4.0,3.5,True,False,True
S08_3d_loop_rich_C06,S08_3d_loop_rich_C06:edge_0038:d1,16,S08_3d_loop_rich_C06:edge_0038:geometry_change_point:000,20.0,23.0,15.5,3.0,4.5,True,False,False
S08_3d_loop_rich_C06,S08_3d_loop_rich_C06:edge_0038:d1,17,S08_3d_loop_rich_C06:edge_0038:geometry_change_point:000,21.0,23.0,15.5,2.0,5.5,True,False,False
S08_3d_loop_rich_C06,S08_3d_loop_rich_C06:edge_0038:d1,18,S08_3d_loop_rich_C06:edge_0038:geometry_change_point:000,22.0,23.0,15.5,1.0,6.5,True,False,False
S08_3d_loop_rich_C06,S08_3d_loop_rich_C06:edge_0038:d1,19,S08_3d_loop_rich_C06:edge_0038:geometry_change_point:000,23.0,23.0,15.5,0.0,7.5,False,True,False
S08_3d_loop_rich_C07,S08_3d_loop_rich_C07:edge_0005:d0,14,S08_3d_loop_rich_C07:edge_0005:geometry_change_point:001,18.0,24.0,16.0,6.0,2.0,True,False,True
S08_3d_loop_rich_C07,S08_3d_loop_rich_C07:edge_0005:d0,15,S08_3d_loop_rich_C07:edge_0005:geometry_change_point:001,19.0,24.0,16.0,5.0,3.0,True,False,True
S08_3d_loop_rich_C07,S08_3d_loop_rich_C07:edge_0005:d0,16,S08_3d_loop_rich_C07:edge_0005:geometry_change_point:001,20.0,24.0,16.0,4.0,4.0,True,False,True
S08_3d_loop_rich_C07,S08_3d_loop_rich_C07:edge_0005:d0,17,S08_3d_loop_rich_C07:edge_0005:geometry_change_point:001,21.0,24.0,16.0,3.0,5.0,True,False,False
S08_3d_loop_rich_C07,S08_3d_loop_rich_C07:edge_0005:d0,18,S08_3d_loop_rich_C07:edge_0005:geometry_change_point:001,22.0,24.0,16.0,2.0,6.0,True,False,False
S08_3d_loop_rich_C07,S08_3d_loop_rich_C07:edge_0005:d0,19,S08_3d_loop_rich_C07:edge_0005:geometry_change_point:001,23.0,24.0,16.0,1.0,7.0,True,False,False
S08_3d_loop_rich_C07,S08_3d_loop_rich_C07:edge_0005:d0,20,S08_3d_loop_rich_C07:edge_0005:geometry_change_point:001,24.0,24.0,16.0,0.0,8.0,False,True,False
S08_3d_loop_rich_C07,S08_3d_loop_rich_C07:edge_0005:d1,9,S08_3d_loop_rich_C07:edge_0005:geometry_change_point:001,13.0,19.0,11.0,6.0,2.0,True,False,True
S08_3d_loop_rich_C07,S08_3d_loop_rich_C07:edge_0005:d1,10,S08_3d_loop_rich_C07:edge_0005:geometry_change_point:001,14.0,19.0,11.0,5.0,3.0,True,False,True
S08_3d_loop_rich_C07,S08_3d_loop_rich_C07:edge_0005:d1,11,S08_3d_loop_rich_C07:edge_0005:geometry_change_point:001,15.0,19.0,11.0,4.0,4.0,True,False,True
S08_3d_loop_rich_C07,S08_3d_loop_rich_C07:edge_0005:d1,12,S08_3d_loop_rich_C07:edge_0005:geometry_change_point:001,16.0,19.0,11.0,3.0,5.0,True,False,False
S08_3d_loop_rich_C07,S08_3d_loop_rich_C07:edge_0005:d1,13,S08_3d_loop_rich_C07:edge_0005:geometry_change_point:001,17.0,19.0,11.0,2.0,6.0,True,False,False
S08_3d_loop_rich_C07,S08_3d_loop_rich_C07:edge_0005:d1,14,S08_3d_loop_rich_C07:edge_0005:geometry_change_point:001,18.0,19.0,11.0,1.0,7.0,True,False,False
S08_3d_loop_rich_C07,S08_3d_loop_rich_C07:edge_0005:d1,15,S08_3d_loop_rich_C07:edge_0005:geometry_change_point:001,19.0,19.0,11.0,0.0,8.0,False,True,False
S08_3d_loop_rich_C07,S08_3d_loop_rich_C07:edge_0008:d0,8,S08_3d_loop_rich_C07:edge_0008:geometry_change_point:000,12.0,18.0,10.0,6.0,2.0,True,False,True
S08_3d_loop_rich_C07,S08_3d_loop_rich_C07:edge_0008:d0,9,S08_3d_loop_rich_C07:edge_0008:geometry_change_point:000,13.0,18.0,10.0,5.0,3.0,True,False,True
S08_3d_loop_rich_C07,S08_3d_loop_rich_C07:edge_0008:d0,10,S08_3d_loop_rich_C07:edge_0008:geometry_change_point:000,14.0,18.0,10.0,4.0,4.0,True,False,True
S08_3d_loop_rich_C07,S08_3d_loop_rich_C07:edge_0008:d0,11,S08_3d_loop_rich_C07:edge_0008:geometry_change_point:000,15.0,18.0,10.0,3.0,5.0,True,False,False
S08_3d_loop_rich_C07,S08_3d_loop_rich_C07:edge_0008:d0,12,S08_3d_loop_rich_C07:edge_0008:geometry_change_point:000,16.0,18.0,10.0,2.0,6.0,True,False,False
S08_3d_loop_rich_C07,S08_3d_loop_rich_C07:edge_0008:d0,13,S08_3d_loop_rich_C07:edge_0008:geometry_change_point:000,17.0,18.0,10.0,1.0,7.0,True,False,False
S08_3d_loop_rich_C07,S08_3d_loop_rich_C07:edge_0008:d0,14,S08_3d_loop_rich_C07:edge_0008:geometry_change_point:000,18.0,18.0,10.0,0.0,8.0,False,True,False
S08_3d_loop_rich_C07,S08_3d_loop_rich_C07:edge_0008:d1,12,S08_3d_loop_rich_C07:edge_0008:geometry_change_point:000,16.0,22.0,14.0,6.0,2.0,True,False,True
S08_3d_loop_rich_C07,S08_3d_loop_rich_C07:edge_0008:d1,13,S08_3d_loop_rich_C07:edge_0008:geometry_change_point:000,17.0,22.0,14.0,5.0,3.0,True,False,True
S08_3d_loop_rich_C07,S08_3d_loop_rich_C07:edge_0008:d1,14,S08_3d_loop_rich_C07:edge_0008:geometry_change_point:000,18.0,22.0,14.0,4.0,4.0,True,False,True
S08_3d_loop_rich_C07,S08_3d_loop_rich_C07:edge_0008:d1,15,S08_3d_loop_rich_C07:edge_0008:geometry_change_point:000,19.0,22.0,14.0,3.0,5.0,True,False,False
S08_3d_loop_rich_C07,S08_3d_loop_rich_C07:edge_0008:d1,16,S08_3d_loop_rich_C07:edge_0008:geometry_change_point:000,20.0,22.0,14.0,2.0,6.0,True,False,False
S08_3d_loop_rich_C07,S08_3d_loop_rich_C07:edge_0008:d1,17,S08_3d_loop_rich_C07:edge_0008:geometry_change_point:000,21.0,22.0,14.0,1.0,7.0,True,False,False
S08_3d_loop_rich_C07,S08_3d_loop_rich_C07:edge_0008:d1,18,S08_3d_loop_rich_C07:edge_0008:geometry_change_point:000,22.0,22.0,14.0,0.0,8.0,False,True,False
S08_3d_loop_rich_C07,S08_3d_loop_rich_C07:edge_0048:d0,8,S08_3d_loop_rich_C07:node:node_0056,12.0,17.0,9.5,5.0,2.5,True,False,True
S08_3d_loop_rich_C07,S08_3d_loop_rich_C07:edge_0048:d0,9,S08_3d_loop_rich_C07:node:node_0056,13.0,17.0,9.5,4.0,3.5,True,False,True
S08_3d_loop_rich_C07,S08_3d_loop_rich_C07:edge_0048:d0,10,S08_3d_loop_rich_C07:node:node_0056,14.0,17.0,9.5,3.0,4.5,True,False,False
S08_3d_loop_rich_C07,S08_3d_loop_rich_C07:edge_0048:d0,11,S08_3d_loop_rich_C07:node:node_0056,15.0,17.0,9.5,2.0,5.5,True,False,False
S08_3d_loop_rich_C07,S08_3d_loop_rich_C07:edge_0048:d0,12,S08_3d_loop_rich_C07:node:node_0056,16.0,17.0,9.5,1.0,6.5,True,False,False
S08_3d_loop_rich_C07,S08_3d_loop_rich_C07:edge_0048:d0,13,S08_3d_loop_rich_C07:node:node_0056,17.0,17.0,9.5,0.0,7.5,False,True,False
S08_3d_loop_rich_C07,S08_3d_loop_rich_C07:edge_0048:d1,5,S08_3d_loop_rich_C07:node:node_0056,9.0,17.0,8.0,8.0,1.0,True,False,True
S08_3d_loop_rich_C07,S08_3d_loop_rich_C07:edge_0048:d1,6,S08_3d_loop_rich_C07:node:node_0056,10.0,17.0,8.0,7.0,2.0,True,False,True
S08_3d_loop_rich_C07,S08_3d_loop_rich_C07:edge_0048:d1,7,S08_3d_loop_rich_C07:node:node_0056,11.0,17.0,8.0,6.0,3.0,True,False,True
S08_3d_loop_rich_C07,S08_3d_loop_rich_C07:edge_0048:d1,8,S08_3d_loop_rich_C07:node:node_0056,12.0,17.0,8.0,5.0,4.0,True,False,True
S08_3d_loop_rich_C07,S08_3d_loop_rich_C07:edge_0048:d1,9,S08_3d_loop_rich_C07:node:node_0056,13.0,17.0,8.0,4.0,5.0,True,False,False
S08_3d_loop_rich_C07,S08_3d_loop_rich_C07:edge_0048:d1,10,S08_3d_loop_rich_C07:node:node_0056,14.0,17.0,8.0,3.0,6.0,True,False,False
S08_3d_loop_rich_C07,S08_3d_loop_rich_C07:edge_0048:d1,11,S08_3d_loop_rich_C07:node:node_0056,15.0,17.0,8.0,2.0,7.0,True,False,False
S08_3d_loop_rich_C07,S08_3d_loop_rich_C07:edge_0048:d1,12,S08_3d_loop_rich_C07:node:node_0056,16.0,17.0,8.0,1.0,8.0,True,False,False
S08_3d_loop_rich_C07,S08_3d_loop_rich_C07:edge_0048:d1,13,S08_3d_loop_rich_C07:node:node_0056,17.0,17.0,8.0,0.0,9.0,False,True,False
S08_3d_loop_rich_C07,S08_3d_loop_rich_C07:edge_0113:d0,14,S08_3d_loop_rich_C07:edge_0113:geometry_change_point:000,18.0,23.0,15.5,5.0,2.5,True,False,True
S08_3d_loop_rich_C07,S08_3d_loop_rich_C07:edge_0113:d0,15,S08_3d_loop_rich_C07:edge_0113:geometry_change_point:000,19.0,23.0,15.5,4.0,3.5,True,False,True
S08_3d_loop_rich_C07,S08_3d_loop_rich_C07:edge_0113:d0,16,S08_3d_loop_rich_C07:edge_0113:geometry_change_point:000,20.0,23.0,15.5,3.0,4.5,True,False,False
S08_3d_loop_rich_C07,S08_3d_loop_rich_C07:edge_0113:d0,17,S08_3d_loop_rich_C07:edge_0113:geometry_change_point:000,21.0,23.0,15.5,2.0,5.5,True,False,False
S08_3d_loop_rich_C07,S08_3d_loop_rich_C07:edge_0113:d0,18,S08_3d_loop_rich_C07:edge_0113:geometry_change_point:000,22.0,23.0,15.5,1.0,6.5,True,False,False
S08_3d_loop_rich_C07,S08_3d_loop_rich_C07:edge_0113:d0,19,S08_3d_loop_rich_C07:edge_0113:geometry_change_point:000,23.0,23.0,15.5,0.0,7.5,False,True,False
S08_3d_loop_rich_C07,S08_3d_loop_rich_C07:edge_0113:d1,11,S08_3d_loop_rich_C07:edge_0113:geometry_change_point:000,15.0,20.0,12.5,5.0,2.5,True,False,True
S08_3d_loop_rich_C07,S08_3d_loop_rich_C07:edge_0113:d1,12,S08_3d_loop_rich_C07:edge_0113:geometry_change_point:000,16.0,20.0,12.5,4.0,3.5,True,False,True
S08_3d_loop_rich_C07,S08_3d_loop_rich_C07:edge_0113:d1,13,S08_3d_loop_rich_C07:edge_0113:geometry_change_point:000,17.0,20.0,12.5,3.0,4.5,True,False,False
S08_3d_loop_rich_C07,S08_3d_loop_rich_C07:edge_0113:d1,14,S08_3d_loop_rich_C07:edge_0113:geometry_change_point:000,18.0,20.0,12.5,2.0,5.5,True,False,False
S08_3d_loop_rich_C07,S08_3d_loop_rich_C07:edge_0113:d1,15,S08_3d_loop_rich_C07:edge_0113:geometry_change_point:000,19.0,20.0,12.5,1.0,6.5,True,False,False
S08_3d_loop_rich_C07,S08_3d_loop_rich_C07:edge_0113:d1,16,S08_3d_loop_rich_C07:edge_0113:geometry_change_point:000,20.0,20.0,12.5,0.0,7.5,False,True,False
S09_flat_complex_C08,S09_flat_complex_C08:edge_0013:d0,9,S09_flat_complex_C08:node:node_0014,13.0,20.0,11.5,7.0,1.5,True,False,True
S09_flat_complex_C08,S09_flat_complex_C08:edge_0013:d0,10,S09_flat_complex_C08:node:node_0014,14.0,20.0,11.5,6.0,2.5,True,False,True
S09_flat_complex_C08,S09_flat_complex_C08:edge_0013:d0,11,S09_flat_complex_C08:node:node_0014,15.0,20.0,11.5,5.0,3.5,True,False,True
S09_flat_complex_C08,S09_flat_complex_C08:edge_0013:d0,12,S09_flat_complex_C08:node:node_0014,16.0,20.0,11.5,4.0,4.5,True,False,False
S09_flat_complex_C08,S09_flat_complex_C08:edge_0013:d0,13,S09_flat_complex_C08:node:node_0014,17.0,20.0,11.5,3.0,5.5,True,False,False
S09_flat_complex_C08,S09_flat_complex_C08:edge_0013:d0,14,S09_flat_complex_C08:node:node_0014,18.0,20.0,11.5,2.0,6.5,True,False,False
S09_flat_complex_C08,S09_flat_complex_C08:edge_0013:d0,15,S09_flat_complex_C08:node:node_0014,19.0,20.0,11.5,1.0,7.5,True,False,False
S09_flat_complex_C08,S09_flat_complex_C08:edge_0013:d0,16,S09_flat_complex_C08:node:node_0014,20.0,20.0,11.5,0.0,8.5,False,True,False
S09_flat_complex_C08,S09_flat_complex_C08:edge_0013:d1,7,S09_flat_complex_C08:node:node_0014,11.0,18.0,9.5,7.0,1.5,True,False,True
S09_flat_complex_C08,S09_flat_complex_C08:edge_0013:d1,8,S09_flat_complex_C08:node:node_0014,12.0,18.0,9.5,6.0,2.5,True,False,True
S09_flat_complex_C08,S09_flat_complex_C08:edge_0013:d1,9,S09_flat_complex_C08:node:node_0014,13.0,18.0,9.5,5.0,3.5,True,False,True
S09_flat_complex_C08,S09_flat_complex_C08:edge_0013:d1,10,S09_flat_complex_C08:node:node_0014,14.0,18.0,9.5,4.0,4.5,True,False,False
S09_flat_complex_C08,S09_flat_complex_C08:edge_0013:d1,11,S09_flat_complex_C08:node:node_0014,15.0,18.0,9.5,3.0,5.5,True,False,False
S09_flat_complex_C08,S09_flat_complex_C08:edge_0013:d1,12,S09_flat_complex_C08:node:node_0014,16.0,18.0,9.5,2.0,6.5,True,False,False
S09_flat_complex_C08,S09_flat_complex_C08:edge_0013:d1,13,S09_flat_complex_C08:node:node_0014,17.0,18.0,9.5,1.0,7.5,True,False,False
S09_flat_complex_C08,S09_flat_complex_C08:edge_0013:d1,14,S09_flat_complex_C08:node:node_0014,18.0,18.0,9.5,0.0,8.5,False,True,False
S09_flat_complex_C08,S09_flat_complex_C08:edge_0051:d0,13,S09_flat_complex_C08:node:node_0057,17.0,26.0,16.5,9.0,0.5,True,False,True
S09_flat_complex_C08,S09_flat_complex_C08:edge_0051:d0,14,S09_flat_complex_C08:node:node_0057,18.0,26.0,16.5,8.0,1.5,True,False,True
S09_flat_complex_C08,S09_flat_complex_C08:edge_0051:d0,15,S09_flat_complex_C08:node:node_0057,19.0,26.0,16.5,7.0,2.5,True,False,True
S09_flat_complex_C08,S09_flat_complex_C08:edge_0051:d0,16,S09_flat_complex_C08:node:node_0057,20.0,26.0,16.5,6.0,3.5,True,False,True
S09_flat_complex_C08,S09_flat_complex_C08:edge_0051:d0,17,S09_flat_complex_C08:node:node_0057,21.0,26.0,16.5,5.0,4.5,True,False,False
S09_flat_complex_C08,S09_flat_complex_C08:edge_0051:d0,18,S09_flat_complex_C08:node:node_0057,22.0,26.0,16.5,4.0,5.5,True,False,False
S09_flat_complex_C08,S09_flat_complex_C08:edge_0051:d0,19,S09_flat_complex_C08:node:node_0057,23.0,26.0,16.5,3.0,6.5,True,False,False
S09_flat_complex_C08,S09_flat_complex_C08:edge_0051:d0,20,S09_flat_complex_C08:node:node_0057,24.0,26.0,16.5,2.0,7.5,True,False,False
S09_flat_complex_C08,S09_flat_complex_C08:edge_0051:d0,21,S09_flat_complex_C08:node:node_0057,25.0,26.0,16.5,1.0,8.5,True,False,False
S09_flat_complex_C08,S09_flat_complex_C08:edge_0051:d0,22,S09_flat_complex_C08:node:node_0057,26.0,26.0,16.5,0.0,9.5,False,True,False
S09_flat_complex_C08,S09_flat_complex_C08:edge_0051:d1,7,S09_flat_complex_C08:node:node_0057,11.0,19.0,10.0,8.0,1.0,True,False,True
S09_flat_complex_C08,S09_flat_complex_C08:edge_0051:d1,8,S09_flat_complex_C08:node:node_0057,12.0,19.0,10.0,7.0,2.0,True,False,True
S09_flat_complex_C08,S09_flat_complex_C08:edge_0051:d1,9,S09_flat_complex_C08:node:node_0057,13.0,19.0,10.0,6.0,3.0,True,False,True
S09_flat_complex_C08,S09_flat_complex_C08:edge_0051:d1,10,S09_flat_complex_C08:node:node_0057,14.0,19.0,10.0,5.0,4.0,True,False,True
S09_flat_complex_C08,S09_flat_complex_C08:edge_0051:d1,11,S09_flat_complex_C08:node:node_0057,15.0,19.0,10.0,4.0,5.0,True,False,False
S09_flat_complex_C08,S09_flat_complex_C08:edge_0051:d1,12,S09_flat_complex_C08:node:node_0057,16.0,19.0,10.0,3.0,6.0,True,False,False
S09_flat_complex_C08,S09_flat_complex_C08:edge_0051:d1,13,S09_flat_complex_C08:node:node_0057,17.0,19.0,10.0,2.0,7.0,True,False,False
S09_flat_complex_C08,S09_flat_complex_C08:edge_0051:d1,14,S09_flat_complex_C08:node:node_0057,18.0,19.0,10.0,1.0,8.0,True,False,False
S09_flat_complex_C08,S09_flat_complex_C08:edge_0051:d1,15,S09_flat_complex_C08:node:node_0057,19.0,19.0,10.0,0.0,9.0,False,True,False
S09_flat_complex_C08,S09_flat_complex_C08:edge_0123:d0,10,S09_flat_complex_C08:node:node_0128,14.0,20.0,12.0,6.0,2.0,True,False,True
S09_flat_complex_C08,S09_flat_complex_C08:edge_0123:d0,11,S09_flat_complex_C08:node:node_0128,15.0,20.0,12.0,5.0,3.0,True,False,True
S09_flat_complex_C08,S09_flat_complex_C08:edge_0123:d0,12,S09_flat_complex_C08:node:node_0128,16.0,20.0,12.0,4.0,4.0,True,False,True
S09_flat_complex_C08,S09_flat_complex_C08:edge_0123:d0,13,S09_flat_complex_C08:node:node_0128,17.0,20.0,12.0,3.0,5.0,True,False,False
S09_flat_complex_C08,S09_flat_complex_C08:edge_0123:d0,14,S09_flat_complex_C08:node:node_0128,18.0,20.0,12.0,2.0,6.0,True,False,False
S09_flat_complex_C08,S09_flat_complex_C08:edge_0123:d0,15,S09_flat_complex_C08:node:node_0128,19.0,20.0,12.0,1.0,7.0,True,False,False
S09_flat_complex_C08,S09_flat_complex_C08:edge_0123:d0,16,S09_flat_complex_C08:node:node_0128,20.0,20.0,12.0,0.0,8.0,False,True,False
S09_flat_complex_C08,S09_flat_complex_C08:edge_0123:d1,8,S09_flat_complex_C08:node:node_0128,12.0,18.0,10.0,6.0,2.0,True,False,True
S09_flat_complex_C08,S09_flat_complex_C08:edge_0123:d1,9,S09_flat_complex_C08:node:node_0128,13.0,18.0,10.0,5.0,3.0,True,False,True
S09_flat_complex_C08,S09_flat_complex_C08:edge_0123:d1,10,S09_flat_complex_C08:node:node_0128,14.0,18.0,10.0,4.0,4.0,True,False,True
S09_flat_complex_C08,S09_flat_complex_C08:edge_0123:d1,11,S09_flat_complex_C08:node:node_0128,15.0,18.0,10.0,3.0,5.0,True,False,False
S09_flat_complex_C08,S09_flat_complex_C08:edge_0123:d1,12,S09_flat_complex_C08:node:node_0128,16.0,18.0,10.0,2.0,6.0,True,False,False
S09_flat_complex_C08,S09_flat_complex_C08:edge_0123:d1,13,S09_flat_complex_C08:node:node_0128,17.0,18.0,10.0,1.0,7.0,True,False,False
S09_flat_complex_C08,S09_flat_complex_C08:edge_0123:d1,14,S09_flat_complex_C08:node:node_0128,18.0,18.0,10.0,0.0,8.0,False,True,False
S10_3d_complex_C02,S10_3d_complex_C02:edge_0010:d0,6,S10_3d_complex_C02:node:node_0008,10.0,17.0,8.5,7.0,1.5,True,False,True
S10_3d_complex_C02,S10_3d_complex_C02:edge_0010:d0,7,S10_3d_complex_C02:node:node_0008,11.0,17.0,8.5,6.0,2.5,True,False,True
S10_3d_complex_C02,S10_3d_complex_C02:edge_0010:d0,8,S10_3d_complex_C02:node:node_0008,12.0,17.0,8.5,5.0,3.5,True,False,True
S10_3d_complex_C02,S10_3d_complex_C02:edge_0010:d0,9,S10_3d_complex_C02:node:node_0008,13.0,17.0,8.5,4.0,4.5,True,False,False
S10_3d_complex_C02,S10_3d_complex_C02:edge_0010:d0,10,S10_3d_complex_C02:node:node_0008,14.0,17.0,8.5,3.0,5.5,True,False,False
S10_3d_complex_C02,S10_3d_complex_C02:edge_0010:d0,11,S10_3d_complex_C02:node:node_0008,15.0,17.0,8.5,2.0,6.5,True,False,False
S10_3d_complex_C02,S10_3d_complex_C02:edge_0010:d0,12,S10_3d_complex_C02:node:node_0008,16.0,17.0,8.5,1.0,7.5,True,False,False
S10_3d_complex_C02,S10_3d_complex_C02:edge_0010:d0,13,S10_3d_complex_C02:node:node_0008,17.0,17.0,8.5,0.0,8.5,False,True,False
S10_3d_complex_C02,S10_3d_complex_C02:edge_0010:d1,10,S10_3d_complex_C02:node:node_0008,14.0,22.0,13.0,8.0,1.0,True,False,True
S10_3d_complex_C02,S10_3d_complex_C02:edge_0010:d1,11,S10_3d_complex_C02:node:node_0008,15.0,22.0,13.0,7.0,2.0,True,False,True
S10_3d_complex_C02,S10_3d_complex_C02:edge_0010:d1,12,S10_3d_complex_C02:node:node_0008,16.0,22.0,13.0,6.0,3.0,True,False,True
S10_3d_complex_C02,S10_3d_complex_C02:edge_0010:d1,13,S10_3d_complex_C02:node:node_0008,17.0,22.0,13.0,5.0,4.0,True,False,True
S10_3d_complex_C02,S10_3d_complex_C02:edge_0010:d1,14,S10_3d_complex_C02:node:node_0008,18.0,22.0,13.0,4.0,5.0,True,False,False
S10_3d_complex_C02,S10_3d_complex_C02:edge_0010:d1,15,S10_3d_complex_C02:node:node_0008,19.0,22.0,13.0,3.0,6.0,True,False,False
S10_3d_complex_C02,S10_3d_complex_C02:edge_0010:d1,16,S10_3d_complex_C02:node:node_0008,20.0,22.0,13.0,2.0,7.0,True,False,False
S10_3d_complex_C02,S10_3d_complex_C02:edge_0010:d1,17,S10_3d_complex_C02:node:node_0008,21.0,22.0,13.0,1.0,8.0,True,False,False
S10_3d_complex_C02,S10_3d_complex_C02:edge_0010:d1,18,S10_3d_complex_C02:node:node_0008,22.0,22.0,13.0,0.0,9.0,False,True,False
S10_3d_complex_C02,S10_3d_complex_C02:edge_0031:d0,9,S10_3d_complex_C02:edge_0031:geometry_change_point:000,13.0,24.0,13.5,11.0,-0.5,True,False,False
S10_3d_complex_C02,S10_3d_complex_C02:edge_0031:d0,10,S10_3d_complex_C02:edge_0031:geometry_change_point:000,14.0,24.0,13.5,10.0,0.5,True,False,True
S10_3d_complex_C02,S10_3d_complex_C02:edge_0031:d0,11,S10_3d_complex_C02:edge_0031:geometry_change_point:000,15.0,24.0,13.5,9.0,1.5,True,False,True
S10_3d_complex_C02,S10_3d_complex_C02:edge_0031:d0,12,S10_3d_complex_C02:edge_0031:geometry_change_point:000,16.0,24.0,13.5,8.0,2.5,True,False,True
S10_3d_complex_C02,S10_3d_complex_C02:edge_0031:d0,13,S10_3d_complex_C02:edge_0031:geometry_change_point:000,17.0,24.0,13.5,7.0,3.5,True,False,True
S10_3d_complex_C02,S10_3d_complex_C02:edge_0031:d0,14,S10_3d_complex_C02:edge_0031:geometry_change_point:000,18.0,24.0,13.5,6.0,4.5,True,False,False
S10_3d_complex_C02,S10_3d_complex_C02:edge_0031:d0,15,S10_3d_complex_C02:edge_0031:geometry_change_point:000,19.0,24.0,13.5,5.0,5.5,True,False,False
S10_3d_complex_C02,S10_3d_complex_C02:edge_0031:d0,16,S10_3d_complex_C02:edge_0031:geometry_change_point:000,20.0,24.0,13.5,4.0,6.5,True,False,False
S10_3d_complex_C02,S10_3d_complex_C02:edge_0031:d0,17,S10_3d_complex_C02:edge_0031:geometry_change_point:000,21.0,24.0,13.5,3.0,7.5,True,False,False
S10_3d_complex_C02,S10_3d_complex_C02:edge_0031:d0,18,S10_3d_complex_C02:edge_0031:geometry_change_point:000,22.0,24.0,13.5,2.0,8.5,True,False,False
S10_3d_complex_C02,S10_3d_complex_C02:edge_0031:d0,19,S10_3d_complex_C02:edge_0031:geometry_change_point:000,23.0,24.0,13.5,1.0,9.5,True,False,False
S10_3d_complex_C02,S10_3d_complex_C02:edge_0031:d0,20,S10_3d_complex_C02:edge_0031:geometry_change_point:000,24.0,24.0,13.5,0.0,10.5,False,True,False
S10_3d_complex_C02,S10_3d_complex_C02:edge_0031:d1,11,S10_3d_complex_C02:edge_0031:geometry_change_point:000,15.0,25.0,15.0,10.0,0.0,True,False,True
S10_3d_complex_C02,S10_3d_complex_C02:edge_0031:d1,12,S10_3d_complex_C02:edge_0031:geometry_change_point:000,16.0,25.0,15.0,9.0,1.0,True,False,True
S10_3d_complex_C02,S10_3d_complex_C02:edge_0031:d1,13,S10_3d_complex_C02:edge_0031:geometry_change_point:000,17.0,25.0,15.0,8.0,2.0,True,False,True
S10_3d_complex_C02,S10_3d_complex_C02:edge_0031:d1,14,S10_3d_complex_C02:edge_0031:geometry_change_point:000,18.0,25.0,15.0,7.0,3.0,True,False,True
S10_3d_complex_C02,S10_3d_complex_C02:edge_0031:d1,15,S10_3d_complex_C02:edge_0031:geometry_change_point:000,19.0,25.0,15.0,6.0,4.0,True,False,True
S10_3d_complex_C02,S10_3d_complex_C02:edge_0031:d1,16,S10_3d_complex_C02:edge_0031:geometry_change_point:000,20.0,25.0,15.0,5.0,5.0,True,False,False
S10_3d_complex_C02,S10_3d_complex_C02:edge_0031:d1,17,S10_3d_complex_C02:edge_0031:geometry_change_point:000,21.0,25.0,15.0,4.0,6.0,True,False,False
S10_3d_complex_C02,S10_3d_complex_C02:edge_0031:d1,18,S10_3d_complex_C02:edge_0031:geometry_change_point:000,22.0,25.0,15.0,3.0,7.0,True,False,False
S10_3d_complex_C02,S10_3d_complex_C02:edge_0031:d1,19,S10_3d_complex_C02:edge_0031:geometry_change_point:000,23.0,25.0,15.0,2.0,8.0,True,False,False
S10_3d_complex_C02,S10_3d_complex_C02:edge_0031:d1,20,S10_3d_complex_C02:edge_0031:geometry_change_point:000,24.0,25.0,15.0,1.0,9.0,True,False,False
S10_3d_complex_C02,S10_3d_complex_C02:edge_0031:d1,21,S10_3d_complex_C02:edge_0031:geometry_change_point:000,25.0,25.0,15.0,0.0,10.0,False,True,False
S10_3d_complex_C02,S10_3d_complex_C02:edge_0063:d0,10,S10_3d_complex_C02:edge_0063:geometry_change_point:000,14.0,22.0,13.0,8.0,1.0,True,False,True
S10_3d_complex_C02,S10_3d_complex_C02:edge_0063:d0,11,S10_3d_complex_C02:edge_0063:geometry_change_point:000,15.0,22.0,13.0,7.0,2.0,True,False,True
S10_3d_complex_C02,S10_3d_complex_C02:edge_0063:d0,12,S10_3d_complex_C02:edge_0063:geometry_change_point:000,16.0,22.0,13.0,6.0,3.0,True,False,True
S10_3d_complex_C02,S10_3d_complex_C02:edge_0063:d0,13,S10_3d_complex_C02:edge_0063:geometry_change_point:000,17.0,22.0,13.0,5.0,4.0,True,False,True
S10_3d_complex_C02,S10_3d_complex_C02:edge_0063:d0,14,S10_3d_complex_C02:edge_0063:geometry_change_point:000,18.0,22.0,13.0,4.0,5.0,True,False,False
S10_3d_complex_C02,S10_3d_complex_C02:edge_0063:d0,15,S10_3d_complex_C02:edge_0063:geometry_change_point:000,19.0,22.0,13.0,3.0,6.0,True,False,False
S10_3d_complex_C02,S10_3d_complex_C02:edge_0063:d0,16,S10_3d_complex_C02:edge_0063:geometry_change_point:000,20.0,22.0,13.0,2.0,7.0,True,False,False
S10_3d_complex_C02,S10_3d_complex_C02:edge_0063:d0,17,S10_3d_complex_C02:edge_0063:geometry_change_point:000,21.0,22.0,13.0,1.0,8.0,True,False,False
S10_3d_complex_C02,S10_3d_complex_C02:edge_0063:d0,18,S10_3d_complex_C02:edge_0063:geometry_change_point:000,22.0,22.0,13.0,0.0,9.0,False,True,False
S10_3d_complex_C02,S10_3d_complex_C02:edge_0063:d1,13,S10_3d_complex_C02:edge_0063:geometry_change_point:000,17.0,25.0,16.0,8.0,1.0,True,False,True
S10_3d_complex_C02,S10_3d_complex_C02:edge_0063:d1,14,S10_3d_complex_C02:edge_0063:geometry_change_point:000,18.0,25.0,16.0,7.0,2.0,True,False,True
S10_3d_complex_C02,S10_3d_complex_C02:edge_0063:d1,15,S10_3d_complex_C02:edge_0063:geometry_change_point:000,19.0,25.0,16.0,6.0,3.0,True,False,True
S10_3d_complex_C02,S10_3d_complex_C02:edge_0063:d1,16,S10_3d_complex_C02:edge_0063:geometry_change_point:000,20.0,25.0,16.0,5.0,4.0,True,False,True
S10_3d_complex_C02,S10_3d_complex_C02:edge_0063:d1,17,S10_3d_complex_C02:edge_0063:geometry_change_point:000,21.0,25.0,16.0,4.0,5.0,True,False,False
S10_3d_complex_C02,S10_3d_complex_C02:edge_0063:d1,18,S10_3d_complex_C02:edge_0063:geometry_change_point:000,22.0,25.0,16.0,3.0,6.0,True,False,False
S10_3d_complex_C02,S10_3d_complex_C02:edge_0063:d1,19,S10_3d_complex_C02:edge_0063:geometry_change_point:000,23.0,25.0,16.0,2.0,7.0,True,False,False
S10_3d_complex_C02,S10_3d_complex_C02:edge_0063:d1,20,S10_3d_complex_C02:edge_0063:geometry_change_point:000,24.0,25.0,16.0,1.0,8.0,True,False,False
S10_3d_complex_C02,S10_3d_complex_C02:edge_0063:d1,21,S10_3d_complex_C02:edge_0063:geometry_change_point:000,25.0,25.0,16.0,0.0,9.0,False,True,False
S10_3d_complex_C02,S10_3d_complex_C02:edge_0085:d0,10,S10_3d_complex_C02:edge_0085:geometry_change_point:000,14.0,19.0,11.5,5.0,2.5,True,False,True
S10_3d_complex_C02,S10_3d_complex_C02:edge_0085:d0,11,S10_3d_complex_C02:edge_0085:geometry_change_point:000,15.0,19.0,11.5,4.0,3.5,True,False,True
S10_3d_complex_C02,S10_3d_complex_C02:edge_0085:d0,12,S10_3d_complex_C02:edge_0085:geometry_change_point:000,16.0,19.0,11.5,3.0,4.5,True,False,False
S10_3d_complex_C02,S10_3d_complex_C02:edge_0085:d0,13,S10_3d_complex_C02:edge_0085:geometry_change_point:000,17.0,19.0,11.5,2.0,5.5,True,False,False
S10_3d_complex_C02,S10_3d_complex_C02:edge_0085:d0,14,S10_3d_complex_C02:edge_0085:geometry_change_point:000,18.0,19.0,11.5,1.0,6.5,True,False,False
S10_3d_complex_C02,S10_3d_complex_C02:edge_0085:d0,15,S10_3d_complex_C02:edge_0085:geometry_change_point:000,19.0,19.0,11.5,0.0,7.5,False,True,False
S10_3d_complex_C02,S10_3d_complex_C02:edge_0085:d1,13,S10_3d_complex_C02:edge_0085:geometry_change_point:000,17.0,23.0,15.0,6.0,2.0,True,False,True
S10_3d_complex_C02,S10_3d_complex_C02:edge_0085:d1,14,S10_3d_complex_C02:edge_0085:geometry_change_point:000,18.0,23.0,15.0,5.0,3.0,True,False,True
S10_3d_complex_C02,S10_3d_complex_C02:edge_0085:d1,15,S10_3d_complex_C02:edge_0085:geometry_change_point:000,19.0,23.0,15.0,4.0,4.0,True,False,True
S10_3d_complex_C02,S10_3d_complex_C02:edge_0085:d1,16,S10_3d_complex_C02:edge_0085:geometry_change_point:000,20.0,23.0,15.0,3.0,5.0,True,False,False
S10_3d_complex_C02,S10_3d_complex_C02:edge_0085:d1,17,S10_3d_complex_C02:edge_0085:geometry_change_point:000,21.0,23.0,15.0,2.0,6.0,True,False,False
S10_3d_complex_C02,S10_3d_complex_C02:edge_0085:d1,18,S10_3d_complex_C02:edge_0085:geometry_change_point:000,22.0,23.0,15.0,1.0,7.0,True,False,False
S10_3d_complex_C02,S10_3d_complex_C02:edge_0085:d1,19,S10_3d_complex_C02:edge_0085:geometry_change_point:000,23.0,23.0,15.0,0.0,8.0,False,True,False
S10_3d_complex_C04,S10_3d_complex_C04:edge_0075:d0,15,S10_3d_complex_C04:edge_0075:geometry_change_point:000,19.0,26.0,17.5,7.0,1.5,True,False,True
S10_3d_complex_C04,S10_3d_complex_C04:edge_0075:d0,16,S10_3d_complex_C04:edge_0075:geometry_change_point:000,20.0,26.0,17.5,6.0,2.5,True,False,True
S10_3d_complex_C04,S10_3d_complex_C04:edge_0075:d0,17,S10_3d_complex_C04:edge_0075:geometry_change_point:000,21.0,26.0,17.5,5.0,3.5,True,False,True
S10_3d_complex_C04,S10_3d_complex_C04:edge_0075:d0,18,S10_3d_complex_C04:edge_0075:geometry_change_point:000,22.0,26.0,17.5,4.0,4.5,True,False,False
S10_3d_complex_C04,S10_3d_complex_C04:edge_0075:d0,19,S10_3d_complex_C04:edge_0075:geometry_change_point:000,23.0,26.0,17.5,3.0,5.5,True,False,False
S10_3d_complex_C04,S10_3d_complex_C04:edge_0075:d0,20,S10_3d_complex_C04:edge_0075:geometry_change_point:000,24.0,26.0,17.5,2.0,6.5,True,False,False
S10_3d_complex_C04,S10_3d_complex_C04:edge_0075:d0,21,S10_3d_complex_C04:edge_0075:geometry_change_point:000,25.0,26.0,17.5,1.0,7.5,True,False,False
S10_3d_complex_C04,S10_3d_complex_C04:edge_0075:d0,22,S10_3d_complex_C04:edge_0075:geometry_change_point:000,26.0,26.0,17.5,0.0,8.5,False,True,False
S10_3d_complex_C04,S10_3d_complex_C04:edge_0075:d1,10,S10_3d_complex_C04:edge_0075:geometry_change_point:000,14.0,20.0,12.0,6.0,2.0,True,False,True
S10_3d_complex_C04,S10_3d_complex_C04:edge_0075:d1,11,S10_3d_complex_C04:edge_0075:geometry_change_point:000,15.0,20.0,12.0,5.0,3.0,True,False,True
S10_3d_complex_C04,S10_3d_complex_C04:edge_0075:d1,12,S10_3d_complex_C04:edge_0075:geometry_change_point:000,16.0,20.0,12.0,4.0,4.0,True,False,True
S10_3d_complex_C04,S10_3d_complex_C04:edge_0075:d1,13,S10_3d_complex_C04:edge_0075:geometry_change_point:000,17.0,20.0,12.0,3.0,5.0,True,False,False
S10_3d_complex_C04,S10_3d_complex_C04:edge_0075:d1,14,S10_3d_complex_C04:edge_0075:geometry_change_point:000,18.0,20.0,12.0,2.0,6.0,True,False,False
S10_3d_complex_C04,S10_3d_complex_C04:edge_0075:d1,15,S10_3d_complex_C04:edge_0075:geometry_change_point:000,19.0,20.0,12.0,1.0,7.0,True,False,False
S10_3d_complex_C04,S10_3d_complex_C04:edge_0075:d1,16,S10_3d_complex_C04:edge_0075:geometry_change_point:000,20.0,20.0,12.0,0.0,8.0,False,True,False
S10_3d_complex_C04,S10_3d_complex_C04:edge_0093:d0,6,S10_3d_complex_C04:node:node_0090,10.0,16.0,8.0,6.0,2.0,True,False,True
S10_3d_complex_C04,S10_3d_complex_C04:edge_0093:d0,7,S10_3d_complex_C04:node:node_0090,11.0,16.0,8.0,5.0,3.0,True,False,True
S10_3d_complex_C04,S10_3d_complex_C04:edge_0093:d0,8,S10_3d_complex_C04:node:node_0090,12.0,16.0,8.0,4.0,4.0,True,False,True
S10_3d_complex_C04,S10_3d_complex_C04:edge_0093:d0,9,S10_3d_complex_C04:node:node_0090,13.0,16.0,8.0,3.0,5.0,True,False,False
S10_3d_complex_C04,S10_3d_complex_C04:edge_0093:d0,10,S10_3d_complex_C04:node:node_0090,14.0,16.0,8.0,2.0,6.0,True,False,False
S10_3d_complex_C04,S10_3d_complex_C04:edge_0093:d0,11,S10_3d_complex_C04:node:node_0090,15.0,16.0,8.0,1.0,7.0,True,False,False
S10_3d_complex_C04,S10_3d_complex_C04:edge_0093:d0,12,S10_3d_complex_C04:node:node_0090,16.0,16.0,8.0,0.0,8.0,False,True,False
S10_3d_complex_C04,S10_3d_complex_C04:edge_0093:d1,8,S10_3d_complex_C04:node:node_0090,12.0,18.0,10.0,6.0,2.0,True,False,True
S10_3d_complex_C04,S10_3d_complex_C04:edge_0093:d1,9,S10_3d_complex_C04:node:node_0090,13.0,18.0,10.0,5.0,3.0,True,False,True
S10_3d_complex_C04,S10_3d_complex_C04:edge_0093:d1,10,S10_3d_complex_C04:node:node_0090,14.0,18.0,10.0,4.0,4.0,True,False,True
S10_3d_complex_C04,S10_3d_complex_C04:edge_0093:d1,11,S10_3d_complex_C04:node:node_0090,15.0,18.0,10.0,3.0,5.0,True,False,False
S10_3d_complex_C04,S10_3d_complex_C04:edge_0093:d1,12,S10_3d_complex_C04:node:node_0090,16.0,18.0,10.0,2.0,6.0,True,False,False
S10_3d_complex_C04,S10_3d_complex_C04:edge_0093:d1,13,S10_3d_complex_C04:node:node_0090,17.0,18.0,10.0,1.0,7.0,True,False,False
S10_3d_complex_C04,S10_3d_complex_C04:edge_0093:d1,14,S10_3d_complex_C04:node:node_0090,18.0,18.0,10.0,0.0,8.0,False,True,False
S10_3d_complex_C04,S10_3d_complex_C04:edge_0136:d0,7,S10_3d_complex_C04:node:node_0129,11.0,17.0,9.0,6.0,2.0,True,False,True
S10_3d_complex_C04,S10_3d_complex_C04:edge_0136:d0,8,S10_3d_complex_C04:node:node_0129,12.0,17.0,9.0,5.0,3.0,True,False,True
S10_3d_complex_C04,S10_3d_complex_C04:edge_0136:d0,9,S10_3d_complex_C04:node:node_0129,13.0,17.0,9.0,4.0,4.0,True,False,True
S10_3d_complex_C04,S10_3d_complex_C04:edge_0136:d0,10,S10_3d_complex_C04:node:node_0129,14.0,17.0,9.0,3.0,5.0,True,False,False
S10_3d_complex_C04,S10_3d_complex_C04:edge_0136:d0,11,S10_3d_complex_C04:node:node_0129,15.0,17.0,9.0,2.0,6.0,True,False,False
S10_3d_complex_C04,S10_3d_complex_C04:edge_0136:d0,12,S10_3d_complex_C04:node:node_0129,16.0,17.0,9.0,1.0,7.0,True,False,False
S10_3d_complex_C04,S10_3d_complex_C04:edge_0136:d0,13,S10_3d_complex_C04:node:node_0129,17.0,17.0,9.0,0.0,8.0,False,True,False
S10_3d_complex_C04,S10_3d_complex_C04:edge_0136:d1,8,S10_3d_complex_C04:node:node_0129,12.0,18.0,10.0,6.0,2.0,True,False,True
S10_3d_complex_C04,S10_3d_complex_C04:edge_0136:d1,9,S10_3d_complex_C04:node:node_0129,13.0,18.0,10.0,5.0,3.0,True,False,True
S10_3d_complex_C04,S10_3d_complex_C04:edge_0136:d1,10,S10_3d_complex_C04:node:node_0129,14.0,18.0,10.0,4.0,4.0,True,False,True
S10_3d_complex_C04,S10_3d_complex_C04:edge_0136:d1,11,S10_3d_complex_C04:node:node_0129,15.0,18.0,10.0,3.0,5.0,True,False,False
S10_3d_complex_C04,S10_3d_complex_C04:edge_0136:d1,12,S10_3d_complex_C04:node:node_0129,16.0,18.0,10.0,2.0,6.0,True,False,False
S10_3d_complex_C04,S10_3d_complex_C04:edge_0136:d1,13,S10_3d_complex_C04:node:node_0129,17.0,18.0,10.0,1.0,7.0,True,False,False
S10_3d_complex_C04,S10_3d_complex_C04:edge_0136:d1,14,S10_3d_complex_C04:node:node_0129,18.0,18.0,10.0,0.0,8.0,False,True,False
S10_3d_complex_C07,S10_3d_complex_C07:edge_0126:d0,12,S10_3d_complex_C07:edge_0126:geometry_change_point:000,16.0,23.0,14.5,7.0,1.5,True,False,True
S10_3d_complex_C07,S10_3d_complex_C07:edge_0126:d0,13,S10_3d_complex_C07:edge_0126:geometry_change_point:000,17.0,23.0,14.5,6.0,2.5,True,False,True
S10_3d_complex_C07,S10_3d_complex_C07:edge_0126:d0,14,S10_3d_complex_C07:edge_0126:geometry_change_point:000,18.0,23.0,14.5,5.0,3.5,True,False,True
S10_3d_complex_C07,S10_3d_complex_C07:edge_0126:d0,15,S10_3d_complex_C07:edge_0126:geometry_change_point:000,19.0,23.0,14.5,4.0,4.5,True,False,False
S10_3d_complex_C07,S10_3d_complex_C07:edge_0126:d0,16,S10_3d_complex_C07:edge_0126:geometry_change_point:000,20.0,23.0,14.5,3.0,5.5,True,False,False
S10_3d_complex_C07,S10_3d_complex_C07:edge_0126:d0,17,S10_3d_complex_C07:edge_0126:geometry_change_point:000,21.0,23.0,14.5,2.0,6.5,True,False,False
S10_3d_complex_C07,S10_3d_complex_C07:edge_0126:d0,18,S10_3d_complex_C07:edge_0126:geometry_change_point:000,22.0,23.0,14.5,1.0,7.5,True,False,False
S10_3d_complex_C07,S10_3d_complex_C07:edge_0126:d0,19,S10_3d_complex_C07:edge_0126:geometry_change_point:000,23.0,23.0,14.5,0.0,8.5,False,True,False
S10_3d_complex_C07,S10_3d_complex_C07:edge_0126:d1,9,S10_3d_complex_C07:edge_0126:geometry_change_point:000,13.0,20.0,11.5,7.0,1.5,True,False,True
S10_3d_complex_C07,S10_3d_complex_C07:edge_0126:d1,10,S10_3d_complex_C07:edge_0126:geometry_change_point:000,14.0,20.0,11.5,6.0,2.5,True,False,True
S10_3d_complex_C07,S10_3d_complex_C07:edge_0126:d1,11,S10_3d_complex_C07:edge_0126:geometry_change_point:000,15.0,20.0,11.5,5.0,3.5,True,False,True
S10_3d_complex_C07,S10_3d_complex_C07:edge_0126:d1,12,S10_3d_complex_C07:edge_0126:geometry_change_point:000,16.0,20.0,11.5,4.0,4.5,True,False,False
S10_3d_complex_C08,S10_3d_complex_C08:edge_0020:d0,7,S10_3d_complex_C08:node:node_0018,11.0,16.0,8.5,5.0,2.5,True,False,True
S10_3d_complex_C08,S10_3d_complex_C08:edge_0020:d0,8,S10_3d_complex_C08:node:node_0018,12.0,16.0,8.5,4.0,3.5,True,False,True
S10_3d_complex_C08,S10_3d_complex_C08:edge_0020:d0,9,S10_3d_complex_C08:node:node_0018,13.0,16.0,8.5,3.0,4.5,True,False,False
S10_3d_complex_C08,S10_3d_complex_C08:edge_0020:d0,10,S10_3d_complex_C08:node:node_0018,14.0,16.0,8.5,2.0,5.5,True,False,False
S10_3d_complex_C08,S10_3d_complex_C08:edge_0020:d0,11,S10_3d_complex_C08:node:node_0018,15.0,16.0,8.5,1.0,6.5,True,False,False
S10_3d_complex_C08,S10_3d_complex_C08:edge_0020:d0,12,S10_3d_complex_C08:node:node_0018,16.0,16.0,8.5,0.0,7.5,False,True,False
S10_3d_complex_C08,S10_3d_complex_C08:edge_0020:d1,9,S10_3d_complex_C08:node:node_0018,13.0,18.0,10.5,5.0,2.5,True,False,True
S10_3d_complex_C08,S10_3d_complex_C08:edge_0020:d1,10,S10_3d_complex_C08:node:node_0018,14.0,18.0,10.5,4.0,3.5,True,False,True
S10_3d_complex_C08,S10_3d_complex_C08:edge_0020:d1,11,S10_3d_complex_C08:node:node_0018,15.0,18.0,10.5,3.0,4.5,True,False,False
S10_3d_complex_C08,S10_3d_complex_C08:edge_0020:d1,12,S10_3d_complex_C08:node:node_0018,16.0,18.0,10.5,2.0,5.5,True,False,False
S10_3d_complex_C08,S10_3d_complex_C08:edge_0020:d1,13,S10_3d_complex_C08:node:node_0018,17.0,18.0,10.5,1.0,6.5,True,False,False
S10_3d_complex_C08,S10_3d_complex_C08:edge_0020:d1,14,S10_3d_complex_C08:node:node_0018,18.0,18.0,10.5,0.0,7.5,False,True,False
S10_3d_complex_C08,S10_3d_complex_C08:edge_0038:d0,9,S10_3d_complex_C08:node:node_0041,13.0,18.0,10.5,5.0,2.5,True,False,True
S10_3d_complex_C08,S10_3d_complex_C08:edge_0038:d0,10,S10_3d_complex_C08:node:node_0041,14.0,18.0,10.5,4.0,3.5,True,False,True
S10_3d_complex_C08,S10_3d_complex_C08:edge_0038:d0,11,S10_3d_complex_C08:node:node_0041,15.0,18.0,10.5,3.0,4.5,True,False,False
S10_3d_complex_C08,S10_3d_complex_C08:edge_0038:d0,12,S10_3d_complex_C08:node:node_0041,16.0,18.0,10.5,2.0,5.5,True,False,False
S10_3d_complex_C08,S10_3d_complex_C08:edge_0038:d0,13,S10_3d_complex_C08:node:node_0041,17.0,18.0,10.5,1.0,6.5,True,False,False
S10_3d_complex_C08,S10_3d_complex_C08:edge_0038:d0,14,S10_3d_complex_C08:node:node_0041,18.0,18.0,10.5,0.0,7.5,False,True,False
S10_3d_complex_C08,S10_3d_complex_C08:edge_0038:d1,7,S10_3d_complex_C08:node:node_0041,11.0,16.0,8.5,5.0,2.5,True,False,True
S10_3d_complex_C08,S10_3d_complex_C08:edge_0038:d1,8,S10_3d_complex_C08:node:node_0041,12.0,16.0,8.5,4.0,3.5,True,False,True
S10_3d_complex_C08,S10_3d_complex_C08:edge_0038:d1,9,S10_3d_complex_C08:node:node_0041,13.0,16.0,8.5,3.0,4.5,True,False,False
S10_3d_complex_C08,S10_3d_complex_C08:edge_0038:d1,10,S10_3d_complex_C08:node:node_0041,14.0,16.0,8.5,2.0,5.5,True,False,False
S10_3d_complex_C08,S10_3d_complex_C08:edge_0038:d1,11,S10_3d_complex_C08:node:node_0041,15.0,16.0,8.5,1.0,6.5,True,False,False
S10_3d_complex_C08,S10_3d_complex_C08:edge_0038:d1,12,S10_3d_complex_C08:node:node_0041,16.0,16.0,8.5,0.0,7.5,False,True,False
S10_3d_complex_C08,S10_3d_complex_C08:edge_0076:d0,8,S10_3d_complex_C08:node:node_0071,12.0,16.0,9.0,4.0,3.0,True,False,True
S10_3d_complex_C08,S10_3d_complex_C08:edge_0076:d0,9,S10_3d_complex_C08:node:node_0071,13.0,16.0,9.0,3.0,4.0,True,False,True
S10_3d_complex_C08,S10_3d_complex_C08:edge_0076:d0,10,S10_3d_complex_C08:node:node_0071,14.0,16.0,9.0,2.0,5.0,True,False,False
S10_3d_complex_C08,S10_3d_complex_C08:edge_0076:d0,11,S10_3d_complex_C08:node:node_0071,15.0,16.0,9.0,1.0,6.0,True,False,False
S10_3d_complex_C08,S10_3d_complex_C08:edge_0076:d0,12,S10_3d_complex_C08:node:node_0071,16.0,16.0,9.0,0.0,7.0,False,True,False
S10_3d_complex_C08,S10_3d_complex_C08:edge_0076:d1,15,S10_3d_complex_C08:node:node_0071,19.0,23.0,16.0,4.0,3.0,True,False,True
S10_3d_complex_C08,S10_3d_complex_C08:edge_0076:d1,16,S10_3d_complex_C08:node:node_0071,20.0,23.0,16.0,3.0,4.0,True,False,True
S10_3d_complex_C08,S10_3d_complex_C08:edge_0076:d1,17,S10_3d_complex_C08:node:node_0071,21.0,23.0,16.0,2.0,5.0,True,False,False
S10_3d_complex_C08,S10_3d_complex_C08:edge_0076:d1,18,S10_3d_complex_C08:node:node_0071,22.0,23.0,16.0,1.0,6.0,True,False,False
S10_3d_complex_C08,S10_3d_complex_C08:edge_0076:d1,19,S10_3d_complex_C08:node:node_0071,23.0,23.0,16.0,0.0,7.0,False,True,False
S10_3d_complex_C08,S10_3d_complex_C08:edge_0083:d0,6,S10_3d_complex_C08:node:node_0077,10.0,18.0,9.0,8.0,1.0,True,False,True
S10_3d_complex_C08,S10_3d_complex_C08:edge_0083:d0,7,S10_3d_complex_C08:node:node_0077,11.0,18.0,9.0,7.0,2.0,True,False,True
S10_3d_complex_C08,S10_3d_complex_C08:edge_0083:d0,8,S10_3d_complex_C08:node:node_0077,12.0,18.0,9.0,6.0,3.0,True,False,True
S10_3d_complex_C08,S10_3d_complex_C08:edge_0083:d0,9,S10_3d_complex_C08:node:node_0077,13.0,18.0,9.0,5.0,4.0,True,False,True
S10_3d_complex_C08,S10_3d_complex_C08:edge_0083:d0,10,S10_3d_complex_C08:node:node_0077,14.0,18.0,9.0,4.0,5.0,True,False,False
S10_3d_complex_C08,S10_3d_complex_C08:edge_0083:d0,11,S10_3d_complex_C08:node:node_0077,15.0,18.0,9.0,3.0,6.0,True,False,False
S10_3d_complex_C08,S10_3d_complex_C08:edge_0083:d0,12,S10_3d_complex_C08:node:node_0077,16.0,18.0,9.0,2.0,7.0,True,False,False
S10_3d_complex_C08,S10_3d_complex_C08:edge_0083:d0,13,S10_3d_complex_C08:node:node_0077,17.0,18.0,9.0,1.0,8.0,True,False,False
S10_3d_complex_C08,S10_3d_complex_C08:edge_0083:d0,14,S10_3d_complex_C08:node:node_0077,18.0,18.0,9.0,0.0,9.0,False,True,False
S10_3d_complex_C08,S10_3d_complex_C08:edge_0083:d1,9,S10_3d_complex_C08:node:node_0077,13.0,20.0,11.5,7.0,1.5,True,False,True
S10_3d_complex_C08,S10_3d_complex_C08:edge_0083:d1,10,S10_3d_complex_C08:node:node_0077,14.0,20.0,11.5,6.0,2.5,True,False,True
S10_3d_complex_C08,S10_3d_complex_C08:edge_0083:d1,11,S10_3d_complex_C08:node:node_0077,15.0,20.0,11.5,5.0,3.5,True,False,True
S10_3d_complex_C08,S10_3d_complex_C08:edge_0083:d1,12,S10_3d_complex_C08:node:node_0077,16.0,20.0,11.5,4.0,4.5,True,False,False
S10_3d_complex_C08,S10_3d_complex_C08:edge_0083:d1,13,S10_3d_complex_C08:node:node_0077,17.0,20.0,11.5,3.0,5.5,True,False,False
S10_3d_complex_C08,S10_3d_complex_C08:edge_0083:d1,14,S10_3d_complex_C08:node:node_0077,18.0,20.0,11.5,2.0,6.5,True,False,False
S10_3d_complex_C08,S10_3d_complex_C08:edge_0083:d1,15,S10_3d_complex_C08:node:node_0077,19.0,20.0,11.5,1.0,7.5,True,False,False
S10_3d_complex_C08,S10_3d_complex_C08:edge_0083:d1,16,S10_3d_complex_C08:node:node_0077,20.0,20.0,11.5,0.0,8.5,False,True,False
S10_3d_complex_C08,S10_3d_complex_C08:edge_0095:d0,6,S10_3d_complex_C08:node:node_0088,10.0,17.0,8.5,7.0,1.5,True,False,True
S10_3d_complex_C08,S10_3d_complex_C08:edge_0095:d0,7,S10_3d_complex_C08:node:node_0088,11.0,17.0,8.5,6.0,2.5,True,False,True
S10_3d_complex_C08,S10_3d_complex_C08:edge_0095:d0,8,S10_3d_complex_C08:node:node_0088,12.0,17.0,8.5,5.0,3.5,True,False,True
S10_3d_complex_C08,S10_3d_complex_C08:edge_0095:d0,9,S10_3d_complex_C08:node:node_0088,13.0,17.0,8.5,4.0,4.5,True,False,False
S10_3d_complex_C08,S10_3d_complex_C08:edge_0095:d0,10,S10_3d_complex_C08:node:node_0088,14.0,17.0,8.5,3.0,5.5,True,False,False
S10_3d_complex_C08,S10_3d_complex_C08:edge_0095:d0,11,S10_3d_complex_C08:node:node_0088,15.0,17.0,8.5,2.0,6.5,True,False,False
S10_3d_complex_C08,S10_3d_complex_C08:edge_0095:d0,12,S10_3d_complex_C08:node:node_0088,16.0,17.0,8.5,1.0,7.5,True,False,False
S10_3d_complex_C08,S10_3d_complex_C08:edge_0095:d0,13,S10_3d_complex_C08:node:node_0088,17.0,17.0,8.5,0.0,8.5,False,True,False
S10_3d_complex_C08,S10_3d_complex_C08:edge_0095:d1,14,S10_3d_complex_C08:node:node_0088,18.0,25.0,16.5,7.0,1.5,True,False,True
S10_3d_complex_C08,S10_3d_complex_C08:edge_0095:d1,15,S10_3d_complex_C08:node:node_0088,19.0,25.0,16.5,6.0,2.5,True,False,True
S10_3d_complex_C08,S10_3d_complex_C08:edge_0095:d1,16,S10_3d_complex_C08:node:node_0088,20.0,25.0,16.5,5.0,3.5,True,False,True
S10_3d_complex_C08,S10_3d_complex_C08:edge_0095:d1,17,S10_3d_complex_C08:node:node_0088,21.0,25.0,16.5,4.0,4.5,True,False,False
S10_3d_complex_C08,S10_3d_complex_C08:edge_0095:d1,18,S10_3d_complex_C08:node:node_0088,22.0,25.0,16.5,3.0,5.5,True,False,False
S10_3d_complex_C08,S10_3d_complex_C08:edge_0095:d1,19,S10_3d_complex_C08:node:node_0088,23.0,25.0,16.5,2.0,6.5,True,False,False
S10_3d_complex_C08,S10_3d_complex_C08:edge_0095:d1,20,S10_3d_complex_C08:node:node_0088,24.0,25.0,16.5,1.0,7.5,True,False,False
S10_3d_complex_C08,S10_3d_complex_C08:edge_0095:d1,21,S10_3d_complex_C08:node:node_0088,25.0,25.0,16.5,0.0,8.5,False,True,False
S10_3d_complex_C08,S10_3d_complex_C08:edge_0133:d0,7,S10_3d_complex_C08:node:node_0126,11.0,18.0,9.5,7.0,1.5,True,False,True
S10_3d_complex_C08,S10_3d_complex_C08:edge_0133:d0,8,S10_3d_complex_C08:node:node_0126,12.0,18.0,9.5,6.0,2.5,True,False,True
S10_3d_complex_C08,S10_3d_complex_C08:edge_0133:d0,9,S10_3d_complex_C08:node:node_0126,13.0,18.0,9.5,5.0,3.5,True,False,True
S10_3d_complex_C08,S10_3d_complex_C08:edge_0133:d0,10,S10_3d_complex_C08:node:node_0126,14.0,18.0,9.5,4.0,4.5,True,False,False
S10_3d_complex_C08,S10_3d_complex_C08:edge_0133:d0,11,S10_3d_complex_C08:node:node_0126,15.0,18.0,9.5,3.0,5.5,True,False,False
S10_3d_complex_C08,S10_3d_complex_C08:edge_0133:d0,12,S10_3d_complex_C08:node:node_0126,16.0,18.0,9.5,2.0,6.5,True,False,False
S10_3d_complex_C08,S10_3d_complex_C08:edge_0133:d0,13,S10_3d_complex_C08:node:node_0126,17.0,18.0,9.5,1.0,7.5,True,False,False
S10_3d_complex_C08,S10_3d_complex_C08:edge_0133:d0,14,S10_3d_complex_C08:node:node_0126,18.0,18.0,9.5,0.0,8.5,False,True,False
S10_3d_complex_C08,S10_3d_complex_C08:edge_0133:d1,10,S10_3d_complex_C08:node:node_0126,14.0,21.0,12.5,7.0,1.5,True,False,True
S10_3d_complex_C08,S10_3d_complex_C08:edge_0133:d1,11,S10_3d_complex_C08:node:node_0126,15.0,21.0,12.5,6.0,2.5,True,False,True
S10_3d_complex_C08,S10_3d_complex_C08:edge_0133:d1,12,S10_3d_complex_C08:node:node_0126,16.0,21.0,12.5,5.0,3.5,True,False,True
S10_3d_complex_C08,S10_3d_complex_C08:edge_0133:d1,13,S10_3d_complex_C08:node:node_0126,17.0,21.0,12.5,4.0,4.5,True,False,False
S10_3d_complex_C08,S10_3d_complex_C08:edge_0133:d1,14,S10_3d_complex_C08:node:node_0126,18.0,21.0,12.5,3.0,5.5,True,False,False
S10_3d_complex_C08,S10_3d_complex_C08:edge_0133:d1,15,S10_3d_complex_C08:node:node_0126,19.0,21.0,12.5,2.0,6.5,True,False,False
S10_3d_complex_C08,S10_3d_complex_C08:edge_0133:d1,16,S10_3d_complex_C08:node:node_0126,20.0,21.0,12.5,1.0,7.5,True,False,False
S10_3d_complex_C08,S10_3d_complex_C08:edge_0133:d1,17,S10_3d_complex_C08:node:node_0126,21.0,21.0,12.5,0.0,8.5,False,True,False
S10_3d_complex_C08,S10_3d_complex_C08:edge_0139:d0,11,S10_3d_complex_C08:edge_0139:geometry_change_point:000,15.0,23.0,14.0,8.0,1.0,True,False,True
S10_3d_complex_C08,S10_3d_complex_C08:edge_0139:d0,12,S10_3d_complex_C08:edge_0139:geometry_change_point:000,16.0,23.0,14.0,7.0,2.0,True,False,True
S10_3d_complex_C08,S10_3d_complex_C08:edge_0139:d0,13,S10_3d_complex_C08:edge_0139:geometry_change_point:000,17.0,23.0,14.0,6.0,3.0,True,False,True
S10_3d_complex_C08,S10_3d_complex_C08:edge_0139:d0,14,S10_3d_complex_C08:edge_0139:geometry_change_point:000,18.0,23.0,14.0,5.0,4.0,True,False,True
S10_3d_complex_C08,S10_3d_complex_C08:edge_0139:d0,15,S10_3d_complex_C08:edge_0139:geometry_change_point:000,19.0,23.0,14.0,4.0,5.0,True,False,False
S10_3d_complex_C08,S10_3d_complex_C08:edge_0139:d0,16,S10_3d_complex_C08:edge_0139:geometry_change_point:000,20.0,23.0,14.0,3.0,6.0,True,False,False
S10_3d_complex_C08,S10_3d_complex_C08:edge_0139:d0,17,S10_3d_complex_C08:edge_0139:geometry_change_point:000,21.0,23.0,14.0,2.0,7.0,True,False,False
S10_3d_complex_C08,S10_3d_complex_C08:edge_0139:d0,18,S10_3d_complex_C08:edge_0139:geometry_change_point:000,22.0,23.0,14.0,1.0,8.0,True,False,False
S10_3d_complex_C08,S10_3d_complex_C08:edge_0139:d0,19,S10_3d_complex_C08:edge_0139:geometry_change_point:000,23.0,23.0,14.0,0.0,9.0,False,True,False
S10_3d_complex_C08,S10_3d_complex_C08:edge_0139:d1,8,S10_3d_complex_C08:edge_0139:geometry_change_point:000,12.0,21.0,11.5,9.0,0.5,True,False,True
S10_3d_complex_C08,S10_3d_complex_C08:edge_0139:d1,9,S10_3d_complex_C08:edge_0139:geometry_change_point:000,13.0,21.0,11.5,8.0,1.5,True,False,True
S10_3d_complex_C08,S10_3d_complex_C08:edge_0139:d1,10,S10_3d_complex_C08:edge_0139:geometry_change_point:000,14.0,21.0,11.5,7.0,2.5,True,False,True
S10_3d_complex_C08,S10_3d_complex_C08:edge_0139:d1,11,S10_3d_complex_C08:edge_0139:geometry_change_point:000,15.0,21.0,11.5,6.0,3.5,True,False,True
